Job 74866 on gpu01; lambda_cf=1.0; group_k=10; seed=2; started Sat Aug  8 03:55:07 AM UTC 2026
Sat Aug  8 03:55:07 2026       
+-----------------------------------------------------------------------------+
| NVIDIA-SMI 525.147.05   Driver Version: 525.147.05   CUDA Version: 12.0     |
|-------------------------------+----------------------+----------------------+
| GPU  Name        Persistence-M| Bus-Id        Disp.A | Volatile Uncorr. ECC |
| Fan  Temp  Perf  Pwr:Usage/Cap|         Memory-Usage | GPU-Util  Compute M. |
|                               |                      |               MIG M. |
|===============================+======================+======================|
|   0  NVIDIA A100-SXM...  On   | 00000000:BD:00.0 Off |                    0 |
| N/A   32C    P0    54W / 400W |      0MiB / 40960MiB |      0%      Default |
|                               |                      |             Disabled |
+-------------------------------+----------------------+----------------------+
                                                                               
+-----------------------------------------------------------------------------+
| Processes:                                                                  |
|  GPU   GI   CI        PID   Type   Process name                  GPU Memory |
|        ID   ID                                                   Usage      |
|=============================================================================|
|  No running processes found                                                 |
+-----------------------------------------------------------------------------+
[ INFO : 2026-08-08 03:55:35,175 ] - Preprocess missing values with zero
[ INFO : 2026-08-08 03:55:37,140 ] - Pretrained diffusion model is loaded from: ./checkpoint/baby/best_model.pth
[ INFO : 2026-08-08 03:55:38,245 ] - Completed data loaded from: ./checkpoint/baby/completed_data.pkl
/media/lhbac29/raid-cf/main.py:106: DeprecationWarning: Please import `csr_matrix` from the `scipy.sparse` namespace; the `scipy.sparse.csr` namespace is deprecated and will be removed in SciPy 2.0.0.
  self.ui_graph = self.ui_graph_raw = pickle.load(open('./data/' + self.dataset + '/train_mat', 'rb'))
[ INFO : 2026-08-08 03:55:38,425 ] - Missing rate = 0.400000, complete strategy: zero
[ INFO : 2026-08-08 03:58:21,489 ] - Epoch 1: train==[363.37731 = 2.01063 + 1.11702 + 66.44673 + 0.00056 + 0.00000 + 183.55410 + 1224.98084]
[ INFO : 2026-08-08 03:58:31,395 ] - Test_@[5, 10, 20, 50]: Recall=[0.01695, 0.02871, 0.04666, 0.09025],  precision=[0.00356, 0.00301, 0.00247, 0.00191], hit=[0.01774, 0.03003, 0.04916, 0.09463], ndcg=[0.01074, 0.01460, 0.01917, 0.02785], Train Rec Loss=[0.03290], Eval Rec Loss=[0.03264], c=[0.50000], F=[0.99236, 0.87119, 0.98224, 0.98283], F_fuse=[0.00709, 0.00600, 0.00493, 0.00381]
[ INFO : 2026-08-08 04:01:07,508 ] - Epoch 2: train==[216.91575 = 1.61631 + 1.10858 + 64.18102 + 0.00079 + 0.00000 + 39.67831 + 1225.89705]
[ INFO : 2026-08-08 04:01:17,133 ] - Test_@[5, 10, 20, 50]: Recall=[0.01806, 0.02890, 0.04679, 0.09106],  precision=[0.00375, 0.00303, 0.00248, 0.00192], hit=[0.01877, 0.03024, 0.04932, 0.09545], ndcg=[0.01130, 0.01485, 0.01939, 0.02819], Train Rec Loss=[0.03278], Eval Rec Loss=[0.03259], c=[0.50000], F=[0.99238, 0.87190, 0.94242, 0.96177], F_fuse=[0.00748, 0.00604, 0.00494, 0.00384]
[ INFO : 2026-08-08 04:03:55,709 ] - Epoch 3: train==[183.92019 = 1.60375 + 1.10853 + 61.32915 + 0.00124 + 0.00000 + 9.54679 + 1225.89705]
[ INFO : 2026-08-08 04:04:05,392 ] - Test_@[5, 10, 20, 50]: Recall=[0.01790, 0.02902, 0.04676, 0.09098],  precision=[0.00372, 0.00305, 0.00248, 0.00192], hit=[0.01862, 0.03044, 0.04932, 0.09540], ndcg=[0.01124, 0.01487, 0.01938, 0.02818], Train Rec Loss=[0.03280], Eval Rec Loss=[0.03256], c=[0.50000], F=[0.99238, 0.87314, 0.94192, 0.98153], F_fuse=[0.00742, 0.00608, 0.00494, 0.00384]
[ INFO : 2026-08-08 04:06:41,414 ] - Epoch 4: train==[173.14976 = 1.59153 + 1.10853 + 57.99380 + 0.00203 + 0.00000 + 2.12313 + 1225.89705]
[ INFO : 2026-08-08 04:06:51,303 ] - Test_@[5, 10, 20, 50]: Recall=[0.01790, 0.02920, 0.04680, 0.09128],  precision=[0.00372, 0.00307, 0.00248, 0.00193], hit=[0.01862, 0.03065, 0.04942, 0.09571], ndcg=[0.01132, 0.01502, 0.01949, 0.02833], Train Rec Loss=[0.03276], Eval Rec Loss=[0.03253], c=[0.50000], F=[0.99238, 0.87229, 0.94211, 0.98977], F_fuse=[0.00742, 0.00612, 0.00495, 0.00385]
[ INFO : 2026-08-08 04:09:26,363 ] - Epoch 5: train==[169.26944 = 1.57715 + 1.10853 + 55.85093 + 0.00288 + 0.00000 + 0.39921 + 1225.89705]
[ INFO : 2026-08-08 04:09:36,136 ] - Test_@[5, 10, 20, 50]: Recall=[0.01795, 0.02926, 0.04688, 0.09156],  precision=[0.00373, 0.00308, 0.00249, 0.00194], hit=[0.01867, 0.03075, 0.04947, 0.09601], ndcg=[0.01135, 0.01505, 0.01952, 0.02839], Train Rec Loss=[0.03275], Eval Rec Loss=[0.03252], c=[0.50000], F=[0.99238, 0.87170, 0.94163, 0.99678], F_fuse=[0.00744, 0.00614, 0.00497, 0.00386]
[ INFO : 2026-08-08 04:12:12,293 ] - Epoch 6: train==[167.91831 = 1.56672 + 1.10854 + 54.73658 + 0.00342 + 0.00000 + 0.17231 + 1225.89705]
[ INFO : 2026-08-08 04:12:21,998 ] - Test_@[5, 10, 20, 50]: Recall=[0.01801, 0.02921, 0.04677, 0.09191],  precision=[0.00374, 0.00308, 0.00248, 0.00194], hit=[0.01872, 0.03070, 0.04937, 0.09632], ndcg=[0.01137, 0.01505, 0.01952, 0.02848], Train Rec Loss=[0.03274], Eval Rec Loss=[0.03253], c=[0.50000], F=[0.99238, 0.87170, 0.94001, 0.99474], F_fuse=[0.00746, 0.00614, 0.00495, 0.00388]
[ INFO : 2026-08-08 04:15:00,263 ] - Epoch 7: train==[167.56306 = 1.54991 + 1.10854 + 54.46119 + 0.00375 + 0.00000 + 0.10893 + 1225.89705]
[ INFO : 2026-08-08 04:15:10,715 ] - Test_@[5, 10, 20, 50]: Recall=[0.01801, 0.02953, 0.04724, 0.09306],  precision=[0.00374, 0.00312, 0.00251, 0.00197], hit=[0.01872, 0.03106, 0.04983, 0.09756], ndcg=[0.01147, 0.01525, 0.01974, 0.02883], Train Rec Loss=[0.03274], Eval Rec Loss=[0.03248], c=[0.50000], F=[0.99238, 0.87199, 0.94403, 0.98998], F_fuse=[0.00746, 0.00621, 0.00500, 0.00393]
[ INFO : 2026-08-08 04:17:45,345 ] - Epoch 8: train==[166.88871 = 1.53446 + 1.10854 + 53.84233 + 0.00399 + 0.00000 + 0.06864 + 1225.89705]
[ INFO : 2026-08-08 04:17:54,950 ] - Test_@[5, 10, 20, 50]: Recall=[0.01811, 0.02981, 0.04742, 0.09488],  precision=[0.00376, 0.00315, 0.00252, 0.00201], hit=[0.01882, 0.03142, 0.05004, 0.09951], ndcg=[0.01152, 0.01536, 0.01983, 0.02923], Train Rec Loss=[0.03273], Eval Rec Loss=[0.03247], c=[0.50000], F=[0.99229, 0.87963, 0.94208, 0.98665], F_fuse=[0.00750, 0.00627, 0.00502, 0.00401]
[ INFO : 2026-08-08 04:20:33,096 ] - Epoch 9: train==[166.15371 = 1.52132 + 1.10854 + 53.14958 + 0.00418 + 0.00000 + 0.03935 + 1225.89705]
[ INFO : 2026-08-08 04:20:43,009 ] - Test_@[5, 10, 20, 50]: Recall=[0.01834, 0.03023, 0.04842, 0.09658],  precision=[0.00382, 0.00320, 0.00258, 0.00204], hit=[0.01908, 0.03194, 0.05127, 0.10131], ndcg=[0.01171, 0.01562, 0.02024, 0.02980], Train Rec Loss=[0.03271], Eval Rec Loss=[0.03247], c=[0.50000], F=[0.99101, 0.87707, 0.93288, 0.98815], F_fuse=[0.00760, 0.00637, 0.00514, 0.00408]
[ INFO : 2026-08-08 04:23:20,451 ] - Epoch 10: train==[165.45778 = 1.50655 + 1.10855 + 52.48618 + 0.00434 + 0.00000 + 0.02141 + 1225.89705]
[ INFO : 2026-08-08 04:23:30,147 ] - Test_@[5, 10, 20, 50]: Recall=[0.02155, 0.03352, 0.05372, 0.10240],  precision=[0.00453, 0.00355, 0.00287, 0.00218], hit=[0.02258, 0.03538, 0.05693, 0.10779], ndcg=[0.01361, 0.01753, 0.02267, 0.03235], Train Rec Loss=[0.03272], Eval Rec Loss=[0.03246], c=[0.50000], F=[0.97877, 0.89177, 0.92563, 0.98737], F_fuse=[0.00901, 0.00708, 0.00573, 0.00435]
[ INFO : 2026-08-08 04:26:07,738 ] - Epoch 11: train==[164.05421 = 1.49284 + 1.10855 + 51.10374 + 0.00459 + 0.00000 + 0.01375 + 1225.89705]
[ INFO : 2026-08-08 04:26:17,153 ] - Test_@[5, 10, 20, 50]: Recall=[0.02226, 0.03587, 0.05640, 0.10832],  precision=[0.00468, 0.00381, 0.00301, 0.00231], hit=[0.02335, 0.03780, 0.05976, 0.11401], ndcg=[0.01425, 0.01868, 0.02392, 0.03423], Train Rec Loss=[0.03267], Eval Rec Loss=[0.03247], c=[0.50000], F=[0.97903, 0.92890, 0.92042, 0.98357], F_fuse=[0.00932, 0.00758, 0.00600, 0.00461]
[ INFO : 2026-08-08 04:28:53,263 ] - Epoch 12: train==[163.18260 = 1.48201 + 1.10855 + 50.24905 + 0.00492 + 0.00000 + 0.00733 + 1225.89705]
[ INFO : 2026-08-08 04:29:03,600 ] - Test_@[5, 10, 20, 50]: Recall=[0.02268, 0.03756, 0.05888, 0.11284],  precision=[0.00478, 0.00398, 0.00313, 0.00240], hit=[0.02381, 0.03955, 0.06212, 0.11864], ndcg=[0.01464, 0.01950, 0.02493, 0.03566], Train Rec Loss=[0.03264], Eval Rec Loss=[0.03246], c=[0.50000], F=[0.97619, 0.93077, 0.92018, 0.98191], F_fuse=[0.00952, 0.00793, 0.00625, 0.00480]
[ INFO : 2026-08-08 04:31:40,336 ] - Epoch 13: train==[162.38834 = 1.46398 + 1.10855 + 49.47672 + 0.00520 + 0.00000 + 0.00315 + 1225.89705]
[ INFO : 2026-08-08 04:31:50,233 ] - Test_@[5, 10, 20, 50]: Recall=[0.02381, 0.03924, 0.06162, 0.11705],  precision=[0.00501, 0.00416, 0.00328, 0.00249], hit=[0.02489, 0.04124, 0.06495, 0.12296], ndcg=[0.01536, 0.02037, 0.02607, 0.03709], Train Rec Loss=[0.03263], Eval Rec Loss=[0.03240], c=[0.50000], F=[0.96751, 0.93475, 0.92038, 0.97957], F_fuse=[0.00997, 0.00827, 0.00653, 0.00497]
[ INFO : 2026-08-08 04:34:26,642 ] - Epoch 14: train==[161.30033 = 1.44692 + 1.10855 + 48.40696 + 0.00554 + 0.00000 + 0.00162 + 1225.89705]
[ INFO : 2026-08-08 04:34:36,115 ] - Test_@[5, 10, 20, 50]: Recall=[0.02445, 0.03949, 0.06213, 0.11863],  precision=[0.00512, 0.00420, 0.00331, 0.00253], hit=[0.02546, 0.04166, 0.06552, 0.12466], ndcg=[0.01582, 0.02071, 0.02646, 0.03769], Train Rec Loss=[0.03262], Eval Rec Loss=[0.03241], c=[0.50000], F=[0.96408, 0.92425, 0.92644, 0.97765], F_fuse=[0.01019, 0.00835, 0.00659, 0.00504]
[ INFO : 2026-08-08 04:37:13,428 ] - Epoch 15: train==[160.38209 = 1.43457 + 1.10855 + 47.50110 + 0.00590 + 0.00000 + 0.00123 + 1225.89705]
[ INFO : 2026-08-08 04:37:23,361 ] - Test_@[5, 10, 20, 50]: Recall=[0.02485, 0.04027, 0.06383, 0.12031],  precision=[0.00521, 0.00428, 0.00339, 0.00257], hit=[0.02592, 0.04248, 0.06722, 0.12641], ndcg=[0.01601, 0.02100, 0.02698, 0.03822], Train Rec Loss=[0.03263], Eval Rec Loss=[0.03242], c=[0.50000], F=[0.93550, 0.91070, 0.93389, 0.97520], F_fuse=[0.01037, 0.00852, 0.00676, 0.00512]
[ INFO : 2026-08-08 04:40:03,620 ] - Epoch 16: train==[159.70465 = 1.42069 + 1.10855 + 46.83734 + 0.00619 + 0.00000 + 0.00115 + 1225.89705]
[ INFO : 2026-08-08 04:40:13,488 ] - Test_@[5, 10, 20, 50]: Recall=[0.02405, 0.03998, 0.06423, 0.12183],  precision=[0.00504, 0.00425, 0.00342, 0.00260], hit=[0.02504, 0.04227, 0.06763, 0.12795], ndcg=[0.01573, 0.02090, 0.02708, 0.03854], Train Rec Loss=[0.03263], Eval Rec Loss=[0.03241], c=[0.50000], F=[0.88415, 0.91425, 0.93167, 0.97240], F_fuse=[0.01002, 0.00847, 0.00681, 0.00519]
[ INFO : 2026-08-08 04:42:50,646 ] - Epoch 17: train==[159.06828 = 1.40624 + 1.10855 + 46.21521 + 0.00645 + 0.00000 + 0.00110 + 1225.89705]
[ INFO : 2026-08-08 04:43:00,245 ] - Test_@[5, 10, 20, 50]: Recall=[0.02464, 0.04057, 0.06454, 0.12161],  precision=[0.00515, 0.00432, 0.00344, 0.00259], hit=[0.02561, 0.04294, 0.06799, 0.12764], ndcg=[0.01614, 0.02133, 0.02745, 0.03881], Train Rec Loss=[0.03259], Eval Rec Loss=[0.03236], c=[0.50000], F=[0.92758, 0.91767, 0.93164, 0.97122], F_fuse=[0.01025, 0.00860, 0.00685, 0.00517]
[ INFO : 2026-08-08 04:45:35,431 ] - Epoch 18: train==[158.58260 = 1.39199 + 1.10855 + 45.74357 + 0.00669 + 0.00000 + 0.00107 + 1225.89705]
[ INFO : 2026-08-08 04:45:44,833 ] - Test_@[5, 10, 20, 50]: Recall=[0.02493, 0.04090, 0.06424, 0.12223],  precision=[0.00524, 0.00435, 0.00342, 0.00260], hit=[0.02602, 0.04325, 0.06768, 0.12816], ndcg=[0.01615, 0.02135, 0.02732, 0.03888], Train Rec Loss=[0.03259], Eval Rec Loss=[0.03237], c=[0.50000], F=[0.90525, 0.91207, 0.93246, 0.96985], F_fuse=[0.01041, 0.00866, 0.00681, 0.00519]
[ INFO : 2026-08-08 04:48:18,469 ] - Epoch 19: train==[157.75293 = 1.37911 + 1.10854 + 44.92656 + 0.00694 + 0.00000 + 0.00105 + 1225.89705]
[ INFO : 2026-08-08 04:48:28,635 ] - Test_@[5, 10, 20, 50]: Recall=[0.02528, 0.04114, 0.06501, 0.12214],  precision=[0.00532, 0.00437, 0.00346, 0.00260], hit=[0.02643, 0.04346, 0.06845, 0.12810], ndcg=[0.01639, 0.02155, 0.02764, 0.03904], Train Rec Loss=[0.03257], Eval Rec Loss=[0.03235], c=[0.50000], F=[0.89396, 0.90427, 0.93301, 0.96766], F_fuse=[0.01057, 0.00870, 0.00689, 0.00519]
[ INFO : 2026-08-08 04:51:03,390 ] - Epoch 20: train==[157.44807 = 1.36443 + 1.10854 + 44.63622 + 0.00711 + 0.00000 + 0.00103 + 1225.89705]
[ INFO : 2026-08-08 04:51:12,669 ] - Test_@[5, 10, 20, 50]: Recall=[0.02509, 0.04117, 0.06561, 0.12254],  precision=[0.00526, 0.00438, 0.00348, 0.00261], hit=[0.02612, 0.04346, 0.06896, 0.12852], ndcg=[0.01624, 0.02149, 0.02771, 0.03908], Train Rec Loss=[0.03256], Eval Rec Loss=[0.03233], c=[0.50000], F=[0.88928, 0.91317, 0.93653, 0.96826], F_fuse=[0.01045, 0.00871, 0.00694, 0.00521]
[ INFO : 2026-08-08 04:53:51,136 ] - Epoch 21: train==[156.92491 = 1.34918 + 1.10856 + 44.12811 + 0.00730 + 0.00000 + 0.00103 + 1225.89705]
[ INFO : 2026-08-08 04:54:00,834 ] - Test_@[5, 10, 20, 50]: Recall=[0.02506, 0.04146, 0.06581, 0.12382],  precision=[0.00527, 0.00441, 0.00350, 0.00264], hit=[0.02618, 0.04387, 0.06922, 0.12985], ndcg=[0.01629, 0.02166, 0.02786, 0.03943], Train Rec Loss=[0.03257], Eval Rec Loss=[0.03234], c=[0.50000], F=[0.89648, 0.90826, 0.93601, 0.96784], F_fuse=[0.01047, 0.00878, 0.00697, 0.00526]
[ INFO : 2026-08-08 04:56:36,422 ] - Epoch 22: train==[156.42474 = 1.34136 + 1.10855 + 43.63561 + 0.00748 + 0.00000 + 0.00100 + 1225.89705]
[ INFO : 2026-08-08 04:56:46,451 ] - Test_@[5, 10, 20, 50]: Recall=[0.02501, 0.04126, 0.06620, 0.12517],  precision=[0.00528, 0.00439, 0.00352, 0.00267], hit=[0.02623, 0.04361, 0.06958, 0.13119], ndcg=[0.01612, 0.02143, 0.02777, 0.03953], Train Rec Loss=[0.03254], Eval Rec Loss=[0.03233], c=[0.50000], F=[0.85482, 0.89293, 0.93629, 0.96571], F_fuse=[0.01049, 0.00874, 0.00700, 0.00532]
[ INFO : 2026-08-08 04:59:20,914 ] - Epoch 23: train==[155.84056 = 1.32325 + 1.10856 + 43.06936 + 0.00764 + 0.00000 + 0.00100 + 1225.89705]
[ INFO : 2026-08-08 04:59:30,438 ] - Test_@[5, 10, 20, 50]: Recall=[0.02539, 0.04216, 0.06698, 0.12586],  precision=[0.00537, 0.00448, 0.00355, 0.00268], hit=[0.02669, 0.04454, 0.07030, 0.13186], ndcg=[0.01665, 0.02209, 0.02837, 0.04011], Train Rec Loss=[0.03254], Eval Rec Loss=[0.03232], c=[0.50000], F=[0.86099, 0.88991, 0.93670, 0.96400], F_fuse=[0.01067, 0.00892, 0.00708, 0.00534]
[ INFO : 2026-08-08 05:02:07,458 ] - Epoch 24: train==[155.28399 = 1.31417 + 1.10855 + 42.52174 + 0.00781 + 0.00000 + 0.00098 + 1225.89705]
[ INFO : 2026-08-08 05:02:18,209 ] - Test_@[5, 10, 20, 50]: Recall=[0.02592, 0.04185, 0.06791, 0.12707],  precision=[0.00547, 0.00445, 0.00361, 0.00270], hit=[0.02720, 0.04418, 0.07138, 0.13304], ndcg=[0.01687, 0.02206, 0.02867, 0.04046], Train Rec Loss=[0.03253], Eval Rec Loss=[0.03225], c=[0.50000], F=[0.85692, 0.89933, 0.93498, 0.96266], F_fuse=[0.01087, 0.00885, 0.00718, 0.00539]
[ INFO : 2026-08-08 05:04:55,693 ] - Epoch 25: train==[154.92836 = 1.29795 + 1.10856 + 42.18222 + 0.00791 + 0.00000 + 0.00098 + 1225.89705]
[ INFO : 2026-08-08 05:05:05,356 ] - Test_@[5, 10, 20, 50]: Recall=[0.02526, 0.04159, 0.06810, 0.12835],  precision=[0.00535, 0.00443, 0.00361, 0.00273], hit=[0.02659, 0.04397, 0.07148, 0.13438], ndcg=[0.01655, 0.02187, 0.02861, 0.04061], Train Rec Loss=[0.03252], Eval Rec Loss=[0.03226], c=[0.50000], F=[0.85615, 0.89620, 0.93631, 0.96103], F_fuse=[0.01063, 0.00881, 0.00719, 0.00545]
[ INFO : 2026-08-08 05:07:40,534 ] - Epoch 26: train==[154.33946 = 1.28556 + 1.10854 + 41.60560 + 0.00804 + 0.00000 + 0.00097 + 1225.89705]
[ INFO : 2026-08-08 05:07:50,725 ] - Test_@[5, 10, 20, 50]: Recall=[0.02514, 0.04269, 0.06887, 0.12879],  precision=[0.00530, 0.00454, 0.00365, 0.00274], hit=[0.02633, 0.04510, 0.07236, 0.13479], ndcg=[0.01668, 0.02242, 0.02906, 0.04101], Train Rec Loss=[0.03246], Eval Rec Loss=[0.03229], c=[0.50000], F=[0.83695, 0.89054, 0.93269, 0.95925], F_fuse=[0.01053, 0.00904, 0.00728, 0.00546]
[ INFO : 2026-08-08 05:10:23,375 ] - Epoch 27: train==[154.03037 = 1.27405 + 1.10855 + 41.30790 + 0.00817 + 0.00000 + 0.00096 + 1225.89705]
[ INFO : 2026-08-08 05:10:33,536 ] - Test_@[5, 10, 20, 50]: Recall=[0.02584, 0.04307, 0.06964, 0.12938],  precision=[0.00545, 0.00458, 0.00369, 0.00275], hit=[0.02710, 0.04541, 0.07313, 0.13541], ndcg=[0.01703, 0.02263, 0.02938, 0.04132], Train Rec Loss=[0.03248], Eval Rec Loss=[0.03226], c=[0.50000], F=[0.84680, 0.89262, 0.93214, 0.95757], F_fuse=[0.01083, 0.00912, 0.00736, 0.00549]
[ INFO : 2026-08-08 05:13:06,876 ] - Epoch 28: train==[153.59244 = 1.26309 + 1.10854 + 40.88090 + 0.00821 + 0.00000 + 0.00096 + 1225.89705]
[ INFO : 2026-08-08 05:13:16,349 ] - Test_@[5, 10, 20, 50]: Recall=[0.02605, 0.04396, 0.07038, 0.13065],  precision=[0.00550, 0.00467, 0.00373, 0.00278], hit=[0.02736, 0.04639, 0.07385, 0.13674], ndcg=[0.01706, 0.02286, 0.02955, 0.04158], Train Rec Loss=[0.03248], Eval Rec Loss=[0.03223], c=[0.50000], F=[0.84475, 0.89292, 0.93206, 0.95687], F_fuse=[0.01093, 0.00930, 0.00743, 0.00554]
[ INFO : 2026-08-08 05:15:48,997 ] - Epoch 29: train==[153.15028 = 1.24967 + 1.10854 + 40.45201 + 0.00837 + 0.00000 + 0.00095 + 1225.89705]
[ INFO : 2026-08-08 05:15:59,218 ] - Test_@[5, 10, 20, 50]: Recall=[0.02573, 0.04398, 0.07105, 0.13155],  precision=[0.00543, 0.00469, 0.00376, 0.00280], hit=[0.02700, 0.04649, 0.07452, 0.13762], ndcg=[0.01693, 0.02286, 0.02972, 0.04179], Train Rec Loss=[0.03247], Eval Rec Loss=[0.03222], c=[0.50000], F=[0.84164, 0.88967, 0.93181, 0.95724], F_fuse=[0.01079, 0.00933, 0.00749, 0.00558]
[ INFO : 2026-08-08 05:18:32,888 ] - Epoch 30: train==[152.65434 = 1.24086 + 1.10854 + 39.96478 + 0.00847 + 0.00000 + 0.00095 + 1225.89705]
[ INFO : 2026-08-08 05:18:43,686 ] - Test_@[5, 10, 20, 50]: Recall=[0.02612, 0.04361, 0.07117, 0.13193],  precision=[0.00551, 0.00464, 0.00376, 0.00280], hit=[0.02741, 0.04598, 0.07457, 0.13798], ndcg=[0.01706, 0.02275, 0.02977, 0.04189], Train Rec Loss=[0.03244], Eval Rec Loss=[0.03224], c=[0.50000], F=[0.85534, 0.89797, 0.93271, 0.95555], F_fuse=[0.01096, 0.00923, 0.00750, 0.00559]
[ INFO : 2026-08-08 05:21:19,496 ] - Epoch 31: train==[152.20254 = 1.22745 + 1.10854 + 39.52632 + 0.00856 + 0.00000 + 0.00094 + 1225.89705]
[ INFO : 2026-08-08 05:21:29,059 ] - Test_@[5, 10, 20, 50]: Recall=[0.02689, 0.04469, 0.07167, 0.13323],  precision=[0.00569, 0.00477, 0.00380, 0.00283], hit=[0.02828, 0.04721, 0.07529, 0.13937], ndcg=[0.01742, 0.02319, 0.03003, 0.04232], Train Rec Loss=[0.03242], Eval Rec Loss=[0.03222], c=[0.50000], F=[0.82634, 0.88502, 0.92735, 0.95165], F_fuse=[0.01130, 0.00948, 0.00758, 0.00565]
[ INFO : 2026-08-08 05:24:02,895 ] - Epoch 32: train==[151.89213 = 1.21660 + 1.10854 + 39.22670 + 0.00862 + 0.00000 + 0.00094 + 1225.89705]
[ INFO : 2026-08-08 05:24:12,659 ] - Test_@[5, 10, 20, 50]: Recall=[0.02652, 0.04482, 0.07203, 0.13435],  precision=[0.00562, 0.00477, 0.00382, 0.00286], hit=[0.02792, 0.04726, 0.07570, 0.14045], ndcg=[0.01727, 0.02320, 0.03012, 0.04256], Train Rec Loss=[0.03242], Eval Rec Loss=[0.03219], c=[0.50000], F=[0.84400, 0.88984, 0.92842, 0.95460], F_fuse=[0.01116, 0.00949, 0.00761, 0.00569]
[ INFO : 2026-08-08 05:26:48,082 ] - Epoch 33: train==[151.45215 = 1.20800 + 1.10854 + 38.79524 + 0.00869 + 0.00000 + 0.00094 + 1225.89705]
[ INFO : 2026-08-08 05:26:57,502 ] - Test_@[5, 10, 20, 50]: Recall=[0.02620, 0.04473, 0.07181, 0.13522],  precision=[0.00554, 0.00476, 0.00381, 0.00287], hit=[0.02756, 0.04716, 0.07544, 0.14137], ndcg=[0.01721, 0.02326, 0.03018, 0.04286], Train Rec Loss=[0.03245], Eval Rec Loss=[0.03218], c=[0.50000], F=[0.83849, 0.88584, 0.92579, 0.95252], F_fuse=[0.01101, 0.00947, 0.00759, 0.00573]
[ INFO : 2026-08-08 05:29:32,068 ] - Epoch 34: train==[150.98621 = 1.19409 + 1.10854 + 38.34313 + 0.00879 + 0.00000 + 0.00093 + 1225.89705]
[ INFO : 2026-08-08 05:29:41,762 ] - Test_@[5, 10, 20, 50]: Recall=[0.02676, 0.04562, 0.07412, 0.13587],  precision=[0.00564, 0.00484, 0.00393, 0.00289], hit=[0.02803, 0.04803, 0.07771, 0.14204], ndcg=[0.01757, 0.02371, 0.03096, 0.04328], Train Rec Loss=[0.03240], Eval Rec Loss=[0.03216], c=[0.50000], F=[0.83645, 0.88124, 0.92195, 0.95164], F_fuse=[0.01120, 0.00964, 0.00782, 0.00576]
[ INFO : 2026-08-08 05:32:17,996 ] - Epoch 35: train==[150.62711 = 1.18580 + 1.10855 + 37.99222 + 0.00887 + 0.00000 + 0.00092 + 1225.89705]
[ INFO : 2026-08-08 05:32:28,038 ] - Test_@[5, 10, 20, 50]: Recall=[0.02676, 0.04583, 0.07384, 0.13610],  precision=[0.00565, 0.00487, 0.00391, 0.00289], hit=[0.02808, 0.04834, 0.07745, 0.14220], ndcg=[0.01754, 0.02372, 0.03083, 0.04327], Train Rec Loss=[0.03240], Eval Rec Loss=[0.03218], c=[0.50000], F=[0.83804, 0.88230, 0.92112, 0.95081], F_fuse=[0.01122, 0.00969, 0.00779, 0.00576]
[ INFO : 2026-08-08 05:35:04,526 ] - Epoch 36: train==[150.15762 = 1.17565 + 1.10855 + 37.53283 + 0.00893 + 0.00000 + 0.00093 + 1225.89705]
[ INFO : 2026-08-08 05:35:14,163 ] - Test_@[5, 10, 20, 50]: Recall=[0.02665, 0.04638, 0.07463, 0.13750],  precision=[0.00562, 0.00493, 0.00395, 0.00292], hit=[0.02792, 0.04886, 0.07827, 0.14369], ndcg=[0.01763, 0.02403, 0.03121, 0.04376], Train Rec Loss=[0.03238], Eval Rec Loss=[0.03217], c=[0.50000], F=[0.84595, 0.88678, 0.92399, 0.94911], F_fuse=[0.01116, 0.00980, 0.00788, 0.00583]
[ INFO : 2026-08-08 05:37:50,719 ] - Epoch 37: train==[149.88457 = 1.16252 + 1.10855 + 37.27285 + 0.00899 + 0.00000 + 0.00092 + 1225.89705]
[ INFO : 2026-08-08 05:38:00,331 ] - Test_@[5, 10, 20, 50]: Recall=[0.02673, 0.04632, 0.07510, 0.13781],  precision=[0.00564, 0.00491, 0.00398, 0.00293], hit=[0.02803, 0.04870, 0.07873, 0.14389], ndcg=[0.01761, 0.02396, 0.03128, 0.04378], Train Rec Loss=[0.03238], Eval Rec Loss=[0.03215], c=[0.50000], F=[0.85355, 0.88813, 0.92441, 0.95124], F_fuse=[0.01120, 0.00976, 0.00792, 0.00583]
[ INFO : 2026-08-08 05:40:36,631 ] - Epoch 38: train==[149.54545 = 1.15591 + 1.10855 + 36.94020 + 0.00913 + 0.00000 + 0.00092 + 1225.89705]
[ INFO : 2026-08-08 05:40:46,204 ] - Test_@[5, 10, 20, 50]: Recall=[0.02672, 0.04655, 0.07600, 0.13814],  precision=[0.00565, 0.00495, 0.00402, 0.00294], hit=[0.02808, 0.04906, 0.07961, 0.14436], ndcg=[0.01762, 0.02405, 0.03153, 0.04392], Train Rec Loss=[0.03236], Eval Rec Loss=[0.03219], c=[0.50000], F=[0.82675, 0.87380, 0.91505, 0.94617], F_fuse=[0.01122, 0.00984, 0.00801, 0.00585]
[ INFO : 2026-08-08 05:43:24,154 ] - Epoch 39: train==[149.21194 = 1.14620 + 1.10856 + 36.61638 + 0.00914 + 0.00000 + 0.00091 + 1225.89705]
[ INFO : 2026-08-08 05:43:34,860 ] - Test_@[5, 10, 20, 50]: Recall=[0.02718, 0.04773, 0.07661, 0.13886],  precision=[0.00576, 0.00507, 0.00406, 0.00295], hit=[0.02864, 0.05024, 0.08028, 0.14497], ndcg=[0.01798, 0.02462, 0.03197, 0.04439], Train Rec Loss=[0.03235], Eval Rec Loss=[0.03213], c=[0.50000], F=[0.84353, 0.88133, 0.91945, 0.94739], F_fuse=[0.01144, 0.01007, 0.00807, 0.00588]
[ INFO : 2026-08-08 05:46:08,821 ] - Epoch 40: train==[148.59270 = 1.13304 + 1.10854 + 36.01022 + 0.00924 + 0.00000 + 0.00092 + 1225.89705]
[ INFO : 2026-08-08 05:46:18,755 ] - Test_@[5, 10, 20, 50]: Recall=[0.02739, 0.04695, 0.07718, 0.13914],  precision=[0.00578, 0.00498, 0.00408, 0.00296], hit=[0.02875, 0.04937, 0.08084, 0.14533], ndcg=[0.01809, 0.02443, 0.03211, 0.04449], Train Rec Loss=[0.03237], Eval Rec Loss=[0.03211], c=[0.50000], F=[0.83579, 0.87684, 0.91474, 0.94490], F_fuse=[0.01148, 0.00991, 0.00813, 0.00590]
[ INFO : 2026-08-08 05:48:54,629 ] - Epoch 41: train==[148.47894 = 1.12495 + 1.10856 + 35.90450 + 0.00928 + 0.00000 + 0.00091 + 1225.89705]
[ INFO : 2026-08-08 05:49:04,251 ] - Test_@[5, 10, 20, 50]: Recall=[0.02679, 0.04737, 0.07703, 0.13986],  precision=[0.00566, 0.00501, 0.00408, 0.00297], hit=[0.02813, 0.04978, 0.08079, 0.14605], ndcg=[0.01766, 0.02432, 0.03187, 0.04442], Train Rec Loss=[0.03234], Eval Rec Loss=[0.03212], c=[0.50000], F=[0.84423, 0.87930, 0.91702, 0.94645], F_fuse=[0.01124, 0.00996, 0.00813, 0.00592]
[ INFO : 2026-08-08 05:51:38,485 ] - Epoch 42: train==[148.20210 = 1.11947 + 1.10853 + 35.63312 + 0.00934 + 0.00000 + 0.00090 + 1225.89705]
[ INFO : 2026-08-08 05:51:47,950 ] - Test_@[5, 10, 20, 50]: Recall=[0.02721, 0.04778, 0.07719, 0.13988],  precision=[0.00574, 0.00506, 0.00408, 0.00297], hit=[0.02854, 0.05014, 0.08084, 0.14605], ndcg=[0.01813, 0.02479, 0.03227, 0.04480], Train Rec Loss=[0.03234], Eval Rec Loss=[0.03213], c=[0.50000], F=[0.84321, 0.87931, 0.91565, 0.94410], F_fuse=[0.01140, 0.01006, 0.00813, 0.00592]
[ INFO : 2026-08-08 05:54:20,316 ] - Epoch 43: train==[147.70158 = 1.10532 + 1.10854 + 35.14665 + 0.00943 + 0.00000 + 0.00090 + 1225.89705]
[ INFO : 2026-08-08 05:54:31,412 ] - Test_@[5, 10, 20, 50]: Recall=[0.02745, 0.04788, 0.07762, 0.14035],  precision=[0.00580, 0.00507, 0.00410, 0.00298], hit=[0.02885, 0.05030, 0.08120, 0.14646], ndcg=[0.01810, 0.02469, 0.03222, 0.04477], Train Rec Loss=[0.03231], Eval Rec Loss=[0.03210], c=[0.50000], F=[0.83878, 0.87553, 0.91281, 0.94330], F_fuse=[0.01152, 0.01007, 0.00817, 0.00594]
[ INFO : 2026-08-08 05:57:08,475 ] - Epoch 44: train==[147.39746 = 1.09970 + 1.10853 + 34.84811 + 0.00947 + 0.00000 + 0.00090 + 1225.89705]
[ INFO : 2026-08-08 05:57:18,066 ] - Test_@[5, 10, 20, 50]: Recall=[0.02806, 0.04812, 0.07828, 0.14071],  precision=[0.00591, 0.00509, 0.00414, 0.00299], hit=[0.02942, 0.05050, 0.08208, 0.14693], ndcg=[0.01847, 0.02494, 0.03259, 0.04506], Train Rec Loss=[0.03235], Eval Rec Loss=[0.03208], c=[0.50000], F=[0.84347, 0.87855, 0.91533, 0.94472], F_fuse=[0.01175, 0.01012, 0.00825, 0.00596]
[ INFO : 2026-08-08 05:59:52,148 ] - Epoch 45: train==[147.12673 = 1.09065 + 1.10853 + 34.58638 + 0.00953 + 0.00000 + 0.00090 + 1225.89705]
[ INFO : 2026-08-08 06:00:01,923 ] - Test_@[5, 10, 20, 50]: Recall=[0.02821, 0.04827, 0.07894, 0.14058],  precision=[0.00593, 0.00511, 0.00417, 0.00299], hit=[0.02952, 0.05066, 0.08264, 0.14677], ndcg=[0.01844, 0.02490, 0.03266, 0.04499], Train Rec Loss=[0.03232], Eval Rec Loss=[0.03209], c=[0.50000], F=[0.83273, 0.87253, 0.90954, 0.94134], F_fuse=[0.01179, 0.01015, 0.00831, 0.00595]
[ INFO : 2026-08-08 06:02:40,581 ] - Epoch 46: train==[146.79804 = 1.07989 + 1.10853 + 34.26837 + 0.00962 + 0.00000 + 0.00090 + 1225.89705]
[ INFO : 2026-08-08 06:02:50,064 ] - Test_@[5, 10, 20, 50]: Recall=[0.02791, 0.04782, 0.07982, 0.14186],  precision=[0.00588, 0.00506, 0.00421, 0.00301], hit=[0.02926, 0.05019, 0.08341, 0.14811], ndcg=[0.01817, 0.02462, 0.03274, 0.04513], Train Rec Loss=[0.03230], Eval Rec Loss=[0.03209], c=[0.50000], F=[0.84739, 0.87956, 0.91396, 0.94160], F_fuse=[0.01169, 0.01006, 0.00839, 0.00601]
[ INFO : 2026-08-08 06:05:25,846 ] - Epoch 47: train==[146.44330 = 1.07042 + 1.10853 + 33.92304 + 0.00967 + 0.00000 + 0.00090 + 1225.89705]
[ INFO : 2026-08-08 06:05:37,107 ] - Test_@[5, 10, 20, 50]: Recall=[0.02759, 0.04760, 0.07913, 0.14136],  precision=[0.00581, 0.00503, 0.00418, 0.00300], hit=[0.02890, 0.05004, 0.08290, 0.14765], ndcg=[0.01813, 0.02464, 0.03265, 0.04509], Train Rec Loss=[0.03228], Eval Rec Loss=[0.03204], c=[0.50000], F=[0.83592, 0.87404, 0.91027, 0.94102], F_fuse=[0.01154, 0.01001, 0.00832, 0.00599]
[ INFO : 2026-08-08 06:08:13,506 ] - Epoch 48: train==[146.29992 = 1.06782 + 1.10853 + 33.78220 + 0.00974 + 0.00000 + 0.00089 + 1225.89705]
[ INFO : 2026-08-08 06:08:23,851 ] - Test_@[5, 10, 20, 50]: Recall=[0.02822, 0.04853, 0.07952, 0.14250],  precision=[0.00596, 0.00514, 0.00420, 0.00303], hit=[0.02962, 0.05102, 0.08331, 0.14883], ndcg=[0.01832, 0.02491, 0.03277, 0.04537], Train Rec Loss=[0.03226], Eval Rec Loss=[0.03210], c=[0.50000], F=[0.83903, 0.87549, 0.91082, 0.94028], F_fuse=[0.01183, 0.01022, 0.00836, 0.00603]
[ INFO : 2026-08-08 06:10:59,491 ] - Epoch 49: train==[145.86921 = 1.05692 + 1.10853 + 33.36237 + 0.00977 + 0.00000 + 0.00089 + 1225.89705]
[ INFO : 2026-08-08 06:11:09,121 ] - Test_@[5, 10, 20, 50]: Recall=[0.02881, 0.04862, 0.07990, 0.14338],  precision=[0.00607, 0.00514, 0.00422, 0.00304], hit=[0.03019, 0.05107, 0.08357, 0.14970], ndcg=[0.01860, 0.02499, 0.03292, 0.04560], Train Rec Loss=[0.03228], Eval Rec Loss=[0.03207], c=[0.50000], F=[0.84691, 0.87866, 0.91233, 0.94048], F_fuse=[0.01205, 0.01023, 0.00841, 0.00607]
[ INFO : 2026-08-08 06:13:46,963 ] - Epoch 50: train==[145.59899 = 1.04523 + 1.10853 + 33.10375 + 0.00985 + 0.00000 + 0.00089 + 1225.89705]
[ INFO : 2026-08-08 06:13:57,306 ] - Test_@[5, 10, 20, 50]: Recall=[0.02856, 0.04872, 0.08049, 0.14408],  precision=[0.00604, 0.00517, 0.00425, 0.00306], hit=[0.03003, 0.05138, 0.08419, 0.15042], ndcg=[0.01878, 0.02531, 0.03337, 0.04606], Train Rec Loss=[0.03226], Eval Rec Loss=[0.03205], c=[0.50000], F=[0.84199, 0.87578, 0.91101, 0.93895], F_fuse=[0.01199, 0.01028, 0.00846, 0.00610]
[ INFO : 2026-08-08 06:16:36,314 ] - Epoch 51: train==[145.29235 = 1.04126 + 1.10852 + 32.80106 + 0.00988 + 0.00000 + 0.00088 + 1225.89705]
[ INFO : 2026-08-08 06:16:46,290 ] - Test_@[5, 10, 20, 50]: Recall=[0.02908, 0.04899, 0.08047, 0.14320],  precision=[0.00612, 0.00519, 0.00425, 0.00304], hit=[0.03050, 0.05158, 0.08429, 0.14960], ndcg=[0.01888, 0.02534, 0.03335, 0.04590], Train Rec Loss=[0.03226], Eval Rec Loss=[0.03206], c=[0.50000], F=[0.83599, 0.87371, 0.90915, 0.93876], F_fuse=[0.01215, 0.01033, 0.00847, 0.00607]
[ INFO : 2026-08-08 06:19:26,578 ] - Epoch 52: train==[144.99272 = 1.02778 + 1.10853 + 32.51479 + 0.01000 + 0.00000 + 0.00088 + 1225.89705]
[ INFO : 2026-08-08 06:19:36,130 ] - Test_@[5, 10, 20, 50]: Recall=[0.02942, 0.04998, 0.08076, 0.14431],  precision=[0.00620, 0.00529, 0.00427, 0.00307], hit=[0.03086, 0.05256, 0.08449, 0.15078], ndcg=[0.01908, 0.02570, 0.03353, 0.04623], Train Rec Loss=[0.03228], Eval Rec Loss=[0.03203], c=[0.50000], F=[0.83608, 0.87238, 0.90852, 0.93832], F_fuse=[0.01231, 0.01052, 0.00850, 0.00611]
[ INFO : 2026-08-08 06:22:15,549 ] - Epoch 53: train==[144.67826 = 1.02831 + 1.10853 + 32.19976 + 0.01005 + 0.00000 + 0.00088 + 1225.89705]
[ INFO : 2026-08-08 06:22:25,044 ] - Test_@[5, 10, 20, 50]: Recall=[0.02930, 0.04902, 0.08111, 0.14428],  precision=[0.00616, 0.00519, 0.00429, 0.00306], hit=[0.03070, 0.05153, 0.08491, 0.15068], ndcg=[0.01912, 0.02555, 0.03370, 0.04632], Train Rec Loss=[0.03226], Eval Rec Loss=[0.03206], c=[0.50000], F=[0.84532, 0.87834, 0.91039, 0.93742], F_fuse=[0.01223, 0.01032, 0.00853, 0.00611]
[ INFO : 2026-08-08 06:25:04,432 ] - Epoch 54: train==[144.48286 = 1.01631 + 1.10853 + 32.01631 + 0.01009 + 0.00000 + 0.00088 + 1225.89705]
[ INFO : 2026-08-08 06:25:14,606 ] - Test_@[5, 10, 20, 50]: Recall=[0.02899, 0.04994, 0.08080, 0.14416],  precision=[0.00610, 0.00529, 0.00427, 0.00306], hit=[0.03039, 0.05251, 0.08465, 0.15068], ndcg=[0.01908, 0.02589, 0.03374, 0.04642], Train Rec Loss=[0.03224], Eval Rec Loss=[0.03204], c=[0.50000], F=[0.83156, 0.87107, 0.90653, 0.93731], F_fuse=[0.01211, 0.01051, 0.00851, 0.00611]
[ INFO : 2026-08-08 06:27:56,124 ] - Epoch 55: train==[144.28337 = 1.00788 + 1.10852 + 31.82519 + 0.01016 + 0.00000 + 0.00088 + 1225.89705]
[ INFO : 2026-08-08 06:28:07,521 ] - Test_@[5, 10, 20, 50]: Recall=[0.03019, 0.05074, 0.08156, 0.14529],  precision=[0.00635, 0.00537, 0.00431, 0.00309], hit=[0.03163, 0.05333, 0.08537, 0.15176], ndcg=[0.01954, 0.02613, 0.03396, 0.04667], Train Rec Loss=[0.03225], Eval Rec Loss=[0.03204], c=[0.50000], F=[0.83336, 0.86952, 0.90582, 0.93640], F_fuse=[0.01260, 0.01067, 0.00858, 0.00615]
[ INFO : 2026-08-08 06:30:39,251 ] - Epoch 56: train==[143.99581 = 1.00327 + 1.10852 + 31.54223 + 0.01017 + 0.00000 + 0.00087 + 1225.89705]
[ INFO : 2026-08-08 06:30:50,106 ] - Test_@[5, 10, 20, 50]: Recall=[0.02989, 0.05037, 0.08128, 0.14471],  precision=[0.00626, 0.00534, 0.00429, 0.00307], hit=[0.03122, 0.05302, 0.08506, 0.15109], ndcg=[0.01962, 0.02628, 0.03413, 0.04680], Train Rec Loss=[0.03222], Eval Rec Loss=[0.03202], c=[0.50000], F=[0.83790, 0.87142, 0.90642, 0.93570], F_fuse=[0.01243, 0.01061, 0.00855, 0.00613]
[ INFO : 2026-08-08 06:33:20,757 ] - Epoch 57: train==[143.84689 = 0.99775 + 1.10852 + 31.39876 + 0.01025 + 0.00000 + 0.00087 + 1225.89705]
[ INFO : 2026-08-08 06:33:31,109 ] - Test_@[5, 10, 20, 50]: Recall=[0.03050, 0.05014, 0.08175, 0.14441],  precision=[0.00640, 0.00531, 0.00433, 0.00307], hit=[0.03188, 0.05271, 0.08568, 0.15084], ndcg=[0.01959, 0.02595, 0.03397, 0.04650], Train Rec Loss=[0.03223], Eval Rec Loss=[0.03201], c=[0.50000], F=[0.83723, 0.87349, 0.90865, 0.93704], F_fuse=[0.01270, 0.01055, 0.00861, 0.00612]
[ INFO : 2026-08-08 06:36:07,638 ] - Epoch 58: train==[143.57195 = 0.98736 + 1.10853 + 31.13414 + 0.01031 + 0.00000 + 0.00087 + 1225.89705]
[ INFO : 2026-08-08 06:36:17,525 ] - Test_@[5, 10, 20, 50]: Recall=[0.03027, 0.05104, 0.08258, 0.14542],  precision=[0.00638, 0.00540, 0.00436, 0.00309], hit=[0.03173, 0.05369, 0.08645, 0.15176], ndcg=[0.01963, 0.02634, 0.03434, 0.04689], Train Rec Loss=[0.03220], Eval Rec Loss=[0.03199], c=[0.50000], F=[0.83818, 0.87119, 0.90634, 0.93543], F_fuse=[0.01266, 0.01074, 0.00869, 0.00615]
[ INFO : 2026-08-08 06:38:53,456 ] - Epoch 59: train==[143.39311 = 0.98181 + 1.10852 + 30.96083 + 0.01035 + 0.00000 + 0.00087 + 1225.89705]
[ INFO : 2026-08-08 06:39:03,499 ] - Test_@[5, 10, 20, 50]: Recall=[0.03090, 0.05082, 0.08220, 0.14524],  precision=[0.00649, 0.00538, 0.00435, 0.00309], hit=[0.03235, 0.05348, 0.08614, 0.15171], ndcg=[0.02008, 0.02654, 0.03453, 0.04714], Train Rec Loss=[0.03223], Eval Rec Loss=[0.03200], c=[0.50000], F=[0.83439, 0.87019, 0.90612, 0.93602], F_fuse=[0.01288, 0.01070, 0.00866, 0.00615]
[ INFO : 2026-08-08 06:41:43,011 ] - Epoch 60: train==[142.98295 = 0.97632 + 1.10853 + 30.55603 + 0.01046 + 0.00000 + 0.00087 + 1225.89705]
[ INFO : 2026-08-08 06:41:52,577 ] - Test_@[5, 10, 20, 50]: Recall=[0.03004, 0.05065, 0.08233, 0.14592],  precision=[0.00632, 0.00536, 0.00436, 0.00310], hit=[0.03147, 0.05328, 0.08629, 0.15243], ndcg=[0.01988, 0.02658, 0.03464, 0.04735], Train Rec Loss=[0.03222], Eval Rec Loss=[0.03200], c=[0.50000], F=[0.83957, 0.87240, 0.90668, 0.93570], F_fuse=[0.01254, 0.01066, 0.00868, 0.00618]
[ INFO : 2026-08-08 06:44:30,545 ] - Epoch 61: train==[142.75824 = 0.96473 + 1.10852 + 30.34289 + 0.01051 + 0.00000 + 0.00086 + 1225.89705]
[ INFO : 2026-08-08 06:44:39,959 ] - Test_@[5, 10, 20, 50]: Recall=[0.03064, 0.05094, 0.08230, 0.14505],  precision=[0.00644, 0.00540, 0.00436, 0.00308], hit=[0.03209, 0.05359, 0.08629, 0.15161], ndcg=[0.01989, 0.02646, 0.03444, 0.04697], Train Rec Loss=[0.03218], Eval Rec Loss=[0.03197], c=[0.50000], F=[0.83240, 0.86768, 0.90479, 0.93480], F_fuse=[0.01278, 0.01073, 0.00867, 0.00614]
[ INFO : 2026-08-08 06:47:17,620 ] - Epoch 62: train==[142.47045 = 0.95827 + 1.10852 + 30.06151 + 0.01055 + 0.00000 + 0.00086 + 1225.89705]
[ INFO : 2026-08-08 06:47:27,768 ] - Test_@[5, 10, 20, 50]: Recall=[0.02991, 0.05104, 0.08223, 0.14539],  precision=[0.00632, 0.00542, 0.00435, 0.00309], hit=[0.03147, 0.05379, 0.08614, 0.15192], ndcg=[0.01955, 0.02643, 0.03434, 0.04699], Train Rec Loss=[0.03218], Eval Rec Loss=[0.03194], c=[0.50000], F=[0.84136, 0.87354, 0.90697, 0.93547], F_fuse=[0.01254, 0.01077, 0.00867, 0.00616]
[ INFO : 2026-08-08 06:50:07,412 ] - Epoch 63: train==[142.40260 = 0.95690 + 1.10851 + 29.99492 + 0.01067 + 0.00000 + 0.00086 + 1225.89705]
[ INFO : 2026-08-08 06:50:16,900 ] - Test_@[5, 10, 20, 50]: Recall=[0.03054, 0.05129, 0.08263, 0.14525],  precision=[0.00643, 0.00543, 0.00437, 0.00309], hit=[0.03204, 0.05384, 0.08655, 0.15171], ndcg=[0.02011, 0.02682, 0.03481, 0.04730], Train Rec Loss=[0.03219], Eval Rec Loss=[0.03199], c=[0.50000], F=[0.82718, 0.86513, 0.90283, 0.93491], F_fuse=[0.01276, 0.01078, 0.00871, 0.00615]
[ INFO : 2026-08-08 06:52:56,483 ] - Epoch 64: train==[142.29570 = 0.94919 + 1.10853 + 29.89569 + 0.01070 + 0.00000 + 0.00085 + 1225.89705]
[ INFO : 2026-08-08 06:53:07,801 ] - Test_@[5, 10, 20, 50]: Recall=[0.03096, 0.05108, 0.08293, 0.14640],  precision=[0.00650, 0.00540, 0.00439, 0.00311], hit=[0.03240, 0.05364, 0.08691, 0.15269], ndcg=[0.02047, 0.02699, 0.03511, 0.04775], Train Rec Loss=[0.03215], Eval Rec Loss=[0.03195], c=[0.50000], F=[0.83293, 0.86732, 0.90361, 0.93511], F_fuse=[0.01290, 0.01074, 0.00874, 0.00619]
[ INFO : 2026-08-08 06:55:46,007 ] - Epoch 65: train==[142.06341 = 0.94086 + 1.10851 + 29.67170 + 0.01074 + 0.00000 + 0.00085 + 1225.89705]
[ INFO : 2026-08-08 06:55:56,126 ] - Test_@[5, 10, 20, 50]: Recall=[0.03085, 0.05099, 0.08335, 0.14604],  precision=[0.00648, 0.00541, 0.00441, 0.00310], hit=[0.03230, 0.05369, 0.08732, 0.15253], ndcg=[0.02039, 0.02693, 0.03516, 0.04767], Train Rec Loss=[0.03215], Eval Rec Loss=[0.03195], c=[0.50000], F=[0.83605, 0.86905, 0.90446, 0.93523], F_fuse=[0.01286, 0.01075, 0.00877, 0.00618]
[ INFO : 2026-08-08 06:58:33,874 ] - Epoch 66: train==[141.79445 = 0.93443 + 1.10852 + 29.40911 + 0.01079 + 0.00000 + 0.00085 + 1225.89705]
[ INFO : 2026-08-08 06:58:44,244 ] - Test_@[5, 10, 20, 50]: Recall=[0.03052, 0.05123, 0.08305, 0.14540],  precision=[0.00639, 0.00544, 0.00439, 0.00309], hit=[0.03183, 0.05395, 0.08701, 0.15186], ndcg=[0.01992, 0.02665, 0.03475, 0.04721], Train Rec Loss=[0.03217], Eval Rec Loss=[0.03193], c=[0.50000], F=[0.83438, 0.87027, 0.90439, 0.93400], F_fuse=[0.01268, 0.01080, 0.00875, 0.00616]
[ INFO : 2026-08-08 07:01:23,593 ] - Epoch 67: train==[141.53820 = 0.92908 + 1.10851 + 29.15817 + 0.01085 + 0.00000 + 0.00085 + 1225.89705]
[ INFO : 2026-08-08 07:01:35,399 ] - Test_@[5, 10, 20, 50]: Recall=[0.03107, 0.05159, 0.08263, 0.14614],  precision=[0.00650, 0.00546, 0.00437, 0.00310], hit=[0.03240, 0.05426, 0.08655, 0.15264], ndcg=[0.02012, 0.02678, 0.03467, 0.04735], Train Rec Loss=[0.03217], Eval Rec Loss=[0.03195], c=[0.50000], F=[0.82755, 0.86448, 0.90215, 0.93381], F_fuse=[0.01290, 0.01085, 0.00871, 0.00619]
[ INFO : 2026-08-08 07:04:15,021 ] - Epoch 68: train==[141.49849 = 0.92266 + 1.10852 + 29.12479 + 0.01093 + 0.00000 + 0.00085 + 1225.89705]
[ INFO : 2026-08-08 07:04:24,382 ] - Test_@[5, 10, 20, 50]: Recall=[0.03118, 0.05100, 0.08291, 0.14524],  precision=[0.00656, 0.00540, 0.00439, 0.00309], hit=[0.03271, 0.05354, 0.08686, 0.15171], ndcg=[0.02047, 0.02691, 0.03505, 0.04752], Train Rec Loss=[0.03215], Eval Rec Loss=[0.03195], c=[0.50000], F=[0.83586, 0.87042, 0.90426, 0.93403], F_fuse=[0.01302, 0.01073, 0.00874, 0.00615]
[ INFO : 2026-08-08 07:07:05,481 ] - Epoch 69: train==[141.26623 = 0.91873 + 1.10851 + 28.89640 + 0.01101 + 0.00000 + 0.00085 + 1225.89705]
[ INFO : 2026-08-08 07:07:15,308 ] - Test_@[5, 10, 20, 50]: Recall=[0.03129, 0.05119, 0.08278, 0.14610],  precision=[0.00656, 0.00543, 0.00439, 0.00310], hit=[0.03271, 0.05384, 0.08691, 0.15264], ndcg=[0.02056, 0.02703, 0.03507, 0.04771], Train Rec Loss=[0.03215], Eval Rec Loss=[0.03191], c=[0.50000], F=[0.82970, 0.86586, 0.90179, 0.93379], F_fuse=[0.01302, 0.01078, 0.00874, 0.00619]
[ INFO : 2026-08-08 07:09:47,933 ] - Epoch 70: train==[141.03786 = 0.90782 + 1.10851 + 28.67889 + 0.01106 + 0.00000 + 0.00084 + 1225.89705]
[ INFO : 2026-08-08 07:09:58,862 ] - Test_@[5, 10, 20, 50]: Recall=[0.03086, 0.05131, 0.08296, 0.14686],  precision=[0.00647, 0.00545, 0.00439, 0.00312], hit=[0.03224, 0.05400, 0.08707, 0.15330], ndcg=[0.02014, 0.02681, 0.03488, 0.04763], Train Rec Loss=[0.03213], Eval Rec Loss=[0.03194], c=[0.50000], F=[0.83502, 0.87023, 0.90442, 0.93385], F_fuse=[0.01284, 0.01082, 0.00875, 0.00621]
[ INFO : 2026-08-08 07:12:33,231 ] - Epoch 71: train==[141.02366 = 0.90506 + 1.10850 + 28.66740 + 0.01113 + 0.00000 + 0.00084 + 1225.89705]
[ INFO : 2026-08-08 07:12:42,829 ] - Test_@[5, 10, 20, 50]: Recall=[0.03079, 0.05177, 0.08400, 0.14677],  precision=[0.00646, 0.00550, 0.00445, 0.00312], hit=[0.03219, 0.05451, 0.08815, 0.15325], ndcg=[0.02020, 0.02706, 0.03524, 0.04778], Train Rec Loss=[0.03216], Eval Rec Loss=[0.03193], c=[0.50000], F=[0.83323, 0.86902, 0.90468, 0.93443], F_fuse=[0.01282, 0.01094, 0.00886, 0.00621]
[ INFO : 2026-08-08 07:15:16,412 ] - Epoch 72: train==[140.77042 = 0.89904 + 1.10851 + 28.42013 + 0.01117 + 0.00000 + 0.00084 + 1225.89705]
[ INFO : 2026-08-08 07:15:26,509 ] - Test_@[5, 10, 20, 50]: Recall=[0.03072, 0.05161, 0.08356, 0.14671],  precision=[0.00645, 0.00548, 0.00443, 0.00312], hit=[0.03214, 0.05441, 0.08763, 0.15320], ndcg=[0.02036, 0.02720, 0.03530, 0.04793], Train Rec Loss=[0.03213], Eval Rec Loss=[0.03192], c=[0.50000], F=[0.83452, 0.86946, 0.90301, 0.93362], F_fuse=[0.01280, 0.01090, 0.00881, 0.00621]
[ INFO : 2026-08-08 07:17:58,873 ] - Epoch 73: train==[140.68401 = 0.89637 + 1.10850 + 28.33638 + 0.01119 + 0.00000 + 0.00084 + 1225.89705]
[ INFO : 2026-08-08 07:18:08,713 ] - Test_@[5, 10, 20, 50]: Recall=[0.03075, 0.05203, 0.08330, 0.14725],  precision=[0.00646, 0.00552, 0.00442, 0.00313], hit=[0.03219, 0.05477, 0.08743, 0.15392], ndcg=[0.02029, 0.02726, 0.03519, 0.04797], Train Rec Loss=[0.03211], Eval Rec Loss=[0.03187], c=[0.50000], F=[0.83213, 0.86893, 0.90355, 0.93427], F_fuse=[0.01282, 0.01098, 0.00879, 0.00624]
[ INFO : 2026-08-08 07:20:40,703 ] - Epoch 74: train==[140.52178 = 0.88647 + 1.10850 + 28.18397 + 0.01127 + 0.00000 + 0.00084 + 1225.89705]
[ INFO : 2026-08-08 07:20:51,226 ] - Test_@[5, 10, 20, 50]: Recall=[0.03099, 0.05255, 0.08322, 0.14742],  precision=[0.00650, 0.00558, 0.00441, 0.00313], hit=[0.03240, 0.05534, 0.08737, 0.15397], ndcg=[0.02054, 0.02759, 0.03542, 0.04827], Train Rec Loss=[0.03211], Eval Rec Loss=[0.03190], c=[0.50000], F=[0.83152, 0.86817, 0.90302, 0.93402], F_fuse=[0.01290, 0.01109, 0.00878, 0.00625]
[ INFO : 2026-08-08 07:23:27,846 ] - Epoch 75: train==[140.41480 = 0.88608 + 1.10850 + 28.07736 + 0.01129 + 0.00000 + 0.00083 + 1225.89705]
[ INFO : 2026-08-08 07:23:37,306 ] - Test_@[5, 10, 20, 50]: Recall=[0.03107, 0.05210, 0.08272, 0.14737],  precision=[0.00652, 0.00553, 0.00439, 0.00313], hit=[0.03250, 0.05482, 0.08681, 0.15392], ndcg=[0.02036, 0.02723, 0.03500, 0.04791], Train Rec Loss=[0.03211], Eval Rec Loss=[0.03189], c=[0.50000], F=[0.82791, 0.86709, 0.90244, 0.93335], F_fuse=[0.01294, 0.01099, 0.00873, 0.00624]
[ INFO : 2026-08-08 07:26:13,737 ] - Epoch 76: train==[140.13085 = 0.87529 + 1.10850 + 27.80409 + 0.01140 + 0.00000 + 0.00083 + 1225.89705]
[ INFO : 2026-08-08 07:26:23,417 ] - Test_@[5, 10, 20, 50]: Recall=[0.03102, 0.05058, 0.08237, 0.14693],  precision=[0.00650, 0.00537, 0.00437, 0.00312], hit=[0.03240, 0.05338, 0.08655, 0.15351], ndcg=[0.02066, 0.02708, 0.03517, 0.04807], Train Rec Loss=[0.03211], Eval Rec Loss=[0.03191], c=[0.50000], F=[0.83305, 0.86974, 0.90354, 0.93262], F_fuse=[0.01290, 0.01068, 0.00871, 0.00623]
[ INFO : 2026-08-08 07:29:00,495 ] - Epoch 77: train==[140.11042 = 0.87051 + 1.10850 + 27.78838 + 0.01146 + 0.00000 + 0.00083 + 1225.89705]
[ INFO : 2026-08-08 07:29:10,251 ] - Test_@[5, 10, 20, 50]: Recall=[0.03150, 0.05078, 0.08220, 0.14684],  precision=[0.00661, 0.00539, 0.00436, 0.00312], hit=[0.03296, 0.05348, 0.08635, 0.15341], ndcg=[0.02067, 0.02697, 0.03494, 0.04786], Train Rec Loss=[0.03208], Eval Rec Loss=[0.03186], c=[0.50000], F=[0.83268, 0.86677, 0.90140, 0.93260], F_fuse=[0.01312, 0.01071, 0.00869, 0.00622]
[ INFO : 2026-08-08 07:31:46,916 ] - Epoch 78: train==[139.75804 = 0.86766 + 1.10850 + 27.43872 + 0.01159 + 0.00000 + 0.00083 + 1225.89705]
[ INFO : 2026-08-08 07:31:56,412 ] - Test_@[5, 10, 20, 50]: Recall=[0.03097, 0.05156, 0.08209, 0.14825],  precision=[0.00649, 0.00546, 0.00436, 0.00315], hit=[0.03235, 0.05426, 0.08629, 0.15490], ndcg=[0.02044, 0.02715, 0.03488, 0.04807], Train Rec Loss=[0.03208], Eval Rec Loss=[0.03188], c=[0.50000], F=[0.83147, 0.86658, 0.90207, 0.93391], F_fuse=[0.01288, 0.01085, 0.00868, 0.00628]
[ INFO : 2026-08-08 07:34:29,225 ] - Epoch 79: train==[139.73172 = 0.86159 + 1.10849 + 27.41848 + 0.01160 + 0.00000 + 0.00083 + 1225.89705]
[ INFO : 2026-08-08 07:34:39,561 ] - Test_@[5, 10, 20, 50]: Recall=[0.03163, 0.05196, 0.08153, 0.14650],  precision=[0.00663, 0.00550, 0.00433, 0.00312], hit=[0.03307, 0.05456, 0.08573, 0.15320], ndcg=[0.02085, 0.02747, 0.03498, 0.04797], Train Rec Loss=[0.03209], Eval Rec Loss=[0.03188], c=[0.50000], F=[0.82780, 0.86441, 0.90102, 0.93436], F_fuse=[0.01316, 0.01094, 0.00862, 0.00622]
[ INFO : 2026-08-08 07:37:10,673 ] - Epoch 80: train==[139.64397 = 0.85904 + 1.10849 + 27.33320 + 0.01168 + 0.00000 + 0.00082 + 1225.89705]
[ INFO : 2026-08-08 07:37:20,697 ] - Test_@[5, 10, 20, 50]: Recall=[0.03194, 0.05244, 0.08365, 0.14723],  precision=[0.00669, 0.00555, 0.00443, 0.00313], hit=[0.03332, 0.05513, 0.08773, 0.15387], ndcg=[0.02104, 0.02772, 0.03563, 0.04833], Train Rec Loss=[0.03207], Eval Rec Loss=[0.03185], c=[0.50000], F=[0.83425, 0.86794, 0.90211, 0.93276], F_fuse=[0.01326, 0.01103, 0.00882, 0.00624]
[ INFO : 2026-08-08 07:39:52,351 ] - Epoch 81: train==[139.46289 = 0.84946 + 1.10849 + 27.16167 + 0.01172 + 0.00000 + 0.00082 + 1225.89705]
[ INFO : 2026-08-08 07:40:02,317 ] - Test_@[5, 10, 20, 50]: Recall=[0.03212, 0.05260, 0.08344, 0.14857],  precision=[0.00674, 0.00557, 0.00443, 0.00316], hit=[0.03358, 0.05539, 0.08763, 0.15526], ndcg=[0.02091, 0.02759, 0.03542, 0.04844], Train Rec Loss=[0.03207], Eval Rec Loss=[0.03186], c=[0.50000], F=[0.83743, 0.86866, 0.90110, 0.93168], F_fuse=[0.01337, 0.01108, 0.00881, 0.00629]
[ INFO : 2026-08-08 07:42:34,595 ] - Epoch 82: train==[139.31100 = 0.84718 + 1.10849 + 27.01203 + 0.01175 + 0.00000 + 0.00082 + 1225.89705]
[ INFO : 2026-08-08 07:42:44,294 ] - Test_@[5, 10, 20, 50]: Recall=[0.03086, 0.05202, 0.08153, 0.14705],  precision=[0.00650, 0.00551, 0.00433, 0.00313], hit=[0.03240, 0.05467, 0.08557, 0.15372], ndcg=[0.02043, 0.02734, 0.03484, 0.04793], Train Rec Loss=[0.03207], Eval Rec Loss=[0.03186], c=[0.50000], F=[0.82510, 0.86365, 0.89987, 0.93302], F_fuse=[0.01290, 0.01095, 0.00861, 0.00623]
[ INFO : 2026-08-08 07:45:16,237 ] - Epoch 83: train==[139.22756 = 0.84766 + 1.10848 + 26.92800 + 0.01185 + 0.00000 + 0.00082 + 1225.89705]
[ INFO : 2026-08-08 07:45:26,658 ] - Test_@[5, 10, 20, 50]: Recall=[0.03222, 0.05268, 0.08235, 0.14820],  precision=[0.00675, 0.00557, 0.00437, 0.00315], hit=[0.03363, 0.05539, 0.08645, 0.15485], ndcg=[0.02089, 0.02757, 0.03511, 0.04826], Train Rec Loss=[0.03206], Eval Rec Loss=[0.03184], c=[0.50000], F=[0.83524, 0.86825, 0.90148, 0.93215], F_fuse=[0.01339, 0.01108, 0.00869, 0.00628]
[ INFO : 2026-08-08 07:47:57,843 ] - Epoch 84: train==[139.20620 = 0.83427 + 1.10849 + 26.91998 + 0.01191 + 0.00000 + 0.00082 + 1225.89705]
[ INFO : 2026-08-08 07:48:07,460 ] - Test_@[5, 10, 20, 50]: Recall=[0.03195, 0.05289, 0.08320, 0.14691],  precision=[0.00672, 0.00560, 0.00441, 0.00313], hit=[0.03348, 0.05549, 0.08727, 0.15356], ndcg=[0.02100, 0.02785, 0.03553, 0.04826], Train Rec Loss=[0.03206], Eval Rec Loss=[0.03181], c=[0.50000], F=[0.82933, 0.86459, 0.90024, 0.93338], F_fuse=[0.01332, 0.01112, 0.00878, 0.00623]
[ INFO : 2026-08-08 07:50:38,667 ] - Epoch 85: train==[139.01395 = 0.83195 + 1.10848 + 26.73000 + 0.01197 + 0.00000 + 0.00081 + 1225.89705]
[ INFO : 2026-08-08 07:50:48,279 ] - Test_@[5, 10, 20, 50]: Recall=[0.03195, 0.05213, 0.08337, 0.14743],  precision=[0.00671, 0.00551, 0.00442, 0.00313], hit=[0.03343, 0.05477, 0.08743, 0.15408], ndcg=[0.02116, 0.02777, 0.03572, 0.04852], Train Rec Loss=[0.03205], Eval Rec Loss=[0.03184], c=[0.50000], F=[0.83079, 0.86644, 0.90206, 0.93344], F_fuse=[0.01330, 0.01096, 0.00879, 0.00625]
[ INFO : 2026-08-08 07:53:20,353 ] - Epoch 86: train==[138.93091 = 0.82801 + 1.10848 + 26.65082 + 0.01205 + 0.00000 + 0.00081 + 1225.89705]
[ INFO : 2026-08-08 07:53:30,898 ] - Test_@[5, 10, 20, 50]: Recall=[0.03201, 0.05296, 0.08312, 0.14643],  precision=[0.00676, 0.00561, 0.00440, 0.00312], hit=[0.03368, 0.05559, 0.08722, 0.15320], ndcg=[0.02095, 0.02776, 0.03542, 0.04810], Train Rec Loss=[0.03206], Eval Rec Loss=[0.03182], c=[0.50000], F=[0.82546, 0.86363, 0.90097, 0.93468], F_fuse=[0.01341, 0.01114, 0.00877, 0.00621]
[ INFO : 2026-08-08 07:56:03,393 ] - Epoch 87: train==[138.86079 = 0.82382 + 1.10848 + 26.58488 + 0.01206 + 0.00000 + 0.00081 + 1225.89705]
[ INFO : 2026-08-08 07:56:13,491 ] - Test_@[5, 10, 20, 50]: Recall=[0.03198, 0.05284, 0.08355, 0.14724],  precision=[0.00673, 0.00559, 0.00443, 0.00313], hit=[0.03353, 0.05554, 0.08758, 0.15392], ndcg=[0.02098, 0.02779, 0.03558, 0.04828], Train Rec Loss=[0.03205], Eval Rec Loss=[0.03182], c=[0.50000], F=[0.83077, 0.86664, 0.90171, 0.93306], F_fuse=[0.01335, 0.01111, 0.00881, 0.00624]
[ INFO : 2026-08-08 07:58:44,984 ] - Epoch 88: train==[138.70277 = 0.82180 + 1.10848 + 26.42882 + 0.01214 + 0.00000 + 0.00081 + 1225.89705]
[ INFO : 2026-08-08 07:58:54,598 ] - Test_@[5, 10, 20, 50]: Recall=[0.03165, 0.05313, 0.08295, 0.14600],  precision=[0.00665, 0.00562, 0.00440, 0.00311], hit=[0.03317, 0.05580, 0.08701, 0.15284], ndcg=[0.02084, 0.02784, 0.03542, 0.04804], Train Rec Loss=[0.03205], Eval Rec Loss=[0.03182], c=[0.50000], F=[0.82911, 0.86578, 0.90153, 0.93337], F_fuse=[0.01320, 0.01116, 0.00875, 0.00619]
[ INFO : 2026-08-08 08:01:26,729 ] - Epoch 89: train==[138.48000 = 0.81223 + 1.10848 + 26.21557 + 0.01217 + 0.00000 + 0.00081 + 1225.89705]
[ INFO : 2026-08-08 08:01:36,933 ] - Test_@[5, 10, 20, 50]: Recall=[0.03197, 0.05404, 0.08391, 0.14814],  precision=[0.00672, 0.00572, 0.00445, 0.00316], hit=[0.03348, 0.05672, 0.08804, 0.15510], ndcg=[0.02083, 0.02801, 0.03558, 0.04843], Train Rec Loss=[0.03202], Eval Rec Loss=[0.03181], c=[0.50000], F=[0.83109, 0.86698, 0.90295, 0.93485], F_fuse=[0.01333, 0.01136, 0.00885, 0.00629]
[ INFO : 2026-08-08 08:04:12,738 ] - Epoch 90: train==[138.42902 = 0.81037 + 1.10847 + 26.16640 + 0.01223 + 0.00000 + 0.00081 + 1225.89705]
[ INFO : 2026-08-08 08:04:23,823 ] - Test_@[5, 10, 20, 50]: Recall=[0.03244, 0.05351, 0.08389, 0.14771],  precision=[0.00680, 0.00567, 0.00445, 0.00314], hit=[0.03389, 0.05631, 0.08804, 0.15464], ndcg=[0.02111, 0.02797, 0.03567, 0.04840], Train Rec Loss=[0.03204], Eval Rec Loss=[0.03178], c=[0.50000], F=[0.82742, 0.86534, 0.90112, 0.93303], F_fuse=[0.01349, 0.01126, 0.00885, 0.00627]
[ INFO : 2026-08-08 08:07:02,711 ] - Epoch 91: train==[138.27371 = 0.80538 + 1.10847 + 26.01598 + 0.01233 + 0.00000 + 0.00080 + 1225.89705]
[ INFO : 2026-08-08 08:07:12,116 ] - Test_@[5, 10, 20, 50]: Recall=[0.03251, 0.05332, 0.08411, 0.14887],  precision=[0.00682, 0.00565, 0.00445, 0.00316], hit=[0.03399, 0.05611, 0.08809, 0.15577], ndcg=[0.02119, 0.02801, 0.03580, 0.04872], Train Rec Loss=[0.03203], Eval Rec Loss=[0.03180], c=[0.50000], F=[0.83244, 0.86720, 0.90198, 0.93286], F_fuse=[0.01353, 0.01122, 0.00885, 0.00631]
[ INFO : 2026-08-08 08:09:48,453 ] - Epoch 92: train==[138.19381 = 0.80219 + 1.10847 + 25.93915 + 0.01245 + 0.00000 + 0.00080 + 1225.89705]
[ INFO : 2026-08-08 08:09:58,083 ] - Test_@[5, 10, 20, 50]: Recall=[0.03125, 0.05361, 0.08385, 0.14691],  precision=[0.00659, 0.00567, 0.00444, 0.00313], hit=[0.03286, 0.05631, 0.08789, 0.15392], ndcg=[0.02077, 0.02805, 0.03572, 0.04832], Train Rec Loss=[0.03201], Eval Rec Loss=[0.03178], c=[0.50000], F=[0.82524, 0.86469, 0.90222, 0.93456], F_fuse=[0.01308, 0.01127, 0.00884, 0.00624]
[ INFO : 2026-08-08 08:12:33,753 ] - Epoch 93: train==[138.15439 = 0.79739 + 1.10847 + 25.90456 + 0.01244 + 0.00000 + 0.00080 + 1225.89705]
[ INFO : 2026-08-08 08:12:43,483 ] - Test_@[5, 10, 20, 50]: Recall=[0.03230, 0.05271, 0.08430, 0.14799],  precision=[0.00678, 0.00557, 0.00446, 0.00315], hit=[0.03379, 0.05544, 0.08845, 0.15480], ndcg=[0.02118, 0.02783, 0.03585, 0.04855], Train Rec Loss=[0.03202], Eval Rec Loss=[0.03180], c=[0.50000], F=[0.83029, 0.86660, 0.90133, 0.93271], F_fuse=[0.01345, 0.01108, 0.00888, 0.00627]
[ INFO : 2026-08-08 08:15:20,677 ] - Epoch 94: train==[138.08317 = 0.79475 + 1.10850 + 25.83588 + 0.01250 + 0.00000 + 0.00080 + 1225.89705]
[ INFO : 2026-08-08 08:15:30,541 ] - Test_@[5, 10, 20, 50]: Recall=[0.03181, 0.05298, 0.08314, 0.14689],  precision=[0.00669, 0.00560, 0.00441, 0.00312], hit=[0.03332, 0.05570, 0.08727, 0.15382], ndcg=[0.02117, 0.02806, 0.03574, 0.04849], Train Rec Loss=[0.03200], Eval Rec Loss=[0.03182], c=[0.50000], F=[0.82660, 0.86542, 0.90180, 0.93364], F_fuse=[0.01326, 0.01113, 0.00878, 0.00623]
[ INFO : 2026-08-08 08:18:06,157 ] - Epoch 95: train==[138.05443 = 0.78846 + 1.10847 + 25.81346 + 0.01250 + 0.00000 + 0.00079 + 1225.89705]
[ INFO : 2026-08-08 08:18:16,247 ] - Test_@[5, 10, 20, 50]: Recall=[0.03239, 0.05315, 0.08425, 0.14732],  precision=[0.00684, 0.00563, 0.00446, 0.00313], hit=[0.03410, 0.05595, 0.08835, 0.15428], ndcg=[0.02133, 0.02808, 0.03597, 0.04856], Train Rec Loss=[0.03201], Eval Rec Loss=[0.03178], c=[0.50000], F=[0.82744, 0.86495, 0.90080, 0.93390], F_fuse=[0.01357, 0.01118, 0.00888, 0.00624]
[ INFO : 2026-08-08 08:20:51,993 ] - Epoch 96: train==[137.87656 = 0.78577 + 1.10848 + 25.63816 + 0.01261 + 0.00000 + 0.00079 + 1225.89705]
[ INFO : 2026-08-08 08:21:01,477 ] - Test_@[5, 10, 20, 50]: Recall=[0.03186, 0.05320, 0.08369, 0.14669],  precision=[0.00672, 0.00563, 0.00444, 0.00312], hit=[0.03348, 0.05595, 0.08768, 0.15361], ndcg=[0.02117, 0.02813, 0.03589, 0.04848], Train Rec Loss=[0.03201], Eval Rec Loss=[0.03180], c=[0.50000], F=[0.82726, 0.86495, 0.90088, 0.93337], F_fuse=[0.01332, 0.01118, 0.00883, 0.00622]
[ INFO : 2026-08-08 08:23:35,732 ] - Epoch 97: train==[137.82565 = 0.78122 + 1.10846 + 25.59177 + 0.01267 + 0.00000 + 0.00079 + 1225.89705]
[ INFO : 2026-08-08 08:23:45,503 ] - Test_@[5, 10, 20, 50]: Recall=[0.03290, 0.05322, 0.08358, 0.14697],  precision=[0.00692, 0.00563, 0.00443, 0.00313], hit=[0.03451, 0.05595, 0.08758, 0.15397], ndcg=[0.02146, 0.02808, 0.03581, 0.04850], Train Rec Loss=[0.03200], Eval Rec Loss=[0.03179], c=[0.50000], F=[0.82711, 0.86618, 0.90296, 0.93504], F_fuse=[0.01373, 0.01118, 0.00881, 0.00623]
[ INFO : 2026-08-08 08:26:19,071 ] - Epoch 98: train==[137.70173 = 0.78036 + 1.10846 + 25.46858 + 0.01279 + 0.00000 + 0.00079 + 1225.89705]
[ INFO : 2026-08-08 08:26:28,492 ] - Test_@[5, 10, 20, 50]: Recall=[0.03279, 0.05347, 0.08441, 0.14665],  precision=[0.00688, 0.00565, 0.00447, 0.00312], hit=[0.03430, 0.05616, 0.08845, 0.15361], ndcg=[0.02135, 0.02807, 0.03593, 0.04837], Train Rec Loss=[0.03199], Eval Rec Loss=[0.03177], c=[0.50000], F=[0.82755, 0.86578, 0.90129, 0.93416], F_fuse=[0.01365, 0.01122, 0.00890, 0.00622]
[ INFO : 2026-08-08 08:29:05,427 ] - Epoch 99: train==[137.66196 = 0.77013 + 1.10846 + 25.43899 + 0.01285 + 0.00000 + 0.00079 + 1225.89705]
[ INFO : 2026-08-08 08:29:15,038 ] - Test_@[5, 10, 20, 50]: Recall=[0.03221, 0.05333, 0.08321, 0.14516],  precision=[0.00678, 0.00564, 0.00440, 0.00309], hit=[0.03379, 0.05611, 0.08717, 0.15202], ndcg=[0.02108, 0.02793, 0.03548, 0.04789], Train Rec Loss=[0.03199], Eval Rec Loss=[0.03177], c=[0.50000], F=[0.82611, 0.86471, 0.90106, 0.93456], F_fuse=[0.01345, 0.01121, 0.00877, 0.00616]
[ INFO : 2026-08-08 08:31:49,081 ] - Epoch 100: train==[137.59760 = 0.77117 + 1.10845 + 25.37364 + 0.01281 + 0.00000 + 0.00079 + 1225.89705]
[ INFO : 2026-08-08 08:31:58,531 ] - Test_@[5, 10, 20, 50]: Recall=[0.03334, 0.05384, 0.08473, 0.14658],  precision=[0.00697, 0.00569, 0.00449, 0.00312], hit=[0.03476, 0.05662, 0.08887, 0.15356], ndcg=[0.02190, 0.02858, 0.03642, 0.04879], Train Rec Loss=[0.03199], Eval Rec Loss=[0.03173], c=[0.50000], F=[0.82800, 0.86708, 0.90206, 0.93311], F_fuse=[0.01383, 0.01131, 0.00893, 0.00622]
[ INFO : 2026-08-08 08:34:32,093 ] - Epoch 101: train==[137.38154 = 0.76642 + 1.10845 + 25.16217 + 0.01297 + 0.00000 + 0.00079 + 1225.89705]
[ INFO : 2026-08-08 08:34:41,612 ] - Test_@[5, 10, 20, 50]: Recall=[0.03200, 0.05282, 0.08307, 0.14554],  precision=[0.00674, 0.00558, 0.00440, 0.00310], hit=[0.03358, 0.05554, 0.08717, 0.15258], ndcg=[0.02096, 0.02775, 0.03545, 0.04797], Train Rec Loss=[0.03196], Eval Rec Loss=[0.03177], c=[0.50000], F=[0.82765, 0.86592, 0.90163, 0.93415], F_fuse=[0.01337, 0.01110, 0.00876, 0.00618]
[ INFO : 2026-08-08 08:37:16,072 ] - Epoch 102: train==[137.27841 = 0.76364 + 1.10845 + 25.06186 + 0.01295 + 0.00000 + 0.00078 + 1225.89705]
[ INFO : 2026-08-08 08:37:26,170 ] - Test_@[5, 10, 20, 50]: Recall=[0.03281, 0.05278, 0.08417, 0.14614],  precision=[0.00689, 0.00559, 0.00446, 0.00311], hit=[0.03435, 0.05559, 0.08815, 0.15325], ndcg=[0.02161, 0.02812, 0.03609, 0.04848], Train Rec Loss=[0.03197], Eval Rec Loss=[0.03175], c=[0.50000], F=[0.82630, 0.86581, 0.90203, 0.93394], F_fuse=[0.01367, 0.01111, 0.00887, 0.00620]
[ INFO : 2026-08-08 08:39:59,145 ] - Epoch 103: train==[137.30803 = 0.75630 + 1.10845 + 25.09868 + 0.01309 + 0.00000 + 0.00079 + 1225.89705]
[ INFO : 2026-08-08 08:40:09,118 ] - Test_@[5, 10, 20, 50]: Recall=[0.03239, 0.05308, 0.08417, 0.14615],  precision=[0.00681, 0.00562, 0.00445, 0.00311], hit=[0.03394, 0.05585, 0.08815, 0.15325], ndcg=[0.02133, 0.02806, 0.03594, 0.04835], Train Rec Loss=[0.03197], Eval Rec Loss=[0.03173], c=[0.50000], F=[0.82889, 0.86818, 0.90301, 0.93456], F_fuse=[0.01351, 0.01116, 0.00886, 0.00621]
[ INFO : 2026-08-08 08:42:41,961 ] - Epoch 104: train==[137.19739 = 0.75487 + 1.10844 + 24.98946 + 0.01309 + 0.00000 + 0.00078 + 1225.89705]
[ INFO : 2026-08-08 08:42:51,941 ] - Test_@[5, 10, 20, 50]: Recall=[0.03275, 0.05218, 0.08472, 0.14604],  precision=[0.00688, 0.00553, 0.00449, 0.00311], hit=[0.03430, 0.05498, 0.08887, 0.15320], ndcg=[0.02145, 0.02780, 0.03607, 0.04830], Train Rec Loss=[0.03197], Eval Rec Loss=[0.03175], c=[0.50000], F=[0.82627, 0.86508, 0.90177, 0.93473], F_fuse=[0.01365, 0.01099, 0.00893, 0.00620]
[ INFO : 2026-08-08 08:45:27,240 ] - Epoch 105: train==[137.22598 = 0.75012 + 1.10845 + 25.02274 + 0.01315 + 0.00000 + 0.00078 + 1225.89705]
[ INFO : 2026-08-08 08:45:36,725 ] - Test_@[5, 10, 20, 50]: Recall=[0.03284, 0.05311, 0.08426, 0.14575],  precision=[0.00691, 0.00562, 0.00446, 0.00310], hit=[0.03446, 0.05590, 0.08830, 0.15284], ndcg=[0.02188, 0.02845, 0.03634, 0.04865], Train Rec Loss=[0.03196], Eval Rec Loss=[0.03176], c=[0.50000], F=[0.82744, 0.86616, 0.90161, 0.93417], F_fuse=[0.01371, 0.01117, 0.00887, 0.00619]
[ INFO : 2026-08-08 08:48:11,935 ] - Epoch 106: train==[137.02335 = 0.74855 + 1.10844 + 24.82157 + 0.01327 + 0.00000 + 0.00078 + 1225.89705]
[ INFO : 2026-08-08 08:48:21,690 ] - Test_@[5, 10, 20, 50]: Recall=[0.03326, 0.05346, 0.08557, 0.14741],  precision=[0.00695, 0.00566, 0.00453, 0.00314], hit=[0.03466, 0.05626, 0.08964, 0.15444], ndcg=[0.02182, 0.02843, 0.03656, 0.04891], Train Rec Loss=[0.03196], Eval Rec Loss=[0.03172], c=[0.50000], F=[0.83282, 0.86888, 0.90239, 0.93370], F_fuse=[0.01379, 0.01124, 0.00901, 0.00625]
[ INFO : 2026-08-08 08:50:59,290 ] - Epoch 107: train==[136.96760 = 0.73977 + 1.10844 + 24.77457 + 0.01331 + 0.00000 + 0.00078 + 1225.89705]
[ INFO : 2026-08-08 08:51:09,203 ] - Test_@[5, 10, 20, 50]: Recall=[0.03237, 0.05173, 0.08334, 0.14447],  precision=[0.00683, 0.00548, 0.00442, 0.00308], hit=[0.03404, 0.05451, 0.08743, 0.15145], ndcg=[0.02140, 0.02769, 0.03571, 0.04791], Train Rec Loss=[0.03194], Eval Rec Loss=[0.03175], c=[0.50000], F=[0.82340, 0.86375, 0.90127, 0.93471], F_fuse=[0.01355, 0.01090, 0.00879, 0.00613]
[ INFO : 2026-08-08 08:53:43,651 ] - Epoch 108: train==[136.89934 = 0.74119 + 1.10844 + 24.70481 + 0.01339 + 0.00000 + 0.00078 + 1225.89705]
[ INFO : 2026-08-08 08:53:54,384 ] - Test_@[5, 10, 20, 50]: Recall=[0.03348, 0.05360, 0.08570, 0.14617],  precision=[0.00704, 0.00567, 0.00454, 0.00311], hit=[0.03507, 0.05636, 0.08979, 0.15320], ndcg=[0.02195, 0.02851, 0.03665, 0.04871], Train Rec Loss=[0.03198], Eval Rec Loss=[0.03175], c=[0.50000], F=[0.83133, 0.86680, 0.90116, 0.93282], F_fuse=[0.01395, 0.01126, 0.00904, 0.00620]
[ INFO : 2026-08-08 08:56:30,469 ] - Epoch 109: train==[136.94395 = 0.73596 + 1.10844 + 24.75460 + 0.01345 + 0.00000 + 0.00077 + 1225.89705]
[ INFO : 2026-08-08 08:56:40,755 ] - Test_@[5, 10, 20, 50]: Recall=[0.03332, 0.05324, 0.08615, 0.14709],  precision=[0.00699, 0.00564, 0.00456, 0.00313], hit=[0.03487, 0.05606, 0.09036, 0.15418], ndcg=[0.02192, 0.02844, 0.03678, 0.04895], Train Rec Loss=[0.03195], Eval Rec Loss=[0.03175], c=[0.50000], F=[0.83084, 0.86724, 0.90199, 0.93359], F_fuse=[0.01387, 0.01120, 0.00907, 0.00624]
[ INFO : 2026-08-08 08:59:15,791 ] - Epoch 110: train==[136.88078 = 0.73219 + 1.10844 + 24.69516 + 0.01347 + 0.00000 + 0.00078 + 1225.89705]
[ INFO : 2026-08-08 08:59:25,529 ] - Test_@[5, 10, 20, 50]: Recall=[0.03287, 0.05276, 0.08446, 0.14593],  precision=[0.00693, 0.00557, 0.00447, 0.00311], hit=[0.03456, 0.05539, 0.08856, 0.15310], ndcg=[0.02176, 0.02824, 0.03628, 0.04853], Train Rec Loss=[0.03196], Eval Rec Loss=[0.03174], c=[0.50000], F=[0.82519, 0.86388, 0.90063, 0.93401], F_fuse=[0.01375, 0.01107, 0.00890, 0.00620]
[ INFO : 2026-08-08 09:02:01,751 ] - Epoch 111: train==[136.59371 = 0.73420 + 1.10843 + 24.40598 + 0.01358 + 0.00000 + 0.00078 + 1225.89705]
[ INFO : 2026-08-08 09:02:11,984 ] - Test_@[5, 10, 20, 50]: Recall=[0.03294, 0.05315, 0.08521, 0.14618],  precision=[0.00692, 0.00562, 0.00452, 0.00311], hit=[0.03451, 0.05590, 0.08943, 0.15330], ndcg=[0.02169, 0.02832, 0.03644, 0.04863], Train Rec Loss=[0.03194], Eval Rec Loss=[0.03172], c=[0.50000], F=[0.83001, 0.86837, 0.90291, 0.93476], F_fuse=[0.01373, 0.01117, 0.00899, 0.00621]
[ INFO : 2026-08-08 09:04:46,142 ] - Epoch 112: train==[136.71717 = 0.72436 + 1.10842 + 24.53924 + 0.01363 + 0.00000 + 0.00077 + 1225.89705]
[ INFO : 2026-08-08 09:04:55,979 ] - Test_@[5, 10, 20, 50]: Recall=[0.03334, 0.05221, 0.08432, 0.14590],  precision=[0.00700, 0.00553, 0.00447, 0.00311], hit=[0.03492, 0.05498, 0.08856, 0.15305], ndcg=[0.02190, 0.02806, 0.03624, 0.04854], Train Rec Loss=[0.03194], Eval Rec Loss=[0.03172], c=[0.50000], F=[0.82740, 0.86629, 0.90222, 0.93432], F_fuse=[0.01389, 0.01099, 0.00890, 0.00620]
[ INFO : 2026-08-08 09:07:31,257 ] - Epoch 113: train==[136.66463 = 0.72479 + 1.10843 + 24.48622 + 0.01369 + 0.00000 + 0.00077 + 1225.89705]
[ INFO : 2026-08-08 09:07:41,121 ] - Test_@[5, 10, 20, 50]: Recall=[0.03284, 0.05270, 0.08437, 0.14535],  precision=[0.00693, 0.00556, 0.00447, 0.00310], hit=[0.03456, 0.05534, 0.08851, 0.15238], ndcg=[0.02198, 0.02841, 0.03645, 0.04862], Train Rec Loss=[0.03193], Eval Rec Loss=[0.03170], c=[0.50000], F=[0.82418, 0.86379, 0.90094, 0.93446], F_fuse=[0.01375, 0.01106, 0.00890, 0.00617]
[ INFO : 2026-08-08 09:10:20,403 ] - Epoch 114: train==[136.57566 = 0.71850 + 1.10842 + 24.40352 + 0.01372 + 0.00000 + 0.00077 + 1225.89705]
[ INFO : 2026-08-08 09:10:30,157 ] - Test_@[5, 10, 20, 50]: Recall=[0.03363, 0.05317, 0.08561, 0.14660],  precision=[0.00708, 0.00564, 0.00453, 0.00312], hit=[0.03528, 0.05606, 0.08979, 0.15377], ndcg=[0.02225, 0.02865, 0.03689, 0.04907], Train Rec Loss=[0.03194], Eval Rec Loss=[0.03172], c=[0.50000], F=[0.83030, 0.86747, 0.90239, 0.93402], F_fuse=[0.01403, 0.01120, 0.00902, 0.00622]
[ INFO : 2026-08-08 09:13:07,174 ] - Epoch 115: train==[136.50527 = 0.71677 + 1.10842 + 24.33484 + 0.01374 + 0.00000 + 0.00077 + 1225.89705]
[ INFO : 2026-08-08 09:13:17,038 ] - Test_@[5, 10, 20, 50]: Recall=[0.03344, 0.05344, 0.08485, 0.14669],  precision=[0.00705, 0.00565, 0.00450, 0.00312], hit=[0.03512, 0.05621, 0.08907, 0.15377], ndcg=[0.02214, 0.02867, 0.03666, 0.04901], Train Rec Loss=[0.03193], Eval Rec Loss=[0.03168], c=[0.50000], F=[0.82868, 0.86593, 0.90231, 0.93404], F_fuse=[0.01397, 0.01123, 0.00896, 0.00622]
[ INFO : 2026-08-08 09:15:53,189 ] - Epoch 116: train==[136.46111 = 0.71020 + 1.10841 + 24.29714 + 0.01386 + 0.00000 + 0.00077 + 1225.89705]
[ INFO : 2026-08-08 09:16:03,579 ] - Test_@[5, 10, 20, 50]: Recall=[0.03242, 0.05249, 0.08356, 0.14643],  precision=[0.00683, 0.00556, 0.00444, 0.00312], hit=[0.03404, 0.05534, 0.08784, 0.15346], ndcg=[0.02168, 0.02824, 0.03614, 0.04873], Train Rec Loss=[0.03193], Eval Rec Loss=[0.03173], c=[0.50000], F=[0.82826, 0.86635, 0.90248, 0.93524], F_fuse=[0.01355, 0.01106, 0.00883, 0.00621]
[ INFO : 2026-08-08 09:18:39,318 ] - Epoch 117: train==[136.32547 = 0.71336 + 1.10841 + 24.15827 + 0.01392 + 0.00000 + 0.00077 + 1225.89705]
[ INFO : 2026-08-08 09:18:48,714 ] - Test_@[5, 10, 20, 50]: Recall=[0.03315, 0.05244, 0.08223, 0.14390],  precision=[0.00701, 0.00554, 0.00436, 0.00307], hit=[0.03497, 0.05508, 0.08640, 0.15089], ndcg=[0.02181, 0.02805, 0.03563, 0.04798], Train Rec Loss=[0.03194], Eval Rec Loss=[0.03171], c=[0.50000], F=[0.82371, 0.86439, 0.90228, 0.93633], F_fuse=[0.01391, 0.01101, 0.00868, 0.00611]
[ INFO : 2026-08-08 09:21:25,383 ] - Epoch 118: train==[136.26112 = 0.70848 + 1.10841 + 24.09875 + 0.01399 + 0.00000 + 0.00076 + 1225.89705]
[ INFO : 2026-08-08 09:21:35,155 ] - Test_@[5, 10, 20, 50]: Recall=[0.03340, 0.05342, 0.08575, 0.14673],  precision=[0.00702, 0.00567, 0.00454, 0.00312], hit=[0.03502, 0.05636, 0.09005, 0.15377], ndcg=[0.02222, 0.02877, 0.03697, 0.04917], Train Rec Loss=[0.03192], Eval Rec Loss=[0.03171], c=[0.50000], F=[0.83017, 0.86761, 0.90261, 0.93487], F_fuse=[0.01393, 0.01126, 0.00904, 0.00622]
[ INFO : 2026-08-08 09:24:11,414 ] - Epoch 119: train==[136.30398 = 0.69995 + 1.10840 + 24.15013 + 0.01399 + 0.00000 + 0.00076 + 1225.89705]
[ INFO : 2026-08-08 09:24:21,463 ] - Test_@[5, 10, 20, 50]: Recall=[0.03391, 0.05294, 0.08327, 0.14532],  precision=[0.00714, 0.00559, 0.00441, 0.00309], hit=[0.03559, 0.05554, 0.08753, 0.15238], ndcg=[0.02254, 0.02868, 0.03641, 0.04884], Train Rec Loss=[0.03192], Eval Rec Loss=[0.03170], c=[0.50000], F=[0.82583, 0.86496, 0.90125, 0.93380], F_fuse=[0.01415, 0.01111, 0.00878, 0.00617]
[ INFO : 2026-08-08 09:26:55,806 ] - Epoch 120: train==[136.29211 = 0.70307 + 1.10841 + 24.13500 + 0.01414 + 0.00000 + 0.00076 + 1225.89705]
[ INFO : 2026-08-08 09:27:05,717 ] - Test_@[5, 10, 20, 50]: Recall=[0.03315, 0.05325, 0.08313, 0.14401],  precision=[0.00698, 0.00562, 0.00441, 0.00307], hit=[0.03482, 0.05590, 0.08732, 0.15109], ndcg=[0.02204, 0.02855, 0.03613, 0.04831], Train Rec Loss=[0.03191], Eval Rec Loss=[0.03170], c=[0.50000], F=[0.82593, 0.86624, 0.90343, 0.93634], F_fuse=[0.01385, 0.01117, 0.00877, 0.00612]
[ INFO : 2026-08-08 09:29:41,200 ] - Epoch 121: train==[136.10096 = 0.70055 + 1.10840 + 23.94636 + 0.01416 + 0.00000 + 0.00076 + 1225.89705]
[ INFO : 2026-08-08 09:29:51,040 ] - Test_@[5, 10, 20, 50]: Recall=[0.03364, 0.05351, 0.08519, 0.14511],  precision=[0.00708, 0.00565, 0.00452, 0.00309], hit=[0.03528, 0.05621, 0.08943, 0.15212], ndcg=[0.02234, 0.02881, 0.03686, 0.04882], Train Rec Loss=[0.03190], Eval Rec Loss=[0.03168], c=[0.50000], F=[0.82751, 0.86596, 0.90160, 0.93376], F_fuse=[0.01403, 0.01123, 0.00899, 0.00616]
[ INFO : 2026-08-08 09:32:27,516 ] - Epoch 122: train==[136.13067 = 0.69461 + 1.10840 + 23.98196 + 0.01421 + 0.00000 + 0.00076 + 1225.89705]
[ INFO : 2026-08-08 09:32:37,169 ] - Test_@[5, 10, 20, 50]: Recall=[0.03365, 0.05315, 0.08425, 0.14535],  precision=[0.00707, 0.00561, 0.00447, 0.00310], hit=[0.03523, 0.05585, 0.08861, 0.15233], ndcg=[0.02233, 0.02869, 0.03661, 0.04883], Train Rec Loss=[0.03190], Eval Rec Loss=[0.03169], c=[0.50000], F=[0.82931, 0.86855, 0.90348, 0.93579], F_fuse=[0.01401, 0.01115, 0.00890, 0.00617]
[ INFO : 2026-08-08 09:35:12,494 ] - Epoch 123: train==[136.09819 = 0.69081 + 1.10839 + 23.95325 + 0.01425 + 0.00000 + 0.00076 + 1225.89705]
[ INFO : 2026-08-08 09:35:22,190 ] - Test_@[5, 10, 20, 50]: Recall=[0.03291, 0.05300, 0.08356, 0.14431],  precision=[0.00696, 0.00560, 0.00444, 0.00308], hit=[0.03471, 0.05570, 0.08799, 0.15135], ndcg=[0.02180, 0.02833, 0.03612, 0.04828], Train Rec Loss=[0.03190], Eval Rec Loss=[0.03170], c=[0.50000], F=[0.82475, 0.86563, 0.90251, 0.93530], F_fuse=[0.01381, 0.01112, 0.00883, 0.00613]
[ INFO : 2026-08-08 09:38:00,772 ] - Epoch 124: train==[136.08942 = 0.68763 + 1.10839 + 23.94756 + 0.01435 + 0.00000 + 0.00076 + 1225.89705]
[ INFO : 2026-08-08 09:38:10,532 ] - Test_@[5, 10, 20, 50]: Recall=[0.03382, 0.05285, 0.08412, 0.14546],  precision=[0.00710, 0.00558, 0.00446, 0.00309], hit=[0.03543, 0.05554, 0.08856, 0.15238], ndcg=[0.02222, 0.02842, 0.03636, 0.04861], Train Rec Loss=[0.03190], Eval Rec Loss=[0.03167], c=[0.50000], F=[0.82872, 0.86810, 0.90331, 0.93539], F_fuse=[0.01407, 0.01110, 0.00888, 0.00617]
[ INFO : 2026-08-08 09:40:46,694 ] - Epoch 125: train==[136.11310 = 0.68715 + 1.10838 + 23.97169 + 0.01438 + 0.00000 + 0.00076 + 1225.89705]
[ INFO : 2026-08-08 09:40:56,394 ] - Test_@[5, 10, 20, 50]: Recall=[0.03311, 0.05238, 0.08300, 0.14333],  precision=[0.00696, 0.00553, 0.00441, 0.00305], hit=[0.03476, 0.05503, 0.08732, 0.15032], ndcg=[0.02186, 0.02815, 0.03595, 0.04802], Train Rec Loss=[0.03189], Eval Rec Loss=[0.03167], c=[0.50000], F=[0.82569, 0.86668, 0.90240, 0.93488], F_fuse=[0.01381, 0.01100, 0.00878, 0.00609]
[ INFO : 2026-08-08 09:43:31,104 ] - Epoch 126: train==[135.92307 = 0.68248 + 1.10838 + 23.78625 + 0.01447 + 0.00000 + 0.00075 + 1225.89705]
[ INFO : 2026-08-08 09:43:41,115 ] - Test_@[5, 10, 20, 50]: Recall=[0.03332, 0.05308, 0.08263, 0.14456],  precision=[0.00699, 0.00560, 0.00438, 0.00308], hit=[0.03492, 0.05570, 0.08676, 0.15156], ndcg=[0.02206, 0.02848, 0.03602, 0.04845], Train Rec Loss=[0.03189], Eval Rec Loss=[0.03168], c=[0.50000], F=[0.82623, 0.86714, 0.90259, 0.93499], F_fuse=[0.01387, 0.01112, 0.00872, 0.00614]
[ INFO : 2026-08-08 09:46:17,515 ] - Epoch 127: train==[135.99767 = 0.68157 + 1.10838 + 23.86178 + 0.01446 + 0.00000 + 0.00075 + 1225.89705]
[ INFO : 2026-08-08 09:46:27,112 ] - Test_@[5, 10, 20, 50]: Recall=[0.03352, 0.05308, 0.08471, 0.14513],  precision=[0.00702, 0.00561, 0.00450, 0.00309], hit=[0.03512, 0.05575, 0.08917, 0.15212], ndcg=[0.02213, 0.02852, 0.03656, 0.04865], Train Rec Loss=[0.03188], Eval Rec Loss=[0.03167], c=[0.50000], F=[0.83091, 0.86992, 0.90375, 0.93520], F_fuse=[0.01393, 0.01114, 0.00895, 0.00616]
[ INFO : 2026-08-08 09:49:03,634 ] - Epoch 128: train==[135.88609 = 0.67603 + 1.10837 + 23.75559 + 0.01460 + 0.00000 + 0.00075 + 1225.89705]
[ INFO : 2026-08-08 09:49:13,412 ] - Test_@[5, 10, 20, 50]: Recall=[0.03309, 0.05323, 0.08372, 0.14511],  precision=[0.00696, 0.00562, 0.00444, 0.00309], hit=[0.03476, 0.05590, 0.08804, 0.15207], ndcg=[0.02203, 0.02860, 0.03634, 0.04864], Train Rec Loss=[0.03191], Eval Rec Loss=[0.03168], c=[0.50000], F=[0.82732, 0.86719, 0.90187, 0.93372], F_fuse=[0.01381, 0.01117, 0.00884, 0.00615]
[ INFO : 2026-08-08 09:51:48,001 ] - Epoch 129: train==[135.95207 = 0.67262 + 1.10839 + 23.82498 + 0.01459 + 0.00000 + 0.00075 + 1225.89705]
[ INFO : 2026-08-08 09:51:57,564 ] - Test_@[5, 10, 20, 50]: Recall=[0.03333, 0.05313, 0.08325, 0.14548],  precision=[0.00698, 0.00561, 0.00441, 0.00310], hit=[0.03492, 0.05580, 0.08748, 0.15248], ndcg=[0.02204, 0.02850, 0.03616, 0.04863], Train Rec Loss=[0.03190], Eval Rec Loss=[0.03167], c=[0.50000], F=[0.82700, 0.86736, 0.90270, 0.93430], F_fuse=[0.01385, 0.01115, 0.00877, 0.00617]
[ INFO : 2026-08-08 09:54:34,648 ] - Epoch 130: train==[135.73482 = 0.67349 + 1.10837 + 23.60677 + 0.01471 + 0.00000 + 0.00075 + 1225.89705]
[ INFO : 2026-08-08 09:54:44,454 ] - Test_@[5, 10, 20, 50]: Recall=[0.03340, 0.05296, 0.08264, 0.14365],  precision=[0.00705, 0.00560, 0.00439, 0.00306], hit=[0.03512, 0.05564, 0.08701, 0.15063], ndcg=[0.02216, 0.02853, 0.03609, 0.04832], Train Rec Loss=[0.03189], Eval Rec Loss=[0.03168], c=[0.50000], F=[0.82737, 0.86744, 0.90301, 0.93555], F_fuse=[0.01397, 0.01112, 0.00874, 0.00610]
[ INFO : 2026-08-08 09:57:22,638 ] - Epoch 131: train==[135.62618 = 0.66712 + 1.10839 + 23.50439 + 0.01480 + 0.00000 + 0.00075 + 1225.89705]
[ INFO : 2026-08-08 09:57:33,345 ] - Test_@[5, 10, 20, 50]: Recall=[0.03386, 0.05372, 0.08438, 0.14475],  precision=[0.00712, 0.00566, 0.00448, 0.00308], hit=[0.03554, 0.05626, 0.08887, 0.15166], ndcg=[0.02237, 0.02883, 0.03662, 0.04871], Train Rec Loss=[0.03190], Eval Rec Loss=[0.03166], c=[0.50000], F=[0.82970, 0.86887, 0.90334, 0.93512], F_fuse=[0.01411, 0.01125, 0.00891, 0.00614]
[ INFO : 2026-08-08 10:00:10,813 ] - Epoch 132: train==[135.65621 = 0.66942 + 1.10836 + 23.53207 + 0.01488 + 0.00000 + 0.00075 + 1225.89705]
[ INFO : 2026-08-08 10:00:21,307 ] - Test_@[5, 10, 20, 50]: Recall=[0.03326, 0.05305, 0.08317, 0.14422],  precision=[0.00702, 0.00560, 0.00442, 0.00307], hit=[0.03507, 0.05564, 0.08753, 0.15114], ndcg=[0.02197, 0.02840, 0.03607, 0.04828], Train Rec Loss=[0.03188], Eval Rec Loss=[0.03166], c=[0.50000], F=[0.82803, 0.86805, 0.90265, 0.93485], F_fuse=[0.01393, 0.01112, 0.00879, 0.00612]
[ INFO : 2026-08-08 10:02:55,023 ] - Epoch 133: train==[135.76855 = 0.66147 + 1.10837 + 23.65237 + 0.01486 + 0.00000 + 0.00074 + 1225.89705]
[ INFO : 2026-08-08 10:03:04,782 ] - Test_@[5, 10, 20, 50]: Recall=[0.03322, 0.05282, 0.08376, 0.14521],  precision=[0.00699, 0.00558, 0.00445, 0.00309], hit=[0.03492, 0.05549, 0.08815, 0.15207], ndcg=[0.02207, 0.02846, 0.03635, 0.04865], Train Rec Loss=[0.03188], Eval Rec Loss=[0.03166], c=[0.50000], F=[0.83046, 0.86890, 0.90269, 0.93430], F_fuse=[0.01387, 0.01109, 0.00885, 0.00616]
[ INFO : 2026-08-08 10:05:41,435 ] - Epoch 134: train==[135.65404 = 0.65796 + 1.10834 + 23.54131 + 0.01494 + 0.00000 + 0.00074 + 1225.89705]
[ INFO : 2026-08-08 10:05:51,591 ] - Test_@[5, 10, 20, 50]: Recall=[0.03342, 0.05340, 0.08218, 0.14169],  precision=[0.00704, 0.00563, 0.00436, 0.00302], hit=[0.03507, 0.05590, 0.08640, 0.14857], ndcg=[0.02214, 0.02864, 0.03598, 0.04791], Train Rec Loss=[0.03188], Eval Rec Loss=[0.03165], c=[0.50000], F=[0.82470, 0.86603, 0.90115, 0.93454], F_fuse=[0.01395, 0.01118, 0.00867, 0.00602]
[ INFO : 2026-08-08 10:08:26,595 ] - Epoch 135: train==[135.60404 = 0.66096 + 1.10834 + 23.48821 + 0.01505 + 0.00000 + 0.00074 + 1225.89705]
[ INFO : 2026-08-08 10:08:36,433 ] - Test_@[5, 10, 20, 50]: Recall=[0.03357, 0.05353, 0.08380, 0.14381],  precision=[0.00705, 0.00565, 0.00444, 0.00306], hit=[0.03518, 0.05616, 0.08804, 0.15084], ndcg=[0.02222, 0.02874, 0.03644, 0.04845], Train Rec Loss=[0.03186], Eval Rec Loss=[0.03165], c=[0.50000], F=[0.82911, 0.86898, 0.90305, 0.93508], F_fuse=[0.01397, 0.01123, 0.00884, 0.00611]
[ INFO : 2026-08-08 10:11:10,583 ] - Epoch 136: train==[135.61299 = 0.65394 + 1.10834 + 23.50420 + 0.01503 + 0.00000 + 0.00074 + 1225.89705]
[ INFO : 2026-08-08 10:11:20,638 ] - Test_@[5, 10, 20, 50]: Recall=[0.03340, 0.05393, 0.08331, 0.14334],  precision=[0.00705, 0.00569, 0.00442, 0.00305], hit=[0.03523, 0.05652, 0.08753, 0.15032], ndcg=[0.02204, 0.02871, 0.03617, 0.04820], Train Rec Loss=[0.03187], Eval Rec Loss=[0.03166], c=[0.50000], F=[0.82875, 0.86848, 0.90258, 0.93422], F_fuse=[0.01397, 0.01130, 0.00879, 0.00609]
[ INFO : 2026-08-08 10:13:55,078 ] - Epoch 137: train==[135.51575 = 0.65363 + 1.10834 + 23.40718 + 0.01511 + 0.00000 + 0.00075 + 1225.89705]
[ INFO : 2026-08-08 10:14:04,806 ] - Test_@[5, 10, 20, 50]: Recall=[0.03349, 0.05322, 0.08337, 0.14343],  precision=[0.00707, 0.00561, 0.00442, 0.00306], hit=[0.03523, 0.05580, 0.08768, 0.15042], ndcg=[0.02232, 0.02874, 0.03641, 0.04843], Train Rec Loss=[0.03188], Eval Rec Loss=[0.03163], c=[0.50000], F=[0.82715, 0.86825, 0.90323, 0.93585], F_fuse=[0.01401, 0.01115, 0.00880, 0.00609]
[ INFO : 2026-08-08 10:16:41,245 ] - Epoch 138: train==[135.47334 = 0.65231 + 1.10833 + 23.36607 + 0.01516 + 0.00000 + 0.00075 + 1225.89705]
[ INFO : 2026-08-08 10:16:51,434 ] - Test_@[5, 10, 20, 50]: Recall=[0.03401, 0.05377, 0.08505, 0.14380],  precision=[0.00716, 0.00568, 0.00451, 0.00307], hit=[0.03579, 0.05642, 0.08938, 0.15084], ndcg=[0.02259, 0.02903, 0.03696, 0.04870], Train Rec Loss=[0.03187], Eval Rec Loss=[0.03164], c=[0.50000], F=[0.83001, 0.86916, 0.90247, 0.93366], F_fuse=[0.01419, 0.01128, 0.00898, 0.00611]
[ INFO : 2026-08-08 10:19:27,200 ] - Epoch 139: train==[135.40366 = 0.64840 + 1.10833 + 23.30020 + 0.01526 + 0.00000 + 0.00074 + 1225.89705]
[ INFO : 2026-08-08 10:19:37,394 ] - Test_@[5, 10, 20, 50]: Recall=[0.03301, 0.05361, 0.08301, 0.14358],  precision=[0.00693, 0.00565, 0.00441, 0.00306], hit=[0.03466, 0.05616, 0.08732, 0.15053], ndcg=[0.02191, 0.02862, 0.03610, 0.04827], Train Rec Loss=[0.03186], Eval Rec Loss=[0.03164], c=[0.50000], F=[0.82836, 0.86844, 0.90271, 0.93453], F_fuse=[0.01375, 0.01123, 0.00877, 0.00610]
[ INFO : 2026-08-08 10:22:13,834 ] - Epoch 140: train==[135.47742 = 0.64444 + 1.10832 + 23.37788 + 0.01531 + 0.00000 + 0.00074 + 1225.89705]
[ INFO : 2026-08-08 10:22:23,428 ] - Test_@[5, 10, 20, 50]: Recall=[0.03299, 0.05255, 0.08308, 0.14283],  precision=[0.00694, 0.00555, 0.00440, 0.00304], hit=[0.03466, 0.05523, 0.08732, 0.14970], ndcg=[0.02202, 0.02839, 0.03617, 0.04814], Train Rec Loss=[0.03187], Eval Rec Loss=[0.03162], c=[0.50000], F=[0.82611, 0.86770, 0.90343, 0.93660], F_fuse=[0.01377, 0.01103, 0.00877, 0.00606]
[ INFO : 2026-08-08 10:25:00,637 ] - Epoch 141: train==[135.49263 = 0.64366 + 1.10832 + 23.39382 + 0.01535 + 0.00000 + 0.00074 + 1225.89705]
[ INFO : 2026-08-08 10:25:10,013 ] - Test_@[5, 10, 20, 50]: Recall=[0.03383, 0.05340, 0.08356, 0.14324],  precision=[0.00710, 0.00563, 0.00443, 0.00305], hit=[0.03548, 0.05595, 0.08789, 0.15027], ndcg=[0.02247, 0.02885, 0.03654, 0.04848], Train Rec Loss=[0.03187], Eval Rec Loss=[0.03164], c=[0.50000], F=[0.82720, 0.86790, 0.90295, 0.93491], F_fuse=[0.01407, 0.01118, 0.00882, 0.00608]
[ INFO : 2026-08-08 10:27:46,781 ] - Epoch 142: train==[135.39069 = 0.64082 + 1.10831 + 23.29465 + 0.01543 + 0.00000 + 0.00073 + 1225.89705]
[ INFO : 2026-08-08 10:27:56,594 ] - Test_@[5, 10, 20, 50]: Recall=[0.03353, 0.05336, 0.08366, 0.14290],  precision=[0.00706, 0.00563, 0.00444, 0.00305], hit=[0.03523, 0.05600, 0.08789, 0.14991], ndcg=[0.02235, 0.02881, 0.03653, 0.04840], Train Rec Loss=[0.03186], Eval Rec Loss=[0.03165], c=[0.50000], F=[0.82916, 0.86830, 0.90224, 0.93405], F_fuse=[0.01399, 0.01119, 0.00883, 0.00607]
[ INFO : 2026-08-08 10:30:33,755 ] - Epoch 143: train==[135.35516 = 0.64001 + 1.10830 + 23.25990 + 0.01547 + 0.00000 + 0.00074 + 1225.89705]
[ INFO : 2026-08-08 10:30:43,164 ] - Test_@[5, 10, 20, 50]: Recall=[0.03340, 0.05364, 0.08314, 0.14134],  precision=[0.00704, 0.00566, 0.00440, 0.00301], hit=[0.03512, 0.05631, 0.08737, 0.14821], ndcg=[0.02216, 0.02877, 0.03625, 0.04792], Train Rec Loss=[0.03185], Eval Rec Loss=[0.03162], c=[0.50000], F=[0.82525, 0.86705, 0.90240, 0.93548], F_fuse=[0.01395, 0.01125, 0.00877, 0.00600]
[ INFO : 2026-08-08 10:33:20,055 ] - Epoch 144: train==[135.17668 = 0.63405 + 1.10831 + 23.08733 + 0.01552 + 0.00000 + 0.00073 + 1225.89705]
[ INFO : 2026-08-08 10:33:29,901 ] - Test_@[5, 10, 20, 50]: Recall=[0.03318, 0.05358, 0.08387, 0.14203],  precision=[0.00699, 0.00565, 0.00445, 0.00303], hit=[0.03497, 0.05616, 0.08815, 0.14904], ndcg=[0.02215, 0.02881, 0.03652, 0.04817], Train Rec Loss=[0.03184], Eval Rec Loss=[0.03164], c=[0.50000], F=[0.82872, 0.86885, 0.90332, 0.93545], F_fuse=[0.01387, 0.01122, 0.00885, 0.00603]
[ INFO : 2026-08-08 10:36:08,143 ] - Epoch 145: train==[135.29109 = 0.63234 + 1.10829 + 23.20338 + 0.01561 + 0.00000 + 0.00073 + 1225.89705]
[ INFO : 2026-08-08 10:36:17,611 ] - Test_@[5, 10, 20, 50]: Recall=[0.03383, 0.05268, 0.08284, 0.14138],  precision=[0.00711, 0.00557, 0.00439, 0.00301], hit=[0.03548, 0.05544, 0.08707, 0.14801], ndcg=[0.02251, 0.02869, 0.03637, 0.04809], Train Rec Loss=[0.03185], Eval Rec Loss=[0.03164], c=[0.50000], F=[0.82657, 0.86801, 0.90195, 0.93411], F_fuse=[0.01409, 0.01107, 0.00875, 0.00599]
[ INFO : 2026-08-08 10:38:52,791 ] - Epoch 146: train==[135.20583 = 0.63279 + 1.10829 + 23.11760 + 0.01568 + 0.00000 + 0.00073 + 1225.89705]
[ INFO : 2026-08-08 10:39:02,286 ] - Test_@[5, 10, 20, 50]: Recall=[0.03331, 0.05364, 0.08332, 0.14259],  precision=[0.00702, 0.00566, 0.00442, 0.00304], hit=[0.03507, 0.05626, 0.08753, 0.14955], ndcg=[0.02236, 0.02899, 0.03653, 0.04843], Train Rec Loss=[0.03184], Eval Rec Loss=[0.03162], c=[0.50000], F=[0.82782, 0.86930, 0.90383, 0.93605], F_fuse=[0.01393, 0.01124, 0.00879, 0.00606]
[ INFO : 2026-08-08 10:41:36,801 ] - Epoch 147: train==[135.18975 = 0.62717 + 1.10828 + 23.10710 + 0.01573 + 0.00000 + 0.00073 + 1225.89705]
[ INFO : 2026-08-08 10:41:46,233 ] - Test_@[5, 10, 20, 50]: Recall=[0.03328, 0.05306, 0.08252, 0.14143],  precision=[0.00698, 0.00561, 0.00438, 0.00301], hit=[0.03492, 0.05575, 0.08676, 0.14837], ndcg=[0.02219, 0.02863, 0.03611, 0.04793], Train Rec Loss=[0.03185], Eval Rec Loss=[0.03163], c=[0.50000], F=[0.82624, 0.86822, 0.90299, 0.93564], F_fuse=[0.01385, 0.01115, 0.00871, 0.00601]
[ INFO : 2026-08-08 10:44:22,384 ] - Epoch 148: train==[135.14075 = 0.62546 + 1.10828 + 23.05972 + 0.01582 + 0.00000 + 0.00073 + 1225.89705]
[ INFO : 2026-08-08 10:44:31,974 ] - Test_@[5, 10, 20, 50]: Recall=[0.03315, 0.05344, 0.08270, 0.13998],  precision=[0.00696, 0.00564, 0.00438, 0.00298], hit=[0.03482, 0.05606, 0.08691, 0.14677], ndcg=[0.02216, 0.02878, 0.03621, 0.04768], Train Rec Loss=[0.03184], Eval Rec Loss=[0.03163], c=[0.50000], F=[0.82688, 0.86906, 0.90271, 0.93552], F_fuse=[0.01381, 0.01120, 0.00873, 0.00594]
[ INFO : 2026-08-08 10:47:05,903 ] - Epoch 149: train==[135.12237 = 0.62067 + 1.10827 + 23.04616 + 0.01580 + 0.00000 + 0.00073 + 1225.89705]
[ INFO : 2026-08-08 10:47:15,733 ] - Test_@[5, 10, 20, 50]: Recall=[0.03400, 0.05316, 0.08408, 0.14219],  precision=[0.00715, 0.00561, 0.00446, 0.00303], hit=[0.03574, 0.05580, 0.08840, 0.14914], ndcg=[0.02255, 0.02879, 0.03666, 0.04832], Train Rec Loss=[0.03184], Eval Rec Loss=[0.03161], c=[0.50000], F=[0.83044, 0.87048, 0.90427, 0.93580], F_fuse=[0.01417, 0.01114, 0.00888, 0.00604]
[ INFO : 2026-08-08 10:49:52,427 ] - Epoch 150: train==[135.03815 = 0.62526 + 1.10827 + 22.95723 + 0.01593 + 0.00000 + 0.00073 + 1225.89705]
[ INFO : 2026-08-08 10:50:01,908 ] - Test_@[5, 10, 20, 50]: Recall=[0.03325, 0.05228, 0.08272, 0.13954],  precision=[0.00699, 0.00553, 0.00439, 0.00297], hit=[0.03497, 0.05498, 0.08707, 0.14636], ndcg=[0.02231, 0.02853, 0.03627, 0.04764], Train Rec Loss=[0.03184], Eval Rec Loss=[0.03163], c=[0.50000], F=[0.82440, 0.86740, 0.90257, 0.93605], F_fuse=[0.01387, 0.01099, 0.00874, 0.00593]
[ INFO : 2026-08-08 10:52:38,211 ] - Epoch 151: train==[135.04727 = 0.61819 + 1.10826 + 22.97341 + 0.01595 + 0.00000 + 0.00072 + 1225.89705]
[ INFO : 2026-08-08 10:52:47,732 ] - Test_@[5, 10, 20, 50]: Recall=[0.03352, 0.05365, 0.08386, 0.14114],  precision=[0.00707, 0.00566, 0.00445, 0.00301], hit=[0.03533, 0.05636, 0.08820, 0.14816], ndcg=[0.02249, 0.02903, 0.03671, 0.04819], Train Rec Loss=[0.03183], Eval Rec Loss=[0.03163], c=[0.50000], F=[0.82754, 0.86957, 0.90337, 0.93598], F_fuse=[0.01401, 0.01125, 0.00885, 0.00600]
[ INFO : 2026-08-08 10:55:23,893 ] - Epoch 152: train==[135.03506 = 0.61838 + 1.10825 + 22.96092 + 0.01603 + 0.00000 + 0.00073 + 1225.89705]
[ INFO : 2026-08-08 10:55:33,540 ] - Test_@[5, 10, 20, 50]: Recall=[0.03392, 0.05364, 0.08385, 0.14169],  precision=[0.00713, 0.00566, 0.00444, 0.00302], hit=[0.03564, 0.05631, 0.08809, 0.14878], ndcg=[0.02268, 0.02910, 0.03678, 0.04836], Train Rec Loss=[0.03185], Eval Rec Loss=[0.03162], c=[0.50000], F=[0.82823, 0.86880, 0.90268, 0.93448], F_fuse=[0.01413, 0.01125, 0.00884, 0.00602]
[ INFO : 2026-08-08 10:58:08,292 ] - Epoch 153: train==[134.91193 = 0.62702 + 1.10825 + 22.82914 + 0.01605 + 0.00000 + 0.00073 + 1225.89705]
[ INFO : 2026-08-08 10:58:18,093 ] - Test_@[5, 10, 20, 50]: Recall=[0.03422, 0.05305, 0.08290, 0.13984],  precision=[0.00719, 0.00560, 0.00440, 0.00298], hit=[0.03590, 0.05570, 0.08722, 0.14667], ndcg=[0.02284, 0.02896, 0.03658, 0.04798], Train Rec Loss=[0.03183], Eval Rec Loss=[0.03161], c=[0.50000], F=[0.82476, 0.86789, 0.90298, 0.93526], F_fuse=[0.01425, 0.01113, 0.00876, 0.00594]
[ INFO : 2026-08-08 11:00:52,430 ] - Epoch 154: train==[135.08203 = 0.61085 + 1.10824 + 23.01541 + 0.01607 + 0.00000 + 0.00073 + 1225.89705]
[ INFO : 2026-08-08 11:01:01,901 ] - Test_@[5, 10, 20, 50]: Recall=[0.03438, 0.05300, 0.08324, 0.14094],  precision=[0.00723, 0.00560, 0.00442, 0.00300], hit=[0.03610, 0.05564, 0.08763, 0.14780], ndcg=[0.02280, 0.02888, 0.03658, 0.04813], Train Rec Loss=[0.03184], Eval Rec Loss=[0.03161], c=[0.50000], F=[0.82763, 0.86938, 0.90488, 0.93635], F_fuse=[0.01434, 0.01112, 0.00879, 0.00598]
[ INFO : 2026-08-08 11:03:37,336 ] - Epoch 155: train==[135.04535 = 0.60699 + 1.10823 + 22.98251 + 0.01616 + 0.00000 + 0.00073 + 1225.89705]
[ INFO : 2026-08-08 11:03:46,831 ] - Test_@[5, 10, 20, 50]: Recall=[0.03318, 0.05329, 0.08355, 0.14015],  precision=[0.00696, 0.00562, 0.00443, 0.00298], hit=[0.03482, 0.05585, 0.08779, 0.14688], ndcg=[0.02202, 0.02857, 0.03625, 0.04756], Train Rec Loss=[0.03184], Eval Rec Loss=[0.03161], c=[0.50000], F=[0.82747, 0.86904, 0.90340, 0.93570], F_fuse=[0.01381, 0.01117, 0.00881, 0.00595]
[ INFO : 2026-08-08 11:06:23,001 ] - Epoch 156: train==[135.04447 = 0.60455 + 1.10823 + 22.98400 + 0.01623 + 0.00000 + 0.00072 + 1225.89705]
[ INFO : 2026-08-08 11:06:32,718 ] - Test_@[5, 10, 20, 50]: Recall=[0.03390, 0.05337, 0.08325, 0.14117],  precision=[0.00713, 0.00564, 0.00442, 0.00301], hit=[0.03564, 0.05595, 0.08753, 0.14811], ndcg=[0.02262, 0.02898, 0.03661, 0.04821], Train Rec Loss=[0.03183], Eval Rec Loss=[0.03161], c=[0.50000], F=[0.82864, 0.86986, 0.90426, 0.93582], F_fuse=[0.01413, 0.01120, 0.00880, 0.00600]
[ INFO : 2026-08-08 11:09:07,353 ] - Epoch 157: train==[134.93318 = 0.60926 + 1.10821 + 22.86799 + 0.01626 + 0.00000 + 0.00072 + 1225.89705]
[ INFO : 2026-08-08 11:09:17,244 ] - Test_@[5, 10, 20, 50]: Recall=[0.03349, 0.05319, 0.08355, 0.13913],  precision=[0.00706, 0.00561, 0.00443, 0.00296], hit=[0.03528, 0.05580, 0.08779, 0.14595], ndcg=[0.02208, 0.02848, 0.03619, 0.04731], Train Rec Loss=[0.03183], Eval Rec Loss=[0.03162], c=[0.50000], F=[0.82774, 0.86805, 0.90240, 0.93463], F_fuse=[0.01399, 0.01114, 0.00881, 0.00591]
[ INFO : 2026-08-08 11:11:51,600 ] - Epoch 158: train==[134.98439 = 0.60366 + 1.10822 + 22.92469 + 0.01636 + 0.00000 + 0.00073 + 1225.89705]
[ INFO : 2026-08-08 11:12:01,456 ] - Test_@[5, 10, 20, 50]: Recall=[0.03372, 0.05297, 0.08325, 0.14105],  precision=[0.00708, 0.00560, 0.00441, 0.00300], hit=[0.03538, 0.05570, 0.08743, 0.14785], ndcg=[0.02250, 0.02881, 0.03653, 0.04814], Train Rec Loss=[0.03184], Eval Rec Loss=[0.03161], c=[0.50000], F=[0.82695, 0.86870, 0.90379, 0.93541], F_fuse=[0.01403, 0.01112, 0.00877, 0.00599]
[ INFO : 2026-08-08 11:14:34,251 ] - Epoch 159: train==[134.91278 = 0.60039 + 1.10820 + 22.85638 + 0.01635 + 0.00000 + 0.00072 + 1225.89705]
[ INFO : 2026-08-08 11:14:44,177 ] - Test_@[5, 10, 20, 50]: Recall=[0.03359, 0.05248, 0.08170, 0.13819],  precision=[0.00706, 0.00554, 0.00434, 0.00294], hit=[0.03528, 0.05508, 0.08593, 0.14508], ndcg=[0.02228, 0.02845, 0.03589, 0.04716], Train Rec Loss=[0.03184], Eval Rec Loss=[0.03162], c=[0.50000], F=[0.82291, 0.86668, 0.90322, 0.93649], F_fuse=[0.01399, 0.01102, 0.00863, 0.00587]
[ INFO : 2026-08-08 11:17:19,588 ] - Epoch 160: train==[134.90682 = 0.60084 + 1.10820 + 22.84989 + 0.01642 + 0.00000 + 0.00072 + 1225.89705]
[ INFO : 2026-08-08 11:17:29,380 ] - Test_@[5, 10, 20, 50]: Recall=[0.03285, 0.05307, 0.08231, 0.13822],  precision=[0.00693, 0.00561, 0.00436, 0.00294], hit=[0.03466, 0.05575, 0.08655, 0.14497], ndcg=[0.02208, 0.02867, 0.03613, 0.04732], Train Rec Loss=[0.03183], Eval Rec Loss=[0.03162], c=[0.50000], F=[0.82904, 0.86999, 0.90436, 0.93679], F_fuse=[0.01375, 0.01115, 0.00869, 0.00587]
[ INFO : 2026-08-08 11:20:05,518 ] - Epoch 161: train==[134.82961 = 0.59966 + 1.10819 + 22.77378 + 0.01653 + 0.00000 + 0.00072 + 1225.89705]
[ INFO : 2026-08-08 11:20:15,206 ] - Test_@[5, 10, 20, 50]: Recall=[0.03365, 0.05263, 0.08225, 0.13730],  precision=[0.00708, 0.00556, 0.00436, 0.00293], hit=[0.03538, 0.05539, 0.08650, 0.14415], ndcg=[0.02238, 0.02856, 0.03609, 0.04709], Train Rec Loss=[0.03183], Eval Rec Loss=[0.03162], c=[0.50000], F=[0.82412, 0.86635, 0.90249, 0.93566], F_fuse=[0.01403, 0.01105, 0.00868, 0.00584]
[ INFO : 2026-08-08 11:22:49,766 ] - Epoch 162: train==[134.70732 = 0.59603 + 1.10817 + 22.65506 + 0.01660 + 0.00000 + 0.00072 + 1225.89705]
[ INFO : 2026-08-08 11:22:59,467 ] - Test_@[5, 10, 20, 50]: Recall=[0.03406, 0.05340, 0.08356, 0.14040],  precision=[0.00715, 0.00563, 0.00443, 0.00299], hit=[0.03574, 0.05606, 0.08784, 0.14724], ndcg=[0.02280, 0.02911, 0.03679, 0.04816], Train Rec Loss=[0.03182], Eval Rec Loss=[0.03163], c=[0.50000], F=[0.82750, 0.87035, 0.90517, 0.93703], F_fuse=[0.01417, 0.01119, 0.00881, 0.00596]
[ INFO : 2026-08-08 11:25:33,491 ] - Epoch 163: train==[134.79920 = 0.59392 + 1.10817 + 22.74898 + 0.01666 + 0.00000 + 0.00072 + 1225.89705]
[ INFO : 2026-08-08 11:25:43,385 ] - Test_@[5, 10, 20, 50]: Recall=[0.03319, 0.05298, 0.08423, 0.14149],  precision=[0.00698, 0.00558, 0.00446, 0.00301], hit=[0.03492, 0.05554, 0.08840, 0.14837], ndcg=[0.02222, 0.02869, 0.03668, 0.04812], Train Rec Loss=[0.03184], Eval Rec Loss=[0.03162], c=[0.50000], F=[0.82970, 0.87103, 0.90518, 0.93677], F_fuse=[0.01385, 0.01110, 0.00887, 0.00601]
[ INFO : 2026-08-08 11:28:17,967 ] - Epoch 164: train==[134.82077 = 0.59260 + 1.10816 + 22.77190 + 0.01666 + 0.00000 + 0.00072 + 1225.89705]
[ INFO : 2026-08-08 11:28:27,426 ] - Test_@[5, 10, 20, 50]: Recall=[0.03361, 0.05314, 0.08269, 0.13922],  precision=[0.00709, 0.00562, 0.00438, 0.00297], hit=[0.03543, 0.05590, 0.08686, 0.14616], ndcg=[0.02244, 0.02879, 0.03634, 0.04766], Train Rec Loss=[0.03181], Eval Rec Loss=[0.03162], c=[0.50000], F=[0.82456, 0.86745, 0.90227, 0.93415], F_fuse=[0.01405, 0.01117, 0.00872, 0.00591]
[ INFO : 2026-08-08 11:31:03,037 ] - Epoch 165: train==[134.69850 = 0.59260 + 1.10815 + 22.64950 + 0.01680 + 0.00000 + 0.00072 + 1225.89705]
[ INFO : 2026-08-08 11:31:12,839 ] - Test_@[5, 10, 20, 50]: Recall=[0.03473, 0.05338, 0.08290, 0.13993],  precision=[0.00730, 0.00563, 0.00440, 0.00298], hit=[0.03651, 0.05600, 0.08722, 0.14693], ndcg=[0.02311, 0.02916, 0.03669, 0.04812], Train Rec Loss=[0.03183], Eval Rec Loss=[0.03160], c=[0.50000], F=[0.82692, 0.87020, 0.90415, 0.93627], F_fuse=[0.01448, 0.01119, 0.00876, 0.00595]
[ INFO : 2026-08-08 11:33:50,200 ] - Epoch 166: train==[134.80906 = 0.58595 + 1.10814 + 22.76673 + 0.01679 + 0.00000 + 0.00072 + 1225.89705]
[ INFO : 2026-08-08 11:33:59,559 ] - Test_@[5, 10, 20, 50]: Recall=[0.03343, 0.05275, 0.08342, 0.13976],  precision=[0.00701, 0.00555, 0.00442, 0.00298], hit=[0.03507, 0.05528, 0.08753, 0.14662], ndcg=[0.02221, 0.02851, 0.03631, 0.04756], Train Rec Loss=[0.03181], Eval Rec Loss=[0.03161], c=[0.50000], F=[0.82798, 0.86962, 0.90402, 0.93551], F_fuse=[0.01391, 0.01104, 0.00879, 0.00593]
[ INFO : 2026-08-08 11:36:36,584 ] - Epoch 167: train==[134.70428 = 0.58565 + 1.10813 + 22.66221 + 0.01684 + 0.00000 + 0.00072 + 1225.89705]
[ INFO : 2026-08-08 11:36:46,169 ] - Test_@[5, 10, 20, 50]: Recall=[0.03426, 0.05217, 0.08173, 0.13908],  precision=[0.00720, 0.00550, 0.00433, 0.00297], hit=[0.03600, 0.05477, 0.08593, 0.14595], ndcg=[0.02270, 0.02855, 0.03611, 0.04760], Train Rec Loss=[0.03182], Eval Rec Loss=[0.03159], c=[0.50000], F=[0.82839, 0.87008, 0.90383, 0.93522], F_fuse=[0.01428, 0.01094, 0.00862, 0.00591]
[ INFO : 2026-08-08 11:39:25,592 ] - Epoch 168: train==[134.65427 = 0.58339 + 1.10812 + 22.61442 + 0.01690 + 0.00000 + 0.00072 + 1225.89705]
[ INFO : 2026-08-08 11:39:35,439 ] - Test_@[5, 10, 20, 50]: Recall=[0.03359, 0.05318, 0.08319, 0.13855],  precision=[0.00705, 0.00561, 0.00441, 0.00295], hit=[0.03523, 0.05580, 0.08748, 0.14533], ndcg=[0.02224, 0.02861, 0.03625, 0.04732], Train Rec Loss=[0.03182], Eval Rec Loss=[0.03161], c=[0.50000], F=[0.82647, 0.86942, 0.90387, 0.93567], F_fuse=[0.01397, 0.01115, 0.00878, 0.00589]
[ INFO : 2026-08-08 11:42:13,186 ] - Epoch 169: train==[134.74870 = 0.58337 + 1.10811 + 22.70879 + 0.01698 + 0.00000 + 0.00072 + 1225.89705]
[ INFO : 2026-08-08 11:42:22,665 ] - Test_@[5, 10, 20, 50]: Recall=[0.03346, 0.05353, 0.08311, 0.13808],  precision=[0.00704, 0.00565, 0.00441, 0.00294], hit=[0.03518, 0.05631, 0.08743, 0.14502], ndcg=[0.02225, 0.02877, 0.03630, 0.04731], Train Rec Loss=[0.03182], Eval Rec Loss=[0.03162], c=[0.50000], F=[0.82740, 0.86925, 0.90328, 0.93548], F_fuse=[0.01395, 0.01123, 0.00877, 0.00587]
[ INFO : 2026-08-08 11:45:01,627 ] - Epoch 170: train==[134.67431 = 0.57867 + 1.10809 + 22.63907 + 0.01704 + 0.00000 + 0.00071 + 1225.89705]
[ INFO : 2026-08-08 11:45:11,376 ] - Test_@[5, 10, 20, 50]: Recall=[0.03374, 0.05326, 0.08231, 0.13870],  precision=[0.00708, 0.00562, 0.00436, 0.00295], hit=[0.03538, 0.05595, 0.08655, 0.14544], ndcg=[0.02237, 0.02873, 0.03614, 0.04742], Train Rec Loss=[0.03184], Eval Rec Loss=[0.03162], c=[0.50000], F=[0.82747, 0.86903, 0.90404, 0.93638], F_fuse=[0.01403, 0.01117, 0.00869, 0.00588]
[ INFO : 2026-08-08 11:47:49,573 ] - Epoch 171: train==[134.62510 = 0.57715 + 1.10809 + 22.59136 + 0.01703 + 0.00000 + 0.00072 + 1225.89705]
[ INFO : 2026-08-08 11:47:59,570 ] - Test_@[5, 10, 20, 50]: Recall=[0.03421, 0.05319, 0.08278, 0.13812],  precision=[0.00718, 0.00561, 0.00439, 0.00294], hit=[0.03590, 0.05580, 0.08701, 0.14502], ndcg=[0.02278, 0.02894, 0.03648, 0.04756], Train Rec Loss=[0.03183], Eval Rec Loss=[0.03160], c=[0.50000], F=[0.82714, 0.86961, 0.90408, 0.93606], F_fuse=[0.01423, 0.01115, 0.00874, 0.00587]
[ INFO : 2026-08-08 11:50:34,681 ] - Epoch 172: train==[134.61993 = 0.57704 + 1.10807 + 22.58626 + 0.01711 + 0.00000 + 0.00071 + 1225.89705]
[ INFO : 2026-08-08 11:50:44,433 ] - Test_@[5, 10, 20, 50]: Recall=[0.03361, 0.05234, 0.08272, 0.13973],  precision=[0.00707, 0.00552, 0.00439, 0.00298], hit=[0.03533, 0.05498, 0.08707, 0.14672], ndcg=[0.02241, 0.02849, 0.03626, 0.04767], Train Rec Loss=[0.03183], Eval Rec Loss=[0.03160], c=[0.50000], F=[0.82879, 0.86938, 0.90278, 0.93467], F_fuse=[0.01401, 0.01097, 0.00874, 0.00594]
[ INFO : 2026-08-08 11:53:21,109 ] - Epoch 173: train==[134.56448 = 0.57514 + 1.10806 + 22.53259 + 0.01723 + 0.00000 + 0.00071 + 1225.89705]
[ INFO : 2026-08-08 11:53:32,313 ] - Test_@[5, 10, 20, 50]: Recall=[0.03340, 0.05372, 0.08313, 0.13798],  precision=[0.00701, 0.00567, 0.00441, 0.00294], hit=[0.03507, 0.05636, 0.08727, 0.14466], ndcg=[0.02232, 0.02892, 0.03640, 0.04736], Train Rec Loss=[0.03182], Eval Rec Loss=[0.03162], c=[0.50000], F=[0.82836, 0.87000, 0.90328, 0.93507], F_fuse=[0.01391, 0.01126, 0.00877, 0.00586]
[ INFO : 2026-08-08 11:56:13,161 ] - Epoch 174: train==[134.62643 = 0.57378 + 1.10804 + 22.59591 + 0.01724 + 0.00000 + 0.00071 + 1225.89705]
[ INFO : 2026-08-08 11:56:23,439 ] - Test_@[5, 10, 20, 50]: Recall=[0.03361, 0.05302, 0.08240, 0.13854],  precision=[0.00707, 0.00558, 0.00436, 0.00295], hit=[0.03533, 0.05559, 0.08650, 0.14549], ndcg=[0.02246, 0.02875, 0.03625, 0.04751], Train Rec Loss=[0.03184], Eval Rec Loss=[0.03162], c=[0.50000], F=[0.82783, 0.86902, 0.90265, 0.93468], F_fuse=[0.01401, 0.01110, 0.00868, 0.00589]
[ INFO : 2026-08-08 11:59:02,238 ] - Epoch 175: train==[134.52923 = 0.57177 + 1.10803 + 22.50067 + 0.01731 + 0.00000 + 0.00071 + 1225.89705]
[ INFO : 2026-08-08 11:59:13,660 ] - Test_@[5, 10, 20, 50]: Recall=[0.03390, 0.05328, 0.08241, 0.14002],  precision=[0.00713, 0.00563, 0.00437, 0.00299], hit=[0.03564, 0.05595, 0.08660, 0.14693], ndcg=[0.02249, 0.02878, 0.03621, 0.04775], Train Rec Loss=[0.03183], Eval Rec Loss=[0.03161], c=[0.50000], F=[0.82987, 0.87118, 0.90483, 0.93509], F_fuse=[0.01413, 0.01118, 0.00870, 0.00595]
[ INFO : 2026-08-08 12:01:50,580 ] - Epoch 176: train==[134.45379 = 0.56729 + 1.10802 + 22.42968 + 0.01735 + 0.00000 + 0.00072 + 1225.89705]
[ INFO : 2026-08-08 12:02:00,536 ] - Test_@[5, 10, 20, 50]: Recall=[0.03394, 0.05318, 0.08179, 0.13738],  precision=[0.00713, 0.00560, 0.00434, 0.00292], hit=[0.03564, 0.05564, 0.08599, 0.14394], ndcg=[0.02262, 0.02888, 0.03616, 0.04726], Train Rec Loss=[0.03184], Eval Rec Loss=[0.03161], c=[0.50000], F=[0.82603, 0.86920, 0.90458, 0.93699], F_fuse=[0.01413, 0.01113, 0.00863, 0.00583]
[ INFO : 2026-08-08 12:04:38,039 ] - Epoch 177: train==[134.59879 = 0.56707 + 1.10801 + 22.57485 + 0.01742 + 0.00000 + 0.00071 + 1225.89705]
[ INFO : 2026-08-08 12:04:49,376 ] - Test_@[5, 10, 20, 50]: Recall=[0.03367, 0.05281, 0.08095, 0.13545],  precision=[0.00708, 0.00557, 0.00429, 0.00289], hit=[0.03533, 0.05544, 0.08516, 0.14204], ndcg=[0.02250, 0.02870, 0.03588, 0.04679], Train Rec Loss=[0.03182], Eval Rec Loss=[0.03161], c=[0.50000], F=[0.82643, 0.86933, 0.90448, 0.93670], F_fuse=[0.01403, 0.01107, 0.00854, 0.00576]
[ INFO : 2026-08-08 12:07:28,995 ] - Epoch 178: train==[134.40046 = 0.56827 + 1.10799 + 22.37529 + 0.01747 + 0.00000 + 0.00071 + 1225.89705]
[ INFO : 2026-08-08 12:07:38,570 ] - Test_@[5, 10, 20, 50]: Recall=[0.03397, 0.05342, 0.08256, 0.13867],  precision=[0.00716, 0.00565, 0.00437, 0.00296], hit=[0.03574, 0.05621, 0.08676, 0.14564], ndcg=[0.02262, 0.02890, 0.03631, 0.04753], Train Rec Loss=[0.03184], Eval Rec Loss=[0.03160], c=[0.50000], F=[0.82723, 0.87094, 0.90582, 0.93816], F_fuse=[0.01419, 0.01122, 0.00871, 0.00589]
[ INFO : 2026-08-08 12:10:15,015 ] - Epoch 179: train==[134.58169 = 0.56340 + 1.10797 + 22.56137 + 0.01750 + 0.00000 + 0.00071 + 1225.89705]
[ INFO : 2026-08-08 12:10:24,878 ] - Test_@[5, 10, 20, 50]: Recall=[0.03407, 0.05262, 0.08159, 0.13804],  precision=[0.00713, 0.00556, 0.00433, 0.00294], hit=[0.03559, 0.05528, 0.08588, 0.14482], ndcg=[0.02268, 0.02872, 0.03612, 0.04739], Train Rec Loss=[0.03181], Eval Rec Loss=[0.03160], c=[0.50000], F=[0.82569, 0.86884, 0.90438, 0.93651], F_fuse=[0.01413, 0.01106, 0.00862, 0.00586]
[ INFO : 2026-08-08 12:13:01,242 ] - Epoch 180: train==[134.55121 = 0.56340 + 1.10796 + 22.53086 + 0.01753 + 0.00000 + 0.00071 + 1225.89705]
[ INFO : 2026-08-08 12:13:12,465 ] - Test_@[5, 10, 20, 50]: Recall=[0.03289, 0.05337, 0.08180, 0.13660],  precision=[0.00691, 0.00563, 0.00432, 0.00291], hit=[0.03456, 0.05600, 0.08588, 0.14333], ndcg=[0.02198, 0.02865, 0.03588, 0.04688], Train Rec Loss=[0.03183], Eval Rec Loss=[0.03161], c=[0.50000], F=[0.82881, 0.87085, 0.90467, 0.93652], F_fuse=[0.01371, 0.01119, 0.00860, 0.00580]
[ INFO : 2026-08-08 12:15:49,205 ] - Epoch 181: train==[134.48965 = 0.56047 + 1.10794 + 22.47221 + 0.01758 + 0.00000 + 0.00071 + 1225.89705]
[ INFO : 2026-08-08 12:15:58,601 ] - Test_@[5, 10, 20, 50]: Recall=[0.03454, 0.05292, 0.08108, 0.13784],  precision=[0.00724, 0.00557, 0.00430, 0.00294], hit=[0.03615, 0.05549, 0.08532, 0.14466], ndcg=[0.02288, 0.02883, 0.03601, 0.04737], Train Rec Loss=[0.03183], Eval Rec Loss=[0.03161], c=[0.50000], F=[0.82801, 0.86979, 0.90428, 0.93635], F_fuse=[0.01436, 0.01108, 0.00856, 0.00586]
[ INFO : 2026-08-08 12:18:33,654 ] - Epoch 182: train==[134.44162 = 0.55890 + 1.10792 + 22.42565 + 0.01772 + 0.00000 + 0.00070 + 1225.89705]
[ INFO : 2026-08-08 12:18:43,305 ] - Test_@[5, 10, 20, 50]: Recall=[0.03411, 0.05257, 0.08203, 0.13790],  precision=[0.00717, 0.00554, 0.00435, 0.00294], hit=[0.03579, 0.05513, 0.08629, 0.14477], ndcg=[0.02257, 0.02854, 0.03607, 0.04725], Train Rec Loss=[0.03182], Eval Rec Loss=[0.03160], c=[0.50000], F=[0.82866, 0.87010, 0.90319, 0.93488], F_fuse=[0.01421, 0.01101, 0.00865, 0.00586]
[ INFO : 2026-08-08 12:21:17,971 ] - Epoch 183: train==[134.33660 = 0.55639 + 1.10791 + 22.32309 + 0.01777 + 0.00000 + 0.00070 + 1225.89705]
[ INFO : 2026-08-08 12:21:27,496 ] - Test_@[5, 10, 20, 50]: Recall=[0.03390, 0.05323, 0.08303, 0.13875],  precision=[0.00711, 0.00560, 0.00440, 0.00296], hit=[0.03554, 0.05570, 0.08732, 0.14574], ndcg=[0.02268, 0.02893, 0.03654, 0.04770], Train Rec Loss=[0.03183], Eval Rec Loss=[0.03163], c=[0.50000], F=[0.82975, 0.86987, 0.90340, 0.93497], F_fuse=[0.01409, 0.01113, 0.00877, 0.00590]
[ INFO : 2026-08-08 12:24:02,697 ] - Epoch 184: train==[134.41349 = 0.55778 + 1.10789 + 22.39858 + 0.01781 + 0.00000 + 0.00070 + 1225.89705]
[ INFO : 2026-08-08 12:24:12,874 ] - Test_@[5, 10, 20, 50]: Recall=[0.03249, 0.05166, 0.08020, 0.13407],  precision=[0.00685, 0.00545, 0.00424, 0.00286], hit=[0.03420, 0.05431, 0.08429, 0.14086], ndcg=[0.02181, 0.02804, 0.03531, 0.04612], Train Rec Loss=[0.03183], Eval Rec Loss=[0.03161], c=[0.50000], F=[0.82625, 0.86953, 0.90319, 0.93536], F_fuse=[0.01359, 0.01083, 0.00845, 0.00571]
[ INFO : 2026-08-08 12:26:52,721 ] - Epoch 185: train==[134.39678 = 0.55105 + 1.10787 + 22.38857 + 0.01783 + 0.00000 + 0.00071 + 1225.89705]
[ INFO : 2026-08-08 12:27:02,701 ] - Test_@[5, 10, 20, 50]: Recall=[0.03372, 0.05312, 0.08155, 0.13591],  precision=[0.00709, 0.00560, 0.00433, 0.00290], hit=[0.03538, 0.05575, 0.08583, 0.14256], ndcg=[0.02268, 0.02898, 0.03620, 0.04706], Train Rec Loss=[0.03185], Eval Rec Loss=[0.03162], c=[0.50000], F=[0.82822, 0.87040, 0.90384, 0.93508], F_fuse=[0.01405, 0.01113, 0.00861, 0.00577]
[ INFO : 2026-08-08 12:29:36,814 ] - Epoch 186: train==[134.38895 = 0.55335 + 1.10786 + 22.37844 + 0.01786 + 0.00000 + 0.00071 + 1225.89705]
[ INFO : 2026-08-08 12:29:46,923 ] - Test_@[5, 10, 20, 50]: Recall=[0.03353, 0.05285, 0.08203, 0.13622],  precision=[0.00705, 0.00557, 0.00435, 0.00291], hit=[0.03518, 0.05539, 0.08635, 0.14312], ndcg=[0.02235, 0.02859, 0.03602, 0.04683], Train Rec Loss=[0.03185], Eval Rec Loss=[0.03162], c=[0.50000], F=[0.82966, 0.87091, 0.90454, 0.93550], F_fuse=[0.01397, 0.01107, 0.00866, 0.00580]
[ INFO : 2026-08-08 12:32:24,684 ] - Epoch 187: train==[134.32457 = 0.55252 + 1.10783 + 22.31486 + 0.01791 + 0.00000 + 0.00071 + 1225.89705]
[ INFO : 2026-08-08 12:32:34,030 ] - Test_@[5, 10, 20, 50]: Recall=[0.03435, 0.05320, 0.08205, 0.13716],  precision=[0.00721, 0.00561, 0.00435, 0.00292], hit=[0.03600, 0.05585, 0.08624, 0.14384], ndcg=[0.02274, 0.02886, 0.03619, 0.04722], Train Rec Loss=[0.03184], Eval Rec Loss=[0.03163], c=[0.50000], F=[0.82821, 0.86965, 0.90373, 0.93545], F_fuse=[0.01430, 0.01114, 0.00865, 0.00583]
[ INFO : 2026-08-08 12:35:09,079 ] - Epoch 188: train==[134.31487 = 0.54670 + 1.10782 + 22.31096 + 0.01796 + 0.00000 + 0.00070 + 1225.89705]
[ INFO : 2026-08-08 12:35:18,835 ] - Test_@[5, 10, 20, 50]: Recall=[0.03401, 0.05288, 0.08208, 0.13714],  precision=[0.00714, 0.00558, 0.00435, 0.00292], hit=[0.03564, 0.05559, 0.08624, 0.14400], ndcg=[0.02251, 0.02863, 0.03608, 0.04711], Train Rec Loss=[0.03185], Eval Rec Loss=[0.03162], c=[0.50000], F=[0.82963, 0.87125, 0.90442, 0.93531], F_fuse=[0.01415, 0.01109, 0.00865, 0.00583]
[ INFO : 2026-08-08 12:37:52,519 ] - Epoch 189: train==[134.37479 = 0.54728 + 1.10779 + 22.37026 + 0.01803 + 0.00000 + 0.00070 + 1225.89705]
[ INFO : 2026-08-08 12:38:02,023 ] - Test_@[5, 10, 20, 50]: Recall=[0.03344, 0.05246, 0.08164, 0.13688],  precision=[0.00700, 0.00553, 0.00432, 0.00292], hit=[0.03497, 0.05513, 0.08578, 0.14374], ndcg=[0.02241, 0.02862, 0.03608, 0.04715], Train Rec Loss=[0.03186], Eval Rec Loss=[0.03162], c=[0.50000], F=[0.82885, 0.87023, 0.90382, 0.93597], F_fuse=[0.01389, 0.01099, 0.00860, 0.00582]
[ INFO : 2026-08-08 12:40:38,444 ] - Epoch 190: train==[134.36486 = 0.57242 + 1.10777 + 22.33516 + 0.01807 + 0.00000 + 0.00071 + 1225.89705]
[ INFO : 2026-08-08 12:40:48,043 ] - Test_@[5, 10, 20, 50]: Recall=[0.03469, 0.05339, 0.08183, 0.13716],  precision=[0.00728, 0.00563, 0.00435, 0.00292], hit=[0.03636, 0.05611, 0.08614, 0.14379], ndcg=[0.02297, 0.02901, 0.03626, 0.04732], Train Rec Loss=[0.03185], Eval Rec Loss=[0.03162], c=[0.50000], F=[0.83062, 0.87137, 0.90445, 0.93577], F_fuse=[0.01444, 0.01119, 0.00865, 0.00583]
[ INFO : 2026-08-08 12:43:23,010 ] - Epoch 191: train==[134.40079 = 0.54011 + 1.10774 + 22.40342 + 0.01808 + 0.00000 + 0.00070 + 1225.89705]
[ INFO : 2026-08-08 12:43:32,687 ] - Test_@[5, 10, 20, 50]: Recall=[0.03347, 0.05234, 0.08110, 0.13345],  precision=[0.00704, 0.00552, 0.00429, 0.00285], hit=[0.03512, 0.05487, 0.08532, 0.14004], ndcg=[0.02239, 0.02850, 0.03580, 0.04628], Train Rec Loss=[0.03185], Eval Rec Loss=[0.03165], c=[0.50000], F=[0.82801, 0.86974, 0.90364, 0.93503], F_fuse=[0.01395, 0.01098, 0.00855, 0.00568]
[ INFO : 2026-08-08 12:46:08,827 ] - Epoch 192: train==[134.29129 = 0.54005 + 1.10772 + 22.29395 + 0.01812 + 0.00000 + 0.00071 + 1225.89705]
[ INFO : 2026-08-08 12:46:18,871 ] - Test_@[5, 10, 20, 50]: Recall=[0.03417, 0.05291, 0.08186, 0.13611],  precision=[0.00717, 0.00557, 0.00434, 0.00290], hit=[0.03579, 0.05549, 0.08609, 0.14286], ndcg=[0.02273, 0.02879, 0.03616, 0.04701], Train Rec Loss=[0.03186], Eval Rec Loss=[0.03162], c=[0.50000], F=[0.82924, 0.87036, 0.90434, 0.93574], F_fuse=[0.01421, 0.01108, 0.00864, 0.00579]
[ INFO : 2026-08-08 12:48:55,422 ] - Epoch 193: train==[134.24136 = 0.54072 + 1.10770 + 22.24323 + 0.01826 + 0.00000 + 0.00070 + 1225.89705]
[ INFO : 2026-08-08 12:49:04,753 ] - Test_@[5, 10, 20, 50]: Recall=[0.03385, 0.05299, 0.08207, 0.13732],  precision=[0.00713, 0.00558, 0.00436, 0.00293], hit=[0.03564, 0.05554, 0.08629, 0.14425], ndcg=[0.02245, 0.02864, 0.03608, 0.04713], Train Rec Loss=[0.03185], Eval Rec Loss=[0.03165], c=[0.50000], F=[0.83053, 0.87139, 0.90428, 0.93584], F_fuse=[0.01413, 0.01109, 0.00867, 0.00584]
[ INFO : 2026-08-08 12:51:40,787 ] - Epoch 194: train==[134.23592 = 0.54001 + 1.10767 + 22.23851 + 0.01830 + 0.00000 + 0.00070 + 1225.89705]
[ INFO : 2026-08-08 12:51:50,356 ] - Test_@[5, 10, 20, 50]: Recall=[0.03304, 0.05226, 0.08137, 0.13363],  precision=[0.00694, 0.00550, 0.00432, 0.00285], hit=[0.03466, 0.05477, 0.08563, 0.14004], ndcg=[0.02241, 0.02868, 0.03610, 0.04654], Train Rec Loss=[0.03185], Eval Rec Loss=[0.03164], c=[0.50000], F=[0.82651, 0.86972, 0.90537, 0.93668], F_fuse=[0.01377, 0.01094, 0.00859, 0.00567]
[ INFO : 2026-08-08 12:54:25,169 ] - Epoch 195: train==[134.22662 = 0.53688 + 1.10764 + 22.23236 + 0.01831 + 0.00000 + 0.00070 + 1225.89705]
[ INFO : 2026-08-08 12:54:34,811 ] - Test_@[5, 10, 20, 50]: Recall=[0.03417, 0.05372, 0.08176, 0.13879],  precision=[0.00716, 0.00566, 0.00435, 0.00296], hit=[0.03579, 0.05636, 0.08609, 0.14564], ndcg=[0.02296, 0.02929, 0.03644, 0.04785], Train Rec Loss=[0.03187], Eval Rec Loss=[0.03164], c=[0.50000], F=[0.82916, 0.87026, 0.90325, 0.93432], F_fuse=[0.01419, 0.01124, 0.00865, 0.00590]
[ INFO : 2026-08-08 12:57:08,241 ] - Epoch 196: train==[134.27515 = 0.53523 + 1.10761 + 22.28243 + 0.01845 + 0.00000 + 0.00070 + 1225.89705]
[ INFO : 2026-08-08 12:57:17,638 ] - Test_@[5, 10, 20, 50]: Recall=[0.03294, 0.05247, 0.08112, 0.13471],  precision=[0.00691, 0.00552, 0.00430, 0.00287], hit=[0.03456, 0.05492, 0.08537, 0.14148], ndcg=[0.02221, 0.02853, 0.03585, 0.04658], Train Rec Loss=[0.03186], Eval Rec Loss=[0.03166], c=[0.50000], F=[0.82783, 0.87046, 0.90455, 0.93605], F_fuse=[0.01371, 0.01097, 0.00856, 0.00573]
[ INFO : 2026-08-08 12:59:50,913 ] - Epoch 197: train==[134.24993 = 0.53511 + 1.10758 + 22.25735 + 0.01846 + 0.00000 + 0.00070 + 1225.89705]
[ INFO : 2026-08-08 13:00:00,535 ] - Test_@[5, 10, 20, 50]: Recall=[0.03338, 0.05173, 0.08027, 0.13438],  precision=[0.00700, 0.00545, 0.00425, 0.00286], hit=[0.03502, 0.05420, 0.08429, 0.14101], ndcg=[0.02227, 0.02821, 0.03547, 0.04627], Train Rec Loss=[0.03187], Eval Rec Loss=[0.03164], c=[0.50000], F=[0.82575, 0.86867, 0.90404, 0.93621], F_fuse=[0.01389, 0.01082, 0.00846, 0.00571]
[ INFO : 2026-08-08 13:02:34,334 ] - Epoch 198: train==[134.27845 = 0.53531 + 1.10755 + 22.28570 + 0.01845 + 0.00000 + 0.00070 + 1225.89705]
[ INFO : 2026-08-08 13:02:44,121 ] - Test_@[5, 10, 20, 50]: Recall=[0.03420, 0.05321, 0.08141, 0.13439],  precision=[0.00718, 0.00560, 0.00431, 0.00286], hit=[0.03590, 0.05580, 0.08547, 0.14091], ndcg=[0.02270, 0.02889, 0.03606, 0.04670], Train Rec Loss=[0.03187], Eval Rec Loss=[0.03167], c=[0.50000], F=[0.83026, 0.87089, 0.90414, 0.93473], F_fuse=[0.01424, 0.01113, 0.00857, 0.00571]
[ INFO : 2026-08-08 13:05:17,601 ] - Epoch 199: train==[134.33885 = 0.53503 + 1.10752 + 22.34638 + 0.01848 + 0.00000 + 0.00070 + 1225.89705]
[ INFO : 2026-08-08 13:05:27,190 ] - Test_@[5, 10, 20, 50]: Recall=[0.03368, 0.05239, 0.08135, 0.13729],  precision=[0.00709, 0.00552, 0.00432, 0.00293], hit=[0.03543, 0.05492, 0.08547, 0.14425], ndcg=[0.02266, 0.02874, 0.03615, 0.04734], Train Rec Loss=[0.03189], Eval Rec Loss=[0.03165], c=[0.50000], F=[0.83008, 0.87194, 0.90519, 0.93613], F_fuse=[0.01405, 0.01098, 0.00859, 0.00584]
[ INFO : 2026-08-08 13:08:01,151 ] - Epoch 200: train==[134.29981 = 0.53665 + 1.10749 + 22.30568 + 0.01856 + 0.00000 + 0.00070 + 1225.89705]
[ INFO : 2026-08-08 13:08:10,914 ] - Test_@[5, 10, 20, 50]: Recall=[0.03327, 0.05251, 0.08068, 0.13411],  precision=[0.00696, 0.00554, 0.00427, 0.00286], hit=[0.03482, 0.05513, 0.08470, 0.14081], ndcg=[0.02242, 0.02865, 0.03581, 0.04647], Train Rec Loss=[0.03190], Eval Rec Loss=[0.03165], c=[0.50000], F=[0.82684, 0.86993, 0.90386, 0.93575], F_fuse=[0.01381, 0.01101, 0.00851, 0.00570]
[ INFO : 2026-08-08 13:10:43,739 ] - Epoch 201: train==[134.15756 = 0.53029 + 1.10745 + 22.16974 + 0.01865 + 0.00000 + 0.00069 + 1225.89705]
[ INFO : 2026-08-08 13:10:54,163 ] - Test_@[5, 10, 20, 50]: Recall=[0.03338, 0.05153, 0.07960, 0.13156],  precision=[0.00701, 0.00544, 0.00421, 0.00280], hit=[0.03502, 0.05410, 0.08362, 0.13803], ndcg=[0.02231, 0.02819, 0.03535, 0.04575], Train Rec Loss=[0.03189], Eval Rec Loss=[0.03167], c=[0.50000], F=[0.82650, 0.86918, 0.90465, 0.93611], F_fuse=[0.01391, 0.01080, 0.00838, 0.00559]
[ INFO : 2026-08-08 13:13:27,313 ] - Epoch 202: train==[134.12786 = 0.52632 + 1.10741 + 22.14393 + 0.01877 + 0.00000 + 0.00070 + 1225.89705]
[ INFO : 2026-08-08 13:13:36,840 ] - Test_@[5, 10, 20, 50]: Recall=[0.03335, 0.05312, 0.08239, 0.13765],  precision=[0.00701, 0.00561, 0.00437, 0.00294], hit=[0.03507, 0.05570, 0.08671, 0.14461], ndcg=[0.02257, 0.02900, 0.03646, 0.04754], Train Rec Loss=[0.03190], Eval Rec Loss=[0.03166], c=[0.50000], F=[0.83106, 0.87157, 0.90420, 0.93493], F_fuse=[0.01391, 0.01114, 0.00870, 0.00585]
[ INFO : 2026-08-08 13:16:09,733 ] - Epoch 203: train==[134.22630 = 0.52300 + 1.10738 + 22.24578 + 0.01871 + 0.00000 + 0.00070 + 1225.89705]
[ INFO : 2026-08-08 13:16:19,317 ] - Test_@[5, 10, 20, 50]: Recall=[0.03291, 0.05270, 0.08109, 0.13418],  precision=[0.00690, 0.00556, 0.00431, 0.00286], hit=[0.03451, 0.05528, 0.08537, 0.14065], ndcg=[0.02223, 0.02867, 0.03591, 0.04651], Train Rec Loss=[0.03191], Eval Rec Loss=[0.03169], c=[0.50000], F=[0.82843, 0.87013, 0.90366, 0.93561], F_fuse=[0.01369, 0.01105, 0.00857, 0.00570]
[ INFO : 2026-08-08 13:18:52,271 ] - Epoch 204: train==[134.21478 = 0.52423 + 1.10734 + 22.23303 + 0.01875 + 0.00000 + 0.00069 + 1225.89705]
[ INFO : 2026-08-08 13:19:01,960 ] - Test_@[5, 10, 20, 50]: Recall=[0.03318, 0.05162, 0.08028, 0.13418],  precision=[0.00698, 0.00544, 0.00426, 0.00286], hit=[0.03487, 0.05410, 0.08439, 0.14070], ndcg=[0.02233, 0.02832, 0.03565, 0.04643], Train Rec Loss=[0.03191], Eval Rec Loss=[0.03170], c=[0.50000], F=[0.82774, 0.87047, 0.90476, 0.93647], F_fuse=[0.01385, 0.01081, 0.00849, 0.00570]
[ INFO : 2026-08-08 13:21:37,364 ] - Epoch 205: train==[134.18772 = 0.52546 + 1.10729 + 22.20471 + 0.01881 + 0.00000 + 0.00070 + 1225.89705]
[ INFO : 2026-08-08 13:21:47,005 ] - Test_@[5, 10, 20, 50]: Recall=[0.03295, 0.05135, 0.07956, 0.13167],  precision=[0.00694, 0.00542, 0.00422, 0.00281], hit=[0.03466, 0.05390, 0.08377, 0.13824], ndcg=[0.02208, 0.02805, 0.03526, 0.04572], Train Rec Loss=[0.03190], Eval Rec Loss=[0.03170], c=[0.50000], F=[0.82736, 0.87036, 0.90573, 0.93716], F_fuse=[0.01377, 0.01076, 0.00840, 0.00560]
[ INFO : 2026-08-08 13:24:20,182 ] - Epoch 206: train==[134.12043 = 0.52209 + 1.10725 + 22.14078 + 0.01888 + 0.00000 + 0.00069 + 1225.89705]
[ INFO : 2026-08-08 13:24:29,745 ] - Test_@[5, 10, 20, 50]: Recall=[0.03330, 0.05242, 0.08101, 0.13459],  precision=[0.00699, 0.00553, 0.00430, 0.00287], hit=[0.03492, 0.05503, 0.08521, 0.14112], ndcg=[0.02243, 0.02862, 0.03589, 0.04660], Train Rec Loss=[0.03192], Eval Rec Loss=[0.03171], c=[0.50000], F=[0.82853, 0.87080, 0.90448, 0.93583], F_fuse=[0.01387, 0.01099, 0.00856, 0.00572]
[ INFO : 2026-08-08 13:27:03,371 ] - Epoch 207: train==[134.08111 = 0.51786 + 1.10721 + 22.10567 + 0.01894 + 0.00000 + 0.00070 + 1225.89705]
[ INFO : 2026-08-08 13:27:12,818 ] - Test_@[5, 10, 20, 50]: Recall=[0.03325, 0.05194, 0.07987, 0.13305],  precision=[0.00697, 0.00548, 0.00424, 0.00284], hit=[0.03482, 0.05451, 0.08403, 0.13968], ndcg=[0.02244, 0.02851, 0.03567, 0.04632], Train Rec Loss=[0.03192], Eval Rec Loss=[0.03173], c=[0.50000], F=[0.82674, 0.87070, 0.90550, 0.93698], F_fuse=[0.01383, 0.01090, 0.00844, 0.00566]
[ INFO : 2026-08-08 13:29:47,930 ] - Epoch 208: train==[134.01623 = 0.51997 + 1.10715 + 22.03862 + 0.01906 + 0.00000 + 0.00069 + 1225.89705]
[ INFO : 2026-08-08 13:29:57,609 ] - Test_@[5, 10, 20, 50]: Recall=[0.03382, 0.05230, 0.08156, 0.13495],  precision=[0.00709, 0.00550, 0.00433, 0.00288], hit=[0.03543, 0.05477, 0.08578, 0.14158], ndcg=[0.02284, 0.02882, 0.03631, 0.04696], Train Rec Loss=[0.03194], Eval Rec Loss=[0.03170], c=[0.50000], F=[0.82719, 0.87076, 0.90519, 0.93711], F_fuse=[0.01405, 0.01094, 0.00861, 0.00573]
[ INFO : 2026-08-08 13:32:32,484 ] - Epoch 209: train==[134.11323 = 0.52367 + 1.10711 + 22.13208 + 0.01893 + 0.00000 + 0.00070 + 1225.89705]
[ INFO : 2026-08-08 13:32:42,341 ] - Test_@[5, 10, 20, 50]: Recall=[0.03351, 0.05225, 0.07928, 0.13306],  precision=[0.00704, 0.00551, 0.00421, 0.00283], hit=[0.03512, 0.05487, 0.08352, 0.13957], ndcg=[0.02257, 0.02866, 0.03559, 0.04636], Train Rec Loss=[0.03195], Eval Rec Loss=[0.03171], c=[0.50000], F=[0.82729, 0.87075, 0.90505, 0.93606], F_fuse=[0.01395, 0.01096, 0.00838, 0.00565]
[ INFO : 2026-08-08 13:35:15,954 ] - Epoch 210: train==[134.12069 = 0.51558 + 1.10705 + 22.14763 + 0.01898 + 0.00000 + 0.00071 + 1225.89705]
[ INFO : 2026-08-08 13:35:25,616 ] - Test_@[5, 10, 20, 50]: Recall=[0.03409, 0.05299, 0.08146, 0.13468],  precision=[0.00716, 0.00558, 0.00432, 0.00287], hit=[0.03574, 0.05554, 0.08563, 0.14137], ndcg=[0.02271, 0.02879, 0.03603, 0.04665], Train Rec Loss=[0.03197], Eval Rec Loss=[0.03173], c=[0.50000], F=[0.82771, 0.86937, 0.90327, 0.93446], F_fuse=[0.01419, 0.01109, 0.00860, 0.00572]
[ INFO : 2026-08-08 13:37:59,857 ] - Epoch 211: train==[134.04043 = 0.51489 + 1.10701 + 22.06798 + 0.01913 + 0.00000 + 0.00070 + 1225.89705]
[ INFO : 2026-08-08 13:38:09,471 ] - Test_@[5, 10, 20, 50]: Recall=[0.03326, 0.05170, 0.08071, 0.13405],  precision=[0.00699, 0.00545, 0.00428, 0.00286], hit=[0.03492, 0.05426, 0.08491, 0.14060], ndcg=[0.02232, 0.02833, 0.03574, 0.04640], Train Rec Loss=[0.03196], Eval Rec Loss=[0.03174], c=[0.50000], F=[0.83021, 0.87278, 0.90614, 0.93689], F_fuse=[0.01387, 0.01083, 0.00852, 0.00570]
[ INFO : 2026-08-08 13:40:44,057 ] - Epoch 212: train==[134.15130 = 0.51187 + 1.10695 + 22.18191 + 0.01914 + 0.00000 + 0.00071 + 1225.89705]
[ INFO : 2026-08-08 13:40:53,955 ] - Test_@[5, 10, 20, 50]: Recall=[0.03324, 0.05211, 0.08085, 0.13455],  precision=[0.00700, 0.00549, 0.00430, 0.00287], hit=[0.03497, 0.05467, 0.08516, 0.14117], ndcg=[0.02238, 0.02849, 0.03584, 0.04657], Train Rec Loss=[0.03197], Eval Rec Loss=[0.03175], c=[0.50000], F=[0.82796, 0.86964, 0.90341, 0.93454], F_fuse=[0.01389, 0.01091, 0.00855, 0.00572]
[ INFO : 2026-08-08 13:43:31,610 ] - Epoch 213: train==[134.04904 = 0.51214 + 1.10689 + 22.07935 + 0.01923 + 0.00000 + 0.00070 + 1225.89705]
[ INFO : 2026-08-08 13:43:41,110 ] - Test_@[5, 10, 20, 50]: Recall=[0.03329, 0.05267, 0.08059, 0.13345],  precision=[0.00697, 0.00557, 0.00427, 0.00284], hit=[0.03487, 0.05544, 0.08465, 0.13998], ndcg=[0.02247, 0.02880, 0.03591, 0.04649], Train Rec Loss=[0.03198], Eval Rec Loss=[0.03175], c=[0.50000], F=[0.82611, 0.87038, 0.90619, 0.93802], F_fuse=[0.01383, 0.01107, 0.00850, 0.00567]
[ INFO : 2026-08-08 13:46:15,538 ] - Epoch 214: train==[133.94611 = 0.51156 + 1.10683 + 21.97700 + 0.01928 + 0.00000 + 0.00070 + 1225.89705]
[ INFO : 2026-08-08 13:46:25,454 ] - Test_@[5, 10, 20, 50]: Recall=[0.03451, 0.05204, 0.08204, 0.13712],  precision=[0.00723, 0.00549, 0.00435, 0.00292], hit=[0.03615, 0.05462, 0.08624, 0.14394], ndcg=[0.02292, 0.02860, 0.03627, 0.04726], Train Rec Loss=[0.03198], Eval Rec Loss=[0.03175], c=[0.50000], F=[0.82904, 0.87145, 0.90352, 0.93451], F_fuse=[0.01434, 0.01091, 0.00866, 0.00583]
[ INFO : 2026-08-08 13:49:02,259 ] - Epoch 215: train==[134.14450 = 0.51066 + 1.10676 + 22.17630 + 0.01936 + 0.00000 + 0.00069 + 1225.89705]
[ INFO : 2026-08-08 13:49:11,850 ] - Test_@[5, 10, 20, 50]: Recall=[0.03250, 0.05151, 0.07952, 0.13268],  precision=[0.00682, 0.00544, 0.00422, 0.00283], hit=[0.03410, 0.05410, 0.08352, 0.13926], ndcg=[0.02194, 0.02809, 0.03527, 0.04589], Train Rec Loss=[0.03199], Eval Rec Loss=[0.03176], c=[0.50000], F=[0.82819, 0.87100, 0.90572, 0.93663], F_fuse=[0.01353, 0.01080, 0.00840, 0.00564]
[ INFO : 2026-08-08 13:51:49,813 ] - Epoch 216: train==[133.99960 = 0.50852 + 1.10669 + 22.03359 + 0.01936 + 0.00000 + 0.00070 + 1225.89705]
[ INFO : 2026-08-08 13:51:59,829 ] - Test_@[5, 10, 20, 50]: Recall=[0.03436, 0.05180, 0.08101, 0.13411],  precision=[0.00721, 0.00546, 0.00431, 0.00286], hit=[0.03605, 0.05436, 0.08532, 0.14076], ndcg=[0.02306, 0.02874, 0.03623, 0.04683], Train Rec Loss=[0.03202], Eval Rec Loss=[0.03178], c=[0.50000], F=[0.82966, 0.87233, 0.90551, 0.93637], F_fuse=[0.01430, 0.01084, 0.00857, 0.00570]
[ INFO : 2026-08-08 13:54:34,935 ] - Epoch 217: train==[134.12909 = 0.50583 + 1.10661 + 22.16582 + 0.01939 + 0.00000 + 0.00070 + 1225.89705]
[ INFO : 2026-08-08 13:54:44,667 ] - Test_@[5, 10, 20, 50]: Recall=[0.03312, 0.05242, 0.08034, 0.13378],  precision=[0.00695, 0.00553, 0.00426, 0.00285], hit=[0.03476, 0.05513, 0.08444, 0.14024], ndcg=[0.02224, 0.02849, 0.03561, 0.04631], Train Rec Loss=[0.03204], Eval Rec Loss=[0.03177], c=[0.50000], F=[0.82848, 0.87082, 0.90484, 0.93616], F_fuse=[0.01379, 0.01100, 0.00847, 0.00568]
[ INFO : 2026-08-08 13:57:17,276 ] - Epoch 218: train==[134.10068 = 0.50960 + 1.10654 + 22.13362 + 0.01950 + 0.00000 + 0.00069 + 1225.89705]
[ INFO : 2026-08-08 13:57:27,073 ] - Test_@[5, 10, 20, 50]: Recall=[0.03357, 0.05168, 0.07997, 0.13421],  precision=[0.00706, 0.00545, 0.00425, 0.00286], hit=[0.03523, 0.05426, 0.08419, 0.14091], ndcg=[0.02236, 0.02823, 0.03543, 0.04628], Train Rec Loss=[0.03203], Eval Rec Loss=[0.03182], c=[0.50000], F=[0.82933, 0.87107, 0.90370, 0.93469], F_fuse=[0.01399, 0.01083, 0.00845, 0.00571]
[ INFO : 2026-08-08 14:00:00,349 ] - Epoch 219: train==[134.03916 = 0.50377 + 1.10647 + 22.07797 + 0.01952 + 0.00000 + 0.00069 + 1225.89705]
[ INFO : 2026-08-08 14:00:10,302 ] - Test_@[5, 10, 20, 50]: Recall=[0.03286, 0.05156, 0.08076, 0.13326],  precision=[0.00690, 0.00543, 0.00429, 0.00284], hit=[0.03446, 0.05410, 0.08491, 0.13993], ndcg=[0.02229, 0.02838, 0.03586, 0.04634], Train Rec Loss=[0.03207], Eval Rec Loss=[0.03187], c=[0.50000], F=[0.82825, 0.87145, 0.90492, 0.93655], F_fuse=[0.01369, 0.01079, 0.00853, 0.00567]
[ INFO : 2026-08-08 14:02:42,818 ] - Epoch 220: train==[134.08069 = 0.50226 + 1.10638 + 22.12099 + 0.01964 + 0.00000 + 0.00068 + 1225.89705]
[ INFO : 2026-08-08 14:02:52,460 ] - Test_@[5, 10, 20, 50]: Recall=[0.03304, 0.05102, 0.07915, 0.13148],  precision=[0.00696, 0.00539, 0.00420, 0.00280], hit=[0.03476, 0.05364, 0.08321, 0.13788], ndcg=[0.02212, 0.02795, 0.03514, 0.04562], Train Rec Loss=[0.03206], Eval Rec Loss=[0.03188], c=[0.50000], F=[0.82672, 0.86934, 0.90362, 0.93564], F_fuse=[0.01381, 0.01072, 0.00835, 0.00558]
[ INFO : 2026-08-08 14:05:26,161 ] - Epoch 221: train==[134.03050 = 0.50588 + 1.10630 + 22.06732 + 0.01956 + 0.00000 + 0.00070 + 1225.89705]
[ INFO : 2026-08-08 14:05:35,694 ] - Test_@[5, 10, 20, 50]: Recall=[0.03308, 0.05230, 0.07986, 0.13383],  precision=[0.00695, 0.00553, 0.00424, 0.00285], hit=[0.03471, 0.05508, 0.08408, 0.14029], ndcg=[0.02224, 0.02851, 0.03554, 0.04633], Train Rec Loss=[0.03208], Eval Rec Loss=[0.03187], c=[0.50000], F=[0.83061, 0.87204, 0.90551, 0.93566], F_fuse=[0.01379, 0.01100, 0.00845, 0.00568]
[ INFO : 2026-08-08 14:08:08,130 ] - Epoch 222: train==[133.95449 = 0.50839 + 1.10621 + 21.98876 + 0.01970 + 0.00000 + 0.00069 + 1225.89705]
[ INFO : 2026-08-08 14:08:17,745 ] - Test_@[5, 10, 20, 50]: Recall=[0.03364, 0.05179, 0.08011, 0.13344],  precision=[0.00708, 0.00546, 0.00425, 0.00284], hit=[0.03533, 0.05420, 0.08434, 0.14019], ndcg=[0.02263, 0.02850, 0.03574, 0.04635], Train Rec Loss=[0.03208], Eval Rec Loss=[0.03185], c=[0.50000], F=[0.82756, 0.87034, 0.90519, 0.93695], F_fuse=[0.01403, 0.01084, 0.00847, 0.00567]
[ INFO : 2026-08-08 14:10:50,344 ] - Epoch 223: train==[133.99235 = 0.50366 + 1.10612 + 22.03143 + 0.01971 + 0.00000 + 0.00069 + 1225.89705]
[ INFO : 2026-08-08 14:10:59,863 ] - Test_@[5, 10, 20, 50]: Recall=[0.03337, 0.05197, 0.08107, 0.13465],  precision=[0.00701, 0.00548, 0.00430, 0.00287], hit=[0.03502, 0.05451, 0.08521, 0.14127], ndcg=[0.02234, 0.02838, 0.03582, 0.04651], Train Rec Loss=[0.03211], Eval Rec Loss=[0.03190], c=[0.50000], F=[0.83028, 0.87209, 0.90590, 0.93661], F_fuse=[0.01391, 0.01089, 0.00855, 0.00571]
[ INFO : 2026-08-08 14:13:33,606 ] - Epoch 224: train==[134.01770 = 0.49817 + 1.10603 + 22.06234 + 0.01972 + 0.00000 + 0.00070 + 1225.89705]
[ INFO : 2026-08-08 14:13:43,378 ] - Test_@[5, 10, 20, 50]: Recall=[0.03259, 0.05096, 0.08047, 0.13234],  precision=[0.00687, 0.00538, 0.00427, 0.00282], hit=[0.03430, 0.05354, 0.08460, 0.13880], ndcg=[0.02186, 0.02782, 0.03533, 0.04566], Train Rec Loss=[0.03215], Eval Rec Loss=[0.03192], c=[0.50000], F=[0.82924, 0.87010, 0.90383, 0.93456], F_fuse=[0.01363, 0.01069, 0.00850, 0.00562]
[ INFO : 2026-08-08 14:16:16,682 ] - Epoch 225: train==[133.90665 = 0.49754 + 1.10593 + 21.95194 + 0.01980 + 0.00000 + 0.00070 + 1225.89705]
[ INFO : 2026-08-08 14:16:27,014 ] - Test_@[5, 10, 20, 50]: Recall=[0.03326, 0.05221, 0.08073, 0.13501],  precision=[0.00700, 0.00550, 0.00428, 0.00288], hit=[0.03497, 0.05482, 0.08496, 0.14168], ndcg=[0.02244, 0.02861, 0.03589, 0.04674], Train Rec Loss=[0.03216], Eval Rec Loss=[0.03193], c=[0.50000], F=[0.82894, 0.87249, 0.90544, 0.93672], F_fuse=[0.01389, 0.01093, 0.00853, 0.00574]
[ INFO : 2026-08-08 14:19:03,801 ] - Epoch 226: train==[133.94643 = 0.49716 + 1.10585 + 21.99212 + 0.01987 + 0.00000 + 0.00069 + 1225.89705]
[ INFO : 2026-08-08 14:19:13,217 ] - Test_@[5, 10, 20, 50]: Recall=[0.03229, 0.05166, 0.07884, 0.13168],  precision=[0.00680, 0.00546, 0.00418, 0.00280], hit=[0.03394, 0.05436, 0.08285, 0.13813], ndcg=[0.02203, 0.02834, 0.03526, 0.04582], Train Rec Loss=[0.03216], Eval Rec Loss=[0.03194], c=[0.50000], F=[0.82747, 0.87168, 0.90698, 0.93835], F_fuse=[0.01349, 0.01086, 0.00832, 0.00559]
[ INFO : 2026-08-08 14:21:48,246 ] - Epoch 227: train==[133.93393 = 0.49273 + 1.10573 + 21.98423 + 0.01981 + 0.00000 + 0.00069 + 1225.89705]
[ INFO : 2026-08-08 14:21:57,812 ] - Test_@[5, 10, 20, 50]: Recall=[0.03398, 0.05197, 0.08062, 0.13416],  precision=[0.00714, 0.00550, 0.00428, 0.00286], hit=[0.03564, 0.05472, 0.08480, 0.14065], ndcg=[0.02270, 0.02853, 0.03585, 0.04651], Train Rec Loss=[0.03215], Eval Rec Loss=[0.03194], c=[0.50000], F=[0.83015, 0.87238, 0.90511, 0.93622], F_fuse=[0.01415, 0.01093, 0.00852, 0.00570]
[ INFO : 2026-08-08 14:24:33,130 ] - Epoch 228: train==[134.02687 = 0.49455 + 1.10563 + 22.07538 + 0.01988 + 0.00000 + 0.00069 + 1225.89705]
[ INFO : 2026-08-08 14:24:42,551 ] - Test_@[5, 10, 20, 50]: Recall=[0.03272, 0.05129, 0.08023, 0.13236],  precision=[0.00687, 0.00542, 0.00426, 0.00282], hit=[0.03430, 0.05400, 0.08424, 0.13896], ndcg=[0.02214, 0.02821, 0.03560, 0.04600], Train Rec Loss=[0.03223], Eval Rec Loss=[0.03203], c=[0.50000], F=[0.82877, 0.87188, 0.90618, 0.93771], F_fuse=[0.01363, 0.01077, 0.00847, 0.00563]
[ INFO : 2026-08-08 14:27:17,883 ] - Epoch 229: train==[133.90727 = 0.49223 + 1.10553 + 21.95801 + 0.02008 + 0.00000 + 0.00068 + 1225.89705]
[ INFO : 2026-08-08 14:27:27,332 ] - Test_@[5, 10, 20, 50]: Recall=[0.03368, 0.05183, 0.08095, 0.13464],  precision=[0.00708, 0.00547, 0.00429, 0.00287], hit=[0.03533, 0.05451, 0.08516, 0.14117], ndcg=[0.02258, 0.02848, 0.03590, 0.04661], Train Rec Loss=[0.03221], Eval Rec Loss=[0.03201], c=[0.50000], F=[0.83011, 0.87289, 0.90574, 0.93669], F_fuse=[0.01403, 0.01088, 0.00854, 0.00572]
[ INFO : 2026-08-08 14:30:02,701 ] - Epoch 230: train==[133.92580 = 0.49167 + 1.10543 + 21.97722 + 0.02006 + 0.00000 + 0.00068 + 1225.89705]
[ INFO : 2026-08-08 14:30:12,489 ] - Test_@[5, 10, 20, 50]: Recall=[0.03239, 0.05140, 0.08000, 0.13167],  precision=[0.00681, 0.00542, 0.00424, 0.00281], hit=[0.03399, 0.05395, 0.08403, 0.13829], ndcg=[0.02189, 0.02808, 0.03539, 0.04571], Train Rec Loss=[0.03223], Eval Rec Loss=[0.03203], c=[0.50000], F=[0.82804, 0.87100, 0.90491, 0.93627], F_fuse=[0.01351, 0.01076, 0.00844, 0.00560]
[ INFO : 2026-08-08 14:32:45,973 ] - Epoch 231: train==[133.83729 = 0.49087 + 1.10530 + 21.88959 + 0.02010 + 0.00000 + 0.00068 + 1225.89705]
[ INFO : 2026-08-08 14:32:55,322 ] - Test_@[5, 10, 20, 50]: Recall=[0.03281, 0.05164, 0.08017, 0.13251],  precision=[0.00690, 0.00545, 0.00425, 0.00282], hit=[0.03446, 0.05431, 0.08424, 0.13906], ndcg=[0.02228, 0.02841, 0.03569, 0.04614], Train Rec Loss=[0.03225], Eval Rec Loss=[0.03203], c=[0.50000], F=[0.82879, 0.87138, 0.90578, 0.93749], F_fuse=[0.01369, 0.01083, 0.00847, 0.00563]
[ INFO : 2026-08-08 14:35:30,757 ] - Epoch 232: train==[133.80747 = 0.49456 + 1.10519 + 21.85617 + 0.02013 + 0.00000 + 0.00069 + 1225.89705]
[ INFO : 2026-08-08 14:35:40,216 ] - Test_@[5, 10, 20, 50]: Recall=[0.03261, 0.05035, 0.07957, 0.13131],  precision=[0.00686, 0.00533, 0.00421, 0.00280], hit=[0.03425, 0.05302, 0.08357, 0.13777], ndcg=[0.02209, 0.02785, 0.03531, 0.04563], Train Rec Loss=[0.03227], Eval Rec Loss=[0.03207], c=[0.50000], F=[0.82612, 0.87055, 0.90452, 0.93632], F_fuse=[0.01361, 0.01059, 0.00839, 0.00557]
[ INFO : 2026-08-08 14:38:17,240 ] - Epoch 233: train==[133.84207 = 0.48643 + 1.10506 + 21.89892 + 0.02023 + 0.00000 + 0.00068 + 1225.89705]
[ INFO : 2026-08-08 14:38:26,715 ] - Test_@[5, 10, 20, 50]: Recall=[0.03305, 0.05189, 0.08026, 0.13233],  precision=[0.00693, 0.00549, 0.00425, 0.00282], hit=[0.03461, 0.05462, 0.08429, 0.13896], ndcg=[0.02235, 0.02848, 0.03570, 0.04610], Train Rec Loss=[0.03231], Eval Rec Loss=[0.03209], c=[0.50000], F=[0.82862, 0.87080, 0.90467, 0.93615], F_fuse=[0.01375, 0.01091, 0.00846, 0.00562]
[ INFO : 2026-08-08 14:41:04,830 ] - Epoch 234: train==[133.88619 = 0.48747 + 1.10495 + 21.94221 + 0.02012 + 0.00000 + 0.00070 + 1225.89705]
[ INFO : 2026-08-08 14:41:14,539 ] - Test_@[5, 10, 20, 50]: Recall=[0.03374, 0.05237, 0.08048, 0.13328],  precision=[0.00707, 0.00553, 0.00427, 0.00284], hit=[0.03528, 0.05492, 0.08460, 0.13998], ndcg=[0.02271, 0.02875, 0.03593, 0.04646], Train Rec Loss=[0.03233], Eval Rec Loss=[0.03207], c=[0.50000], F=[0.82943, 0.87195, 0.90428, 0.93498], F_fuse=[0.01401, 0.01099, 0.00850, 0.00566]
[ INFO : 2026-08-08 14:43:49,893 ] - Epoch 235: train==[133.76588 = 0.48742 + 1.10484 + 21.82190 + 0.02030 + 0.00000 + 0.00069 + 1225.89705]
[ INFO : 2026-08-08 14:43:59,502 ] - Test_@[5, 10, 20, 50]: Recall=[0.03321, 0.05226, 0.07933, 0.13187],  precision=[0.00697, 0.00551, 0.00421, 0.00281], hit=[0.03482, 0.05492, 0.08347, 0.13854], ndcg=[0.02267, 0.02882, 0.03572, 0.04621], Train Rec Loss=[0.03233], Eval Rec Loss=[0.03214], c=[0.50000], F=[0.82801, 0.87192, 0.90613, 0.93723], F_fuse=[0.01383, 0.01095, 0.00837, 0.00560]
[ INFO : 2026-08-08 14:46:35,489 ] - Epoch 236: train==[133.85841 = 0.48358 + 1.10470 + 21.91841 + 0.02029 + 0.00000 + 0.00069 + 1225.89705]
[ INFO : 2026-08-08 14:46:45,190 ] - Test_@[5, 10, 20, 50]: Recall=[0.03310, 0.05115, 0.07990, 0.13156],  precision=[0.00697, 0.00540, 0.00423, 0.00280], hit=[0.03482, 0.05374, 0.08388, 0.13788], ndcg=[0.02217, 0.02801, 0.03535, 0.04565], Train Rec Loss=[0.03235], Eval Rec Loss=[0.03216], c=[0.50000], F=[0.82822, 0.87108, 0.90437, 0.93543], F_fuse=[0.01383, 0.01073, 0.00842, 0.00558]
[ INFO : 2026-08-08 14:49:22,443 ] - Epoch 237: train==[133.82317 = 0.48127 + 1.10457 + 21.88554 + 0.02035 + 0.00000 + 0.00069 + 1225.89705]
[ INFO : 2026-08-08 14:49:32,113 ] - Test_@[5, 10, 20, 50]: Recall=[0.03322, 0.05129, 0.07926, 0.13247],  precision=[0.00696, 0.00542, 0.00421, 0.00282], hit=[0.03476, 0.05395, 0.08341, 0.13890], ndcg=[0.02244, 0.02833, 0.03549, 0.04610], Train Rec Loss=[0.03238], Eval Rec Loss=[0.03219], c=[0.50000], F=[0.82750, 0.87112, 0.90486, 0.93604], F_fuse=[0.01381, 0.01077, 0.00839, 0.00563]
[ INFO : 2026-08-08 14:52:06,429 ] - Epoch 238: train==[133.87915 = 0.48576 + 1.10443 + 21.93713 + 0.02040 + 0.00000 + 0.00069 + 1225.89705]
[ INFO : 2026-08-08 14:52:16,101 ] - Test_@[5, 10, 20, 50]: Recall=[0.03277, 0.05075, 0.07924, 0.13201],  precision=[0.00690, 0.00536, 0.00421, 0.00281], hit=[0.03446, 0.05338, 0.08341, 0.13844], ndcg=[0.02232, 0.02819, 0.03547, 0.04598], Train Rec Loss=[0.03245], Eval Rec Loss=[0.03219], c=[0.50000], F=[0.82997, 0.87326, 0.90645, 0.93764], F_fuse=[0.01369, 0.01065, 0.00839, 0.00561]
[ INFO : 2026-08-08 14:54:51,867 ] - Epoch 239: train==[133.87405 = 0.48210 + 1.10432 + 21.93577 + 0.02043 + 0.00000 + 0.00070 + 1225.89705]
[ INFO : 2026-08-08 14:55:01,290 ] - Test_@[5, 10, 20, 50]: Recall=[0.03385, 0.05197, 0.07995, 0.13281],  precision=[0.00712, 0.00549, 0.00425, 0.00283], hit=[0.03554, 0.05467, 0.08413, 0.13926], ndcg=[0.02273, 0.02860, 0.03574, 0.04630], Train Rec Loss=[0.03245], Eval Rec Loss=[0.03222], c=[0.50000], F=[0.82922, 0.87144, 0.90467, 0.93595], F_fuse=[0.01411, 0.01091, 0.00846, 0.00564]
[ INFO : 2026-08-08 14:57:39,186 ] - Epoch 240: train==[133.82184 = 0.48085 + 1.10419 + 21.88488 + 0.02047 + 0.00000 + 0.00071 + 1225.89705]
[ INFO : 2026-08-08 14:57:48,676 ] - Test_@[5, 10, 20, 50]: Recall=[0.03238, 0.05093, 0.07808, 0.12993],  precision=[0.00682, 0.00539, 0.00414, 0.00277], hit=[0.03404, 0.05364, 0.08197, 0.13633], ndcg=[0.02200, 0.02802, 0.03492, 0.04527], Train Rec Loss=[0.03248], Eval Rec Loss=[0.03220], c=[0.50000], F=[0.82794, 0.86995, 0.90542, 0.93649], F_fuse=[0.01353, 0.01072, 0.00824, 0.00552]
[ INFO : 2026-08-08 15:00:26,348 ] - Epoch 241: train==[133.79390 = 0.47900 + 1.10404 + 21.85891 + 0.02052 + 0.00000 + 0.00070 + 1225.89705]
[ INFO : 2026-08-08 15:00:35,631 ] - Test_@[5, 10, 20, 50]: Recall=[0.03368, 0.05158, 0.07928, 0.13193],  precision=[0.00709, 0.00545, 0.00420, 0.00281], hit=[0.03538, 0.05415, 0.08331, 0.13834], ndcg=[0.02279, 0.02859, 0.03569, 0.04620], Train Rec Loss=[0.03252], Eval Rec Loss=[0.03227], c=[0.50000], F=[0.82984, 0.87290, 0.90647, 0.93713], F_fuse=[0.01405, 0.01082, 0.00836, 0.00560]
[ INFO : 2026-08-08 15:03:10,299 ] - Epoch 242: train==[133.91323 = 0.47937 + 1.10391 + 21.97802 + 0.02050 + 0.00000 + 0.00070 + 1225.89705]
[ INFO : 2026-08-08 15:03:19,757 ] - Test_@[5, 10, 20, 50]: Recall=[0.03287, 0.05113, 0.08015, 0.13219],  precision=[0.00692, 0.00541, 0.00426, 0.00281], hit=[0.03456, 0.05384, 0.08434, 0.13870], ndcg=[0.02237, 0.02831, 0.03572, 0.04608], Train Rec Loss=[0.03256], Eval Rec Loss=[0.03234], c=[0.50000], F=[0.83059, 0.87249, 0.90519, 0.93556], F_fuse=[0.01373, 0.01075, 0.00847, 0.00561]
[ INFO : 2026-08-08 15:05:54,987 ] - Epoch 243: train==[133.78268 = 0.47748 + 1.10378 + 21.84928 + 0.02072 + 0.00000 + 0.00067 + 1225.89705]
[ INFO : 2026-08-08 15:06:04,991 ] - Test_@[5, 10, 20, 50]: Recall=[0.03313, 0.05183, 0.07938, 0.13122],  precision=[0.00698, 0.00547, 0.00422, 0.00279], hit=[0.03487, 0.05436, 0.08347, 0.13772], ndcg=[0.02251, 0.02857, 0.03562, 0.04599], Train Rec Loss=[0.03257], Eval Rec Loss=[0.03236], c=[0.50000], F=[0.82881, 0.87113, 0.90606, 0.93711], F_fuse=[0.01385, 0.01087, 0.00839, 0.00557]
[ INFO : 2026-08-08 15:08:40,137 ] - Epoch 244: train==[133.83233 = 0.47502 + 1.10364 + 21.90157 + 0.02068 + 0.00000 + 0.00068 + 1225.89705]
[ INFO : 2026-08-08 15:08:49,647 ] - Test_@[5, 10, 20, 50]: Recall=[0.03345, 0.05122, 0.08019, 0.13297],  precision=[0.00705, 0.00541, 0.00426, 0.00283], hit=[0.03518, 0.05384, 0.08434, 0.13942], ndcg=[0.02266, 0.02842, 0.03584, 0.04637], Train Rec Loss=[0.03258], Eval Rec Loss=[0.03238], c=[0.50000], F=[0.83055, 0.87240, 0.90524, 0.93628], F_fuse=[0.01397, 0.01075, 0.00848, 0.00565]
[ INFO : 2026-08-08 15:11:30,108 ] - Epoch 245: train==[133.86793 = 0.47530 + 1.10349 + 21.93709 + 0.02062 + 0.00000 + 0.00069 + 1225.89705]
[ INFO : 2026-08-08 15:11:39,710 ] - Test_@[5, 10, 20, 50]: Recall=[0.03304, 0.05126, 0.07833, 0.13034],  precision=[0.00695, 0.00543, 0.00416, 0.00277], hit=[0.03471, 0.05405, 0.08233, 0.13659], ndcg=[0.02231, 0.02820, 0.03511, 0.04550], Train Rec Loss=[0.03256], Eval Rec Loss=[0.03243], c=[0.50000], F=[0.82927, 0.87212, 0.90618, 0.93734], F_fuse=[0.01379, 0.01078, 0.00827, 0.00553]
[ INFO : 2026-08-08 15:14:17,875 ] - Epoch 246: train==[133.70030 = 0.47331 + 1.10335 + 21.77146 + 0.02075 + 0.00000 + 0.00069 + 1225.89705]
[ INFO : 2026-08-08 15:14:27,255 ] - Test_@[5, 10, 20, 50]: Recall=[0.03334, 0.05166, 0.08033, 0.13273],  precision=[0.00699, 0.00544, 0.00427, 0.00283], hit=[0.03492, 0.05426, 0.08449, 0.13911], ndcg=[0.02253, 0.02849, 0.03582, 0.04627], Train Rec Loss=[0.03258], Eval Rec Loss=[0.03249], c=[0.50000], F=[0.82926, 0.87262, 0.90575, 0.93674], F_fuse=[0.01387, 0.01081, 0.00849, 0.00564]
[ INFO : 2026-08-08 15:17:07,640 ] - Epoch 247: train==[133.85302 = 0.47446 + 1.10321 + 21.92311 + 0.02080 + 0.00000 + 0.00069 + 1225.89705]
[ INFO : 2026-08-08 15:17:17,510 ] - Test_@[5, 10, 20, 50]: Recall=[0.03320, 0.05094, 0.07869, 0.12851],  precision=[0.00700, 0.00538, 0.00417, 0.00274], hit=[0.03497, 0.05364, 0.08269, 0.13500], ndcg=[0.02273, 0.02846, 0.03552, 0.04547], Train Rec Loss=[0.03266], Eval Rec Loss=[0.03244], c=[0.50000], F=[0.82783, 0.87073, 0.90498, 0.93630], F_fuse=[0.01389, 0.01070, 0.00831, 0.00546]
[ INFO : 2026-08-08 15:19:57,905 ] - Epoch 248: train==[133.73777 = 0.47195 + 1.10305 + 21.81053 + 0.02081 + 0.00000 + 0.00069 + 1225.89705]
[ INFO : 2026-08-08 15:20:07,509 ] - Test_@[5, 10, 20, 50]: Recall=[0.03322, 0.05222, 0.08011, 0.13214],  precision=[0.00697, 0.00552, 0.00425, 0.00282], hit=[0.03487, 0.05482, 0.08413, 0.13860], ndcg=[0.02247, 0.02866, 0.03577, 0.04619], Train Rec Loss=[0.03275], Eval Rec Loss=[0.03251], c=[0.50000], F=[0.82925, 0.87114, 0.90379, 0.93519], F_fuse=[0.01383, 0.01097, 0.00846, 0.00562]
[ INFO : 2026-08-08 15:22:45,829 ] - Epoch 249: train==[133.72509 = 0.47205 + 1.10291 + 21.79778 + 0.02094 + 0.00000 + 0.00067 + 1225.89705]
[ INFO : 2026-08-08 15:22:55,429 ] - Test_@[5, 10, 20, 50]: Recall=[0.03398, 0.05161, 0.08053, 0.13231],  precision=[0.00714, 0.00546, 0.00428, 0.00281], hit=[0.03564, 0.05436, 0.08485, 0.13875], ndcg=[0.02303, 0.02877, 0.03615, 0.04648], Train Rec Loss=[0.03276], Eval Rec Loss=[0.03252], c=[0.50000], F=[0.82920, 0.87071, 0.90470, 0.93560], F_fuse=[0.01415, 0.01086, 0.00852, 0.00561]
[ INFO : 2026-08-08 15:25:33,797 ] - Epoch 250: train==[133.91541 = 0.46971 + 1.10277 + 21.99052 + 0.02098 + 0.00000 + 0.00068 + 1225.89705]
[ INFO : 2026-08-08 15:25:43,944 ] - Test_@[5, 10, 20, 50]: Recall=[0.03331, 0.05167, 0.07902, 0.13016],  precision=[0.00699, 0.00546, 0.00419, 0.00277], hit=[0.03492, 0.05441, 0.08305, 0.13659], ndcg=[0.02270, 0.02865, 0.03563, 0.04582], Train Rec Loss=[0.03274], Eval Rec Loss=[0.03252], c=[0.50000], F=[0.82822, 0.87194, 0.90570, 0.93734], F_fuse=[0.01387, 0.01084, 0.00835, 0.00552]
[ INFO : 2026-08-08 15:28:21,004 ] - Epoch 251: train==[133.65894 = 0.47162 + 1.10262 + 21.73226 + 0.02100 + 0.00000 + 0.00070 + 1225.89705]
[ INFO : 2026-08-08 15:28:31,169 ] - Test_@[5, 10, 20, 50]: Recall=[0.03346, 0.05156, 0.07939, 0.13101],  precision=[0.00702, 0.00546, 0.00421, 0.00279], hit=[0.03507, 0.05431, 0.08347, 0.13752], ndcg=[0.02258, 0.02845, 0.03554, 0.04587], Train Rec Loss=[0.03286], Eval Rec Loss=[0.03260], c=[0.50000], F=[0.82866, 0.87119, 0.90482, 0.93653], F_fuse=[0.01393, 0.01084, 0.00839, 0.00557]
[ INFO : 2026-08-08 15:31:09,018 ] - Epoch 252: train==[133.74732 = 0.46797 + 1.10248 + 21.82438 + 0.02107 + 0.00000 + 0.00068 + 1225.89705]
[ INFO : 2026-08-08 15:31:18,485 ] - Test_@[5, 10, 20, 50]: Recall=[0.03336, 0.05149, 0.07914, 0.13086],  precision=[0.00701, 0.00543, 0.00420, 0.00279], hit=[0.03502, 0.05410, 0.08336, 0.13736], ndcg=[0.02255, 0.02843, 0.03549, 0.04582], Train Rec Loss=[0.03284], Eval Rec Loss=[0.03261], c=[0.50000], F=[0.82958, 0.87270, 0.90664, 0.93730], F_fuse=[0.01391, 0.01078, 0.00837, 0.00556]
[ INFO : 2026-08-08 15:33:55,428 ] - Epoch 253: train==[133.71204 = 0.46531 + 1.10233 + 21.79191 + 0.02104 + 0.00000 + 0.00070 + 1225.89705]
[ INFO : 2026-08-08 15:34:05,863 ] - Test_@[5, 10, 20, 50]: Recall=[0.03292, 0.05117, 0.07851, 0.13184],  precision=[0.00691, 0.00540, 0.00417, 0.00281], hit=[0.03451, 0.05390, 0.08259, 0.13844], ndcg=[0.02232, 0.02826, 0.03526, 0.04592], Train Rec Loss=[0.03285], Eval Rec Loss=[0.03256], c=[0.50000], F=[0.82952, 0.87217, 0.90702, 0.93815], F_fuse=[0.01371, 0.01074, 0.00829, 0.00560]
[ INFO : 2026-08-08 15:36:44,409 ] - Epoch 254: train==[133.75793 = 0.46656 + 1.10217 + 21.83662 + 0.02116 + 0.00000 + 0.00068 + 1225.89705]
[ INFO : 2026-08-08 15:36:54,537 ] - Test_@[5, 10, 20, 50]: Recall=[0.03334, 0.05154, 0.07938, 0.13211],  precision=[0.00698, 0.00544, 0.00421, 0.00281], hit=[0.03487, 0.05426, 0.08347, 0.13865], ndcg=[0.02269, 0.02861, 0.03573, 0.04626], Train Rec Loss=[0.03287], Eval Rec Loss=[0.03275], c=[0.50000], F=[0.82875, 0.87233, 0.90475, 0.93586], F_fuse=[0.01385, 0.01081, 0.00839, 0.00561]
[ INFO : 2026-08-08 15:39:33,111 ] - Epoch 255: train==[133.75566 = 0.46748 + 1.10202 + 21.83362 + 0.02111 + 0.00000 + 0.00069 + 1225.89705]
[ INFO : 2026-08-08 15:39:44,372 ] - Test_@[5, 10, 20, 50]: Recall=[0.03264, 0.05049, 0.07696, 0.12920],  precision=[0.00689, 0.00535, 0.00409, 0.00275], hit=[0.03440, 0.05323, 0.08089, 0.13546], ndcg=[0.02201, 0.02780, 0.03459, 0.04502], Train Rec Loss=[0.03293], Eval Rec Loss=[0.03264], c=[0.50000], F=[0.82742, 0.87177, 0.90745, 0.93897], F_fuse=[0.01367, 0.01064, 0.00815, 0.00548]
[ INFO : 2026-08-08 15:42:21,688 ] - Epoch 256: train==[133.72945 = 0.46656 + 1.10186 + 21.80852 + 0.02108 + 0.00000 + 0.00070 + 1225.89705]
[ INFO : 2026-08-08 15:42:31,483 ] - Test_@[5, 10, 20, 50]: Recall=[0.03323, 0.05110, 0.07997, 0.13217],  precision=[0.00699, 0.00541, 0.00425, 0.00281], hit=[0.03492, 0.05379, 0.08403, 0.13870], ndcg=[0.02267, 0.02851, 0.03588, 0.04630], Train Rec Loss=[0.03292], Eval Rec Loss=[0.03276], c=[0.50000], F=[0.82906, 0.87082, 0.90430, 0.93558], F_fuse=[0.01387, 0.01075, 0.00845, 0.00561]
[ INFO : 2026-08-08 15:45:11,129 ] - Epoch 257: train==[133.61534 = 0.46322 + 1.10172 + 21.69776 + 0.02120 + 0.00000 + 0.00069 + 1225.89705]
[ INFO : 2026-08-08 15:45:20,988 ] - Test_@[5, 10, 20, 50]: Recall=[0.03356, 0.05174, 0.07889, 0.13086],  precision=[0.00707, 0.00546, 0.00419, 0.00279], hit=[0.03528, 0.05436, 0.08300, 0.13726], ndcg=[0.02271, 0.02861, 0.03557, 0.04597], Train Rec Loss=[0.03292], Eval Rec Loss=[0.03276], c=[0.50000], F=[0.83042, 0.87260, 0.90701, 0.93729], F_fuse=[0.01401, 0.01085, 0.00833, 0.00556]
[ INFO : 2026-08-08 15:48:00,091 ] - Epoch 258: train==[133.75694 = 0.46216 + 1.10158 + 21.84056 + 0.02121 + 0.00000 + 0.00069 + 1225.89705]
[ INFO : 2026-08-08 15:48:10,446 ] - Test_@[5, 10, 20, 50]: Recall=[0.03309, 0.05158, 0.07858, 0.13084],  precision=[0.00697, 0.00545, 0.00417, 0.00279], hit=[0.03482, 0.05420, 0.08254, 0.13710], ndcg=[0.02237, 0.02835, 0.03527, 0.04573], Train Rec Loss=[0.03305], Eval Rec Loss=[0.03276], c=[0.50000], F=[0.82913, 0.87163, 0.90525, 0.93620], F_fuse=[0.01383, 0.01083, 0.00830, 0.00556]
[ INFO : 2026-08-08 15:50:44,961 ] - Epoch 259: train==[133.72632 = 0.46231 + 1.10143 + 21.80990 + 0.02122 + 0.00000 + 0.00072 + 1225.89705]
[ INFO : 2026-08-08 15:50:54,744 ] - Test_@[5, 10, 20, 50]: Recall=[0.03286, 0.04982, 0.07853, 0.12900],  precision=[0.00693, 0.00528, 0.00416, 0.00275], hit=[0.03461, 0.05246, 0.08244, 0.13530], ndcg=[0.02237, 0.02787, 0.03518, 0.04527], Train Rec Loss=[0.03310], Eval Rec Loss=[0.03287], c=[0.50000], F=[0.82840, 0.87176, 0.90576, 0.93699], F_fuse=[0.01375, 0.01050, 0.00828, 0.00548]
[ INFO : 2026-08-08 15:53:28,135 ] - Epoch 260: train==[133.76466 = 0.46225 + 1.10129 + 21.84843 + 0.02126 + 0.00000 + 0.00069 + 1225.89705]
[ INFO : 2026-08-08 15:53:37,866 ] - Test_@[5, 10, 20, 50]: Recall=[0.03387, 0.05170, 0.07854, 0.12919],  precision=[0.00712, 0.00546, 0.00416, 0.00275], hit=[0.03554, 0.05436, 0.08249, 0.13551], ndcg=[0.02293, 0.02871, 0.03554, 0.04569], Train Rec Loss=[0.03304], Eval Rec Loss=[0.03287], c=[0.50000], F=[0.83002, 0.87264, 0.90557, 0.93621], F_fuse=[0.01411, 0.01086, 0.00828, 0.00548]
[ INFO : 2026-08-08 15:56:10,838 ] - Epoch 261: train==[133.76098 = 0.45982 + 1.10114 + 21.84724 + 0.02134 + 0.00000 + 0.00070 + 1225.89705]
[ INFO : 2026-08-08 15:56:20,174 ] - Test_@[5, 10, 20, 50]: Recall=[0.03322, 0.05064, 0.07704, 0.12799],  precision=[0.00699, 0.00535, 0.00409, 0.00273], hit=[0.03492, 0.05323, 0.08095, 0.13438], ndcg=[0.02255, 0.02818, 0.03494, 0.04515], Train Rec Loss=[0.03309], Eval Rec Loss=[0.03294], c=[0.50000], F=[0.82772, 0.87217, 0.90629, 0.93763], F_fuse=[0.01387, 0.01063, 0.00814, 0.00544]
[ INFO : 2026-08-08 15:58:56,397 ] - Epoch 262: train==[133.65898 = 0.45896 + 1.10100 + 21.74618 + 0.02139 + 0.00000 + 0.00070 + 1225.89705]
[ INFO : 2026-08-08 15:59:07,257 ] - Test_@[5, 10, 20, 50]: Recall=[0.03284, 0.05100, 0.07896, 0.13083],  precision=[0.00691, 0.00538, 0.00418, 0.00279], hit=[0.03451, 0.05359, 0.08285, 0.13721], ndcg=[0.02234, 0.02824, 0.03538, 0.04575], Train Rec Loss=[0.03306], Eval Rec Loss=[0.03296], c=[0.50000], F=[0.82909, 0.87222, 0.90609, 0.93728], F_fuse=[0.01371, 0.01070, 0.00833, 0.00556]
[ INFO : 2026-08-08 16:01:46,569 ] - Epoch 263: train==[133.56601 = 0.46135 + 1.10086 + 21.65082 + 0.02157 + 0.00000 + 0.00068 + 1225.89705]
[ INFO : 2026-08-08 16:01:55,900 ] - Test_@[5, 10, 20, 50]: Recall=[0.03368, 0.05090, 0.07773, 0.12973],  precision=[0.00710, 0.00538, 0.00412, 0.00276], hit=[0.03543, 0.05359, 0.08161, 0.13597], ndcg=[0.02272, 0.02829, 0.03513, 0.04556], Train Rec Loss=[0.03320], Eval Rec Loss=[0.03292], c=[0.50000], F=[0.82857, 0.87185, 0.90499, 0.93602], F_fuse=[0.01407, 0.01070, 0.00820, 0.00551]
[ INFO : 2026-08-08 16:04:34,160 ] - Epoch 264: train==[133.70083 = 0.45849 + 1.10070 + 21.78868 + 0.02155 + 0.00000 + 0.00068 + 1225.89705]
[ INFO : 2026-08-08 16:04:44,139 ] - Test_@[5, 10, 20, 50]: Recall=[0.03351, 0.05104, 0.07870, 0.13020],  precision=[0.00706, 0.00539, 0.00418, 0.00278], hit=[0.03523, 0.05369, 0.08275, 0.13664], ndcg=[0.02255, 0.02825, 0.03532, 0.04563], Train Rec Loss=[0.03323], Eval Rec Loss=[0.03298], c=[0.50000], F=[0.82966, 0.87251, 0.90567, 0.93650], F_fuse=[0.01399, 0.01071, 0.00832, 0.00553]
[ INFO : 2026-08-08 16:07:23,296 ] - Epoch 265: train==[133.68076 = 0.45473 + 1.10055 + 21.77258 + 0.02146 + 0.00000 + 0.00070 + 1225.89705]
[ INFO : 2026-08-08 16:07:33,379 ] - Test_@[5, 10, 20, 50]: Recall=[0.03340, 0.05042, 0.07623, 0.12758],  precision=[0.00704, 0.00533, 0.00405, 0.00271], hit=[0.03512, 0.05307, 0.08033, 0.13376], ndcg=[0.02287, 0.02838, 0.03496, 0.04524], Train Rec Loss=[0.03318], Eval Rec Loss=[0.03303], c=[0.50000], F=[0.82864, 0.87248, 0.90660, 0.93697], F_fuse=[0.01395, 0.01060, 0.00806, 0.00541]
[ INFO : 2026-08-08 16:10:12,069 ] - Epoch 266: train==[133.66687 = 0.45539 + 1.10039 + 21.75805 + 0.02161 + 0.00000 + 0.00069 + 1225.89705]
[ INFO : 2026-08-08 16:10:21,436 ] - Test_@[5, 10, 20, 50]: Recall=[0.03406, 0.05155, 0.07893, 0.13023],  precision=[0.00715, 0.00544, 0.00418, 0.00277], hit=[0.03569, 0.05415, 0.08285, 0.13654], ndcg=[0.02298, 0.02864, 0.03563, 0.04587], Train Rec Loss=[0.03326], Eval Rec Loss=[0.03300], c=[0.50000], F=[0.82773, 0.87173, 0.90604, 0.93728], F_fuse=[0.01417, 0.01081, 0.00833, 0.00553]
[ INFO : 2026-08-08 16:12:58,630 ] - Epoch 267: train==[133.73476 = 0.45412 + 1.10026 + 21.82730 + 0.02166 + 0.00000 + 0.00069 + 1225.89705]
[ INFO : 2026-08-08 16:13:08,245 ] - Test_@[5, 10, 20, 50]: Recall=[0.03388, 0.05179, 0.08016, 0.13207],  precision=[0.00715, 0.00546, 0.00425, 0.00281], hit=[0.03569, 0.05436, 0.08424, 0.13839], ndcg=[0.02286, 0.02869, 0.03594, 0.04633], Train Rec Loss=[0.03334], Eval Rec Loss=[0.03305], c=[0.50000], F=[0.82912, 0.87119, 0.90427, 0.93553], F_fuse=[0.01417, 0.01086, 0.00847, 0.00561]
[ INFO : 2026-08-08 16:15:45,430 ] - Epoch 268: train==[133.68517 = 0.45196 + 1.10010 + 21.78002 + 0.02166 + 0.00000 + 0.00069 + 1225.89705]
[ INFO : 2026-08-08 16:15:55,310 ] - Test_@[5, 10, 20, 50]: Recall=[0.03305, 0.05045, 0.07746, 0.12911],  precision=[0.00693, 0.00534, 0.00411, 0.00275], hit=[0.03461, 0.05318, 0.08136, 0.13541], ndcg=[0.02245, 0.02810, 0.03499, 0.04532], Train Rec Loss=[0.03333], Eval Rec Loss=[0.03309], c=[0.50000], F=[0.82808, 0.87110, 0.90578, 0.93690], F_fuse=[0.01375, 0.01061, 0.00818, 0.00547]
[ INFO : 2026-08-08 16:18:34,529 ] - Epoch 269: train==[133.59424 = 0.45205 + 1.09996 + 21.68911 + 0.02168 + 0.00000 + 0.00070 + 1225.89705]
[ INFO : 2026-08-08 16:18:43,885 ] - Test_@[5, 10, 20, 50]: Recall=[0.03298, 0.05129, 0.07801, 0.12902],  precision=[0.00695, 0.00542, 0.00413, 0.00275], hit=[0.03471, 0.05395, 0.08192, 0.13525], ndcg=[0.02239, 0.02833, 0.03515, 0.04535], Train Rec Loss=[0.03338], Eval Rec Loss=[0.03323], c=[0.50000], F=[0.82722, 0.87336, 0.90755, 0.93848], F_fuse=[0.01379, 0.01076, 0.00823, 0.00547]
[ INFO : 2026-08-08 16:21:19,768 ] - Epoch 270: train==[133.60689 = 0.44988 + 1.09982 + 21.70403 + 0.02173 + 0.00000 + 0.00070 + 1225.89705]
[ INFO : 2026-08-08 16:21:29,268 ] - Test_@[5, 10, 20, 50]: Recall=[0.03313, 0.05029, 0.07708, 0.12894],  precision=[0.00696, 0.00532, 0.00410, 0.00275], hit=[0.03476, 0.05282, 0.08115, 0.13520], ndcg=[0.02245, 0.02800, 0.03485, 0.04520], Train Rec Loss=[0.03344], Eval Rec Loss=[0.03316], c=[0.50000], F=[0.82786, 0.87169, 0.90514, 0.93675], F_fuse=[0.01381, 0.01057, 0.00816, 0.00548]
[ INFO : 2026-08-08 16:24:07,319 ] - Epoch 271: train==[133.60619 = 0.45192 + 1.09966 + 21.70141 + 0.02178 + 0.00000 + 0.00068 + 1225.89705]
[ INFO : 2026-08-08 16:24:17,745 ] - Test_@[5, 10, 20, 50]: Recall=[0.03335, 0.05138, 0.07877, 0.12961],  precision=[0.00702, 0.00543, 0.00418, 0.00276], hit=[0.03507, 0.05405, 0.08285, 0.13582], ndcg=[0.02293, 0.02879, 0.03577, 0.04592], Train Rec Loss=[0.03342], Eval Rec Loss=[0.03317], c=[0.50000], F=[0.82831, 0.87296, 0.90679, 0.93792], F_fuse=[0.01393, 0.01079, 0.00831, 0.00549]
[ INFO : 2026-08-08 16:26:55,642 ] - Epoch 272: train==[133.56125 = 0.44978 + 1.09951 + 21.65861 + 0.02194 + 0.00000 + 0.00068 + 1225.89705]
[ INFO : 2026-08-08 16:27:08,168 ] - Test_@[5, 10, 20, 50]: Recall=[0.03370, 0.05138, 0.08001, 0.13120],  precision=[0.00712, 0.00543, 0.00425, 0.00279], hit=[0.03554, 0.05395, 0.08413, 0.13752], ndcg=[0.02295, 0.02869, 0.03601, 0.04622], Train Rec Loss=[0.03349], Eval Rec Loss=[0.03322], c=[0.50000], F=[0.82953, 0.87227, 0.90622, 0.93681], F_fuse=[0.01411, 0.01078, 0.00845, 0.00556]
[ INFO : 2026-08-08 16:29:47,324 ] - Epoch 273: train==[133.59125 = 0.45113 + 1.09939 + 21.68746 + 0.02185 + 0.00000 + 0.00069 + 1225.89705]
[ INFO : 2026-08-08 16:29:58,656 ] - Test_@[5, 10, 20, 50]: Recall=[0.03268, 0.05126, 0.07718, 0.12681],  precision=[0.00688, 0.00540, 0.00410, 0.00270], hit=[0.03435, 0.05384, 0.08125, 0.13309], ndcg=[0.02221, 0.02822, 0.03483, 0.04476], Train Rec Loss=[0.03340], Eval Rec Loss=[0.03325], c=[0.50000], F=[0.82804, 0.87269, 0.90695, 0.93873], F_fuse=[0.01365, 0.01074, 0.00816, 0.00538]
[ INFO : 2026-08-08 16:32:36,643 ] - Epoch 274: train==[133.58986 = 0.44719 + 1.09922 + 21.69016 + 0.02185 + 0.00000 + 0.00071 + 1225.89705]
[ INFO : 2026-08-08 16:32:48,113 ] - Test_@[5, 10, 20, 50]: Recall=[0.03271, 0.04968, 0.07736, 0.12786],  precision=[0.00691, 0.00526, 0.00411, 0.00272], hit=[0.03451, 0.05230, 0.08131, 0.13412], ndcg=[0.02241, 0.02790, 0.03495, 0.04503], Train Rec Loss=[0.03349], Eval Rec Loss=[0.03329], c=[0.50000], F=[0.82816, 0.87244, 0.90684, 0.93825], F_fuse=[0.01371, 0.01045, 0.00818, 0.00542]
[ INFO : 2026-08-08 16:35:27,434 ] - Epoch 275: train==[133.55320 = 0.44764 + 1.09908 + 21.65316 + 0.02188 + 0.00000 + 0.00069 + 1225.89705]
[ INFO : 2026-08-08 16:35:38,881 ] - Test_@[5, 10, 20, 50]: Recall=[0.03406, 0.05210, 0.07857, 0.12849],  precision=[0.00714, 0.00550, 0.00417, 0.00274], hit=[0.03569, 0.05472, 0.08264, 0.13494], ndcg=[0.02309, 0.02893, 0.03569, 0.04573], Train Rec Loss=[0.03364], Eval Rec Loss=[0.03336], c=[0.50000], F=[0.82753, 0.87233, 0.90544, 0.93717], F_fuse=[0.01415, 0.01093, 0.00830, 0.00546]
[ INFO : 2026-08-08 16:38:19,237 ] - Epoch 276: train==[133.63384 = 0.44769 + 1.09896 + 21.73393 + 0.02178 + 0.00000 + 0.00073 + 1225.89705]
[ INFO : 2026-08-08 16:38:29,225 ] - Test_@[5, 10, 20, 50]: Recall=[0.03377, 0.05058, 0.07779, 0.12858],  precision=[0.00710, 0.00535, 0.00412, 0.00274], hit=[0.03543, 0.05318, 0.08161, 0.13479], ndcg=[0.02259, 0.02803, 0.03494, 0.04509], Train Rec Loss=[0.03354], Eval Rec Loss=[0.03336], c=[0.50000], F=[0.82881, 0.87101, 0.90382, 0.93439], F_fuse=[0.01407, 0.01063, 0.00820, 0.00546]
[ INFO : 2026-08-08 16:41:04,562 ] - Epoch 277: train==[133.74017 = 0.44513 + 1.09880 + 21.84287 + 0.02192 + 0.00000 + 0.00071 + 1225.89705]
[ INFO : 2026-08-08 16:41:14,630 ] - Test_@[5, 10, 20, 50]: Recall=[0.03325, 0.05142, 0.07760, 0.12835],  precision=[0.00702, 0.00544, 0.00412, 0.00273], hit=[0.03507, 0.05405, 0.08161, 0.13453], ndcg=[0.02275, 0.02862, 0.03532, 0.04547], Train Rec Loss=[0.03366], Eval Rec Loss=[0.03338], c=[0.50000], F=[0.82931, 0.87290, 0.90733, 0.93772], F_fuse=[0.01393, 0.01080, 0.00820, 0.00544]
[ INFO : 2026-08-08 16:43:51,369 ] - Epoch 278: train==[133.44491 = 0.44306 + 1.09868 + 21.54963 + 0.02212 + 0.00000 + 0.00068 + 1225.89705]
[ INFO : 2026-08-08 16:44:02,558 ] - Test_@[5, 10, 20, 50]: Recall=[0.03340, 0.05039, 0.07674, 0.12917],  precision=[0.00702, 0.00533, 0.00408, 0.00275], hit=[0.03507, 0.05292, 0.08074, 0.13551], ndcg=[0.02276, 0.02829, 0.03500, 0.04549], Train Rec Loss=[0.03360], Eval Rec Loss=[0.03341], c=[0.50000], F=[0.82681, 0.87217, 0.90608, 0.93760], F_fuse=[0.01393, 0.01059, 0.00811, 0.00548]
[ INFO : 2026-08-08 16:46:42,467 ] - Epoch 279: train==[133.61410 = 0.44402 + 1.09851 + 21.71810 + 0.02203 + 0.00000 + 0.00070 + 1225.89705]
[ INFO : 2026-08-08 16:46:54,117 ] - Test_@[5, 10, 20, 50]: Recall=[0.03292, 0.05076, 0.07638, 0.12710],  precision=[0.00694, 0.00537, 0.00405, 0.00271], hit=[0.03466, 0.05343, 0.08033, 0.13335], ndcg=[0.02254, 0.02834, 0.03489, 0.04506], Train Rec Loss=[0.03372], Eval Rec Loss=[0.03352], c=[0.50000], F=[0.82965, 0.87275, 0.90651, 0.93786], F_fuse=[0.01377, 0.01068, 0.00807, 0.00540]
[ INFO : 2026-08-08 16:49:30,374 ] - Epoch 280: train==[133.65042 = 0.44092 + 1.09836 + 21.75763 + 0.02208 + 0.00000 + 0.00068 + 1225.89705]
[ INFO : 2026-08-08 16:49:40,084 ] - Test_@[5, 10, 20, 50]: Recall=[0.03339, 0.05151, 0.07857, 0.13003],  precision=[0.00705, 0.00542, 0.00416, 0.00277], hit=[0.03523, 0.05410, 0.08269, 0.13638], ndcg=[0.02252, 0.02836, 0.03528, 0.04558], Train Rec Loss=[0.03371], Eval Rec Loss=[0.03342], c=[0.50000], F=[0.82877, 0.87218, 0.90514, 0.93589], F_fuse=[0.01397, 0.01077, 0.00829, 0.00552]
[ INFO : 2026-08-08 16:52:16,075 ] - Epoch 281: train==[133.61357 = 0.44382 + 1.09822 + 21.71796 + 0.02213 + 0.00000 + 0.00070 + 1225.89705]
[ INFO : 2026-08-08 16:52:25,945 ] - Test_@[5, 10, 20, 50]: Recall=[0.03307, 0.05045, 0.07792, 0.12829],  precision=[0.00695, 0.00532, 0.00413, 0.00273], hit=[0.03471, 0.05307, 0.08192, 0.13464], ndcg=[0.02256, 0.02817, 0.03515, 0.04524], Train Rec Loss=[0.03375], Eval Rec Loss=[0.03352], c=[0.50000], F=[0.82808, 0.87217, 0.90665, 0.93732], F_fuse=[0.01379, 0.01058, 0.00823, 0.00545]
[ INFO : 2026-08-08 16:55:01,285 ] - Epoch 282: train==[133.42280 = 0.44782 + 1.09810 + 21.52321 + 0.02224 + 0.00000 + 0.00068 + 1225.89705]
[ INFO : 2026-08-08 16:55:11,050 ] - Test_@[5, 10, 20, 50]: Recall=[0.03233, 0.05032, 0.07537, 0.12551],  precision=[0.00682, 0.00531, 0.00400, 0.00267], hit=[0.03404, 0.05282, 0.07920, 0.13181], ndcg=[0.02202, 0.02785, 0.03423, 0.04426], Train Rec Loss=[0.03371], Eval Rec Loss=[0.03350], c=[0.50000], F=[0.82691, 0.87037, 0.90547, 0.93730], F_fuse=[0.01353, 0.01055, 0.00796, 0.00533]
[ INFO : 2026-08-08 16:57:47,209 ] - Epoch 283: train==[133.54752 = 0.43857 + 1.09794 + 21.65730 + 0.02231 + 0.00000 + 0.00067 + 1225.89705]
[ INFO : 2026-08-08 16:57:57,307 ] - Test_@[5, 10, 20, 50]: Recall=[0.03354, 0.04986, 0.07734, 0.12759],  precision=[0.00708, 0.00529, 0.00410, 0.00271], hit=[0.03533, 0.05256, 0.08136, 0.13392], ndcg=[0.02279, 0.02808, 0.03509, 0.04515], Train Rec Loss=[0.03382], Eval Rec Loss=[0.03348], c=[0.50000], F=[0.82904, 0.87315, 0.90699, 0.93715], F_fuse=[0.01403, 0.01051, 0.00817, 0.00541]
[ INFO : 2026-08-08 17:00:33,665 ] - Epoch 284: train==[133.51614 = 0.44089 + 1.09780 + 21.62378 + 0.02222 + 0.00000 + 0.00070 + 1225.89705]
[ INFO : 2026-08-08 17:00:43,912 ] - Test_@[5, 10, 20, 50]: Recall=[0.03231, 0.04981, 0.07642, 0.12641],  precision=[0.00682, 0.00526, 0.00405, 0.00269], hit=[0.03404, 0.05235, 0.08033, 0.13268], ndcg=[0.02184, 0.02750, 0.03427, 0.04425], Train Rec Loss=[0.03381], Eval Rec Loss=[0.03356], c=[0.50000], F=[0.82749, 0.87251, 0.90669, 0.93862], F_fuse=[0.01353, 0.01045, 0.00807, 0.00537]
[ INFO : 2026-08-08 17:03:21,318 ] - Epoch 285: train==[133.51124 = 0.44039 + 1.09767 + 21.61947 + 0.02227 + 0.00000 + 0.00071 + 1225.89705]
[ INFO : 2026-08-08 17:03:32,598 ] - Test_@[5, 10, 20, 50]: Recall=[0.03304, 0.05095, 0.07792, 0.12692],  precision=[0.00694, 0.00538, 0.00413, 0.00270], hit=[0.03466, 0.05364, 0.08192, 0.13325], ndcg=[0.02223, 0.02803, 0.03487, 0.04468], Train Rec Loss=[0.03379], Eval Rec Loss=[0.03372], c=[0.50000], F=[0.82844, 0.87255, 0.90637, 0.93730], F_fuse=[0.01377, 0.01070, 0.00822, 0.00539]
[ INFO : 2026-08-08 17:06:08,210 ] - Epoch 286: train==[133.52738 = 0.43516 + 1.09755 + 21.64095 + 0.02228 + 0.00000 + 0.00069 + 1225.89705]
[ INFO : 2026-08-08 17:06:19,601 ] - Test_@[5, 10, 20, 50]: Recall=[0.03334, 0.05073, 0.07797, 0.13048],  precision=[0.00701, 0.00537, 0.00413, 0.00277], hit=[0.03502, 0.05343, 0.08192, 0.13685], ndcg=[0.02278, 0.02842, 0.03537, 0.04588], Train Rec Loss=[0.03380], Eval Rec Loss=[0.03361], c=[0.50000], F=[0.82924, 0.87251, 0.90587, 0.93644], F_fuse=[0.01391, 0.01067, 0.00823, 0.00553]
[ INFO : 2026-08-08 17:08:59,043 ] - Epoch 287: train==[133.51405 = 0.43597 + 1.09740 + 21.62688 + 0.02237 + 0.00000 + 0.00069 + 1225.89705]
[ INFO : 2026-08-08 17:09:12,205 ] - Test_@[5, 10, 20, 50]: Recall=[0.03272, 0.05029, 0.07580, 0.12623],  precision=[0.00689, 0.00531, 0.00402, 0.00269], hit=[0.03440, 0.05292, 0.07981, 0.13273], ndcg=[0.02229, 0.02796, 0.03446, 0.04458], Train Rec Loss=[0.03388], Eval Rec Loss=[0.03375], c=[0.50000], F=[0.82768, 0.87195, 0.90544, 0.93741], F_fuse=[0.01367, 0.01055, 0.00801, 0.00537]
[ INFO : 2026-08-08 17:11:50,869 ] - Epoch 288: train==[133.67033 = 0.43862 + 1.09727 + 21.78056 + 0.02245 + 0.00000 + 0.00069 + 1225.89705]
[ INFO : 2026-08-08 17:12:02,271 ] - Test_@[5, 10, 20, 50]: Recall=[0.03327, 0.05014, 0.07839, 0.12865],  precision=[0.00701, 0.00531, 0.00416, 0.00273], hit=[0.03502, 0.05276, 0.08244, 0.13474], ndcg=[0.02238, 0.02785, 0.03506, 0.04511], Train Rec Loss=[0.03394], Eval Rec Loss=[0.03375], c=[0.50000], F=[0.82987, 0.87377, 0.90684, 0.93779], F_fuse=[0.01391, 0.01055, 0.00828, 0.00545]
[ INFO : 2026-08-08 17:14:44,182 ] - Epoch 289: train==[133.57267 = 0.43478 + 1.09717 + 21.68682 + 0.02249 + 0.00000 + 0.00068 + 1225.89705]
[ INFO : 2026-08-08 17:14:55,445 ] - Test_@[5, 10, 20, 50]: Recall=[0.03280, 0.05042, 0.07710, 0.12694],  precision=[0.00692, 0.00533, 0.00409, 0.00270], hit=[0.03456, 0.05297, 0.08120, 0.13330], ndcg=[0.02230, 0.02801, 0.03481, 0.04478], Train Rec Loss=[0.03398], Eval Rec Loss=[0.03376], c=[0.50000], F=[0.82916, 0.87357, 0.90751, 0.93870], F_fuse=[0.01373, 0.01059, 0.00815, 0.00539]
[ INFO : 2026-08-08 17:17:33,520 ] - Epoch 290: train==[133.55092 = 0.43656 + 1.09704 + 21.66337 + 0.02251 + 0.00000 + 0.00069 + 1225.89705]
[ INFO : 2026-08-08 17:17:45,240 ] - Test_@[5, 10, 20, 50]: Recall=[0.03351, 0.05146, 0.07809, 0.12954],  precision=[0.00708, 0.00543, 0.00415, 0.00275], hit=[0.03533, 0.05415, 0.08213, 0.13582], ndcg=[0.02271, 0.02850, 0.03531, 0.04561], Train Rec Loss=[0.03388], Eval Rec Loss=[0.03369], c=[0.50000], F=[0.83214, 0.87344, 0.90533, 0.93642], F_fuse=[0.01403, 0.01079, 0.00825, 0.00549]
[ INFO : 2026-08-08 17:20:24,267 ] - Epoch 291: train==[133.56066 = 0.43614 + 1.09688 + 21.67373 + 0.02247 + 0.00000 + 0.00070 + 1225.89705]
[ INFO : 2026-08-08 17:20:36,113 ] - Test_@[5, 10, 20, 50]: Recall=[0.03378, 0.05092, 0.07750, 0.12692],  precision=[0.00710, 0.00539, 0.00411, 0.00270], hit=[0.03543, 0.05359, 0.08156, 0.13314], ndcg=[0.02273, 0.02827, 0.03502, 0.04490], Train Rec Loss=[0.03401], Eval Rec Loss=[0.03385], c=[0.50000], F=[0.82841, 0.87188, 0.90545, 0.93628], F_fuse=[0.01407, 0.01071, 0.00819, 0.00538]
[ INFO : 2026-08-08 17:23:12,457 ] - Epoch 292: train==[133.54392 = 0.43282 + 1.09676 + 21.66032 + 0.02260 + 0.00000 + 0.00068 + 1225.89705]
[ INFO : 2026-08-08 17:23:23,665 ] - Test_@[5, 10, 20, 50]: Recall=[0.03262, 0.05025, 0.07725, 0.12788],  precision=[0.00686, 0.00531, 0.00410, 0.00272], hit=[0.03425, 0.05292, 0.08136, 0.13422], ndcg=[0.02230, 0.02801, 0.03491, 0.04505], Train Rec Loss=[0.03397], Eval Rec Loss=[0.03386], c=[0.50000], F=[0.82877, 0.87339, 0.90779, 0.93938], F_fuse=[0.01361, 0.01056, 0.00817, 0.00542]
[ INFO : 2026-08-08 17:26:02,882 ] - Epoch 293: train==[133.53817 = 0.43398 + 1.09664 + 21.65351 + 0.02262 + 0.00000 + 0.00070 + 1225.89705]
[ INFO : 2026-08-08 17:26:14,386 ] - Test_@[5, 10, 20, 50]: Recall=[0.03302, 0.05028, 0.07656, 0.12635],  precision=[0.00697, 0.00532, 0.00406, 0.00269], hit=[0.03482, 0.05287, 0.08053, 0.13258], ndcg=[0.02253, 0.02812, 0.03480, 0.04479], Train Rec Loss=[0.03412], Eval Rec Loss=[0.03385], c=[0.50000], F=[0.82836, 0.87245, 0.90691, 0.93839], F_fuse=[0.01383, 0.01057, 0.00807, 0.00536]
[ INFO : 2026-08-08 17:28:52,049 ] - Epoch 294: train==[133.60810 = 0.43464 + 1.09650 + 21.72292 + 0.02262 + 0.00000 + 0.00068 + 1225.89705]
[ INFO : 2026-08-08 17:29:04,332 ] - Test_@[5, 10, 20, 50]: Recall=[0.03327, 0.05141, 0.07679, 0.12736],  precision=[0.00704, 0.00543, 0.00407, 0.00271], hit=[0.03512, 0.05395, 0.08074, 0.13371], ndcg=[0.02263, 0.02851, 0.03496, 0.04510], Train Rec Loss=[0.03407], Eval Rec Loss=[0.03391], c=[0.50000], F=[0.83047, 0.87260, 0.90630, 0.93722], F_fuse=[0.01395, 0.01079, 0.00811, 0.00540]
[ INFO : 2026-08-08 17:31:41,545 ] - Epoch 295: train==[133.54513 = 0.42886 + 1.09639 + 21.66582 + 0.02263 + 0.00000 + 0.00070 + 1225.89705]
[ INFO : 2026-08-08 17:31:52,905 ] - Test_@[5, 10, 20, 50]: Recall=[0.03265, 0.04985, 0.07629, 0.12681],  precision=[0.00689, 0.00527, 0.00406, 0.00270], hit=[0.03440, 0.05246, 0.08043, 0.13309], ndcg=[0.02230, 0.02787, 0.03462, 0.04473], Train Rec Loss=[0.03405], Eval Rec Loss=[0.03384], c=[0.50000], F=[0.82925, 0.87298, 0.90682, 0.93791], F_fuse=[0.01367, 0.01048, 0.00808, 0.00538]
[ INFO : 2026-08-08 17:34:29,675 ] - Epoch 296: train==[133.52533 = 0.43063 + 1.09623 + 21.64436 + 0.02269 + 0.00000 + 0.00068 + 1225.89705]
[ INFO : 2026-08-08 17:34:40,812 ] - Test_@[5, 10, 20, 50]: Recall=[0.03267, 0.05048, 0.07696, 0.12618],  precision=[0.00690, 0.00533, 0.00409, 0.00269], hit=[0.03446, 0.05312, 0.08105, 0.13248], ndcg=[0.02224, 0.02803, 0.03478, 0.04461], Train Rec Loss=[0.03398], Eval Rec Loss=[0.03389], c=[0.50000], F=[0.82764, 0.87055, 0.90491, 0.93659], F_fuse=[0.01369, 0.01059, 0.00815, 0.00536]
[ INFO : 2026-08-08 17:37:21,724 ] - Epoch 297: train==[133.51995 = 0.42864 + 1.09612 + 21.64093 + 0.02282 + 0.00000 + 0.00069 + 1225.89705]
[ INFO : 2026-08-08 17:37:33,707 ] - Test_@[5, 10, 20, 50]: Recall=[0.03375, 0.05108, 0.07789, 0.12859],  precision=[0.00711, 0.00540, 0.00413, 0.00274], hit=[0.03548, 0.05374, 0.08182, 0.13500], ndcg=[0.02272, 0.02835, 0.03520, 0.04535], Train Rec Loss=[0.03402], Eval Rec Loss=[0.03393], c=[0.50000], F=[0.83044, 0.87314, 0.90520, 0.93618], F_fuse=[0.01409, 0.01074, 0.00822, 0.00546]
[ INFO : 2026-08-08 17:40:08,145 ] - Epoch 298: train==[133.54766 = 0.43072 + 1.09600 + 21.66670 + 0.02282 + 0.00000 + 0.00068 + 1225.89705]
[ INFO : 2026-08-08 17:40:20,013 ] - Test_@[5, 10, 20, 50]: Recall=[0.03161, 0.04962, 0.07484, 0.12343],  precision=[0.00668, 0.00526, 0.00397, 0.00263], hit=[0.03332, 0.05225, 0.07868, 0.12960], ndcg=[0.02140, 0.02721, 0.03360, 0.04334], Train Rec Loss=[0.03411], Eval Rec Loss=[0.03384], c=[0.50000], F=[0.82899, 0.87229, 0.90667, 0.93821], F_fuse=[0.01324, 0.01045, 0.00790, 0.00524]
[ INFO : 2026-08-08 17:43:03,512 ] - Epoch 299: train==[133.58306 = 0.43011 + 1.09590 + 21.70285 + 0.02276 + 0.00000 + 0.00070 + 1225.89705]
[ INFO : 2026-08-08 17:43:15,007 ] - Test_@[5, 10, 20, 50]: Recall=[0.03221, 0.04962, 0.07608, 0.12597],  precision=[0.00679, 0.00525, 0.00403, 0.00268], hit=[0.03389, 0.05225, 0.08007, 0.13217], ndcg=[0.02196, 0.02761, 0.03433, 0.04433], Train Rec Loss=[0.03411], Eval Rec Loss=[0.03395], c=[0.50000], F=[0.82943, 0.87319, 0.90676, 0.93757], F_fuse=[0.01347, 0.01043, 0.00803, 0.00535]
[ INFO : 2026-08-08 17:45:52,119 ] - Epoch 300: train==[133.42091 = 0.42486 + 1.09574 + 21.54611 + 0.02274 + 0.00000 + 0.00072 + 1225.89705]
[ INFO : 2026-08-08 17:46:01,980 ] - Test_@[5, 10, 20, 50]: Recall=[0.03348, 0.05101, 0.07783, 0.12847],  precision=[0.00707, 0.00539, 0.00413, 0.00273], hit=[0.03528, 0.05369, 0.08182, 0.13479], ndcg=[0.02281, 0.02849, 0.03533, 0.04546], Train Rec Loss=[0.03424], Eval Rec Loss=[0.03390], c=[0.50000], F=[0.83048, 0.87319, 0.90629, 0.93716], F_fuse=[0.01401, 0.01072, 0.00822, 0.00545]
n_users=19445, n_items=7050
n_interactions=139110
n_train=118551, n_test=20559, sparsity=0.00101
Finished Sat Aug  8 05:46:06 PM UTC 2026
