Job 74867 on gpu02; lambda_cf=1.0; group_k=10; seed=5; started Sat Aug  8 12:56:31 PM +07 2026
Sat Aug  8 12:56:31 2026       
+-----------------------------------------------------------------------------------------+
| NVIDIA-SMI 555.42.02              Driver Version: 555.42.02      CUDA Version: 12.5     |
|-----------------------------------------+------------------------+----------------------+
| GPU  Name                 Persistence-M | Bus-Id          Disp.A | Volatile Uncorr. ECC |
| Fan  Temp   Perf          Pwr:Usage/Cap |           Memory-Usage | GPU-Util  Compute M. |
|                                         |                        |               MIG M. |
|=========================================+========================+======================|
|   0  NVIDIA A100-PCIE-40GB          Off |   00000000:14:00.0 Off |                    0 |
| N/A   29C    P0             31W /  250W |       1MiB /  40960MiB |      0%      Default |
|                                         |                        |             Disabled |
+-----------------------------------------+------------------------+----------------------+
                                                                                         
+-----------------------------------------------------------------------------------------+
| Processes:                                                                              |
|  GPU   GI   CI        PID   Type   Process name                              GPU Memory |
|        ID   ID                                                               Usage      |
|=========================================================================================|
|  No running processes found                                                             |
+-----------------------------------------------------------------------------------------+
[ INFO : 2026-08-08 12:56:59,442 ] - Preprocess missing values with zero
[ INFO : 2026-08-08 12:57:00,145 ] - Pretrained diffusion model is loaded from: ./checkpoint/baby/best_model.pth
[ INFO : 2026-08-08 12:57:01,380 ] - Completed data loaded from: ./checkpoint/baby/completed_data.pkl
/media/lhbac29/raid-cf/main.py:106: DeprecationWarning: Please import `csr_matrix` from the `scipy.sparse` namespace; the `scipy.sparse.csr` namespace is deprecated and will be removed in SciPy 2.0.0.
  self.ui_graph = self.ui_graph_raw = pickle.load(open('./data/' + self.dataset + '/train_mat', 'rb'))
[ INFO : 2026-08-08 12:57:01,557 ] - Missing rate = 0.400000, complete strategy: zero
[ INFO : 2026-08-08 12:59:16,301 ] - Epoch 1: train==[348.25850 = 2.01612 + 1.11065 + 66.33590 + 0.00059 + 0.00000 + 168.54610 + 1224.99037]
[ INFO : 2026-08-08 12:59:25,455 ] - Test_@[5, 10, 20, 50]: Recall=[0.01777, 0.02840, 0.04643, 0.08911],  precision=[0.00371, 0.00300, 0.00246, 0.00189], hit=[0.01857, 0.02993, 0.04880, 0.09370], ndcg=[0.01119, 0.01465, 0.01924, 0.02774], Train Rec Loss=[0.03242], Eval Rec Loss=[0.03249], c=[0.50000], F=[0.97799, 0.99565, 0.96229, 0.89919], F_fuse=[0.00740, 0.00599, 0.00490, 0.00378]
[ INFO : 2026-08-08 13:02:07,618 ] - Epoch 2: train==[214.45986 = 1.61781 + 1.10215 + 63.98345 + 0.00083 + 0.00000 + 37.42488 + 1225.89705]
[ INFO : 2026-08-08 13:02:16,722 ] - Test_@[5, 10, 20, 50]: Recall=[0.01781, 0.02936, 0.04694, 0.09009],  precision=[0.00371, 0.00310, 0.00248, 0.00191], hit=[0.01857, 0.03086, 0.04932, 0.09478], ndcg=[0.01128, 0.01501, 0.01946, 0.02805], Train Rec Loss=[0.03233], Eval Rec Loss=[0.03242], c=[0.50000], F=[0.97957, 0.99565, 0.95014, 0.94205], F_fuse=[0.00740, 0.00617, 0.00495, 0.00382]
[ INFO : 2026-08-08 13:04:51,207 ] - Epoch 3: train==[182.41989 = 1.60246 + 1.10209 + 60.98343 + 0.00133 + 0.00000 + 8.39985 + 1225.89705]
[ INFO : 2026-08-08 13:05:00,325 ] - Test_@[5, 10, 20, 50]: Recall=[0.01781, 0.02887, 0.04668, 0.09057],  precision=[0.00371, 0.00304, 0.00247, 0.00192], hit=[0.01857, 0.03029, 0.04916, 0.09519], ndcg=[0.01128, 0.01486, 0.01940, 0.02814], Train Rec Loss=[0.03229], Eval Rec Loss=[0.03234], c=[0.50000], F=[0.97949, 0.99566, 0.93582, 0.96101], F_fuse=[0.00740, 0.00606, 0.00493, 0.00383]
[ INFO : 2026-08-08 13:07:30,907 ] - Epoch 4: train==[171.98821 = 1.58722 + 1.10209 + 57.64538 + 0.00219 + 0.00000 + 1.32059 + 1225.89705]
[ INFO : 2026-08-08 13:07:40,004 ] - Test_@[5, 10, 20, 50]: Recall=[0.01781, 0.02903, 0.04678, 0.09150],  precision=[0.00371, 0.00305, 0.00248, 0.00194], hit=[0.01857, 0.03044, 0.04932, 0.09596], ndcg=[0.01128, 0.01491, 0.01942, 0.02830], Train Rec Loss=[0.03225], Eval Rec Loss=[0.03228], c=[0.50000], F=[0.97960, 0.99565, 0.93464, 0.96908], F_fuse=[0.00740, 0.00609, 0.00495, 0.00387]
[ INFO : 2026-08-08 13:10:16,377 ] - Epoch 5: train==[168.98603 = 1.57960 + 1.10207 + 55.70780 + 0.00295 + 0.00000 + 0.26288 + 1225.89705]
[ INFO : 2026-08-08 13:10:25,504 ] - Test_@[5, 10, 20, 50]: Recall=[0.01802, 0.02901, 0.04687, 0.09180],  precision=[0.00375, 0.00305, 0.00249, 0.00194], hit=[0.01877, 0.03044, 0.04942, 0.09627], ndcg=[0.01136, 0.01493, 0.01947, 0.02838], Train Rec Loss=[0.03221], Eval Rec Loss=[0.03228], c=[0.50000], F=[0.98687, 0.99565, 0.93464, 0.97564], F_fuse=[0.00748, 0.00609, 0.00496, 0.00388]
[ INFO : 2026-08-08 13:12:53,344 ] - Epoch 6: train==[168.00956 = 1.56409 + 1.10207 + 54.85967 + 0.00343 + 0.00000 + 0.14957 + 1225.89705]
[ INFO : 2026-08-08 13:13:02,482 ] - Test_@[5, 10, 20, 50]: Recall=[0.01790, 0.02878, 0.04674, 0.09167],  precision=[0.00372, 0.00304, 0.00248, 0.00194], hit=[0.01862, 0.03029, 0.04927, 0.09612], ndcg=[0.01131, 0.01488, 0.01945, 0.02838], Train Rec Loss=[0.03219], Eval Rec Loss=[0.03228], c=[0.50000], F=[0.99371, 0.99565, 0.93464, 0.97699], F_fuse=[0.00742, 0.00606, 0.00495, 0.00387]
[ INFO : 2026-08-08 13:15:29,599 ] - Epoch 7: train==[167.41911 = 1.54902 + 1.10207 + 54.34323 + 0.00379 + 0.00000 + 0.09026 + 1225.89705]
[ INFO : 2026-08-08 13:15:38,739 ] - Test_@[5, 10, 20, 50]: Recall=[0.01790, 0.02907, 0.04739, 0.09177],  precision=[0.00372, 0.00307, 0.00251, 0.00194], hit=[0.01862, 0.03055, 0.04994, 0.09622], ndcg=[0.01126, 0.01490, 0.01955, 0.02835], Train Rec Loss=[0.03220], Eval Rec Loss=[0.03226], c=[0.50000], F=[0.99369, 0.99565, 0.93468, 0.97674], F_fuse=[0.00742, 0.00611, 0.00501, 0.00387]
[ INFO : 2026-08-08 13:18:09,716 ] - Epoch 8: train==[166.73080 = 1.53852 + 1.10209 + 53.70743 + 0.00401 + 0.00000 + 0.04801 + 1225.89705]
[ INFO : 2026-08-08 13:18:18,879 ] - Test_@[5, 10, 20, 50]: Recall=[0.01790, 0.02873, 0.04743, 0.09265],  precision=[0.00372, 0.00303, 0.00252, 0.00196], hit=[0.01862, 0.03024, 0.05004, 0.09730], ndcg=[0.01123, 0.01479, 0.01957, 0.02855], Train Rec Loss=[0.03217], Eval Rec Loss=[0.03224], c=[0.50000], F=[0.99361, 0.99546, 0.93502, 0.97593], F_fuse=[0.00742, 0.00605, 0.00502, 0.00392]
[ INFO : 2026-08-08 13:20:48,767 ] - Epoch 9: train==[166.05982 = 1.52251 + 1.10209 + 53.07903 + 0.00418 + 0.00000 + 0.02128 + 1225.89705]
[ INFO : 2026-08-08 13:20:57,889 ] - Test_@[5, 10, 20, 50]: Recall=[0.01816, 0.02960, 0.04928, 0.09669],  precision=[0.00377, 0.00311, 0.00262, 0.00205], hit=[0.01887, 0.03106, 0.05210, 0.10141], ndcg=[0.01135, 0.01512, 0.02013, 0.02952], Train Rec Loss=[0.03218], Eval Rec Loss=[0.03224], c=[0.50000], F=[0.98932, 0.99153, 0.93628, 0.97328], F_fuse=[0.00752, 0.00620, 0.00523, 0.00409]
[ INFO : 2026-08-08 13:23:33,666 ] - Epoch 10: train==[165.37721 = 1.50956 + 1.10209 + 52.42174 + 0.00432 + 0.00000 + 0.00876 + 1225.89705]
[ INFO : 2026-08-08 13:23:42,802 ] - Test_@[5, 10, 20, 50]: Recall=[0.02055, 0.03384, 0.05488, 0.10246],  precision=[0.00429, 0.00356, 0.00293, 0.00218], hit=[0.02139, 0.03548, 0.05796, 0.10779], ndcg=[0.01268, 0.01702, 0.02238, 0.03182], Train Rec Loss=[0.03216], Eval Rec Loss=[0.03221], c=[0.50000], F=[0.94104, 0.94324, 0.94688, 0.97153], F_fuse=[0.00854, 0.00710, 0.00584, 0.00435]
[ INFO : 2026-08-08 13:26:22,328 ] - Epoch 11: train==[163.97394 = 1.49334 + 1.10208 + 51.03839 + 0.00465 + 0.00000 + 0.00473 + 1225.89705]
[ INFO : 2026-08-08 13:26:31,465 ] - Test_@[5, 10, 20, 50]: Recall=[0.02126, 0.03547, 0.05692, 0.10664],  precision=[0.00445, 0.00376, 0.00304, 0.00227], hit=[0.02222, 0.03734, 0.06012, 0.11196], ndcg=[0.01338, 0.01804, 0.02350, 0.03336], Train Rec Loss=[0.03215], Eval Rec Loss=[0.03220], c=[0.50000], F=[0.96967, 0.93708, 0.94393, 0.96338], F_fuse=[0.00887, 0.00749, 0.00605, 0.00452]
[ INFO : 2026-08-08 13:29:15,941 ] - Epoch 12: train==[162.83245 = 1.47993 + 1.10209 + 49.91259 + 0.00499 + 0.00000 + 0.00210 + 1225.89705]
[ INFO : 2026-08-08 13:29:24,981 ] - Test_@[5, 10, 20, 50]: Recall=[0.02275, 0.03806, 0.06033, 0.11353],  precision=[0.00479, 0.00404, 0.00321, 0.00241], hit=[0.02386, 0.04006, 0.06356, 0.11900], ndcg=[0.01458, 0.01957, 0.02523, 0.03580], Train Rec Loss=[0.03216], Eval Rec Loss=[0.03217], c=[0.50000], F=[0.95117, 0.95341, 0.93770, 0.97206], F_fuse=[0.00954, 0.00804, 0.00639, 0.00482]
[ INFO : 2026-08-08 13:32:04,596 ] - Epoch 13: train==[161.95093 = 1.46296 + 1.10208 + 49.04846 + 0.00536 + 0.00000 + 0.00132 + 1225.89705]
[ INFO : 2026-08-08 13:32:13,719 ] - Test_@[5, 10, 20, 50]: Recall=[0.02348, 0.03926, 0.06209, 0.11669],  precision=[0.00494, 0.00416, 0.00330, 0.00248], hit=[0.02453, 0.04130, 0.06531, 0.12224], ndcg=[0.01491, 0.02006, 0.02587, 0.03672], Train Rec Loss=[0.03213], Eval Rec Loss=[0.03216], c=[0.50000], F=[0.96498, 0.94886, 0.94002, 0.96946], F_fuse=[0.00982, 0.00828, 0.00657, 0.00495]
[ INFO : 2026-08-08 13:34:52,994 ] - Epoch 14: train==[161.20130 = 1.45199 + 1.10209 + 48.30953 + 0.00570 + 0.00000 + 0.00125 + 1225.89705]
[ INFO : 2026-08-08 13:35:02,140 ] - Test_@[5, 10, 20, 50]: Recall=[0.02396, 0.03968, 0.06288, 0.11811],  precision=[0.00502, 0.00421, 0.00334, 0.00251], hit=[0.02494, 0.04176, 0.06614, 0.12368], ndcg=[0.01519, 0.02033, 0.02624, 0.03722], Train Rec Loss=[0.03210], Eval Rec Loss=[0.03217], c=[0.50000], F=[0.96786, 0.94902, 0.93889, 0.97015], F_fuse=[0.00999, 0.00838, 0.00665, 0.00501]
[ INFO : 2026-08-08 13:37:33,332 ] - Epoch 15: train==[160.60341 = 1.43610 + 1.10211 + 47.72726 + 0.00601 + 0.00000 + 0.00119 + 1225.89705]
[ INFO : 2026-08-08 13:37:42,407 ] - Test_@[5, 10, 20, 50]: Recall=[0.02406, 0.04041, 0.06365, 0.11971],  precision=[0.00504, 0.00428, 0.00338, 0.00255], hit=[0.02504, 0.04253, 0.06696, 0.12538], ndcg=[0.01537, 0.02072, 0.02663, 0.03778], Train Rec Loss=[0.03209], Eval Rec Loss=[0.03213], c=[0.50000], F=[0.95262, 0.94132, 0.93901, 0.96973], F_fuse=[0.01003, 0.00853, 0.00673, 0.00508]
[ INFO : 2026-08-08 13:40:15,458 ] - Epoch 16: train==[159.92355 = 1.41963 + 1.10209 + 47.06365 + 0.00630 + 0.00000 + 0.00115 + 1225.89705]
[ INFO : 2026-08-08 13:40:24,521 ] - Test_@[5, 10, 20, 50]: Recall=[0.02471, 0.04136, 0.06468, 0.12254],  precision=[0.00517, 0.00438, 0.00343, 0.00261], hit=[0.02571, 0.04356, 0.06799, 0.12841], ndcg=[0.01570, 0.02112, 0.02705, 0.03859], Train Rec Loss=[0.03205], Eval Rec Loss=[0.03216], c=[0.50000], F=[0.94015, 0.93912, 0.94022, 0.96815], F_fuse=[0.01029, 0.00872, 0.00684, 0.00520]
[ INFO : 2026-08-08 13:43:05,370 ] - Epoch 17: train==[159.30632 = 1.40544 + 1.10210 + 46.46037 + 0.00654 + 0.00000 + 0.00113 + 1225.89705]
[ INFO : 2026-08-08 13:43:14,428 ] - Test_@[5, 10, 20, 50]: Recall=[0.02522, 0.04151, 0.06593, 0.12432],  precision=[0.00528, 0.00441, 0.00350, 0.00265], hit=[0.02623, 0.04387, 0.06932, 0.13016], ndcg=[0.01601, 0.02134, 0.02753, 0.03917], Train Rec Loss=[0.03207], Eval Rec Loss=[0.03214], c=[0.50000], F=[0.93933, 0.92394, 0.94377, 0.96534], F_fuse=[0.01049, 0.00878, 0.00697, 0.00528]
[ INFO : 2026-08-08 13:45:54,884 ] - Epoch 18: train==[158.74856 = 1.39195 + 1.10209 + 45.91595 + 0.00676 + 0.00000 + 0.00108 + 1225.89705]
[ INFO : 2026-08-08 13:46:03,942 ] - Test_@[5, 10, 20, 50]: Recall=[0.02563, 0.04184, 0.06653, 0.12441],  precision=[0.00536, 0.00444, 0.00353, 0.00265], hit=[0.02664, 0.04412, 0.06989, 0.13016], ndcg=[0.01621, 0.02150, 0.02776, 0.03929], Train Rec Loss=[0.03206], Eval Rec Loss=[0.03210], c=[0.50000], F=[0.92276, 0.92483, 0.94249, 0.96798], F_fuse=[0.01066, 0.00883, 0.00702, 0.00528]
[ INFO : 2026-08-08 13:48:42,925 ] - Epoch 19: train==[158.41104 = 1.38079 + 1.10209 + 45.58941 + 0.00695 + 0.00000 + 0.00106 + 1225.89705]
[ INFO : 2026-08-08 13:48:51,948 ] - Test_@[5, 10, 20, 50]: Recall=[0.02578, 0.04230, 0.06689, 0.12492],  precision=[0.00539, 0.00448, 0.00354, 0.00266], hit=[0.02679, 0.04459, 0.07025, 0.13073], ndcg=[0.01633, 0.02172, 0.02794, 0.03953], Train Rec Loss=[0.03204], Eval Rec Loss=[0.03211], c=[0.50000], F=[0.92817, 0.93031, 0.94288, 0.96586], F_fuse=[0.01072, 0.00893, 0.00706, 0.00531]
[ INFO : 2026-08-08 13:51:29,630 ] - Epoch 20: train==[157.69309 = 1.36338 + 1.10210 + 44.88868 + 0.00713 + 0.00000 + 0.00106 + 1225.89705]
[ INFO : 2026-08-08 13:51:38,675 ] - Test_@[5, 10, 20, 50]: Recall=[0.02484, 0.04212, 0.06767, 0.12643],  precision=[0.00519, 0.00447, 0.00359, 0.00269], hit=[0.02582, 0.04448, 0.07107, 0.13217], ndcg=[0.01611, 0.02172, 0.02821, 0.03993], Train Rec Loss=[0.03201], Eval Rec Loss=[0.03211], c=[0.50000], F=[0.83003, 0.88908, 0.93816, 0.96775], F_fuse=[0.01032, 0.00890, 0.00715, 0.00536]
[ INFO : 2026-08-08 13:54:07,685 ] - Epoch 21: train==[157.28976 = 1.35818 + 1.10209 + 44.49042 + 0.00730 + 0.00000 + 0.00103 + 1225.89705]
[ INFO : 2026-08-08 13:54:16,747 ] - Test_@[5, 10, 20, 50]: Recall=[0.02605, 0.04251, 0.06855, 0.12728],  precision=[0.00544, 0.00451, 0.00363, 0.00271], hit=[0.02705, 0.04484, 0.07195, 0.13314], ndcg=[0.01653, 0.02190, 0.02848, 0.04018], Train Rec Loss=[0.03202], Eval Rec Loss=[0.03211], c=[0.50000], F=[0.89880, 0.91781, 0.93998, 0.96866], F_fuse=[0.01082, 0.00898, 0.00723, 0.00540]
[ INFO : 2026-08-08 13:56:44,061 ] - Epoch 22: train==[156.72242 = 1.33466 + 1.10209 + 43.94649 + 0.00743 + 0.00000 + 0.00102 + 1225.89705]
[ INFO : 2026-08-08 13:56:53,075 ] - Test_@[5, 10, 20, 50]: Recall=[0.02596, 0.04341, 0.06931, 0.12716],  precision=[0.00544, 0.00460, 0.00367, 0.00271], hit=[0.02705, 0.04577, 0.07267, 0.13309], ndcg=[0.01663, 0.02228, 0.02884, 0.04039], Train Rec Loss=[0.03201], Eval Rec Loss=[0.03205], c=[0.50000], F=[0.87753, 0.90865, 0.93877, 0.96647], F_fuse=[0.01081, 0.00916, 0.00730, 0.00540]
[ INFO : 2026-08-08 13:59:28,412 ] - Epoch 23: train==[156.14316 = 1.32698 + 1.10210 + 43.37476 + 0.00757 + 0.00000 + 0.00101 + 1225.89705]
[ INFO : 2026-08-08 13:59:37,549 ] - Test_@[5, 10, 20, 50]: Recall=[0.02604, 0.04338, 0.06995, 0.12876],  precision=[0.00545, 0.00460, 0.00370, 0.00274], hit=[0.02710, 0.04577, 0.07328, 0.13469], ndcg=[0.01669, 0.02230, 0.02902, 0.04074], Train Rec Loss=[0.03199], Eval Rec Loss=[0.03208], c=[0.50000], F=[0.85219, 0.89600, 0.93481, 0.96714], F_fuse=[0.01083, 0.00916, 0.00737, 0.00546]
[ INFO : 2026-08-08 14:02:07,071 ] - Epoch 24: train==[155.60482 = 1.31304 + 1.10208 + 42.85019 + 0.00777 + 0.00000 + 0.00101 + 1225.89705]
[ INFO : 2026-08-08 14:02:16,186 ] - Test_@[5, 10, 20, 50]: Recall=[0.02543, 0.04337, 0.07046, 0.12972],  precision=[0.00534, 0.00460, 0.00373, 0.00276], hit=[0.02654, 0.04572, 0.07380, 0.13566], ndcg=[0.01660, 0.02240, 0.02925, 0.04107], Train Rec Loss=[0.03197], Eval Rec Loss=[0.03205], c=[0.50000], F=[0.82629, 0.87638, 0.92866, 0.96637], F_fuse=[0.01061, 0.00915, 0.00742, 0.00550]
[ INFO : 2026-08-08 14:04:47,357 ] - Epoch 25: train==[154.97109 = 1.29776 + 1.10210 + 42.23158 + 0.00791 + 0.00000 + 0.00100 + 1225.89705]
[ INFO : 2026-08-08 14:04:56,505 ] - Test_@[5, 10, 20, 50]: Recall=[0.02590, 0.04364, 0.07090, 0.13135],  precision=[0.00544, 0.00463, 0.00375, 0.00279], hit=[0.02705, 0.04598, 0.07431, 0.13731], ndcg=[0.01695, 0.02271, 0.02962, 0.04168], Train Rec Loss=[0.03199], Eval Rec Loss=[0.03205], c=[0.50000], F=[0.83599, 0.88237, 0.92825, 0.96467], F_fuse=[0.01081, 0.00921, 0.00747, 0.00557]
[ INFO : 2026-08-08 14:07:29,547 ] - Epoch 26: train==[154.71433 = 1.28938 + 1.10209 + 41.98316 + 0.00798 + 0.00000 + 0.00099 + 1225.89705]
[ INFO : 2026-08-08 14:07:38,637 ] - Test_@[5, 10, 20, 50]: Recall=[0.02727, 0.04415, 0.07237, 0.13247],  precision=[0.00573, 0.00468, 0.00382, 0.00282], hit=[0.02849, 0.04644, 0.07575, 0.13844], ndcg=[0.01769, 0.02317, 0.03032, 0.04234], Train Rec Loss=[0.03197], Eval Rec Loss=[0.03203], c=[0.50000], F=[0.86097, 0.89240, 0.93437, 0.96123], F_fuse=[0.01138, 0.00931, 0.00762, 0.00562]
[ INFO : 2026-08-08 14:10:12,334 ] - Epoch 27: train==[154.10313 = 1.27958 + 1.10209 + 41.38162 + 0.00812 + 0.00000 + 0.00098 + 1225.89705]
[ INFO : 2026-08-08 14:10:21,397 ] - Test_@[5, 10, 20, 50]: Recall=[0.02662, 0.04457, 0.07318, 0.13317],  precision=[0.00561, 0.00472, 0.00387, 0.00283], hit=[0.02787, 0.04685, 0.07663, 0.13916], ndcg=[0.01740, 0.02326, 0.03050, 0.04248], Train Rec Loss=[0.03195], Eval Rec Loss=[0.03200], c=[0.50000], F=[0.85701, 0.88939, 0.93125, 0.96094], F_fuse=[0.01114, 0.00939, 0.00770, 0.00565]
[ INFO : 2026-08-08 14:13:01,136 ] - Epoch 28: train==[153.76091 = 1.26337 + 1.10209 + 41.05559 + 0.00816 + 0.00000 + 0.00097 + 1225.89705]
[ INFO : 2026-08-08 14:13:10,186 ] - Test_@[5, 10, 20, 50]: Recall=[0.02636, 0.04459, 0.07231, 0.13312],  precision=[0.00554, 0.00472, 0.00382, 0.00283], hit=[0.02756, 0.04690, 0.07575, 0.13916], ndcg=[0.01722, 0.02315, 0.03017, 0.04233], Train Rec Loss=[0.03196], Eval Rec Loss=[0.03202], c=[0.50000], F=[0.84225, 0.87661, 0.92788, 0.96492], F_fuse=[0.01102, 0.00939, 0.00762, 0.00564]
[ INFO : 2026-08-08 14:15:34,963 ] - Epoch 29: train==[153.28327 = 1.25135 + 1.10209 + 40.58985 + 0.00828 + 0.00000 + 0.00097 + 1225.89705]
[ INFO : 2026-08-08 14:15:44,038 ] - Test_@[5, 10, 20, 50]: Recall=[0.02695, 0.04467, 0.07426, 0.13410],  precision=[0.00567, 0.00475, 0.00393, 0.00285], hit=[0.02818, 0.04711, 0.07781, 0.14004], ndcg=[0.01756, 0.02333, 0.03081, 0.04274], Train Rec Loss=[0.03194], Eval Rec Loss=[0.03201], c=[0.50000], F=[0.82467, 0.86409, 0.92235, 0.96306], F_fuse=[0.01126, 0.00944, 0.00782, 0.00568]
[ INFO : 2026-08-08 14:18:12,691 ] - Epoch 30: train==[152.84838 = 1.23896 + 1.10209 + 40.16722 + 0.00841 + 0.00000 + 0.00096 + 1225.89705]
[ INFO : 2026-08-08 14:18:21,809 ] - Test_@[5, 10, 20, 50]: Recall=[0.02750, 0.04551, 0.07498, 0.13472],  precision=[0.00579, 0.00482, 0.00396, 0.00286], hit=[0.02880, 0.04783, 0.07848, 0.14065], ndcg=[0.01790, 0.02374, 0.03119, 0.04313], Train Rec Loss=[0.03194], Eval Rec Loss=[0.03200], c=[0.50000], F=[0.84522, 0.87795, 0.92591, 0.96184], F_fuse=[0.01150, 0.00960, 0.00789, 0.00570]
[ INFO : 2026-08-08 14:21:01,125 ] - Epoch 31: train==[152.41901 = 1.22994 + 1.10210 + 39.74683 + 0.00845 + 0.00000 + 0.00095 + 1225.89705]
[ INFO : 2026-08-08 14:21:10,192 ] - Test_@[5, 10, 20, 50]: Recall=[0.02641, 0.04511, 0.07453, 0.13607],  precision=[0.00556, 0.00478, 0.00394, 0.00289], hit=[0.02767, 0.04736, 0.07807, 0.14209], ndcg=[0.01748, 0.02356, 0.03099, 0.04327], Train Rec Loss=[0.03192], Eval Rec Loss=[0.03197], c=[0.50000], F=[0.83285, 0.86636, 0.91809, 0.96384], F_fuse=[0.01105, 0.00950, 0.00784, 0.00576]
[ INFO : 2026-08-08 14:23:42,946 ] - Epoch 32: train==[152.07170 = 1.21912 + 1.10210 + 39.41025 + 0.00854 + 0.00000 + 0.00096 + 1225.89705]
[ INFO : 2026-08-08 14:23:52,027 ] - Test_@[5, 10, 20, 50]: Recall=[0.02656, 0.04535, 0.07612, 0.13665],  precision=[0.00560, 0.00480, 0.00403, 0.00290], hit=[0.02782, 0.04767, 0.07976, 0.14261], ndcg=[0.01765, 0.02377, 0.03158, 0.04367], Train Rec Loss=[0.03191], Eval Rec Loss=[0.03198], c=[0.50000], F=[0.81473, 0.85275, 0.91388, 0.96045], F_fuse=[0.01111, 0.00955, 0.00802, 0.00578]
[ INFO : 2026-08-08 14:26:28,124 ] - Epoch 33: train==[151.49036 = 1.20858 + 1.10211 + 38.83937 + 0.00861 + 0.00000 + 0.00095 + 1225.89705]
[ INFO : 2026-08-08 14:26:37,271 ] - Test_@[5, 10, 20, 50]: Recall=[0.02716, 0.04597, 0.07660, 0.13737],  precision=[0.00574, 0.00487, 0.00405, 0.00291], hit=[0.02854, 0.04829, 0.08023, 0.14328], ndcg=[0.01780, 0.02395, 0.03174, 0.04388], Train Rec Loss=[0.03193], Eval Rec Loss=[0.03198], c=[0.50000], F=[0.83644, 0.86769, 0.91599, 0.95838], F_fuse=[0.01140, 0.00968, 0.00807, 0.00581]
[ INFO : 2026-08-08 14:29:08,733 ] - Epoch 34: train==[151.15040 = 1.19660 + 1.10208 + 38.51130 + 0.00873 + 0.00000 + 0.00095 + 1225.89705]
[ INFO : 2026-08-08 14:29:17,879 ] - Test_@[5, 10, 20, 50]: Recall=[0.02738, 0.04599, 0.07733, 0.13948],  precision=[0.00577, 0.00488, 0.00409, 0.00296], hit=[0.02870, 0.04834, 0.08095, 0.14533], ndcg=[0.01799, 0.02404, 0.03199, 0.04439], Train Rec Loss=[0.03188], Eval Rec Loss=[0.03194], c=[0.50000], F=[0.83173, 0.86438, 0.91580, 0.95792], F_fuse=[0.01146, 0.00970, 0.00814, 0.00589]
[ INFO : 2026-08-08 14:31:48,796 ] - Epoch 35: train==[150.65775 = 1.18468 + 1.10209 + 38.03051 + 0.00880 + 0.00000 + 0.00094 + 1225.89705]
[ INFO : 2026-08-08 14:31:57,928 ] - Test_@[5, 10, 20, 50]: Recall=[0.02736, 0.04606, 0.07803, 0.13958],  precision=[0.00578, 0.00488, 0.00413, 0.00296], hit=[0.02875, 0.04839, 0.08182, 0.14549], ndcg=[0.01802, 0.02412, 0.03227, 0.04454], Train Rec Loss=[0.03190], Eval Rec Loss=[0.03193], c=[0.50000], F=[0.82975, 0.86401, 0.91460, 0.95623], F_fuse=[0.01148, 0.00970, 0.00823, 0.00590]
[ INFO : 2026-08-08 14:34:27,893 ] - Epoch 36: train==[150.32895 = 1.17510 + 1.10208 + 37.71125 + 0.00885 + 0.00000 + 0.00093 + 1225.89705]
[ INFO : 2026-08-08 14:34:37,024 ] - Test_@[5, 10, 20, 50]: Recall=[0.02769, 0.04669, 0.07836, 0.13991],  precision=[0.00585, 0.00495, 0.00415, 0.00297], hit=[0.02911, 0.04911, 0.08208, 0.14580], ndcg=[0.01811, 0.02429, 0.03233, 0.04461], Train Rec Loss=[0.03186], Eval Rec Loss=[0.03193], c=[0.50000], F=[0.85617, 0.87908, 0.91770, 0.95717], F_fuse=[0.01163, 0.00984, 0.00826, 0.00591]
[ INFO : 2026-08-08 14:37:05,258 ] - Epoch 37: train==[150.03040 = 1.16547 + 1.10209 + 37.42226 + 0.00890 + 0.00000 + 0.00093 + 1225.89705]
[ INFO : 2026-08-08 14:37:14,328 ] - Test_@[5, 10, 20, 50]: Recall=[0.02848, 0.04671, 0.07774, 0.14176],  precision=[0.00601, 0.00494, 0.00412, 0.00300], hit=[0.02988, 0.04901, 0.08146, 0.14760], ndcg=[0.01864, 0.02457, 0.03244, 0.04523], Train Rec Loss=[0.03187], Eval Rec Loss=[0.03194], c=[0.50000], F=[0.82350, 0.85716, 0.91071, 0.95215], F_fuse=[0.01193, 0.00983, 0.00820, 0.00599]
[ INFO : 2026-08-08 14:39:47,042 ] - Epoch 38: train==[149.53566 = 1.15552 + 1.10208 + 36.93739 + 0.00901 + 0.00000 + 0.00093 + 1225.89705]
[ INFO : 2026-08-08 14:39:56,131 ] - Test_@[5, 10, 20, 50]: Recall=[0.02826, 0.04692, 0.07873, 0.14127],  precision=[0.00597, 0.00496, 0.00417, 0.00300], hit=[0.02967, 0.04922, 0.08254, 0.14713], ndcg=[0.01841, 0.02447, 0.03255, 0.04507], Train Rec Loss=[0.03183], Eval Rec Loss=[0.03192], c=[0.50000], F=[0.83820, 0.86671, 0.91249, 0.95309], F_fuse=[0.01185, 0.00987, 0.00830, 0.00597]
[ INFO : 2026-08-08 14:42:26,784 ] - Epoch 39: train==[149.17337 = 1.14559 + 1.10209 + 36.58494 + 0.00908 + 0.00000 + 0.00092 + 1225.89705]
[ INFO : 2026-08-08 14:42:35,936 ] - Test_@[5, 10, 20, 50]: Recall=[0.02824, 0.04620, 0.07902, 0.14187],  precision=[0.00594, 0.00489, 0.00419, 0.00301], hit=[0.02957, 0.04850, 0.08285, 0.14770], ndcg=[0.01859, 0.02445, 0.03280, 0.04537], Train Rec Loss=[0.03183], Eval Rec Loss=[0.03190], c=[0.50000], F=[0.83097, 0.86176, 0.90864, 0.95356], F_fuse=[0.01181, 0.00973, 0.00833, 0.00599]
[ INFO : 2026-08-08 14:45:05,383 ] - Epoch 40: train==[148.78964 = 1.14068 + 1.10208 + 36.20611 + 0.00911 + 0.00000 + 0.00092 + 1225.89705]
[ INFO : 2026-08-08 14:45:14,540 ] - Test_@[5, 10, 20, 50]: Recall=[0.02852, 0.04741, 0.07965, 0.14312],  precision=[0.00601, 0.00501, 0.00422, 0.00303], hit=[0.02988, 0.04973, 0.08341, 0.14893], ndcg=[0.01863, 0.02476, 0.03293, 0.04560], Train Rec Loss=[0.03185], Eval Rec Loss=[0.03190], c=[0.50000], F=[0.82952, 0.86131, 0.90898, 0.95239], F_fuse=[0.01193, 0.00997, 0.00840, 0.00604]
[ INFO : 2026-08-08 14:47:55,375 ] - Epoch 41: train==[148.37495 = 1.12722 + 1.10210 + 35.80477 + 0.00921 + 0.00000 + 0.00092 + 1225.89705]
[ INFO : 2026-08-08 14:48:04,477 ] - Test_@[5, 10, 20, 50]: Recall=[0.02860, 0.04750, 0.07977, 0.14385],  precision=[0.00603, 0.00501, 0.00422, 0.00305], hit=[0.02998, 0.04973, 0.08352, 0.14965], ndcg=[0.01867, 0.02477, 0.03296, 0.04574], Train Rec Loss=[0.03183], Eval Rec Loss=[0.03190], c=[0.50000], F=[0.83647, 0.86617, 0.91040, 0.95198], F_fuse=[0.01197, 0.00997, 0.00841, 0.00607]
[ INFO : 2026-08-08 14:50:32,368 ] - Epoch 42: train==[147.98483 = 1.11773 + 1.10208 + 35.42406 + 0.00931 + 0.00000 + 0.00091 + 1225.89705]
[ INFO : 2026-08-08 14:50:41,490 ] - Test_@[5, 10, 20, 50]: Recall=[0.02879, 0.04794, 0.07968, 0.14396],  precision=[0.00607, 0.00507, 0.00422, 0.00305], hit=[0.03019, 0.05030, 0.08341, 0.14981], ndcg=[0.01868, 0.02491, 0.03295, 0.04578], Train Rec Loss=[0.03182], Eval Rec Loss=[0.03189], c=[0.50000], F=[0.82773, 0.86139, 0.90863, 0.95019], F_fuse=[0.01205, 0.01008, 0.00840, 0.00608]
[ INFO : 2026-08-08 14:53:10,519 ] - Epoch 43: train==[147.87141 = 1.11074 + 1.10209 + 35.31765 + 0.00928 + 0.00000 + 0.00091 + 1225.89705]
[ INFO : 2026-08-08 14:53:19,633 ] - Test_@[5, 10, 20, 50]: Recall=[0.02863, 0.04820, 0.07933, 0.14473],  precision=[0.00604, 0.00510, 0.00420, 0.00306], hit=[0.03003, 0.05066, 0.08305, 0.15053], ndcg=[0.01878, 0.02516, 0.03306, 0.04613], Train Rec Loss=[0.03182], Eval Rec Loss=[0.03189], c=[0.50000], F=[0.83564, 0.86453, 0.90908, 0.94879], F_fuse=[0.01199, 0.01014, 0.00836, 0.00611]
[ INFO : 2026-08-08 14:55:45,925 ] - Epoch 44: train==[147.49405 = 1.10002 + 1.10207 + 34.95091 + 0.00940 + 0.00000 + 0.00091 + 1225.89705]
[ INFO : 2026-08-08 14:55:55,046 ] - Test_@[5, 10, 20, 50]: Recall=[0.02915, 0.04813, 0.08083, 0.14457],  precision=[0.00616, 0.00510, 0.00427, 0.00306], hit=[0.03065, 0.05060, 0.08460, 0.15048], ndcg=[0.01903, 0.02521, 0.03349, 0.04622], Train Rec Loss=[0.03182], Eval Rec Loss=[0.03189], c=[0.50000], F=[0.83848, 0.86710, 0.90884, 0.94972], F_fuse=[0.01223, 0.01014, 0.00851, 0.00611]
[ INFO : 2026-08-08 14:58:26,574 ] - Epoch 45: train==[146.97038 = 1.09000 + 1.10208 + 34.43719 + 0.00947 + 0.00000 + 0.00091 + 1225.89705]
[ INFO : 2026-08-08 14:58:35,713 ] - Test_@[5, 10, 20, 50]: Recall=[0.02963, 0.04906, 0.08065, 0.14547],  precision=[0.00624, 0.00518, 0.00427, 0.00308], hit=[0.03106, 0.05143, 0.08429, 0.15145], ndcg=[0.01923, 0.02554, 0.03351, 0.04646], Train Rec Loss=[0.03179], Eval Rec Loss=[0.03187], c=[0.50000], F=[0.82908, 0.86090, 0.90628, 0.94758], F_fuse=[0.01239, 0.01031, 0.00850, 0.00614]
[ INFO : 2026-08-08 15:01:04,517 ] - Epoch 46: train==[146.77082 = 1.08339 + 1.10209 + 34.24421 + 0.00951 + 0.00000 + 0.00090 + 1225.89705]
[ INFO : 2026-08-08 15:01:13,596 ] - Test_@[5, 10, 20, 50]: Recall=[0.02986, 0.04857, 0.08093, 0.14540],  precision=[0.00632, 0.00514, 0.00428, 0.00308], hit=[0.03142, 0.05102, 0.08449, 0.15156], ndcg=[0.01932, 0.02540, 0.03358, 0.04646], Train Rec Loss=[0.03179], Eval Rec Loss=[0.03184], c=[0.50000], F=[0.83300, 0.86327, 0.90670, 0.94736], F_fuse=[0.01254, 0.01022, 0.00852, 0.00615]
[ INFO : 2026-08-08 15:03:44,690 ] - Epoch 47: train==[146.36946 = 1.07361 + 1.10208 + 33.85257 + 0.00957 + 0.00000 + 0.00090 + 1225.89705]
[ INFO : 2026-08-08 15:03:53,817 ] - Test_@[5, 10, 20, 50]: Recall=[0.02975, 0.04870, 0.08125, 0.14572],  precision=[0.00628, 0.00516, 0.00429, 0.00309], hit=[0.03127, 0.05117, 0.08475, 0.15186], ndcg=[0.01942, 0.02558, 0.03381, 0.04671], Train Rec Loss=[0.03181], Eval Rec Loss=[0.03184], c=[0.50000], F=[0.83392, 0.86352, 0.90639, 0.94623], F_fuse=[0.01247, 0.01026, 0.00855, 0.00616]
[ INFO : 2026-08-08 15:06:35,628 ] - Epoch 48: train==[146.24119 = 1.06531 + 1.10207 + 33.73256 + 0.00962 + 0.00000 + 0.00089 + 1225.89705]
[ INFO : 2026-08-08 15:06:44,730 ] - Test_@[5, 10, 20, 50]: Recall=[0.02960, 0.04945, 0.08078, 0.14600],  precision=[0.00626, 0.00524, 0.00427, 0.00309], hit=[0.03116, 0.05199, 0.08444, 0.15202], ndcg=[0.01929, 0.02573, 0.03364, 0.04669], Train Rec Loss=[0.03175], Eval Rec Loss=[0.03181], c=[0.50000], F=[0.83323, 0.86314, 0.90571, 0.94656], F_fuse=[0.01243, 0.01042, 0.00851, 0.00617]
[ INFO : 2026-08-08 15:09:15,774 ] - Epoch 49: train==[145.98117 = 1.05833 + 1.10209 + 33.47947 + 0.00965 + 0.00000 + 0.00089 + 1225.89705]
[ INFO : 2026-08-08 15:09:24,946 ] - Test_@[5, 10, 20, 50]: Recall=[0.02945, 0.04936, 0.08164, 0.14611],  precision=[0.00623, 0.00522, 0.00432, 0.00310], hit=[0.03101, 0.05179, 0.08532, 0.15217], ndcg=[0.01918, 0.02564, 0.03379, 0.04669], Train Rec Loss=[0.03177], Eval Rec Loss=[0.03182], c=[0.50000], F=[0.83611, 0.86444, 0.90644, 0.94581], F_fuse=[0.01237, 0.01038, 0.00860, 0.00617]
[ INFO : 2026-08-08 15:12:10,574 ] - Epoch 50: train==[145.55519 = 1.04986 + 1.10207 + 33.06188 + 0.00975 + 0.00000 + 0.00089 + 1225.89705]
[ INFO : 2026-08-08 15:12:19,664 ] - Test_@[5, 10, 20, 50]: Recall=[0.03053, 0.04917, 0.08133, 0.14684],  precision=[0.00645, 0.00520, 0.00430, 0.00311], hit=[0.03209, 0.05163, 0.08496, 0.15300], ndcg=[0.01957, 0.02562, 0.03378, 0.04690], Train Rec Loss=[0.03176], Eval Rec Loss=[0.03186], c=[0.50000], F=[0.83186, 0.86126, 0.90417, 0.94495], F_fuse=[0.01280, 0.01035, 0.00856, 0.00620]
[ INFO : 2026-08-08 15:14:48,503 ] - Epoch 51: train==[145.34538 = 1.04030 + 1.10209 + 32.86161 + 0.00976 + 0.00000 + 0.00088 + 1225.89705]
[ INFO : 2026-08-08 15:14:57,557 ] - Test_@[5, 10, 20, 50]: Recall=[0.03046, 0.04893, 0.08137, 0.14674],  precision=[0.00643, 0.00518, 0.00430, 0.00311], hit=[0.03199, 0.05148, 0.08506, 0.15279], ndcg=[0.01970, 0.02573, 0.03395, 0.04703], Train Rec Loss=[0.03176], Eval Rec Loss=[0.03184], c=[0.50000], F=[0.82753, 0.86110, 0.90458, 0.94439], F_fuse=[0.01276, 0.01031, 0.00857, 0.00620]
[ INFO : 2026-08-08 15:17:27,713 ] - Epoch 52: train==[145.12062 = 1.03649 + 1.10207 + 32.64055 + 0.00988 + 0.00000 + 0.00088 + 1225.89705]
[ INFO : 2026-08-08 15:17:36,776 ] - Test_@[5, 10, 20, 50]: Recall=[0.02966, 0.04894, 0.08096, 0.14611],  precision=[0.00629, 0.00518, 0.00428, 0.00310], hit=[0.03132, 0.05143, 0.08455, 0.15217], ndcg=[0.01945, 0.02574, 0.03385, 0.04692], Train Rec Loss=[0.03175], Eval Rec Loss=[0.03181], c=[0.50000], F=[0.83107, 0.86283, 0.90409, 0.94340], F_fuse=[0.01249, 0.01031, 0.00852, 0.00617]
[ INFO : 2026-08-08 15:20:03,870 ] - Epoch 53: train==[144.72606 = 1.02834 + 1.10208 + 32.25408 + 0.00995 + 0.00000 + 0.00088 + 1225.89705]
[ INFO : 2026-08-08 15:20:12,965 ] - Test_@[5, 10, 20, 50]: Recall=[0.03028, 0.04984, 0.08242, 0.14719],  precision=[0.00640, 0.00527, 0.00436, 0.00312], hit=[0.03183, 0.05235, 0.08599, 0.15325], ndcg=[0.01951, 0.02589, 0.03413, 0.04709], Train Rec Loss=[0.03174], Eval Rec Loss=[0.03180], c=[0.50000], F=[0.83329, 0.86209, 0.90353, 0.94355], F_fuse=[0.01270, 0.01048, 0.00868, 0.00621]
[ INFO : 2026-08-08 15:22:43,458 ] - Epoch 54: train==[144.50712 = 1.01831 + 1.10208 + 32.04514 + 0.00997 + 0.00000 + 0.00088 + 1225.89705]
[ INFO : 2026-08-08 15:22:52,542 ] - Test_@[5, 10, 20, 50]: Recall=[0.03013, 0.04926, 0.08192, 0.14646],  precision=[0.00639, 0.00522, 0.00433, 0.00311], hit=[0.03178, 0.05184, 0.08557, 0.15269], ndcg=[0.01976, 0.02597, 0.03425, 0.04720], Train Rec Loss=[0.03174], Eval Rec Loss=[0.03180], c=[0.50000], F=[0.83097, 0.86421, 0.90415, 0.94285], F_fuse=[0.01268, 0.01038, 0.00862, 0.00619]
[ INFO : 2026-08-08 15:25:16,566 ] - Epoch 55: train==[144.27780 = 1.01160 + 1.10207 + 31.82246 + 0.01005 + 0.00000 + 0.00087 + 1225.89705]
[ INFO : 2026-08-08 15:25:25,702 ] - Test_@[5, 10, 20, 50]: Recall=[0.03039, 0.04976, 0.08217, 0.14805],  precision=[0.00643, 0.00526, 0.00435, 0.00314], hit=[0.03199, 0.05225, 0.08578, 0.15428], ndcg=[0.01994, 0.02625, 0.03447, 0.04769], Train Rec Loss=[0.03172], Eval Rec Loss=[0.03181], c=[0.50000], F=[0.83251, 0.86131, 0.90165, 0.94178], F_fuse=[0.01276, 0.01046, 0.00865, 0.00625]
[ INFO : 2026-08-08 15:27:49,580 ] - Epoch 56: train==[144.02355 = 1.00450 + 1.10207 + 31.57526 + 0.01012 + 0.00000 + 0.00087 + 1225.89705]
[ INFO : 2026-08-08 15:27:58,675 ] - Test_@[5, 10, 20, 50]: Recall=[0.03106, 0.04947, 0.08249, 0.14763],  precision=[0.00658, 0.00524, 0.00436, 0.00313], hit=[0.03271, 0.05194, 0.08624, 0.15372], ndcg=[0.02026, 0.02624, 0.03463, 0.04769], Train Rec Loss=[0.03174], Eval Rec Loss=[0.03178], c=[0.50000], F=[0.83543, 0.86539, 0.90493, 0.94219], F_fuse=[0.01306, 0.01041, 0.00868, 0.00623]
[ INFO : 2026-08-08 15:30:33,119 ] - Epoch 57: train==[143.83505 = 0.99610 + 1.10209 + 31.39508 + 0.01018 + 0.00000 + 0.00087 + 1225.89705]
[ INFO : 2026-08-08 15:30:42,217 ] - Test_@[5, 10, 20, 50]: Recall=[0.03086, 0.04961, 0.08196, 0.14703],  precision=[0.00651, 0.00525, 0.00434, 0.00312], hit=[0.03240, 0.05199, 0.08563, 0.15320], ndcg=[0.02001, 0.02608, 0.03432, 0.04739], Train Rec Loss=[0.03172], Eval Rec Loss=[0.03177], c=[0.50000], F=[0.82917, 0.86203, 0.90209, 0.94014], F_fuse=[0.01292, 0.01043, 0.00863, 0.00621]
[ INFO : 2026-08-08 15:33:18,470 ] - Epoch 58: train==[143.43994 = 0.98953 + 1.10207 + 31.00645 + 0.01027 + 0.00000 + 0.00087 + 1225.89705]
[ INFO : 2026-08-08 15:33:27,508 ] - Test_@[5, 10, 20, 50]: Recall=[0.03041, 0.04992, 0.08232, 0.14807],  precision=[0.00643, 0.00528, 0.00435, 0.00314], hit=[0.03199, 0.05235, 0.08604, 0.15438], ndcg=[0.01998, 0.02633, 0.03454, 0.04775], Train Rec Loss=[0.03172], Eval Rec Loss=[0.03179], c=[0.50000], F=[0.83345, 0.86443, 0.90274, 0.94008], F_fuse=[0.01276, 0.01050, 0.00866, 0.00626]
[ INFO : 2026-08-08 15:36:00,351 ] - Epoch 59: train==[143.31184 = 0.98184 + 1.10210 + 30.88598 + 0.01032 + 0.00000 + 0.00086 + 1225.89705]
[ INFO : 2026-08-08 15:36:09,473 ] - Test_@[5, 10, 20, 50]: Recall=[0.03092, 0.05017, 0.08344, 0.14785],  precision=[0.00652, 0.00531, 0.00441, 0.00313], hit=[0.03245, 0.05261, 0.08701, 0.15402], ndcg=[0.02021, 0.02647, 0.03491, 0.04783], Train Rec Loss=[0.03172], Eval Rec Loss=[0.03180], c=[0.50000], F=[0.83069, 0.86169, 0.90159, 0.94041], F_fuse=[0.01294, 0.01055, 0.00877, 0.00624]
[ INFO : 2026-08-08 15:38:43,967 ] - Epoch 60: train==[143.12243 = 0.97243 + 1.10207 + 30.70596 + 0.01036 + 0.00000 + 0.00086 + 1225.89705]
[ INFO : 2026-08-08 15:38:53,036 ] - Test_@[5, 10, 20, 50]: Recall=[0.03027, 0.04966, 0.08303, 0.14802],  precision=[0.00640, 0.00525, 0.00439, 0.00314], hit=[0.03183, 0.05204, 0.08676, 0.15423], ndcg=[0.01967, 0.02599, 0.03446, 0.04751], Train Rec Loss=[0.03170], Eval Rec Loss=[0.03176], c=[0.50000], F=[0.83028, 0.86223, 0.90205, 0.94009], F_fuse=[0.01270, 0.01044, 0.00873, 0.00625]
[ INFO : 2026-08-08 15:41:24,616 ] - Epoch 61: train==[142.77114 = 0.97194 + 1.10208 + 30.35506 + 0.01047 + 0.00000 + 0.00085 + 1225.89705]
[ INFO : 2026-08-08 15:41:33,645 ] - Test_@[5, 10, 20, 50]: Recall=[0.03069, 0.05078, 0.08347, 0.14927],  precision=[0.00647, 0.00537, 0.00441, 0.00316], hit=[0.03219, 0.05323, 0.08712, 0.15546], ndcg=[0.02001, 0.02655, 0.03484, 0.04804], Train Rec Loss=[0.03168], Eval Rec Loss=[0.03176], c=[0.50000], F=[0.83510, 0.86355, 0.90237, 0.94046], F_fuse=[0.01284, 0.01067, 0.00878, 0.00630]
[ INFO : 2026-08-08 15:44:16,552 ] - Epoch 62: train==[142.61147 = 0.96281 + 1.10207 + 30.20446 + 0.01053 + 0.00000 + 0.00085 + 1225.89705]
[ INFO : 2026-08-08 15:44:25,558 ] - Test_@[5, 10, 20, 50]: Recall=[0.03121, 0.05000, 0.08367, 0.15028],  precision=[0.00660, 0.00528, 0.00442, 0.00319], hit=[0.03286, 0.05235, 0.08732, 0.15660], ndcg=[0.02013, 0.02623, 0.03476, 0.04810], Train Rec Loss=[0.03168], Eval Rec Loss=[0.03175], c=[0.50000], F=[0.83628, 0.86564, 0.90332, 0.94066], F_fuse=[0.01310, 0.01050, 0.00879, 0.00635]
[ INFO : 2026-08-08 15:47:15,544 ] - Epoch 63: train==[142.34218 = 0.95762 + 1.10207 + 29.94033 + 0.01056 + 0.00000 + 0.00085 + 1225.89705]
[ INFO : 2026-08-08 15:47:24,716 ] - Test_@[5, 10, 20, 50]: Recall=[0.03114, 0.05080, 0.08313, 0.14806],  precision=[0.00656, 0.00536, 0.00439, 0.00314], hit=[0.03266, 0.05318, 0.08686, 0.15428], ndcg=[0.02025, 0.02661, 0.03483, 0.04788], Train Rec Loss=[0.03168], Eval Rec Loss=[0.03174], c=[0.50000], F=[0.82794, 0.86044, 0.90000, 0.93885], F_fuse=[0.01302, 0.01066, 0.00874, 0.00625]
[ INFO : 2026-08-08 15:49:56,902 ] - Epoch 64: train==[142.14651 = 0.94977 + 1.10207 + 29.75245 + 0.01064 + 0.00000 + 0.00085 + 1225.89705]
[ INFO : 2026-08-08 15:50:06,014 ] - Test_@[5, 10, 20, 50]: Recall=[0.03172, 0.05099, 0.08275, 0.14916],  precision=[0.00669, 0.00539, 0.00437, 0.00316], hit=[0.03327, 0.05343, 0.08635, 0.15531], ndcg=[0.02058, 0.02684, 0.03490, 0.04826], Train Rec Loss=[0.03165], Eval Rec Loss=[0.03175], c=[0.50000], F=[0.83591, 0.86511, 0.90277, 0.94031], F_fuse=[0.01326, 0.01071, 0.00869, 0.00630]
[ INFO : 2026-08-08 15:52:38,141 ] - Epoch 65: train==[142.02377 = 0.94219 + 1.10207 + 29.63728 + 0.01065 + 0.00000 + 0.00085 + 1225.89705]
[ INFO : 2026-08-08 15:52:47,295 ] - Test_@[5, 10, 20, 50]: Recall=[0.03135, 0.05051, 0.08343, 0.14856],  precision=[0.00662, 0.00534, 0.00440, 0.00315], hit=[0.03296, 0.05297, 0.08717, 0.15485], ndcg=[0.02023, 0.02643, 0.03481, 0.04790], Train Rec Loss=[0.03167], Eval Rec Loss=[0.03174], c=[0.50000], F=[0.83411, 0.86415, 0.90222, 0.93895], F_fuse=[0.01314, 0.01062, 0.00876, 0.00628]
[ INFO : 2026-08-08 15:55:26,912 ] - Epoch 66: train==[141.86648 = 0.93776 + 1.10206 + 29.48435 + 0.01072 + 0.00000 + 0.00085 + 1225.89705]
[ INFO : 2026-08-08 15:55:35,928 ] - Test_@[5, 10, 20, 50]: Recall=[0.03113, 0.05084, 0.08385, 0.14869],  precision=[0.00657, 0.00537, 0.00443, 0.00315], hit=[0.03266, 0.05328, 0.08753, 0.15495], ndcg=[0.02048, 0.02688, 0.03527, 0.04829], Train Rec Loss=[0.03167], Eval Rec Loss=[0.03175], c=[0.50000], F=[0.83088, 0.86355, 0.90305, 0.93985], F_fuse=[0.01304, 0.01067, 0.00881, 0.00628]
[ INFO : 2026-08-08 15:58:18,688 ] - Epoch 67: train==[141.68385 = 0.93031 + 1.10207 + 29.30910 + 0.01080 + 0.00000 + 0.00084 + 1225.89705]
[ INFO : 2026-08-08 15:58:27,728 ] - Test_@[5, 10, 20, 50]: Recall=[0.03105, 0.05083, 0.08390, 0.14773],  precision=[0.00656, 0.00537, 0.00443, 0.00313], hit=[0.03260, 0.05328, 0.08763, 0.15397], ndcg=[0.02013, 0.02653, 0.03492, 0.04776], Train Rec Loss=[0.03167], Eval Rec Loss=[0.03173], c=[0.50000], F=[0.82943, 0.86211, 0.90101, 0.93862], F_fuse=[0.01302, 0.01068, 0.00881, 0.00625]
[ INFO : 2026-08-08 16:01:15,173 ] - Epoch 68: train==[141.53827 = 0.92702 + 1.10206 + 29.16674 + 0.01086 + 0.00000 + 0.00084 + 1225.89705]
[ INFO : 2026-08-08 16:01:24,238 ] - Test_@[5, 10, 20, 50]: Recall=[0.03146, 0.05047, 0.08436, 0.14796],  precision=[0.00661, 0.00533, 0.00446, 0.00314], hit=[0.03286, 0.05287, 0.08825, 0.15418], ndcg=[0.02032, 0.02646, 0.03508, 0.04783], Train Rec Loss=[0.03166], Eval Rec Loss=[0.03170], c=[0.50000], F=[0.83015, 0.86322, 0.90183, 0.93813], F_fuse=[0.01312, 0.01060, 0.00887, 0.00626]
[ INFO : 2026-08-08 16:04:11,080 ] - Epoch 69: train==[141.32057 = 0.91857 + 1.10207 + 28.95741 + 0.01095 + 0.00000 + 0.00084 + 1225.89705]
[ INFO : 2026-08-08 16:04:20,171 ] - Test_@[5, 10, 20, 50]: Recall=[0.03160, 0.05171, 0.08467, 0.14822],  precision=[0.00664, 0.00547, 0.00447, 0.00314], hit=[0.03296, 0.05420, 0.08856, 0.15444], ndcg=[0.02058, 0.02710, 0.03545, 0.04819], Train Rec Loss=[0.03164], Eval Rec Loss=[0.03171], c=[0.50000], F=[0.82852, 0.86156, 0.90140, 0.93876], F_fuse=[0.01318, 0.01086, 0.00890, 0.00626]
[ INFO : 2026-08-08 16:06:59,791 ] - Epoch 70: train==[141.14677 = 0.91223 + 1.10205 + 28.78992 + 0.01100 + 0.00000 + 0.00083 + 1225.89705]
[ INFO : 2026-08-08 16:07:08,905 ] - Test_@[5, 10, 20, 50]: Recall=[0.03189, 0.05125, 0.08542, 0.14925],  precision=[0.00673, 0.00542, 0.00452, 0.00316], hit=[0.03343, 0.05374, 0.08933, 0.15536], ndcg=[0.02062, 0.02690, 0.03557, 0.04834], Train Rec Loss=[0.03164], Eval Rec Loss=[0.03169], c=[0.50000], F=[0.82638, 0.86018, 0.90069, 0.93829], F_fuse=[0.01334, 0.01077, 0.00899, 0.00630]
[ INFO : 2026-08-08 16:09:53,377 ] - Epoch 71: train==[140.99939 = 0.90881 + 1.10207 + 28.64596 + 0.01099 + 0.00000 + 0.00083 + 1225.89705]
[ INFO : 2026-08-08 16:10:02,500 ] - Test_@[5, 10, 20, 50]: Recall=[0.03182, 0.05096, 0.08526, 0.14763],  precision=[0.00670, 0.00538, 0.00450, 0.00313], hit=[0.03327, 0.05338, 0.08912, 0.15382], ndcg=[0.02064, 0.02683, 0.03551, 0.04802], Train Rec Loss=[0.03166], Eval Rec Loss=[0.03170], c=[0.50000], F=[0.82380, 0.86064, 0.90034, 0.93780], F_fuse=[0.01328, 0.01070, 0.00896, 0.00624]
[ INFO : 2026-08-08 16:12:47,777 ] - Epoch 72: train==[140.69751 = 0.90362 + 1.10205 + 28.34914 + 0.01113 + 0.00000 + 0.00083 + 1225.89705]
[ INFO : 2026-08-08 16:12:56,906 ] - Test_@[5, 10, 20, 50]: Recall=[0.03226, 0.05110, 0.08551, 0.14829],  precision=[0.00679, 0.00540, 0.00452, 0.00314], hit=[0.03374, 0.05359, 0.08948, 0.15444], ndcg=[0.02098, 0.02710, 0.03583, 0.04844], Train Rec Loss=[0.03164], Eval Rec Loss=[0.03170], c=[0.50000], F=[0.82821, 0.86283, 0.90040, 0.93678], F_fuse=[0.01347, 0.01074, 0.00900, 0.00627]
[ INFO : 2026-08-08 16:15:40,896 ] - Epoch 73: train==[140.53986 = 0.89405 + 1.10207 + 28.20105 + 0.01112 + 0.00000 + 0.00083 + 1225.89705]
[ INFO : 2026-08-08 16:15:49,935 ] - Test_@[5, 10, 20, 50]: Recall=[0.03118, 0.05072, 0.08515, 0.14721],  precision=[0.00656, 0.00536, 0.00450, 0.00312], hit=[0.03260, 0.05318, 0.08912, 0.15341], ndcg=[0.02065, 0.02700, 0.03572, 0.04817], Train Rec Loss=[0.03165], Eval Rec Loss=[0.03169], c=[0.50000], F=[0.82636, 0.86261, 0.90158, 0.93769], F_fuse=[0.01302, 0.01066, 0.00896, 0.00622]
[ INFO : 2026-08-08 16:18:24,867 ] - Epoch 74: train==[140.44504 = 0.89142 + 1.10205 + 28.10879 + 0.01121 + 0.00000 + 0.00082 + 1225.89705]
[ INFO : 2026-08-08 16:18:33,936 ] - Test_@[5, 10, 20, 50]: Recall=[0.03140, 0.05151, 0.08505, 0.14784],  precision=[0.00661, 0.00544, 0.00450, 0.00313], hit=[0.03286, 0.05395, 0.08907, 0.15402], ndcg=[0.02066, 0.02718, 0.03570, 0.04826], Train Rec Loss=[0.03163], Eval Rec Loss=[0.03170], c=[0.50000], F=[0.82668, 0.86297, 0.90275, 0.93908], F_fuse=[0.01312, 0.01081, 0.00896, 0.00625]
[ INFO : 2026-08-08 16:21:01,245 ] - Epoch 75: train==[140.39312 = 0.88393 + 1.10205 + 28.06426 + 0.01132 + 0.00000 + 0.00082 + 1225.89705]
[ INFO : 2026-08-08 16:21:10,335 ] - Test_@[5, 10, 20, 50]: Recall=[0.03177, 0.05108, 0.08487, 0.14819],  precision=[0.00671, 0.00540, 0.00449, 0.00314], hit=[0.03327, 0.05359, 0.08892, 0.15433], ndcg=[0.02059, 0.02685, 0.03544, 0.04811], Train Rec Loss=[0.03162], Eval Rec Loss=[0.03170], c=[0.50000], F=[0.82810, 0.86425, 0.90241, 0.93817], F_fuse=[0.01330, 0.01074, 0.00894, 0.00626]
[ INFO : 2026-08-08 16:23:43,125 ] - Epoch 76: train==[140.08565 = 0.88029 + 1.10207 + 27.76038 + 0.01135 + 0.00000 + 0.00082 + 1225.89705]
[ INFO : 2026-08-08 16:23:52,205 ] - Test_@[5, 10, 20, 50]: Recall=[0.03128, 0.05204, 0.08524, 0.14729],  precision=[0.00659, 0.00551, 0.00451, 0.00312], hit=[0.03271, 0.05462, 0.08923, 0.15356], ndcg=[0.02056, 0.02728, 0.03570, 0.04814], Train Rec Loss=[0.03162], Eval Rec Loss=[0.03166], c=[0.50000], F=[0.82485, 0.86203, 0.90133, 0.93819], F_fuse=[0.01308, 0.01095, 0.00898, 0.00623]
[ INFO : 2026-08-08 16:26:29,039 ] - Epoch 77: train==[139.91911 = 0.87543 + 1.10205 + 27.59863 + 0.01144 + 0.00000 + 0.00082 + 1225.89705]
[ INFO : 2026-08-08 16:26:38,091 ] - Test_@[5, 10, 20, 50]: Recall=[0.03184, 0.05163, 0.08549, 0.14839],  precision=[0.00670, 0.00546, 0.00452, 0.00315], hit=[0.03327, 0.05415, 0.08953, 0.15459], ndcg=[0.02055, 0.02697, 0.03556, 0.04816], Train Rec Loss=[0.03164], Eval Rec Loss=[0.03168], c=[0.50000], F=[0.82647, 0.86264, 0.90117, 0.93714], F_fuse=[0.01328, 0.01085, 0.00900, 0.00627]
[ INFO : 2026-08-08 16:29:13,601 ] - Epoch 78: train==[139.71232 = 0.86721 + 1.10208 + 27.39997 + 0.01150 + 0.00000 + 0.00081 + 1225.89705]
[ INFO : 2026-08-08 16:29:22,648 ] - Test_@[5, 10, 20, 50]: Recall=[0.03157, 0.05150, 0.08627, 0.14727],  precision=[0.00664, 0.00545, 0.00457, 0.00312], hit=[0.03302, 0.05405, 0.09036, 0.15346], ndcg=[0.02052, 0.02695, 0.03576, 0.04796], Train Rec Loss=[0.03162], Eval Rec Loss=[0.03167], c=[0.50000], F=[0.82493, 0.86197, 0.90180, 0.93804], F_fuse=[0.01318, 0.01083, 0.00909, 0.00622]
[ INFO : 2026-08-08 16:32:07,314 ] - Epoch 79: train==[139.75660 = 0.86496 + 1.10205 + 27.44652 + 0.01153 + 0.00000 + 0.00081 + 1225.89705]
[ INFO : 2026-08-08 16:32:16,418 ] - Test_@[5, 10, 20, 50]: Recall=[0.03151, 0.05166, 0.08517, 0.14779],  precision=[0.00663, 0.00547, 0.00451, 0.00314], hit=[0.03296, 0.05420, 0.08933, 0.15413], ndcg=[0.02067, 0.02720, 0.03574, 0.04828], Train Rec Loss=[0.03159], Eval Rec Loss=[0.03164], c=[0.50000], F=[0.82791, 0.86362, 0.90248, 0.93860], F_fuse=[0.01316, 0.01086, 0.00898, 0.00626]
[ INFO : 2026-08-08 16:34:46,154 ] - Epoch 80: train==[139.61400 = 0.85880 + 1.10205 + 27.31003 + 0.01158 + 0.00000 + 0.00081 + 1225.89705]
[ INFO : 2026-08-08 16:34:55,226 ] - Test_@[5, 10, 20, 50]: Recall=[0.03154, 0.05169, 0.08548, 0.14803],  precision=[0.00663, 0.00546, 0.00453, 0.00314], hit=[0.03296, 0.05415, 0.08948, 0.15428], ndcg=[0.02055, 0.02709, 0.03570, 0.04822], Train Rec Loss=[0.03159], Eval Rec Loss=[0.03167], c=[0.50000], F=[0.82715, 0.86318, 0.90175, 0.93801], F_fuse=[0.01316, 0.01085, 0.00901, 0.00626]
[ INFO : 2026-08-08 16:37:23,799 ] - Epoch 81: train==[139.39644 = 0.85343 + 1.10204 + 27.09781 + 0.01160 + 0.00000 + 0.00081 + 1225.89705]
[ INFO : 2026-08-08 16:37:32,864 ] - Test_@[5, 10, 20, 50]: Recall=[0.03163, 0.05180, 0.08651, 0.14886],  precision=[0.00666, 0.00548, 0.00457, 0.00315], hit=[0.03312, 0.05431, 0.09051, 0.15510], ndcg=[0.02058, 0.02711, 0.03592, 0.04837], Train Rec Loss=[0.03159], Eval Rec Loss=[0.03165], c=[0.50000], F=[0.82583, 0.86280, 0.90170, 0.93754], F_fuse=[0.01322, 0.01088, 0.00910, 0.00629]
[ INFO : 2026-08-08 16:40:10,587 ] - Epoch 82: train==[139.25650 = 0.84867 + 1.10205 + 26.96248 + 0.01175 + 0.00000 + 0.00081 + 1225.89705]
[ INFO : 2026-08-08 16:40:19,691 ] - Test_@[5, 10, 20, 50]: Recall=[0.03186, 0.05145, 0.08612, 0.14905],  precision=[0.00671, 0.00543, 0.00456, 0.00316], hit=[0.03332, 0.05384, 0.09025, 0.15546], ndcg=[0.02065, 0.02699, 0.03583, 0.04842], Train Rec Loss=[0.03159], Eval Rec Loss=[0.03165], c=[0.50000], F=[0.82502, 0.86288, 0.90192, 0.93807], F_fuse=[0.01330, 0.01079, 0.00907, 0.00630]
[ INFO : 2026-08-08 16:42:47,740 ] - Epoch 83: train==[139.08312 = 0.84289 + 1.10205 + 26.79485 + 0.01179 + 0.00000 + 0.00080 + 1225.89705]
[ INFO : 2026-08-08 16:42:56,928 ] - Test_@[5, 10, 20, 50]: Recall=[0.03147, 0.05162, 0.08574, 0.14789],  precision=[0.00663, 0.00545, 0.00454, 0.00314], hit=[0.03296, 0.05405, 0.08974, 0.15418], ndcg=[0.02055, 0.02703, 0.03570, 0.04811], Train Rec Loss=[0.03158], Eval Rec Loss=[0.03163], c=[0.50000], F=[0.82395, 0.86162, 0.90077, 0.93670], F_fuse=[0.01316, 0.01083, 0.00903, 0.00626]
[ INFO : 2026-08-08 16:45:24,687 ] - Epoch 84: train==[139.07054 = 0.84057 + 1.10204 + 26.78452 + 0.01188 + 0.00000 + 0.00080 + 1225.89705]
[ INFO : 2026-08-08 16:45:33,844 ] - Test_@[5, 10, 20, 50]: Recall=[0.03224, 0.05239, 0.08662, 0.14870],  precision=[0.00679, 0.00554, 0.00458, 0.00316], hit=[0.03379, 0.05492, 0.09072, 0.15505], ndcg=[0.02100, 0.02749, 0.03619, 0.04860], Train Rec Loss=[0.03156], Eval Rec Loss=[0.03163], c=[0.50000], F=[0.82641, 0.86336, 0.90183, 0.93798], F_fuse=[0.01347, 0.01101, 0.00912, 0.00629]
[ INFO : 2026-08-08 16:48:02,999 ] - Epoch 85: train==[139.04661 = 0.83782 + 1.10205 + 26.76327 + 0.01193 + 0.00000 + 0.00080 + 1225.89705]
[ INFO : 2026-08-08 16:48:12,170 ] - Test_@[5, 10, 20, 50]: Recall=[0.03175, 0.05220, 0.08671, 0.14726],  precision=[0.00670, 0.00551, 0.00458, 0.00313], hit=[0.03322, 0.05467, 0.09072, 0.15341], ndcg=[0.02061, 0.02720, 0.03596, 0.04806], Train Rec Loss=[0.03156], Eval Rec Loss=[0.03164], c=[0.50000], F=[0.82542, 0.86225, 0.90138, 0.93727], F_fuse=[0.01328, 0.01096, 0.00912, 0.00623]
[ INFO : 2026-08-08 16:50:46,551 ] - Epoch 86: train==[138.74050 = 0.82909 + 1.10205 + 26.46584 + 0.01199 + 0.00000 + 0.00080 + 1225.89705]
[ INFO : 2026-08-08 16:50:55,679 ] - Test_@[5, 10, 20, 50]: Recall=[0.03229, 0.05222, 0.08669, 0.14830],  precision=[0.00679, 0.00553, 0.00459, 0.00315], hit=[0.03368, 0.05482, 0.09072, 0.15474], ndcg=[0.02099, 0.02746, 0.03621, 0.04853], Train Rec Loss=[0.03155], Eval Rec Loss=[0.03163], c=[0.50000], F=[0.82546, 0.86258, 0.90103, 0.93748], F_fuse=[0.01347, 0.01099, 0.00913, 0.00628]
[ INFO : 2026-08-08 16:53:30,522 ] - Epoch 87: train==[138.64780 = 0.82455 + 1.10203 + 26.37755 + 0.01213 + 0.00000 + 0.00079 + 1225.89705]
[ INFO : 2026-08-08 16:53:39,580 ] - Test_@[5, 10, 20, 50]: Recall=[0.03151, 0.05224, 0.08696, 0.14763],  precision=[0.00662, 0.00551, 0.00460, 0.00313], hit=[0.03302, 0.05462, 0.09087, 0.15408], ndcg=[0.02066, 0.02737, 0.03620, 0.04832], Train Rec Loss=[0.03156], Eval Rec Loss=[0.03163], c=[0.50000], F=[0.82504, 0.86250, 0.90208, 0.93825], F_fuse=[0.01314, 0.01095, 0.00914, 0.00625]
[ INFO : 2026-08-08 16:56:20,416 ] - Epoch 88: train==[138.77822 = 0.82209 + 1.10204 + 26.51049 + 0.01208 + 0.00000 + 0.00079 + 1225.89705]
[ INFO : 2026-08-08 16:56:29,509 ] - Test_@[5, 10, 20, 50]: Recall=[0.03171, 0.05136, 0.08602, 0.14765],  precision=[0.00666, 0.00543, 0.00455, 0.00313], hit=[0.03312, 0.05379, 0.08989, 0.15402], ndcg=[0.02074, 0.02711, 0.03591, 0.04823], Train Rec Loss=[0.03152], Eval Rec Loss=[0.03162], c=[0.50000], F=[0.82399, 0.86297, 0.90270, 0.93852], F_fuse=[0.01322, 0.01078, 0.00905, 0.00625]
[ INFO : 2026-08-08 16:58:59,375 ] - Epoch 89: train==[138.56295 = 0.81321 + 1.10203 + 26.30399 + 0.01218 + 0.00000 + 0.00079 + 1225.89705]
[ INFO : 2026-08-08 16:59:08,408 ] - Test_@[5, 10, 20, 50]: Recall=[0.03226, 0.05208, 0.08667, 0.14652],  precision=[0.00680, 0.00549, 0.00458, 0.00311], hit=[0.03379, 0.05441, 0.09061, 0.15289], ndcg=[0.02091, 0.02731, 0.03610, 0.04806], Train Rec Loss=[0.03155], Eval Rec Loss=[0.03162], c=[0.50000], F=[0.82430, 0.86309, 0.90238, 0.93818], F_fuse=[0.01349, 0.01091, 0.00911, 0.00620]
[ INFO : 2026-08-08 17:01:47,959 ] - Epoch 90: train==[138.36330 = 0.81102 + 1.10204 + 26.10653 + 0.01218 + 0.00000 + 0.00079 + 1225.89705]
[ INFO : 2026-08-08 17:01:57,063 ] - Test_@[5, 10, 20, 50]: Recall=[0.03241, 0.05183, 0.08644, 0.14715],  precision=[0.00682, 0.00547, 0.00456, 0.00312], hit=[0.03389, 0.05426, 0.09036, 0.15341], ndcg=[0.02098, 0.02725, 0.03604, 0.04819], Train Rec Loss=[0.03154], Eval Rec Loss=[0.03162], c=[0.50000], F=[0.82512, 0.86381, 0.90250, 0.93797], F_fuse=[0.01353, 0.01087, 0.00908, 0.00623]
[ INFO : 2026-08-08 17:04:29,197 ] - Epoch 91: train==[138.30419 = 0.80594 + 1.10203 + 26.05243 + 0.01227 + 0.00000 + 0.00079 + 1225.89705]
[ INFO : 2026-08-08 17:04:38,297 ] - Test_@[5, 10, 20, 50]: Recall=[0.03237, 0.05236, 0.08651, 0.14774],  precision=[0.00682, 0.00552, 0.00457, 0.00314], hit=[0.03384, 0.05477, 0.09041, 0.15418], ndcg=[0.02118, 0.02763, 0.03633, 0.04857], Train Rec Loss=[0.03155], Eval Rec Loss=[0.03159], c=[0.50000], F=[0.82530, 0.86439, 0.90328, 0.93885], F_fuse=[0.01353, 0.01098, 0.00909, 0.00625]
[ INFO : 2026-08-08 17:07:14,871 ] - Epoch 92: train==[138.19373 = 0.80088 + 1.10204 + 25.94696 + 0.01232 + 0.00000 + 0.00079 + 1225.89705]
[ INFO : 2026-08-08 17:07:23,972 ] - Test_@[5, 10, 20, 50]: Recall=[0.03251, 0.05321, 0.08754, 0.14855],  precision=[0.00683, 0.00562, 0.00462, 0.00315], hit=[0.03404, 0.05570, 0.09144, 0.15505], ndcg=[0.02117, 0.02784, 0.03653, 0.04871], Train Rec Loss=[0.03152], Eval Rec Loss=[0.03160], c=[0.50000], F=[0.82501, 0.86266, 0.90112, 0.93724], F_fuse=[0.01355, 0.01116, 0.00919, 0.00629]
[ INFO : 2026-08-08 17:10:02,272 ] - Epoch 93: train==[137.94105 = 0.80091 + 1.10203 + 25.69414 + 0.01244 + 0.00000 + 0.00079 + 1225.89705]
[ INFO : 2026-08-08 17:10:11,418 ] - Test_@[5, 10, 20, 50]: Recall=[0.03240, 0.05249, 0.08685, 0.14758],  precision=[0.00681, 0.00553, 0.00458, 0.00313], hit=[0.03384, 0.05487, 0.09077, 0.15402], ndcg=[0.02099, 0.02748, 0.03619, 0.04833], Train Rec Loss=[0.03154], Eval Rec Loss=[0.03159], c=[0.50000], F=[0.82404, 0.86357, 0.90314, 0.93894], F_fuse=[0.01351, 0.01100, 0.00912, 0.00625]
[ INFO : 2026-08-08 17:12:47,251 ] - Epoch 94: train==[137.92979 = 0.79530 + 1.10204 + 25.68845 + 0.01249 + 0.00000 + 0.00078 + 1225.89705]
[ INFO : 2026-08-08 17:12:56,363 ] - Test_@[5, 10, 20, 50]: Recall=[0.03225, 0.05187, 0.08587, 0.14715],  precision=[0.00677, 0.00547, 0.00454, 0.00313], hit=[0.03368, 0.05420, 0.08974, 0.15366], ndcg=[0.02081, 0.02715, 0.03582, 0.04809], Train Rec Loss=[0.03154], Eval Rec Loss=[0.03160], c=[0.50000], F=[0.82294, 0.86126, 0.90017, 0.93647], F_fuse=[0.01343, 0.01086, 0.00903, 0.00623]
[ INFO : 2026-08-08 17:15:28,439 ] - Epoch 95: train==[137.93639 = 0.79123 + 1.10202 + 25.69907 + 0.01254 + 0.00000 + 0.00078 + 1225.89705]
[ INFO : 2026-08-08 17:15:37,499 ] - Test_@[5, 10, 20, 50]: Recall=[0.03245, 0.05340, 0.08700, 0.14724],  precision=[0.00683, 0.00563, 0.00459, 0.00313], hit=[0.03394, 0.05580, 0.09097, 0.15392], ndcg=[0.02109, 0.02784, 0.03638, 0.04845], Train Rec Loss=[0.03152], Eval Rec Loss=[0.03160], c=[0.50000], F=[0.82465, 0.86447, 0.90290, 0.93837], F_fuse=[0.01355, 0.01118, 0.00913, 0.00624]
[ INFO : 2026-08-08 17:18:11,289 ] - Epoch 96: train==[137.86755 = 0.78794 + 1.10204 + 25.63345 + 0.01260 + 0.00000 + 0.00078 + 1225.89705]
[ INFO : 2026-08-08 17:18:20,347 ] - Test_@[5, 10, 20, 50]: Recall=[0.03271, 0.05274, 0.08669, 0.14633],  precision=[0.00689, 0.00555, 0.00457, 0.00311], hit=[0.03430, 0.05503, 0.09072, 0.15274], ndcg=[0.02108, 0.02756, 0.03621, 0.04815], Train Rec Loss=[0.03151], Eval Rec Loss=[0.03160], c=[0.50000], F=[0.82282, 0.86179, 0.90081, 0.93672], F_fuse=[0.01367, 0.01103, 0.00910, 0.00619]
[ INFO : 2026-08-08 17:20:56,085 ] - Epoch 97: train==[137.82991 = 0.78108 + 1.10203 + 25.60261 + 0.01267 + 0.00000 + 0.00077 + 1225.89705]
[ INFO : 2026-08-08 17:21:05,245 ] - Test_@[5, 10, 20, 50]: Recall=[0.03280, 0.05252, 0.08655, 0.14699],  precision=[0.00689, 0.00555, 0.00457, 0.00312], hit=[0.03425, 0.05503, 0.09061, 0.15341], ndcg=[0.02118, 0.02755, 0.03621, 0.04831], Train Rec Loss=[0.03152], Eval Rec Loss=[0.03157], c=[0.50000], F=[0.82510, 0.86396, 0.90168, 0.93721], F_fuse=[0.01367, 0.01103, 0.00910, 0.00622]
[ INFO : 2026-08-08 17:23:37,241 ] - Epoch 98: train==[137.61240 = 0.77766 + 1.10204 + 25.38844 + 0.01275 + 0.00000 + 0.00077 + 1225.89705]
[ INFO : 2026-08-08 17:23:46,294 ] - Test_@[5, 10, 20, 50]: Recall=[0.03288, 0.05299, 0.08675, 0.14619],  precision=[0.00691, 0.00559, 0.00458, 0.00311], hit=[0.03440, 0.05544, 0.09077, 0.15264], ndcg=[0.02130, 0.02776, 0.03635, 0.04825], Train Rec Loss=[0.03152], Eval Rec Loss=[0.03158], c=[0.50000], F=[0.82295, 0.86287, 0.90061, 0.93603], F_fuse=[0.01371, 0.01111, 0.00911, 0.00619]
[ INFO : 2026-08-08 17:26:12,402 ] - Epoch 99: train==[137.48142 = 0.77584 + 1.10202 + 25.25927 + 0.01277 + 0.00000 + 0.00077 + 1225.89705]
[ INFO : 2026-08-08 17:26:21,483 ] - Test_@[5, 10, 20, 50]: Recall=[0.03230, 0.05201, 0.08567, 0.14596],  precision=[0.00678, 0.00548, 0.00453, 0.00310], hit=[0.03374, 0.05436, 0.08959, 0.15253], ndcg=[0.02105, 0.02743, 0.03599, 0.04806], Train Rec Loss=[0.03149], Eval Rec Loss=[0.03156], c=[0.50000], F=[0.82258, 0.86453, 0.90288, 0.93850], F_fuse=[0.01345, 0.01090, 0.00901, 0.00618]
[ INFO : 2026-08-08 17:28:46,980 ] - Epoch 100: train==[137.43255 = 0.76621 + 1.10203 + 25.21995 + 0.01286 + 0.00000 + 0.00077 + 1225.89705]
[ INFO : 2026-08-08 17:28:56,075 ] - Test_@[5, 10, 20, 50]: Recall=[0.03280, 0.05254, 0.08606, 0.14696],  precision=[0.00687, 0.00554, 0.00455, 0.00312], hit=[0.03420, 0.05492, 0.09005, 0.15341], ndcg=[0.02117, 0.02755, 0.03609, 0.04828], Train Rec Loss=[0.03149], Eval Rec Loss=[0.03156], c=[0.50000], F=[0.82358, 0.86385, 0.90189, 0.93764], F_fuse=[0.01363, 0.01101, 0.00905, 0.00622]
[ INFO : 2026-08-08 17:31:32,646 ] - Epoch 101: train==[137.33778 = 0.77106 + 1.10202 + 25.12027 + 0.01292 + 0.00000 + 0.00077 + 1225.89705]
[ INFO : 2026-08-08 17:31:41,817 ] - Test_@[5, 10, 20, 50]: Recall=[0.03273, 0.05240, 0.08586, 0.14697],  precision=[0.00687, 0.00552, 0.00454, 0.00312], hit=[0.03420, 0.05482, 0.08989, 0.15356], ndcg=[0.02126, 0.02762, 0.03616, 0.04840], Train Rec Loss=[0.03150], Eval Rec Loss=[0.03155], c=[0.50000], F=[0.82558, 0.86427, 0.90207, 0.93673], F_fuse=[0.01363, 0.01098, 0.00903, 0.00623]
[ INFO : 2026-08-08 17:34:10,975 ] - Epoch 102: train==[137.24051 = 0.76239 + 1.10203 + 25.03160 + 0.01299 + 0.00000 + 0.00077 + 1225.89705]
[ INFO : 2026-08-08 17:34:20,106 ] - Test_@[5, 10, 20, 50]: Recall=[0.03309, 0.05300, 0.08586, 0.14617],  precision=[0.00693, 0.00558, 0.00454, 0.00311], hit=[0.03456, 0.05539, 0.08984, 0.15279], ndcg=[0.02140, 0.02783, 0.03619, 0.04828], Train Rec Loss=[0.03149], Eval Rec Loss=[0.03154], c=[0.50000], F=[0.82487, 0.86450, 0.90278, 0.93838], F_fuse=[0.01375, 0.01110, 0.00903, 0.00620]
[ INFO : 2026-08-08 17:36:49,022 ] - Epoch 103: train==[137.24368 = 0.76009 + 1.10201 + 25.03703 + 0.01305 + 0.00000 + 0.00077 + 1225.89705]
[ INFO : 2026-08-08 17:36:58,122 ] - Test_@[5, 10, 20, 50]: Recall=[0.03281, 0.05334, 0.08559, 0.14629],  precision=[0.00689, 0.00562, 0.00452, 0.00311], hit=[0.03430, 0.05580, 0.08959, 0.15284], ndcg=[0.02132, 0.02793, 0.03614, 0.04831], Train Rec Loss=[0.03148], Eval Rec Loss=[0.03156], c=[0.50000], F=[0.82363, 0.86513, 0.90250, 0.93752], F_fuse=[0.01367, 0.01117, 0.00900, 0.00620]
[ INFO : 2026-08-08 17:39:32,465 ] - Epoch 104: train==[137.28311 = 0.75393 + 1.10203 + 25.08254 + 0.01311 + 0.00000 + 0.00076 + 1225.89705]
[ INFO : 2026-08-08 17:39:41,544 ] - Test_@[5, 10, 20, 50]: Recall=[0.03275, 0.05308, 0.08595, 0.14586],  precision=[0.00689, 0.00559, 0.00454, 0.00310], hit=[0.03430, 0.05544, 0.08995, 0.15238], ndcg=[0.02124, 0.02781, 0.03618, 0.04818], Train Rec Loss=[0.03148], Eval Rec Loss=[0.03153], c=[0.50000], F=[0.82218, 0.86435, 0.90221, 0.93756], F_fuse=[0.01367, 0.01111, 0.00904, 0.00618]
[ INFO : 2026-08-08 17:42:17,227 ] - Epoch 105: train==[137.17579 = 0.75014 + 1.10202 + 24.97901 + 0.01312 + 0.00000 + 0.00076 + 1225.89705]
[ INFO : 2026-08-08 17:42:26,362 ] - Test_@[5, 10, 20, 50]: Recall=[0.03319, 0.05328, 0.08593, 0.14508],  precision=[0.00697, 0.00562, 0.00454, 0.00309], hit=[0.03471, 0.05570, 0.08989, 0.15166], ndcg=[0.02146, 0.02794, 0.03622, 0.04808], Train Rec Loss=[0.03148], Eval Rec Loss=[0.03155], c=[0.50000], F=[0.82493, 0.86594, 0.90336, 0.93834], F_fuse=[0.01383, 0.01116, 0.00903, 0.00615]
[ INFO : 2026-08-08 17:45:13,387 ] - Epoch 106: train==[137.16792 = 0.74987 + 1.10201 + 24.97133 + 0.01321 + 0.00000 + 0.00076 + 1225.89705]
[ INFO : 2026-08-08 17:45:22,486 ] - Test_@[5, 10, 20, 50]: Recall=[0.03361, 0.05342, 0.08577, 0.14696],  precision=[0.00707, 0.00562, 0.00453, 0.00312], hit=[0.03518, 0.05570, 0.08964, 0.15356], ndcg=[0.02165, 0.02804, 0.03627, 0.04854], Train Rec Loss=[0.03148], Eval Rec Loss=[0.03157], c=[0.50000], F=[0.82331, 0.86473, 0.90344, 0.93846], F_fuse=[0.01401, 0.01116, 0.00901, 0.00623]
[ INFO : 2026-08-08 17:47:56,515 ] - Epoch 107: train==[136.93324 = 0.74303 + 1.10201 + 24.74342 + 0.01328 + 0.00000 + 0.00076 + 1225.89705]
[ INFO : 2026-08-08 17:48:05,587 ] - Test_@[5, 10, 20, 50]: Recall=[0.03295, 0.05344, 0.08624, 0.14602],  precision=[0.00693, 0.00562, 0.00456, 0.00310], hit=[0.03446, 0.05580, 0.09036, 0.15248], ndcg=[0.02129, 0.02787, 0.03621, 0.04818], Train Rec Loss=[0.03147], Eval Rec Loss=[0.03151], c=[0.50000], F=[0.82372, 0.86462, 0.90195, 0.93762], F_fuse=[0.01375, 0.01117, 0.00908, 0.00618]
[ INFO : 2026-08-08 17:50:39,393 ] - Epoch 108: train==[136.81415 = 0.74063 + 1.10200 + 24.62668 + 0.01334 + 0.00000 + 0.00076 + 1225.89705]
[ INFO : 2026-08-08 17:50:48,491 ] - Test_@[5, 10, 20, 50]: Recall=[0.03313, 0.05253, 0.08547, 0.14453],  precision=[0.00698, 0.00554, 0.00452, 0.00307], hit=[0.03471, 0.05498, 0.08953, 0.15094], ndcg=[0.02144, 0.02770, 0.03610, 0.04791], Train Rec Loss=[0.03149], Eval Rec Loss=[0.03156], c=[0.50000], F=[0.82393, 0.86531, 0.90376, 0.93920], F_fuse=[0.01385, 0.01102, 0.00900, 0.00612]
[ INFO : 2026-08-08 17:53:22,689 ] - Epoch 109: train==[136.80522 = 0.74054 + 1.10202 + 24.61774 + 0.01343 + 0.00000 + 0.00075 + 1225.89705]
[ INFO : 2026-08-08 17:53:31,735 ] - Test_@[5, 10, 20, 50]: Recall=[0.03320, 0.05388, 0.08709, 0.14583],  precision=[0.00696, 0.00566, 0.00459, 0.00310], hit=[0.03471, 0.05626, 0.09097, 0.15228], ndcg=[0.02188, 0.02859, 0.03701, 0.04877], Train Rec Loss=[0.03147], Eval Rec Loss=[0.03152], c=[0.50000], F=[0.82767, 0.86580, 0.90369, 0.93792], F_fuse=[0.01381, 0.01125, 0.00914, 0.00617]
[ INFO : 2026-08-08 17:55:58,850 ] - Epoch 110: train==[136.80077 = 0.73205 + 1.10200 + 24.62180 + 0.01342 + 0.00000 + 0.00075 + 1225.89705]
[ INFO : 2026-08-08 17:56:07,978 ] - Test_@[5, 10, 20, 50]: Recall=[0.03260, 0.05300, 0.08570, 0.14511],  precision=[0.00685, 0.00557, 0.00453, 0.00309], hit=[0.03415, 0.05534, 0.08979, 0.15171], ndcg=[0.02117, 0.02776, 0.03610, 0.04801], Train Rec Loss=[0.03147], Eval Rec Loss=[0.03154], c=[0.50000], F=[0.82483, 0.86604, 0.90373, 0.93877], F_fuse=[0.01359, 0.01108, 0.00902, 0.00615]
[ INFO : 2026-08-08 17:58:34,004 ] - Epoch 111: train==[136.74268 = 0.72990 + 1.10201 + 24.56575 + 0.01354 + 0.00000 + 0.00075 + 1225.89705]
[ INFO : 2026-08-08 17:58:43,095 ] - Test_@[5, 10, 20, 50]: Recall=[0.03282, 0.05288, 0.08618, 0.14686],  precision=[0.00688, 0.00556, 0.00456, 0.00312], hit=[0.03435, 0.05523, 0.09025, 0.15346], ndcg=[0.02131, 0.02781, 0.03629, 0.04842], Train Rec Loss=[0.03147], Eval Rec Loss=[0.03150], c=[0.50000], F=[0.82551, 0.86570, 0.90412, 0.93909], F_fuse=[0.01365, 0.01106, 0.00907, 0.00622]
[ INFO : 2026-08-08 18:01:19,257 ] - Epoch 112: train==[136.67125 = 0.72576 + 1.10200 + 24.49841 + 0.01359 + 0.00000 + 0.00075 + 1225.89705]
[ INFO : 2026-08-08 18:01:28,425 ] - Test_@[5, 10, 20, 50]: Recall=[0.03277, 0.05337, 0.08512, 0.14565],  precision=[0.00689, 0.00561, 0.00450, 0.00310], hit=[0.03435, 0.05570, 0.08917, 0.15212], ndcg=[0.02123, 0.02791, 0.03600, 0.04816], Train Rec Loss=[0.03146], Eval Rec Loss=[0.03151], c=[0.50000], F=[0.82429, 0.86506, 0.90251, 0.93757], F_fuse=[0.01367, 0.01115, 0.00896, 0.00617]
[ INFO : 2026-08-08 18:03:53,808 ] - Epoch 113: train==[136.46268 = 0.72299 + 1.10200 + 24.29254 + 0.01366 + 0.00000 + 0.00075 + 1225.89705]
[ INFO : 2026-08-08 18:04:02,935 ] - Test_@[5, 10, 20, 50]: Recall=[0.03293, 0.05269, 0.08511, 0.14489],  precision=[0.00691, 0.00555, 0.00451, 0.00308], hit=[0.03446, 0.05508, 0.08923, 0.15130], ndcg=[0.02116, 0.02758, 0.03584, 0.04780], Train Rec Loss=[0.03145], Eval Rec Loss=[0.03154], c=[0.50000], F=[0.82520, 0.86631, 0.90329, 0.93839], F_fuse=[0.01371, 0.01103, 0.00897, 0.00613]
[ INFO : 2026-08-08 18:06:26,879 ] - Epoch 114: train==[136.60206 = 0.72153 + 1.10199 + 24.43332 + 0.01373 + 0.00000 + 0.00075 + 1225.89705]
[ INFO : 2026-08-08 18:06:35,903 ] - Test_@[5, 10, 20, 50]: Recall=[0.03320, 0.05388, 0.08541, 0.14427],  precision=[0.00694, 0.00567, 0.00451, 0.00306], hit=[0.03461, 0.05631, 0.08933, 0.15068], ndcg=[0.02155, 0.02825, 0.03625, 0.04803], Train Rec Loss=[0.03144], Eval Rec Loss=[0.03150], c=[0.50000], F=[0.82496, 0.86575, 0.90430, 0.93956], F_fuse=[0.01377, 0.01127, 0.00897, 0.00611]
[ INFO : 2026-08-08 18:09:01,482 ] - Epoch 115: train==[136.47688 = 0.71492 + 1.10199 + 24.31477 + 0.01372 + 0.00000 + 0.00075 + 1225.89705]
[ INFO : 2026-08-08 18:09:10,568 ] - Test_@[5, 10, 20, 50]: Recall=[0.03301, 0.05319, 0.08541, 0.14506],  precision=[0.00693, 0.00560, 0.00452, 0.00308], hit=[0.03456, 0.05554, 0.08948, 0.15140], ndcg=[0.02131, 0.02787, 0.03605, 0.04801], Train Rec Loss=[0.03144], Eval Rec Loss=[0.03151], c=[0.50000], F=[0.82462, 0.86497, 0.90266, 0.93823], F_fuse=[0.01375, 0.01113, 0.00899, 0.00614]
[ INFO : 2026-08-08 18:11:38,487 ] - Epoch 116: train==[136.38864 = 0.71651 + 1.10199 + 24.22482 + 0.01383 + 0.00000 + 0.00075 + 1225.89705]
[ INFO : 2026-08-08 18:11:47,587 ] - Test_@[5, 10, 20, 50]: Recall=[0.03370, 0.05283, 0.08542, 0.14349],  precision=[0.00706, 0.00556, 0.00451, 0.00305], hit=[0.03512, 0.05523, 0.08928, 0.14981], ndcg=[0.02180, 0.02802, 0.03631, 0.04793], Train Rec Loss=[0.03144], Eval Rec Loss=[0.03152], c=[0.50000], F=[0.82390, 0.86658, 0.90452, 0.93943], F_fuse=[0.01399, 0.01106, 0.00897, 0.00607]
[ INFO : 2026-08-08 18:14:11,708 ] - Epoch 117: train==[136.36452 = 0.70925 + 1.10199 + 24.20794 + 0.01386 + 0.00000 + 0.00074 + 1225.89705]
[ INFO : 2026-08-08 18:14:20,786 ] - Test_@[5, 10, 20, 50]: Recall=[0.03325, 0.05442, 0.08684, 0.14400],  precision=[0.00697, 0.00573, 0.00458, 0.00306], hit=[0.03471, 0.05688, 0.09077, 0.15042], ndcg=[0.02170, 0.02857, 0.03679, 0.04826], Train Rec Loss=[0.03144], Eval Rec Loss=[0.03148], c=[0.50000], F=[0.82760, 0.86619, 0.90388, 0.93844], F_fuse=[0.01383, 0.01138, 0.00911, 0.00610]
[ INFO : 2026-08-08 18:16:44,981 ] - Epoch 118: train==[136.14400 = 0.70683 + 1.10199 + 23.98972 + 0.01397 + 0.00000 + 0.00074 + 1225.89705]
[ INFO : 2026-08-08 18:16:53,977 ] - Test_@[5, 10, 20, 50]: Recall=[0.03244, 0.05215, 0.08470, 0.14275],  precision=[0.00682, 0.00551, 0.00448, 0.00303], hit=[0.03394, 0.05462, 0.08871, 0.14904], ndcg=[0.02104, 0.02745, 0.03575, 0.04737], Train Rec Loss=[0.03142], Eval Rec Loss=[0.03147], c=[0.50000], F=[0.82200, 0.86574, 0.90348, 0.93890], F_fuse=[0.01353, 0.01095, 0.00891, 0.00604]
[ INFO : 2026-08-08 18:19:17,315 ] - Epoch 119: train==[136.26400 = 0.70600 + 1.10199 + 24.11049 + 0.01405 + 0.00000 + 0.00074 + 1225.89705]
[ INFO : 2026-08-08 18:19:26,323 ] - Test_@[5, 10, 20, 50]: Recall=[0.03357, 0.05300, 0.08621, 0.14356],  precision=[0.00700, 0.00558, 0.00455, 0.00305], hit=[0.03492, 0.05544, 0.09015, 0.14996], ndcg=[0.02189, 0.02822, 0.03667, 0.04815], Train Rec Loss=[0.03143], Eval Rec Loss=[0.03148], c=[0.50000], F=[0.82686, 0.86723, 0.90463, 0.93854], F_fuse=[0.01389, 0.01109, 0.00905, 0.00608]
[ INFO : 2026-08-08 18:21:50,467 ] - Epoch 120: train==[136.13317 = 0.69930 + 1.10199 + 23.98627 + 0.01413 + 0.00000 + 0.00074 + 1225.89705]
[ INFO : 2026-08-08 18:21:59,521 ] - Test_@[5, 10, 20, 50]: Recall=[0.03356, 0.05376, 0.08647, 0.14474],  precision=[0.00702, 0.00566, 0.00457, 0.00308], hit=[0.03502, 0.05616, 0.09051, 0.15120], ndcg=[0.02203, 0.02860, 0.03694, 0.04861], Train Rec Loss=[0.03143], Eval Rec Loss=[0.03151], c=[0.50000], F=[0.82692, 0.86664, 0.90375, 0.93808], F_fuse=[0.01393, 0.01124, 0.00910, 0.00613]
[ INFO : 2026-08-08 18:24:22,884 ] - Epoch 121: train==[136.07160 = 0.70056 + 1.10198 + 23.92343 + 0.01415 + 0.00000 + 0.00074 + 1225.89705]
[ INFO : 2026-08-08 18:24:31,945 ] - Test_@[5, 10, 20, 50]: Recall=[0.03335, 0.05362, 0.08578, 0.14475],  precision=[0.00696, 0.00565, 0.00454, 0.00308], hit=[0.03476, 0.05611, 0.08984, 0.15120], ndcg=[0.02192, 0.02852, 0.03671, 0.04854], Train Rec Loss=[0.03141], Eval Rec Loss=[0.03146], c=[0.50000], F=[0.82688, 0.86690, 0.90405, 0.93836], F_fuse=[0.01381, 0.01123, 0.00903, 0.00613]
[ INFO : 2026-08-08 18:26:56,056 ] - Epoch 122: train==[136.01413 = 0.69793 + 1.10198 + 23.86852 + 0.01423 + 0.00000 + 0.00074 + 1225.89705]
[ INFO : 2026-08-08 18:27:05,097 ] - Test_@[5, 10, 20, 50]: Recall=[0.03343, 0.05321, 0.08631, 0.14275],  precision=[0.00699, 0.00560, 0.00456, 0.00303], hit=[0.03487, 0.05559, 0.09025, 0.14898], ndcg=[0.02189, 0.02830, 0.03672, 0.04801], Train Rec Loss=[0.03143], Eval Rec Loss=[0.03150], c=[0.50000], F=[0.82400, 0.86743, 0.90429, 0.93882], F_fuse=[0.01387, 0.01112, 0.00907, 0.00604]
[ INFO : 2026-08-08 18:29:29,535 ] - Epoch 123: train==[136.08353 = 0.68955 + 1.10198 + 23.94626 + 0.01427 + 0.00000 + 0.00074 + 1225.89705]
[ INFO : 2026-08-08 18:29:38,644 ] - Test_@[5, 10, 20, 50]: Recall=[0.03374, 0.05303, 0.08543, 0.14392],  precision=[0.00707, 0.00558, 0.00451, 0.00306], hit=[0.03523, 0.05539, 0.08938, 0.15027], ndcg=[0.02193, 0.02818, 0.03642, 0.04814], Train Rec Loss=[0.03142], Eval Rec Loss=[0.03150], c=[0.50000], F=[0.82425, 0.86595, 0.90442, 0.93951], F_fuse=[0.01401, 0.01110, 0.00898, 0.00610]
[ INFO : 2026-08-08 18:32:02,874 ] - Epoch 124: train==[136.05630 = 0.68855 + 1.10198 + 23.92002 + 0.01428 + 0.00000 + 0.00074 + 1225.89705]
[ INFO : 2026-08-08 18:32:11,878 ] - Test_@[5, 10, 20, 50]: Recall=[0.03292, 0.05333, 0.08581, 0.14462],  precision=[0.00691, 0.00561, 0.00454, 0.00308], hit=[0.03446, 0.05564, 0.08984, 0.15114], ndcg=[0.02142, 0.02803, 0.03631, 0.04810], Train Rec Loss=[0.03140], Eval Rec Loss=[0.03148], c=[0.50000], F=[0.82478, 0.86603, 0.90348, 0.93910], F_fuse=[0.01371, 0.01114, 0.00903, 0.00613]
[ INFO : 2026-08-08 18:34:35,672 ] - Epoch 125: train==[135.91946 = 0.68802 + 1.10197 + 23.78365 + 0.01434 + 0.00000 + 0.00074 + 1225.89705]
[ INFO : 2026-08-08 18:34:44,725 ] - Test_@[5, 10, 20, 50]: Recall=[0.03391, 0.05246, 0.08322, 0.14131],  precision=[0.00710, 0.00552, 0.00438, 0.00300], hit=[0.03533, 0.05477, 0.08696, 0.14760], ndcg=[0.02207, 0.02807, 0.03593, 0.04756], Train Rec Loss=[0.03142], Eval Rec Loss=[0.03147], c=[0.50000], F=[0.82465, 0.86766, 0.90490, 0.93972], F_fuse=[0.01407, 0.01097, 0.00873, 0.00598]
[ INFO : 2026-08-08 18:37:08,725 ] - Epoch 126: train==[135.82059 = 0.68261 + 1.10197 + 23.69008 + 0.01445 + 0.00000 + 0.00073 + 1225.89705]
[ INFO : 2026-08-08 18:37:17,777 ] - Test_@[5, 10, 20, 50]: Recall=[0.03388, 0.05313, 0.08582, 0.14447],  precision=[0.00711, 0.00560, 0.00454, 0.00307], hit=[0.03538, 0.05554, 0.09000, 0.15089], ndcg=[0.02208, 0.02834, 0.03666, 0.04842], Train Rec Loss=[0.03141], Eval Rec Loss=[0.03148], c=[0.50000], F=[0.82391, 0.86509, 0.90287, 0.93819], F_fuse=[0.01409, 0.01112, 0.00904, 0.00612]
[ INFO : 2026-08-08 18:39:42,049 ] - Epoch 127: train==[135.90240 = 0.67913 + 1.10197 + 23.77538 + 0.01446 + 0.00000 + 0.00073 + 1225.89705]
[ INFO : 2026-08-08 18:39:51,130 ] - Test_@[5, 10, 20, 50]: Recall=[0.03328, 0.05258, 0.08443, 0.14352],  precision=[0.00698, 0.00554, 0.00446, 0.00305], hit=[0.03476, 0.05498, 0.08840, 0.14991], ndcg=[0.02159, 0.02786, 0.03599, 0.04783], Train Rec Loss=[0.03141], Eval Rec Loss=[0.03147], c=[0.50000], F=[0.82256, 0.86578, 0.90351, 0.93866], F_fuse=[0.01385, 0.01101, 0.00888, 0.00608]
[ INFO : 2026-08-08 18:42:15,359 ] - Epoch 128: train==[135.82171 = 0.67453 + 1.10197 + 23.69922 + 0.01453 + 0.00000 + 0.00073 + 1225.89705]
[ INFO : 2026-08-08 18:42:24,425 ] - Test_@[5, 10, 20, 50]: Recall=[0.03326, 0.05323, 0.08580, 0.14307],  precision=[0.00697, 0.00560, 0.00453, 0.00304], hit=[0.03482, 0.05564, 0.08974, 0.14945], ndcg=[0.02167, 0.02814, 0.03644, 0.04790], Train Rec Loss=[0.03140], Eval Rec Loss=[0.03148], c=[0.50000], F=[0.82352, 0.86655, 0.90331, 0.93871], F_fuse=[0.01383, 0.01113, 0.00902, 0.00606]
[ INFO : 2026-08-08 18:44:48,286 ] - Epoch 129: train==[135.87257 = 0.67804 + 1.10196 + 23.74649 + 0.01460 + 0.00000 + 0.00073 + 1225.89705]
[ INFO : 2026-08-08 18:44:57,334 ] - Test_@[5, 10, 20, 50]: Recall=[0.03362, 0.05278, 0.08494, 0.14139],  precision=[0.00702, 0.00554, 0.00448, 0.00301], hit=[0.03507, 0.05508, 0.08881, 0.14780], ndcg=[0.02186, 0.02807, 0.03627, 0.04758], Train Rec Loss=[0.03138], Eval Rec Loss=[0.03146], c=[0.50000], F=[0.82361, 0.86674, 0.90430, 0.93997], F_fuse=[0.01393, 0.01102, 0.00892, 0.00599]
[ INFO : 2026-08-08 18:47:21,176 ] - Epoch 130: train==[135.77407 = 0.66948 + 1.10195 + 23.65650 + 0.01467 + 0.00000 + 0.00073 + 1225.89705]
[ INFO : 2026-08-08 18:47:30,194 ] - Test_@[5, 10, 20, 50]: Recall=[0.03331, 0.05401, 0.08549, 0.14279],  precision=[0.00697, 0.00568, 0.00452, 0.00304], hit=[0.03476, 0.05636, 0.08943, 0.14914], ndcg=[0.02202, 0.02874, 0.03678, 0.04828], Train Rec Loss=[0.03141], Eval Rec Loss=[0.03144], c=[0.50000], F=[0.82637, 0.86697, 0.90408, 0.93900], F_fuse=[0.01383, 0.01128, 0.00899, 0.00605]
[ INFO : 2026-08-08 18:49:57,174 ] - Epoch 131: train==[135.66826 = 0.67023 + 1.10197 + 23.54985 + 0.01475 + 0.00000 + 0.00072 + 1225.89705]
[ INFO : 2026-08-08 18:50:06,257 ] - Test_@[5, 10, 20, 50]: Recall=[0.03336, 0.05366, 0.08634, 0.14420],  precision=[0.00697, 0.00563, 0.00456, 0.00306], hit=[0.03482, 0.05595, 0.09036, 0.15063], ndcg=[0.02214, 0.02872, 0.03705, 0.04864], Train Rec Loss=[0.03140], Eval Rec Loss=[0.03144], c=[0.50000], F=[0.82678, 0.86650, 0.90370, 0.93944], F_fuse=[0.01383, 0.01119, 0.00908, 0.00610]
[ INFO : 2026-08-08 18:52:32,780 ] - Epoch 132: train==[135.67744 = 0.66584 + 1.10196 + 23.56342 + 0.01476 + 0.00000 + 0.00072 + 1225.89705]
[ INFO : 2026-08-08 18:52:41,854 ] - Test_@[5, 10, 20, 50]: Recall=[0.03359, 0.05350, 0.08449, 0.14184],  precision=[0.00701, 0.00563, 0.00446, 0.00302], hit=[0.03502, 0.05590, 0.08830, 0.14821], ndcg=[0.02205, 0.02852, 0.03645, 0.04795], Train Rec Loss=[0.03139], Eval Rec Loss=[0.03146], c=[0.50000], F=[0.82443, 0.86700, 0.90512, 0.94097], F_fuse=[0.01391, 0.01119, 0.00888, 0.00601]
[ INFO : 2026-08-08 18:55:09,559 ] - Epoch 133: train==[135.58792 = 0.66332 + 1.10196 + 23.47630 + 0.01487 + 0.00000 + 0.00073 + 1225.89705]
[ INFO : 2026-08-08 18:55:18,696 ] - Test_@[5, 10, 20, 50]: Recall=[0.03336, 0.05278, 0.08466, 0.14187],  precision=[0.00697, 0.00555, 0.00447, 0.00301], hit=[0.03482, 0.05508, 0.08856, 0.14806], ndcg=[0.02169, 0.02802, 0.03618, 0.04766], Train Rec Loss=[0.03139], Eval Rec Loss=[0.03145], c=[0.50000], F=[0.82475, 0.86686, 0.90391, 0.93963], F_fuse=[0.01383, 0.01103, 0.00889, 0.00601]
[ INFO : 2026-08-08 18:57:45,465 ] - Epoch 134: train==[135.52859 = 0.66671 + 1.10194 + 23.41353 + 0.01494 + 0.00000 + 0.00072 + 1225.89705]
[ INFO : 2026-08-08 18:57:54,630 ] - Test_@[5, 10, 20, 50]: Recall=[0.03359, 0.05219, 0.08438, 0.14123],  precision=[0.00706, 0.00550, 0.00446, 0.00300], hit=[0.03518, 0.05451, 0.08835, 0.14739], ndcg=[0.02177, 0.02780, 0.03601, 0.04742], Train Rec Loss=[0.03139], Eval Rec Loss=[0.03145], c=[0.50000], F=[0.82407, 0.86664, 0.90356, 0.93920], F_fuse=[0.01399, 0.01094, 0.00887, 0.00598]
[ INFO : 2026-08-08 19:00:23,417 ] - Epoch 135: train==[135.57744 = 0.65645 + 1.10195 + 23.47260 + 0.01497 + 0.00000 + 0.00072 + 1225.89705]
[ INFO : 2026-08-08 19:00:32,578 ] - Test_@[5, 10, 20, 50]: Recall=[0.03370, 0.05452, 0.08644, 0.14368],  precision=[0.00706, 0.00573, 0.00456, 0.00305], hit=[0.03518, 0.05698, 0.09041, 0.15006], ndcg=[0.02211, 0.02885, 0.03698, 0.04846], Train Rec Loss=[0.03139], Eval Rec Loss=[0.03145], c=[0.50000], F=[0.82579, 0.86741, 0.90396, 0.93940], F_fuse=[0.01399, 0.01139, 0.00907, 0.00609]
[ INFO : 2026-08-08 19:03:00,348 ] - Epoch 136: train==[135.52641 = 0.65399 + 1.10194 + 23.42397 + 0.01504 + 0.00000 + 0.00073 + 1225.89705]
[ INFO : 2026-08-08 19:03:09,499 ] - Test_@[5, 10, 20, 50]: Recall=[0.03310, 0.05255, 0.08453, 0.13930],  precision=[0.00692, 0.00551, 0.00445, 0.00296], hit=[0.03451, 0.05477, 0.08830, 0.14554], ndcg=[0.02172, 0.02805, 0.03621, 0.04722], Train Rec Loss=[0.03138], Eval Rec Loss=[0.03145], c=[0.50000], F=[0.82493, 0.86725, 0.90436, 0.93969], F_fuse=[0.01373, 0.01096, 0.00886, 0.00591]
[ INFO : 2026-08-08 19:05:37,504 ] - Epoch 137: train==[135.53295 = 0.65337 + 1.10195 + 23.43117 + 0.01500 + 0.00000 + 0.00072 + 1225.89705]
[ INFO : 2026-08-08 19:05:46,653 ] - Test_@[5, 10, 20, 50]: Recall=[0.03339, 0.05407, 0.08634, 0.14168],  precision=[0.00697, 0.00569, 0.00455, 0.00301], hit=[0.03476, 0.05642, 0.09031, 0.14790], ndcg=[0.02205, 0.02878, 0.03699, 0.04808], Train Rec Loss=[0.03138], Eval Rec Loss=[0.03143], c=[0.50000], F=[0.82643, 0.86779, 0.90491, 0.93960], F_fuse=[0.01383, 0.01130, 0.00906, 0.00600]
[ INFO : 2026-08-08 19:08:14,219 ] - Epoch 138: train==[135.47482 = 0.65062 + 1.10193 + 23.37570 + 0.01511 + 0.00000 + 0.00072 + 1225.89705]
[ INFO : 2026-08-08 19:08:23,425 ] - Test_@[5, 10, 20, 50]: Recall=[0.03356, 0.05378, 0.08500, 0.14259],  precision=[0.00704, 0.00565, 0.00448, 0.00303], hit=[0.03512, 0.05616, 0.08887, 0.14898], ndcg=[0.02207, 0.02860, 0.03654, 0.04810], Train Rec Loss=[0.03138], Eval Rec Loss=[0.03145], c=[0.50000], F=[0.82476, 0.86635, 0.90366, 0.93960], F_fuse=[0.01395, 0.01123, 0.00891, 0.00604]
[ INFO : 2026-08-08 19:10:52,330 ] - Epoch 139: train==[135.32528 = 0.64738 + 1.10196 + 23.22926 + 0.01523 + 0.00000 + 0.00072 + 1225.89705]
[ INFO : 2026-08-08 19:11:01,475 ] - Test_@[5, 10, 20, 50]: Recall=[0.03382, 0.05380, 0.08535, 0.14225],  precision=[0.00707, 0.00567, 0.00450, 0.00302], hit=[0.03523, 0.05626, 0.08917, 0.14852], ndcg=[0.02210, 0.02861, 0.03665, 0.04806], Train Rec Loss=[0.03138], Eval Rec Loss=[0.03144], c=[0.50000], F=[0.82589, 0.86770, 0.90376, 0.93900], F_fuse=[0.01401, 0.01126, 0.00895, 0.00602]
[ INFO : 2026-08-08 19:13:29,452 ] - Epoch 140: train==[135.32125 = 0.64565 + 1.10193 + 23.22696 + 0.01525 + 0.00000 + 0.00072 + 1225.89705]
[ INFO : 2026-08-08 19:13:38,584 ] - Test_@[5, 10, 20, 50]: Recall=[0.03390, 0.05284, 0.08423, 0.14191],  precision=[0.00709, 0.00556, 0.00444, 0.00301], hit=[0.03538, 0.05523, 0.08809, 0.14806], ndcg=[0.02189, 0.02806, 0.03606, 0.04762], Train Rec Loss=[0.03137], Eval Rec Loss=[0.03146], c=[0.50000], F=[0.82353, 0.86623, 0.90285, 0.93827], F_fuse=[0.01405, 0.01106, 0.00884, 0.00601]
[ INFO : 2026-08-08 19:16:06,794 ] - Epoch 141: train==[135.40105 = 0.64241 + 1.10194 + 23.31004 + 0.01522 + 0.00000 + 0.00072 + 1225.89705]
[ INFO : 2026-08-08 19:16:15,971 ] - Test_@[5, 10, 20, 50]: Recall=[0.03320, 0.05278, 0.08491, 0.13902],  precision=[0.00692, 0.00555, 0.00448, 0.00296], hit=[0.03456, 0.05513, 0.08876, 0.14544], ndcg=[0.02165, 0.02804, 0.03623, 0.04709], Train Rec Loss=[0.03139], Eval Rec Loss=[0.03143], c=[0.50000], F=[0.82483, 0.86770, 0.90517, 0.94060], F_fuse=[0.01373, 0.01104, 0.00891, 0.00589]
[ INFO : 2026-08-08 19:18:44,160 ] - Epoch 142: train==[135.28230 = 0.64205 + 1.10192 + 23.19154 + 0.01533 + 0.00000 + 0.00071 + 1225.89705]
[ INFO : 2026-08-08 19:18:53,238 ] - Test_@[5, 10, 20, 50]: Recall=[0.03433, 0.05331, 0.08469, 0.14081],  precision=[0.00717, 0.00561, 0.00446, 0.00299], hit=[0.03579, 0.05564, 0.08851, 0.14724], ndcg=[0.02236, 0.02851, 0.03650, 0.04777], Train Rec Loss=[0.03138], Eval Rec Loss=[0.03144], c=[0.50000], F=[0.82375, 0.86655, 0.90376, 0.93950], F_fuse=[0.01421, 0.01115, 0.00888, 0.00597]
[ INFO : 2026-08-08 19:21:24,329 ] - Epoch 143: train==[135.31022 = 0.63985 + 1.10192 + 23.22160 + 0.01540 + 0.00000 + 0.00071 + 1225.89705]
[ INFO : 2026-08-08 19:21:33,501 ] - Test_@[5, 10, 20, 50]: Recall=[0.03344, 0.05337, 0.08529, 0.14287],  precision=[0.00700, 0.00562, 0.00450, 0.00304], hit=[0.03497, 0.05580, 0.08917, 0.14904], ndcg=[0.02182, 0.02830, 0.03641, 0.04797], Train Rec Loss=[0.03135], Eval Rec Loss=[0.03145], c=[0.50000], F=[0.82472, 0.86619, 0.90220, 0.93770], F_fuse=[0.01389, 0.01117, 0.00895, 0.00605]
[ INFO : 2026-08-08 19:24:01,088 ] - Epoch 144: train==[135.17228 = 0.63312 + 1.10192 + 23.09031 + 0.01548 + 0.00000 + 0.00071 + 1225.89705]
[ INFO : 2026-08-08 19:24:10,227 ] - Test_@[5, 10, 20, 50]: Recall=[0.03337, 0.05289, 0.08543, 0.13998],  precision=[0.00698, 0.00556, 0.00450, 0.00298], hit=[0.03487, 0.05528, 0.08923, 0.14631], ndcg=[0.02180, 0.02815, 0.03641, 0.04735], Train Rec Loss=[0.03136], Eval Rec Loss=[0.03144], c=[0.50000], F=[0.82508, 0.86799, 0.90474, 0.94022], F_fuse=[0.01385, 0.01106, 0.00896, 0.00593]
[ INFO : 2026-08-08 19:26:38,276 ] - Epoch 145: train==[135.22085 = 0.63339 + 1.10191 + 23.13857 + 0.01553 + 0.00000 + 0.00071 + 1225.89705]
[ INFO : 2026-08-08 19:26:47,403 ] - Test_@[5, 10, 20, 50]: Recall=[0.03318, 0.05234, 0.08373, 0.13952],  precision=[0.00694, 0.00552, 0.00442, 0.00296], hit=[0.03466, 0.05477, 0.08763, 0.14564], ndcg=[0.02170, 0.02795, 0.03595, 0.04714], Train Rec Loss=[0.03137], Eval Rec Loss=[0.03143], c=[0.50000], F=[0.82313, 0.86706, 0.90339, 0.93953], F_fuse=[0.01377, 0.01098, 0.00879, 0.00591]
[ INFO : 2026-08-08 19:29:15,219 ] - Epoch 146: train==[135.21835 = 0.63221 + 1.10192 + 23.13714 + 0.01563 + 0.00000 + 0.00071 + 1225.89705]
[ INFO : 2026-08-08 19:29:24,312 ] - Test_@[5, 10, 20, 50]: Recall=[0.03433, 0.05327, 0.08481, 0.14006],  precision=[0.00718, 0.00561, 0.00447, 0.00298], hit=[0.03584, 0.05564, 0.08861, 0.14626], ndcg=[0.02208, 0.02823, 0.03625, 0.04734], Train Rec Loss=[0.03137], Eval Rec Loss=[0.03142], c=[0.50000], F=[0.82493, 0.86729, 0.90417, 0.93964], F_fuse=[0.01423, 0.01114, 0.00889, 0.00593]
[ INFO : 2026-08-08 19:31:52,623 ] - Epoch 147: train==[135.19670 = 0.62740 + 1.10191 + 23.12031 + 0.01563 + 0.00000 + 0.00071 + 1225.89705]
[ INFO : 2026-08-08 19:32:01,693 ] - Test_@[5, 10, 20, 50]: Recall=[0.03370, 0.05329, 0.08526, 0.14137],  precision=[0.00707, 0.00562, 0.00449, 0.00300], hit=[0.03528, 0.05585, 0.08902, 0.14754], ndcg=[0.02185, 0.02824, 0.03634, 0.04758], Train Rec Loss=[0.03137], Eval Rec Loss=[0.03143], c=[0.50000], F=[0.82400, 0.86681, 0.90349, 0.93841], F_fuse=[0.01401, 0.01117, 0.00894, 0.00599]
[ INFO : 2026-08-08 19:34:28,849 ] - Epoch 148: train==[135.11099 = 0.62690 + 1.10191 + 23.03497 + 0.01576 + 0.00000 + 0.00071 + 1225.89705]
[ INFO : 2026-08-08 19:34:37,926 ] - Test_@[5, 10, 20, 50]: Recall=[0.03332, 0.05237, 0.08353, 0.13878],  precision=[0.00697, 0.00551, 0.00440, 0.00295], hit=[0.03476, 0.05472, 0.08722, 0.14502], ndcg=[0.02188, 0.02810, 0.03603, 0.04710], Train Rec Loss=[0.03134], Eval Rec Loss=[0.03142], c=[0.50000], F=[0.82436, 0.86722, 0.90321, 0.93934], F_fuse=[0.01383, 0.01096, 0.00875, 0.00589]
[ INFO : 2026-08-08 19:37:05,378 ] - Epoch 149: train==[135.11694 = 0.62309 + 1.10190 + 23.04476 + 0.01575 + 0.00000 + 0.00071 + 1225.89705]
[ INFO : 2026-08-08 19:37:14,505 ] - Test_@[5, 10, 20, 50]: Recall=[0.03338, 0.05313, 0.08422, 0.13890],  precision=[0.00698, 0.00560, 0.00444, 0.00295], hit=[0.03482, 0.05554, 0.08804, 0.14492], ndcg=[0.02187, 0.02831, 0.03621, 0.04716], Train Rec Loss=[0.03136], Eval Rec Loss=[0.03142], c=[0.50000], F=[0.82440, 0.86743, 0.90369, 0.93989], F_fuse=[0.01385, 0.01112, 0.00883, 0.00588]
[ INFO : 2026-08-08 19:39:42,085 ] - Epoch 150: train==[135.05292 = 0.61812 + 1.10189 + 22.98564 + 0.01582 + 0.00000 + 0.00071 + 1225.89705]
[ INFO : 2026-08-08 19:39:51,214 ] - Test_@[5, 10, 20, 50]: Recall=[0.03432, 0.05355, 0.08540, 0.14099],  precision=[0.00718, 0.00563, 0.00450, 0.00299], hit=[0.03584, 0.05590, 0.08917, 0.14724], ndcg=[0.02230, 0.02855, 0.03664, 0.04779], Train Rec Loss=[0.03136], Eval Rec Loss=[0.03142], c=[0.50000], F=[0.82542, 0.86641, 0.90292, 0.93867], F_fuse=[0.01423, 0.01119, 0.00896, 0.00597]
[ INFO : 2026-08-08 19:42:18,319 ] - Epoch 151: train==[135.01780 = 0.62149 + 1.10191 + 22.94703 + 0.01594 + 0.00000 + 0.00070 + 1225.89705]
[ INFO : 2026-08-08 19:42:27,389 ] - Test_@[5, 10, 20, 50]: Recall=[0.03425, 0.05315, 0.08427, 0.13981],  precision=[0.00718, 0.00559, 0.00445, 0.00297], hit=[0.03584, 0.05554, 0.08815, 0.14595], ndcg=[0.02210, 0.02823, 0.03616, 0.04729], Train Rec Loss=[0.03136], Eval Rec Loss=[0.03142], c=[0.50000], F=[0.82415, 0.86744, 0.90378, 0.93936], F_fuse=[0.01423, 0.01111, 0.00885, 0.00593]
[ INFO : 2026-08-08 19:44:53,886 ] - Epoch 152: train==[135.08987 = 0.61487 + 1.10189 + 23.02567 + 0.01600 + 0.00000 + 0.00071 + 1225.89705]
[ INFO : 2026-08-08 19:45:02,954 ] - Test_@[5, 10, 20, 50]: Recall=[0.03326, 0.05278, 0.08400, 0.13764],  precision=[0.00694, 0.00555, 0.00442, 0.00293], hit=[0.03461, 0.05518, 0.08779, 0.14374], ndcg=[0.02190, 0.02825, 0.03617, 0.04692], Train Rec Loss=[0.03135], Eval Rec Loss=[0.03141], c=[0.50000], F=[0.82339, 0.86775, 0.90459, 0.94062], F_fuse=[0.01377, 0.01104, 0.00880, 0.00583]
[ INFO : 2026-08-08 19:47:31,271 ] - Epoch 153: train==[134.87947 = 0.61708 + 1.10189 + 22.81305 + 0.01600 + 0.00000 + 0.00070 + 1225.89705]
[ INFO : 2026-08-08 19:47:40,339 ] - Test_@[5, 10, 20, 50]: Recall=[0.03377, 0.05317, 0.08512, 0.14002],  precision=[0.00706, 0.00560, 0.00448, 0.00298], hit=[0.03523, 0.05559, 0.08887, 0.14616], ndcg=[0.02202, 0.02833, 0.03643, 0.04743], Train Rec Loss=[0.03136], Eval Rec Loss=[0.03141], c=[0.50000], F=[0.82603, 0.86758, 0.90296, 0.93912], F_fuse=[0.01399, 0.01112, 0.00891, 0.00593]
[ INFO : 2026-08-08 19:50:07,744 ] - Epoch 154: train==[134.91434 = 0.60976 + 1.10188 + 22.85522 + 0.01605 + 0.00000 + 0.00070 + 1225.89705]
[ INFO : 2026-08-08 19:50:16,844 ] - Test_@[5, 10, 20, 50]: Recall=[0.03362, 0.05237, 0.08388, 0.13852],  precision=[0.00702, 0.00551, 0.00441, 0.00294], hit=[0.03507, 0.05482, 0.08753, 0.14456], ndcg=[0.02194, 0.02802, 0.03604, 0.04701], Train Rec Loss=[0.03134], Eval Rec Loss=[0.03140], c=[0.50000], F=[0.82344, 0.86728, 0.90347, 0.93931], F_fuse=[0.01393, 0.01096, 0.00878, 0.00586]
[ INFO : 2026-08-08 19:52:43,116 ] - Epoch 155: train==[134.90066 = 0.61108 + 1.10188 + 22.84015 + 0.01611 + 0.00000 + 0.00071 + 1225.89705]
[ INFO : 2026-08-08 19:52:52,170 ] - Test_@[5, 10, 20, 50]: Recall=[0.03403, 0.05228, 0.08473, 0.13862],  precision=[0.00712, 0.00549, 0.00446, 0.00295], hit=[0.03548, 0.05456, 0.08840, 0.14477], ndcg=[0.02223, 0.02813, 0.03638, 0.04717], Train Rec Loss=[0.03135], Eval Rec Loss=[0.03139], c=[0.50000], F=[0.82544, 0.86724, 0.90353, 0.93977], F_fuse=[0.01411, 0.01092, 0.00887, 0.00588]
[ INFO : 2026-08-08 19:55:19,111 ] - Epoch 156: train==[134.99115 = 0.60945 + 1.10187 + 22.93223 + 0.01615 + 0.00000 + 0.00070 + 1225.89705]
[ INFO : 2026-08-08 19:55:28,169 ] - Test_@[5, 10, 20, 50]: Recall=[0.03414, 0.05359, 0.08428, 0.13928],  precision=[0.00715, 0.00564, 0.00443, 0.00296], hit=[0.03569, 0.05606, 0.08794, 0.14544], ndcg=[0.02235, 0.02868, 0.03646, 0.04749], Train Rec Loss=[0.03132], Eval Rec Loss=[0.03142], c=[0.50000], F=[0.82542, 0.86747, 0.90349, 0.93874], F_fuse=[0.01417, 0.01121, 0.00882, 0.00590]
[ INFO : 2026-08-08 19:57:55,715 ] - Epoch 157: train==[134.87035 = 0.60503 + 1.10187 + 22.81581 + 0.01620 + 0.00000 + 0.00071 + 1225.89705]
[ INFO : 2026-08-08 19:58:04,757 ] - Test_@[5, 10, 20, 50]: Recall=[0.03336, 0.05269, 0.08338, 0.13848],  precision=[0.00697, 0.00554, 0.00439, 0.00294], hit=[0.03482, 0.05508, 0.08712, 0.14451], ndcg=[0.02184, 0.02811, 0.03592, 0.04695], Train Rec Loss=[0.03134], Eval Rec Loss=[0.03140], c=[0.50000], F=[0.82476, 0.86799, 0.90355, 0.93907], F_fuse=[0.01383, 0.01101, 0.00874, 0.00586]
[ INFO : 2026-08-08 20:00:31,503 ] - Epoch 158: train==[134.73084 = 0.60463 + 1.10187 + 22.67666 + 0.01623 + 0.00000 + 0.00070 + 1225.89705]
[ INFO : 2026-08-08 20:00:40,570 ] - Test_@[5, 10, 20, 50]: Recall=[0.03349, 0.05377, 0.08424, 0.13922],  precision=[0.00701, 0.00566, 0.00443, 0.00295], hit=[0.03497, 0.05621, 0.08794, 0.14518], ndcg=[0.02191, 0.02851, 0.03622, 0.04722], Train Rec Loss=[0.03133], Eval Rec Loss=[0.03141], c=[0.50000], F=[0.82515, 0.86853, 0.90464, 0.93997], F_fuse=[0.01391, 0.01124, 0.00882, 0.00589]
[ INFO : 2026-08-08 20:03:07,962 ] - Epoch 159: train==[134.77778 = 0.59911 + 1.10185 + 22.72905 + 0.01633 + 0.00000 + 0.00070 + 1225.89705]
[ INFO : 2026-08-08 20:03:17,027 ] - Test_@[5, 10, 20, 50]: Recall=[0.03350, 0.05347, 0.08397, 0.13883],  precision=[0.00699, 0.00563, 0.00443, 0.00295], hit=[0.03492, 0.05585, 0.08784, 0.14497], ndcg=[0.02227, 0.02878, 0.03652, 0.04748], Train Rec Loss=[0.03134], Eval Rec Loss=[0.03139], c=[0.50000], F=[0.82336, 0.86803, 0.90436, 0.94037], F_fuse=[0.01387, 0.01118, 0.00881, 0.00588]
[ INFO : 2026-08-08 20:05:45,192 ] - Epoch 160: train==[134.69915 = 0.59960 + 1.10186 + 22.64985 + 0.01639 + 0.00000 + 0.00070 + 1225.89705]
[ INFO : 2026-08-08 20:05:54,349 ] - Test_@[5, 10, 20, 50]: Recall=[0.03362, 0.05282, 0.08389, 0.13808],  precision=[0.00704, 0.00555, 0.00442, 0.00293], hit=[0.03512, 0.05518, 0.08763, 0.14400], ndcg=[0.02191, 0.02813, 0.03601, 0.04687], Train Rec Loss=[0.03133], Eval Rec Loss=[0.03139], c=[0.50000], F=[0.82345, 0.86732, 0.90312, 0.93937], F_fuse=[0.01395, 0.01104, 0.00879, 0.00584]
[ INFO : 2026-08-08 20:08:22,291 ] - Epoch 161: train==[134.76365 = 0.59809 + 1.10186 + 22.71581 + 0.01646 + 0.00000 + 0.00070 + 1225.89705]
[ INFO : 2026-08-08 20:08:31,480 ] - Test_@[5, 10, 20, 50]: Recall=[0.03328, 0.05324, 0.08449, 0.13930],  precision=[0.00697, 0.00561, 0.00445, 0.00296], hit=[0.03476, 0.05570, 0.08830, 0.14533], ndcg=[0.02179, 0.02831, 0.03624, 0.04718], Train Rec Loss=[0.03133], Eval Rec Loss=[0.03141], c=[0.50000], F=[0.82404, 0.86795, 0.90372, 0.93953], F_fuse=[0.01383, 0.01114, 0.00886, 0.00590]
[ INFO : 2026-08-08 20:10:58,712 ] - Epoch 162: train==[134.71441 = 0.59427 + 1.10185 + 22.67033 + 0.01652 + 0.00000 + 0.00070 + 1225.89705]
[ INFO : 2026-08-08 20:11:07,857 ] - Test_@[5, 10, 20, 50]: Recall=[0.03349, 0.05371, 0.08424, 0.13857],  precision=[0.00701, 0.00565, 0.00444, 0.00294], hit=[0.03497, 0.05616, 0.08804, 0.14461], ndcg=[0.02205, 0.02860, 0.03634, 0.04718], Train Rec Loss=[0.03133], Eval Rec Loss=[0.03138], c=[0.50000], F=[0.82371, 0.86768, 0.90457, 0.94055], F_fuse=[0.01391, 0.01123, 0.00883, 0.00587]
[ INFO : 2026-08-08 20:13:36,076 ] - Epoch 163: train==[134.68988 = 0.59456 + 1.10184 + 22.64550 + 0.01655 + 0.00000 + 0.00070 + 1225.89705]
[ INFO : 2026-08-08 20:13:45,220 ] - Test_@[5, 10, 20, 50]: Recall=[0.03307, 0.05309, 0.08394, 0.13726],  precision=[0.00693, 0.00560, 0.00442, 0.00292], hit=[0.03461, 0.05554, 0.08773, 0.14328], ndcg=[0.02200, 0.02854, 0.03635, 0.04699], Train Rec Loss=[0.03133], Eval Rec Loss=[0.03137], c=[0.50000], F=[0.82421, 0.86872, 0.90488, 0.94076], F_fuse=[0.01375, 0.01112, 0.00880, 0.00582]
[ INFO : 2026-08-08 20:16:13,737 ] - Epoch 164: train==[134.70518 = 0.59322 + 1.10184 + 22.66206 + 0.01663 + 0.00000 + 0.00070 + 1225.89705]
[ INFO : 2026-08-08 20:16:22,879 ] - Test_@[5, 10, 20, 50]: Recall=[0.03388, 0.05413, 0.08487, 0.13976],  precision=[0.00708, 0.00570, 0.00446, 0.00297], hit=[0.03528, 0.05662, 0.08861, 0.14574], ndcg=[0.02223, 0.02884, 0.03662, 0.04759], Train Rec Loss=[0.03132], Eval Rec Loss=[0.03139], c=[0.50000], F=[0.82612, 0.86934, 0.90393, 0.93895], F_fuse=[0.01403, 0.01133, 0.00888, 0.00592]
[ INFO : 2026-08-08 20:18:49,841 ] - Epoch 165: train==[134.60841 = 0.58887 + 1.10183 + 22.56954 + 0.01673 + 0.00000 + 0.00070 + 1225.89705]
[ INFO : 2026-08-08 20:18:58,929 ] - Test_@[5, 10, 20, 50]: Recall=[0.03319, 0.05312, 0.08368, 0.13832],  precision=[0.00694, 0.00560, 0.00440, 0.00293], hit=[0.03466, 0.05564, 0.08737, 0.14410], ndcg=[0.02200, 0.02850, 0.03627, 0.04722], Train Rec Loss=[0.03132], Eval Rec Loss=[0.03140], c=[0.50000], F=[0.82395, 0.86680, 0.90280, 0.93910], F_fuse=[0.01377, 0.01112, 0.00876, 0.00585]
[ INFO : 2026-08-08 20:21:25,235 ] - Epoch 166: train==[134.68148 = 0.58782 + 1.10184 + 22.64364 + 0.01674 + 0.00000 + 0.00070 + 1225.89705]
[ INFO : 2026-08-08 20:21:34,229 ] - Test_@[5, 10, 20, 50]: Recall=[0.03305, 0.05282, 0.08419, 0.13814],  precision=[0.00692, 0.00556, 0.00444, 0.00293], hit=[0.03456, 0.05523, 0.08809, 0.14405], ndcg=[0.02177, 0.02824, 0.03622, 0.04700], Train Rec Loss=[0.03133], Eval Rec Loss=[0.03138], c=[0.50000], F=[0.82453, 0.86806, 0.90277, 0.93907], F_fuse=[0.01373, 0.01106, 0.00883, 0.00585]
[ INFO : 2026-08-08 20:24:01,087 ] - Epoch 167: train==[134.64281 = 0.58631 + 1.10181 + 22.60650 + 0.01676 + 0.00000 + 0.00069 + 1225.89705]
[ INFO : 2026-08-08 20:24:10,167 ] - Test_@[5, 10, 20, 50]: Recall=[0.03396, 0.05311, 0.08325, 0.13773],  precision=[0.00708, 0.00558, 0.00439, 0.00293], hit=[0.03528, 0.05534, 0.08712, 0.14369], ndcg=[0.02219, 0.02844, 0.03611, 0.04701], Train Rec Loss=[0.03133], Eval Rec Loss=[0.03141], c=[0.50000], F=[0.82528, 0.86880, 0.90480, 0.94032], F_fuse=[0.01403, 0.01109, 0.00874, 0.00584]
[ INFO : 2026-08-08 20:26:37,270 ] - Epoch 168: train==[134.54502 = 0.58163 + 1.10183 + 22.51331 + 0.01683 + 0.00000 + 0.00069 + 1225.89705]
[ INFO : 2026-08-08 20:26:46,365 ] - Test_@[5, 10, 20, 50]: Recall=[0.03369, 0.05356, 0.08361, 0.13763],  precision=[0.00707, 0.00563, 0.00439, 0.00292], hit=[0.03523, 0.05595, 0.08701, 0.14358], ndcg=[0.02233, 0.02880, 0.03642, 0.04724], Train Rec Loss=[0.03132], Eval Rec Loss=[0.03141], c=[0.50000], F=[0.82276, 0.86854, 0.90449, 0.94017], F_fuse=[0.01401, 0.01119, 0.00873, 0.00583]
[ INFO : 2026-08-08 20:29:15,905 ] - Epoch 169: train==[134.71635 = 0.58244 + 1.10180 + 22.68378 + 0.01690 + 0.00000 + 0.00069 + 1225.89705]
[ INFO : 2026-08-08 20:29:25,085 ] - Test_@[5, 10, 20, 50]: Recall=[0.03346, 0.05367, 0.08386, 0.13869],  precision=[0.00702, 0.00564, 0.00441, 0.00295], hit=[0.03502, 0.05606, 0.08753, 0.14472], ndcg=[0.02237, 0.02894, 0.03663, 0.04761], Train Rec Loss=[0.03133], Eval Rec Loss=[0.03139], c=[0.50000], F=[0.82566, 0.86948, 0.90382, 0.93922], F_fuse=[0.01393, 0.01121, 0.00878, 0.00588]
[ INFO : 2026-08-08 20:31:52,874 ] - Epoch 170: train==[134.56737 = 0.57868 + 1.10181 + 22.53844 + 0.01701 + 0.00000 + 0.00069 + 1225.89705]
[ INFO : 2026-08-08 20:32:01,924 ] - Test_@[5, 10, 20, 50]: Recall=[0.03288, 0.05315, 0.08269, 0.13693],  precision=[0.00689, 0.00558, 0.00436, 0.00291], hit=[0.03435, 0.05544, 0.08645, 0.14271], ndcg=[0.02185, 0.02844, 0.03594, 0.04678], Train Rec Loss=[0.03131], Eval Rec Loss=[0.03139], c=[0.50000], F=[0.82463, 0.86848, 0.90471, 0.94048], F_fuse=[0.01367, 0.01110, 0.00867, 0.00580]
[ INFO : 2026-08-08 20:34:29,837 ] - Epoch 171: train==[134.70089 = 0.58061 + 1.10179 + 22.67007 + 0.01699 + 0.00000 + 0.00069 + 1225.89705]
[ INFO : 2026-08-08 20:34:38,873 ] - Test_@[5, 10, 20, 50]: Recall=[0.03396, 0.05344, 0.08425, 0.13850],  precision=[0.00711, 0.00561, 0.00443, 0.00294], hit=[0.03543, 0.05580, 0.08794, 0.14451], ndcg=[0.02229, 0.02863, 0.03646, 0.04728], Train Rec Loss=[0.03132], Eval Rec Loss=[0.03138], c=[0.50000], F=[0.82522, 0.86830, 0.90435, 0.94003], F_fuse=[0.01409, 0.01115, 0.00882, 0.00586]
[ INFO : 2026-08-08 20:37:06,787 ] - Epoch 172: train==[134.63478 = 0.57603 + 1.10180 + 22.60852 + 0.01699 + 0.00000 + 0.00070 + 1225.89705]
[ INFO : 2026-08-08 20:37:15,862 ] - Test_@[5, 10, 20, 50]: Recall=[0.03347, 0.05310, 0.08379, 0.13755],  precision=[0.00699, 0.00558, 0.00440, 0.00292], hit=[0.03492, 0.05544, 0.08732, 0.14353], ndcg=[0.02245, 0.02884, 0.03663, 0.04738], Train Rec Loss=[0.03132], Eval Rec Loss=[0.03136], c=[0.50000], F=[0.82485, 0.86916, 0.90496, 0.94020], F_fuse=[0.01387, 0.01110, 0.00875, 0.00582]
[ INFO : 2026-08-08 20:39:44,105 ] - Epoch 173: train==[134.56926 = 0.57390 + 1.10178 + 22.54503 + 0.01711 + 0.00000 + 0.00069 + 1225.89705]
[ INFO : 2026-08-08 20:39:53,184 ] - Test_@[5, 10, 20, 50]: Recall=[0.03403, 0.05341, 0.08345, 0.13757],  precision=[0.00712, 0.00561, 0.00439, 0.00292], hit=[0.03554, 0.05580, 0.08707, 0.14348], ndcg=[0.02253, 0.02883, 0.03647, 0.04730], Train Rec Loss=[0.03132], Eval Rec Loss=[0.03138], c=[0.50000], F=[0.82656, 0.86939, 0.90416, 0.93934], F_fuse=[0.01411, 0.01115, 0.00874, 0.00582]
[ INFO : 2026-08-08 20:42:21,557 ] - Epoch 174: train==[134.51313 = 0.56958 + 1.10178 + 22.49311 + 0.01722 + 0.00000 + 0.00069 + 1225.89705]
[ INFO : 2026-08-08 20:42:30,623 ] - Test_@[5, 10, 20, 50]: Recall=[0.03375, 0.05415, 0.08350, 0.13829],  precision=[0.00708, 0.00570, 0.00439, 0.00294], hit=[0.03528, 0.05662, 0.08712, 0.14430], ndcg=[0.02213, 0.02878, 0.03624, 0.04721], Train Rec Loss=[0.03131], Eval Rec Loss=[0.03138], c=[0.50000], F=[0.82474, 0.86914, 0.90403, 0.93912], F_fuse=[0.01403, 0.01132, 0.00875, 0.00585]
[ INFO : 2026-08-08 20:44:58,481 ] - Epoch 175: train==[134.40450 = 0.57313 + 1.10178 + 22.38091 + 0.01725 + 0.00000 + 0.00069 + 1225.89705]
[ INFO : 2026-08-08 20:45:07,611 ] - Test_@[5, 10, 20, 50]: Recall=[0.03354, 0.05302, 0.08286, 0.13745],  precision=[0.00701, 0.00557, 0.00435, 0.00292], hit=[0.03502, 0.05528, 0.08640, 0.14358], ndcg=[0.02216, 0.02848, 0.03609, 0.04701], Train Rec Loss=[0.03130], Eval Rec Loss=[0.03137], c=[0.50000], F=[0.82412, 0.86909, 0.90528, 0.94097], F_fuse=[0.01391, 0.01107, 0.00866, 0.00583]
[ INFO : 2026-08-08 20:47:34,863 ] - Epoch 176: train==[134.50657 = 0.56991 + 1.10176 + 22.48620 + 0.01727 + 0.00000 + 0.00069 + 1225.89705]
[ INFO : 2026-08-08 20:47:43,961 ] - Test_@[5, 10, 20, 50]: Recall=[0.03289, 0.05287, 0.08316, 0.13717],  precision=[0.00687, 0.00555, 0.00438, 0.00291], hit=[0.03425, 0.05513, 0.08691, 0.14297], ndcg=[0.02170, 0.02822, 0.03594, 0.04672], Train Rec Loss=[0.03133], Eval Rec Loss=[0.03138], c=[0.50000], F=[0.82627, 0.86867, 0.90300, 0.93842], F_fuse=[0.01363, 0.01103, 0.00872, 0.00581]
[ INFO : 2026-08-08 20:50:11,431 ] - Epoch 177: train==[134.40397 = 0.56420 + 1.10177 + 22.38928 + 0.01730 + 0.00000 + 0.00068 + 1225.89705]
[ INFO : 2026-08-08 20:50:20,509 ] - Test_@[5, 10, 20, 50]: Recall=[0.03382, 0.05427, 0.08366, 0.13787],  precision=[0.00710, 0.00570, 0.00440, 0.00293], hit=[0.03533, 0.05657, 0.08727, 0.14394], ndcg=[0.02263, 0.02928, 0.03676, 0.04762], Train Rec Loss=[0.03133], Eval Rec Loss=[0.03139], c=[0.50000], F=[0.82646, 0.86938, 0.90454, 0.93969], F_fuse=[0.01407, 0.01132, 0.00875, 0.00584]
[ INFO : 2026-08-08 20:52:48,531 ] - Epoch 178: train==[134.44179 = 0.56735 + 1.10175 + 22.42379 + 0.01747 + 0.00000 + 0.00069 + 1225.89705]
[ INFO : 2026-08-08 20:52:57,615 ] - Test_@[5, 10, 20, 50]: Recall=[0.03360, 0.05306, 0.08209, 0.13726],  precision=[0.00706, 0.00558, 0.00432, 0.00292], hit=[0.03512, 0.05549, 0.08568, 0.14343], ndcg=[0.02221, 0.02852, 0.03591, 0.04698], Train Rec Loss=[0.03132], Eval Rec Loss=[0.03137], c=[0.50000], F=[0.82611, 0.86966, 0.90508, 0.94011], F_fuse=[0.01399, 0.01110, 0.00859, 0.00582]
[ INFO : 2026-08-08 20:55:24,881 ] - Epoch 179: train==[134.36194 = 0.56220 + 1.10175 + 22.34907 + 0.01749 + 0.00000 + 0.00069 + 1225.89705]
[ INFO : 2026-08-08 20:55:33,910 ] - Test_@[5, 10, 20, 50]: Recall=[0.03341, 0.05373, 0.08285, 0.13482],  precision=[0.00697, 0.00565, 0.00436, 0.00287], hit=[0.03482, 0.05606, 0.08655, 0.14091], ndcg=[0.02229, 0.02888, 0.03629, 0.04668], Train Rec Loss=[0.03131], Eval Rec Loss=[0.03137], c=[0.50000], F=[0.82388, 0.86813, 0.90450, 0.94049], F_fuse=[0.01383, 0.01122, 0.00869, 0.00572]
[ INFO : 2026-08-08 20:58:01,994 ] - Epoch 180: train==[134.43588 = 0.56110 + 1.10173 + 22.42413 + 0.01749 + 0.00000 + 0.00068 + 1225.89705]
[ INFO : 2026-08-08 20:58:11,024 ] - Test_@[5, 10, 20, 50]: Recall=[0.03364, 0.05386, 0.08272, 0.13707],  precision=[0.00707, 0.00566, 0.00435, 0.00291], hit=[0.03518, 0.05621, 0.08640, 0.14312], ndcg=[0.02234, 0.02894, 0.03628, 0.04716], Train Rec Loss=[0.03130], Eval Rec Loss=[0.03137], c=[0.50000], F=[0.82645, 0.86964, 0.90532, 0.94081], F_fuse=[0.01401, 0.01125, 0.00866, 0.00581]
[ INFO : 2026-08-08 21:00:39,432 ] - Epoch 181: train==[134.42012 = 0.55810 + 1.10173 + 22.41131 + 0.01754 + 0.00000 + 0.00069 + 1225.89705]
[ INFO : 2026-08-08 21:00:48,602 ] - Test_@[5, 10, 20, 50]: Recall=[0.03377, 0.05336, 0.08168, 0.13559],  precision=[0.00706, 0.00561, 0.00429, 0.00288], hit=[0.03512, 0.05575, 0.08516, 0.14158], ndcg=[0.02256, 0.02894, 0.03615, 0.04696], Train Rec Loss=[0.03133], Eval Rec Loss=[0.03138], c=[0.50000], F=[0.82535, 0.86926, 0.90486, 0.94049], F_fuse=[0.01399, 0.01115, 0.00854, 0.00575]
[ INFO : 2026-08-08 21:03:17,005 ] - Epoch 182: train==[134.42314 = 0.56151 + 1.10172 + 22.41094 + 0.01755 + 0.00000 + 0.00069 + 1225.89705]
[ INFO : 2026-08-08 21:03:26,135 ] - Test_@[5, 10, 20, 50]: Recall=[0.03428, 0.05375, 0.08300, 0.13775],  precision=[0.00717, 0.00565, 0.00437, 0.00292], hit=[0.03579, 0.05611, 0.08671, 0.14358], ndcg=[0.02268, 0.02899, 0.03645, 0.04738], Train Rec Loss=[0.03131], Eval Rec Loss=[0.03135], c=[0.50000], F=[0.82643, 0.86851, 0.90414, 0.94028], F_fuse=[0.01421, 0.01123, 0.00870, 0.00583]
[ INFO : 2026-08-08 21:05:55,070 ] - Epoch 183: train==[134.37352 = 0.55608 + 1.10173 + 22.36663 + 0.01766 + 0.00000 + 0.00069 + 1225.89705]
[ INFO : 2026-08-08 21:06:04,116 ] - Test_@[5, 10, 20, 50]: Recall=[0.03352, 0.05214, 0.08113, 0.13397],  precision=[0.00704, 0.00549, 0.00427, 0.00284], hit=[0.03507, 0.05451, 0.08475, 0.13978], ndcg=[0.02247, 0.02850, 0.03590, 0.04649], Train Rec Loss=[0.03131], Eval Rec Loss=[0.03139], c=[0.50000], F=[0.82503, 0.86943, 0.90562, 0.94088], F_fuse=[0.01395, 0.01091, 0.00850, 0.00567]
[ INFO : 2026-08-08 21:08:32,186 ] - Epoch 184: train==[134.30094 = 0.55494 + 1.10170 + 22.29521 + 0.01767 + 0.00000 + 0.00068 + 1225.89705]
[ INFO : 2026-08-08 21:08:41,287 ] - Test_@[5, 10, 20, 50]: Recall=[0.03396, 0.05360, 0.08399, 0.13771],  precision=[0.00714, 0.00563, 0.00441, 0.00293], hit=[0.03559, 0.05590, 0.08748, 0.14374], ndcg=[0.02270, 0.02909, 0.03682, 0.04756], Train Rec Loss=[0.03131], Eval Rec Loss=[0.03138], c=[0.50000], F=[0.82728, 0.86935, 0.90436, 0.94016], F_fuse=[0.01415, 0.01118, 0.00878, 0.00583]
[ INFO : 2026-08-08 21:11:10,630 ] - Epoch 185: train==[134.36557 = 0.55372 + 1.10171 + 22.36100 + 0.01772 + 0.00000 + 0.00069 + 1225.89705]
[ INFO : 2026-08-08 21:11:19,819 ] - Test_@[5, 10, 20, 50]: Recall=[0.03329, 0.05330, 0.08215, 0.13524],  precision=[0.00697, 0.00560, 0.00433, 0.00287], hit=[0.03476, 0.05564, 0.08588, 0.14112], ndcg=[0.02228, 0.02879, 0.03616, 0.04681], Train Rec Loss=[0.03133], Eval Rec Loss=[0.03140], c=[0.50000], F=[0.82560, 0.86990, 0.90528, 0.94102], F_fuse=[0.01383, 0.01113, 0.00861, 0.00573]
[ INFO : 2026-08-08 21:13:49,700 ] - Epoch 186: train==[134.27610 = 0.54891 + 1.10169 + 22.27635 + 0.01773 + 0.00000 + 0.00069 + 1225.89705]
[ INFO : 2026-08-08 21:13:58,839 ] - Test_@[5, 10, 20, 50]: Recall=[0.03408, 0.05391, 0.08203, 0.13624],  precision=[0.00714, 0.00566, 0.00432, 0.00290], hit=[0.03559, 0.05626, 0.08578, 0.14230], ndcg=[0.02272, 0.02913, 0.03630, 0.04715], Train Rec Loss=[0.03131], Eval Rec Loss=[0.03138], c=[0.50000], F=[0.82678, 0.86858, 0.90408, 0.93962], F_fuse=[0.01415, 0.01125, 0.00860, 0.00577]
[ INFO : 2026-08-08 21:16:24,919 ] - Epoch 187: train==[134.26826 = 0.55523 + 1.10169 + 22.26205 + 0.01786 + 0.00000 + 0.00068 + 1225.89705]
[ INFO : 2026-08-08 21:16:34,070 ] - Test_@[5, 10, 20, 50]: Recall=[0.03348, 0.05351, 0.08228, 0.13561],  precision=[0.00702, 0.00562, 0.00433, 0.00288], hit=[0.03502, 0.05575, 0.08599, 0.14148], ndcg=[0.02207, 0.02858, 0.03589, 0.04659], Train Rec Loss=[0.03130], Eval Rec Loss=[0.03137], c=[0.50000], F=[0.82619, 0.86910, 0.90438, 0.94031], F_fuse=[0.01393, 0.01116, 0.00862, 0.00574]
[ INFO : 2026-08-08 21:19:00,382 ] - Epoch 188: train==[134.30938 = 0.54747 + 1.10167 + 22.31097 + 0.01785 + 0.00000 + 0.00069 + 1225.89705]
[ INFO : 2026-08-08 21:19:09,534 ] - Test_@[5, 10, 20, 50]: Recall=[0.03363, 0.05353, 0.08176, 0.13616],  precision=[0.00706, 0.00562, 0.00430, 0.00289], hit=[0.03518, 0.05585, 0.08537, 0.14199], ndcg=[0.02251, 0.02896, 0.03617, 0.04708], Train Rec Loss=[0.03130], Eval Rec Loss=[0.03139], c=[0.50000], F=[0.82506, 0.86892, 0.90273, 0.93874], F_fuse=[0.01399, 0.01117, 0.00855, 0.00576]
[ INFO : 2026-08-08 21:21:35,557 ] - Epoch 189: train==[134.23536 = 0.54574 + 1.10167 + 22.23860 + 0.01792 + 0.00000 + 0.00069 + 1225.89705]
[ INFO : 2026-08-08 21:21:44,698 ] - Test_@[5, 10, 20, 50]: Recall=[0.03356, 0.05319, 0.08118, 0.13623],  precision=[0.00704, 0.00558, 0.00428, 0.00289], hit=[0.03507, 0.05549, 0.08485, 0.14220], ndcg=[0.02228, 0.02863, 0.03577, 0.04679], Train Rec Loss=[0.03131], Eval Rec Loss=[0.03136], c=[0.50000], F=[0.82552, 0.86936, 0.90388, 0.93934], F_fuse=[0.01395, 0.01109, 0.00851, 0.00577]
[ INFO : 2026-08-08 21:24:13,669 ] - Epoch 190: train==[134.26052 = 0.54631 + 1.10166 + 22.26308 + 0.01805 + 0.00000 + 0.00069 + 1225.89705]
[ INFO : 2026-08-08 21:24:22,812 ] - Test_@[5, 10, 20, 50]: Recall=[0.03359, 0.05290, 0.08189, 0.13601],  precision=[0.00704, 0.00556, 0.00431, 0.00289], hit=[0.03507, 0.05523, 0.08542, 0.14194], ndcg=[0.02242, 0.02871, 0.03611, 0.04696], Train Rec Loss=[0.03131], Eval Rec Loss=[0.03137], c=[0.50000], F=[0.82639, 0.86976, 0.90441, 0.93975], F_fuse=[0.01395, 0.01106, 0.00857, 0.00576]
[ INFO : 2026-08-08 21:26:58,970 ] - Epoch 191: train==[134.24831 = 0.54195 + 1.10165 + 22.25516 + 0.01813 + 0.00000 + 0.00068 + 1225.89705]
[ INFO : 2026-08-08 21:27:08,059 ] - Test_@[5, 10, 20, 50]: Recall=[0.03359, 0.05315, 0.08127, 0.13550],  precision=[0.00702, 0.00557, 0.00427, 0.00287], hit=[0.03502, 0.05534, 0.08480, 0.14142], ndcg=[0.02242, 0.02879, 0.03597, 0.04683], Train Rec Loss=[0.03131], Eval Rec Loss=[0.03136], c=[0.50000], F=[0.82555, 0.86962, 0.90523, 0.94103], F_fuse=[0.01393, 0.01107, 0.00851, 0.00573]
[ INFO : 2026-08-08 21:29:33,689 ] - Epoch 192: train==[134.20565 = 0.54071 + 1.10163 + 22.21376 + 0.01812 + 0.00000 + 0.00069 + 1225.89705]
[ INFO : 2026-08-08 21:29:42,820 ] - Test_@[5, 10, 20, 50]: Recall=[0.03412, 0.05296, 0.08215, 0.13467],  precision=[0.00714, 0.00556, 0.00433, 0.00286], hit=[0.03559, 0.05528, 0.08588, 0.14050], ndcg=[0.02253, 0.02864, 0.03609, 0.04660], Train Rec Loss=[0.03131], Eval Rec Loss=[0.03140], c=[0.50000], F=[0.82606, 0.86957, 0.90492, 0.94067], F_fuse=[0.01415, 0.01106, 0.00861, 0.00570]
[ INFO : 2026-08-08 21:32:08,286 ] - Epoch 193: train==[134.25599 = 0.54221 + 1.10163 + 22.26256 + 0.01818 + 0.00000 + 0.00067 + 1225.89705]
[ INFO : 2026-08-08 21:32:17,437 ] - Test_@[5, 10, 20, 50]: Recall=[0.03358, 0.05360, 0.08167, 0.13489],  precision=[0.00705, 0.00562, 0.00429, 0.00286], hit=[0.03507, 0.05585, 0.08532, 0.14086], ndcg=[0.02229, 0.02881, 0.03595, 0.04662], Train Rec Loss=[0.03130], Eval Rec Loss=[0.03138], c=[0.50000], F=[0.82765, 0.87016, 0.90430, 0.94033], F_fuse=[0.01397, 0.01116, 0.00855, 0.00571]
[ INFO : 2026-08-08 21:34:43,142 ] - Epoch 194: train==[134.20925 = 0.54019 + 1.10161 + 22.21779 + 0.01823 + 0.00000 + 0.00067 + 1225.89705]
[ INFO : 2026-08-08 21:34:52,227 ] - Test_@[5, 10, 20, 50]: Recall=[0.03363, 0.05268, 0.08103, 0.13401],  precision=[0.00705, 0.00553, 0.00427, 0.00285], hit=[0.03512, 0.05492, 0.08465, 0.13998], ndcg=[0.02225, 0.02843, 0.03568, 0.04632], Train Rec Loss=[0.03131], Eval Rec Loss=[0.03136], c=[0.50000], F=[0.82715, 0.87049, 0.90505, 0.94113], F_fuse=[0.01397, 0.01099, 0.00849, 0.00568]
[ INFO : 2026-08-08 21:37:18,002 ] - Epoch 195: train==[134.09673 = 0.53957 + 1.10160 + 22.10588 + 0.01826 + 0.00000 + 0.00068 + 1225.89705]
[ INFO : 2026-08-08 21:37:27,158 ] - Test_@[5, 10, 20, 50]: Recall=[0.03390, 0.05314, 0.08166, 0.13594],  precision=[0.00712, 0.00557, 0.00430, 0.00289], hit=[0.03543, 0.05539, 0.08527, 0.14189], ndcg=[0.02239, 0.02865, 0.03595, 0.04682], Train Rec Loss=[0.03131], Eval Rec Loss=[0.03139], c=[0.50000], F=[0.82701, 0.86965, 0.90360, 0.93941], F_fuse=[0.01411, 0.01108, 0.00855, 0.00576]
[ INFO : 2026-08-08 21:39:52,584 ] - Epoch 196: train==[134.14029 = 0.53551 + 1.10159 + 22.15336 + 0.01841 + 0.00000 + 0.00068 + 1225.89705]
[ INFO : 2026-08-08 21:40:01,673 ] - Test_@[5, 10, 20, 50]: Recall=[0.03347, 0.05366, 0.08230, 0.13562],  precision=[0.00701, 0.00564, 0.00433, 0.00288], hit=[0.03492, 0.05600, 0.08593, 0.14153], ndcg=[0.02231, 0.02888, 0.03618, 0.04687], Train Rec Loss=[0.03131], Eval Rec Loss=[0.03140], c=[0.50000], F=[0.82754, 0.87008, 0.90442, 0.94030], F_fuse=[0.01391, 0.01120, 0.00862, 0.00574]
[ INFO : 2026-08-08 21:42:27,228 ] - Epoch 197: train==[134.22383 = 0.53207 + 1.10159 + 22.24035 + 0.01841 + 0.00000 + 0.00068 + 1225.89705]
[ INFO : 2026-08-08 21:42:36,396 ] - Test_@[5, 10, 20, 50]: Recall=[0.03332, 0.05304, 0.08194, 0.13384],  precision=[0.00700, 0.00556, 0.00432, 0.00284], hit=[0.03492, 0.05523, 0.08578, 0.13962], ndcg=[0.02241, 0.02877, 0.03614, 0.04653], Train Rec Loss=[0.03129], Eval Rec Loss=[0.03138], c=[0.50000], F=[0.82602, 0.87015, 0.90406, 0.94032], F_fuse=[0.01389, 0.01105, 0.00860, 0.00567]
[ INFO : 2026-08-08 21:45:01,779 ] - Epoch 198: train==[134.17676 = 0.53517 + 1.10157 + 22.19015 + 0.01844 + 0.00000 + 0.00068 + 1225.89705]
[ INFO : 2026-08-08 21:45:10,887 ] - Test_@[5, 10, 20, 50]: Recall=[0.03292, 0.05276, 0.08101, 0.13489],  precision=[0.00689, 0.00554, 0.00427, 0.00286], hit=[0.03435, 0.05503, 0.08475, 0.14076], ndcg=[0.02203, 0.02848, 0.03571, 0.04650], Train Rec Loss=[0.03131], Eval Rec Loss=[0.03138], c=[0.50000], F=[0.82487, 0.86873, 0.90371, 0.94001], F_fuse=[0.01367, 0.01102, 0.00850, 0.00571]
[ INFO : 2026-08-08 21:47:36,968 ] - Epoch 199: train==[134.18971 = 0.53226 + 1.10156 + 22.20597 + 0.01850 + 0.00000 + 0.00067 + 1225.89705]
[ INFO : 2026-08-08 21:47:46,106 ] - Test_@[5, 10, 20, 50]: Recall=[0.03380, 0.05284, 0.08187, 0.13459],  precision=[0.00708, 0.00553, 0.00431, 0.00286], hit=[0.03523, 0.05498, 0.08552, 0.14055], ndcg=[0.02235, 0.02853, 0.03593, 0.04650], Train Rec Loss=[0.03131], Eval Rec Loss=[0.03138], c=[0.50000], F=[0.82789, 0.87016, 0.90445, 0.94047], F_fuse=[0.01403, 0.01100, 0.00857, 0.00570]
[ INFO : 2026-08-08 21:50:11,499 ] - Epoch 200: train==[134.04863 = 0.52958 + 1.10155 + 22.06753 + 0.01855 + 0.00000 + 0.00068 + 1225.89705]
[ INFO : 2026-08-08 21:50:20,544 ] - Test_@[5, 10, 20, 50]: Recall=[0.03304, 0.05255, 0.08156, 0.13434],  precision=[0.00693, 0.00551, 0.00429, 0.00286], hit=[0.03456, 0.05477, 0.08527, 0.14029], ndcg=[0.02206, 0.02841, 0.03583, 0.04643], Train Rec Loss=[0.03131], Eval Rec Loss=[0.03138], c=[0.50000], F=[0.82632, 0.86983, 0.90414, 0.94037], F_fuse=[0.01375, 0.01095, 0.00854, 0.00569]
[ INFO : 2026-08-08 21:52:46,218 ] - Epoch 201: train==[134.05351 = 0.52863 + 1.10154 + 22.07336 + 0.01857 + 0.00000 + 0.00068 + 1225.89705]
[ INFO : 2026-08-08 21:52:55,271 ] - Test_@[5, 10, 20, 50]: Recall=[0.03381, 0.05279, 0.08170, 0.13478],  precision=[0.00708, 0.00553, 0.00430, 0.00286], hit=[0.03528, 0.05503, 0.08542, 0.14060], ndcg=[0.02246, 0.02861, 0.03600, 0.04663], Train Rec Loss=[0.03133], Eval Rec Loss=[0.03137], c=[0.50000], F=[0.82732, 0.86940, 0.90305, 0.93921], F_fuse=[0.01403, 0.01100, 0.00857, 0.00571]
[ INFO : 2026-08-08 21:55:20,108 ] - Epoch 202: train==[134.16894 = 0.52823 + 1.10153 + 22.18918 + 0.01857 + 0.00000 + 0.00069 + 1225.89705]
[ INFO : 2026-08-08 21:55:29,179 ] - Test_@[5, 10, 20, 50]: Recall=[0.03263, 0.05144, 0.07956, 0.13163],  precision=[0.00683, 0.00540, 0.00420, 0.00279], hit=[0.03404, 0.05364, 0.08331, 0.13721], ndcg=[0.02200, 0.02810, 0.03528, 0.04569], Train Rec Loss=[0.03131], Eval Rec Loss=[0.03137], c=[0.50000], F=[0.82665, 0.87107, 0.90566, 0.94123], F_fuse=[0.01355, 0.01073, 0.00836, 0.00556]
[ INFO : 2026-08-08 21:57:53,738 ] - Epoch 203: train==[134.02102 = 0.52253 + 1.10150 + 22.04691 + 0.01866 + 0.00000 + 0.00068 + 1225.89705]
[ INFO : 2026-08-08 21:58:02,759 ] - Test_@[5, 10, 20, 50]: Recall=[0.03394, 0.05431, 0.08209, 0.13597],  precision=[0.00712, 0.00570, 0.00432, 0.00289], hit=[0.03548, 0.05662, 0.08583, 0.14184], ndcg=[0.02248, 0.02909, 0.03615, 0.04696], Train Rec Loss=[0.03132], Eval Rec Loss=[0.03138], c=[0.50000], F=[0.82863, 0.86957, 0.90344, 0.93916], F_fuse=[0.01411, 0.01132, 0.00860, 0.00576]
[ INFO : 2026-08-08 22:00:27,780 ] - Epoch 204: train==[134.07271 = 0.52849 + 1.10149 + 22.09258 + 0.01873 + 0.00000 + 0.00068 + 1225.89705]
[ INFO : 2026-08-08 22:00:36,856 ] - Test_@[5, 10, 20, 50]: Recall=[0.03298, 0.05209, 0.08106, 0.13303],  precision=[0.00690, 0.00548, 0.00427, 0.00282], hit=[0.03435, 0.05446, 0.08465, 0.13885], ndcg=[0.02203, 0.02824, 0.03562, 0.04600], Train Rec Loss=[0.03130], Eval Rec Loss=[0.03140], c=[0.50000], F=[0.82612, 0.86961, 0.90499, 0.94080], F_fuse=[0.01369, 0.01089, 0.00849, 0.00563]
[ INFO : 2026-08-08 22:03:02,189 ] - Epoch 205: train==[133.94852 = 0.51886 + 1.10148 + 21.97798 + 0.01879 + 0.00000 + 0.00067 + 1225.89705]
[ INFO : 2026-08-08 22:03:11,313 ] - Test_@[5, 10, 20, 50]: Recall=[0.03417, 0.05303, 0.08166, 0.13402],  precision=[0.00715, 0.00556, 0.00430, 0.00285], hit=[0.03569, 0.05534, 0.08532, 0.13978], ndcg=[0.02267, 0.02880, 0.03610, 0.04661], Train Rec Loss=[0.03132], Eval Rec Loss=[0.03139], c=[0.50000], F=[0.82831, 0.87027, 0.90419, 0.94020], F_fuse=[0.01417, 0.01106, 0.00855, 0.00567]
[ INFO : 2026-08-08 22:05:36,128 ] - Epoch 206: train==[134.06497 = 0.51999 + 1.10146 + 22.09324 + 0.01887 + 0.00000 + 0.00068 + 1225.89705]
[ INFO : 2026-08-08 22:05:45,163 ] - Test_@[5, 10, 20, 50]: Recall=[0.03395, 0.05360, 0.08138, 0.13327],  precision=[0.00711, 0.00562, 0.00429, 0.00283], hit=[0.03548, 0.05585, 0.08521, 0.13916], ndcg=[0.02249, 0.02885, 0.03592, 0.04633], Train Rec Loss=[0.03132], Eval Rec Loss=[0.03137], c=[0.50000], F=[0.82809, 0.87037, 0.90432, 0.94020], F_fuse=[0.01409, 0.01117, 0.00855, 0.00564]
[ INFO : 2026-08-08 22:08:10,094 ] - Epoch 207: train==[134.01881 = 0.52171 + 1.10145 + 22.04534 + 0.01890 + 0.00000 + 0.00068 + 1225.89705]
[ INFO : 2026-08-08 22:08:19,166 ] - Test_@[5, 10, 20, 50]: Recall=[0.03363, 0.05303, 0.08197, 0.13473],  precision=[0.00705, 0.00557, 0.00432, 0.00286], hit=[0.03512, 0.05534, 0.08578, 0.14055], ndcg=[0.02241, 0.02871, 0.03608, 0.04665], Train Rec Loss=[0.03133], Eval Rec Loss=[0.03138], c=[0.50000], F=[0.82755, 0.86918, 0.90381, 0.93980], F_fuse=[0.01397, 0.01107, 0.00859, 0.00571]
[ INFO : 2026-08-08 22:10:44,337 ] - Epoch 208: train==[133.98386 = 0.51614 + 1.10144 + 22.01596 + 0.01890 + 0.00000 + 0.00068 + 1225.89705]
[ INFO : 2026-08-08 22:10:53,409 ] - Test_@[5, 10, 20, 50]: Recall=[0.03258, 0.05216, 0.08053, 0.13298],  precision=[0.00684, 0.00548, 0.00425, 0.00282], hit=[0.03410, 0.05441, 0.08408, 0.13890], ndcg=[0.02177, 0.02809, 0.03534, 0.04586], Train Rec Loss=[0.03131], Eval Rec Loss=[0.03137], c=[0.50000], F=[0.82729, 0.86966, 0.90384, 0.94007], F_fuse=[0.01357, 0.01089, 0.00846, 0.00563]
[ INFO : 2026-08-08 22:13:19,409 ] - Epoch 209: train==[134.06545 = 0.51805 + 1.10142 + 22.09557 + 0.01900 + 0.00000 + 0.00068 + 1225.89705]
[ INFO : 2026-08-08 22:13:28,502 ] - Test_@[5, 10, 20, 50]: Recall=[0.03328, 0.05300, 0.08102, 0.13292],  precision=[0.00696, 0.00555, 0.00427, 0.00282], hit=[0.03471, 0.05518, 0.08475, 0.13880], ndcg=[0.02227, 0.02866, 0.03581, 0.04618], Train Rec Loss=[0.03133], Eval Rec Loss=[0.03140], c=[0.50000], F=[0.82720, 0.87016, 0.90506, 0.94106], F_fuse=[0.01381, 0.01104, 0.00850, 0.00563]
[ INFO : 2026-08-08 22:15:53,303 ] - Epoch 210: train==[133.89890 = 0.51523 + 1.10140 + 21.93181 + 0.01904 + 0.00000 + 0.00068 + 1225.89705]
[ INFO : 2026-08-08 22:16:02,372 ] - Test_@[5, 10, 20, 50]: Recall=[0.03322, 0.05244, 0.08165, 0.13282],  precision=[0.00694, 0.00551, 0.00431, 0.00282], hit=[0.03461, 0.05482, 0.08547, 0.13860], ndcg=[0.02242, 0.02869, 0.03613, 0.04636], Train Rec Loss=[0.03132], Eval Rec Loss=[0.03139], c=[0.50000], F=[0.82754, 0.86993, 0.90428, 0.94010], F_fuse=[0.01377, 0.01096, 0.00858, 0.00562]
[ INFO : 2026-08-08 22:18:27,673 ] - Epoch 211: train==[133.91782 = 0.51369 + 1.10138 + 21.95220 + 0.01914 + 0.00000 + 0.00068 + 1225.89705]
[ INFO : 2026-08-08 22:18:36,748 ] - Test_@[5, 10, 20, 50]: Recall=[0.03348, 0.05217, 0.08197, 0.13430],  precision=[0.00702, 0.00548, 0.00431, 0.00285], hit=[0.03502, 0.05441, 0.08552, 0.14024], ndcg=[0.02226, 0.02833, 0.03589, 0.04639], Train Rec Loss=[0.03134], Eval Rec Loss=[0.03139], c=[0.50000], F=[0.82823, 0.87017, 0.90373, 0.93937], F_fuse=[0.01393, 0.01089, 0.00858, 0.00568]
[ INFO : 2026-08-08 22:21:02,407 ] - Epoch 212: train==[133.96576 = 0.51493 + 1.10137 + 21.99894 + 0.01911 + 0.00000 + 0.00068 + 1225.89705]
[ INFO : 2026-08-08 22:21:11,535 ] - Test_@[5, 10, 20, 50]: Recall=[0.03318, 0.05227, 0.08118, 0.13283],  precision=[0.00694, 0.00549, 0.00428, 0.00282], hit=[0.03461, 0.05456, 0.08491, 0.13885], ndcg=[0.02225, 0.02845, 0.03581, 0.04614], Train Rec Loss=[0.03134], Eval Rec Loss=[0.03139], c=[0.50000], F=[0.82742, 0.86970, 0.90459, 0.94083], F_fuse=[0.01377, 0.01092, 0.00851, 0.00563]
[ INFO : 2026-08-08 22:23:37,127 ] - Epoch 213: train==[133.97143 = 0.50943 + 1.10135 + 22.01006 + 0.01918 + 0.00000 + 0.00068 + 1225.89705]
[ INFO : 2026-08-08 22:23:46,272 ] - Test_@[5, 10, 20, 50]: Recall=[0.03292, 0.05184, 0.07970, 0.13187],  precision=[0.00688, 0.00544, 0.00420, 0.00280], hit=[0.03430, 0.05405, 0.08341, 0.13767], ndcg=[0.02219, 0.02831, 0.03542, 0.04588], Train Rec Loss=[0.03133], Eval Rec Loss=[0.03141], c=[0.50000], F=[0.82709, 0.86975, 0.90463, 0.94029], F_fuse=[0.01365, 0.01081, 0.00836, 0.00558]
[ INFO : 2026-08-08 22:26:11,910 ] - Epoch 214: train==[133.88818 = 0.51012 + 1.10132 + 21.92619 + 0.01913 + 0.00000 + 0.00069 + 1225.89705]
[ INFO : 2026-08-08 22:26:20,995 ] - Test_@[5, 10, 20, 50]: Recall=[0.03369, 0.05328, 0.08081, 0.13383],  precision=[0.00702, 0.00558, 0.00426, 0.00284], hit=[0.03507, 0.05544, 0.08455, 0.13983], ndcg=[0.02245, 0.02880, 0.03582, 0.04645], Train Rec Loss=[0.03131], Eval Rec Loss=[0.03141], c=[0.50000], F=[0.82742, 0.87056, 0.90509, 0.94101], F_fuse=[0.01393, 0.01109, 0.00848, 0.00567]
[ INFO : 2026-08-08 22:28:47,363 ] - Epoch 215: train==[133.91214 = 0.50878 + 1.10130 + 21.95143 + 0.01922 + 0.00000 + 0.00068 + 1225.89705]
[ INFO : 2026-08-08 22:28:56,482 ] - Test_@[5, 10, 20, 50]: Recall=[0.03308, 0.05244, 0.08140, 0.13309],  precision=[0.00693, 0.00551, 0.00429, 0.00282], hit=[0.03456, 0.05472, 0.08511, 0.13885], ndcg=[0.02234, 0.02862, 0.03600, 0.04634], Train Rec Loss=[0.03134], Eval Rec Loss=[0.03141], c=[0.50000], F=[0.82731, 0.87053, 0.90459, 0.94031], F_fuse=[0.01375, 0.01095, 0.00854, 0.00563]
[ INFO : 2026-08-08 22:31:21,123 ] - Epoch 216: train==[133.88336 = 0.50703 + 1.10129 + 21.92431 + 0.01932 + 0.00000 + 0.00067 + 1225.89705]
[ INFO : 2026-08-08 22:31:30,189 ] - Test_@[5, 10, 20, 50]: Recall=[0.03292, 0.05206, 0.08051, 0.13238],  precision=[0.00690, 0.00547, 0.00425, 0.00281], hit=[0.03440, 0.05431, 0.08413, 0.13829], ndcg=[0.02206, 0.02829, 0.03555, 0.04595], Train Rec Loss=[0.03135], Eval Rec Loss=[0.03143], c=[0.50000], F=[0.82773, 0.87031, 0.90495, 0.94087], F_fuse=[0.01369, 0.01087, 0.00846, 0.00561]
[ INFO : 2026-08-08 22:33:54,844 ] - Epoch 217: train==[133.98281 = 0.50813 + 1.10126 + 22.02270 + 0.01931 + 0.00000 + 0.00069 + 1225.89705]
[ INFO : 2026-08-08 22:34:03,857 ] - Test_@[5, 10, 20, 50]: Recall=[0.03313, 0.05110, 0.07971, 0.13081],  precision=[0.00695, 0.00536, 0.00420, 0.00278], hit=[0.03466, 0.05328, 0.08316, 0.13654], ndcg=[0.02218, 0.02798, 0.03528, 0.04550], Train Rec Loss=[0.03136], Eval Rec Loss=[0.03142], c=[0.50000], F=[0.82632, 0.87012, 0.90543, 0.94113], F_fuse=[0.01379, 0.01066, 0.00836, 0.00554]
[ INFO : 2026-08-08 22:36:29,893 ] - Epoch 218: train==[133.86060 = 0.50575 + 1.10125 + 21.90279 + 0.01939 + 0.00000 + 0.00068 + 1225.89705]
[ INFO : 2026-08-08 22:36:38,978 ] - Test_@[5, 10, 20, 50]: Recall=[0.03359, 0.05366, 0.08152, 0.13394],  precision=[0.00705, 0.00562, 0.00430, 0.00285], hit=[0.03512, 0.05590, 0.08537, 0.13998], ndcg=[0.02260, 0.02911, 0.03622, 0.04674], Train Rec Loss=[0.03137], Eval Rec Loss=[0.03143], c=[0.50000], F=[0.82848, 0.87040, 0.90407, 0.93992], F_fuse=[0.01397, 0.01117, 0.00855, 0.00568]
[ INFO : 2026-08-08 22:39:03,627 ] - Epoch 219: train==[133.85727 = 0.50341 + 1.10122 + 21.90178 + 0.01945 + 0.00000 + 0.00068 + 1225.89705]
[ INFO : 2026-08-08 22:39:12,681 ] - Test_@[5, 10, 20, 50]: Recall=[0.03297, 0.05246, 0.08083, 0.13287],  precision=[0.00691, 0.00550, 0.00427, 0.00282], hit=[0.03446, 0.05462, 0.08455, 0.13875], ndcg=[0.02193, 0.02826, 0.03549, 0.04590], Train Rec Loss=[0.03134], Eval Rec Loss=[0.03142], c=[0.50000], F=[0.82853, 0.87064, 0.90476, 0.94063], F_fuse=[0.01371, 0.01093, 0.00849, 0.00563]
[ INFO : 2026-08-08 22:41:36,985 ] - Epoch 220: train==[133.96453 = 0.50013 + 1.10119 + 22.01226 + 0.01955 + 0.00000 + 0.00066 + 1225.89705]
[ INFO : 2026-08-08 22:41:46,056 ] - Test_@[5, 10, 20, 50]: Recall=[0.03304, 0.05239, 0.08089, 0.13191],  precision=[0.00692, 0.00549, 0.00425, 0.00280], hit=[0.03446, 0.05456, 0.08439, 0.13788], ndcg=[0.02229, 0.02855, 0.03579, 0.04604], Train Rec Loss=[0.03135], Eval Rec Loss=[0.03140], c=[0.50000], F=[0.83015, 0.87127, 0.90573, 0.94071], F_fuse=[0.01373, 0.01092, 0.00847, 0.00559]
[ INFO : 2026-08-08 22:44:10,337 ] - Epoch 221: train==[133.94138 = 0.50316 + 1.10117 + 21.98610 + 0.01953 + 0.00000 + 0.00068 + 1225.89705]
[ INFO : 2026-08-08 22:44:19,357 ] - Test_@[5, 10, 20, 50]: Recall=[0.03331, 0.05291, 0.08114, 0.13321],  precision=[0.00699, 0.00555, 0.00428, 0.00283], hit=[0.03487, 0.05518, 0.08491, 0.13921], ndcg=[0.02237, 0.02873, 0.03593, 0.04634], Train Rec Loss=[0.03137], Eval Rec Loss=[0.03145], c=[0.50000], F=[0.82889, 0.87022, 0.90450, 0.93962], F_fuse=[0.01387, 0.01103, 0.00853, 0.00564]
[ INFO : 2026-08-08 22:46:44,169 ] - Epoch 222: train==[133.78241 = 0.49862 + 1.10115 + 21.83168 + 0.01954 + 0.00000 + 0.00068 + 1225.89705]
[ INFO : 2026-08-08 22:46:53,203 ] - Test_@[5, 10, 20, 50]: Recall=[0.03303, 0.05207, 0.07993, 0.13111],  precision=[0.00692, 0.00548, 0.00421, 0.00278], hit=[0.03451, 0.05441, 0.08347, 0.13700], ndcg=[0.02216, 0.02832, 0.03540, 0.04564], Train Rec Loss=[0.03137], Eval Rec Loss=[0.03144], c=[0.50000], F=[0.82745, 0.87110, 0.90550, 0.94115], F_fuse=[0.01373, 0.01089, 0.00838, 0.00555]
[ INFO : 2026-08-08 22:49:18,991 ] - Epoch 223: train==[133.86540 = 0.52516 + 1.10112 + 21.88811 + 0.01960 + 0.00000 + 0.00068 + 1225.89705]
[ INFO : 2026-08-08 22:49:28,022 ] - Test_@[5, 10, 20, 50]: Recall=[0.03298, 0.05282, 0.08082, 0.13255],  precision=[0.00692, 0.00552, 0.00426, 0.00281], hit=[0.03451, 0.05487, 0.08444, 0.13839], ndcg=[0.02244, 0.02887, 0.03599, 0.04634], Train Rec Loss=[0.03135], Eval Rec Loss=[0.03144], c=[0.50000], F=[0.82796, 0.86970, 0.90406, 0.93951], F_fuse=[0.01373, 0.01098, 0.00848, 0.00561]
[ INFO : 2026-08-08 22:51:56,997 ] - Epoch 224: train==[133.90244 = 0.49435 + 1.10110 + 21.95592 + 0.01965 + 0.00000 + 0.00069 + 1225.89705]
[ INFO : 2026-08-08 22:52:06,027 ] - Test_@[5, 10, 20, 50]: Recall=[0.03296, 0.05160, 0.08028, 0.13202],  precision=[0.00690, 0.00542, 0.00423, 0.00280], hit=[0.03440, 0.05379, 0.08388, 0.13803], ndcg=[0.02217, 0.02824, 0.03556, 0.04591], Train Rec Loss=[0.03138], Eval Rec Loss=[0.03143], c=[0.50000], F=[0.82705, 0.87072, 0.90541, 0.94099], F_fuse=[0.01369, 0.01076, 0.00842, 0.00559]
[ INFO : 2026-08-08 22:54:30,834 ] - Epoch 225: train==[133.71534 = 0.49254 + 1.10106 + 21.77057 + 0.01974 + 0.00000 + 0.00068 + 1225.89705]
[ INFO : 2026-08-08 22:54:39,908 ] - Test_@[5, 10, 20, 50]: Recall=[0.03265, 0.05106, 0.07894, 0.13084],  precision=[0.00683, 0.00536, 0.00416, 0.00278], hit=[0.03404, 0.05328, 0.08259, 0.13659], ndcg=[0.02205, 0.02800, 0.03512, 0.04550], Train Rec Loss=[0.03137], Eval Rec Loss=[0.03144], c=[0.50000], F=[0.82708, 0.87082, 0.90560, 0.94114], F_fuse=[0.01355, 0.01066, 0.00829, 0.00554]
[ INFO : 2026-08-08 22:57:04,859 ] - Epoch 226: train==[133.89399 = 0.49396 + 1.10104 + 21.94782 + 0.01976 + 0.00000 + 0.00067 + 1225.89705]
[ INFO : 2026-08-08 22:57:13,896 ] - Test_@[5, 10, 20, 50]: Recall=[0.03399, 0.05254, 0.08070, 0.13300],  precision=[0.00712, 0.00550, 0.00426, 0.00283], hit=[0.03548, 0.05467, 0.08439, 0.13875], ndcg=[0.02285, 0.02885, 0.03605, 0.04654], Train Rec Loss=[0.03138], Eval Rec Loss=[0.03145], c=[0.50000], F=[0.82656, 0.87091, 0.90520, 0.94103], F_fuse=[0.01411, 0.01094, 0.00847, 0.00563]
[ INFO : 2026-08-08 22:59:38,546 ] - Epoch 227: train==[133.80444 = 0.49245 + 1.10101 + 21.85970 + 0.01988 + 0.00000 + 0.00067 + 1225.89705]
[ INFO : 2026-08-08 22:59:47,643 ] - Test_@[5, 10, 20, 50]: Recall=[0.03325, 0.05290, 0.08035, 0.13191],  precision=[0.00696, 0.00555, 0.00424, 0.00280], hit=[0.03471, 0.05508, 0.08413, 0.13788], ndcg=[0.02239, 0.02878, 0.03580, 0.04615], Train Rec Loss=[0.03139], Eval Rec Loss=[0.03145], c=[0.50000], F=[0.82803, 0.87080, 0.90475, 0.93945], F_fuse=[0.01381, 0.01103, 0.00843, 0.00559]
[ INFO : 2026-08-08 23:02:12,900 ] - Epoch 228: train==[133.71783 = 0.49141 + 1.10097 + 21.77414 + 0.01990 + 0.00000 + 0.00068 + 1225.89705]
[ INFO : 2026-08-08 23:02:21,956 ] - Test_@[5, 10, 20, 50]: Recall=[0.03273, 0.05235, 0.07964, 0.13239],  precision=[0.00687, 0.00551, 0.00420, 0.00281], hit=[0.03425, 0.05472, 0.08336, 0.13818], ndcg=[0.02218, 0.02854, 0.03550, 0.04607], Train Rec Loss=[0.03139], Eval Rec Loss=[0.03146], c=[0.50000], F=[0.82859, 0.87023, 0.90537, 0.94097], F_fuse=[0.01363, 0.01095, 0.00836, 0.00561]
[ INFO : 2026-08-08 23:04:47,670 ] - Epoch 229: train==[133.69208 = 0.49709 + 1.10095 + 21.74275 + 0.01987 + 0.00000 + 0.00068 + 1225.89705]
[ INFO : 2026-08-08 23:04:56,728 ] - Test_@[5, 10, 20, 50]: Recall=[0.03356, 0.05220, 0.08037, 0.13173],  precision=[0.00706, 0.00548, 0.00424, 0.00280], hit=[0.03512, 0.05446, 0.08413, 0.13762], ndcg=[0.02239, 0.02843, 0.03563, 0.04592], Train Rec Loss=[0.03139], Eval Rec Loss=[0.03148], c=[0.50000], F=[0.82816, 0.87092, 0.90528, 0.94020], F_fuse=[0.01399, 0.01090, 0.00845, 0.00557]
[ INFO : 2026-08-08 23:07:21,638 ] - Epoch 230: train==[133.88800 = 0.48991 + 1.10091 + 21.94578 + 0.01999 + 0.00000 + 0.00067 + 1225.89705]
[ INFO : 2026-08-08 23:07:30,687 ] - Test_@[5, 10, 20, 50]: Recall=[0.03374, 0.05220, 0.08047, 0.13294],  precision=[0.00709, 0.00548, 0.00424, 0.00283], hit=[0.03528, 0.05441, 0.08403, 0.13890], ndcg=[0.02247, 0.02846, 0.03568, 0.04619], Train Rec Loss=[0.03139], Eval Rec Loss=[0.03146], c=[0.50000], F=[0.82771, 0.87032, 0.90442, 0.94026], F_fuse=[0.01405, 0.01090, 0.00845, 0.00564]
[ INFO : 2026-08-08 23:09:57,723 ] - Epoch 231: train==[133.86425 = 0.48933 + 1.10088 + 21.92263 + 0.01999 + 0.00000 + 0.00068 + 1225.89705]
[ INFO : 2026-08-08 23:10:06,827 ] - Test_@[5, 10, 20, 50]: Recall=[0.03217, 0.05170, 0.08024, 0.13062],  precision=[0.00676, 0.00542, 0.00423, 0.00278], hit=[0.03368, 0.05379, 0.08383, 0.13644], ndcg=[0.02177, 0.02810, 0.03539, 0.04549], Train Rec Loss=[0.03140], Eval Rec Loss=[0.03147], c=[0.50000], F=[0.82751, 0.87095, 0.90544, 0.94058], F_fuse=[0.01341, 0.01077, 0.00842, 0.00554]
[ INFO : 2026-08-08 23:12:31,364 ] - Epoch 232: train==[133.75728 = 0.48885 + 1.10085 + 21.81610 + 0.02007 + 0.00000 + 0.00068 + 1225.89705]
[ INFO : 2026-08-08 23:12:40,393 ] - Test_@[5, 10, 20, 50]: Recall=[0.03326, 0.05201, 0.07985, 0.13197],  precision=[0.00697, 0.00548, 0.00422, 0.00281], hit=[0.03476, 0.05441, 0.08362, 0.13803], ndcg=[0.02243, 0.02853, 0.03564, 0.04612], Train Rec Loss=[0.03142], Eval Rec Loss=[0.03147], c=[0.50000], F=[0.82843, 0.86997, 0.90484, 0.94033], F_fuse=[0.01383, 0.01089, 0.00839, 0.00560]
[ INFO : 2026-08-08 23:15:16,660 ] - Epoch 233: train==[133.72703 = 0.48557 + 1.10080 + 21.78911 + 0.02013 + 0.00000 + 0.00067 + 1225.89705]
[ INFO : 2026-08-08 23:15:25,777 ] - Test_@[5, 10, 20, 50]: Recall=[0.03318, 0.05192, 0.07995, 0.13131],  precision=[0.00695, 0.00545, 0.00422, 0.00279], hit=[0.03466, 0.05405, 0.08372, 0.13710], ndcg=[0.02229, 0.02838, 0.03557, 0.04588], Train Rec Loss=[0.03142], Eval Rec Loss=[0.03150], c=[0.50000], F=[0.82760, 0.86941, 0.90372, 0.93973], F_fuse=[0.01379, 0.01082, 0.00841, 0.00557]
[ INFO : 2026-08-08 23:17:52,091 ] - Epoch 234: train==[133.71239 = 0.48561 + 1.10078 + 21.77435 + 0.02025 + 0.00000 + 0.00067 + 1225.89705]
[ INFO : 2026-08-08 23:18:01,261 ] - Test_@[5, 10, 20, 50]: Recall=[0.03316, 0.05134, 0.07952, 0.13219],  precision=[0.00696, 0.00538, 0.00419, 0.00281], hit=[0.03471, 0.05348, 0.08321, 0.13829], ndcg=[0.02227, 0.02819, 0.03541, 0.04597], Train Rec Loss=[0.03142], Eval Rec Loss=[0.03149], c=[0.50000], F=[0.82773, 0.87003, 0.90431, 0.93998], F_fuse=[0.01381, 0.01070, 0.00835, 0.00561]
[ INFO : 2026-08-08 23:20:28,416 ] - Epoch 235: train==[133.66461 = 0.48271 + 1.10073 + 21.72958 + 0.02018 + 0.00000 + 0.00066 + 1225.89705]
[ INFO : 2026-08-08 23:20:37,520 ] - Test_@[5, 10, 20, 50]: Recall=[0.03235, 0.05104, 0.08029, 0.13049],  precision=[0.00681, 0.00536, 0.00423, 0.00277], hit=[0.03394, 0.05328, 0.08383, 0.13623], ndcg=[0.02191, 0.02798, 0.03544, 0.04549], Train Rec Loss=[0.03143], Eval Rec Loss=[0.03153], c=[0.50000], F=[0.82882, 0.87221, 0.90561, 0.94084], F_fuse=[0.01351, 0.01066, 0.00842, 0.00553]
[ INFO : 2026-08-08 23:27:33,333 ] - Epoch 236: train==[133.73227 = 0.48211 + 1.10069 + 21.79786 + 0.02021 + 0.00000 + 0.00067 + 1225.89705]
[ INFO : 2026-08-08 23:27:42,403 ] - Test_@[5, 10, 20, 50]: Recall=[0.03317, 0.05168, 0.08024, 0.13178],  precision=[0.00696, 0.00542, 0.00423, 0.00280], hit=[0.03471, 0.05379, 0.08388, 0.13762], ndcg=[0.02228, 0.02828, 0.03555, 0.04586], Train Rec Loss=[0.03144], Eval Rec Loss=[0.03150], c=[0.50000], F=[0.82785, 0.87024, 0.90504, 0.94075], F_fuse=[0.01381, 0.01077, 0.00842, 0.00558]
[ INFO : 2026-08-08 23:35:14,940 ] - Epoch 237: train==[133.64675 = 0.48434 + 1.10066 + 21.71001 + 0.02033 + 0.00000 + 0.00067 + 1225.89705]
[ INFO : 2026-08-08 23:35:24,103 ] - Test_@[5, 10, 20, 50]: Recall=[0.03323, 0.05162, 0.08007, 0.13203],  precision=[0.00695, 0.00542, 0.00423, 0.00281], hit=[0.03471, 0.05379, 0.08388, 0.13798], ndcg=[0.02231, 0.02829, 0.03557, 0.04598], Train Rec Loss=[0.03145], Eval Rec Loss=[0.03153], c=[0.50000], F=[0.82817, 0.87056, 0.90507, 0.94069], F_fuse=[0.01379, 0.01076, 0.00842, 0.00560]
[ INFO : 2026-08-08 23:37:50,542 ] - Epoch 238: train==[133.80612 = 0.47921 + 1.10060 + 21.87459 + 0.02031 + 0.00000 + 0.00067 + 1225.89705]
[ INFO : 2026-08-08 23:37:59,691 ] - Test_@[5, 10, 20, 50]: Recall=[0.03298, 0.05122, 0.07975, 0.13185],  precision=[0.00694, 0.00537, 0.00421, 0.00281], hit=[0.03461, 0.05333, 0.08341, 0.13798], ndcg=[0.02207, 0.02797, 0.03526, 0.04570], Train Rec Loss=[0.03146], Eval Rec Loss=[0.03153], c=[0.50000], F=[0.82902, 0.86994, 0.90346, 0.93873], F_fuse=[0.01377, 0.01068, 0.00838, 0.00560]
[ INFO : 2026-08-08 23:40:26,138 ] - Epoch 239: train==[133.72162 = 0.47937 + 1.10058 + 21.78989 + 0.02036 + 0.00000 + 0.00068 + 1225.89705]
[ INFO : 2026-08-08 23:40:35,268 ] - Test_@[5, 10, 20, 50]: Recall=[0.03297, 0.05097, 0.07907, 0.12874],  precision=[0.00691, 0.00535, 0.00417, 0.00274], hit=[0.03446, 0.05318, 0.08269, 0.13458], ndcg=[0.02215, 0.02797, 0.03514, 0.04510], Train Rec Loss=[0.03146], Eval Rec Loss=[0.03155], c=[0.50000], F=[0.82516, 0.86933, 0.90429, 0.94033], F_fuse=[0.01371, 0.01064, 0.00830, 0.00546]
[ INFO : 2026-08-08 23:43:01,460 ] - Epoch 240: train==[133.66707 = 0.48109 + 1.10051 + 21.73368 + 0.02037 + 0.00000 + 0.00068 + 1225.89705]
[ INFO : 2026-08-08 23:43:10,611 ] - Test_@[5, 10, 20, 50]: Recall=[0.03311, 0.05197, 0.08018, 0.13170],  precision=[0.00693, 0.00546, 0.00423, 0.00280], hit=[0.03451, 0.05420, 0.08388, 0.13772], ndcg=[0.02225, 0.02838, 0.03557, 0.04589], Train Rec Loss=[0.03149], Eval Rec Loss=[0.03155], c=[0.50000], F=[0.82875, 0.87038, 0.90481, 0.94014], F_fuse=[0.01375, 0.01086, 0.00842, 0.00558]
[ INFO : 2026-08-08 23:45:36,907 ] - Epoch 241: train==[133.68880 = 0.47818 + 1.10048 + 21.75830 + 0.02044 + 0.00000 + 0.00067 + 1225.89705]
[ INFO : 2026-08-08 23:45:46,055 ] - Test_@[5, 10, 20, 50]: Recall=[0.03292, 0.05088, 0.07996, 0.13059],  precision=[0.00691, 0.00534, 0.00422, 0.00278], hit=[0.03446, 0.05312, 0.08372, 0.13674], ndcg=[0.02219, 0.02802, 0.03544, 0.04559], Train Rec Loss=[0.03148], Eval Rec Loss=[0.03156], c=[0.50000], F=[0.82717, 0.87046, 0.90463, 0.94013], F_fuse=[0.01371, 0.01062, 0.00841, 0.00554]
[ INFO : 2026-08-08 23:48:12,697 ] - Epoch 242: train==[133.69097 = 0.47666 + 1.10042 + 21.76205 + 0.02040 + 0.00000 + 0.00069 + 1225.89705]
[ INFO : 2026-08-08 23:48:21,800 ] - Test_@[5, 10, 20, 50]: Recall=[0.03275, 0.05065, 0.07957, 0.13067],  precision=[0.00690, 0.00531, 0.00420, 0.00278], hit=[0.03440, 0.05276, 0.08326, 0.13669], ndcg=[0.02217, 0.02798, 0.03537, 0.04560], Train Rec Loss=[0.03150], Eval Rec Loss=[0.03156], c=[0.50000], F=[0.82855, 0.87076, 0.90526, 0.94048], F_fuse=[0.01369, 0.01056, 0.00835, 0.00554]
[ INFO : 2026-08-08 23:50:47,807 ] - Epoch 243: train==[133.70093 = 0.47658 + 1.10038 + 21.77207 + 0.02048 + 0.00000 + 0.00068 + 1225.89705]
[ INFO : 2026-08-08 23:50:56,941 ] - Test_@[5, 10, 20, 50]: Recall=[0.03291, 0.05094, 0.07952, 0.13125],  precision=[0.00693, 0.00537, 0.00419, 0.00279], hit=[0.03451, 0.05328, 0.08311, 0.13736], ndcg=[0.02218, 0.02805, 0.03533, 0.04568], Train Rec Loss=[0.03151], Eval Rec Loss=[0.03159], c=[0.50000], F=[0.82717, 0.87118, 0.90566, 0.94105], F_fuse=[0.01375, 0.01067, 0.00834, 0.00557]
[ INFO : 2026-08-08 23:53:22,942 ] - Epoch 244: train==[133.64413 = 0.47305 + 1.10032 + 21.71880 + 0.02052 + 0.00000 + 0.00070 + 1225.89705]
[ INFO : 2026-08-08 23:53:32,127 ] - Test_@[5, 10, 20, 50]: Recall=[0.03268, 0.05194, 0.07885, 0.13000],  precision=[0.00686, 0.00545, 0.00416, 0.00276], hit=[0.03420, 0.05405, 0.08244, 0.13597], ndcg=[0.02237, 0.02860, 0.03545, 0.04572], Train Rec Loss=[0.03149], Eval Rec Loss=[0.03160], c=[0.50000], F=[0.82741, 0.87070, 0.90529, 0.94029], F_fuse=[0.01361, 0.01082, 0.00828, 0.00551]
[ INFO : 2026-08-08 23:55:57,978 ] - Epoch 245: train==[133.65276 = 0.47431 + 1.10026 + 21.72620 + 0.02057 + 0.00000 + 0.00068 + 1225.89705]
[ INFO : 2026-08-08 23:56:07,061 ] - Test_@[5, 10, 20, 50]: Recall=[0.03328, 0.05195, 0.08019, 0.13135],  precision=[0.00701, 0.00546, 0.00423, 0.00279], hit=[0.03497, 0.05420, 0.08377, 0.13741], ndcg=[0.02218, 0.02822, 0.03540, 0.04565], Train Rec Loss=[0.03151], Eval Rec Loss=[0.03156], c=[0.50000], F=[0.82843, 0.87011, 0.90443, 0.94039], F_fuse=[0.01391, 0.01084, 0.00842, 0.00557]
[ INFO : 2026-08-08 23:58:32,975 ] - Epoch 246: train==[133.61700 = 0.47280 + 1.10022 + 21.69199 + 0.02055 + 0.00000 + 0.00069 + 1225.89705]
[ INFO : 2026-08-08 23:58:42,103 ] - Test_@[5, 10, 20, 50]: Recall=[0.03320, 0.04995, 0.07879, 0.12990],  precision=[0.00697, 0.00526, 0.00416, 0.00276], hit=[0.03476, 0.05225, 0.08254, 0.13602], ndcg=[0.02222, 0.02766, 0.03505, 0.04529], Train Rec Loss=[0.03152], Eval Rec Loss=[0.03160], c=[0.50000], F=[0.82949, 0.87120, 0.90613, 0.94133], F_fuse=[0.01383, 0.01046, 0.00828, 0.00551]
[ INFO : 2026-08-09 00:01:07,638 ] - Epoch 247: train==[133.70804 = 0.47251 + 1.10015 + 21.78329 + 0.02067 + 0.00000 + 0.00068 + 1225.89705]
[ INFO : 2026-08-09 00:01:16,752 ] - Test_@[5, 10, 20, 50]: Recall=[0.03361, 0.05137, 0.07985, 0.12930],  precision=[0.00704, 0.00538, 0.00421, 0.00275], hit=[0.03507, 0.05348, 0.08352, 0.13525], ndcg=[0.02278, 0.02855, 0.03583, 0.04576], Train Rec Loss=[0.03152], Eval Rec Loss=[0.03161], c=[0.50000], F=[0.82641, 0.86984, 0.90481, 0.94044], F_fuse=[0.01395, 0.01070, 0.00838, 0.00548]
[ INFO : 2026-08-09 00:03:42,940 ] - Epoch 248: train==[133.71878 = 0.47225 + 1.10009 + 21.79429 + 0.02072 + 0.00000 + 0.00069 + 1225.89705]
[ INFO : 2026-08-09 00:03:52,111 ] - Test_@[5, 10, 20, 50]: Recall=[0.03237, 0.04910, 0.07821, 0.12816],  precision=[0.00680, 0.00517, 0.00413, 0.00273], hit=[0.03389, 0.05138, 0.08187, 0.13428], ndcg=[0.02187, 0.02734, 0.03475, 0.04474], Train Rec Loss=[0.03156], Eval Rec Loss=[0.03162], c=[0.50000], F=[0.82786, 0.87168, 0.90552, 0.94026], F_fuse=[0.01349, 0.01029, 0.00822, 0.00544]
[ INFO : 2026-08-09 00:06:16,354 ] - Epoch 249: train==[133.59562 = 0.46934 + 1.10003 + 21.67420 + 0.02060 + 0.00000 + 0.00070 + 1225.89705]
[ INFO : 2026-08-09 00:06:25,416 ] - Test_@[5, 10, 20, 50]: Recall=[0.03333, 0.05160, 0.07989, 0.12960],  precision=[0.00699, 0.00542, 0.00420, 0.00275], hit=[0.03487, 0.05390, 0.08352, 0.13551], ndcg=[0.02261, 0.02855, 0.03574, 0.04572], Train Rec Loss=[0.03156], Eval Rec Loss=[0.03159], c=[0.50000], F=[0.82801, 0.87087, 0.90554, 0.94090], F_fuse=[0.01387, 0.01077, 0.00837, 0.00549]
[ INFO : 2026-08-09 00:08:50,146 ] - Epoch 250: train==[133.66907 = 0.46918 + 1.09997 + 21.74770 + 0.02081 + 0.00000 + 0.00068 + 1225.89705]
[ INFO : 2026-08-09 00:08:59,217 ] - Test_@[5, 10, 20, 50]: Recall=[0.03258, 0.05158, 0.07944, 0.13008],  precision=[0.00685, 0.00542, 0.00419, 0.00277], hit=[0.03415, 0.05379, 0.08305, 0.13613], ndcg=[0.02205, 0.02824, 0.03533, 0.04548], Train Rec Loss=[0.03159], Eval Rec Loss=[0.03162], c=[0.50000], F=[0.82781, 0.87101, 0.90534, 0.94052], F_fuse=[0.01359, 0.01077, 0.00834, 0.00552]
[ INFO : 2026-08-09 00:11:24,719 ] - Epoch 251: train==[133.64485 = 0.46875 + 1.09989 + 21.72400 + 0.02078 + 0.00000 + 0.00070 + 1225.89705]
[ INFO : 2026-08-09 00:11:33,797 ] - Test_@[5, 10, 20, 50]: Recall=[0.03318, 0.05054, 0.07908, 0.13032],  precision=[0.00697, 0.00532, 0.00417, 0.00277], hit=[0.03476, 0.05276, 0.08285, 0.13623], ndcg=[0.02229, 0.02790, 0.03516, 0.04540], Train Rec Loss=[0.03158], Eval Rec Loss=[0.03166], c=[0.50000], F=[0.82953, 0.86975, 0.90434, 0.93919], F_fuse=[0.01383, 0.01057, 0.00831, 0.00552]
[ INFO : 2026-08-09 00:13:58,666 ] - Epoch 252: train==[133.58407 = 0.46716 + 1.09982 + 21.66475 + 0.02090 + 0.00000 + 0.00069 + 1225.89705]
[ INFO : 2026-08-09 00:14:07,738 ] - Test_@[5, 10, 20, 50]: Recall=[0.03313, 0.05125, 0.08046, 0.13046],  precision=[0.00694, 0.00538, 0.00424, 0.00277], hit=[0.03456, 0.05348, 0.08408, 0.13649], ndcg=[0.02236, 0.02825, 0.03569, 0.04572], Train Rec Loss=[0.03163], Eval Rec Loss=[0.03168], c=[0.50000], F=[0.82652, 0.87032, 0.90455, 0.93987], F_fuse=[0.01377, 0.01070, 0.00844, 0.00553]
[ INFO : 2026-08-09 00:16:33,162 ] - Epoch 253: train==[133.64286 = 0.46454 + 1.09975 + 21.72613 + 0.02104 + 0.00000 + 0.00066 + 1225.89705]
[ INFO : 2026-08-09 00:16:42,287 ] - Test_@[5, 10, 20, 50]: Recall=[0.03255, 0.05069, 0.07854, 0.12840],  precision=[0.00683, 0.00534, 0.00416, 0.00273], hit=[0.03399, 0.05297, 0.08233, 0.13417], ndcg=[0.02177, 0.02765, 0.03476, 0.04474], Train Rec Loss=[0.03164], Eval Rec Loss=[0.03168], c=[0.50000], F=[0.82934, 0.87090, 0.90513, 0.93999], F_fuse=[0.01355, 0.01061, 0.00827, 0.00544]
[ INFO : 2026-08-09 00:19:07,985 ] - Epoch 254: train==[133.63383 = 0.46642 + 1.09970 + 21.71535 + 0.02094 + 0.00000 + 0.00068 + 1225.89705]
[ INFO : 2026-08-09 00:19:17,057 ] - Test_@[5, 10, 20, 50]: Recall=[0.03209, 0.05079, 0.07884, 0.12973],  precision=[0.00675, 0.00534, 0.00416, 0.00276], hit=[0.03363, 0.05307, 0.08244, 0.13556], ndcg=[0.02163, 0.02770, 0.03485, 0.04506], Train Rec Loss=[0.03163], Eval Rec Loss=[0.03168], c=[0.50000], F=[0.82781, 0.87082, 0.90551, 0.94061], F_fuse=[0.01339, 0.01061, 0.00827, 0.00550]
[ INFO : 2026-08-09 00:21:42,640 ] - Epoch 255: train==[133.67790 = 0.46477 + 1.09960 + 21.76114 + 0.02099 + 0.00000 + 0.00067 + 1225.89705]
[ INFO : 2026-08-09 00:21:51,758 ] - Test_@[5, 10, 20, 50]: Recall=[0.03290, 0.05029, 0.07900, 0.12813],  precision=[0.00693, 0.00530, 0.00416, 0.00273], hit=[0.03451, 0.05261, 0.08259, 0.13417], ndcg=[0.02229, 0.02794, 0.03524, 0.04512], Train Rec Loss=[0.03163], Eval Rec Loss=[0.03172], c=[0.50000], F=[0.82877, 0.87042, 0.90515, 0.94011], F_fuse=[0.01375, 0.01054, 0.00829, 0.00544]
[ INFO : 2026-08-09 00:24:17,474 ] - Epoch 256: train==[133.55717 = 0.45946 + 1.09955 + 21.64570 + 0.02105 + 0.00000 + 0.00067 + 1225.89705]
[ INFO : 2026-08-09 00:24:26,458 ] - Test_@[5, 10, 20, 50]: Recall=[0.03256, 0.05109, 0.07869, 0.12936],  precision=[0.00685, 0.00537, 0.00415, 0.00275], hit=[0.03415, 0.05328, 0.08213, 0.13520], ndcg=[0.02190, 0.02793, 0.03498, 0.04514], Train Rec Loss=[0.03167], Eval Rec Loss=[0.03172], c=[0.50000], F=[0.82615, 0.86928, 0.90443, 0.93972], F_fuse=[0.01359, 0.01067, 0.00825, 0.00549]
[ INFO : 2026-08-09 00:26:52,233 ] - Epoch 257: train==[133.61256 = 0.46199 + 1.09943 + 21.69860 + 0.02112 + 0.00000 + 0.00067 + 1225.89705]
[ INFO : 2026-08-09 00:27:01,328 ] - Test_@[5, 10, 20, 50]: Recall=[0.03262, 0.05003, 0.07784, 0.12861],  precision=[0.00685, 0.00525, 0.00411, 0.00273], hit=[0.03415, 0.05215, 0.08156, 0.13469], ndcg=[0.02205, 0.02767, 0.03475, 0.04489], Train Rec Loss=[0.03167], Eval Rec Loss=[0.03173], c=[0.50000], F=[0.82993, 0.87217, 0.90578, 0.93990], F_fuse=[0.01359, 0.01044, 0.00818, 0.00545]
[ INFO : 2026-08-09 00:29:26,110 ] - Epoch 258: train==[133.71117 = 0.46347 + 1.09936 + 21.79589 + 0.02102 + 0.00000 + 0.00069 + 1225.89705]
[ INFO : 2026-08-09 00:29:35,188 ] - Test_@[5, 10, 20, 50]: Recall=[0.03238, 0.05047, 0.07903, 0.12971],  precision=[0.00682, 0.00530, 0.00417, 0.00276], hit=[0.03399, 0.05261, 0.08269, 0.13577], ndcg=[0.02183, 0.02769, 0.03497, 0.04513], Train Rec Loss=[0.03166], Eval Rec Loss=[0.03177], c=[0.50000], F=[0.82782, 0.86991, 0.90528, 0.94031], F_fuse=[0.01353, 0.01054, 0.00831, 0.00550]
[ INFO : 2026-08-09 00:31:59,885 ] - Epoch 259: train==[133.47796 = 0.45872 + 1.09927 + 21.56739 + 0.02116 + 0.00000 + 0.00068 + 1225.89705]
[ INFO : 2026-08-09 00:32:08,911 ] - Test_@[5, 10, 20, 50]: Recall=[0.03236, 0.05055, 0.07905, 0.12813],  precision=[0.00680, 0.00531, 0.00416, 0.00272], hit=[0.03389, 0.05271, 0.08264, 0.13397], ndcg=[0.02202, 0.02794, 0.03520, 0.04504], Train Rec Loss=[0.03174], Eval Rec Loss=[0.03179], c=[0.50000], F=[0.82844, 0.87098, 0.90533, 0.94008], F_fuse=[0.01349, 0.01055, 0.00829, 0.00543]
[ INFO : 2026-08-09 00:34:35,691 ] - Epoch 260: train==[133.56663 = 0.45604 + 1.09919 + 21.65878 + 0.02122 + 0.00000 + 0.00067 + 1225.89705]
[ INFO : 2026-08-09 00:34:44,796 ] - Test_@[5, 10, 20, 50]: Recall=[0.03252, 0.04989, 0.07874, 0.12972],  precision=[0.00684, 0.00525, 0.00415, 0.00276], hit=[0.03410, 0.05204, 0.08223, 0.13561], ndcg=[0.02208, 0.02774, 0.03508, 0.04531], Train Rec Loss=[0.03173], Eval Rec Loss=[0.03179], c=[0.50000], F=[0.82867, 0.87118, 0.90486, 0.94000], F_fuse=[0.01357, 0.01043, 0.00825, 0.00550]
[ INFO : 2026-08-09 00:37:10,939 ] - Epoch 261: train==[133.63100 = 0.46055 + 1.09911 + 21.71866 + 0.02128 + 0.00000 + 0.00067 + 1225.89705]
[ INFO : 2026-08-09 00:37:20,074 ] - Test_@[5, 10, 20, 50]: Recall=[0.03156, 0.05017, 0.07835, 0.12880],  precision=[0.00663, 0.00529, 0.00413, 0.00274], hit=[0.03307, 0.05251, 0.08172, 0.13469], ndcg=[0.02143, 0.02748, 0.03465, 0.04475], Train Rec Loss=[0.03172], Eval Rec Loss=[0.03181], c=[0.50000], F=[0.82772, 0.87049, 0.90466, 0.94007], F_fuse=[0.01316, 0.01051, 0.00822, 0.00547]
[ INFO : 2026-08-09 00:39:45,762 ] - Epoch 262: train==[133.61293 = 0.45655 + 1.09901 + 21.70464 + 0.02132 + 0.00000 + 0.00068 + 1225.89705]
[ INFO : 2026-08-09 00:39:54,903 ] - Test_@[5, 10, 20, 50]: Recall=[0.03319, 0.05108, 0.07931, 0.13074],  precision=[0.00695, 0.00535, 0.00418, 0.00278], hit=[0.03466, 0.05318, 0.08285, 0.13685], ndcg=[0.02233, 0.02816, 0.03534, 0.04567], Train Rec Loss=[0.03175], Eval Rec Loss=[0.03182], c=[0.50000], F=[0.83019, 0.87229, 0.90639, 0.94067], F_fuse=[0.01379, 0.01064, 0.00832, 0.00554]
[ INFO : 2026-08-09 00:42:20,896 ] - Epoch 263: train==[133.52711 = 0.45538 + 1.09891 + 21.62010 + 0.02129 + 0.00000 + 0.00069 + 1225.89705]
[ INFO : 2026-08-09 00:42:29,983 ] - Test_@[5, 10, 20, 50]: Recall=[0.03299, 0.05129, 0.07997, 0.12906],  precision=[0.00692, 0.00538, 0.00421, 0.00275], hit=[0.03451, 0.05343, 0.08357, 0.13510], ndcg=[0.02207, 0.02799, 0.03529, 0.04513], Train Rec Loss=[0.03177], Eval Rec Loss=[0.03182], c=[0.50000], F=[0.82902, 0.87101, 0.90486, 0.93947], F_fuse=[0.01373, 0.01069, 0.00839, 0.00548]
[ INFO : 2026-08-09 00:44:55,158 ] - Epoch 264: train==[133.66745 = 0.45344 + 1.09882 + 21.76239 + 0.02136 + 0.00000 + 0.00070 + 1225.89705]
[ INFO : 2026-08-09 00:45:04,235 ] - Test_@[5, 10, 20, 50]: Recall=[0.03164, 0.04993, 0.07866, 0.12764],  precision=[0.00666, 0.00525, 0.00415, 0.00272], hit=[0.03317, 0.05215, 0.08213, 0.13350], ndcg=[0.02138, 0.02732, 0.03462, 0.04444], Train Rec Loss=[0.03181], Eval Rec Loss=[0.03184], c=[0.50000], F=[0.82620, 0.87118, 0.90498, 0.94058], F_fuse=[0.01322, 0.01044, 0.00825, 0.00542]
[ INFO : 2026-08-09 00:47:30,223 ] - Epoch 265: train==[133.53753 = 0.45529 + 1.09871 + 21.63069 + 0.02143 + 0.00000 + 0.00068 + 1225.89705]
[ INFO : 2026-08-09 00:47:39,284 ] - Test_@[5, 10, 20, 50]: Recall=[0.03290, 0.05005, 0.07898, 0.12870],  precision=[0.00691, 0.00525, 0.00417, 0.00273], hit=[0.03440, 0.05215, 0.08269, 0.13448], ndcg=[0.02217, 0.02775, 0.03512, 0.04504], Train Rec Loss=[0.03181], Eval Rec Loss=[0.03186], c=[0.50000], F=[0.82850, 0.87177, 0.90651, 0.94134], F_fuse=[0.01371, 0.01044, 0.00830, 0.00545]
[ INFO : 2026-08-09 00:50:04,832 ] - Epoch 266: train==[133.44655 = 0.45341 + 1.09861 + 21.54165 + 0.02146 + 0.00000 + 0.00068 + 1225.89705]
[ INFO : 2026-08-09 00:50:13,906 ] - Test_@[5, 10, 20, 50]: Recall=[0.03174, 0.04927, 0.07720, 0.12616],  precision=[0.00669, 0.00518, 0.00407, 0.00268], hit=[0.03332, 0.05138, 0.08059, 0.13176], ndcg=[0.02154, 0.02726, 0.03439, 0.04419], Train Rec Loss=[0.03185], Eval Rec Loss=[0.03189], c=[0.50000], F=[0.82646, 0.87074, 0.90621, 0.94112], F_fuse=[0.01326, 0.01031, 0.00809, 0.00535]
[ INFO : 2026-08-09 00:52:39,174 ] - Epoch 267: train==[133.50490 = 0.45418 + 1.09850 + 21.59928 + 0.02151 + 0.00000 + 0.00069 + 1225.89705]
[ INFO : 2026-08-09 00:52:48,258 ] - Test_@[5, 10, 20, 50]: Recall=[0.03291, 0.05003, 0.07984, 0.12819],  precision=[0.00691, 0.00525, 0.00421, 0.00273], hit=[0.03440, 0.05204, 0.08352, 0.13407], ndcg=[0.02230, 0.02784, 0.03544, 0.04512], Train Rec Loss=[0.03187], Eval Rec Loss=[0.03191], c=[0.50000], F=[0.82908, 0.87229, 0.90603, 0.94000], F_fuse=[0.01371, 0.01044, 0.00838, 0.00544]
[ INFO : 2026-08-09 00:55:13,980 ] - Epoch 268: train==[133.57299 = 0.45281 + 1.09840 + 21.66884 + 0.02152 + 0.00000 + 0.00068 + 1225.89705]
[ INFO : 2026-08-09 00:55:23,112 ] - Test_@[5, 10, 20, 50]: Recall=[0.03288, 0.05071, 0.07849, 0.12937],  precision=[0.00691, 0.00533, 0.00415, 0.00275], hit=[0.03446, 0.05297, 0.08218, 0.13530], ndcg=[0.02215, 0.02792, 0.03500, 0.04519], Train Rec Loss=[0.03187], Eval Rec Loss=[0.03195], c=[0.50000], F=[0.82889, 0.87153, 0.90530, 0.93989], F_fuse=[0.01371, 0.01060, 0.00826, 0.00548]
[ INFO : 2026-08-09 00:57:48,408 ] - Epoch 269: train==[133.49079 = 0.44979 + 1.09830 + 21.58965 + 0.02163 + 0.00000 + 0.00067 + 1225.89705]
[ INFO : 2026-08-09 00:57:57,500 ] - Test_@[5, 10, 20, 50]: Recall=[0.03196, 0.05081, 0.07925, 0.12910],  precision=[0.00672, 0.00533, 0.00418, 0.00275], hit=[0.03348, 0.05292, 0.08275, 0.13510], ndcg=[0.02181, 0.02794, 0.03519, 0.04519], Train Rec Loss=[0.03193], Eval Rec Loss=[0.03197], c=[0.50000], F=[0.82971, 0.87178, 0.90554, 0.93982], F_fuse=[0.01332, 0.01060, 0.00832, 0.00548]
[ INFO : 2026-08-09 01:00:22,332 ] - Epoch 270: train==[133.54896 = 0.45074 + 1.09818 + 21.64695 + 0.02168 + 0.00000 + 0.00067 + 1225.89705]
[ INFO : 2026-08-09 01:00:31,454 ] - Test_@[5, 10, 20, 50]: Recall=[0.03275, 0.05030, 0.07788, 0.12829],  precision=[0.00689, 0.00528, 0.00411, 0.00273], hit=[0.03435, 0.05235, 0.08151, 0.13428], ndcg=[0.02208, 0.02775, 0.03478, 0.04486], Train Rec Loss=[0.03194], Eval Rec Loss=[0.03198], c=[0.50000], F=[0.82800, 0.87052, 0.90455, 0.93943], F_fuse=[0.01367, 0.01049, 0.00819, 0.00545]
[ INFO : 2026-08-09 01:02:56,827 ] - Epoch 271: train==[133.62926 = 0.44920 + 1.09807 + 21.72898 + 0.02155 + 0.00000 + 0.00071 + 1225.89705]
[ INFO : 2026-08-09 01:03:05,809 ] - Test_@[5, 10, 20, 50]: Recall=[0.03232, 0.05035, 0.07784, 0.12794],  precision=[0.00679, 0.00529, 0.00411, 0.00272], hit=[0.03384, 0.05251, 0.08146, 0.13371], ndcg=[0.02201, 0.02788, 0.03487, 0.04488], Train Rec Loss=[0.03194], Eval Rec Loss=[0.03198], c=[0.50000], F=[0.82863, 0.87185, 0.90607, 0.94029], F_fuse=[0.01347, 0.01052, 0.00819, 0.00542]
[ INFO : 2026-08-09 01:05:31,627 ] - Epoch 272: train==[133.47154 = 0.44697 + 1.09794 + 21.57353 + 0.02169 + 0.00000 + 0.00068 + 1225.89705]
[ INFO : 2026-08-09 01:05:40,698 ] - Test_@[5, 10, 20, 50]: Recall=[0.03279, 0.05088, 0.07886, 0.12975],  precision=[0.00688, 0.00535, 0.00416, 0.00276], hit=[0.03425, 0.05307, 0.08233, 0.13572], ndcg=[0.02212, 0.02801, 0.03513, 0.04535], Train Rec Loss=[0.03197], Eval Rec Loss=[0.03200], c=[0.50000], F=[0.82931, 0.87164, 0.90545, 0.94035], F_fuse=[0.01365, 0.01064, 0.00827, 0.00551]
[ INFO : 2026-08-09 01:08:05,011 ] - Epoch 273: train==[133.55237 = 0.44926 + 1.09783 + 21.65204 + 0.02184 + 0.00000 + 0.00066 + 1225.89705]
[ INFO : 2026-08-09 01:08:14,074 ] - Test_@[5, 10, 20, 50]: Recall=[0.03244, 0.05069, 0.07779, 0.12943],  precision=[0.00682, 0.00533, 0.00410, 0.00275], hit=[0.03399, 0.05292, 0.08136, 0.13546], ndcg=[0.02212, 0.02799, 0.03488, 0.04521], Train Rec Loss=[0.03196], Eval Rec Loss=[0.03205], c=[0.50000], F=[0.82954, 0.87124, 0.90550, 0.93972], F_fuse=[0.01353, 0.01060, 0.00817, 0.00549]
[ INFO : 2026-08-09 01:10:39,148 ] - Epoch 274: train==[133.43247 = 0.44510 + 1.09769 + 21.53647 + 0.02178 + 0.00000 + 0.00068 + 1225.89705]
[ INFO : 2026-08-09 01:10:48,217 ] - Test_@[5, 10, 20, 50]: Recall=[0.03218, 0.05015, 0.07867, 0.12840],  precision=[0.00675, 0.00527, 0.00414, 0.00273], hit=[0.03363, 0.05230, 0.08213, 0.13458], ndcg=[0.02179, 0.02763, 0.03487, 0.04483], Train Rec Loss=[0.03199], Eval Rec Loss=[0.03203], c=[0.50000], F=[0.82902, 0.87092, 0.90565, 0.94029], F_fuse=[0.01339, 0.01048, 0.00825, 0.00545]
[ INFO : 2026-08-09 01:13:13,850 ] - Epoch 275: train==[133.53529 = 0.44382 + 1.09758 + 21.64065 + 0.02182 + 0.00000 + 0.00067 + 1225.89705]
[ INFO : 2026-08-09 01:13:22,987 ] - Test_@[5, 10, 20, 50]: Recall=[0.03185, 0.05001, 0.07720, 0.12664],  precision=[0.00670, 0.00525, 0.00407, 0.00269], hit=[0.03338, 0.05215, 0.08074, 0.13248], ndcg=[0.02138, 0.02727, 0.03419, 0.04408], Train Rec Loss=[0.03203], Eval Rec Loss=[0.03210], c=[0.50000], F=[0.82882, 0.87241, 0.90661, 0.94095], F_fuse=[0.01328, 0.01044, 0.00811, 0.00537]
[ INFO : 2026-08-09 01:15:48,707 ] - Epoch 276: train==[133.48734 = 0.44824 + 1.09743 + 21.58837 + 0.02188 + 0.00000 + 0.00067 + 1225.89705]
[ INFO : 2026-08-09 01:15:57,779 ] - Test_@[5, 10, 20, 50]: Recall=[0.03253, 0.05033, 0.07914, 0.12741],  precision=[0.00680, 0.00529, 0.00418, 0.00271], hit=[0.03389, 0.05256, 0.08269, 0.13320], ndcg=[0.02202, 0.02782, 0.03518, 0.04485], Train Rec Loss=[0.03206], Eval Rec Loss=[0.03215], c=[0.50000], F=[0.82858, 0.87152, 0.90637, 0.94044], F_fuse=[0.01349, 0.01051, 0.00832, 0.00540]
[ INFO : 2026-08-09 01:18:23,631 ] - Epoch 277: train==[133.48699 = 0.44553 + 1.09731 + 21.59087 + 0.02186 + 0.00000 + 0.00068 + 1225.89705]
[ INFO : 2026-08-09 01:18:32,795 ] - Test_@[5, 10, 20, 50]: Recall=[0.03216, 0.05050, 0.07752, 0.12706],  precision=[0.00676, 0.00531, 0.00409, 0.00270], hit=[0.03363, 0.05271, 0.08100, 0.13268], ndcg=[0.02200, 0.02791, 0.03479, 0.04469], Train Rec Loss=[0.03209], Eval Rec Loss=[0.03218], c=[0.50000], F=[0.82895, 0.87166, 0.90614, 0.94010], F_fuse=[0.01341, 0.01055, 0.00814, 0.00538]
[ INFO : 2026-08-09 01:20:58,997 ] - Epoch 278: train==[133.38189 = 0.44205 + 1.09717 + 21.48930 + 0.02193 + 0.00000 + 0.00070 + 1225.89705]
[ INFO : 2026-08-09 01:21:08,094 ] - Test_@[5, 10, 20, 50]: Recall=[0.03291, 0.05008, 0.07731, 0.12720],  precision=[0.00692, 0.00527, 0.00408, 0.00271], hit=[0.03451, 0.05230, 0.08074, 0.13294], ndcg=[0.02230, 0.02788, 0.03480, 0.04479], Train Rec Loss=[0.03214], Eval Rec Loss=[0.03225], c=[0.50000], F=[0.82776, 0.87188, 0.90628, 0.94067], F_fuse=[0.01373, 0.01048, 0.00812, 0.00539]
[ INFO : 2026-08-09 01:23:33,213 ] - Epoch 279: train==[133.50559 = 0.44230 + 1.09702 + 21.61301 + 0.02179 + 0.00000 + 0.00072 + 1225.89705]
[ INFO : 2026-08-09 01:23:42,332 ] - Test_@[5, 10, 20, 50]: Recall=[0.03245, 0.05073, 0.07946, 0.13078],  precision=[0.00681, 0.00533, 0.00419, 0.00278], hit=[0.03394, 0.05287, 0.08300, 0.13674], ndcg=[0.02194, 0.02786, 0.03520, 0.04548], Train Rec Loss=[0.03217], Eval Rec Loss=[0.03223], c=[0.50000], F=[0.82850, 0.87033, 0.90483, 0.93939], F_fuse=[0.01351, 0.01059, 0.00834, 0.00555]
[ INFO : 2026-08-09 01:26:07,818 ] - Epoch 280: train==[133.54617 = 0.44317 + 1.09691 + 21.65274 + 0.02193 + 0.00000 + 0.00069 + 1225.89705]
[ INFO : 2026-08-09 01:26:16,899 ] - Test_@[5, 10, 20, 50]: Recall=[0.03265, 0.05109, 0.07936, 0.12940],  precision=[0.00686, 0.00536, 0.00420, 0.00275], hit=[0.03420, 0.05323, 0.08300, 0.13536], ndcg=[0.02174, 0.02769, 0.03488, 0.04489], Train Rec Loss=[0.03223], Eval Rec Loss=[0.03227], c=[0.50000], F=[0.83003, 0.87238, 0.90603, 0.94028], F_fuse=[0.01361, 0.01065, 0.00835, 0.00549]
[ INFO : 2026-08-09 01:28:41,464 ] - Epoch 281: train==[133.38386 = 0.44041 + 1.09676 + 21.49318 + 0.02210 + 0.00000 + 0.00067 + 1225.89705]
[ INFO : 2026-08-09 01:28:50,583 ] - Test_@[5, 10, 20, 50]: Recall=[0.03186, 0.04922, 0.07731, 0.12637],  precision=[0.00668, 0.00516, 0.00408, 0.00269], hit=[0.03322, 0.05122, 0.08084, 0.13227], ndcg=[0.02154, 0.02715, 0.03432, 0.04416], Train Rec Loss=[0.03225], Eval Rec Loss=[0.03227], c=[0.50000], F=[0.82899, 0.87103, 0.90541, 0.93943], F_fuse=[0.01324, 0.01026, 0.00813, 0.00536]
[ INFO : 2026-08-09 01:31:15,965 ] - Epoch 282: train==[133.47860 = 0.43677 + 1.09663 + 21.59169 + 0.02208 + 0.00000 + 0.00070 + 1225.89705]
[ INFO : 2026-08-09 01:31:25,035 ] - Test_@[5, 10, 20, 50]: Recall=[0.03212, 0.04916, 0.07763, 0.12762],  precision=[0.00675, 0.00516, 0.00410, 0.00272], hit=[0.03363, 0.05127, 0.08110, 0.13361], ndcg=[0.02163, 0.02719, 0.03445, 0.04445], Train Rec Loss=[0.03222], Eval Rec Loss=[0.03237], c=[0.50000], F=[0.82854, 0.87132, 0.90531, 0.93980], F_fuse=[0.01339, 0.01027, 0.00816, 0.00542]
[ INFO : 2026-08-09 01:33:50,856 ] - Epoch 283: train==[133.43193 = 0.44157 + 1.09649 + 21.54027 + 0.02217 + 0.00000 + 0.00068 + 1225.89705]
[ INFO : 2026-08-09 01:33:59,928 ] - Test_@[5, 10, 20, 50]: Recall=[0.03206, 0.05069, 0.07761, 0.12884],  precision=[0.00675, 0.00533, 0.00410, 0.00274], hit=[0.03358, 0.05297, 0.08115, 0.13458], ndcg=[0.02182, 0.02788, 0.03473, 0.04497], Train Rec Loss=[0.03232], Eval Rec Loss=[0.03223], c=[0.50000], F=[0.82841, 0.87272, 0.90644, 0.94080], F_fuse=[0.01339, 0.01060, 0.00816, 0.00546]
[ INFO : 2026-08-09 01:36:25,557 ] - Epoch 284: train==[133.39172 = 0.43627 + 1.09636 + 21.50556 + 0.02210 + 0.00000 + 0.00070 + 1225.89705]
[ INFO : 2026-08-09 01:36:34,637 ] - Test_@[5, 10, 20, 50]: Recall=[0.03217, 0.05050, 0.07804, 0.12779],  precision=[0.00678, 0.00530, 0.00412, 0.00272], hit=[0.03374, 0.05261, 0.08156, 0.13366], ndcg=[0.02191, 0.02786, 0.03487, 0.04485], Train Rec Loss=[0.03235], Eval Rec Loss=[0.03239], c=[0.50000], F=[0.82934, 0.87127, 0.90569, 0.94004], F_fuse=[0.01345, 0.01053, 0.00820, 0.00542]
[ INFO : 2026-08-09 01:39:00,604 ] - Epoch 285: train==[133.46121 = 0.43468 + 1.09622 + 21.57664 + 0.02226 + 0.00000 + 0.00068 + 1225.89705]
[ INFO : 2026-08-09 01:39:09,682 ] - Test_@[5, 10, 20, 50]: Recall=[0.03140, 0.05018, 0.07669, 0.12637],  precision=[0.00659, 0.00527, 0.00404, 0.00268], hit=[0.03286, 0.05235, 0.08012, 0.13196], ndcg=[0.02149, 0.02761, 0.03436, 0.04432], Train Rec Loss=[0.03244], Eval Rec Loss=[0.03233], c=[0.50000], F=[0.82647, 0.87109, 0.90595, 0.94090], F_fuse=[0.01308, 0.01048, 0.00805, 0.00535]
[ INFO : 2026-08-09 01:41:34,410 ] - Epoch 286: train==[133.44728 = 0.43581 + 1.09608 + 21.56172 + 0.02226 + 0.00000 + 0.00069 + 1225.89705]
[ INFO : 2026-08-09 01:41:43,483 ] - Test_@[5, 10, 20, 50]: Recall=[0.03138, 0.05103, 0.07892, 0.12750],  precision=[0.00660, 0.00536, 0.00417, 0.00272], hit=[0.03286, 0.05307, 0.08254, 0.13345], ndcg=[0.02161, 0.02800, 0.03509, 0.04482], Train Rec Loss=[0.03239], Eval Rec Loss=[0.03242], c=[0.50000], F=[0.82813, 0.87161, 0.90580, 0.94071], F_fuse=[0.01310, 0.01065, 0.00830, 0.00542]
[ INFO : 2026-08-09 01:44:08,395 ] - Epoch 287: train==[133.39704 = 0.43891 + 1.09593 + 21.50845 + 0.02233 + 0.00000 + 0.00068 + 1225.89705]
[ INFO : 2026-08-09 01:44:17,446 ] - Test_@[5, 10, 20, 50]: Recall=[0.03199, 0.04954, 0.07746, 0.12568],  precision=[0.00670, 0.00519, 0.00409, 0.00267], hit=[0.03338, 0.05158, 0.08084, 0.13155], ndcg=[0.02171, 0.02740, 0.03451, 0.04417], Train Rec Loss=[0.03240], Eval Rec Loss=[0.03242], c=[0.50000], F=[0.82810, 0.87210, 0.90619, 0.94061], F_fuse=[0.01328, 0.01033, 0.00814, 0.00533]
[ INFO : 2026-08-09 01:46:42,609 ] - Epoch 288: train==[133.48730 = 0.43292 + 1.09579 + 21.60496 + 0.02220 + 0.00000 + 0.00071 + 1225.89705]
[ INFO : 2026-08-09 01:46:51,681 ] - Test_@[5, 10, 20, 50]: Recall=[0.03164, 0.05089, 0.07819, 0.12865],  precision=[0.00665, 0.00535, 0.00412, 0.00274], hit=[0.03317, 0.05307, 0.08167, 0.13443], ndcg=[0.02161, 0.02785, 0.03479, 0.04489], Train Rec Loss=[0.03237], Eval Rec Loss=[0.03253], c=[0.50000], F=[0.82844, 0.87094, 0.90562, 0.93958], F_fuse=[0.01320, 0.01063, 0.00821, 0.00546]
[ INFO : 2026-08-09 01:49:16,491 ] - Epoch 289: train==[133.31741 = 0.43397 + 1.09563 + 21.43403 + 0.02236 + 0.00000 + 0.00068 + 1225.89705]
[ INFO : 2026-08-09 01:49:25,533 ] - Test_@[5, 10, 20, 50]: Recall=[0.03181, 0.05107, 0.07787, 0.12753],  precision=[0.00671, 0.00536, 0.00410, 0.00272], hit=[0.03338, 0.05318, 0.08131, 0.13356], ndcg=[0.02162, 0.02785, 0.03464, 0.04458], Train Rec Loss=[0.03244], Eval Rec Loss=[0.03256], c=[0.50000], F=[0.82780, 0.87144, 0.90597, 0.94031], F_fuse=[0.01330, 0.01065, 0.00817, 0.00542]
[ INFO : 2026-08-09 01:51:51,190 ] - Epoch 290: train==[133.38531 = 0.43344 + 1.09549 + 21.50256 + 0.02241 + 0.00000 + 0.00068 + 1225.89705]
[ INFO : 2026-08-09 01:52:00,297 ] - Test_@[5, 10, 20, 50]: Recall=[0.03164, 0.05066, 0.07583, 0.12514],  precision=[0.00666, 0.00531, 0.00400, 0.00266], hit=[0.03317, 0.05271, 0.07920, 0.13098], ndcg=[0.02144, 0.02758, 0.03400, 0.04388], Train Rec Loss=[0.03248], Eval Rec Loss=[0.03257], c=[0.50000], F=[0.82765, 0.87190, 0.90779, 0.94204], F_fuse=[0.01322, 0.01056, 0.00797, 0.00531]
[ INFO : 2026-08-09 01:54:25,947 ] - Epoch 291: train==[133.47695 = 0.43663 + 1.09536 + 21.59115 + 0.02238 + 0.00000 + 0.00070 + 1225.89705]
[ INFO : 2026-08-09 01:54:35,042 ] - Test_@[5, 10, 20, 50]: Recall=[0.03295, 0.05094, 0.07706, 0.12632],  precision=[0.00691, 0.00533, 0.00406, 0.00269], hit=[0.03440, 0.05292, 0.08048, 0.13232], ndcg=[0.02210, 0.02794, 0.03458, 0.04446], Train Rec Loss=[0.03253], Eval Rec Loss=[0.03260], c=[0.50000], F=[0.83015, 0.87308, 0.90741, 0.94094], F_fuse=[0.01371, 0.01059, 0.00808, 0.00537]
[ INFO : 2026-08-09 01:57:01,440 ] - Epoch 292: train==[133.34783 = 0.43054 + 1.09520 + 21.46825 + 0.02240 + 0.00000 + 0.00071 + 1225.89705]
[ INFO : 2026-08-09 01:57:10,612 ] - Test_@[5, 10, 20, 50]: Recall=[0.03263, 0.05065, 0.07795, 0.12727],  precision=[0.00686, 0.00531, 0.00411, 0.00271], hit=[0.03415, 0.05276, 0.08136, 0.13314], ndcg=[0.02214, 0.02796, 0.03490, 0.04479], Train Rec Loss=[0.03258], Eval Rec Loss=[0.03264], c=[0.50000], F=[0.82750, 0.87141, 0.90579, 0.94034], F_fuse=[0.01361, 0.01056, 0.00819, 0.00540]
[ INFO : 2026-08-09 01:59:36,903 ] - Epoch 293: train==[133.39196 = 0.43181 + 1.09505 + 21.51120 + 0.02248 + 0.00000 + 0.00068 + 1225.89705]
[ INFO : 2026-08-09 01:59:46,024 ] - Test_@[5, 10, 20, 50]: Recall=[0.03207, 0.04886, 0.07607, 0.12422],  precision=[0.00674, 0.00515, 0.00402, 0.00264], hit=[0.03348, 0.05112, 0.07961, 0.12985], ndcg=[0.02173, 0.02718, 0.03407, 0.04371], Train Rec Loss=[0.03260], Eval Rec Loss=[0.03267], c=[0.50000], F=[0.82822, 0.87136, 0.90571, 0.94024], F_fuse=[0.01337, 0.01024, 0.00800, 0.00526]
[ INFO : 2026-08-09 02:02:11,417 ] - Epoch 294: train==[133.34459 = 0.43107 + 1.09491 + 21.46468 + 0.02248 + 0.00000 + 0.00071 + 1225.89705]
[ INFO : 2026-08-09 02:02:20,519 ] - Test_@[5, 10, 20, 50]: Recall=[0.03189, 0.05055, 0.07783, 0.12716],  precision=[0.00672, 0.00530, 0.00411, 0.00271], hit=[0.03338, 0.05266, 0.08131, 0.13309], ndcg=[0.02154, 0.02759, 0.03452, 0.04440], Train Rec Loss=[0.03269], Eval Rec Loss=[0.03266], c=[0.50000], F=[0.82701, 0.87053, 0.90592, 0.94075], F_fuse=[0.01332, 0.01054, 0.00818, 0.00540]
[ INFO : 2026-08-09 02:04:46,705 ] - Epoch 295: train==[133.49740 = 0.42922 + 1.09478 + 21.61951 + 0.02246 + 0.00000 + 0.00069 + 1225.89705]
[ INFO : 2026-08-09 02:04:55,889 ] - Test_@[5, 10, 20, 50]: Recall=[0.03175, 0.04840, 0.07477, 0.12429],  precision=[0.00668, 0.00509, 0.00394, 0.00264], hit=[0.03327, 0.05055, 0.07817, 0.12980], ndcg=[0.02131, 0.02673, 0.03347, 0.04341], Train Rec Loss=[0.03267], Eval Rec Loss=[0.03275], c=[0.50000], F=[0.82858, 0.87344, 0.90641, 0.94107], F_fuse=[0.01324, 0.01011, 0.00785, 0.00526]
[ INFO : 2026-08-09 02:07:22,367 ] - Epoch 296: train==[133.45760 = 0.42942 + 1.09462 + 21.57955 + 0.02258 + 0.00000 + 0.00069 + 1225.89705]
[ INFO : 2026-08-09 02:07:31,493 ] - Test_@[5, 10, 20, 50]: Recall=[0.03315, 0.04934, 0.07776, 0.12578],  precision=[0.00696, 0.00518, 0.00409, 0.00268], hit=[0.03466, 0.05153, 0.08115, 0.13165], ndcg=[0.02215, 0.02740, 0.03462, 0.04425], Train Rec Loss=[0.03267], Eval Rec Loss=[0.03276], c=[0.50000], F=[0.82864, 0.87013, 0.90508, 0.93969], F_fuse=[0.01381, 0.01031, 0.00815, 0.00534]
[ INFO : 2026-08-09 02:09:56,244 ] - Epoch 297: train==[133.38975 = 0.42788 + 1.09447 + 21.51332 + 0.02267 + 0.00000 + 0.00067 + 1225.89705]
[ INFO : 2026-08-09 02:10:05,390 ] - Test_@[5, 10, 20, 50]: Recall=[0.03160, 0.05033, 0.07608, 0.12500],  precision=[0.00665, 0.00529, 0.00401, 0.00266], hit=[0.03312, 0.05246, 0.07940, 0.13078], ndcg=[0.02146, 0.02754, 0.03408, 0.04389], Train Rec Loss=[0.03273], Eval Rec Loss=[0.03281], c=[0.50000], F=[0.82921, 0.87223, 0.90681, 0.94126], F_fuse=[0.01320, 0.01052, 0.00799, 0.00531]
[ INFO : 2026-08-09 02:12:30,873 ] - Epoch 298: train==[133.37670 = 0.42889 + 1.09431 + 21.49941 + 0.02265 + 0.00000 + 0.00070 + 1225.89705]
[ INFO : 2026-08-09 02:12:39,951 ] - Test_@[5, 10, 20, 50]: Recall=[0.03189, 0.05014, 0.07595, 0.12724],  precision=[0.00672, 0.00528, 0.00400, 0.00271], hit=[0.03343, 0.05230, 0.07930, 0.13314], ndcg=[0.02173, 0.02767, 0.03425, 0.04455], Train Rec Loss=[0.03278], Eval Rec Loss=[0.03283], c=[0.50000], F=[0.82858, 0.87155, 0.90638, 0.94084], F_fuse=[0.01332, 0.01049, 0.00797, 0.00540]
[ INFO : 2026-08-09 02:15:05,485 ] - Epoch 299: train==[133.31661 = 0.42614 + 1.09418 + 21.44208 + 0.02277 + 0.00000 + 0.00070 + 1225.89705]
[ INFO : 2026-08-09 02:15:14,565 ] - Test_@[5, 10, 20, 50]: Recall=[0.03268, 0.04911, 0.07710, 0.12581],  precision=[0.00686, 0.00515, 0.00408, 0.00268], hit=[0.03420, 0.05117, 0.08069, 0.13170], ndcg=[0.02196, 0.02728, 0.03442, 0.04420], Train Rec Loss=[0.03281], Eval Rec Loss=[0.03293], c=[0.50000], F=[0.82873, 0.87142, 0.90537, 0.94008], F_fuse=[0.01361, 0.01025, 0.00811, 0.00534]
[ INFO : 2026-08-09 02:17:40,741 ] - Epoch 300: train==[133.32513 = 0.42812 + 1.09401 + 21.44885 + 0.02270 + 0.00000 + 0.00071 + 1225.89705]
[ INFO : 2026-08-09 02:17:49,886 ] - Test_@[5, 10, 20, 50]: Recall=[0.03208, 0.05005, 0.07749, 0.12646],  precision=[0.00675, 0.00526, 0.00409, 0.00269], hit=[0.03358, 0.05225, 0.08089, 0.13227], ndcg=[0.02181, 0.02767, 0.03466, 0.04447], Train Rec Loss=[0.03287], Eval Rec Loss=[0.03295], c=[0.50000], F=[0.82884, 0.87272, 0.90656, 0.94031], F_fuse=[0.01339, 0.01046, 0.00814, 0.00536]
n_users=19445, n_items=7050
n_interactions=139110
n_train=118551, n_test=20559, sparsity=0.00101
Finished Sun Aug  9 02:18:01 AM +07 2026
