Job 74816 on gpu02; lambda_cf=1.0; group_k=10; seed=9; started Thu Aug  6 10:32:48 PM +07 2026
Thu Aug  6 22:32:48 2026       
+-----------------------------------------------------------------------------------------+
| NVIDIA-SMI 555.42.02              Driver Version: 555.42.02      CUDA Version: 12.5     |
|-----------------------------------------+------------------------+----------------------+
| GPU  Name                 Persistence-M | Bus-Id          Disp.A | Volatile Uncorr. ECC |
| Fan  Temp   Perf          Pwr:Usage/Cap |           Memory-Usage | GPU-Util  Compute M. |
|                                         |                        |               MIG M. |
|=========================================+========================+======================|
|   0  NVIDIA A100-PCIE-40GB          Off |   00000000:63:00.0 Off |                    0 |
| N/A   29C    P0             34W /  250W |       1MiB /  40960MiB |      0%      Default |
|                                         |                        |             Disabled |
+-----------------------------------------+------------------------+----------------------+
                                                                                         
+-----------------------------------------------------------------------------------------+
| Processes:                                                                              |
|  GPU   GI   CI        PID   Type   Process name                              GPU Memory |
|        ID   ID                                                               Usage      |
|=========================================================================================|
|  No running processes found                                                             |
+-----------------------------------------------------------------------------------------+
[ INFO : 2026-08-06 22:33:02,448 ] - Preprocess missing values with zero
[ INFO : 2026-08-06 22:33:02,974 ] - Pretrained diffusion model is loaded from: ./checkpoint/allrecipes/best_model.pth
[ INFO : 2026-08-06 22:33:03,477 ] - Completed data loaded from: ./checkpoint/allrecipes/completed_data.pkl
/media/lhbac29/raid-cf/main.py:106: DeprecationWarning: Please import `csr_matrix` from the `scipy.sparse` namespace; the `scipy.sparse.csr` namespace is deprecated and will be removed in SciPy 2.0.0.
  self.ui_graph = self.ui_graph_raw = pickle.load(open('./data/' + self.dataset + '/train_mat', 'rb'))
[ INFO : 2026-08-06 22:33:03,606 ] - Missing rate = 0.400000, complete strategy: zero
[ INFO : 2026-08-06 22:34:21,361 ] - Epoch 1: train==[126.84049 = 1.22814 + 0.85482 + 29.34368 + 0.00021 + 0.00000 + 3.73912 + 613.44298]
[ INFO : 2026-08-06 22:34:28,200 ] - Test_@[5, 10, 20, 50]: Recall=[0.01266, 0.02238, 0.02928, 0.06802],  precision=[0.00253, 0.00224, 0.00146, 0.00136], hit=[0.01266, 0.02238, 0.02928, 0.06802], ndcg=[0.00662, 0.00981, 0.01153, 0.01908], Train Rec Loss=[0.05003], Eval Rec Loss=[0.05032], c=[0.50000], F=[0.94238, 0.87306, 0.90153, 0.95273], F_fuse=[0.00505, 0.00446, 0.00292, 0.00272]
[ INFO : 2026-08-06 22:35:59,099 ] - Epoch 2: train==[124.79358 = 0.81494 + 0.84666 + 29.05646 + 0.00022 + 0.00000 + 2.31028 + 614.02457]
[ INFO : 2026-08-06 22:36:05,913 ] - Test_@[5, 10, 20, 50]: Recall=[0.01432, 0.02340, 0.02992, 0.07109],  precision=[0.00286, 0.00234, 0.00150, 0.00142], hit=[0.01432, 0.02340, 0.02992, 0.07109], ndcg=[0.00811, 0.01092, 0.01265, 0.02060], Train Rec Loss=[0.04977], Eval Rec Loss=[0.05022], c=[0.50000], F=[0.75892, 0.99538, 0.90162, 0.98658], F_fuse=[0.00571, 0.00467, 0.00299, 0.00284]
[ INFO : 2026-08-06 22:38:03,710 ] - Epoch 3: train==[123.62015 = 0.78217 + 0.84581 + 28.61882 + 0.00026 + 0.00000 + 1.61032 + 614.00732]
[ INFO : 2026-08-06 22:38:10,564 ] - Test_@[5, 10, 20, 50]: Recall=[0.01432, 0.02442, 0.02890, 0.07199],  precision=[0.00286, 0.00244, 0.00144, 0.00144], hit=[0.01432, 0.02442, 0.02890, 0.07199], ndcg=[0.00822, 0.01139, 0.01258, 0.02100], Train Rec Loss=[0.04990], Eval Rec Loss=[0.05009], c=[0.50000], F=[0.75898, 0.99538, 0.94348, 0.96742], F_fuse=[0.00571, 0.00487, 0.00289, 0.00288]
[ INFO : 2026-08-06 22:39:52,228 ] - Epoch 4: train==[122.77495 = 0.78113 + 0.84581 + 28.12390 + 0.00030 + 0.00000 + 1.26368 + 613.98962]
[ INFO : 2026-08-06 22:39:59,066 ] - Test_@[5, 10, 20, 50]: Recall=[0.01432, 0.02596, 0.03081, 0.07109],  precision=[0.00286, 0.00260, 0.00154, 0.00142], hit=[0.01432, 0.02596, 0.03081, 0.07109], ndcg=[0.00850, 0.01219, 0.01340, 0.02123], Train Rec Loss=[0.04969], Eval Rec Loss=[0.05013], c=[0.50000], F=[0.75937, 0.99538, 0.93486, 0.95806], F_fuse=[0.00571, 0.00518, 0.00308, 0.00284]
[ INFO : 2026-08-06 22:41:49,378 ] - Epoch 5: train==[121.93008 = 0.77556 + 0.84578 + 27.49335 + 0.00035 + 0.00000 + 1.05755 + 613.97205]
[ INFO : 2026-08-06 22:41:56,227 ] - Test_@[5, 10, 20, 50]: Recall=[0.01432, 0.02596, 0.03235, 0.07032],  precision=[0.00286, 0.00260, 0.00162, 0.00141], hit=[0.01432, 0.02596, 0.03235, 0.07032], ndcg=[0.00946, 0.01316, 0.01474, 0.02208], Train Rec Loss=[0.04986], Eval Rec Loss=[0.05004], c=[0.50000], F=[0.76036, 0.99538, 0.93472, 0.95519], F_fuse=[0.00571, 0.00518, 0.00323, 0.00281]
[ INFO : 2026-08-06 22:43:45,481 ] - Epoch 6: train==[121.12181 = 0.77177 + 0.84580 + 26.84491 + 0.00040 + 0.00000 + 0.90390 + 613.95566]
[ INFO : 2026-08-06 22:43:52,293 ] - Test_@[5, 10, 20, 50]: Recall=[0.01458, 0.02557, 0.03209, 0.06853],  precision=[0.00292, 0.00256, 0.00160, 0.00137], hit=[0.01458, 0.02557, 0.03209, 0.06853], ndcg=[0.01030, 0.01378, 0.01542, 0.02248], Train Rec Loss=[0.04972], Eval Rec Loss=[0.05007], c=[0.50000], F=[0.89827, 0.99538, 0.93472, 0.94846], F_fuse=[0.00581, 0.00510, 0.00320, 0.00274]
[ INFO : 2026-08-06 22:45:36,032 ] - Epoch 7: train==[120.29762 = 0.76894 + 0.84579 + 26.13503 + 0.00044 + 0.00000 + 0.79392 + 613.94542]
[ INFO : 2026-08-06 22:45:42,898 ] - Test_@[5, 10, 20, 50]: Recall=[0.01458, 0.02570, 0.03248, 0.06841],  precision=[0.00292, 0.00257, 0.00162, 0.00137], hit=[0.01458, 0.02570, 0.03248, 0.06841], ndcg=[0.01080, 0.01431, 0.01602, 0.02296], Train Rec Loss=[0.04961], Eval Rec Loss=[0.04998], c=[0.50000], F=[0.94687, 0.99514, 0.93487, 0.94761], F_fuse=[0.00581, 0.00513, 0.00324, 0.00273]
[ INFO : 2026-08-06 22:47:35,268 ] - Epoch 8: train==[119.44060 = 0.76327 + 0.84580 + 25.35112 + 0.00048 + 0.00000 + 0.72666 + 613.94390]
[ INFO : 2026-08-06 22:47:43,635 ] - Test_@[5, 10, 20, 50]: Recall=[0.01406, 0.02442, 0.03222, 0.06725],  precision=[0.00281, 0.00244, 0.00161, 0.00135], hit=[0.01406, 0.02442, 0.03222, 0.06725], ndcg=[0.01061, 0.01390, 0.01588, 0.02262], Train Rec Loss=[0.04970], Eval Rec Loss=[0.04999], c=[0.50000], F=[0.85536, 0.99349, 0.93444, 0.94902], F_fuse=[0.00561, 0.00487, 0.00322, 0.00269]
[ INFO : 2026-08-06 22:49:44,699 ] - Epoch 9: train==[118.73876 = 0.76308 + 0.84583 + 24.71426 + 0.00052 + 0.00000 + 0.66270 + 613.93810]
[ INFO : 2026-08-06 22:49:51,526 ] - Test_@[5, 10, 20, 50]: Recall=[0.01406, 0.02442, 0.03184, 0.05971],  precision=[0.00281, 0.00244, 0.00159, 0.00119], hit=[0.01406, 0.02442, 0.03184, 0.05971], ndcg=[0.01075, 0.01404, 0.01593, 0.02139], Train Rec Loss=[0.04972], Eval Rec Loss=[0.05000], c=[0.50000], F=[0.86136, 0.99399, 0.93416, 0.94819], F_fuse=[0.00561, 0.00487, 0.00318, 0.00239]
[ INFO : 2026-08-06 22:51:41,165 ] - Epoch 10: train==[118.12358 = 0.76257 + 0.84582 + 24.16056 + 0.00056 + 0.00000 + 0.60248 + 613.93284]
[ INFO : 2026-08-06 22:51:49,509 ] - Test_@[5, 10, 20, 50]: Recall=[0.01419, 0.02468, 0.03197, 0.05830],  precision=[0.00284, 0.00247, 0.00160, 0.00117], hit=[0.01419, 0.02468, 0.03197, 0.05830], ndcg=[0.01088, 0.01422, 0.01607, 0.02125], Train Rec Loss=[0.04968], Eval Rec Loss=[0.04987], c=[0.50000], F=[0.84938, 0.99357, 0.93338, 0.94659], F_fuse=[0.00566, 0.00492, 0.00319, 0.00233]
[ INFO : 2026-08-06 22:53:36,904 ] - Epoch 11: train==[117.63647 = 0.75348 + 0.84583 + 23.73675 + 0.00061 + 0.00000 + 0.54852 + 613.93073]
[ INFO : 2026-08-06 22:53:43,732 ] - Test_@[5, 10, 20, 50]: Recall=[0.01419, 0.02493, 0.03184, 0.05843],  precision=[0.00284, 0.00249, 0.00159, 0.00117], hit=[0.01419, 0.02493, 0.03184, 0.05843], ndcg=[0.01088, 0.01428, 0.01604, 0.02126], Train Rec Loss=[0.04962], Eval Rec Loss=[0.05000], c=[0.50000], F=[0.83890, 0.99369, 0.93360, 0.94649], F_fuse=[0.00566, 0.00497, 0.00318, 0.00233]
[ INFO : 2026-08-06 22:55:23,445 ] - Epoch 12: train==[117.20697 = 0.75176 + 0.84584 + 23.36036 + 0.00066 + 0.00000 + 0.49756 + 613.92743]
[ INFO : 2026-08-06 22:55:30,253 ] - Test_@[5, 10, 20, 50]: Recall=[0.01432, 0.02493, 0.03197, 0.05830],  precision=[0.00286, 0.00249, 0.00160, 0.00117], hit=[0.01432, 0.02493, 0.03197, 0.05830], ndcg=[0.01084, 0.01420, 0.01600, 0.02118], Train Rec Loss=[0.04960], Eval Rec Loss=[0.04993], c=[0.50000], F=[0.81433, 0.99329, 0.93408, 0.94674], F_fuse=[0.00571, 0.00497, 0.00319, 0.00233]
[ INFO : 2026-08-06 22:57:01,076 ] - Epoch 13: train==[116.80907 = 0.74854 + 0.84582 + 23.01289 + 0.00072 + 0.00000 + 0.45063 + 613.92526]
[ INFO : 2026-08-06 22:57:07,962 ] - Test_@[5, 10, 20, 50]: Recall=[0.01432, 0.02493, 0.03197, 0.06048],  precision=[0.00286, 0.00249, 0.00160, 0.00121], hit=[0.01432, 0.02493, 0.03197, 0.06048], ndcg=[0.01084, 0.01421, 0.01600, 0.02157], Train Rec Loss=[0.04956], Eval Rec Loss=[0.04987], c=[0.50000], F=[0.80276, 0.99325, 0.93400, 0.94558], F_fuse=[0.00571, 0.00497, 0.00319, 0.00242]
[ INFO : 2026-08-06 22:58:53,604 ] - Epoch 14: train==[116.41434 = 0.74465 + 0.84578 + 22.66402 + 0.00077 + 0.00000 + 0.40870 + 613.92490]
[ INFO : 2026-08-06 22:59:02,419 ] - Test_@[5, 10, 20, 50]: Recall=[0.01445, 0.02506, 0.03209, 0.06304],  precision=[0.00289, 0.00251, 0.00160, 0.00126], hit=[0.01445, 0.02506, 0.03209, 0.06304], ndcg=[0.01089, 0.01425, 0.01604, 0.02202], Train Rec Loss=[0.04961], Eval Rec Loss=[0.04988], c=[0.50000], F=[0.80423, 0.99341, 0.93397, 0.94446], F_fuse=[0.00576, 0.00500, 0.00320, 0.00252]
[ INFO : 2026-08-06 23:00:39,633 ] - Epoch 15: train==[116.01146 = 0.74555 + 0.84582 + 22.29990 + 0.00084 + 0.00000 + 0.36919 + 613.92323]
[ INFO : 2026-08-06 23:00:46,463 ] - Test_@[5, 10, 20, 50]: Recall=[0.01445, 0.02506, 0.03222, 0.06521],  precision=[0.00289, 0.00251, 0.00161, 0.00130], hit=[0.01445, 0.02506, 0.03222, 0.06521], ndcg=[0.01092, 0.01428, 0.01610, 0.02245], Train Rec Loss=[0.04954], Eval Rec Loss=[0.04989], c=[0.50000], F=[0.81145, 0.99354, 0.93406, 0.94441], F_fuse=[0.00576, 0.00500, 0.00322, 0.00260]
[ INFO : 2026-08-06 23:02:52,389 ] - Epoch 16: train==[115.72160 = 0.73953 + 0.84580 + 22.05398 + 0.00089 + 0.00000 + 0.33139 + 613.92215]
[ INFO : 2026-08-06 23:02:59,251 ] - Test_@[5, 10, 20, 50]: Recall=[0.01445, 0.02519, 0.03209, 0.06572],  precision=[0.00289, 0.00252, 0.00160, 0.00131], hit=[0.01445, 0.02519, 0.03209, 0.06572], ndcg=[0.01092, 0.01432, 0.01608, 0.02255], Train Rec Loss=[0.04956], Eval Rec Loss=[0.05003], c=[0.50000], F=[0.79915, 0.99356, 0.93422, 0.94463], F_fuse=[0.00576, 0.00502, 0.00320, 0.00263]
[ INFO : 2026-08-06 23:04:52,548 ] - Epoch 17: train==[115.35373 = 0.73432 + 0.84578 + 21.72724 + 0.00095 + 0.00000 + 0.29575 + 613.92002]
[ INFO : 2026-08-06 23:04:59,377 ] - Test_@[5, 10, 20, 50]: Recall=[0.01445, 0.02519, 0.03222, 0.06585],  precision=[0.00289, 0.00252, 0.00161, 0.00132], hit=[0.01445, 0.02519, 0.03222, 0.06585], ndcg=[0.01095, 0.01434, 0.01613, 0.02260], Train Rec Loss=[0.04956], Eval Rec Loss=[0.04980], c=[0.50000], F=[0.79008, 0.99341, 0.93428, 0.94411], F_fuse=[0.00576, 0.00502, 0.00322, 0.00263]
[ INFO : 2026-08-06 23:06:50,834 ] - Epoch 18: train==[115.06799 = 0.73060 + 0.84579 + 21.47873 + 0.00101 + 0.00000 + 0.26215 + 613.92021]
[ INFO : 2026-08-06 23:06:57,646 ] - Test_@[5, 10, 20, 50]: Recall=[0.01458, 0.02519, 0.03260, 0.06610],  precision=[0.00292, 0.00252, 0.00163, 0.00132], hit=[0.01458, 0.02519, 0.03260, 0.06610], ndcg=[0.01096, 0.01431, 0.01619, 0.02263], Train Rec Loss=[0.04956], Eval Rec Loss=[0.04967], c=[0.50000], F=[0.78263, 0.99353, 0.93449, 0.94471], F_fuse=[0.00581, 0.00502, 0.00325, 0.00264]
[ INFO : 2026-08-06 23:08:48,962 ] - Epoch 19: train==[114.85989 = 0.72738 + 0.84578 + 21.30618 + 0.00106 + 0.00000 + 0.22987 + 613.91956]
[ INFO : 2026-08-06 23:08:55,771 ] - Test_@[5, 10, 20, 50]: Recall=[0.01445, 0.02519, 0.03260, 0.06636],  precision=[0.00289, 0.00252, 0.00163, 0.00133], hit=[0.01445, 0.02519, 0.03260, 0.06636], ndcg=[0.01093, 0.01432, 0.01620, 0.02268], Train Rec Loss=[0.04946], Eval Rec Loss=[0.04979], c=[0.50000], F=[0.79650, 0.99319, 0.93455, 0.94556], F_fuse=[0.00576, 0.00502, 0.00325, 0.00265]
[ INFO : 2026-08-06 23:10:47,923 ] - Epoch 20: train==[114.52904 = 0.72483 + 0.84577 + 21.00812 + 0.00111 + 0.00000 + 0.19967 + 613.91899]
[ INFO : 2026-08-06 23:10:54,881 ] - Test_@[5, 10, 20, 50]: Recall=[0.01458, 0.02519, 0.03260, 0.06649],  precision=[0.00292, 0.00252, 0.00163, 0.00133], hit=[0.01458, 0.02519, 0.03260, 0.06649], ndcg=[0.01098, 0.01433, 0.01620, 0.02271], Train Rec Loss=[0.04941], Eval Rec Loss=[0.04981], c=[0.50000], F=[0.78931, 0.99325, 0.93453, 0.94525], F_fuse=[0.00581, 0.00502, 0.00325, 0.00266]
[ INFO : 2026-08-06 23:12:31,575 ] - Epoch 21: train==[114.33549 = 0.71757 + 0.84575 + 20.84987 + 0.00116 + 0.00000 + 0.17153 + 613.91936]
[ INFO : 2026-08-06 23:12:38,646 ] - Test_@[5, 10, 20, 50]: Recall=[0.01458, 0.02519, 0.03260, 0.06674],  precision=[0.00292, 0.00252, 0.00163, 0.00133], hit=[0.01458, 0.02519, 0.03260, 0.06674], ndcg=[0.01096, 0.01431, 0.01619, 0.02274], Train Rec Loss=[0.04946], Eval Rec Loss=[0.04976], c=[0.50000], F=[0.78193, 0.99338, 0.93424, 0.94550], F_fuse=[0.00581, 0.00502, 0.00325, 0.00267]
[ INFO : 2026-08-06 23:14:19,186 ] - Epoch 22: train==[114.10790 = 0.71415 + 0.84573 + 20.65260 + 0.00122 + 0.00000 + 0.14471 + 613.91854]
[ INFO : 2026-08-06 23:14:25,998 ] - Test_@[5, 10, 20, 50]: Recall=[0.01458, 0.02519, 0.03273, 0.06623],  precision=[0.00292, 0.00252, 0.00164, 0.00132], hit=[0.01458, 0.02519, 0.03273, 0.06623], ndcg=[0.01098, 0.01433, 0.01624, 0.02266], Train Rec Loss=[0.04943], Eval Rec Loss=[0.04964], c=[0.50000], F=[0.78407, 0.99327, 0.93356, 0.94451], F_fuse=[0.00581, 0.00502, 0.00327, 0.00265]
[ INFO : 2026-08-06 23:16:08,080 ] - Epoch 23: train==[113.91222 = 0.71319 + 0.84575 + 20.48293 + 0.00126 + 0.00000 + 0.11971 + 613.91793]
[ INFO : 2026-08-06 23:16:14,900 ] - Test_@[5, 10, 20, 50]: Recall=[0.01445, 0.02519, 0.03260, 0.06674],  precision=[0.00289, 0.00252, 0.00163, 0.00133], hit=[0.01445, 0.02519, 0.03260, 0.06674], ndcg=[0.01093, 0.01433, 0.01620, 0.02276], Train Rec Loss=[0.04942], Eval Rec Loss=[0.04978], c=[0.50000], F=[0.77429, 0.99321, 0.93333, 0.94411], F_fuse=[0.00576, 0.00502, 0.00325, 0.00267]
[ INFO : 2026-08-06 23:17:42,088 ] - Epoch 24: train==[113.73770 = 0.70696 + 0.84571 + 20.33729 + 0.00131 + 0.00000 + 0.09708 + 613.91752]
[ INFO : 2026-08-06 23:17:48,895 ] - Test_@[5, 10, 20, 50]: Recall=[0.01419, 0.02519, 0.03248, 0.06674],  precision=[0.00284, 0.00252, 0.00162, 0.00133], hit=[0.01419, 0.02519, 0.03248, 0.06674], ndcg=[0.01081, 0.01430, 0.01614, 0.02272], Train Rec Loss=[0.04938], Eval Rec Loss=[0.04974], c=[0.50000], F=[0.77352, 0.99345, 0.93360, 0.94241], F_fuse=[0.00566, 0.00502, 0.00324, 0.00267]
[ INFO : 2026-08-06 23:19:29,573 ] - Epoch 25: train==[113.61888 = 0.70699 + 0.84570 + 20.23944 + 0.00135 + 0.00000 + 0.07595 + 613.91811]
[ INFO : 2026-08-06 23:19:36,404 ] - Test_@[5, 10, 20, 50]: Recall=[0.01432, 0.02519, 0.03260, 0.06687],  precision=[0.00286, 0.00252, 0.00163, 0.00134], hit=[0.01432, 0.02519, 0.03260, 0.06687], ndcg=[0.01088, 0.01433, 0.01620, 0.02278], Train Rec Loss=[0.04940], Eval Rec Loss=[0.04970], c=[0.50000], F=[0.77244, 0.99346, 0.93302, 0.94021], F_fuse=[0.00571, 0.00502, 0.00325, 0.00267]
[ INFO : 2026-08-06 23:21:16,785 ] - Epoch 26: train==[113.42713 = 0.70064 + 0.84569 + 20.07331 + 0.00140 + 0.00000 + 0.05669 + 613.91778]
[ INFO : 2026-08-06 23:21:23,590 ] - Test_@[5, 10, 20, 50]: Recall=[0.01419, 0.02519, 0.03286, 0.06687],  precision=[0.00284, 0.00252, 0.00164, 0.00134], hit=[0.01419, 0.02519, 0.03286, 0.06687], ndcg=[0.01083, 0.01432, 0.01626, 0.02275], Train Rec Loss=[0.04943], Eval Rec Loss=[0.04969], c=[0.50000], F=[0.76784, 0.99357, 0.93340, 0.93981], F_fuse=[0.00566, 0.00502, 0.00328, 0.00267]
[ INFO : 2026-08-06 23:23:05,222 ] - Epoch 27: train==[113.22084 = 0.69823 + 0.84567 + 19.88612 + 0.00143 + 0.00000 + 0.03995 + 613.91807]
[ INFO : 2026-08-06 23:23:12,046 ] - Test_@[5, 10, 20, 50]: Recall=[0.01432, 0.02532, 0.03273, 0.06687],  precision=[0.00286, 0.00253, 0.00164, 0.00134], hit=[0.01432, 0.02532, 0.03273, 0.06687], ndcg=[0.01085, 0.01434, 0.01620, 0.02273], Train Rec Loss=[0.04938], Eval Rec Loss=[0.04960], c=[0.50000], F=[0.76694, 0.99361, 0.93332, 0.93954], F_fuse=[0.00571, 0.00505, 0.00327, 0.00267]
[ INFO : 2026-08-06 23:24:50,722 ] - Epoch 28: train==[113.05738 = 0.69159 + 0.84564 + 19.74463 + 0.00148 + 0.00000 + 0.02488 + 613.91603]
[ INFO : 2026-08-06 23:24:57,562 ] - Test_@[5, 10, 20, 50]: Recall=[0.01406, 0.02532, 0.03324, 0.06674],  precision=[0.00281, 0.00253, 0.00166, 0.00133], hit=[0.01406, 0.02532, 0.03324, 0.06674], ndcg=[0.01074, 0.01432, 0.01630, 0.02269], Train Rec Loss=[0.04939], Eval Rec Loss=[0.04962], c=[0.50000], F=[0.76560, 0.99348, 0.93331, 0.93810], F_fuse=[0.00561, 0.00505, 0.00332, 0.00267]
[ INFO : 2026-08-06 23:26:43,122 ] - Epoch 29: train==[112.99638 = 0.69161 + 0.84563 + 19.69569 + 0.00152 + 0.00000 + 0.01269 + 613.91661]
[ INFO : 2026-08-06 23:26:49,981 ] - Test_@[5, 10, 20, 50]: Recall=[0.01432, 0.02506, 0.03337, 0.06713],  precision=[0.00286, 0.00251, 0.00167, 0.00134], hit=[0.01432, 0.02506, 0.03337, 0.06713], ndcg=[0.01084, 0.01426, 0.01634, 0.02276], Train Rec Loss=[0.04930], Eval Rec Loss=[0.04967], c=[0.50000], F=[0.76470, 0.99292, 0.93262, 0.93753], F_fuse=[0.00571, 0.00500, 0.00333, 0.00268]
[ INFO : 2026-08-06 23:28:32,053 ] - Epoch 30: train==[112.72060 = 0.68633 + 0.84564 + 19.43269 + 0.00155 + 0.00000 + 0.00510 + 613.91693]
[ INFO : 2026-08-06 23:28:38,922 ] - Test_@[5, 10, 20, 50]: Recall=[0.01458, 0.02506, 0.03324, 0.06687],  precision=[0.00292, 0.00251, 0.00166, 0.00134], hit=[0.01458, 0.02506, 0.03324, 0.06687], ndcg=[0.01096, 0.01428, 0.01633, 0.02272], Train Rec Loss=[0.04937], Eval Rec Loss=[0.04968], c=[0.50000], F=[0.76400, 0.99126, 0.93106, 0.93572], F_fuse=[0.00581, 0.00500, 0.00332, 0.00267]
[ INFO : 2026-08-06 23:30:03,916 ] - Epoch 31: train==[112.61575 = 0.68389 + 0.84558 + 19.33280 + 0.00157 + 0.00000 + 0.00241 + 613.91824]
[ INFO : 2026-08-06 23:30:10,738 ] - Test_@[5, 10, 20, 50]: Recall=[0.01458, 0.02506, 0.03324, 0.06662],  precision=[0.00292, 0.00251, 0.00166, 0.00133], hit=[0.01458, 0.02506, 0.03324, 0.06662], ndcg=[0.01095, 0.01426, 0.01630, 0.02265], Train Rec Loss=[0.04930], Eval Rec Loss=[0.04955], c=[0.50000], F=[0.76557, 0.99050, 0.93097, 0.93623], F_fuse=[0.00581, 0.00500, 0.00332, 0.00266]
[ INFO : 2026-08-06 23:31:34,200 ] - Epoch 32: train==[112.57584 = 0.67987 + 0.84557 + 19.29781 + 0.00161 + 0.00000 + 0.00153 + 613.91782]
[ INFO : 2026-08-06 23:31:41,054 ] - Test_@[5, 10, 20, 50]: Recall=[0.01470, 0.02506, 0.03324, 0.06674],  precision=[0.00294, 0.00251, 0.00166, 0.00133], hit=[0.01470, 0.02506, 0.03324, 0.06674], ndcg=[0.01100, 0.01426, 0.01630, 0.02266], Train Rec Loss=[0.04926], Eval Rec Loss=[0.04961], c=[0.50000], F=[0.76585, 0.98929, 0.92936, 0.93597], F_fuse=[0.00586, 0.00500, 0.00332, 0.00267]
[ INFO : 2026-08-06 23:33:08,480 ] - Epoch 33: train==[112.28897 = 0.67849 + 0.84560 + 19.01279 + 0.00164 + 0.00000 + 0.00116 + 613.91682]
[ INFO : 2026-08-06 23:33:15,366 ] - Test_@[5, 10, 20, 50]: Recall=[0.01445, 0.02506, 0.03312, 0.06662],  precision=[0.00289, 0.00251, 0.00166, 0.00133], hit=[0.01445, 0.02506, 0.03312, 0.06662], ndcg=[0.01088, 0.01423, 0.01623, 0.02259], Train Rec Loss=[0.04930], Eval Rec Loss=[0.04967], c=[0.50000], F=[0.76537, 0.98881, 0.92956, 0.93687], F_fuse=[0.00576, 0.00500, 0.00331, 0.00266]
[ INFO : 2026-08-06 23:34:52,716 ] - Epoch 34: train==[112.34830 = 0.67448 + 0.84557 + 19.07637 + 0.00166 + 0.00000 + 0.00095 + 613.91663]
[ INFO : 2026-08-06 23:34:59,662 ] - Test_@[5, 10, 20, 50]: Recall=[0.01445, 0.02506, 0.03337, 0.06636],  precision=[0.00289, 0.00251, 0.00167, 0.00133], hit=[0.01445, 0.02506, 0.03337, 0.06636], ndcg=[0.01086, 0.01421, 0.01628, 0.02253], Train Rec Loss=[0.04920], Eval Rec Loss=[0.04948], c=[0.50000], F=[0.76531, 0.98849, 0.92867, 0.93777], F_fuse=[0.00576, 0.00500, 0.00333, 0.00265]
[ INFO : 2026-08-06 23:36:38,334 ] - Epoch 35: train==[112.14639 = 0.67222 + 0.84554 + 18.87700 + 0.00170 + 0.00000 + 0.00081 + 613.91553]
[ INFO : 2026-08-06 23:36:45,118 ] - Test_@[5, 10, 20, 50]: Recall=[0.01419, 0.02493, 0.03312, 0.06623],  precision=[0.00284, 0.00249, 0.00166, 0.00132], hit=[0.01419, 0.02493, 0.03312, 0.06623], ndcg=[0.01080, 0.01419, 0.01623, 0.02251], Train Rec Loss=[0.04920], Eval Rec Loss=[0.04955], c=[0.50000], F=[0.76614, 0.98793, 0.92866, 0.93773], F_fuse=[0.00566, 0.00497, 0.00331, 0.00265]
[ INFO : 2026-08-06 23:38:24,270 ] - Epoch 36: train==[112.08413 = 0.66883 + 0.84553 + 18.81770 + 0.00173 + 0.00000 + 0.00071 + 613.91896]
[ INFO : 2026-08-06 23:38:31,086 ] - Test_@[5, 10, 20, 50]: Recall=[0.01432, 0.02468, 0.03337, 0.06674],  precision=[0.00286, 0.00247, 0.00167, 0.00133], hit=[0.01432, 0.02468, 0.03337, 0.06674], ndcg=[0.01085, 0.01413, 0.01629, 0.02261], Train Rec Loss=[0.04929], Eval Rec Loss=[0.04956], c=[0.50000], F=[0.76719, 0.98764, 0.92887, 0.93775], F_fuse=[0.00571, 0.00492, 0.00333, 0.00267]
[ INFO : 2026-08-06 23:40:07,439 ] - Epoch 37: train==[111.89110 = 0.66962 + 0.84551 + 18.62409 + 0.00177 + 0.00000 + 0.00064 + 613.91783]
[ INFO : 2026-08-06 23:40:14,274 ] - Test_@[5, 10, 20, 50]: Recall=[0.01432, 0.02468, 0.03337, 0.06674],  precision=[0.00286, 0.00247, 0.00167, 0.00133], hit=[0.01432, 0.02468, 0.03337, 0.06674], ndcg=[0.01084, 0.01412, 0.01628, 0.02259], Train Rec Loss=[0.04919], Eval Rec Loss=[0.04953], c=[0.50000], F=[0.76480, 0.98728, 0.92898, 0.93713], F_fuse=[0.00571, 0.00492, 0.00333, 0.00267]
[ INFO : 2026-08-06 23:41:52,930 ] - Epoch 38: train==[111.80012 = 0.65732 + 0.84550 + 18.54506 + 0.00179 + 0.00000 + 0.00058 + 613.92045]
[ INFO : 2026-08-06 23:41:59,761 ] - Test_@[5, 10, 20, 50]: Recall=[0.01432, 0.02468, 0.03299, 0.06649],  precision=[0.00286, 0.00247, 0.00165, 0.00133], hit=[0.01432, 0.02468, 0.03299, 0.06649], ndcg=[0.01078, 0.01405, 0.01613, 0.02248], Train Rec Loss=[0.04924], Eval Rec Loss=[0.04948], c=[0.50000], F=[0.76480, 0.98677, 0.92869, 0.93750], F_fuse=[0.00571, 0.00492, 0.00329, 0.00266]
[ INFO : 2026-08-06 23:43:36,597 ] - Epoch 39: train==[111.71913 = 0.65528 + 0.84544 + 18.46655 + 0.00182 + 0.00000 + 0.00052 + 613.91796]
[ INFO : 2026-08-06 23:43:43,424 ] - Test_@[5, 10, 20, 50]: Recall=[0.01419, 0.02455, 0.03273, 0.06610],  precision=[0.00284, 0.00245, 0.00164, 0.00132], hit=[0.01419, 0.02455, 0.03273, 0.06610], ndcg=[0.01077, 0.01406, 0.01613, 0.02245], Train Rec Loss=[0.04921], Eval Rec Loss=[0.04967], c=[0.50000], F=[0.76310, 0.98637, 0.92792, 0.93717], F_fuse=[0.00566, 0.00490, 0.00327, 0.00264]
[ INFO : 2026-08-06 23:45:07,069 ] - Epoch 40: train==[111.79082 = 0.65442 + 0.84543 + 18.53874 + 0.00183 + 0.00000 + 0.00046 + 613.92070]
[ INFO : 2026-08-06 23:45:13,893 ] - Test_@[5, 10, 20, 50]: Recall=[0.01432, 0.02481, 0.03273, 0.06559],  precision=[0.00286, 0.00248, 0.00164, 0.00131], hit=[0.01432, 0.02481, 0.03273, 0.06559], ndcg=[0.01079, 0.01410, 0.01610, 0.02233], Train Rec Loss=[0.04913], Eval Rec Loss=[0.04955], c=[0.50000], F=[0.76358, 0.98579, 0.92818, 0.93707], F_fuse=[0.00571, 0.00495, 0.00327, 0.00262]
[ INFO : 2026-08-06 23:46:37,071 ] - Epoch 41: train==[111.59412 = 0.64912 + 0.84539 + 18.34736 + 0.00187 + 0.00000 + 0.00043 + 613.92073]
[ INFO : 2026-08-06 23:46:43,883 ] - Test_@[5, 10, 20, 50]: Recall=[0.01445, 0.02468, 0.03299, 0.06559],  precision=[0.00289, 0.00247, 0.00165, 0.00131], hit=[0.01445, 0.02468, 0.03299, 0.06559], ndcg=[0.01084, 0.01408, 0.01617, 0.02234], Train Rec Loss=[0.04911], Eval Rec Loss=[0.04947], c=[0.50000], F=[0.76320, 0.98568, 0.92807, 0.93590], F_fuse=[0.00576, 0.00492, 0.00329, 0.00262]
[ INFO : 2026-08-06 23:48:10,940 ] - Epoch 42: train==[111.36962 = 0.64783 + 0.84538 + 18.12472 + 0.00190 + 0.00000 + 0.00042 + 613.91681]
[ INFO : 2026-08-06 23:48:17,800 ] - Test_@[5, 10, 20, 50]: Recall=[0.01419, 0.02468, 0.03286, 0.06585],  precision=[0.00284, 0.00247, 0.00164, 0.00132], hit=[0.01419, 0.02468, 0.03286, 0.06585], ndcg=[0.01075, 0.01408, 0.01614, 0.02238], Train Rec Loss=[0.04918], Eval Rec Loss=[0.04943], c=[0.50000], F=[0.76342, 0.98533, 0.92811, 0.93688], F_fuse=[0.00566, 0.00492, 0.00328, 0.00263]
[ INFO : 2026-08-06 23:49:56,908 ] - Epoch 43: train==[111.35888 = 0.64238 + 0.84539 + 18.11947 + 0.00193 + 0.00000 + 0.00038 + 613.91653]
[ INFO : 2026-08-06 23:50:03,774 ] - Test_@[5, 10, 20, 50]: Recall=[0.01419, 0.02442, 0.03286, 0.06521],  precision=[0.00284, 0.00244, 0.00164, 0.00130], hit=[0.01419, 0.02442, 0.03286, 0.06521], ndcg=[0.01075, 0.01401, 0.01614, 0.02227], Train Rec Loss=[0.04909], Eval Rec Loss=[0.04953], c=[0.50000], F=[0.76365, 0.98461, 0.92830, 0.93730], F_fuse=[0.00566, 0.00487, 0.00328, 0.00260]
[ INFO : 2026-08-06 23:51:40,177 ] - Epoch 44: train==[111.16885 = 0.64296 + 0.84537 + 17.92800 + 0.00195 + 0.00000 + 0.00037 + 613.92230]
[ INFO : 2026-08-06 23:51:46,991 ] - Test_@[5, 10, 20, 50]: Recall=[0.01419, 0.02455, 0.03299, 0.06508],  precision=[0.00284, 0.00245, 0.00165, 0.00130], hit=[0.01419, 0.02455, 0.03299, 0.06508], ndcg=[0.01075, 0.01406, 0.01620, 0.02227], Train Rec Loss=[0.04918], Eval Rec Loss=[0.04939], c=[0.50000], F=[0.76297, 0.98408, 0.92819, 0.93646], F_fuse=[0.00566, 0.00490, 0.00329, 0.00260]
[ INFO : 2026-08-06 23:53:25,700 ] - Epoch 45: train==[111.10822 = 0.63675 + 0.84534 + 17.87470 + 0.00198 + 0.00000 + 0.00035 + 613.91487]
[ INFO : 2026-08-06 23:53:32,521 ] - Test_@[5, 10, 20, 50]: Recall=[0.01419, 0.02429, 0.03299, 0.06546],  precision=[0.00284, 0.00243, 0.00165, 0.00131], hit=[0.01419, 0.02429, 0.03299, 0.06546], ndcg=[0.01071, 0.01393, 0.01613, 0.02226], Train Rec Loss=[0.04911], Eval Rec Loss=[0.04943], c=[0.50000], F=[0.76272, 0.98373, 0.92823, 0.93722], F_fuse=[0.00566, 0.00485, 0.00329, 0.00261]
[ INFO : 2026-08-06 23:55:10,867 ] - Epoch 46: train==[111.08323 = 0.63333 + 0.84532 + 17.85254 + 0.00200 + 0.00000 + 0.00033 + 613.91891]
[ INFO : 2026-08-06 23:55:17,688 ] - Test_@[5, 10, 20, 50]: Recall=[0.01419, 0.02442, 0.03324, 0.06508],  precision=[0.00284, 0.00244, 0.00166, 0.00130], hit=[0.01419, 0.02442, 0.03324, 0.06508], ndcg=[0.01071, 0.01396, 0.01619, 0.02220], Train Rec Loss=[0.04914], Eval Rec Loss=[0.04934], c=[0.50000], F=[0.76313, 0.98367, 0.92847, 0.93687], F_fuse=[0.00566, 0.00487, 0.00332, 0.00260]
[ INFO : 2026-08-06 23:56:54,883 ] - Epoch 47: train==[110.94802 = 0.63553 + 0.84526 + 17.71555 + 0.00203 + 0.00000 + 0.00032 + 613.91617]
[ INFO : 2026-08-06 23:57:02,610 ] - Test_@[5, 10, 20, 50]: Recall=[0.01419, 0.02442, 0.03324, 0.06380],  precision=[0.00284, 0.00244, 0.00166, 0.00128], hit=[0.01419, 0.02442, 0.03324, 0.06380], ndcg=[0.01069, 0.01394, 0.01617, 0.02194], Train Rec Loss=[0.04910], Eval Rec Loss=[0.04947], c=[0.50000], F=[0.76329, 0.98315, 0.92910, 0.93837], F_fuse=[0.00566, 0.00487, 0.00332, 0.00255]
[ INFO : 2026-08-06 23:58:39,725 ] - Epoch 48: train==[110.97739 = 0.63312 + 0.84524 + 17.74711 + 0.00204 + 0.00000 + 0.00030 + 613.91780]
[ INFO : 2026-08-06 23:58:46,450 ] - Test_@[5, 10, 20, 50]: Recall=[0.01419, 0.02481, 0.03312, 0.06342],  precision=[0.00284, 0.00248, 0.00166, 0.00127], hit=[0.01419, 0.02481, 0.03312, 0.06342], ndcg=[0.01068, 0.01404, 0.01612, 0.02185], Train Rec Loss=[0.04899], Eval Rec Loss=[0.04930], c=[0.50000], F=[0.76397, 0.98258, 0.92881, 0.93834], F_fuse=[0.00566, 0.00495, 0.00331, 0.00253]
[ INFO : 2026-08-07 00:00:07,990 ] - Epoch 49: train==[110.74278 = 0.62365 + 0.84520 + 17.52175 + 0.00207 + 0.00000 + 0.00030 + 613.91925]
[ INFO : 2026-08-07 00:00:14,690 ] - Test_@[5, 10, 20, 50]: Recall=[0.01419, 0.02455, 0.03299, 0.06393],  precision=[0.00284, 0.00245, 0.00165, 0.00128], hit=[0.01419, 0.02455, 0.03299, 0.06393], ndcg=[0.01068, 0.01395, 0.01608, 0.02193], Train Rec Loss=[0.04908], Eval Rec Loss=[0.04938], c=[0.50000], F=[0.76428, 0.98210, 0.92812, 0.93829], F_fuse=[0.00566, 0.00490, 0.00329, 0.00255]
[ INFO : 2026-08-07 00:01:36,300 ] - Epoch 50: train==[110.68313 = 0.62192 + 0.84517 + 17.46407 + 0.00209 + 0.00000 + 0.00029 + 613.91773]
[ INFO : 2026-08-07 00:01:42,981 ] - Test_@[5, 10, 20, 50]: Recall=[0.01381, 0.02429, 0.03324, 0.06431],  precision=[0.00276, 0.00243, 0.00166, 0.00129], hit=[0.01381, 0.02429, 0.03324, 0.06431], ndcg=[0.01053, 0.01386, 0.01612, 0.02198], Train Rec Loss=[0.04908], Eval Rec Loss=[0.04942], c=[0.50000], F=[0.76444, 0.98172, 0.92839, 0.93809], F_fuse=[0.00550, 0.00485, 0.00332, 0.00257]
[ INFO : 2026-08-07 00:03:05,115 ] - Epoch 51: train==[110.62461 = 0.62119 + 0.84516 + 17.40664 + 0.00211 + 0.00000 + 0.00028 + 613.91524]
[ INFO : 2026-08-07 00:03:11,803 ] - Test_@[5, 10, 20, 50]: Recall=[0.01368, 0.02442, 0.03299, 0.06367],  precision=[0.00274, 0.00244, 0.00165, 0.00127], hit=[0.01368, 0.02442, 0.03299, 0.06367], ndcg=[0.01055, 0.01397, 0.01613, 0.02193], Train Rec Loss=[0.04908], Eval Rec Loss=[0.04940], c=[0.50000], F=[0.76432, 0.98138, 0.92899, 0.93930], F_fuse=[0.00545, 0.00487, 0.00329, 0.00254]
[ INFO : 2026-08-07 00:04:33,731 ] - Epoch 52: train==[110.46232 = 0.61966 + 0.84509 + 17.24543 + 0.00215 + 0.00000 + 0.00027 + 613.91826]
[ INFO : 2026-08-07 00:04:40,422 ] - Test_@[5, 10, 20, 50]: Recall=[0.01394, 0.02455, 0.03273, 0.06252],  precision=[0.00279, 0.00245, 0.00164, 0.00125], hit=[0.01394, 0.02455, 0.03273, 0.06252], ndcg=[0.01057, 0.01395, 0.01601, 0.02166], Train Rec Loss=[0.04904], Eval Rec Loss=[0.04933], c=[0.50000], F=[0.76486, 0.98065, 0.92940, 0.94039], F_fuse=[0.00555, 0.00490, 0.00327, 0.00250]
[ INFO : 2026-08-07 00:06:02,194 ] - Epoch 53: train==[110.42179 = 0.61266 + 0.84507 + 17.21204 + 0.00217 + 0.00000 + 0.00027 + 613.91736]
[ INFO : 2026-08-07 00:06:08,919 ] - Test_@[5, 10, 20, 50]: Recall=[0.01381, 0.02468, 0.03273, 0.06291],  precision=[0.00276, 0.00247, 0.00164, 0.00126], hit=[0.01381, 0.02468, 0.03273, 0.06291], ndcg=[0.01048, 0.01397, 0.01600, 0.02171], Train Rec Loss=[0.04910], Eval Rec Loss=[0.04935], c=[0.50000], F=[0.76425, 0.98066, 0.92981, 0.94096], F_fuse=[0.00550, 0.00492, 0.00327, 0.00251]
[ INFO : 2026-08-07 00:07:30,606 ] - Epoch 54: train==[110.29547 = 0.61379 + 0.84503 + 17.08440 + 0.00219 + 0.00000 + 0.00026 + 613.91873]
[ INFO : 2026-08-07 00:07:37,287 ] - Test_@[5, 10, 20, 50]: Recall=[0.01381, 0.02455, 0.03260, 0.06278],  precision=[0.00276, 0.00245, 0.00163, 0.00126], hit=[0.01381, 0.02455, 0.03260, 0.06278], ndcg=[0.01046, 0.01389, 0.01593, 0.02165], Train Rec Loss=[0.04905], Eval Rec Loss=[0.04934], c=[0.50000], F=[0.76409, 0.98058, 0.93009, 0.93991], F_fuse=[0.00550, 0.00490, 0.00325, 0.00251]
[ INFO : 2026-08-07 00:08:58,133 ] - Epoch 55: train==[110.24900 = 0.60891 + 0.84500 + 17.04335 + 0.00222 + 0.00000 + 0.00026 + 613.91506]
[ INFO : 2026-08-07 00:09:04,825 ] - Test_@[5, 10, 20, 50]: Recall=[0.01368, 0.02391, 0.03222, 0.06252],  precision=[0.00274, 0.00239, 0.00161, 0.00125], hit=[0.01368, 0.02391, 0.03222, 0.06252], ndcg=[0.01042, 0.01369, 0.01581, 0.02156], Train Rec Loss=[0.04894], Eval Rec Loss=[0.04932], c=[0.50000], F=[0.76492, 0.97989, 0.93104, 0.94102], F_fuse=[0.00545, 0.00477, 0.00322, 0.00250]
[ INFO : 2026-08-07 00:10:26,609 ] - Epoch 56: train==[110.17845 = 0.60475 + 0.84498 + 16.97582 + 0.00225 + 0.00000 + 0.00025 + 613.92262]
[ INFO : 2026-08-07 00:10:33,320 ] - Test_@[5, 10, 20, 50]: Recall=[0.01368, 0.02417, 0.03235, 0.06214],  precision=[0.00274, 0.00242, 0.00162, 0.00124], hit=[0.01368, 0.02417, 0.03235, 0.06214], ndcg=[0.01041, 0.01377, 0.01585, 0.02150], Train Rec Loss=[0.04906], Eval Rec Loss=[0.04923], c=[0.50000], F=[0.76585, 0.97905, 0.93101, 0.94048], F_fuse=[0.00545, 0.00482, 0.00323, 0.00248]
[ INFO : 2026-08-07 00:11:55,618 ] - Epoch 57: train==[110.09362 = 0.60452 + 0.84498 + 16.89169 + 0.00226 + 0.00000 + 0.00024 + 613.91950]
[ INFO : 2026-08-07 00:12:02,326 ] - Test_@[5, 10, 20, 50]: Recall=[0.01355, 0.02429, 0.03222, 0.06163],  precision=[0.00271, 0.00243, 0.00161, 0.00123], hit=[0.01355, 0.02429, 0.03222, 0.06163], ndcg=[0.01028, 0.01370, 0.01570, 0.02131], Train Rec Loss=[0.04897], Eval Rec Loss=[0.04931], c=[0.50000], F=[0.76591, 0.97897, 0.93103, 0.93962], F_fuse=[0.00540, 0.00485, 0.00322, 0.00246]
[ INFO : 2026-08-07 00:13:24,268 ] - Epoch 58: train==[110.08572 = 0.60143 + 0.84492 + 16.88650 + 0.00227 + 0.00000 + 0.00024 + 613.92222]
[ INFO : 2026-08-07 00:13:30,979 ] - Test_@[5, 10, 20, 50]: Recall=[0.01343, 0.02391, 0.03184, 0.06252],  precision=[0.00269, 0.00239, 0.00159, 0.00125], hit=[0.01343, 0.02391, 0.03184, 0.06252], ndcg=[0.01032, 0.01367, 0.01567, 0.02152], Train Rec Loss=[0.04902], Eval Rec Loss=[0.04925], c=[0.50000], F=[0.76601, 0.97771, 0.93145, 0.93983], F_fuse=[0.00535, 0.00477, 0.00318, 0.00250]
[ INFO : 2026-08-07 00:14:52,263 ] - Epoch 59: train==[109.95573 = 0.59797 + 0.84491 + 16.76057 + 0.00228 + 0.00000 + 0.00023 + 613.91817]
[ INFO : 2026-08-07 00:14:58,956 ] - Test_@[5, 10, 20, 50]: Recall=[0.01317, 0.02404, 0.03209, 0.06291],  precision=[0.00263, 0.00240, 0.00160, 0.00126], hit=[0.01317, 0.02404, 0.03209, 0.06291], ndcg=[0.01020, 0.01367, 0.01571, 0.02158], Train Rec Loss=[0.04895], Eval Rec Loss=[0.04932], c=[0.50000], F=[0.76636, 0.97847, 0.93206, 0.94002], F_fuse=[0.00525, 0.00480, 0.00320, 0.00251]
[ INFO : 2026-08-07 00:16:19,880 ] - Epoch 60: train==[109.81777 = 0.59470 + 0.84484 + 16.62601 + 0.00231 + 0.00000 + 0.00023 + 613.91749]
[ INFO : 2026-08-07 00:16:26,559 ] - Test_@[5, 10, 20, 50]: Recall=[0.01343, 0.02365, 0.03184, 0.06252],  precision=[0.00269, 0.00237, 0.00159, 0.00125], hit=[0.01343, 0.02365, 0.03184, 0.06252], ndcg=[0.01024, 0.01352, 0.01560, 0.02145], Train Rec Loss=[0.04893], Eval Rec Loss=[0.04931], c=[0.50000], F=[0.76662, 0.97745, 0.93150, 0.94000], F_fuse=[0.00535, 0.00472, 0.00318, 0.00250]
[ INFO : 2026-08-07 00:17:48,232 ] - Epoch 61: train==[109.73539 = 0.59440 + 0.84481 + 16.54359 + 0.00233 + 0.00000 + 0.00023 + 613.91967]
[ INFO : 2026-08-07 00:17:54,929 ] - Test_@[5, 10, 20, 50]: Recall=[0.01368, 0.02225, 0.03184, 0.06188],  precision=[0.00274, 0.00222, 0.00159, 0.00124], hit=[0.01368, 0.02225, 0.03184, 0.06188], ndcg=[0.01029, 0.01308, 0.01552, 0.02125], Train Rec Loss=[0.04888], Eval Rec Loss=[0.04929], c=[0.50000], F=[0.76585, 0.97659, 0.93338, 0.93969], F_fuse=[0.00545, 0.00444, 0.00318, 0.00247]
[ INFO : 2026-08-07 00:19:16,084 ] - Epoch 62: train==[109.68773 = 0.59315 + 0.84477 + 16.49726 + 0.00235 + 0.00000 + 0.00023 + 613.91920]
[ INFO : 2026-08-07 00:19:22,749 ] - Test_@[5, 10, 20, 50]: Recall=[0.01343, 0.02301, 0.03184, 0.06240],  precision=[0.00269, 0.00230, 0.00159, 0.00125], hit=[0.01343, 0.02301, 0.03184, 0.06240], ndcg=[0.01022, 0.01333, 0.01558, 0.02140], Train Rec Loss=[0.04895], Eval Rec Loss=[0.04926], c=[0.50000], F=[0.76674, 0.97681, 0.93376, 0.93941], F_fuse=[0.00535, 0.00459, 0.00318, 0.00249]
[ INFO : 2026-08-07 00:20:43,990 ] - Epoch 63: train==[109.74853 = 0.58859 + 0.84471 + 16.56252 + 0.00236 + 0.00000 + 0.00022 + 613.92012]
[ INFO : 2026-08-07 00:20:50,682 ] - Test_@[5, 10, 20, 50]: Recall=[0.01368, 0.02263, 0.03184, 0.06188],  precision=[0.00274, 0.00226, 0.00159, 0.00124], hit=[0.01368, 0.02263, 0.03184, 0.06188], ndcg=[0.01030, 0.01323, 0.01557, 0.02129], Train Rec Loss=[0.04896], Eval Rec Loss=[0.04919], c=[0.50000], F=[0.76726, 0.97568, 0.93342, 0.93868], F_fuse=[0.00545, 0.00452, 0.00318, 0.00247]
[ INFO : 2026-08-07 00:22:12,172 ] - Epoch 64: train==[109.54891 = 0.58321 + 0.84471 + 16.36835 + 0.00240 + 0.00000 + 0.00022 + 613.91939]
[ INFO : 2026-08-07 00:22:18,851 ] - Test_@[5, 10, 20, 50]: Recall=[0.01368, 0.02276, 0.03184, 0.06201],  precision=[0.00274, 0.00228, 0.00159, 0.00124], hit=[0.01368, 0.02276, 0.03184, 0.06201], ndcg=[0.01022, 0.01319, 0.01550, 0.02125], Train Rec Loss=[0.04894], Eval Rec Loss=[0.04921], c=[0.50000], F=[0.76770, 0.97501, 0.93481, 0.94060], F_fuse=[0.00545, 0.00454, 0.00318, 0.00248]
[ INFO : 2026-08-07 00:23:40,467 ] - Epoch 65: train==[109.53821 = 0.58228 + 0.84466 + 16.35855 + 0.00241 + 0.00000 + 0.00022 + 613.91976]
[ INFO : 2026-08-07 00:23:47,156 ] - Test_@[5, 10, 20, 50]: Recall=[0.01394, 0.02289, 0.03184, 0.06150],  precision=[0.00279, 0.00229, 0.00159, 0.00123], hit=[0.01394, 0.02289, 0.03184, 0.06150], ndcg=[0.01031, 0.01325, 0.01552, 0.02117], Train Rec Loss=[0.04896], Eval Rec Loss=[0.04936], c=[0.50000], F=[0.76684, 0.97426, 0.93373, 0.94032], F_fuse=[0.00555, 0.00457, 0.00318, 0.00246]
[ INFO : 2026-08-07 00:25:08,615 ] - Epoch 66: train==[109.42283 = 0.58170 + 0.84455 + 16.24372 + 0.00242 + 0.00000 + 0.00022 + 613.92020]
[ INFO : 2026-08-07 00:25:15,299 ] - Test_@[5, 10, 20, 50]: Recall=[0.01381, 0.02250, 0.03184, 0.06048],  precision=[0.00276, 0.00225, 0.00159, 0.00121], hit=[0.01381, 0.02250, 0.03184, 0.06048], ndcg=[0.01026, 0.01310, 0.01547, 0.02094], Train Rec Loss=[0.04889], Eval Rec Loss=[0.04924], c=[0.50000], F=[0.76729, 0.97395, 0.93327, 0.94093], F_fuse=[0.00550, 0.00449, 0.00318, 0.00242]
[ INFO : 2026-08-07 00:26:37,150 ] - Epoch 67: train==[109.35017 = 0.57667 + 0.84450 + 16.17655 + 0.00243 + 0.00000 + 0.00021 + 613.91731]
[ INFO : 2026-08-07 00:26:43,861 ] - Test_@[5, 10, 20, 50]: Recall=[0.01432, 0.02276, 0.03209, 0.06073],  precision=[0.00286, 0.00228, 0.00160, 0.00121], hit=[0.01432, 0.02276, 0.03209, 0.06073], ndcg=[0.01046, 0.01324, 0.01558, 0.02103], Train Rec Loss=[0.04889], Eval Rec Loss=[0.04930], c=[0.50000], F=[0.76706, 0.97375, 0.93514, 0.94092], F_fuse=[0.00571, 0.00454, 0.00320, 0.00243]
[ INFO : 2026-08-07 00:28:06,131 ] - Epoch 68: train==[109.27701 = 0.57666 + 0.84444 + 16.10365 + 0.00248 + 0.00000 + 0.00021 + 613.91566]
[ INFO : 2026-08-07 00:28:12,854 ] - Test_@[5, 10, 20, 50]: Recall=[0.01419, 0.02289, 0.03222, 0.06048],  precision=[0.00284, 0.00229, 0.00161, 0.00121], hit=[0.01419, 0.02289, 0.03222, 0.06048], ndcg=[0.01036, 0.01321, 0.01554, 0.02093], Train Rec Loss=[0.04893], Eval Rec Loss=[0.04922], c=[0.50000], F=[0.76841, 0.97218, 0.93511, 0.94121], F_fuse=[0.00566, 0.00457, 0.00322, 0.00242]
[ INFO : 2026-08-07 00:29:34,392 ] - Epoch 69: train==[109.30862 = 0.57799 + 0.84441 + 16.13352 + 0.00247 + 0.00000 + 0.00020 + 613.91855]
[ INFO : 2026-08-07 00:29:41,052 ] - Test_@[5, 10, 20, 50]: Recall=[0.01406, 0.02276, 0.03222, 0.06048],  precision=[0.00281, 0.00228, 0.00161, 0.00121], hit=[0.01406, 0.02276, 0.03222, 0.06048], ndcg=[0.01031, 0.01316, 0.01554, 0.02092], Train Rec Loss=[0.04886], Eval Rec Loss=[0.04925], c=[0.50000], F=[0.76789, 0.97271, 0.93434, 0.94062], F_fuse=[0.00561, 0.00454, 0.00322, 0.00242]
[ INFO : 2026-08-07 00:31:02,193 ] - Epoch 70: train==[109.22209 = 0.57888 + 0.84436 + 16.04656 + 0.00250 + 0.00000 + 0.00021 + 613.91541]
[ INFO : 2026-08-07 00:31:08,866 ] - Test_@[5, 10, 20, 50]: Recall=[0.01406, 0.02276, 0.03222, 0.06022],  precision=[0.00281, 0.00228, 0.00161, 0.00120], hit=[0.01406, 0.02276, 0.03222, 0.06022], ndcg=[0.01037, 0.01322, 0.01561, 0.02095], Train Rec Loss=[0.04886], Eval Rec Loss=[0.04916], c=[0.50000], F=[0.76799, 0.97244, 0.93510, 0.94130], F_fuse=[0.00561, 0.00454, 0.00322, 0.00241]
[ INFO : 2026-08-07 00:32:29,862 ] - Epoch 71: train==[109.06436 = 0.56712 + 0.84428 + 15.90061 + 0.00250 + 0.00000 + 0.00021 + 613.91564]
[ INFO : 2026-08-07 00:32:36,508 ] - Test_@[5, 10, 20, 50]: Recall=[0.01406, 0.02238, 0.03145, 0.06048],  precision=[0.00281, 0.00224, 0.00157, 0.00121], hit=[0.01406, 0.02238, 0.03145, 0.06048], ndcg=[0.01037, 0.01312, 0.01542, 0.02098], Train Rec Loss=[0.04884], Eval Rec Loss=[0.04927], c=[0.50000], F=[0.77023, 0.97025, 0.93600, 0.94144], F_fuse=[0.00561, 0.00446, 0.00314, 0.00242]
[ INFO : 2026-08-07 00:33:57,978 ] - Epoch 72: train==[108.99209 = 0.56163 + 0.84418 + 15.83349 + 0.00252 + 0.00000 + 0.00021 + 613.91823]
[ INFO : 2026-08-07 00:34:04,652 ] - Test_@[5, 10, 20, 50]: Recall=[0.01368, 0.02263, 0.03209, 0.05946],  precision=[0.00274, 0.00226, 0.00160, 0.00119], hit=[0.01368, 0.02263, 0.03209, 0.05946], ndcg=[0.01009, 0.01302, 0.01540, 0.02063], Train Rec Loss=[0.04883], Eval Rec Loss=[0.04921], c=[0.50000], F=[0.76857, 0.97130, 0.93447, 0.94170], F_fuse=[0.00545, 0.00452, 0.00320, 0.00238]
[ INFO : 2026-08-07 00:35:25,892 ] - Epoch 73: train==[108.94380 = 0.56422 + 0.84411 + 15.78224 + 0.00254 + 0.00000 + 0.00020 + 613.92090]
[ INFO : 2026-08-07 00:35:32,597 ] - Test_@[5, 10, 20, 50]: Recall=[0.01381, 0.02225, 0.03171, 0.05997],  precision=[0.00276, 0.00222, 0.00159, 0.00120], hit=[0.01381, 0.02225, 0.03171, 0.05997], ndcg=[0.01019, 0.01297, 0.01536, 0.02076], Train Rec Loss=[0.04892], Eval Rec Loss=[0.04920], c=[0.50000], F=[0.76952, 0.97092, 0.93433, 0.94184], F_fuse=[0.00550, 0.00444, 0.00317, 0.00240]
[ INFO : 2026-08-07 00:36:54,905 ] - Epoch 74: train==[108.81759 = 0.56193 + 0.84407 + 15.65893 + 0.00257 + 0.00000 + 0.00020 + 613.91669]
[ INFO : 2026-08-07 00:37:01,639 ] - Test_@[5, 10, 20, 50]: Recall=[0.01406, 0.02289, 0.03145, 0.05933],  precision=[0.00281, 0.00229, 0.00157, 0.00119], hit=[0.01406, 0.02289, 0.03145, 0.05933], ndcg=[0.01033, 0.01324, 0.01539, 0.02072], Train Rec Loss=[0.04895], Eval Rec Loss=[0.04928], c=[0.50000], F=[0.76917, 0.96899, 0.93559, 0.94311], F_fuse=[0.00561, 0.00457, 0.00314, 0.00237]
[ INFO : 2026-08-07 00:38:23,074 ] - Epoch 75: train==[108.85561 = 0.55651 + 0.84401 + 15.70245 + 0.00257 + 0.00000 + 0.00020 + 613.91647]
[ INFO : 2026-08-07 00:38:29,716 ] - Test_@[5, 10, 20, 50]: Recall=[0.01406, 0.02225, 0.03133, 0.05933],  precision=[0.00281, 0.00222, 0.00157, 0.00119], hit=[0.01406, 0.02225, 0.03133, 0.05933], ndcg=[0.01025, 0.01296, 0.01527, 0.02064], Train Rec Loss=[0.04873], Eval Rec Loss=[0.04927], c=[0.50000], F=[0.76984, 0.96804, 0.93527, 0.94210], F_fuse=[0.00561, 0.00444, 0.00313, 0.00237]
[ INFO : 2026-08-07 00:39:51,519 ] - Epoch 76: train==[108.78489 = 0.55680 + 0.84395 + 15.63156 + 0.00260 + 0.00000 + 0.00020 + 613.91571]
[ INFO : 2026-08-07 00:39:58,214 ] - Test_@[5, 10, 20, 50]: Recall=[0.01406, 0.02250, 0.03158, 0.05882],  precision=[0.00281, 0.00225, 0.00158, 0.00118], hit=[0.01406, 0.02250, 0.03158, 0.05882], ndcg=[0.01025, 0.01303, 0.01532, 0.02056], Train Rec Loss=[0.04890], Eval Rec Loss=[0.04913], c=[0.50000], F=[0.77042, 0.96883, 0.93582, 0.94198], F_fuse=[0.00561, 0.00449, 0.00315, 0.00235]
[ INFO : 2026-08-07 00:41:20,467 ] - Epoch 77: train==[108.66647 = 0.55748 + 0.84387 + 15.51244 + 0.00262 + 0.00000 + 0.00019 + 613.91610]
[ INFO : 2026-08-07 00:41:27,181 ] - Test_@[5, 10, 20, 50]: Recall=[0.01406, 0.02238, 0.03107, 0.05984],  precision=[0.00281, 0.00224, 0.00155, 0.00120], hit=[0.01406, 0.02238, 0.03107, 0.05984], ndcg=[0.01015, 0.01289, 0.01510, 0.02063], Train Rec Loss=[0.04884], Eval Rec Loss=[0.04913], c=[0.50000], F=[0.77355, 0.96726, 0.93585, 0.94276], F_fuse=[0.00561, 0.00446, 0.00310, 0.00239]
[ INFO : 2026-08-07 00:42:48,610 ] - Epoch 78: train==[108.63085 = 0.55186 + 0.84379 + 15.48185 + 0.00262 + 0.00000 + 0.00019 + 613.92029]
[ INFO : 2026-08-07 00:42:55,277 ] - Test_@[5, 10, 20, 50]: Recall=[0.01394, 0.02263, 0.03133, 0.05920],  precision=[0.00279, 0.00226, 0.00157, 0.00118], hit=[0.01394, 0.02263, 0.03133, 0.05920], ndcg=[0.01017, 0.01303, 0.01523, 0.02060], Train Rec Loss=[0.04879], Eval Rec Loss=[0.04915], c=[0.50000], F=[0.77528, 0.96539, 0.93515, 0.94175], F_fuse=[0.00555, 0.00452, 0.00313, 0.00237]
[ INFO : 2026-08-07 00:44:16,665 ] - Epoch 79: train==[108.48414 = 0.55137 + 0.84376 + 15.33620 + 0.00264 + 0.00000 + 0.00019 + 613.91648]
[ INFO : 2026-08-07 00:44:23,338 ] - Test_@[5, 10, 20, 50]: Recall=[0.01394, 0.02276, 0.03120, 0.05869],  precision=[0.00279, 0.00228, 0.00156, 0.00117], hit=[0.01394, 0.02276, 0.03120, 0.05869], ndcg=[0.01012, 0.01299, 0.01512, 0.02041], Train Rec Loss=[0.04885], Eval Rec Loss=[0.04918], c=[0.50000], F=[0.77026, 0.96568, 0.93778, 0.94276], F_fuse=[0.00555, 0.00454, 0.00311, 0.00234]
[ INFO : 2026-08-07 00:45:45,116 ] - Epoch 80: train==[108.53673 = 0.55059 + 0.84368 + 15.38962 + 0.00264 + 0.00000 + 0.00019 + 613.91646]
[ INFO : 2026-08-07 00:45:51,825 ] - Test_@[5, 10, 20, 50]: Recall=[0.01394, 0.02289, 0.03120, 0.05933],  precision=[0.00279, 0.00229, 0.00156, 0.00119], hit=[0.01394, 0.02289, 0.03120, 0.05933], ndcg=[0.01005, 0.01297, 0.01507, 0.02048], Train Rec Loss=[0.04883], Eval Rec Loss=[0.04906], c=[0.50000], F=[0.76863, 0.96577, 0.93749, 0.94398], F_fuse=[0.00555, 0.00457, 0.00311, 0.00237]
[ INFO : 2026-08-07 00:47:13,257 ] - Epoch 81: train==[108.45106 = 0.54482 + 0.84362 + 15.30962 + 0.00267 + 0.00000 + 0.00019 + 613.91728]
[ INFO : 2026-08-07 00:47:19,931 ] - Test_@[5, 10, 20, 50]: Recall=[0.01432, 0.02238, 0.03107, 0.05805],  precision=[0.00286, 0.00224, 0.00155, 0.00116], hit=[0.01432, 0.02238, 0.03107, 0.05805], ndcg=[0.01020, 0.01285, 0.01505, 0.02025], Train Rec Loss=[0.04885], Eval Rec Loss=[0.04918], c=[0.50000], F=[0.77307, 0.96138, 0.93683, 0.94348], F_fuse=[0.00571, 0.00446, 0.00310, 0.00232]
[ INFO : 2026-08-07 00:48:41,157 ] - Epoch 82: train==[108.41529 = 0.54574 + 0.84343 + 15.27297 + 0.00268 + 0.00000 + 0.00019 + 613.91769]
[ INFO : 2026-08-07 00:48:47,857 ] - Test_@[5, 10, 20, 50]: Recall=[0.01419, 0.02276, 0.03133, 0.05843],  precision=[0.00284, 0.00228, 0.00157, 0.00117], hit=[0.01419, 0.02276, 0.03133, 0.05843], ndcg=[0.01013, 0.01293, 0.01508, 0.02030], Train Rec Loss=[0.04889], Eval Rec Loss=[0.04908], c=[0.50000], F=[0.77278, 0.96184, 0.93708, 0.94390], F_fuse=[0.00566, 0.00454, 0.00313, 0.00233]
[ INFO : 2026-08-07 00:50:09,551 ] - Epoch 83: train==[108.27354 = 0.53996 + 0.84340 + 15.13767 + 0.00269 + 0.00000 + 0.00019 + 613.91327]
[ INFO : 2026-08-07 00:50:16,193 ] - Test_@[5, 10, 20, 50]: Recall=[0.01432, 0.02263, 0.03120, 0.05843],  precision=[0.00286, 0.00226, 0.00156, 0.00117], hit=[0.01432, 0.02263, 0.03120, 0.05843], ndcg=[0.01016, 0.01289, 0.01503, 0.02027], Train Rec Loss=[0.04879], Eval Rec Loss=[0.04905], c=[0.50000], F=[0.77281, 0.96058, 0.93755, 0.94347], F_fuse=[0.00571, 0.00452, 0.00311, 0.00233]
[ INFO : 2026-08-07 00:51:38,241 ] - Epoch 84: train==[108.30263 = 0.53626 + 0.84325 + 15.16981 + 0.00274 + 0.00000 + 0.00019 + 613.91786]
[ INFO : 2026-08-07 00:51:44,928 ] - Test_@[5, 10, 20, 50]: Recall=[0.01419, 0.02263, 0.03158, 0.05818],  precision=[0.00284, 0.00226, 0.00158, 0.00116], hit=[0.01419, 0.02263, 0.03158, 0.05818], ndcg=[0.01010, 0.01289, 0.01514, 0.02024], Train Rec Loss=[0.04872], Eval Rec Loss=[0.04920], c=[0.50000], F=[0.77930, 0.95804, 0.93636, 0.94274], F_fuse=[0.00566, 0.00452, 0.00315, 0.00232]
[ INFO : 2026-08-07 00:53:06,293 ] - Epoch 85: train==[108.12451 = 0.53819 + 0.84318 + 14.98959 + 0.00272 + 0.00000 + 0.00019 + 613.91943]
[ INFO : 2026-08-07 00:53:12,970 ] - Test_@[5, 10, 20, 50]: Recall=[0.01419, 0.02263, 0.03158, 0.05894],  precision=[0.00284, 0.00226, 0.00158, 0.00118], hit=[0.01419, 0.02263, 0.03158, 0.05894], ndcg=[0.01008, 0.01286, 0.01511, 0.02035], Train Rec Loss=[0.04877], Eval Rec Loss=[0.04910], c=[0.50000], F=[0.77751, 0.95870, 0.93732, 0.94384], F_fuse=[0.00566, 0.00452, 0.00315, 0.00235]
[ INFO : 2026-08-07 00:54:34,714 ] - Epoch 86: train==[108.08968 = 0.53524 + 0.84314 + 14.95876 + 0.00274 + 0.00000 + 0.00018 + 613.91245]
[ INFO : 2026-08-07 00:54:41,419 ] - Test_@[5, 10, 20, 50]: Recall=[0.01406, 0.02250, 0.03107, 0.05830],  precision=[0.00281, 0.00225, 0.00155, 0.00117], hit=[0.01406, 0.02250, 0.03107, 0.05830], ndcg=[0.00994, 0.01273, 0.01488, 0.02012], Train Rec Loss=[0.04881], Eval Rec Loss=[0.04916], c=[0.50000], F=[0.77585, 0.95812, 0.93683, 0.94320], F_fuse=[0.00561, 0.00449, 0.00310, 0.00233]
[ INFO : 2026-08-07 00:56:02,740 ] - Epoch 87: train==[107.98958 = 0.53805 + 0.84295 + 14.85510 + 0.00275 + 0.00000 + 0.00018 + 613.91812]
[ INFO : 2026-08-07 00:56:09,391 ] - Test_@[5, 10, 20, 50]: Recall=[0.01406, 0.02263, 0.03043, 0.05792],  precision=[0.00281, 0.00226, 0.00152, 0.00116], hit=[0.01406, 0.02263, 0.03043, 0.05792], ndcg=[0.01006, 0.01290, 0.01485, 0.02016], Train Rec Loss=[0.04878], Eval Rec Loss=[0.04902], c=[0.50000], F=[0.78275, 0.95857, 0.93835, 0.94381], F_fuse=[0.00561, 0.00452, 0.00304, 0.00231]
[ INFO : 2026-08-07 00:57:31,857 ] - Epoch 88: train==[107.96411 = 0.53318 + 0.84286 + 14.83487 + 0.00277 + 0.00000 + 0.00018 + 613.91584]
[ INFO : 2026-08-07 00:57:38,579 ] - Test_@[5, 10, 20, 50]: Recall=[0.01406, 0.02250, 0.03081, 0.05715],  precision=[0.00281, 0.00225, 0.00154, 0.00114], hit=[0.01406, 0.02250, 0.03081, 0.05715], ndcg=[0.00999, 0.01279, 0.01487, 0.01995], Train Rec Loss=[0.04879], Eval Rec Loss=[0.04924], c=[0.50000], F=[0.78333, 0.95715, 0.93742, 0.94348], F_fuse=[0.00561, 0.00449, 0.00308, 0.00228]
[ INFO : 2026-08-07 00:59:00,033 ] - Epoch 89: train==[107.92501 = 0.52942 + 0.84272 + 14.79909 + 0.00280 + 0.00000 + 0.00018 + 613.91922]
[ INFO : 2026-08-07 00:59:06,735 ] - Test_@[5, 10, 20, 50]: Recall=[0.01406, 0.02250, 0.03056, 0.05715],  precision=[0.00281, 0.00225, 0.00153, 0.00114], hit=[0.01406, 0.02250, 0.03056, 0.05715], ndcg=[0.00992, 0.01271, 0.01474, 0.01989], Train Rec Loss=[0.04878], Eval Rec Loss=[0.04914], c=[0.50000], F=[0.77920, 0.95480, 0.93756, 0.94342], F_fuse=[0.00561, 0.00449, 0.00305, 0.00228]
[ INFO : 2026-08-07 01:00:28,571 ] - Epoch 90: train==[107.91625 = 0.52655 + 0.84257 + 14.79358 + 0.00280 + 0.00000 + 0.00018 + 613.91728]
[ INFO : 2026-08-07 01:00:35,239 ] - Test_@[5, 10, 20, 50]: Recall=[0.01432, 0.02238, 0.03081, 0.05703],  precision=[0.00286, 0.00224, 0.00154, 0.00114], hit=[0.01432, 0.02238, 0.03081, 0.05703], ndcg=[0.00999, 0.01267, 0.01479, 0.01986], Train Rec Loss=[0.04876], Eval Rec Loss=[0.04913], c=[0.50000], F=[0.78793, 0.95456, 0.93736, 0.94307], F_fuse=[0.00571, 0.00446, 0.00308, 0.00228]
[ INFO : 2026-08-07 01:01:57,824 ] - Epoch 91: train==[107.79709 = 0.52607 + 0.84240 + 14.67481 + 0.00283 + 0.00000 + 0.00018 + 613.91831]
[ INFO : 2026-08-07 01:02:04,524 ] - Test_@[5, 10, 20, 50]: Recall=[0.01419, 0.02263, 0.03094, 0.05639],  precision=[0.00284, 0.00226, 0.00155, 0.00113], hit=[0.01419, 0.02263, 0.03094, 0.05639], ndcg=[0.00994, 0.01275, 0.01483, 0.01974], Train Rec Loss=[0.04884], Eval Rec Loss=[0.04908], c=[0.50000], F=[0.78601, 0.95455, 0.93749, 0.94338], F_fuse=[0.00566, 0.00452, 0.00309, 0.00225]
[ INFO : 2026-08-07 01:03:26,586 ] - Epoch 92: train==[107.78264 = 0.52370 + 0.84237 + 14.66287 + 0.00284 + 0.00000 + 0.00018 + 613.91761]
[ INFO : 2026-08-07 01:03:33,240 ] - Test_@[5, 10, 20, 50]: Recall=[0.01419, 0.02238, 0.03056, 0.05626],  precision=[0.00284, 0.00224, 0.00153, 0.00113], hit=[0.01419, 0.02238, 0.03056, 0.05626], ndcg=[0.00986, 0.01257, 0.01462, 0.01960], Train Rec Loss=[0.04882], Eval Rec Loss=[0.04916], c=[0.50000], F=[0.78770, 0.95175, 0.93737, 0.94301], F_fuse=[0.00566, 0.00446, 0.00305, 0.00225]
[ INFO : 2026-08-07 01:04:55,018 ] - Epoch 93: train==[107.64999 = 0.52556 + 0.84210 + 14.52857 + 0.00286 + 0.00000 + 0.00018 + 613.91704]
[ INFO : 2026-08-07 01:05:01,663 ] - Test_@[5, 10, 20, 50]: Recall=[0.01419, 0.02238, 0.03069, 0.05639],  precision=[0.00284, 0.00224, 0.00153, 0.00113], hit=[0.01419, 0.02238, 0.03069, 0.05639], ndcg=[0.00987, 0.01260, 0.01468, 0.01965], Train Rec Loss=[0.04880], Eval Rec Loss=[0.04910], c=[0.50000], F=[0.79077, 0.94904, 0.93883, 0.94338], F_fuse=[0.00566, 0.00446, 0.00306, 0.00225]
[ INFO : 2026-08-07 01:06:22,921 ] - Epoch 94: train==[107.63718 = 0.52051 + 0.84200 + 14.52100 + 0.00285 + 0.00000 + 0.00018 + 613.91624]
[ INFO : 2026-08-07 01:06:29,596 ] - Test_@[5, 10, 20, 50]: Recall=[0.01432, 0.02250, 0.03056, 0.05575],  precision=[0.00286, 0.00225, 0.00153, 0.00111], hit=[0.01432, 0.02250, 0.03056, 0.05575], ndcg=[0.00982, 0.01254, 0.01456, 0.01944], Train Rec Loss=[0.04878], Eval Rec Loss=[0.04909], c=[0.50000], F=[0.79882, 0.95118, 0.93810, 0.94285], F_fuse=[0.00571, 0.00449, 0.00305, 0.00223]
[ INFO : 2026-08-07 01:07:52,011 ] - Epoch 95: train==[107.55239 = 0.51863 + 0.84183 + 14.43784 + 0.00288 + 0.00000 + 0.00018 + 613.91837]
[ INFO : 2026-08-07 01:07:58,698 ] - Test_@[5, 10, 20, 50]: Recall=[0.01445, 0.02250, 0.03069, 0.05626],  precision=[0.00289, 0.00225, 0.00153, 0.00113], hit=[0.01445, 0.02250, 0.03069, 0.05626], ndcg=[0.00984, 0.01252, 0.01457, 0.01951], Train Rec Loss=[0.04888], Eval Rec Loss=[0.04920], c=[0.50000], F=[0.80349, 0.94702, 0.93828, 0.94301], F_fuse=[0.00576, 0.00449, 0.00306, 0.00225]
[ INFO : 2026-08-07 01:09:20,594 ] - Epoch 96: train==[107.50259 = 0.51865 + 0.84165 + 14.38849 + 0.00288 + 0.00000 + 0.00017 + 613.91610]
[ INFO : 2026-08-07 01:09:27,263 ] - Test_@[5, 10, 20, 50]: Recall=[0.01406, 0.02238, 0.03081, 0.05588],  precision=[0.00281, 0.00224, 0.00154, 0.00112], hit=[0.01406, 0.02238, 0.03081, 0.05588], ndcg=[0.00973, 0.01251, 0.01462, 0.01947], Train Rec Loss=[0.04881], Eval Rec Loss=[0.04907], c=[0.50000], F=[0.78940, 0.94565, 0.93912, 0.94411], F_fuse=[0.00561, 0.00446, 0.00308, 0.00223]
[ INFO : 2026-08-07 01:10:49,364 ] - Epoch 97: train==[107.33333 = 0.51354 + 0.84144 + 14.22445 + 0.00291 + 0.00000 + 0.00018 + 613.91595]
[ INFO : 2026-08-07 01:10:56,042 ] - Test_@[5, 10, 20, 50]: Recall=[0.01394, 0.02225, 0.03056, 0.05549],  precision=[0.00279, 0.00222, 0.00153, 0.00111], hit=[0.01394, 0.02225, 0.03056, 0.05549], ndcg=[0.00959, 0.01236, 0.01444, 0.01927], Train Rec Loss=[0.04882], Eval Rec Loss=[0.04906], c=[0.50000], F=[0.78310, 0.95113, 0.93729, 0.94380], F_fuse=[0.00555, 0.00444, 0.00305, 0.00222]
[ INFO : 2026-08-07 01:12:17,837 ] - Epoch 98: train==[107.41655 = 0.51039 + 0.84117 + 14.31096 + 0.00289 + 0.00000 + 0.00017 + 613.91615]
[ INFO : 2026-08-07 01:12:24,522 ] - Test_@[5, 10, 20, 50]: Recall=[0.01419, 0.02225, 0.03069, 0.05613],  precision=[0.00284, 0.00222, 0.00153, 0.00112], hit=[0.01419, 0.02225, 0.03069, 0.05613], ndcg=[0.00968, 0.01237, 0.01448, 0.01939], Train Rec Loss=[0.04878], Eval Rec Loss=[0.04910], c=[0.50000], F=[0.78703, 0.94749, 0.93757, 0.94292], F_fuse=[0.00566, 0.00444, 0.00306, 0.00224]
[ INFO : 2026-08-07 01:13:51,056 ] - Epoch 99: train==[107.38608 = 0.51576 + 0.84101 + 14.27597 + 0.00290 + 0.00000 + 0.00017 + 613.91109]
[ INFO : 2026-08-07 01:13:57,743 ] - Test_@[5, 10, 20, 50]: Recall=[0.01394, 0.02238, 0.03043, 0.05549],  precision=[0.00279, 0.00224, 0.00152, 0.00111], hit=[0.01394, 0.02238, 0.03043, 0.05549], ndcg=[0.00942, 0.01224, 0.01424, 0.01910], Train Rec Loss=[0.04879], Eval Rec Loss=[0.04910], c=[0.50000], F=[0.80748, 0.94464, 0.93825, 0.94357], F_fuse=[0.00556, 0.00446, 0.00304, 0.00222]
[ INFO : 2026-08-07 01:15:19,445 ] - Epoch 100: train==[107.24172 = 0.51002 + 0.84079 + 14.13660 + 0.00293 + 0.00000 + 0.00017 + 613.91677]
[ INFO : 2026-08-07 01:15:26,151 ] - Test_@[5, 10, 20, 50]: Recall=[0.01394, 0.02212, 0.03043, 0.05511],  precision=[0.00279, 0.00221, 0.00152, 0.00110], hit=[0.01394, 0.02212, 0.03043, 0.05511], ndcg=[0.00954, 0.01228, 0.01436, 0.01914], Train Rec Loss=[0.04879], Eval Rec Loss=[0.04915], c=[0.50000], F=[0.79227, 0.94737, 0.93725, 0.94349], F_fuse=[0.00556, 0.00441, 0.00304, 0.00220]
[ INFO : 2026-08-07 01:16:47,798 ] - Epoch 101: train==[107.27397 = 0.50807 + 0.84057 + 14.17078 + 0.00294 + 0.00000 + 0.00017 + 613.91774]
[ INFO : 2026-08-07 01:16:54,483 ] - Test_@[5, 10, 20, 50]: Recall=[0.01445, 0.02238, 0.03056, 0.05562],  precision=[0.00289, 0.00224, 0.00153, 0.00111], hit=[0.01445, 0.02238, 0.03056, 0.05562], ndcg=[0.00968, 0.01231, 0.01434, 0.01919], Train Rec Loss=[0.04876], Eval Rec Loss=[0.04906], c=[0.50000], F=[0.82509, 0.94563, 0.93652, 0.94292], F_fuse=[0.00576, 0.00446, 0.00305, 0.00222]
[ INFO : 2026-08-07 01:18:16,466 ] - Epoch 102: train==[107.16667 = 0.50947 + 0.84030 + 14.06270 + 0.00295 + 0.00000 + 0.00017 + 613.91467]
[ INFO : 2026-08-07 01:18:23,194 ] - Test_@[5, 10, 20, 50]: Recall=[0.01483, 0.02186, 0.03030, 0.05524],  precision=[0.00297, 0.00219, 0.00152, 0.00110], hit=[0.01483, 0.02186, 0.03030, 0.05524], ndcg=[0.00993, 0.01228, 0.01440, 0.01924], Train Rec Loss=[0.04879], Eval Rec Loss=[0.04916], c=[0.50000], F=[0.84116, 0.94445, 0.93818, 0.94404], F_fuse=[0.00591, 0.00436, 0.00303, 0.00221]
[ INFO : 2026-08-07 01:19:45,665 ] - Epoch 103: train==[107.07109 = 0.50953 + 0.84005 + 13.96664 + 0.00295 + 0.00000 + 0.00017 + 613.91848]
[ INFO : 2026-08-07 01:19:52,382 ] - Test_@[5, 10, 20, 50]: Recall=[0.01419, 0.02225, 0.03005, 0.05626],  precision=[0.00284, 0.00222, 0.00150, 0.00113], hit=[0.01419, 0.02225, 0.03005, 0.05626], ndcg=[0.00963, 0.01231, 0.01425, 0.01934], Train Rec Loss=[0.04881], Eval Rec Loss=[0.04921], c=[0.50000], F=[0.82372, 0.94435, 0.93641, 0.94279], F_fuse=[0.00566, 0.00444, 0.00300, 0.00225]
[ INFO : 2026-08-07 01:21:14,335 ] - Epoch 104: train==[107.09587 = 0.50206 + 0.83961 + 13.99976 + 0.00298 + 0.00000 + 0.00017 + 613.91423]
[ INFO : 2026-08-07 01:21:21,066 ] - Test_@[5, 10, 20, 50]: Recall=[0.01368, 0.02199, 0.02966, 0.05575],  precision=[0.00274, 0.00220, 0.00148, 0.00111], hit=[0.01368, 0.02199, 0.02966, 0.05575], ndcg=[0.00929, 0.01205, 0.01397, 0.01905], Train Rec Loss=[0.04878], Eval Rec Loss=[0.04910], c=[0.50000], F=[0.81627, 0.94322, 0.93691, 0.94333], F_fuse=[0.00545, 0.00439, 0.00296, 0.00223]
[ INFO : 2026-08-07 01:22:43,354 ] - Epoch 105: train==[106.99929 = 0.50061 + 0.83929 + 13.90415 + 0.00298 + 0.00000 + 0.00017 + 613.91864]
[ INFO : 2026-08-07 01:22:50,042 ] - Test_@[5, 10, 20, 50]: Recall=[0.01432, 0.02199, 0.02954, 0.05549],  precision=[0.00286, 0.00220, 0.00148, 0.00111], hit=[0.01432, 0.02199, 0.02954, 0.05549], ndcg=[0.00948, 0.01201, 0.01390, 0.01893], Train Rec Loss=[0.04883], Eval Rec Loss=[0.04914], c=[0.50000], F=[0.83423, 0.94161, 0.93720, 0.94347], F_fuse=[0.00571, 0.00439, 0.00295, 0.00222]
[ INFO : 2026-08-07 01:24:11,505 ] - Epoch 106: train==[106.98641 = 0.49993 + 0.83902 + 13.89247 + 0.00299 + 0.00000 + 0.00017 + 613.91623]
[ INFO : 2026-08-07 01:24:18,178 ] - Test_@[5, 10, 20, 50]: Recall=[0.01381, 0.02199, 0.03018, 0.05549],  precision=[0.00276, 0.00220, 0.00151, 0.00111], hit=[0.01381, 0.02199, 0.03018, 0.05549], ndcg=[0.00931, 0.01204, 0.01408, 0.01899], Train Rec Loss=[0.04885], Eval Rec Loss=[0.04922], c=[0.50000], F=[0.81202, 0.94589, 0.93708, 0.94374], F_fuse=[0.00550, 0.00439, 0.00301, 0.00222]
[ INFO : 2026-08-07 01:25:39,995 ] - Epoch 107: train==[106.85758 = 0.49863 + 0.83872 + 13.76546 + 0.00301 + 0.00000 + 0.00017 + 613.91385]
[ INFO : 2026-08-07 01:25:46,696 ] - Test_@[5, 10, 20, 50]: Recall=[0.01368, 0.02174, 0.02966, 0.05524],  precision=[0.00274, 0.00217, 0.00148, 0.00110], hit=[0.01368, 0.02174, 0.02966, 0.05524], ndcg=[0.00917, 0.01185, 0.01383, 0.01880], Train Rec Loss=[0.04885], Eval Rec Loss=[0.04905], c=[0.50000], F=[0.80886, 0.94050, 0.93776, 0.94285], F_fuse=[0.00545, 0.00434, 0.00296, 0.00221]
[ INFO : 2026-08-07 01:27:08,350 ] - Epoch 108: train==[106.86514 = 0.49626 + 0.83833 + 13.77600 + 0.00304 + 0.00000 + 0.00016 + 613.91120]
[ INFO : 2026-08-07 01:27:15,002 ] - Test_@[5, 10, 20, 50]: Recall=[0.01432, 0.02225, 0.02979, 0.05498],  precision=[0.00286, 0.00222, 0.00149, 0.00110], hit=[0.01432, 0.02225, 0.02979, 0.05498], ndcg=[0.00944, 0.01205, 0.01394, 0.01884], Train Rec Loss=[0.04880], Eval Rec Loss=[0.04913], c=[0.50000], F=[0.83554, 0.94268, 0.93781, 0.94320], F_fuse=[0.00571, 0.00444, 0.00297, 0.00220]
[ INFO : 2026-08-07 01:28:42,670 ] - Epoch 109: train==[106.79655 = 0.49314 + 0.83800 + 13.71047 + 0.00303 + 0.00000 + 0.00017 + 613.91288]
[ INFO : 2026-08-07 01:28:49,381 ] - Test_@[5, 10, 20, 50]: Recall=[0.01432, 0.02174, 0.02979, 0.05511],  precision=[0.00286, 0.00217, 0.00149, 0.00110], hit=[0.01432, 0.02174, 0.02979, 0.05511], ndcg=[0.00948, 0.01194, 0.01394, 0.01887], Train Rec Loss=[0.04884], Eval Rec Loss=[0.04922], c=[0.50000], F=[0.83234, 0.94184, 0.93676, 0.94338], F_fuse=[0.00571, 0.00434, 0.00297, 0.00220]
[ INFO : 2026-08-07 01:30:11,580 ] - Epoch 110: train==[106.71204 = 0.48998 + 0.83762 + 13.62877 + 0.00305 + 0.00000 + 0.00016 + 613.91669]
[ INFO : 2026-08-07 01:30:18,295 ] - Test_@[5, 10, 20, 50]: Recall=[0.01381, 0.02174, 0.03043, 0.05536],  precision=[0.00276, 0.00217, 0.00152, 0.00111], hit=[0.01381, 0.02174, 0.03043, 0.05536], ndcg=[0.00922, 0.01184, 0.01400, 0.01884], Train Rec Loss=[0.04888], Eval Rec Loss=[0.04916], c=[0.50000], F=[0.82480, 0.94253, 0.93699, 0.94264], F_fuse=[0.00551, 0.00434, 0.00304, 0.00221]
[ INFO : 2026-08-07 01:31:39,835 ] - Epoch 111: train==[106.62808 = 0.49108 + 0.83723 + 13.54415 + 0.00306 + 0.00000 + 0.00016 + 613.91522]
[ INFO : 2026-08-07 01:31:46,530 ] - Test_@[5, 10, 20, 50]: Recall=[0.01394, 0.02161, 0.02992, 0.05549],  precision=[0.00279, 0.00216, 0.00150, 0.00111], hit=[0.01394, 0.02161, 0.02992, 0.05549], ndcg=[0.00922, 0.01174, 0.01380, 0.01877], Train Rec Loss=[0.04889], Eval Rec Loss=[0.04916], c=[0.50000], F=[0.81918, 0.94114, 0.93680, 0.94365], F_fuse=[0.00556, 0.00431, 0.00299, 0.00222]
[ INFO : 2026-08-07 01:33:07,852 ] - Epoch 112: train==[106.65731 = 0.49667 + 0.83673 + 13.56871 + 0.00306 + 0.00000 + 0.00016 + 613.91115]
[ INFO : 2026-08-07 01:33:14,571 ] - Test_@[5, 10, 20, 50]: Recall=[0.01406, 0.02174, 0.02992, 0.05562],  precision=[0.00281, 0.00217, 0.00150, 0.00111], hit=[0.01406, 0.02174, 0.02992, 0.05562], ndcg=[0.00923, 0.01176, 0.01379, 0.01879], Train Rec Loss=[0.04886], Eval Rec Loss=[0.04925], c=[0.50000], F=[0.82301, 0.94213, 0.93707, 0.94353], F_fuse=[0.00561, 0.00434, 0.00299, 0.00222]
[ INFO : 2026-08-07 01:34:35,317 ] - Epoch 113: train==[106.59544 = 0.48933 + 0.83622 + 13.51447 + 0.00308 + 0.00000 + 0.00016 + 613.91109]
[ INFO : 2026-08-07 01:34:41,996 ] - Test_@[5, 10, 20, 50]: Recall=[0.01445, 0.02186, 0.02928, 0.05498],  precision=[0.00289, 0.00219, 0.00146, 0.00110], hit=[0.01445, 0.02186, 0.02928, 0.05498], ndcg=[0.00934, 0.01177, 0.01361, 0.01862], Train Rec Loss=[0.04889], Eval Rec Loss=[0.04930], c=[0.50000], F=[0.85481, 0.94101, 0.93519, 0.94353], F_fuse=[0.00576, 0.00436, 0.00292, 0.00220]
[ INFO : 2026-08-07 01:36:04,166 ] - Epoch 114: train==[106.59984 = 0.49000 + 0.83563 + 13.51780 + 0.00306 + 0.00000 + 0.00016 + 613.91623]
[ INFO : 2026-08-07 01:36:10,883 ] - Test_@[5, 10, 20, 50]: Recall=[0.01381, 0.02174, 0.02915, 0.05447],  precision=[0.00276, 0.00217, 0.00146, 0.00109], hit=[0.01381, 0.02174, 0.02915, 0.05447], ndcg=[0.00910, 0.01173, 0.01358, 0.01853], Train Rec Loss=[0.04889], Eval Rec Loss=[0.04911], c=[0.50000], F=[0.82400, 0.94275, 0.93504, 0.94322], F_fuse=[0.00551, 0.00434, 0.00291, 0.00218]
[ INFO : 2026-08-07 01:37:33,113 ] - Epoch 115: train==[106.42235 = 0.48359 + 0.83508 + 13.34779 + 0.00309 + 0.00000 + 0.00016 + 613.91114]
[ INFO : 2026-08-07 01:37:39,835 ] - Test_@[5, 10, 20, 50]: Recall=[0.01394, 0.02186, 0.02928, 0.05536],  precision=[0.00279, 0.00219, 0.00146, 0.00111], hit=[0.01394, 0.02186, 0.02928, 0.05536], ndcg=[0.00896, 0.01156, 0.01339, 0.01846], Train Rec Loss=[0.04899], Eval Rec Loss=[0.04923], c=[0.50000], F=[0.83790, 0.94128, 0.93522, 0.94353], F_fuse=[0.00556, 0.00436, 0.00292, 0.00221]
[ INFO : 2026-08-07 01:39:01,533 ] - Epoch 116: train==[106.47128 = 0.48075 + 0.83445 + 13.39938 + 0.00311 + 0.00000 + 0.00016 + 613.91470]
[ INFO : 2026-08-07 01:39:08,230 ] - Test_@[5, 10, 20, 50]: Recall=[0.01394, 0.02186, 0.02954, 0.05524],  precision=[0.00279, 0.00219, 0.00148, 0.00110], hit=[0.01394, 0.02186, 0.02954, 0.05524], ndcg=[0.00908, 0.01170, 0.01359, 0.01859], Train Rec Loss=[0.04893], Eval Rec Loss=[0.04927], c=[0.50000], F=[0.84385, 0.94015, 0.93565, 0.94461], F_fuse=[0.00556, 0.00436, 0.00295, 0.00221]
[ INFO : 2026-08-07 01:40:30,351 ] - Epoch 117: train==[106.37273 = 0.48494 + 0.83404 + 13.29721 + 0.00309 + 0.00000 + 0.00016 + 613.91268]
[ INFO : 2026-08-07 01:40:37,052 ] - Test_@[5, 10, 20, 50]: Recall=[0.01381, 0.02148, 0.02928, 0.05485],  precision=[0.00276, 0.00215, 0.00146, 0.00110], hit=[0.01381, 0.02148, 0.02928, 0.05485], ndcg=[0.00869, 0.01122, 0.01315, 0.01812], Train Rec Loss=[0.04897], Eval Rec Loss=[0.04931], c=[0.50000], F=[0.83624, 0.93902, 0.93474, 0.94357], F_fuse=[0.00551, 0.00429, 0.00292, 0.00219]
[ INFO : 2026-08-07 01:41:58,726 ] - Epoch 118: train==[106.35299 = 0.48472 + 0.83340 + 13.27836 + 0.00313 + 0.00000 + 0.00016 + 613.91045]
[ INFO : 2026-08-07 01:42:05,425 ] - Test_@[5, 10, 20, 50]: Recall=[0.01458, 0.02161, 0.02890, 0.05498],  precision=[0.00292, 0.00216, 0.00144, 0.00110], hit=[0.01458, 0.02161, 0.02890, 0.05498], ndcg=[0.00908, 0.01139, 0.01318, 0.01827], Train Rec Loss=[0.04897], Eval Rec Loss=[0.04938], c=[0.50000], F=[0.84554, 0.93996, 0.93451, 0.94375], F_fuse=[0.00581, 0.00431, 0.00289, 0.00220]
[ INFO : 2026-08-07 01:43:26,392 ] - Epoch 119: train==[106.30555 = 0.48144 + 0.83268 + 13.23397 + 0.00312 + 0.00000 + 0.00016 + 613.91504]
[ INFO : 2026-08-07 01:43:33,091 ] - Test_@[5, 10, 20, 50]: Recall=[0.01406, 0.02097, 0.02902, 0.05472],  precision=[0.00281, 0.00210, 0.00145, 0.00109], hit=[0.01406, 0.02097, 0.02902, 0.05472], ndcg=[0.00890, 0.01120, 0.01322, 0.01824], Train Rec Loss=[0.04899], Eval Rec Loss=[0.04934], c=[0.50000], F=[0.85973, 0.93916, 0.93386, 0.94358], F_fuse=[0.00561, 0.00418, 0.00290, 0.00219]
[ INFO : 2026-08-07 01:44:54,278 ] - Epoch 120: train==[106.20647 = 0.48352 + 0.83215 + 13.13408 + 0.00314 + 0.00000 + 0.00016 + 613.90847]
[ INFO : 2026-08-07 01:45:00,931 ] - Test_@[5, 10, 20, 50]: Recall=[0.01406, 0.02110, 0.02902, 0.05498],  precision=[0.00281, 0.00211, 0.00145, 0.00110], hit=[0.01406, 0.02110, 0.02902, 0.05498], ndcg=[0.00882, 0.01114, 0.01312, 0.01817], Train Rec Loss=[0.04907], Eval Rec Loss=[0.04937], c=[0.50000], F=[0.85285, 0.93699, 0.93465, 0.94422], F_fuse=[0.00561, 0.00421, 0.00290, 0.00220]
[ INFO : 2026-08-07 01:46:22,645 ] - Epoch 121: train==[106.17050 = 0.47968 + 0.83135 + 13.10236 + 0.00316 + 0.00000 + 0.00016 + 613.90888]
[ INFO : 2026-08-07 01:46:29,336 ] - Test_@[5, 10, 20, 50]: Recall=[0.01381, 0.02097, 0.02979, 0.05472],  precision=[0.00276, 0.00210, 0.00149, 0.00109], hit=[0.01381, 0.02097, 0.02979, 0.05472], ndcg=[0.00875, 0.01114, 0.01334, 0.01819], Train Rec Loss=[0.04905], Eval Rec Loss=[0.04937], c=[0.50000], F=[0.84352, 0.93785, 0.93539, 0.94429], F_fuse=[0.00551, 0.00418, 0.00297, 0.00219]
[ INFO : 2026-08-07 01:47:51,327 ] - Epoch 122: train==[106.05869 = 0.47841 + 0.83062 + 12.99193 + 0.00318 + 0.00000 + 0.00016 + 613.91091]
[ INFO : 2026-08-07 01:47:58,008 ] - Test_@[5, 10, 20, 50]: Recall=[0.01458, 0.02110, 0.02890, 0.05524],  precision=[0.00292, 0.00211, 0.00144, 0.00110], hit=[0.01458, 0.02110, 0.02890, 0.05524], ndcg=[0.00893, 0.01109, 0.01304, 0.01815], Train Rec Loss=[0.04909], Eval Rec Loss=[0.04932], c=[0.50000], F=[0.84688, 0.93748, 0.93443, 0.94363], F_fuse=[0.00581, 0.00421, 0.00289, 0.00221]
[ INFO : 2026-08-07 01:49:20,516 ] - Epoch 123: train==[106.18093 = 0.47087 + 0.82972 + 13.12231 + 0.00317 + 0.00000 + 0.00016 + 613.91062]
[ INFO : 2026-08-07 01:49:27,212 ] - Test_@[5, 10, 20, 50]: Recall=[0.01445, 0.02046, 0.02915, 0.05434],  precision=[0.00289, 0.00205, 0.00146, 0.00109], hit=[0.01445, 0.02046, 0.02915, 0.05434], ndcg=[0.00906, 0.01106, 0.01323, 0.01811], Train Rec Loss=[0.04915], Eval Rec Loss=[0.04947], c=[0.50000], F=[0.85499, 0.93689, 0.93301, 0.94431], F_fuse=[0.00576, 0.00408, 0.00291, 0.00217]
[ INFO : 2026-08-07 01:50:49,943 ] - Epoch 124: train==[106.03699 = 0.47368 + 0.82871 + 12.97633 + 0.00319 + 0.00000 + 0.00016 + 613.90936]
[ INFO : 2026-08-07 01:50:56,652 ] - Test_@[5, 10, 20, 50]: Recall=[0.01419, 0.02097, 0.02928, 0.05472],  precision=[0.00284, 0.00210, 0.00146, 0.00109], hit=[0.01419, 0.02097, 0.02928, 0.05472], ndcg=[0.00884, 0.01107, 0.01314, 0.01809], Train Rec Loss=[0.04913], Eval Rec Loss=[0.04960], c=[0.50000], F=[0.84301, 0.93558, 0.93350, 0.94508], F_fuse=[0.00566, 0.00418, 0.00292, 0.00219]
[ INFO : 2026-08-07 01:52:18,859 ] - Epoch 125: train==[105.96205 = 0.47181 + 0.82776 + 12.90375 + 0.00320 + 0.00000 + 0.00016 + 613.90981]
[ INFO : 2026-08-07 01:52:25,560 ] - Test_@[5, 10, 20, 50]: Recall=[0.01394, 0.02046, 0.02890, 0.05434],  precision=[0.00279, 0.00205, 0.00144, 0.00109], hit=[0.01394, 0.02046, 0.02890, 0.05434], ndcg=[0.00863, 0.01080, 0.01291, 0.01786], Train Rec Loss=[0.04927], Eval Rec Loss=[0.04944], c=[0.50000], F=[0.83697, 0.93739, 0.93371, 0.94459], F_fuse=[0.00556, 0.00408, 0.00289, 0.00217]
[ INFO : 2026-08-07 01:53:46,873 ] - Epoch 126: train==[105.96863 = 0.47036 + 0.82685 + 12.91216 + 0.00322 + 0.00000 + 0.00015 + 613.91083]
[ INFO : 2026-08-07 01:53:53,548 ] - Test_@[5, 10, 20, 50]: Recall=[0.01445, 0.02033, 0.02928, 0.05498],  precision=[0.00289, 0.00203, 0.00146, 0.00110], hit=[0.01445, 0.02033, 0.02928, 0.05498], ndcg=[0.00875, 0.01070, 0.01295, 0.01794], Train Rec Loss=[0.04930], Eval Rec Loss=[0.04959], c=[0.50000], F=[0.84502, 0.93558, 0.93279, 0.94433], F_fuse=[0.00576, 0.00406, 0.00292, 0.00220]
[ INFO : 2026-08-07 01:55:21,037 ] - Epoch 127: train==[105.91577 = 0.47028 + 0.82588 + 12.86018 + 0.00322 + 0.00000 + 0.00016 + 613.90945]
[ INFO : 2026-08-07 01:55:27,705 ] - Test_@[5, 10, 20, 50]: Recall=[0.01458, 0.02084, 0.02941, 0.05511],  precision=[0.00292, 0.00208, 0.00147, 0.00110], hit=[0.01458, 0.02084, 0.02941, 0.05511], ndcg=[0.00903, 0.01110, 0.01324, 0.01821], Train Rec Loss=[0.04932], Eval Rec Loss=[0.04963], c=[0.50000], F=[0.84908, 0.93708, 0.93307, 0.94493], F_fuse=[0.00581, 0.00416, 0.00294, 0.00220]
[ INFO : 2026-08-07 01:56:48,963 ] - Epoch 128: train==[105.86943 = 0.46821 + 0.82452 + 12.81636 + 0.00322 + 0.00000 + 0.00016 + 613.91180]
[ INFO : 2026-08-07 01:56:55,615 ] - Test_@[5, 10, 20, 50]: Recall=[0.01432, 0.02033, 0.02902, 0.05460],  precision=[0.00286, 0.00203, 0.00145, 0.00109], hit=[0.01432, 0.02033, 0.02902, 0.05460], ndcg=[0.00877, 0.01074, 0.01293, 0.01788], Train Rec Loss=[0.04934], Eval Rec Loss=[0.04967], c=[0.50000], F=[0.86573, 0.93147, 0.93239, 0.94435], F_fuse=[0.00571, 0.00406, 0.00290, 0.00218]
[ INFO : 2026-08-07 01:58:17,507 ] - Epoch 129: train==[105.77215 = 0.46529 + 0.82347 + 12.72272 + 0.00325 + 0.00000 + 0.00015 + 613.91101]
[ INFO : 2026-08-07 01:58:24,249 ] - Test_@[5, 10, 20, 50]: Recall=[0.01419, 0.02059, 0.02902, 0.05460],  precision=[0.00284, 0.00206, 0.00145, 0.00109], hit=[0.01419, 0.02059, 0.02902, 0.05460], ndcg=[0.00892, 0.01102, 0.01313, 0.01810], Train Rec Loss=[0.04939], Eval Rec Loss=[0.04986], c=[0.50000], F=[0.85097, 0.93293, 0.93317, 0.94488], F_fuse=[0.00566, 0.00411, 0.00290, 0.00218]
[ INFO : 2026-08-07 01:59:47,547 ] - Epoch 130: train==[105.74247 = 0.46745 + 0.82212 + 12.69218 + 0.00325 + 0.00000 + 0.00016 + 613.90776]
[ INFO : 2026-08-07 01:59:54,354 ] - Test_@[5, 10, 20, 50]: Recall=[0.01445, 0.02020, 0.02839, 0.05524],  precision=[0.00289, 0.00202, 0.00142, 0.00110], hit=[0.01445, 0.02020, 0.02839, 0.05524], ndcg=[0.00874, 0.01063, 0.01270, 0.01791], Train Rec Loss=[0.04945], Eval Rec Loss=[0.04961], c=[0.50000], F=[0.84672, 0.93184, 0.93254, 0.94502], F_fuse=[0.00576, 0.00403, 0.00283, 0.00221]
[ INFO : 2026-08-07 02:01:18,028 ] - Epoch 131: train==[105.68086 = 0.46715 + 0.82090 + 12.63136 + 0.00326 + 0.00000 + 0.00015 + 613.90923]
[ INFO : 2026-08-07 02:01:24,755 ] - Test_@[5, 10, 20, 50]: Recall=[0.01419, 0.02020, 0.02902, 0.05421],  precision=[0.00284, 0.00202, 0.00145, 0.00108], hit=[0.01419, 0.02020, 0.02902, 0.05421], ndcg=[0.00857, 0.01054, 0.01275, 0.01764], Train Rec Loss=[0.04954], Eval Rec Loss=[0.04974], c=[0.50000], F=[0.84694, 0.93261, 0.93259, 0.94511], F_fuse=[0.00566, 0.00403, 0.00290, 0.00217]
[ INFO : 2026-08-07 02:02:47,710 ] - Epoch 132: train==[105.69126 = 0.46593 + 0.81965 + 12.64375 + 0.00325 + 0.00000 + 0.00015 + 613.90916]
[ INFO : 2026-08-07 02:02:54,416 ] - Test_@[5, 10, 20, 50]: Recall=[0.01432, 0.02007, 0.02851, 0.05460],  precision=[0.00286, 0.00201, 0.00143, 0.00109], hit=[0.01432, 0.02007, 0.02851, 0.05460], ndcg=[0.00877, 0.01067, 0.01280, 0.01787], Train Rec Loss=[0.04965], Eval Rec Loss=[0.04997], c=[0.50000], F=[0.86458, 0.93090, 0.93037, 0.94499], F_fuse=[0.00571, 0.00401, 0.00285, 0.00218]
[ INFO : 2026-08-07 02:04:16,074 ] - Epoch 133: train==[105.61099 = 0.46428 + 0.81853 + 12.56612 + 0.00329 + 0.00000 + 0.00015 + 613.90681]
[ INFO : 2026-08-07 02:04:22,749 ] - Test_@[5, 10, 20, 50]: Recall=[0.01394, 0.01995, 0.02877, 0.05370],  precision=[0.00279, 0.00199, 0.00144, 0.00107], hit=[0.01394, 0.01995, 0.02877, 0.05370], ndcg=[0.00850, 0.01048, 0.01270, 0.01756], Train Rec Loss=[0.04966], Eval Rec Loss=[0.04998], c=[0.50000], F=[0.85573, 0.92989, 0.93210, 0.94538], F_fuse=[0.00556, 0.00398, 0.00287, 0.00215]
[ INFO : 2026-08-07 02:05:44,852 ] - Epoch 134: train==[105.63954 = 0.46438 + 0.81742 + 12.59509 + 0.00328 + 0.00000 + 0.00015 + 613.90782]
[ INFO : 2026-08-07 02:05:51,535 ] - Test_@[5, 10, 20, 50]: Recall=[0.01458, 0.01995, 0.02851, 0.05447],  precision=[0.00292, 0.00199, 0.00143, 0.00109], hit=[0.01458, 0.01995, 0.02851, 0.05447], ndcg=[0.00870, 0.01046, 0.01261, 0.01767], Train Rec Loss=[0.04968], Eval Rec Loss=[0.04988], c=[0.50000], F=[0.85863, 0.93122, 0.93150, 0.94524], F_fuse=[0.00581, 0.00398, 0.00285, 0.00218]
[ INFO : 2026-08-07 02:07:13,140 ] - Epoch 135: train==[105.51474 = 0.46224 + 0.81606 + 12.47296 + 0.00329 + 0.00000 + 0.00015 + 613.90969]
[ INFO : 2026-08-07 02:07:19,819 ] - Test_@[5, 10, 20, 50]: Recall=[0.01406, 0.01995, 0.02890, 0.05434],  precision=[0.00281, 0.00199, 0.00144, 0.00109], hit=[0.01406, 0.01995, 0.02890, 0.05434], ndcg=[0.00858, 0.01051, 0.01276, 0.01772], Train Rec Loss=[0.04972], Eval Rec Loss=[0.05010], c=[0.50000], F=[0.86375, 0.92978, 0.93219, 0.94573], F_fuse=[0.00561, 0.00398, 0.00289, 0.00217]
[ INFO : 2026-08-07 02:08:41,158 ] - Epoch 136: train==[105.41641 = 0.46048 + 0.81420 + 12.37778 + 0.00332 + 0.00000 + 0.00015 + 613.90770]
[ INFO : 2026-08-07 02:08:47,840 ] - Test_@[5, 10, 20, 50]: Recall=[0.01432, 0.02007, 0.02877, 0.05409],  precision=[0.00286, 0.00201, 0.00144, 0.00108], hit=[0.01432, 0.02007, 0.02877, 0.05409], ndcg=[0.00859, 0.01047, 0.01265, 0.01758], Train Rec Loss=[0.04985], Eval Rec Loss=[0.04999], c=[0.50000], F=[0.85157, 0.93101, 0.93297, 0.94605], F_fuse=[0.00571, 0.00401, 0.00287, 0.00216]
[ INFO : 2026-08-07 02:10:08,734 ] - Epoch 137: train==[105.49474 = 0.46016 + 0.81285 + 12.45716 + 0.00331 + 0.00000 + 0.00015 + 613.90828]
[ INFO : 2026-08-07 02:10:15,403 ] - Test_@[5, 10, 20, 50]: Recall=[0.01394, 0.01956, 0.02787, 0.05345],  precision=[0.00279, 0.00196, 0.00139, 0.00107], hit=[0.01394, 0.01956, 0.02787, 0.05345], ndcg=[0.00827, 0.01014, 0.01225, 0.01724], Train Rec Loss=[0.04995], Eval Rec Loss=[0.05007], c=[0.50000], F=[0.85582, 0.92796, 0.93085, 0.94611], F_fuse=[0.00556, 0.00390, 0.00278, 0.00214]
[ INFO : 2026-08-07 02:11:36,609 ] - Epoch 138: train==[105.44921 = 0.45704 + 0.81109 + 12.41600 + 0.00331 + 0.00000 + 0.00015 + 613.90706]
[ INFO : 2026-08-07 02:11:43,248 ] - Test_@[5, 10, 20, 50]: Recall=[0.01355, 0.01956, 0.02813, 0.05409],  precision=[0.00271, 0.00196, 0.00141, 0.00108], hit=[0.01355, 0.01956, 0.02813, 0.05409], ndcg=[0.00829, 0.01029, 0.01246, 0.01751], Train Rec Loss=[0.04988], Eval Rec Loss=[0.05031], c=[0.50000], F=[0.85087, 0.92757, 0.93084, 0.94585], F_fuse=[0.00540, 0.00390, 0.00281, 0.00216]
[ INFO : 2026-08-07 02:13:04,216 ] - Epoch 139: train==[105.33276 = 0.45544 + 0.80986 + 12.30191 + 0.00333 + 0.00000 + 0.00015 + 613.90672]
[ INFO : 2026-08-07 02:13:10,897 ] - Test_@[5, 10, 20, 50]: Recall=[0.01394, 0.01995, 0.02826, 0.05370],  precision=[0.00279, 0.00199, 0.00141, 0.00107], hit=[0.01394, 0.01995, 0.02826, 0.05370], ndcg=[0.00845, 0.01043, 0.01253, 0.01750], Train Rec Loss=[0.05002], Eval Rec Loss=[0.05035], c=[0.50000], F=[0.85617, 0.92868, 0.93213, 0.94536], F_fuse=[0.00556, 0.00398, 0.00282, 0.00215]
[ INFO : 2026-08-07 02:14:31,639 ] - Epoch 140: train==[105.32610 = 0.45488 + 0.80824 + 12.29671 + 0.00333 + 0.00000 + 0.00015 + 613.90718]
[ INFO : 2026-08-07 02:14:38,282 ] - Test_@[5, 10, 20, 50]: Recall=[0.01406, 0.01956, 0.02851, 0.05447],  precision=[0.00281, 0.00196, 0.00143, 0.00109], hit=[0.01406, 0.01956, 0.02851, 0.05447], ndcg=[0.00833, 0.01017, 0.01243, 0.01748], Train Rec Loss=[0.05011], Eval Rec Loss=[0.05029], c=[0.50000], F=[0.87023, 0.92679, 0.93055, 0.94538], F_fuse=[0.00561, 0.00390, 0.00285, 0.00218]
[ INFO : 2026-08-07 02:15:59,045 ] - Epoch 141: train==[105.28208 = 0.45423 + 0.80674 + 12.25379 + 0.00335 + 0.00000 + 0.00015 + 613.91007]
[ INFO : 2026-08-07 02:16:05,694 ] - Test_@[5, 10, 20, 50]: Recall=[0.01330, 0.01982, 0.02800, 0.05357],  precision=[0.00266, 0.00198, 0.00140, 0.00107], hit=[0.01330, 0.01982, 0.02800, 0.05357], ndcg=[0.00804, 0.01020, 0.01228, 0.01726], Train Rec Loss=[0.05024], Eval Rec Loss=[0.05063], c=[0.50000], F=[0.87029, 0.92310, 0.93096, 0.94611], F_fuse=[0.00530, 0.00396, 0.00280, 0.00214]
[ INFO : 2026-08-07 02:17:26,870 ] - Epoch 142: train==[105.27413 = 0.45317 + 0.80508 + 12.24865 + 0.00337 + 0.00000 + 0.00015 + 613.90493]
[ INFO : 2026-08-07 02:17:33,540 ] - Test_@[5, 10, 20, 50]: Recall=[0.01355, 0.02020, 0.02787, 0.05460],  precision=[0.00271, 0.00202, 0.00139, 0.00109], hit=[0.01355, 0.02020, 0.02787, 0.05460], ndcg=[0.00798, 0.01016, 0.01209, 0.01728], Train Rec Loss=[0.05039], Eval Rec Loss=[0.05057], c=[0.50000], F=[0.86243, 0.92642, 0.92975, 0.94509], F_fuse=[0.00540, 0.00403, 0.00278, 0.00218]
[ INFO : 2026-08-07 02:18:55,875 ] - Epoch 143: train==[105.19373 = 0.45475 + 0.80354 + 12.16748 + 0.00336 + 0.00000 + 0.00015 + 613.90580]
[ INFO : 2026-08-07 02:19:02,585 ] - Test_@[5, 10, 20, 50]: Recall=[0.01381, 0.01956, 0.02813, 0.05319],  precision=[0.00276, 0.00196, 0.00141, 0.00106], hit=[0.01381, 0.01956, 0.02813, 0.05319], ndcg=[0.00818, 0.01008, 0.01226, 0.01715], Train Rec Loss=[0.05029], Eval Rec Loss=[0.05073], c=[0.50000], F=[0.86745, 0.92532, 0.93047, 0.94507], F_fuse=[0.00551, 0.00390, 0.00281, 0.00213]
[ INFO : 2026-08-07 02:20:24,642 ] - Epoch 144: train==[105.19873 = 0.45046 + 0.80178 + 12.17769 + 0.00338 + 0.00000 + 0.00015 + 613.90653]
[ INFO : 2026-08-07 02:20:31,349 ] - Test_@[5, 10, 20, 50]: Recall=[0.01355, 0.02007, 0.02787, 0.05370],  precision=[0.00271, 0.00201, 0.00139, 0.00107], hit=[0.01355, 0.02007, 0.02787, 0.05370], ndcg=[0.00817, 0.01030, 0.01226, 0.01727], Train Rec Loss=[0.05063], Eval Rec Loss=[0.05068], c=[0.50000], F=[0.86064, 0.92492, 0.93088, 0.94530], F_fuse=[0.00540, 0.00401, 0.00278, 0.00215]
[ INFO : 2026-08-07 02:21:54,050 ] - Epoch 145: train==[105.02928 = 0.44917 + 0.80038 + 12.01068 + 0.00340 + 0.00000 + 0.00015 + 613.90432]
[ INFO : 2026-08-07 02:22:00,763 ] - Test_@[5, 10, 20, 50]: Recall=[0.01355, 0.01943, 0.02813, 0.05396],  precision=[0.00271, 0.00194, 0.00141, 0.00108], hit=[0.01355, 0.01943, 0.02813, 0.05396], ndcg=[0.00795, 0.00991, 0.01212, 0.01713], Train Rec Loss=[0.05070], Eval Rec Loss=[0.05094], c=[0.50000], F=[0.86211, 0.92543, 0.93109, 0.94509], F_fuse=[0.00540, 0.00388, 0.00281, 0.00216]
[ INFO : 2026-08-07 02:23:22,313 ] - Epoch 146: train==[105.11541 = 0.44987 + 0.79907 + 12.09622 + 0.00338 + 0.00000 + 0.00015 + 613.90896]
[ INFO : 2026-08-07 02:23:28,957 ] - Test_@[5, 10, 20, 50]: Recall=[0.01291, 0.01956, 0.02813, 0.05293],  precision=[0.00258, 0.00196, 0.00141, 0.00106], hit=[0.01291, 0.01956, 0.02813, 0.05293], ndcg=[0.00753, 0.00973, 0.01190, 0.01673], Train Rec Loss=[0.05067], Eval Rec Loss=[0.05113], c=[0.50000], F=[0.85847, 0.92335, 0.93056, 0.94530], F_fuse=[0.00515, 0.00390, 0.00281, 0.00212]
[ INFO : 2026-08-07 02:24:50,837 ] - Epoch 147: train==[105.13802 = 0.45117 + 0.79791 + 12.11907 + 0.00341 + 0.00000 + 0.00015 + 613.90324]
[ INFO : 2026-08-07 02:24:57,519 ] - Test_@[5, 10, 20, 50]: Recall=[0.01279, 0.01995, 0.02736, 0.05293],  precision=[0.00256, 0.00199, 0.00137, 0.00106], hit=[0.01279, 0.01995, 0.02736, 0.05293], ndcg=[0.00744, 0.00976, 0.01162, 0.01661], Train Rec Loss=[0.05079], Eval Rec Loss=[0.05092], c=[0.50000], F=[0.85678, 0.92099, 0.93071, 0.94528], F_fuse=[0.00510, 0.00398, 0.00273, 0.00212]
[ INFO : 2026-08-07 02:26:19,857 ] - Epoch 148: train==[104.97140 = 0.45094 + 0.79665 + 11.95316 + 0.00341 + 0.00000 + 0.00015 + 613.90499]
[ INFO : 2026-08-07 02:26:26,529 ] - Test_@[5, 10, 20, 50]: Recall=[0.01279, 0.01995, 0.02762, 0.05306],  precision=[0.00256, 0.00199, 0.00138, 0.00106], hit=[0.01279, 0.01995, 0.02762, 0.05306], ndcg=[0.00773, 0.01008, 0.01201, 0.01698], Train Rec Loss=[0.05103], Eval Rec Loss=[0.05157], c=[0.50000], F=[0.86183, 0.92152, 0.92989, 0.94546], F_fuse=[0.00510, 0.00398, 0.00276, 0.00212]
[ INFO : 2026-08-07 02:27:48,371 ] - Epoch 149: train==[104.96941 = 0.44639 + 0.79491 + 11.95662 + 0.00344 + 0.00000 + 0.00015 + 613.90575]
[ INFO : 2026-08-07 02:27:55,024 ] - Test_@[5, 10, 20, 50]: Recall=[0.01304, 0.02059, 0.02800, 0.05357],  precision=[0.00261, 0.00206, 0.00140, 0.00107], hit=[0.01304, 0.02059, 0.02800, 0.05357], ndcg=[0.00759, 0.01003, 0.01187, 0.01684], Train Rec Loss=[0.05110], Eval Rec Loss=[0.05140], c=[0.50000], F=[0.85649, 0.92262, 0.93007, 0.94556], F_fuse=[0.00520, 0.00411, 0.00280, 0.00214]
[ INFO : 2026-08-07 02:29:16,667 ] - Epoch 150: train==[104.93081 = 0.45086 + 0.79334 + 11.91469 + 0.00346 + 0.00000 + 0.00015 + 613.90432]
[ INFO : 2026-08-07 02:29:23,332 ] - Test_@[5, 10, 20, 50]: Recall=[0.01253, 0.02046, 0.02800, 0.05281],  precision=[0.00251, 0.00205, 0.00140, 0.00106], hit=[0.01253, 0.02046, 0.02800, 0.05281], ndcg=[0.00754, 0.01011, 0.01198, 0.01683], Train Rec Loss=[0.05104], Eval Rec Loss=[0.05129], c=[0.50000], F=[0.84949, 0.92075, 0.93096, 0.94505], F_fuse=[0.00500, 0.00408, 0.00280, 0.00211]
[ INFO : 2026-08-07 02:30:45,570 ] - Epoch 151: train==[104.92889 = 0.44482 + 0.79197 + 11.91892 + 0.00345 + 0.00000 + 0.00014 + 613.90915]
[ INFO : 2026-08-07 02:30:52,257 ] - Test_@[5, 10, 20, 50]: Recall=[0.01368, 0.01995, 0.02839, 0.05345],  precision=[0.00274, 0.00199, 0.00142, 0.00107], hit=[0.01368, 0.01995, 0.02839, 0.05345], ndcg=[0.00818, 0.01023, 0.01233, 0.01719], Train Rec Loss=[0.05112], Eval Rec Loss=[0.05185], c=[0.50000], F=[0.86275, 0.92140, 0.92940, 0.94574], F_fuse=[0.00546, 0.00398, 0.00283, 0.00214]
[ INFO : 2026-08-07 02:32:14,685 ] - Epoch 152: train==[104.87664 = 0.44499 + 0.79059 + 11.86754 + 0.00346 + 0.00000 + 0.00015 + 613.90765]
[ INFO : 2026-08-07 02:32:21,380 ] - Test_@[5, 10, 20, 50]: Recall=[0.01343, 0.02020, 0.02864, 0.05306],  precision=[0.00269, 0.00202, 0.00143, 0.00106], hit=[0.01343, 0.02020, 0.02864, 0.05306], ndcg=[0.00783, 0.01001, 0.01208, 0.01683], Train Rec Loss=[0.05139], Eval Rec Loss=[0.05162], c=[0.50000], F=[0.86291, 0.91882, 0.92983, 0.94624], F_fuse=[0.00535, 0.00403, 0.00286, 0.00212]
[ INFO : 2026-08-07 02:33:44,264 ] - Epoch 153: train==[104.86176 = 0.44189 + 0.78932 + 11.85634 + 0.00345 + 0.00000 + 0.00014 + 613.90891]
[ INFO : 2026-08-07 02:33:50,967 ] - Test_@[5, 10, 20, 50]: Recall=[0.01202, 0.02007, 0.02749, 0.05345],  precision=[0.00240, 0.00201, 0.00137, 0.00107], hit=[0.01202, 0.02007, 0.02749, 0.05345], ndcg=[0.00730, 0.00994, 0.01179, 0.01687], Train Rec Loss=[0.05143], Eval Rec Loss=[0.05179], c=[0.50000], F=[0.86368, 0.91803, 0.92864, 0.94500], F_fuse=[0.00479, 0.00401, 0.00274, 0.00214]
[ INFO : 2026-08-07 02:35:13,879 ] - Epoch 154: train==[104.82205 = 0.44285 + 0.78821 + 11.81656 + 0.00347 + 0.00000 + 0.00014 + 613.90737]
[ INFO : 2026-08-07 02:35:20,597 ] - Test_@[5, 10, 20, 50]: Recall=[0.01253, 0.01982, 0.02775, 0.05281],  precision=[0.00251, 0.00198, 0.00139, 0.00106], hit=[0.01253, 0.01982, 0.02775, 0.05281], ndcg=[0.00738, 0.00977, 0.01174, 0.01661], Train Rec Loss=[0.05136], Eval Rec Loss=[0.05197], c=[0.50000], F=[0.86118, 0.91827, 0.92905, 0.94457], F_fuse=[0.00500, 0.00396, 0.00277, 0.00211]
[ INFO : 2026-08-07 02:36:43,057 ] - Epoch 155: train==[104.72563 = 0.43847 + 0.78661 + 11.72574 + 0.00348 + 0.00000 + 0.00014 + 613.90552]
[ INFO : 2026-08-07 02:36:49,769 ] - Test_@[5, 10, 20, 50]: Recall=[0.01317, 0.01982, 0.02877, 0.05357],  precision=[0.00263, 0.00198, 0.00144, 0.00107], hit=[0.01317, 0.01982, 0.02877, 0.05357], ndcg=[0.00789, 0.01004, 0.01227, 0.01707], Train Rec Loss=[0.05165], Eval Rec Loss=[0.05190], c=[0.50000], F=[0.86432, 0.91878, 0.92911, 0.94553], F_fuse=[0.00525, 0.00396, 0.00287, 0.00214]
[ INFO : 2026-08-07 02:38:11,313 ] - Epoch 156: train==[104.73466 = 0.44226 + 0.78530 + 11.73186 + 0.00349 + 0.00000 + 0.00014 + 613.90485]
[ INFO : 2026-08-07 02:38:18,050 ] - Test_@[5, 10, 20, 50]: Recall=[0.01240, 0.01943, 0.02775, 0.05242],  precision=[0.00248, 0.00194, 0.00139, 0.00105], hit=[0.01240, 0.01943, 0.02775, 0.05242], ndcg=[0.00740, 0.00972, 0.01180, 0.01662], Train Rec Loss=[0.05175], Eval Rec Loss=[0.05206], c=[0.50000], F=[0.86211, 0.91897, 0.92892, 0.94488], F_fuse=[0.00495, 0.00388, 0.00277, 0.00209]
[ INFO : 2026-08-07 02:39:40,870 ] - Epoch 157: train==[104.67439 = 0.43679 + 0.78374 + 11.67731 + 0.00351 + 0.00000 + 0.00014 + 613.90920]
[ INFO : 2026-08-07 02:39:47,578 ] - Test_@[5, 10, 20, 50]: Recall=[0.01279, 0.01956, 0.02775, 0.05332],  precision=[0.00256, 0.00196, 0.00139, 0.00107], hit=[0.01279, 0.01956, 0.02775, 0.05332], ndcg=[0.00756, 0.00974, 0.01179, 0.01677], Train Rec Loss=[0.05186], Eval Rec Loss=[0.05198], c=[0.50000], F=[0.86840, 0.91503, 0.92841, 0.94523], F_fuse=[0.00510, 0.00390, 0.00277, 0.00213]
[ INFO : 2026-08-07 02:41:09,541 ] - Epoch 158: train==[104.59476 = 0.43982 + 0.78240 + 11.59587 + 0.00352 + 0.00000 + 0.00014 + 613.90653]
[ INFO : 2026-08-07 02:41:16,260 ] - Test_@[5, 10, 20, 50]: Recall=[0.01240, 0.01943, 0.02787, 0.05268],  precision=[0.00248, 0.00194, 0.00139, 0.00105], hit=[0.01240, 0.01943, 0.02787, 0.05268], ndcg=[0.00739, 0.00970, 0.01182, 0.01666], Train Rec Loss=[0.05167], Eval Rec Loss=[0.05231], c=[0.50000], F=[0.86738, 0.91373, 0.92748, 0.94513], F_fuse=[0.00495, 0.00388, 0.00278, 0.00210]
[ INFO : 2026-08-07 02:42:37,425 ] - Epoch 159: train==[104.60870 = 0.43775 + 0.78085 + 11.61267 + 0.00353 + 0.00000 + 0.00014 + 613.90731]
[ INFO : 2026-08-07 02:42:44,079 ] - Test_@[5, 10, 20, 50]: Recall=[0.01176, 0.01918, 0.02813, 0.05255],  precision=[0.00235, 0.00192, 0.00141, 0.00105], hit=[0.01176, 0.01918, 0.02813, 0.05255], ndcg=[0.00728, 0.00969, 0.01193, 0.01668], Train Rec Loss=[0.05195], Eval Rec Loss=[0.05243], c=[0.50000], F=[0.86240, 0.91527, 0.92845, 0.94482], F_fuse=[0.00469, 0.00383, 0.00281, 0.00210]
[ INFO : 2026-08-07 02:44:06,638 ] - Epoch 160: train==[104.62435 = 0.43847 + 0.78001 + 11.62836 + 0.00352 + 0.00000 + 0.00014 + 613.90559]
[ INFO : 2026-08-07 02:44:13,358 ] - Test_@[5, 10, 20, 50]: Recall=[0.01240, 0.01943, 0.02787, 0.05191],  precision=[0.00248, 0.00194, 0.00139, 0.00104], hit=[0.01240, 0.01943, 0.02787, 0.05191], ndcg=[0.00755, 0.00984, 0.01196, 0.01664], Train Rec Loss=[0.05198], Eval Rec Loss=[0.05229], c=[0.50000], F=[0.85853, 0.91461, 0.93068, 0.94508], F_fuse=[0.00495, 0.00388, 0.00278, 0.00207]
[ INFO : 2026-08-07 02:45:34,821 ] - Epoch 161: train==[104.49713 = 0.43622 + 0.77875 + 11.50402 + 0.00356 + 0.00000 + 0.00014 + 613.90625]
[ INFO : 2026-08-07 02:45:41,505 ] - Test_@[5, 10, 20, 50]: Recall=[0.01240, 0.01931, 0.02813, 0.05293],  precision=[0.00248, 0.00193, 0.00141, 0.00106], hit=[0.01240, 0.01931, 0.02813, 0.05293], ndcg=[0.00766, 0.00992, 0.01214, 0.01695], Train Rec Loss=[0.05218], Eval Rec Loss=[0.05294], c=[0.50000], F=[0.86716, 0.91403, 0.92856, 0.94475], F_fuse=[0.00495, 0.00385, 0.00281, 0.00212]
[ INFO : 2026-08-07 02:47:02,628 ] - Epoch 162: train==[104.51529 = 0.43603 + 0.77796 + 11.52281 + 0.00354 + 0.00000 + 0.00014 + 613.90652]
[ INFO : 2026-08-07 02:47:09,291 ] - Test_@[5, 10, 20, 50]: Recall=[0.01215, 0.01931, 0.02787, 0.05153],  precision=[0.00243, 0.00193, 0.00139, 0.00103], hit=[0.01215, 0.01931, 0.02787, 0.05153], ndcg=[0.00750, 0.00983, 0.01198, 0.01661], Train Rec Loss=[0.05229], Eval Rec Loss=[0.05264], c=[0.50000], F=[0.86406, 0.91312, 0.92771, 0.94501], F_fuse=[0.00485, 0.00385, 0.00278, 0.00206]
[ INFO : 2026-08-07 02:48:30,720 ] - Epoch 163: train==[104.42194 = 0.43207 + 0.77647 + 11.43425 + 0.00357 + 0.00000 + 0.00014 + 613.90683]
[ INFO : 2026-08-07 02:48:37,408 ] - Test_@[5, 10, 20, 50]: Recall=[0.01240, 0.01943, 0.02787, 0.05204],  precision=[0.00248, 0.00194, 0.00139, 0.00104], hit=[0.01240, 0.01943, 0.02787, 0.05204], ndcg=[0.00770, 0.00999, 0.01210, 0.01683], Train Rec Loss=[0.05240], Eval Rec Loss=[0.05250], c=[0.50000], F=[0.86792, 0.91173, 0.92591, 0.94521], F_fuse=[0.00495, 0.00388, 0.00278, 0.00208]
[ INFO : 2026-08-07 02:49:59,024 ] - Epoch 164: train==[104.41584 = 0.43139 + 0.77508 + 11.42974 + 0.00359 + 0.00000 + 0.00014 + 613.90606]
[ INFO : 2026-08-07 02:50:05,692 ] - Test_@[5, 10, 20, 50]: Recall=[0.01202, 0.01892, 0.02800, 0.05230],  precision=[0.00240, 0.00189, 0.00140, 0.00105], hit=[0.01202, 0.01892, 0.02800, 0.05230], ndcg=[0.00710, 0.00935, 0.01162, 0.01637], Train Rec Loss=[0.05270], Eval Rec Loss=[0.05297], c=[0.50000], F=[0.85923, 0.91178, 0.92847, 0.94581], F_fuse=[0.00479, 0.00378, 0.00280, 0.00209]
[ INFO : 2026-08-07 02:51:27,660 ] - Epoch 165: train==[104.40670 = 0.43152 + 0.77376 + 11.42164 + 0.00358 + 0.00000 + 0.00014 + 613.90366]
[ INFO : 2026-08-07 02:51:34,323 ] - Test_@[5, 10, 20, 50]: Recall=[0.01176, 0.01931, 0.02749, 0.05230],  precision=[0.00235, 0.00193, 0.00137, 0.00105], hit=[0.01176, 0.01931, 0.02749, 0.05230], ndcg=[0.00704, 0.00951, 0.01156, 0.01641], Train Rec Loss=[0.05258], Eval Rec Loss=[0.05301], c=[0.50000], F=[0.86281, 0.91365, 0.92900, 0.94564], F_fuse=[0.00469, 0.00385, 0.00274, 0.00209]
[ INFO : 2026-08-07 02:52:55,606 ] - Epoch 166: train==[104.39494 = 0.43708 + 0.77254 + 11.40464 + 0.00359 + 0.00000 + 0.00014 + 613.90645]
[ INFO : 2026-08-07 02:53:02,260 ] - Test_@[5, 10, 20, 50]: Recall=[0.01215, 0.01854, 0.02775, 0.05255],  precision=[0.00243, 0.00185, 0.00139, 0.00105], hit=[0.01215, 0.01854, 0.02775, 0.05255], ndcg=[0.00739, 0.00947, 0.01177, 0.01659], Train Rec Loss=[0.05263], Eval Rec Loss=[0.05307], c=[0.50000], F=[0.86150, 0.91127, 0.92929, 0.94585], F_fuse=[0.00485, 0.00370, 0.00277, 0.00210]
[ INFO : 2026-08-07 02:54:23,928 ] - Epoch 167: train==[104.36792 = 0.43246 + 0.77150 + 11.38259 + 0.00360 + 0.00000 + 0.00014 + 613.90814]
[ INFO : 2026-08-07 02:54:30,591 ] - Test_@[5, 10, 20, 50]: Recall=[0.01189, 0.01867, 0.02749, 0.05242],  precision=[0.00238, 0.00187, 0.00137, 0.00105], hit=[0.01189, 0.01867, 0.02749, 0.05242], ndcg=[0.00713, 0.00933, 0.01154, 0.01641], Train Rec Loss=[0.05298], Eval Rec Loss=[0.05348], c=[0.50000], F=[0.86444, 0.90777, 0.92583, 0.94565], F_fuse=[0.00474, 0.00373, 0.00274, 0.00209]
[ INFO : 2026-08-07 02:55:52,312 ] - Epoch 168: train==[104.34204 = 0.42661 + 0.76986 + 11.36399 + 0.00361 + 0.00000 + 0.00014 + 613.90513]
[ INFO : 2026-08-07 02:55:58,995 ] - Test_@[5, 10, 20, 50]: Recall=[0.01164, 0.01841, 0.02775, 0.05089],  precision=[0.00233, 0.00184, 0.00139, 0.00102], hit=[0.01164, 0.01841, 0.02775, 0.05089], ndcg=[0.00710, 0.00932, 0.01165, 0.01618], Train Rec Loss=[0.05296], Eval Rec Loss=[0.05332], c=[0.50000], F=[0.86406, 0.90978, 0.92744, 0.94573], F_fuse=[0.00464, 0.00367, 0.00277, 0.00203]
[ INFO : 2026-08-07 02:57:20,161 ] - Epoch 169: train==[104.28211 = 0.42614 + 0.76854 + 11.30523 + 0.00363 + 0.00000 + 0.00014 + 613.90560]
[ INFO : 2026-08-07 02:57:26,849 ] - Test_@[5, 10, 20, 50]: Recall=[0.01266, 0.01854, 0.02660, 0.05217],  precision=[0.00253, 0.00185, 0.00133, 0.00104], hit=[0.01266, 0.01854, 0.02660, 0.05217], ndcg=[0.00757, 0.00948, 0.01151, 0.01654], Train Rec Loss=[0.05333], Eval Rec Loss=[0.05352], c=[0.50000], F=[0.86323, 0.90779, 0.92683, 0.94625], F_fuse=[0.00505, 0.00370, 0.00266, 0.00208]
[ INFO : 2026-08-07 02:58:48,369 ] - Epoch 170: train==[104.21216 = 0.43018 + 0.76735 + 11.23199 + 0.00364 + 0.00000 + 0.00014 + 613.90528]
[ INFO : 2026-08-07 02:58:55,077 ] - Test_@[5, 10, 20, 50]: Recall=[0.01240, 0.01777, 0.02685, 0.05140],  precision=[0.00248, 0.00178, 0.00134, 0.00103], hit=[0.01240, 0.01777, 0.02685, 0.05140], ndcg=[0.00740, 0.00913, 0.01142, 0.01624], Train Rec Loss=[0.05319], Eval Rec Loss=[0.05348], c=[0.50000], F=[0.85907, 0.90879, 0.92692, 0.94678], F_fuse=[0.00495, 0.00355, 0.00268, 0.00205]
[ INFO : 2026-08-07 03:00:16,432 ] - Epoch 171: train==[104.23385 = 0.42825 + 0.76571 + 11.25632 + 0.00362 + 0.00000 + 0.00014 + 613.90720]
[ INFO : 2026-08-07 03:00:23,073 ] - Test_@[5, 10, 20, 50]: Recall=[0.01151, 0.01816, 0.02621, 0.05063],  precision=[0.00230, 0.00182, 0.00131, 0.00101], hit=[0.01151, 0.01816, 0.02621, 0.05063], ndcg=[0.00713, 0.00928, 0.01132, 0.01613], Train Rec Loss=[0.05327], Eval Rec Loss=[0.05353], c=[0.50000], F=[0.86194, 0.90195, 0.92345, 0.94608], F_fuse=[0.00459, 0.00362, 0.00262, 0.00202]
[ INFO : 2026-08-07 03:01:44,905 ] - Epoch 172: train==[104.18889 = 0.42527 + 0.76487 + 11.21503 + 0.00363 + 0.00000 + 0.00014 + 613.90595]
[ INFO : 2026-08-07 03:01:51,576 ] - Test_@[5, 10, 20, 50]: Recall=[0.01227, 0.01867, 0.02711, 0.05153],  precision=[0.00245, 0.00187, 0.00136, 0.00103], hit=[0.01227, 0.01867, 0.02711, 0.05153], ndcg=[0.00741, 0.00949, 0.01160, 0.01642], Train Rec Loss=[0.05335], Eval Rec Loss=[0.05373], c=[0.50000], F=[0.86246, 0.90906, 0.92688, 0.94602], F_fuse=[0.00490, 0.00373, 0.00271, 0.00206]
[ INFO : 2026-08-07 03:03:12,603 ] - Epoch 173: train==[104.21840 = 0.42486 + 0.76315 + 11.24594 + 0.00366 + 0.00000 + 0.00014 + 613.90605]
[ INFO : 2026-08-07 03:03:19,257 ] - Test_@[5, 10, 20, 50]: Recall=[0.01227, 0.01892, 0.02698, 0.05140],  precision=[0.00245, 0.00189, 0.00135, 0.00103], hit=[0.01227, 0.01892, 0.02698, 0.05140], ndcg=[0.00740, 0.00959, 0.01161, 0.01641], Train Rec Loss=[0.05367], Eval Rec Loss=[0.05350], c=[0.50000], F=[0.86367, 0.90564, 0.92609, 0.94675], F_fuse=[0.00490, 0.00378, 0.00269, 0.00205]
[ INFO : 2026-08-07 03:04:41,450 ] - Epoch 174: train==[104.08537 = 0.42214 + 0.76190 + 11.11653 + 0.00368 + 0.00000 + 0.00014 + 613.90485]
[ INFO : 2026-08-07 03:04:48,150 ] - Test_@[5, 10, 20, 50]: Recall=[0.01279, 0.01867, 0.02711, 0.05281],  precision=[0.00256, 0.00187, 0.00136, 0.00106], hit=[0.01279, 0.01867, 0.02711, 0.05281], ndcg=[0.00777, 0.00969, 0.01180, 0.01684], Train Rec Loss=[0.05326], Eval Rec Loss=[0.05407], c=[0.50000], F=[0.85949, 0.91084, 0.92687, 0.94642], F_fuse=[0.00510, 0.00373, 0.00271, 0.00211]
[ INFO : 2026-08-07 03:06:10,646 ] - Epoch 175: train==[104.09467 = 0.42131 + 0.76043 + 11.12745 + 0.00368 + 0.00000 + 0.00014 + 613.90546]
[ INFO : 2026-08-07 03:06:17,350 ] - Test_@[5, 10, 20, 50]: Recall=[0.01279, 0.01803, 0.02660, 0.05191],  precision=[0.00256, 0.00180, 0.00133, 0.00104], hit=[0.01279, 0.01803, 0.02660, 0.05191], ndcg=[0.00753, 0.00922, 0.01139, 0.01636], Train Rec Loss=[0.05348], Eval Rec Loss=[0.05401], c=[0.50000], F=[0.86409, 0.90436, 0.92512, 0.94610], F_fuse=[0.00510, 0.00360, 0.00266, 0.00207]
[ INFO : 2026-08-07 03:07:39,451 ] - Epoch 176: train==[104.07408 = 0.42175 + 0.75922 + 11.10694 + 0.00369 + 0.00000 + 0.00014 + 613.90689]
[ INFO : 2026-08-07 03:07:46,133 ] - Test_@[5, 10, 20, 50]: Recall=[0.01215, 0.01816, 0.02621, 0.05140],  precision=[0.00243, 0.00182, 0.00131, 0.00103], hit=[0.01215, 0.01816, 0.02621, 0.05140], ndcg=[0.00756, 0.00948, 0.01149, 0.01646], Train Rec Loss=[0.05377], Eval Rec Loss=[0.05435], c=[0.50000], F=[0.85981, 0.90600, 0.92519, 0.94573], F_fuse=[0.00485, 0.00362, 0.00262, 0.00205]
[ INFO : 2026-08-07 03:09:08,583 ] - Epoch 177: train==[104.04384 = 0.42306 + 0.75795 + 11.07639 + 0.00370 + 0.00000 + 0.00014 + 613.90524]
[ INFO : 2026-08-07 03:09:15,278 ] - Test_@[5, 10, 20, 50]: Recall=[0.01215, 0.01854, 0.02672, 0.05166],  precision=[0.00243, 0.00185, 0.00134, 0.00103], hit=[0.01215, 0.01854, 0.02672, 0.05166], ndcg=[0.00737, 0.00944, 0.01148, 0.01637], Train Rec Loss=[0.05384], Eval Rec Loss=[0.05406], c=[0.50000], F=[0.86396, 0.90759, 0.92562, 0.94633], F_fuse=[0.00485, 0.00370, 0.00267, 0.00206]
[ INFO : 2026-08-07 03:10:37,690 ] - Epoch 178: train==[103.98835 = 0.41943 + 0.75650 + 11.02513 + 0.00371 + 0.00000 + 0.00014 + 613.90685]
[ INFO : 2026-08-07 03:10:44,395 ] - Test_@[5, 10, 20, 50]: Recall=[0.01253, 0.01828, 0.02596, 0.05076],  precision=[0.00251, 0.00183, 0.00130, 0.00102], hit=[0.01253, 0.01828, 0.02596, 0.05076], ndcg=[0.00784, 0.00969, 0.01163, 0.01653], Train Rec Loss=[0.05395], Eval Rec Loss=[0.05448], c=[0.50000], F=[0.86434, 0.90614, 0.92477, 0.94609], F_fuse=[0.00500, 0.00365, 0.00259, 0.00203]
[ INFO : 2026-08-07 03:12:06,702 ] - Epoch 179: train==[103.94426 = 0.42014 + 0.75541 + 10.98131 + 0.00374 + 0.00000 + 0.00014 + 613.90454]
[ INFO : 2026-08-07 03:12:13,385 ] - Test_@[5, 10, 20, 50]: Recall=[0.01227, 0.01841, 0.02583, 0.05089],  precision=[0.00245, 0.00184, 0.00129, 0.00102], hit=[0.01227, 0.01841, 0.02583, 0.05089], ndcg=[0.00747, 0.00945, 0.01131, 0.01628], Train Rec Loss=[0.05430], Eval Rec Loss=[0.05411], c=[0.50000], F=[0.86070, 0.90563, 0.92477, 0.94575], F_fuse=[0.00490, 0.00367, 0.00258, 0.00203]
[ INFO : 2026-08-07 03:13:34,964 ] - Epoch 180: train==[103.94932 = 0.42162 + 0.75388 + 10.98580 + 0.00372 + 0.00000 + 0.00014 + 613.90472]
[ INFO : 2026-08-07 03:13:41,671 ] - Test_@[5, 10, 20, 50]: Recall=[0.01189, 0.01841, 0.02621, 0.05204],  precision=[0.00238, 0.00184, 0.00131, 0.00104], hit=[0.01189, 0.01841, 0.02621, 0.05204], ndcg=[0.00725, 0.00933, 0.01129, 0.01636], Train Rec Loss=[0.05455], Eval Rec Loss=[0.05483], c=[0.50000], F=[0.86191, 0.90358, 0.92493, 0.94683], F_fuse=[0.00474, 0.00367, 0.00262, 0.00208]
[ INFO : 2026-08-07 03:15:04,170 ] - Epoch 181: train==[103.91314 = 0.41812 + 0.75270 + 10.95352 + 0.00375 + 0.00000 + 0.00014 + 613.90665]
[ INFO : 2026-08-07 03:15:10,925 ] - Test_@[5, 10, 20, 50]: Recall=[0.01164, 0.01816, 0.02621, 0.05089],  precision=[0.00233, 0.00182, 0.00131, 0.00102], hit=[0.01164, 0.01816, 0.02621, 0.05089], ndcg=[0.00725, 0.00934, 0.01136, 0.01624], Train Rec Loss=[0.05419], Eval Rec Loss=[0.05466], c=[0.50000], F=[0.85821, 0.90256, 0.92466, 0.94736], F_fuse=[0.00464, 0.00362, 0.00262, 0.00203]
[ INFO : 2026-08-07 03:16:32,537 ] - Epoch 182: train==[103.92838 = 0.41951 + 0.75126 + 10.96844 + 0.00373 + 0.00000 + 0.00014 + 613.90536]
[ INFO : 2026-08-07 03:16:39,191 ] - Test_@[5, 10, 20, 50]: Recall=[0.01240, 0.01803, 0.02647, 0.05127],  precision=[0.00248, 0.00180, 0.00132, 0.00103], hit=[0.01240, 0.01803, 0.02647, 0.05127], ndcg=[0.00773, 0.00953, 0.01165, 0.01650], Train Rec Loss=[0.05423], Eval Rec Loss=[0.05504], c=[0.50000], F=[0.85929, 0.90427, 0.92465, 0.94714], F_fuse=[0.00495, 0.00360, 0.00264, 0.00205]
[ INFO : 2026-08-07 03:18:00,786 ] - Epoch 183: train==[103.86913 = 0.41963 + 0.74991 + 10.90976 + 0.00374 + 0.00000 + 0.00014 + 613.90601]
[ INFO : 2026-08-07 03:18:07,431 ] - Test_@[5, 10, 20, 50]: Recall=[0.01202, 0.01841, 0.02660, 0.05204],  precision=[0.00240, 0.00184, 0.00133, 0.00104], hit=[0.01202, 0.01841, 0.02660, 0.05204], ndcg=[0.00754, 0.00959, 0.01164, 0.01664], Train Rec Loss=[0.05452], Eval Rec Loss=[0.05465], c=[0.50000], F=[0.85984, 0.90395, 0.92451, 0.94684], F_fuse=[0.00479, 0.00367, 0.00266, 0.00208]
[ INFO : 2026-08-07 03:19:29,136 ] - Epoch 184: train==[103.75517 = 0.41650 + 0.74854 + 10.79998 + 0.00375 + 0.00000 + 0.00014 + 613.90446]
[ INFO : 2026-08-07 03:19:35,828 ] - Test_@[5, 10, 20, 50]: Recall=[0.01189, 0.01892, 0.02660, 0.05178],  precision=[0.00238, 0.00189, 0.00133, 0.00104], hit=[0.01189, 0.01892, 0.02660, 0.05178], ndcg=[0.00724, 0.00950, 0.01139, 0.01633], Train Rec Loss=[0.05453], Eval Rec Loss=[0.05520], c=[0.50000], F=[0.86335, 0.90451, 0.92540, 0.94669], F_fuse=[0.00474, 0.00378, 0.00266, 0.00207]
[ INFO : 2026-08-07 03:20:57,597 ] - Epoch 185: train==[103.76440 = 0.41368 + 0.74716 + 10.81259 + 0.00378 + 0.00000 + 0.00014 + 613.90606]
[ INFO : 2026-08-07 03:21:04,276 ] - Test_@[5, 10, 20, 50]: Recall=[0.01266, 0.01854, 0.02660, 0.05114],  precision=[0.00253, 0.00185, 0.00133, 0.00102], hit=[0.01266, 0.01854, 0.02660, 0.05114], ndcg=[0.00755, 0.00944, 0.01144, 0.01626], Train Rec Loss=[0.05521], Eval Rec Loss=[0.05506], c=[0.50000], F=[0.86115, 0.90341, 0.92469, 0.94690], F_fuse=[0.00505, 0.00370, 0.00266, 0.00204]
[ INFO : 2026-08-07 03:22:27,064 ] - Epoch 186: train==[103.76658 = 0.41337 + 0.74595 + 10.81552 + 0.00377 + 0.00000 + 0.00014 + 613.90813]
[ INFO : 2026-08-07 03:22:33,782 ] - Test_@[5, 10, 20, 50]: Recall=[0.01151, 0.01739, 0.02698, 0.05242],  precision=[0.00230, 0.00174, 0.00135, 0.00105], hit=[0.01151, 0.01739, 0.02698, 0.05242], ndcg=[0.00718, 0.00908, 0.01148, 0.01645], Train Rec Loss=[0.05470], Eval Rec Loss=[0.05512], c=[0.50000], F=[0.85795, 0.90011, 0.92294, 0.94685], F_fuse=[0.00459, 0.00347, 0.00269, 0.00209]
[ INFO : 2026-08-07 03:23:55,410 ] - Epoch 187: train==[103.79935 = 0.41297 + 0.74450 + 10.85011 + 0.00378 + 0.00000 + 0.00013 + 613.90428]
[ INFO : 2026-08-07 03:24:02,121 ] - Test_@[5, 10, 20, 50]: Recall=[0.01151, 0.01841, 0.02647, 0.05114],  precision=[0.00230, 0.00184, 0.00132, 0.00102], hit=[0.01151, 0.01841, 0.02647, 0.05114], ndcg=[0.00708, 0.00929, 0.01129, 0.01616], Train Rec Loss=[0.05461], Eval Rec Loss=[0.05496], c=[0.50000], F=[0.85591, 0.90349, 0.92512, 0.94642], F_fuse=[0.00459, 0.00367, 0.00264, 0.00204]
[ INFO : 2026-08-07 03:25:23,921 ] - Epoch 188: train==[103.75141 = 0.41647 + 0.74318 + 10.79937 + 0.00380 + 0.00000 + 0.00014 + 613.90481]
[ INFO : 2026-08-07 03:25:30,575 ] - Test_@[5, 10, 20, 50]: Recall=[0.01048, 0.01726, 0.02608, 0.05063],  precision=[0.00210, 0.00173, 0.00130, 0.00101], hit=[0.01048, 0.01726, 0.02608, 0.05063], ndcg=[0.00658, 0.00881, 0.01101, 0.01584], Train Rec Loss=[0.05534], Eval Rec Loss=[0.05563], c=[0.50000], F=[0.85865, 0.89982, 0.92221, 0.94650], F_fuse=[0.00418, 0.00345, 0.00260, 0.00202]
[ INFO : 2026-08-07 03:26:53,304 ] - Epoch 189: train==[103.65953 = 0.41346 + 0.74185 + 10.71117 + 0.00381 + 0.00000 + 0.00013 + 613.90559]
[ INFO : 2026-08-07 03:27:00,043 ] - Test_@[5, 10, 20, 50]: Recall=[0.01125, 0.01752, 0.02672, 0.05063],  precision=[0.00225, 0.00175, 0.00134, 0.00101], hit=[0.01125, 0.01752, 0.02672, 0.05063], ndcg=[0.00689, 0.00889, 0.01118, 0.01590], Train Rec Loss=[0.05520], Eval Rec Loss=[0.05555], c=[0.50000], F=[0.85926, 0.90275, 0.92409, 0.94703], F_fuse=[0.00449, 0.00350, 0.00267, 0.00202]
[ INFO : 2026-08-07 03:28:23,270 ] - Epoch 190: train==[103.66966 = 0.41205 + 0.74060 + 10.72370 + 0.00383 + 0.00000 + 0.00014 + 613.90383]
[ INFO : 2026-08-07 03:28:29,997 ] - Test_@[5, 10, 20, 50]: Recall=[0.01215, 0.01816, 0.02621, 0.05140],  precision=[0.00243, 0.00182, 0.00131, 0.00103], hit=[0.01215, 0.01816, 0.02621, 0.05140], ndcg=[0.00737, 0.00929, 0.01130, 0.01624], Train Rec Loss=[0.05542], Eval Rec Loss=[0.05582], c=[0.50000], F=[0.85696, 0.90149, 0.92306, 0.94766], F_fuse=[0.00484, 0.00362, 0.00262, 0.00205]
[ INFO : 2026-08-07 03:29:51,104 ] - Epoch 191: train==[103.64809 = 0.40896 + 0.73920 + 10.70599 + 0.00383 + 0.00000 + 0.00014 + 613.90427]
[ INFO : 2026-08-07 03:29:57,794 ] - Test_@[5, 10, 20, 50]: Recall=[0.01138, 0.01752, 0.02608, 0.04987],  precision=[0.00228, 0.00175, 0.00130, 0.00100], hit=[0.01138, 0.01752, 0.02608, 0.04987], ndcg=[0.00730, 0.00926, 0.01138, 0.01605], Train Rec Loss=[0.05538], Eval Rec Loss=[0.05609], c=[0.50000], F=[0.85993, 0.90149, 0.92273, 0.94637], F_fuse=[0.00454, 0.00350, 0.00260, 0.00199]
[ INFO : 2026-08-07 03:31:19,721 ] - Epoch 192: train==[103.62926 = 0.41415 + 0.73800 + 10.68232 + 0.00385 + 0.00000 + 0.00013 + 613.90675]
[ INFO : 2026-08-07 03:31:26,373 ] - Test_@[5, 10, 20, 50]: Recall=[0.01112, 0.01777, 0.02647, 0.05089],  precision=[0.00222, 0.00178, 0.00132, 0.00102], hit=[0.01112, 0.01777, 0.02647, 0.05089], ndcg=[0.00683, 0.00893, 0.01108, 0.01589], Train Rec Loss=[0.05535], Eval Rec Loss=[0.05595], c=[0.50000], F=[0.85903, 0.89986, 0.92096, 0.94623], F_fuse=[0.00444, 0.00355, 0.00264, 0.00203]
[ INFO : 2026-08-07 03:32:48,501 ] - Epoch 193: train==[103.58624 = 0.40862 + 0.73652 + 10.64564 + 0.00386 + 0.00000 + 0.00014 + 613.90707]
[ INFO : 2026-08-07 03:32:55,212 ] - Test_@[5, 10, 20, 50]: Recall=[0.01176, 0.01816, 0.02608, 0.05153],  precision=[0.00235, 0.00182, 0.00130, 0.00103], hit=[0.01176, 0.01816, 0.02608, 0.05153], ndcg=[0.00702, 0.00908, 0.01104, 0.01603], Train Rec Loss=[0.05571], Eval Rec Loss=[0.05614], c=[0.50000], F=[0.85492, 0.90098, 0.92408, 0.94734], F_fuse=[0.00469, 0.00362, 0.00260, 0.00206]
[ INFO : 2026-08-07 03:34:16,657 ] - Epoch 194: train==[103.61147 = 0.40710 + 0.73485 + 10.67388 + 0.00385 + 0.00000 + 0.00013 + 613.90396]
[ INFO : 2026-08-07 03:34:23,339 ] - Test_@[5, 10, 20, 50]: Recall=[0.01164, 0.01752, 0.02570, 0.05063],  precision=[0.00233, 0.00175, 0.00129, 0.00101], hit=[0.01164, 0.01752, 0.02570, 0.05063], ndcg=[0.00734, 0.00924, 0.01129, 0.01620], Train Rec Loss=[0.05585], Eval Rec Loss=[0.05633], c=[0.50000], F=[0.85859, 0.90360, 0.92352, 0.94662], F_fuse=[0.00464, 0.00350, 0.00257, 0.00202]
[ INFO : 2026-08-07 03:35:49,779 ] - Epoch 195: train==[103.60647 = 0.40697 + 0.73357 + 10.66907 + 0.00387 + 0.00000 + 0.00014 + 613.90858]
[ INFO : 2026-08-07 03:35:56,471 ] - Test_@[5, 10, 20, 50]: Recall=[0.01100, 0.01739, 0.02570, 0.05178],  precision=[0.00220, 0.00174, 0.00129, 0.00104], hit=[0.01100, 0.01739, 0.02570, 0.05178], ndcg=[0.00689, 0.00896, 0.01104, 0.01618], Train Rec Loss=[0.05580], Eval Rec Loss=[0.05626], c=[0.50000], F=[0.86035, 0.89895, 0.92311, 0.94699], F_fuse=[0.00439, 0.00347, 0.00257, 0.00207]
[ INFO : 2026-08-07 03:37:19,134 ] - Epoch 196: train==[103.51238 = 0.40565 + 0.73248 + 10.57710 + 0.00390 + 0.00000 + 0.00014 + 613.90736]
[ INFO : 2026-08-07 03:37:25,859 ] - Test_@[5, 10, 20, 50]: Recall=[0.01125, 0.01752, 0.02647, 0.05204],  precision=[0.00225, 0.00175, 0.00132, 0.00104], hit=[0.01125, 0.01752, 0.02647, 0.05204], ndcg=[0.00684, 0.00887, 0.01110, 0.01611], Train Rec Loss=[0.05635], Eval Rec Loss=[0.05661], c=[0.50000], F=[0.85712, 0.89970, 0.92238, 0.94651], F_fuse=[0.00449, 0.00350, 0.00264, 0.00208]
[ INFO : 2026-08-07 03:38:47,612 ] - Epoch 197: train==[103.55885 = 0.40402 + 0.73080 + 10.62609 + 0.00389 + 0.00000 + 0.00013 + 613.90822]
[ INFO : 2026-08-07 03:38:54,271 ] - Test_@[5, 10, 20, 50]: Recall=[0.01125, 0.01688, 0.02532, 0.05051],  precision=[0.00225, 0.00169, 0.00127, 0.00101], hit=[0.01125, 0.01688, 0.02532, 0.05051], ndcg=[0.00714, 0.00893, 0.01106, 0.01603], Train Rec Loss=[0.05637], Eval Rec Loss=[0.05659], c=[0.50000], F=[0.85405, 0.90083, 0.92275, 0.94660], F_fuse=[0.00449, 0.00337, 0.00253, 0.00202]
[ INFO : 2026-08-07 03:40:16,085 ] - Epoch 198: train==[103.49249 = 0.40527 + 0.72923 + 10.55952 + 0.00390 + 0.00000 + 0.00013 + 613.90749]
[ INFO : 2026-08-07 03:40:22,758 ] - Test_@[5, 10, 20, 50]: Recall=[0.01100, 0.01790, 0.02532, 0.04999],  precision=[0.00220, 0.00179, 0.00127, 0.00100], hit=[0.01100, 0.01790, 0.02532, 0.04999], ndcg=[0.00680, 0.00901, 0.01086, 0.01573], Train Rec Loss=[0.05664], Eval Rec Loss=[0.05665], c=[0.50000], F=[0.85424, 0.89777, 0.92200, 0.94692], F_fuse=[0.00439, 0.00357, 0.00253, 0.00200]
[ INFO : 2026-08-07 03:41:44,144 ] - Epoch 199: train==[103.47447 = 0.40431 + 0.72812 + 10.54371 + 0.00391 + 0.00000 + 0.00013 + 613.90352]
[ INFO : 2026-08-07 03:41:50,826 ] - Test_@[5, 10, 20, 50]: Recall=[0.01100, 0.01777, 0.02570, 0.05025],  precision=[0.00220, 0.00178, 0.00129, 0.00100], hit=[0.01100, 0.01777, 0.02570, 0.05025], ndcg=[0.00685, 0.00904, 0.01103, 0.01589], Train Rec Loss=[0.05642], Eval Rec Loss=[0.05684], c=[0.50000], F=[0.85526, 0.89663, 0.92250, 0.94668], F_fuse=[0.00439, 0.00355, 0.00257, 0.00201]
[ INFO : 2026-08-07 03:43:12,012 ] - Epoch 200: train==[103.47930 = 0.40359 + 0.72692 + 10.54973 + 0.00390 + 0.00000 + 0.00013 + 613.90522]
[ INFO : 2026-08-07 03:43:18,656 ] - Test_@[5, 10, 20, 50]: Recall=[0.01048, 0.01662, 0.02506, 0.05038],  precision=[0.00210, 0.00166, 0.00125, 0.00101], hit=[0.01048, 0.01662, 0.02506, 0.05038], ndcg=[0.00646, 0.00843, 0.01056, 0.01555], Train Rec Loss=[0.05679], Eval Rec Loss=[0.05705], c=[0.50000], F=[0.85427, 0.89673, 0.92085, 0.94709], F_fuse=[0.00418, 0.00332, 0.00250, 0.00201]
[ INFO : 2026-08-07 03:44:39,899 ] - Epoch 201: train==[103.43530 = 0.40458 + 0.72539 + 10.50600 + 0.00392 + 0.00000 + 0.00013 + 613.90291]
[ INFO : 2026-08-07 03:44:46,557 ] - Test_@[5, 10, 20, 50]: Recall=[0.01061, 0.01675, 0.02621, 0.05089],  precision=[0.00212, 0.00167, 0.00131, 0.00102], hit=[0.01061, 0.01675, 0.02621, 0.05089], ndcg=[0.00671, 0.00868, 0.01104, 0.01591], Train Rec Loss=[0.05694], Eval Rec Loss=[0.05713], c=[0.50000], F=[0.85849, 0.89946, 0.92259, 0.94679], F_fuse=[0.00423, 0.00334, 0.00262, 0.00203]
[ INFO : 2026-08-07 03:46:07,802 ] - Epoch 202: train==[103.40675 = 0.40038 + 0.72413 + 10.48096 + 0.00395 + 0.00000 + 0.00014 + 613.91224]
[ INFO : 2026-08-07 03:46:14,460 ] - Test_@[5, 10, 20, 50]: Recall=[0.01048, 0.01713, 0.02519, 0.04961],  precision=[0.00210, 0.00171, 0.00126, 0.00099], hit=[0.01048, 0.01713, 0.02519, 0.04961], ndcg=[0.00665, 0.00878, 0.01078, 0.01559], Train Rec Loss=[0.05721], Eval Rec Loss=[0.05727], c=[0.50000], F=[0.85197, 0.89589, 0.91992, 0.94554], F_fuse=[0.00418, 0.00342, 0.00252, 0.00198]
[ INFO : 2026-08-07 03:47:35,571 ] - Epoch 203: train==[103.43053 = 0.39848 + 0.72265 + 10.50847 + 0.00396 + 0.00000 + 0.00013 + 613.90596]
[ INFO : 2026-08-07 03:47:42,190 ] - Test_@[5, 10, 20, 50]: Recall=[0.01048, 0.01713, 0.02493, 0.05140],  precision=[0.00210, 0.00171, 0.00125, 0.00103], hit=[0.01048, 0.01713, 0.02493, 0.05140], ndcg=[0.00664, 0.00877, 0.01074, 0.01593], Train Rec Loss=[0.05660], Eval Rec Loss=[0.05770], c=[0.50000], F=[0.85383, 0.89956, 0.92174, 0.94689], F_fuse=[0.00418, 0.00342, 0.00249, 0.00205]
[ INFO : 2026-08-07 03:49:04,106 ] - Epoch 204: train==[103.31594 = 0.39999 + 0.72152 + 10.39288 + 0.00396 + 0.00000 + 0.00013 + 613.90698]
[ INFO : 2026-08-07 03:49:10,808 ] - Test_@[5, 10, 20, 50]: Recall=[0.01036, 0.01764, 0.02583, 0.04948],  precision=[0.00207, 0.00176, 0.00129, 0.00099], hit=[0.01036, 0.01764, 0.02583, 0.04948], ndcg=[0.00644, 0.00877, 0.01081, 0.01549], Train Rec Loss=[0.05735], Eval Rec Loss=[0.05767], c=[0.50000], F=[0.85587, 0.89714, 0.92004, 0.94543], F_fuse=[0.00413, 0.00352, 0.00258, 0.00198]
[ INFO : 2026-08-07 03:50:32,494 ] - Epoch 205: train==[103.34788 = 0.39922 + 0.72038 + 10.42616 + 0.00400 + 0.00000 + 0.00013 + 613.90759]
[ INFO : 2026-08-07 03:50:39,200 ] - Test_@[5, 10, 20, 50]: Recall=[0.01087, 0.01688, 0.02519, 0.05102],  precision=[0.00217, 0.00169, 0.00126, 0.00102], hit=[0.01087, 0.01688, 0.02519, 0.05102], ndcg=[0.00683, 0.00875, 0.01081, 0.01590], Train Rec Loss=[0.05724], Eval Rec Loss=[0.05805], c=[0.50000], F=[0.85354, 0.89858, 0.92207, 0.94710], F_fuse=[0.00434, 0.00337, 0.00252, 0.00204]
[ INFO : 2026-08-07 03:52:00,141 ] - Epoch 206: train==[103.28843 = 0.39962 + 0.71890 + 10.36750 + 0.00400 + 0.00000 + 0.00013 + 613.90558]
[ INFO : 2026-08-07 03:52:06,787 ] - Test_@[5, 10, 20, 50]: Recall=[0.01023, 0.01688, 0.02583, 0.05063],  precision=[0.00205, 0.00169, 0.00129, 0.00101], hit=[0.01023, 0.01688, 0.02583, 0.05063], ndcg=[0.00626, 0.00839, 0.01062, 0.01551], Train Rec Loss=[0.05753], Eval Rec Loss=[0.05790], c=[0.50000], F=[0.85462, 0.89669, 0.92129, 0.94595], F_fuse=[0.00408, 0.00337, 0.00258, 0.00202]
[ INFO : 2026-08-07 03:53:28,228 ] - Epoch 207: train==[103.25935 = 0.40540 + 0.71775 + 10.33312 + 0.00400 + 0.00000 + 0.00013 + 613.90695]
[ INFO : 2026-08-07 03:53:34,921 ] - Test_@[5, 10, 20, 50]: Recall=[0.01010, 0.01726, 0.02608, 0.05102],  precision=[0.00202, 0.00173, 0.00130, 0.00102], hit=[0.01010, 0.01726, 0.02608, 0.05102], ndcg=[0.00638, 0.00870, 0.01088, 0.01578], Train Rec Loss=[0.05730], Eval Rec Loss=[0.05795], c=[0.50000], F=[0.85472, 0.89573, 0.92099, 0.94722], F_fuse=[0.00403, 0.00345, 0.00260, 0.00204]
[ INFO : 2026-08-07 03:54:56,415 ] - Epoch 208: train==[103.26154 = 0.39919 + 0.71657 + 10.34223 + 0.00400 + 0.00000 + 0.00013 + 613.90699]
[ INFO : 2026-08-07 03:55:03,126 ] - Test_@[5, 10, 20, 50]: Recall=[0.01010, 0.01701, 0.02634, 0.05012],  precision=[0.00202, 0.00170, 0.00132, 0.00100], hit=[0.01010, 0.01701, 0.02634, 0.05012], ndcg=[0.00627, 0.00849, 0.01082, 0.01548], Train Rec Loss=[0.05751], Eval Rec Loss=[0.05784], c=[0.50000], F=[0.85172, 0.89604, 0.92101, 0.94635], F_fuse=[0.00403, 0.00339, 0.00263, 0.00200]
[ INFO : 2026-08-07 03:56:25,315 ] - Epoch 209: train==[103.27414 = 0.39596 + 0.71512 + 10.35927 + 0.00400 + 0.00000 + 0.00013 + 613.90470]
[ INFO : 2026-08-07 03:56:32,038 ] - Test_@[5, 10, 20, 50]: Recall=[0.01023, 0.01675, 0.02468, 0.04999],  precision=[0.00205, 0.00167, 0.00123, 0.00100], hit=[0.01023, 0.01675, 0.02468, 0.04999], ndcg=[0.00645, 0.00856, 0.01053, 0.01554], Train Rec Loss=[0.05796], Eval Rec Loss=[0.05857], c=[0.50000], F=[0.85245, 0.89676, 0.92104, 0.94701], F_fuse=[0.00408, 0.00334, 0.00246, 0.00200]
[ INFO : 2026-08-07 03:57:53,886 ] - Epoch 210: train==[103.20775 = 0.39496 + 0.71394 + 10.29415 + 0.00402 + 0.00000 + 0.00013 + 613.90747]
[ INFO : 2026-08-07 03:58:00,595 ] - Test_@[5, 10, 20, 50]: Recall=[0.01087, 0.01713, 0.02544, 0.05230],  precision=[0.00217, 0.00171, 0.00127, 0.00105], hit=[0.01087, 0.01713, 0.02544, 0.05230], ndcg=[0.00663, 0.00865, 0.01072, 0.01597], Train Rec Loss=[0.05804], Eval Rec Loss=[0.05822], c=[0.50000], F=[0.85523, 0.89689, 0.92149, 0.94631], F_fuse=[0.00434, 0.00342, 0.00254, 0.00209]
[ INFO : 2026-08-07 03:59:23,371 ] - Epoch 211: train==[103.25629 = 0.39554 + 0.71260 + 10.34298 + 0.00404 + 0.00000 + 0.00013 + 613.90686]
[ INFO : 2026-08-07 03:59:30,072 ] - Test_@[5, 10, 20, 50]: Recall=[0.01010, 0.01688, 0.02544, 0.05089],  precision=[0.00202, 0.00169, 0.00127, 0.00102], hit=[0.01010, 0.01688, 0.02544, 0.05089], ndcg=[0.00646, 0.00864, 0.01078, 0.01581], Train Rec Loss=[0.05830], Eval Rec Loss=[0.05899], c=[0.50000], F=[0.85792, 0.89743, 0.92128, 0.94713], F_fuse=[0.00403, 0.00337, 0.00254, 0.00203]
[ INFO : 2026-08-07 04:00:51,853 ] - Epoch 212: train==[103.23229 = 0.39454 + 0.71146 + 10.31940 + 0.00405 + 0.00000 + 0.00014 + 613.91524]
[ INFO : 2026-08-07 04:00:58,562 ] - Test_@[5, 10, 20, 50]: Recall=[0.01048, 0.01624, 0.02596, 0.04961],  precision=[0.00210, 0.00162, 0.00130, 0.00099], hit=[0.01048, 0.01624, 0.02596, 0.04961], ndcg=[0.00649, 0.00835, 0.01077, 0.01542], Train Rec Loss=[0.05846], Eval Rec Loss=[0.05883], c=[0.50000], F=[0.85290, 0.89417, 0.91962, 0.94606], F_fuse=[0.00418, 0.00324, 0.00259, 0.00198]
[ INFO : 2026-08-07 04:02:20,891 ] - Epoch 213: train==[103.17439 = 0.39208 + 0.71043 + 10.26451 + 0.00407 + 0.00000 + 0.00014 + 613.91553]
[ INFO : 2026-08-07 04:02:27,635 ] - Test_@[5, 10, 20, 50]: Recall=[0.00959, 0.01637, 0.02532, 0.05102],  precision=[0.00192, 0.00164, 0.00127, 0.00102], hit=[0.00959, 0.01637, 0.02532, 0.05102], ndcg=[0.00609, 0.00824, 0.01050, 0.01556], Train Rec Loss=[0.05874], Eval Rec Loss=[0.05875], c=[0.50000], F=[0.85229, 0.89540, 0.91967, 0.94629], F_fuse=[0.00383, 0.00327, 0.00253, 0.00204]
[ INFO : 2026-08-07 04:03:49,373 ] - Epoch 214: train==[103.19166 = 0.39554 + 0.70922 + 10.28015 + 0.00405 + 0.00000 + 0.00013 + 613.90833]
[ INFO : 2026-08-07 04:03:56,029 ] - Test_@[5, 10, 20, 50]: Recall=[0.01023, 0.01649, 0.02455, 0.04961],  precision=[0.00205, 0.00165, 0.00123, 0.00099], hit=[0.01023, 0.01649, 0.02455, 0.04961], ndcg=[0.00631, 0.00833, 0.01034, 0.01529], Train Rec Loss=[0.05843], Eval Rec Loss=[0.05892], c=[0.50000], F=[0.85140, 0.89483, 0.92175, 0.94711], F_fuse=[0.00408, 0.00329, 0.00245, 0.00198]
[ INFO : 2026-08-07 04:05:18,018 ] - Epoch 215: train==[103.20161 = 0.39659 + 0.70825 + 10.29014 + 0.00406 + 0.00000 + 0.00013 + 613.90489]
[ INFO : 2026-08-07 04:05:24,698 ] - Test_@[5, 10, 20, 50]: Recall=[0.01010, 0.01701, 0.02468, 0.04935],  precision=[0.00202, 0.00170, 0.00123, 0.00099], hit=[0.01010, 0.01701, 0.02468, 0.04935], ndcg=[0.00618, 0.00841, 0.01033, 0.01520], Train Rec Loss=[0.05874], Eval Rec Loss=[0.05856], c=[0.50000], F=[0.85079, 0.89444, 0.92031, 0.94646], F_fuse=[0.00403, 0.00339, 0.00246, 0.00197]
[ INFO : 2026-08-07 04:06:46,414 ] - Epoch 216: train==[103.10195 = 0.38827 + 0.70687 + 10.19873 + 0.00409 + 0.00000 + 0.00013 + 613.91064]
[ INFO : 2026-08-07 04:06:53,133 ] - Test_@[5, 10, 20, 50]: Recall=[0.01036, 0.01662, 0.02557, 0.04999],  precision=[0.00207, 0.00166, 0.00128, 0.00100], hit=[0.01036, 0.01662, 0.02557, 0.04999], ndcg=[0.00639, 0.00841, 0.01065, 0.01545], Train Rec Loss=[0.05917], Eval Rec Loss=[0.05930], c=[0.50000], F=[0.85472, 0.89558, 0.92117, 0.94666], F_fuse=[0.00413, 0.00332, 0.00255, 0.00200]
[ INFO : 2026-08-07 04:08:14,502 ] - Epoch 217: train==[103.03496 = 0.38810 + 0.70600 + 10.13269 + 0.00408 + 0.00000 + 0.00013 + 613.90897]
[ INFO : 2026-08-07 04:08:21,201 ] - Test_@[5, 10, 20, 50]: Recall=[0.00997, 0.01649, 0.02557, 0.04999],  precision=[0.00199, 0.00165, 0.00128, 0.00100], hit=[0.00997, 0.01649, 0.02557, 0.04999], ndcg=[0.00618, 0.00826, 0.01053, 0.01530], Train Rec Loss=[0.05900], Eval Rec Loss=[0.05918], c=[0.50000], F=[0.85171, 0.89164, 0.91823, 0.94618], F_fuse=[0.00398, 0.00329, 0.00255, 0.00200]
[ INFO : 2026-08-07 04:09:42,810 ] - Epoch 218: train==[103.04126 = 0.38914 + 0.70492 + 10.13904 + 0.00413 + 0.00000 + 0.00013 + 613.90575]
[ INFO : 2026-08-07 04:09:49,496 ] - Test_@[5, 10, 20, 50]: Recall=[0.01048, 0.01739, 0.02557, 0.04910],  precision=[0.00210, 0.00174, 0.00128, 0.00098], hit=[0.01048, 0.01739, 0.02557, 0.04910], ndcg=[0.00696, 0.00917, 0.01119, 0.01583], Train Rec Loss=[0.05901], Eval Rec Loss=[0.05971], c=[0.50000], F=[0.85645, 0.89706, 0.92138, 0.94679], F_fuse=[0.00418, 0.00347, 0.00255, 0.00196]
[ INFO : 2026-08-07 04:11:11,942 ] - Epoch 219: train==[103.06176 = 0.39041 + 0.70390 + 10.15750 + 0.00413 + 0.00000 + 0.00014 + 613.91499]
[ INFO : 2026-08-07 04:11:18,648 ] - Test_@[5, 10, 20, 50]: Recall=[0.01048, 0.01585, 0.02468, 0.05063],  precision=[0.00210, 0.00159, 0.00123, 0.00101], hit=[0.01048, 0.01585, 0.02468, 0.05063], ndcg=[0.00636, 0.00807, 0.01027, 0.01538], Train Rec Loss=[0.05951], Eval Rec Loss=[0.05979], c=[0.50000], F=[0.85111, 0.89152, 0.92021, 0.94633], F_fuse=[0.00418, 0.00317, 0.00246, 0.00202]
[ INFO : 2026-08-07 04:12:40,784 ] - Epoch 220: train==[103.05153 = 0.38526 + 0.70291 + 10.15440 + 0.00414 + 0.00000 + 0.00013 + 613.90572]
[ INFO : 2026-08-07 04:12:47,498 ] - Test_@[5, 10, 20, 50]: Recall=[0.01048, 0.01598, 0.02506, 0.05038],  precision=[0.00210, 0.00160, 0.00125, 0.00101], hit=[0.01048, 0.01598, 0.02506, 0.05038], ndcg=[0.00700, 0.00877, 0.01104, 0.01601], Train Rec Loss=[0.05916], Eval Rec Loss=[0.05958], c=[0.50000], F=[0.85118, 0.89545, 0.92098, 0.94673], F_fuse=[0.00418, 0.00319, 0.00250, 0.00201]
[ INFO : 2026-08-07 04:14:09,843 ] - Epoch 221: train==[102.98388 = 0.38580 + 0.70194 + 10.08665 + 0.00415 + 0.00000 + 0.00013 + 613.90646]
[ INFO : 2026-08-07 04:14:16,573 ] - Test_@[5, 10, 20, 50]: Recall=[0.01061, 0.01713, 0.02481, 0.04974],  precision=[0.00212, 0.00171, 0.00124, 0.00099], hit=[0.01061, 0.01713, 0.02481, 0.04974], ndcg=[0.00674, 0.00885, 0.01076, 0.01568], Train Rec Loss=[0.05945], Eval Rec Loss=[0.06015], c=[0.50000], F=[0.85446, 0.89535, 0.91976, 0.94640], F_fuse=[0.00423, 0.00342, 0.00248, 0.00199]
[ INFO : 2026-08-07 04:15:38,787 ] - Epoch 222: train==[102.91265 = 0.38984 + 0.70102 + 10.01043 + 0.00418 + 0.00000 + 0.00014 + 613.91631]
[ INFO : 2026-08-07 04:15:45,479 ] - Test_@[5, 10, 20, 50]: Recall=[0.00985, 0.01611, 0.02455, 0.04999],  precision=[0.00197, 0.00161, 0.00123, 0.00100], hit=[0.00985, 0.01611, 0.02455, 0.04999], ndcg=[0.00624, 0.00825, 0.01039, 0.01539], Train Rec Loss=[0.05993], Eval Rec Loss=[0.06080], c=[0.50000], F=[0.85015, 0.89187, 0.91922, 0.94645], F_fuse=[0.00393, 0.00322, 0.00245, 0.00200]
[ INFO : 2026-08-07 04:17:08,109 ] - Epoch 223: train==[102.97605 = 0.38611 + 0.70005 + 10.07980 + 0.00415 + 0.00000 + 0.00013 + 613.90543]
[ INFO : 2026-08-07 04:17:14,809 ] - Test_@[5, 10, 20, 50]: Recall=[0.00997, 0.01598, 0.02544, 0.05102],  precision=[0.00199, 0.00160, 0.00127, 0.00102], hit=[0.00997, 0.01598, 0.02544, 0.05102], ndcg=[0.00638, 0.00830, 0.01067, 0.01569], Train Rec Loss=[0.05987], Eval Rec Loss=[0.06001], c=[0.50000], F=[0.85015, 0.89184, 0.91966, 0.94661], F_fuse=[0.00398, 0.00319, 0.00254, 0.00204]
[ INFO : 2026-08-07 04:18:36,897 ] - Epoch 224: train==[102.93324 = 0.38609 + 0.69923 + 10.03724 + 0.00417 + 0.00000 + 0.00013 + 613.90716]
[ INFO : 2026-08-07 04:18:43,600 ] - Test_@[5, 10, 20, 50]: Recall=[0.01061, 0.01688, 0.02493, 0.05012],  precision=[0.00212, 0.00169, 0.00125, 0.00100], hit=[0.01061, 0.01688, 0.02493, 0.05012], ndcg=[0.00669, 0.00869, 0.01070, 0.01567], Train Rec Loss=[0.05979], Eval Rec Loss=[0.06028], c=[0.50000], F=[0.85053, 0.89395, 0.92038, 0.94671], F_fuse=[0.00423, 0.00337, 0.00249, 0.00200]
[ INFO : 2026-08-07 04:20:05,773 ] - Epoch 225: train==[102.93658 = 0.38401 + 0.69806 + 10.04334 + 0.00419 + 0.00000 + 0.00013 + 613.90712]
[ INFO : 2026-08-07 04:20:12,451 ] - Test_@[5, 10, 20, 50]: Recall=[0.00959, 0.01573, 0.02493, 0.04974],  precision=[0.00192, 0.00157, 0.00125, 0.00099], hit=[0.00959, 0.01573, 0.02493, 0.04974], ndcg=[0.00629, 0.00825, 0.01056, 0.01542], Train Rec Loss=[0.06023], Eval Rec Loss=[0.05996], c=[0.50000], F=[0.85184, 0.89171, 0.91879, 0.94572], F_fuse=[0.00383, 0.00314, 0.00249, 0.00199]
[ INFO : 2026-08-07 04:21:34,244 ] - Epoch 226: train==[102.93190 = 0.38302 + 0.69716 + 10.04053 + 0.00423 + 0.00000 + 0.00013 + 613.90457]
[ INFO : 2026-08-07 04:21:40,952 ] - Test_@[5, 10, 20, 50]: Recall=[0.01010, 0.01624, 0.02506, 0.05051],  precision=[0.00202, 0.00162, 0.00125, 0.00101], hit=[0.01010, 0.01624, 0.02506, 0.05051], ndcg=[0.00635, 0.00832, 0.01054, 0.01554], Train Rec Loss=[0.06025], Eval Rec Loss=[0.06001], c=[0.50000], F=[0.85284, 0.89358, 0.91977, 0.94626], F_fuse=[0.00403, 0.00324, 0.00250, 0.00202]
[ INFO : 2026-08-07 04:23:03,246 ] - Epoch 227: train==[102.91204 = 0.38205 + 0.69609 + 10.02215 + 0.00423 + 0.00000 + 0.00013 + 613.90556]
[ INFO : 2026-08-07 04:23:09,978 ] - Test_@[5, 10, 20, 50]: Recall=[0.01010, 0.01675, 0.02532, 0.05076],  precision=[0.00202, 0.00167, 0.00127, 0.00102], hit=[0.01010, 0.01675, 0.02532, 0.05076], ndcg=[0.00643, 0.00856, 0.01070, 0.01570], Train Rec Loss=[0.06011], Eval Rec Loss=[0.06087], c=[0.50000], F=[0.85322, 0.89272, 0.91880, 0.94643], F_fuse=[0.00403, 0.00334, 0.00253, 0.00203]
[ INFO : 2026-08-07 04:24:31,010 ] - Epoch 228: train==[102.80308 = 0.38032 + 0.69504 + 9.91466 + 0.00425 + 0.00000 + 0.00013 + 613.91125]
[ INFO : 2026-08-07 04:24:37,649 ] - Test_@[5, 10, 20, 50]: Recall=[0.01048, 0.01649, 0.02429, 0.04974],  precision=[0.00210, 0.00165, 0.00121, 0.00099], hit=[0.01048, 0.01649, 0.02429, 0.04974], ndcg=[0.00654, 0.00845, 0.01042, 0.01543], Train Rec Loss=[0.06017], Eval Rec Loss=[0.06080], c=[0.50000], F=[0.84702, 0.89280, 0.92001, 0.94577], F_fuse=[0.00418, 0.00329, 0.00243, 0.00199]
[ INFO : 2026-08-07 04:25:58,852 ] - Epoch 229: train==[102.85069 = 0.38185 + 0.69408 + 9.96114 + 0.00427 + 0.00000 + 0.00013 + 613.91228]
[ INFO : 2026-08-07 04:26:05,486 ] - Test_@[5, 10, 20, 50]: Recall=[0.00997, 0.01560, 0.02391, 0.05038],  precision=[0.00199, 0.00156, 0.00120, 0.00101], hit=[0.00997, 0.01560, 0.02391, 0.05038], ndcg=[0.00605, 0.00786, 0.00996, 0.01516], Train Rec Loss=[0.06091], Eval Rec Loss=[0.06048], c=[0.50000], F=[0.85012, 0.89339, 0.92157, 0.94626], F_fuse=[0.00398, 0.00311, 0.00239, 0.00201]
[ INFO : 2026-08-07 04:27:27,179 ] - Epoch 230: train==[102.87038 = 0.37913 + 0.69325 + 9.98409 + 0.00424 + 0.00000 + 0.00013 + 613.91214]
[ INFO : 2026-08-07 04:27:33,868 ] - Test_@[5, 10, 20, 50]: Recall=[0.00985, 0.01573, 0.02442, 0.05012],  precision=[0.00197, 0.00157, 0.00122, 0.00100], hit=[0.00985, 0.01573, 0.02442, 0.05012], ndcg=[0.00612, 0.00800, 0.01014, 0.01519], Train Rec Loss=[0.06089], Eval Rec Loss=[0.06103], c=[0.50000], F=[0.84976, 0.88926, 0.91813, 0.94600], F_fuse=[0.00393, 0.00314, 0.00244, 0.00200]
[ INFO : 2026-08-07 04:28:55,346 ] - Epoch 231: train==[102.83016 = 0.37941 + 0.69218 + 9.94477 + 0.00427 + 0.00000 + 0.00013 + 613.90849]
[ INFO : 2026-08-07 04:29:02,000 ] - Test_@[5, 10, 20, 50]: Recall=[0.00921, 0.01598, 0.02493, 0.05038],  precision=[0.00184, 0.00160, 0.00125, 0.00101], hit=[0.00921, 0.01598, 0.02493, 0.05038], ndcg=[0.00597, 0.00815, 0.01038, 0.01536], Train Rec Loss=[0.06038], Eval Rec Loss=[0.06138], c=[0.50000], F=[0.85383, 0.89248, 0.92063, 0.94603], F_fuse=[0.00367, 0.00319, 0.00249, 0.00201]
[ INFO : 2026-08-07 04:30:24,335 ] - Epoch 232: train==[102.84531 = 0.37985 + 0.69113 + 9.96006 + 0.00425 + 0.00000 + 0.00013 + 613.90889]
[ INFO : 2026-08-07 04:30:31,034 ] - Test_@[5, 10, 20, 50]: Recall=[0.00959, 0.01611, 0.02429, 0.04859],  precision=[0.00192, 0.00161, 0.00121, 0.00097], hit=[0.00959, 0.01611, 0.02429, 0.04859], ndcg=[0.00612, 0.00823, 0.01027, 0.01504], Train Rec Loss=[0.06092], Eval Rec Loss=[0.06181], c=[0.50000], F=[0.85133, 0.89056, 0.92031, 0.94587], F_fuse=[0.00383, 0.00322, 0.00243, 0.00194]
[ INFO : 2026-08-07 04:31:52,317 ] - Epoch 233: train==[102.77350 = 0.37660 + 0.69014 + 9.89263 + 0.00428 + 0.00000 + 0.00013 + 613.90521]
[ INFO : 2026-08-07 04:31:59,014 ] - Test_@[5, 10, 20, 50]: Recall=[0.01023, 0.01688, 0.02532, 0.04999],  precision=[0.00205, 0.00169, 0.00127, 0.00100], hit=[0.01023, 0.01688, 0.02532, 0.04999], ndcg=[0.00670, 0.00882, 0.01094, 0.01579], Train Rec Loss=[0.06070], Eval Rec Loss=[0.06174], c=[0.50000], F=[0.85322, 0.89240, 0.91931, 0.94594], F_fuse=[0.00408, 0.00337, 0.00253, 0.00200]
[ INFO : 2026-08-07 04:33:21,633 ] - Epoch 234: train==[102.78392 = 0.37688 + 0.68898 + 9.90188 + 0.00429 + 0.00000 + 0.00014 + 613.91553]
[ INFO : 2026-08-07 04:33:28,347 ] - Test_@[5, 10, 20, 50]: Recall=[0.00997, 0.01598, 0.02455, 0.05025],  precision=[0.00199, 0.00160, 0.00123, 0.00100], hit=[0.00997, 0.01598, 0.02455, 0.05025], ndcg=[0.00606, 0.00800, 0.01013, 0.01518], Train Rec Loss=[0.06178], Eval Rec Loss=[0.06115], c=[0.50000], F=[0.85136, 0.88928, 0.91765, 0.94575], F_fuse=[0.00398, 0.00319, 0.00245, 0.00201]
[ INFO : 2026-08-07 04:34:50,087 ] - Epoch 235: train==[102.81242 = 0.37561 + 0.68828 + 9.93343 + 0.00430 + 0.00000 + 0.00013 + 613.90653]
[ INFO : 2026-08-07 04:34:56,762 ] - Test_@[5, 10, 20, 50]: Recall=[0.00921, 0.01496, 0.02468, 0.04999],  precision=[0.00184, 0.00150, 0.00123, 0.00100], hit=[0.00921, 0.01496, 0.02468, 0.04999], ndcg=[0.00593, 0.00777, 0.01020, 0.01516], Train Rec Loss=[0.06140], Eval Rec Loss=[0.06160], c=[0.50000], F=[0.84807, 0.88893, 0.91869, 0.94513], F_fuse=[0.00367, 0.00299, 0.00246, 0.00200]
[ INFO : 2026-08-07 04:36:18,332 ] - Epoch 236: train==[102.75838 = 0.37588 + 0.68737 + 9.88006 + 0.00431 + 0.00000 + 0.00013 + 613.90380]
[ INFO : 2026-08-07 04:36:25,012 ] - Test_@[5, 10, 20, 50]: Recall=[0.00933, 0.01522, 0.02365, 0.05025],  precision=[0.00187, 0.00152, 0.00118, 0.00100], hit=[0.00933, 0.01522, 0.02365, 0.05025], ndcg=[0.00594, 0.00782, 0.00992, 0.01514], Train Rec Loss=[0.06181], Eval Rec Loss=[0.06146], c=[0.50000], F=[0.85207, 0.89027, 0.91784, 0.94570], F_fuse=[0.00373, 0.00304, 0.00236, 0.00201]
[ INFO : 2026-08-07 04:37:46,343 ] - Epoch 237: train==[102.79570 = 0.37530 + 0.68636 + 9.91773 + 0.00430 + 0.00000 + 0.00013 + 613.90953]
[ INFO : 2026-08-07 04:37:53,026 ] - Test_@[5, 10, 20, 50]: Recall=[0.00946, 0.01598, 0.02532, 0.05051],  precision=[0.00189, 0.00160, 0.00127, 0.00101], hit=[0.00946, 0.01598, 0.02532, 0.05051], ndcg=[0.00623, 0.00832, 0.01065, 0.01553], Train Rec Loss=[0.06115], Eval Rec Loss=[0.06170], c=[0.50000], F=[0.85012, 0.89118, 0.91897, 0.94638], F_fuse=[0.00378, 0.00319, 0.00253, 0.00202]
[ INFO : 2026-08-07 04:39:15,669 ] - Epoch 238: train==[102.72635 = 0.37625 + 0.68535 + 9.84793 + 0.00434 + 0.00000 + 0.00013 + 613.90993]
[ INFO : 2026-08-07 04:39:22,398 ] - Test_@[5, 10, 20, 50]: Recall=[0.00959, 0.01688, 0.02417, 0.04820],  precision=[0.00192, 0.00169, 0.00121, 0.00096], hit=[0.00959, 0.01688, 0.02417, 0.04820], ndcg=[0.00631, 0.00867, 0.01047, 0.01521], Train Rec Loss=[0.06179], Eval Rec Loss=[0.06276], c=[0.50000], F=[0.85079, 0.89122, 0.91992, 0.94599], F_fuse=[0.00383, 0.00337, 0.00241, 0.00193]
[ INFO : 2026-08-07 04:40:45,130 ] - Epoch 239: train==[102.71408 = 0.37600 + 0.68464 + 9.83646 + 0.00436 + 0.00000 + 0.00013 + 613.90891]
[ INFO : 2026-08-07 04:40:51,862 ] - Test_@[5, 10, 20, 50]: Recall=[0.00933, 0.01598, 0.02442, 0.04923],  precision=[0.00187, 0.00160, 0.00122, 0.00098], hit=[0.00933, 0.01598, 0.02442, 0.04923], ndcg=[0.00622, 0.00839, 0.01053, 0.01541], Train Rec Loss=[0.06163], Eval Rec Loss=[0.06206], c=[0.50000], F=[0.85021, 0.88835, 0.91808, 0.94542], F_fuse=[0.00373, 0.00319, 0.00244, 0.00197]
[ INFO : 2026-08-07 04:42:13,650 ] - Epoch 240: train==[102.72746 = 0.37448 + 0.68363 + 9.85197 + 0.00436 + 0.00000 + 0.00013 + 613.90896]
[ INFO : 2026-08-07 04:42:20,338 ] - Test_@[5, 10, 20, 50]: Recall=[0.00997, 0.01624, 0.02404, 0.05063],  precision=[0.00199, 0.00162, 0.00120, 0.00101], hit=[0.00997, 0.01624, 0.02404, 0.05063], ndcg=[0.00603, 0.00805, 0.01001, 0.01520], Train Rec Loss=[0.06165], Eval Rec Loss=[0.06221], c=[0.50000], F=[0.85073, 0.89035, 0.91935, 0.94579], F_fuse=[0.00398, 0.00324, 0.00240, 0.00202]
[ INFO : 2026-08-07 04:43:42,513 ] - Epoch 241: train==[102.63512 = 0.37121 + 0.68281 + 9.76333 + 0.00438 + 0.00000 + 0.00013 + 613.90922]
[ INFO : 2026-08-07 04:43:49,254 ] - Test_@[5, 10, 20, 50]: Recall=[0.00946, 0.01534, 0.02519, 0.05114],  precision=[0.00189, 0.00153, 0.00126, 0.00102], hit=[0.00946, 0.01534, 0.02519, 0.05114], ndcg=[0.00592, 0.00779, 0.01025, 0.01533], Train Rec Loss=[0.06174], Eval Rec Loss=[0.06257], c=[0.50000], F=[0.85235, 0.89083, 0.91792, 0.94527], F_fuse=[0.00378, 0.00306, 0.00252, 0.00204]
[ INFO : 2026-08-07 04:45:11,296 ] - Epoch 242: train==[102.66359 = 0.37090 + 0.68195 + 9.79241 + 0.00441 + 0.00000 + 0.00013 + 613.91038]
[ INFO : 2026-08-07 04:45:17,987 ] - Test_@[5, 10, 20, 50]: Recall=[0.01036, 0.01611, 0.02506, 0.05076],  precision=[0.00207, 0.00161, 0.00125, 0.00102], hit=[0.01036, 0.01611, 0.02506, 0.05076], ndcg=[0.00666, 0.00853, 0.01074, 0.01576], Train Rec Loss=[0.06237], Eval Rec Loss=[0.06244], c=[0.50000], F=[0.84811, 0.89126, 0.91928, 0.94543], F_fuse=[0.00413, 0.00322, 0.00250, 0.00203]
[ INFO : 2026-08-07 04:46:39,279 ] - Epoch 243: train==[102.66358 = 0.37206 + 0.68118 + 9.79186 + 0.00436 + 0.00000 + 0.00013 + 613.90968]
[ INFO : 2026-08-07 04:46:45,961 ] - Test_@[5, 10, 20, 50]: Recall=[0.00959, 0.01585, 0.02506, 0.05025],  precision=[0.00192, 0.00159, 0.00125, 0.00100], hit=[0.00959, 0.01585, 0.02506, 0.05025], ndcg=[0.00606, 0.00805, 0.01036, 0.01527], Train Rec Loss=[0.06226], Eval Rec Loss=[0.06252], c=[0.50000], F=[0.85018, 0.88826, 0.91740, 0.94508], F_fuse=[0.00383, 0.00317, 0.00250, 0.00201]
[ INFO : 2026-08-07 04:48:07,188 ] - Epoch 244: train==[102.64554 = 0.37362 + 0.68014 + 9.77292 + 0.00440 + 0.00000 + 0.00013 + 613.90917]
[ INFO : 2026-08-07 04:48:13,838 ] - Test_@[5, 10, 20, 50]: Recall=[0.00869, 0.01547, 0.02468, 0.04808],  precision=[0.00174, 0.00155, 0.00123, 0.00096], hit=[0.00869, 0.01547, 0.02468, 0.04808], ndcg=[0.00555, 0.00772, 0.01002, 0.01463], Train Rec Loss=[0.06258], Eval Rec Loss=[0.06239], c=[0.50000], F=[0.85223, 0.89041, 0.91796, 0.94544], F_fuse=[0.00347, 0.00309, 0.00246, 0.00192]
[ INFO : 2026-08-07 04:49:35,193 ] - Epoch 245: train==[102.61899 = 0.37044 + 0.67906 + 9.75027 + 0.00443 + 0.00000 + 0.00013 + 613.90854]
[ INFO : 2026-08-07 04:49:41,865 ] - Test_@[5, 10, 20, 50]: Recall=[0.00933, 0.01470, 0.02455, 0.04910],  precision=[0.00187, 0.00147, 0.00123, 0.00098], hit=[0.00933, 0.01470, 0.02455, 0.04910], ndcg=[0.00581, 0.00753, 0.00998, 0.01478], Train Rec Loss=[0.06243], Eval Rec Loss=[0.06239], c=[0.50000], F=[0.84676, 0.88482, 0.91605, 0.94421], F_fuse=[0.00373, 0.00294, 0.00245, 0.00196]
[ INFO : 2026-08-07 04:51:03,121 ] - Epoch 246: train==[102.61214 = 0.36948 + 0.67811 + 9.74469 + 0.00443 + 0.00000 + 0.00013 + 613.91032]
[ INFO : 2026-08-07 04:51:09,782 ] - Test_@[5, 10, 20, 50]: Recall=[0.01023, 0.01688, 0.02429, 0.05012],  precision=[0.00205, 0.00169, 0.00121, 0.00100], hit=[0.01023, 0.01688, 0.02429, 0.05012], ndcg=[0.00651, 0.00864, 0.01049, 0.01557], Train Rec Loss=[0.06315], Eval Rec Loss=[0.06327], c=[0.50000], F=[0.84689, 0.89000, 0.91853, 0.94592], F_fuse=[0.00408, 0.00337, 0.00243, 0.00200]
[ INFO : 2026-08-07 04:52:31,801 ] - Epoch 247: train==[102.54571 = 0.36883 + 0.67725 + 9.67926 + 0.00446 + 0.00000 + 0.00013 + 613.91114]
[ INFO : 2026-08-07 04:52:38,471 ] - Test_@[5, 10, 20, 50]: Recall=[0.00985, 0.01560, 0.02391, 0.04935],  precision=[0.00197, 0.00156, 0.00120, 0.00099], hit=[0.00985, 0.01560, 0.02391, 0.04935], ndcg=[0.00607, 0.00790, 0.00999, 0.01497], Train Rec Loss=[0.06272], Eval Rec Loss=[0.06295], c=[0.50000], F=[0.84654, 0.88764, 0.91840, 0.94544], F_fuse=[0.00393, 0.00311, 0.00239, 0.00197]
[ INFO : 2026-08-07 04:54:00,337 ] - Epoch 248: train==[102.60278 = 0.36604 + 0.67632 + 9.73972 + 0.00444 + 0.00000 + 0.00013 + 613.91103]
[ INFO : 2026-08-07 04:54:06,995 ] - Test_@[5, 10, 20, 50]: Recall=[0.00997, 0.01688, 0.02544, 0.05063],  precision=[0.00199, 0.00169, 0.00127, 0.00101], hit=[0.00997, 0.01688, 0.02544, 0.05063], ndcg=[0.00632, 0.00852, 0.01064, 0.01561], Train Rec Loss=[0.06229], Eval Rec Loss=[0.06330], c=[0.50000], F=[0.85181, 0.89006, 0.91753, 0.94580], F_fuse=[0.00398, 0.00337, 0.00254, 0.00202]
[ INFO : 2026-08-07 04:55:28,648 ] - Epoch 249: train==[102.57876 = 0.36734 + 0.67537 + 9.71516 + 0.00447 + 0.00000 + 0.00013 + 613.90956]
[ INFO : 2026-08-07 04:55:35,283 ] - Test_@[5, 10, 20, 50]: Recall=[0.00959, 0.01688, 0.02519, 0.05089],  precision=[0.00192, 0.00169, 0.00126, 0.00102], hit=[0.00959, 0.01688, 0.02519, 0.05089], ndcg=[0.00629, 0.00858, 0.01065, 0.01568], Train Rec Loss=[0.06315], Eval Rec Loss=[0.06357], c=[0.50000], F=[0.85296, 0.88894, 0.91714, 0.94501], F_fuse=[0.00383, 0.00337, 0.00252, 0.00203]
[ INFO : 2026-08-07 04:56:56,543 ] - Epoch 250: train==[102.58541 = 0.36519 + 0.67438 + 9.72345 + 0.00445 + 0.00000 + 0.00013 + 613.91708]
[ INFO : 2026-08-07 04:57:03,191 ] - Test_@[5, 10, 20, 50]: Recall=[0.00959, 0.01458, 0.02340, 0.04859],  precision=[0.00192, 0.00146, 0.00117, 0.00097], hit=[0.00959, 0.01458, 0.02340, 0.04859], ndcg=[0.00589, 0.00748, 0.00968, 0.01460], Train Rec Loss=[0.06325], Eval Rec Loss=[0.06292], c=[0.50000], F=[0.84372, 0.88548, 0.91622, 0.94459], F_fuse=[0.00383, 0.00291, 0.00234, 0.00194]
[ INFO : 2026-08-07 04:58:25,780 ] - Epoch 251: train==[102.55124 = 0.36552 + 0.67344 + 9.69045 + 0.00445 + 0.00000 + 0.00013 + 613.91079]
[ INFO : 2026-08-07 04:58:32,494 ] - Test_@[5, 10, 20, 50]: Recall=[0.00895, 0.01522, 0.02417, 0.04859],  precision=[0.00179, 0.00152, 0.00121, 0.00097], hit=[0.00895, 0.01522, 0.02417, 0.04859], ndcg=[0.00562, 0.00763, 0.00986, 0.01463], Train Rec Loss=[0.06324], Eval Rec Loss=[0.06382], c=[0.50000], F=[0.84986, 0.89043, 0.91855, 0.94505], F_fuse=[0.00357, 0.00304, 0.00241, 0.00194]
[ INFO : 2026-08-07 04:59:53,878 ] - Epoch 252: train==[102.51785 = 0.36494 + 0.67228 + 9.65906 + 0.00452 + 0.00000 + 0.00013 + 613.90553]
[ INFO : 2026-08-07 05:00:00,541 ] - Test_@[5, 10, 20, 50]: Recall=[0.00921, 0.01458, 0.02238, 0.04846],  precision=[0.00184, 0.00146, 0.00112, 0.00097], hit=[0.00921, 0.01458, 0.02238, 0.04846], ndcg=[0.00568, 0.00737, 0.00933, 0.01448], Train Rec Loss=[0.06279], Eval Rec Loss=[0.06351], c=[0.50000], F=[0.84913, 0.88840, 0.91658, 0.94530], F_fuse=[0.00367, 0.00291, 0.00223, 0.00194]
[ INFO : 2026-08-07 05:01:21,941 ] - Epoch 253: train==[102.49871 = 0.36453 + 0.67121 + 9.64079 + 0.00448 + 0.00000 + 0.00013 + 613.90712]
[ INFO : 2026-08-07 05:01:28,624 ] - Test_@[5, 10, 20, 50]: Recall=[0.01036, 0.01624, 0.02429, 0.04999],  precision=[0.00207, 0.00162, 0.00121, 0.00100], hit=[0.01036, 0.01624, 0.02429, 0.04999], ndcg=[0.00639, 0.00826, 0.01027, 0.01532], Train Rec Loss=[0.06296], Eval Rec Loss=[0.06432], c=[0.50000], F=[0.84680, 0.88984, 0.91873, 0.94591], F_fuse=[0.00413, 0.00324, 0.00243, 0.00200]
[ INFO : 2026-08-07 05:02:50,463 ] - Epoch 254: train==[102.50429 = 0.36423 + 0.67019 + 9.64675 + 0.00451 + 0.00000 + 0.00013 + 613.91034]
[ INFO : 2026-08-07 05:02:57,158 ] - Test_@[5, 10, 20, 50]: Recall=[0.00921, 0.01534, 0.02404, 0.04910],  precision=[0.00184, 0.00153, 0.00120, 0.00098], hit=[0.00921, 0.01534, 0.02404, 0.04910], ndcg=[0.00574, 0.00771, 0.00990, 0.01482], Train Rec Loss=[0.06402], Eval Rec Loss=[0.06419], c=[0.50000], F=[0.84734, 0.89013, 0.91783, 0.94481], F_fuse=[0.00367, 0.00306, 0.00240, 0.00196]
[ INFO : 2026-08-07 05:04:19,149 ] - Epoch 255: train==[102.50085 = 0.36993 + 0.66930 + 9.63774 + 0.00452 + 0.00000 + 0.00013 + 613.91297]
[ INFO : 2026-08-07 05:04:25,832 ] - Test_@[5, 10, 20, 50]: Recall=[0.01010, 0.01534, 0.02391, 0.04820],  precision=[0.00202, 0.00153, 0.00120, 0.00096], hit=[0.01010, 0.01534, 0.02391, 0.04820], ndcg=[0.00637, 0.00808, 0.01021, 0.01499], Train Rec Loss=[0.06371], Eval Rec Loss=[0.06431], c=[0.50000], F=[0.84686, 0.88708, 0.91772, 0.94480], F_fuse=[0.00403, 0.00306, 0.00239, 0.00193]
[ INFO : 2026-08-07 05:05:47,133 ] - Epoch 256: train==[102.50515 = 0.36053 + 0.66807 + 9.65284 + 0.00451 + 0.00000 + 0.00013 + 613.90870]
[ INFO : 2026-08-07 05:05:53,805 ] - Test_@[5, 10, 20, 50]: Recall=[0.00921, 0.01470, 0.02340, 0.04871],  precision=[0.00184, 0.00147, 0.00117, 0.00097], hit=[0.00921, 0.01470, 0.02340, 0.04871], ndcg=[0.00585, 0.00763, 0.00982, 0.01477], Train Rec Loss=[0.06384], Eval Rec Loss=[0.06420], c=[0.50000], F=[0.84587, 0.88469, 0.91702, 0.94418], F_fuse=[0.00367, 0.00294, 0.00234, 0.00195]
[ INFO : 2026-08-07 05:07:15,483 ] - Epoch 257: train==[102.47605 = 0.35981 + 0.66717 + 9.62244 + 0.00452 + 0.00000 + 0.00015 + 613.92556]
[ INFO : 2026-08-07 05:07:22,144 ] - Test_@[5, 10, 20, 50]: Recall=[0.00882, 0.01355, 0.02276, 0.04871],  precision=[0.00176, 0.00136, 0.00114, 0.00097], hit=[0.00882, 0.01355, 0.02276, 0.04871], ndcg=[0.00547, 0.00698, 0.00931, 0.01440], Train Rec Loss=[0.06431], Eval Rec Loss=[0.06499], c=[0.50000], F=[0.84520, 0.88551, 0.91558, 0.94430], F_fuse=[0.00352, 0.00271, 0.00227, 0.00195]
[ INFO : 2026-08-07 05:08:43,612 ] - Epoch 258: train==[102.42732 = 0.35962 + 0.66580 + 9.57735 + 0.00457 + 0.00000 + 0.00013 + 613.90778]
[ INFO : 2026-08-07 05:08:50,267 ] - Test_@[5, 10, 20, 50]: Recall=[0.00869, 0.01458, 0.02391, 0.04923],  precision=[0.00174, 0.00146, 0.00120, 0.00098], hit=[0.00869, 0.01458, 0.02391, 0.04923], ndcg=[0.00545, 0.00733, 0.00967, 0.01465], Train Rec Loss=[0.06451], Eval Rec Loss=[0.06514], c=[0.50000], F=[0.84926, 0.88946, 0.91780, 0.94497], F_fuse=[0.00347, 0.00291, 0.00239, 0.00197]
[ INFO : 2026-08-07 05:10:12,382 ] - Epoch 259: train==[102.47724 = 0.36273 + 0.66474 + 9.62407 + 0.00454 + 0.00000 + 0.00013 + 613.91282]
[ INFO : 2026-08-07 05:10:19,068 ] - Test_@[5, 10, 20, 50]: Recall=[0.00985, 0.01534, 0.02378, 0.04999],  precision=[0.00197, 0.00153, 0.00119, 0.00100], hit=[0.00985, 0.01534, 0.02378, 0.04999], ndcg=[0.00577, 0.00753, 0.00965, 0.01478], Train Rec Loss=[0.06424], Eval Rec Loss=[0.06524], c=[0.50000], F=[0.85188, 0.88939, 0.91709, 0.94528], F_fuse=[0.00393, 0.00306, 0.00238, 0.00200]
[ INFO : 2026-08-07 05:11:41,065 ] - Epoch 260: train==[102.43638 = 0.35707 + 0.66331 + 9.58881 + 0.00458 + 0.00000 + 0.00014 + 613.91860]
[ INFO : 2026-08-07 05:11:47,751 ] - Test_@[5, 10, 20, 50]: Recall=[0.00895, 0.01445, 0.02301, 0.04884],  precision=[0.00179, 0.00144, 0.00115, 0.00098], hit=[0.00895, 0.01445, 0.02301, 0.04884], ndcg=[0.00559, 0.00737, 0.00951, 0.01458], Train Rec Loss=[0.06492], Eval Rec Loss=[0.06566], c=[0.50000], F=[0.84641, 0.88783, 0.91857, 0.94527], F_fuse=[0.00357, 0.00288, 0.00230, 0.00195]
[ INFO : 2026-08-07 05:13:10,451 ] - Epoch 261: train==[102.35331 = 0.36490 + 0.66223 + 9.49971 + 0.00460 + 0.00000 + 0.00013 + 613.91093]
[ INFO : 2026-08-07 05:13:17,198 ] - Test_@[5, 10, 20, 50]: Recall=[0.00933, 0.01483, 0.02429, 0.04987],  precision=[0.00187, 0.00148, 0.00121, 0.00100], hit=[0.00933, 0.01483, 0.02429, 0.04987], ndcg=[0.00577, 0.00754, 0.00992, 0.01491], Train Rec Loss=[0.06424], Eval Rec Loss=[0.06453], c=[0.50000], F=[0.84862, 0.88834, 0.91658, 0.94436], F_fuse=[0.00373, 0.00296, 0.00243, 0.00199]
[ INFO : 2026-08-07 05:14:39,071 ] - Epoch 262: train==[102.41040 = 0.35974 + 0.66112 + 9.56130 + 0.00459 + 0.00000 + 0.00014 + 613.91972]
[ INFO : 2026-08-07 05:14:45,826 ] - Test_@[5, 10, 20, 50]: Recall=[0.00972, 0.01560, 0.02506, 0.05012],  precision=[0.00194, 0.00156, 0.00125, 0.00100], hit=[0.00972, 0.01560, 0.02506, 0.05012], ndcg=[0.00558, 0.00746, 0.00983, 0.01474], Train Rec Loss=[0.06452], Eval Rec Loss=[0.06440], c=[0.50000], F=[0.84619, 0.88796, 0.91704, 0.94529], F_fuse=[0.00388, 0.00311, 0.00250, 0.00200]
[ INFO : 2026-08-07 05:16:08,399 ] - Epoch 263: train==[102.35610 = 0.35723 + 0.65987 + 9.51057 + 0.00460 + 0.00000 + 0.00013 + 613.91757]
[ INFO : 2026-08-07 05:16:15,136 ] - Test_@[5, 10, 20, 50]: Recall=[0.00985, 0.01522, 0.02263, 0.04808],  precision=[0.00197, 0.00152, 0.00113, 0.00096], hit=[0.00985, 0.01522, 0.02263, 0.04808], ndcg=[0.00607, 0.00779, 0.00964, 0.01461], Train Rec Loss=[0.06476], Eval Rec Loss=[0.06486], c=[0.50000], F=[0.84430, 0.88569, 0.91675, 0.94402], F_fuse=[0.00393, 0.00304, 0.00226, 0.00192]
[ INFO : 2026-08-07 05:17:37,341 ] - Epoch 264: train==[102.39864 = 0.36134 + 0.65867 + 9.55056 + 0.00463 + 0.00000 + 0.00013 + 613.91177]
[ INFO : 2026-08-07 05:17:44,036 ] - Test_@[5, 10, 20, 50]: Recall=[0.00908, 0.01496, 0.02327, 0.04833],  precision=[0.00182, 0.00150, 0.00116, 0.00097], hit=[0.00908, 0.01496, 0.02327, 0.04833], ndcg=[0.00557, 0.00745, 0.00954, 0.01447], Train Rec Loss=[0.06482], Eval Rec Loss=[0.06503], c=[0.50000], F=[0.84740, 0.88791, 0.91654, 0.94424], F_fuse=[0.00362, 0.00299, 0.00232, 0.00193]
[ INFO : 2026-08-07 05:19:06,862 ] - Epoch 265: train==[102.33404 = 0.35864 + 0.65730 + 9.48915 + 0.00463 + 0.00000 + 0.00013 + 613.91400]
[ INFO : 2026-08-07 05:19:13,571 ] - Test_@[5, 10, 20, 50]: Recall=[0.00895, 0.01573, 0.02429, 0.04961],  precision=[0.00179, 0.00157, 0.00121, 0.00099], hit=[0.00895, 0.01573, 0.02429, 0.04961], ndcg=[0.00569, 0.00786, 0.00998, 0.01491], Train Rec Loss=[0.06451], Eval Rec Loss=[0.06573], c=[0.50000], F=[0.84529, 0.88652, 0.91678, 0.94408], F_fuse=[0.00357, 0.00314, 0.00243, 0.00198]
[ INFO : 2026-08-07 05:20:35,760 ] - Epoch 266: train==[102.31041 = 0.35632 + 0.65541 + 9.46952 + 0.00465 + 0.00000 + 0.00013 + 613.91023]
[ INFO : 2026-08-07 05:20:42,478 ] - Test_@[5, 10, 20, 50]: Recall=[0.00882, 0.01432, 0.02263, 0.04769],  precision=[0.00176, 0.00143, 0.00113, 0.00095], hit=[0.00882, 0.01432, 0.02263, 0.04769], ndcg=[0.00544, 0.00720, 0.00928, 0.01422], Train Rec Loss=[0.06589], Eval Rec Loss=[0.06564], c=[0.50000], F=[0.84874, 0.88923, 0.91549, 0.94338], F_fuse=[0.00352, 0.00286, 0.00226, 0.00191]
[ INFO : 2026-08-07 05:22:04,801 ] - Epoch 267: train==[102.32033 = 0.35585 + 0.65400 + 9.48076 + 0.00465 + 0.00000 + 0.00013 + 613.91024]
[ INFO : 2026-08-07 05:22:11,483 ] - Test_@[5, 10, 20, 50]: Recall=[0.00959, 0.01624, 0.02314, 0.04756],  precision=[0.00192, 0.00162, 0.00116, 0.00095], hit=[0.00959, 0.01624, 0.02314, 0.04756], ndcg=[0.00567, 0.00780, 0.00951, 0.01429], Train Rec Loss=[0.06548], Eval Rec Loss=[0.06546], c=[0.50000], F=[0.84839, 0.88669, 0.91631, 0.94462], F_fuse=[0.00383, 0.00324, 0.00231, 0.00190]
[ INFO : 2026-08-07 05:23:33,523 ] - Epoch 268: train==[102.30591 = 0.35868 + 0.65252 + 9.46414 + 0.00463 + 0.00000 + 0.00013 + 613.91200]
[ INFO : 2026-08-07 05:23:40,211 ] - Test_@[5, 10, 20, 50]: Recall=[0.00818, 0.01458, 0.02276, 0.04846],  precision=[0.00164, 0.00146, 0.00114, 0.00097], hit=[0.00818, 0.01458, 0.02276, 0.04846], ndcg=[0.00525, 0.00734, 0.00939, 0.01439], Train Rec Loss=[0.06603], Eval Rec Loss=[0.06500], c=[0.50000], F=[0.84619, 0.88445, 0.91610, 0.94378], F_fuse=[0.00327, 0.00291, 0.00227, 0.00194]
[ INFO : 2026-08-07 05:25:02,541 ] - Epoch 269: train==[102.29233 = 0.35341 + 0.65109 + 9.45618 + 0.00467 + 0.00000 + 0.00013 + 613.91526]
[ INFO : 2026-08-07 05:25:09,222 ] - Test_@[5, 10, 20, 50]: Recall=[0.00959, 0.01470, 0.02301, 0.04884],  precision=[0.00192, 0.00147, 0.00115, 0.00098], hit=[0.00959, 0.01470, 0.02301, 0.04884], ndcg=[0.00601, 0.00765, 0.00973, 0.01480], Train Rec Loss=[0.06619], Eval Rec Loss=[0.06658], c=[0.50000], F=[0.84548, 0.88506, 0.91686, 0.94391], F_fuse=[0.00383, 0.00294, 0.00230, 0.00195]
[ INFO : 2026-08-07 05:26:30,918 ] - Epoch 270: train==[102.24156 = 0.35512 + 0.64962 + 9.40569 + 0.00470 + 0.00000 + 0.00013 + 613.90763]
[ INFO : 2026-08-07 05:26:37,574 ] - Test_@[5, 10, 20, 50]: Recall=[0.00921, 0.01496, 0.02429, 0.05025],  precision=[0.00184, 0.00150, 0.00121, 0.00100], hit=[0.00921, 0.01496, 0.02429, 0.05025], ndcg=[0.00586, 0.00773, 0.01006, 0.01514], Train Rec Loss=[0.06563], Eval Rec Loss=[0.06650], c=[0.50000], F=[0.84683, 0.88768, 0.91663, 0.94369], F_fuse=[0.00367, 0.00299, 0.00243, 0.00201]
[ INFO : 2026-08-07 05:27:59,056 ] - Epoch 271: train==[102.30177 = 0.35521 + 0.64805 + 9.46461 + 0.00468 + 0.00000 + 0.00014 + 613.92203]
[ INFO : 2026-08-07 05:28:05,725 ] - Test_@[5, 10, 20, 50]: Recall=[0.00869, 0.01509, 0.02378, 0.04871],  precision=[0.00174, 0.00151, 0.00119, 0.00097], hit=[0.00869, 0.01509, 0.02378, 0.04871], ndcg=[0.00536, 0.00740, 0.00958, 0.01446], Train Rec Loss=[0.06563], Eval Rec Loss=[0.06621], c=[0.50000], F=[0.84395, 0.88660, 0.91550, 0.94355], F_fuse=[0.00347, 0.00301, 0.00238, 0.00195]
[ INFO : 2026-08-07 05:29:27,233 ] - Epoch 272: train==[102.29075 = 0.35452 + 0.64654 + 9.45563 + 0.00468 + 0.00000 + 0.00014 + 613.91899]
[ INFO : 2026-08-07 05:29:33,873 ] - Test_@[5, 10, 20, 50]: Recall=[0.00921, 0.01445, 0.02276, 0.04808],  precision=[0.00184, 0.00144, 0.00114, 0.00096], hit=[0.00921, 0.01445, 0.02276, 0.04808], ndcg=[0.00569, 0.00736, 0.00944, 0.01438], Train Rec Loss=[0.06635], Eval Rec Loss=[0.06724], c=[0.50000], F=[0.84519, 0.88300, 0.91583, 0.94406], F_fuse=[0.00367, 0.00288, 0.00227, 0.00192]
[ INFO : 2026-08-07 05:30:55,812 ] - Epoch 273: train==[102.25703 = 0.35377 + 0.64493 + 9.42423 + 0.00471 + 0.00000 + 0.00013 + 613.91481]
[ INFO : 2026-08-07 05:31:02,460 ] - Test_@[5, 10, 20, 50]: Recall=[0.00895, 0.01445, 0.02327, 0.04974],  precision=[0.00179, 0.00144, 0.00116, 0.00099], hit=[0.00895, 0.01445, 0.02327, 0.04974], ndcg=[0.00569, 0.00744, 0.00965, 0.01484], Train Rec Loss=[0.06655], Eval Rec Loss=[0.06704], c=[0.50000], F=[0.84727, 0.88696, 0.91682, 0.94490], F_fuse=[0.00357, 0.00288, 0.00232, 0.00199]
[ INFO : 2026-08-07 05:32:24,450 ] - Epoch 274: train==[102.24792 = 0.34975 + 0.64335 + 9.42022 + 0.00473 + 0.00000 + 0.00013 + 613.91376]
[ INFO : 2026-08-07 05:32:31,096 ] - Test_@[5, 10, 20, 50]: Recall=[0.00946, 0.01496, 0.02404, 0.04846],  precision=[0.00189, 0.00150, 0.00120, 0.00097], hit=[0.00946, 0.01496, 0.02404, 0.04846], ndcg=[0.00573, 0.00746, 0.00974, 0.01449], Train Rec Loss=[0.06644], Eval Rec Loss=[0.06703], c=[0.50000], F=[0.84398, 0.88375, 0.91557, 0.94334], F_fuse=[0.00378, 0.00299, 0.00240, 0.00194]
[ INFO : 2026-08-07 05:33:52,743 ] - Epoch 275: train==[102.22094 = 0.35271 + 0.64189 + 9.39146 + 0.00472 + 0.00000 + 0.00013 + 613.91190]
[ INFO : 2026-08-07 05:33:59,423 ] - Test_@[5, 10, 20, 50]: Recall=[0.00946, 0.01534, 0.02404, 0.04820],  precision=[0.00189, 0.00153, 0.00120, 0.00096], hit=[0.00946, 0.01534, 0.02404, 0.04820], ndcg=[0.00603, 0.00793, 0.01009, 0.01478], Train Rec Loss=[0.06703], Eval Rec Loss=[0.06828], c=[0.50000], F=[0.84533, 0.88701, 0.91682, 0.94420], F_fuse=[0.00378, 0.00306, 0.00240, 0.00193]
[ INFO : 2026-08-07 05:35:21,308 ] - Epoch 276: train==[102.18582 = 0.35356 + 0.64031 + 9.35605 + 0.00476 + 0.00000 + 0.00013 + 613.91422]
[ INFO : 2026-08-07 05:35:28,017 ] - Test_@[5, 10, 20, 50]: Recall=[0.00895, 0.01406, 0.02327, 0.04910],  precision=[0.00179, 0.00141, 0.00116, 0.00098], hit=[0.00895, 0.01406, 0.02327, 0.04910], ndcg=[0.00575, 0.00737, 0.00966, 0.01471], Train Rec Loss=[0.06754], Eval Rec Loss=[0.06733], c=[0.50000], F=[0.84504, 0.88708, 0.91540, 0.94339], F_fuse=[0.00357, 0.00281, 0.00232, 0.00196]
[ INFO : 2026-08-07 05:36:50,871 ] - Epoch 277: train==[102.20799 = 0.35110 + 0.63845 + 9.37877 + 0.00476 + 0.00000 + 0.00017 + 613.93408]
[ INFO : 2026-08-07 05:36:57,608 ] - Test_@[5, 10, 20, 50]: Recall=[0.00921, 0.01406, 0.02365, 0.04859],  precision=[0.00184, 0.00141, 0.00118, 0.00097], hit=[0.00921, 0.01406, 0.02365, 0.04859], ndcg=[0.00581, 0.00738, 0.00976, 0.01465], Train Rec Loss=[0.06783], Eval Rec Loss=[0.06813], c=[0.50000], F=[0.84587, 0.88524, 0.91718, 0.94442], F_fuse=[0.00367, 0.00281, 0.00236, 0.00194]
[ INFO : 2026-08-07 05:38:20,078 ] - Epoch 278: train==[102.24175 = 0.35098 + 0.63681 + 9.41681 + 0.00478 + 0.00000 + 0.00013 + 613.91304]
[ INFO : 2026-08-07 05:38:26,793 ] - Test_@[5, 10, 20, 50]: Recall=[0.00908, 0.01522, 0.02404, 0.05038],  precision=[0.00182, 0.00152, 0.00120, 0.00101], hit=[0.00908, 0.01522, 0.02404, 0.05038], ndcg=[0.00559, 0.00755, 0.00975, 0.01492], Train Rec Loss=[0.06821], Eval Rec Loss=[0.06796], c=[0.50000], F=[0.84913, 0.88672, 0.91510, 0.94364], F_fuse=[0.00362, 0.00304, 0.00240, 0.00201]
[ INFO : 2026-08-07 05:39:47,954 ] - Epoch 279: train==[102.18047 = 0.35371 + 0.63544 + 9.35307 + 0.00477 + 0.00000 + 0.00013 + 613.91673]
[ INFO : 2026-08-07 05:39:54,672 ] - Test_@[5, 10, 20, 50]: Recall=[0.00882, 0.01406, 0.02276, 0.04897],  precision=[0.00176, 0.00141, 0.00114, 0.00098], hit=[0.00882, 0.01406, 0.02276, 0.04897], ndcg=[0.00544, 0.00714, 0.00931, 0.01443], Train Rec Loss=[0.06825], Eval Rec Loss=[0.06815], c=[0.50000], F=[0.84210, 0.88431, 0.91619, 0.94333], F_fuse=[0.00352, 0.00281, 0.00227, 0.00196]
[ INFO : 2026-08-07 05:41:16,949 ] - Epoch 280: train==[102.16490 = 0.34995 + 0.63373 + 9.34348 + 0.00477 + 0.00000 + 0.00013 + 613.90887]
[ INFO : 2026-08-07 05:41:23,633 ] - Test_@[5, 10, 20, 50]: Recall=[0.00921, 0.01496, 0.02301, 0.04692],  precision=[0.00184, 0.00150, 0.00115, 0.00094], hit=[0.00921, 0.01496, 0.02301, 0.04692], ndcg=[0.00573, 0.00757, 0.00960, 0.01427], Train Rec Loss=[0.06797], Eval Rec Loss=[0.06767], c=[0.50000], F=[0.84913, 0.88728, 0.91642, 0.94339], F_fuse=[0.00367, 0.00299, 0.00230, 0.00188]
[ INFO : 2026-08-07 05:42:45,676 ] - Epoch 281: train==[102.17640 = 0.34799 + 0.63231 + 9.35599 + 0.00478 + 0.00000 + 0.00014 + 613.92070]
[ INFO : 2026-08-07 05:42:52,354 ] - Test_@[5, 10, 20, 50]: Recall=[0.00921, 0.01381, 0.02122, 0.04641],  precision=[0.00184, 0.00138, 0.00106, 0.00093], hit=[0.00921, 0.01381, 0.02122, 0.04641], ndcg=[0.00569, 0.00714, 0.00903, 0.01397], Train Rec Loss=[0.06894], Eval Rec Loss=[0.06825], c=[0.50000], F=[0.84430, 0.88441, 0.91626, 0.94269], F_fuse=[0.00367, 0.00276, 0.00212, 0.00185]
[ INFO : 2026-08-07 05:44:13,742 ] - Epoch 282: train==[102.11577 = 0.34968 + 0.63088 + 9.29609 + 0.00480 + 0.00000 + 0.00013 + 613.91034]
[ INFO : 2026-08-07 05:44:20,420 ] - Test_@[5, 10, 20, 50]: Recall=[0.00921, 0.01470, 0.02276, 0.04859],  precision=[0.00184, 0.00147, 0.00114, 0.00097], hit=[0.00921, 0.01470, 0.02276, 0.04859], ndcg=[0.00576, 0.00750, 0.00952, 0.01455], Train Rec Loss=[0.06839], Eval Rec Loss=[0.06814], c=[0.50000], F=[0.84277, 0.88422, 0.91492, 0.94284], F_fuse=[0.00367, 0.00294, 0.00227, 0.00194]
[ INFO : 2026-08-07 05:45:41,857 ] - Epoch 283: train==[102.13145 = 0.34744 + 0.62934 + 9.31526 + 0.00484 + 0.00000 + 0.00013 + 613.90787]
[ INFO : 2026-08-07 05:45:48,523 ] - Test_@[5, 10, 20, 50]: Recall=[0.00921, 0.01509, 0.02365, 0.04808],  precision=[0.00184, 0.00151, 0.00118, 0.00096], hit=[0.00921, 0.01509, 0.02365, 0.04808], ndcg=[0.00619, 0.00809, 0.01027, 0.01505], Train Rec Loss=[0.06894], Eval Rec Loss=[0.06923], c=[0.50000], F=[0.84504, 0.88695, 0.91601, 0.94346], F_fuse=[0.00367, 0.00301, 0.00236, 0.00192]
[ INFO : 2026-08-07 05:47:10,061 ] - Epoch 284: train==[102.11249 = 0.35603 + 0.62772 + 9.28658 + 0.00487 + 0.00000 + 0.00014 + 613.92154]
[ INFO : 2026-08-07 05:47:16,710 ] - Test_@[5, 10, 20, 50]: Recall=[0.00882, 0.01406, 0.02212, 0.04756],  precision=[0.00176, 0.00141, 0.00111, 0.00095], hit=[0.00882, 0.01406, 0.02212, 0.04756], ndcg=[0.00552, 0.00722, 0.00922, 0.01422], Train Rec Loss=[0.06837], Eval Rec Loss=[0.06907], c=[0.50000], F=[0.84261, 0.88470, 0.91492, 0.94322], F_fuse=[0.00352, 0.00281, 0.00221, 0.00190]
[ INFO : 2026-08-07 05:48:39,159 ] - Epoch 285: train==[102.11375 = 0.34665 + 0.62631 + 9.29940 + 0.00486 + 0.00000 + 0.00013 + 613.91276]
[ INFO : 2026-08-07 05:48:45,880 ] - Test_@[5, 10, 20, 50]: Recall=[0.00921, 0.01483, 0.02263, 0.04859],  precision=[0.00184, 0.00148, 0.00113, 0.00097], hit=[0.00921, 0.01483, 0.02263, 0.04859], ndcg=[0.00577, 0.00753, 0.00947, 0.01455], Train Rec Loss=[0.06982], Eval Rec Loss=[0.06950], c=[0.50000], F=[0.84376, 0.88460, 0.91562, 0.94376], F_fuse=[0.00367, 0.00296, 0.00226, 0.00194]
[ INFO : 2026-08-07 05:50:07,424 ] - Epoch 286: train==[102.10861 = 0.34529 + 0.62474 + 9.29702 + 0.00487 + 0.00000 + 0.00013 + 613.90975]
[ INFO : 2026-08-07 05:50:14,124 ] - Test_@[5, 10, 20, 50]: Recall=[0.00857, 0.01432, 0.02353, 0.04744],  precision=[0.00171, 0.00143, 0.00118, 0.00095], hit=[0.00857, 0.01432, 0.02353, 0.04744], ndcg=[0.00552, 0.00736, 0.00965, 0.01432], Train Rec Loss=[0.06883], Eval Rec Loss=[0.06960], c=[0.50000], F=[0.84839, 0.88647, 0.91559, 0.94356], F_fuse=[0.00342, 0.00286, 0.00235, 0.00190]
[ INFO : 2026-08-07 05:51:35,334 ] - Epoch 287: train==[102.06695 = 0.34553 + 0.62338 + 9.25533 + 0.00487 + 0.00000 + 0.00013 + 613.91376]
[ INFO : 2026-08-07 05:51:41,981 ] - Test_@[5, 10, 20, 50]: Recall=[0.00869, 0.01432, 0.02276, 0.04616],  precision=[0.00174, 0.00143, 0.00114, 0.00092], hit=[0.00869, 0.01432, 0.02276, 0.04616], ndcg=[0.00550, 0.00729, 0.00941, 0.01398], Train Rec Loss=[0.06922], Eval Rec Loss=[0.06947], c=[0.50000], F=[0.84149, 0.88359, 0.91480, 0.94328], F_fuse=[0.00347, 0.00286, 0.00227, 0.00184]
[ INFO : 2026-08-07 05:53:02,987 ] - Epoch 288: train==[102.05480 = 0.34317 + 0.62193 + 9.24672 + 0.00489 + 0.00000 + 0.00013 + 613.91156]
[ INFO : 2026-08-07 05:53:09,624 ] - Test_@[5, 10, 20, 50]: Recall=[0.00869, 0.01330, 0.02186, 0.04744],  precision=[0.00174, 0.00133, 0.00109, 0.00095], hit=[0.00869, 0.01330, 0.02186, 0.04744], ndcg=[0.00552, 0.00700, 0.00915, 0.01420], Train Rec Loss=[0.07036], Eval Rec Loss=[0.07002], c=[0.50000], F=[0.84980, 0.88588, 0.91513, 0.94334], F_fuse=[0.00347, 0.00266, 0.00218, 0.00190]
[ INFO : 2026-08-07 05:54:31,099 ] - Epoch 289: train==[102.09028 = 0.34899 + 0.62047 + 9.27625 + 0.00489 + 0.00000 + 0.00013 + 613.91823]
[ INFO : 2026-08-07 05:54:37,773 ] - Test_@[5, 10, 20, 50]: Recall=[0.00895, 0.01470, 0.02276, 0.04871],  precision=[0.00179, 0.00147, 0.00114, 0.00097], hit=[0.00895, 0.01470, 0.02276, 0.04871], ndcg=[0.00558, 0.00741, 0.00939, 0.01450], Train Rec Loss=[0.06974], Eval Rec Loss=[0.07058], c=[0.50000], F=[0.84775, 0.88537, 0.91601, 0.94291], F_fuse=[0.00357, 0.00294, 0.00227, 0.00195]
[ INFO : 2026-08-07 05:55:59,182 ] - Epoch 290: train==[102.09828 = 0.34723 + 0.61880 + 9.28703 + 0.00492 + 0.00000 + 0.00013 + 613.91785]
[ INFO : 2026-08-07 05:56:05,872 ] - Test_@[5, 10, 20, 50]: Recall=[0.00921, 0.01394, 0.02250, 0.04744],  precision=[0.00184, 0.00139, 0.00113, 0.00095], hit=[0.00921, 0.01394, 0.02250, 0.04744], ndcg=[0.00582, 0.00731, 0.00942, 0.01426], Train Rec Loss=[0.06987], Eval Rec Loss=[0.07046], c=[0.50000], F=[0.84440, 0.88275, 0.91584, 0.94266], F_fuse=[0.00367, 0.00278, 0.00225, 0.00190]
[ INFO : 2026-08-07 05:57:27,087 ] - Epoch 291: train==[102.07864 = 0.34400 + 0.61747 + 9.27216 + 0.00492 + 0.00000 + 0.00013 + 613.91295]
[ INFO : 2026-08-07 05:57:33,718 ] - Test_@[5, 10, 20, 50]: Recall=[0.00921, 0.01394, 0.02353, 0.04795],  precision=[0.00184, 0.00139, 0.00118, 0.00096], hit=[0.00921, 0.01394, 0.02353, 0.04795], ndcg=[0.00561, 0.00711, 0.00949, 0.01429], Train Rec Loss=[0.07006], Eval Rec Loss=[0.07063], c=[0.50000], F=[0.84590, 0.88583, 0.91427, 0.94203], F_fuse=[0.00367, 0.00278, 0.00235, 0.00192]
[ INFO : 2026-08-07 05:58:55,242 ] - Epoch 292: train==[102.14508 = 0.34692 + 0.61599 + 9.33399 + 0.00489 + 0.00000 + 0.00015 + 613.93020]
[ INFO : 2026-08-07 05:59:01,912 ] - Test_@[5, 10, 20, 50]: Recall=[0.00882, 0.01419, 0.02314, 0.04705],  precision=[0.00176, 0.00142, 0.00116, 0.00094], hit=[0.00882, 0.01419, 0.02314, 0.04705], ndcg=[0.00551, 0.00722, 0.00945, 0.01413], Train Rec Loss=[0.07046], Eval Rec Loss=[0.07132], c=[0.50000], F=[0.84603, 0.88562, 0.91611, 0.94285], F_fuse=[0.00352, 0.00283, 0.00231, 0.00188]
[ INFO : 2026-08-07 06:00:24,055 ] - Epoch 293: train==[102.07459 = 0.34391 + 0.61447 + 9.26950 + 0.00492 + 0.00000 + 0.00013 + 613.91619]
[ INFO : 2026-08-07 06:00:30,765 ] - Test_@[5, 10, 20, 50]: Recall=[0.00869, 0.01394, 0.02186, 0.04616],  precision=[0.00174, 0.00139, 0.00109, 0.00092], hit=[0.00869, 0.01394, 0.02186, 0.04616], ndcg=[0.00535, 0.00702, 0.00902, 0.01381], Train Rec Loss=[0.07071], Eval Rec Loss=[0.07055], c=[0.50000], F=[0.84414, 0.88322, 0.91448, 0.94190], F_fuse=[0.00347, 0.00278, 0.00218, 0.00184]
[ INFO : 2026-08-07 06:01:53,014 ] - Epoch 294: train==[102.05333 = 0.34076 + 0.61328 + 9.25267 + 0.00495 + 0.00000 + 0.00013 + 613.91235]
[ INFO : 2026-08-07 06:01:59,712 ] - Test_@[5, 10, 20, 50]: Recall=[0.00908, 0.01406, 0.02250, 0.04820],  precision=[0.00182, 0.00141, 0.00113, 0.00096], hit=[0.00908, 0.01406, 0.02250, 0.04820], ndcg=[0.00580, 0.00738, 0.00949, 0.01450], Train Rec Loss=[0.07084], Eval Rec Loss=[0.07125], c=[0.50000], F=[0.84277, 0.88514, 0.91605, 0.94182], F_fuse=[0.00362, 0.00281, 0.00225, 0.00193]
[ INFO : 2026-08-07 06:03:22,410 ] - Epoch 295: train==[102.05275 = 0.34418 + 0.61183 + 9.24795 + 0.00493 + 0.00000 + 0.00013 + 613.92307]
[ INFO : 2026-08-07 06:03:29,127 ] - Test_@[5, 10, 20, 50]: Recall=[0.00831, 0.01381, 0.02199, 0.04705],  precision=[0.00166, 0.00138, 0.00110, 0.00094], hit=[0.00831, 0.01381, 0.02199, 0.04705], ndcg=[0.00512, 0.00689, 0.00893, 0.01381], Train Rec Loss=[0.07188], Eval Rec Loss=[0.07141], c=[0.50000], F=[0.84724, 0.88669, 0.91568, 0.94224], F_fuse=[0.00332, 0.00276, 0.00220, 0.00188]
[ INFO : 2026-08-07 06:04:50,701 ] - Epoch 296: train==[101.95993 = 0.34200 + 0.61037 + 9.15723 + 0.00495 + 0.00000 + 0.00015 + 613.92922]
[ INFO : 2026-08-07 06:04:57,404 ] - Test_@[5, 10, 20, 50]: Recall=[0.00972, 0.01458, 0.02225, 0.04705],  precision=[0.00194, 0.00146, 0.00111, 0.00094], hit=[0.00972, 0.01458, 0.02225, 0.04705], ndcg=[0.00600, 0.00754, 0.00947, 0.01433], Train Rec Loss=[0.07181], Eval Rec Loss=[0.07230], c=[0.50000], F=[0.84708, 0.88342, 0.91627, 0.94264], F_fuse=[0.00388, 0.00291, 0.00222, 0.00188]
[ INFO : 2026-08-07 06:06:20,181 ] - Epoch 297: train==[102.02831 = 0.34070 + 0.60888 + 9.23063 + 0.00497 + 0.00000 + 0.00013 + 613.91032]
[ INFO : 2026-08-07 06:06:26,904 ] - Test_@[5, 10, 20, 50]: Recall=[0.00857, 0.01432, 0.02378, 0.04795],  precision=[0.00171, 0.00143, 0.00119, 0.00096], hit=[0.00857, 0.01432, 0.02378, 0.04795], ndcg=[0.00562, 0.00746, 0.00980, 0.01452], Train Rec Loss=[0.07143], Eval Rec Loss=[0.07197], c=[0.50000], F=[0.84568, 0.88447, 0.91460, 0.94240], F_fuse=[0.00342, 0.00286, 0.00238, 0.00192]
[ INFO : 2026-08-07 06:07:48,577 ] - Epoch 298: train==[101.96130 = 0.34265 + 0.60730 + 9.16136 + 0.00502 + 0.00000 + 0.00013 + 613.91835]
[ INFO : 2026-08-07 06:07:55,249 ] - Test_@[5, 10, 20, 50]: Recall=[0.00882, 0.01432, 0.02289, 0.04769],  precision=[0.00176, 0.00143, 0.00114, 0.00095], hit=[0.00882, 0.01432, 0.02289, 0.04769], ndcg=[0.00567, 0.00740, 0.00952, 0.01438], Train Rec Loss=[0.07190], Eval Rec Loss=[0.07226], c=[0.50000], F=[0.84421, 0.88463, 0.91622, 0.94309], F_fuse=[0.00352, 0.00286, 0.00229, 0.00191]
[ INFO : 2026-08-07 06:09:17,839 ] - Epoch 299: train==[101.99091 = 0.34126 + 0.60582 + 9.19410 + 0.00498 + 0.00000 + 0.00013 + 613.91300]
[ INFO : 2026-08-07 06:09:24,546 ] - Test_@[5, 10, 20, 50]: Recall=[0.00882, 0.01419, 0.02225, 0.04705],  precision=[0.00176, 0.00142, 0.00111, 0.00094], hit=[0.00882, 0.01419, 0.02225, 0.04705], ndcg=[0.00537, 0.00706, 0.00905, 0.01390], Train Rec Loss=[0.07227], Eval Rec Loss=[0.07336], c=[0.50000], F=[0.84507, 0.88383, 0.91518, 0.94163], F_fuse=[0.00352, 0.00283, 0.00222, 0.00188]
[ INFO : 2026-08-07 06:10:46,229 ] - Epoch 300: train==[101.96594 = 0.34348 + 0.60446 + 9.16744 + 0.00502 + 0.00000 + 0.00013 + 613.91455]
[ INFO : 2026-08-07 06:10:52,931 ] - Test_@[5, 10, 20, 50]: Recall=[0.00908, 0.01547, 0.02353, 0.04680],  precision=[0.00182, 0.00155, 0.00118, 0.00094], hit=[0.00908, 0.01547, 0.02353, 0.04680], ndcg=[0.00561, 0.00765, 0.00964, 0.01420], Train Rec Loss=[0.07308], Eval Rec Loss=[0.07287], c=[0.50000], F=[0.84385, 0.88543, 0.91459, 0.94212], F_fuse=[0.00362, 0.00309, 0.00235, 0.00187]
n_users=19805, n_items=10068
n_interactions=66743
n_train=58922, n_test=7821, sparsity=0.00033
Finished Fri Aug  7 06:11:00 AM +07 2026
