Job 75001 on gpu04; lambda_cf=1.0; group_k=10; seed=2; started Tue Aug 11 10:15:21 PM +07 2026
Tue Aug 11 22:15:21 2026       
+---------------------------------------------------------------------------------------+
| NVIDIA-SMI 535.216.03             Driver Version: 535.216.03   CUDA Version: 12.2     |
|-----------------------------------------+----------------------+----------------------+
| GPU  Name                 Persistence-M | Bus-Id        Disp.A | Volatile Uncorr. ECC |
| Fan  Temp   Perf          Pwr:Usage/Cap |         Memory-Usage | GPU-Util  Compute M. |
|                                         |                      |               MIG M. |
|=========================================+======================+======================|
|   0  Tesla V100-DGXS-32GB           On  | 00000000:0E:00.0 Off |                    0 |
| N/A   39C    P0              38W / 300W |      0MiB / 32768MiB |      0%      Default |
|                                         |                      |                  N/A |
+-----------------------------------------+----------------------+----------------------+
                                                                                         
+---------------------------------------------------------------------------------------+
| Processes:                                                                            |
|  GPU   GI   CI        PID   Type   Process name                            GPU Memory |
|        ID   ID                                                             Usage      |
|=======================================================================================|
|  No running processes found                                                           |
+---------------------------------------------------------------------------------------+
[ INFO : 2026-08-11 22:15:33,043 ] - Preprocess missing values with zero
[ INFO : 2026-08-11 22:15:33,690 ] - Pretrained diffusion model is loaded from: ./checkpoint/tiktok/best_model.pth
[ INFO : 2026-08-11 22:15:34,367 ] - Completed data loaded from: ./checkpoint/tiktok/completed_data.pkl
/media/lhbac29/raid-cf/main.py:106: DeprecationWarning: Please import `csr_matrix` from the `scipy.sparse` namespace; the `scipy.sparse.csr` namespace is deprecated and will be removed in SciPy 2.0.0.
  self.ui_graph = self.ui_graph_raw = pickle.load(open('./data/' + self.dataset + '/train_mat', 'rb'))
[ INFO : 2026-08-11 22:15:34,471 ] - Missing rate = 0.400000, complete strategy: zero
[ INFO : 2026-08-11 22:16:43,722 ] - Epoch 1: train==[35997.93390 = 2.03765 + 0.60613 + 25.35606 + 0.00072 + 0.00000 + 35917.10126 + 883.55791]
[ INFO : 2026-08-11 22:16:50,856 ] - Test_@[5, 10, 20, 50]: Recall=[0.00277, 0.00653, 0.00979, 0.01533],  precision=[0.00055, 0.00065, 0.00049, 0.00031], hit=[0.00277, 0.00653, 0.00979, 0.01533], ndcg=[0.00199, 0.00316, 0.00398, 0.00505], Train Rec Loss=[0.03446], Eval Rec Loss=[0.03453], c=[0.50000], F=[0.87318, 0.93088, 0.92459, 0.94239], F_fuse=[0.00111, 0.00130, 0.00098, 0.00061]
[ INFO : 2026-08-11 22:17:59,814 ] - Epoch 2: train==[15906.49951 = 1.73055 + 0.60390 + 24.64282 + 0.00048 + 0.00000 + 15826.60605 + 884.94450]
[ INFO : 2026-08-11 22:18:06,875 ] - Test_@[5, 10, 20, 50]: Recall=[0.00049, 0.00522, 0.00962, 0.01501],  precision=[0.00010, 0.00052, 0.00048, 0.00030], hit=[0.00049, 0.00522, 0.00962, 0.01501], ndcg=[0.00024, 0.00172, 0.00278, 0.00384], Train Rec Loss=[0.03435], Eval Rec Loss=[0.03450], c=[0.50000], F=[0.80844, 0.92538, 0.94682, 0.96163], F_fuse=[0.00020, 0.00104, 0.00096, 0.00060]
[ INFO : 2026-08-11 22:19:15,745 ] - Epoch 3: train==[7474.70399 = 1.70384 + 0.60385 + 23.78958 + 0.00061 + 0.00000 + 7395.69060 + 884.94450]
[ INFO : 2026-08-11 22:19:22,803 ] - Test_@[5, 10, 20, 50]: Recall=[0.00261, 0.00750, 0.01077, 0.01746],  precision=[0.00052, 0.00075, 0.00054, 0.00035], hit=[0.00261, 0.00750, 0.01077, 0.01746], ndcg=[0.00119, 0.00271, 0.00357, 0.00483], Train Rec Loss=[0.03437], Eval Rec Loss=[0.03446], c=[0.50000], F=[0.81389, 0.92090, 0.97308, 0.97806], F_fuse=[0.00104, 0.00150, 0.00108, 0.00070]
[ INFO : 2026-08-11 22:20:32,273 ] - Epoch 4: train==[3557.90210 = 1.70202 + 0.60385 + 22.81406 + 0.00077 + 0.00000 + 3479.86594 + 884.94450]
[ INFO : 2026-08-11 22:20:39,420 ] - Test_@[5, 10, 20, 50]: Recall=[0.00261, 0.00783, 0.01142, 0.01615],  precision=[0.00052, 0.00078, 0.00057, 0.00032], hit=[0.00261, 0.00783, 0.01142, 0.01615], ndcg=[0.00119, 0.00276, 0.00369, 0.00461], Train Rec Loss=[0.03434], Eval Rec Loss=[0.03446], c=[0.50000], F=[0.80843, 0.85294, 0.91516, 0.98212], F_fuse=[0.00104, 0.00156, 0.00114, 0.00065]
[ INFO : 2026-08-11 22:21:49,048 ] - Epoch 5: train==[1646.35690 = 1.69190 + 0.60385 + 21.76463 + 0.00102 + 0.00000 + 1569.37996 + 884.94450]
[ INFO : 2026-08-11 22:21:56,190 ] - Test_@[5, 10, 20, 50]: Recall=[0.00326, 0.00734, 0.01582, 0.02724],  precision=[0.00065, 0.00073, 0.00079, 0.00054], hit=[0.00326, 0.00734, 0.01582, 0.02724], ndcg=[0.00155, 0.00288, 0.00506, 0.00727], Train Rec Loss=[0.03434], Eval Rec Loss=[0.03439], c=[0.50000], F=[0.80855, 0.81853, 0.86942, 0.96606], F_fuse=[0.00130, 0.00147, 0.00158, 0.00109]
[ INFO : 2026-08-11 22:23:06,245 ] - Epoch 6: train==[716.53598 = 1.68436 + 0.60385 + 20.67688 + 0.00140 + 0.00000 + 640.65396 + 884.94450]
[ INFO : 2026-08-11 22:23:13,378 ] - Test_@[5, 10, 20, 50]: Recall=[0.00897, 0.01452, 0.02529, 0.03752],  precision=[0.00179, 0.00145, 0.00126, 0.00075], hit=[0.00897, 0.01452, 0.02529, 0.03752], ndcg=[0.00653, 0.00830, 0.01107, 0.01346], Train Rec Loss=[0.03431], Eval Rec Loss=[0.03439], c=[0.50000], F=[0.83033, 0.84702, 0.87933, 0.95851], F_fuse=[0.00358, 0.00290, 0.00252, 0.00150]
[ INFO : 2026-08-11 22:24:23,827 ] - Epoch 7: train==[297.90617 = 1.67151 + 0.60385 + 19.67697 + 0.00196 + 0.00000 + 223.03636 + 884.94450]
[ INFO : 2026-08-11 22:24:30,982 ] - Test_@[5, 10, 20, 50]: Recall=[0.01876, 0.02855, 0.04144, 0.05954],  precision=[0.00375, 0.00285, 0.00207, 0.00119], hit=[0.01876, 0.02855, 0.04144, 0.05954], ndcg=[0.01247, 0.01563, 0.01888, 0.02241], Train Rec Loss=[0.03431], Eval Rec Loss=[0.03437], c=[0.50000], F=[0.86630, 0.86780, 0.91418, 0.96431], F_fuse=[0.00747, 0.00569, 0.00413, 0.00238]
[ INFO : 2026-08-11 22:25:40,101 ] - Epoch 8: train==[146.68452 = 1.66203 + 0.60385 + 18.56248 + 0.00263 + 0.00000 + 72.93802 + 884.94450]
[ INFO : 2026-08-11 22:25:47,352 ] - Test_@[5, 10, 20, 50]: Recall=[0.02561, 0.03507, 0.04780, 0.07586],  precision=[0.00512, 0.00351, 0.00239, 0.00152], hit=[0.02561, 0.03507, 0.04780, 0.07586], ndcg=[0.01753, 0.02064, 0.02391, 0.02944], Train Rec Loss=[0.03424], Eval Rec Loss=[0.03440], c=[0.50000], F=[0.87101, 0.86158, 0.91594, 0.96909], F_fuse=[0.01018, 0.00699, 0.00477, 0.00303]
[ INFO : 2026-08-11 22:26:56,060 ] - Epoch 9: train==[100.33187 = 1.65402 + 0.60386 + 17.38082 + 0.00344 + 0.00000 + 27.77422 + 884.94450]
[ INFO : 2026-08-11 22:27:03,220 ] - Test_@[5, 10, 20, 50]: Recall=[0.02969, 0.04144, 0.05449, 0.09266],  precision=[0.00594, 0.00414, 0.00272, 0.00185], hit=[0.02969, 0.04144, 0.05449, 0.09266], ndcg=[0.02132, 0.02515, 0.02848, 0.03602], Train Rec Loss=[0.03426], Eval Rec Loss=[0.03431], c=[0.50000], F=[0.86397, 0.84491, 0.91022, 0.97146], F_fuse=[0.01179, 0.00825, 0.00543, 0.00370]
[ INFO : 2026-08-11 22:28:12,723 ] - Epoch 10: train==[87.11516 = 1.64130 + 0.60386 + 16.48182 + 0.00430 + 0.00000 + 15.46837 + 884.94450]
[ INFO : 2026-08-11 22:28:19,969 ] - Test_@[5, 10, 20, 50]: Recall=[0.03312, 0.04437, 0.05905, 0.10033],  precision=[0.00662, 0.00444, 0.00295, 0.00201], hit=[0.03312, 0.04437, 0.05905, 0.10033], ndcg=[0.02397, 0.02759, 0.03130, 0.03947], Train Rec Loss=[0.03421], Eval Rec Loss=[0.03433], c=[0.50000], F=[0.85608, 0.82863, 0.90904, 0.96991], F_fuse=[0.01314, 0.00883, 0.00589, 0.00400]
[ INFO : 2026-08-11 22:29:29,968 ] - Epoch 11: train==[82.37594 = 1.63019 + 0.60386 + 15.63363 + 0.00520 + 0.00000 + 11.58755 + 884.94450]
[ INFO : 2026-08-11 22:29:37,187 ] - Test_@[5, 10, 20, 50]: Recall=[0.03409, 0.04486, 0.06281, 0.10571],  precision=[0.00682, 0.00449, 0.00314, 0.00211], hit=[0.03409, 0.04486, 0.06281, 0.10571], ndcg=[0.02476, 0.02822, 0.03279, 0.04127], Train Rec Loss=[0.03419], Eval Rec Loss=[0.03433], c=[0.50000], F=[0.84411, 0.82239, 0.91087, 0.97149], F_fuse=[0.01353, 0.00892, 0.00626, 0.00422]
[ INFO : 2026-08-11 22:30:47,126 ] - Epoch 12: train==[79.76586 = 1.61980 + 0.60386 + 15.03884 + 0.00609 + 0.00000 + 9.58176 + 884.94450]
[ INFO : 2026-08-11 22:30:54,291 ] - Test_@[5, 10, 20, 50]: Recall=[0.03426, 0.04388, 0.06444, 0.10832],  precision=[0.00685, 0.00439, 0.00322, 0.00217], hit=[0.03426, 0.04388, 0.06444, 0.10832], ndcg=[0.02481, 0.02790, 0.03319, 0.04186], Train Rec Loss=[0.03416], Eval Rec Loss=[0.03431], c=[0.50000], F=[0.83487, 0.81976, 0.91603, 0.97291], F_fuse=[0.01359, 0.00873, 0.00642, 0.00432]
[ INFO : 2026-08-11 22:32:04,087 ] - Epoch 13: train==[77.70731 = 1.60803 + 0.60386 + 14.33484 + 0.00699 + 0.00000 + 8.23809 + 884.94450]
[ INFO : 2026-08-11 22:32:11,238 ] - Test_@[5, 10, 20, 50]: Recall=[0.03491, 0.04535, 0.06835, 0.11158],  precision=[0.00698, 0.00454, 0.00342, 0.00223], hit=[0.03491, 0.04535, 0.06835, 0.11158], ndcg=[0.02582, 0.02911, 0.03495, 0.04342], Train Rec Loss=[0.03415], Eval Rec Loss=[0.03427], c=[0.50000], F=[0.82902, 0.81794, 0.92285, 0.97549], F_fuse=[0.01385, 0.00902, 0.00681, 0.00445]
[ INFO : 2026-08-11 22:33:21,241 ] - Epoch 14: train==[76.06789 = 1.59619 + 0.60387 + 13.68357 + 0.00783 + 0.00000 + 7.26092 + 884.94450]
[ INFO : 2026-08-11 22:33:28,388 ] - Test_@[5, 10, 20, 50]: Recall=[0.03409, 0.04486, 0.06868, 0.11272],  precision=[0.00682, 0.00449, 0.00343, 0.00225], hit=[0.03409, 0.04486, 0.06868, 0.11272], ndcg=[0.02499, 0.02842, 0.03446, 0.04309], Train Rec Loss=[0.03414], Eval Rec Loss=[0.03426], c=[0.50000], F=[0.82704, 0.81922, 0.92780, 0.97582], F_fuse=[0.01353, 0.00892, 0.00684, 0.00450]
[ INFO : 2026-08-11 22:34:38,298 ] - Epoch 15: train==[74.84812 = 1.58742 + 0.60387 + 13.23960 + 0.00870 + 0.00000 + 6.49303 + 884.94450]
[ INFO : 2026-08-11 22:34:45,543 ] - Test_@[5, 10, 20, 50]: Recall=[0.03491, 0.04617, 0.07145, 0.11648],  precision=[0.00698, 0.00462, 0.00357, 0.00233], hit=[0.03491, 0.04617, 0.07145, 0.11648], ndcg=[0.02579, 0.02940, 0.03577, 0.04457], Train Rec Loss=[0.03416], Eval Rec Loss=[0.03426], c=[0.50000], F=[0.82332, 0.81511, 0.92933, 0.97783], F_fuse=[0.01385, 0.00918, 0.00712, 0.00465]
[ INFO : 2026-08-11 22:35:54,932 ] - Epoch 16: train==[73.76891 = 1.57704 + 0.60386 + 12.80481 + 0.00951 + 0.00000 + 5.85818 + 884.94450]
[ INFO : 2026-08-11 22:36:02,068 ] - Test_@[5, 10, 20, 50]: Recall=[0.03393, 0.04502, 0.07015, 0.11533],  precision=[0.00679, 0.00450, 0.00351, 0.00231], hit=[0.03393, 0.04502, 0.07015, 0.11533], ndcg=[0.02505, 0.02860, 0.03494, 0.04383], Train Rec Loss=[0.03410], Eval Rec Loss=[0.03423], c=[0.50000], F=[0.82531, 0.81774, 0.93136, 0.97715], F_fuse=[0.01346, 0.00896, 0.00699, 0.00460]
[ INFO : 2026-08-11 22:37:11,802 ] - Epoch 17: train==[72.85771 = 1.57375 + 0.60387 + 12.43276 + 0.01022 + 0.00000 + 5.32161 + 884.94450]
[ INFO : 2026-08-11 22:37:19,037 ] - Test_@[5, 10, 20, 50]: Recall=[0.03524, 0.04666, 0.07227, 0.11794],  precision=[0.00705, 0.00467, 0.00361, 0.00236], hit=[0.03524, 0.04666, 0.07227, 0.11794], ndcg=[0.02579, 0.02944, 0.03586, 0.04482], Train Rec Loss=[0.03411], Eval Rec Loss=[0.03416], c=[0.50000], F=[0.82074, 0.81631, 0.93215, 0.97638], F_fuse=[0.01397, 0.00928, 0.00720, 0.00471]
[ INFO : 2026-08-11 22:38:28,610 ] - Epoch 18: train==[72.13102 = 1.55250 + 0.60386 + 12.18587 + 0.01081 + 0.00000 + 4.86247 + 884.94450]
[ INFO : 2026-08-11 22:38:35,899 ] - Test_@[5, 10, 20, 50]: Recall=[0.03540, 0.04796, 0.07325, 0.12055],  precision=[0.00708, 0.00480, 0.00366, 0.00241], hit=[0.03540, 0.04796, 0.07325, 0.12055], ndcg=[0.02614, 0.03015, 0.03645, 0.04570], Train Rec Loss=[0.03411], Eval Rec Loss=[0.03419], c=[0.50000], F=[0.82197, 0.81544, 0.93251, 0.97571], F_fuse=[0.01404, 0.00954, 0.00730, 0.00481]
[ INFO : 2026-08-11 22:39:45,614 ] - Epoch 19: train==[71.37835 = 1.54222 + 0.60386 + 11.83168 + 0.01131 + 0.00000 + 4.47377 + 884.94450]
[ INFO : 2026-08-11 22:39:52,754 ] - Test_@[5, 10, 20, 50]: Recall=[0.03638, 0.04812, 0.07357, 0.12235],  precision=[0.00728, 0.00481, 0.00368, 0.00245], hit=[0.03638, 0.04812, 0.07357, 0.12235], ndcg=[0.02691, 0.03066, 0.03700, 0.04654], Train Rec Loss=[0.03406], Eval Rec Loss=[0.03419], c=[0.50000], F=[0.82049, 0.81419, 0.93179, 0.97354], F_fuse=[0.01442, 0.00957, 0.00733, 0.00488]
[ INFO : 2026-08-11 22:41:02,957 ] - Epoch 20: train==[70.69774 = 1.53186 + 0.60387 + 11.51017 + 0.01166 + 0.00000 + 4.12467 + 884.94450]
[ INFO : 2026-08-11 22:41:10,240 ] - Test_@[5, 10, 20, 50]: Recall=[0.03687, 0.04845, 0.07357, 0.12235],  precision=[0.00737, 0.00485, 0.00368, 0.00245], hit=[0.03687, 0.04845, 0.07357, 0.12235], ndcg=[0.02724, 0.03092, 0.03718, 0.04675], Train Rec Loss=[0.03403], Eval Rec Loss=[0.03417], c=[0.50000], F=[0.82248, 0.81548, 0.93262, 0.96998], F_fuse=[0.01462, 0.00963, 0.00733, 0.00488]
[ INFO : 2026-08-11 22:42:20,160 ] - Epoch 21: train==[70.33104 = 1.52129 + 0.60386 + 11.45989 + 0.01205 + 0.00000 + 3.81844 + 884.94450]
[ INFO : 2026-08-11 22:42:27,378 ] - Test_@[5, 10, 20, 50]: Recall=[0.03719, 0.04878, 0.07374, 0.12398],  precision=[0.00744, 0.00488, 0.00369, 0.00248], hit=[0.03719, 0.04878, 0.07374, 0.12398], ndcg=[0.02746, 0.03114, 0.03735, 0.04721], Train Rec Loss=[0.03406], Eval Rec Loss=[0.03410], c=[0.50000], F=[0.82261, 0.81551, 0.93378, 0.96619], F_fuse=[0.01474, 0.00970, 0.00734, 0.00495]
[ INFO : 2026-08-11 22:43:36,821 ] - Epoch 22: train==[69.75542 = 1.50930 + 0.60387 + 11.15970 + 0.01224 + 0.00000 + 3.55480 + 884.94450]
[ INFO : 2026-08-11 22:43:44,001 ] - Test_@[5, 10, 20, 50]: Recall=[0.03475, 0.04682, 0.07162, 0.12137],  precision=[0.00695, 0.00468, 0.00358, 0.00243], hit=[0.03475, 0.04682, 0.07162, 0.12137], ndcg=[0.02545, 0.02932, 0.03548, 0.04527], Train Rec Loss=[0.03403], Eval Rec Loss=[0.03415], c=[0.50000], F=[0.82973, 0.82373, 0.93752, 0.96583], F_fuse=[0.01378, 0.00931, 0.00713, 0.00484]
[ INFO : 2026-08-11 22:44:53,471 ] - Epoch 23: train==[69.20936 = 1.50068 + 0.60387 + 10.86792 + 0.01251 + 0.00000 + 3.30886 + 884.94450]
[ INFO : 2026-08-11 22:45:00,692 ] - Test_@[5, 10, 20, 50]: Recall=[0.03654, 0.04861, 0.07341, 0.12333],  precision=[0.00731, 0.00486, 0.00367, 0.00247], hit=[0.03654, 0.04861, 0.07341, 0.12333], ndcg=[0.02684, 0.03069, 0.03683, 0.04664], Train Rec Loss=[0.03397], Eval Rec Loss=[0.03415], c=[0.50000], F=[0.82772, 0.81848, 0.93616, 0.96373], F_fuse=[0.01449, 0.00967, 0.00731, 0.00492]
[ INFO : 2026-08-11 22:46:10,179 ] - Epoch 24: train==[68.85426 = 1.48693 + 0.60387 + 10.74446 + 0.01263 + 0.00000 + 3.09086 + 884.94450]
[ INFO : 2026-08-11 22:46:17,396 ] - Test_@[5, 10, 20, 50]: Recall=[0.03703, 0.04845, 0.07357, 0.12480],  precision=[0.00741, 0.00485, 0.00368, 0.00250], hit=[0.03703, 0.04845, 0.07357, 0.12480], ndcg=[0.02734, 0.03097, 0.03718, 0.04722], Train Rec Loss=[0.03400], Eval Rec Loss=[0.03413], c=[0.50000], F=[0.82810, 0.81820, 0.93619, 0.96384], F_fuse=[0.01468, 0.00963, 0.00733, 0.00498]
[ INFO : 2026-08-11 22:47:26,607 ] - Epoch 25: train==[68.25508 = 1.47814 + 0.60387 + 10.34278 + 0.01291 + 0.00000 + 2.90187 + 884.94450]
[ INFO : 2026-08-11 22:47:33,862 ] - Test_@[5, 10, 20, 50]: Recall=[0.03752, 0.04943, 0.07455, 0.12675],  precision=[0.00750, 0.00494, 0.00373, 0.00254], hit=[0.03752, 0.04943, 0.07455, 0.12675], ndcg=[0.02781, 0.03164, 0.03786, 0.04809], Train Rec Loss=[0.03400], Eval Rec Loss=[0.03409], c=[0.50000], F=[0.82518, 0.81561, 0.93679, 0.96320], F_fuse=[0.01487, 0.00983, 0.00743, 0.00506]
[ INFO : 2026-08-11 22:48:43,428 ] - Epoch 26: train==[68.07016 = 1.46819 + 0.60387 + 10.34965 + 0.01304 + 0.00000 + 2.71989 + 884.94450]
[ INFO : 2026-08-11 22:48:50,715 ] - Test_@[5, 10, 20, 50]: Recall=[0.03703, 0.04861, 0.07341, 0.12561],  precision=[0.00741, 0.00486, 0.00367, 0.00251], hit=[0.03703, 0.04861, 0.07341, 0.12561], ndcg=[0.02735, 0.03104, 0.03717, 0.04740], Train Rec Loss=[0.03398], Eval Rec Loss=[0.03406], c=[0.50000], F=[0.83012, 0.81943, 0.93806, 0.96599], F_fuse=[0.01468, 0.00967, 0.00731, 0.00501]
[ INFO : 2026-08-11 22:50:00,096 ] - Epoch 27: train==[67.67204 = 1.45716 + 0.60388 + 10.11735 + 0.01315 + 0.00000 + 2.56499 + 884.94450]
[ INFO : 2026-08-11 22:50:07,304 ] - Test_@[5, 10, 20, 50]: Recall=[0.03736, 0.04878, 0.07341, 0.12790],  precision=[0.00747, 0.00488, 0.00367, 0.00256], hit=[0.03736, 0.04878, 0.07341, 0.12790], ndcg=[0.02757, 0.03123, 0.03734, 0.04801], Train Rec Loss=[0.03395], Eval Rec Loss=[0.03406], c=[0.50000], F=[0.83030, 0.81694, 0.93853, 0.96596], F_fuse=[0.01481, 0.00970, 0.00731, 0.00510]
[ INFO : 2026-08-11 22:51:16,857 ] - Epoch 28: train==[67.27992 = 1.44869 + 0.60387 + 9.88183 + 0.01331 + 0.00000 + 2.41671 + 884.94450]
[ INFO : 2026-08-11 22:51:24,112 ] - Test_@[5, 10, 20, 50]: Recall=[0.03736, 0.04861, 0.07325, 0.12659],  precision=[0.00747, 0.00486, 0.00366, 0.00253], hit=[0.03736, 0.04861, 0.07325, 0.12659], ndcg=[0.02753, 0.03111, 0.03720, 0.04765], Train Rec Loss=[0.03394], Eval Rec Loss=[0.03402], c=[0.50000], F=[0.83268, 0.81899, 0.93908, 0.96665], F_fuse=[0.01481, 0.00967, 0.00730, 0.00505]
[ INFO : 2026-08-11 22:52:33,790 ] - Epoch 29: train==[67.08114 = 1.43899 + 0.60388 + 9.82652 + 0.01337 + 0.00000 + 2.28287 + 884.94450]
[ INFO : 2026-08-11 22:52:40,905 ] - Test_@[5, 10, 20, 50]: Recall=[0.03736, 0.04894, 0.07276, 0.12741],  precision=[0.00747, 0.00489, 0.00364, 0.00255], hit=[0.03736, 0.04894, 0.07276, 0.12741], ndcg=[0.02768, 0.03137, 0.03727, 0.04798], Train Rec Loss=[0.03392], Eval Rec Loss=[0.03406], c=[0.50000], F=[0.83262, 0.81826, 0.93982, 0.96716], F_fuse=[0.01481, 0.00973, 0.00725, 0.00508]
[ INFO : 2026-08-11 22:53:49,807 ] - Epoch 30: train==[66.71860 = 1.42576 + 0.60387 + 9.59721 + 0.01322 + 0.00000 + 2.16303 + 884.94450]
[ INFO : 2026-08-11 22:53:57,069 ] - Test_@[5, 10, 20, 50]: Recall=[0.03736, 0.04894, 0.07259, 0.12790],  precision=[0.00747, 0.00489, 0.00363, 0.00256], hit=[0.03736, 0.04894, 0.07259, 0.12790], ndcg=[0.02760, 0.03129, 0.03715, 0.04799], Train Rec Loss=[0.03390], Eval Rec Loss=[0.03403], c=[0.50000], F=[0.83213, 0.81759, 0.94127, 0.96706], F_fuse=[0.01481, 0.00973, 0.00723, 0.00510]
[ INFO : 2026-08-11 22:55:06,964 ] - Epoch 31: train==[66.61648 = 1.41626 + 0.60387 + 9.61934 + 0.01329 + 0.00000 + 2.04820 + 884.94450]
[ INFO : 2026-08-11 22:55:14,203 ] - Test_@[5, 10, 20, 50]: Recall=[0.03736, 0.04910, 0.07276, 0.12936],  precision=[0.00747, 0.00491, 0.00364, 0.00259], hit=[0.03736, 0.04910, 0.07276, 0.12936], ndcg=[0.02753, 0.03128, 0.03715, 0.04825], Train Rec Loss=[0.03393], Eval Rec Loss=[0.03400], c=[0.50000], F=[0.83027, 0.81644, 0.94174, 0.96661], F_fuse=[0.01481, 0.00976, 0.00725, 0.00516]
[ INFO : 2026-08-11 22:56:23,865 ] - Epoch 32: train==[66.15922 = 1.40674 + 0.60387 + 9.27612 + 0.01331 + 0.00000 + 1.94368 + 884.94450]
[ INFO : 2026-08-11 22:56:31,112 ] - Test_@[5, 10, 20, 50]: Recall=[0.03768, 0.05024, 0.07553, 0.12985],  precision=[0.00754, 0.00502, 0.00378, 0.00260], hit=[0.03768, 0.05024, 0.07553, 0.12985], ndcg=[0.02825, 0.03228, 0.03851, 0.04913], Train Rec Loss=[0.03387], Eval Rec Loss=[0.03397], c=[0.50000], F=[0.82818, 0.81251, 0.94193, 0.96607], F_fuse=[0.01494, 0.00999, 0.00752, 0.00518]
[ INFO : 2026-08-11 22:57:40,703 ] - Epoch 33: train==[65.96100 = 1.39657 + 0.60387 + 9.17949 + 0.01334 + 0.00000 + 1.85222 + 884.94450]
[ INFO : 2026-08-11 22:57:47,864 ] - Test_@[5, 10, 20, 50]: Recall=[0.03752, 0.04812, 0.07145, 0.12855],  precision=[0.00750, 0.00481, 0.00357, 0.00257], hit=[0.03752, 0.04812, 0.07145, 0.12855], ndcg=[0.02743, 0.03081, 0.03662, 0.04783], Train Rec Loss=[0.03384], Eval Rec Loss=[0.03397], c=[0.50000], F=[0.83392, 0.81749, 0.94368, 0.96680], F_fuse=[0.01487, 0.00957, 0.00712, 0.00513]
[ INFO : 2026-08-11 22:58:57,450 ] - Epoch 34: train==[65.77665 = 1.38463 + 0.60387 + 9.09972 + 0.01348 + 0.00000 + 1.75944 + 884.94450]
[ INFO : 2026-08-11 22:59:04,708 ] - Test_@[5, 10, 20, 50]: Recall=[0.03752, 0.04829, 0.07178, 0.12790],  precision=[0.00750, 0.00483, 0.00359, 0.00256], hit=[0.03752, 0.04829, 0.07178, 0.12790], ndcg=[0.02750, 0.03095, 0.03679, 0.04783], Train Rec Loss=[0.03384], Eval Rec Loss=[0.03396], c=[0.50000], F=[0.83414, 0.81755, 0.94446, 0.96594], F_fuse=[0.01487, 0.00960, 0.00715, 0.00510]
[ INFO : 2026-08-11 23:00:13,747 ] - Epoch 35: train==[65.44950 = 1.39374 + 0.60387 + 8.84248 + 0.01334 + 0.00000 + 1.68057 + 884.94450]
[ INFO : 2026-08-11 23:00:20,923 ] - Test_@[5, 10, 20, 50]: Recall=[0.03752, 0.04927, 0.07243, 0.12887],  precision=[0.00750, 0.00493, 0.00362, 0.00258], hit=[0.03752, 0.04927, 0.07243, 0.12887], ndcg=[0.02738, 0.03112, 0.03686, 0.04795], Train Rec Loss=[0.03387], Eval Rec Loss=[0.03394], c=[0.50000], F=[0.83472, 0.81706, 0.94548, 0.96531], F_fuse=[0.01487, 0.00979, 0.00722, 0.00514]
[ INFO : 2026-08-11 23:01:30,251 ] - Epoch 36: train==[65.32818 = 1.36853 + 0.60388 + 8.82324 + 0.01334 + 0.00000 + 1.60369 + 884.94450]
[ INFO : 2026-08-11 23:01:37,364 ] - Test_@[5, 10, 20, 50]: Recall=[0.03768, 0.04910, 0.07243, 0.12871],  precision=[0.00754, 0.00491, 0.00362, 0.00257], hit=[0.03768, 0.04910, 0.07243, 0.12871], ndcg=[0.02755, 0.03118, 0.03697, 0.04803], Train Rec Loss=[0.03385], Eval Rec Loss=[0.03395], c=[0.50000], F=[0.83552, 0.81673, 0.94501, 0.96496], F_fuse=[0.01494, 0.00976, 0.00722, 0.00513]
[ INFO : 2026-08-11 23:02:47,220 ] - Epoch 37: train==[65.13253 = 1.35493 + 0.60387 + 8.71198 + 0.01325 + 0.00000 + 1.53299 + 884.94450]
[ INFO : 2026-08-11 23:02:54,527 ] - Test_@[5, 10, 20, 50]: Recall=[0.03719, 0.04845, 0.07162, 0.12790],  precision=[0.00744, 0.00485, 0.00358, 0.00256], hit=[0.03719, 0.04845, 0.07162, 0.12790], ndcg=[0.02723, 0.03082, 0.03656, 0.04762], Train Rec Loss=[0.03383], Eval Rec Loss=[0.03393], c=[0.50000], F=[0.83798, 0.81881, 0.94599, 0.96478], F_fuse=[0.01475, 0.00963, 0.00713, 0.00510]
[ INFO : 2026-08-11 23:04:04,223 ] - Epoch 38: train==[64.90972 = 1.35247 + 0.60387 + 8.55924 + 0.01335 + 0.00000 + 1.46528 + 884.94450]
[ INFO : 2026-08-11 23:04:11,533 ] - Test_@[5, 10, 20, 50]: Recall=[0.03785, 0.04943, 0.07227, 0.12871],  precision=[0.00757, 0.00494, 0.00361, 0.00257], hit=[0.03785, 0.04943, 0.07227, 0.12871], ndcg=[0.02788, 0.03158, 0.03723, 0.04833], Train Rec Loss=[0.03380], Eval Rec Loss=[0.03393], c=[0.50000], F=[0.83484, 0.81623, 0.94648, 0.96441], F_fuse=[0.01500, 0.00983, 0.00720, 0.00513]
[ INFO : 2026-08-11 23:05:21,039 ] - Epoch 39: train==[64.82705 = 1.34179 + 0.60388 + 8.54773 + 0.01343 + 0.00000 + 1.40471 + 884.94450]
[ INFO : 2026-08-11 23:05:28,316 ] - Test_@[5, 10, 20, 50]: Recall=[0.03817, 0.04959, 0.07341, 0.12855],  precision=[0.00763, 0.00496, 0.00367, 0.00257], hit=[0.03817, 0.04959, 0.07341, 0.12855], ndcg=[0.02847, 0.03212, 0.03802, 0.04889], Train Rec Loss=[0.03382], Eval Rec Loss=[0.03393], c=[0.50000], F=[0.83416, 0.81442, 0.94760, 0.96415], F_fuse=[0.01513, 0.00986, 0.00731, 0.00513]
[ INFO : 2026-08-11 23:06:37,122 ] - Epoch 40: train==[64.61203 = 1.33048 + 0.60387 + 8.40296 + 0.01345 + 0.00000 + 1.34576 + 884.94450]
[ INFO : 2026-08-11 23:06:44,268 ] - Test_@[5, 10, 20, 50]: Recall=[0.03752, 0.04878, 0.07243, 0.12806],  precision=[0.00750, 0.00488, 0.00362, 0.00256], hit=[0.03752, 0.04878, 0.07243, 0.12806], ndcg=[0.02772, 0.03132, 0.03717, 0.04809], Train Rec Loss=[0.03378], Eval Rec Loss=[0.03389], c=[0.50000], F=[0.83833, 0.81871, 0.94832, 0.96448], F_fuse=[0.01488, 0.00970, 0.00722, 0.00511]
[ INFO : 2026-08-11 23:07:53,706 ] - Epoch 41: train==[64.44101 = 1.31978 + 0.60388 + 8.29080 + 0.01341 + 0.00000 + 1.29764 + 884.94450]
[ INFO : 2026-08-11 23:08:00,929 ] - Test_@[5, 10, 20, 50]: Recall=[0.03752, 0.04845, 0.07162, 0.12855],  precision=[0.00750, 0.00485, 0.00358, 0.00257], hit=[0.03752, 0.04845, 0.07162, 0.12855], ndcg=[0.02752, 0.03102, 0.03677, 0.04797], Train Rec Loss=[0.03377], Eval Rec Loss=[0.03390], c=[0.50000], F=[0.83995, 0.81924, 0.94880, 0.96433], F_fuse=[0.01488, 0.00963, 0.00713, 0.00513]
[ INFO : 2026-08-11 23:09:10,442 ] - Epoch 42: train==[64.26662 = 1.31125 + 0.60387 + 8.18303 + 0.01334 + 0.00000 + 1.23962 + 884.94450]
[ INFO : 2026-08-11 23:09:17,620 ] - Test_@[5, 10, 20, 50]: Recall=[0.03817, 0.04943, 0.07308, 0.12822],  precision=[0.00763, 0.00494, 0.00365, 0.00256], hit=[0.03817, 0.04943, 0.07308, 0.12822], ndcg=[0.02803, 0.03161, 0.03749, 0.04836], Train Rec Loss=[0.03376], Eval Rec Loss=[0.03389], c=[0.50000], F=[0.83865, 0.81606, 0.94881, 0.96424], F_fuse=[0.01513, 0.00983, 0.00728, 0.00512]
[ INFO : 2026-08-11 23:10:27,117 ] - Epoch 43: train==[64.11974 = 1.29948 + 0.60387 + 8.09192 + 0.01338 + 0.00000 + 1.19558 + 884.94450]
[ INFO : 2026-08-11 23:10:34,226 ] - Test_@[5, 10, 20, 50]: Recall=[0.03785, 0.04878, 0.07194, 0.12790],  precision=[0.00757, 0.00488, 0.00360, 0.00256], hit=[0.03785, 0.04878, 0.07194, 0.12790], ndcg=[0.02781, 0.03128, 0.03701, 0.04802], Train Rec Loss=[0.03376], Eval Rec Loss=[0.03386], c=[0.50000], F=[0.84169, 0.82042, 0.95010, 0.96436], F_fuse=[0.01500, 0.00970, 0.00717, 0.00510]
[ INFO : 2026-08-11 23:11:43,546 ] - Epoch 44: train==[64.07768 = 1.29223 + 0.60387 + 8.10672 + 0.01317 + 0.00000 + 1.14619 + 884.94450]
[ INFO : 2026-08-11 23:11:50,724 ] - Test_@[5, 10, 20, 50]: Recall=[0.03817, 0.04910, 0.07259, 0.12871],  precision=[0.00763, 0.00491, 0.00363, 0.00257], hit=[0.03817, 0.04910, 0.07259, 0.12871], ndcg=[0.02794, 0.03140, 0.03723, 0.04827], Train Rec Loss=[0.03373], Eval Rec Loss=[0.03384], c=[0.50000], F=[0.84159, 0.81786, 0.95054, 0.96453], F_fuse=[0.01513, 0.00976, 0.00723, 0.00513]
[ INFO : 2026-08-11 23:13:00,085 ] - Epoch 45: train==[63.88560 = 1.28843 + 0.60387 + 7.95609 + 0.01308 + 0.00000 + 1.10862 + 884.94450]
[ INFO : 2026-08-11 23:13:07,221 ] - Test_@[5, 10, 20, 50]: Recall=[0.03817, 0.04845, 0.07243, 0.12806],  precision=[0.00763, 0.00485, 0.00362, 0.00256], hit=[0.03817, 0.04845, 0.07243, 0.12806], ndcg=[0.02784, 0.03110, 0.03707, 0.04803], Train Rec Loss=[0.03373], Eval Rec Loss=[0.03384], c=[0.50000], F=[0.84504, 0.81953, 0.95094, 0.96459], F_fuse=[0.01513, 0.00963, 0.00722, 0.00511]
[ INFO : 2026-08-11 23:14:16,285 ] - Epoch 46: train==[63.76158 = 1.27895 + 0.60387 + 7.88420 + 0.01294 + 0.00000 + 1.06611 + 884.94450]
[ INFO : 2026-08-11 23:14:23,585 ] - Test_@[5, 10, 20, 50]: Recall=[0.03768, 0.04910, 0.07308, 0.12822],  precision=[0.00754, 0.00491, 0.00365, 0.00256], hit=[0.03768, 0.04910, 0.07308, 0.12822], ndcg=[0.02769, 0.03132, 0.03726, 0.04811], Train Rec Loss=[0.03371], Eval Rec Loss=[0.03385], c=[0.50000], F=[0.84297, 0.81781, 0.95093, 0.96451], F_fuse=[0.01494, 0.00976, 0.00728, 0.00512]
[ INFO : 2026-08-11 23:15:32,503 ] - Epoch 47: train==[63.72843 = 1.27093 + 0.60387 + 7.90070 + 0.01289 + 0.00000 + 1.02452 + 884.94450]
[ INFO : 2026-08-11 23:15:39,763 ] - Test_@[5, 10, 20, 50]: Recall=[0.03785, 0.05008, 0.07455, 0.12936],  precision=[0.00757, 0.00501, 0.00373, 0.00259], hit=[0.03785, 0.05008, 0.07455, 0.12936], ndcg=[0.02780, 0.03170, 0.03775, 0.04852], Train Rec Loss=[0.03373], Eval Rec Loss=[0.03382], c=[0.50000], F=[0.84100, 0.81473, 0.95203, 0.96437], F_fuse=[0.01500, 0.00996, 0.00743, 0.00516]
[ INFO : 2026-08-11 23:16:49,652 ] - Epoch 48: train==[63.45640 = 1.26007 + 0.60388 + 7.67356 + 0.01285 + 0.00000 + 0.99053 + 884.94450]
[ INFO : 2026-08-11 23:16:56,875 ] - Test_@[5, 10, 20, 50]: Recall=[0.03834, 0.05008, 0.07488, 0.12936],  precision=[0.00767, 0.00501, 0.00374, 0.00259], hit=[0.03834, 0.05008, 0.07488, 0.12936], ndcg=[0.02837, 0.03210, 0.03823, 0.04893], Train Rec Loss=[0.03370], Eval Rec Loss=[0.03380], c=[0.50000], F=[0.83976, 0.81453, 0.95253, 0.96461], F_fuse=[0.01520, 0.00996, 0.00746, 0.00516]
[ INFO : 2026-08-11 23:18:06,061 ] - Epoch 49: train==[63.33306 = 1.25044 + 0.60387 + 7.59477 + 0.01283 + 0.00000 + 0.95563 + 884.94450]
[ INFO : 2026-08-11 23:18:13,232 ] - Test_@[5, 10, 20, 50]: Recall=[0.03801, 0.04992, 0.07341, 0.12822],  precision=[0.00760, 0.00499, 0.00367, 0.00256], hit=[0.03801, 0.04992, 0.07341, 0.12822], ndcg=[0.02772, 0.03146, 0.03727, 0.04808], Train Rec Loss=[0.03369], Eval Rec Loss=[0.03381], c=[0.50000], F=[0.84392, 0.81821, 0.95301, 0.96482], F_fuse=[0.01507, 0.00992, 0.00731, 0.00512]
[ INFO : 2026-08-11 23:19:22,560 ] - Epoch 50: train==[63.19249 = 1.24499 + 0.60387 + 7.49370 + 0.01276 + 0.00000 + 0.92166 + 884.94450]
[ INFO : 2026-08-11 23:19:29,637 ] - Test_@[5, 10, 20, 50]: Recall=[0.03752, 0.04812, 0.07276, 0.12643],  precision=[0.00750, 0.00481, 0.00364, 0.00253], hit=[0.03752, 0.04812, 0.07276, 0.12643], ndcg=[0.02748, 0.03083, 0.03695, 0.04754], Train Rec Loss=[0.03368], Eval Rec Loss=[0.03377], c=[0.50000], F=[0.85020, 0.82289, 0.95376, 0.96450], F_fuse=[0.01488, 0.00957, 0.00725, 0.00504]
[ INFO : 2026-08-11 23:20:38,731 ] - Epoch 51: train==[63.13130 = 1.23583 + 0.60388 + 7.47406 + 0.01274 + 0.00000 + 0.88929 + 884.94450]
[ INFO : 2026-08-11 23:20:45,856 ] - Test_@[5, 10, 20, 50]: Recall=[0.03883, 0.05041, 0.07651, 0.12920],  precision=[0.00777, 0.00504, 0.00383, 0.00258], hit=[0.03883, 0.05041, 0.07651, 0.12920], ndcg=[0.02836, 0.03204, 0.03850, 0.04885], Train Rec Loss=[0.03365], Eval Rec Loss=[0.03379], c=[0.50000], F=[0.83895, 0.81142, 0.95442, 0.96461], F_fuse=[0.01539, 0.01002, 0.00762, 0.00515]
[ INFO : 2026-08-11 23:21:55,994 ] - Epoch 52: train==[62.96671 = 1.23138 + 0.60387 + 7.34040 + 0.01264 + 0.00000 + 0.86291 + 884.94450]
[ INFO : 2026-08-11 23:22:03,168 ] - Test_@[5, 10, 20, 50]: Recall=[0.03817, 0.04992, 0.07374, 0.12855],  precision=[0.00763, 0.00499, 0.00369, 0.00257], hit=[0.03817, 0.04992, 0.07374, 0.12855], ndcg=[0.02847, 0.03216, 0.03803, 0.04883], Train Rec Loss=[0.03367], Eval Rec Loss=[0.03378], c=[0.50000], F=[0.84342, 0.81812, 0.95432, 0.96497], F_fuse=[0.01513, 0.00992, 0.00735, 0.00513]
[ INFO : 2026-08-11 23:23:12,924 ] - Epoch 53: train==[62.89471 = 1.22445 + 0.60388 + 7.30619 + 0.01256 + 0.00000 + 0.83213 + 884.94450]
[ INFO : 2026-08-11 23:23:20,094 ] - Test_@[5, 10, 20, 50]: Recall=[0.03834, 0.04992, 0.07455, 0.12855],  precision=[0.00767, 0.00499, 0.00373, 0.00257], hit=[0.03834, 0.04992, 0.07455, 0.12855], ndcg=[0.02813, 0.03176, 0.03784, 0.04846], Train Rec Loss=[0.03361], Eval Rec Loss=[0.03372], c=[0.50000], F=[0.84201, 0.81712, 0.95496, 0.96473], F_fuse=[0.01520, 0.00992, 0.00743, 0.00513]
[ INFO : 2026-08-11 23:24:29,235 ] - Epoch 54: train==[62.80815 = 1.21412 + 0.60388 + 7.25867 + 0.01238 + 0.00000 + 0.80360 + 884.94450]
[ INFO : 2026-08-11 23:24:36,317 ] - Test_@[5, 10, 20, 50]: Recall=[0.03768, 0.04829, 0.07292, 0.12577],  precision=[0.00754, 0.00483, 0.00365, 0.00252], hit=[0.03768, 0.04829, 0.07292, 0.12577], ndcg=[0.02768, 0.03102, 0.03712, 0.04757], Train Rec Loss=[0.03366], Eval Rec Loss=[0.03373], c=[0.50000], F=[0.84828, 0.82259, 0.95476, 0.96449], F_fuse=[0.01494, 0.00960, 0.00726, 0.00502]
[ INFO : 2026-08-11 23:25:45,537 ] - Epoch 55: train==[62.77791 = 1.20771 + 0.60388 + 7.26030 + 0.01238 + 0.00000 + 0.77814 + 884.94450]
[ INFO : 2026-08-11 23:25:52,801 ] - Test_@[5, 10, 20, 50]: Recall=[0.03719, 0.04780, 0.07243, 0.12594],  precision=[0.00744, 0.00478, 0.00362, 0.00252], hit=[0.03719, 0.04780, 0.07243, 0.12594], ndcg=[0.02716, 0.03051, 0.03664, 0.04721], Train Rec Loss=[0.03363], Eval Rec Loss=[0.03372], c=[0.50000], F=[0.84991, 0.82551, 0.95540, 0.96456], F_fuse=[0.01475, 0.00950, 0.00722, 0.00502]
[ INFO : 2026-08-11 23:27:02,173 ] - Epoch 56: train==[62.45097 = 1.19455 + 0.60389 + 6.96945 + 0.01232 + 0.00000 + 0.75525 + 884.94450]
[ INFO : 2026-08-11 23:27:09,401 ] - Test_@[5, 10, 20, 50]: Recall=[0.03785, 0.04959, 0.07357, 0.12724],  precision=[0.00757, 0.00496, 0.00368, 0.00254], hit=[0.03785, 0.04959, 0.07357, 0.12724], ndcg=[0.02755, 0.03123, 0.03715, 0.04776], Train Rec Loss=[0.03362], Eval Rec Loss=[0.03374], c=[0.50000], F=[0.84625, 0.82055, 0.95516, 0.96445], F_fuse=[0.01500, 0.00986, 0.00733, 0.00508]
[ INFO : 2026-08-11 23:28:19,445 ] - Epoch 57: train==[62.53909 = 1.18623 + 0.60388 + 7.08897 + 0.01239 + 0.00000 + 0.73211 + 884.94450]
[ INFO : 2026-08-11 23:28:26,659 ] - Test_@[5, 10, 20, 50]: Recall=[0.03883, 0.04992, 0.07635, 0.13083],  precision=[0.00777, 0.00499, 0.00382, 0.00262], hit=[0.03883, 0.04992, 0.07635, 0.13083], ndcg=[0.02817, 0.03171, 0.03825, 0.04894], Train Rec Loss=[0.03359], Eval Rec Loss=[0.03372], c=[0.50000], F=[0.83858, 0.81184, 0.95591, 0.96427], F_fuse=[0.01539, 0.00992, 0.00760, 0.00522]
[ INFO : 2026-08-11 23:29:36,743 ] - Epoch 58: train==[62.52679 = 1.18768 + 0.60388 + 7.10090 + 0.01222 + 0.00000 + 0.70661 + 884.94450]
[ INFO : 2026-08-11 23:29:44,033 ] - Test_@[5, 10, 20, 50]: Recall=[0.03834, 0.04959, 0.07537, 0.12822],  precision=[0.00767, 0.00496, 0.00377, 0.00256], hit=[0.03834, 0.04959, 0.07537, 0.12822], ndcg=[0.02810, 0.03164, 0.03799, 0.04839], Train Rec Loss=[0.03360], Eval Rec Loss=[0.03371], c=[0.50000], F=[0.84453, 0.81738, 0.95607, 0.96509], F_fuse=[0.01520, 0.00986, 0.00751, 0.00512]
[ INFO : 2026-08-11 23:30:53,709 ] - Epoch 59: train==[62.29212 = 1.18352 + 0.60388 + 6.88842 + 0.01217 + 0.00000 + 0.68862 + 884.94450]
[ INFO : 2026-08-11 23:31:00,881 ] - Test_@[5, 10, 20, 50]: Recall=[0.03883, 0.05008, 0.07586, 0.12969],  precision=[0.00777, 0.00501, 0.00379, 0.00259], hit=[0.03883, 0.05008, 0.07586, 0.12969], ndcg=[0.02820, 0.03175, 0.03811, 0.04871], Train Rec Loss=[0.03359], Eval Rec Loss=[0.03371], c=[0.50000], F=[0.84137, 0.81418, 0.95637, 0.96456], F_fuse=[0.01539, 0.00996, 0.00756, 0.00517]
[ INFO : 2026-08-11 23:32:10,459 ] - Epoch 60: train==[62.35753 = 1.16572 + 0.60389 + 6.99857 + 0.01204 + 0.00000 + 0.66182 + 884.94450]
[ INFO : 2026-08-11 23:32:17,726 ] - Test_@[5, 10, 20, 50]: Recall=[0.03768, 0.04927, 0.07439, 0.12643],  precision=[0.00754, 0.00493, 0.00372, 0.00253], hit=[0.03768, 0.04927, 0.07439, 0.12643], ndcg=[0.02712, 0.03076, 0.03697, 0.04726], Train Rec Loss=[0.03358], Eval Rec Loss=[0.03370], c=[0.50000], F=[0.84858, 0.82346, 0.95622, 0.96465], F_fuse=[0.01494, 0.00979, 0.00741, 0.00504]
[ INFO : 2026-08-11 23:33:27,001 ] - Epoch 61: train==[62.07580 = 1.16195 + 0.60388 + 6.74000 + 0.01185 + 0.00000 + 0.64262 + 884.94450]
[ INFO : 2026-08-11 23:33:34,141 ] - Test_@[5, 10, 20, 50]: Recall=[0.03850, 0.04976, 0.07553, 0.12838],  precision=[0.00770, 0.00498, 0.00378, 0.00257], hit=[0.03850, 0.04976, 0.07553, 0.12838], ndcg=[0.02783, 0.03138, 0.03774, 0.04817], Train Rec Loss=[0.03357], Eval Rec Loss=[0.03368], c=[0.50000], F=[0.84580, 0.81923, 0.95668, 0.96489], F_fuse=[0.01526, 0.00989, 0.00752, 0.00512]
[ INFO : 2026-08-11 23:34:43,851 ] - Epoch 62: train==[62.03275 = 1.15452 + 0.60387 + 6.72599 + 0.01178 + 0.00000 + 0.62108 + 884.94450]
[ INFO : 2026-08-11 23:34:51,086 ] - Test_@[5, 10, 20, 50]: Recall=[0.03899, 0.05008, 0.07651, 0.13197],  precision=[0.00780, 0.00501, 0.00383, 0.00264], hit=[0.03899, 0.05008, 0.07651, 0.13197], ndcg=[0.02827, 0.03178, 0.03832, 0.04920], Train Rec Loss=[0.03356], Eval Rec Loss=[0.03368], c=[0.50000], F=[0.84207, 0.81563, 0.95683, 0.96488], F_fuse=[0.01545, 0.00996, 0.00762, 0.00526]
[ INFO : 2026-08-11 23:36:00,953 ] - Epoch 63: train==[61.98063 = 1.14708 + 0.60388 + 6.70437 + 0.01175 + 0.00000 + 0.59806 + 884.94450]
[ INFO : 2026-08-11 23:36:08,162 ] - Test_@[5, 10, 20, 50]: Recall=[0.03899, 0.05024, 0.07749, 0.13295],  precision=[0.00780, 0.00502, 0.00387, 0.00266], hit=[0.03899, 0.05024, 0.07749, 0.13295], ndcg=[0.02835, 0.03192, 0.03865, 0.04950], Train Rec Loss=[0.03356], Eval Rec Loss=[0.03365], c=[0.50000], F=[0.83703, 0.81188, 0.95679, 0.96477], F_fuse=[0.01545, 0.00999, 0.00772, 0.00530]
[ INFO : 2026-08-11 23:37:18,210 ] - Epoch 64: train==[61.92021 = 1.13889 + 0.60388 + 6.66457 + 0.01177 + 0.00000 + 0.58560 + 884.94450]
[ INFO : 2026-08-11 23:37:25,505 ] - Test_@[5, 10, 20, 50]: Recall=[0.03915, 0.05024, 0.07847, 0.13361],  precision=[0.00783, 0.00502, 0.00392, 0.00267], hit=[0.03915, 0.05024, 0.07847, 0.13361], ndcg=[0.02861, 0.03216, 0.03917, 0.04995], Train Rec Loss=[0.03353], Eval Rec Loss=[0.03366], c=[0.50000], F=[0.83493, 0.80855, 0.95714, 0.96432], F_fuse=[0.01552, 0.00999, 0.00781, 0.00533]
[ INFO : 2026-08-11 23:38:36,001 ] - Epoch 65: train==[61.93784 = 1.13336 + 0.60388 + 6.70868 + 0.01154 + 0.00000 + 0.56487 + 884.94450]
[ INFO : 2026-08-11 23:38:43,142 ] - Test_@[5, 10, 20, 50]: Recall=[0.03866, 0.04959, 0.07651, 0.13002],  precision=[0.00773, 0.00496, 0.00383, 0.00260], hit=[0.03866, 0.04959, 0.07651, 0.13002], ndcg=[0.02779, 0.03124, 0.03790, 0.04843], Train Rec Loss=[0.03353], Eval Rec Loss=[0.03362], c=[0.50000], F=[0.84358, 0.81863, 0.95728, 0.96507], F_fuse=[0.01532, 0.00986, 0.00762, 0.00519]
[ INFO : 2026-08-11 23:39:52,465 ] - Epoch 66: train==[61.73792 = 1.12540 + 0.60388 + 6.53730 + 0.01146 + 0.00000 + 0.54437 + 884.94450]
[ INFO : 2026-08-11 23:39:59,629 ] - Test_@[5, 10, 20, 50]: Recall=[0.03866, 0.05024, 0.07684, 0.13181],  precision=[0.00773, 0.00502, 0.00384, 0.00264], hit=[0.03866, 0.05024, 0.07684, 0.13181], ndcg=[0.02809, 0.03177, 0.03836, 0.04916], Train Rec Loss=[0.03352], Eval Rec Loss=[0.03360], c=[0.50000], F=[0.84073, 0.81501, 0.95721, 0.96452], F_fuse=[0.01532, 0.00999, 0.00765, 0.00526]
[ INFO : 2026-08-11 23:41:08,708 ] - Epoch 67: train==[61.66157 = 1.13168 + 0.60388 + 6.47176 + 0.01145 + 0.00000 + 0.52729 + 884.94450]
[ INFO : 2026-08-11 23:41:15,814 ] - Test_@[5, 10, 20, 50]: Recall=[0.03850, 0.04992, 0.07618, 0.12985],  precision=[0.00770, 0.00499, 0.00381, 0.00260], hit=[0.03850, 0.04992, 0.07618, 0.12985], ndcg=[0.02759, 0.03118, 0.03768, 0.04825], Train Rec Loss=[0.03350], Eval Rec Loss=[0.03363], c=[0.50000], F=[0.84924, 0.82221, 0.95731, 0.96478], F_fuse=[0.01526, 0.00992, 0.00759, 0.00518]
[ INFO : 2026-08-11 23:42:24,397 ] - Epoch 68: train==[61.51145 = 1.11855 + 0.60388 + 6.35054 + 0.01133 + 0.00000 + 0.51165 + 884.94450]
[ INFO : 2026-08-11 23:42:31,485 ] - Test_@[5, 10, 20, 50]: Recall=[0.03817, 0.05041, 0.07716, 0.13197],  precision=[0.00763, 0.00504, 0.00386, 0.00264], hit=[0.03817, 0.05041, 0.07716, 0.13197], ndcg=[0.02797, 0.03187, 0.03851, 0.04926], Train Rec Loss=[0.03353], Eval Rec Loss=[0.03364], c=[0.50000], F=[0.84795, 0.81821, 0.95756, 0.96451], F_fuse=[0.01513, 0.01002, 0.00769, 0.00526]
[ INFO : 2026-08-11 23:43:39,823 ] - Epoch 69: train==[61.43503 = 1.11024 + 0.60388 + 6.29735 + 0.01130 + 0.00000 + 0.49675 + 884.94450]
[ INFO : 2026-08-11 23:43:46,945 ] - Test_@[5, 10, 20, 50]: Recall=[0.03834, 0.05090, 0.07814, 0.13295],  precision=[0.00767, 0.00509, 0.00391, 0.00266], hit=[0.03834, 0.05090, 0.07814, 0.13295], ndcg=[0.02804, 0.03206, 0.03882, 0.04957], Train Rec Loss=[0.03352], Eval Rec Loss=[0.03362], c=[0.50000], F=[0.84301, 0.81526, 0.95709, 0.96451], F_fuse=[0.01520, 0.01012, 0.00778, 0.00530]
[ INFO : 2026-08-11 23:44:55,219 ] - Epoch 70: train==[61.42415 = 1.09915 + 0.60388 + 6.31843 + 0.01140 + 0.00000 + 0.47578 + 884.94450]
[ INFO : 2026-08-11 23:45:02,347 ] - Test_@[5, 10, 20, 50]: Recall=[0.03883, 0.05139, 0.07798, 0.13263],  precision=[0.00777, 0.00514, 0.00390, 0.00265], hit=[0.03883, 0.05139, 0.07798, 0.13263], ndcg=[0.02837, 0.03237, 0.03900, 0.04974], Train Rec Loss=[0.03351], Eval Rec Loss=[0.03360], c=[0.50000], F=[0.84049, 0.81590, 0.95646, 0.96441], F_fuse=[0.01539, 0.01021, 0.00777, 0.00529]
[ INFO : 2026-08-11 23:46:10,528 ] - Epoch 71: train==[61.31719 = 1.09296 + 0.60388 + 6.23074 + 0.01135 + 0.00000 + 0.46275 + 884.94450]
[ INFO : 2026-08-11 23:46:17,613 ] - Test_@[5, 10, 20, 50]: Recall=[0.03850, 0.05122, 0.07667, 0.13197],  precision=[0.00770, 0.00512, 0.00383, 0.00264], hit=[0.03850, 0.05122, 0.07667, 0.13197], ndcg=[0.02739, 0.03145, 0.03776, 0.04865], Train Rec Loss=[0.03349], Eval Rec Loss=[0.03360], c=[0.50000], F=[0.84566, 0.82100, 0.95674, 0.96464], F_fuse=[0.01526, 0.01018, 0.00764, 0.00526]
[ INFO : 2026-08-11 23:47:26,591 ] - Epoch 72: train==[61.19221 = 1.08678 + 0.60389 + 6.12544 + 0.01144 + 0.00000 + 0.44915 + 884.94450]
[ INFO : 2026-08-11 23:47:33,725 ] - Test_@[5, 10, 20, 50]: Recall=[0.03834, 0.05024, 0.07618, 0.12985],  precision=[0.00767, 0.00502, 0.00381, 0.00260], hit=[0.03834, 0.05024, 0.07618, 0.12985], ndcg=[0.02754, 0.03132, 0.03778, 0.04836], Train Rec Loss=[0.03350], Eval Rec Loss=[0.03358], c=[0.50000], F=[0.84873, 0.82451, 0.95647, 0.96437], F_fuse=[0.01520, 0.00999, 0.00759, 0.00518]
[ INFO : 2026-08-11 23:48:42,182 ] - Epoch 73: train==[61.13878 = 1.08575 + 0.60388 + 6.08964 + 0.01147 + 0.00000 + 0.43253 + 884.94450]
[ INFO : 2026-08-11 23:48:49,315 ] - Test_@[5, 10, 20, 50]: Recall=[0.03866, 0.05090, 0.07749, 0.13181],  precision=[0.00773, 0.00509, 0.00387, 0.00264], hit=[0.03866, 0.05090, 0.07749, 0.13181], ndcg=[0.02782, 0.03172, 0.03833, 0.04900], Train Rec Loss=[0.03349], Eval Rec Loss=[0.03361], c=[0.50000], F=[0.84769, 0.82324, 0.95659, 0.96428], F_fuse=[0.01533, 0.01012, 0.00772, 0.00526]
[ INFO : 2026-08-11 23:49:57,807 ] - Epoch 74: train==[61.01733 = 1.07507 + 0.60389 + 5.98924 + 0.01148 + 0.00000 + 0.42214 + 884.94450]
[ INFO : 2026-08-11 23:50:04,941 ] - Test_@[5, 10, 20, 50]: Recall=[0.03801, 0.04992, 0.07602, 0.13018],  precision=[0.00760, 0.00499, 0.00380, 0.00260], hit=[0.03801, 0.04992, 0.07602, 0.13018], ndcg=[0.02719, 0.03098, 0.03750, 0.04818], Train Rec Loss=[0.03350], Eval Rec Loss=[0.03357], c=[0.50000], F=[0.85074, 0.82697, 0.95716, 0.96472], F_fuse=[0.01507, 0.00992, 0.00757, 0.00519]
[ INFO : 2026-08-11 23:51:13,464 ] - Epoch 75: train==[60.96498 = 1.06829 + 0.60388 + 5.96050 + 0.01157 + 0.00000 + 0.40524 + 884.94450]
[ INFO : 2026-08-11 23:51:20,594 ] - Test_@[5, 10, 20, 50]: Recall=[0.03866, 0.05073, 0.07781, 0.13148],  precision=[0.00773, 0.00507, 0.00389, 0.00263], hit=[0.03866, 0.05073, 0.07781, 0.13148], ndcg=[0.02762, 0.03146, 0.03819, 0.04876], Train Rec Loss=[0.03346], Eval Rec Loss=[0.03357], c=[0.50000], F=[0.84249, 0.82188, 0.95665, 0.96467], F_fuse=[0.01532, 0.01008, 0.00775, 0.00525]
[ INFO : 2026-08-11 23:52:28,923 ] - Epoch 76: train==[60.94679 = 1.06724 + 0.60389 + 5.95513 + 0.01152 + 0.00000 + 0.39351 + 884.94450]
[ INFO : 2026-08-11 23:52:36,055 ] - Test_@[5, 10, 20, 50]: Recall=[0.03817, 0.05090, 0.07814, 0.13263],  precision=[0.00763, 0.00509, 0.00391, 0.00265], hit=[0.03817, 0.05090, 0.07814, 0.13263], ndcg=[0.02744, 0.03153, 0.03832, 0.04904], Train Rec Loss=[0.03344], Eval Rec Loss=[0.03356], c=[0.50000], F=[0.84928, 0.82202, 0.95691, 0.96421], F_fuse=[0.01513, 0.01012, 0.00778, 0.00529]
[ INFO : 2026-08-11 23:53:44,607 ] - Epoch 77: train==[60.88642 = 1.05946 + 0.60388 + 5.91554 + 0.01148 + 0.00000 + 0.38055 + 884.94450]
[ INFO : 2026-08-11 23:53:51,766 ] - Test_@[5, 10, 20, 50]: Recall=[0.03866, 0.05237, 0.07847, 0.13442],  precision=[0.00773, 0.00524, 0.00392, 0.00269], hit=[0.03866, 0.05237, 0.07847, 0.13442], ndcg=[0.02805, 0.03243, 0.03893, 0.04991], Train Rec Loss=[0.03344], Eval Rec Loss=[0.03357], c=[0.50000], F=[0.84183, 0.81897, 0.95609, 0.96410], F_fuse=[0.01532, 0.01041, 0.00781, 0.00536]
[ INFO : 2026-08-11 23:55:00,381 ] - Epoch 78: train==[60.79613 = 1.05141 + 0.60388 + 5.84322 + 0.01134 + 0.00000 + 0.37077 + 884.94450]
[ INFO : 2026-08-11 23:55:07,524 ] - Test_@[5, 10, 20, 50]: Recall=[0.03866, 0.05106, 0.07765, 0.13230],  precision=[0.00773, 0.00511, 0.00388, 0.00265], hit=[0.03866, 0.05106, 0.07765, 0.13230], ndcg=[0.02747, 0.03142, 0.03802, 0.04877], Train Rec Loss=[0.03345], Eval Rec Loss=[0.03358], c=[0.50000], F=[0.84826, 0.82577, 0.95623, 0.96429], F_fuse=[0.01533, 0.01015, 0.00773, 0.00528]
[ INFO : 2026-08-11 23:56:15,139 ] - Epoch 79: train==[60.64672 = 1.04537 + 0.60388 + 5.71283 + 0.01137 + 0.00000 + 0.35776 + 884.94450]
[ INFO : 2026-08-11 23:56:22,212 ] - Test_@[5, 10, 20, 50]: Recall=[0.03866, 0.05090, 0.07847, 0.13246],  precision=[0.00773, 0.00509, 0.00392, 0.00265], hit=[0.03866, 0.05090, 0.07847, 0.13246], ndcg=[0.02803, 0.03194, 0.03879, 0.04940], Train Rec Loss=[0.03344], Eval Rec Loss=[0.03355], c=[0.50000], F=[0.84835, 0.82484, 0.95644, 0.96438], F_fuse=[0.01533, 0.01012, 0.00781, 0.00528]
[ INFO : 2026-08-11 23:57:30,597 ] - Epoch 80: train==[60.68865 = 1.04140 + 0.60388 + 5.77008 + 0.01132 + 0.00000 + 0.34645 + 884.94450]
[ INFO : 2026-08-11 23:57:37,824 ] - Test_@[5, 10, 20, 50]: Recall=[0.03834, 0.05285, 0.07896, 0.13475],  precision=[0.00767, 0.00529, 0.00395, 0.00269], hit=[0.03834, 0.05285, 0.07896, 0.13475], ndcg=[0.02773, 0.03240, 0.03889, 0.04984], Train Rec Loss=[0.03343], Eval Rec Loss=[0.03353], c=[0.50000], F=[0.84555, 0.82194, 0.95561, 0.96346], F_fuse=[0.01520, 0.01050, 0.00786, 0.00537]
[ INFO : 2026-08-11 23:58:46,549 ] - Epoch 81: train==[60.69262 = 1.03621 + 0.60388 + 5.79121 + 0.01124 + 0.00000 + 0.33459 + 884.94450]
[ INFO : 2026-08-11 23:58:53,695 ] - Test_@[5, 10, 20, 50]: Recall=[0.03866, 0.05204, 0.07863, 0.13377],  precision=[0.00773, 0.00520, 0.00393, 0.00268], hit=[0.03866, 0.05204, 0.07863, 0.13377], ndcg=[0.02763, 0.03191, 0.03854, 0.04938], Train Rec Loss=[0.03343], Eval Rec Loss=[0.03352], c=[0.50000], F=[0.84535, 0.82558, 0.95546, 0.96411], F_fuse=[0.01532, 0.01034, 0.00783, 0.00534]
[ INFO : 2026-08-12 00:00:01,922 ] - Epoch 82: train==[60.52559 = 1.02943 + 0.60388 + 5.64002 + 0.01122 + 0.00000 + 0.32552 + 884.94450]
[ INFO : 2026-08-12 00:00:09,004 ] - Test_@[5, 10, 20, 50]: Recall=[0.03752, 0.05122, 0.07798, 0.13165],  precision=[0.00750, 0.00512, 0.00390, 0.00263], hit=[0.03752, 0.05122, 0.07798, 0.13165], ndcg=[0.02632, 0.03072, 0.03741, 0.04795], Train Rec Loss=[0.03342], Eval Rec Loss=[0.03353], c=[0.50000], F=[0.85100, 0.83389, 0.95513, 0.96469], F_fuse=[0.01488, 0.01018, 0.00777, 0.00525]
[ INFO : 2026-08-12 00:01:17,966 ] - Epoch 83: train==[60.54024 = 1.03012 + 0.60388 + 5.66642 + 0.01120 + 0.00000 + 0.31312 + 884.94450]
[ INFO : 2026-08-12 00:01:25,098 ] - Test_@[5, 10, 20, 50]: Recall=[0.03736, 0.04992, 0.07716, 0.12985],  precision=[0.00747, 0.00499, 0.00386, 0.00260], hit=[0.03736, 0.04992, 0.07716, 0.12985], ndcg=[0.02659, 0.03066, 0.03751, 0.04790], Train Rec Loss=[0.03340], Eval Rec Loss=[0.03352], c=[0.50000], F=[0.85349, 0.83757, 0.95600, 0.96488], F_fuse=[0.01481, 0.00992, 0.00769, 0.00518]
[ INFO : 2026-08-12 00:02:33,677 ] - Epoch 84: train==[60.42331 = 1.02111 + 0.60389 + 5.56344 + 0.01111 + 0.00000 + 0.30825 + 884.94450]
[ INFO : 2026-08-12 00:02:40,827 ] - Test_@[5, 10, 20, 50]: Recall=[0.03866, 0.05204, 0.07945, 0.13409],  precision=[0.00773, 0.00520, 0.00397, 0.00268], hit=[0.03866, 0.05204, 0.07945, 0.13409], ndcg=[0.02741, 0.03169, 0.03853, 0.04926], Train Rec Loss=[0.03341], Eval Rec Loss=[0.03352], c=[0.50000], F=[0.84992, 0.82923, 0.95619, 0.96451], F_fuse=[0.01533, 0.01034, 0.00791, 0.00535]
[ INFO : 2026-08-12 00:03:49,993 ] - Epoch 85: train==[60.29251 = 1.01554 + 0.60389 + 5.44888 + 0.01115 + 0.00000 + 0.29754 + 884.94450]
[ INFO : 2026-08-12 00:03:57,143 ] - Test_@[5, 10, 20, 50]: Recall=[0.03850, 0.05204, 0.07879, 0.13344],  precision=[0.00770, 0.00520, 0.00394, 0.00267], hit=[0.03850, 0.05204, 0.07879, 0.13344], ndcg=[0.02750, 0.03182, 0.03851, 0.04922], Train Rec Loss=[0.03341], Eval Rec Loss=[0.03352], c=[0.50000], F=[0.85254, 0.83635, 0.95491, 0.96472], F_fuse=[0.01526, 0.01034, 0.00785, 0.00532]
[ INFO : 2026-08-12 00:05:05,670 ] - Epoch 86: train==[60.34045 = 1.01038 + 0.60388 + 5.51427 + 0.01105 + 0.00000 + 0.28537 + 884.94450]
[ INFO : 2026-08-12 00:05:12,818 ] - Test_@[5, 10, 20, 50]: Recall=[0.03883, 0.05237, 0.07912, 0.13361],  precision=[0.00777, 0.00524, 0.00396, 0.00267], hit=[0.03883, 0.05237, 0.07912, 0.13361], ndcg=[0.02739, 0.03174, 0.03843, 0.04917], Train Rec Loss=[0.03338], Eval Rec Loss=[0.03350], c=[0.50000], F=[0.85251, 0.82971, 0.95566, 0.96393], F_fuse=[0.01539, 0.01041, 0.00788, 0.00533]
[ INFO : 2026-08-12 00:06:21,574 ] - Epoch 87: train==[60.26701 = 1.00284 + 0.60388 + 5.45257 + 0.01097 + 0.00000 + 0.28124 + 884.94450]
[ INFO : 2026-08-12 00:06:28,714 ] - Test_@[5, 10, 20, 50]: Recall=[0.03752, 0.05171, 0.07863, 0.13214],  precision=[0.00750, 0.00517, 0.00393, 0.00264], hit=[0.03752, 0.05171, 0.07863, 0.13214], ndcg=[0.02625, 0.03082, 0.03756, 0.04808], Train Rec Loss=[0.03336], Eval Rec Loss=[0.03349], c=[0.50000], F=[0.85350, 0.83919, 0.95482, 0.96437], F_fuse=[0.01488, 0.01028, 0.00783, 0.00527]
[ INFO : 2026-08-12 00:07:37,623 ] - Epoch 88: train==[60.17649 = 1.00025 + 0.60389 + 5.37656 + 0.01093 + 0.00000 + 0.26937 + 884.94450]
[ INFO : 2026-08-12 00:07:44,776 ] - Test_@[5, 10, 20, 50]: Recall=[0.03866, 0.05188, 0.07945, 0.13344],  precision=[0.00773, 0.00519, 0.00397, 0.00267], hit=[0.03866, 0.05188, 0.07945, 0.13344], ndcg=[0.02735, 0.03159, 0.03851, 0.04911], Train Rec Loss=[0.03338], Eval Rec Loss=[0.03348], c=[0.50000], F=[0.85281, 0.83687, 0.95480, 0.96429], F_fuse=[0.01533, 0.01031, 0.00791, 0.00532]
[ INFO : 2026-08-12 00:08:53,909 ] - Epoch 89: train==[60.20578 = 0.99210 + 0.60389 + 5.42259 + 0.01095 + 0.00000 + 0.26074 + 884.94450]
[ INFO : 2026-08-12 00:09:01,061 ] - Test_@[5, 10, 20, 50]: Recall=[0.03834, 0.05188, 0.07896, 0.13409],  precision=[0.00767, 0.00519, 0.00395, 0.00268], hit=[0.03834, 0.05188, 0.07896, 0.13409], ndcg=[0.02675, 0.03110, 0.03788, 0.04871], Train Rec Loss=[0.03338], Eval Rec Loss=[0.03350], c=[0.50000], F=[0.85524, 0.83955, 0.95500, 0.96476], F_fuse=[0.01520, 0.01031, 0.00786, 0.00535]
[ INFO : 2026-08-12 00:10:09,911 ] - Epoch 90: train==[60.06953 = 0.98655 + 0.60388 + 5.29957 + 0.01096 + 0.00000 + 0.25306 + 884.94450]
[ INFO : 2026-08-12 00:10:16,991 ] - Test_@[5, 10, 20, 50]: Recall=[0.03948, 0.05383, 0.08124, 0.13638],  precision=[0.00790, 0.00538, 0.00406, 0.00273], hit=[0.03948, 0.05383, 0.08124, 0.13638], ndcg=[0.02801, 0.03260, 0.03943, 0.05027], Train Rec Loss=[0.03337], Eval Rec Loss=[0.03349], c=[0.50000], F=[0.84977, 0.83308, 0.95378, 0.96344], F_fuse=[0.01565, 0.01070, 0.00809, 0.00544]
[ INFO : 2026-08-12 00:11:25,638 ] - Epoch 91: train==[60.00873 = 0.98349 + 0.60389 + 5.25007 + 0.01094 + 0.00000 + 0.24484 + 884.94450]
[ INFO : 2026-08-12 00:11:32,770 ] - Test_@[5, 10, 20, 50]: Recall=[0.03670, 0.05204, 0.07945, 0.13377],  precision=[0.00734, 0.00520, 0.00397, 0.00268], hit=[0.03670, 0.05204, 0.07945, 0.13377], ndcg=[0.02606, 0.03100, 0.03786, 0.04852], Train Rec Loss=[0.03339], Eval Rec Loss=[0.03349], c=[0.50000], F=[0.85613, 0.84589, 0.95443, 0.96486], F_fuse=[0.01456, 0.01034, 0.00791, 0.00534]
[ INFO : 2026-08-12 00:12:41,125 ] - Epoch 92: train==[59.91592 = 0.98034 + 0.60388 + 5.16723 + 0.01097 + 0.00000 + 0.23799 + 884.94450]
[ INFO : 2026-08-12 00:12:48,253 ] - Test_@[5, 10, 20, 50]: Recall=[0.03801, 0.05188, 0.07961, 0.13442],  precision=[0.00760, 0.00519, 0.00398, 0.00269], hit=[0.03801, 0.05188, 0.07961, 0.13442], ndcg=[0.02695, 0.03143, 0.03840, 0.04918], Train Rec Loss=[0.03336], Eval Rec Loss=[0.03348], c=[0.50000], F=[0.85081, 0.84170, 0.95372, 0.96440], F_fuse=[0.01507, 0.01031, 0.00793, 0.00536]
[ INFO : 2026-08-12 00:13:56,369 ] - Epoch 93: train==[59.83946 = 0.97256 + 0.60390 + 5.10421 + 0.01103 + 0.00000 + 0.23225 + 884.94450]
[ INFO : 2026-08-12 00:14:03,443 ] - Test_@[5, 10, 20, 50]: Recall=[0.03817, 0.05188, 0.08075, 0.13491],  precision=[0.00763, 0.00519, 0.00404, 0.00270], hit=[0.03817, 0.05188, 0.08075, 0.13491], ndcg=[0.02672, 0.03116, 0.03840, 0.04900], Train Rec Loss=[0.03334], Eval Rec Loss=[0.03346], c=[0.50000], F=[0.85719, 0.84591, 0.95387, 0.96469], F_fuse=[0.01513, 0.01031, 0.00804, 0.00538]
[ INFO : 2026-08-12 00:15:12,165 ] - Epoch 94: train==[59.84494 = 0.97418 + 0.60390 + 5.11569 + 0.01100 + 0.00000 + 0.22467 + 884.94450]
[ INFO : 2026-08-12 00:15:19,305 ] - Test_@[5, 10, 20, 50]: Recall=[0.03719, 0.05155, 0.08140, 0.13491],  precision=[0.00744, 0.00515, 0.00407, 0.00270], hit=[0.03719, 0.05155, 0.08140, 0.13491], ndcg=[0.02670, 0.03138, 0.03885, 0.04932], Train Rec Loss=[0.03334], Eval Rec Loss=[0.03344], c=[0.50000], F=[0.85566, 0.84759, 0.95389, 0.96443], F_fuse=[0.01475, 0.01025, 0.00811, 0.00538]
[ INFO : 2026-08-12 00:16:28,060 ] - Epoch 95: train==[59.86721 = 0.96884 + 0.60389 + 5.15179 + 0.01099 + 0.00000 + 0.21620 + 884.94450]
[ INFO : 2026-08-12 00:16:35,220 ] - Test_@[5, 10, 20, 50]: Recall=[0.03817, 0.05139, 0.08140, 0.13573],  precision=[0.00763, 0.00514, 0.00407, 0.00271], hit=[0.03817, 0.05139, 0.08140, 0.13573], ndcg=[0.02662, 0.03092, 0.03844, 0.04906], Train Rec Loss=[0.03335], Eval Rec Loss=[0.03345], c=[0.50000], F=[0.85941, 0.84919, 0.95456, 0.96442], F_fuse=[0.01513, 0.01022, 0.00811, 0.00541]
[ INFO : 2026-08-12 00:17:43,602 ] - Epoch 96: train==[59.73583 = 0.96082 + 0.60388 + 5.03312 + 0.01096 + 0.00000 + 0.21154 + 884.94450]
[ INFO : 2026-08-12 00:17:50,660 ] - Test_@[5, 10, 20, 50]: Recall=[0.03931, 0.05237, 0.08157, 0.13719],  precision=[0.00786, 0.00524, 0.00408, 0.00274], hit=[0.03931, 0.05237, 0.08157, 0.13719], ndcg=[0.02786, 0.03210, 0.03944, 0.05037], Train Rec Loss=[0.03334], Eval Rec Loss=[0.03345], c=[0.50000], F=[0.85325, 0.84264, 0.95324, 0.96333], F_fuse=[0.01558, 0.01041, 0.00812, 0.00547]
[ INFO : 2026-08-12 00:18:59,659 ] - Epoch 97: train==[59.73929 = 0.95541 + 0.60389 + 5.04819 + 0.01090 + 0.00000 + 0.20540 + 884.94450]
[ INFO : 2026-08-12 00:19:06,725 ] - Test_@[5, 10, 20, 50]: Recall=[0.03850, 0.05220, 0.08140, 0.13605],  precision=[0.00770, 0.00522, 0.00407, 0.00272], hit=[0.03850, 0.05220, 0.08140, 0.13605], ndcg=[0.02754, 0.03196, 0.03929, 0.05000], Train Rec Loss=[0.03333], Eval Rec Loss=[0.03344], c=[0.50000], F=[0.85602, 0.84924, 0.95387, 0.96437], F_fuse=[0.01526, 0.01038, 0.00811, 0.00543]
[ INFO : 2026-08-12 00:20:15,338 ] - Epoch 98: train==[59.59651 = 0.95006 + 0.60389 + 4.91686 + 0.01088 + 0.00000 + 0.19932 + 884.94450]
[ INFO : 2026-08-12 00:20:22,523 ] - Test_@[5, 10, 20, 50]: Recall=[0.03964, 0.05188, 0.08140, 0.13589],  precision=[0.00793, 0.00519, 0.00407, 0.00272], hit=[0.03964, 0.05188, 0.08140, 0.13589], ndcg=[0.02757, 0.03152, 0.03895, 0.04966], Train Rec Loss=[0.03331], Eval Rec Loss=[0.03344], c=[0.50000], F=[0.85720, 0.84991, 0.95328, 0.96345], F_fuse=[0.01571, 0.01031, 0.00811, 0.00542]
[ INFO : 2026-08-12 00:21:30,962 ] - Epoch 99: train==[59.65270 = 0.94737 + 0.60389 + 4.98299 + 0.01090 + 0.00000 + 0.19205 + 884.94450]
[ INFO : 2026-08-12 00:21:38,022 ] - Test_@[5, 10, 20, 50]: Recall=[0.03768, 0.05302, 0.08124, 0.13573],  precision=[0.00754, 0.00530, 0.00406, 0.00271], hit=[0.03768, 0.05302, 0.08124, 0.13573], ndcg=[0.02682, 0.03175, 0.03885, 0.04956], Train Rec Loss=[0.03332], Eval Rec Loss=[0.03341], c=[0.50000], F=[0.85250, 0.85111, 0.95220, 0.96368], F_fuse=[0.01494, 0.01054, 0.00809, 0.00541]
[ INFO : 2026-08-12 00:22:46,151 ] - Epoch 100: train==[59.48660 = 0.94316 + 0.60389 + 4.82612 + 0.01085 + 0.00000 + 0.18707 + 884.94450]
[ INFO : 2026-08-12 00:22:53,230 ] - Test_@[5, 10, 20, 50]: Recall=[0.03768, 0.05285, 0.08091, 0.13654],  precision=[0.00754, 0.00529, 0.00405, 0.00273], hit=[0.03768, 0.05285, 0.08091, 0.13654], ndcg=[0.02675, 0.03166, 0.03869, 0.04961], Train Rec Loss=[0.03331], Eval Rec Loss=[0.03341], c=[0.50000], F=[0.85605, 0.85182, 0.95293, 0.96410], F_fuse=[0.01494, 0.01051, 0.00806, 0.00545]
[ INFO : 2026-08-12 00:24:01,934 ] - Epoch 101: train==[59.46972 = 0.93737 + 0.60389 + 4.82187 + 0.01081 + 0.00000 + 0.18029 + 884.94450]
[ INFO : 2026-08-12 00:24:08,995 ] - Test_@[5, 10, 20, 50]: Recall=[0.03866, 0.05285, 0.08238, 0.13768],  precision=[0.00773, 0.00529, 0.00412, 0.00275], hit=[0.03866, 0.05285, 0.08238, 0.13768], ndcg=[0.02770, 0.03228, 0.03969, 0.05054], Train Rec Loss=[0.03330], Eval Rec Loss=[0.03342], c=[0.50000], F=[0.85456, 0.85093, 0.95275, 0.96358], F_fuse=[0.01533, 0.01051, 0.00820, 0.00549]
[ INFO : 2026-08-12 00:25:17,830 ] - Epoch 102: train==[59.37505 = 0.92973 + 0.60389 + 4.73975 + 0.01087 + 0.00000 + 0.17530 + 884.94450]
[ INFO : 2026-08-12 00:25:24,989 ] - Test_@[5, 10, 20, 50]: Recall=[0.03752, 0.05302, 0.08157, 0.13687],  precision=[0.00750, 0.00530, 0.00408, 0.00274], hit=[0.03752, 0.05302, 0.08157, 0.13687], ndcg=[0.02709, 0.03211, 0.03929, 0.05016], Train Rec Loss=[0.03331], Eval Rec Loss=[0.03340], c=[0.50000], F=[0.85433, 0.85320, 0.95199, 0.96439], F_fuse=[0.01488, 0.01054, 0.00812, 0.00546]
[ INFO : 2026-08-12 00:26:34,017 ] - Epoch 103: train==[59.35310 = 0.92851 + 0.60389 + 4.72409 + 0.01086 + 0.00000 + 0.17025 + 884.94450]
[ INFO : 2026-08-12 00:26:41,171 ] - Test_@[5, 10, 20, 50]: Recall=[0.03752, 0.05237, 0.08108, 0.13719],  precision=[0.00750, 0.00524, 0.00405, 0.00274], hit=[0.03752, 0.05237, 0.08108, 0.13719], ndcg=[0.02680, 0.03162, 0.03884, 0.04985], Train Rec Loss=[0.03329], Eval Rec Loss=[0.03342], c=[0.50000], F=[0.85930, 0.85628, 0.95239, 0.96397], F_fuse=[0.01488, 0.01041, 0.00807, 0.00547]
[ INFO : 2026-08-12 00:27:50,502 ] - Epoch 104: train==[59.37542 = 0.92292 + 0.60389 + 4.75803 + 0.01085 + 0.00000 + 0.16423 + 884.94450]
[ INFO : 2026-08-12 00:27:57,642 ] - Test_@[5, 10, 20, 50]: Recall=[0.03638, 0.05334, 0.08189, 0.13834],  precision=[0.00728, 0.00533, 0.00409, 0.00277], hit=[0.03638, 0.05334, 0.08189, 0.13834], ndcg=[0.02610, 0.03157, 0.03871, 0.04978], Train Rec Loss=[0.03329], Eval Rec Loss=[0.03340], c=[0.50000], F=[0.85583, 0.85851, 0.95083, 0.96420], F_fuse=[0.01443, 0.01060, 0.00815, 0.00552]
[ INFO : 2026-08-12 00:29:05,980 ] - Epoch 105: train==[59.31071 = 0.92194 + 0.60389 + 4.69803 + 0.01079 + 0.00000 + 0.16056 + 884.94450]
[ INFO : 2026-08-12 00:29:13,117 ] - Test_@[5, 10, 20, 50]: Recall=[0.03801, 0.05334, 0.08320, 0.13931],  precision=[0.00760, 0.00533, 0.00416, 0.00279], hit=[0.03801, 0.05334, 0.08320, 0.13931], ndcg=[0.02706, 0.03200, 0.03947, 0.05047], Train Rec Loss=[0.03328], Eval Rec Loss=[0.03337], c=[0.50000], F=[0.85537, 0.85558, 0.95150, 0.96415], F_fuse=[0.01507, 0.01060, 0.00828, 0.00556]
[ INFO : 2026-08-12 00:30:21,248 ] - Epoch 106: train==[59.20256 = 0.91467 + 0.60389 + 4.60251 + 0.01072 + 0.00000 + 0.15526 + 884.94450]
[ INFO : 2026-08-12 00:30:28,313 ] - Test_@[5, 10, 20, 50]: Recall=[0.03670, 0.05383, 0.08352, 0.13752],  precision=[0.00734, 0.00538, 0.00418, 0.00275], hit=[0.03670, 0.05383, 0.08352, 0.13752], ndcg=[0.02648, 0.03199, 0.03938, 0.04997], Train Rec Loss=[0.03329], Eval Rec Loss=[0.03339], c=[0.50000], F=[0.85998, 0.86069, 0.95057, 0.96400], F_fuse=[0.01456, 0.01070, 0.00832, 0.00549]
[ INFO : 2026-08-12 00:31:37,251 ] - Epoch 107: train==[59.14181 = 0.91044 + 0.60389 + 4.55056 + 0.01075 + 0.00000 + 0.15066 + 884.94450]
[ INFO : 2026-08-12 00:31:44,384 ] - Test_@[5, 10, 20, 50]: Recall=[0.03768, 0.05416, 0.08385, 0.13899],  precision=[0.00754, 0.00542, 0.00419, 0.00278], hit=[0.03768, 0.05416, 0.08385, 0.13899], ndcg=[0.02705, 0.03238, 0.03975, 0.05058], Train Rec Loss=[0.03327], Eval Rec Loss=[0.03339], c=[0.50000], F=[0.85624, 0.85939, 0.95041, 0.96410], F_fuse=[0.01494, 0.01076, 0.00835, 0.00554]
[ INFO : 2026-08-12 00:32:52,995 ] - Epoch 108: train==[59.19093 = 0.91016 + 0.60390 + 4.60485 + 0.01074 + 0.00000 + 0.14578 + 884.94450]
[ INFO : 2026-08-12 00:33:00,135 ] - Test_@[5, 10, 20, 50]: Recall=[0.03719, 0.05351, 0.08369, 0.14046],  precision=[0.00744, 0.00535, 0.00418, 0.00281], hit=[0.03719, 0.05351, 0.08369, 0.14046], ndcg=[0.02652, 0.03181, 0.03936, 0.05047], Train Rec Loss=[0.03328], Eval Rec Loss=[0.03335], c=[0.50000], F=[0.85513, 0.86013, 0.94988, 0.96446], F_fuse=[0.01475, 0.01064, 0.00833, 0.00560]
[ INFO : 2026-08-12 00:34:09,064 ] - Epoch 109: train==[59.13969 = 0.90092 + 0.60389 + 4.56734 + 0.01075 + 0.00000 + 0.14128 + 884.94450]
[ INFO : 2026-08-12 00:34:16,141 ] - Test_@[5, 10, 20, 50]: Recall=[0.03850, 0.05367, 0.08483, 0.14225],  precision=[0.00770, 0.00537, 0.00424, 0.00285], hit=[0.03850, 0.05367, 0.08483, 0.14225], ndcg=[0.02732, 0.03222, 0.04000, 0.05125], Train Rec Loss=[0.03327], Eval Rec Loss=[0.03337], c=[0.50000], F=[0.85274, 0.85714, 0.94844, 0.96340], F_fuse=[0.01526, 0.01067, 0.00845, 0.00567]
[ INFO : 2026-08-12 00:35:24,846 ] - Epoch 110: train==[59.10986 = 0.89946 + 0.60389 + 4.54427 + 0.01072 + 0.00000 + 0.13602 + 884.94450]
[ INFO : 2026-08-12 00:35:31,996 ] - Test_@[5, 10, 20, 50]: Recall=[0.03622, 0.05400, 0.08418, 0.13834],  precision=[0.00724, 0.00540, 0.00421, 0.00277], hit=[0.03622, 0.05400, 0.08418, 0.13834], ndcg=[0.02578, 0.03151, 0.03900, 0.04965], Train Rec Loss=[0.03327], Eval Rec Loss=[0.03336], c=[0.50000], F=[0.85509, 0.86378, 0.94939, 0.96412], F_fuse=[0.01436, 0.01073, 0.00838, 0.00552]
[ INFO : 2026-08-12 00:36:40,270 ] - Epoch 111: train==[59.00157 = 0.89606 + 0.60389 + 4.44240 + 0.01070 + 0.00000 + 0.13302 + 884.94450]
[ INFO : 2026-08-12 00:36:47,348 ] - Test_@[5, 10, 20, 50]: Recall=[0.03752, 0.05400, 0.08434, 0.13997],  precision=[0.00750, 0.00540, 0.00422, 0.00280], hit=[0.03752, 0.05400, 0.08434, 0.13997], ndcg=[0.02658, 0.03186, 0.03943, 0.05035], Train Rec Loss=[0.03326], Eval Rec Loss=[0.03337], c=[0.50000], F=[0.85358, 0.85833, 0.95000, 0.96361], F_fuse=[0.01488, 0.01073, 0.00840, 0.00558]
[ INFO : 2026-08-12 00:37:55,750 ] - Epoch 112: train==[58.99374 = 0.89075 + 0.60389 + 4.44383 + 0.01076 + 0.00000 + 0.12900 + 884.94450]
[ INFO : 2026-08-12 00:38:02,880 ] - Test_@[5, 10, 20, 50]: Recall=[0.03719, 0.05383, 0.08564, 0.14339],  precision=[0.00744, 0.00538, 0.00428, 0.00287], hit=[0.03719, 0.05383, 0.08564, 0.14339], ndcg=[0.02639, 0.03176, 0.03968, 0.05099], Train Rec Loss=[0.03325], Eval Rec Loss=[0.03335], c=[0.50000], F=[0.85159, 0.86114, 0.94662, 0.96299], F_fuse=[0.01475, 0.01070, 0.00853, 0.00572]
[ INFO : 2026-08-12 00:39:11,368 ] - Epoch 113: train==[58.90774 = 0.88743 + 0.60389 + 4.36535 + 0.01066 + 0.00000 + 0.12490 + 884.94450]
[ INFO : 2026-08-12 00:39:18,436 ] - Test_@[5, 10, 20, 50]: Recall=[0.03605, 0.05432, 0.08483, 0.14127],  precision=[0.00721, 0.00543, 0.00424, 0.00283], hit=[0.03605, 0.05432, 0.08483, 0.14127], ndcg=[0.02540, 0.03125, 0.03881, 0.04986], Train Rec Loss=[0.03324], Eval Rec Loss=[0.03336], c=[0.50000], F=[0.85530, 0.86421, 0.94724, 0.96369], F_fuse=[0.01430, 0.01080, 0.00845, 0.00563]
[ INFO : 2026-08-12 00:40:26,945 ] - Epoch 114: train==[58.85636 = 0.88351 + 0.60389 + 4.32077 + 0.01070 + 0.00000 + 0.12199 + 884.94450]
[ INFO : 2026-08-12 00:40:34,094 ] - Test_@[5, 10, 20, 50]: Recall=[0.03670, 0.05432, 0.08352, 0.14062],  precision=[0.00734, 0.00543, 0.00418, 0.00281], hit=[0.03670, 0.05432, 0.08352, 0.14062], ndcg=[0.02535, 0.03096, 0.03821, 0.04944], Train Rec Loss=[0.03325], Eval Rec Loss=[0.03334], c=[0.50000], F=[0.85572, 0.86591, 0.94826, 0.96402], F_fuse=[0.01456, 0.01080, 0.00832, 0.00561]
[ INFO : 2026-08-12 00:41:43,193 ] - Epoch 115: train==[58.80026 = 0.87835 + 0.60389 + 4.27627 + 0.01066 + 0.00000 + 0.11559 + 884.94450]
[ INFO : 2026-08-12 00:41:50,323 ] - Test_@[5, 10, 20, 50]: Recall=[0.03622, 0.05383, 0.08418, 0.13948],  precision=[0.00724, 0.00538, 0.00421, 0.00279], hit=[0.03622, 0.05383, 0.08418, 0.13948], ndcg=[0.02555, 0.03122, 0.03878, 0.04965], Train Rec Loss=[0.03324], Eval Rec Loss=[0.03333], c=[0.50000], F=[0.85719, 0.86327, 0.94854, 0.96392], F_fuse=[0.01436, 0.01070, 0.00838, 0.00556]
[ INFO : 2026-08-12 00:42:59,620 ] - Epoch 116: train==[58.77706 = 0.87686 + 0.60389 + 4.25726 + 0.01073 + 0.00000 + 0.11282 + 884.94450]
[ INFO : 2026-08-12 00:43:06,778 ] - Test_@[5, 10, 20, 50]: Recall=[0.03703, 0.05351, 0.08499, 0.13834],  precision=[0.00741, 0.00535, 0.00425, 0.00277], hit=[0.03703, 0.05351, 0.08499, 0.13834], ndcg=[0.02593, 0.03116, 0.03898, 0.04947], Train Rec Loss=[0.03324], Eval Rec Loss=[0.03334], c=[0.50000], F=[0.85833, 0.86728, 0.94830, 0.96468], F_fuse=[0.01469, 0.01064, 0.00846, 0.00552]
[ INFO : 2026-08-12 00:44:15,285 ] - Epoch 117: train==[58.82170 = 0.87347 + 0.60389 + 4.31013 + 0.01073 + 0.00000 + 0.10799 + 884.94450]
[ INFO : 2026-08-12 00:44:22,419 ] - Test_@[5, 10, 20, 50]: Recall=[0.03719, 0.05530, 0.08597, 0.14372],  precision=[0.00744, 0.00553, 0.00430, 0.00287], hit=[0.03719, 0.05530, 0.08597, 0.14372], ndcg=[0.02544, 0.03119, 0.03879, 0.05009], Train Rec Loss=[0.03323], Eval Rec Loss=[0.03334], c=[0.50000], F=[0.85469, 0.86376, 0.94663, 0.96380], F_fuse=[0.01475, 0.01099, 0.00856, 0.00573]
[ INFO : 2026-08-12 00:45:31,404 ] - Epoch 118: train==[58.72318 = 0.86600 + 0.60389 + 4.22135 + 0.01085 + 0.00000 + 0.10558 + 884.94450]
[ INFO : 2026-08-12 00:45:38,541 ] - Test_@[5, 10, 20, 50]: Recall=[0.03703, 0.05449, 0.08548, 0.14600],  precision=[0.00741, 0.00545, 0.00427, 0.00292], hit=[0.03703, 0.05449, 0.08548, 0.14600], ndcg=[0.02587, 0.03149, 0.03923, 0.05113], Train Rec Loss=[0.03322], Eval Rec Loss=[0.03334], c=[0.50000], F=[0.84882, 0.86362, 0.94581, 0.96318], F_fuse=[0.01468, 0.01083, 0.00851, 0.00582]
[ INFO : 2026-08-12 00:46:46,875 ] - Epoch 119: train==[58.70264 = 0.86473 + 0.60389 + 4.20568 + 0.01082 + 0.00000 + 0.10202 + 884.94450]
[ INFO : 2026-08-12 00:46:53,946 ] - Test_@[5, 10, 20, 50]: Recall=[0.03605, 0.05465, 0.08515, 0.14405],  precision=[0.00721, 0.00546, 0.00426, 0.00288], hit=[0.03605, 0.05465, 0.08515, 0.14405], ndcg=[0.02485, 0.03083, 0.03839, 0.04995], Train Rec Loss=[0.03321], Eval Rec Loss=[0.03332], c=[0.50000], F=[0.85567, 0.86706, 0.94533, 0.96322], F_fuse=[0.01430, 0.01086, 0.00848, 0.00574]
[ INFO : 2026-08-12 00:48:02,734 ] - Epoch 120: train==[58.65301 = 0.85843 + 0.60389 + 4.16586 + 0.01088 + 0.00000 + 0.09845 + 884.94450]
[ INFO : 2026-08-12 00:48:09,819 ] - Test_@[5, 10, 20, 50]: Recall=[0.03703, 0.05514, 0.08515, 0.14339],  precision=[0.00741, 0.00551, 0.00426, 0.00287], hit=[0.03703, 0.05514, 0.08515, 0.14339], ndcg=[0.02551, 0.03128, 0.03875, 0.05021], Train Rec Loss=[0.03321], Eval Rec Loss=[0.03332], c=[0.50000], F=[0.85559, 0.86780, 0.94577, 0.96308], F_fuse=[0.01469, 0.01096, 0.00848, 0.00572]
[ INFO : 2026-08-12 00:49:19,016 ] - Epoch 121: train==[58.62396 = 0.86317 + 0.60389 + 4.13722 + 0.01076 + 0.00000 + 0.09342 + 884.94450]
[ INFO : 2026-08-12 00:49:26,084 ] - Test_@[5, 10, 20, 50]: Recall=[0.03703, 0.05465, 0.08679, 0.14470],  precision=[0.00741, 0.00546, 0.00434, 0.00289], hit=[0.03703, 0.05465, 0.08679, 0.14470], ndcg=[0.02566, 0.03130, 0.03927, 0.05062], Train Rec Loss=[0.03323], Eval Rec Loss=[0.03332], c=[0.50000], F=[0.85426, 0.86739, 0.94616, 0.96290], F_fuse=[0.01469, 0.01086, 0.00864, 0.00577]
[ INFO : 2026-08-12 00:50:35,474 ] - Epoch 122: train==[58.56473 = 0.85669 + 0.60389 + 4.08731 + 0.01082 + 0.00000 + 0.09052 + 884.94450]
[ INFO : 2026-08-12 00:50:42,632 ] - Test_@[5, 10, 20, 50]: Recall=[0.03687, 0.05416, 0.08467, 0.14192],  precision=[0.00737, 0.00542, 0.00423, 0.00284], hit=[0.03687, 0.05416, 0.08467, 0.14192], ndcg=[0.02567, 0.03121, 0.03879, 0.05006], Train Rec Loss=[0.03320], Eval Rec Loss=[0.03331], c=[0.50000], F=[0.85210, 0.86928, 0.94574, 0.96352], F_fuse=[0.01462, 0.01076, 0.00843, 0.00566]
[ INFO : 2026-08-12 00:51:51,285 ] - Epoch 123: train==[58.59715 = 0.85043 + 0.60389 + 4.12936 + 0.01082 + 0.00000 + 0.08714 + 884.94450]
[ INFO : 2026-08-12 00:51:58,424 ] - Test_@[5, 10, 20, 50]: Recall=[0.03589, 0.05383, 0.08564, 0.14486],  precision=[0.00718, 0.00538, 0.00428, 0.00290], hit=[0.03589, 0.05383, 0.08564, 0.14486], ndcg=[0.02436, 0.03015, 0.03803, 0.04960], Train Rec Loss=[0.03319], Eval Rec Loss=[0.03332], c=[0.50000], F=[0.85267, 0.87252, 0.94444, 0.96361], F_fuse=[0.01424, 0.01070, 0.00853, 0.00578]
[ INFO : 2026-08-12 00:53:07,079 ] - Epoch 124: train==[58.62131 = 0.84772 + 0.60389 + 4.16008 + 0.01078 + 0.00000 + 0.08333 + 884.94450]
[ INFO : 2026-08-12 00:53:14,182 ] - Test_@[5, 10, 20, 50]: Recall=[0.03703, 0.05514, 0.08581, 0.14731],  precision=[0.00741, 0.00551, 0.00429, 0.00295], hit=[0.03703, 0.05514, 0.08581, 0.14731], ndcg=[0.02545, 0.03126, 0.03892, 0.05104], Train Rec Loss=[0.03319], Eval Rec Loss=[0.03330], c=[0.50000], F=[0.85130, 0.87116, 0.94360, 0.96163], F_fuse=[0.01468, 0.01096, 0.00854, 0.00587]
[ INFO : 2026-08-12 00:54:23,361 ] - Epoch 125: train==[58.47505 = 0.84131 + 0.60389 + 4.02453 + 0.01080 + 0.00000 + 0.07902 + 884.94450]
[ INFO : 2026-08-12 00:54:30,502 ] - Test_@[5, 10, 20, 50]: Recall=[0.03703, 0.05498, 0.08597, 0.14535],  precision=[0.00741, 0.00550, 0.00430, 0.00291], hit=[0.03703, 0.05498, 0.08597, 0.14535], ndcg=[0.02539, 0.03115, 0.03884, 0.05052], Train Rec Loss=[0.03319], Eval Rec Loss=[0.03330], c=[0.50000], F=[0.85219, 0.87311, 0.94482, 0.96236], F_fuse=[0.01468, 0.01093, 0.00856, 0.00580]
[ INFO : 2026-08-12 00:55:39,536 ] - Epoch 126: train==[58.44210 = 0.83659 + 0.60389 + 3.99914 + 0.01085 + 0.00000 + 0.07613 + 884.94450]
[ INFO : 2026-08-12 00:55:46,621 ] - Test_@[5, 10, 20, 50]: Recall=[0.03687, 0.05465, 0.08646, 0.14715],  precision=[0.00737, 0.00546, 0.00432, 0.00294], hit=[0.03687, 0.05465, 0.08646, 0.14715], ndcg=[0.02531, 0.03105, 0.03898, 0.05090], Train Rec Loss=[0.03319], Eval Rec Loss=[0.03330], c=[0.50000], F=[0.85138, 0.87400, 0.94391, 0.96254], F_fuse=[0.01462, 0.01086, 0.00861, 0.00587]
[ INFO : 2026-08-12 00:56:55,149 ] - Epoch 127: train==[58.44470 = 0.83645 + 0.60389 + 4.00439 + 0.01087 + 0.00000 + 0.07360 + 884.94450]
[ INFO : 2026-08-12 00:57:02,288 ] - Test_@[5, 10, 20, 50]: Recall=[0.03752, 0.05432, 0.08777, 0.14763],  precision=[0.00750, 0.00543, 0.00439, 0.00295], hit=[0.03752, 0.05432, 0.08777, 0.14763], ndcg=[0.02594, 0.03133, 0.03970, 0.05150], Train Rec Loss=[0.03319], Eval Rec Loss=[0.03327], c=[0.50000], F=[0.85126, 0.87498, 0.94388, 0.96099], F_fuse=[0.01488, 0.01080, 0.00874, 0.00589]
[ INFO : 2026-08-12 00:58:11,023 ] - Epoch 128: train==[58.33358 = 0.82896 + 0.60390 + 3.90426 + 0.01082 + 0.00000 + 0.07014 + 884.94450]
[ INFO : 2026-08-12 00:58:18,153 ] - Test_@[5, 10, 20, 50]: Recall=[0.03687, 0.05383, 0.08679, 0.14698],  precision=[0.00737, 0.00538, 0.00434, 0.00294], hit=[0.03687, 0.05383, 0.08679, 0.14698], ndcg=[0.02528, 0.03076, 0.03899, 0.05084], Train Rec Loss=[0.03318], Eval Rec Loss=[0.03330], c=[0.50000], F=[0.85087, 0.87686, 0.94368, 0.96035], F_fuse=[0.01462, 0.01070, 0.00864, 0.00586]
[ INFO : 2026-08-12 00:59:26,992 ] - Epoch 129: train==[58.35483 = 0.82561 + 0.60389 + 3.93166 + 0.01092 + 0.00000 + 0.06725 + 884.94450]
[ INFO : 2026-08-12 00:59:34,162 ] - Test_@[5, 10, 20, 50]: Recall=[0.03622, 0.05416, 0.08646, 0.14568],  precision=[0.00724, 0.00542, 0.00432, 0.00291], hit=[0.03622, 0.05416, 0.08646, 0.14568], ndcg=[0.02479, 0.03057, 0.03859, 0.05018], Train Rec Loss=[0.03317], Eval Rec Loss=[0.03330], c=[0.50000], F=[0.84994, 0.87753, 0.94581, 0.96238], F_fuse=[0.01436, 0.01077, 0.00861, 0.00581]
[ INFO : 2026-08-12 01:00:42,996 ] - Epoch 130: train==[58.32700 = 0.82703 + 0.60389 + 3.90467 + 0.01096 + 0.00000 + 0.06495 + 884.94450]
[ INFO : 2026-08-12 01:00:50,104 ] - Test_@[5, 10, 20, 50]: Recall=[0.03507, 0.05318, 0.08695, 0.14388],  precision=[0.00701, 0.00532, 0.00435, 0.00288], hit=[0.03507, 0.05318, 0.08695, 0.14388], ndcg=[0.02394, 0.02979, 0.03820, 0.04935], Train Rec Loss=[0.03317], Eval Rec Loss=[0.03330], c=[0.50000], F=[0.84730, 0.87721, 0.94532, 0.96253], F_fuse=[0.01391, 0.01057, 0.00866, 0.00574]
[ INFO : 2026-08-12 01:01:58,041 ] - Epoch 131: train==[58.26809 = 0.82113 + 0.60389 + 3.85418 + 0.01095 + 0.00000 + 0.06242 + 884.94450]
[ INFO : 2026-08-12 01:02:05,115 ] - Test_@[5, 10, 20, 50]: Recall=[0.03768, 0.05546, 0.08630, 0.14927],  precision=[0.00754, 0.00555, 0.00431, 0.00299], hit=[0.03768, 0.05546, 0.08630, 0.14927], ndcg=[0.02537, 0.03104, 0.03876, 0.05114], Train Rec Loss=[0.03317], Eval Rec Loss=[0.03327], c=[0.50000], F=[0.85277, 0.87814, 0.94542, 0.96222], F_fuse=[0.01494, 0.01102, 0.00859, 0.00595]
[ INFO : 2026-08-12 01:03:13,106 ] - Epoch 132: train==[58.25907 = 0.82002 + 0.60389 + 3.84961 + 0.01097 + 0.00000 + 0.05909 + 884.94450]
[ INFO : 2026-08-12 01:03:20,191 ] - Test_@[5, 10, 20, 50]: Recall=[0.03703, 0.05432, 0.08695, 0.14633],  precision=[0.00741, 0.00543, 0.00435, 0.00293], hit=[0.03703, 0.05432, 0.08695, 0.14633], ndcg=[0.02529, 0.03086, 0.03897, 0.05061], Train Rec Loss=[0.03317], Eval Rec Loss=[0.03329], c=[0.50000], F=[0.85031, 0.88063, 0.94577, 0.96170], F_fuse=[0.01468, 0.01080, 0.00866, 0.00584]
[ INFO : 2026-08-12 01:04:28,260 ] - Epoch 133: train==[58.20547 = 0.81295 + 0.60389 + 3.80611 + 0.01090 + 0.00000 + 0.05611 + 884.94450]
[ INFO : 2026-08-12 01:04:35,332 ] - Test_@[5, 10, 20, 50]: Recall=[0.03768, 0.05367, 0.08760, 0.14910],  precision=[0.00754, 0.00537, 0.00438, 0.00298], hit=[0.03768, 0.05367, 0.08760, 0.14910], ndcg=[0.02555, 0.03071, 0.03919, 0.05128], Train Rec Loss=[0.03316], Eval Rec Loss=[0.03327], c=[0.50000], F=[0.85025, 0.87937, 0.94349, 0.96028], F_fuse=[0.01494, 0.01067, 0.00872, 0.00595]
[ INFO : 2026-08-12 01:05:43,714 ] - Epoch 134: train==[58.23650 = 0.81389 + 0.60389 + 3.83936 + 0.01082 + 0.00000 + 0.05304 + 884.94450]
[ INFO : 2026-08-12 01:05:50,848 ] - Test_@[5, 10, 20, 50]: Recall=[0.03605, 0.05253, 0.08728, 0.14747],  precision=[0.00721, 0.00525, 0.00436, 0.00295], hit=[0.03605, 0.05253, 0.08728, 0.14747], ndcg=[0.02463, 0.02994, 0.03870, 0.05049], Train Rec Loss=[0.03314], Eval Rec Loss=[0.03326], c=[0.50000], F=[0.84797, 0.88014, 0.94249, 0.96039], F_fuse=[0.01430, 0.01044, 0.00869, 0.00588]
[ INFO : 2026-08-12 01:06:59,247 ] - Epoch 135: train==[58.15402 = 0.81594 + 0.60389 + 3.75740 + 0.01088 + 0.00000 + 0.05041 + 884.94450]
[ INFO : 2026-08-12 01:07:06,407 ] - Test_@[5, 10, 20, 50]: Recall=[0.03605, 0.05449, 0.08760, 0.15024],  precision=[0.00721, 0.00545, 0.00438, 0.00300], hit=[0.03605, 0.05449, 0.08760, 0.15024], ndcg=[0.02478, 0.03067, 0.03895, 0.05120], Train Rec Loss=[0.03315], Eval Rec Loss=[0.03324], c=[0.50000], F=[0.85214, 0.88044, 0.94169, 0.96046], F_fuse=[0.01430, 0.01083, 0.00872, 0.00599]
[ INFO : 2026-08-12 01:08:14,116 ] - Epoch 136: train==[58.10764 = 0.80779 + 0.60389 + 3.72154 + 0.01091 + 0.00000 + 0.04801 + 884.94450]
[ INFO : 2026-08-12 01:08:21,186 ] - Test_@[5, 10, 20, 50]: Recall=[0.03687, 0.05449, 0.08695, 0.15041],  precision=[0.00737, 0.00545, 0.00435, 0.00301], hit=[0.03687, 0.05449, 0.08695, 0.15041], ndcg=[0.02507, 0.03074, 0.03885, 0.05129], Train Rec Loss=[0.03314], Eval Rec Loss=[0.03324], c=[0.50000], F=[0.85485, 0.88210, 0.94380, 0.96132], F_fuse=[0.01462, 0.01083, 0.00866, 0.00600]
[ INFO : 2026-08-12 01:09:29,157 ] - Epoch 137: train==[58.22665 = 0.80181 + 0.60389 + 3.84884 + 0.01093 + 0.00000 + 0.04567 + 884.94450]
[ INFO : 2026-08-12 01:09:36,294 ] - Test_@[5, 10, 20, 50]: Recall=[0.03524, 0.05498, 0.08744, 0.15041],  precision=[0.00705, 0.00550, 0.00437, 0.00301], hit=[0.03524, 0.05498, 0.08744, 0.15041], ndcg=[0.02459, 0.03099, 0.03914, 0.05148], Train Rec Loss=[0.03313], Eval Rec Loss=[0.03324], c=[0.50000], F=[0.84838, 0.88001, 0.94166, 0.96010], F_fuse=[0.01398, 0.01093, 0.00870, 0.00600]
[ INFO : 2026-08-12 01:10:44,446 ] - Epoch 138: train==[58.07196 = 0.79932 + 0.60389 + 3.69828 + 0.01093 + 0.00000 + 0.04404 + 884.94450]
[ INFO : 2026-08-12 01:10:51,522 ] - Test_@[5, 10, 20, 50]: Recall=[0.03556, 0.05579, 0.08711, 0.15106],  precision=[0.00711, 0.00558, 0.00436, 0.00302], hit=[0.03556, 0.05579, 0.08711, 0.15106], ndcg=[0.02503, 0.03153, 0.03937, 0.05192], Train Rec Loss=[0.03313], Eval Rec Loss=[0.03325], c=[0.50000], F=[0.84991, 0.88064, 0.94192, 0.96019], F_fuse=[0.01411, 0.01109, 0.00867, 0.00602]
[ INFO : 2026-08-12 01:12:00,075 ] - Epoch 139: train==[58.04952 = 0.79515 + 0.60390 + 3.68296 + 0.01088 + 0.00000 + 0.04113 + 884.94450]
[ INFO : 2026-08-12 01:12:07,239 ] - Test_@[5, 10, 20, 50]: Recall=[0.03622, 0.05693, 0.08858, 0.15285],  precision=[0.00724, 0.00569, 0.00443, 0.00306], hit=[0.03622, 0.05693, 0.08858, 0.15285], ndcg=[0.02507, 0.03171, 0.03961, 0.05220], Train Rec Loss=[0.03313], Eval Rec Loss=[0.03323], c=[0.50000], F=[0.84913, 0.88189, 0.94264, 0.96057], F_fuse=[0.01436, 0.01131, 0.00882, 0.00609]
[ INFO : 2026-08-12 01:13:15,860 ] - Epoch 140: train==[58.00053 = 0.79859 + 0.60389 + 3.63198 + 0.01092 + 0.00000 + 0.03965 + 884.94450]
[ INFO : 2026-08-12 01:13:22,932 ] - Test_@[5, 10, 20, 50]: Recall=[0.03458, 0.05644, 0.08842, 0.15008],  precision=[0.00692, 0.00564, 0.00442, 0.00300], hit=[0.03458, 0.05644, 0.08842, 0.15008], ndcg=[0.02459, 0.03161, 0.03957, 0.05161], Train Rec Loss=[0.03312], Eval Rec Loss=[0.03323], c=[0.50000], F=[0.84409, 0.88135, 0.94473, 0.96181], F_fuse=[0.01372, 0.01122, 0.00880, 0.00598]
[ INFO : 2026-08-12 01:14:31,831 ] - Epoch 141: train==[58.01608 = 0.79546 + 0.60389 + 3.65330 + 0.01085 + 0.00000 + 0.03709 + 884.94450]
[ INFO : 2026-08-12 01:14:38,969 ] - Test_@[5, 10, 20, 50]: Recall=[0.03670, 0.05644, 0.08891, 0.15449],  precision=[0.00734, 0.00564, 0.00445, 0.00309], hit=[0.03670, 0.05644, 0.08891, 0.15449], ndcg=[0.02590, 0.03226, 0.04037, 0.05322], Train Rec Loss=[0.03313], Eval Rec Loss=[0.03323], c=[0.50000], F=[0.85075, 0.88186, 0.94128, 0.95925], F_fuse=[0.01456, 0.01122, 0.00885, 0.00616]
[ INFO : 2026-08-12 01:15:47,772 ] - Epoch 142: train==[57.94487 = 0.78418 + 0.60389 + 3.59453 + 0.01100 + 0.00000 + 0.03578 + 884.94450]
[ INFO : 2026-08-12 01:15:54,839 ] - Test_@[5, 10, 20, 50]: Recall=[0.03785, 0.05612, 0.09038, 0.15579],  precision=[0.00757, 0.00561, 0.00452, 0.00312], hit=[0.03785, 0.05612, 0.09038, 0.15579], ndcg=[0.02645, 0.03238, 0.04091, 0.05369], Train Rec Loss=[0.03314], Eval Rec Loss=[0.03323], c=[0.50000], F=[0.84801, 0.88160, 0.94123, 0.95859], F_fuse=[0.01500, 0.01115, 0.00899, 0.00621]
[ INFO : 2026-08-12 01:17:03,830 ] - Epoch 143: train==[57.97159 = 0.78327 + 0.60389 + 3.62507 + 0.01099 + 0.00000 + 0.03286 + 884.94450]
[ INFO : 2026-08-12 01:17:10,986 ] - Test_@[5, 10, 20, 50]: Recall=[0.03638, 0.05808, 0.08940, 0.15449],  precision=[0.00728, 0.00581, 0.00447, 0.00309], hit=[0.03638, 0.05808, 0.08940, 0.15449], ndcg=[0.02509, 0.03202, 0.03979, 0.05250], Train Rec Loss=[0.03311], Eval Rec Loss=[0.03323], c=[0.50000], F=[0.85088, 0.88298, 0.93778, 0.95779], F_fuse=[0.01443, 0.01154, 0.00890, 0.00616]
[ INFO : 2026-08-12 01:18:19,251 ] - Epoch 144: train==[57.92305 = 0.77704 + 0.60389 + 3.58525 + 0.01095 + 0.00000 + 0.03041 + 884.94450]
[ INFO : 2026-08-12 01:18:26,340 ] - Test_@[5, 10, 20, 50]: Recall=[0.03736, 0.05710, 0.08923, 0.15546],  precision=[0.00747, 0.00571, 0.00446, 0.00311], hit=[0.03736, 0.05710, 0.08923, 0.15546], ndcg=[0.02612, 0.03249, 0.04052, 0.05350], Train Rec Loss=[0.03312], Eval Rec Loss=[0.03322], c=[0.50000], F=[0.85173, 0.88335, 0.93977, 0.95878], F_fuse=[0.01481, 0.01135, 0.00888, 0.00620]
[ INFO : 2026-08-12 01:19:34,473 ] - Epoch 145: train==[57.88390 = 0.77856 + 0.60389 + 3.54823 + 0.01093 + 0.00000 + 0.02678 + 884.94450]
[ INFO : 2026-08-12 01:19:41,612 ] - Test_@[5, 10, 20, 50]: Recall=[0.03540, 0.05481, 0.08793, 0.15090],  precision=[0.00708, 0.00548, 0.00440, 0.00302], hit=[0.03540, 0.05481, 0.08793, 0.15090], ndcg=[0.02459, 0.03086, 0.03912, 0.05145], Train Rec Loss=[0.03311], Eval Rec Loss=[0.03323], c=[0.50000], F=[0.85152, 0.88703, 0.94174, 0.96038], F_fuse=[0.01404, 0.01090, 0.00875, 0.00602]
[ INFO : 2026-08-12 01:20:50,490 ] - Epoch 146: train==[57.90616 = 0.77313 + 0.60389 + 3.57744 + 0.01096 + 0.00000 + 0.02524 + 884.94450]
[ INFO : 2026-08-12 01:20:57,647 ] - Test_@[5, 10, 20, 50]: Recall=[0.03736, 0.05693, 0.09054, 0.15612],  precision=[0.00747, 0.00569, 0.00453, 0.00312], hit=[0.03736, 0.05693, 0.09054, 0.15612], ndcg=[0.02591, 0.03224, 0.04063, 0.05345], Train Rec Loss=[0.03311], Eval Rec Loss=[0.03322], c=[0.50000], F=[0.85248, 0.88591, 0.93745, 0.95709], F_fuse=[0.01481, 0.01131, 0.00901, 0.00622]
[ INFO : 2026-08-12 01:22:06,678 ] - Epoch 147: train==[57.81583 = 0.77095 + 0.60389 + 3.49134 + 0.01090 + 0.00000 + 0.02324 + 884.94450]
[ INFO : 2026-08-12 01:22:13,819 ] - Test_@[5, 10, 20, 50]: Recall=[0.03622, 0.05726, 0.08907, 0.15628],  precision=[0.00724, 0.00573, 0.00445, 0.00313], hit=[0.03622, 0.05726, 0.08907, 0.15628], ndcg=[0.02543, 0.03220, 0.04017, 0.05329], Train Rec Loss=[0.03311], Eval Rec Loss=[0.03321], c=[0.50000], F=[0.85008, 0.88874, 0.93957, 0.95970], F_fuse=[0.01436, 0.01138, 0.00886, 0.00623]
[ INFO : 2026-08-12 01:23:21,929 ] - Epoch 148: train==[57.80557 = 0.77578 + 0.60390 + 3.47809 + 0.01093 + 0.00000 + 0.02137 + 884.94450]
[ INFO : 2026-08-12 01:23:29,051 ] - Test_@[5, 10, 20, 50]: Recall=[0.03752, 0.05775, 0.09086, 0.15775],  precision=[0.00750, 0.00577, 0.00454, 0.00315], hit=[0.03752, 0.05775, 0.09086, 0.15775], ndcg=[0.02625, 0.03277, 0.04103, 0.05413], Train Rec Loss=[0.03310], Eval Rec Loss=[0.03321], c=[0.50000], F=[0.84914, 0.88365, 0.93861, 0.95686], F_fuse=[0.01488, 0.01147, 0.00904, 0.00629]
[ INFO : 2026-08-12 01:24:37,873 ] - Epoch 149: train==[57.78467 = 0.76801 + 0.60389 + 3.46498 + 0.01100 + 0.00000 + 0.02129 + 884.94450]
[ INFO : 2026-08-12 01:24:45,032 ] - Test_@[5, 10, 20, 50]: Recall=[0.03768, 0.05824, 0.09070, 0.15595],  precision=[0.00754, 0.00582, 0.00454, 0.00312], hit=[0.03768, 0.05824, 0.09070, 0.15595], ndcg=[0.02650, 0.03311, 0.04117, 0.05399], Train Rec Loss=[0.03309], Eval Rec Loss=[0.03321], c=[0.50000], F=[0.85006, 0.88438, 0.93953, 0.95735], F_fuse=[0.01494, 0.01157, 0.00903, 0.00622]
[ INFO : 2026-08-12 01:25:53,274 ] - Epoch 150: train==[57.73844 = 0.76485 + 0.60389 + 3.42368 + 0.01099 + 0.00000 + 0.01953 + 884.94450]
[ INFO : 2026-08-12 01:26:00,403 ] - Test_@[5, 10, 20, 50]: Recall=[0.03654, 0.05677, 0.08972, 0.15498],  precision=[0.00731, 0.00568, 0.00449, 0.00310], hit=[0.03654, 0.05677, 0.08972, 0.15498], ndcg=[0.02531, 0.03187, 0.04009, 0.05284], Train Rec Loss=[0.03309], Eval Rec Loss=[0.03321], c=[0.50000], F=[0.85209, 0.88725, 0.93903, 0.95762], F_fuse=[0.01449, 0.01128, 0.00893, 0.00618]
[ INFO : 2026-08-12 01:27:09,011 ] - Epoch 151: train==[57.71008 = 0.75975 + 0.60389 + 3.40205 + 0.01100 + 0.00000 + 0.01788 + 884.94450]
[ INFO : 2026-08-12 01:27:16,148 ] - Test_@[5, 10, 20, 50]: Recall=[0.03670, 0.05775, 0.08956, 0.15595],  precision=[0.00734, 0.00577, 0.00448, 0.00312], hit=[0.03670, 0.05775, 0.08956, 0.15595], ndcg=[0.02522, 0.03203, 0.04002, 0.05302], Train Rec Loss=[0.03310], Eval Rec Loss=[0.03320], c=[0.50000], F=[0.84971, 0.88743, 0.93926, 0.95916], F_fuse=[0.01456, 0.01148, 0.00891, 0.00622]
[ INFO : 2026-08-12 01:28:24,385 ] - Epoch 152: train==[57.79540 = 0.76023 + 0.60389 + 3.48622 + 0.01091 + 0.00000 + 0.01863 + 884.94450]
[ INFO : 2026-08-12 01:28:31,523 ] - Test_@[5, 10, 20, 50]: Recall=[0.03866, 0.05824, 0.09152, 0.15905],  precision=[0.00773, 0.00582, 0.00458, 0.00318], hit=[0.03866, 0.05824, 0.09152, 0.15905], ndcg=[0.02656, 0.03292, 0.04127, 0.05450], Train Rec Loss=[0.03308], Eval Rec Loss=[0.03320], c=[0.50000], F=[0.84678, 0.88532, 0.93637, 0.95485], F_fuse=[0.01532, 0.01157, 0.00911, 0.00634]
[ INFO : 2026-08-12 01:29:39,797 ] - Epoch 153: train==[57.67704 = 0.75396 + 0.60389 + 3.37544 + 0.01088 + 0.00000 + 0.01737 + 884.94450]
[ INFO : 2026-08-12 01:29:46,875 ] - Test_@[5, 10, 20, 50]: Recall=[0.03654, 0.05775, 0.09103, 0.15775],  precision=[0.00731, 0.00577, 0.00455, 0.00315], hit=[0.03654, 0.05775, 0.09103, 0.15775], ndcg=[0.02518, 0.03204, 0.04036, 0.05342], Train Rec Loss=[0.03308], Eval Rec Loss=[0.03319], c=[0.50000], F=[0.85222, 0.88725, 0.93697, 0.95706], F_fuse=[0.01449, 0.01148, 0.00906, 0.00629]
[ INFO : 2026-08-12 01:30:55,631 ] - Epoch 154: train==[57.72592 = 0.75442 + 0.60390 + 3.42581 + 0.01087 + 0.00000 + 0.01542 + 884.94450]
[ INFO : 2026-08-12 01:31:02,704 ] - Test_@[5, 10, 20, 50]: Recall=[0.03475, 0.05693, 0.08858, 0.15514],  precision=[0.00695, 0.00569, 0.00443, 0.00310], hit=[0.03475, 0.05693, 0.08858, 0.15514], ndcg=[0.02441, 0.03159, 0.03953, 0.05254], Train Rec Loss=[0.03308], Eval Rec Loss=[0.03319], c=[0.50000], F=[0.84823, 0.88750, 0.93742, 0.95733], F_fuse=[0.01379, 0.01131, 0.00882, 0.00619]
[ INFO : 2026-08-12 01:32:11,312 ] - Epoch 155: train==[57.69376 = 0.75121 + 0.60390 + 3.39665 + 0.01090 + 0.00000 + 0.01561 + 884.94450]
[ INFO : 2026-08-12 01:32:18,450 ] - Test_@[5, 10, 20, 50]: Recall=[0.03622, 0.05824, 0.09184, 0.15742],  precision=[0.00724, 0.00582, 0.00459, 0.00315], hit=[0.03622, 0.05824, 0.09184, 0.15742], ndcg=[0.02523, 0.03237, 0.04077, 0.05357], Train Rec Loss=[0.03308], Eval Rec Loss=[0.03319], c=[0.50000], F=[0.84937, 0.88735, 0.93663, 0.95662], F_fuse=[0.01436, 0.01157, 0.00914, 0.00628]
[ INFO : 2026-08-12 01:33:27,326 ] - Epoch 156: train==[57.61193 = 0.74694 + 0.60390 + 3.31869 + 0.01089 + 0.00000 + 0.01601 + 884.94450]
[ INFO : 2026-08-12 01:33:34,396 ] - Test_@[5, 10, 20, 50]: Recall=[0.03393, 0.05449, 0.08630, 0.15318],  precision=[0.00679, 0.00545, 0.00431, 0.00306], hit=[0.03393, 0.05449, 0.08630, 0.15318], ndcg=[0.02393, 0.03061, 0.03863, 0.05171], Train Rec Loss=[0.03308], Eval Rec Loss=[0.03320], c=[0.50000], F=[0.84918, 0.88734, 0.93942, 0.95763], F_fuse=[0.01346, 0.01083, 0.00859, 0.00611]
[ INFO : 2026-08-12 01:34:43,207 ] - Epoch 157: train==[57.68964 = 0.74456 + 0.60390 + 3.39836 + 0.01083 + 0.00000 + 0.01649 + 884.94450]
[ INFO : 2026-08-12 01:34:50,348 ] - Test_@[5, 10, 20, 50]: Recall=[0.03638, 0.05840, 0.09152, 0.15677],  precision=[0.00728, 0.00584, 0.00458, 0.00314], hit=[0.03638, 0.05840, 0.09152, 0.15677], ndcg=[0.02537, 0.03249, 0.04081, 0.05354], Train Rec Loss=[0.03308], Eval Rec Loss=[0.03319], c=[0.50000], F=[0.84566, 0.88705, 0.93476, 0.95573], F_fuse=[0.01443, 0.01160, 0.00911, 0.00625]
[ INFO : 2026-08-12 01:35:58,450 ] - Epoch 158: train==[57.61261 = 0.74064 + 0.60390 + 3.32748 + 0.01084 + 0.00000 + 0.01426 + 884.94450]
[ INFO : 2026-08-12 01:36:05,568 ] - Test_@[5, 10, 20, 50]: Recall=[0.03866, 0.05840, 0.09201, 0.15840],  precision=[0.00773, 0.00584, 0.00460, 0.00317], hit=[0.03866, 0.05840, 0.09201, 0.15840], ndcg=[0.02640, 0.03282, 0.04125, 0.05422], Train Rec Loss=[0.03306], Eval Rec Loss=[0.03317], c=[0.50000], F=[0.84472, 0.88506, 0.93617, 0.95515], F_fuse=[0.01532, 0.01160, 0.00916, 0.00632]
[ INFO : 2026-08-12 01:37:14,904 ] - Epoch 159: train==[57.58536 = 0.74020 + 0.60390 + 3.30147 + 0.01083 + 0.00000 + 0.01346 + 884.94450]
[ INFO : 2026-08-12 01:37:22,039 ] - Test_@[5, 10, 20, 50]: Recall=[0.03589, 0.05661, 0.09070, 0.15546],  precision=[0.00718, 0.00566, 0.00454, 0.00311], hit=[0.03589, 0.05661, 0.09070, 0.15546], ndcg=[0.02534, 0.03208, 0.04061, 0.05330], Train Rec Loss=[0.03305], Eval Rec Loss=[0.03317], c=[0.50000], F=[0.84393, 0.88601, 0.93765, 0.95595], F_fuse=[0.01423, 0.01125, 0.00903, 0.00620]
[ INFO : 2026-08-12 01:38:30,559 ] - Epoch 160: train==[57.58656 = 0.74535 + 0.60389 + 3.29805 + 0.01085 + 0.00000 + 0.01292 + 884.94450]
[ INFO : 2026-08-12 01:38:37,684 ] - Test_@[5, 10, 20, 50]: Recall=[0.03834, 0.05922, 0.09315, 0.15971],  precision=[0.00767, 0.00592, 0.00466, 0.00319], hit=[0.03834, 0.05922, 0.09315, 0.15971], ndcg=[0.02650, 0.03328, 0.04182, 0.05488], Train Rec Loss=[0.03308], Eval Rec Loss=[0.03316], c=[0.50000], F=[0.84554, 0.88761, 0.93693, 0.95617], F_fuse=[0.01520, 0.01176, 0.00927, 0.00637]
[ INFO : 2026-08-12 01:39:46,091 ] - Epoch 161: train==[57.50223 = 0.73698 + 0.60390 + 3.22275 + 0.01087 + 0.00000 + 0.01223 + 884.94450]
[ INFO : 2026-08-12 01:39:53,250 ] - Test_@[5, 10, 20, 50]: Recall=[0.03850, 0.05922, 0.09331, 0.15987],  precision=[0.00770, 0.00592, 0.00467, 0.00320], hit=[0.03850, 0.05922, 0.09331, 0.15987], ndcg=[0.02623, 0.03292, 0.04149, 0.05452], Train Rec Loss=[0.03305], Eval Rec Loss=[0.03317], c=[0.50000], F=[0.84663, 0.88760, 0.93537, 0.95659], F_fuse=[0.01526, 0.01176, 0.00928, 0.00637]
[ INFO : 2026-08-12 01:41:01,300 ] - Epoch 162: train==[57.49167 = 0.73359 + 0.60390 + 3.21561 + 0.01092 + 0.00000 + 0.01215 + 884.94450]
[ INFO : 2026-08-12 01:41:08,381 ] - Test_@[5, 10, 20, 50]: Recall=[0.03409, 0.05579, 0.08923, 0.15644],  precision=[0.00682, 0.00558, 0.00446, 0.00313], hit=[0.03409, 0.05579, 0.08923, 0.15644], ndcg=[0.02415, 0.03123, 0.03964, 0.05277], Train Rec Loss=[0.03306], Eval Rec Loss=[0.03317], c=[0.50000], F=[0.84736, 0.88859, 0.93891, 0.95731], F_fuse=[0.01353, 0.01109, 0.00888, 0.00624]
[ INFO : 2026-08-12 01:42:16,321 ] - Epoch 163: train==[57.50149 = 0.72918 + 0.60390 + 3.23027 + 0.01099 + 0.00000 + 0.01164 + 884.94450]
[ INFO : 2026-08-12 01:42:23,393 ] - Test_@[5, 10, 20, 50]: Recall=[0.03605, 0.05840, 0.09250, 0.15873],  precision=[0.00721, 0.00584, 0.00462, 0.00317], hit=[0.03605, 0.05840, 0.09250, 0.15873], ndcg=[0.02503, 0.03231, 0.04086, 0.05384], Train Rec Loss=[0.03305], Eval Rec Loss=[0.03315], c=[0.50000], F=[0.84965, 0.88891, 0.93749, 0.95601], F_fuse=[0.01430, 0.01160, 0.00920, 0.00633]
[ INFO : 2026-08-12 01:43:31,476 ] - Epoch 164: train==[57.45374 = 0.72968 + 0.60389 + 3.18237 + 0.01101 + 0.00000 + 0.01130 + 884.94450]
[ INFO : 2026-08-12 01:43:38,557 ] - Test_@[5, 10, 20, 50]: Recall=[0.03654, 0.05791, 0.09201, 0.15775],  precision=[0.00731, 0.00579, 0.00460, 0.00315], hit=[0.03654, 0.05791, 0.09201, 0.15775], ndcg=[0.02528, 0.03227, 0.04082, 0.05373], Train Rec Loss=[0.03307], Eval Rec Loss=[0.03316], c=[0.50000], F=[0.84780, 0.88882, 0.93666, 0.95723], F_fuse=[0.01449, 0.01151, 0.00916, 0.00629]
[ INFO : 2026-08-12 01:44:46,542 ] - Epoch 165: train==[57.54616 = 0.72855 + 0.60389 + 3.27507 + 0.01104 + 0.00000 + 0.01210 + 884.94450]
[ INFO : 2026-08-12 01:44:53,608 ] - Test_@[5, 10, 20, 50]: Recall=[0.03850, 0.05954, 0.09299, 0.16134],  precision=[0.00770, 0.00595, 0.00465, 0.00323], hit=[0.03850, 0.05954, 0.09299, 0.16134], ndcg=[0.02601, 0.03283, 0.04124, 0.05461], Train Rec Loss=[0.03304], Eval Rec Loss=[0.03314], c=[0.50000], F=[0.84655, 0.88886, 0.93551, 0.95672], F_fuse=[0.01526, 0.01183, 0.00925, 0.00643]
[ INFO : 2026-08-12 01:46:02,138 ] - Epoch 166: train==[57.46145 = 0.72148 + 0.60389 + 3.19832 + 0.01103 + 0.00000 + 0.01122 + 884.94450]
[ INFO : 2026-08-12 01:46:09,205 ] - Test_@[5, 10, 20, 50]: Recall=[0.03948, 0.05938, 0.09429, 0.16199],  precision=[0.00790, 0.00594, 0.00471, 0.00324], hit=[0.03948, 0.05938, 0.09429, 0.16199], ndcg=[0.02703, 0.03351, 0.04233, 0.05565], Train Rec Loss=[0.03305], Eval Rec Loss=[0.03315], c=[0.50000], F=[0.84851, 0.88853, 0.93539, 0.95582], F_fuse=[0.01565, 0.01180, 0.00938, 0.00646]
[ INFO : 2026-08-12 01:47:18,025 ] - Epoch 167: train==[57.40781 = 0.71766 + 0.60390 + 3.14941 + 0.01123 + 0.00000 + 0.01012 + 884.94450]
[ INFO : 2026-08-12 01:47:25,099 ] - Test_@[5, 10, 20, 50]: Recall=[0.03719, 0.05775, 0.08989, 0.15726],  precision=[0.00744, 0.00577, 0.00449, 0.00315], hit=[0.03719, 0.05775, 0.08989, 0.15726], ndcg=[0.02590, 0.03256, 0.04069, 0.05397], Train Rec Loss=[0.03306], Eval Rec Loss=[0.03316], c=[0.50000], F=[0.84204, 0.88766, 0.93512, 0.95584], F_fuse=[0.01475, 0.01148, 0.00895, 0.00627]
[ INFO : 2026-08-12 01:48:33,796 ] - Epoch 168: train==[57.38178 = 0.71880 + 0.60390 + 3.12267 + 0.01117 + 0.00000 + 0.00975 + 884.94450]
[ INFO : 2026-08-12 01:48:40,873 ] - Test_@[5, 10, 20, 50]: Recall=[0.03931, 0.06101, 0.09380, 0.16166],  precision=[0.00786, 0.00610, 0.00469, 0.00323], hit=[0.03931, 0.06101, 0.09380, 0.16166], ndcg=[0.02722, 0.03427, 0.04251, 0.05587], Train Rec Loss=[0.03303], Eval Rec Loss=[0.03314], c=[0.50000], F=[0.84606, 0.88949, 0.93684, 0.95606], F_fuse=[0.01558, 0.01212, 0.00933, 0.00644]
[ INFO : 2026-08-12 01:49:50,041 ] - Epoch 169: train==[57.35878 = 0.71610 + 0.60390 + 3.10275 + 0.01117 + 0.00000 + 0.00937 + 884.94450]
[ INFO : 2026-08-12 01:49:57,165 ] - Test_@[5, 10, 20, 50]: Recall=[0.03670, 0.05873, 0.09135, 0.15595],  precision=[0.00734, 0.00587, 0.00457, 0.00312], hit=[0.03670, 0.05873, 0.09135, 0.15595], ndcg=[0.02521, 0.03232, 0.04053, 0.05323], Train Rec Loss=[0.03304], Eval Rec Loss=[0.03314], c=[0.50000], F=[0.84552, 0.88799, 0.93466, 0.95472], F_fuse=[0.01456, 0.01167, 0.00909, 0.00622]
[ INFO : 2026-08-12 01:51:05,409 ] - Epoch 170: train==[57.40810 = 0.71401 + 0.60390 + 3.15355 + 0.01129 + 0.00000 + 0.00985 + 884.94450]
[ INFO : 2026-08-12 01:51:12,474 ] - Test_@[5, 10, 20, 50]: Recall=[0.03752, 0.06150, 0.09331, 0.16199],  precision=[0.00750, 0.00615, 0.00467, 0.00324], hit=[0.03752, 0.06150, 0.09331, 0.16199], ndcg=[0.02605, 0.03384, 0.04186, 0.05536], Train Rec Loss=[0.03304], Eval Rec Loss=[0.03315], c=[0.50000], F=[0.84392, 0.88935, 0.93660, 0.95680], F_fuse=[0.01488, 0.01222, 0.00928, 0.00646]
[ INFO : 2026-08-12 01:52:20,712 ] - Epoch 171: train==[57.33851 = 0.71171 + 0.60390 + 3.08635 + 0.01126 + 0.00000 + 0.00978 + 884.94450]
[ INFO : 2026-08-12 01:52:27,780 ] - Test_@[5, 10, 20, 50]: Recall=[0.03703, 0.06020, 0.09250, 0.15971],  precision=[0.00741, 0.00602, 0.00462, 0.00319], hit=[0.03703, 0.06020, 0.09250, 0.15971], ndcg=[0.02506, 0.03259, 0.04073, 0.05394], Train Rec Loss=[0.03304], Eval Rec Loss=[0.03313], c=[0.50000], F=[0.84418, 0.88806, 0.93480, 0.95500], F_fuse=[0.01468, 0.01196, 0.00920, 0.00637]
[ INFO : 2026-08-12 01:53:35,823 ] - Epoch 172: train==[57.34492 = 0.70522 + 0.60390 + 3.09983 + 0.01126 + 0.00000 + 0.00921 + 884.94450]
[ INFO : 2026-08-12 01:53:42,965 ] - Test_@[5, 10, 20, 50]: Recall=[0.03589, 0.05889, 0.08989, 0.15595],  precision=[0.00718, 0.00589, 0.00449, 0.00312], hit=[0.03589, 0.05889, 0.08989, 0.15595], ndcg=[0.02468, 0.03212, 0.03994, 0.05295], Train Rec Loss=[0.03302], Eval Rec Loss=[0.03313], c=[0.50000], F=[0.84574, 0.89079, 0.93416, 0.95603], F_fuse=[0.01423, 0.01170, 0.00895, 0.00622]
[ INFO : 2026-08-12 01:54:51,534 ] - Epoch 173: train==[57.30254 = 0.70508 + 0.60390 + 3.05762 + 0.01119 + 0.00000 + 0.00925 + 884.94450]
[ INFO : 2026-08-12 01:54:58,665 ] - Test_@[5, 10, 20, 50]: Recall=[0.03573, 0.05546, 0.08760, 0.15318],  precision=[0.00715, 0.00555, 0.00438, 0.00306], hit=[0.03573, 0.05546, 0.08760, 0.15318], ndcg=[0.02428, 0.03067, 0.03881, 0.05169], Train Rec Loss=[0.03302], Eval Rec Loss=[0.03313], c=[0.50000], F=[0.84652, 0.88971, 0.93475, 0.95660], F_fuse=[0.01417, 0.01102, 0.00872, 0.00611]
[ INFO : 2026-08-12 01:56:07,294 ] - Epoch 174: train==[57.30494 = 0.70266 + 0.60390 + 3.06348 + 0.01111 + 0.00000 + 0.00830 + 884.94450]
[ INFO : 2026-08-12 01:56:14,376 ] - Test_@[5, 10, 20, 50]: Recall=[0.03703, 0.06101, 0.09250, 0.16020],  precision=[0.00741, 0.00610, 0.00462, 0.00320], hit=[0.03703, 0.06101, 0.09250, 0.16020], ndcg=[0.02566, 0.03345, 0.04139, 0.05473], Train Rec Loss=[0.03303], Eval Rec Loss=[0.03313], c=[0.50000], F=[0.84260, 0.88911, 0.93626, 0.95556], F_fuse=[0.01468, 0.01212, 0.00920, 0.00639]
[ INFO : 2026-08-12 01:57:23,581 ] - Epoch 175: train==[57.27072 = 0.70175 + 0.60390 + 3.03018 + 0.01113 + 0.00000 + 0.00826 + 884.94450]
[ INFO : 2026-08-12 01:57:30,689 ] - Test_@[5, 10, 20, 50]: Recall=[0.03801, 0.06003, 0.09674, 0.16281],  precision=[0.00760, 0.00600, 0.00484, 0.00326], hit=[0.03801, 0.06003, 0.09674, 0.16281], ndcg=[0.02591, 0.03311, 0.04234, 0.05529], Train Rec Loss=[0.03302], Eval Rec Loss=[0.03313], c=[0.50000], F=[0.84738, 0.89051, 0.93627, 0.95535], F_fuse=[0.01507, 0.01193, 0.00962, 0.00649]
[ INFO : 2026-08-12 01:58:39,948 ] - Epoch 176: train==[57.26998 = 0.69687 + 0.60390 + 3.03462 + 0.01115 + 0.00000 + 0.00793 + 884.94450]
[ INFO : 2026-08-12 01:58:47,016 ] - Test_@[5, 10, 20, 50]: Recall=[0.03703, 0.05971, 0.09201, 0.15987],  precision=[0.00741, 0.00597, 0.00460, 0.00320], hit=[0.03703, 0.05971, 0.09201, 0.15987], ndcg=[0.02518, 0.03255, 0.04071, 0.05407], Train Rec Loss=[0.03302], Eval Rec Loss=[0.03313], c=[0.50000], F=[0.84733, 0.88843, 0.93406, 0.95276], F_fuse=[0.01468, 0.01186, 0.00916, 0.00637]
[ INFO : 2026-08-12 01:59:55,574 ] - Epoch 177: train==[57.32750 = 0.69513 + 0.60390 + 3.09463 + 0.01110 + 0.00000 + 0.00724 + 884.94450]
[ INFO : 2026-08-12 02:00:02,660 ] - Test_@[5, 10, 20, 50]: Recall=[0.03589, 0.05726, 0.09086, 0.15677],  precision=[0.00718, 0.00573, 0.00454, 0.00314], hit=[0.03589, 0.05726, 0.09086, 0.15677], ndcg=[0.02460, 0.03153, 0.04002, 0.05299], Train Rec Loss=[0.03300], Eval Rec Loss=[0.03311], c=[0.50000], F=[0.84391, 0.88875, 0.93388, 0.95498], F_fuse=[0.01423, 0.01138, 0.00904, 0.00625]
[ INFO : 2026-08-12 02:01:11,770 ] - Epoch 178: train==[57.27557 = 0.69383 + 0.60390 + 3.04350 + 0.01115 + 0.00000 + 0.00769 + 884.94450]
[ INFO : 2026-08-12 02:01:18,865 ] - Test_@[5, 10, 20, 50]: Recall=[0.03719, 0.05889, 0.09364, 0.16117],  precision=[0.00744, 0.00589, 0.00468, 0.00322], hit=[0.03719, 0.05889, 0.09364, 0.16117], ndcg=[0.02531, 0.03232, 0.04105, 0.05434], Train Rec Loss=[0.03301], Eval Rec Loss=[0.03311], c=[0.50000], F=[0.84777, 0.88998, 0.93308, 0.95415], F_fuse=[0.01475, 0.01170, 0.00932, 0.00643]
[ INFO : 2026-08-12 02:02:27,374 ] - Epoch 179: train==[57.19603 = 0.69328 + 0.60390 + 2.96558 + 0.01125 + 0.00000 + 0.00652 + 884.94450]
[ INFO : 2026-08-12 02:02:34,512 ] - Test_@[5, 10, 20, 50]: Recall=[0.03736, 0.06101, 0.09380, 0.16134],  precision=[0.00747, 0.00610, 0.00469, 0.00323], hit=[0.03736, 0.06101, 0.09380, 0.16134], ndcg=[0.02606, 0.03374, 0.04201, 0.05529], Train Rec Loss=[0.03301], Eval Rec Loss=[0.03313], c=[0.50000], F=[0.84624, 0.88964, 0.93373, 0.95441], F_fuse=[0.01481, 0.01212, 0.00933, 0.00643]
[ INFO : 2026-08-12 02:03:42,476 ] - Epoch 180: train==[57.24604 = 0.68914 + 0.60390 + 3.01982 + 0.01128 + 0.00000 + 0.00641 + 884.94450]
[ INFO : 2026-08-12 02:03:49,606 ] - Test_@[5, 10, 20, 50]: Recall=[0.03736, 0.05971, 0.09266, 0.15889],  precision=[0.00747, 0.00597, 0.00463, 0.00318], hit=[0.03736, 0.05971, 0.09266, 0.15889], ndcg=[0.02547, 0.03269, 0.04100, 0.05398], Train Rec Loss=[0.03300], Eval Rec Loss=[0.03311], c=[0.50000], F=[0.84396, 0.88951, 0.93441, 0.95530], F_fuse=[0.01481, 0.01186, 0.00922, 0.00633]
[ INFO : 2026-08-12 02:04:57,370 ] - Epoch 181: train==[57.23748 = 0.69348 + 0.60390 + 3.00681 + 0.01121 + 0.00000 + 0.00658 + 884.94450]
[ INFO : 2026-08-12 02:05:04,439 ] - Test_@[5, 10, 20, 50]: Recall=[0.03736, 0.06134, 0.09331, 0.16101],  precision=[0.00747, 0.00613, 0.00467, 0.00322], hit=[0.03736, 0.06134, 0.09331, 0.16101], ndcg=[0.02557, 0.03332, 0.04136, 0.05467], Train Rec Loss=[0.03301], Eval Rec Loss=[0.03312], c=[0.50000], F=[0.84520, 0.89109, 0.93380, 0.95463], F_fuse=[0.01481, 0.01218, 0.00928, 0.00642]
[ INFO : 2026-08-12 02:06:13,668 ] - Epoch 182: train==[57.21821 = 0.68558 + 0.60390 + 2.99537 + 0.01118 + 0.00000 + 0.00670 + 884.94450]
[ INFO : 2026-08-12 02:06:20,837 ] - Test_@[5, 10, 20, 50]: Recall=[0.03605, 0.06020, 0.09168, 0.15873],  precision=[0.00721, 0.00602, 0.00458, 0.00317], hit=[0.03605, 0.06020, 0.09168, 0.15873], ndcg=[0.02483, 0.03267, 0.04057, 0.05374], Train Rec Loss=[0.03301], Eval Rec Loss=[0.03312], c=[0.50000], F=[0.84514, 0.89127, 0.93770, 0.95747], F_fuse=[0.01430, 0.01196, 0.00912, 0.00633]
[ INFO : 2026-08-12 02:07:29,886 ] - Epoch 183: train==[57.16647 = 0.68225 + 0.60390 + 2.94701 + 0.01122 + 0.00000 + 0.00661 + 884.94450]
[ INFO : 2026-08-12 02:07:36,945 ] - Test_@[5, 10, 20, 50]: Recall=[0.03703, 0.05922, 0.09054, 0.15971],  precision=[0.00741, 0.00592, 0.00453, 0.00319], hit=[0.03703, 0.05922, 0.09054, 0.15971], ndcg=[0.02504, 0.03215, 0.04008, 0.05370], Train Rec Loss=[0.03300], Eval Rec Loss=[0.03310], c=[0.50000], F=[0.84512, 0.89081, 0.93478, 0.95555], F_fuse=[0.01468, 0.01177, 0.00901, 0.00637]
[ INFO : 2026-08-12 02:08:45,754 ] - Epoch 184: train==[57.13473 = 0.67922 + 0.60390 + 2.91918 + 0.01128 + 0.00000 + 0.00564 + 884.94450]
[ INFO : 2026-08-12 02:08:52,812 ] - Test_@[5, 10, 20, 50]: Recall=[0.03785, 0.06199, 0.09560, 0.16330],  precision=[0.00757, 0.00620, 0.00478, 0.00327], hit=[0.03785, 0.06199, 0.09560, 0.16330], ndcg=[0.02566, 0.03352, 0.04199, 0.05529], Train Rec Loss=[0.03301], Eval Rec Loss=[0.03312], c=[0.50000], F=[0.84317, 0.89148, 0.93685, 0.95586], F_fuse=[0.01500, 0.01231, 0.00951, 0.00651]
[ INFO : 2026-08-12 02:10:01,686 ] - Epoch 185: train==[57.14158 = 0.68033 + 0.60390 + 2.92448 + 0.01126 + 0.00000 + 0.00611 + 884.94450]
[ INFO : 2026-08-12 02:10:08,790 ] - Test_@[5, 10, 20, 50]: Recall=[0.03883, 0.06199, 0.09511, 0.16183],  precision=[0.00777, 0.00620, 0.00476, 0.00324], hit=[0.03883, 0.06199, 0.09511, 0.16183], ndcg=[0.02646, 0.03388, 0.04222, 0.05531], Train Rec Loss=[0.03299], Eval Rec Loss=[0.03310], c=[0.50000], F=[0.84540, 0.89083, 0.93271, 0.95520], F_fuse=[0.01539, 0.01231, 0.00946, 0.00645]
[ INFO : 2026-08-12 02:11:16,714 ] - Epoch 186: train==[57.12933 = 0.67498 + 0.60390 + 2.91838 + 0.01126 + 0.00000 + 0.00531 + 884.94450]
[ INFO : 2026-08-12 02:11:23,778 ] - Test_@[5, 10, 20, 50]: Recall=[0.03719, 0.06117, 0.09233, 0.16036],  precision=[0.00744, 0.00612, 0.00462, 0.00321], hit=[0.03719, 0.06117, 0.09233, 0.16036], ndcg=[0.02549, 0.03318, 0.04101, 0.05443], Train Rec Loss=[0.03298], Eval Rec Loss=[0.03309], c=[0.50000], F=[0.84720, 0.89225, 0.93478, 0.95517], F_fuse=[0.01475, 0.01215, 0.00919, 0.00639]
[ INFO : 2026-08-12 02:12:32,379 ] - Epoch 187: train==[57.11565 = 0.67477 + 0.60390 + 2.90516 + 0.01132 + 0.00000 + 0.00500 + 884.94450]
[ INFO : 2026-08-12 02:12:39,520 ] - Test_@[5, 10, 20, 50]: Recall=[0.03491, 0.06101, 0.09331, 0.16117],  precision=[0.00698, 0.00610, 0.00467, 0.00322], hit=[0.03491, 0.06101, 0.09331, 0.16117], ndcg=[0.02336, 0.03181, 0.03996, 0.05331], Train Rec Loss=[0.03298], Eval Rec Loss=[0.03311], c=[0.50000], F=[0.85221, 0.89375, 0.93894, 0.95896], F_fuse=[0.01385, 0.01212, 0.00929, 0.00643]
[ INFO : 2026-08-12 02:13:48,223 ] - Epoch 188: train==[57.13336 = 0.67313 + 0.60390 + 2.92363 + 0.01128 + 0.00000 + 0.00592 + 884.94450]
[ INFO : 2026-08-12 02:13:55,355 ] - Test_@[5, 10, 20, 50]: Recall=[0.03752, 0.05791, 0.08989, 0.15677],  precision=[0.00750, 0.00579, 0.00449, 0.00314], hit=[0.03752, 0.05791, 0.08989, 0.15677], ndcg=[0.02527, 0.03187, 0.03995, 0.05317], Train Rec Loss=[0.03298], Eval Rec Loss=[0.03310], c=[0.50000], F=[0.84320, 0.89143, 0.93447, 0.95590], F_fuse=[0.01488, 0.01151, 0.00895, 0.00625]
[ INFO : 2026-08-12 02:15:03,361 ] - Epoch 189: train==[57.08026 = 0.67072 + 0.60390 + 2.87399 + 0.01138 + 0.00000 + 0.00477 + 884.94450]
[ INFO : 2026-08-12 02:15:10,535 ] - Test_@[5, 10, 20, 50]: Recall=[0.03997, 0.06362, 0.09608, 0.16509],  precision=[0.00799, 0.00636, 0.00480, 0.00330], hit=[0.03997, 0.06362, 0.09608, 0.16509], ndcg=[0.02660, 0.03417, 0.04232, 0.05587], Train Rec Loss=[0.03298], Eval Rec Loss=[0.03310], c=[0.50000], F=[0.84584, 0.89153, 0.93329, 0.95518], F_fuse=[0.01584, 0.01263, 0.00956, 0.00658]
[ INFO : 2026-08-12 02:16:18,722 ] - Epoch 190: train==[57.05491 = 0.66543 + 0.60390 + 2.85423 + 0.01133 + 0.00000 + 0.00451 + 884.94450]
[ INFO : 2026-08-12 02:16:25,797 ] - Test_@[5, 10, 20, 50]: Recall=[0.03915, 0.06395, 0.09657, 0.16444],  precision=[0.00783, 0.00639, 0.00483, 0.00329], hit=[0.03915, 0.06395, 0.09657, 0.16444], ndcg=[0.02621, 0.03420, 0.04241, 0.05577], Train Rec Loss=[0.03298], Eval Rec Loss=[0.03308], c=[0.50000], F=[0.84855, 0.89238, 0.93517, 0.95632], F_fuse=[0.01552, 0.01270, 0.00961, 0.00655]
[ INFO : 2026-08-12 02:17:34,059 ] - Epoch 191: train==[57.02401 = 0.66698 + 0.60390 + 2.82168 + 0.01137 + 0.00000 + 0.00458 + 884.94450]
[ INFO : 2026-08-12 02:17:41,189 ] - Test_@[5, 10, 20, 50]: Recall=[0.03964, 0.06427, 0.09608, 0.16313],  precision=[0.00793, 0.00643, 0.00480, 0.00326], hit=[0.03964, 0.06427, 0.09608, 0.16313], ndcg=[0.02672, 0.03461, 0.04261, 0.05582], Train Rec Loss=[0.03298], Eval Rec Loss=[0.03310], c=[0.50000], F=[0.84619, 0.89263, 0.93469, 0.95526], F_fuse=[0.01571, 0.01276, 0.00956, 0.00650]
[ INFO : 2026-08-12 02:18:49,649 ] - Epoch 192: train==[57.08538 = 0.66628 + 0.60390 + 2.88381 + 0.01137 + 0.00000 + 0.00453 + 884.94450]
[ INFO : 2026-08-12 02:18:56,792 ] - Test_@[5, 10, 20, 50]: Recall=[0.03670, 0.06248, 0.09331, 0.15922],  precision=[0.00734, 0.00625, 0.00467, 0.00318], hit=[0.03670, 0.06248, 0.09331, 0.15922], ndcg=[0.02519, 0.03349, 0.04123, 0.05423], Train Rec Loss=[0.03298], Eval Rec Loss=[0.03309], c=[0.50000], F=[0.84389, 0.89111, 0.93527, 0.95592], F_fuse=[0.01456, 0.01241, 0.00928, 0.00635]
[ INFO : 2026-08-12 02:20:05,747 ] - Epoch 193: train==[57.06010 = 0.66407 + 0.60390 + 2.86111 + 0.01144 + 0.00000 + 0.00408 + 884.94450]
[ INFO : 2026-08-12 02:20:12,884 ] - Test_@[5, 10, 20, 50]: Recall=[0.03768, 0.06036, 0.09299, 0.15759],  precision=[0.00754, 0.00604, 0.00465, 0.00315], hit=[0.03768, 0.06036, 0.09299, 0.15759], ndcg=[0.02533, 0.03261, 0.04081, 0.05357], Train Rec Loss=[0.03298], Eval Rec Loss=[0.03310], c=[0.50000], F=[0.84536, 0.88974, 0.93496, 0.95576], F_fuse=[0.01494, 0.01199, 0.00925, 0.00628]
[ INFO : 2026-08-12 02:21:21,502 ] - Epoch 194: train==[57.04653 = 0.65811 + 0.60392 + 2.85352 + 0.01134 + 0.00000 + 0.00415 + 884.94450]
[ INFO : 2026-08-12 02:21:28,581 ] - Test_@[5, 10, 20, 50]: Recall=[0.03834, 0.06101, 0.09364, 0.16117],  precision=[0.00767, 0.00610, 0.00468, 0.00322], hit=[0.03834, 0.06101, 0.09364, 0.16117], ndcg=[0.02550, 0.03283, 0.04107, 0.05440], Train Rec Loss=[0.03297], Eval Rec Loss=[0.03309], c=[0.50000], F=[0.84616, 0.89241, 0.93353, 0.95605], F_fuse=[0.01520, 0.01212, 0.00932, 0.00643]
[ INFO : 2026-08-12 02:22:37,508 ] - Epoch 195: train==[57.07156 = 0.65897 + 0.60390 + 2.87649 + 0.01139 + 0.00000 + 0.00532 + 884.94450]
[ INFO : 2026-08-12 02:22:44,643 ] - Test_@[5, 10, 20, 50]: Recall=[0.03883, 0.06134, 0.09511, 0.16085],  precision=[0.00777, 0.00613, 0.00476, 0.00322], hit=[0.03883, 0.06134, 0.09511, 0.16085], ndcg=[0.02609, 0.03341, 0.04194, 0.05490], Train Rec Loss=[0.03298], Eval Rec Loss=[0.03307], c=[0.50000], F=[0.84609, 0.89276, 0.93551, 0.95593], F_fuse=[0.01539, 0.01218, 0.00946, 0.00641]
[ INFO : 2026-08-12 02:23:53,376 ] - Epoch 196: train==[56.98275 = 0.65767 + 0.60390 + 2.79033 + 0.01135 + 0.00000 + 0.00400 + 884.94450]
[ INFO : 2026-08-12 02:24:00,538 ] - Test_@[5, 10, 20, 50]: Recall=[0.03931, 0.06313, 0.09641, 0.16215],  precision=[0.00786, 0.00631, 0.00482, 0.00324], hit=[0.03931, 0.06313, 0.09641, 0.16215], ndcg=[0.02632, 0.03403, 0.04244, 0.05539], Train Rec Loss=[0.03297], Eval Rec Loss=[0.03308], c=[0.50000], F=[0.84569, 0.89170, 0.93317, 0.95639], F_fuse=[0.01558, 0.01254, 0.00959, 0.00646]
[ INFO : 2026-08-12 02:25:09,725 ] - Epoch 197: train==[56.94780 = 0.65568 + 0.60390 + 2.75726 + 0.01141 + 0.00000 + 0.00406 + 884.94450]
[ INFO : 2026-08-12 02:25:16,815 ] - Test_@[5, 10, 20, 50]: Recall=[0.03687, 0.05922, 0.09086, 0.15514],  precision=[0.00737, 0.00592, 0.00454, 0.00310], hit=[0.03687, 0.05922, 0.09086, 0.15514], ndcg=[0.02503, 0.03228, 0.04030, 0.05299], Train Rec Loss=[0.03295], Eval Rec Loss=[0.03308], c=[0.50000], F=[0.84533, 0.88960, 0.93223, 0.95585], F_fuse=[0.01462, 0.01177, 0.00904, 0.00619]
[ INFO : 2026-08-12 02:26:25,826 ] - Epoch 198: train==[57.04935 = 0.65149 + 0.60390 + 2.86157 + 0.01143 + 0.00000 + 0.00545 + 884.94450]
[ INFO : 2026-08-12 02:26:32,932 ] - Test_@[5, 10, 20, 50]: Recall=[0.03948, 0.06297, 0.09739, 0.16525],  precision=[0.00790, 0.00630, 0.00487, 0.00331], hit=[0.03948, 0.06297, 0.09739, 0.16525], ndcg=[0.02647, 0.03407, 0.04275, 0.05611], Train Rec Loss=[0.03296], Eval Rec Loss=[0.03308], c=[0.50000], F=[0.84661, 0.89193, 0.93218, 0.95445], F_fuse=[0.01565, 0.01251, 0.00969, 0.00659]
[ INFO : 2026-08-12 02:27:42,053 ] - Epoch 199: train==[56.98256 = 0.64801 + 0.60390 + 2.79918 + 0.01143 + 0.00000 + 0.00455 + 884.94450]
[ INFO : 2026-08-12 02:27:49,113 ] - Test_@[5, 10, 20, 50]: Recall=[0.03948, 0.06330, 0.09511, 0.16411],  precision=[0.00790, 0.00633, 0.00476, 0.00328], hit=[0.03948, 0.06330, 0.09511, 0.16411], ndcg=[0.02617, 0.03389, 0.04192, 0.05554], Train Rec Loss=[0.03297], Eval Rec Loss=[0.03307], c=[0.50000], F=[0.84637, 0.89222, 0.93288, 0.95457], F_fuse=[0.01565, 0.01257, 0.00946, 0.00654]
[ INFO : 2026-08-12 02:28:58,347 ] - Epoch 200: train==[56.99030 = 0.65351 + 0.60390 + 2.80196 + 0.01149 + 0.00000 + 0.00394 + 884.94450]
[ INFO : 2026-08-12 02:29:05,483 ] - Test_@[5, 10, 20, 50]: Recall=[0.03736, 0.05889, 0.09152, 0.15514],  precision=[0.00747, 0.00589, 0.00458, 0.00310], hit=[0.03736, 0.05889, 0.09152, 0.15514], ndcg=[0.02548, 0.03246, 0.04067, 0.05325], Train Rec Loss=[0.03296], Eval Rec Loss=[0.03307], c=[0.50000], F=[0.84389, 0.89020, 0.93312, 0.95558], F_fuse=[0.01481, 0.01170, 0.00911, 0.00619]
[ INFO : 2026-08-12 02:30:14,442 ] - Epoch 201: train==[56.93067 = 0.64716 + 0.60390 + 2.74788 + 0.01158 + 0.00000 + 0.00464 + 884.94450]
[ INFO : 2026-08-12 02:30:21,514 ] - Test_@[5, 10, 20, 50]: Recall=[0.03785, 0.06248, 0.09592, 0.16036],  precision=[0.00757, 0.00625, 0.00480, 0.00321], hit=[0.03785, 0.06248, 0.09592, 0.16036], ndcg=[0.02577, 0.03377, 0.04215, 0.05487], Train Rec Loss=[0.03296], Eval Rec Loss=[0.03306], c=[0.50000], F=[0.84475, 0.89079, 0.93280, 0.95398], F_fuse=[0.01500, 0.01241, 0.00954, 0.00639]
[ INFO : 2026-08-12 02:31:29,934 ] - Epoch 202: train==[56.97960 = 0.64205 + 0.60390 + 2.80210 + 0.01159 + 0.00000 + 0.00447 + 884.94450]
[ INFO : 2026-08-12 02:31:37,158 ] - Test_@[5, 10, 20, 50]: Recall=[0.04046, 0.06395, 0.09772, 0.16786],  precision=[0.00809, 0.00639, 0.00489, 0.00336], hit=[0.04046, 0.06395, 0.09772, 0.16786], ndcg=[0.02716, 0.03469, 0.04317, 0.05704], Train Rec Loss=[0.03296], Eval Rec Loss=[0.03307], c=[0.50000], F=[0.84598, 0.89090, 0.93025, 0.95350], F_fuse=[0.01603, 0.01270, 0.00972, 0.00669]
[ INFO : 2026-08-12 02:32:45,840 ] - Epoch 203: train==[56.87451 = 0.63888 + 0.60390 + 2.69984 + 0.01161 + 0.00000 + 0.00478 + 884.94450]
[ INFO : 2026-08-12 02:32:52,893 ] - Test_@[5, 10, 20, 50]: Recall=[0.03817, 0.06215, 0.09364, 0.16003],  precision=[0.00763, 0.00622, 0.00468, 0.00320], hit=[0.03817, 0.06215, 0.09364, 0.16003], ndcg=[0.02536, 0.03303, 0.04091, 0.05401], Train Rec Loss=[0.03296], Eval Rec Loss=[0.03307], c=[0.50000], F=[0.84485, 0.89081, 0.93261, 0.95516], F_fuse=[0.01513, 0.01234, 0.00932, 0.00638]
[ INFO : 2026-08-12 02:34:01,018 ] - Epoch 204: train==[56.95412 = 0.63985 + 0.60390 + 2.77942 + 0.01158 + 0.00000 + 0.00387 + 884.94450]
[ INFO : 2026-08-12 02:34:08,187 ] - Test_@[5, 10, 20, 50]: Recall=[0.03948, 0.06460, 0.09772, 0.16639],  precision=[0.00790, 0.00646, 0.00489, 0.00333], hit=[0.03948, 0.06460, 0.09772, 0.16639], ndcg=[0.02627, 0.03435, 0.04263, 0.05615], Train Rec Loss=[0.03295], Eval Rec Loss=[0.03305], c=[0.50000], F=[0.84616, 0.89207, 0.93117, 0.95367], F_fuse=[0.01565, 0.01283, 0.00972, 0.00663]
[ INFO : 2026-08-12 02:35:16,878 ] - Epoch 205: train==[56.87216 = 0.63737 + 0.60390 + 2.69785 + 0.01154 + 0.00000 + 0.00599 + 884.94450]
[ INFO : 2026-08-12 02:35:24,037 ] - Test_@[5, 10, 20, 50]: Recall=[0.04111, 0.06460, 0.09951, 0.16933],  precision=[0.00822, 0.00646, 0.00498, 0.00339], hit=[0.04111, 0.06460, 0.09951, 0.16933], ndcg=[0.02719, 0.03469, 0.04345, 0.05714], Train Rec Loss=[0.03295], Eval Rec Loss=[0.03306], c=[0.50000], F=[0.84522, 0.88961, 0.93040, 0.95298], F_fuse=[0.01629, 0.01283, 0.00990, 0.00675]
[ INFO : 2026-08-12 02:36:32,985 ] - Epoch 206: train==[56.92904 = 0.63739 + 0.60390 + 2.75513 + 0.01154 + 0.00000 + 0.00559 + 884.94450]
[ INFO : 2026-08-12 02:36:40,050 ] - Test_@[5, 10, 20, 50]: Recall=[0.03670, 0.05742, 0.08989, 0.15530],  precision=[0.00734, 0.00574, 0.00449, 0.00311], hit=[0.03670, 0.05742, 0.08989, 0.15530], ndcg=[0.02406, 0.03076, 0.03896, 0.05186], Train Rec Loss=[0.03295], Eval Rec Loss=[0.03306], c=[0.50000], F=[0.84378, 0.88960, 0.93256, 0.95689], F_fuse=[0.01456, 0.01141, 0.00895, 0.00619]
[ INFO : 2026-08-12 02:37:48,986 ] - Epoch 207: train==[56.82514 = 0.63548 + 0.60390 + 2.65470 + 0.01155 + 0.00000 + 0.00399 + 884.94450]
[ INFO : 2026-08-12 02:37:56,090 ] - Test_@[5, 10, 20, 50]: Recall=[0.04029, 0.06493, 0.09853, 0.16378],  precision=[0.00806, 0.00649, 0.00493, 0.00328], hit=[0.04029, 0.06493, 0.09853, 0.16378], ndcg=[0.02684, 0.03477, 0.04317, 0.05605], Train Rec Loss=[0.03296], Eval Rec Loss=[0.03304], c=[0.50000], F=[0.84379, 0.89321, 0.93401, 0.95536], F_fuse=[0.01596, 0.01289, 0.00980, 0.00653]
[ INFO : 2026-08-12 02:39:04,593 ] - Epoch 208: train==[56.90665 = 0.63425 + 0.60390 + 2.73732 + 0.01153 + 0.00000 + 0.00416 + 884.94450]
[ INFO : 2026-08-12 02:39:11,734 ] - Test_@[5, 10, 20, 50]: Recall=[0.03964, 0.06395, 0.09657, 0.16509],  precision=[0.00793, 0.00639, 0.00483, 0.00330], hit=[0.03964, 0.06395, 0.09657, 0.16509], ndcg=[0.02662, 0.03443, 0.04258, 0.05609], Train Rec Loss=[0.03295], Eval Rec Loss=[0.03306], c=[0.50000], F=[0.84316, 0.89085, 0.93100, 0.95382], F_fuse=[0.01571, 0.01270, 0.00961, 0.00658]
[ INFO : 2026-08-12 02:40:20,690 ] - Epoch 209: train==[56.87613 = 0.62941 + 0.60390 + 2.71127 + 0.01155 + 0.00000 + 0.00449 + 884.94450]
[ INFO : 2026-08-12 02:40:27,871 ] - Test_@[5, 10, 20, 50]: Recall=[0.03997, 0.06427, 0.09788, 0.16427],  precision=[0.00799, 0.00643, 0.00489, 0.00329], hit=[0.03997, 0.06427, 0.09788, 0.16427], ndcg=[0.02673, 0.03457, 0.04298, 0.05596], Train Rec Loss=[0.03294], Eval Rec Loss=[0.03306], c=[0.50000], F=[0.84392, 0.89151, 0.93043, 0.95394], F_fuse=[0.01584, 0.01276, 0.00974, 0.00655]
[ INFO : 2026-08-12 02:41:36,622 ] - Epoch 210: train==[56.82962 = 0.62648 + 0.60390 + 2.66775 + 0.01152 + 0.00000 + 0.00447 + 884.94450]
[ INFO : 2026-08-12 02:41:43,781 ] - Test_@[5, 10, 20, 50]: Recall=[0.03736, 0.06281, 0.09608, 0.16183],  precision=[0.00747, 0.00628, 0.00480, 0.00324], hit=[0.03736, 0.06281, 0.09608, 0.16183], ndcg=[0.02571, 0.03392, 0.04231, 0.05525], Train Rec Loss=[0.03295], Eval Rec Loss=[0.03305], c=[0.50000], F=[0.84757, 0.89070, 0.93044, 0.95362], F_fuse=[0.01481, 0.01247, 0.00956, 0.00645]
[ INFO : 2026-08-12 02:42:52,297 ] - Epoch 211: train==[56.87630 = 0.63314 + 0.60390 + 2.70812 + 0.01153 + 0.00000 + 0.00411 + 884.94450]
[ INFO : 2026-08-12 02:42:59,436 ] - Test_@[5, 10, 20, 50]: Recall=[0.03964, 0.06411, 0.09592, 0.16264],  precision=[0.00793, 0.00641, 0.00480, 0.00325], hit=[0.03964, 0.06411, 0.09592, 0.16264], ndcg=[0.02674, 0.03464, 0.04262, 0.05574], Train Rec Loss=[0.03294], Eval Rec Loss=[0.03303], c=[0.50000], F=[0.84350, 0.89184, 0.93214, 0.95529], F_fuse=[0.01571, 0.01273, 0.00954, 0.00648]
[ INFO : 2026-08-12 02:44:08,130 ] - Epoch 212: train==[56.85784 = 0.62949 + 0.60390 + 2.69369 + 0.01155 + 0.00000 + 0.00371 + 884.94450]
[ INFO : 2026-08-12 02:44:15,259 ] - Test_@[5, 10, 20, 50]: Recall=[0.03834, 0.05905, 0.09347, 0.15693],  precision=[0.00767, 0.00591, 0.00467, 0.00314], hit=[0.03834, 0.05905, 0.09347, 0.15693], ndcg=[0.02578, 0.03246, 0.04113, 0.05367], Train Rec Loss=[0.03294], Eval Rec Loss=[0.03304], c=[0.50000], F=[0.84635, 0.89164, 0.93304, 0.95715], F_fuse=[0.01520, 0.01173, 0.00930, 0.00626]
[ INFO : 2026-08-12 02:45:24,399 ] - Epoch 213: train==[56.80421 = 0.62248 + 0.60390 + 2.64702 + 0.01159 + 0.00000 + 0.00372 + 884.94450]
[ INFO : 2026-08-12 02:45:31,480 ] - Test_@[5, 10, 20, 50]: Recall=[0.03817, 0.06232, 0.09608, 0.16036],  precision=[0.00763, 0.00623, 0.00480, 0.00321], hit=[0.03817, 0.06232, 0.09608, 0.16036], ndcg=[0.02581, 0.03360, 0.04205, 0.05471], Train Rec Loss=[0.03294], Eval Rec Loss=[0.03305], c=[0.50000], F=[0.84382, 0.89048, 0.93074, 0.95329], F_fuse=[0.01513, 0.01238, 0.00956, 0.00639]
[ INFO : 2026-08-12 02:46:40,219 ] - Epoch 214: train==[56.78925 = 0.62292 + 0.60390 + 2.63134 + 0.01165 + 0.00000 + 0.00394 + 884.94450]
[ INFO : 2026-08-12 02:46:47,292 ] - Test_@[5, 10, 20, 50]: Recall=[0.03605, 0.05873, 0.09021, 0.15351],  precision=[0.00721, 0.00587, 0.00451, 0.00307], hit=[0.03605, 0.05873, 0.09021, 0.15351], ndcg=[0.02385, 0.03122, 0.03911, 0.05162], Train Rec Loss=[0.03294], Eval Rec Loss=[0.03303], c=[0.50000], F=[0.84333, 0.89022, 0.93216, 0.95655], F_fuse=[0.01430, 0.01167, 0.00898, 0.00612]
[ INFO : 2026-08-12 02:47:55,916 ] - Epoch 215: train==[56.76802 = 0.62114 + 0.60390 + 2.61192 + 0.01155 + 0.00000 + 0.00400 + 884.94450]
[ INFO : 2026-08-12 02:48:03,076 ] - Test_@[5, 10, 20, 50]: Recall=[0.03899, 0.06199, 0.09543, 0.16003],  precision=[0.00780, 0.00620, 0.00477, 0.00320], hit=[0.03899, 0.06199, 0.09543, 0.16003], ndcg=[0.02621, 0.03362, 0.04202, 0.05477], Train Rec Loss=[0.03294], Eval Rec Loss=[0.03304], c=[0.50000], F=[0.84492, 0.89059, 0.93102, 0.95479], F_fuse=[0.01545, 0.01231, 0.00949, 0.00638]
[ INFO : 2026-08-12 02:49:11,253 ] - Epoch 216: train==[56.76882 = 0.61914 + 0.60390 + 2.61477 + 0.01162 + 0.00000 + 0.00388 + 884.94450]
[ INFO : 2026-08-12 02:49:18,383 ] - Test_@[5, 10, 20, 50]: Recall=[0.03866, 0.06232, 0.09641, 0.16183],  precision=[0.00773, 0.00623, 0.00482, 0.00324], hit=[0.03866, 0.06232, 0.09641, 0.16183], ndcg=[0.02616, 0.03377, 0.04231, 0.05522], Train Rec Loss=[0.03293], Eval Rec Loss=[0.03304], c=[0.50000], F=[0.84645, 0.89185, 0.93204, 0.95433], F_fuse=[0.01532, 0.01238, 0.00959, 0.00645]
[ INFO : 2026-08-12 02:50:26,798 ] - Epoch 217: train==[56.79517 = 0.61657 + 0.60390 + 2.64407 + 0.01157 + 0.00000 + 0.00356 + 884.94450]
[ INFO : 2026-08-12 02:50:33,962 ] - Test_@[5, 10, 20, 50]: Recall=[0.03997, 0.06444, 0.09804, 0.16460],  precision=[0.00799, 0.00644, 0.00490, 0.00329], hit=[0.03997, 0.06444, 0.09804, 0.16460], ndcg=[0.02708, 0.03498, 0.04339, 0.05648], Train Rec Loss=[0.03293], Eval Rec Loss=[0.03303], c=[0.50000], F=[0.84572, 0.89207, 0.93117, 0.95475], F_fuse=[0.01584, 0.01280, 0.00975, 0.00656]
[ INFO : 2026-08-12 02:51:41,729 ] - Epoch 218: train==[56.78526 = 0.61476 + 0.60390 + 2.63626 + 0.01152 + 0.00000 + 0.00332 + 884.94450]
[ INFO : 2026-08-12 02:51:48,799 ] - Test_@[5, 10, 20, 50]: Recall=[0.04062, 0.06460, 0.09788, 0.16509],  precision=[0.00812, 0.00646, 0.00489, 0.00330], hit=[0.04062, 0.06460, 0.09788, 0.16509], ndcg=[0.02717, 0.03491, 0.04326, 0.05648], Train Rec Loss=[0.03293], Eval Rec Loss=[0.03303], c=[0.50000], F=[0.84344, 0.89186, 0.93179, 0.95359], F_fuse=[0.01609, 0.01283, 0.00974, 0.00658]
[ INFO : 2026-08-12 02:52:57,297 ] - Epoch 219: train==[56.77069 = 0.61286 + 0.60390 + 2.62332 + 0.01157 + 0.00000 + 0.00353 + 884.94450]
[ INFO : 2026-08-12 02:53:04,440 ] - Test_@[5, 10, 20, 50]: Recall=[0.04095, 0.06427, 0.09918, 0.16427],  precision=[0.00819, 0.00643, 0.00496, 0.00329], hit=[0.04095, 0.06427, 0.09918, 0.16427], ndcg=[0.02738, 0.03487, 0.04366, 0.05645], Train Rec Loss=[0.03293], Eval Rec Loss=[0.03304], c=[0.50000], F=[0.84811, 0.89126, 0.92904, 0.95267], F_fuse=[0.01622, 0.01276, 0.00987, 0.00655]
[ INFO : 2026-08-12 02:54:12,603 ] - Epoch 220: train==[56.76235 = 0.61532 + 0.60390 + 2.61229 + 0.01158 + 0.00000 + 0.00376 + 884.94450]
[ INFO : 2026-08-12 02:54:19,742 ] - Test_@[5, 10, 20, 50]: Recall=[0.04062, 0.06444, 0.09788, 0.16362],  precision=[0.00812, 0.00644, 0.00489, 0.00327], hit=[0.04062, 0.06444, 0.09788, 0.16362], ndcg=[0.02699, 0.03463, 0.04300, 0.05595], Train Rec Loss=[0.03293], Eval Rec Loss=[0.03303], c=[0.50000], F=[0.84327, 0.89185, 0.93215, 0.95494], F_fuse=[0.01609, 0.01279, 0.00974, 0.00652]
[ INFO : 2026-08-12 02:55:27,818 ] - Epoch 221: train==[56.72639 = 0.60945 + 0.60390 + 2.58245 + 0.01151 + 0.00000 + 0.00358 + 884.94450]
[ INFO : 2026-08-12 02:55:34,956 ] - Test_@[5, 10, 20, 50]: Recall=[0.04144, 0.06558, 0.09886, 0.16623],  precision=[0.00829, 0.00656, 0.00494, 0.00332], hit=[0.04144, 0.06558, 0.09886, 0.16623], ndcg=[0.02745, 0.03520, 0.04354, 0.05678], Train Rec Loss=[0.03292], Eval Rec Loss=[0.03302], c=[0.50000], F=[0.84386, 0.89135, 0.93185, 0.95475], F_fuse=[0.01641, 0.01302, 0.00983, 0.00663]
[ INFO : 2026-08-12 02:56:43,443 ] - Epoch 222: train==[56.75517 = 0.60795 + 0.60390 + 2.61156 + 0.01156 + 0.00000 + 0.00470 + 884.94450]
[ INFO : 2026-08-12 02:56:50,575 ] - Test_@[5, 10, 20, 50]: Recall=[0.04095, 0.06623, 0.09935, 0.16705],  precision=[0.00819, 0.00662, 0.00497, 0.00334], hit=[0.04095, 0.06623, 0.09935, 0.16705], ndcg=[0.02771, 0.03586, 0.04416, 0.05746], Train Rec Loss=[0.03291], Eval Rec Loss=[0.03303], c=[0.50000], F=[0.84641, 0.89147, 0.93191, 0.95464], F_fuse=[0.01622, 0.01315, 0.00988, 0.00666]
[ INFO : 2026-08-12 02:57:58,421 ] - Epoch 223: train==[56.76985 = 0.60368 + 0.60390 + 2.63006 + 0.01155 + 0.00000 + 0.00516 + 884.94450]
[ INFO : 2026-08-12 02:58:05,477 ] - Test_@[5, 10, 20, 50]: Recall=[0.04144, 0.06313, 0.09755, 0.16378],  precision=[0.00829, 0.00631, 0.00488, 0.00328], hit=[0.04144, 0.06313, 0.09755, 0.16378], ndcg=[0.02739, 0.03436, 0.04300, 0.05605], Train Rec Loss=[0.03292], Eval Rec Loss=[0.03302], c=[0.50000], F=[0.84496, 0.89132, 0.93019, 0.95402], F_fuse=[0.01641, 0.01254, 0.00970, 0.00653]
[ INFO : 2026-08-12 02:59:13,919 ] - Epoch 224: train==[56.70488 = 0.60735 + 0.60390 + 2.56242 + 0.01166 + 0.00000 + 0.00405 + 884.94450]
[ INFO : 2026-08-12 02:59:20,993 ] - Test_@[5, 10, 20, 50]: Recall=[0.04062, 0.06378, 0.09560, 0.16020],  precision=[0.00812, 0.00638, 0.00478, 0.00320], hit=[0.04062, 0.06378, 0.09560, 0.16020], ndcg=[0.02677, 0.03416, 0.04212, 0.05491], Train Rec Loss=[0.03292], Eval Rec Loss=[0.03302], c=[0.50000], F=[0.84308, 0.89165, 0.93106, 0.95489], F_fuse=[0.01609, 0.01267, 0.00951, 0.00639]
[ INFO : 2026-08-12 03:00:29,319 ] - Epoch 225: train==[56.72547 = 0.60791 + 0.60390 + 2.58293 + 0.01167 + 0.00000 + 0.00356 + 884.94450]
[ INFO : 2026-08-12 03:00:36,478 ] - Test_@[5, 10, 20, 50]: Recall=[0.03948, 0.06281, 0.09706, 0.16215],  precision=[0.00790, 0.00628, 0.00485, 0.00324], hit=[0.03948, 0.06281, 0.09706, 0.16215], ndcg=[0.02640, 0.03394, 0.04255, 0.05541], Train Rec Loss=[0.03291], Eval Rec Loss=[0.03302], c=[0.50000], F=[0.84981, 0.89210, 0.93171, 0.95374], F_fuse=[0.01565, 0.01247, 0.00966, 0.00646]
[ INFO : 2026-08-12 03:01:44,431 ] - Epoch 226: train==[56.74296 = 0.59824 + 0.60390 + 2.60906 + 0.01165 + 0.00000 + 0.00462 + 884.94450]
[ INFO : 2026-08-12 03:01:51,497 ] - Test_@[5, 10, 20, 50]: Recall=[0.04013, 0.06346, 0.09772, 0.16330],  precision=[0.00803, 0.00635, 0.00489, 0.00327], hit=[0.04013, 0.06346, 0.09772, 0.16330], ndcg=[0.02685, 0.03434, 0.04294, 0.05590], Train Rec Loss=[0.03291], Eval Rec Loss=[0.03302], c=[0.50000], F=[0.84786, 0.89218, 0.92999, 0.95317], F_fuse=[0.01590, 0.01260, 0.00972, 0.00651]
[ INFO : 2026-08-12 03:02:59,986 ] - Epoch 227: train==[56.67289 = 0.59782 + 0.60390 + 2.53964 + 0.01169 + 0.00000 + 0.00433 + 884.94450]
[ INFO : 2026-08-12 03:03:07,048 ] - Test_@[5, 10, 20, 50]: Recall=[0.03915, 0.06264, 0.09804, 0.16020],  precision=[0.00783, 0.00626, 0.00490, 0.00320], hit=[0.03915, 0.06264, 0.09804, 0.16020], ndcg=[0.02649, 0.03404, 0.04292, 0.05519], Train Rec Loss=[0.03290], Eval Rec Loss=[0.03303], c=[0.50000], F=[0.84679, 0.89198, 0.93021, 0.95365], F_fuse=[0.01552, 0.01244, 0.00975, 0.00639]
[ INFO : 2026-08-12 03:04:15,700 ] - Epoch 228: train==[56.67583 = 0.60115 + 0.60390 + 2.53900 + 0.01176 + 0.00000 + 0.00452 + 884.94450]
[ INFO : 2026-08-12 03:04:22,829 ] - Test_@[5, 10, 20, 50]: Recall=[0.03785, 0.06036, 0.09723, 0.15840],  precision=[0.00757, 0.00604, 0.00486, 0.00317], hit=[0.03785, 0.06036, 0.09723, 0.15840], ndcg=[0.02565, 0.03296, 0.04220, 0.05420], Train Rec Loss=[0.03291], Eval Rec Loss=[0.03302], c=[0.50000], F=[0.84672, 0.89162, 0.93093, 0.95512], F_fuse=[0.01500, 0.01199, 0.00967, 0.00632]
[ INFO : 2026-08-12 03:05:31,300 ] - Epoch 229: train==[56.74704 = 0.59958 + 0.60390 + 2.61233 + 0.01176 + 0.00000 + 0.00397 + 884.94450]
[ INFO : 2026-08-12 03:05:38,362 ] - Test_@[5, 10, 20, 50]: Recall=[0.03736, 0.05954, 0.09511, 0.15449],  precision=[0.00747, 0.00595, 0.00476, 0.00309], hit=[0.03736, 0.05954, 0.09511, 0.15449], ndcg=[0.02565, 0.03279, 0.04170, 0.05335], Train Rec Loss=[0.03291], Eval Rec Loss=[0.03301], c=[0.50000], F=[0.84283, 0.88815, 0.92879, 0.95309], F_fuse=[0.01481, 0.01183, 0.00946, 0.00616]
[ INFO : 2026-08-12 03:06:46,749 ] - Epoch 230: train==[56.71317 = 0.59666 + 0.60390 + 2.58128 + 0.01177 + 0.00000 + 0.00405 + 884.94450]
[ INFO : 2026-08-12 03:06:53,886 ] - Test_@[5, 10, 20, 50]: Recall=[0.03834, 0.06085, 0.09674, 0.15922],  precision=[0.00767, 0.00608, 0.00484, 0.00318], hit=[0.03834, 0.06085, 0.09674, 0.15922], ndcg=[0.02602, 0.03328, 0.04234, 0.05470], Train Rec Loss=[0.03291], Eval Rec Loss=[0.03301], c=[0.50000], F=[0.84626, 0.89064, 0.92924, 0.95365], F_fuse=[0.01520, 0.01209, 0.00962, 0.00635]
[ INFO : 2026-08-12 03:08:02,496 ] - Epoch 231: train==[56.67891 = 0.59381 + 0.60390 + 2.55049 + 0.01185 + 0.00000 + 0.00336 + 884.94450]
[ INFO : 2026-08-12 03:08:09,565 ] - Test_@[5, 10, 20, 50]: Recall=[0.03850, 0.06264, 0.09788, 0.16085],  precision=[0.00770, 0.00626, 0.00489, 0.00322], hit=[0.03850, 0.06264, 0.09788, 0.16085], ndcg=[0.02598, 0.03379, 0.04264, 0.05502], Train Rec Loss=[0.03291], Eval Rec Loss=[0.03301], c=[0.50000], F=[0.84486, 0.89078, 0.93146, 0.95436], F_fuse=[0.01526, 0.01244, 0.00974, 0.00641]
[ INFO : 2026-08-12 03:09:18,426 ] - Epoch 232: train==[56.65588 = 0.59300 + 0.60390 + 2.52814 + 0.01181 + 0.00000 + 0.00354 + 884.94450]
[ INFO : 2026-08-12 03:09:25,569 ] - Test_@[5, 10, 20, 50]: Recall=[0.04046, 0.06411, 0.09902, 0.16509],  precision=[0.00809, 0.00641, 0.00495, 0.00330], hit=[0.04046, 0.06411, 0.09902, 0.16509], ndcg=[0.02712, 0.03474, 0.04352, 0.05655], Train Rec Loss=[0.03290], Eval Rec Loss=[0.03302], c=[0.50000], F=[0.84486, 0.89369, 0.93326, 0.95470], F_fuse=[0.01603, 0.01273, 0.00985, 0.00658]
[ INFO : 2026-08-12 03:10:34,237 ] - Epoch 233: train==[56.65602 = 0.59067 + 0.60390 + 2.53009 + 0.01189 + 0.00000 + 0.00396 + 884.94450]
[ INFO : 2026-08-12 03:10:41,376 ] - Test_@[5, 10, 20, 50]: Recall=[0.04078, 0.06378, 0.09625, 0.16150],  precision=[0.00816, 0.00638, 0.00481, 0.00323], hit=[0.04078, 0.06378, 0.09625, 0.16150], ndcg=[0.02726, 0.03460, 0.04273, 0.05558], Train Rec Loss=[0.03290], Eval Rec Loss=[0.03301], c=[0.50000], F=[0.84331, 0.89212, 0.93310, 0.95546], F_fuse=[0.01616, 0.01267, 0.00958, 0.00644]
[ INFO : 2026-08-12 03:11:48,537 ] - Epoch 234: train==[56.65229 = 0.59175 + 0.60390 + 2.52513 + 0.01189 + 0.00000 + 0.00411 + 884.94450]
[ INFO : 2026-08-12 03:11:55,677 ] - Test_@[5, 10, 20, 50]: Recall=[0.04013, 0.05938, 0.09396, 0.15710],  precision=[0.00803, 0.00594, 0.00470, 0.00314], hit=[0.04013, 0.05938, 0.09396, 0.15710], ndcg=[0.02637, 0.03261, 0.04134, 0.05384], Train Rec Loss=[0.03290], Eval Rec Loss=[0.03302], c=[0.50000], F=[0.84385, 0.89155, 0.93106, 0.95492], F_fuse=[0.01590, 0.01180, 0.00935, 0.00626]
[ INFO : 2026-08-12 03:13:04,375 ] - Epoch 235: train==[56.63867 = 0.58684 + 0.60390 + 2.51620 + 0.01196 + 0.00000 + 0.00427 + 884.94450]
[ INFO : 2026-08-12 03:13:11,448 ] - Test_@[5, 10, 20, 50]: Recall=[0.03964, 0.06085, 0.09608, 0.15905],  precision=[0.00793, 0.00608, 0.00480, 0.00318], hit=[0.03964, 0.06085, 0.09608, 0.15905], ndcg=[0.02612, 0.03291, 0.04177, 0.05422], Train Rec Loss=[0.03290], Eval Rec Loss=[0.03301], c=[0.50000], F=[0.84436, 0.89050, 0.93047, 0.95416], F_fuse=[0.01571, 0.01209, 0.00956, 0.00634]
[ INFO : 2026-08-12 03:14:20,984 ] - Epoch 236: train==[56.63751 = 0.58585 + 0.60390 + 2.51647 + 0.01197 + 0.00000 + 0.00382 + 884.94450]
[ INFO : 2026-08-12 03:14:28,111 ] - Test_@[5, 10, 20, 50]: Recall=[0.03931, 0.06411, 0.09918, 0.16607],  precision=[0.00786, 0.00641, 0.00496, 0.00332], hit=[0.03931, 0.06411, 0.09918, 0.16607], ndcg=[0.02667, 0.03469, 0.04352, 0.05669], Train Rec Loss=[0.03290], Eval Rec Loss=[0.03300], c=[0.50000], F=[0.84812, 0.89274, 0.93090, 0.95339], F_fuse=[0.01558, 0.01273, 0.00987, 0.00662]
[ INFO : 2026-08-12 03:15:36,755 ] - Epoch 237: train==[56.56782 = 0.58806 + 0.60390 + 2.44496 + 0.01193 + 0.00000 + 0.00346 + 884.94450]
[ INFO : 2026-08-12 03:15:43,916 ] - Test_@[5, 10, 20, 50]: Recall=[0.04062, 0.06444, 0.09821, 0.16183],  precision=[0.00812, 0.00644, 0.00491, 0.00324], hit=[0.04062, 0.06444, 0.09821, 0.16183], ndcg=[0.02708, 0.03473, 0.04318, 0.05574], Train Rec Loss=[0.03289], Eval Rec Loss=[0.03301], c=[0.50000], F=[0.84451, 0.89295, 0.93121, 0.95470], F_fuse=[0.01609, 0.01280, 0.00977, 0.00645]
[ INFO : 2026-08-12 03:16:52,609 ] - Epoch 238: train==[56.54816 = 0.58046 + 0.60390 + 2.43291 + 0.01198 + 0.00000 + 0.00341 + 884.94450]
[ INFO : 2026-08-12 03:16:59,684 ] - Test_@[5, 10, 20, 50]: Recall=[0.04160, 0.06623, 0.09967, 0.16639],  precision=[0.00832, 0.00662, 0.00498, 0.00333], hit=[0.04160, 0.06623, 0.09967, 0.16639], ndcg=[0.02787, 0.03576, 0.04414, 0.05726], Train Rec Loss=[0.03290], Eval Rec Loss=[0.03301], c=[0.50000], F=[0.84507, 0.89320, 0.93180, 0.95398], F_fuse=[0.01648, 0.01315, 0.00991, 0.00663]
[ INFO : 2026-08-12 03:18:08,529 ] - Epoch 239: train==[56.60495 = 0.58000 + 0.60390 + 2.48946 + 0.01196 + 0.00000 + 0.00412 + 884.94450]
[ INFO : 2026-08-12 03:18:15,662 ] - Test_@[5, 10, 20, 50]: Recall=[0.03834, 0.05905, 0.09364, 0.15449],  precision=[0.00767, 0.00591, 0.00468, 0.00309], hit=[0.03834, 0.05905, 0.09364, 0.15449], ndcg=[0.02546, 0.03216, 0.04084, 0.05291], Train Rec Loss=[0.03289], Eval Rec Loss=[0.03300], c=[0.50000], F=[0.84464, 0.89226, 0.93354, 0.95719], F_fuse=[0.01520, 0.01173, 0.00932, 0.00616]
[ INFO : 2026-08-12 03:19:24,065 ] - Epoch 240: train==[56.65593 = 0.57907 + 0.60390 + 2.54011 + 0.01177 + 0.00000 + 0.00558 + 884.94450]
[ INFO : 2026-08-12 03:19:31,210 ] - Test_@[5, 10, 20, 50]: Recall=[0.04029, 0.06542, 0.09608, 0.16264],  precision=[0.00806, 0.00654, 0.00480, 0.00325], hit=[0.04029, 0.06542, 0.09608, 0.16264], ndcg=[0.02728, 0.03540, 0.04310, 0.05622], Train Rec Loss=[0.03289], Eval Rec Loss=[0.03300], c=[0.50000], F=[0.84630, 0.89175, 0.92893, 0.95327], F_fuse=[0.01597, 0.01299, 0.00956, 0.00648]
[ INFO : 2026-08-12 03:20:39,762 ] - Epoch 241: train==[56.62095 = 0.57700 + 0.60390 + 2.50855 + 0.01192 + 0.00000 + 0.00409 + 884.94450]
[ INFO : 2026-08-12 03:20:46,913 ] - Test_@[5, 10, 20, 50]: Recall=[0.04029, 0.06150, 0.09739, 0.15856],  precision=[0.00806, 0.00615, 0.00487, 0.00317], hit=[0.04029, 0.06150, 0.09739, 0.15856], ndcg=[0.02664, 0.03348, 0.04250, 0.05454], Train Rec Loss=[0.03289], Eval Rec Loss=[0.03299], c=[0.50000], F=[0.84546, 0.89027, 0.92913, 0.95324], F_fuse=[0.01597, 0.01222, 0.00969, 0.00632]
[ INFO : 2026-08-12 03:21:54,817 ] - Epoch 242: train==[56.60604 = 0.57532 + 0.60390 + 2.49551 + 0.01193 + 0.00000 + 0.00387 + 884.94450]
[ INFO : 2026-08-12 03:22:01,948 ] - Test_@[5, 10, 20, 50]: Recall=[0.04046, 0.06460, 0.09902, 0.16493],  precision=[0.00809, 0.00646, 0.00495, 0.00330], hit=[0.04046, 0.06460, 0.09902, 0.16493], ndcg=[0.02732, 0.03510, 0.04377, 0.05676], Train Rec Loss=[0.03289], Eval Rec Loss=[0.03299], c=[0.50000], F=[0.84809, 0.89243, 0.92937, 0.95235], F_fuse=[0.01603, 0.01283, 0.00985, 0.00657]
[ INFO : 2026-08-12 03:23:09,886 ] - Epoch 243: train==[56.55955 = 0.57231 + 0.60390 + 2.45194 + 0.01197 + 0.00000 + 0.00392 + 884.94450]
[ INFO : 2026-08-12 03:23:16,975 ] - Test_@[5, 10, 20, 50]: Recall=[0.04225, 0.06737, 0.10082, 0.16623],  precision=[0.00845, 0.00674, 0.00504, 0.00332], hit=[0.04225, 0.06737, 0.10082, 0.16623], ndcg=[0.02809, 0.03613, 0.04447, 0.05738], Train Rec Loss=[0.03289], Eval Rec Loss=[0.03300], c=[0.50000], F=[0.84491, 0.89465, 0.93307, 0.95560], F_fuse=[0.01673, 0.01337, 0.01003, 0.00663]
[ INFO : 2026-08-12 03:24:25,514 ] - Epoch 244: train==[56.59749 = 0.57409 + 0.60391 + 2.48823 + 0.01208 + 0.00000 + 0.00368 + 884.94450]
[ INFO : 2026-08-12 03:24:32,637 ] - Test_@[5, 10, 20, 50]: Recall=[0.04258, 0.06623, 0.10294, 0.16852],  precision=[0.00852, 0.00662, 0.00515, 0.00337], hit=[0.04258, 0.06623, 0.10294, 0.16852], ndcg=[0.02815, 0.03571, 0.04497, 0.05786], Train Rec Loss=[0.03288], Eval Rec Loss=[0.03299], c=[0.50000], F=[0.84931, 0.89317, 0.93232, 0.95502], F_fuse=[0.01686, 0.01315, 0.01024, 0.00672]
[ INFO : 2026-08-12 03:25:41,398 ] - Epoch 245: train==[56.52338 = 0.56971 + 0.60390 + 2.41789 + 0.01210 + 0.00000 + 0.00428 + 884.94450]
[ INFO : 2026-08-12 03:25:48,555 ] - Test_@[5, 10, 20, 50]: Recall=[0.04111, 0.06297, 0.09723, 0.16069],  precision=[0.00822, 0.00630, 0.00486, 0.00321], hit=[0.04111, 0.06297, 0.09723, 0.16069], ndcg=[0.02696, 0.03401, 0.04258, 0.05511], Train Rec Loss=[0.03289], Eval Rec Loss=[0.03299], c=[0.50000], F=[0.84212, 0.89051, 0.93065, 0.95327], F_fuse=[0.01628, 0.01251, 0.00967, 0.00641]
[ INFO : 2026-08-12 03:26:57,045 ] - Epoch 246: train==[56.51677 = 0.57205 + 0.60390 + 2.40964 + 0.01209 + 0.00000 + 0.00358 + 884.94450]
[ INFO : 2026-08-12 03:27:04,172 ] - Test_@[5, 10, 20, 50]: Recall=[0.03997, 0.06150, 0.09739, 0.15905],  precision=[0.00799, 0.00615, 0.00487, 0.00318], hit=[0.03997, 0.06150, 0.09739, 0.15905], ndcg=[0.02665, 0.03360, 0.04261, 0.05476], Train Rec Loss=[0.03289], Eval Rec Loss=[0.03299], c=[0.50000], F=[0.84336, 0.89115, 0.92954, 0.95319], F_fuse=[0.01584, 0.01222, 0.00969, 0.00634]
[ INFO : 2026-08-12 03:28:12,316 ] - Epoch 247: train==[56.53914 = 0.57111 + 0.60390 + 2.43268 + 0.01213 + 0.00000 + 0.00381 + 884.94450]
[ INFO : 2026-08-12 03:28:19,382 ] - Test_@[5, 10, 20, 50]: Recall=[0.03980, 0.06248, 0.09739, 0.15759],  precision=[0.00796, 0.00625, 0.00487, 0.00315], hit=[0.03980, 0.06248, 0.09739, 0.15759], ndcg=[0.02678, 0.03407, 0.04283, 0.05469], Train Rec Loss=[0.03288], Eval Rec Loss=[0.03298], c=[0.50000], F=[0.84442, 0.89128, 0.93065, 0.95415], F_fuse=[0.01577, 0.01241, 0.00969, 0.00628]
[ INFO : 2026-08-12 03:29:27,701 ] - Epoch 248: train==[56.56098 = 0.56597 + 0.60390 + 2.46052 + 0.01217 + 0.00000 + 0.00292 + 884.94450]
[ INFO : 2026-08-12 03:29:34,832 ] - Test_@[5, 10, 20, 50]: Recall=[0.04095, 0.06460, 0.09853, 0.16281],  precision=[0.00819, 0.00646, 0.00493, 0.00326], hit=[0.04095, 0.06460, 0.09853, 0.16281], ndcg=[0.02740, 0.03499, 0.04352, 0.05617], Train Rec Loss=[0.03288], Eval Rec Loss=[0.03299], c=[0.50000], F=[0.84484, 0.89175, 0.92941, 0.95277], F_fuse=[0.01622, 0.01283, 0.00980, 0.00649]
[ INFO : 2026-08-12 03:30:43,158 ] - Epoch 249: train==[56.54175 = 0.56886 + 0.60390 + 2.43785 + 0.01213 + 0.00000 + 0.00351 + 884.94450]
[ INFO : 2026-08-12 03:30:50,327 ] - Test_@[5, 10, 20, 50]: Recall=[0.03997, 0.06248, 0.09788, 0.16020],  precision=[0.00799, 0.00625, 0.00489, 0.00320], hit=[0.03997, 0.06248, 0.09788, 0.16020], ndcg=[0.02658, 0.03388, 0.04277, 0.05500], Train Rec Loss=[0.03288], Eval Rec Loss=[0.03298], c=[0.50000], F=[0.84437, 0.89105, 0.92835, 0.95305], F_fuse=[0.01584, 0.01241, 0.00974, 0.00639]
[ INFO : 2026-08-12 03:31:58,915 ] - Epoch 250: train==[56.54744 = 0.56518 + 0.60390 + 2.44653 + 0.01209 + 0.00000 + 0.00423 + 884.94450]
[ INFO : 2026-08-12 03:32:06,050 ] - Test_@[5, 10, 20, 50]: Recall=[0.04029, 0.06248, 0.09315, 0.15971],  precision=[0.00806, 0.00625, 0.00466, 0.00319], hit=[0.04029, 0.06248, 0.09315, 0.15971], ndcg=[0.02614, 0.03329, 0.04101, 0.05414], Train Rec Loss=[0.03287], Eval Rec Loss=[0.03298], c=[0.50000], F=[0.84308, 0.89275, 0.93198, 0.95529], F_fuse=[0.01596, 0.01241, 0.00927, 0.00637]
[ INFO : 2026-08-12 03:33:14,151 ] - Epoch 251: train==[56.51373 = 0.55980 + 0.60390 + 2.41827 + 0.01210 + 0.00000 + 0.00415 + 884.94450]
[ INFO : 2026-08-12 03:33:21,240 ] - Test_@[5, 10, 20, 50]: Recall=[0.04078, 0.06444, 0.09902, 0.16264],  precision=[0.00816, 0.00644, 0.00495, 0.00325], hit=[0.04078, 0.06444, 0.09902, 0.16264], ndcg=[0.02692, 0.03448, 0.04314, 0.05569], Train Rec Loss=[0.03287], Eval Rec Loss=[0.03298], c=[0.50000], F=[0.84453, 0.89326, 0.93173, 0.95348], F_fuse=[0.01616, 0.01280, 0.00985, 0.00648]
[ INFO : 2026-08-12 03:34:29,797 ] - Epoch 252: train==[56.48843 = 0.57027 + 0.60390 + 2.38321 + 0.01217 + 0.00000 + 0.00339 + 884.94450]
[ INFO : 2026-08-12 03:34:36,948 ] - Test_@[5, 10, 20, 50]: Recall=[0.04078, 0.06166, 0.09804, 0.16248],  precision=[0.00816, 0.00617, 0.00490, 0.00325], hit=[0.04078, 0.06166, 0.09804, 0.16248], ndcg=[0.02674, 0.03351, 0.04269, 0.05538], Train Rec Loss=[0.03287], Eval Rec Loss=[0.03296], c=[0.50000], F=[0.84437, 0.89261, 0.93132, 0.95480], F_fuse=[0.01616, 0.01225, 0.00975, 0.00648]
[ INFO : 2026-08-12 03:35:45,440 ] - Epoch 253: train==[56.54184 = 0.56084 + 0.60391 + 2.44570 + 0.01204 + 0.00000 + 0.00386 + 884.94450]
[ INFO : 2026-08-12 03:35:52,580 ] - Test_@[5, 10, 20, 50]: Recall=[0.04013, 0.06101, 0.09511, 0.15612],  precision=[0.00803, 0.00610, 0.00476, 0.00312], hit=[0.04013, 0.06101, 0.09511, 0.15612], ndcg=[0.02621, 0.03298, 0.04154, 0.05363], Train Rec Loss=[0.03287], Eval Rec Loss=[0.03298], c=[0.50000], F=[0.84387, 0.89154, 0.92996, 0.95515], F_fuse=[0.01590, 0.01212, 0.00946, 0.00622]
[ INFO : 2026-08-12 03:37:01,401 ] - Epoch 254: train==[56.52757 = 0.55653 + 0.60390 + 2.43550 + 0.01214 + 0.00000 + 0.00400 + 884.94450]
[ INFO : 2026-08-12 03:37:08,466 ] - Test_@[5, 10, 20, 50]: Recall=[0.04127, 0.06460, 0.09902, 0.15905],  precision=[0.00825, 0.00646, 0.00495, 0.00318], hit=[0.04127, 0.06460, 0.09902, 0.15905], ndcg=[0.02743, 0.03491, 0.04356, 0.05544], Train Rec Loss=[0.03287], Eval Rec Loss=[0.03297], c=[0.50000], F=[0.84536, 0.89094, 0.92833, 0.95332], F_fuse=[0.01635, 0.01283, 0.00985, 0.00634]
[ INFO : 2026-08-12 03:38:17,417 ] - Epoch 255: train==[56.51399 = 0.55458 + 0.60390 + 2.42455 + 0.01204 + 0.00000 + 0.00342 + 884.94450]
[ INFO : 2026-08-12 03:38:24,511 ] - Test_@[5, 10, 20, 50]: Recall=[0.04095, 0.06378, 0.09657, 0.16232],  precision=[0.00819, 0.00638, 0.00483, 0.00325], hit=[0.04095, 0.06378, 0.09657, 0.16232], ndcg=[0.02715, 0.03448, 0.04275, 0.05579], Train Rec Loss=[0.03287], Eval Rec Loss=[0.03298], c=[0.50000], F=[0.84395, 0.89118, 0.92895, 0.95236], F_fuse=[0.01622, 0.01267, 0.00961, 0.00647]
[ INFO : 2026-08-12 03:39:33,226 ] - Epoch 256: train==[56.45151 = 0.55597 + 0.60390 + 2.36015 + 0.01213 + 0.00000 + 0.00386 + 884.94450]
[ INFO : 2026-08-12 03:39:40,417 ] - Test_@[5, 10, 20, 50]: Recall=[0.04046, 0.06493, 0.09755, 0.16558],  precision=[0.00809, 0.00649, 0.00488, 0.00331], hit=[0.04046, 0.06493, 0.09755, 0.16558], ndcg=[0.02665, 0.03448, 0.04273, 0.05618], Train Rec Loss=[0.03287], Eval Rec Loss=[0.03297], c=[0.50000], F=[0.84857, 0.89237, 0.92904, 0.95113], F_fuse=[0.01603, 0.01289, 0.00970, 0.00660]
[ INFO : 2026-08-12 03:40:48,464 ] - Epoch 257: train==[56.50353 = 0.55648 + 0.60390 + 2.41081 + 0.01211 + 0.00000 + 0.00473 + 884.94450]
[ INFO : 2026-08-12 03:40:55,533 ] - Test_@[5, 10, 20, 50]: Recall=[0.04095, 0.06199, 0.09723, 0.16003],  precision=[0.00819, 0.00620, 0.00486, 0.00320], hit=[0.04095, 0.06199, 0.09723, 0.16003], ndcg=[0.02672, 0.03355, 0.04243, 0.05484], Train Rec Loss=[0.03288], Eval Rec Loss=[0.03298], c=[0.50000], F=[0.84637, 0.89299, 0.93006, 0.95372], F_fuse=[0.01622, 0.01231, 0.00967, 0.00638]
[ INFO : 2026-08-12 03:42:04,418 ] - Epoch 258: train==[56.46843 = 0.55445 + 0.60390 + 2.37870 + 0.01210 + 0.00000 + 0.00379 + 884.94450]
[ INFO : 2026-08-12 03:42:11,572 ] - Test_@[5, 10, 20, 50]: Recall=[0.04258, 0.06639, 0.09821, 0.16672],  precision=[0.00852, 0.00664, 0.00491, 0.00333], hit=[0.04258, 0.06639, 0.09821, 0.16672], ndcg=[0.02810, 0.03573, 0.04375, 0.05724], Train Rec Loss=[0.03287], Eval Rec Loss=[0.03297], c=[0.50000], F=[0.84747, 0.89347, 0.92936, 0.95213], F_fuse=[0.01686, 0.01318, 0.00977, 0.00665]
[ INFO : 2026-08-12 03:43:19,385 ] - Epoch 259: train==[56.47546 = 0.55236 + 0.60390 + 2.38787 + 0.01214 + 0.00000 + 0.00370 + 884.94450]
[ INFO : 2026-08-12 03:43:26,488 ] - Test_@[5, 10, 20, 50]: Recall=[0.04013, 0.06313, 0.09690, 0.16052],  precision=[0.00803, 0.00631, 0.00485, 0.00321], hit=[0.04013, 0.06313, 0.09690, 0.16052], ndcg=[0.02620, 0.03363, 0.04210, 0.05463], Train Rec Loss=[0.03287], Eval Rec Loss=[0.03297], c=[0.50000], F=[0.84811, 0.89361, 0.93019, 0.95389], F_fuse=[0.01590, 0.01254, 0.00964, 0.00640]
[ INFO : 2026-08-12 03:44:34,789 ] - Epoch 260: train==[56.45377 = 0.55067 + 0.60390 + 2.36760 + 0.01209 + 0.00000 + 0.00401 + 884.94450]
[ INFO : 2026-08-12 03:44:41,979 ] - Test_@[5, 10, 20, 50]: Recall=[0.04111, 0.06330, 0.09674, 0.15808],  precision=[0.00822, 0.00633, 0.00484, 0.00316], hit=[0.04111, 0.06330, 0.09674, 0.15808], ndcg=[0.02708, 0.03424, 0.04262, 0.05474], Train Rec Loss=[0.03286], Eval Rec Loss=[0.03297], c=[0.50000], F=[0.84368, 0.89135, 0.92906, 0.95313], F_fuse=[0.01629, 0.01257, 0.00962, 0.00630]
[ INFO : 2026-08-12 03:45:50,178 ] - Epoch 261: train==[56.43903 = 0.54832 + 0.60390 + 2.35545 + 0.01231 + 0.00000 + 0.00354 + 884.94450]
[ INFO : 2026-08-12 03:45:57,243 ] - Test_@[5, 10, 20, 50]: Recall=[0.04307, 0.06542, 0.10114, 0.16069],  precision=[0.00861, 0.00654, 0.00506, 0.00321], hit=[0.04307, 0.06542, 0.10114, 0.16069], ndcg=[0.02836, 0.03546, 0.04444, 0.05618], Train Rec Loss=[0.03286], Eval Rec Loss=[0.03299], c=[0.50000], F=[0.84801, 0.89169, 0.92811, 0.95340], F_fuse=[0.01705, 0.01299, 0.01006, 0.00641]
[ INFO : 2026-08-12 03:47:05,450 ] - Epoch 262: train==[56.47100 = 0.54958 + 0.60390 + 2.38570 + 0.01214 + 0.00000 + 0.00419 + 884.94450]
[ INFO : 2026-08-12 03:47:12,601 ] - Test_@[5, 10, 20, 50]: Recall=[0.04095, 0.06639, 0.09706, 0.16101],  precision=[0.00819, 0.00664, 0.00485, 0.00322], hit=[0.04095, 0.06639, 0.09706, 0.16101], ndcg=[0.02768, 0.03588, 0.04359, 0.05626], Train Rec Loss=[0.03286], Eval Rec Loss=[0.03297], c=[0.50000], F=[0.84541, 0.89275, 0.92805, 0.95148], F_fuse=[0.01622, 0.01318, 0.00966, 0.00642]
[ INFO : 2026-08-12 03:48:20,647 ] - Epoch 263: train==[56.41490 = 0.54513 + 0.60390 + 2.33360 + 0.01220 + 0.00000 + 0.00458 + 884.94450]
[ INFO : 2026-08-12 03:48:27,808 ] - Test_@[5, 10, 20, 50]: Recall=[0.04241, 0.06639, 0.10065, 0.16166],  precision=[0.00848, 0.00664, 0.00503, 0.00323], hit=[0.04241, 0.06639, 0.10065, 0.16166], ndcg=[0.02781, 0.03548, 0.04406, 0.05610], Train Rec Loss=[0.03287], Eval Rec Loss=[0.03297], c=[0.50000], F=[0.84481, 0.89217, 0.92805, 0.95320], F_fuse=[0.01680, 0.01318, 0.01001, 0.00644]
[ INFO : 2026-08-12 03:49:36,475 ] - Epoch 264: train==[56.44758 = 0.55411 + 0.60390 + 2.35736 + 0.01217 + 0.00000 + 0.00454 + 884.94450]
[ INFO : 2026-08-12 03:49:43,613 ] - Test_@[5, 10, 20, 50]: Recall=[0.04062, 0.06215, 0.09755, 0.15922],  precision=[0.00812, 0.00622, 0.00488, 0.00318], hit=[0.04062, 0.06215, 0.09755, 0.15922], ndcg=[0.02663, 0.03361, 0.04249, 0.05468], Train Rec Loss=[0.03286], Eval Rec Loss=[0.03296], c=[0.50000], F=[0.84630, 0.89350, 0.92997, 0.95489], F_fuse=[0.01609, 0.01234, 0.00970, 0.00635]
[ INFO : 2026-08-12 03:50:52,315 ] - Epoch 265: train==[56.38778 = 0.54358 + 0.60390 + 2.30820 + 0.01223 + 0.00000 + 0.00437 + 884.94450]
[ INFO : 2026-08-12 03:50:59,439 ] - Test_@[5, 10, 20, 50]: Recall=[0.04356, 0.06623, 0.10082, 0.16688],  precision=[0.00871, 0.00662, 0.00504, 0.00334], hit=[0.04356, 0.06623, 0.10082, 0.16688], ndcg=[0.02878, 0.03604, 0.04477, 0.05780], Train Rec Loss=[0.03286], Eval Rec Loss=[0.03296], c=[0.50000], F=[0.84823, 0.89304, 0.93008, 0.95277], F_fuse=[0.01725, 0.01315, 0.01003, 0.00665]
[ INFO : 2026-08-12 03:52:07,723 ] - Epoch 266: train==[56.43023 = 0.54363 + 0.60391 + 2.35172 + 0.01227 + 0.00000 + 0.00321 + 884.94450]
[ INFO : 2026-08-12 03:52:14,860 ] - Test_@[5, 10, 20, 50]: Recall=[0.04225, 0.06476, 0.09984, 0.16134],  precision=[0.00845, 0.00648, 0.00499, 0.00323], hit=[0.04225, 0.06476, 0.09984, 0.16134], ndcg=[0.02771, 0.03489, 0.04369, 0.05580], Train Rec Loss=[0.03285], Eval Rec Loss=[0.03296], c=[0.50000], F=[0.84521, 0.89195, 0.92785, 0.95245], F_fuse=[0.01673, 0.01286, 0.00993, 0.00643]
[ INFO : 2026-08-12 03:53:22,691 ] - Epoch 267: train==[56.41333 = 0.53921 + 0.60390 + 2.33875 + 0.01235 + 0.00000 + 0.00363 + 884.94450]
[ INFO : 2026-08-12 03:53:29,785 ] - Test_@[5, 10, 20, 50]: Recall=[0.04095, 0.06232, 0.09527, 0.16020],  precision=[0.00819, 0.00623, 0.00476, 0.00320], hit=[0.04095, 0.06232, 0.09527, 0.16020], ndcg=[0.02670, 0.03358, 0.04190, 0.05476], Train Rec Loss=[0.03286], Eval Rec Loss=[0.03295], c=[0.50000], F=[0.84637, 0.89332, 0.93007, 0.95456], F_fuse=[0.01622, 0.01238, 0.00948, 0.00639]
[ INFO : 2026-08-12 03:54:38,094 ] - Epoch 268: train==[56.40140 = 0.53943 + 0.60390 + 2.32664 + 0.01217 + 0.00000 + 0.00376 + 884.94450]
[ INFO : 2026-08-12 03:54:45,225 ] - Test_@[5, 10, 20, 50]: Recall=[0.04339, 0.06705, 0.10000, 0.16542],  precision=[0.00868, 0.00670, 0.00500, 0.00331], hit=[0.04339, 0.06705, 0.10000, 0.16542], ndcg=[0.02835, 0.03592, 0.04422, 0.05716], Train Rec Loss=[0.03285], Eval Rec Loss=[0.03296], c=[0.50000], F=[0.84502, 0.89288, 0.92987, 0.95173], F_fuse=[0.01718, 0.01331, 0.00995, 0.00659]
[ INFO : 2026-08-12 03:55:53,213 ] - Epoch 269: train==[56.40804 = 0.53731 + 0.60390 + 2.33454 + 0.01214 + 0.00000 + 0.00465 + 884.94450]
[ INFO : 2026-08-12 03:56:00,285 ] - Test_@[5, 10, 20, 50]: Recall=[0.03980, 0.06020, 0.09364, 0.15661],  precision=[0.00796, 0.00602, 0.00468, 0.00313], hit=[0.03980, 0.06020, 0.09364, 0.15661], ndcg=[0.02589, 0.03250, 0.04086, 0.05329], Train Rec Loss=[0.03285], Eval Rec Loss=[0.03296], c=[0.50000], F=[0.84534, 0.89236, 0.92925, 0.95528], F_fuse=[0.01577, 0.01196, 0.00932, 0.00624]
[ INFO : 2026-08-12 03:57:08,393 ] - Epoch 270: train==[56.43934 = 0.53552 + 0.60390 + 2.36812 + 0.01217 + 0.00000 + 0.00412 + 884.94450]
[ INFO : 2026-08-12 03:57:15,527 ] - Test_@[5, 10, 20, 50]: Recall=[0.03964, 0.06117, 0.09380, 0.15824],  precision=[0.00793, 0.00612, 0.00469, 0.00316], hit=[0.03964, 0.06117, 0.09380, 0.15824], ndcg=[0.02615, 0.03309, 0.04130, 0.05404], Train Rec Loss=[0.03286], Eval Rec Loss=[0.03296], c=[0.50000], F=[0.84559, 0.89180, 0.92825, 0.95338], F_fuse=[0.01571, 0.01215, 0.00933, 0.00631]
[ INFO : 2026-08-12 03:58:23,514 ] - Epoch 271: train==[56.41575 = 0.53978 + 0.60390 + 2.34004 + 0.01205 + 0.00000 + 0.00447 + 884.94450]
[ INFO : 2026-08-12 03:58:30,594 ] - Test_@[5, 10, 20, 50]: Recall=[0.04192, 0.06493, 0.09935, 0.16558],  precision=[0.00838, 0.00649, 0.00497, 0.00331], hit=[0.04192, 0.06493, 0.09935, 0.16558], ndcg=[0.02710, 0.03452, 0.04320, 0.05631], Train Rec Loss=[0.03285], Eval Rec Loss=[0.03297], c=[0.50000], F=[0.84907, 0.89294, 0.92973, 0.95225], F_fuse=[0.01661, 0.01289, 0.00988, 0.00660]
[ INFO : 2026-08-12 03:59:39,062 ] - Epoch 272: train==[56.38579 = 0.53522 + 0.60390 + 2.31437 + 0.01214 + 0.00000 + 0.00466 + 884.94450]
[ INFO : 2026-08-12 03:59:46,152 ] - Test_@[5, 10, 20, 50]: Recall=[0.04307, 0.06623, 0.09951, 0.16591],  precision=[0.00861, 0.00662, 0.00498, 0.00332], hit=[0.04307, 0.06623, 0.09951, 0.16591], ndcg=[0.02833, 0.03578, 0.04417, 0.05727], Train Rec Loss=[0.03285], Eval Rec Loss=[0.03295], c=[0.50000], F=[0.84835, 0.89284, 0.92895, 0.95225], F_fuse=[0.01705, 0.01315, 0.00990, 0.00661]
[ INFO : 2026-08-12 04:00:54,168 ] - Epoch 273: train==[56.40342 = 0.53507 + 0.60390 + 2.33161 + 0.01203 + 0.00000 + 0.00530 + 884.94450]
[ INFO : 2026-08-12 04:01:01,231 ] - Test_@[5, 10, 20, 50]: Recall=[0.04046, 0.06378, 0.09739, 0.16085],  precision=[0.00809, 0.00638, 0.00487, 0.00322], hit=[0.04046, 0.06378, 0.09739, 0.16085], ndcg=[0.02691, 0.03447, 0.04293, 0.05552], Train Rec Loss=[0.03285], Eval Rec Loss=[0.03295], c=[0.50000], F=[0.84451, 0.89281, 0.93054, 0.95450], F_fuse=[0.01603, 0.01267, 0.00969, 0.00641]
[ INFO : 2026-08-12 04:02:08,807 ] - Epoch 274: train==[56.36336 = 0.52978 + 0.60390 + 2.29796 + 0.01214 + 0.00000 + 0.00407 + 884.94450]
[ INFO : 2026-08-12 04:02:15,905 ] - Test_@[5, 10, 20, 50]: Recall=[0.04111, 0.06330, 0.09331, 0.15726],  precision=[0.00822, 0.00633, 0.00467, 0.00315], hit=[0.04111, 0.06330, 0.09331, 0.15726], ndcg=[0.02699, 0.03408, 0.04164, 0.05429], Train Rec Loss=[0.03284], Eval Rec Loss=[0.03295], c=[0.50000], F=[0.84426, 0.89173, 0.92932, 0.95523], F_fuse=[0.01629, 0.01257, 0.00928, 0.00627]
[ INFO : 2026-08-12 04:03:24,398 ] - Epoch 275: train==[56.44000 = 0.52988 + 0.60390 + 2.37485 + 0.01204 + 0.00000 + 0.00383 + 884.94450]
[ INFO : 2026-08-12 04:03:31,501 ] - Test_@[5, 10, 20, 50]: Recall=[0.03997, 0.06297, 0.09592, 0.15661],  precision=[0.00799, 0.00630, 0.00480, 0.00313], hit=[0.03997, 0.06297, 0.09592, 0.15661], ndcg=[0.02645, 0.03388, 0.04218, 0.05419], Train Rec Loss=[0.03284], Eval Rec Loss=[0.03295], c=[0.50000], F=[0.84325, 0.89125, 0.92743, 0.95251], F_fuse=[0.01584, 0.01251, 0.00954, 0.00624]
[ INFO : 2026-08-12 04:04:40,258 ] - Epoch 276: train==[56.36117 = 0.53077 + 0.60390 + 2.29499 + 0.01207 + 0.00000 + 0.00394 + 884.94450]
[ INFO : 2026-08-12 04:04:47,378 ] - Test_@[5, 10, 20, 50]: Recall=[0.04290, 0.06607, 0.09918, 0.16362],  precision=[0.00858, 0.00661, 0.00496, 0.00327], hit=[0.04290, 0.06607, 0.09918, 0.16362], ndcg=[0.02793, 0.03534, 0.04373, 0.05644], Train Rec Loss=[0.03285], Eval Rec Loss=[0.03295], c=[0.50000], F=[0.84781, 0.89329, 0.92846, 0.95303], F_fuse=[0.01699, 0.01312, 0.00987, 0.00652]
[ INFO : 2026-08-12 04:05:56,502 ] - Epoch 277: train==[56.37004 = 0.52468 + 0.60390 + 2.31043 + 0.01216 + 0.00000 + 0.00337 + 884.94450]
[ INFO : 2026-08-12 04:06:03,562 ] - Test_@[5, 10, 20, 50]: Recall=[0.04062, 0.06281, 0.09739, 0.15889],  precision=[0.00812, 0.00628, 0.00487, 0.00318], hit=[0.04062, 0.06281, 0.09739, 0.15889], ndcg=[0.02639, 0.03351, 0.04216, 0.05430], Train Rec Loss=[0.03284], Eval Rec Loss=[0.03295], c=[0.50000], F=[0.84421, 0.89370, 0.93068, 0.95442], F_fuse=[0.01609, 0.01247, 0.00969, 0.00633]
[ INFO : 2026-08-12 04:07:12,111 ] - Epoch 278: train==[56.35722 = 0.52639 + 0.60391 + 2.29514 + 0.01219 + 0.00000 + 0.00409 + 884.94450]
[ INFO : 2026-08-12 04:07:19,208 ] - Test_@[5, 10, 20, 50]: Recall=[0.04290, 0.06623, 0.10082, 0.16493],  precision=[0.00858, 0.00662, 0.00504, 0.00330], hit=[0.04290, 0.06623, 0.10082, 0.16493], ndcg=[0.02812, 0.03563, 0.04433, 0.05697], Train Rec Loss=[0.03285], Eval Rec Loss=[0.03295], c=[0.50000], F=[0.84629, 0.89411, 0.92988, 0.95400], F_fuse=[0.01699, 0.01315, 0.01003, 0.00657]
[ INFO : 2026-08-12 04:08:27,606 ] - Epoch 279: train==[56.36847 = 0.52723 + 0.60390 + 2.30576 + 0.01216 + 0.00000 + 0.00393 + 884.94450]
[ INFO : 2026-08-12 04:08:34,680 ] - Test_@[5, 10, 20, 50]: Recall=[0.04078, 0.06183, 0.09755, 0.15759],  precision=[0.00816, 0.00618, 0.00488, 0.00315], hit=[0.04078, 0.06183, 0.09755, 0.15759], ndcg=[0.02687, 0.03367, 0.04268, 0.05453], Train Rec Loss=[0.03284], Eval Rec Loss=[0.03295], c=[0.50000], F=[0.84621, 0.89366, 0.92952, 0.95539], F_fuse=[0.01616, 0.01228, 0.00970, 0.00628]
[ INFO : 2026-08-12 04:09:42,858 ] - Epoch 280: train==[56.35753 = 0.52383 + 0.60391 + 2.29615 + 0.01222 + 0.00000 + 0.00592 + 884.94450]
[ INFO : 2026-08-12 04:09:49,991 ] - Test_@[5, 10, 20, 50]: Recall=[0.04046, 0.06346, 0.09641, 0.15954],  precision=[0.00809, 0.00635, 0.00482, 0.00319], hit=[0.04046, 0.06346, 0.09641, 0.15954], ndcg=[0.02668, 0.03408, 0.04235, 0.05484], Train Rec Loss=[0.03283], Eval Rec Loss=[0.03294], c=[0.50000], F=[0.84522, 0.89340, 0.93044, 0.95527], F_fuse=[0.01603, 0.01260, 0.00959, 0.00636]
[ INFO : 2026-08-12 04:10:57,839 ] - Epoch 281: train==[56.34479 = 0.52052 + 0.60390 + 2.28851 + 0.01229 + 0.00000 + 0.00407 + 884.94450]
[ INFO : 2026-08-12 04:11:04,895 ] - Test_@[5, 10, 20, 50]: Recall=[0.04307, 0.06786, 0.10082, 0.16933],  precision=[0.00861, 0.00679, 0.00504, 0.00339], hit=[0.04307, 0.06786, 0.10082, 0.16933], ndcg=[0.02776, 0.03571, 0.04401, 0.05753], Train Rec Loss=[0.03283], Eval Rec Loss=[0.03294], c=[0.50000], F=[0.84662, 0.89261, 0.92963, 0.95239], F_fuse=[0.01705, 0.01347, 0.01003, 0.00675]
[ INFO : 2026-08-12 04:12:13,240 ] - Epoch 282: train==[56.33517 = 0.52363 + 0.60391 + 2.27527 + 0.01219 + 0.00000 + 0.00467 + 884.94450]
[ INFO : 2026-08-12 04:12:20,313 ] - Test_@[5, 10, 20, 50]: Recall=[0.04046, 0.06313, 0.09723, 0.15840],  precision=[0.00809, 0.00631, 0.00486, 0.00317], hit=[0.04046, 0.06313, 0.09723, 0.15840], ndcg=[0.02641, 0.03372, 0.04229, 0.05445], Train Rec Loss=[0.03284], Eval Rec Loss=[0.03295], c=[0.50000], F=[0.84745, 0.89385, 0.93051, 0.95592], F_fuse=[0.01603, 0.01254, 0.00967, 0.00632]
[ INFO : 2026-08-12 04:13:29,456 ] - Epoch 283: train==[56.36661 = 0.52265 + 0.60390 + 2.30840 + 0.01221 + 0.00000 + 0.00396 + 884.94450]
[ INFO : 2026-08-12 04:13:36,609 ] - Test_@[5, 10, 20, 50]: Recall=[0.04029, 0.06199, 0.09690, 0.15889],  precision=[0.00806, 0.00620, 0.00485, 0.00318], hit=[0.04029, 0.06199, 0.09690, 0.15889], ndcg=[0.02657, 0.03358, 0.04233, 0.05459], Train Rec Loss=[0.03284], Eval Rec Loss=[0.03295], c=[0.50000], F=[0.84627, 0.89197, 0.92886, 0.95442], F_fuse=[0.01597, 0.01231, 0.00964, 0.00633]
[ INFO : 2026-08-12 04:14:45,781 ] - Epoch 284: train==[56.38810 = 0.51891 + 0.60391 + 2.33259 + 0.01232 + 0.00000 + 0.00487 + 884.94450]
[ INFO : 2026-08-12 04:14:52,970 ] - Test_@[5, 10, 20, 50]: Recall=[0.03899, 0.06166, 0.09364, 0.15808],  precision=[0.00780, 0.00617, 0.00468, 0.00316], hit=[0.03899, 0.06166, 0.09364, 0.15808], ndcg=[0.02583, 0.03316, 0.04124, 0.05393], Train Rec Loss=[0.03283], Eval Rec Loss=[0.03294], c=[0.50000], F=[0.84495, 0.89049, 0.92761, 0.95245], F_fuse=[0.01545, 0.01225, 0.00932, 0.00630]
[ INFO : 2026-08-12 04:16:01,492 ] - Epoch 285: train==[56.34660 = 0.51679 + 0.60390 + 2.29396 + 0.01232 + 0.00000 + 0.00413 + 884.94450]
[ INFO : 2026-08-12 04:16:08,631 ] - Test_@[5, 10, 20, 50]: Recall=[0.03915, 0.06150, 0.09462, 0.15595],  precision=[0.00783, 0.00615, 0.00473, 0.00312], hit=[0.03915, 0.06150, 0.09462, 0.15595], ndcg=[0.02551, 0.03264, 0.04095, 0.05315], Train Rec Loss=[0.03283], Eval Rec Loss=[0.03293], c=[0.50000], F=[0.84692, 0.89377, 0.93086, 0.95372], F_fuse=[0.01552, 0.01222, 0.00941, 0.00622]
[ INFO : 2026-08-12 04:17:16,655 ] - Epoch 286: train==[56.34945 = 0.51645 + 0.60390 + 2.29585 + 0.01234 + 0.00000 + 0.00541 + 884.94450]
[ INFO : 2026-08-12 04:17:23,747 ] - Test_@[5, 10, 20, 50]: Recall=[0.04095, 0.06574, 0.09576, 0.16281],  precision=[0.00819, 0.00657, 0.00479, 0.00326], hit=[0.04095, 0.06574, 0.09576, 0.16281], ndcg=[0.02681, 0.03473, 0.04234, 0.05562], Train Rec Loss=[0.03283], Eval Rec Loss=[0.03293], c=[0.50000], F=[0.84762, 0.89404, 0.93043, 0.95481], F_fuse=[0.01622, 0.01305, 0.00953, 0.00649]
[ INFO : 2026-08-12 04:18:32,058 ] - Epoch 287: train==[56.32977 = 0.51419 + 0.60390 + 2.27954 + 0.01235 + 0.00000 + 0.00429 + 884.94450]
[ INFO : 2026-08-12 04:18:39,204 ] - Test_@[5, 10, 20, 50]: Recall=[0.04192, 0.06607, 0.09821, 0.16281],  precision=[0.00838, 0.00661, 0.00491, 0.00326], hit=[0.04192, 0.06607, 0.09821, 0.16281], ndcg=[0.02768, 0.03548, 0.04360, 0.05642], Train Rec Loss=[0.03283], Eval Rec Loss=[0.03294], c=[0.50000], F=[0.84923, 0.89424, 0.92952, 0.95361], F_fuse=[0.01661, 0.01312, 0.00977, 0.00649]
[ INFO : 2026-08-12 04:19:47,471 ] - Epoch 288: train==[56.33191 = 0.51537 + 0.60390 + 2.28112 + 0.01234 + 0.00000 + 0.00368 + 884.94450]
[ INFO : 2026-08-12 04:19:54,642 ] - Test_@[5, 10, 20, 50]: Recall=[0.04356, 0.06558, 0.10000, 0.16574],  precision=[0.00871, 0.00656, 0.00500, 0.00331], hit=[0.04356, 0.06558, 0.10000, 0.16574], ndcg=[0.02826, 0.03534, 0.04402, 0.05696], Train Rec Loss=[0.03283], Eval Rec Loss=[0.03294], c=[0.50000], F=[0.84467, 0.89272, 0.92969, 0.95317], F_fuse=[0.01724, 0.01302, 0.00995, 0.00661]
[ INFO : 2026-08-12 04:21:02,786 ] - Epoch 289: train==[56.31622 = 0.51443 + 0.60390 + 2.26502 + 0.01232 + 0.00000 + 0.00506 + 884.94450]
[ INFO : 2026-08-12 04:21:09,952 ] - Test_@[5, 10, 20, 50]: Recall=[0.04078, 0.06427, 0.09886, 0.16297],  precision=[0.00816, 0.00643, 0.00494, 0.00326], hit=[0.04078, 0.06427, 0.09886, 0.16297], ndcg=[0.02656, 0.03412, 0.04283, 0.05552], Train Rec Loss=[0.03282], Eval Rec Loss=[0.03294], c=[0.50000], F=[0.84635, 0.89454, 0.93144, 0.95514], F_fuse=[0.01616, 0.01276, 0.00983, 0.00650]
[ INFO : 2026-08-12 04:22:18,069 ] - Epoch 290: train==[56.33992 = 0.51228 + 0.60391 + 2.29186 + 0.01237 + 0.00000 + 0.00401 + 884.94450]
[ INFO : 2026-08-12 04:22:25,208 ] - Test_@[5, 10, 20, 50]: Recall=[0.04274, 0.06607, 0.09951, 0.16542],  precision=[0.00855, 0.00661, 0.00498, 0.00331], hit=[0.04274, 0.06607, 0.09951, 0.16542], ndcg=[0.02770, 0.03523, 0.04362, 0.05663], Train Rec Loss=[0.03283], Eval Rec Loss=[0.03293], c=[0.50000], F=[0.84709, 0.89347, 0.92891, 0.95222], F_fuse=[0.01693, 0.01312, 0.00990, 0.00659]
[ INFO : 2026-08-12 04:23:33,708 ] - Epoch 291: train==[56.28639 = 0.51161 + 0.60390 + 2.23890 + 0.01239 + 0.00000 + 0.00409 + 884.94450]
[ INFO : 2026-08-12 04:23:40,777 ] - Test_@[5, 10, 20, 50]: Recall=[0.04209, 0.06574, 0.09886, 0.16460],  precision=[0.00842, 0.00657, 0.00494, 0.00329], hit=[0.04209, 0.06574, 0.09886, 0.16460], ndcg=[0.02717, 0.03476, 0.04315, 0.05620], Train Rec Loss=[0.03283], Eval Rec Loss=[0.03292], c=[0.50000], F=[0.84700, 0.89511, 0.93051, 0.95351], F_fuse=[0.01667, 0.01305, 0.00983, 0.00656]
[ INFO : 2026-08-12 04:24:48,696 ] - Epoch 292: train==[56.30777 = 0.50967 + 0.60391 + 2.26190 + 0.01230 + 0.00000 + 0.00449 + 884.94450]
[ INFO : 2026-08-12 04:24:55,787 ] - Test_@[5, 10, 20, 50]: Recall=[0.04111, 0.06460, 0.09984, 0.16215],  precision=[0.00822, 0.00646, 0.00499, 0.00324], hit=[0.04111, 0.06460, 0.09984, 0.16215], ndcg=[0.02664, 0.03416, 0.04301, 0.05533], Train Rec Loss=[0.03282], Eval Rec Loss=[0.03293], c=[0.50000], F=[0.84546, 0.89411, 0.92991, 0.95477], F_fuse=[0.01629, 0.01283, 0.00993, 0.00646]
[ INFO : 2026-08-12 04:26:03,556 ] - Epoch 293: train==[56.30570 = 0.50881 + 0.60390 + 2.26012 + 0.01232 + 0.00000 + 0.00505 + 884.94450]
[ INFO : 2026-08-12 04:26:10,709 ] - Test_@[5, 10, 20, 50]: Recall=[0.04470, 0.06852, 0.10571, 0.17210],  precision=[0.00894, 0.00685, 0.00529, 0.00344], hit=[0.04470, 0.06852, 0.10571, 0.17210], ndcg=[0.02950, 0.03714, 0.04650, 0.05966], Train Rec Loss=[0.03282], Eval Rec Loss=[0.03293], c=[0.50000], F=[0.84515, 0.89335, 0.92932, 0.95276], F_fuse=[0.01769, 0.01360, 0.01051, 0.00686]
[ INFO : 2026-08-12 04:27:19,228 ] - Epoch 294: train==[56.27957 = 0.50562 + 0.60391 + 2.23589 + 0.01223 + 0.00000 + 0.00643 + 884.94450]
[ INFO : 2026-08-12 04:27:26,304 ] - Test_@[5, 10, 20, 50]: Recall=[0.04095, 0.06232, 0.09527, 0.15954],  precision=[0.00819, 0.00623, 0.00476, 0.00319], hit=[0.04095, 0.06232, 0.09527, 0.15954], ndcg=[0.02622, 0.03308, 0.04142, 0.05412], Train Rec Loss=[0.03283], Eval Rec Loss=[0.03292], c=[0.50000], F=[0.84576, 0.89382, 0.92961, 0.95372], F_fuse=[0.01622, 0.01238, 0.00948, 0.00636]
[ INFO : 2026-08-12 04:28:34,785 ] - Epoch 295: train==[56.30273 = 0.50811 + 0.60391 + 2.25766 + 0.01231 + 0.00000 + 0.00525 + 884.94450]
[ INFO : 2026-08-12 04:28:41,924 ] - Test_@[5, 10, 20, 50]: Recall=[0.04046, 0.06411, 0.09967, 0.16134],  precision=[0.00809, 0.00641, 0.00498, 0.00323], hit=[0.04046, 0.06411, 0.09967, 0.16134], ndcg=[0.02655, 0.03417, 0.04309, 0.05526], Train Rec Loss=[0.03282], Eval Rec Loss=[0.03293], c=[0.50000], F=[0.84709, 0.89427, 0.92902, 0.95185], F_fuse=[0.01603, 0.01273, 0.00991, 0.00643]
[ INFO : 2026-08-12 04:29:50,040 ] - Epoch 296: train==[56.24400 = 0.50521 + 0.60391 + 2.20231 + 0.01242 + 0.00000 + 0.00467 + 884.94450]
[ INFO : 2026-08-12 04:29:57,179 ] - Test_@[5, 10, 20, 50]: Recall=[0.04111, 0.06542, 0.09804, 0.16150],  precision=[0.00822, 0.00654, 0.00490, 0.00323], hit=[0.04111, 0.06542, 0.09804, 0.16150], ndcg=[0.02627, 0.03407, 0.04230, 0.05486], Train Rec Loss=[0.03281], Eval Rec Loss=[0.03293], c=[0.50000], F=[0.84594, 0.89394, 0.92874, 0.95214], F_fuse=[0.01629, 0.01299, 0.00975, 0.00644]
[ INFO : 2026-08-12 04:31:05,785 ] - Epoch 297: train==[56.26741 = 0.50268 + 0.60390 + 2.22878 + 0.01238 + 0.00000 + 0.00416 + 884.94450]
[ INFO : 2026-08-12 04:31:12,915 ] - Test_@[5, 10, 20, 50]: Recall=[0.04095, 0.06248, 0.09560, 0.15808],  precision=[0.00819, 0.00625, 0.00478, 0.00316], hit=[0.04095, 0.06248, 0.09560, 0.15808], ndcg=[0.02642, 0.03328, 0.04165, 0.05402], Train Rec Loss=[0.03282], Eval Rec Loss=[0.03293], c=[0.50000], F=[0.84719, 0.89499, 0.93073, 0.95593], F_fuse=[0.01622, 0.01241, 0.00951, 0.00630]
[ INFO : 2026-08-12 04:32:22,130 ] - Epoch 298: train==[56.26121 = 0.50398 + 0.60391 + 2.22116 + 0.01251 + 0.00000 + 0.00415 + 884.94450]
[ INFO : 2026-08-12 04:32:29,266 ] - Test_@[5, 10, 20, 50]: Recall=[0.04209, 0.06721, 0.10033, 0.16656],  precision=[0.00842, 0.00672, 0.00502, 0.00333], hit=[0.04209, 0.06721, 0.10033, 0.16656], ndcg=[0.02717, 0.03522, 0.04355, 0.05664], Train Rec Loss=[0.03281], Eval Rec Loss=[0.03293], c=[0.50000], F=[0.84545, 0.89331, 0.92765, 0.95153], F_fuse=[0.01667, 0.01334, 0.00998, 0.00664]
[ INFO : 2026-08-12 04:33:37,975 ] - Epoch 299: train==[56.30538 = 0.50293 + 0.60390 + 2.26590 + 0.01252 + 0.00000 + 0.00462 + 884.94450]
[ INFO : 2026-08-12 04:33:45,035 ] - Test_@[5, 10, 20, 50]: Recall=[0.04095, 0.06330, 0.09788, 0.16232],  precision=[0.00819, 0.00633, 0.00489, 0.00325], hit=[0.04095, 0.06330, 0.09788, 0.16232], ndcg=[0.02616, 0.03331, 0.04200, 0.05472], Train Rec Loss=[0.03282], Eval Rec Loss=[0.03292], c=[0.50000], F=[0.84448, 0.89413, 0.93036, 0.95428], F_fuse=[0.01622, 0.01257, 0.00974, 0.00647]
[ INFO : 2026-08-12 04:34:53,840 ] - Epoch 300: train==[56.27246 = 0.50075 + 0.60390 + 2.23459 + 0.01260 + 0.00000 + 0.00512 + 884.94450]
[ INFO : 2026-08-12 04:35:00,969 ] - Test_@[5, 10, 20, 50]: Recall=[0.03948, 0.06199, 0.09543, 0.15726],  precision=[0.00790, 0.00620, 0.00477, 0.00315], hit=[0.03948, 0.06199, 0.09543, 0.15726], ndcg=[0.02541, 0.03262, 0.04104, 0.05317], Train Rec Loss=[0.03282], Eval Rec Loss=[0.03292], c=[0.50000], F=[0.84501, 0.89396, 0.92868, 0.95197], F_fuse=[0.01565, 0.01231, 0.00949, 0.00627]
n_users=9308, n_items=6710
n_interactions=65671
n_train=59541, n_test=6130, sparsity=0.00105
Finished Wed Aug 12 04:35:02 AM +07 2026
