Job 75040 on gpu04; lambda_cf=1.0; group_k=10; seed=5; started Thu Aug 13 12:23:58 PM +07 2026
Thu Aug 13 12:23:58 2026       
+---------------------------------------------------------------------------------------+
| NVIDIA-SMI 535.216.03             Driver Version: 535.216.03   CUDA Version: 12.2     |
|-----------------------------------------+----------------------+----------------------+
| GPU  Name                 Persistence-M | Bus-Id        Disp.A | Volatile Uncorr. ECC |
| Fan  Temp   Perf          Pwr:Usage/Cap |         Memory-Usage | GPU-Util  Compute M. |
|                                         |                      |               MIG M. |
|=========================================+======================+======================|
|   0  Tesla V100-DGXS-32GB           On  | 00000000:07:00.0 Off |                    0 |
| N/A   48C    P0              39W / 300W |      0MiB / 32768MiB |      0%      Default |
|                                         |                      |                  N/A |
+-----------------------------------------+----------------------+----------------------+
                                                                                         
+---------------------------------------------------------------------------------------+
| Processes:                                                                            |
|  GPU   GI   CI        PID   Type   Process name                            GPU Memory |
|        ID   ID                                                             Usage      |
|=======================================================================================|
|  No running processes found                                                           |
+---------------------------------------------------------------------------------------+
[ INFO : 2026-08-13 12:24:28,425 ] - Preprocess missing values with zero
[ INFO : 2026-08-13 12:24:29,151 ] - Pretrained diffusion model is loaded from: ./checkpoint/tiktok/best_model.pth
[ INFO : 2026-08-13 12:24:29,875 ] - Completed data loaded from: ./checkpoint/tiktok/completed_data.pkl
/media/lhbac29/raid-cf/main.py:106: DeprecationWarning: Please import `csr_matrix` from the `scipy.sparse` namespace; the `scipy.sparse.csr` namespace is deprecated and will be removed in SciPy 2.0.0.
  self.ui_graph = self.ui_graph_raw = pickle.load(open('./data/' + self.dataset + '/train_mat', 'rb'))
[ INFO : 2026-08-13 12:24:29,996 ] - Missing rate = 0.400000, complete strategy: zero
[ INFO : 2026-08-13 12:25:40,022 ] - Epoch 1: train==[44271.22229 = 2.03898 + 0.60449 + 25.29022 + 0.00072 + 0.00000 + 44190.45331 + 883.59122]
[ INFO : 2026-08-13 12:25:47,093 ] - Test_@[5, 10, 20, 50]: Recall=[0.00212, 0.00326, 0.00962, 0.01582],  precision=[0.00042, 0.00033, 0.00048, 0.00032], hit=[0.00212, 0.00326, 0.00962, 0.01582], ndcg=[0.00152, 0.00189, 0.00345, 0.00473], Train Rec Loss=[0.03423], Eval Rec Loss=[0.03441], c=[0.50000], F=[0.86563, 0.81001, 0.86910, 0.98426], F_fuse=[0.00085, 0.00065, 0.00096, 0.00063]
[ INFO : 2026-08-13 12:26:55,772 ] - Epoch 2: train==[19126.01480 = 1.72975 + 0.60218 + 24.61286 + 0.00048 + 0.00000 + 19046.15323 + 884.94450]
[ INFO : 2026-08-13 12:27:02,864 ] - Test_@[5, 10, 20, 50]: Recall=[0.00147, 0.00440, 0.00685, 0.01599],  precision=[0.00029, 0.00044, 0.00034, 0.00032], hit=[0.00147, 0.00440, 0.00685, 0.01599], ndcg=[0.00063, 0.00152, 0.00216, 0.00402], Train Rec Loss=[0.03416], Eval Rec Loss=[0.03433], c=[0.50000], F=[0.82216, 0.94864, 0.83744, 0.95860], F_fuse=[0.00059, 0.00088, 0.00068, 0.00064]
[ INFO : 2026-08-13 12:28:11,280 ] - Epoch 3: train==[8683.77505 = 1.70974 + 0.60216 + 23.75350 + 0.00061 + 0.00000 + 8604.79291 + 884.94450]
[ INFO : 2026-08-13 12:28:18,369 ] - Test_@[5, 10, 20, 50]: Recall=[0.00163, 0.00685, 0.01044, 0.01697],  precision=[0.00033, 0.00069, 0.00052, 0.00034], hit=[0.00163, 0.00685, 0.01044, 0.01697], ndcg=[0.00071, 0.00228, 0.00323, 0.00445], Train Rec Loss=[0.03414], Eval Rec Loss=[0.03435], c=[0.50000], F=[0.88359, 0.94726, 0.94464, 0.92495], F_fuse=[0.00065, 0.00137, 0.00104, 0.00068]
[ INFO : 2026-08-13 12:29:26,905 ] - Epoch 4: train==[4077.95087 = 1.70210 + 0.60215 + 22.85877 + 0.00079 + 0.00000 + 3999.87113 + 884.94450]
[ INFO : 2026-08-13 12:29:33,978 ] - Test_@[5, 10, 20, 50]: Recall=[0.00033, 0.00538, 0.01044, 0.01664],  precision=[0.00007, 0.00054, 0.00052, 0.00033], hit=[0.00033, 0.00538, 0.01044, 0.01664], ndcg=[0.00013, 0.00173, 0.00304, 0.00423], Train Rec Loss=[0.03412], Eval Rec Loss=[0.03432], c=[0.50000], F=[0.80728, 0.92514, 0.97598, 0.87127], F_fuse=[0.00013, 0.00108, 0.00104, 0.00067]
[ INFO : 2026-08-13 12:30:42,014 ] - Epoch 5: train==[1847.21565 = 1.69051 + 0.60215 + 21.80526 + 0.00107 + 0.00000 + 1770.20062 + 884.94450]
[ INFO : 2026-08-13 12:30:49,090 ] - Test_@[5, 10, 20, 50]: Recall=[0.00147, 0.00685, 0.01321, 0.02414],  precision=[0.00029, 0.00069, 0.00066, 0.00048], hit=[0.00147, 0.00685, 0.01321, 0.02414], ndcg=[0.00077, 0.00250, 0.00416, 0.00628], Train Rec Loss=[0.03410], Eval Rec Loss=[0.03427], c=[0.50000], F=[0.81012, 0.88708, 0.97333, 0.86156], F_fuse=[0.00059, 0.00137, 0.00132, 0.00097]
[ INFO : 2026-08-13 12:31:57,343 ] - Epoch 6: train==[792.91509 = 1.68232 + 0.60216 + 20.89743 + 0.00150 + 0.00000 + 716.81563 + 884.94450]
[ INFO : 2026-08-13 12:32:04,464 ] - Test_@[5, 10, 20, 50]: Recall=[0.01044, 0.01990, 0.02773, 0.04046],  precision=[0.00209, 0.00199, 0.00139, 0.00081], hit=[0.01044, 0.01990, 0.02773, 0.04046], ndcg=[0.00760, 0.01059, 0.01258, 0.01508], Train Rec Loss=[0.03410], Eval Rec Loss=[0.03422], c=[0.50000], F=[0.82122, 0.86914, 0.93556, 0.87309], F_fuse=[0.00417, 0.00397, 0.00277, 0.00162]
[ INFO : 2026-08-13 12:33:13,195 ] - Epoch 7: train==[339.01772 = 1.67385 + 0.60216 + 19.99023 + 0.00208 + 0.00000 + 263.83337 + 884.94450]
[ INFO : 2026-08-13 12:33:20,287 ] - Test_@[5, 10, 20, 50]: Recall=[0.01827, 0.02594, 0.03785, 0.05498],  precision=[0.00365, 0.00259, 0.00189, 0.00110], hit=[0.01827, 0.02594, 0.03785, 0.05498], ndcg=[0.01239, 0.01481, 0.01786, 0.02122], Train Rec Loss=[0.03404], Eval Rec Loss=[0.03428], c=[0.50000], F=[0.80742, 0.86955, 0.92104, 0.90293], F_fuse=[0.00728, 0.00517, 0.00378, 0.00220]
[ INFO : 2026-08-13 12:34:28,338 ] - Epoch 8: train==[168.67952 = 1.66515 + 0.60216 + 19.05332 + 0.00287 + 0.00000 + 94.44000 + 884.94450]
[ INFO : 2026-08-13 12:34:35,392 ] - Test_@[5, 10, 20, 50]: Recall=[0.02561, 0.03263, 0.04454, 0.07129],  precision=[0.00512, 0.00326, 0.00223, 0.00143], hit=[0.02561, 0.03263, 0.04454, 0.07129], ndcg=[0.01863, 0.02089, 0.02389, 0.02912], Train Rec Loss=[0.03404], Eval Rec Loss=[0.03421], c=[0.50000], F=[0.79794, 0.87513, 0.93089, 0.91893], F_fuse=[0.01018, 0.00650, 0.00444, 0.00285]
[ INFO : 2026-08-13 12:35:43,715 ] - Epoch 9: train==[111.37349 = 1.65280 + 0.60216 + 17.96472 + 0.00373 + 0.00000 + 38.23405 + 884.94450]
[ INFO : 2026-08-13 12:35:50,817 ] - Test_@[5, 10, 20, 50]: Recall=[0.02887, 0.03573, 0.05204, 0.08923],  precision=[0.00577, 0.00357, 0.00260, 0.00178], hit=[0.02887, 0.03573, 0.05204, 0.08923], ndcg=[0.02143, 0.02365, 0.02774, 0.03515], Train Rec Loss=[0.03403], Eval Rec Loss=[0.03416], c=[0.50000], F=[0.80102, 0.87614, 0.93281, 0.92546], F_fuse=[0.01147, 0.00712, 0.00519, 0.00356]
[ INFO : 2026-08-13 12:36:59,043 ] - Epoch 10: train==[92.56596 = 1.64239 + 0.60216 + 16.88522 + 0.00473 + 0.00000 + 20.51544 + 884.94450]
[ INFO : 2026-08-13 12:37:06,161 ] - Test_@[5, 10, 20, 50]: Recall=[0.03051, 0.03915, 0.05824, 0.09821],  precision=[0.00610, 0.00392, 0.00291, 0.00196], hit=[0.03051, 0.03915, 0.05824, 0.09821], ndcg=[0.02309, 0.02584, 0.03063, 0.03860], Train Rec Loss=[0.03400], Eval Rec Loss=[0.03413], c=[0.50000], F=[0.80872, 0.87090, 0.93675, 0.92982], F_fuse=[0.01211, 0.00780, 0.00581, 0.00392]
[ INFO : 2026-08-13 12:38:14,280 ] - Epoch 11: train==[85.66144 = 1.63047 + 0.60216 + 16.09261 + 0.00568 + 0.00000 + 14.41450 + 884.94450]
[ INFO : 2026-08-13 12:38:21,342 ] - Test_@[5, 10, 20, 50]: Recall=[0.03100, 0.04046, 0.06036, 0.10114],  precision=[0.00620, 0.00405, 0.00302, 0.00202], hit=[0.03100, 0.04046, 0.06036, 0.10114], ndcg=[0.02357, 0.02659, 0.03168, 0.03985], Train Rec Loss=[0.03397], Eval Rec Loss=[0.03416], c=[0.50000], F=[0.81429, 0.86633, 0.93741, 0.93591], F_fuse=[0.01230, 0.00805, 0.00602, 0.00404]
[ INFO : 2026-08-13 12:39:29,642 ] - Epoch 12: train==[82.12979 = 1.62004 + 0.60217 + 15.31964 + 0.00670 + 0.00000 + 11.66523 + 884.94450]
[ INFO : 2026-08-13 12:39:36,750 ] - Test_@[5, 10, 20, 50]: Recall=[0.03067, 0.04095, 0.06150, 0.10179],  precision=[0.00613, 0.00409, 0.00308, 0.00204], hit=[0.03067, 0.04095, 0.06150, 0.10179], ndcg=[0.02341, 0.02671, 0.03198, 0.04007], Train Rec Loss=[0.03396], Eval Rec Loss=[0.03414], c=[0.50000], F=[0.81813, 0.86721, 0.93898, 0.93604], F_fuse=[0.01218, 0.00815, 0.00613, 0.00406]
[ INFO : 2026-08-13 12:40:44,831 ] - Epoch 13: train==[79.91694 = 1.61317 + 0.60218 + 14.81556 + 0.00768 + 0.00000 + 9.96233 + 884.94450]
[ INFO : 2026-08-13 12:40:51,937 ] - Test_@[5, 10, 20, 50]: Recall=[0.03018, 0.04323, 0.06427, 0.10555],  precision=[0.00604, 0.00432, 0.00321, 0.00211], hit=[0.03018, 0.04323, 0.06427, 0.10555], ndcg=[0.02330, 0.02748, 0.03285, 0.04109], Train Rec Loss=[0.03395], Eval Rec Loss=[0.03417], c=[0.50000], F=[0.82466, 0.87034, 0.94210, 0.93913], F_fuse=[0.01198, 0.00860, 0.00641, 0.00421]
[ INFO : 2026-08-13 12:41:58,931 ] - Epoch 14: train==[78.04462 = 1.59800 + 0.60217 + 14.12694 + 0.00860 + 0.00000 + 8.79289 + 884.94450]
[ INFO : 2026-08-13 12:42:06,015 ] - Test_@[5, 10, 20, 50]: Recall=[0.03018, 0.04421, 0.06542, 0.10669],  precision=[0.00604, 0.00442, 0.00327, 0.00213], hit=[0.03018, 0.04421, 0.06542, 0.10669], ndcg=[0.02320, 0.02770, 0.03306, 0.04131], Train Rec Loss=[0.03389], Eval Rec Loss=[0.03410], c=[0.50000], F=[0.82903, 0.87105, 0.94390, 0.93825], F_fuse=[0.01198, 0.00880, 0.00652, 0.00426]
[ INFO : 2026-08-13 12:43:14,483 ] - Epoch 15: train==[76.69491 = 1.58575 + 0.60218 + 13.73213 + 0.00942 + 0.00000 + 7.84941 + 884.94450]
[ INFO : 2026-08-13 12:43:21,583 ] - Test_@[5, 10, 20, 50]: Recall=[0.03083, 0.04454, 0.06737, 0.10848],  precision=[0.00617, 0.00445, 0.00337, 0.00217], hit=[0.03083, 0.04454, 0.06737, 0.10848], ndcg=[0.02352, 0.02789, 0.03365, 0.04181], Train Rec Loss=[0.03391], Eval Rec Loss=[0.03409], c=[0.50000], F=[0.83129, 0.87042, 0.94531, 0.93830], F_fuse=[0.01224, 0.00886, 0.00671, 0.00433]
[ INFO : 2026-08-13 12:44:30,710 ] - Epoch 16: train==[75.49965 = 1.57573 + 0.60217 + 13.29061 + 0.01025 + 0.00000 + 7.10488 + 884.94450]
[ INFO : 2026-08-13 12:44:38,155 ] - Test_@[5, 10, 20, 50]: Recall=[0.03116, 0.04584, 0.06737, 0.11175],  precision=[0.00623, 0.00458, 0.00337, 0.00223], hit=[0.03116, 0.04584, 0.06737, 0.11175], ndcg=[0.02373, 0.02841, 0.03387, 0.04267], Train Rec Loss=[0.03387], Eval Rec Loss=[0.03408], c=[0.50000], F=[0.83481, 0.86828, 0.94737, 0.93883], F_fuse=[0.01237, 0.00912, 0.00671, 0.00446]
[ INFO : 2026-08-13 12:45:47,916 ] - Epoch 17: train==[74.52491 = 1.56410 + 0.60219 + 12.95264 + 0.01088 + 0.00000 + 6.47909 + 884.94450]
[ INFO : 2026-08-13 12:45:55,292 ] - Test_@[5, 10, 20, 50]: Recall=[0.03148, 0.04617, 0.06754, 0.11207],  precision=[0.00630, 0.00462, 0.00338, 0.00224], hit=[0.03148, 0.04617, 0.06754, 0.11207], ndcg=[0.02379, 0.02844, 0.03384, 0.04271], Train Rec Loss=[0.03390], Eval Rec Loss=[0.03406], c=[0.50000], F=[0.83444, 0.86842, 0.94732, 0.93827], F_fuse=[0.01250, 0.00918, 0.00673, 0.00447]
[ INFO : 2026-08-13 12:47:04,477 ] - Epoch 18: train==[73.54977 = 1.55359 + 0.60218 + 12.51441 + 0.01147 + 0.00000 + 5.95210 + 884.94450]
[ INFO : 2026-08-13 12:47:11,670 ] - Test_@[5, 10, 20, 50]: Recall=[0.03197, 0.04666, 0.06819, 0.11338],  precision=[0.00639, 0.00467, 0.00341, 0.00227], hit=[0.03197, 0.04666, 0.06819, 0.11338], ndcg=[0.02394, 0.02857, 0.03399, 0.04297], Train Rec Loss=[0.03385], Eval Rec Loss=[0.03407], c=[0.50000], F=[0.83353, 0.86770, 0.94720, 0.93903], F_fuse=[0.01269, 0.00928, 0.00679, 0.00452]
[ INFO : 2026-08-13 12:48:21,697 ] - Epoch 19: train==[72.84712 = 1.53983 + 0.60217 + 12.27836 + 0.01195 + 0.00000 + 5.49879 + 884.94450]
[ INFO : 2026-08-13 12:48:29,237 ] - Test_@[5, 10, 20, 50]: Recall=[0.03312, 0.04747, 0.06917, 0.11582],  precision=[0.00662, 0.00475, 0.00346, 0.00232], hit=[0.03312, 0.04747, 0.06917, 0.11582], ndcg=[0.02467, 0.02919, 0.03467, 0.04393], Train Rec Loss=[0.03384], Eval Rec Loss=[0.03403], c=[0.50000], F=[0.83627, 0.86541, 0.95004, 0.94058], F_fuse=[0.01314, 0.00944, 0.00689, 0.00462]
[ INFO : 2026-08-13 12:49:39,126 ] - Epoch 20: train==[72.24736 = 1.53255 + 0.60217 + 12.08557 + 0.01240 + 0.00000 + 5.09865 + 884.94450]
[ INFO : 2026-08-13 12:49:46,245 ] - Test_@[5, 10, 20, 50]: Recall=[0.03344, 0.04780, 0.06982, 0.11648],  precision=[0.00669, 0.00478, 0.00349, 0.00233], hit=[0.03344, 0.04780, 0.06982, 0.11648], ndcg=[0.02495, 0.02948, 0.03502, 0.04429], Train Rec Loss=[0.03384], Eval Rec Loss=[0.03402], c=[0.50000], F=[0.83729, 0.86340, 0.95186, 0.94226], F_fuse=[0.01327, 0.00951, 0.00696, 0.00465]
[ INFO : 2026-08-13 12:50:54,500 ] - Epoch 21: train==[71.55130 = 1.52017 + 0.60217 + 11.75244 + 0.01270 + 0.00000 + 4.74781 + 884.94450]
[ INFO : 2026-08-13 12:51:01,592 ] - Test_@[5, 10, 20, 50]: Recall=[0.03279, 0.04731, 0.06949, 0.11729],  precision=[0.00656, 0.00473, 0.00347, 0.00235], hit=[0.03279, 0.04731, 0.06949, 0.11729], ndcg=[0.02457, 0.02918, 0.03477, 0.04426], Train Rec Loss=[0.03382], Eval Rec Loss=[0.03401], c=[0.50000], F=[0.83643, 0.86267, 0.95223, 0.94558], F_fuse=[0.01301, 0.00941, 0.00692, 0.00468]
[ INFO : 2026-08-13 12:52:09,594 ] - Epoch 22: train==[70.97096 = 1.50967 + 0.60218 + 11.49521 + 0.01293 + 0.00000 + 4.43494 + 884.94450]
[ INFO : 2026-08-13 12:52:16,675 ] - Test_@[5, 10, 20, 50]: Recall=[0.03148, 0.04747, 0.06852, 0.11550],  precision=[0.00630, 0.00475, 0.00343, 0.00231], hit=[0.03148, 0.04747, 0.06852, 0.11550], ndcg=[0.02375, 0.02879, 0.03402, 0.04335], Train Rec Loss=[0.03380], Eval Rec Loss=[0.03396], c=[0.50000], F=[0.83206, 0.86367, 0.95089, 0.94820], F_fuse=[0.01250, 0.00944, 0.00683, 0.00461]
[ INFO : 2026-08-13 12:53:24,852 ] - Epoch 23: train==[70.53365 = 1.49689 + 0.60217 + 11.35717 + 0.01316 + 0.00000 + 4.14825 + 884.94450]
[ INFO : 2026-08-13 12:53:31,944 ] - Test_@[5, 10, 20, 50]: Recall=[0.03312, 0.04780, 0.06982, 0.11925],  precision=[0.00662, 0.00478, 0.00349, 0.00238], hit=[0.03312, 0.04780, 0.06982, 0.11925], ndcg=[0.02464, 0.02929, 0.03479, 0.04456], Train Rec Loss=[0.03379], Eval Rec Loss=[0.03398], c=[0.50000], F=[0.83398, 0.86231, 0.95222, 0.94984], F_fuse=[0.01314, 0.00951, 0.00696, 0.00476]
[ INFO : 2026-08-13 12:54:40,408 ] - Epoch 24: train==[70.00089 = 1.48706 + 0.60217 + 11.08405 + 0.01330 + 0.00000 + 3.89830 + 884.94450]
[ INFO : 2026-08-13 12:54:47,519 ] - Test_@[5, 10, 20, 50]: Recall=[0.03148, 0.04747, 0.06835, 0.11566],  precision=[0.00630, 0.00475, 0.00342, 0.00231], hit=[0.03148, 0.04747, 0.06835, 0.11566], ndcg=[0.02371, 0.02877, 0.03395, 0.04335], Train Rec Loss=[0.03375], Eval Rec Loss=[0.03397], c=[0.50000], F=[0.82879, 0.86669, 0.95125, 0.94857], F_fuse=[0.01250, 0.00944, 0.00681, 0.00462]
[ INFO : 2026-08-13 12:55:55,146 ] - Epoch 25: train==[69.74326 = 1.47897 + 0.60217 + 11.06278 + 0.01356 + 0.00000 + 3.66976 + 884.94450]
[ INFO : 2026-08-13 12:56:02,241 ] - Test_@[5, 10, 20, 50]: Recall=[0.03458, 0.04894, 0.07064, 0.12007],  precision=[0.00692, 0.00489, 0.00353, 0.00240], hit=[0.03458, 0.04894, 0.07064, 0.12007], ndcg=[0.02550, 0.03000, 0.03539, 0.04518], Train Rec Loss=[0.03376], Eval Rec Loss=[0.03397], c=[0.50000], F=[0.83387, 0.86449, 0.95369, 0.94826], F_fuse=[0.01372, 0.00973, 0.00704, 0.00479]
[ INFO : 2026-08-13 12:57:11,081 ] - Epoch 26: train==[69.30531 = 1.46606 + 0.60217 + 10.84326 + 0.01359 + 0.00000 + 3.46421 + 884.94450]
[ INFO : 2026-08-13 12:57:18,206 ] - Test_@[5, 10, 20, 50]: Recall=[0.03524, 0.05024, 0.07113, 0.12170],  precision=[0.00705, 0.00502, 0.00356, 0.00243], hit=[0.03524, 0.05024, 0.07113, 0.12170], ndcg=[0.02615, 0.03087, 0.03606, 0.04608], Train Rec Loss=[0.03377], Eval Rec Loss=[0.03393], c=[0.50000], F=[0.83788, 0.86347, 0.95537, 0.94858], F_fuse=[0.01398, 0.00999, 0.00709, 0.00486]
[ INFO : 2026-08-13 12:58:26,504 ] - Epoch 27: train==[68.79959 = 1.45532 + 0.60217 + 10.54230 + 0.01360 + 0.00000 + 3.27019 + 884.94450]
[ INFO : 2026-08-13 12:58:33,579 ] - Test_@[5, 10, 20, 50]: Recall=[0.03556, 0.05024, 0.07129, 0.12268],  precision=[0.00711, 0.00502, 0.00356, 0.00245], hit=[0.03556, 0.05024, 0.07129, 0.12268], ndcg=[0.02623, 0.03086, 0.03609, 0.04627], Train Rec Loss=[0.03372], Eval Rec Loss=[0.03388], c=[0.50000], F=[0.83658, 0.86349, 0.95544, 0.94829], F_fuse=[0.01411, 0.00999, 0.00710, 0.00489]
[ INFO : 2026-08-13 12:59:41,906 ] - Epoch 28: train==[68.53333 = 1.44487 + 0.60217 + 10.46160 + 0.01360 + 0.00000 + 3.09507 + 884.94450]
[ INFO : 2026-08-13 12:59:48,971 ] - Test_@[5, 10, 20, 50]: Recall=[0.03589, 0.05057, 0.07145, 0.12349],  precision=[0.00718, 0.00506, 0.00357, 0.00247], hit=[0.03589, 0.05057, 0.07145, 0.12349], ndcg=[0.02652, 0.03114, 0.03634, 0.04665], Train Rec Loss=[0.03372], Eval Rec Loss=[0.03389], c=[0.50000], F=[0.83758, 0.86182, 0.95635, 0.94875], F_fuse=[0.01423, 0.01006, 0.00712, 0.00493]
[ INFO : 2026-08-13 13:00:57,444 ] - Epoch 29: train==[68.00802 = 1.43824 + 0.60217 + 10.10243 + 0.01359 + 0.00000 + 2.93556 + 884.94450]
[ INFO : 2026-08-13 13:01:04,577 ] - Test_@[5, 10, 20, 50]: Recall=[0.03426, 0.04878, 0.07064, 0.12121],  precision=[0.00685, 0.00488, 0.00353, 0.00242], hit=[0.03426, 0.04878, 0.07064, 0.12121], ndcg=[0.02557, 0.03017, 0.03559, 0.04560], Train Rec Loss=[0.03371], Eval Rec Loss=[0.03388], c=[0.50000], F=[0.83129, 0.86590, 0.95573, 0.94699], F_fuse=[0.01359, 0.00970, 0.00704, 0.00484]
[ INFO : 2026-08-13 13:02:13,268 ] - Epoch 30: train==[67.77848 = 1.42369 + 0.60218 + 10.04261 + 0.01367 + 0.00000 + 2.78033 + 884.94450]
[ INFO : 2026-08-13 13:02:20,385 ] - Test_@[5, 10, 20, 50]: Recall=[0.03589, 0.05008, 0.07194, 0.12349],  precision=[0.00718, 0.00501, 0.00360, 0.00247], hit=[0.03589, 0.05008, 0.07194, 0.12349], ndcg=[0.02686, 0.03134, 0.03679, 0.04698], Train Rec Loss=[0.03368], Eval Rec Loss=[0.03389], c=[0.50000], F=[0.83517, 0.86164, 0.95732, 0.94778], F_fuse=[0.01423, 0.00996, 0.00717, 0.00493]
[ INFO : 2026-08-13 13:03:29,193 ] - Epoch 31: train==[67.58919 = 1.41517 + 0.60217 + 10.00098 + 0.01373 + 0.00000 + 2.64112 + 884.94450]
[ INFO : 2026-08-13 13:03:36,304 ] - Test_@[5, 10, 20, 50]: Recall=[0.03540, 0.04992, 0.07243, 0.12463],  precision=[0.00708, 0.00499, 0.00362, 0.00249], hit=[0.03540, 0.04992, 0.07243, 0.12463], ndcg=[0.02679, 0.03140, 0.03702, 0.04732], Train Rec Loss=[0.03371], Eval Rec Loss=[0.03390], c=[0.50000], F=[0.83462, 0.86141, 0.95745, 0.94853], F_fuse=[0.01404, 0.00993, 0.00722, 0.00497]
[ INFO : 2026-08-13 13:04:45,041 ] - Epoch 32: train==[67.23298 = 1.40645 + 0.60217 + 9.77759 + 0.01356 + 0.00000 + 2.51719 + 884.94450]
[ INFO : 2026-08-13 13:04:52,121 ] - Test_@[5, 10, 20, 50]: Recall=[0.03589, 0.04943, 0.07210, 0.12202],  precision=[0.00718, 0.00494, 0.00361, 0.00244], hit=[0.03589, 0.04943, 0.07210, 0.12202], ndcg=[0.02671, 0.03101, 0.03666, 0.04655], Train Rec Loss=[0.03365], Eval Rec Loss=[0.03386], c=[0.50000], F=[0.83245, 0.86357, 0.95766, 0.94834], F_fuse=[0.01423, 0.00983, 0.00718, 0.00487]
[ INFO : 2026-08-13 13:06:00,635 ] - Epoch 33: train==[66.86835 = 1.39565 + 0.60218 + 9.54183 + 0.01370 + 0.00000 + 2.39897 + 884.94450]
[ INFO : 2026-08-13 13:06:07,742 ] - Test_@[5, 10, 20, 50]: Recall=[0.03654, 0.05041, 0.07341, 0.12512],  precision=[0.00731, 0.00504, 0.00367, 0.00250], hit=[0.03654, 0.05041, 0.07341, 0.12512], ndcg=[0.02713, 0.03150, 0.03721, 0.04740], Train Rec Loss=[0.03366], Eval Rec Loss=[0.03385], c=[0.50000], F=[0.83404, 0.86259, 0.95813, 0.94978], F_fuse=[0.01449, 0.01002, 0.00731, 0.00499]
[ INFO : 2026-08-13 13:07:16,017 ] - Epoch 34: train==[66.60923 = 1.38511 + 0.60217 + 9.40376 + 0.01360 + 0.00000 + 2.28856 + 884.94450]
[ INFO : 2026-08-13 13:07:23,140 ] - Test_@[5, 10, 20, 50]: Recall=[0.03556, 0.04943, 0.07113, 0.12349],  precision=[0.00711, 0.00494, 0.00356, 0.00247], hit=[0.03556, 0.04943, 0.07113, 0.12349], ndcg=[0.02661, 0.03100, 0.03643, 0.04678], Train Rec Loss=[0.03366], Eval Rec Loss=[0.03383], c=[0.50000], F=[0.83164, 0.86466, 0.95826, 0.94890], F_fuse=[0.01410, 0.00983, 0.00709, 0.00493]
[ INFO : 2026-08-13 13:08:31,468 ] - Epoch 35: train==[66.48718 = 1.37595 + 0.60219 + 9.39678 + 0.01364 + 0.00000 + 2.18261 + 884.94450]
[ INFO : 2026-08-13 13:08:38,553 ] - Test_@[5, 10, 20, 50]: Recall=[0.03605, 0.04943, 0.07145, 0.12398],  precision=[0.00721, 0.00494, 0.00357, 0.00248], hit=[0.03605, 0.04943, 0.07145, 0.12398], ndcg=[0.02692, 0.03116, 0.03666, 0.04704], Train Rec Loss=[0.03363], Eval Rec Loss=[0.03382], c=[0.50000], F=[0.83208, 0.86420, 0.95814, 0.94917], F_fuse=[0.01430, 0.00983, 0.00712, 0.00495]
[ INFO : 2026-08-13 13:09:47,209 ] - Epoch 36: train==[66.16539 = 1.36513 + 0.60218 + 9.17689 + 0.01378 + 0.00000 + 2.09141 + 884.94450]
[ INFO : 2026-08-13 13:09:54,304 ] - Test_@[5, 10, 20, 50]: Recall=[0.03622, 0.05090, 0.07259, 0.12561],  precision=[0.00724, 0.00509, 0.00363, 0.00251], hit=[0.03622, 0.05090, 0.07259, 0.12561], ndcg=[0.02729, 0.03195, 0.03736, 0.04784], Train Rec Loss=[0.03364], Eval Rec Loss=[0.03376], c=[0.50000], F=[0.83230, 0.86221, 0.95830, 0.95147], F_fuse=[0.01436, 0.01012, 0.00723, 0.00501]
[ INFO : 2026-08-13 13:11:02,779 ] - Epoch 37: train==[65.90298 = 1.35845 + 0.60218 + 9.01068 + 0.01386 + 0.00000 + 2.00180 + 884.94450]
[ INFO : 2026-08-13 13:11:09,889 ] - Test_@[5, 10, 20, 50]: Recall=[0.03605, 0.05090, 0.07210, 0.12431],  precision=[0.00721, 0.00509, 0.00361, 0.00249], hit=[0.03605, 0.05090, 0.07210, 0.12431], ndcg=[0.02713, 0.03182, 0.03710, 0.04745], Train Rec Loss=[0.03361], Eval Rec Loss=[0.03380], c=[0.50000], F=[0.83177, 0.86300, 0.95836, 0.95204], F_fuse=[0.01430, 0.01012, 0.00718, 0.00496]
[ INFO : 2026-08-13 13:12:18,065 ] - Epoch 38: train==[65.80062 = 1.34556 + 0.60218 + 9.00310 + 0.01392 + 0.00000 + 1.91984 + 884.94450]
[ INFO : 2026-08-13 13:12:25,136 ] - Test_@[5, 10, 20, 50]: Recall=[0.03622, 0.05073, 0.07308, 0.12529],  precision=[0.00724, 0.00507, 0.00365, 0.00251], hit=[0.03622, 0.05073, 0.07308, 0.12529], ndcg=[0.02727, 0.03188, 0.03744, 0.04776], Train Rec Loss=[0.03361], Eval Rec Loss=[0.03378], c=[0.50000], F=[0.83129, 0.86357, 0.95697, 0.95318], F_fuse=[0.01436, 0.01009, 0.00728, 0.00500]
[ INFO : 2026-08-13 13:13:33,512 ] - Epoch 39: train==[65.55114 = 1.33830 + 0.60219 + 8.83660 + 0.01386 + 0.00000 + 1.84416 + 884.94450]
[ INFO : 2026-08-13 13:13:40,617 ] - Test_@[5, 10, 20, 50]: Recall=[0.03605, 0.05024, 0.07308, 0.12480],  precision=[0.00721, 0.00502, 0.00365, 0.00250], hit=[0.03605, 0.05024, 0.07308, 0.12480], ndcg=[0.02701, 0.03152, 0.03720, 0.04739], Train Rec Loss=[0.03357], Eval Rec Loss=[0.03381], c=[0.50000], F=[0.82864, 0.86509, 0.95658, 0.95302], F_fuse=[0.01430, 0.00999, 0.00728, 0.00498]
[ INFO : 2026-08-13 13:14:49,119 ] - Epoch 40: train==[65.37859 = 1.33069 + 0.60217 + 8.74288 + 0.01368 + 0.00000 + 1.77314 + 884.94450]
[ INFO : 2026-08-13 13:14:56,230 ] - Test_@[5, 10, 20, 50]: Recall=[0.03573, 0.05008, 0.07259, 0.12545],  precision=[0.00715, 0.00501, 0.00363, 0.00251], hit=[0.03573, 0.05008, 0.07259, 0.12545], ndcg=[0.02664, 0.03122, 0.03682, 0.04723], Train Rec Loss=[0.03353], Eval Rec Loss=[0.03374], c=[0.50000], F=[0.82757, 0.86589, 0.95564, 0.95339], F_fuse=[0.01417, 0.00996, 0.00723, 0.00500]
[ INFO : 2026-08-13 13:16:04,475 ] - Epoch 41: train==[65.26917 = 1.31787 + 0.60218 + 8.71526 + 0.01369 + 0.00000 + 1.70415 + 884.94450]
[ INFO : 2026-08-13 13:16:11,542 ] - Test_@[5, 10, 20, 50]: Recall=[0.03768, 0.05171, 0.07602, 0.12773],  precision=[0.00754, 0.00517, 0.00380, 0.00255], hit=[0.03768, 0.05171, 0.07602, 0.12773], ndcg=[0.02835, 0.03279, 0.03883, 0.04897], Train Rec Loss=[0.03356], Eval Rec Loss=[0.03376], c=[0.50000], F=[0.83122, 0.86214, 0.95465, 0.95596], F_fuse=[0.01494, 0.01028, 0.00757, 0.00510]
[ INFO : 2026-08-13 13:17:20,075 ] - Epoch 42: train==[65.08166 = 1.30878 + 0.60218 + 8.60245 + 0.01359 + 0.00000 + 1.63864 + 884.94450]
[ INFO : 2026-08-13 13:17:27,229 ] - Test_@[5, 10, 20, 50]: Recall=[0.03638, 0.05073, 0.07357, 0.12529],  precision=[0.00728, 0.00507, 0.00368, 0.00251], hit=[0.03638, 0.05073, 0.07357, 0.12529], ndcg=[0.02714, 0.03171, 0.03739, 0.04759], Train Rec Loss=[0.03353], Eval Rec Loss=[0.03372], c=[0.50000], F=[0.82759, 0.86476, 0.95382, 0.95506], F_fuse=[0.01442, 0.01009, 0.00733, 0.00500]
[ INFO : 2026-08-13 13:18:35,276 ] - Epoch 43: train==[64.94656 = 1.29949 + 0.60218 + 8.54235 + 0.01357 + 0.00000 + 1.57295 + 884.94450]
[ INFO : 2026-08-13 13:18:42,365 ] - Test_@[5, 10, 20, 50]: Recall=[0.03654, 0.05041, 0.07357, 0.12594],  precision=[0.00731, 0.00504, 0.00368, 0.00252], hit=[0.03654, 0.05041, 0.07357, 0.12594], ndcg=[0.02717, 0.03161, 0.03737, 0.04769], Train Rec Loss=[0.03355], Eval Rec Loss=[0.03376], c=[0.50000], F=[0.82822, 0.86577, 0.95306, 0.95559], F_fuse=[0.01449, 0.01002, 0.00733, 0.00502]
[ INFO : 2026-08-13 13:19:50,261 ] - Epoch 44: train==[64.84335 = 1.28993 + 0.60218 + 8.50212 + 0.01341 + 0.00000 + 1.51969 + 884.94450]
[ INFO : 2026-08-13 13:19:57,357 ] - Test_@[5, 10, 20, 50]: Recall=[0.03654, 0.05041, 0.07406, 0.12643],  precision=[0.00731, 0.00504, 0.00370, 0.00253], hit=[0.03654, 0.05041, 0.07406, 0.12643], ndcg=[0.02722, 0.03166, 0.03755, 0.04785], Train Rec Loss=[0.03353], Eval Rec Loss=[0.03369], c=[0.50000], F=[0.82672, 0.86642, 0.95252, 0.95645], F_fuse=[0.01449, 0.01002, 0.00738, 0.00504]
[ INFO : 2026-08-13 13:21:05,422 ] - Epoch 45: train==[64.58684 = 1.28506 + 0.60217 + 8.30823 + 0.01336 + 0.00000 + 1.46200 + 884.94450]
[ INFO : 2026-08-13 13:21:12,483 ] - Test_@[5, 10, 20, 50]: Recall=[0.03654, 0.05008, 0.07390, 0.12626],  precision=[0.00731, 0.00501, 0.00369, 0.00253], hit=[0.03654, 0.05008, 0.07390, 0.12626], ndcg=[0.02711, 0.03145, 0.03738, 0.04770], Train Rec Loss=[0.03351], Eval Rec Loss=[0.03370], c=[0.50000], F=[0.82738, 0.86725, 0.95089, 0.95751], F_fuse=[0.01449, 0.00996, 0.00736, 0.00504]
[ INFO : 2026-08-13 13:22:20,490 ] - Epoch 46: train==[64.51860 = 1.27474 + 0.60220 + 8.29893 + 0.01327 + 0.00000 + 1.41346 + 884.94450]
[ INFO : 2026-08-13 13:22:27,553 ] - Test_@[5, 10, 20, 50]: Recall=[0.03605, 0.04959, 0.07243, 0.12545],  precision=[0.00721, 0.00496, 0.00362, 0.00251], hit=[0.03605, 0.04959, 0.07243, 0.12545], ndcg=[0.02650, 0.03087, 0.03658, 0.04704], Train Rec Loss=[0.03351], Eval Rec Loss=[0.03369], c=[0.50000], F=[0.82586, 0.86864, 0.95098, 0.95803], F_fuse=[0.01430, 0.00986, 0.00722, 0.00500]
[ INFO : 2026-08-13 13:23:35,717 ] - Epoch 47: train==[64.32326 = 1.26924 + 0.60218 + 8.16100 + 0.01305 + 0.00000 + 1.36178 + 884.94450]
[ INFO : 2026-08-13 13:23:42,817 ] - Test_@[5, 10, 20, 50]: Recall=[0.03638, 0.05041, 0.07488, 0.12626],  precision=[0.00728, 0.00504, 0.00374, 0.00253], hit=[0.03638, 0.05041, 0.07488, 0.12626], ndcg=[0.02731, 0.03181, 0.03788, 0.04798], Train Rec Loss=[0.03350], Eval Rec Loss=[0.03370], c=[0.50000], F=[0.82720, 0.86755, 0.94966, 0.95924], F_fuse=[0.01442, 0.01002, 0.00746, 0.00504]
[ INFO : 2026-08-13 13:24:50,642 ] - Epoch 48: train==[64.24229 = 1.25777 + 0.60218 + 8.13575 + 0.01301 + 0.00000 + 1.31756 + 884.94450]
[ INFO : 2026-08-13 13:24:57,722 ] - Test_@[5, 10, 20, 50]: Recall=[0.03752, 0.05139, 0.07618, 0.12757],  precision=[0.00750, 0.00514, 0.00381, 0.00255], hit=[0.03752, 0.05139, 0.07618, 0.12757], ndcg=[0.02831, 0.03271, 0.03885, 0.04893], Train Rec Loss=[0.03348], Eval Rec Loss=[0.03366], c=[0.50000], F=[0.82994, 0.86804, 0.94981, 0.96079], F_fuse=[0.01487, 0.01022, 0.00759, 0.00509]
[ INFO : 2026-08-13 13:26:06,349 ] - Epoch 49: train==[64.10072 = 1.24622 + 0.60217 + 8.05227 + 0.01300 + 0.00000 + 1.27105 + 884.94450]
[ INFO : 2026-08-13 13:26:13,450 ] - Test_@[5, 10, 20, 50]: Recall=[0.03736, 0.05041, 0.07520, 0.12692],  precision=[0.00747, 0.00504, 0.00376, 0.00254], hit=[0.03736, 0.05041, 0.07520, 0.12692], ndcg=[0.02779, 0.03196, 0.03812, 0.04827], Train Rec Loss=[0.03347], Eval Rec Loss=[0.03365], c=[0.50000], F=[0.82868, 0.87017, 0.94987, 0.96104], F_fuse=[0.01481, 0.01002, 0.00749, 0.00506]
[ INFO : 2026-08-13 13:27:22,034 ] - Epoch 50: train==[63.93913 = 1.23950 + 0.60218 + 7.93897 + 0.01285 + 0.00000 + 1.22961 + 884.94450]
[ INFO : 2026-08-13 13:27:29,113 ] - Test_@[5, 10, 20, 50]: Recall=[0.03768, 0.05073, 0.07586, 0.12773],  precision=[0.00754, 0.00507, 0.00379, 0.00255], hit=[0.03768, 0.05073, 0.07586, 0.12773], ndcg=[0.02813, 0.03229, 0.03853, 0.04870], Train Rec Loss=[0.03346], Eval Rec Loss=[0.03366], c=[0.50000], F=[0.82968, 0.87015, 0.94948, 0.96186], F_fuse=[0.01494, 0.01009, 0.00756, 0.00510]
[ INFO : 2026-08-13 13:28:36,993 ] - Epoch 51: train==[63.69567 = 1.23227 + 0.60217 + 7.74264 + 0.01280 + 0.00000 + 1.18976 + 884.94450]
[ INFO : 2026-08-13 13:28:44,088 ] - Test_@[5, 10, 20, 50]: Recall=[0.03817, 0.05090, 0.07520, 0.12724],  precision=[0.00763, 0.00509, 0.00376, 0.00254], hit=[0.03817, 0.05090, 0.07520, 0.12724], ndcg=[0.02883, 0.03287, 0.03894, 0.04918], Train Rec Loss=[0.03349], Eval Rec Loss=[0.03363], c=[0.50000], F=[0.83068, 0.86931, 0.94927, 0.96242], F_fuse=[0.01513, 0.01012, 0.00749, 0.00508]
[ INFO : 2026-08-13 13:29:52,478 ] - Epoch 52: train==[63.67462 = 1.22277 + 0.60217 + 7.77105 + 0.01273 + 0.00000 + 1.14987 + 884.94450]
[ INFO : 2026-08-13 13:29:59,587 ] - Test_@[5, 10, 20, 50]: Recall=[0.03801, 0.05237, 0.07618, 0.12675],  precision=[0.00760, 0.00524, 0.00381, 0.00254], hit=[0.03801, 0.05237, 0.07618, 0.12675], ndcg=[0.02885, 0.03337, 0.03928, 0.04923], Train Rec Loss=[0.03345], Eval Rec Loss=[0.03367], c=[0.50000], F=[0.83318, 0.86825, 0.94789, 0.96254], F_fuse=[0.01507, 0.01041, 0.00759, 0.00506]
[ INFO : 2026-08-13 13:31:08,186 ] - Epoch 53: train==[63.58191 = 1.21531 + 0.60218 + 7.72525 + 0.01269 + 0.00000 + 1.11045 + 884.94450]
[ INFO : 2026-08-13 13:31:15,319 ] - Test_@[5, 10, 20, 50]: Recall=[0.03801, 0.05139, 0.07553, 0.12643],  precision=[0.00760, 0.00514, 0.00378, 0.00253], hit=[0.03801, 0.05139, 0.07553, 0.12643], ndcg=[0.02857, 0.03279, 0.03881, 0.04883], Train Rec Loss=[0.03345], Eval Rec Loss=[0.03362], c=[0.50000], F=[0.83159, 0.87031, 0.94774, 0.96247], F_fuse=[0.01507, 0.01022, 0.00752, 0.00504]
[ INFO : 2026-08-13 13:32:24,680 ] - Epoch 54: train==[63.40196 = 1.20628 + 0.60218 + 7.58717 + 0.01273 + 0.00000 + 1.07759 + 884.94450]
[ INFO : 2026-08-13 13:32:32,061 ] - Test_@[5, 10, 20, 50]: Recall=[0.03817, 0.05220, 0.07684, 0.12577],  precision=[0.00763, 0.00522, 0.00384, 0.00252], hit=[0.03817, 0.05220, 0.07684, 0.12577], ndcg=[0.02895, 0.03337, 0.03949, 0.04913], Train Rec Loss=[0.03341], Eval Rec Loss=[0.03358], c=[0.50000], F=[0.83272, 0.86910, 0.94636, 0.96265], F_fuse=[0.01513, 0.01038, 0.00765, 0.00502]
[ INFO : 2026-08-13 13:33:41,663 ] - Epoch 55: train==[63.31690 = 1.20206 + 0.60218 + 7.54441 + 0.01275 + 0.00000 + 1.03947 + 884.94450]
[ INFO : 2026-08-13 13:33:48,996 ] - Test_@[5, 10, 20, 50]: Recall=[0.03817, 0.05204, 0.07635, 0.12577],  precision=[0.00763, 0.00520, 0.00382, 0.00252], hit=[0.03817, 0.05204, 0.07635, 0.12577], ndcg=[0.02867, 0.03304, 0.03908, 0.04882], Train Rec Loss=[0.03342], Eval Rec Loss=[0.03359], c=[0.50000], F=[0.83151, 0.86991, 0.94679, 0.96283], F_fuse=[0.01513, 0.01035, 0.00760, 0.00502]
[ INFO : 2026-08-13 13:34:59,123 ] - Epoch 56: train==[63.22209 = 1.19261 + 0.60218 + 7.49461 + 0.01267 + 0.00000 + 1.00400 + 884.94450]
[ INFO : 2026-08-13 13:35:06,582 ] - Test_@[5, 10, 20, 50]: Recall=[0.03801, 0.05171, 0.07520, 0.12692],  precision=[0.00760, 0.00517, 0.00376, 0.00254], hit=[0.03801, 0.05171, 0.07520, 0.12692], ndcg=[0.02870, 0.03301, 0.03886, 0.04905], Train Rec Loss=[0.03341], Eval Rec Loss=[0.03361], c=[0.50000], F=[0.83208, 0.87195, 0.94695, 0.96259], F_fuse=[0.01507, 0.01028, 0.00749, 0.00506]
[ INFO : 2026-08-13 13:36:15,736 ] - Epoch 57: train==[63.07669 = 1.18839 + 0.60218 + 7.37722 + 0.01255 + 0.00000 + 0.98033 + 884.94450]
[ INFO : 2026-08-13 13:36:22,885 ] - Test_@[5, 10, 20, 50]: Recall=[0.03785, 0.05090, 0.07520, 0.12626],  precision=[0.00757, 0.00509, 0.00376, 0.00253], hit=[0.03785, 0.05090, 0.07520, 0.12626], ndcg=[0.02824, 0.03239, 0.03845, 0.04851], Train Rec Loss=[0.03339], Eval Rec Loss=[0.03359], c=[0.50000], F=[0.83015, 0.87344, 0.94644, 0.96260], F_fuse=[0.01500, 0.01012, 0.00749, 0.00504]
[ INFO : 2026-08-13 13:37:31,790 ] - Epoch 58: train==[63.02306 = 1.18421 + 0.60219 + 7.36118 + 0.01254 + 0.00000 + 0.94694 + 884.94450]
[ INFO : 2026-08-13 13:37:39,369 ] - Test_@[5, 10, 20, 50]: Recall=[0.03736, 0.05155, 0.07406, 0.12659],  precision=[0.00747, 0.00515, 0.00370, 0.00253], hit=[0.03736, 0.05155, 0.07406, 0.12659], ndcg=[0.02776, 0.03228, 0.03789, 0.04827], Train Rec Loss=[0.03339], Eval Rec Loss=[0.03358], c=[0.50000], F=[0.83138, 0.87369, 0.94619, 0.96270], F_fuse=[0.01481, 0.01025, 0.00738, 0.00505]
[ INFO : 2026-08-13 13:38:49,729 ] - Epoch 59: train==[62.83621 = 1.17510 + 0.60218 + 7.21221 + 0.01251 + 0.00000 + 0.91820 + 884.94450]
[ INFO : 2026-08-13 13:38:57,053 ] - Test_@[5, 10, 20, 50]: Recall=[0.03850, 0.05269, 0.07749, 0.12904],  precision=[0.00770, 0.00527, 0.00387, 0.00258], hit=[0.03850, 0.05269, 0.07749, 0.12904], ndcg=[0.02942, 0.03392, 0.04008, 0.05018], Train Rec Loss=[0.03339], Eval Rec Loss=[0.03357], c=[0.50000], F=[0.83285, 0.87030, 0.94412, 0.96329], F_fuse=[0.01526, 0.01047, 0.00772, 0.00515]
[ INFO : 2026-08-13 13:40:07,384 ] - Epoch 60: train==[62.74723 = 1.16781 + 0.60218 + 7.16096 + 0.01249 + 0.00000 + 0.88777 + 884.94450]
[ INFO : 2026-08-13 13:40:14,552 ] - Test_@[5, 10, 20, 50]: Recall=[0.03719, 0.05171, 0.07406, 0.12643],  precision=[0.00744, 0.00517, 0.00370, 0.00253], hit=[0.03719, 0.05171, 0.07406, 0.12643], ndcg=[0.02786, 0.03249, 0.03807, 0.04841], Train Rec Loss=[0.03337], Eval Rec Loss=[0.03356], c=[0.50000], F=[0.83192, 0.87537, 0.94501, 0.96305], F_fuse=[0.01475, 0.01028, 0.00738, 0.00504]
[ INFO : 2026-08-13 13:41:23,043 ] - Epoch 61: train==[62.63478 = 1.15654 + 0.60218 + 7.08557 + 0.01251 + 0.00000 + 0.86196 + 884.94450]
[ INFO : 2026-08-13 13:41:30,233 ] - Test_@[5, 10, 20, 50]: Recall=[0.03866, 0.05220, 0.07602, 0.12741],  precision=[0.00773, 0.00522, 0.00380, 0.00255], hit=[0.03866, 0.05220, 0.07602, 0.12741], ndcg=[0.02908, 0.03334, 0.03925, 0.04936], Train Rec Loss=[0.03334], Eval Rec Loss=[0.03353], c=[0.50000], F=[0.83354, 0.87369, 0.94511, 0.96326], F_fuse=[0.01532, 0.01038, 0.00757, 0.00508]
[ INFO : 2026-08-13 13:42:38,657 ] - Epoch 62: train==[62.61527 = 1.15085 + 0.60218 + 7.09576 + 0.01252 + 0.00000 + 0.83795 + 884.94450]
[ INFO : 2026-08-13 13:42:45,765 ] - Test_@[5, 10, 20, 50]: Recall=[0.03834, 0.05253, 0.07716, 0.12904],  precision=[0.00767, 0.00525, 0.00386, 0.00258], hit=[0.03834, 0.05253, 0.07716, 0.12904], ndcg=[0.02922, 0.03374, 0.03987, 0.05004], Train Rec Loss=[0.03337], Eval Rec Loss=[0.03354], c=[0.50000], F=[0.83458, 0.87339, 0.94470, 0.96419], F_fuse=[0.01519, 0.01044, 0.00768, 0.00515]
[ INFO : 2026-08-13 13:43:53,701 ] - Epoch 63: train==[62.56292 = 1.14491 + 0.60218 + 7.07771 + 0.01231 + 0.00000 + 0.80979 + 884.94450]
[ INFO : 2026-08-13 13:44:00,810 ] - Test_@[5, 10, 20, 50]: Recall=[0.03850, 0.05237, 0.07716, 0.12871],  precision=[0.00770, 0.00524, 0.00386, 0.00257], hit=[0.03850, 0.05237, 0.07716, 0.12871], ndcg=[0.02910, 0.03350, 0.03965, 0.04975], Train Rec Loss=[0.03336], Eval Rec Loss=[0.03354], c=[0.50000], F=[0.83500, 0.87421, 0.94500, 0.96423], F_fuse=[0.01526, 0.01041, 0.00768, 0.00513]
[ INFO : 2026-08-13 13:45:08,903 ] - Epoch 64: train==[62.35466 = 1.14432 + 0.60218 + 6.89230 + 0.01222 + 0.00000 + 0.78762 + 884.94450]
[ INFO : 2026-08-13 13:45:16,026 ] - Test_@[5, 10, 20, 50]: Recall=[0.03834, 0.05220, 0.07569, 0.12757],  precision=[0.00767, 0.00522, 0.00378, 0.00255], hit=[0.03834, 0.05220, 0.07569, 0.12757], ndcg=[0.02854, 0.03293, 0.03876, 0.04895], Train Rec Loss=[0.03335], Eval Rec Loss=[0.03354], c=[0.50000], F=[0.83443, 0.87885, 0.94640, 0.96363], F_fuse=[0.01519, 0.01038, 0.00754, 0.00509]
[ INFO : 2026-08-13 13:46:23,309 ] - Epoch 65: train==[62.34305 = 1.13313 + 0.60219 + 6.91767 + 0.01227 + 0.00000 + 0.76177 + 884.94450]
[ INFO : 2026-08-13 13:46:30,424 ] - Test_@[5, 10, 20, 50]: Recall=[0.03817, 0.05237, 0.07635, 0.12773],  precision=[0.00763, 0.00524, 0.00382, 0.00255], hit=[0.03817, 0.05237, 0.07635, 0.12773], ndcg=[0.02861, 0.03314, 0.03908, 0.04916], Train Rec Loss=[0.03332], Eval Rec Loss=[0.03349], c=[0.50000], F=[0.83825, 0.87813, 0.94433, 0.96392], F_fuse=[0.01513, 0.01041, 0.00760, 0.00510]
[ INFO : 2026-08-13 13:47:38,261 ] - Epoch 66: train==[62.31407 = 1.12278 + 0.60218 + 6.92335 + 0.01213 + 0.00000 + 0.73760 + 884.94450]
[ INFO : 2026-08-13 13:47:45,398 ] - Test_@[5, 10, 20, 50]: Recall=[0.03883, 0.05285, 0.07700, 0.12953],  precision=[0.00777, 0.00529, 0.00385, 0.00259], hit=[0.03883, 0.05285, 0.07700, 0.12953], ndcg=[0.02932, 0.03378, 0.03977, 0.05007], Train Rec Loss=[0.03333], Eval Rec Loss=[0.03352], c=[0.50000], F=[0.83586, 0.87649, 0.94377, 0.96445], F_fuse=[0.01539, 0.01051, 0.00767, 0.00517]
[ INFO : 2026-08-13 13:48:53,149 ] - Epoch 67: train==[62.13063 = 1.11716 + 0.60218 + 6.76572 + 0.01216 + 0.00000 + 0.71739 + 884.94450]
[ INFO : 2026-08-13 13:49:00,215 ] - Test_@[5, 10, 20, 50]: Recall=[0.03768, 0.05139, 0.07488, 0.12757],  precision=[0.00754, 0.00514, 0.00374, 0.00255], hit=[0.03768, 0.05139, 0.07488, 0.12757], ndcg=[0.02755, 0.03192, 0.03778, 0.04812], Train Rec Loss=[0.03331], Eval Rec Loss=[0.03350], c=[0.50000], F=[0.83286, 0.88144, 0.94439, 0.96357], F_fuse=[0.01494, 0.01022, 0.00746, 0.00509]
[ INFO : 2026-08-13 13:50:07,265 ] - Epoch 68: train==[62.24626 = 1.10777 + 0.60218 + 6.91286 + 0.01196 + 0.00000 + 0.69548 + 884.94450]
[ INFO : 2026-08-13 13:50:14,327 ] - Test_@[5, 10, 20, 50]: Recall=[0.03834, 0.05237, 0.07520, 0.12708],  precision=[0.00767, 0.00524, 0.00376, 0.00254], hit=[0.03834, 0.05237, 0.07520, 0.12708], ndcg=[0.02859, 0.03306, 0.03874, 0.04898], Train Rec Loss=[0.03332], Eval Rec Loss=[0.03351], c=[0.50000], F=[0.83423, 0.87891, 0.94307, 0.96446], F_fuse=[0.01519, 0.01041, 0.00749, 0.00507]
[ INFO : 2026-08-13 13:51:21,920 ] - Epoch 69: train==[61.94194 = 1.10567 + 0.60218 + 6.62980 + 0.01180 + 0.00000 + 0.67648 + 884.94450]
[ INFO : 2026-08-13 13:51:29,012 ] - Test_@[5, 10, 20, 50]: Recall=[0.03850, 0.05237, 0.07586, 0.12838],  precision=[0.00770, 0.00524, 0.00379, 0.00257], hit=[0.03850, 0.05237, 0.07586, 0.12838], ndcg=[0.02876, 0.03318, 0.03903, 0.04936], Train Rec Loss=[0.03331], Eval Rec Loss=[0.03348], c=[0.50000], F=[0.82906, 0.88028, 0.94357, 0.96447], F_fuse=[0.01526, 0.01041, 0.00756, 0.00512]
[ INFO : 2026-08-13 13:52:37,312 ] - Epoch 70: train==[61.91850 = 1.10016 + 0.60219 + 6.63459 + 0.01181 + 0.00000 + 0.65374 + 884.94450]
[ INFO : 2026-08-13 13:52:44,383 ] - Test_@[5, 10, 20, 50]: Recall=[0.03866, 0.05253, 0.07798, 0.12871],  precision=[0.00773, 0.00525, 0.00390, 0.00257], hit=[0.03866, 0.05253, 0.07798, 0.12871], ndcg=[0.02902, 0.03343, 0.03974, 0.04968], Train Rec Loss=[0.03329], Eval Rec Loss=[0.03346], c=[0.50000], F=[0.83323, 0.87976, 0.94202, 0.96528], F_fuse=[0.01532, 0.01044, 0.00777, 0.00513]
[ INFO : 2026-08-13 13:53:52,418 ] - Epoch 71: train==[61.83471 = 1.08884 + 0.60219 + 6.58088 + 0.01169 + 0.00000 + 0.63510 + 884.94450]
[ INFO : 2026-08-13 13:53:59,483 ] - Test_@[5, 10, 20, 50]: Recall=[0.03736, 0.05073, 0.07520, 0.12610],  precision=[0.00747, 0.00507, 0.00376, 0.00252], hit=[0.03736, 0.05073, 0.07520, 0.12610], ndcg=[0.02741, 0.03167, 0.03781, 0.04777], Train Rec Loss=[0.03330], Eval Rec Loss=[0.03350], c=[0.50000], F=[0.83556, 0.88320, 0.94391, 0.96473], F_fuse=[0.01481, 0.01009, 0.00749, 0.00503]
[ INFO : 2026-08-13 13:55:07,575 ] - Epoch 72: train==[61.73471 = 1.08521 + 0.60220 + 6.50023 + 0.01176 + 0.00000 + 0.61930 + 884.94450]
[ INFO : 2026-08-13 13:55:14,691 ] - Test_@[5, 10, 20, 50]: Recall=[0.03866, 0.05269, 0.07635, 0.12855],  precision=[0.00773, 0.00527, 0.00382, 0.00257], hit=[0.03866, 0.05269, 0.07635, 0.12855], ndcg=[0.02878, 0.03322, 0.03910, 0.04934], Train Rec Loss=[0.03328], Eval Rec Loss=[0.03344], c=[0.50000], F=[0.83592, 0.87984, 0.94220, 0.96510], F_fuse=[0.01532, 0.01048, 0.00760, 0.00513]
[ INFO : 2026-08-13 13:56:22,727 ] - Epoch 73: train==[61.64815 = 1.07904 + 0.60219 + 6.43822 + 0.01180 + 0.00000 + 0.60089 + 884.94450]
[ INFO : 2026-08-13 13:56:29,826 ] - Test_@[5, 10, 20, 50]: Recall=[0.03817, 0.05237, 0.07667, 0.12773],  precision=[0.00763, 0.00524, 0.00383, 0.00255], hit=[0.03817, 0.05237, 0.07667, 0.12773], ndcg=[0.02854, 0.03305, 0.03911, 0.04912], Train Rec Loss=[0.03326], Eval Rec Loss=[0.03346], c=[0.50000], F=[0.83904, 0.88078, 0.94178, 0.96540], F_fuse=[0.01513, 0.01041, 0.00764, 0.00510]
[ INFO : 2026-08-13 13:57:37,625 ] - Epoch 74: train==[61.60251 = 1.06766 + 0.60219 + 6.42461 + 0.01190 + 0.00000 + 0.58014 + 884.94450]
[ INFO : 2026-08-13 13:57:44,739 ] - Test_@[5, 10, 20, 50]: Recall=[0.03834, 0.05237, 0.07635, 0.12708],  precision=[0.00767, 0.00524, 0.00382, 0.00254], hit=[0.03834, 0.05237, 0.07635, 0.12708], ndcg=[0.02834, 0.03278, 0.03876, 0.04871], Train Rec Loss=[0.03327], Eval Rec Loss=[0.03346], c=[0.50000], F=[0.84200, 0.88066, 0.94285, 0.96538], F_fuse=[0.01520, 0.01041, 0.00760, 0.00507]
[ INFO : 2026-08-13 13:58:52,670 ] - Epoch 75: train==[61.51479 = 1.06606 + 0.60219 + 6.35345 + 0.01184 + 0.00000 + 0.56523 + 884.94450]
[ INFO : 2026-08-13 13:58:59,853 ] - Test_@[5, 10, 20, 50]: Recall=[0.03899, 0.05302, 0.07781, 0.12936],  precision=[0.00780, 0.00530, 0.00389, 0.00259], hit=[0.03899, 0.05302, 0.07781, 0.12936], ndcg=[0.02910, 0.03355, 0.03971, 0.04978], Train Rec Loss=[0.03326], Eval Rec Loss=[0.03345], c=[0.50000], F=[0.84212, 0.87854, 0.94233, 0.96507], F_fuse=[0.01545, 0.01054, 0.00775, 0.00516]
[ INFO : 2026-08-13 14:00:07,726 ] - Epoch 76: train==[61.52979 = 1.06164 + 0.60219 + 6.39042 + 0.01176 + 0.00000 + 0.54777 + 884.94450]
[ INFO : 2026-08-13 14:00:14,830 ] - Test_@[5, 10, 20, 50]: Recall=[0.03817, 0.05253, 0.07635, 0.12659],  precision=[0.00763, 0.00525, 0.00382, 0.00253], hit=[0.03817, 0.05253, 0.07635, 0.12659], ndcg=[0.02784, 0.03238, 0.03830, 0.04814], Train Rec Loss=[0.03326], Eval Rec Loss=[0.03342], c=[0.50000], F=[0.84048, 0.88274, 0.94326, 0.96535], F_fuse=[0.01513, 0.01044, 0.00760, 0.00505]
[ INFO : 2026-08-13 14:01:22,878 ] - Epoch 77: train==[61.37320 = 1.05384 + 0.60219 + 6.25438 + 0.01171 + 0.00000 + 0.53507 + 884.94450]
[ INFO : 2026-08-13 14:01:30,022 ] - Test_@[5, 10, 20, 50]: Recall=[0.03931, 0.05383, 0.07879, 0.12953],  precision=[0.00786, 0.00538, 0.00394, 0.00259], hit=[0.03931, 0.05383, 0.07879, 0.12953], ndcg=[0.02967, 0.03428, 0.04052, 0.05044], Train Rec Loss=[0.03326], Eval Rec Loss=[0.03341], c=[0.50000], F=[0.84479, 0.87595, 0.94132, 0.96557], F_fuse=[0.01558, 0.01070, 0.00785, 0.00517]
[ INFO : 2026-08-13 14:02:38,359 ] - Epoch 78: train==[61.23143 = 1.04852 + 0.60219 + 6.13549 + 0.01177 + 0.00000 + 0.51744 + 884.94450]
[ INFO : 2026-08-13 14:02:45,454 ] - Test_@[5, 10, 20, 50]: Recall=[0.03931, 0.05367, 0.07765, 0.12985],  precision=[0.00786, 0.00537, 0.00388, 0.00260], hit=[0.03931, 0.05367, 0.07765, 0.12985], ndcg=[0.02937, 0.03392, 0.03990, 0.05012], Train Rec Loss=[0.03323], Eval Rec Loss=[0.03343], c=[0.50000], F=[0.84694, 0.87708, 0.94293, 0.96511], F_fuse=[0.01558, 0.01067, 0.00773, 0.00518]
[ INFO : 2026-08-13 14:03:53,619 ] - Epoch 79: train==[61.25101 = 1.04841 + 0.60219 + 6.16845 + 0.01171 + 0.00000 + 0.50425 + 884.94450]
[ INFO : 2026-08-13 14:04:00,710 ] - Test_@[5, 10, 20, 50]: Recall=[0.03948, 0.05383, 0.07798, 0.12969],  precision=[0.00790, 0.00538, 0.00390, 0.00259], hit=[0.03948, 0.05383, 0.07798, 0.12969], ndcg=[0.02966, 0.03420, 0.04020, 0.05034], Train Rec Loss=[0.03323], Eval Rec Loss=[0.03339], c=[0.50000], F=[0.84702, 0.87681, 0.94128, 0.96530], F_fuse=[0.01565, 0.01070, 0.00777, 0.00517]
[ INFO : 2026-08-13 14:05:08,612 ] - Epoch 80: train==[61.21003 = 1.04080 + 0.60219 + 6.15378 + 0.01166 + 0.00000 + 0.48558 + 884.94450]
[ INFO : 2026-08-13 14:05:15,697 ] - Test_@[5, 10, 20, 50]: Recall=[0.03948, 0.05334, 0.07749, 0.12953],  precision=[0.00790, 0.00533, 0.00387, 0.00259], hit=[0.03948, 0.05334, 0.07749, 0.12953], ndcg=[0.02945, 0.03385, 0.03986, 0.05004], Train Rec Loss=[0.03324], Eval Rec Loss=[0.03339], c=[0.50000], F=[0.85018, 0.87992, 0.94138, 0.96489], F_fuse=[0.01565, 0.01060, 0.00772, 0.00517]
[ INFO : 2026-08-13 14:06:23,804 ] - Epoch 81: train==[61.08083 = 1.03347 + 0.60218 + 6.04262 + 0.01160 + 0.00000 + 0.47494 + 884.94450]
[ INFO : 2026-08-13 14:06:30,907 ] - Test_@[5, 10, 20, 50]: Recall=[0.03866, 0.05367, 0.07765, 0.12757],  precision=[0.00773, 0.00537, 0.00388, 0.00255], hit=[0.03866, 0.05367, 0.07765, 0.12757], ndcg=[0.02892, 0.03373, 0.03971, 0.04949], Train Rec Loss=[0.03323], Eval Rec Loss=[0.03339], c=[0.50000], F=[0.85251, 0.88106, 0.94010, 0.96557], F_fuse=[0.01533, 0.01067, 0.00773, 0.00509]
[ INFO : 2026-08-13 14:07:38,720 ] - Epoch 82: train==[61.07813 = 1.02640 + 0.60219 + 6.06468 + 0.01155 + 0.00000 + 0.45730 + 884.94450]
[ INFO : 2026-08-13 14:07:45,801 ] - Test_@[5, 10, 20, 50]: Recall=[0.03915, 0.05367, 0.07798, 0.12953],  precision=[0.00783, 0.00537, 0.00390, 0.00259], hit=[0.03915, 0.05367, 0.07798, 0.12953], ndcg=[0.02944, 0.03408, 0.04014, 0.05023], Train Rec Loss=[0.03321], Eval Rec Loss=[0.03340], c=[0.50000], F=[0.85031, 0.88234, 0.93924, 0.96501], F_fuse=[0.01552, 0.01067, 0.00777, 0.00517]
[ INFO : 2026-08-13 14:08:53,431 ] - Epoch 83: train==[60.93857 = 1.02575 + 0.60219 + 5.93753 + 0.01149 + 0.00000 + 0.44560 + 884.94450]
[ INFO : 2026-08-13 14:09:00,511 ] - Test_@[5, 10, 20, 50]: Recall=[0.03866, 0.05383, 0.07716, 0.12757],  precision=[0.00773, 0.00538, 0.00386, 0.00255], hit=[0.03866, 0.05383, 0.07716, 0.12757], ndcg=[0.02880, 0.03365, 0.03947, 0.04937], Train Rec Loss=[0.03321], Eval Rec Loss=[0.03339], c=[0.50000], F=[0.85382, 0.88394, 0.94072, 0.96547], F_fuse=[0.01533, 0.01070, 0.00768, 0.00509]
[ INFO : 2026-08-13 14:10:08,360 ] - Epoch 84: train==[60.83419 = 1.01611 + 0.60219 + 5.85587 + 0.01145 + 0.00000 + 0.43257 + 884.94450]
[ INFO : 2026-08-13 14:10:15,922 ] - Test_@[5, 10, 20, 50]: Recall=[0.03850, 0.05383, 0.07749, 0.12626],  precision=[0.00770, 0.00538, 0.00387, 0.00253], hit=[0.03850, 0.05383, 0.07749, 0.12626], ndcg=[0.02825, 0.03315, 0.03906, 0.04863], Train Rec Loss=[0.03319], Eval Rec Loss=[0.03340], c=[0.50000], F=[0.85150, 0.88630, 0.94162, 0.96469], F_fuse=[0.01526, 0.01070, 0.00772, 0.00504]
[ INFO : 2026-08-13 14:11:24,343 ] - Epoch 85: train==[60.81840 = 1.00956 + 0.60219 + 5.86076 + 0.01140 + 0.00000 + 0.41847 + 884.94450]
[ INFO : 2026-08-13 14:11:31,400 ] - Test_@[5, 10, 20, 50]: Recall=[0.03834, 0.05400, 0.07781, 0.12936],  precision=[0.00767, 0.00540, 0.00389, 0.00259], hit=[0.03834, 0.05400, 0.07781, 0.12936], ndcg=[0.02884, 0.03385, 0.03978, 0.04987], Train Rec Loss=[0.03319], Eval Rec Loss=[0.03339], c=[0.50000], F=[0.85544, 0.88242, 0.94008, 0.96559], F_fuse=[0.01520, 0.01073, 0.00775, 0.00516]
[ INFO : 2026-08-13 14:12:39,728 ] - Epoch 86: train==[60.68531 = 1.00647 + 0.60219 + 5.74133 + 0.01133 + 0.00000 + 0.40798 + 884.94450]
[ INFO : 2026-08-13 14:12:46,824 ] - Test_@[5, 10, 20, 50]: Recall=[0.03834, 0.05400, 0.07830, 0.12887],  precision=[0.00767, 0.00540, 0.00392, 0.00258], hit=[0.03834, 0.05400, 0.07830, 0.12887], ndcg=[0.02865, 0.03368, 0.03973, 0.04963], Train Rec Loss=[0.03318], Eval Rec Loss=[0.03337], c=[0.50000], F=[0.85038, 0.88453, 0.93929, 0.96515], F_fuse=[0.01520, 0.01073, 0.00780, 0.00514]
[ INFO : 2026-08-13 14:13:54,993 ] - Epoch 87: train==[60.68395 = 1.00437 + 0.60220 + 5.75720 + 0.01126 + 0.00000 + 0.39290 + 884.94450]
[ INFO : 2026-08-13 14:14:02,118 ] - Test_@[5, 10, 20, 50]: Recall=[0.03670, 0.05318, 0.07586, 0.12757],  precision=[0.00734, 0.00532, 0.00379, 0.00255], hit=[0.03670, 0.05318, 0.07586, 0.12757], ndcg=[0.02675, 0.03205, 0.03777, 0.04792], Train Rec Loss=[0.03319], Eval Rec Loss=[0.03340], c=[0.50000], F=[0.85225, 0.88921, 0.94242, 0.96480], F_fuse=[0.01456, 0.01057, 0.00756, 0.00509]
[ INFO : 2026-08-13 14:15:10,653 ] - Epoch 88: train==[60.57432 = 0.99532 + 0.60219 + 5.66771 + 0.01130 + 0.00000 + 0.38179 + 884.94450]
[ INFO : 2026-08-13 14:15:17,751 ] - Test_@[5, 10, 20, 50]: Recall=[0.03850, 0.05400, 0.07830, 0.13051],  precision=[0.00770, 0.00540, 0.00392, 0.00261], hit=[0.03850, 0.05400, 0.07830, 0.13051], ndcg=[0.02901, 0.03399, 0.04005, 0.05026], Train Rec Loss=[0.03316], Eval Rec Loss=[0.03336], c=[0.50000], F=[0.85597, 0.88434, 0.93938, 0.96504], F_fuse=[0.01526, 0.01073, 0.00780, 0.00521]
[ INFO : 2026-08-13 14:16:26,420 ] - Epoch 89: train==[60.59364 = 0.99059 + 0.60220 + 5.70541 + 0.01136 + 0.00000 + 0.36806 + 884.94450]
[ INFO : 2026-08-13 14:16:33,512 ] - Test_@[5, 10, 20, 50]: Recall=[0.03899, 0.05449, 0.07781, 0.12936],  precision=[0.00780, 0.00545, 0.00389, 0.00259], hit=[0.03899, 0.05449, 0.07781, 0.12936], ndcg=[0.02882, 0.03378, 0.03961, 0.04975], Train Rec Loss=[0.03316], Eval Rec Loss=[0.03333], c=[0.50000], F=[0.85744, 0.88386, 0.93916, 0.96538], F_fuse=[0.01545, 0.01083, 0.00775, 0.00516]
[ INFO : 2026-08-13 14:17:41,739 ] - Epoch 90: train==[60.50475 = 0.98755 + 0.60219 + 5.63006 + 0.01137 + 0.00000 + 0.35757 + 884.94450]
[ INFO : 2026-08-13 14:17:48,794 ] - Test_@[5, 10, 20, 50]: Recall=[0.03866, 0.05416, 0.07830, 0.13116],  precision=[0.00773, 0.00542, 0.00392, 0.00262], hit=[0.03866, 0.05416, 0.07830, 0.13116], ndcg=[0.02896, 0.03391, 0.03993, 0.05028], Train Rec Loss=[0.03316], Eval Rec Loss=[0.03332], c=[0.50000], F=[0.85586, 0.88427, 0.94077, 0.96559], F_fuse=[0.01533, 0.01077, 0.00780, 0.00523]
[ INFO : 2026-08-13 14:18:57,185 ] - Epoch 91: train==[60.42862 = 0.97807 + 0.60219 + 5.57585 + 0.01128 + 0.00000 + 0.34522 + 884.94450]
[ INFO : 2026-08-13 14:19:04,290 ] - Test_@[5, 10, 20, 50]: Recall=[0.03834, 0.05383, 0.07814, 0.12936],  precision=[0.00767, 0.00538, 0.00391, 0.00259], hit=[0.03834, 0.05383, 0.07814, 0.12936], ndcg=[0.02868, 0.03365, 0.03974, 0.04975], Train Rec Loss=[0.03315], Eval Rec Loss=[0.03336], c=[0.50000], F=[0.85825, 0.88496, 0.94032, 0.96521], F_fuse=[0.01520, 0.01070, 0.00778, 0.00516]
[ INFO : 2026-08-13 14:20:12,109 ] - Epoch 92: train==[60.42731 = 0.97722 + 0.60219 + 5.58585 + 0.01128 + 0.00000 + 0.33476 + 884.94450]
[ INFO : 2026-08-13 14:20:19,172 ] - Test_@[5, 10, 20, 50]: Recall=[0.03850, 0.05432, 0.07781, 0.12936],  precision=[0.00770, 0.00543, 0.00389, 0.00259], hit=[0.03850, 0.05432, 0.07781, 0.12936], ndcg=[0.02848, 0.03356, 0.03943, 0.04955], Train Rec Loss=[0.03315], Eval Rec Loss=[0.03333], c=[0.50000], F=[0.85861, 0.88683, 0.94070, 0.96494], F_fuse=[0.01526, 0.01080, 0.00775, 0.00516]
[ INFO : 2026-08-13 14:21:27,138 ] - Epoch 93: train==[60.41759 = 0.97210 + 0.60219 + 5.59365 + 0.01123 + 0.00000 + 0.32241 + 884.94450]
[ INFO : 2026-08-13 14:21:34,243 ] - Test_@[5, 10, 20, 50]: Recall=[0.03980, 0.05416, 0.07814, 0.13116],  precision=[0.00796, 0.00542, 0.00391, 0.00262], hit=[0.03980, 0.05416, 0.07814, 0.13116], ndcg=[0.02951, 0.03409, 0.04007, 0.05047], Train Rec Loss=[0.03314], Eval Rec Loss=[0.03331], c=[0.50000], F=[0.85940, 0.88627, 0.94018, 0.96402], F_fuse=[0.01578, 0.01077, 0.00778, 0.00523]
[ INFO : 2026-08-13 14:22:42,453 ] - Epoch 94: train==[60.19584 = 0.96928 + 0.60219 + 5.38125 + 0.01122 + 0.00000 + 0.31589 + 884.94450]
[ INFO : 2026-08-13 14:22:49,571 ] - Test_@[5, 10, 20, 50]: Recall=[0.03915, 0.05416, 0.07814, 0.13132],  precision=[0.00783, 0.00542, 0.00391, 0.00263], hit=[0.03915, 0.05416, 0.07814, 0.13132], ndcg=[0.02916, 0.03396, 0.03996, 0.05036], Train Rec Loss=[0.03314], Eval Rec Loss=[0.03332], c=[0.50000], F=[0.85897, 0.88569, 0.94049, 0.96361], F_fuse=[0.01552, 0.01077, 0.00778, 0.00524]
[ INFO : 2026-08-13 14:23:57,449 ] - Epoch 95: train==[60.22753 = 0.96526 + 0.60219 + 5.42814 + 0.01122 + 0.00000 + 0.30472 + 884.94450]
[ INFO : 2026-08-13 14:24:04,541 ] - Test_@[5, 10, 20, 50]: Recall=[0.03622, 0.05383, 0.07700, 0.12953],  precision=[0.00724, 0.00538, 0.00385, 0.00259], hit=[0.03622, 0.05383, 0.07700, 0.12953], ndcg=[0.02620, 0.03186, 0.03769, 0.04796], Train Rec Loss=[0.03311], Eval Rec Loss=[0.03329], c=[0.50000], F=[0.85778, 0.89256, 0.94254, 0.96377], F_fuse=[0.01436, 0.01070, 0.00767, 0.00517]
[ INFO : 2026-08-13 14:25:12,510 ] - Epoch 96: train==[60.20398 = 0.95758 + 0.60219 + 5.42520 + 0.01116 + 0.00000 + 0.29184 + 884.94450]
[ INFO : 2026-08-13 14:25:19,626 ] - Test_@[5, 10, 20, 50]: Recall=[0.04062, 0.05498, 0.07993, 0.13116],  precision=[0.00812, 0.00550, 0.00400, 0.00262], hit=[0.04062, 0.05498, 0.07993, 0.13116], ndcg=[0.03037, 0.03494, 0.04117, 0.05122], Train Rec Loss=[0.03313], Eval Rec Loss=[0.03331], c=[0.50000], F=[0.85999, 0.88265, 0.93637, 0.96395], F_fuse=[0.01610, 0.01093, 0.00796, 0.00523]
[ INFO : 2026-08-13 14:26:28,046 ] - Epoch 97: train==[60.05278 = 0.95180 + 0.60219 + 5.28729 + 0.01126 + 0.00000 + 0.28423 + 884.94450]
[ INFO : 2026-08-13 14:26:35,101 ] - Test_@[5, 10, 20, 50]: Recall=[0.03883, 0.05498, 0.07830, 0.13116],  precision=[0.00777, 0.00550, 0.00392, 0.00262], hit=[0.03883, 0.05498, 0.07830, 0.13116], ndcg=[0.02860, 0.03375, 0.03963, 0.04998], Train Rec Loss=[0.03311], Eval Rec Loss=[0.03331], c=[0.50000], F=[0.85848, 0.88602, 0.93876, 0.96382], F_fuse=[0.01539, 0.01093, 0.00780, 0.00523]
[ INFO : 2026-08-13 14:27:43,524 ] - Epoch 98: train==[60.01153 = 0.94937 + 0.60219 + 5.25873 + 0.01126 + 0.00000 + 0.27397 + 884.94450]
[ INFO : 2026-08-13 14:27:50,675 ] - Test_@[5, 10, 20, 50]: Recall=[0.03948, 0.05514, 0.07896, 0.13002],  precision=[0.00790, 0.00551, 0.00395, 0.00260], hit=[0.03948, 0.05514, 0.07896, 0.13002], ndcg=[0.02914, 0.03414, 0.04013, 0.05015], Train Rec Loss=[0.03313], Eval Rec Loss=[0.03329], c=[0.50000], F=[0.86041, 0.88528, 0.93847, 0.96412], F_fuse=[0.01565, 0.01096, 0.00786, 0.00519]
[ INFO : 2026-08-13 14:28:58,560 ] - Epoch 99: train==[60.08746 = 0.95846 + 0.60219 + 5.33556 + 0.01130 + 0.00000 + 0.26394 + 884.94450]
[ INFO : 2026-08-13 14:29:05,625 ] - Test_@[5, 10, 20, 50]: Recall=[0.03948, 0.05546, 0.07896, 0.13132],  precision=[0.00790, 0.00555, 0.00395, 0.00263], hit=[0.03948, 0.05546, 0.07896, 0.13132], ndcg=[0.02921, 0.03429, 0.04019, 0.05045], Train Rec Loss=[0.03313], Eval Rec Loss=[0.03331], c=[0.50000], F=[0.86326, 0.88357, 0.93780, 0.96309], F_fuse=[0.01565, 0.01102, 0.00786, 0.00524]
[ INFO : 2026-08-13 14:30:13,352 ] - Epoch 100: train==[59.97808 = 0.94384 + 0.60219 + 5.25020 + 0.01126 + 0.00000 + 0.25458 + 884.94450]
[ INFO : 2026-08-13 14:30:20,421 ] - Test_@[5, 10, 20, 50]: Recall=[0.04029, 0.05563, 0.07993, 0.13132],  precision=[0.00806, 0.00556, 0.00400, 0.00263], hit=[0.04029, 0.05563, 0.07993, 0.13132], ndcg=[0.02939, 0.03426, 0.04034, 0.05041], Train Rec Loss=[0.03308], Eval Rec Loss=[0.03328], c=[0.50000], F=[0.86159, 0.88096, 0.93791, 0.96423], F_fuse=[0.01597, 0.01106, 0.00796, 0.00524]
[ INFO : 2026-08-13 14:31:28,401 ] - Epoch 101: train==[59.95155 = 0.93260 + 0.60219 + 5.24464 + 0.01124 + 0.00000 + 0.24486 + 884.94450]
[ INFO : 2026-08-13 14:31:35,461 ] - Test_@[5, 10, 20, 50]: Recall=[0.03899, 0.05465, 0.07993, 0.13067],  precision=[0.00780, 0.00546, 0.00400, 0.00261], hit=[0.03899, 0.05465, 0.07993, 0.13067], ndcg=[0.02834, 0.03334, 0.03969, 0.04964], Train Rec Loss=[0.03309], Eval Rec Loss=[0.03330], c=[0.50000], F=[0.86555, 0.88716, 0.93925, 0.96376], F_fuse=[0.01546, 0.01086, 0.00796, 0.00521]
[ INFO : 2026-08-13 14:32:43,672 ] - Epoch 102: train==[59.89149 = 0.92930 + 0.60219 + 5.19577 + 0.01120 + 0.00000 + 0.23701 + 884.94450]
[ INFO : 2026-08-13 14:32:50,771 ] - Test_@[5, 10, 20, 50]: Recall=[0.03719, 0.05432, 0.07961, 0.13214],  precision=[0.00744, 0.00543, 0.00398, 0.00264], hit=[0.03719, 0.05432, 0.07961, 0.13214], ndcg=[0.02769, 0.03320, 0.03956, 0.04983], Train Rec Loss=[0.03309], Eval Rec Loss=[0.03327], c=[0.50000], F=[0.86431, 0.88337, 0.93857, 0.96393], F_fuse=[0.01475, 0.01080, 0.00793, 0.00527]
[ INFO : 2026-08-13 14:33:58,584 ] - Epoch 103: train==[59.80845 = 0.92594 + 0.60219 + 5.12370 + 0.01114 + 0.00000 + 0.22947 + 884.94450]
[ INFO : 2026-08-13 14:34:05,640 ] - Test_@[5, 10, 20, 50]: Recall=[0.03997, 0.05579, 0.08075, 0.13409],  precision=[0.00799, 0.00558, 0.00404, 0.00268], hit=[0.03997, 0.05579, 0.08075, 0.13409], ndcg=[0.02919, 0.03424, 0.04049, 0.05091], Train Rec Loss=[0.03308], Eval Rec Loss=[0.03326], c=[0.50000], F=[0.86653, 0.88182, 0.93813, 0.96413], F_fuse=[0.01584, 0.01109, 0.00804, 0.00535]
[ INFO : 2026-08-13 14:35:14,256 ] - Epoch 104: train==[59.78654 = 0.92253 + 0.60219 + 5.11325 + 0.01117 + 0.00000 + 0.22139 + 884.94450]
[ INFO : 2026-08-13 14:35:21,356 ] - Test_@[5, 10, 20, 50]: Recall=[0.04029, 0.05563, 0.08091, 0.13377],  precision=[0.00806, 0.00556, 0.00405, 0.00268], hit=[0.04029, 0.05563, 0.08091, 0.13377], ndcg=[0.02975, 0.03462, 0.04098, 0.05132], Train Rec Loss=[0.03309], Eval Rec Loss=[0.03325], c=[0.50000], F=[0.85894, 0.88037, 0.93699, 0.96499], F_fuse=[0.01597, 0.01106, 0.00806, 0.00534]
[ INFO : 2026-08-13 14:36:29,919 ] - Epoch 105: train==[59.62135 = 0.91608 + 0.60219 + 4.95850 + 0.01127 + 0.00000 + 0.21729 + 884.94450]
[ INFO : 2026-08-13 14:36:36,994 ] - Test_@[5, 10, 20, 50]: Recall=[0.03817, 0.05465, 0.07977, 0.13214],  precision=[0.00763, 0.00546, 0.00399, 0.00264], hit=[0.03817, 0.05465, 0.07977, 0.13214], ndcg=[0.02800, 0.03329, 0.03962, 0.04988], Train Rec Loss=[0.03307], Eval Rec Loss=[0.03325], c=[0.50000], F=[0.86407, 0.88491, 0.93933, 0.96329], F_fuse=[0.01514, 0.01086, 0.00794, 0.00527]
[ INFO : 2026-08-13 14:37:45,000 ] - Epoch 106: train==[59.64744 = 0.91294 + 0.60219 + 4.99849 + 0.01118 + 0.00000 + 0.20663 + 884.94450]
[ INFO : 2026-08-13 14:37:52,075 ] - Test_@[5, 10, 20, 50]: Recall=[0.03817, 0.05449, 0.08075, 0.13100],  precision=[0.00763, 0.00545, 0.00404, 0.00262], hit=[0.03817, 0.05449, 0.08075, 0.13100], ndcg=[0.02760, 0.03284, 0.03944, 0.04929], Train Rec Loss=[0.03307], Eval Rec Loss=[0.03325], c=[0.50000], F=[0.86467, 0.88661, 0.93855, 0.96278], F_fuse=[0.01514, 0.01083, 0.00804, 0.00523]
[ INFO : 2026-08-13 14:39:00,235 ] - Epoch 107: train==[59.59837 = 0.91474 + 0.60219 + 4.95343 + 0.01124 + 0.00000 + 0.20077 + 884.94450]
[ INFO : 2026-08-13 14:39:07,369 ] - Test_@[5, 10, 20, 50]: Recall=[0.03834, 0.05400, 0.08059, 0.13344],  precision=[0.00767, 0.00540, 0.00403, 0.00267], hit=[0.03834, 0.05400, 0.08059, 0.13344], ndcg=[0.02766, 0.03271, 0.03939, 0.04974], Train Rec Loss=[0.03307], Eval Rec Loss=[0.03328], c=[0.50000], F=[0.86744, 0.88801, 0.94081, 0.96340], F_fuse=[0.01520, 0.01073, 0.00802, 0.00532]
[ INFO : 2026-08-13 14:40:15,901 ] - Epoch 108: train==[59.57262 = 0.90778 + 0.60219 + 4.94357 + 0.01108 + 0.00000 + 0.19200 + 884.94450]
[ INFO : 2026-08-13 14:40:22,998 ] - Test_@[5, 10, 20, 50]: Recall=[0.03736, 0.05367, 0.07700, 0.13034],  precision=[0.00747, 0.00537, 0.00385, 0.00261], hit=[0.03736, 0.05367, 0.07700, 0.13034], ndcg=[0.02617, 0.03140, 0.03727, 0.04780], Train Rec Loss=[0.03309], Eval Rec Loss=[0.03325], c=[0.50000], F=[0.87625, 0.89346, 0.94052, 0.96241], F_fuse=[0.01482, 0.01067, 0.00767, 0.00520]
[ INFO : 2026-08-13 14:41:31,004 ] - Epoch 109: train==[59.58447 = 0.90290 + 0.60219 + 4.96702 + 0.01101 + 0.00000 + 0.18533 + 884.94450]
[ INFO : 2026-08-13 14:41:38,063 ] - Test_@[5, 10, 20, 50]: Recall=[0.03834, 0.05351, 0.07961, 0.13344],  precision=[0.00767, 0.00535, 0.00398, 0.00267], hit=[0.03834, 0.05351, 0.07961, 0.13344], ndcg=[0.02719, 0.03208, 0.03868, 0.04924], Train Rec Loss=[0.03306], Eval Rec Loss=[0.03325], c=[0.50000], F=[0.86743, 0.89165, 0.94034, 0.96233], F_fuse=[0.01520, 0.01064, 0.00793, 0.00532]
[ INFO : 2026-08-13 14:42:46,283 ] - Epoch 110: train==[59.47084 = 0.89718 + 0.60219 + 4.86508 + 0.01110 + 0.00000 + 0.17928 + 884.94450]
[ INFO : 2026-08-13 14:42:53,363 ] - Test_@[5, 10, 20, 50]: Recall=[0.03964, 0.05449, 0.07977, 0.13393],  precision=[0.00793, 0.00545, 0.00399, 0.00268], hit=[0.03964, 0.05449, 0.07977, 0.13393], ndcg=[0.02784, 0.03258, 0.03895, 0.04957], Train Rec Loss=[0.03305], Eval Rec Loss=[0.03323], c=[0.50000], F=[0.86693, 0.88904, 0.93979, 0.96207], F_fuse=[0.01571, 0.01083, 0.00794, 0.00534]
[ INFO : 2026-08-13 14:44:02,082 ] - Epoch 111: train==[59.40886 = 0.89523 + 0.60219 + 4.81075 + 0.01106 + 0.00000 + 0.17362 + 884.94450]
[ INFO : 2026-08-13 14:44:09,205 ] - Test_@[5, 10, 20, 50]: Recall=[0.03997, 0.05416, 0.08059, 0.13491],  precision=[0.00799, 0.00542, 0.00403, 0.00270], hit=[0.03997, 0.05416, 0.08059, 0.13491], ndcg=[0.02813, 0.03267, 0.03931, 0.04994], Train Rec Loss=[0.03305], Eval Rec Loss=[0.03323], c=[0.50000], F=[0.86607, 0.88957, 0.94195, 0.96283], F_fuse=[0.01584, 0.01077, 0.00802, 0.00538]
[ INFO : 2026-08-13 14:45:17,492 ] - Epoch 112: train==[59.33867 = 0.88600 + 0.60219 + 4.75616 + 0.01108 + 0.00000 + 0.16722 + 884.94450]
[ INFO : 2026-08-13 14:45:24,594 ] - Test_@[5, 10, 20, 50]: Recall=[0.04029, 0.05498, 0.08173, 0.13622],  precision=[0.00806, 0.00550, 0.00409, 0.00272], hit=[0.04029, 0.05498, 0.08173, 0.13622], ndcg=[0.02864, 0.03331, 0.04000, 0.05064], Train Rec Loss=[0.03305], Eval Rec Loss=[0.03322], c=[0.50000], F=[0.86566, 0.88783, 0.94017, 0.96348], F_fuse=[0.01597, 0.01093, 0.00814, 0.00543]
[ INFO : 2026-08-13 14:46:32,747 ] - Epoch 113: train==[59.29519 = 0.88732 + 0.60219 + 4.71995 + 0.01101 + 0.00000 + 0.15871 + 884.94450]
[ INFO : 2026-08-13 14:46:39,804 ] - Test_@[5, 10, 20, 50]: Recall=[0.04013, 0.05481, 0.08075, 0.13540],  precision=[0.00803, 0.00548, 0.00404, 0.00271], hit=[0.04013, 0.05481, 0.08075, 0.13540], ndcg=[0.02876, 0.03343, 0.03995, 0.05067], Train Rec Loss=[0.03303], Eval Rec Loss=[0.03321], c=[0.50000], F=[0.87212, 0.89400, 0.93991, 0.96275], F_fuse=[0.01591, 0.01090, 0.00804, 0.00540]
[ INFO : 2026-08-13 14:47:47,263 ] - Epoch 114: train==[59.26394 = 0.88144 + 0.60219 + 4.70035 + 0.01116 + 0.00000 + 0.15278 + 884.94450]
[ INFO : 2026-08-13 14:47:54,332 ] - Test_@[5, 10, 20, 50]: Recall=[0.03785, 0.05318, 0.07977, 0.13263],  precision=[0.00757, 0.00532, 0.00399, 0.00265], hit=[0.03785, 0.05318, 0.07977, 0.13263], ndcg=[0.02602, 0.03096, 0.03762, 0.04798], Train Rec Loss=[0.03304], Eval Rec Loss=[0.03324], c=[0.50000], F=[0.87628, 0.90031, 0.94201, 0.96257], F_fuse=[0.01501, 0.01057, 0.00794, 0.00529]
[ INFO : 2026-08-13 14:49:02,899 ] - Epoch 115: train==[59.25080 = 0.87462 + 0.60219 + 4.69892 + 0.01121 + 0.00000 + 0.14785 + 884.94450]
[ INFO : 2026-08-13 14:49:10,009 ] - Test_@[5, 10, 20, 50]: Recall=[0.03997, 0.05465, 0.08173, 0.13638],  precision=[0.00799, 0.00546, 0.00409, 0.00273], hit=[0.03997, 0.05465, 0.08173, 0.13638], ndcg=[0.02840, 0.03311, 0.03992, 0.05062], Train Rec Loss=[0.03302], Eval Rec Loss=[0.03321], c=[0.50000], F=[0.86884, 0.89274, 0.93933, 0.96310], F_fuse=[0.01584, 0.01086, 0.00814, 0.00544]
[ INFO : 2026-08-13 14:50:18,331 ] - Epoch 116: train==[59.27628 = 0.87719 + 0.60220 + 4.72689 + 0.01114 + 0.00000 + 0.14285 + 884.94450]
[ INFO : 2026-08-13 14:50:25,427 ] - Test_@[5, 10, 20, 50]: Recall=[0.03915, 0.05400, 0.07993, 0.13377],  precision=[0.00783, 0.00540, 0.00400, 0.00268], hit=[0.03915, 0.05400, 0.07993, 0.13377], ndcg=[0.02712, 0.03186, 0.03837, 0.04897], Train Rec Loss=[0.03303], Eval Rec Loss=[0.03322], c=[0.50000], F=[0.87815, 0.89962, 0.94145, 0.96183], F_fuse=[0.01552, 0.01073, 0.00796, 0.00534]
[ INFO : 2026-08-13 14:51:33,984 ] - Epoch 117: train==[59.15950 = 0.87294 + 0.60220 + 4.62022 + 0.01118 + 0.00000 + 0.13694 + 884.94450]
[ INFO : 2026-08-13 14:51:41,104 ] - Test_@[5, 10, 20, 50]: Recall=[0.03997, 0.05498, 0.08108, 0.13507],  precision=[0.00799, 0.00550, 0.00405, 0.00270], hit=[0.03997, 0.05498, 0.08108, 0.13507], ndcg=[0.02820, 0.03295, 0.03949, 0.05011], Train Rec Loss=[0.03301], Eval Rec Loss=[0.03322], c=[0.50000], F=[0.87048, 0.89449, 0.94043, 0.96251], F_fuse=[0.01584, 0.01093, 0.00807, 0.00539]
[ INFO : 2026-08-13 14:52:49,503 ] - Epoch 118: train==[59.11135 = 0.86728 + 0.60222 + 4.58291 + 0.01118 + 0.00000 + 0.13177 + 884.94450]
[ INFO : 2026-08-13 14:52:56,828 ] - Test_@[5, 10, 20, 50]: Recall=[0.04078, 0.05612, 0.08369, 0.13883],  precision=[0.00816, 0.00561, 0.00418, 0.00278], hit=[0.04078, 0.05612, 0.08369, 0.13883], ndcg=[0.02909, 0.03396, 0.04083, 0.05159], Train Rec Loss=[0.03300], Eval Rec Loss=[0.03320], c=[0.50000], F=[0.86320, 0.89178, 0.93902, 0.96439], F_fuse=[0.01616, 0.01115, 0.00833, 0.00554]
[ INFO : 2026-08-13 14:54:06,717 ] - Epoch 119: train==[59.06914 = 0.86635 + 0.60219 + 4.54818 + 0.01112 + 0.00000 + 0.12529 + 884.94450]
[ INFO : 2026-08-13 14:54:14,158 ] - Test_@[5, 10, 20, 50]: Recall=[0.04062, 0.05595, 0.08271, 0.13703],  precision=[0.00812, 0.00560, 0.00414, 0.00274], hit=[0.04062, 0.05595, 0.08271, 0.13703], ndcg=[0.02853, 0.03337, 0.04003, 0.05066], Train Rec Loss=[0.03301], Eval Rec Loss=[0.03318], c=[0.50000], F=[0.86981, 0.89225, 0.94032, 0.96277], F_fuse=[0.01610, 0.01112, 0.00823, 0.00547]
[ INFO : 2026-08-13 14:55:23,236 ] - Epoch 120: train==[59.11504 = 0.86088 + 0.60219 + 4.60423 + 0.01110 + 0.00000 + 0.12062 + 884.94450]
[ INFO : 2026-08-13 14:55:30,659 ] - Test_@[5, 10, 20, 50]: Recall=[0.04095, 0.05595, 0.08206, 0.13834],  precision=[0.00819, 0.00560, 0.00410, 0.00277], hit=[0.04095, 0.05595, 0.08206, 0.13834], ndcg=[0.02861, 0.03333, 0.03983, 0.05083], Train Rec Loss=[0.03300], Eval Rec Loss=[0.03318], c=[0.50000], F=[0.87410, 0.89786, 0.94062, 0.96211], F_fuse=[0.01623, 0.01112, 0.00817, 0.00552]
[ INFO : 2026-08-13 14:56:39,470 ] - Epoch 121: train==[59.01094 = 0.85608 + 0.60219 + 4.51007 + 0.01108 + 0.00000 + 0.11550 + 884.94450]
[ INFO : 2026-08-13 14:56:46,910 ] - Test_@[5, 10, 20, 50]: Recall=[0.03899, 0.05253, 0.07879, 0.13328],  precision=[0.00780, 0.00525, 0.00394, 0.00267], hit=[0.03899, 0.05253, 0.07879, 0.13328], ndcg=[0.02648, 0.03082, 0.03743, 0.04818], Train Rec Loss=[0.03300], Eval Rec Loss=[0.03320], c=[0.50000], F=[0.87470, 0.89985, 0.94195, 0.96347], F_fuse=[0.01546, 0.01044, 0.00785, 0.00532]
[ INFO : 2026-08-13 14:57:56,304 ] - Epoch 122: train==[58.99102 = 0.85537 + 0.60219 + 4.49391 + 0.01117 + 0.00000 + 0.11238 + 884.94450]
[ INFO : 2026-08-13 14:58:03,756 ] - Test_@[5, 10, 20, 50]: Recall=[0.04127, 0.05693, 0.08352, 0.13948],  precision=[0.00825, 0.00569, 0.00418, 0.00279], hit=[0.04127, 0.05693, 0.08352, 0.13948], ndcg=[0.02938, 0.03432, 0.04094, 0.05190], Train Rec Loss=[0.03298], Eval Rec Loss=[0.03318], c=[0.50000], F=[0.87030, 0.89764, 0.94087, 0.96292], F_fuse=[0.01635, 0.01131, 0.00832, 0.00556]
[ INFO : 2026-08-13 14:59:12,577 ] - Epoch 123: train==[58.97290 = 0.85293 + 0.60219 + 4.48461 + 0.01108 + 0.00000 + 0.10607 + 884.94450]
[ INFO : 2026-08-13 14:59:20,005 ] - Test_@[5, 10, 20, 50]: Recall=[0.03931, 0.05498, 0.08206, 0.13785],  precision=[0.00786, 0.00550, 0.00410, 0.00276], hit=[0.03931, 0.05498, 0.08206, 0.13785], ndcg=[0.02772, 0.03274, 0.03950, 0.05042], Train Rec Loss=[0.03297], Eval Rec Loss=[0.03319], c=[0.50000], F=[0.87395, 0.90497, 0.94229, 0.96273], F_fuse=[0.01559, 0.01093, 0.00817, 0.00550]
[ INFO : 2026-08-13 15:00:29,763 ] - Epoch 124: train==[58.85346 = 0.84727 + 0.60219 + 4.37535 + 0.01101 + 0.00000 + 0.10163 + 884.94450]
[ INFO : 2026-08-13 15:00:36,899 ] - Test_@[5, 10, 20, 50]: Recall=[0.04029, 0.05546, 0.08352, 0.14127],  precision=[0.00806, 0.00555, 0.00418, 0.00283], hit=[0.04029, 0.05546, 0.08352, 0.14127], ndcg=[0.02878, 0.03360, 0.04059, 0.05188], Train Rec Loss=[0.03298], Eval Rec Loss=[0.03319], c=[0.50000], F=[0.86592, 0.89606, 0.94143, 0.96393], F_fuse=[0.01597, 0.01102, 0.00832, 0.00563]
[ INFO : 2026-08-13 15:01:46,313 ] - Epoch 125: train==[58.80889 = 0.84120 + 0.60219 + 4.34019 + 0.01102 + 0.00000 + 0.09827 + 884.94450]
[ INFO : 2026-08-13 15:01:53,782 ] - Test_@[5, 10, 20, 50]: Recall=[0.03931, 0.05514, 0.08173, 0.13834],  precision=[0.00786, 0.00551, 0.00409, 0.00277], hit=[0.03931, 0.05514, 0.08173, 0.13834], ndcg=[0.02695, 0.03194, 0.03858, 0.04965], Train Rec Loss=[0.03299], Eval Rec Loss=[0.03316], c=[0.50000], F=[0.86278, 0.89546, 0.94267, 0.96229], F_fuse=[0.01558, 0.01096, 0.00814, 0.00552]
[ INFO : 2026-08-13 15:03:03,077 ] - Epoch 126: train==[58.78064 = 0.84046 + 0.60220 + 4.31771 + 0.01093 + 0.00000 + 0.09332 + 884.94450]
[ INFO : 2026-08-13 15:03:10,582 ] - Test_@[5, 10, 20, 50]: Recall=[0.03899, 0.05383, 0.08206, 0.13752],  precision=[0.00780, 0.00538, 0.00410, 0.00275], hit=[0.03899, 0.05383, 0.08206, 0.13752], ndcg=[0.02665, 0.03138, 0.03842, 0.04931], Train Rec Loss=[0.03298], Eval Rec Loss=[0.03315], c=[0.50000], F=[0.87454, 0.90184, 0.94322, 0.96296], F_fuse=[0.01546, 0.01070, 0.00817, 0.00549]
[ INFO : 2026-08-13 15:04:20,472 ] - Epoch 127: train==[58.79908 = 0.83354 + 0.60219 + 4.34993 + 0.01079 + 0.00000 + 0.08662 + 884.94450]
[ INFO : 2026-08-13 15:04:27,943 ] - Test_@[5, 10, 20, 50]: Recall=[0.03915, 0.05432, 0.08173, 0.13687],  precision=[0.00783, 0.00543, 0.00409, 0.00274], hit=[0.03915, 0.05432, 0.08173, 0.13687], ndcg=[0.02755, 0.03240, 0.03927, 0.05014], Train Rec Loss=[0.03298], Eval Rec Loss=[0.03317], c=[0.50000], F=[0.86929, 0.89891, 0.94248, 0.96279], F_fuse=[0.01552, 0.01080, 0.00814, 0.00546]
[ INFO : 2026-08-13 15:05:38,538 ] - Epoch 128: train==[58.79307 = 0.83094 + 0.60219 + 4.35086 + 0.01084 + 0.00000 + 0.08222 + 884.94450]
[ INFO : 2026-08-13 15:05:45,786 ] - Test_@[5, 10, 20, 50]: Recall=[0.03948, 0.05514, 0.08336, 0.13948],  precision=[0.00790, 0.00551, 0.00417, 0.00279], hit=[0.03948, 0.05514, 0.08336, 0.13948], ndcg=[0.02763, 0.03259, 0.03962, 0.05062], Train Rec Loss=[0.03296], Eval Rec Loss=[0.03317], c=[0.50000], F=[0.86383, 0.89879, 0.94282, 0.96427], F_fuse=[0.01565, 0.01096, 0.00830, 0.00556]
[ INFO : 2026-08-13 15:06:54,809 ] - Epoch 129: train==[58.67733 = 0.82751 + 0.60220 + 4.24286 + 0.01086 + 0.00000 + 0.07789 + 884.94450]
[ INFO : 2026-08-13 15:07:02,308 ] - Test_@[5, 10, 20, 50]: Recall=[0.03915, 0.05432, 0.08222, 0.13915],  precision=[0.00783, 0.00543, 0.00411, 0.00278], hit=[0.03915, 0.05432, 0.08222, 0.13915], ndcg=[0.02735, 0.03221, 0.03920, 0.05038], Train Rec Loss=[0.03298], Eval Rec Loss=[0.03316], c=[0.50000], F=[0.87021, 0.90301, 0.94255, 0.96437], F_fuse=[0.01552, 0.01080, 0.00819, 0.00555]
[ INFO : 2026-08-13 15:08:11,574 ] - Epoch 130: train==[58.68743 = 0.82538 + 0.60219 + 4.25937 + 0.01092 + 0.00000 + 0.07356 + 884.94450]
[ INFO : 2026-08-13 15:08:19,027 ] - Test_@[5, 10, 20, 50]: Recall=[0.03997, 0.05742, 0.08303, 0.14192],  precision=[0.00799, 0.00574, 0.00415, 0.00284], hit=[0.03997, 0.05742, 0.08303, 0.14192], ndcg=[0.02809, 0.03364, 0.04005, 0.05166], Train Rec Loss=[0.03294], Eval Rec Loss=[0.03313], c=[0.50000], F=[0.86494, 0.89998, 0.94146, 0.96522], F_fuse=[0.01584, 0.01141, 0.00827, 0.00566]
[ INFO : 2026-08-13 15:09:28,788 ] - Epoch 131: train==[58.65475 = 0.82317 + 0.60220 + 4.23119 + 0.01105 + 0.00000 + 0.07113 + 884.94450]
[ INFO : 2026-08-13 15:09:36,268 ] - Test_@[5, 10, 20, 50]: Recall=[0.03883, 0.05579, 0.08189, 0.14029],  precision=[0.00777, 0.00558, 0.00409, 0.00281], hit=[0.03883, 0.05579, 0.08189, 0.14029], ndcg=[0.02732, 0.03276, 0.03929, 0.05078], Train Rec Loss=[0.03296], Eval Rec Loss=[0.03313], c=[0.50000], F=[0.87193, 0.90333, 0.94175, 0.96427], F_fuse=[0.01539, 0.01109, 0.00815, 0.00560]
[ INFO : 2026-08-13 15:10:45,772 ] - Epoch 132: train==[58.59908 = 0.81647 + 0.60219 + 4.18852 + 0.01100 + 0.00000 + 0.06488 + 884.94450]
[ INFO : 2026-08-13 15:10:53,267 ] - Test_@[5, 10, 20, 50]: Recall=[0.03687, 0.05302, 0.08173, 0.13638],  precision=[0.00737, 0.00530, 0.00409, 0.00273], hit=[0.03687, 0.05302, 0.08173, 0.13638], ndcg=[0.02525, 0.03045, 0.03764, 0.04839], Train Rec Loss=[0.03294], Eval Rec Loss=[0.03314], c=[0.50000], F=[0.87433, 0.90699, 0.94268, 0.96478], F_fuse=[0.01462, 0.01054, 0.00814, 0.00544]
[ INFO : 2026-08-13 15:12:02,665 ] - Epoch 133: train==[58.52680 = 0.81504 + 0.60220 + 4.11902 + 0.01107 + 0.00000 + 0.06346 + 884.94450]
[ INFO : 2026-08-13 15:12:10,148 ] - Test_@[5, 10, 20, 50]: Recall=[0.03915, 0.05595, 0.08434, 0.14111],  precision=[0.00783, 0.00560, 0.00422, 0.00282], hit=[0.03915, 0.05595, 0.08434, 0.14111], ndcg=[0.02737, 0.03279, 0.03988, 0.05103], Train Rec Loss=[0.03295], Eval Rec Loss=[0.03314], c=[0.50000], F=[0.87036, 0.90344, 0.94277, 0.96407], F_fuse=[0.01552, 0.01112, 0.00840, 0.00563]
[ INFO : 2026-08-13 15:13:19,639 ] - Epoch 134: train==[58.50578 = 0.81212 + 0.60219 + 4.10496 + 0.01108 + 0.00000 + 0.05942 + 884.94450]
[ INFO : 2026-08-13 15:13:27,085 ] - Test_@[5, 10, 20, 50]: Recall=[0.04029, 0.05628, 0.08499, 0.14274],  precision=[0.00806, 0.00563, 0.00425, 0.00285], hit=[0.04029, 0.05628, 0.08499, 0.14274], ndcg=[0.02826, 0.03337, 0.04055, 0.05188], Train Rec Loss=[0.03295], Eval Rec Loss=[0.03315], c=[0.50000], F=[0.86900, 0.90296, 0.94306, 0.96604], F_fuse=[0.01597, 0.01119, 0.00846, 0.00569]
[ INFO : 2026-08-13 15:14:37,251 ] - Epoch 135: train==[58.50078 = 0.80814 + 0.60219 + 4.10495 + 0.01113 + 0.00000 + 0.05835 + 884.94450]
[ INFO : 2026-08-13 15:14:44,480 ] - Test_@[5, 10, 20, 50]: Recall=[0.03785, 0.05595, 0.08418, 0.14111],  precision=[0.00757, 0.00560, 0.00421, 0.00282], hit=[0.03785, 0.05595, 0.08418, 0.14111], ndcg=[0.02620, 0.03206, 0.03909, 0.05028], Train Rec Loss=[0.03294], Eval Rec Loss=[0.03312], c=[0.50000], F=[0.86943, 0.90316, 0.94047, 0.96468], F_fuse=[0.01501, 0.01112, 0.00838, 0.00563]
[ INFO : 2026-08-13 15:15:53,698 ] - Epoch 136: train==[58.40365 = 0.80642 + 0.60219 + 4.01444 + 0.01111 + 0.00000 + 0.05348 + 884.94450]
[ INFO : 2026-08-13 15:16:01,209 ] - Test_@[5, 10, 20, 50]: Recall=[0.03915, 0.05546, 0.08287, 0.14160],  precision=[0.00783, 0.00555, 0.00414, 0.00283], hit=[0.03915, 0.05546, 0.08287, 0.14160], ndcg=[0.02754, 0.03281, 0.03965, 0.05119], Train Rec Loss=[0.03293], Eval Rec Loss=[0.03310], c=[0.50000], F=[0.87181, 0.90622, 0.94354, 0.96489], F_fuse=[0.01552, 0.01103, 0.00825, 0.00565]
[ INFO : 2026-08-13 15:17:10,680 ] - Epoch 137: train==[58.47323 = 0.80166 + 0.60219 + 4.09204 + 0.01109 + 0.00000 + 0.05025 + 884.94450]
[ INFO : 2026-08-13 15:17:18,048 ] - Test_@[5, 10, 20, 50]: Recall=[0.03638, 0.05383, 0.08189, 0.14078],  precision=[0.00728, 0.00538, 0.00409, 0.00282], hit=[0.03638, 0.05383, 0.08189, 0.14078], ndcg=[0.02505, 0.03065, 0.03768, 0.04925], Train Rec Loss=[0.03294], Eval Rec Loss=[0.03314], c=[0.50000], F=[0.86822, 0.90422, 0.94233, 0.96552], F_fuse=[0.01443, 0.01070, 0.00815, 0.00561]
[ INFO : 2026-08-13 15:18:27,633 ] - Epoch 138: train==[58.40605 = 0.79813 + 0.60219 + 4.03252 + 0.01107 + 0.00000 + 0.04613 + 884.94450]
[ INFO : 2026-08-13 15:18:35,161 ] - Test_@[5, 10, 20, 50]: Recall=[0.03785, 0.05628, 0.08336, 0.14209],  precision=[0.00757, 0.00563, 0.00417, 0.00284], hit=[0.03785, 0.05628, 0.08336, 0.14209], ndcg=[0.02614, 0.03207, 0.03885, 0.05041], Train Rec Loss=[0.03293], Eval Rec Loss=[0.03311], c=[0.50000], F=[0.86845, 0.90660, 0.94092, 0.96482], F_fuse=[0.01501, 0.01119, 0.00830, 0.00567]
[ INFO : 2026-08-13 15:19:44,842 ] - Epoch 139: train==[58.37533 = 0.79709 + 0.60220 + 4.00337 + 0.01106 + 0.00000 + 0.04561 + 884.94450]
[ INFO : 2026-08-13 15:19:51,956 ] - Test_@[5, 10, 20, 50]: Recall=[0.03964, 0.05612, 0.08352, 0.14258],  precision=[0.00793, 0.00561, 0.00418, 0.00285], hit=[0.03964, 0.05612, 0.08352, 0.14258], ndcg=[0.02768, 0.03302, 0.03992, 0.05156], Train Rec Loss=[0.03293], Eval Rec Loss=[0.03311], c=[0.50000], F=[0.86876, 0.90665, 0.94315, 0.96452], F_fuse=[0.01571, 0.01115, 0.00832, 0.00569]
[ INFO : 2026-08-13 15:21:01,466 ] - Epoch 140: train==[58.33406 = 0.79762 + 0.60219 + 3.96596 + 0.01100 + 0.00000 + 0.04127 + 884.94450]
[ INFO : 2026-08-13 15:21:08,925 ] - Test_@[5, 10, 20, 50]: Recall=[0.03964, 0.05546, 0.08450, 0.14339],  precision=[0.00793, 0.00555, 0.00423, 0.00287], hit=[0.03964, 0.05546, 0.08450, 0.14339], ndcg=[0.02741, 0.03251, 0.03982, 0.05141], Train Rec Loss=[0.03293], Eval Rec Loss=[0.03312], c=[0.50000], F=[0.87230, 0.90827, 0.94123, 0.96575], F_fuse=[0.01571, 0.01103, 0.00841, 0.00572]
[ INFO : 2026-08-13 15:22:18,683 ] - Epoch 141: train==[58.28148 = 0.79360 + 0.60221 + 3.91899 + 0.01101 + 0.00000 + 0.03966 + 884.94450]
[ INFO : 2026-08-13 15:22:26,196 ] - Test_@[5, 10, 20, 50]: Recall=[0.03915, 0.05677, 0.08418, 0.14307],  precision=[0.00783, 0.00568, 0.00421, 0.00286], hit=[0.03915, 0.05677, 0.08418, 0.14307], ndcg=[0.02709, 0.03272, 0.03955, 0.05117], Train Rec Loss=[0.03292], Eval Rec Loss=[0.03308], c=[0.50000], F=[0.86475, 0.90236, 0.94129, 0.96479], F_fuse=[0.01552, 0.01128, 0.00838, 0.00571]
[ INFO : 2026-08-13 15:23:35,290 ] - Epoch 142: train==[58.25323 = 0.79024 + 0.60219 + 3.89747 + 0.01104 + 0.00000 + 0.03627 + 884.94450]
[ INFO : 2026-08-13 15:23:42,619 ] - Test_@[5, 10, 20, 50]: Recall=[0.03801, 0.05726, 0.08401, 0.14666],  precision=[0.00760, 0.00573, 0.00420, 0.00293], hit=[0.03801, 0.05726, 0.08401, 0.14666], ndcg=[0.02682, 0.03299, 0.03973, 0.05209], Train Rec Loss=[0.03291], Eval Rec Loss=[0.03311], c=[0.50000], F=[0.86524, 0.90302, 0.94071, 0.96499], F_fuse=[0.01507, 0.01138, 0.00836, 0.00585]
[ INFO : 2026-08-13 15:24:52,386 ] - Epoch 143: train==[58.18977 = 0.78310 + 0.60221 + 3.84163 + 0.01105 + 0.00000 + 0.03578 + 884.94450]
[ INFO : 2026-08-13 15:24:59,567 ] - Test_@[5, 10, 20, 50]: Recall=[0.03899, 0.05612, 0.08401, 0.14600],  precision=[0.00780, 0.00561, 0.00420, 0.00292], hit=[0.03899, 0.05612, 0.08401, 0.14600], ndcg=[0.02662, 0.03208, 0.03907, 0.05126], Train Rec Loss=[0.03289], Eval Rec Loss=[0.03310], c=[0.50000], F=[0.86388, 0.90292, 0.94255, 0.96383], F_fuse=[0.01546, 0.01115, 0.00836, 0.00582]
[ INFO : 2026-08-13 15:26:09,644 ] - Epoch 144: train==[58.23863 = 0.78122 + 0.60219 + 3.89562 + 0.01086 + 0.00000 + 0.03273 + 884.94450]
[ INFO : 2026-08-13 15:26:17,169 ] - Test_@[5, 10, 20, 50]: Recall=[0.03899, 0.05775, 0.08450, 0.14747],  precision=[0.00780, 0.00577, 0.00423, 0.00295], hit=[0.03899, 0.05775, 0.08450, 0.14747], ndcg=[0.02707, 0.03311, 0.03982, 0.05226], Train Rec Loss=[0.03291], Eval Rec Loss=[0.03310], c=[0.50000], F=[0.86409, 0.90604, 0.94143, 0.96333], F_fuse=[0.01546, 0.01148, 0.00841, 0.00588]
[ INFO : 2026-08-13 15:27:26,333 ] - Epoch 145: train==[58.15504 = 0.77749 + 0.60219 + 3.81780 + 0.01088 + 0.00000 + 0.03067 + 884.94450]
[ INFO : 2026-08-13 15:27:33,878 ] - Test_@[5, 10, 20, 50]: Recall=[0.03834, 0.05563, 0.08320, 0.14454],  precision=[0.00767, 0.00556, 0.00416, 0.00289], hit=[0.03834, 0.05563, 0.08320, 0.14454], ndcg=[0.02580, 0.03132, 0.03825, 0.05033], Train Rec Loss=[0.03290], Eval Rec Loss=[0.03308], c=[0.50000], F=[0.86682, 0.90576, 0.93947, 0.96543], F_fuse=[0.01520, 0.01106, 0.00828, 0.00576]
[ INFO : 2026-08-13 15:28:43,499 ] - Epoch 146: train==[58.16050 = 0.77566 + 0.60219 + 3.82763 + 0.01094 + 0.00000 + 0.02806 + 884.94450]
[ INFO : 2026-08-13 15:28:50,955 ] - Test_@[5, 10, 20, 50]: Recall=[0.03687, 0.05465, 0.08352, 0.14339],  precision=[0.00737, 0.00546, 0.00418, 0.00287], hit=[0.03687, 0.05465, 0.08352, 0.14339], ndcg=[0.02504, 0.03076, 0.03800, 0.04980], Train Rec Loss=[0.03290], Eval Rec Loss=[0.03309], c=[0.50000], F=[0.86612, 0.90589, 0.94088, 0.96454], F_fuse=[0.01462, 0.01086, 0.00832, 0.00572]
[ INFO : 2026-08-13 15:29:59,566 ] - Epoch 147: train==[58.12499 = 0.77383 + 0.60220 + 3.79751 + 0.01100 + 0.00000 + 0.02444 + 884.94450]
[ INFO : 2026-08-13 15:30:07,088 ] - Test_@[5, 10, 20, 50]: Recall=[0.03899, 0.05922, 0.08662, 0.15204],  precision=[0.00780, 0.00592, 0.00433, 0.00304], hit=[0.03899, 0.05922, 0.08662, 0.15204], ndcg=[0.02666, 0.03309, 0.03992, 0.05280], Train Rec Loss=[0.03291], Eval Rec Loss=[0.03308], c=[0.50000], F=[0.86230, 0.90519, 0.94174, 0.96507], F_fuse=[0.01546, 0.01177, 0.00862, 0.00606]
[ INFO : 2026-08-13 15:31:16,665 ] - Epoch 148: train==[58.04946 = 0.76839 + 0.60219 + 3.72742 + 0.01100 + 0.00000 + 0.02445 + 884.94450]
[ INFO : 2026-08-13 15:31:24,174 ] - Test_@[5, 10, 20, 50]: Recall=[0.03817, 0.05530, 0.08336, 0.14666],  precision=[0.00763, 0.00553, 0.00417, 0.00293], hit=[0.03817, 0.05530, 0.08336, 0.14666], ndcg=[0.02548, 0.03102, 0.03810, 0.05059], Train Rec Loss=[0.03290], Eval Rec Loss=[0.03307], c=[0.50000], F=[0.86530, 0.90493, 0.94036, 0.96428], F_fuse=[0.01514, 0.01099, 0.00830, 0.00585]
[ INFO : 2026-08-13 15:32:33,163 ] - Epoch 149: train==[58.09100 = 0.76738 + 0.60219 + 3.77157 + 0.01105 + 0.00000 + 0.02280 + 884.94450]
[ INFO : 2026-08-13 15:32:40,329 ] - Test_@[5, 10, 20, 50]: Recall=[0.03883, 0.05710, 0.08646, 0.14829],  precision=[0.00777, 0.00571, 0.00432, 0.00297], hit=[0.03883, 0.05710, 0.08646, 0.14829], ndcg=[0.02623, 0.03206, 0.03943, 0.05159], Train Rec Loss=[0.03288], Eval Rec Loss=[0.03308], c=[0.50000], F=[0.86434, 0.90387, 0.94012, 0.96432], F_fuse=[0.01539, 0.01135, 0.00861, 0.00591]
[ INFO : 2026-08-13 15:33:48,853 ] - Epoch 150: train==[58.03962 = 0.76525 + 0.60220 + 3.72556 + 0.01106 + 0.00000 + 0.01954 + 884.94450]
[ INFO : 2026-08-13 15:33:56,409 ] - Test_@[5, 10, 20, 50]: Recall=[0.03899, 0.05873, 0.08679, 0.15122],  precision=[0.00780, 0.00587, 0.00434, 0.00302], hit=[0.03899, 0.05873, 0.08679, 0.15122], ndcg=[0.02673, 0.03306, 0.04004, 0.05276], Train Rec Loss=[0.03289], Eval Rec Loss=[0.03308], c=[0.50000], F=[0.86323, 0.90458, 0.93975, 0.96281], F_fuse=[0.01546, 0.01167, 0.00864, 0.00603]
[ INFO : 2026-08-13 15:35:06,791 ] - Epoch 151: train==[57.98339 = 0.76010 + 0.60219 + 3.67618 + 0.01099 + 0.00000 + 0.01792 + 884.94450]
[ INFO : 2026-08-13 15:35:14,334 ] - Test_@[5, 10, 20, 50]: Recall=[0.03475, 0.05318, 0.07977, 0.13931],  precision=[0.00695, 0.00532, 0.00399, 0.00279], hit=[0.03475, 0.05318, 0.07977, 0.13931], ndcg=[0.02308, 0.02895, 0.03560, 0.04734], Train Rec Loss=[0.03289], Eval Rec Loss=[0.03307], c=[0.50000], F=[0.86515, 0.90559, 0.93869, 0.96415], F_fuse=[0.01379, 0.01057, 0.00794, 0.00556]
[ INFO : 2026-08-13 15:36:23,885 ] - Epoch 152: train==[58.03507 = 0.75874 + 0.60220 + 3.72863 + 0.01099 + 0.00000 + 0.01851 + 884.94450]
[ INFO : 2026-08-13 15:36:31,347 ] - Test_@[5, 10, 20, 50]: Recall=[0.03524, 0.05546, 0.08483, 0.14388],  precision=[0.00705, 0.00555, 0.00424, 0.00288], hit=[0.03524, 0.05546, 0.08483, 0.14388], ndcg=[0.02402, 0.03052, 0.03786, 0.04949], Train Rec Loss=[0.03288], Eval Rec Loss=[0.03307], c=[0.50000], F=[0.86109, 0.90482, 0.94086, 0.96378], F_fuse=[0.01398, 0.01103, 0.00844, 0.00574]
[ INFO : 2026-08-13 15:37:41,806 ] - Epoch 153: train==[57.91255 = 0.76073 + 0.60220 + 3.60663 + 0.01099 + 0.00000 + 0.01599 + 884.94450]
[ INFO : 2026-08-13 15:37:49,311 ] - Test_@[5, 10, 20, 50]: Recall=[0.03866, 0.05612, 0.08467, 0.14584],  precision=[0.00773, 0.00561, 0.00423, 0.00292], hit=[0.03866, 0.05612, 0.08467, 0.14584], ndcg=[0.02592, 0.03150, 0.03867, 0.05077], Train Rec Loss=[0.03288], Eval Rec Loss=[0.03306], c=[0.50000], F=[0.86140, 0.90396, 0.94088, 0.96286], F_fuse=[0.01533, 0.01115, 0.00843, 0.00582]
[ INFO : 2026-08-13 15:38:59,328 ] - Epoch 154: train==[57.87387 = 0.75500 + 0.60219 + 3.57433 + 0.01105 + 0.00000 + 0.01528 + 884.94450]
[ INFO : 2026-08-13 15:39:06,733 ] - Test_@[5, 10, 20, 50]: Recall=[0.03687, 0.05579, 0.08613, 0.14780],  precision=[0.00737, 0.00558, 0.00431, 0.00296], hit=[0.03687, 0.05579, 0.08613, 0.14780], ndcg=[0.02506, 0.03117, 0.03877, 0.05091], Train Rec Loss=[0.03288], Eval Rec Loss=[0.03307], c=[0.50000], F=[0.86615, 0.90773, 0.94041, 0.96471], F_fuse=[0.01462, 0.01109, 0.00857, 0.00589]
[ INFO : 2026-08-13 15:40:15,229 ] - Epoch 155: train==[57.87376 = 0.75252 + 0.60220 + 3.57836 + 0.01105 + 0.00000 + 0.01362 + 884.94450]
[ INFO : 2026-08-13 15:40:22,711 ] - Test_@[5, 10, 20, 50]: Recall=[0.03785, 0.05808, 0.08874, 0.14927],  precision=[0.00757, 0.00581, 0.00444, 0.00299], hit=[0.03785, 0.05808, 0.08874, 0.14927], ndcg=[0.02565, 0.03219, 0.03983, 0.05174], Train Rec Loss=[0.03287], Eval Rec Loss=[0.03304], c=[0.50000], F=[0.86469, 0.90543, 0.93945, 0.96362], F_fuse=[0.01501, 0.01154, 0.00883, 0.00595]
[ INFO : 2026-08-13 15:41:31,872 ] - Epoch 156: train==[57.92637 = 0.74788 + 0.60219 + 3.63663 + 0.01108 + 0.00000 + 0.01257 + 884.94450]
[ INFO : 2026-08-13 15:41:38,973 ] - Test_@[5, 10, 20, 50]: Recall=[0.03442, 0.05432, 0.08499, 0.14339],  precision=[0.00688, 0.00543, 0.00425, 0.00287], hit=[0.03442, 0.05432, 0.08499, 0.14339], ndcg=[0.02362, 0.03002, 0.03765, 0.04909], Train Rec Loss=[0.03286], Eval Rec Loss=[0.03304], c=[0.50000], F=[0.86983, 0.91015, 0.94109, 0.96364], F_fuse=[0.01366, 0.01080, 0.00846, 0.00572]
[ INFO : 2026-08-13 15:42:47,944 ] - Epoch 157: train==[57.89193 = 0.74587 + 0.60219 + 3.60261 + 0.01107 + 0.00000 + 0.01418 + 884.94450]
[ INFO : 2026-08-13 15:42:55,417 ] - Test_@[5, 10, 20, 50]: Recall=[0.03736, 0.05677, 0.08728, 0.14943],  precision=[0.00747, 0.00568, 0.00436, 0.00299], hit=[0.03736, 0.05677, 0.08728, 0.14943], ndcg=[0.02520, 0.03153, 0.03915, 0.05145], Train Rec Loss=[0.03286], Eval Rec Loss=[0.03304], c=[0.50000], F=[0.86176, 0.90458, 0.93986, 0.96374], F_fuse=[0.01481, 0.01128, 0.00869, 0.00596]
[ INFO : 2026-08-13 15:44:05,219 ] - Epoch 158: train==[57.84506 = 0.74272 + 0.60220 + 3.56015 + 0.01100 + 0.00000 + 0.01298 + 884.94450]
[ INFO : 2026-08-13 15:44:12,729 ] - Test_@[5, 10, 20, 50]: Recall=[0.03752, 0.05693, 0.08646, 0.14715],  precision=[0.00750, 0.00569, 0.00432, 0.00294], hit=[0.03752, 0.05693, 0.08646, 0.14715], ndcg=[0.02525, 0.03147, 0.03889, 0.05085], Train Rec Loss=[0.03285], Eval Rec Loss=[0.03307], c=[0.50000], F=[0.86467, 0.90773, 0.93838, 0.96469], F_fuse=[0.01488, 0.01132, 0.00861, 0.00587]
[ INFO : 2026-08-13 15:45:22,061 ] - Epoch 159: train==[57.82842 = 0.74440 + 0.60220 + 3.54316 + 0.01109 + 0.00000 + 0.01157 + 884.94450]
[ INFO : 2026-08-13 15:45:29,307 ] - Test_@[5, 10, 20, 50]: Recall=[0.03752, 0.05824, 0.08874, 0.15057],  precision=[0.00750, 0.00582, 0.00444, 0.00301], hit=[0.03752, 0.05824, 0.08874, 0.15057], ndcg=[0.02565, 0.03232, 0.03997, 0.05218], Train Rec Loss=[0.03287], Eval Rec Loss=[0.03305], c=[0.50000], F=[0.86095, 0.90460, 0.94122, 0.96443], F_fuse=[0.01488, 0.01157, 0.00883, 0.00600]
[ INFO : 2026-08-13 15:46:38,446 ] - Epoch 160: train==[57.85049 = 0.73827 + 0.60220 + 3.57244 + 0.01105 + 0.00000 + 0.01051 + 884.94450]
[ INFO : 2026-08-13 15:46:45,834 ] - Test_@[5, 10, 20, 50]: Recall=[0.03703, 0.05726, 0.08728, 0.14698],  precision=[0.00741, 0.00573, 0.00436, 0.00294], hit=[0.03703, 0.05726, 0.08728, 0.14698], ndcg=[0.02477, 0.03126, 0.03883, 0.05063], Train Rec Loss=[0.03285], Eval Rec Loss=[0.03304], c=[0.50000], F=[0.86407, 0.90638, 0.93868, 0.96348], F_fuse=[0.01469, 0.01138, 0.00869, 0.00586]
[ INFO : 2026-08-13 15:47:56,049 ] - Epoch 161: train==[57.78525 = 0.73988 + 0.60219 + 3.50627 + 0.01105 + 0.00000 + 0.00985 + 884.94450]
[ INFO : 2026-08-13 15:48:03,532 ] - Test_@[5, 10, 20, 50]: Recall=[0.03752, 0.05661, 0.08646, 0.14698],  precision=[0.00750, 0.00566, 0.00432, 0.00294], hit=[0.03752, 0.05661, 0.08646, 0.14698], ndcg=[0.02482, 0.03091, 0.03844, 0.05041], Train Rec Loss=[0.03286], Eval Rec Loss=[0.03304], c=[0.50000], F=[0.86164, 0.90559, 0.93925, 0.96407], F_fuse=[0.01488, 0.01125, 0.00861, 0.00586]
[ INFO : 2026-08-13 15:49:13,367 ] - Epoch 162: train==[57.75814 = 0.73125 + 0.60220 + 3.48789 + 0.01106 + 0.00000 + 0.00973 + 884.94450]
[ INFO : 2026-08-13 15:49:20,900 ] - Test_@[5, 10, 20, 50]: Recall=[0.03801, 0.05612, 0.08728, 0.14715],  precision=[0.00760, 0.00561, 0.00436, 0.00294], hit=[0.03801, 0.05612, 0.08728, 0.14715], ndcg=[0.02511, 0.03093, 0.03876, 0.05058], Train Rec Loss=[0.03286], Eval Rec Loss=[0.03304], c=[0.50000], F=[0.85811, 0.90638, 0.93933, 0.96316], F_fuse=[0.01507, 0.01115, 0.00869, 0.00587]
[ INFO : 2026-08-13 15:50:30,179 ] - Epoch 163: train==[57.77210 = 0.72949 + 0.60219 + 3.50439 + 0.01101 + 0.00000 + 0.00900 + 884.94450]
[ INFO : 2026-08-13 15:50:37,711 ] - Test_@[5, 10, 20, 50]: Recall=[0.03768, 0.05710, 0.08760, 0.14600],  precision=[0.00754, 0.00571, 0.00438, 0.00292], hit=[0.03768, 0.05710, 0.08760, 0.14600], ndcg=[0.02516, 0.03137, 0.03902, 0.05053], Train Rec Loss=[0.03285], Eval Rec Loss=[0.03305], c=[0.50000], F=[0.86095, 0.90556, 0.93921, 0.96347], F_fuse=[0.01494, 0.01135, 0.00872, 0.00582]
[ INFO : 2026-08-13 15:51:48,073 ] - Epoch 164: train==[57.72879 = 0.72906 + 0.60220 + 3.46084 + 0.01110 + 0.00000 + 0.00958 + 884.94450]
[ INFO : 2026-08-13 15:51:55,173 ] - Test_@[5, 10, 20, 50]: Recall=[0.03817, 0.05693, 0.08793, 0.14878],  precision=[0.00763, 0.00569, 0.00440, 0.00298], hit=[0.03817, 0.05693, 0.08793, 0.14878], ndcg=[0.02564, 0.03168, 0.03945, 0.05142], Train Rec Loss=[0.03284], Eval Rec Loss=[0.03305], c=[0.50000], F=[0.86549, 0.90820, 0.94034, 0.96364], F_fuse=[0.01514, 0.01132, 0.00875, 0.00593]
[ INFO : 2026-08-13 15:53:03,564 ] - Epoch 165: train==[57.67328 = 0.72263 + 0.60220 + 3.41301 + 0.01115 + 0.00000 + 0.00828 + 884.94450]
[ INFO : 2026-08-13 15:53:10,685 ] - Test_@[5, 10, 20, 50]: Recall=[0.03964, 0.06297, 0.09347, 0.15563],  precision=[0.00793, 0.00630, 0.00467, 0.00311], hit=[0.03964, 0.06297, 0.09347, 0.15563], ndcg=[0.02682, 0.03432, 0.04198, 0.05424], Train Rec Loss=[0.03285], Eval Rec Loss=[0.03304], c=[0.50000], F=[0.86406, 0.90371, 0.93767, 0.96247], F_fuse=[0.01571, 0.01251, 0.00930, 0.00621]
[ INFO : 2026-08-13 15:54:19,903 ] - Epoch 166: train==[57.64243 = 0.72163 + 0.60219 + 3.38152 + 0.01114 + 0.00000 + 0.00993 + 884.94450]
[ INFO : 2026-08-13 15:54:27,083 ] - Test_@[5, 10, 20, 50]: Recall=[0.03899, 0.05644, 0.08907, 0.14959],  precision=[0.00780, 0.00564, 0.00445, 0.00299], hit=[0.03899, 0.05644, 0.08907, 0.14959], ndcg=[0.02578, 0.03142, 0.03962, 0.05153], Train Rec Loss=[0.03284], Eval Rec Loss=[0.03303], c=[0.50000], F=[0.86249, 0.90712, 0.93902, 0.96311], F_fuse=[0.01546, 0.01122, 0.00886, 0.00597]
[ INFO : 2026-08-13 15:55:36,238 ] - Epoch 167: train==[57.61473 = 0.71987 + 0.60220 + 3.35783 + 0.01118 + 0.00000 + 0.00765 + 884.94450]
[ INFO : 2026-08-13 15:55:43,612 ] - Test_@[5, 10, 20, 50]: Recall=[0.03964, 0.05808, 0.08972, 0.15008],  precision=[0.00793, 0.00581, 0.00449, 0.00300], hit=[0.03964, 0.05808, 0.08972, 0.15008], ndcg=[0.02641, 0.03240, 0.04033, 0.05229], Train Rec Loss=[0.03283], Eval Rec Loss=[0.03303], c=[0.50000], F=[0.86152, 0.90540, 0.93835, 0.96299], F_fuse=[0.01571, 0.01154, 0.00893, 0.00598]
[ INFO : 2026-08-13 15:56:52,762 ] - Epoch 168: train==[57.60638 = 0.71854 + 0.60220 + 3.35189 + 0.01120 + 0.00000 + 0.00653 + 884.94450]
[ INFO : 2026-08-13 15:57:00,014 ] - Test_@[5, 10, 20, 50]: Recall=[0.03866, 0.05742, 0.08842, 0.14992],  precision=[0.00773, 0.00574, 0.00442, 0.00300], hit=[0.03866, 0.05742, 0.08842, 0.14992], ndcg=[0.02586, 0.03190, 0.03969, 0.05178], Train Rec Loss=[0.03284], Eval Rec Loss=[0.03303], c=[0.50000], F=[0.86108, 0.90531, 0.93992, 0.96257], F_fuse=[0.01533, 0.01141, 0.00880, 0.00598]
[ INFO : 2026-08-13 15:58:09,843 ] - Epoch 169: train==[57.56366 = 0.71695 + 0.60220 + 3.30904 + 0.01129 + 0.00000 + 0.00817 + 884.94450]
[ INFO : 2026-08-13 15:58:17,337 ] - Test_@[5, 10, 20, 50]: Recall=[0.03768, 0.05840, 0.08809, 0.14878],  precision=[0.00754, 0.00584, 0.00440, 0.00298], hit=[0.03768, 0.05840, 0.08809, 0.14878], ndcg=[0.02527, 0.03192, 0.03938, 0.05131], Train Rec Loss=[0.03283], Eval Rec Loss=[0.03303], c=[0.50000], F=[0.86326, 0.90681, 0.93917, 0.96337], F_fuse=[0.01494, 0.01161, 0.00877, 0.00593]
[ INFO : 2026-08-13 15:59:27,340 ] - Epoch 170: train==[57.55971 = 0.71541 + 0.60220 + 3.30753 + 0.01125 + 0.00000 + 0.00732 + 884.94450]
[ INFO : 2026-08-13 15:59:34,868 ] - Test_@[5, 10, 20, 50]: Recall=[0.03899, 0.05840, 0.08809, 0.14878],  precision=[0.00780, 0.00584, 0.00440, 0.00298], hit=[0.03899, 0.05840, 0.08809, 0.14878], ndcg=[0.02588, 0.03210, 0.03961, 0.05158], Train Rec Loss=[0.03283], Eval Rec Loss=[0.03302], c=[0.50000], F=[0.86221, 0.90533, 0.93745, 0.96269], F_fuse=[0.01546, 0.01161, 0.00877, 0.00593]
[ INFO : 2026-08-13 16:00:44,809 ] - Epoch 171: train==[57.56443 = 0.71186 + 0.60220 + 3.31620 + 0.01129 + 0.00000 + 0.00687 + 884.94450]
[ INFO : 2026-08-13 16:00:51,949 ] - Test_@[5, 10, 20, 50]: Recall=[0.03850, 0.05824, 0.08972, 0.15383],  precision=[0.00770, 0.00582, 0.00449, 0.00308], hit=[0.03850, 0.05824, 0.08972, 0.15383], ndcg=[0.02625, 0.03260, 0.04054, 0.05319], Train Rec Loss=[0.03281], Eval Rec Loss=[0.03300], c=[0.50000], F=[0.86485, 0.90733, 0.94139, 0.96315], F_fuse=[0.01526, 0.01157, 0.00893, 0.00613]
[ INFO : 2026-08-13 16:02:01,525 ] - Epoch 172: train==[57.48348 = 0.71440 + 0.60220 + 3.23350 + 0.01136 + 0.00000 + 0.00602 + 884.94450]
[ INFO : 2026-08-13 16:02:09,033 ] - Test_@[5, 10, 20, 50]: Recall=[0.03850, 0.05840, 0.09021, 0.15057],  precision=[0.00770, 0.00584, 0.00451, 0.00301], hit=[0.03850, 0.05840, 0.09021, 0.15057], ndcg=[0.02601, 0.03241, 0.04041, 0.05228], Train Rec Loss=[0.03283], Eval Rec Loss=[0.03300], c=[0.50000], F=[0.86540, 0.90726, 0.93924, 0.96293], F_fuse=[0.01526, 0.01161, 0.00898, 0.00600]
[ INFO : 2026-08-13 16:03:19,005 ] - Epoch 173: train==[57.53332 = 0.70911 + 0.60220 + 3.28925 + 0.01138 + 0.00000 + 0.00537 + 884.94450]
[ INFO : 2026-08-13 16:03:26,169 ] - Test_@[5, 10, 20, 50]: Recall=[0.03817, 0.06069, 0.09429, 0.15416],  precision=[0.00763, 0.00607, 0.00471, 0.00308], hit=[0.03817, 0.06069, 0.09429, 0.15416], ndcg=[0.02568, 0.03299, 0.04143, 0.05323], Train Rec Loss=[0.03281], Eval Rec Loss=[0.03301], c=[0.50000], F=[0.85946, 0.90295, 0.93771, 0.96238], F_fuse=[0.01513, 0.01206, 0.00938, 0.00615]
[ INFO : 2026-08-13 16:04:35,188 ] - Epoch 174: train==[57.51758 = 0.70187 + 0.60220 + 3.28013 + 0.01138 + 0.00000 + 0.00599 + 884.94450]
[ INFO : 2026-08-13 16:04:42,665 ] - Test_@[5, 10, 20, 50]: Recall=[0.03866, 0.05971, 0.08972, 0.15318],  precision=[0.00773, 0.00597, 0.00449, 0.00306], hit=[0.03866, 0.05971, 0.08972, 0.15318], ndcg=[0.02604, 0.03282, 0.04038, 0.05290], Train Rec Loss=[0.03282], Eval Rec Loss=[0.03300], c=[0.50000], F=[0.86452, 0.90699, 0.93826, 0.96257], F_fuse=[0.01533, 0.01186, 0.00893, 0.00611]
[ INFO : 2026-08-13 16:05:51,733 ] - Epoch 175: train==[57.50640 = 0.70010 + 0.60220 + 3.27067 + 0.01135 + 0.00000 + 0.00607 + 884.94450]
[ INFO : 2026-08-13 16:05:59,227 ] - Test_@[5, 10, 20, 50]: Recall=[0.03931, 0.05856, 0.08874, 0.14992],  precision=[0.00786, 0.00586, 0.00444, 0.00300], hit=[0.03931, 0.05856, 0.08874, 0.14992], ndcg=[0.02600, 0.03217, 0.03978, 0.05185], Train Rec Loss=[0.03282], Eval Rec Loss=[0.03300], c=[0.50000], F=[0.86452, 0.90818, 0.93982, 0.96298], F_fuse=[0.01558, 0.01164, 0.00883, 0.00598]
[ INFO : 2026-08-13 16:07:09,275 ] - Epoch 176: train==[57.50099 = 0.69782 + 0.60220 + 3.26755 + 0.01141 + 0.00000 + 0.00600 + 884.94450]
[ INFO : 2026-08-13 16:07:16,805 ] - Test_@[5, 10, 20, 50]: Recall=[0.03817, 0.05905, 0.09054, 0.15383],  precision=[0.00763, 0.00591, 0.00453, 0.00308], hit=[0.03817, 0.05905, 0.09054, 0.15383], ndcg=[0.02644, 0.03319, 0.04119, 0.05366], Train Rec Loss=[0.03280], Eval Rec Loss=[0.03300], c=[0.50000], F=[0.86002, 0.90495, 0.93919, 0.96220], F_fuse=[0.01513, 0.01173, 0.00901, 0.00613]
[ INFO : 2026-08-13 16:08:25,884 ] - Epoch 177: train==[57.40968 = 0.69703 + 0.60220 + 3.17771 + 0.01129 + 0.00000 + 0.00544 + 884.94450]
[ INFO : 2026-08-13 16:08:33,280 ] - Test_@[5, 10, 20, 50]: Recall=[0.03850, 0.05905, 0.08874, 0.15057],  precision=[0.00770, 0.00591, 0.00444, 0.00301], hit=[0.03850, 0.05905, 0.08874, 0.15057], ndcg=[0.02541, 0.03204, 0.03949, 0.05166], Train Rec Loss=[0.03282], Eval Rec Loss=[0.03299], c=[0.50000], F=[0.86299, 0.90585, 0.93859, 0.96233], F_fuse=[0.01526, 0.01173, 0.00883, 0.00600]
[ INFO : 2026-08-13 16:09:42,797 ] - Epoch 178: train==[57.47163 = 0.69421 + 0.60220 + 3.24208 + 0.01129 + 0.00000 + 0.00583 + 884.94450]
[ INFO : 2026-08-13 16:09:49,910 ] - Test_@[5, 10, 20, 50]: Recall=[0.03866, 0.06069, 0.09576, 0.15693],  precision=[0.00773, 0.00607, 0.00479, 0.00314], hit=[0.03866, 0.06069, 0.09576, 0.15693], ndcg=[0.02559, 0.03272, 0.04146, 0.05347], Train Rec Loss=[0.03280], Eval Rec Loss=[0.03299], c=[0.50000], F=[0.85807, 0.90342, 0.93775, 0.96118], F_fuse=[0.01533, 0.01206, 0.00953, 0.00626]
[ INFO : 2026-08-13 16:11:00,226 ] - Epoch 179: train==[57.44944 = 0.68977 + 0.60220 + 3.22239 + 0.01118 + 0.00000 + 0.00789 + 884.94450]
[ INFO : 2026-08-13 16:11:07,691 ] - Test_@[5, 10, 20, 50]: Recall=[0.03687, 0.05873, 0.09119, 0.15122],  precision=[0.00737, 0.00587, 0.00456, 0.00302], hit=[0.03687, 0.05873, 0.09119, 0.15122], ndcg=[0.02434, 0.03142, 0.03959, 0.05139], Train Rec Loss=[0.03281], Eval Rec Loss=[0.03299], c=[0.50000], F=[0.86126, 0.90427, 0.93624, 0.96195], F_fuse=[0.01462, 0.01167, 0.00907, 0.00603]
[ INFO : 2026-08-13 16:12:17,296 ] - Epoch 180: train==[57.40477 = 0.69033 + 0.60220 + 3.17841 + 0.01122 + 0.00000 + 0.00660 + 884.94450]
[ INFO : 2026-08-13 16:12:24,803 ] - Test_@[5, 10, 20, 50]: Recall=[0.03866, 0.05889, 0.09021, 0.15334],  precision=[0.00773, 0.00589, 0.00451, 0.00307], hit=[0.03866, 0.05889, 0.09021, 0.15334], ndcg=[0.02548, 0.03204, 0.03996, 0.05244], Train Rec Loss=[0.03282], Eval Rec Loss=[0.03300], c=[0.50000], F=[0.86043, 0.90433, 0.93808, 0.96155], F_fuse=[0.01533, 0.01170, 0.00898, 0.00611]
[ INFO : 2026-08-13 16:13:34,346 ] - Epoch 181: train==[57.40065 = 0.68892 + 0.60221 + 3.17759 + 0.01126 + 0.00000 + 0.00466 + 884.94450]
[ INFO : 2026-08-13 16:13:41,891 ] - Test_@[5, 10, 20, 50]: Recall=[0.03915, 0.05971, 0.09054, 0.15057],  precision=[0.00783, 0.00597, 0.00453, 0.00301], hit=[0.03915, 0.05971, 0.09054, 0.15057], ndcg=[0.02554, 0.03215, 0.03985, 0.05167], Train Rec Loss=[0.03280], Eval Rec Loss=[0.03299], c=[0.50000], F=[0.85849, 0.90395, 0.93717, 0.96204], F_fuse=[0.01552, 0.01186, 0.00901, 0.00600]
[ INFO : 2026-08-13 16:14:51,047 ] - Epoch 182: train==[57.38404 = 0.68585 + 0.60220 + 3.16351 + 0.01114 + 0.00000 + 0.00534 + 884.94450]
[ INFO : 2026-08-13 16:14:58,549 ] - Test_@[5, 10, 20, 50]: Recall=[0.03964, 0.06036, 0.09217, 0.15432],  precision=[0.00793, 0.00604, 0.00461, 0.00309], hit=[0.03964, 0.06036, 0.09217, 0.15432], ndcg=[0.02576, 0.03238, 0.04036, 0.05264], Train Rec Loss=[0.03279], Eval Rec Loss=[0.03297], c=[0.50000], F=[0.85751, 0.90324, 0.93669, 0.96145], F_fuse=[0.01571, 0.01199, 0.00917, 0.00615]
[ INFO : 2026-08-13 16:16:07,412 ] - Epoch 183: train==[57.37903 = 0.68341 + 0.60220 + 3.16124 + 0.01130 + 0.00000 + 0.00487 + 884.94450]
[ INFO : 2026-08-13 16:16:14,608 ] - Test_@[5, 10, 20, 50]: Recall=[0.03817, 0.05987, 0.09135, 0.15449],  precision=[0.00763, 0.00599, 0.00457, 0.00309], hit=[0.03817, 0.05987, 0.09135, 0.15449], ndcg=[0.02505, 0.03209, 0.04000, 0.05242], Train Rec Loss=[0.03279], Eval Rec Loss=[0.03297], c=[0.50000], F=[0.86107, 0.90453, 0.93743, 0.96146], F_fuse=[0.01513, 0.01190, 0.00909, 0.00616]
[ INFO : 2026-08-13 16:17:24,972 ] - Epoch 184: train==[57.36973 = 0.67915 + 0.60220 + 3.15620 + 0.01126 + 0.00000 + 0.00491 + 884.94450]
[ INFO : 2026-08-13 16:17:32,380 ] - Test_@[5, 10, 20, 50]: Recall=[0.04046, 0.05987, 0.09184, 0.15579],  precision=[0.00809, 0.00599, 0.00459, 0.00312], hit=[0.04046, 0.05987, 0.09184, 0.15579], ndcg=[0.02677, 0.03304, 0.04112, 0.05372], Train Rec Loss=[0.03279], Eval Rec Loss=[0.03297], c=[0.50000], F=[0.86002, 0.90407, 0.93805, 0.96173], F_fuse=[0.01603, 0.01190, 0.00914, 0.00621]
[ INFO : 2026-08-13 16:18:42,687 ] - Epoch 185: train==[57.31179 = 0.67882 + 0.60220 + 3.09940 + 0.01139 + 0.00000 + 0.00397 + 884.94450]
[ INFO : 2026-08-13 16:18:50,178 ] - Test_@[5, 10, 20, 50]: Recall=[0.04046, 0.06313, 0.09706, 0.16232],  precision=[0.00809, 0.00631, 0.00485, 0.00325], hit=[0.04046, 0.06313, 0.09706, 0.16232], ndcg=[0.02725, 0.03459, 0.04310, 0.05596], Train Rec Loss=[0.03280], Eval Rec Loss=[0.03297], c=[0.50000], F=[0.85976, 0.90320, 0.93792, 0.96159], F_fuse=[0.01603, 0.01254, 0.00966, 0.00647]
[ INFO : 2026-08-13 16:20:00,400 ] - Epoch 186: train==[57.38061 = 0.67924 + 0.60220 + 3.16612 + 0.01130 + 0.00000 + 0.00574 + 884.94450]
[ INFO : 2026-08-13 16:20:07,909 ] - Test_@[5, 10, 20, 50]: Recall=[0.03801, 0.05791, 0.08989, 0.15204],  precision=[0.00760, 0.00579, 0.00449, 0.00304], hit=[0.03801, 0.05791, 0.08989, 0.15204], ndcg=[0.02533, 0.03179, 0.03987, 0.05212], Train Rec Loss=[0.03280], Eval Rec Loss=[0.03299], c=[0.50000], F=[0.86399, 0.90625, 0.93961, 0.96229], F_fuse=[0.01507, 0.01151, 0.00895, 0.00606]
[ INFO : 2026-08-13 16:21:17,821 ] - Epoch 187: train==[57.34501 = 0.67489 + 0.60220 + 3.13564 + 0.01133 + 0.00000 + 0.00493 + 884.94450]
[ INFO : 2026-08-13 16:21:25,113 ] - Test_@[5, 10, 20, 50]: Recall=[0.03834, 0.06134, 0.09445, 0.15644],  precision=[0.00767, 0.00613, 0.00472, 0.00313], hit=[0.03834, 0.06134, 0.09445, 0.15644], ndcg=[0.02583, 0.03323, 0.04155, 0.05373], Train Rec Loss=[0.03278], Eval Rec Loss=[0.03297], c=[0.50000], F=[0.86340, 0.90606, 0.93727, 0.96126], F_fuse=[0.01520, 0.01219, 0.00940, 0.00624]
[ INFO : 2026-08-13 16:22:35,191 ] - Epoch 188: train==[57.24455 = 0.67324 + 0.60220 + 3.03706 + 0.01147 + 0.00000 + 0.00458 + 884.94450]
[ INFO : 2026-08-13 16:22:42,715 ] - Test_@[5, 10, 20, 50]: Recall=[0.03931, 0.06166, 0.09494, 0.15840],  precision=[0.00786, 0.00617, 0.00475, 0.00317], hit=[0.03931, 0.06166, 0.09494, 0.15840], ndcg=[0.02636, 0.03364, 0.04199, 0.05446], Train Rec Loss=[0.03279], Eval Rec Loss=[0.03297], c=[0.50000], F=[0.86005, 0.90426, 0.93758, 0.96130], F_fuse=[0.01558, 0.01225, 0.00945, 0.00632]
[ INFO : 2026-08-13 16:23:52,852 ] - Epoch 189: train==[57.24556 = 0.66872 + 0.60220 + 3.04240 + 0.01134 + 0.00000 + 0.00489 + 884.94450]
[ INFO : 2026-08-13 16:24:00,354 ] - Test_@[5, 10, 20, 50]: Recall=[0.03931, 0.06166, 0.09380, 0.15791],  precision=[0.00786, 0.00617, 0.00469, 0.00316], hit=[0.03931, 0.06166, 0.09380, 0.15791], ndcg=[0.02632, 0.03354, 0.04160, 0.05423], Train Rec Loss=[0.03279], Eval Rec Loss=[0.03297], c=[0.50000], F=[0.85899, 0.90274, 0.93728, 0.96128], F_fuse=[0.01558, 0.01225, 0.00933, 0.00630]
[ INFO : 2026-08-13 16:25:10,566 ] - Epoch 190: train==[57.27075 = 0.67017 + 0.60220 + 3.06656 + 0.01133 + 0.00000 + 0.00447 + 884.94450]
[ INFO : 2026-08-13 16:25:17,662 ] - Test_@[5, 10, 20, 50]: Recall=[0.03997, 0.06427, 0.09869, 0.16297],  precision=[0.00799, 0.00643, 0.00493, 0.00326], hit=[0.03997, 0.06427, 0.09869, 0.16297], ndcg=[0.02689, 0.03472, 0.04332, 0.05595], Train Rec Loss=[0.03280], Eval Rec Loss=[0.03297], c=[0.50000], F=[0.85976, 0.90374, 0.93783, 0.96115], F_fuse=[0.01584, 0.01276, 0.00982, 0.00650]
[ INFO : 2026-08-13 16:26:28,321 ] - Epoch 191: train==[57.23890 = 0.66547 + 0.60220 + 3.03931 + 0.01134 + 0.00000 + 0.00458 + 884.94450]
[ INFO : 2026-08-13 16:26:35,473 ] - Test_@[5, 10, 20, 50]: Recall=[0.03997, 0.06183, 0.09478, 0.15889],  precision=[0.00799, 0.00618, 0.00474, 0.00318], hit=[0.03997, 0.06183, 0.09478, 0.15889], ndcg=[0.02680, 0.03386, 0.04219, 0.05482], Train Rec Loss=[0.03277], Eval Rec Loss=[0.03297], c=[0.50000], F=[0.86454, 0.90509, 0.93807, 0.96145], F_fuse=[0.01584, 0.01228, 0.00943, 0.00633]
[ INFO : 2026-08-13 16:27:45,051 ] - Epoch 192: train==[57.20125 = 0.66612 + 0.60220 + 3.00097 + 0.01135 + 0.00000 + 0.00460 + 884.94450]
[ INFO : 2026-08-13 16:27:52,594 ] - Test_@[5, 10, 20, 50]: Recall=[0.03997, 0.05971, 0.09103, 0.15628],  precision=[0.00799, 0.00597, 0.00455, 0.00313], hit=[0.03997, 0.05971, 0.09103, 0.15628], ndcg=[0.02643, 0.03282, 0.04075, 0.05358], Train Rec Loss=[0.03278], Eval Rec Loss=[0.03295], c=[0.50000], F=[0.86103, 0.90450, 0.93761, 0.96155], F_fuse=[0.01584, 0.01186, 0.00906, 0.00623]
[ INFO : 2026-08-13 16:29:02,850 ] - Epoch 193: train==[57.25233 = 0.66291 + 0.60220 + 3.05528 + 0.01147 + 0.00000 + 0.00446 + 884.94450]
[ INFO : 2026-08-13 16:29:10,227 ] - Test_@[5, 10, 20, 50]: Recall=[0.03964, 0.06085, 0.09413, 0.15775],  precision=[0.00793, 0.00608, 0.00471, 0.00315], hit=[0.03964, 0.06085, 0.09413, 0.15775], ndcg=[0.02632, 0.03318, 0.04152, 0.05406], Train Rec Loss=[0.03278], Eval Rec Loss=[0.03295], c=[0.50000], F=[0.85708, 0.90370, 0.93876, 0.96182], F_fuse=[0.01571, 0.01209, 0.00937, 0.00629]
[ INFO : 2026-08-13 16:30:20,471 ] - Epoch 194: train==[57.21938 = 0.66444 + 0.60220 + 3.01914 + 0.01136 + 0.00000 + 0.00624 + 884.94450]
[ INFO : 2026-08-13 16:30:27,931 ] - Test_@[5, 10, 20, 50]: Recall=[0.03899, 0.06166, 0.09266, 0.15351],  precision=[0.00780, 0.00617, 0.00463, 0.00307], hit=[0.03899, 0.06166, 0.09266, 0.15351], ndcg=[0.02547, 0.03279, 0.04057, 0.05255], Train Rec Loss=[0.03277], Eval Rec Loss=[0.03295], c=[0.50000], F=[0.86265, 0.90384, 0.93486, 0.96036], F_fuse=[0.01546, 0.01225, 0.00922, 0.00612]
[ INFO : 2026-08-13 16:31:36,756 ] - Epoch 195: train==[57.19482 = 0.66089 + 0.60221 + 2.99947 + 0.01132 + 0.00000 + 0.00492 + 884.94450]
[ INFO : 2026-08-13 16:31:43,851 ] - Test_@[5, 10, 20, 50]: Recall=[0.03948, 0.06248, 0.09413, 0.16003],  precision=[0.00790, 0.00625, 0.00471, 0.00320], hit=[0.03948, 0.06248, 0.09413, 0.16003], ndcg=[0.02623, 0.03361, 0.04156, 0.05453], Train Rec Loss=[0.03276], Eval Rec Loss=[0.03297], c=[0.50000], F=[0.86227, 0.90592, 0.93899, 0.96111], F_fuse=[0.01565, 0.01241, 0.00937, 0.00638]
[ INFO : 2026-08-13 16:32:53,592 ] - Epoch 196: train==[57.16138 = 0.65827 + 0.60220 + 2.96930 + 0.01142 + 0.00000 + 0.00419 + 884.94450]
[ INFO : 2026-08-13 16:33:00,770 ] - Test_@[5, 10, 20, 50]: Recall=[0.03931, 0.06020, 0.09217, 0.15612],  precision=[0.00786, 0.00602, 0.00461, 0.00312], hit=[0.03931, 0.06020, 0.09217, 0.15612], ndcg=[0.02571, 0.03247, 0.04055, 0.05312], Train Rec Loss=[0.03276], Eval Rec Loss=[0.03295], c=[0.50000], F=[0.85770, 0.90213, 0.93589, 0.96024], F_fuse=[0.01558, 0.01196, 0.00917, 0.00622]
[ INFO : 2026-08-13 16:34:10,944 ] - Epoch 197: train==[57.15700 = 0.65850 + 0.60221 + 2.96401 + 0.01152 + 0.00000 + 0.00475 + 884.94450]
[ INFO : 2026-08-13 16:34:18,398 ] - Test_@[5, 10, 20, 50]: Recall=[0.03997, 0.06297, 0.09821, 0.16215],  precision=[0.00799, 0.00630, 0.00491, 0.00324], hit=[0.03997, 0.06297, 0.09821, 0.16215], ndcg=[0.02689, 0.03430, 0.04315, 0.05570], Train Rec Loss=[0.03276], Eval Rec Loss=[0.03295], c=[0.50000], F=[0.85880, 0.90334, 0.93811, 0.96145], F_fuse=[0.01584, 0.01251, 0.00977, 0.00646]
[ INFO : 2026-08-13 16:35:28,447 ] - Epoch 198: train==[57.15163 = 0.65816 + 0.60220 + 2.95920 + 0.01147 + 0.00000 + 0.00459 + 884.94450]
[ INFO : 2026-08-13 16:35:35,935 ] - Test_@[5, 10, 20, 50]: Recall=[0.04062, 0.06346, 0.09494, 0.15954],  precision=[0.00812, 0.00635, 0.00475, 0.00319], hit=[0.04062, 0.06346, 0.09494, 0.15954], ndcg=[0.02679, 0.03409, 0.04206, 0.05480], Train Rec Loss=[0.03276], Eval Rec Loss=[0.03295], c=[0.50000], F=[0.86302, 0.90616, 0.93768, 0.96180], F_fuse=[0.01610, 0.01260, 0.00945, 0.00636]
[ INFO : 2026-08-13 16:36:46,221 ] - Epoch 199: train==[57.17113 = 0.64956 + 0.60220 + 2.98776 + 0.01153 + 0.00000 + 0.00406 + 884.94450]
[ INFO : 2026-08-13 16:36:53,689 ] - Test_@[5, 10, 20, 50]: Recall=[0.04078, 0.06248, 0.09657, 0.15954],  precision=[0.00816, 0.00625, 0.00483, 0.00319], hit=[0.04078, 0.06248, 0.09657, 0.15954], ndcg=[0.02682, 0.03379, 0.04238, 0.05475], Train Rec Loss=[0.03276], Eval Rec Loss=[0.03294], c=[0.50000], F=[0.86166, 0.90527, 0.93727, 0.96141], F_fuse=[0.01616, 0.01241, 0.00961, 0.00636]
[ INFO : 2026-08-13 16:38:03,994 ] - Epoch 200: train==[57.14071 = 0.64619 + 0.60220 + 2.96097 + 0.01158 + 0.00000 + 0.00376 + 884.94450]
[ INFO : 2026-08-13 16:38:11,111 ] - Test_@[5, 10, 20, 50]: Recall=[0.04013, 0.06346, 0.09788, 0.16297],  precision=[0.00803, 0.00635, 0.00489, 0.00326], hit=[0.04013, 0.06346, 0.09788, 0.16297], ndcg=[0.02709, 0.03466, 0.04336, 0.05614], Train Rec Loss=[0.03275], Eval Rec Loss=[0.03294], c=[0.50000], F=[0.86228, 0.90583, 0.93741, 0.96138], F_fuse=[0.01590, 0.01260, 0.00974, 0.00650]
[ INFO : 2026-08-13 16:39:20,516 ] - Epoch 201: train==[57.07110 = 0.64725 + 0.60220 + 2.88975 + 0.01163 + 0.00000 + 0.00426 + 884.94450]
[ INFO : 2026-08-13 16:39:27,614 ] - Test_@[5, 10, 20, 50]: Recall=[0.03899, 0.06117, 0.09445, 0.15644],  precision=[0.00780, 0.00612, 0.00472, 0.00313], hit=[0.03899, 0.06117, 0.09445, 0.15644], ndcg=[0.02551, 0.03263, 0.04093, 0.05307], Train Rec Loss=[0.03276], Eval Rec Loss=[0.03293], c=[0.50000], F=[0.86706, 0.90760, 0.93914, 0.96184], F_fuse=[0.01546, 0.01215, 0.00940, 0.00624]
[ INFO : 2026-08-13 16:40:36,168 ] - Epoch 202: train==[57.09085 = 0.64730 + 0.60221 + 2.90898 + 0.01168 + 0.00000 + 0.00467 + 884.94450]
[ INFO : 2026-08-13 16:40:43,671 ] - Test_@[5, 10, 20, 50]: Recall=[0.03997, 0.06607, 0.09657, 0.16313],  precision=[0.00799, 0.00661, 0.00483, 0.00326], hit=[0.03997, 0.06607, 0.09657, 0.16313], ndcg=[0.02709, 0.03549, 0.04316, 0.05629], Train Rec Loss=[0.03275], Eval Rec Loss=[0.03294], c=[0.50000], F=[0.85964, 0.90479, 0.93745, 0.96063], F_fuse=[0.01584, 0.01312, 0.00961, 0.00650]
[ INFO : 2026-08-13 16:41:52,606 ] - Epoch 203: train==[57.03280 = 0.64115 + 0.60220 + 2.85731 + 0.01173 + 0.00000 + 0.00440 + 884.94450]
[ INFO : 2026-08-13 16:42:00,099 ] - Test_@[5, 10, 20, 50]: Recall=[0.04192, 0.06493, 0.09837, 0.16313],  precision=[0.00838, 0.00649, 0.00492, 0.00326], hit=[0.04192, 0.06493, 0.09837, 0.16313], ndcg=[0.02812, 0.03556, 0.04403, 0.05679], Train Rec Loss=[0.03275], Eval Rec Loss=[0.03293], c=[0.50000], F=[0.85988, 0.90245, 0.93558, 0.96051], F_fuse=[0.01661, 0.01289, 0.00979, 0.00650]
[ INFO : 2026-08-13 16:43:09,515 ] - Epoch 204: train==[57.10055 = 0.64157 + 0.60220 + 2.92477 + 0.01161 + 0.00000 + 0.00439 + 884.94450]
[ INFO : 2026-08-13 16:43:17,033 ] - Test_@[5, 10, 20, 50]: Recall=[0.04062, 0.06395, 0.09625, 0.16036],  precision=[0.00812, 0.00639, 0.00481, 0.00321], hit=[0.04062, 0.06395, 0.09625, 0.16036], ndcg=[0.02747, 0.03498, 0.04309, 0.05572], Train Rec Loss=[0.03276], Eval Rec Loss=[0.03293], c=[0.50000], F=[0.85957, 0.90363, 0.93768, 0.96112], F_fuse=[0.01610, 0.01270, 0.00958, 0.00639]
[ INFO : 2026-08-13 16:44:26,112 ] - Epoch 205: train==[57.04461 = 0.63897 + 0.60220 + 2.87190 + 0.01180 + 0.00000 + 0.00374 + 884.94450]
[ INFO : 2026-08-13 16:44:33,599 ] - Test_@[5, 10, 20, 50]: Recall=[0.04013, 0.06199, 0.09494, 0.15759],  precision=[0.00803, 0.00620, 0.00475, 0.00315], hit=[0.04013, 0.06199, 0.09494, 0.15759], ndcg=[0.02663, 0.03371, 0.04201, 0.05432], Train Rec Loss=[0.03274], Eval Rec Loss=[0.03292], c=[0.50000], F=[0.85838, 0.90312, 0.93790, 0.96150], F_fuse=[0.01590, 0.01231, 0.00945, 0.00628]
[ INFO : 2026-08-13 16:45:42,796 ] - Epoch 206: train==[57.07474 = 0.63744 + 0.60220 + 2.90301 + 0.01175 + 0.00000 + 0.00433 + 884.94450]
[ INFO : 2026-08-13 16:45:49,916 ] - Test_@[5, 10, 20, 50]: Recall=[0.04029, 0.06248, 0.09543, 0.16020],  precision=[0.00806, 0.00625, 0.00477, 0.00320], hit=[0.04029, 0.06248, 0.09543, 0.16020], ndcg=[0.02627, 0.03340, 0.04170, 0.05445], Train Rec Loss=[0.03274], Eval Rec Loss=[0.03292], c=[0.50000], F=[0.86092, 0.90473, 0.93819, 0.96179], F_fuse=[0.01597, 0.01241, 0.00949, 0.00639]
[ INFO : 2026-08-13 16:46:59,751 ] - Epoch 207: train==[57.02843 = 0.63261 + 0.60220 + 2.86246 + 0.01184 + 0.00000 + 0.00331 + 884.94450]
[ INFO : 2026-08-13 16:47:07,198 ] - Test_@[5, 10, 20, 50]: Recall=[0.03883, 0.06150, 0.09445, 0.15742],  precision=[0.00777, 0.00615, 0.00472, 0.00315], hit=[0.03883, 0.06150, 0.09445, 0.15742], ndcg=[0.02573, 0.03310, 0.04139, 0.05377], Train Rec Loss=[0.03274], Eval Rec Loss=[0.03292], c=[0.50000], F=[0.86250, 0.90483, 0.93857, 0.96168], F_fuse=[0.01539, 0.01222, 0.00940, 0.00628]
[ INFO : 2026-08-13 16:48:17,051 ] - Epoch 208: train==[57.03947 = 0.63293 + 0.60220 + 2.87209 + 0.01181 + 0.00000 + 0.00443 + 884.94450]
[ INFO : 2026-08-13 16:48:24,310 ] - Test_@[5, 10, 20, 50]: Recall=[0.04029, 0.06199, 0.09608, 0.15889],  precision=[0.00806, 0.00620, 0.00480, 0.00318], hit=[0.04029, 0.06199, 0.09608, 0.15889], ndcg=[0.02667, 0.03370, 0.04226, 0.05458], Train Rec Loss=[0.03275], Eval Rec Loss=[0.03293], c=[0.50000], F=[0.86220, 0.90564, 0.93837, 0.96119], F_fuse=[0.01597, 0.01231, 0.00956, 0.00633]
[ INFO : 2026-08-13 16:49:34,466 ] - Epoch 209: train==[57.03353 = 0.63630 + 0.60220 + 2.86322 + 0.01191 + 0.00000 + 0.00389 + 884.94450]
[ INFO : 2026-08-13 16:49:41,998 ] - Test_@[5, 10, 20, 50]: Recall=[0.04062, 0.06199, 0.09462, 0.15514],  precision=[0.00812, 0.00620, 0.00473, 0.00310], hit=[0.04062, 0.06199, 0.09462, 0.15514], ndcg=[0.02658, 0.03348, 0.04165, 0.05356], Train Rec Loss=[0.03273], Eval Rec Loss=[0.03293], c=[0.50000], F=[0.86020, 0.90479, 0.93907, 0.96183], F_fuse=[0.01610, 0.01231, 0.00941, 0.00619]
[ INFO : 2026-08-13 16:50:51,900 ] - Epoch 210: train==[57.00778 = 0.63092 + 0.60221 + 2.84277 + 0.01200 + 0.00000 + 0.00388 + 884.94450]
[ INFO : 2026-08-13 16:50:59,426 ] - Test_@[5, 10, 20, 50]: Recall=[0.03801, 0.06117, 0.09152, 0.15351],  precision=[0.00760, 0.00612, 0.00458, 0.00307], hit=[0.03801, 0.06117, 0.09152, 0.15351], ndcg=[0.02471, 0.03225, 0.03991, 0.05211], Train Rec Loss=[0.03273], Eval Rec Loss=[0.03292], c=[0.50000], F=[0.86020, 0.90258, 0.93710, 0.96076], F_fuse=[0.01507, 0.01215, 0.00911, 0.00612]
[ INFO : 2026-08-13 16:52:09,132 ] - Epoch 211: train==[56.99136 = 0.62733 + 0.60220 + 2.82889 + 0.01196 + 0.00000 + 0.00497 + 884.94450]
[ INFO : 2026-08-13 16:52:16,284 ] - Test_@[5, 10, 20, 50]: Recall=[0.03899, 0.06101, 0.09380, 0.15465],  precision=[0.00780, 0.00610, 0.00469, 0.00309], hit=[0.03899, 0.06101, 0.09380, 0.15465], ndcg=[0.02550, 0.03263, 0.04082, 0.05278], Train Rec Loss=[0.03274], Eval Rec Loss=[0.03292], c=[0.50000], F=[0.86205, 0.90581, 0.93894, 0.96172], F_fuse=[0.01546, 0.01212, 0.00933, 0.00617]
[ INFO : 2026-08-13 16:53:26,121 ] - Epoch 212: train==[56.97001 = 0.62619 + 0.60220 + 2.80963 + 0.01194 + 0.00000 + 0.00403 + 884.94450]
[ INFO : 2026-08-13 16:53:33,624 ] - Test_@[5, 10, 20, 50]: Recall=[0.04062, 0.06281, 0.09723, 0.16020],  precision=[0.00812, 0.00628, 0.00486, 0.00320], hit=[0.04062, 0.06281, 0.09723, 0.16020], ndcg=[0.02656, 0.03376, 0.04245, 0.05489], Train Rec Loss=[0.03273], Eval Rec Loss=[0.03292], c=[0.50000], F=[0.86070, 0.90498, 0.93621, 0.96064], F_fuse=[0.01610, 0.01247, 0.00967, 0.00639]
[ INFO : 2026-08-13 16:54:43,385 ] - Epoch 213: train==[57.02152 = 0.62427 + 0.60221 + 2.86367 + 0.01189 + 0.00000 + 0.00347 + 884.94450]
[ INFO : 2026-08-13 16:54:50,821 ] - Test_@[5, 10, 20, 50]: Recall=[0.04029, 0.06232, 0.09576, 0.15791],  precision=[0.00806, 0.00623, 0.00479, 0.00316], hit=[0.04029, 0.06232, 0.09576, 0.15791], ndcg=[0.02645, 0.03360, 0.04207, 0.05430], Train Rec Loss=[0.03273], Eval Rec Loss=[0.03292], c=[0.50000], F=[0.85980, 0.90359, 0.93520, 0.95970], F_fuse=[0.01597, 0.01238, 0.00953, 0.00630]
[ INFO : 2026-08-13 16:56:00,136 ] - Epoch 214: train==[56.97897 = 0.62314 + 0.60220 + 2.82213 + 0.01192 + 0.00000 + 0.00358 + 884.94450]
[ INFO : 2026-08-13 16:56:07,575 ] - Test_@[5, 10, 20, 50]: Recall=[0.04013, 0.06281, 0.09625, 0.15677],  precision=[0.00803, 0.00628, 0.00481, 0.00314], hit=[0.04013, 0.06281, 0.09625, 0.15677], ndcg=[0.02602, 0.03339, 0.04176, 0.05368], Train Rec Loss=[0.03273], Eval Rec Loss=[0.03290], c=[0.50000], F=[0.85507, 0.90210, 0.93769, 0.96115], F_fuse=[0.01590, 0.01247, 0.00958, 0.00625]
[ INFO : 2026-08-13 16:57:16,957 ] - Epoch 215: train==[56.98934 = 0.62188 + 0.60220 + 2.83417 + 0.01202 + 0.00000 + 0.00307 + 884.94450]
[ INFO : 2026-08-13 16:57:24,096 ] - Test_@[5, 10, 20, 50]: Recall=[0.03964, 0.06117, 0.09266, 0.15449],  precision=[0.00793, 0.00612, 0.00463, 0.00309], hit=[0.03964, 0.06117, 0.09266, 0.15449], ndcg=[0.02559, 0.03258, 0.04051, 0.05271], Train Rec Loss=[0.03272], Eval Rec Loss=[0.03290], c=[0.50000], F=[0.85827, 0.90212, 0.93639, 0.96030], F_fuse=[0.01571, 0.01215, 0.00922, 0.00616]
[ INFO : 2026-08-13 16:58:33,877 ] - Epoch 216: train==[56.90018 = 0.62387 + 0.60220 + 2.74284 + 0.01196 + 0.00000 + 0.00330 + 884.94450]
[ INFO : 2026-08-13 16:58:40,992 ] - Test_@[5, 10, 20, 50]: Recall=[0.03915, 0.06199, 0.09429, 0.15498],  precision=[0.00783, 0.00620, 0.00471, 0.00310], hit=[0.03915, 0.06199, 0.09429, 0.15498], ndcg=[0.02548, 0.03286, 0.04097, 0.05289], Train Rec Loss=[0.03273], Eval Rec Loss=[0.03292], c=[0.50000], F=[0.85561, 0.90192, 0.93688, 0.96081], F_fuse=[0.01552, 0.01231, 0.00938, 0.00618]
[ INFO : 2026-08-13 16:59:50,628 ] - Epoch 217: train==[56.96818 = 0.61768 + 0.60221 + 2.81557 + 0.01196 + 0.00000 + 0.00475 + 884.94450]
[ INFO : 2026-08-13 16:59:57,860 ] - Test_@[5, 10, 20, 50]: Recall=[0.04176, 0.06476, 0.10016, 0.16297],  precision=[0.00835, 0.00648, 0.00501, 0.00326], hit=[0.04176, 0.06476, 0.10016, 0.16297], ndcg=[0.02784, 0.03533, 0.04427, 0.05662], Train Rec Loss=[0.03272], Eval Rec Loss=[0.03290], c=[0.50000], F=[0.85875, 0.90520, 0.93672, 0.96099], F_fuse=[0.01654, 0.01286, 0.00996, 0.00650]
[ INFO : 2026-08-13 17:01:07,906 ] - Epoch 218: train==[56.92415 = 0.61695 + 0.60220 + 2.77294 + 0.01212 + 0.00000 + 0.00393 + 884.94450]
[ INFO : 2026-08-13 17:01:15,398 ] - Test_@[5, 10, 20, 50]: Recall=[0.04046, 0.06330, 0.09706, 0.15889],  precision=[0.00809, 0.00633, 0.00485, 0.00318], hit=[0.04046, 0.06330, 0.09706, 0.15889], ndcg=[0.02666, 0.03408, 0.04255, 0.05465], Train Rec Loss=[0.03271], Eval Rec Loss=[0.03291], c=[0.50000], F=[0.85892, 0.90193, 0.93669, 0.96260], F_fuse=[0.01603, 0.01257, 0.00966, 0.00633]
[ INFO : 2026-08-13 17:02:24,873 ] - Epoch 219: train==[56.91644 = 0.61486 + 0.60221 + 2.76724 + 0.01209 + 0.00000 + 0.00404 + 884.94450]
[ INFO : 2026-08-13 17:02:32,381 ] - Test_@[5, 10, 20, 50]: Recall=[0.04062, 0.06395, 0.09706, 0.16117],  precision=[0.00812, 0.00639, 0.00485, 0.00322], hit=[0.04062, 0.06395, 0.09706, 0.16117], ndcg=[0.02680, 0.03438, 0.04271, 0.05532], Train Rec Loss=[0.03272], Eval Rec Loss=[0.03290], c=[0.50000], F=[0.86009, 0.90217, 0.93623, 0.96066], F_fuse=[0.01610, 0.01270, 0.00966, 0.00643]
[ INFO : 2026-08-13 17:03:42,088 ] - Epoch 220: train==[56.88986 = 0.61297 + 0.60220 + 2.74203 + 0.01208 + 0.00000 + 0.00457 + 884.94450]
[ INFO : 2026-08-13 17:03:49,643 ] - Test_@[5, 10, 20, 50]: Recall=[0.03948, 0.06199, 0.09413, 0.15383],  precision=[0.00790, 0.00620, 0.00471, 0.00308], hit=[0.03948, 0.06199, 0.09413, 0.15383], ndcg=[0.02571, 0.03310, 0.04118, 0.05296], Train Rec Loss=[0.03271], Eval Rec Loss=[0.03289], c=[0.50000], F=[0.85939, 0.90284, 0.93529, 0.96098], F_fuse=[0.01565, 0.01231, 0.00937, 0.00613]
[ INFO : 2026-08-13 17:04:58,814 ] - Epoch 221: train==[56.87302 = 0.61311 + 0.60221 + 2.72583 + 0.01206 + 0.00000 + 0.00380 + 884.94450]
[ INFO : 2026-08-13 17:05:05,972 ] - Test_@[5, 10, 20, 50]: Recall=[0.03915, 0.06232, 0.09674, 0.15693],  precision=[0.00783, 0.00623, 0.00484, 0.00314], hit=[0.03915, 0.06232, 0.09674, 0.15693], ndcg=[0.02540, 0.03296, 0.04161, 0.05346], Train Rec Loss=[0.03271], Eval Rec Loss=[0.03291], c=[0.50000], F=[0.85942, 0.90329, 0.93657, 0.96100], F_fuse=[0.01552, 0.01238, 0.00962, 0.00626]
[ INFO : 2026-08-13 17:06:15,441 ] - Epoch 222: train==[56.87452 = 0.60819 + 0.60220 + 2.73222 + 0.01208 + 0.00000 + 0.00382 + 884.94450]
[ INFO : 2026-08-13 17:06:22,906 ] - Test_@[5, 10, 20, 50]: Recall=[0.04062, 0.06297, 0.09723, 0.15905],  precision=[0.00812, 0.00630, 0.00486, 0.00318], hit=[0.04062, 0.06297, 0.09723, 0.15905], ndcg=[0.02684, 0.03414, 0.04276, 0.05493], Train Rec Loss=[0.03270], Eval Rec Loss=[0.03289], c=[0.50000], F=[0.85994, 0.90286, 0.93497, 0.96053], F_fuse=[0.01610, 0.01251, 0.00967, 0.00634]
[ INFO : 2026-08-13 17:07:32,565 ] - Epoch 223: train==[56.83474 = 0.60544 + 0.60221 + 2.69515 + 0.01204 + 0.00000 + 0.00390 + 884.94450]
[ INFO : 2026-08-13 17:07:40,067 ] - Test_@[5, 10, 20, 50]: Recall=[0.03931, 0.06166, 0.09429, 0.15383],  precision=[0.00786, 0.00617, 0.00471, 0.00308], hit=[0.03931, 0.06166, 0.09429, 0.15383], ndcg=[0.02519, 0.03245, 0.04066, 0.05240], Train Rec Loss=[0.03270], Eval Rec Loss=[0.03290], c=[0.50000], F=[0.86064, 0.90227, 0.93517, 0.96127], F_fuse=[0.01558, 0.01225, 0.00938, 0.00613]
[ INFO : 2026-08-13 17:08:50,039 ] - Epoch 224: train==[56.88984 = 0.60727 + 0.60220 + 2.74734 + 0.01196 + 0.00000 + 0.00505 + 884.94450]
[ INFO : 2026-08-13 17:08:57,209 ] - Test_@[5, 10, 20, 50]: Recall=[0.03687, 0.06036, 0.09103, 0.14829],  precision=[0.00737, 0.00604, 0.00455, 0.00297], hit=[0.03687, 0.06036, 0.09103, 0.14829], ndcg=[0.02420, 0.03179, 0.03948, 0.05073], Train Rec Loss=[0.03271], Eval Rec Loss=[0.03289], c=[0.50000], F=[0.85675, 0.90207, 0.93592, 0.96095], F_fuse=[0.01462, 0.01199, 0.00906, 0.00591]
[ INFO : 2026-08-13 17:10:07,300 ] - Epoch 225: train==[56.83589 = 0.60163 + 0.60221 + 2.70011 + 0.01191 + 0.00000 + 0.00402 + 884.94450]
[ INFO : 2026-08-13 17:10:14,835 ] - Test_@[5, 10, 20, 50]: Recall=[0.04127, 0.06411, 0.09902, 0.16297],  precision=[0.00825, 0.00641, 0.00495, 0.00326], hit=[0.04127, 0.06411, 0.09902, 0.16297], ndcg=[0.02723, 0.03464, 0.04340, 0.05593], Train Rec Loss=[0.03271], Eval Rec Loss=[0.03289], c=[0.50000], F=[0.86432, 0.90409, 0.93519, 0.96017], F_fuse=[0.01635, 0.01273, 0.00985, 0.00650]
[ INFO : 2026-08-13 17:11:24,595 ] - Epoch 226: train==[56.84971 = 0.60449 + 0.60220 + 2.71118 + 0.01201 + 0.00000 + 0.00381 + 884.94450]
[ INFO : 2026-08-13 17:11:31,928 ] - Test_@[5, 10, 20, 50]: Recall=[0.04095, 0.06395, 0.09706, 0.15954],  precision=[0.00819, 0.00639, 0.00485, 0.00319], hit=[0.04095, 0.06395, 0.09706, 0.15954], ndcg=[0.02660, 0.03411, 0.04245, 0.05477], Train Rec Loss=[0.03270], Eval Rec Loss=[0.03290], c=[0.50000], F=[0.86114, 0.90209, 0.93392, 0.96043], F_fuse=[0.01622, 0.01270, 0.00966, 0.00636]
[ INFO : 2026-08-13 17:12:40,952 ] - Epoch 227: train==[56.81754 = 0.60503 + 0.60221 + 2.67831 + 0.01199 + 0.00000 + 0.00401 + 884.94450]
[ INFO : 2026-08-13 17:12:48,128 ] - Test_@[5, 10, 20, 50]: Recall=[0.04062, 0.06395, 0.09837, 0.16134],  precision=[0.00812, 0.00639, 0.00492, 0.00323], hit=[0.04062, 0.06395, 0.09837, 0.16134], ndcg=[0.02627, 0.03389, 0.04258, 0.05492], Train Rec Loss=[0.03270], Eval Rec Loss=[0.03290], c=[0.50000], F=[0.85856, 0.90123, 0.93340, 0.96009], F_fuse=[0.01610, 0.01270, 0.00979, 0.00643]
[ INFO : 2026-08-13 17:13:56,893 ] - Epoch 228: train==[56.84242 = 0.60038 + 0.60220 + 2.70790 + 0.01201 + 0.00000 + 0.00391 + 884.94450]
[ INFO : 2026-08-13 17:14:04,015 ] - Test_@[5, 10, 20, 50]: Recall=[0.04078, 0.06297, 0.09755, 0.15759],  precision=[0.00816, 0.00630, 0.00488, 0.00315], hit=[0.04078, 0.06297, 0.09755, 0.15759], ndcg=[0.02677, 0.03397, 0.04263, 0.05442], Train Rec Loss=[0.03269], Eval Rec Loss=[0.03289], c=[0.50000], F=[0.85986, 0.90420, 0.93547, 0.96069], F_fuse=[0.01616, 0.01251, 0.00970, 0.00628]
[ INFO : 2026-08-13 17:15:13,170 ] - Epoch 229: train==[56.81910 = 0.59833 + 0.60220 + 2.68658 + 0.01205 + 0.00000 + 0.00393 + 884.94450]
[ INFO : 2026-08-13 17:15:20,310 ] - Test_@[5, 10, 20, 50]: Recall=[0.04062, 0.06476, 0.10147, 0.16297],  precision=[0.00812, 0.00648, 0.00507, 0.00326], hit=[0.04062, 0.06476, 0.10147, 0.16297], ndcg=[0.02667, 0.03456, 0.04382, 0.05589], Train Rec Loss=[0.03269], Eval Rec Loss=[0.03289], c=[0.50000], F=[0.85930, 0.90143, 0.93521, 0.96031], F_fuse=[0.01610, 0.01286, 0.01009, 0.00650]
[ INFO : 2026-08-13 17:16:29,935 ] - Epoch 230: train==[56.80008 = 0.59803 + 0.60221 + 2.66845 + 0.01205 + 0.00000 + 0.00332 + 884.94450]
[ INFO : 2026-08-13 17:16:37,494 ] - Test_@[5, 10, 20, 50]: Recall=[0.03948, 0.06313, 0.09641, 0.15693],  precision=[0.00790, 0.00631, 0.00482, 0.00314], hit=[0.03948, 0.06313, 0.09641, 0.15693], ndcg=[0.02537, 0.03311, 0.04145, 0.05333], Train Rec Loss=[0.03271], Eval Rec Loss=[0.03288], c=[0.50000], F=[0.85647, 0.90084, 0.93413, 0.96067], F_fuse=[0.01565, 0.01254, 0.00959, 0.00626]
[ INFO : 2026-08-13 17:17:47,421 ] - Epoch 231: train==[56.77670 = 0.59664 + 0.60220 + 2.64619 + 0.01206 + 0.00000 + 0.00359 + 884.94450]
[ INFO : 2026-08-13 17:17:54,653 ] - Test_@[5, 10, 20, 50]: Recall=[0.04095, 0.06378, 0.09869, 0.16346],  precision=[0.00819, 0.00638, 0.00493, 0.00327], hit=[0.04095, 0.06378, 0.09869, 0.16346], ndcg=[0.02667, 0.03410, 0.04292, 0.05565], Train Rec Loss=[0.03270], Eval Rec Loss=[0.03287], c=[0.50000], F=[0.86100, 0.90287, 0.93536, 0.96065], F_fuse=[0.01622, 0.01267, 0.00982, 0.00652]
[ INFO : 2026-08-13 17:19:04,295 ] - Epoch 232: train==[56.80101 = 0.59268 + 0.60220 + 2.67466 + 0.01208 + 0.00000 + 0.00338 + 884.94450]
[ INFO : 2026-08-13 17:19:11,427 ] - Test_@[5, 10, 20, 50]: Recall=[0.04111, 0.06656, 0.10228, 0.16281],  precision=[0.00822, 0.00666, 0.00511, 0.00326], hit=[0.04111, 0.06656, 0.10228, 0.16281], ndcg=[0.02699, 0.03531, 0.04425, 0.05613], Train Rec Loss=[0.03269], Eval Rec Loss=[0.03288], c=[0.50000], F=[0.85675, 0.90206, 0.93462, 0.95977], F_fuse=[0.01629, 0.01321, 0.01017, 0.00649]
[ INFO : 2026-08-13 17:20:21,143 ] - Epoch 233: train==[56.79184 = 0.58941 + 0.60221 + 2.66818 + 0.01199 + 0.00000 + 0.00404 + 884.94450]
[ INFO : 2026-08-13 17:20:28,598 ] - Test_@[5, 10, 20, 50]: Recall=[0.04111, 0.06411, 0.09788, 0.15905],  precision=[0.00822, 0.00641, 0.00489, 0.00318], hit=[0.04111, 0.06411, 0.09788, 0.15905], ndcg=[0.02706, 0.03452, 0.04304, 0.05510], Train Rec Loss=[0.03269], Eval Rec Loss=[0.03288], c=[0.50000], F=[0.86087, 0.90122, 0.93346, 0.96027], F_fuse=[0.01629, 0.01273, 0.00974, 0.00634]
[ INFO : 2026-08-13 17:21:38,624 ] - Epoch 234: train==[56.76276 = 0.59142 + 0.60220 + 2.63722 + 0.01207 + 0.00000 + 0.00385 + 884.94450]
[ INFO : 2026-08-13 17:21:45,905 ] - Test_@[5, 10, 20, 50]: Recall=[0.04078, 0.06476, 0.09690, 0.15873],  precision=[0.00816, 0.00648, 0.00485, 0.00317], hit=[0.04078, 0.06476, 0.09690, 0.15873], ndcg=[0.02610, 0.03395, 0.04205, 0.05422], Train Rec Loss=[0.03270], Eval Rec Loss=[0.03288], c=[0.50000], F=[0.85837, 0.90238, 0.93289, 0.95986], F_fuse=[0.01616, 0.01286, 0.00964, 0.00633]
[ INFO : 2026-08-13 17:22:55,093 ] - Epoch 235: train==[56.79468 = 0.58705 + 0.60220 + 2.67347 + 0.01206 + 0.00000 + 0.00389 + 884.94450]
[ INFO : 2026-08-13 17:23:02,423 ] - Test_@[5, 10, 20, 50]: Recall=[0.04062, 0.06558, 0.10000, 0.16281],  precision=[0.00812, 0.00656, 0.00500, 0.00326], hit=[0.04062, 0.06558, 0.10000, 0.16281], ndcg=[0.02667, 0.03480, 0.04345, 0.05578], Train Rec Loss=[0.03269], Eval Rec Loss=[0.03288], c=[0.50000], F=[0.85976, 0.90098, 0.93411, 0.96022], F_fuse=[0.01610, 0.01302, 0.00995, 0.00649]
[ INFO : 2026-08-13 17:24:12,314 ] - Epoch 236: train==[56.78914 = 0.58499 + 0.60221 + 2.67064 + 0.01212 + 0.00000 + 0.00317 + 884.94450]
[ INFO : 2026-08-13 17:24:19,806 ] - Test_@[5, 10, 20, 50]: Recall=[0.04078, 0.06411, 0.09576, 0.15791],  precision=[0.00816, 0.00641, 0.00479, 0.00316], hit=[0.04078, 0.06411, 0.09576, 0.15791], ndcg=[0.02632, 0.03390, 0.04188, 0.05414], Train Rec Loss=[0.03270], Eval Rec Loss=[0.03287], c=[0.50000], F=[0.85979, 0.90256, 0.93465, 0.96080], F_fuse=[0.01616, 0.01273, 0.00953, 0.00630]
[ INFO : 2026-08-13 17:25:30,523 ] - Epoch 237: train==[56.72537 = 0.58678 + 0.60221 + 2.60473 + 0.01224 + 0.00000 + 0.00340 + 884.94450]
[ INFO : 2026-08-13 17:25:37,812 ] - Test_@[5, 10, 20, 50]: Recall=[0.04209, 0.06476, 0.09935, 0.16166],  precision=[0.00842, 0.00648, 0.00497, 0.00323], hit=[0.04209, 0.06476, 0.09935, 0.16166], ndcg=[0.02720, 0.03460, 0.04325, 0.05551], Train Rec Loss=[0.03268], Eval Rec Loss=[0.03286], c=[0.50000], F=[0.85665, 0.90083, 0.93398, 0.96000], F_fuse=[0.01667, 0.01286, 0.00988, 0.00644]
[ INFO : 2026-08-13 17:26:47,432 ] - Epoch 238: train==[56.71306 = 0.58555 + 0.60220 + 2.59440 + 0.01223 + 0.00000 + 0.00267 + 884.94450]
[ INFO : 2026-08-13 17:26:54,917 ] - Test_@[5, 10, 20, 50]: Recall=[0.03997, 0.06330, 0.09608, 0.15726],  precision=[0.00799, 0.00633, 0.00480, 0.00315], hit=[0.03997, 0.06330, 0.09608, 0.15726], ndcg=[0.02586, 0.03346, 0.04173, 0.05377], Train Rec Loss=[0.03269], Eval Rec Loss=[0.03286], c=[0.50000], F=[0.85663, 0.90171, 0.93487, 0.96183], F_fuse=[0.01584, 0.01257, 0.00956, 0.00627]
[ INFO : 2026-08-13 17:28:03,967 ] - Epoch 239: train==[56.72235 = 0.58173 + 0.60221 + 2.60644 + 0.01220 + 0.00000 + 0.00377 + 884.94450]
[ INFO : 2026-08-13 17:28:11,493 ] - Test_@[5, 10, 20, 50]: Recall=[0.04095, 0.06444, 0.09837, 0.16085],  precision=[0.00819, 0.00644, 0.00492, 0.00322], hit=[0.04095, 0.06444, 0.09837, 0.16085], ndcg=[0.02653, 0.03416, 0.04268, 0.05497], Train Rec Loss=[0.03269], Eval Rec Loss=[0.03286], c=[0.50000], F=[0.85528, 0.90070, 0.93351, 0.96070], F_fuse=[0.01622, 0.01280, 0.00979, 0.00641]
[ INFO : 2026-08-13 17:29:21,274 ] - Epoch 240: train==[56.72974 = 0.58394 + 0.60220 + 2.61204 + 0.01221 + 0.00000 + 0.00334 + 884.94450]
[ INFO : 2026-08-13 17:29:28,839 ] - Test_@[5, 10, 20, 50]: Recall=[0.03752, 0.06134, 0.09347, 0.15351],  precision=[0.00750, 0.00613, 0.00467, 0.00307], hit=[0.03752, 0.06134, 0.09347, 0.15351], ndcg=[0.02412, 0.03189, 0.03996, 0.05178], Train Rec Loss=[0.03269], Eval Rec Loss=[0.03286], c=[0.50000], F=[0.85926, 0.90249, 0.93448, 0.96088], F_fuse=[0.01488, 0.01218, 0.00930, 0.00612]
[ INFO : 2026-08-13 17:30:38,347 ] - Epoch 241: train==[56.69486 = 0.57941 + 0.60221 + 2.58141 + 0.01227 + 0.00000 + 0.00355 + 884.94450]
[ INFO : 2026-08-13 17:30:45,756 ] - Test_@[5, 10, 20, 50]: Recall=[0.04241, 0.06591, 0.10049, 0.16362],  precision=[0.00848, 0.00659, 0.00502, 0.00327], hit=[0.04241, 0.06591, 0.10049, 0.16362], ndcg=[0.02786, 0.03551, 0.04425, 0.05670], Train Rec Loss=[0.03267], Eval Rec Loss=[0.03286], c=[0.50000], F=[0.85763, 0.90343, 0.93458, 0.96095], F_fuse=[0.01680, 0.01309, 0.01000, 0.00652]
[ INFO : 2026-08-13 17:31:55,849 ] - Epoch 242: train==[56.67032 = 0.57760 + 0.60220 + 2.55904 + 0.01240 + 0.00000 + 0.00307 + 884.94450]
[ INFO : 2026-08-13 17:32:02,988 ] - Test_@[5, 10, 20, 50]: Recall=[0.04160, 0.06542, 0.09967, 0.16215],  precision=[0.00832, 0.00654, 0.00498, 0.00324], hit=[0.04160, 0.06542, 0.09967, 0.16215], ndcg=[0.02754, 0.03523, 0.04389, 0.05621], Train Rec Loss=[0.03267], Eval Rec Loss=[0.03286], c=[0.50000], F=[0.85980, 0.90278, 0.93464, 0.96071], F_fuse=[0.01648, 0.01299, 0.00991, 0.00646]
[ INFO : 2026-08-13 17:33:11,815 ] - Epoch 243: train==[56.69464 = 0.57697 + 0.60221 + 2.58420 + 0.01226 + 0.00000 + 0.00300 + 884.94450]
[ INFO : 2026-08-13 17:33:18,880 ] - Test_@[5, 10, 20, 50]: Recall=[0.04062, 0.06476, 0.10000, 0.15938],  precision=[0.00812, 0.00648, 0.00500, 0.00319], hit=[0.04062, 0.06476, 0.10000, 0.15938], ndcg=[0.02669, 0.03455, 0.04341, 0.05506], Train Rec Loss=[0.03268], Eval Rec Loss=[0.03285], c=[0.50000], F=[0.85726, 0.90054, 0.93331, 0.95986], F_fuse=[0.01610, 0.01286, 0.00995, 0.00635]
[ INFO : 2026-08-13 17:34:27,286 ] - Epoch 244: train==[56.69793 = 0.57269 + 0.60220 + 2.59092 + 0.01233 + 0.00000 + 0.00377 + 884.94450]
[ INFO : 2026-08-13 17:34:34,357 ] - Test_@[5, 10, 20, 50]: Recall=[0.04144, 0.06574, 0.10000, 0.16085],  precision=[0.00829, 0.00657, 0.00500, 0.00322], hit=[0.04144, 0.06574, 0.10000, 0.16085], ndcg=[0.02659, 0.03448, 0.04308, 0.05507], Train Rec Loss=[0.03267], Eval Rec Loss=[0.03286], c=[0.50000], F=[0.85565, 0.90075, 0.93255, 0.95983], F_fuse=[0.01642, 0.01305, 0.00995, 0.00641]
[ INFO : 2026-08-13 17:35:43,118 ] - Epoch 245: train==[56.70114 = 0.57401 + 0.60221 + 2.59262 + 0.01227 + 0.00000 + 0.00403 + 884.94450]
[ INFO : 2026-08-13 17:35:50,190 ] - Test_@[5, 10, 20, 50]: Recall=[0.04095, 0.06395, 0.09788, 0.15840],  precision=[0.00819, 0.00639, 0.00489, 0.00317], hit=[0.04095, 0.06395, 0.09788, 0.15840], ndcg=[0.02685, 0.03438, 0.04293, 0.05485], Train Rec Loss=[0.03267], Eval Rec Loss=[0.03286], c=[0.50000], F=[0.86162, 0.90384, 0.93519, 0.96129], F_fuse=[0.01622, 0.01270, 0.00974, 0.00632]
[ INFO : 2026-08-13 17:36:58,970 ] - Epoch 246: train==[56.68858 = 0.57065 + 0.60220 + 2.58351 + 0.01232 + 0.00000 + 0.00390 + 884.94450]
[ INFO : 2026-08-13 17:37:06,031 ] - Test_@[5, 10, 20, 50]: Recall=[0.04029, 0.06395, 0.09445, 0.15563],  precision=[0.00806, 0.00639, 0.00472, 0.00311], hit=[0.04029, 0.06395, 0.09445, 0.15563], ndcg=[0.02586, 0.03353, 0.04119, 0.05324], Train Rec Loss=[0.03267], Eval Rec Loss=[0.03285], c=[0.50000], F=[0.85488, 0.89979, 0.93227, 0.95988], F_fuse=[0.01597, 0.01270, 0.00940, 0.00621]
[ INFO : 2026-08-13 17:38:14,438 ] - Epoch 247: train==[56.71521 = 0.57420 + 0.60221 + 2.60679 + 0.01226 + 0.00000 + 0.00375 + 884.94450]
[ INFO : 2026-08-13 17:38:21,493 ] - Test_@[5, 10, 20, 50]: Recall=[0.04111, 0.06574, 0.10049, 0.16264],  precision=[0.00822, 0.00657, 0.00502, 0.00325], hit=[0.04111, 0.06574, 0.10049, 0.16264], ndcg=[0.02607, 0.03408, 0.04279, 0.05499], Train Rec Loss=[0.03268], Eval Rec Loss=[0.03285], c=[0.50000], F=[0.85686, 0.89963, 0.93268, 0.95979], F_fuse=[0.01629, 0.01305, 0.01000, 0.00648]
[ INFO : 2026-08-13 17:39:29,650 ] - Epoch 248: train==[56.67173 = 0.56951 + 0.60220 + 2.56810 + 0.01226 + 0.00000 + 0.00364 + 884.94450]
[ INFO : 2026-08-13 17:39:36,821 ] - Test_@[5, 10, 20, 50]: Recall=[0.04160, 0.06558, 0.10277, 0.16444],  precision=[0.00832, 0.00656, 0.00514, 0.00329], hit=[0.04160, 0.06558, 0.10277, 0.16444], ndcg=[0.02723, 0.03499, 0.04441, 0.05649], Train Rec Loss=[0.03267], Eval Rec Loss=[0.03284], c=[0.50000], F=[0.86060, 0.90149, 0.93376, 0.95978], F_fuse=[0.01648, 0.01302, 0.01022, 0.00656]
[ INFO : 2026-08-13 17:40:45,029 ] - Epoch 249: train==[56.64994 = 0.56787 + 0.60221 + 2.54821 + 0.01222 + 0.00000 + 0.00342 + 884.94450]
[ INFO : 2026-08-13 17:40:52,117 ] - Test_@[5, 10, 20, 50]: Recall=[0.04111, 0.06378, 0.09755, 0.15628],  precision=[0.00822, 0.00638, 0.00488, 0.00313], hit=[0.04111, 0.06378, 0.09755, 0.15628], ndcg=[0.02620, 0.03351, 0.04205, 0.05359], Train Rec Loss=[0.03267], Eval Rec Loss=[0.03284], c=[0.50000], F=[0.85756, 0.90232, 0.93508, 0.96079], F_fuse=[0.01629, 0.01267, 0.00970, 0.00623]
[ INFO : 2026-08-13 17:42:00,039 ] - Epoch 250: train==[56.63350 = 0.56482 + 0.60220 + 2.53463 + 0.01225 + 0.00000 + 0.00359 + 884.94450]
[ INFO : 2026-08-13 17:42:07,145 ] - Test_@[5, 10, 20, 50]: Recall=[0.04323, 0.06737, 0.10245, 0.16346],  precision=[0.00865, 0.00674, 0.00512, 0.00327], hit=[0.04323, 0.06737, 0.10245, 0.16346], ndcg=[0.02859, 0.03644, 0.04533, 0.05740], Train Rec Loss=[0.03266], Eval Rec Loss=[0.03285], c=[0.50000], F=[0.85486, 0.89938, 0.93289, 0.95935], F_fuse=[0.01712, 0.01337, 0.01019, 0.00652]
[ INFO : 2026-08-13 17:43:15,155 ] - Epoch 251: train==[56.64469 = 0.56122 + 0.60221 + 2.54904 + 0.01218 + 0.00000 + 0.00405 + 884.94450]
[ INFO : 2026-08-13 17:43:22,282 ] - Test_@[5, 10, 20, 50]: Recall=[0.04062, 0.06542, 0.10049, 0.16232],  precision=[0.00812, 0.00654, 0.00502, 0.00325], hit=[0.04062, 0.06542, 0.10049, 0.16232], ndcg=[0.02679, 0.03492, 0.04377, 0.05596], Train Rec Loss=[0.03267], Eval Rec Loss=[0.03284], c=[0.50000], F=[0.85937, 0.90093, 0.93212, 0.96005], F_fuse=[0.01610, 0.01299, 0.01000, 0.00647]
[ INFO : 2026-08-13 17:44:30,881 ] - Epoch 252: train==[56.62853 = 0.56324 + 0.60221 + 2.53026 + 0.01225 + 0.00000 + 0.00456 + 884.94450]
[ INFO : 2026-08-13 17:44:37,963 ] - Test_@[5, 10, 20, 50]: Recall=[0.03948, 0.06264, 0.09494, 0.15367],  precision=[0.00790, 0.00626, 0.00475, 0.00307], hit=[0.03948, 0.06264, 0.09494, 0.15367], ndcg=[0.02536, 0.03291, 0.04105, 0.05257], Train Rec Loss=[0.03266], Eval Rec Loss=[0.03286], c=[0.50000], F=[0.85701, 0.90088, 0.93251, 0.96016], F_fuse=[0.01565, 0.01244, 0.00945, 0.00613]
[ INFO : 2026-08-13 17:45:45,838 ] - Epoch 253: train==[56.61982 = 0.56002 + 0.60221 + 2.52524 + 0.01223 + 0.00000 + 0.00412 + 884.94450]
[ INFO : 2026-08-13 17:45:52,943 ] - Test_@[5, 10, 20, 50]: Recall=[0.04339, 0.06705, 0.10179, 0.16313],  precision=[0.00868, 0.00670, 0.00509, 0.00326], hit=[0.04339, 0.06705, 0.10179, 0.16313], ndcg=[0.02793, 0.03555, 0.04433, 0.05642], Train Rec Loss=[0.03266], Eval Rec Loss=[0.03285], c=[0.50000], F=[0.85440, 0.89975, 0.93131, 0.95957], F_fuse=[0.01718, 0.01331, 0.01012, 0.00650]
[ INFO : 2026-08-13 17:47:00,755 ] - Epoch 254: train==[56.66569 = 0.56170 + 0.60220 + 2.56906 + 0.01220 + 0.00000 + 0.00452 + 884.94450]
[ INFO : 2026-08-13 17:47:07,917 ] - Test_@[5, 10, 20, 50]: Recall=[0.03964, 0.06362, 0.09853, 0.15759],  precision=[0.00793, 0.00636, 0.00493, 0.00315], hit=[0.03964, 0.06362, 0.09853, 0.15759], ndcg=[0.02589, 0.03375, 0.04256, 0.05419], Train Rec Loss=[0.03265], Eval Rec Loss=[0.03285], c=[0.50000], F=[0.85805, 0.90006, 0.93250, 0.96100], F_fuse=[0.01571, 0.01263, 0.00980, 0.00628]
[ INFO : 2026-08-13 17:48:16,573 ] - Epoch 255: train==[56.56473 = 0.55880 + 0.60221 + 2.47157 + 0.01230 + 0.00000 + 0.00384 + 884.94450]
[ INFO : 2026-08-13 17:48:23,636 ] - Test_@[5, 10, 20, 50]: Recall=[0.04095, 0.06476, 0.09951, 0.15840],  precision=[0.00819, 0.00648, 0.00498, 0.00317], hit=[0.04095, 0.06476, 0.09951, 0.15840], ndcg=[0.02620, 0.03390, 0.04267, 0.05423], Train Rec Loss=[0.03266], Eval Rec Loss=[0.03284], c=[0.50000], F=[0.85622, 0.89944, 0.93181, 0.95982], F_fuse=[0.01622, 0.01286, 0.00990, 0.00632]
[ INFO : 2026-08-13 17:49:31,656 ] - Epoch 256: train==[56.61300 = 0.55710 + 0.60221 + 2.52139 + 0.01227 + 0.00000 + 0.00401 + 884.94450]
[ INFO : 2026-08-13 17:49:38,752 ] - Test_@[5, 10, 20, 50]: Recall=[0.04046, 0.06411, 0.09772, 0.15905],  precision=[0.00809, 0.00641, 0.00489, 0.00318], hit=[0.04046, 0.06411, 0.09772, 0.15905], ndcg=[0.02603, 0.03373, 0.04223, 0.05435], Train Rec Loss=[0.03266], Eval Rec Loss=[0.03283], c=[0.50000], F=[0.85823, 0.90089, 0.93281, 0.96023], F_fuse=[0.01603, 0.01273, 0.00972, 0.00634]
[ INFO : 2026-08-13 17:50:46,765 ] - Epoch 257: train==[56.60568 = 0.55380 + 0.60221 + 2.51849 + 0.01230 + 0.00000 + 0.00287 + 884.94450]
[ INFO : 2026-08-13 17:50:53,886 ] - Test_@[5, 10, 20, 50]: Recall=[0.04209, 0.06721, 0.10114, 0.15987],  precision=[0.00842, 0.00672, 0.00506, 0.00320], hit=[0.04209, 0.06721, 0.10114, 0.15987], ndcg=[0.02801, 0.03615, 0.04469, 0.05623], Train Rec Loss=[0.03265], Eval Rec Loss=[0.03283], c=[0.50000], F=[0.85544, 0.89897, 0.93282, 0.95935], F_fuse=[0.01667, 0.01334, 0.01006, 0.00637]
[ INFO : 2026-08-13 17:52:02,247 ] - Epoch 258: train==[56.54094 = 0.55391 + 0.60221 + 2.45320 + 0.01238 + 0.00000 + 0.00324 + 884.94450]
[ INFO : 2026-08-13 17:52:09,373 ] - Test_@[5, 10, 20, 50]: Recall=[0.04095, 0.06558, 0.10098, 0.16509],  precision=[0.00819, 0.00656, 0.00505, 0.00330], hit=[0.04095, 0.06558, 0.10098, 0.16509], ndcg=[0.02710, 0.03510, 0.04412, 0.05673], Train Rec Loss=[0.03265], Eval Rec Loss=[0.03284], c=[0.50000], F=[0.85751, 0.90090, 0.93307, 0.96000], F_fuse=[0.01622, 0.01302, 0.01004, 0.00658]
[ INFO : 2026-08-13 17:53:17,596 ] - Epoch 259: train==[56.58060 = 0.55645 + 0.60220 + 2.49017 + 0.01236 + 0.00000 + 0.00341 + 884.94450]
[ INFO : 2026-08-13 17:53:24,687 ] - Test_@[5, 10, 20, 50]: Recall=[0.04062, 0.06525, 0.09706, 0.15661],  precision=[0.00812, 0.00653, 0.00485, 0.00313], hit=[0.04062, 0.06525, 0.09706, 0.15661], ndcg=[0.02591, 0.03389, 0.04194, 0.05367], Train Rec Loss=[0.03265], Eval Rec Loss=[0.03284], c=[0.50000], F=[0.85814, 0.90149, 0.93299, 0.95954], F_fuse=[0.01610, 0.01296, 0.00966, 0.00624]
[ INFO : 2026-08-13 17:54:33,414 ] - Epoch 260: train==[56.60646 = 0.55198 + 0.60221 + 2.51900 + 0.01230 + 0.00000 + 0.00497 + 884.94450]
[ INFO : 2026-08-13 17:54:40,533 ] - Test_@[5, 10, 20, 50]: Recall=[0.04225, 0.06688, 0.10245, 0.16248],  precision=[0.00845, 0.00669, 0.00512, 0.00325], hit=[0.04225, 0.06688, 0.10245, 0.16248], ndcg=[0.02722, 0.03521, 0.04412, 0.05592], Train Rec Loss=[0.03265], Eval Rec Loss=[0.03284], c=[0.50000], F=[0.85563, 0.89899, 0.93244, 0.95988], F_fuse=[0.01674, 0.01328, 0.01019, 0.00648]
[ INFO : 2026-08-13 17:55:48,524 ] - Epoch 261: train==[56.61078 = 0.55301 + 0.60221 + 2.52273 + 0.01231 + 0.00000 + 0.00451 + 884.94450]
[ INFO : 2026-08-13 17:55:55,623 ] - Test_@[5, 10, 20, 50]: Recall=[0.04029, 0.06493, 0.09723, 0.15644],  precision=[0.00806, 0.00649, 0.00486, 0.00313], hit=[0.04029, 0.06493, 0.09723, 0.15644], ndcg=[0.02644, 0.03440, 0.04256, 0.05420], Train Rec Loss=[0.03264], Eval Rec Loss=[0.03284], c=[0.50000], F=[0.85525, 0.90171, 0.93493, 0.95966], F_fuse=[0.01597, 0.01289, 0.00967, 0.00624]
[ INFO : 2026-08-13 17:57:02,988 ] - Epoch 262: train==[56.55815 = 0.54901 + 0.60220 + 2.47393 + 0.01242 + 0.00000 + 0.00459 + 884.94450]
[ INFO : 2026-08-13 17:57:10,139 ] - Test_@[5, 10, 20, 50]: Recall=[0.04062, 0.06509, 0.09918, 0.16069],  precision=[0.00812, 0.00651, 0.00496, 0.00321], hit=[0.04062, 0.06509, 0.09918, 0.16069], ndcg=[0.02608, 0.03394, 0.04254, 0.05464], Train Rec Loss=[0.03264], Eval Rec Loss=[0.03285], c=[0.50000], F=[0.85934, 0.90236, 0.93383, 0.95995], F_fuse=[0.01610, 0.01292, 0.00987, 0.00641]
[ INFO : 2026-08-13 17:58:18,858 ] - Epoch 263: train==[56.56347 = 0.54639 + 0.60222 + 2.48217 + 0.01238 + 0.00000 + 0.00430 + 884.94450]
[ INFO : 2026-08-13 17:58:25,918 ] - Test_@[5, 10, 20, 50]: Recall=[0.04127, 0.06656, 0.09902, 0.16166],  precision=[0.00825, 0.00666, 0.00495, 0.00323], hit=[0.04127, 0.06656, 0.09902, 0.16166], ndcg=[0.02693, 0.03513, 0.04335, 0.05571], Train Rec Loss=[0.03265], Eval Rec Loss=[0.03282], c=[0.50000], F=[0.85991, 0.90054, 0.93277, 0.95973], F_fuse=[0.01635, 0.01321, 0.00985, 0.00644]
[ INFO : 2026-08-13 17:59:34,241 ] - Epoch 264: train==[56.62723 = 0.54546 + 0.60220 + 2.54717 + 0.01241 + 0.00000 + 0.00398 + 884.94450]
[ INFO : 2026-08-13 17:59:41,328 ] - Test_@[5, 10, 20, 50]: Recall=[0.04176, 0.06591, 0.09674, 0.15661],  precision=[0.00835, 0.00659, 0.00484, 0.00313], hit=[0.04176, 0.06591, 0.09674, 0.15661], ndcg=[0.02641, 0.03420, 0.04198, 0.05378], Train Rec Loss=[0.03265], Eval Rec Loss=[0.03284], c=[0.50000], F=[0.85604, 0.89838, 0.93037, 0.95843], F_fuse=[0.01654, 0.01309, 0.00962, 0.00624]
[ INFO : 2026-08-13 18:00:50,302 ] - Epoch 265: train==[56.59653 = 0.54158 + 0.60222 + 2.52013 + 0.01220 + 0.00000 + 0.00441 + 884.94450]
[ INFO : 2026-08-13 18:01:06,820 ] - Test_@[5, 10, 20, 50]: Recall=[0.04095, 0.06411, 0.09690, 0.15922],  precision=[0.00819, 0.00641, 0.00485, 0.00318], hit=[0.04095, 0.06411, 0.09690, 0.15922], ndcg=[0.02636, 0.03387, 0.04215, 0.05445], Train Rec Loss=[0.03264], Eval Rec Loss=[0.03283], c=[0.50000], F=[0.85640, 0.89904, 0.93122, 0.95923], F_fuse=[0.01622, 0.01273, 0.00964, 0.00635]
[ INFO : 2026-08-13 18:02:18,577 ] - Epoch 266: train==[56.49777 = 0.54609 + 0.60221 + 2.41707 + 0.01241 + 0.00000 + 0.00398 + 884.94450]
[ INFO : 2026-08-13 18:02:25,647 ] - Test_@[5, 10, 20, 50]: Recall=[0.04046, 0.06558, 0.10016, 0.15938],  precision=[0.00809, 0.00656, 0.00501, 0.00319], hit=[0.04046, 0.06558, 0.10016, 0.15938], ndcg=[0.02648, 0.03465, 0.04339, 0.05499], Train Rec Loss=[0.03265], Eval Rec Loss=[0.03283], c=[0.50000], F=[0.85611, 0.90145, 0.93266, 0.95964], F_fuse=[0.01603, 0.01302, 0.00996, 0.00635]
[ INFO : 2026-08-13 18:03:33,776 ] - Epoch 267: train==[56.54764 = 0.54026 + 0.60221 + 2.47340 + 0.01243 + 0.00000 + 0.00333 + 884.94450]
[ INFO : 2026-08-13 18:03:40,844 ] - Test_@[5, 10, 20, 50]: Recall=[0.04470, 0.06982, 0.10392, 0.16933],  precision=[0.00894, 0.00698, 0.00520, 0.00339], hit=[0.04470, 0.06982, 0.10392, 0.16933], ndcg=[0.02914, 0.03727, 0.04588, 0.05874], Train Rec Loss=[0.03265], Eval Rec Loss=[0.03283], c=[0.50000], F=[0.85751, 0.90016, 0.93318, 0.95906], F_fuse=[0.01769, 0.01386, 0.01033, 0.00675]
[ INFO : 2026-08-13 18:04:49,225 ] - Epoch 268: train==[56.55724 = 0.53982 + 0.60220 + 2.48329 + 0.01246 + 0.00000 + 0.00345 + 884.94450]
[ INFO : 2026-08-13 18:04:56,290 ] - Test_@[5, 10, 20, 50]: Recall=[0.04176, 0.06705, 0.10065, 0.16493],  precision=[0.00835, 0.00670, 0.00503, 0.00330], hit=[0.04176, 0.06705, 0.10065, 0.16493], ndcg=[0.02738, 0.03555, 0.04401, 0.05669], Train Rec Loss=[0.03264], Eval Rec Loss=[0.03282], c=[0.50000], F=[0.85561, 0.89951, 0.93274, 0.95989], F_fuse=[0.01654, 0.01331, 0.01001, 0.00657]
[ INFO : 2026-08-13 18:06:04,602 ] - Epoch 269: train==[56.52594 = 0.54260 + 0.60221 + 2.44914 + 0.01246 + 0.00000 + 0.00352 + 884.94450]
[ INFO : 2026-08-13 18:06:11,707 ] - Test_@[5, 10, 20, 50]: Recall=[0.04160, 0.06542, 0.09918, 0.16020],  precision=[0.00832, 0.00654, 0.00496, 0.00320], hit=[0.04160, 0.06542, 0.09918, 0.16020], ndcg=[0.02618, 0.03390, 0.04240, 0.05437], Train Rec Loss=[0.03264], Eval Rec Loss=[0.03282], c=[0.50000], F=[0.85533, 0.89911, 0.93135, 0.95956], F_fuse=[0.01648, 0.01299, 0.00987, 0.00639]
[ INFO : 2026-08-13 18:07:20,243 ] - Epoch 270: train==[56.54645 = 0.53873 + 0.60221 + 2.47292 + 0.01245 + 0.00000 + 0.00414 + 884.94450]
[ INFO : 2026-08-13 18:07:27,377 ] - Test_@[5, 10, 20, 50]: Recall=[0.03899, 0.06248, 0.09315, 0.15204],  precision=[0.00780, 0.00625, 0.00466, 0.00304], hit=[0.03899, 0.06248, 0.09315, 0.15204], ndcg=[0.02479, 0.03236, 0.04009, 0.05165], Train Rec Loss=[0.03264], Eval Rec Loss=[0.03282], c=[0.50000], F=[0.85569, 0.89966, 0.93125, 0.95869], F_fuse=[0.01545, 0.01241, 0.00927, 0.00606]
[ INFO : 2026-08-13 18:08:35,957 ] - Epoch 271: train==[56.54292 = 0.53938 + 0.60221 + 2.46868 + 0.01250 + 0.00000 + 0.00415 + 884.94450]
[ INFO : 2026-08-13 18:08:43,058 ] - Test_@[5, 10, 20, 50]: Recall=[0.03997, 0.06330, 0.09478, 0.15775],  precision=[0.00799, 0.00633, 0.00474, 0.00315], hit=[0.03997, 0.06330, 0.09478, 0.15775], ndcg=[0.02499, 0.03253, 0.04046, 0.05284], Train Rec Loss=[0.03263], Eval Rec Loss=[0.03282], c=[0.50000], F=[0.85645, 0.89952, 0.93330, 0.96033], F_fuse=[0.01584, 0.01257, 0.00943, 0.00629]
[ INFO : 2026-08-13 18:09:50,882 ] - Epoch 272: train==[56.50265 = 0.53402 + 0.60220 + 2.43347 + 0.01254 + 0.00000 + 0.00441 + 884.94450]
[ INFO : 2026-08-13 18:09:57,963 ] - Test_@[5, 10, 20, 50]: Recall=[0.03948, 0.06248, 0.09576, 0.15465],  precision=[0.00790, 0.00625, 0.00479, 0.00309], hit=[0.03948, 0.06248, 0.09576, 0.15465], ndcg=[0.02514, 0.03263, 0.04107, 0.05265], Train Rec Loss=[0.03263], Eval Rec Loss=[0.03281], c=[0.50000], F=[0.85654, 0.90033, 0.93342, 0.95962], F_fuse=[0.01565, 0.01241, 0.00953, 0.00617]
[ INFO : 2026-08-13 18:11:06,068 ] - Epoch 273: train==[56.47671 = 0.53353 + 0.60221 + 2.40748 + 0.01250 + 0.00000 + 0.00498 + 884.94450]
[ INFO : 2026-08-13 18:11:13,137 ] - Test_@[5, 10, 20, 50]: Recall=[0.04046, 0.06542, 0.09902, 0.15889],  precision=[0.00809, 0.00654, 0.00495, 0.00318], hit=[0.04046, 0.06542, 0.09902, 0.15889], ndcg=[0.02580, 0.03387, 0.04230, 0.05403], Train Rec Loss=[0.03264], Eval Rec Loss=[0.03282], c=[0.50000], F=[0.85622, 0.89968, 0.93224, 0.95915], F_fuse=[0.01603, 0.01299, 0.00985, 0.00633]
[ INFO : 2026-08-13 18:12:21,004 ] - Epoch 274: train==[56.49063 = 0.53588 + 0.60221 + 2.41989 + 0.01256 + 0.00000 + 0.00409 + 884.94450]
[ INFO : 2026-08-13 18:12:28,064 ] - Test_@[5, 10, 20, 50]: Recall=[0.04241, 0.06574, 0.10277, 0.16183],  precision=[0.00848, 0.00657, 0.00514, 0.00324], hit=[0.04241, 0.06574, 0.10277, 0.16183], ndcg=[0.02699, 0.03453, 0.04387, 0.05543], Train Rec Loss=[0.03263], Eval Rec Loss=[0.03281], c=[0.50000], F=[0.85321, 0.89870, 0.93133, 0.95878], F_fuse=[0.01680, 0.01305, 0.01022, 0.00645]
[ INFO : 2026-08-13 18:13:36,369 ] - Epoch 275: train==[56.50959 = 0.53086 + 0.60221 + 2.44440 + 0.01244 + 0.00000 + 0.00367 + 884.94450]
[ INFO : 2026-08-13 18:13:43,431 ] - Test_@[5, 10, 20, 50]: Recall=[0.03817, 0.06297, 0.09625, 0.15465],  precision=[0.00763, 0.00630, 0.00481, 0.00309], hit=[0.03817, 0.06297, 0.09625, 0.15465], ndcg=[0.02467, 0.03270, 0.04112, 0.05262], Train Rec Loss=[0.03263], Eval Rec Loss=[0.03283], c=[0.50000], F=[0.85852, 0.89869, 0.93143, 0.95925], F_fuse=[0.01513, 0.01251, 0.00958, 0.00617]
[ INFO : 2026-08-13 18:14:51,297 ] - Epoch 276: train==[56.48722 = 0.52843 + 0.60221 + 2.42344 + 0.01259 + 0.00000 + 0.00455 + 884.94450]
[ INFO : 2026-08-13 18:14:58,368 ] - Test_@[5, 10, 20, 50]: Recall=[0.04127, 0.06476, 0.09902, 0.15595],  precision=[0.00825, 0.00648, 0.00495, 0.00312], hit=[0.04127, 0.06476, 0.09902, 0.15595], ndcg=[0.02613, 0.03373, 0.04231, 0.05345], Train Rec Loss=[0.03263], Eval Rec Loss=[0.03282], c=[0.50000], F=[0.85520, 0.89769, 0.93224, 0.95923], F_fuse=[0.01635, 0.01286, 0.00985, 0.00622]
[ INFO : 2026-08-13 18:16:06,783 ] - Epoch 277: train==[56.46377 = 0.52874 + 0.60221 + 2.40060 + 0.01241 + 0.00000 + 0.00381 + 884.94450]
[ INFO : 2026-08-13 18:16:13,884 ] - Test_@[5, 10, 20, 50]: Recall=[0.04209, 0.06852, 0.10065, 0.16052],  precision=[0.00842, 0.00685, 0.00503, 0.00321], hit=[0.04209, 0.06852, 0.10065, 0.16052], ndcg=[0.02648, 0.03495, 0.04298, 0.05475], Train Rec Loss=[0.03263], Eval Rec Loss=[0.03281], c=[0.50000], F=[0.85706, 0.89856, 0.93221, 0.95936], F_fuse=[0.01667, 0.01360, 0.01001, 0.00640]
[ INFO : 2026-08-13 18:17:22,302 ] - Epoch 278: train==[56.44689 = 0.53229 + 0.60221 + 2.38001 + 0.01248 + 0.00000 + 0.00391 + 884.94450]
[ INFO : 2026-08-13 18:17:29,368 ] - Test_@[5, 10, 20, 50]: Recall=[0.04062, 0.06542, 0.09674, 0.15465],  precision=[0.00812, 0.00654, 0.00484, 0.00309], hit=[0.04062, 0.06542, 0.09674, 0.15465], ndcg=[0.02580, 0.03376, 0.04163, 0.05298], Train Rec Loss=[0.03263], Eval Rec Loss=[0.03281], c=[0.50000], F=[0.85409, 0.89753, 0.93237, 0.95899], F_fuse=[0.01609, 0.01299, 0.00962, 0.00617]
[ INFO : 2026-08-13 18:18:37,702 ] - Epoch 279: train==[56.47493 = 0.53078 + 0.60221 + 2.41006 + 0.01242 + 0.00000 + 0.00346 + 884.94450]
[ INFO : 2026-08-13 18:18:44,778 ] - Test_@[5, 10, 20, 50]: Recall=[0.03817, 0.06183, 0.09331, 0.15090],  precision=[0.00763, 0.00618, 0.00467, 0.00302], hit=[0.03817, 0.06183, 0.09331, 0.15090], ndcg=[0.02471, 0.03237, 0.04036, 0.05168], Train Rec Loss=[0.03263], Eval Rec Loss=[0.03282], c=[0.50000], F=[0.85353, 0.89788, 0.93176, 0.95826], F_fuse=[0.01513, 0.01228, 0.00928, 0.00602]
[ INFO : 2026-08-13 18:19:52,966 ] - Epoch 280: train==[56.46654 = 0.52658 + 0.60220 + 2.40457 + 0.01243 + 0.00000 + 0.00475 + 884.94450]
[ INFO : 2026-08-13 18:20:00,054 ] - Test_@[5, 10, 20, 50]: Recall=[0.03866, 0.06085, 0.09152, 0.15090],  precision=[0.00773, 0.00608, 0.00458, 0.00302], hit=[0.03866, 0.06085, 0.09152, 0.15090], ndcg=[0.02461, 0.03181, 0.03951, 0.05126], Train Rec Loss=[0.03262], Eval Rec Loss=[0.03281], c=[0.50000], F=[0.85639, 0.89831, 0.93091, 0.95974], F_fuse=[0.01533, 0.01209, 0.00911, 0.00602]
[ INFO : 2026-08-13 18:21:08,861 ] - Epoch 281: train==[56.47511 = 0.52651 + 0.60222 + 2.41328 + 0.01246 + 0.00000 + 0.00464 + 884.94450]
[ INFO : 2026-08-13 18:21:15,947 ] - Test_@[5, 10, 20, 50]: Recall=[0.04160, 0.06330, 0.09266, 0.15057],  precision=[0.00832, 0.00633, 0.00463, 0.00301], hit=[0.04160, 0.06330, 0.09266, 0.15057], ndcg=[0.02566, 0.03266, 0.04005, 0.05150], Train Rec Loss=[0.03263], Eval Rec Loss=[0.03280], c=[0.50000], F=[0.85379, 0.89729, 0.92951, 0.95814], F_fuse=[0.01648, 0.01257, 0.00922, 0.00600]
[ INFO : 2026-08-13 18:22:24,319 ] - Epoch 282: train==[56.44103 = 0.52139 + 0.60220 + 2.38460 + 0.01250 + 0.00000 + 0.00433 + 884.94450]
[ INFO : 2026-08-13 18:22:31,508 ] - Test_@[5, 10, 20, 50]: Recall=[0.04323, 0.06770, 0.10000, 0.16183],  precision=[0.00865, 0.00677, 0.00500, 0.00324], hit=[0.04323, 0.06770, 0.10000, 0.16183], ndcg=[0.02711, 0.03497, 0.04310, 0.05525], Train Rec Loss=[0.03262], Eval Rec Loss=[0.03280], c=[0.50000], F=[0.85832, 0.89908, 0.93094, 0.95915], F_fuse=[0.01712, 0.01344, 0.00995, 0.00645]
[ INFO : 2026-08-13 18:23:39,461 ] - Epoch 283: train==[56.46945 = 0.52506 + 0.60221 + 2.40926 + 0.01255 + 0.00000 + 0.00436 + 884.94450]
[ INFO : 2026-08-13 18:23:46,564 ] - Test_@[5, 10, 20, 50]: Recall=[0.04274, 0.06737, 0.09869, 0.15873],  precision=[0.00855, 0.00674, 0.00493, 0.00317], hit=[0.04274, 0.06737, 0.09869, 0.15873], ndcg=[0.02673, 0.03467, 0.04253, 0.05437], Train Rec Loss=[0.03262], Eval Rec Loss=[0.03279], c=[0.50000], F=[0.85395, 0.89921, 0.93163, 0.95879], F_fuse=[0.01693, 0.01337, 0.00982, 0.00633]
[ INFO : 2026-08-13 18:24:54,634 ] - Epoch 284: train==[56.41139 = 0.52279 + 0.60221 + 2.35356 + 0.01258 + 0.00000 + 0.00425 + 884.94450]
[ INFO : 2026-08-13 18:25:01,746 ] - Test_@[5, 10, 20, 50]: Recall=[0.04029, 0.06639, 0.09755, 0.15628],  precision=[0.00806, 0.00664, 0.00488, 0.00313], hit=[0.04029, 0.06639, 0.09755, 0.15628], ndcg=[0.02563, 0.03398, 0.04180, 0.05335], Train Rec Loss=[0.03263], Eval Rec Loss=[0.03281], c=[0.50000], F=[0.85718, 0.89829, 0.93127, 0.95857], F_fuse=[0.01597, 0.01318, 0.00970, 0.00623]
[ INFO : 2026-08-13 18:26:09,541 ] - Epoch 285: train==[56.44888 = 0.51971 + 0.60221 + 2.39448 + 0.01257 + 0.00000 + 0.00392 + 884.94450]
[ INFO : 2026-08-13 18:26:16,611 ] - Test_@[5, 10, 20, 50]: Recall=[0.04225, 0.06656, 0.10294, 0.16101],  precision=[0.00845, 0.00666, 0.00515, 0.00322], hit=[0.04225, 0.06656, 0.10294, 0.16101], ndcg=[0.02652, 0.03439, 0.04352, 0.05495], Train Rec Loss=[0.03262], Eval Rec Loss=[0.03280], c=[0.50000], F=[0.85505, 0.89796, 0.93155, 0.95878], F_fuse=[0.01674, 0.01321, 0.01024, 0.00642]
[ INFO : 2026-08-13 18:27:24,588 ] - Epoch 286: train==[56.44456 = 0.51793 + 0.60221 + 2.39224 + 0.01262 + 0.00000 + 0.00355 + 884.94450]
[ INFO : 2026-08-13 18:27:31,684 ] - Test_@[5, 10, 20, 50]: Recall=[0.03980, 0.06346, 0.09739, 0.15726],  precision=[0.00796, 0.00635, 0.00487, 0.00315], hit=[0.03980, 0.06346, 0.09739, 0.15726], ndcg=[0.02548, 0.03314, 0.04171, 0.05346], Train Rec Loss=[0.03262], Eval Rec Loss=[0.03281], c=[0.50000], F=[0.85536, 0.89840, 0.93267, 0.95923], F_fuse=[0.01577, 0.01260, 0.00969, 0.00627]
[ INFO : 2026-08-13 18:28:39,508 ] - Epoch 287: train==[56.48192 = 0.52123 + 0.60221 + 2.42554 + 0.01255 + 0.00000 + 0.00437 + 884.94450]
[ INFO : 2026-08-13 18:28:46,587 ] - Test_@[5, 10, 20, 50]: Recall=[0.04241, 0.06754, 0.10049, 0.15889],  precision=[0.00848, 0.00675, 0.00502, 0.00318], hit=[0.04241, 0.06754, 0.10049, 0.15889], ndcg=[0.02673, 0.03484, 0.04310, 0.05458], Train Rec Loss=[0.03261], Eval Rec Loss=[0.03280], c=[0.50000], F=[0.85333, 0.89688, 0.93029, 0.95826], F_fuse=[0.01680, 0.01341, 0.00999, 0.00633]
[ INFO : 2026-08-13 18:29:54,714 ] - Epoch 288: train==[56.43877 = 0.51410 + 0.60221 + 2.38928 + 0.01261 + 0.00000 + 0.00457 + 884.94450]
[ INFO : 2026-08-13 18:30:01,844 ] - Test_@[5, 10, 20, 50]: Recall=[0.03915, 0.06378, 0.09560, 0.15188],  precision=[0.00783, 0.00638, 0.00478, 0.00304], hit=[0.03915, 0.06378, 0.09560, 0.15188], ndcg=[0.02454, 0.03248, 0.04042, 0.05149], Train Rec Loss=[0.03262], Eval Rec Loss=[0.03279], c=[0.50000], F=[0.85727, 0.89764, 0.93146, 0.95844], F_fuse=[0.01552, 0.01267, 0.00951, 0.00606]
[ INFO : 2026-08-13 18:31:10,355 ] - Epoch 289: train==[56.38681 = 0.51285 + 0.60221 + 2.33855 + 0.01254 + 0.00000 + 0.00464 + 884.94450]
[ INFO : 2026-08-13 18:31:17,418 ] - Test_@[5, 10, 20, 50]: Recall=[0.04160, 0.06688, 0.09821, 0.15824],  precision=[0.00832, 0.00669, 0.00491, 0.00316], hit=[0.04160, 0.06688, 0.09821, 0.15824], ndcg=[0.02631, 0.03442, 0.04226, 0.05407], Train Rec Loss=[0.03261], Eval Rec Loss=[0.03280], c=[0.50000], F=[0.85684, 0.89736, 0.93082, 0.95850], F_fuse=[0.01648, 0.01328, 0.00977, 0.00631]
[ INFO : 2026-08-13 18:32:25,544 ] - Epoch 290: train==[56.39673 = 0.51533 + 0.60221 + 2.34658 + 0.01259 + 0.00000 + 0.00401 + 884.94450]
[ INFO : 2026-08-13 18:32:32,648 ] - Test_@[5, 10, 20, 50]: Recall=[0.04160, 0.06786, 0.09755, 0.15808],  precision=[0.00832, 0.00679, 0.00488, 0.00316], hit=[0.04160, 0.06786, 0.09755, 0.15808], ndcg=[0.02620, 0.03471, 0.04212, 0.05405], Train Rec Loss=[0.03262], Eval Rec Loss=[0.03279], c=[0.50000], F=[0.85569, 0.89798, 0.93106, 0.95909], F_fuse=[0.01648, 0.01347, 0.00970, 0.00630]
[ INFO : 2026-08-13 18:33:41,188 ] - Epoch 291: train==[56.36474 = 0.51413 + 0.60221 + 2.31508 + 0.01268 + 0.00000 + 0.00463 + 884.94450]
[ INFO : 2026-08-13 18:33:48,300 ] - Test_@[5, 10, 20, 50]: Recall=[0.03964, 0.06264, 0.09527, 0.15269],  precision=[0.00793, 0.00626, 0.00476, 0.00305], hit=[0.03964, 0.06264, 0.09527, 0.15269], ndcg=[0.02503, 0.03244, 0.04059, 0.05187], Train Rec Loss=[0.03262], Eval Rec Loss=[0.03280], c=[0.50000], F=[0.85391, 0.89860, 0.93095, 0.95891], F_fuse=[0.01571, 0.01244, 0.00948, 0.00609]
[ INFO : 2026-08-13 18:34:56,483 ] - Epoch 292: train==[56.43549 = 0.51583 + 0.60221 + 2.38463 + 0.01272 + 0.00000 + 0.00408 + 884.94450]
[ INFO : 2026-08-13 18:35:03,634 ] - Test_@[5, 10, 20, 50]: Recall=[0.04160, 0.06623, 0.09902, 0.15742],  precision=[0.00832, 0.00662, 0.00495, 0.00315], hit=[0.04160, 0.06623, 0.09902, 0.15742], ndcg=[0.02599, 0.03394, 0.04214, 0.05366], Train Rec Loss=[0.03261], Eval Rec Loss=[0.03280], c=[0.50000], F=[0.85626, 0.89973, 0.93117, 0.95806], F_fuse=[0.01648, 0.01315, 0.00985, 0.00628]
[ INFO : 2026-08-13 18:36:11,828 ] - Epoch 293: train==[56.35348 = 0.51018 + 0.60221 + 2.30849 + 0.01278 + 0.00000 + 0.00380 + 884.94450]
[ INFO : 2026-08-13 18:36:18,933 ] - Test_@[5, 10, 20, 50]: Recall=[0.04095, 0.06444, 0.09902, 0.15628],  precision=[0.00819, 0.00644, 0.00495, 0.00313], hit=[0.04095, 0.06444, 0.09902, 0.15628], ndcg=[0.02545, 0.03304, 0.04168, 0.05294], Train Rec Loss=[0.03262], Eval Rec Loss=[0.03281], c=[0.50000], F=[0.85563, 0.89767, 0.93142, 0.95850], F_fuse=[0.01622, 0.01280, 0.00985, 0.00623]
[ INFO : 2026-08-13 18:37:27,027 ] - Epoch 294: train==[56.39157 = 0.50824 + 0.60221 + 2.34891 + 0.01279 + 0.00000 + 0.00341 + 884.94450]
[ INFO : 2026-08-13 18:37:34,121 ] - Test_@[5, 10, 20, 50]: Recall=[0.04062, 0.06493, 0.09788, 0.15595],  precision=[0.00812, 0.00649, 0.00489, 0.00312], hit=[0.04062, 0.06493, 0.09788, 0.15595], ndcg=[0.02561, 0.03346, 0.04173, 0.05318], Train Rec Loss=[0.03261], Eval Rec Loss=[0.03279], c=[0.50000], F=[0.85905, 0.89874, 0.93180, 0.95931], F_fuse=[0.01610, 0.01289, 0.00974, 0.00622]
[ INFO : 2026-08-13 18:38:42,000 ] - Epoch 295: train==[56.39863 = 0.50539 + 0.60221 + 2.35785 + 0.01263 + 0.00000 + 0.00454 + 884.94450]
[ INFO : 2026-08-13 18:38:49,118 ] - Test_@[5, 10, 20, 50]: Recall=[0.04274, 0.06770, 0.10457, 0.16281],  precision=[0.00855, 0.00677, 0.00523, 0.00326], hit=[0.04274, 0.06770, 0.10457, 0.16281], ndcg=[0.02728, 0.03535, 0.04465, 0.05609], Train Rec Loss=[0.03261], Eval Rec Loss=[0.03279], c=[0.50000], F=[0.86042, 0.89905, 0.93091, 0.95886], F_fuse=[0.01693, 0.01344, 0.01040, 0.00649]
[ INFO : 2026-08-13 18:39:57,850 ] - Epoch 296: train==[56.37138 = 0.50410 + 0.60221 + 2.33118 + 0.01270 + 0.00000 + 0.00519 + 884.94450]
[ INFO : 2026-08-13 18:40:04,972 ] - Test_@[5, 10, 20, 50]: Recall=[0.04029, 0.06362, 0.09690, 0.15465],  precision=[0.00806, 0.00636, 0.00485, 0.00309], hit=[0.04029, 0.06362, 0.09690, 0.15465], ndcg=[0.02542, 0.03296, 0.04127, 0.05257], Train Rec Loss=[0.03262], Eval Rec Loss=[0.03279], c=[0.50000], F=[0.85804, 0.89965, 0.93195, 0.95872], F_fuse=[0.01597, 0.01263, 0.00964, 0.00617]
[ INFO : 2026-08-13 18:41:13,054 ] - Epoch 297: train==[56.41073 = 0.50856 + 0.60221 + 2.36678 + 0.01277 + 0.00000 + 0.00441 + 884.94450]
[ INFO : 2026-08-13 18:41:20,119 ] - Test_@[5, 10, 20, 50]: Recall=[0.04144, 0.06737, 0.10033, 0.16036],  precision=[0.00829, 0.00674, 0.00502, 0.00321], hit=[0.04144, 0.06737, 0.10033, 0.16036], ndcg=[0.02605, 0.03440, 0.04262, 0.05445], Train Rec Loss=[0.03261], Eval Rec Loss=[0.03278], c=[0.50000], F=[0.85915, 0.89860, 0.93125, 0.95904], F_fuse=[0.01642, 0.01337, 0.00998, 0.00639]
[ INFO : 2026-08-13 18:42:28,583 ] - Epoch 298: train==[56.38356 = 0.50543 + 0.60221 + 2.34338 + 0.01269 + 0.00000 + 0.00384 + 884.94450]
[ INFO : 2026-08-13 18:42:35,708 ] - Test_@[5, 10, 20, 50]: Recall=[0.04095, 0.06509, 0.09723, 0.15873],  precision=[0.00819, 0.00651, 0.00486, 0.00317], hit=[0.04095, 0.06509, 0.09723, 0.15873], ndcg=[0.02576, 0.03352, 0.04159, 0.05374], Train Rec Loss=[0.03260], Eval Rec Loss=[0.03279], c=[0.50000], F=[0.85669, 0.89942, 0.93134, 0.95973], F_fuse=[0.01622, 0.01292, 0.00967, 0.00633]
[ INFO : 2026-08-13 18:43:44,590 ] - Epoch 299: train==[56.37818 = 0.50637 + 0.60221 + 2.33649 + 0.01261 + 0.00000 + 0.00449 + 884.94450]
[ INFO : 2026-08-13 18:43:51,700 ] - Test_@[5, 10, 20, 50]: Recall=[0.04258, 0.06509, 0.09755, 0.15677],  precision=[0.00852, 0.00651, 0.00488, 0.00314], hit=[0.04258, 0.06509, 0.09755, 0.15677], ndcg=[0.02652, 0.03383, 0.04198, 0.05369], Train Rec Loss=[0.03260], Eval Rec Loss=[0.03278], c=[0.50000], F=[0.85311, 0.89576, 0.92973, 0.95719], F_fuse=[0.01686, 0.01292, 0.00970, 0.00625]
[ INFO : 2026-08-13 18:44:59,824 ] - Epoch 300: train==[56.38984 = 0.50369 + 0.60221 + 2.35042 + 0.01262 + 0.00000 + 0.00490 + 884.94450]
[ INFO : 2026-08-13 18:45:06,902 ] - Test_@[5, 10, 20, 50]: Recall=[0.03931, 0.06346, 0.09608, 0.15628],  precision=[0.00786, 0.00635, 0.00480, 0.00313], hit=[0.03931, 0.06346, 0.09608, 0.15628], ndcg=[0.02487, 0.03271, 0.04093, 0.05278], Train Rec Loss=[0.03261], Eval Rec Loss=[0.03279], c=[0.50000], F=[0.85883, 0.90114, 0.93151, 0.95958], F_fuse=[0.01558, 0.01260, 0.00956, 0.00623]
n_users=9308, n_items=6710
n_interactions=65671
n_train=59541, n_test=6130, sparsity=0.00105
Finished Thu Aug 13 06:45:08 PM +07 2026
