Job 73495 on gpu04; lambda_cf=1.0; group_k=10; started Mon Jul  6 05:06:35 PM +07 2026
Mon Jul  6 17:06:35 2026       
+---------------------------------------------------------------------------------------+
| NVIDIA-SMI 535.216.03             Driver Version: 535.216.03   CUDA Version: 12.2     |
|-----------------------------------------+----------------------+----------------------+
| GPU  Name                 Persistence-M | Bus-Id        Disp.A | Volatile Uncorr. ECC |
| Fan  Temp   Perf          Pwr:Usage/Cap |         Memory-Usage | GPU-Util  Compute M. |
|                                         |                      |               MIG M. |
|=========================================+======================+======================|
|   0  Tesla V100-DGXS-32GB           On  | 00000000:0F:00.0 Off |                    0 |
| N/A   45C    P0              69W / 300W |      0MiB / 32768MiB |      0%      Default |
|                                         |                      |                  N/A |
+-----------------------------------------+----------------------+----------------------+
                                                                                         
+---------------------------------------------------------------------------------------+
| Processes:                                                                            |
|  GPU   GI   CI        PID   Type   Process name                            GPU Memory |
|        ID   ID                                                             Usage      |
|=======================================================================================|
|  No running processes found                                                           |
+---------------------------------------------------------------------------------------+
[ INFO : 2026-07-06 17:06:57,160 ] - Preprocess missing values with zero
[ INFO : 2026-07-06 17:06:57,923 ] - Pretrained diffusion model is loaded from: ./checkpoint/tiktok/best_model.pth
[ INFO : 2026-07-06 17:06:58,831 ] - Completed data loaded from: ./checkpoint/tiktok/completed_data.pkl
/media/lhbac29/raid-cf/main.py:106: DeprecationWarning: Please import `csr_matrix` from the `scipy.sparse` namespace; the `scipy.sparse.csr` namespace is deprecated and will be removed in SciPy 2.0.0.
  self.ui_graph = self.ui_graph_raw = pickle.load(open('./data/' + self.dataset + '/train_mat', 'rb'))
[ INFO : 2026-07-06 17:06:58,993 ] - Missing rate = 0.400000, complete strategy: zero
[ INFO : 2026-07-06 17:08:07,982 ] - Epoch 1: train==[47538.00586 = 2.03520 + 0.96880 + 25.24478 + 0.00072 + 0.00000 + 47457.02759 + 883.65393]
[ INFO : 2026-07-06 17:08:15,297 ] - Test_@[5, 10, 20, 50]: Recall=[0.00196, 0.00359, 0.00653, 0.01452],  precision=[0.00039, 0.00036, 0.00033, 0.00029], hit=[0.00196, 0.00359, 0.00653, 0.01452], ndcg=[0.00157, 0.00206, 0.00280, 0.00440], Train Rec Loss=[0.03377], Eval Rec Loss=[0.03373], c=[0.50000], F=[0.92070, 0.92475, 0.94093, 0.91184], F_fuse=[0.00078, 0.00072, 0.00065, 0.00058]
[ INFO : 2026-07-06 17:09:24,142 ] - Epoch 2: train==[21467.92874 = 1.73141 + 0.96014 + 24.47489 + 0.00052 + 0.00000 + 21387.95294 + 884.94450]
[ INFO : 2026-07-06 17:09:31,340 ] - Test_@[5, 10, 20, 50]: Recall=[0.00228, 0.00538, 0.00669, 0.01615],  precision=[0.00046, 0.00054, 0.00033, 0.00032], hit=[0.00228, 0.00538, 0.00669, 0.01615], ndcg=[0.00094, 0.00189, 0.00224, 0.00413], Train Rec Loss=[0.03363], Eval Rec Loss=[0.03363], c=[0.50000], F=[0.71672, 0.95257, 0.96600, 0.94063], F_fuse=[0.00091, 0.00108, 0.00067, 0.00065]
[ INFO : 2026-07-06 17:10:40,799 ] - Epoch 3: train==[9850.06995 = 1.70864 + 0.95915 + 23.53572 + 0.00064 + 0.00000 + 9771.05661 + 884.94450]
[ INFO : 2026-07-06 17:10:48,016 ] - Test_@[5, 10, 20, 50]: Recall=[0.00228, 0.00604, 0.00995, 0.01794],  precision=[0.00046, 0.00060, 0.00050, 0.00036], hit=[0.00228, 0.00604, 0.00995, 0.01794], ndcg=[0.00112, 0.00229, 0.00331, 0.00484], Train Rec Loss=[0.03361], Eval Rec Loss=[0.03356], c=[0.50000], F=[0.71633, 0.79837, 0.87175, 0.95100], F_fuse=[0.00091, 0.00121, 0.00099, 0.00072]
[ INFO : 2026-07-06 17:11:57,579 ] - Epoch 4: train==[4408.85864 = 1.70142 + 0.95910 + 22.43851 + 0.00080 + 0.00000 + 4330.95001 + 884.94450]
[ INFO : 2026-07-06 17:12:04,796 ] - Test_@[5, 10, 20, 50]: Recall=[0.00196, 0.00375, 0.01109, 0.01713],  precision=[0.00039, 0.00038, 0.00055, 0.00034], hit=[0.00196, 0.00375, 0.01109, 0.01713], ndcg=[0.00089, 0.00146, 0.00338, 0.00455], Train Rec Loss=[0.03361], Eval Rec Loss=[0.03356], c=[0.50000], F=[0.74196, 0.79226, 0.80843, 0.91922], F_fuse=[0.00078, 0.00075, 0.00111, 0.00068]
[ INFO : 2026-07-06 17:13:13,859 ] - Epoch 5: train==[1834.60429 = 1.69320 + 0.95910 + 21.34151 + 0.00109 + 0.00000 + 1757.80043 + 884.94450]
[ INFO : 2026-07-06 17:13:21,117 ] - Test_@[5, 10, 20, 50]: Recall=[0.00310, 0.00832, 0.01680, 0.03002],  precision=[0.00062, 0.00083, 0.00084, 0.00060], hit=[0.00310, 0.00832, 0.01680, 0.03002], ndcg=[0.00140, 0.00305, 0.00523, 0.00783], Train Rec Loss=[0.03360], Eval Rec Loss=[0.03357], c=[0.50000], F=[0.71614, 0.77396, 0.78715, 0.92332], F_fuse=[0.00124, 0.00166, 0.00168, 0.00120]
[ INFO : 2026-07-06 17:14:29,979 ] - Epoch 6: train==[687.61475 = 1.67842 + 0.95911 + 20.18265 + 0.00150 + 0.00000 + 611.98412 + 884.94450]
[ INFO : 2026-07-06 17:14:37,242 ] - Test_@[5, 10, 20, 50]: Recall=[0.01354, 0.02137, 0.03132, 0.04894],  precision=[0.00271, 0.00214, 0.00157, 0.00098], hit=[0.01354, 0.02137, 0.03132, 0.04894], ndcg=[0.00691, 0.00945, 0.01204, 0.01550], Train Rec Loss=[0.03356], Eval Rec Loss=[0.03353], c=[0.50000], F=[0.70635, 0.77237, 0.77861, 0.92301], F_fuse=[0.00540, 0.00426, 0.00313, 0.00196]
[ INFO : 2026-07-06 17:15:46,387 ] - Epoch 7: train==[263.35918 = 1.67450 + 0.95910 + 19.13512 + 0.00209 + 0.00000 + 188.77944 + 884.94450]
[ INFO : 2026-07-06 17:15:53,640 ] - Test_@[5, 10, 20, 50]: Recall=[0.02186, 0.03214, 0.04192, 0.06069],  precision=[0.00437, 0.00321, 0.00210, 0.00121], hit=[0.02186, 0.03214, 0.04192, 0.06069], ndcg=[0.01365, 0.01696, 0.01947, 0.02313], Train Rec Loss=[0.03349], Eval Rec Loss=[0.03352], c=[0.50000], F=[0.69803, 0.79444, 0.80767, 0.92494], F_fuse=[0.00869, 0.00640, 0.00418, 0.00242]
[ INFO : 2026-07-06 17:17:02,679 ] - Epoch 8: train==[140.30628 = 1.66265 + 0.95910 + 18.03605 + 0.00278 + 0.00000 + 66.83675 + 884.94450]
[ INFO : 2026-07-06 17:17:09,885 ] - Test_@[5, 10, 20, 50]: Recall=[0.02822, 0.03719, 0.05090, 0.07912],  precision=[0.00564, 0.00372, 0.00254, 0.00158], hit=[0.02822, 0.03719, 0.05090, 0.07912], ndcg=[0.01745, 0.02037, 0.02383, 0.02932], Train Rec Loss=[0.03356], Eval Rec Loss=[0.03345], c=[0.50000], F=[0.73020, 0.81466, 0.85211, 0.93361], F_fuse=[0.01120, 0.00741, 0.00507, 0.00316]
[ INFO : 2026-07-06 17:18:18,666 ] - Epoch 9: train==[106.84229 = 1.64744 + 0.95911 + 17.08079 + 0.00356 + 0.00000 + 34.34245 + 884.94450]
[ INFO : 2026-07-06 17:18:25,942 ] - Test_@[5, 10, 20, 50]: Recall=[0.02969, 0.04013, 0.05253, 0.09086],  precision=[0.00594, 0.00401, 0.00263, 0.00182], hit=[0.02969, 0.04013, 0.05253, 0.09086], ndcg=[0.01945, 0.02283, 0.02602, 0.03357], Train Rec Loss=[0.03350], Eval Rec Loss=[0.03345], c=[0.50000], F=[0.74771, 0.83339, 0.88025, 0.93980], F_fuse=[0.01178, 0.00799, 0.00524, 0.00363]
[ INFO : 2026-07-06 17:19:34,671 ] - Epoch 10: train==[94.92402 = 1.63897 + 0.95910 + 16.17254 + 0.00441 + 0.00000 + 23.34005 + 884.94450]
[ INFO : 2026-07-06 17:19:41,922 ] - Test_@[5, 10, 20, 50]: Recall=[0.03034, 0.04192, 0.05612, 0.09804],  precision=[0.00607, 0.00419, 0.00281, 0.00196], hit=[0.03034, 0.04192, 0.05612, 0.09804], ndcg=[0.02078, 0.02453, 0.02811, 0.03636], Train Rec Loss=[0.03346], Eval Rec Loss=[0.03345], c=[0.50000], F=[0.75391, 0.84601, 0.89274, 0.94573], F_fuse=[0.01204, 0.00834, 0.00559, 0.00391]
[ INFO : 2026-07-06 17:20:50,352 ] - Epoch 11: train==[88.63236 = 1.62903 + 0.95911 + 15.42800 + 0.00536 + 0.00000 + 17.80192 + 884.94450]
[ INFO : 2026-07-06 17:20:57,625 ] - Test_@[5, 10, 20, 50]: Recall=[0.03083, 0.04176, 0.05905, 0.10098],  precision=[0.00617, 0.00418, 0.00295, 0.00202], hit=[0.03083, 0.04176, 0.05905, 0.10098], ndcg=[0.02139, 0.02491, 0.02923, 0.03747], Train Rec Loss=[0.03344], Eval Rec Loss=[0.03345], c=[0.50000], F=[0.75558, 0.85301, 0.89956, 0.95123], F_fuse=[0.01223, 0.00831, 0.00589, 0.00403]
[ INFO : 2026-07-06 17:22:06,052 ] - Epoch 12: train==[84.39582 = 1.62114 + 0.95911 + 14.73985 + 0.00633 + 0.00000 + 14.26045 + 884.94450]
[ INFO : 2026-07-06 17:22:13,261 ] - Test_@[5, 10, 20, 50]: Recall=[0.03181, 0.04144, 0.06052, 0.10310],  precision=[0.00636, 0.00414, 0.00303, 0.00206], hit=[0.03181, 0.04144, 0.06052, 0.10310], ndcg=[0.02176, 0.02485, 0.02966, 0.03807], Train Rec Loss=[0.03348], Eval Rec Loss=[0.03343], c=[0.50000], F=[0.75683, 0.85788, 0.90572, 0.95796], F_fuse=[0.01262, 0.00825, 0.00603, 0.00412]
[ INFO : 2026-07-06 17:23:22,056 ] - Epoch 13: train==[81.50430 = 1.61971 + 0.95911 + 14.31420 + 0.00722 + 0.00000 + 11.79512 + 884.94450]
[ INFO : 2026-07-06 17:23:29,237 ] - Test_@[5, 10, 20, 50]: Recall=[0.03181, 0.04274, 0.06427, 0.10718],  precision=[0.00636, 0.00427, 0.00321, 0.00214], hit=[0.03181, 0.04274, 0.06427, 0.10718], ndcg=[0.02250, 0.02606, 0.03146, 0.03991], Train Rec Loss=[0.03343], Eval Rec Loss=[0.03340], c=[0.50000], F=[0.75626, 0.86350, 0.91426, 0.96319], F_fuse=[0.01262, 0.00851, 0.00640, 0.00428]
[ INFO : 2026-07-06 17:24:37,971 ] - Epoch 14: train==[78.99445 = 1.59769 + 0.95910 + 13.66832 + 0.00797 + 0.00000 + 9.95243 + 884.94450]
[ INFO : 2026-07-06 17:24:45,188 ] - Test_@[5, 10, 20, 50]: Recall=[0.03263, 0.04290, 0.06591, 0.10995],  precision=[0.00653, 0.00429, 0.00330, 0.00220], hit=[0.03263, 0.04290, 0.06591, 0.10995], ndcg=[0.02332, 0.02666, 0.03245, 0.04110], Train Rec Loss=[0.03337], Eval Rec Loss=[0.03333], c=[0.50000], F=[0.75654, 0.86864, 0.91859, 0.96648], F_fuse=[0.01294, 0.00854, 0.00657, 0.00439]
[ INFO : 2026-07-06 17:25:54,129 ] - Epoch 15: train==[77.07297 = 1.58606 + 0.95911 + 13.17637 + 0.00883 + 0.00000 + 8.53366 + 884.94450]
[ INFO : 2026-07-06 17:26:01,416 ] - Test_@[5, 10, 20, 50]: Recall=[0.03246, 0.04339, 0.06672, 0.11142],  precision=[0.00649, 0.00434, 0.00334, 0.00223], hit=[0.03246, 0.04339, 0.06672, 0.11142], ndcg=[0.02319, 0.02673, 0.03259, 0.04133], Train Rec Loss=[0.03342], Eval Rec Loss=[0.03338], c=[0.50000], F=[0.75811, 0.87198, 0.91997, 0.96887], F_fuse=[0.01288, 0.00864, 0.00665, 0.00445]
[ INFO : 2026-07-06 17:27:10,187 ] - Epoch 16: train==[75.59815 = 1.57473 + 0.95911 + 12.84055 + 0.00963 + 0.00000 + 7.40520 + 884.94450]
[ INFO : 2026-07-06 17:27:17,470 ] - Test_@[5, 10, 20, 50]: Recall=[0.03295, 0.04307, 0.06737, 0.11256],  precision=[0.00659, 0.00431, 0.00337, 0.00225], hit=[0.03295, 0.04307, 0.06737, 0.11256], ndcg=[0.02339, 0.02666, 0.03281, 0.04166], Train Rec Loss=[0.03335], Eval Rec Loss=[0.03334], c=[0.50000], F=[0.76085, 0.87613, 0.92227, 0.96873], F_fuse=[0.01307, 0.00857, 0.00671, 0.00449]
[ INFO : 2026-07-06 17:28:26,531 ] - Epoch 17: train==[74.29191 = 1.56290 + 0.95911 + 12.45809 + 0.01023 + 0.00000 + 6.49265 + 884.94450]
[ INFO : 2026-07-06 17:28:33,725 ] - Test_@[5, 10, 20, 50]: Recall=[0.03540, 0.04502, 0.06868, 0.11762],  precision=[0.00708, 0.00450, 0.00343, 0.00235], hit=[0.03540, 0.04502, 0.06868, 0.11762], ndcg=[0.02481, 0.02787, 0.03388, 0.04348], Train Rec Loss=[0.03336], Eval Rec Loss=[0.03328], c=[0.50000], F=[0.76473, 0.88129, 0.92854, 0.96796], F_fuse=[0.01403, 0.00896, 0.00684, 0.00469]
[ INFO : 2026-07-06 17:29:43,207 ] - Epoch 18: train==[73.12384 = 1.55418 + 0.95911 + 12.04626 + 0.01080 + 0.00000 + 5.74455 + 884.94450]
[ INFO : 2026-07-06 17:29:50,532 ] - Test_@[5, 10, 20, 50]: Recall=[0.03491, 0.04454, 0.06835, 0.11713],  precision=[0.00698, 0.00445, 0.00342, 0.00234], hit=[0.03491, 0.04454, 0.06835, 0.11713], ndcg=[0.02434, 0.02743, 0.03350, 0.04310], Train Rec Loss=[0.03332], Eval Rec Loss=[0.03331], c=[0.50000], F=[0.77108, 0.88310, 0.92957, 0.96803], F_fuse=[0.01384, 0.00886, 0.00681, 0.00467]
[ INFO : 2026-07-06 17:30:58,998 ] - Epoch 19: train==[72.20544 = 1.53984 + 0.95912 + 11.76603 + 0.01137 + 0.00000 + 5.12015 + 884.94450]
[ INFO : 2026-07-06 17:31:06,267 ] - Test_@[5, 10, 20, 50]: Recall=[0.03393, 0.04584, 0.06835, 0.11664],  precision=[0.00679, 0.00458, 0.00342, 0.00233], hit=[0.03393, 0.04584, 0.06835, 0.11664], ndcg=[0.02393, 0.02772, 0.03341, 0.04292], Train Rec Loss=[0.03330], Eval Rec Loss=[0.03330], c=[0.50000], F=[0.77678, 0.88496, 0.93193, 0.96819], F_fuse=[0.01346, 0.00912, 0.00681, 0.00465]
[ INFO : 2026-07-06 17:32:14,152 ] - Epoch 20: train==[71.37336 = 1.53190 + 0.95911 + 11.46627 + 0.01185 + 0.00000 + 4.59529 + 884.94450]
[ INFO : 2026-07-06 17:32:21,372 ] - Test_@[5, 10, 20, 50]: Recall=[0.03475, 0.04698, 0.06900, 0.11811],  precision=[0.00695, 0.00470, 0.00345, 0.00236], hit=[0.03475, 0.04698, 0.06900, 0.11811], ndcg=[0.02469, 0.02857, 0.03414, 0.04385], Train Rec Loss=[0.03329], Eval Rec Loss=[0.03324], c=[0.50000], F=[0.77924, 0.88904, 0.93729, 0.96932], F_fuse=[0.01378, 0.00935, 0.00688, 0.00471]
[ INFO : 2026-07-06 17:33:30,017 ] - Epoch 21: train==[70.60787 = 1.51974 + 0.95911 + 11.15685 + 0.01221 + 0.00000 + 4.15103 + 884.94450]
[ INFO : 2026-07-06 17:33:37,261 ] - Test_@[5, 10, 20, 50]: Recall=[0.03458, 0.04682, 0.06933, 0.11909],  precision=[0.00692, 0.00468, 0.00347, 0.00238], hit=[0.03458, 0.04682, 0.06933, 0.11909], ndcg=[0.02427, 0.02814, 0.03384, 0.04363], Train Rec Loss=[0.03328], Eval Rec Loss=[0.03322], c=[0.50000], F=[0.78149, 0.89261, 0.94098, 0.96888], F_fuse=[0.01371, 0.00931, 0.00691, 0.00475]
[ INFO : 2026-07-06 17:34:45,703 ] - Epoch 22: train==[70.01438 = 1.50888 + 0.95911 + 10.95329 + 0.01260 + 0.00000 + 3.77156 + 884.94450]
[ INFO : 2026-07-06 17:34:52,999 ] - Test_@[5, 10, 20, 50]: Recall=[0.03556, 0.04731, 0.06900, 0.12170],  precision=[0.00711, 0.00473, 0.00345, 0.00243], hit=[0.03556, 0.04731, 0.06900, 0.12170], ndcg=[0.02522, 0.02891, 0.03442, 0.04482], Train Rec Loss=[0.03326], Eval Rec Loss=[0.03320], c=[0.50000], F=[0.78078, 0.89572, 0.94346, 0.96891], F_fuse=[0.01410, 0.00941, 0.00688, 0.00486]
[ INFO : 2026-07-06 17:36:01,657 ] - Epoch 23: train==[69.51676 = 1.49853 + 0.95911 + 10.79071 + 0.01308 + 0.00000 + 3.44639 + 884.94450]
[ INFO : 2026-07-06 17:36:08,932 ] - Test_@[5, 10, 20, 50]: Recall=[0.03524, 0.04747, 0.06900, 0.12104],  precision=[0.00705, 0.00475, 0.00345, 0.00242], hit=[0.03524, 0.04747, 0.06900, 0.12104], ndcg=[0.02484, 0.02869, 0.03415, 0.04442], Train Rec Loss=[0.03325], Eval Rec Loss=[0.03322], c=[0.50000], F=[0.78377, 0.89845, 0.94493, 0.96842], F_fuse=[0.01397, 0.00944, 0.00688, 0.00483]
[ INFO : 2026-07-06 17:37:17,554 ] - Epoch 24: train==[68.98516 = 1.49258 + 0.95912 + 10.55298 + 0.01317 + 0.00000 + 3.15837 + 884.94450]
[ INFO : 2026-07-06 17:37:24,743 ] - Test_@[5, 10, 20, 50]: Recall=[0.03589, 0.04812, 0.07080, 0.12480],  precision=[0.00718, 0.00481, 0.00354, 0.00250], hit=[0.03589, 0.04812, 0.07080, 0.12480], ndcg=[0.02604, 0.02990, 0.03564, 0.04631], Train Rec Loss=[0.03324], Eval Rec Loss=[0.03324], c=[0.50000], F=[0.78168, 0.90283, 0.94682, 0.96882], F_fuse=[0.01423, 0.00957, 0.00705, 0.00498]
[ INFO : 2026-07-06 17:38:34,028 ] - Epoch 25: train==[68.52160 = 1.47671 + 0.95913 + 10.34556 + 0.01332 + 0.00000 + 2.91793 + 884.94450]
[ INFO : 2026-07-06 17:38:41,338 ] - Test_@[5, 10, 20, 50]: Recall=[0.03540, 0.04715, 0.06900, 0.12153],  precision=[0.00708, 0.00471, 0.00345, 0.00243], hit=[0.03540, 0.04715, 0.06900, 0.12153], ndcg=[0.02483, 0.02854, 0.03408, 0.04447], Train Rec Loss=[0.03321], Eval Rec Loss=[0.03315], c=[0.50000], F=[0.78457, 0.90265, 0.94769, 0.96888], F_fuse=[0.01403, 0.00938, 0.00688, 0.00485]
[ INFO : 2026-07-06 17:39:50,081 ] - Epoch 26: train==[68.09389 = 1.46635 + 0.95913 + 10.15439 + 0.01334 + 0.00000 + 2.69175 + 884.94450]
[ INFO : 2026-07-06 17:39:57,485 ] - Test_@[5, 10, 20, 50]: Recall=[0.03573, 0.04829, 0.07047, 0.12382],  precision=[0.00715, 0.00483, 0.00352, 0.00248], hit=[0.03573, 0.04829, 0.07047, 0.12382], ndcg=[0.02558, 0.02954, 0.03517, 0.04572], Train Rec Loss=[0.03319], Eval Rec Loss=[0.03315], c=[0.50000], F=[0.78162, 0.90453, 0.94781, 0.96956], F_fuse=[0.01416, 0.00961, 0.00702, 0.00494]
[ INFO : 2026-07-06 17:41:06,424 ] - Epoch 27: train==[67.54977 = 1.45566 + 0.95912 + 9.80894 + 0.01342 + 0.00000 + 2.50370 + 884.94450]
[ INFO : 2026-07-06 17:41:13,619 ] - Test_@[5, 10, 20, 50]: Recall=[0.03556, 0.04763, 0.07031, 0.12463],  precision=[0.00711, 0.00476, 0.00352, 0.00249], hit=[0.03556, 0.04763, 0.07031, 0.12463], ndcg=[0.02546, 0.02928, 0.03503, 0.04576], Train Rec Loss=[0.03317], Eval Rec Loss=[0.03317], c=[0.50000], F=[0.78411, 0.90726, 0.94835, 0.96936], F_fuse=[0.01410, 0.00948, 0.00701, 0.00497]
[ INFO : 2026-07-06 17:42:22,792 ] - Epoch 28: train==[67.26440 = 1.44822 + 0.95912 + 9.70042 + 0.01363 + 0.00000 + 2.33408 + 884.94450]
[ INFO : 2026-07-06 17:42:30,112 ] - Test_@[5, 10, 20, 50]: Recall=[0.03589, 0.04731, 0.07031, 0.12496],  precision=[0.00718, 0.00473, 0.00352, 0.00250], hit=[0.03589, 0.04731, 0.07031, 0.12496], ndcg=[0.02555, 0.02918, 0.03502, 0.04580], Train Rec Loss=[0.03318], Eval Rec Loss=[0.03314], c=[0.50000], F=[0.78393, 0.90866, 0.94752, 0.96951], F_fuse=[0.01423, 0.00941, 0.00701, 0.00499]
[ INFO : 2026-07-06 17:43:38,991 ] - Epoch 29: train==[66.92616 = 1.43332 + 0.95911 + 9.52848 + 0.01380 + 0.00000 + 2.18252 + 884.94450]
[ INFO : 2026-07-06 17:43:46,340 ] - Test_@[5, 10, 20, 50]: Recall=[0.03605, 0.04763, 0.07064, 0.12529],  precision=[0.00721, 0.00476, 0.00353, 0.00251], hit=[0.03605, 0.04763, 0.07064, 0.12529], ndcg=[0.02581, 0.02947, 0.03530, 0.04607], Train Rec Loss=[0.03314], Eval Rec Loss=[0.03310], c=[0.50000], F=[0.78292, 0.90945, 0.94755, 0.97023], F_fuse=[0.01429, 0.00948, 0.00704, 0.00500]
[ INFO : 2026-07-06 17:44:54,899 ] - Epoch 30: train==[66.66488 = 1.42240 + 0.95911 + 9.41261 + 0.01387 + 0.00000 + 2.04795 + 884.94450]
[ INFO : 2026-07-06 17:45:02,158 ] - Test_@[5, 10, 20, 50]: Recall=[0.03622, 0.05041, 0.07194, 0.12724],  precision=[0.00724, 0.00504, 0.00360, 0.00254], hit=[0.03622, 0.05041, 0.07194, 0.12724], ndcg=[0.02641, 0.03087, 0.03629, 0.04723], Train Rec Loss=[0.03316], Eval Rec Loss=[0.03312], c=[0.50000], F=[0.77946, 0.91271, 0.94860, 0.97013], F_fuse=[0.01435, 0.01003, 0.00717, 0.00508]
[ INFO : 2026-07-06 17:46:11,429 ] - Epoch 31: train==[66.33618 = 1.41657 + 0.95911 + 9.21566 + 0.01401 + 0.00000 + 1.92190 + 884.94450]
[ INFO : 2026-07-06 17:46:18,649 ] - Test_@[5, 10, 20, 50]: Recall=[0.03654, 0.04780, 0.07064, 0.12561],  precision=[0.00731, 0.00478, 0.00353, 0.00251], hit=[0.03654, 0.04780, 0.07064, 0.12561], ndcg=[0.02608, 0.02964, 0.03542, 0.04625], Train Rec Loss=[0.03314], Eval Rec Loss=[0.03309], c=[0.50000], F=[0.78251, 0.91031, 0.94783, 0.97092], F_fuse=[0.01448, 0.00951, 0.00704, 0.00501]
[ INFO : 2026-07-06 17:47:27,768 ] - Epoch 32: train==[66.08150 = 1.40525 + 0.95911 + 9.08406 + 0.01395 + 0.00000 + 1.81018 + 884.94450]
[ INFO : 2026-07-06 17:47:35,077 ] - Test_@[5, 10, 20, 50]: Recall=[0.03605, 0.04861, 0.07015, 0.12545],  precision=[0.00721, 0.00486, 0.00351, 0.00251], hit=[0.03605, 0.04861, 0.07015, 0.12545], ndcg=[0.02586, 0.02985, 0.03531, 0.04623], Train Rec Loss=[0.03313], Eval Rec Loss=[0.03308], c=[0.50000], F=[0.78007, 0.91165, 0.94861, 0.96978], F_fuse=[0.01429, 0.00967, 0.00699, 0.00500]
[ INFO : 2026-07-06 17:48:44,464 ] - Epoch 33: train==[65.66786 = 1.39510 + 0.95911 + 8.78024 + 0.01406 + 0.00000 + 1.71040 + 884.94450]
[ INFO : 2026-07-06 17:48:51,727 ] - Test_@[5, 10, 20, 50]: Recall=[0.03654, 0.04747, 0.06966, 0.12512],  precision=[0.00731, 0.00475, 0.00348, 0.00250], hit=[0.03654, 0.04747, 0.06966, 0.12512], ndcg=[0.02597, 0.02945, 0.03510, 0.04606], Train Rec Loss=[0.03310], Eval Rec Loss=[0.03307], c=[0.50000], F=[0.78006, 0.91137, 0.94829, 0.96978], F_fuse=[0.01448, 0.00945, 0.00694, 0.00499]
[ INFO : 2026-07-06 17:50:01,104 ] - Epoch 34: train==[65.65063 = 1.38320 + 0.95912 + 8.86965 + 0.01422 + 0.00000 + 1.61550 + 884.94450]
[ INFO : 2026-07-06 17:50:08,320 ] - Test_@[5, 10, 20, 50]: Recall=[0.03605, 0.04943, 0.07096, 0.12577],  precision=[0.00721, 0.00494, 0.00355, 0.00252], hit=[0.03605, 0.04943, 0.07096, 0.12577], ndcg=[0.02620, 0.03043, 0.03587, 0.04672], Train Rec Loss=[0.03308], Eval Rec Loss=[0.03309], c=[0.50000], F=[0.77569, 0.91257, 0.94851, 0.96940], F_fuse=[0.01429, 0.00983, 0.00707, 0.00502]
[ INFO : 2026-07-06 17:51:17,147 ] - Epoch 35: train==[65.47046 = 1.37623 + 0.95912 + 8.77763 + 0.01412 + 0.00000 + 1.53443 + 884.94450]
[ INFO : 2026-07-06 17:51:24,417 ] - Test_@[5, 10, 20, 50]: Recall=[0.03654, 0.04812, 0.07015, 0.12545],  precision=[0.00731, 0.00481, 0.00351, 0.00251], hit=[0.03654, 0.04812, 0.07015, 0.12545], ndcg=[0.02595, 0.02964, 0.03523, 0.04616], Train Rec Loss=[0.03306], Eval Rec Loss=[0.03305], c=[0.50000], F=[0.77657, 0.91231, 0.94831, 0.96985], F_fuse=[0.01448, 0.00957, 0.00699, 0.00500]
[ INFO : 2026-07-06 17:52:33,339 ] - Epoch 36: train==[65.25341 = 1.36394 + 0.95911 + 8.65327 + 0.01401 + 0.00000 + 1.45414 + 884.94450]
[ INFO : 2026-07-06 17:52:40,614 ] - Test_@[5, 10, 20, 50]: Recall=[0.03703, 0.05073, 0.07243, 0.12790],  precision=[0.00741, 0.00507, 0.00362, 0.00256], hit=[0.03703, 0.05073, 0.07243, 0.12790], ndcg=[0.02678, 0.03110, 0.03655, 0.04746], Train Rec Loss=[0.03305], Eval Rec Loss=[0.03302], c=[0.50000], F=[0.77135, 0.91375, 0.94829, 0.96947], F_fuse=[0.01467, 0.01009, 0.00722, 0.00510]
[ INFO : 2026-07-06 17:53:49,859 ] - Epoch 37: train==[65.07542 = 1.35550 + 0.95911 + 8.55370 + 0.01383 + 0.00000 + 1.38433 + 884.94450]
[ INFO : 2026-07-06 17:53:57,080 ] - Test_@[5, 10, 20, 50]: Recall=[0.03703, 0.04829, 0.07031, 0.12529],  precision=[0.00741, 0.00483, 0.00352, 0.00251], hit=[0.03703, 0.04829, 0.07031, 0.12529], ndcg=[0.02614, 0.02970, 0.03529, 0.04615], Train Rec Loss=[0.03308], Eval Rec Loss=[0.03303], c=[0.50000], F=[0.77557, 0.91249, 0.94692, 0.97026], F_fuse=[0.01467, 0.00961, 0.00700, 0.00500]
[ INFO : 2026-07-06 17:55:06,362 ] - Epoch 38: train==[64.76001 = 1.34452 + 0.95912 + 8.31280 + 0.01369 + 0.00000 + 1.32093 + 884.94450]
[ INFO : 2026-07-06 17:55:13,549 ] - Test_@[5, 10, 20, 50]: Recall=[0.03752, 0.05155, 0.07292, 0.12871],  precision=[0.00750, 0.00515, 0.00365, 0.00257], hit=[0.03752, 0.05155, 0.07292, 0.12871], ndcg=[0.02700, 0.03143, 0.03680, 0.04777], Train Rec Loss=[0.03305], Eval Rec Loss=[0.03300], c=[0.50000], F=[0.76798, 0.91473, 0.94744, 0.97026], F_fuse=[0.01486, 0.01025, 0.00726, 0.00513]
[ INFO : 2026-07-06 17:56:22,922 ] - Epoch 39: train==[64.70346 = 1.33923 + 0.95914 + 8.32401 + 0.01365 + 0.00000 + 1.25851 + 884.94450]
[ INFO : 2026-07-06 17:56:30,184 ] - Test_@[5, 10, 20, 50]: Recall=[0.03752, 0.05008, 0.07227, 0.12659],  precision=[0.00750, 0.00501, 0.00361, 0.00253], hit=[0.03752, 0.05008, 0.07227, 0.12659], ndcg=[0.02709, 0.03107, 0.03667, 0.04739], Train Rec Loss=[0.03301], Eval Rec Loss=[0.03299], c=[0.50000], F=[0.76870, 0.91370, 0.94729, 0.97064], F_fuse=[0.01486, 0.00996, 0.00720, 0.00505]
[ INFO : 2026-07-06 17:57:38,900 ] - Epoch 40: train==[64.43335 = 1.33224 + 0.95912 + 8.12194 + 0.01351 + 0.00000 + 1.19759 + 884.94450]
[ INFO : 2026-07-06 17:57:46,224 ] - Test_@[5, 10, 20, 50]: Recall=[0.03752, 0.04910, 0.07145, 0.12692],  precision=[0.00750, 0.00491, 0.00357, 0.00254], hit=[0.03752, 0.04910, 0.07145, 0.12692], ndcg=[0.02676, 0.03042, 0.03607, 0.04700], Train Rec Loss=[0.03299], Eval Rec Loss=[0.03300], c=[0.50000], F=[0.77327, 0.91511, 0.94712, 0.97127], F_fuse=[0.01486, 0.00977, 0.00712, 0.00506]
[ INFO : 2026-07-06 17:58:54,583 ] - Epoch 41: train==[64.28589 = 1.31978 + 0.95912 + 8.03982 + 0.01358 + 0.00000 + 1.14466 + 884.94450]
[ INFO : 2026-07-06 17:59:01,774 ] - Test_@[5, 10, 20, 50]: Recall=[0.03801, 0.05204, 0.07292, 0.12904],  precision=[0.00760, 0.00520, 0.00365, 0.00258], hit=[0.03801, 0.05204, 0.07292, 0.12904], ndcg=[0.02721, 0.03165, 0.03690, 0.04795], Train Rec Loss=[0.03301], Eval Rec Loss=[0.03298], c=[0.50000], F=[0.76698, 0.91452, 0.94735, 0.97104], F_fuse=[0.01505, 0.01035, 0.00726, 0.00515]
[ INFO : 2026-07-06 18:00:09,983 ] - Epoch 42: train==[64.15437 = 1.31011 + 0.95912 + 7.97673 + 0.01350 + 0.00000 + 1.08598 + 884.94450]
[ INFO : 2026-07-06 18:00:17,258 ] - Test_@[5, 10, 20, 50]: Recall=[0.03703, 0.04861, 0.07113, 0.12626],  precision=[0.00741, 0.00486, 0.00356, 0.00253], hit=[0.03703, 0.04861, 0.07113, 0.12626], ndcg=[0.02628, 0.02997, 0.03568, 0.04656], Train Rec Loss=[0.03301], Eval Rec Loss=[0.03295], c=[0.50000], F=[0.77371, 0.91511, 0.94739, 0.97131], F_fuse=[0.01467, 0.00967, 0.00709, 0.00504]
[ INFO : 2026-07-06 18:01:25,860 ] - Epoch 43: train==[63.98094 = 1.30285 + 0.95912 + 7.85307 + 0.01357 + 0.00000 + 1.04340 + 884.94450]
[ INFO : 2026-07-06 18:01:33,058 ] - Test_@[5, 10, 20, 50]: Recall=[0.03768, 0.04992, 0.07259, 0.12806],  precision=[0.00754, 0.00499, 0.00363, 0.00256], hit=[0.03768, 0.04992, 0.07259, 0.12806], ndcg=[0.02671, 0.03062, 0.03634, 0.04725], Train Rec Loss=[0.03299], Eval Rec Loss=[0.03296], c=[0.50000], F=[0.77080, 0.91664, 0.94864, 0.97136], F_fuse=[0.01493, 0.00993, 0.00723, 0.00511]
[ INFO : 2026-07-06 18:02:40,582 ] - Epoch 44: train==[63.88203 = 1.30023 + 0.95912 + 7.80526 + 0.01347 + 0.00000 + 0.99503 + 884.94450]
[ INFO : 2026-07-06 18:02:47,846 ] - Test_@[5, 10, 20, 50]: Recall=[0.03703, 0.05008, 0.07243, 0.12708],  precision=[0.00741, 0.00501, 0.00362, 0.00254], hit=[0.03703, 0.05008, 0.07243, 0.12708], ndcg=[0.02626, 0.03041, 0.03605, 0.04679], Train Rec Loss=[0.03296], Eval Rec Loss=[0.03295], c=[0.50000], F=[0.77315, 0.91509, 0.94973, 0.97122], F_fuse=[0.01467, 0.00996, 0.00722, 0.00507]
[ INFO : 2026-07-06 18:03:56,014 ] - Epoch 45: train==[63.69781 = 1.28007 + 0.95911 + 7.68315 + 0.01344 + 0.00000 + 0.95310 + 884.94450]
[ INFO : 2026-07-06 18:04:03,275 ] - Test_@[5, 10, 20, 50]: Recall=[0.03801, 0.05057, 0.07325, 0.12724],  precision=[0.00760, 0.00506, 0.00366, 0.00254], hit=[0.03801, 0.05057, 0.07325, 0.12724], ndcg=[0.02693, 0.03090, 0.03659, 0.04721], Train Rec Loss=[0.03295], Eval Rec Loss=[0.03287], c=[0.50000], F=[0.77000, 0.91572, 0.94987, 0.97100], F_fuse=[0.01506, 0.01006, 0.00730, 0.00508]
[ INFO : 2026-07-06 18:05:11,682 ] - Epoch 46: train==[63.53565 = 1.27375 + 0.95912 + 7.56567 + 0.01339 + 0.00000 + 0.91479 + 884.94450]
[ INFO : 2026-07-06 18:05:18,860 ] - Test_@[5, 10, 20, 50]: Recall=[0.03768, 0.05057, 0.07325, 0.12757],  precision=[0.00754, 0.00506, 0.00366, 0.00255], hit=[0.03768, 0.05057, 0.07325, 0.12757], ndcg=[0.02674, 0.03082, 0.03653, 0.04720], Train Rec Loss=[0.03292], Eval Rec Loss=[0.03290], c=[0.50000], F=[0.77137, 0.91488, 0.95068, 0.97076], F_fuse=[0.01493, 0.01006, 0.00730, 0.00509]
[ INFO : 2026-07-06 18:06:26,423 ] - Epoch 47: train==[63.42018 = 1.28063 + 0.95912 + 7.48040 + 0.01330 + 0.00000 + 0.87780 + 884.94450]
[ INFO : 2026-07-06 18:06:33,581 ] - Test_@[5, 10, 20, 50]: Recall=[0.03785, 0.05073, 0.07357, 0.12757],  precision=[0.00757, 0.00507, 0.00368, 0.00255], hit=[0.03785, 0.05073, 0.07357, 0.12757], ndcg=[0.02676, 0.03086, 0.03661, 0.04721], Train Rec Loss=[0.03291], Eval Rec Loss=[0.03289], c=[0.50000], F=[0.77021, 0.91483, 0.94980, 0.97085], F_fuse=[0.01499, 0.01009, 0.00733, 0.00509]
[ INFO : 2026-07-06 18:07:41,996 ] - Epoch 48: train==[63.37515 = 1.26016 + 0.95912 + 7.49193 + 0.01321 + 0.00000 + 0.84181 + 884.94450]
[ INFO : 2026-07-06 18:07:49,244 ] - Test_@[5, 10, 20, 50]: Recall=[0.03752, 0.05041, 0.07259, 0.12659],  precision=[0.00750, 0.00504, 0.00363, 0.00253], hit=[0.03752, 0.05041, 0.07259, 0.12659], ndcg=[0.02687, 0.03098, 0.03658, 0.04719], Train Rec Loss=[0.03294], Eval Rec Loss=[0.03289], c=[0.50000], F=[0.77271, 0.91216, 0.95021, 0.97044], F_fuse=[0.01486, 0.01003, 0.00723, 0.00505]
[ INFO : 2026-07-06 18:08:57,373 ] - Epoch 49: train==[63.15852 = 1.25349 + 0.95912 + 7.31526 + 0.01315 + 0.00000 + 0.80857 + 884.94450]
[ INFO : 2026-07-06 18:09:04,610 ] - Test_@[5, 10, 20, 50]: Recall=[0.03817, 0.05122, 0.07455, 0.12773],  precision=[0.00763, 0.00512, 0.00373, 0.00255], hit=[0.03817, 0.05122, 0.07455, 0.12773], ndcg=[0.02721, 0.03134, 0.03720, 0.04762], Train Rec Loss=[0.03291], Eval Rec Loss=[0.03291], c=[0.50000], F=[0.76999, 0.91350, 0.95040, 0.97058], F_fuse=[0.01512, 0.01019, 0.00743, 0.00510]
[ INFO : 2026-07-06 18:10:13,284 ] - Epoch 50: train==[63.10262 = 1.24161 + 0.95913 + 7.29984 + 0.01294 + 0.00000 + 0.78018 + 884.94450]
[ INFO : 2026-07-06 18:10:20,520 ] - Test_@[5, 10, 20, 50]: Recall=[0.03768, 0.05057, 0.07325, 0.12773],  precision=[0.00754, 0.00506, 0.00366, 0.00255], hit=[0.03768, 0.05057, 0.07325, 0.12773], ndcg=[0.02683, 0.03092, 0.03665, 0.04735], Train Rec Loss=[0.03292], Eval Rec Loss=[0.03287], c=[0.50000], F=[0.77247, 0.91350, 0.95027, 0.97024], F_fuse=[0.01493, 0.01006, 0.00730, 0.00510]
[ INFO : 2026-07-06 18:11:29,654 ] - Epoch 51: train==[62.92992 = 1.23690 + 0.95913 + 7.16498 + 0.01277 + 0.00000 + 0.74721 + 884.94450]
[ INFO : 2026-07-06 18:11:36,883 ] - Test_@[5, 10, 20, 50]: Recall=[0.03785, 0.05122, 0.07374, 0.12757],  precision=[0.00757, 0.00512, 0.00369, 0.00255], hit=[0.03785, 0.05122, 0.07374, 0.12757], ndcg=[0.02720, 0.03145, 0.03713, 0.04770], Train Rec Loss=[0.03291], Eval Rec Loss=[0.03286], c=[0.50000], F=[0.77238, 0.91300, 0.94982, 0.97034], F_fuse=[0.01499, 0.01019, 0.00735, 0.00509]
[ INFO : 2026-07-06 18:12:45,374 ] - Epoch 52: train==[62.92588 = 1.22856 + 0.95912 + 7.20408 + 0.01277 + 0.00000 + 0.71241 + 884.94450]
[ INFO : 2026-07-06 18:12:52,535 ] - Test_@[5, 10, 20, 50]: Recall=[0.03801, 0.05139, 0.07423, 0.12806],  precision=[0.00760, 0.00514, 0.00371, 0.00256], hit=[0.03801, 0.05139, 0.07423, 0.12806], ndcg=[0.02777, 0.03202, 0.03776, 0.04832], Train Rec Loss=[0.03287], Eval Rec Loss=[0.03284], c=[0.50000], F=[0.77550, 0.91253, 0.95101, 0.97110], F_fuse=[0.01506, 0.01022, 0.00739, 0.00511]
[ INFO : 2026-07-06 18:14:00,844 ] - Epoch 53: train==[62.71292 = 1.21927 + 0.95912 + 7.02076 + 0.01270 + 0.00000 + 0.69213 + 884.94450]
[ INFO : 2026-07-06 18:14:08,079 ] - Test_@[5, 10, 20, 50]: Recall=[0.03834, 0.05204, 0.07455, 0.12871],  precision=[0.00767, 0.00520, 0.00373, 0.00257], hit=[0.03834, 0.05204, 0.07455, 0.12871], ndcg=[0.02830, 0.03266, 0.03834, 0.04898], Train Rec Loss=[0.03285], Eval Rec Loss=[0.03285], c=[0.50000], F=[0.77290, 0.91160, 0.95029, 0.97086], F_fuse=[0.01518, 0.01035, 0.00743, 0.00513]
[ INFO : 2026-07-06 18:15:16,562 ] - Epoch 54: train==[62.60807 = 1.21059 + 0.95913 + 6.95805 + 0.01256 + 0.00000 + 0.65881 + 884.94450]
[ INFO : 2026-07-06 18:15:23,760 ] - Test_@[5, 10, 20, 50]: Recall=[0.03850, 0.05237, 0.07406, 0.12953],  precision=[0.00770, 0.00524, 0.00370, 0.00259], hit=[0.03850, 0.05237, 0.07406, 0.12953], ndcg=[0.02844, 0.03285, 0.03835, 0.04927], Train Rec Loss=[0.03285], Eval Rec Loss=[0.03284], c=[0.50000], F=[0.77465, 0.91306, 0.95102, 0.97092], F_fuse=[0.01525, 0.01041, 0.00738, 0.00517]
[ INFO : 2026-07-06 18:16:31,280 ] - Epoch 55: train==[62.52341 = 1.20070 + 0.95913 + 6.90188 + 0.01254 + 0.00000 + 0.64023 + 884.94450]
[ INFO : 2026-07-06 18:16:38,465 ] - Test_@[5, 10, 20, 50]: Recall=[0.03817, 0.05171, 0.07423, 0.12838],  precision=[0.00763, 0.00517, 0.00371, 0.00257], hit=[0.03817, 0.05171, 0.07423, 0.12838], ndcg=[0.02815, 0.03247, 0.03814, 0.04878], Train Rec Loss=[0.03285], Eval Rec Loss=[0.03281], c=[0.50000], F=[0.78116, 0.91344, 0.95142, 0.97152], F_fuse=[0.01512, 0.01028, 0.00739, 0.00512]
[ INFO : 2026-07-06 18:17:46,574 ] - Epoch 56: train==[62.51243 = 1.19825 + 0.95912 + 6.92416 + 0.01238 + 0.00000 + 0.60958 + 884.94450]
[ INFO : 2026-07-06 18:17:53,862 ] - Test_@[5, 10, 20, 50]: Recall=[0.03817, 0.05139, 0.07406, 0.12806],  precision=[0.00763, 0.00514, 0.00370, 0.00256], hit=[0.03817, 0.05139, 0.07406, 0.12806], ndcg=[0.02801, 0.03225, 0.03798, 0.04860], Train Rec Loss=[0.03285], Eval Rec Loss=[0.03282], c=[0.50000], F=[0.78026, 0.91228, 0.95090, 0.97114], F_fuse=[0.01512, 0.01022, 0.00738, 0.00511]
[ INFO : 2026-07-06 18:19:01,882 ] - Epoch 57: train==[62.40757 = 1.18557 + 0.95912 + 6.85028 + 0.01234 + 0.00000 + 0.59133 + 884.94450]
[ INFO : 2026-07-06 18:19:09,078 ] - Test_@[5, 10, 20, 50]: Recall=[0.03883, 0.05318, 0.07618, 0.13116],  precision=[0.00777, 0.00532, 0.00381, 0.00262], hit=[0.03883, 0.05318, 0.07618, 0.13116], ndcg=[0.02914, 0.03370, 0.03950, 0.05028], Train Rec Loss=[0.03283], Eval Rec Loss=[0.03279], c=[0.50000], F=[0.77453, 0.91398, 0.95058, 0.97082], F_fuse=[0.01538, 0.01057, 0.00759, 0.00523]
[ INFO : 2026-07-06 18:20:17,156 ] - Epoch 58: train==[62.22432 = 1.18138 + 0.95912 + 6.69662 + 0.01222 + 0.00000 + 0.56604 + 884.94450]
[ INFO : 2026-07-06 18:20:24,347 ] - Test_@[5, 10, 20, 50]: Recall=[0.03785, 0.05139, 0.07406, 0.12773],  precision=[0.00757, 0.00514, 0.00370, 0.00255], hit=[0.03785, 0.05139, 0.07406, 0.12773], ndcg=[0.02764, 0.03197, 0.03771, 0.04828], Train Rec Loss=[0.03284], Eval Rec Loss=[0.03280], c=[0.50000], F=[0.78262, 0.91095, 0.95122, 0.97126], F_fuse=[0.01499, 0.01022, 0.00738, 0.00510]
[ INFO : 2026-07-06 18:21:33,281 ] - Epoch 59: train==[62.16594 = 1.17542 + 0.95912 + 6.66551 + 0.01214 + 0.00000 + 0.54481 + 884.94450]
[ INFO : 2026-07-06 18:21:40,516 ] - Test_@[5, 10, 20, 50]: Recall=[0.03785, 0.05220, 0.07406, 0.12806],  precision=[0.00757, 0.00522, 0.00370, 0.00256], hit=[0.03785, 0.05220, 0.07406, 0.12806], ndcg=[0.02817, 0.03276, 0.03828, 0.04892], Train Rec Loss=[0.03279], Eval Rec Loss=[0.03278], c=[0.50000], F=[0.78028, 0.91132, 0.95059, 0.97110], F_fuse=[0.01499, 0.01038, 0.00738, 0.00511]
[ INFO : 2026-07-06 18:22:48,738 ] - Epoch 60: train==[62.02808 = 1.16737 + 0.95912 + 6.55545 + 0.01207 + 0.00000 + 0.52514 + 884.94450]
[ INFO : 2026-07-06 18:22:55,902 ] - Test_@[5, 10, 20, 50]: Recall=[0.03801, 0.05269, 0.07488, 0.12953],  precision=[0.00760, 0.00527, 0.00374, 0.00259], hit=[0.03801, 0.05269, 0.07488, 0.12953], ndcg=[0.02818, 0.03287, 0.03847, 0.04921], Train Rec Loss=[0.03281], Eval Rec Loss=[0.03277], c=[0.50000], F=[0.77888, 0.91186, 0.94911, 0.97100], F_fuse=[0.01506, 0.01048, 0.00746, 0.00517]
[ INFO : 2026-07-06 18:24:03,762 ] - Epoch 61: train==[61.97520 = 1.16372 + 0.95913 + 6.52666 + 0.01204 + 0.00000 + 0.50473 + 884.94450]
[ INFO : 2026-07-06 18:24:10,940 ] - Test_@[5, 10, 20, 50]: Recall=[0.03850, 0.05351, 0.07586, 0.13018],  precision=[0.00770, 0.00535, 0.00379, 0.00260], hit=[0.03850, 0.05351, 0.07586, 0.13018], ndcg=[0.02858, 0.03333, 0.03896, 0.04963], Train Rec Loss=[0.03280], Eval Rec Loss=[0.03276], c=[0.50000], F=[0.77636, 0.91186, 0.94897, 0.97029], F_fuse=[0.01525, 0.01064, 0.00756, 0.00519]
[ INFO : 2026-07-06 18:25:19,158 ] - Epoch 62: train==[61.88554 = 1.15394 + 0.95913 + 6.46829 + 0.01202 + 0.00000 + 0.48323 + 884.94450]
[ INFO : 2026-07-06 18:25:26,392 ] - Test_@[5, 10, 20, 50]: Recall=[0.03785, 0.05220, 0.07455, 0.12904],  precision=[0.00757, 0.00522, 0.00373, 0.00258], hit=[0.03785, 0.05220, 0.07455, 0.12904], ndcg=[0.02769, 0.03227, 0.03791, 0.04864], Train Rec Loss=[0.03279], Eval Rec Loss=[0.03274], c=[0.50000], F=[0.78080, 0.91021, 0.94982, 0.97071], F_fuse=[0.01499, 0.01038, 0.00743, 0.00515]
[ INFO : 2026-07-06 18:26:33,995 ] - Epoch 63: train==[61.74740 = 1.14573 + 0.95912 + 6.35479 + 0.01201 + 0.00000 + 0.46682 + 884.94450]
[ INFO : 2026-07-06 18:26:41,164 ] - Test_@[5, 10, 20, 50]: Recall=[0.03752, 0.05171, 0.07390, 0.12855],  precision=[0.00750, 0.00517, 0.00369, 0.00257], hit=[0.03752, 0.05171, 0.07390, 0.12855], ndcg=[0.02764, 0.03220, 0.03781, 0.04858], Train Rec Loss=[0.03277], Eval Rec Loss=[0.03276], c=[0.50000], F=[0.78269, 0.91004, 0.94961, 0.97072], F_fuse=[0.01487, 0.01028, 0.00736, 0.00513]
[ INFO : 2026-07-06 18:27:49,429 ] - Epoch 64: train==[61.72977 = 1.14065 + 0.95912 + 6.36108 + 0.01195 + 0.00000 + 0.44804 + 884.94450]
[ INFO : 2026-07-06 18:27:56,660 ] - Test_@[5, 10, 20, 50]: Recall=[0.03768, 0.05204, 0.07406, 0.12920],  precision=[0.00754, 0.00520, 0.00370, 0.00258], hit=[0.03768, 0.05204, 0.07406, 0.12920], ndcg=[0.02791, 0.03254, 0.03809, 0.04896], Train Rec Loss=[0.03276], Eval Rec Loss=[0.03275], c=[0.50000], F=[0.78307, 0.91050, 0.94984, 0.97059], F_fuse=[0.01493, 0.01035, 0.00738, 0.00515]
[ INFO : 2026-07-06 18:29:04,832 ] - Epoch 65: train==[61.60858 = 1.13011 + 0.95912 + 6.26198 + 0.01202 + 0.00000 + 0.43640 + 884.94450]
[ INFO : 2026-07-06 18:29:12,071 ] - Test_@[5, 10, 20, 50]: Recall=[0.03768, 0.05237, 0.07406, 0.13002],  precision=[0.00754, 0.00524, 0.00370, 0.00260], hit=[0.03768, 0.05237, 0.07406, 0.13002], ndcg=[0.02787, 0.03260, 0.03808, 0.04911], Train Rec Loss=[0.03276], Eval Rec Loss=[0.03273], c=[0.50000], F=[0.78545, 0.91180, 0.94979, 0.97033], F_fuse=[0.01493, 0.01041, 0.00738, 0.00519]
[ INFO : 2026-07-06 18:30:19,684 ] - Epoch 66: train==[61.48665 = 1.12478 + 0.95913 + 6.16494 + 0.01198 + 0.00000 + 0.41690 + 884.94450]
[ INFO : 2026-07-06 18:30:26,850 ] - Test_@[5, 10, 20, 50]: Recall=[0.03817, 0.05204, 0.07488, 0.12953],  precision=[0.00763, 0.00520, 0.00374, 0.00259], hit=[0.03817, 0.05204, 0.07488, 0.12953], ndcg=[0.02821, 0.03268, 0.03842, 0.04919], Train Rec Loss=[0.03275], Eval Rec Loss=[0.03272], c=[0.50000], F=[0.78566, 0.91114, 0.95013, 0.97010], F_fuse=[0.01512, 0.01035, 0.00746, 0.00517]
[ INFO : 2026-07-06 18:31:35,082 ] - Epoch 67: train==[61.50064 = 1.11554 + 0.95913 + 6.20674 + 0.01198 + 0.00000 + 0.39833 + 884.94450]
[ INFO : 2026-07-06 18:31:42,291 ] - Test_@[5, 10, 20, 50]: Recall=[0.03801, 0.05334, 0.07488, 0.13018],  precision=[0.00760, 0.00533, 0.00374, 0.00260], hit=[0.03801, 0.05334, 0.07488, 0.13018], ndcg=[0.02811, 0.03299, 0.03840, 0.04930], Train Rec Loss=[0.03272], Eval Rec Loss=[0.03271], c=[0.50000], F=[0.78808, 0.91208, 0.94985, 0.97003], F_fuse=[0.01506, 0.01061, 0.00746, 0.00519]
[ INFO : 2026-07-06 18:32:50,344 ] - Epoch 68: train==[61.38450 = 1.10857 + 0.95912 + 6.11244 + 0.01193 + 0.00000 + 0.38352 + 884.94450]
[ INFO : 2026-07-06 18:32:57,501 ] - Test_@[5, 10, 20, 50]: Recall=[0.03850, 0.05334, 0.07488, 0.13067],  precision=[0.00770, 0.00533, 0.00374, 0.00261], hit=[0.03850, 0.05334, 0.07488, 0.13067], ndcg=[0.02844, 0.03318, 0.03859, 0.04958], Train Rec Loss=[0.03273], Eval Rec Loss=[0.03270], c=[0.50000], F=[0.78796, 0.91235, 0.94979, 0.97014], F_fuse=[0.01525, 0.01061, 0.00746, 0.00521]
[ INFO : 2026-07-06 18:34:05,228 ] - Epoch 69: train==[61.22653 = 1.10489 + 0.95912 + 5.96865 + 0.01186 + 0.00000 + 0.37307 + 884.94450]
[ INFO : 2026-07-06 18:34:12,382 ] - Test_@[5, 10, 20, 50]: Recall=[0.03883, 0.05400, 0.07618, 0.13067],  precision=[0.00777, 0.00540, 0.00381, 0.00261], hit=[0.03883, 0.05400, 0.07618, 0.13067], ndcg=[0.02887, 0.03372, 0.03930, 0.05003], Train Rec Loss=[0.03271], Eval Rec Loss=[0.03269], c=[0.50000], F=[0.78771, 0.91632, 0.94985, 0.97011], F_fuse=[0.01538, 0.01074, 0.00759, 0.00521]
[ INFO : 2026-07-06 18:35:19,842 ] - Epoch 70: train==[61.20549 = 1.09817 + 0.95912 + 5.97060 + 0.01180 + 0.00000 + 0.35687 + 884.94450]
[ INFO : 2026-07-06 18:35:26,990 ] - Test_@[5, 10, 20, 50]: Recall=[0.03850, 0.05416, 0.07602, 0.13132],  precision=[0.00770, 0.00542, 0.00380, 0.00263], hit=[0.03850, 0.05416, 0.07602, 0.13132], ndcg=[0.02892, 0.03393, 0.03944, 0.05033], Train Rec Loss=[0.03272], Eval Rec Loss=[0.03269], c=[0.50000], F=[0.78824, 0.91566, 0.94950, 0.97011], F_fuse=[0.01525, 0.01077, 0.00757, 0.00524]
[ INFO : 2026-07-06 18:36:35,043 ] - Epoch 71: train==[61.04803 = 1.09425 + 0.95912 + 5.83099 + 0.01173 + 0.00000 + 0.34300 + 884.94450]
[ INFO : 2026-07-06 18:36:42,288 ] - Test_@[5, 10, 20, 50]: Recall=[0.03866, 0.05367, 0.07602, 0.13083],  precision=[0.00773, 0.00537, 0.00380, 0.00262], hit=[0.03866, 0.05367, 0.07602, 0.13083], ndcg=[0.02850, 0.03329, 0.03889, 0.04968], Train Rec Loss=[0.03271], Eval Rec Loss=[0.03268], c=[0.50000], F=[0.79050, 0.91210, 0.95002, 0.96890], F_fuse=[0.01532, 0.01067, 0.00757, 0.00522]
[ INFO : 2026-07-06 18:37:49,948 ] - Epoch 72: train==[61.04172 = 1.08757 + 0.95912 + 5.84498 + 0.01167 + 0.00000 + 0.32944 + 884.94450]
[ INFO : 2026-07-06 18:37:57,112 ] - Test_@[5, 10, 20, 50]: Recall=[0.03866, 0.05400, 0.07635, 0.13067],  precision=[0.00773, 0.00540, 0.00382, 0.00261], hit=[0.03866, 0.05400, 0.07635, 0.13067], ndcg=[0.02878, 0.03369, 0.03931, 0.05003], Train Rec Loss=[0.03271], Eval Rec Loss=[0.03267], c=[0.50000], F=[0.79120, 0.91425, 0.94980, 0.96934], F_fuse=[0.01532, 0.01074, 0.00760, 0.00521]
[ INFO : 2026-07-06 18:39:04,220 ] - Epoch 73: train==[60.94812 = 1.08654 + 0.95912 + 5.76251 + 0.01179 + 0.00000 + 0.31923 + 884.94450]
[ INFO : 2026-07-06 18:39:11,410 ] - Test_@[5, 10, 20, 50]: Recall=[0.03834, 0.05367, 0.07569, 0.12936],  precision=[0.00767, 0.00537, 0.00378, 0.00259], hit=[0.03834, 0.05367, 0.07569, 0.12936], ndcg=[0.02829, 0.03318, 0.03869, 0.04929], Train Rec Loss=[0.03268], Eval Rec Loss=[0.03267], c=[0.50000], F=[0.78878, 0.91016, 0.94913, 0.96854], F_fuse=[0.01519, 0.01067, 0.00754, 0.00516]
[ INFO : 2026-07-06 18:40:19,596 ] - Epoch 74: train==[60.94271 = 1.07490 + 0.95912 + 5.78497 + 0.01174 + 0.00000 + 0.30304 + 884.94450]
[ INFO : 2026-07-06 18:40:26,763 ] - Test_@[5, 10, 20, 50]: Recall=[0.03817, 0.05400, 0.07618, 0.13018],  precision=[0.00763, 0.00540, 0.00381, 0.00260], hit=[0.03817, 0.05400, 0.07618, 0.13018], ndcg=[0.02850, 0.03358, 0.03914, 0.04983], Train Rec Loss=[0.03266], Eval Rec Loss=[0.03264], c=[0.50000], F=[0.78856, 0.91020, 0.94847, 0.96786], F_fuse=[0.01512, 0.01074, 0.00759, 0.00519]
[ INFO : 2026-07-06 18:41:35,595 ] - Epoch 75: train==[60.69255 = 1.07064 + 0.95913 + 5.54864 + 0.01180 + 0.00000 + 0.29340 + 884.94450]
[ INFO : 2026-07-06 18:41:42,836 ] - Test_@[5, 10, 20, 50]: Recall=[0.03817, 0.05449, 0.07700, 0.13116],  precision=[0.00763, 0.00545, 0.00385, 0.00262], hit=[0.03817, 0.05449, 0.07700, 0.13116], ndcg=[0.02822, 0.03345, 0.03909, 0.04974], Train Rec Loss=[0.03267], Eval Rec Loss=[0.03265], c=[0.50000], F=[0.79001, 0.91106, 0.94796, 0.96825], F_fuse=[0.01512, 0.01083, 0.00767, 0.00523]
[ INFO : 2026-07-06 18:42:51,773 ] - Epoch 76: train==[60.76680 = 1.06536 + 0.95912 + 5.64023 + 0.01176 + 0.00000 + 0.28138 + 884.94450]
[ INFO : 2026-07-06 18:42:59,027 ] - Test_@[5, 10, 20, 50]: Recall=[0.03834, 0.05465, 0.07749, 0.13165],  precision=[0.00767, 0.00546, 0.00387, 0.00263], hit=[0.03834, 0.05465, 0.07749, 0.13165], ndcg=[0.02844, 0.03366, 0.03940, 0.05006], Train Rec Loss=[0.03265], Eval Rec Loss=[0.03265], c=[0.50000], F=[0.78780, 0.91064, 0.94797, 0.96769], F_fuse=[0.01519, 0.01086, 0.00772, 0.00525]
[ INFO : 2026-07-06 18:44:07,617 ] - Epoch 77: train==[60.73011 = 1.05757 + 0.95913 + 5.62136 + 0.01170 + 0.00000 + 0.27141 + 884.94450]
[ INFO : 2026-07-06 18:44:14,789 ] - Test_@[5, 10, 20, 50]: Recall=[0.03899, 0.05644, 0.07830, 0.13279],  precision=[0.00780, 0.00564, 0.00392, 0.00266], hit=[0.03899, 0.05644, 0.07830, 0.13279], ndcg=[0.02903, 0.03460, 0.04010, 0.05083], Train Rec Loss=[0.03266], Eval Rec Loss=[0.03264], c=[0.50000], F=[0.78257, 0.91089, 0.94853, 0.96758], F_fuse=[0.01544, 0.01122, 0.00780, 0.00530]
[ INFO : 2026-07-06 18:45:23,869 ] - Epoch 78: train==[60.66537 = 1.05577 + 0.95912 + 5.56850 + 0.01151 + 0.00000 + 0.26154 + 884.94450]
[ INFO : 2026-07-06 18:45:31,061 ] - Test_@[5, 10, 20, 50]: Recall=[0.04013, 0.05644, 0.07847, 0.13426],  precision=[0.00803, 0.00564, 0.00392, 0.00269], hit=[0.04013, 0.05644, 0.07847, 0.13426], ndcg=[0.02977, 0.03499, 0.04055, 0.05153], Train Rec Loss=[0.03265], Eval Rec Loss=[0.03261], c=[0.50000], F=[0.78318, 0.91249, 0.94809, 0.96723], F_fuse=[0.01589, 0.01122, 0.00781, 0.00536]
[ INFO : 2026-07-06 18:46:39,126 ] - Epoch 79: train==[60.56691 = 1.04621 + 0.95912 + 5.48800 + 0.01150 + 0.00000 + 0.25315 + 884.94450]
[ INFO : 2026-07-06 18:46:46,327 ] - Test_@[5, 10, 20, 50]: Recall=[0.03899, 0.05612, 0.07912, 0.13246],  precision=[0.00780, 0.00561, 0.00396, 0.00265], hit=[0.03899, 0.05612, 0.07912, 0.13246], ndcg=[0.02893, 0.03445, 0.04023, 0.05074], Train Rec Loss=[0.03266], Eval Rec Loss=[0.03263], c=[0.50000], F=[0.78336, 0.91051, 0.94919, 0.96722], F_fuse=[0.01544, 0.01115, 0.00788, 0.00528]
[ INFO : 2026-07-06 18:47:54,729 ] - Epoch 80: train==[60.55199 = 1.03903 + 0.95913 + 5.49234 + 0.01145 + 0.00000 + 0.24111 + 884.94450]
[ INFO : 2026-07-06 18:48:01,961 ] - Test_@[5, 10, 20, 50]: Recall=[0.03817, 0.05465, 0.07716, 0.13051],  precision=[0.00763, 0.00546, 0.00386, 0.00261], hit=[0.03817, 0.05465, 0.07716, 0.13051], ndcg=[0.02798, 0.03328, 0.03891, 0.04942], Train Rec Loss=[0.03266], Eval Rec Loss=[0.03259], c=[0.50000], F=[0.79316, 0.90891, 0.95036, 0.96710], F_fuse=[0.01512, 0.01086, 0.00768, 0.00521]
[ INFO : 2026-07-06 18:49:10,209 ] - Epoch 81: train==[60.44067 = 1.03529 + 0.95912 + 5.39312 + 0.01131 + 0.00000 + 0.23289 + 884.94450]
[ INFO : 2026-07-06 18:49:17,411 ] - Test_@[5, 10, 20, 50]: Recall=[0.03899, 0.05530, 0.07749, 0.13214],  precision=[0.00780, 0.00553, 0.00387, 0.00264], hit=[0.03899, 0.05530, 0.07749, 0.13214], ndcg=[0.02869, 0.03393, 0.03949, 0.05028], Train Rec Loss=[0.03263], Eval Rec Loss=[0.03260], c=[0.50000], F=[0.79345, 0.90962, 0.94932, 0.96714], F_fuse=[0.01544, 0.01099, 0.00772, 0.00527]
[ INFO : 2026-07-06 18:50:25,050 ] - Epoch 82: train==[60.40427 = 1.03419 + 0.95912 + 5.36702 + 0.01128 + 0.00000 + 0.22373 + 884.94450]
[ INFO : 2026-07-06 18:50:32,246 ] - Test_@[5, 10, 20, 50]: Recall=[0.03866, 0.05530, 0.07765, 0.13132],  precision=[0.00773, 0.00553, 0.00388, 0.00263], hit=[0.03866, 0.05530, 0.07765, 0.13132], ndcg=[0.02822, 0.03357, 0.03916, 0.04975], Train Rec Loss=[0.03262], Eval Rec Loss=[0.03260], c=[0.50000], F=[0.79295, 0.90818, 0.95056, 0.96695], F_fuse=[0.01532, 0.01099, 0.00773, 0.00524]
[ INFO : 2026-07-06 18:51:40,319 ] - Epoch 83: train==[60.42615 = 1.02229 + 0.95912 + 5.41080 + 0.01124 + 0.00000 + 0.21377 + 884.94450]
[ INFO : 2026-07-06 18:51:47,474 ] - Test_@[5, 10, 20, 50]: Recall=[0.03883, 0.05563, 0.07863, 0.13344],  precision=[0.00777, 0.00556, 0.00393, 0.00267], hit=[0.03883, 0.05563, 0.07863, 0.13344], ndcg=[0.02868, 0.03412, 0.03989, 0.05069], Train Rec Loss=[0.03260], Eval Rec Loss=[0.03257], c=[0.50000], F=[0.78853, 0.90949, 0.95032, 0.96715], F_fuse=[0.01538, 0.01106, 0.00783, 0.00532]
[ INFO : 2026-07-06 18:52:54,838 ] - Epoch 84: train==[60.31149 = 1.01961 + 0.95912 + 5.30602 + 0.01118 + 0.00000 + 0.20663 + 884.94450]
[ INFO : 2026-07-06 18:53:02,004 ] - Test_@[5, 10, 20, 50]: Recall=[0.03931, 0.05579, 0.07847, 0.13361],  precision=[0.00786, 0.00558, 0.00392, 0.00267], hit=[0.03931, 0.05579, 0.07847, 0.13361], ndcg=[0.02908, 0.03439, 0.04008, 0.05094], Train Rec Loss=[0.03259], Eval Rec Loss=[0.03256], c=[0.50000], F=[0.79178, 0.91132, 0.94999, 0.96709], F_fuse=[0.01557, 0.01109, 0.00781, 0.00533]
[ INFO : 2026-07-06 18:54:10,205 ] - Epoch 85: train==[60.18246 = 1.01391 + 0.95913 + 5.18927 + 0.01100 + 0.00000 + 0.20023 + 884.94450]
[ INFO : 2026-07-06 18:54:17,450 ] - Test_@[5, 10, 20, 50]: Recall=[0.03834, 0.05530, 0.07732, 0.13165],  precision=[0.00767, 0.00553, 0.00387, 0.00263], hit=[0.03834, 0.05530, 0.07732, 0.13165], ndcg=[0.02810, 0.03359, 0.03911, 0.04985], Train Rec Loss=[0.03259], Eval Rec Loss=[0.03257], c=[0.50000], F=[0.79415, 0.90937, 0.95073, 0.96740], F_fuse=[0.01519, 0.01099, 0.00770, 0.00525]
[ INFO : 2026-07-06 18:55:24,555 ] - Epoch 86: train==[60.16249 = 1.01160 + 0.95913 + 5.17920 + 0.01100 + 0.00000 + 0.19263 + 884.94450]
[ INFO : 2026-07-06 18:55:31,755 ] - Test_@[5, 10, 20, 50]: Recall=[0.03850, 0.05628, 0.07847, 0.13426],  precision=[0.00770, 0.00563, 0.00392, 0.00269], hit=[0.03850, 0.05628, 0.07847, 0.13426], ndcg=[0.02814, 0.03388, 0.03943, 0.05043], Train Rec Loss=[0.03261], Eval Rec Loss=[0.03258], c=[0.50000], F=[0.79208, 0.90964, 0.95034, 0.96663], F_fuse=[0.01525, 0.01119, 0.00781, 0.00536]
[ INFO : 2026-07-06 18:56:39,877 ] - Epoch 87: train==[60.13136 = 1.00629 + 0.95915 + 5.16062 + 0.01103 + 0.00000 + 0.18534 + 884.94450]
[ INFO : 2026-07-06 18:56:47,124 ] - Test_@[5, 10, 20, 50]: Recall=[0.03883, 0.05546, 0.07749, 0.13426],  precision=[0.00777, 0.00555, 0.00387, 0.00269], hit=[0.03883, 0.05546, 0.07749, 0.13426], ndcg=[0.02826, 0.03365, 0.03918, 0.05036], Train Rec Loss=[0.03257], Eval Rec Loss=[0.03255], c=[0.50000], F=[0.79880, 0.90879, 0.94848, 0.96596], F_fuse=[0.01538, 0.01103, 0.00772, 0.00536]
[ INFO : 2026-07-06 18:57:55,353 ] - Epoch 88: train==[60.04880 = 0.99702 + 0.95913 + 5.09360 + 0.01100 + 0.00000 + 0.17912 + 884.94450]
[ INFO : 2026-07-06 18:58:02,591 ] - Test_@[5, 10, 20, 50]: Recall=[0.03785, 0.05465, 0.07684, 0.13165],  precision=[0.00757, 0.00546, 0.00384, 0.00263], hit=[0.03785, 0.05465, 0.07684, 0.13165], ndcg=[0.02710, 0.03255, 0.03815, 0.04898], Train Rec Loss=[0.03260], Eval Rec Loss=[0.03256], c=[0.50000], F=[0.80454, 0.91087, 0.94946, 0.96621], F_fuse=[0.01500, 0.01086, 0.00765, 0.00525]
[ INFO : 2026-07-06 18:59:10,789 ] - Epoch 89: train==[60.06916 = 0.99172 + 0.95913 + 5.12750 + 0.01099 + 0.00000 + 0.17089 + 884.94450]
[ INFO : 2026-07-06 18:59:17,943 ] - Test_@[5, 10, 20, 50]: Recall=[0.03817, 0.05498, 0.07716, 0.13295],  precision=[0.00763, 0.00550, 0.00386, 0.00266], hit=[0.03817, 0.05498, 0.07716, 0.13295], ndcg=[0.02724, 0.03270, 0.03830, 0.04932], Train Rec Loss=[0.03258], Eval Rec Loss=[0.03255], c=[0.50000], F=[0.80146, 0.91005, 0.94837, 0.96603], F_fuse=[0.01513, 0.01093, 0.00768, 0.00530]
[ INFO : 2026-07-06 19:00:25,673 ] - Epoch 90: train==[60.00733 = 0.98518 + 0.95913 + 5.07902 + 0.01093 + 0.00000 + 0.16414 + 884.94450]
[ INFO : 2026-07-06 19:00:32,863 ] - Test_@[5, 10, 20, 50]: Recall=[0.03964, 0.05595, 0.07928, 0.13442],  precision=[0.00793, 0.00560, 0.00396, 0.00269], hit=[0.03964, 0.05595, 0.07928, 0.13442], ndcg=[0.02844, 0.03371, 0.03957, 0.05042], Train Rec Loss=[0.03258], Eval Rec Loss=[0.03253], c=[0.50000], F=[0.79960, 0.90966, 0.94817, 0.96614], F_fuse=[0.01570, 0.01112, 0.00790, 0.00536]
[ INFO : 2026-07-06 19:01:41,495 ] - Epoch 91: train==[59.90084 = 0.98348 + 0.95913 + 4.98046 + 0.01084 + 0.00000 + 0.15801 + 884.94450]
[ INFO : 2026-07-06 19:01:48,726 ] - Test_@[5, 10, 20, 50]: Recall=[0.03899, 0.05628, 0.07945, 0.13507],  precision=[0.00780, 0.00563, 0.00397, 0.00270], hit=[0.03899, 0.05628, 0.07945, 0.13507], ndcg=[0.02799, 0.03363, 0.03945, 0.05042], Train Rec Loss=[0.03255], Eval Rec Loss=[0.03253], c=[0.50000], F=[0.79705, 0.90640, 0.94631, 0.96528], F_fuse=[0.01544, 0.01119, 0.00791, 0.00539]
[ INFO : 2026-07-06 19:02:57,206 ] - Epoch 92: train==[59.81538 = 0.97694 + 0.95913 + 4.90760 + 0.01087 + 0.00000 + 0.15191 + 884.94450]
[ INFO : 2026-07-06 19:03:04,443 ] - Test_@[5, 10, 20, 50]: Recall=[0.03850, 0.05514, 0.07863, 0.13279],  precision=[0.00770, 0.00551, 0.00393, 0.00266], hit=[0.03850, 0.05514, 0.07863, 0.13279], ndcg=[0.02744, 0.03283, 0.03875, 0.04942], Train Rec Loss=[0.03255], Eval Rec Loss=[0.03252], c=[0.50000], F=[0.80418, 0.90833, 0.94822, 0.96546], F_fuse=[0.01525, 0.01096, 0.00783, 0.00530]
[ INFO : 2026-07-06 19:04:12,500 ] - Epoch 93: train==[59.74943 = 0.97465 + 0.95912 + 4.84813 + 0.01091 + 0.00000 + 0.14767 + 884.94450]
[ INFO : 2026-07-06 19:04:19,664 ] - Test_@[5, 10, 20, 50]: Recall=[0.03719, 0.05481, 0.07814, 0.13263],  precision=[0.00744, 0.00548, 0.00391, 0.00265], hit=[0.03719, 0.05481, 0.07814, 0.13263], ndcg=[0.02623, 0.03189, 0.03779, 0.04854], Train Rec Loss=[0.03255], Eval Rec Loss=[0.03252], c=[0.50000], F=[0.80979, 0.91008, 0.94808, 0.96574], F_fuse=[0.01474, 0.01090, 0.00778, 0.00529]
[ INFO : 2026-07-06 19:05:27,884 ] - Epoch 94: train==[59.62949 = 0.97094 + 0.95913 + 4.73567 + 0.01100 + 0.00000 + 0.14382 + 884.94450]
[ INFO : 2026-07-06 19:05:35,131 ] - Test_@[5, 10, 20, 50]: Recall=[0.03883, 0.05579, 0.07912, 0.13491],  precision=[0.00777, 0.00558, 0.00396, 0.00270], hit=[0.03883, 0.05579, 0.07912, 0.13491], ndcg=[0.02738, 0.03288, 0.03876, 0.04975], Train Rec Loss=[0.03253], Eval Rec Loss=[0.03253], c=[0.50000], F=[0.80332, 0.90791, 0.94798, 0.96589], F_fuse=[0.01538, 0.01109, 0.00788, 0.00538]
[ INFO : 2026-07-06 19:06:43,103 ] - Epoch 95: train==[59.61199 = 0.96271 + 0.95913 + 4.73293 + 0.01101 + 0.00000 + 0.13728 + 884.94450]
[ INFO : 2026-07-06 19:06:50,288 ] - Test_@[5, 10, 20, 50]: Recall=[0.03899, 0.05546, 0.08042, 0.13540],  precision=[0.00780, 0.00555, 0.00402, 0.00271], hit=[0.03899, 0.05546, 0.08042, 0.13540], ndcg=[0.02746, 0.03278, 0.03907, 0.04986], Train Rec Loss=[0.03253], Eval Rec Loss=[0.03249], c=[0.50000], F=[0.80806, 0.90605, 0.94740, 0.96537], F_fuse=[0.01545, 0.01103, 0.00801, 0.00540]
[ INFO : 2026-07-06 19:07:59,202 ] - Epoch 96: train==[59.55534 = 0.95399 + 0.95913 + 4.69111 + 0.01094 + 0.00000 + 0.13124 + 884.94450]
[ INFO : 2026-07-06 19:08:06,431 ] - Test_@[5, 10, 20, 50]: Recall=[0.03866, 0.05661, 0.07977, 0.13687],  precision=[0.00773, 0.00566, 0.00399, 0.00274], hit=[0.03866, 0.05661, 0.07977, 0.13687], ndcg=[0.02730, 0.03309, 0.03893, 0.05016], Train Rec Loss=[0.03254], Eval Rec Loss=[0.03250], c=[0.50000], F=[0.80851, 0.90687, 0.94675, 0.96578], F_fuse=[0.01532, 0.01125, 0.00794, 0.00546]
[ INFO : 2026-07-06 19:09:14,479 ] - Epoch 97: train==[59.55159 = 0.95346 + 0.95913 + 4.69240 + 0.01100 + 0.00000 + 0.12667 + 884.94450]
[ INFO : 2026-07-06 19:09:21,717 ] - Test_@[5, 10, 20, 50]: Recall=[0.03931, 0.05595, 0.08075, 0.13736],  precision=[0.00786, 0.00560, 0.00404, 0.00275], hit=[0.03931, 0.05595, 0.08075, 0.13736], ndcg=[0.02712, 0.03249, 0.03875, 0.04986], Train Rec Loss=[0.03251], Eval Rec Loss=[0.03251], c=[0.50000], F=[0.80691, 0.90659, 0.94801, 0.96624], F_fuse=[0.01557, 0.01112, 0.00804, 0.00548]
[ INFO : 2026-07-06 19:10:29,796 ] - Epoch 98: train==[59.43799 = 0.95209 + 0.95913 + 4.58655 + 0.01101 + 0.00000 + 0.12027 + 884.94450]
[ INFO : 2026-07-06 19:10:36,976 ] - Test_@[5, 10, 20, 50]: Recall=[0.04029, 0.05644, 0.08108, 0.13948],  precision=[0.00806, 0.00564, 0.00405, 0.00279], hit=[0.04029, 0.05644, 0.08108, 0.13948], ndcg=[0.02828, 0.03351, 0.03970, 0.05117], Train Rec Loss=[0.03253], Eval Rec Loss=[0.03248], c=[0.50000], F=[0.80287, 0.90434, 0.94742, 0.96542], F_fuse=[0.01596, 0.01122, 0.00807, 0.00556]
[ INFO : 2026-07-06 19:11:45,845 ] - Epoch 99: train==[59.40062 = 0.94623 + 0.95913 + 4.55600 + 0.01100 + 0.00000 + 0.11933 + 884.94450]
[ INFO : 2026-07-06 19:11:53,029 ] - Test_@[5, 10, 20, 50]: Recall=[0.03703, 0.05465, 0.07847, 0.13458],  precision=[0.00741, 0.00546, 0.00392, 0.00269], hit=[0.03703, 0.05465, 0.07847, 0.13458], ndcg=[0.02534, 0.03095, 0.03692, 0.04801], Train Rec Loss=[0.03251], Eval Rec Loss=[0.03248], c=[0.50000], F=[0.81722, 0.90553, 0.94793, 0.96620], F_fuse=[0.01468, 0.01086, 0.00781, 0.00537]
[ INFO : 2026-07-06 19:13:01,560 ] - Epoch 100: train==[59.36927 = 0.94130 + 0.95914 + 4.53518 + 0.01086 + 0.00000 + 0.11386 + 884.94450]
[ INFO : 2026-07-06 19:13:08,824 ] - Test_@[5, 10, 20, 50]: Recall=[0.03997, 0.05677, 0.08157, 0.14111],  precision=[0.00799, 0.00568, 0.00408, 0.00282], hit=[0.03997, 0.05677, 0.08157, 0.14111], ndcg=[0.02801, 0.03341, 0.03962, 0.05130], Train Rec Loss=[0.03250], Eval Rec Loss=[0.03248], c=[0.50000], F=[0.80962, 0.90664, 0.94684, 0.96586], F_fuse=[0.01583, 0.01128, 0.00812, 0.00563]
[ INFO : 2026-07-06 19:14:16,932 ] - Epoch 101: train==[59.36302 = 0.93808 + 0.95913 + 4.53702 + 0.01086 + 0.00000 + 0.10899 + 884.94450]
[ INFO : 2026-07-06 19:14:24,184 ] - Test_@[5, 10, 20, 50]: Recall=[0.03817, 0.05628, 0.08157, 0.13654],  precision=[0.00763, 0.00563, 0.00408, 0.00273], hit=[0.03817, 0.05628, 0.08157, 0.13654], ndcg=[0.02644, 0.03221, 0.03858, 0.04940], Train Rec Loss=[0.03251], Eval Rec Loss=[0.03247], c=[0.50000], F=[0.81622, 0.90632, 0.94730, 0.96634], F_fuse=[0.01513, 0.01119, 0.00812, 0.00545]
[ INFO : 2026-07-06 19:15:32,196 ] - Epoch 102: train==[59.31269 = 0.93202 + 0.95913 + 4.49712 + 0.01087 + 0.00000 + 0.10463 + 884.94450]
[ INFO : 2026-07-06 19:15:39,385 ] - Test_@[5, 10, 20, 50]: Recall=[0.03670, 0.05498, 0.07945, 0.13556],  precision=[0.00734, 0.00550, 0.00397, 0.00271], hit=[0.03670, 0.05498, 0.07945, 0.13556], ndcg=[0.02518, 0.03101, 0.03718, 0.04827], Train Rec Loss=[0.03249], Eval Rec Loss=[0.03246], c=[0.50000], F=[0.82364, 0.90471, 0.94657, 0.96606], F_fuse=[0.01455, 0.01093, 0.00791, 0.00541]
[ INFO : 2026-07-06 19:16:47,502 ] - Epoch 103: train==[59.23505 = 0.92739 + 0.95913 + 4.42598 + 0.01081 + 0.00000 + 0.10281 + 884.94450]
[ INFO : 2026-07-06 19:16:54,737 ] - Test_@[5, 10, 20, 50]: Recall=[0.03817, 0.05726, 0.08303, 0.14078],  precision=[0.00763, 0.00573, 0.00415, 0.00282], hit=[0.03817, 0.05726, 0.08303, 0.14078], ndcg=[0.02731, 0.03343, 0.03993, 0.05124], Train Rec Loss=[0.03248], Eval Rec Loss=[0.03246], c=[0.50000], F=[0.82047, 0.90702, 0.94669, 0.96591], F_fuse=[0.01513, 0.01138, 0.00827, 0.00561]
[ INFO : 2026-07-06 19:18:02,760 ] - Epoch 104: train==[59.23943 = 0.92727 + 0.95913 + 4.43474 + 0.01073 + 0.00000 + 0.09863 + 884.94450]
[ INFO : 2026-07-06 19:18:09,932 ] - Test_@[5, 10, 20, 50]: Recall=[0.03899, 0.05579, 0.08124, 0.14046],  precision=[0.00780, 0.00558, 0.00406, 0.00281], hit=[0.03899, 0.05579, 0.08124, 0.14046], ndcg=[0.02707, 0.03248, 0.03895, 0.05058], Train Rec Loss=[0.03249], Eval Rec Loss=[0.03246], c=[0.50000], F=[0.81675, 0.90456, 0.94671, 0.96572], F_fuse=[0.01545, 0.01109, 0.00809, 0.00560]
[ INFO : 2026-07-06 19:19:17,655 ] - Epoch 105: train==[59.18374 = 0.92495 + 0.95913 + 4.38505 + 0.01068 + 0.00000 + 0.09500 + 884.94450]
[ INFO : 2026-07-06 19:19:24,914 ] - Test_@[5, 10, 20, 50]: Recall=[0.03801, 0.05579, 0.08206, 0.13817],  precision=[0.00760, 0.00558, 0.00410, 0.00276], hit=[0.03801, 0.05579, 0.08206, 0.13817], ndcg=[0.02648, 0.03216, 0.03880, 0.04984], Train Rec Loss=[0.03247], Eval Rec Loss=[0.03243], c=[0.50000], F=[0.82363, 0.90479, 0.94627, 0.96532], F_fuse=[0.01506, 0.01109, 0.00817, 0.00551]
[ INFO : 2026-07-06 19:20:33,110 ] - Epoch 106: train==[59.05157 = 0.91933 + 0.95913 + 4.26103 + 0.01068 + 0.00000 + 0.09246 + 884.94450]
[ INFO : 2026-07-06 19:20:40,356 ] - Test_@[5, 10, 20, 50]: Recall=[0.03834, 0.05628, 0.08352, 0.14258],  precision=[0.00767, 0.00563, 0.00418, 0.00285], hit=[0.03834, 0.05628, 0.08352, 0.14258], ndcg=[0.02700, 0.03271, 0.03959, 0.05115], Train Rec Loss=[0.03247], Eval Rec Loss=[0.03243], c=[0.50000], F=[0.82428, 0.90588, 0.94555, 0.96496], F_fuse=[0.01519, 0.01119, 0.00832, 0.00569]
[ INFO : 2026-07-06 19:21:49,234 ] - Epoch 107: train==[59.09315 = 0.90780 + 0.95913 + 4.31848 + 0.01066 + 0.00000 + 0.08816 + 884.94450]
[ INFO : 2026-07-06 19:21:56,493 ] - Test_@[5, 10, 20, 50]: Recall=[0.03834, 0.05579, 0.08320, 0.14192],  precision=[0.00767, 0.00558, 0.00416, 0.00284], hit=[0.03834, 0.05579, 0.08320, 0.14192], ndcg=[0.02652, 0.03209, 0.03898, 0.05049], Train Rec Loss=[0.03247], Eval Rec Loss=[0.03245], c=[0.50000], F=[0.82978, 0.90465, 0.94429, 0.96444], F_fuse=[0.01519, 0.01109, 0.00828, 0.00566]
[ INFO : 2026-07-06 19:23:04,769 ] - Epoch 108: train==[59.11011 = 0.90518 + 0.95913 + 4.34164 + 0.01053 + 0.00000 + 0.08469 + 884.94450]
[ INFO : 2026-07-06 19:23:12,031 ] - Test_@[5, 10, 20, 50]: Recall=[0.03964, 0.05759, 0.08303, 0.14666],  precision=[0.00793, 0.00576, 0.00415, 0.00293], hit=[0.03964, 0.05759, 0.08303, 0.14666], ndcg=[0.02800, 0.03375, 0.04016, 0.05263], Train Rec Loss=[0.03246], Eval Rec Loss=[0.03243], c=[0.50000], F=[0.82451, 0.90568, 0.94584, 0.96429], F_fuse=[0.01571, 0.01144, 0.00827, 0.00585]
[ INFO : 2026-07-06 19:24:20,650 ] - Epoch 109: train==[58.99502 = 0.89942 + 0.95913 + 4.23545 + 0.01061 + 0.00000 + 0.08148 + 884.94450]
[ INFO : 2026-07-06 19:24:27,832 ] - Test_@[5, 10, 20, 50]: Recall=[0.03817, 0.05579, 0.08369, 0.14486],  precision=[0.00763, 0.00558, 0.00418, 0.00290], hit=[0.03817, 0.05579, 0.08369, 0.14486], ndcg=[0.02674, 0.03238, 0.03943, 0.05141], Train Rec Loss=[0.03246], Eval Rec Loss=[0.03242], c=[0.50000], F=[0.82630, 0.90531, 0.94426, 0.96465], F_fuse=[0.01513, 0.01109, 0.00833, 0.00578]
[ INFO : 2026-07-06 19:25:36,363 ] - Epoch 110: train==[58.92490 = 0.89831 + 0.95913 + 4.16761 + 0.01064 + 0.00000 + 0.08029 + 884.94450]
[ INFO : 2026-07-06 19:25:43,526 ] - Test_@[5, 10, 20, 50]: Recall=[0.03883, 0.05628, 0.08418, 0.14617],  precision=[0.00777, 0.00563, 0.00421, 0.00292], hit=[0.03883, 0.05628, 0.08418, 0.14617], ndcg=[0.02744, 0.03306, 0.04011, 0.05221], Train Rec Loss=[0.03246], Eval Rec Loss=[0.03240], c=[0.50000], F=[0.83136, 0.90631, 0.94430, 0.96452], F_fuse=[0.01539, 0.01119, 0.00838, 0.00583]
[ INFO : 2026-07-06 19:26:52,091 ] - Epoch 111: train==[58.87329 = 0.89188 + 0.95913 + 4.12541 + 0.01070 + 0.00000 + 0.07724 + 884.94450]
[ INFO : 2026-07-06 19:26:59,276 ] - Test_@[5, 10, 20, 50]: Recall=[0.03785, 0.05563, 0.08401, 0.14486],  precision=[0.00757, 0.00556, 0.00420, 0.00290], hit=[0.03785, 0.05563, 0.08401, 0.14486], ndcg=[0.02632, 0.03201, 0.03918, 0.05108], Train Rec Loss=[0.03244], Eval Rec Loss=[0.03242], c=[0.50000], F=[0.82791, 0.90604, 0.94399, 0.96495], F_fuse=[0.01500, 0.01106, 0.00836, 0.00578]
[ INFO : 2026-07-06 19:28:07,949 ] - Epoch 112: train==[58.88216 = 0.89160 + 0.95913 + 4.13785 + 0.01066 + 0.00000 + 0.07399 + 884.94450]
[ INFO : 2026-07-06 19:28:15,107 ] - Test_@[5, 10, 20, 50]: Recall=[0.03752, 0.05514, 0.08222, 0.14307],  precision=[0.00750, 0.00551, 0.00411, 0.00286], hit=[0.03752, 0.05514, 0.08222, 0.14307], ndcg=[0.02545, 0.03106, 0.03786, 0.04980], Train Rec Loss=[0.03244], Eval Rec Loss=[0.03242], c=[0.50000], F=[0.83539, 0.90570, 0.94406, 0.96340], F_fuse=[0.01487, 0.01096, 0.00819, 0.00571]
[ INFO : 2026-07-06 19:29:23,961 ] - Epoch 113: train==[58.78713 = 0.88633 + 0.95913 + 4.04935 + 0.01065 + 0.00000 + 0.07274 + 884.94450]
[ INFO : 2026-07-06 19:29:31,179 ] - Test_@[5, 10, 20, 50]: Recall=[0.03785, 0.05563, 0.08369, 0.14356],  precision=[0.00757, 0.00556, 0.00418, 0.00287], hit=[0.03785, 0.05563, 0.08369, 0.14356], ndcg=[0.02617, 0.03188, 0.03896, 0.05070], Train Rec Loss=[0.03243], Eval Rec Loss=[0.03240], c=[0.50000], F=[0.83416, 0.90603, 0.94493, 0.96413], F_fuse=[0.01500, 0.01106, 0.00833, 0.00573]
[ INFO : 2026-07-06 19:30:39,966 ] - Epoch 114: train==[58.77652 = 0.88303 + 0.95913 + 4.04437 + 0.01066 + 0.00000 + 0.07040 + 884.94450]
[ INFO : 2026-07-06 19:30:47,192 ] - Test_@[5, 10, 20, 50]: Recall=[0.03801, 0.05514, 0.08140, 0.14176],  precision=[0.00760, 0.00551, 0.00407, 0.00284], hit=[0.03801, 0.05514, 0.08140, 0.14176], ndcg=[0.02567, 0.03112, 0.03774, 0.04964], Train Rec Loss=[0.03243], Eval Rec Loss=[0.03241], c=[0.50000], F=[0.83750, 0.90754, 0.94579, 0.96515], F_fuse=[0.01507, 0.01096, 0.00811, 0.00565]
[ INFO : 2026-07-06 19:31:55,450 ] - Epoch 115: train==[58.76315 = 0.87845 + 0.95913 + 4.03772 + 0.01069 + 0.00000 + 0.06822 + 884.94450]
[ INFO : 2026-07-06 19:32:02,677 ] - Test_@[5, 10, 20, 50]: Recall=[0.03850, 0.05514, 0.08173, 0.14274],  precision=[0.00770, 0.00551, 0.00409, 0.00285], hit=[0.03850, 0.05514, 0.08173, 0.14274], ndcg=[0.02592, 0.03117, 0.03789, 0.04990], Train Rec Loss=[0.03243], Eval Rec Loss=[0.03239], c=[0.50000], F=[0.83876, 0.90593, 0.94350, 0.96392], F_fuse=[0.01526, 0.01096, 0.00814, 0.00569]
[ INFO : 2026-07-06 19:33:10,559 ] - Epoch 116: train==[58.63273 = 0.87498 + 0.95913 + 3.91233 + 0.01067 + 0.00000 + 0.06668 + 884.94450]
[ INFO : 2026-07-06 19:33:17,714 ] - Test_@[5, 10, 20, 50]: Recall=[0.03931, 0.05726, 0.08630, 0.14829],  precision=[0.00786, 0.00573, 0.00431, 0.00297], hit=[0.03931, 0.05726, 0.08630, 0.14829], ndcg=[0.02758, 0.03328, 0.04059, 0.05273], Train Rec Loss=[0.03242], Eval Rec Loss=[0.03240], c=[0.50000], F=[0.84197, 0.90706, 0.94155, 0.96370], F_fuse=[0.01558, 0.01138, 0.00859, 0.00591]
[ INFO : 2026-07-06 19:34:25,655 ] - Epoch 117: train==[58.73165 = 0.87221 + 0.95913 + 4.01586 + 0.01064 + 0.00000 + 0.06487 + 884.94450]
[ INFO : 2026-07-06 19:34:32,820 ] - Test_@[5, 10, 20, 50]: Recall=[0.03817, 0.05579, 0.08499, 0.14682],  precision=[0.00763, 0.00558, 0.00425, 0.00294], hit=[0.03817, 0.05579, 0.08499, 0.14682], ndcg=[0.02603, 0.03166, 0.03898, 0.05109], Train Rec Loss=[0.03243], Eval Rec Loss=[0.03241], c=[0.50000], F=[0.83958, 0.90738, 0.94284, 0.96268], F_fuse=[0.01513, 0.01109, 0.00846, 0.00585]
[ INFO : 2026-07-06 19:35:40,909 ] - Epoch 118: train==[58.67212 = 0.86956 + 0.95913 + 3.96271 + 0.01070 + 0.00000 + 0.06109 + 884.94450]
[ INFO : 2026-07-06 19:35:48,080 ] - Test_@[5, 10, 20, 50]: Recall=[0.03980, 0.05710, 0.08679, 0.14878],  precision=[0.00796, 0.00571, 0.00434, 0.00298], hit=[0.03980, 0.05710, 0.08679, 0.14878], ndcg=[0.02727, 0.03274, 0.04017, 0.05228], Train Rec Loss=[0.03241], Eval Rec Loss=[0.03238], c=[0.50000], F=[0.84061, 0.90749, 0.94348, 0.96319], F_fuse=[0.01577, 0.01135, 0.00864, 0.00593]
[ INFO : 2026-07-06 19:36:56,068 ] - Epoch 119: train==[58.58050 = 0.86340 + 0.95913 + 3.88026 + 0.01064 + 0.00000 + 0.05813 + 884.94450]
[ INFO : 2026-07-06 19:37:03,319 ] - Test_@[5, 10, 20, 50]: Recall=[0.03931, 0.05644, 0.08564, 0.14894],  precision=[0.00786, 0.00564, 0.00428, 0.00298], hit=[0.03931, 0.05644, 0.08564, 0.14894], ndcg=[0.02705, 0.03250, 0.03985, 0.05224], Train Rec Loss=[0.03240], Eval Rec Loss=[0.03238], c=[0.50000], F=[0.83894, 0.90774, 0.94344, 0.96385], F_fuse=[0.01558, 0.01122, 0.00853, 0.00594]
[ INFO : 2026-07-06 19:38:11,634 ] - Epoch 120: train==[58.47569 = 0.86377 + 0.95913 + 3.77633 + 0.01072 + 0.00000 + 0.05681 + 884.94450]
[ INFO : 2026-07-06 19:38:18,883 ] - Test_@[5, 10, 20, 50]: Recall=[0.03801, 0.05628, 0.08515, 0.14584],  precision=[0.00760, 0.00563, 0.00426, 0.00292], hit=[0.03801, 0.05628, 0.08515, 0.14584], ndcg=[0.02594, 0.03173, 0.03895, 0.05084], Train Rec Loss=[0.03240], Eval Rec Loss=[0.03238], c=[0.50000], F=[0.83942, 0.90458, 0.94168, 0.96234], F_fuse=[0.01507, 0.01119, 0.00848, 0.00582]
[ INFO : 2026-07-06 19:39:27,072 ] - Epoch 121: train==[58.54134 = 0.85499 + 0.95913 + 3.85243 + 0.01064 + 0.00000 + 0.05522 + 884.94450]
[ INFO : 2026-07-06 19:39:34,297 ] - Test_@[5, 10, 20, 50]: Recall=[0.03899, 0.05726, 0.08630, 0.14992],  precision=[0.00780, 0.00573, 0.00431, 0.00300], hit=[0.03899, 0.05726, 0.08630, 0.14992], ndcg=[0.02672, 0.03254, 0.03984, 0.05232], Train Rec Loss=[0.03239], Eval Rec Loss=[0.03238], c=[0.50000], F=[0.83844, 0.90418, 0.94054, 0.96259], F_fuse=[0.01545, 0.01138, 0.00859, 0.00598]
[ INFO : 2026-07-06 19:40:42,889 ] - Epoch 122: train==[58.45048 = 0.85469 + 0.95913 + 3.76468 + 0.01072 + 0.00000 + 0.05233 + 884.94450]
[ INFO : 2026-07-06 19:40:50,045 ] - Test_@[5, 10, 20, 50]: Recall=[0.03899, 0.05742, 0.08728, 0.15188],  precision=[0.00780, 0.00574, 0.00436, 0.00304], hit=[0.03899, 0.05742, 0.08728, 0.15188], ndcg=[0.02671, 0.03258, 0.04007, 0.05272], Train Rec Loss=[0.03239], Eval Rec Loss=[0.03235], c=[0.50000], F=[0.83991, 0.90547, 0.94036, 0.96197], F_fuse=[0.01545, 0.01141, 0.00869, 0.00606]
[ INFO : 2026-07-06 19:41:58,818 ] - Epoch 123: train==[58.43623 = 0.84887 + 0.95913 + 3.75820 + 0.01075 + 0.00000 + 0.05035 + 884.94450]
[ INFO : 2026-07-06 19:42:05,978 ] - Test_@[5, 10, 20, 50]: Recall=[0.03719, 0.05530, 0.08369, 0.14649],  precision=[0.00744, 0.00553, 0.00418, 0.00293], hit=[0.03719, 0.05530, 0.08369, 0.14649], ndcg=[0.02565, 0.03142, 0.03853, 0.05084], Train Rec Loss=[0.03237], Eval Rec Loss=[0.03236], c=[0.50000], F=[0.84175, 0.90468, 0.94085, 0.96238], F_fuse=[0.01475, 0.01099, 0.00833, 0.00584]
[ INFO : 2026-07-06 19:43:14,507 ] - Epoch 124: train==[58.38538 = 0.84818 + 0.95913 + 3.70879 + 0.01070 + 0.00000 + 0.04965 + 884.94450]
[ INFO : 2026-07-06 19:43:21,739 ] - Test_@[5, 10, 20, 50]: Recall=[0.03899, 0.05595, 0.08711, 0.15106],  precision=[0.00780, 0.00560, 0.00436, 0.00302], hit=[0.03899, 0.05595, 0.08711, 0.15106], ndcg=[0.02696, 0.03238, 0.04023, 0.05277], Train Rec Loss=[0.03237], Eval Rec Loss=[0.03235], c=[0.50000], F=[0.84662, 0.90847, 0.94229, 0.96153], F_fuse=[0.01545, 0.01112, 0.00867, 0.00602]
[ INFO : 2026-07-06 19:44:29,302 ] - Epoch 125: train==[58.37058 = 0.84136 + 0.95913 + 3.70254 + 0.01074 + 0.00000 + 0.04788 + 884.94450]
[ INFO : 2026-07-06 19:44:36,453 ] - Test_@[5, 10, 20, 50]: Recall=[0.03736, 0.05514, 0.08532, 0.14845],  precision=[0.00747, 0.00551, 0.00427, 0.00297], hit=[0.03736, 0.05514, 0.08532, 0.14845], ndcg=[0.02605, 0.03173, 0.03933, 0.05174], Train Rec Loss=[0.03237], Eval Rec Loss=[0.03235], c=[0.50000], F=[0.84580, 0.90615, 0.94185, 0.96162], F_fuse=[0.01481, 0.01096, 0.00849, 0.00592]
[ INFO : 2026-07-06 19:45:44,293 ] - Epoch 126: train==[58.38791 = 0.83730 + 0.95913 + 3.72572 + 0.01070 + 0.00000 + 0.04613 + 884.94450]
[ INFO : 2026-07-06 19:45:51,528 ] - Test_@[5, 10, 20, 50]: Recall=[0.03752, 0.05546, 0.08336, 0.14568],  precision=[0.00750, 0.00555, 0.00417, 0.00291], hit=[0.03752, 0.05546, 0.08336, 0.14568], ndcg=[0.02600, 0.03172, 0.03869, 0.05095], Train Rec Loss=[0.03238], Eval Rec Loss=[0.03234], c=[0.50000], F=[0.84217, 0.90593, 0.94277, 0.96213], F_fuse=[0.01488, 0.01103, 0.00830, 0.00581]
[ INFO : 2026-07-06 19:47:00,384 ] - Epoch 127: train==[58.30660 = 0.83508 + 0.95913 + 3.64816 + 0.01068 + 0.00000 + 0.04462 + 884.94450]
[ INFO : 2026-07-06 19:47:07,613 ] - Test_@[5, 10, 20, 50]: Recall=[0.03883, 0.05661, 0.08662, 0.15139],  precision=[0.00777, 0.00566, 0.00433, 0.00303], hit=[0.03883, 0.05661, 0.08662, 0.15139], ndcg=[0.02676, 0.03243, 0.04000, 0.05271], Train Rec Loss=[0.03237], Eval Rec Loss=[0.03233], c=[0.50000], F=[0.84359, 0.90648, 0.94137, 0.96075], F_fuse=[0.01539, 0.01125, 0.00862, 0.00604]
[ INFO : 2026-07-06 19:48:15,918 ] - Epoch 128: train==[58.24486 = 0.83052 + 0.95913 + 3.59380 + 0.01075 + 0.00000 + 0.04173 + 884.94450]
[ INFO : 2026-07-06 19:48:23,064 ] - Test_@[5, 10, 20, 50]: Recall=[0.03931, 0.05726, 0.08679, 0.15383],  precision=[0.00786, 0.00573, 0.00434, 0.00308], hit=[0.03931, 0.05726, 0.08679, 0.15383], ndcg=[0.02688, 0.03259, 0.04000, 0.05309], Train Rec Loss=[0.03236], Eval Rec Loss=[0.03234], c=[0.50000], F=[0.84392, 0.90620, 0.94266, 0.96126], F_fuse=[0.01558, 0.01138, 0.00864, 0.00613]
[ INFO : 2026-07-06 19:49:31,829 ] - Epoch 129: train==[58.32337 = 0.83055 + 0.95913 + 3.67273 + 0.01068 + 0.00000 + 0.04135 + 884.94450]
[ INFO : 2026-07-06 19:49:38,981 ] - Test_@[5, 10, 20, 50]: Recall=[0.03866, 0.05563, 0.08695, 0.15269],  precision=[0.00773, 0.00556, 0.00435, 0.00305], hit=[0.03866, 0.05563, 0.08695, 0.15269], ndcg=[0.02634, 0.03181, 0.03972, 0.05258], Train Rec Loss=[0.03236], Eval Rec Loss=[0.03233], c=[0.50000], F=[0.84888, 0.90387, 0.94015, 0.95798], F_fuse=[0.01533, 0.01106, 0.00865, 0.00609]
[ INFO : 2026-07-06 19:50:47,171 ] - Epoch 130: train==[58.27761 = 0.82383 + 0.95913 + 3.63445 + 0.01067 + 0.00000 + 0.04060 + 884.94450]
[ INFO : 2026-07-06 19:50:54,431 ] - Test_@[5, 10, 20, 50]: Recall=[0.03654, 0.05595, 0.08450, 0.14649],  precision=[0.00731, 0.00560, 0.00423, 0.00293], hit=[0.03654, 0.05595, 0.08450, 0.14649], ndcg=[0.02543, 0.03174, 0.03893, 0.05115], Train Rec Loss=[0.03236], Eval Rec Loss=[0.03233], c=[0.50000], F=[0.84510, 0.90299, 0.93969, 0.95863], F_fuse=[0.01449, 0.01112, 0.00841, 0.00584]
[ INFO : 2026-07-06 19:52:02,287 ] - Epoch 131: train==[58.10068 = 0.82174 + 0.95913 + 3.46212 + 0.01080 + 0.00000 + 0.03796 + 884.94450]
[ INFO : 2026-07-06 19:52:09,501 ] - Test_@[5, 10, 20, 50]: Recall=[0.03899, 0.05661, 0.08630, 0.15204],  precision=[0.00780, 0.00566, 0.00431, 0.00304], hit=[0.03899, 0.05661, 0.08630, 0.15204], ndcg=[0.02651, 0.03216, 0.03966, 0.05260], Train Rec Loss=[0.03235], Eval Rec Loss=[0.03233], c=[0.50000], F=[0.84421, 0.90544, 0.93951, 0.95881], F_fuse=[0.01545, 0.01125, 0.00859, 0.00606]
[ INFO : 2026-07-06 19:53:17,306 ] - Epoch 132: train==[58.20219 = 0.81833 + 0.95913 + 3.56722 + 0.01073 + 0.00000 + 0.03785 + 884.94450]
[ INFO : 2026-07-06 19:53:24,490 ] - Test_@[5, 10, 20, 50]: Recall=[0.03785, 0.05628, 0.08630, 0.15073],  precision=[0.00757, 0.00563, 0.00431, 0.00301], hit=[0.03785, 0.05628, 0.08630, 0.15073], ndcg=[0.02660, 0.03257, 0.04015, 0.05279], Train Rec Loss=[0.03235], Eval Rec Loss=[0.03233], c=[0.50000], F=[0.84401, 0.90560, 0.94157, 0.96052], F_fuse=[0.01500, 0.01119, 0.00859, 0.00601]
[ INFO : 2026-07-06 19:54:32,427 ] - Epoch 133: train==[58.17269 = 0.81622 + 0.95914 + 3.54301 + 0.01074 + 0.00000 + 0.03466 + 884.94450]
[ INFO : 2026-07-06 19:54:39,674 ] - Test_@[5, 10, 20, 50]: Recall=[0.03768, 0.05693, 0.08630, 0.15220],  precision=[0.00754, 0.00569, 0.00431, 0.00304], hit=[0.03768, 0.05693, 0.08630, 0.15220], ndcg=[0.02635, 0.03258, 0.03996, 0.05289], Train Rec Loss=[0.03233], Eval Rec Loss=[0.03232], c=[0.50000], F=[0.84337, 0.90148, 0.93775, 0.95710], F_fuse=[0.01494, 0.01132, 0.00859, 0.00607]
[ INFO : 2026-07-06 19:55:48,102 ] - Epoch 134: train==[58.08440 = 0.81798 + 0.95914 + 3.45336 + 0.01085 + 0.00000 + 0.03415 + 884.94450]
[ INFO : 2026-07-06 19:55:55,358 ] - Test_@[5, 10, 20, 50]: Recall=[0.03703, 0.05579, 0.08613, 0.15318],  precision=[0.00741, 0.00558, 0.00431, 0.00306], hit=[0.03703, 0.05579, 0.08613, 0.15318], ndcg=[0.02606, 0.03213, 0.03978, 0.05293], Train Rec Loss=[0.03235], Eval Rec Loss=[0.03230], c=[0.50000], F=[0.84392, 0.90481, 0.94059, 0.95900], F_fuse=[0.01468, 0.01109, 0.00857, 0.00611]
[ INFO : 2026-07-06 19:57:02,921 ] - Epoch 135: train==[58.02421 = 0.81207 + 0.95913 + 3.39993 + 0.01085 + 0.00000 + 0.03329 + 884.94450]
[ INFO : 2026-07-06 19:57:10,075 ] - Test_@[5, 10, 20, 50]: Recall=[0.03850, 0.05644, 0.08646, 0.15449],  precision=[0.00770, 0.00564, 0.00432, 0.00309], hit=[0.03850, 0.05644, 0.08646, 0.15449], ndcg=[0.02664, 0.03247, 0.04004, 0.05338], Train Rec Loss=[0.03233], Eval Rec Loss=[0.03231], c=[0.50000], F=[0.84898, 0.90246, 0.93854, 0.95824], F_fuse=[0.01526, 0.01122, 0.00861, 0.00616]
[ INFO : 2026-07-06 19:58:17,848 ] - Epoch 136: train==[57.96681 = 0.80635 + 0.95913 + 3.34821 + 0.01077 + 0.00000 + 0.03342 + 884.94450]
[ INFO : 2026-07-06 19:58:25,005 ] - Test_@[5, 10, 20, 50]: Recall=[0.03834, 0.05710, 0.08744, 0.15595],  precision=[0.00767, 0.00571, 0.00437, 0.00312], hit=[0.03834, 0.05710, 0.08744, 0.15595], ndcg=[0.02673, 0.03278, 0.04042, 0.05383], Train Rec Loss=[0.03232], Eval Rec Loss=[0.03231], c=[0.50000], F=[0.84532, 0.90493, 0.94059, 0.95831], F_fuse=[0.01520, 0.01135, 0.00870, 0.00622]
[ INFO : 2026-07-06 19:59:33,327 ] - Epoch 137: train==[57.99275 = 0.80284 + 0.95913 + 3.37837 + 0.01087 + 0.00000 + 0.03261 + 884.94450]
[ INFO : 2026-07-06 19:59:40,478 ] - Test_@[5, 10, 20, 50]: Recall=[0.03605, 0.05644, 0.08613, 0.15073],  precision=[0.00721, 0.00564, 0.00431, 0.00301], hit=[0.03605, 0.05644, 0.08613, 0.15073], ndcg=[0.02519, 0.03180, 0.03925, 0.05193], Train Rec Loss=[0.03233], Eval Rec Loss=[0.03229], c=[0.50000], F=[0.84323, 0.90209, 0.93858, 0.95856], F_fuse=[0.01430, 0.01122, 0.00857, 0.00601]
[ INFO : 2026-07-06 20:00:48,524 ] - Epoch 138: train==[57.97251 = 0.79867 + 0.95914 + 3.36266 + 0.01089 + 0.00000 + 0.03222 + 884.94450]
[ INFO : 2026-07-06 20:00:55,700 ] - Test_@[5, 10, 20, 50]: Recall=[0.03556, 0.05579, 0.08646, 0.15057],  precision=[0.00711, 0.00558, 0.00432, 0.00301], hit=[0.03556, 0.05579, 0.08646, 0.15057], ndcg=[0.02491, 0.03150, 0.03921, 0.05180], Train Rec Loss=[0.03233], Eval Rec Loss=[0.03230], c=[0.50000], F=[0.84643, 0.90192, 0.93906, 0.95761], F_fuse=[0.01411, 0.01109, 0.00861, 0.00600]
[ INFO : 2026-07-06 20:02:03,414 ] - Epoch 139: train==[57.97501 = 0.79896 + 0.95913 + 3.36713 + 0.01082 + 0.00000 + 0.03003 + 884.94450]
[ INFO : 2026-07-06 20:02:10,576 ] - Test_@[5, 10, 20, 50]: Recall=[0.03703, 0.05726, 0.08744, 0.15498],  precision=[0.00741, 0.00573, 0.00437, 0.00310], hit=[0.03703, 0.05726, 0.08744, 0.15498], ndcg=[0.02602, 0.03258, 0.04018, 0.05343], Train Rec Loss=[0.03233], Eval Rec Loss=[0.03228], c=[0.50000], F=[0.84794, 0.90483, 0.94011, 0.95962], F_fuse=[0.01468, 0.01138, 0.00870, 0.00618]
[ INFO : 2026-07-06 20:03:18,952 ] - Epoch 140: train==[57.90791 = 0.79481 + 0.95914 + 3.30474 + 0.01082 + 0.00000 + 0.02947 + 884.94450]
[ INFO : 2026-07-06 20:03:26,210 ] - Test_@[5, 10, 20, 50]: Recall=[0.03638, 0.05693, 0.08744, 0.15367],  precision=[0.00728, 0.00569, 0.00437, 0.00307], hit=[0.03638, 0.05693, 0.08744, 0.15367], ndcg=[0.02557, 0.03222, 0.03989, 0.05290], Train Rec Loss=[0.03232], Eval Rec Loss=[0.03228], c=[0.50000], F=[0.84469, 0.89947, 0.93576, 0.95759], F_fuse=[0.01443, 0.01132, 0.00870, 0.00613]
[ INFO : 2026-07-06 20:04:34,441 ] - Epoch 141: train==[57.90644 = 0.78874 + 0.95913 + 3.31043 + 0.01078 + 0.00000 + 0.02843 + 884.94450]
[ INFO : 2026-07-06 20:04:41,688 ] - Test_@[5, 10, 20, 50]: Recall=[0.03899, 0.05905, 0.08825, 0.15905],  precision=[0.00780, 0.00591, 0.00441, 0.00318], hit=[0.03899, 0.05905, 0.08825, 0.15905], ndcg=[0.02676, 0.03325, 0.04064, 0.05454], Train Rec Loss=[0.03232], Eval Rec Loss=[0.03227], c=[0.50000], F=[0.84511, 0.90129, 0.93706, 0.95756], F_fuse=[0.01545, 0.01173, 0.00878, 0.00634]
[ INFO : 2026-07-06 20:05:50,281 ] - Epoch 142: train==[57.91655 = 0.78757 + 0.95913 + 3.32300 + 0.01077 + 0.00000 + 0.02714 + 884.94450]
[ INFO : 2026-07-06 20:05:57,585 ] - Test_@[5, 10, 20, 50]: Recall=[0.03931, 0.05954, 0.08809, 0.15808],  precision=[0.00786, 0.00595, 0.00440, 0.00316], hit=[0.03931, 0.05954, 0.08809, 0.15808], ndcg=[0.02726, 0.03380, 0.04102, 0.05480], Train Rec Loss=[0.03230], Eval Rec Loss=[0.03228], c=[0.50000], F=[0.84480, 0.90079, 0.93750, 0.95800], F_fuse=[0.01558, 0.01183, 0.00877, 0.00630]
[ INFO : 2026-07-06 20:07:05,872 ] - Epoch 143: train==[57.84211 = 0.78370 + 0.95913 + 3.25293 + 0.01083 + 0.00000 + 0.02658 + 884.94450]
[ INFO : 2026-07-06 20:07:13,148 ] - Test_@[5, 10, 20, 50]: Recall=[0.03719, 0.05742, 0.08874, 0.15612],  precision=[0.00744, 0.00574, 0.00444, 0.00312], hit=[0.03719, 0.05742, 0.08874, 0.15612], ndcg=[0.02591, 0.03246, 0.04031, 0.05352], Train Rec Loss=[0.03230], Eval Rec Loss=[0.03227], c=[0.50000], F=[0.84659, 0.90190, 0.93798, 0.95849], F_fuse=[0.01475, 0.01141, 0.00883, 0.00622]
[ INFO : 2026-07-06 20:08:22,220 ] - Epoch 144: train==[57.82611 = 0.78458 + 0.95913 + 3.23670 + 0.01085 + 0.00000 + 0.02592 + 884.94450]
[ INFO : 2026-07-06 20:08:29,475 ] - Test_@[5, 10, 20, 50]: Recall=[0.03899, 0.05905, 0.08972, 0.15612],  precision=[0.00780, 0.00591, 0.00449, 0.00312], hit=[0.03899, 0.05905, 0.08972, 0.15612], ndcg=[0.02692, 0.03342, 0.04115, 0.05421], Train Rec Loss=[0.03230], Eval Rec Loss=[0.03226], c=[0.50000], F=[0.84554, 0.89950, 0.93644, 0.95663], F_fuse=[0.01545, 0.01173, 0.00893, 0.00622]
[ INFO : 2026-07-06 20:09:38,263 ] - Epoch 145: train==[57.77946 = 0.77974 + 0.95913 + 3.19556 + 0.01092 + 0.00000 + 0.02518 + 884.94450]
[ INFO : 2026-07-06 20:09:45,503 ] - Test_@[5, 10, 20, 50]: Recall=[0.03866, 0.05856, 0.08940, 0.15840],  precision=[0.00773, 0.00586, 0.00447, 0.00317], hit=[0.03866, 0.05856, 0.08940, 0.15840], ndcg=[0.02685, 0.03332, 0.04109, 0.05467], Train Rec Loss=[0.03230], Eval Rec Loss=[0.03227], c=[0.50000], F=[0.84625, 0.90142, 0.93855, 0.95781], F_fuse=[0.01532, 0.01164, 0.00890, 0.00632]
[ INFO : 2026-07-06 20:10:53,581 ] - Epoch 146: train==[57.75706 = 0.77384 + 0.95913 + 3.17898 + 0.01097 + 0.00000 + 0.02521 + 884.94450]
[ INFO : 2026-07-06 20:11:00,834 ] - Test_@[5, 10, 20, 50]: Recall=[0.03899, 0.05971, 0.08956, 0.15954],  precision=[0.00780, 0.00597, 0.00448, 0.00319], hit=[0.03899, 0.05971, 0.08956, 0.15954], ndcg=[0.02730, 0.03404, 0.04157, 0.05534], Train Rec Loss=[0.03228], Eval Rec Loss=[0.03226], c=[0.50000], F=[0.84516, 0.90205, 0.93826, 0.95726], F_fuse=[0.01545, 0.01186, 0.00891, 0.00636]
[ INFO : 2026-07-06 20:12:08,455 ] - Epoch 147: train==[57.73293 = 0.77203 + 0.95913 + 3.15776 + 0.01096 + 0.00000 + 0.02413 + 884.94450]
[ INFO : 2026-07-06 20:12:15,634 ] - Test_@[5, 10, 20, 50]: Recall=[0.04013, 0.05971, 0.08858, 0.15954],  precision=[0.00803, 0.00597, 0.00443, 0.00319], hit=[0.04013, 0.05971, 0.08858, 0.15954], ndcg=[0.02768, 0.03401, 0.04132, 0.05529], Train Rec Loss=[0.03230], Eval Rec Loss=[0.03224], c=[0.50000], F=[0.84559, 0.89894, 0.93588, 0.95759], F_fuse=[0.01590, 0.01186, 0.00882, 0.00636]
[ INFO : 2026-07-06 20:13:24,093 ] - Epoch 148: train==[57.69149 = 0.76818 + 0.95913 + 3.12154 + 0.01098 + 0.00000 + 0.02271 + 884.94450]
[ INFO : 2026-07-06 20:13:31,257 ] - Test_@[5, 10, 20, 50]: Recall=[0.03899, 0.05856, 0.08923, 0.15971],  precision=[0.00780, 0.00586, 0.00446, 0.00319], hit=[0.03899, 0.05856, 0.08923, 0.15971], ndcg=[0.02694, 0.03334, 0.04108, 0.05496], Train Rec Loss=[0.03227], Eval Rec Loss=[0.03225], c=[0.50000], F=[0.84626, 0.90098, 0.93708, 0.95701], F_fuse=[0.01545, 0.01164, 0.00888, 0.00637]
[ INFO : 2026-07-06 20:14:40,052 ] - Epoch 149: train==[57.73921 = 0.76567 + 0.95913 + 3.17180 + 0.01104 + 0.00000 + 0.02263 + 884.94450]
[ INFO : 2026-07-06 20:14:47,226 ] - Test_@[5, 10, 20, 50]: Recall=[0.04029, 0.05987, 0.08972, 0.15987],  precision=[0.00806, 0.00599, 0.00449, 0.00320], hit=[0.04029, 0.05987, 0.08972, 0.15987], ndcg=[0.02793, 0.03422, 0.04173, 0.05557], Train Rec Loss=[0.03228], Eval Rec Loss=[0.03225], c=[0.50000], F=[0.84806, 0.89924, 0.93757, 0.95719], F_fuse=[0.01597, 0.01189, 0.00893, 0.00637]
[ INFO : 2026-07-06 20:15:55,972 ] - Epoch 150: train==[57.62424 = 0.76547 + 0.95913 + 3.05750 + 0.01101 + 0.00000 + 0.02220 + 884.94450]
[ INFO : 2026-07-06 20:16:03,212 ] - Test_@[5, 10, 20, 50]: Recall=[0.03589, 0.05612, 0.08760, 0.15710],  precision=[0.00718, 0.00561, 0.00438, 0.00314], hit=[0.03589, 0.05612, 0.08760, 0.15710], ndcg=[0.02511, 0.03170, 0.03963, 0.05330], Train Rec Loss=[0.03228], Eval Rec Loss=[0.03225], c=[0.50000], F=[0.84746, 0.89823, 0.93552, 0.95688], F_fuse=[0.01424, 0.01115, 0.00872, 0.00626]
[ INFO : 2026-07-06 20:17:12,165 ] - Epoch 151: train==[57.65226 = 0.76428 + 0.95914 + 3.08757 + 0.01099 + 0.00000 + 0.02136 + 884.94450]
[ INFO : 2026-07-06 20:17:19,338 ] - Test_@[5, 10, 20, 50]: Recall=[0.04013, 0.06117, 0.09054, 0.15938],  precision=[0.00803, 0.00612, 0.00453, 0.00319], hit=[0.04013, 0.06117, 0.09054, 0.15938], ndcg=[0.02746, 0.03423, 0.04159, 0.05518], Train Rec Loss=[0.03227], Eval Rec Loss=[0.03225], c=[0.50000], F=[0.84634, 0.89911, 0.93640, 0.95651], F_fuse=[0.01590, 0.01215, 0.00901, 0.00635]
[ INFO : 2026-07-06 20:18:28,461 ] - Epoch 152: train==[57.60254 = 0.75650 + 0.95913 + 3.04677 + 0.01103 + 0.00000 + 0.02017 + 884.94450]
[ INFO : 2026-07-06 20:18:35,709 ] - Test_@[5, 10, 20, 50]: Recall=[0.04095, 0.06069, 0.08972, 0.16117],  precision=[0.00819, 0.00607, 0.00449, 0.00322], hit=[0.04095, 0.06069, 0.08972, 0.16117], ndcg=[0.02807, 0.03444, 0.04174, 0.05584], Train Rec Loss=[0.03227], Eval Rec Loss=[0.03226], c=[0.50000], F=[0.84839, 0.90122, 0.93732, 0.95581], F_fuse=[0.01622, 0.01206, 0.00893, 0.00643]
[ INFO : 2026-07-06 20:19:44,236 ] - Epoch 153: train==[57.59708 = 0.75680 + 0.95914 + 3.04118 + 0.01102 + 0.00000 + 0.02000 + 884.94450]
[ INFO : 2026-07-06 20:19:51,388 ] - Test_@[5, 10, 20, 50]: Recall=[0.03915, 0.06020, 0.09021, 0.15840],  precision=[0.00783, 0.00602, 0.00451, 0.00317], hit=[0.03915, 0.06020, 0.09021, 0.15840], ndcg=[0.02730, 0.03407, 0.04158, 0.05504], Train Rec Loss=[0.03228], Eval Rec Loss=[0.03225], c=[0.50000], F=[0.84630, 0.89923, 0.93587, 0.95532], F_fuse=[0.01552, 0.01196, 0.00898, 0.00632]
[ INFO : 2026-07-06 20:20:59,554 ] - Epoch 154: train==[57.56393 = 0.75348 + 0.95913 + 3.01157 + 0.01113 + 0.00000 + 0.01969 + 884.94450]
[ INFO : 2026-07-06 20:21:06,717 ] - Test_@[5, 10, 20, 50]: Recall=[0.03736, 0.05628, 0.08809, 0.15612],  precision=[0.00747, 0.00563, 0.00440, 0.00312], hit=[0.03736, 0.05628, 0.08809, 0.15612], ndcg=[0.02545, 0.03157, 0.03959, 0.05301], Train Rec Loss=[0.03227], Eval Rec Loss=[0.03224], c=[0.50000], F=[0.84827, 0.89771, 0.93518, 0.95690], F_fuse=[0.01481, 0.01119, 0.00877, 0.00622]
[ INFO : 2026-07-06 20:22:15,504 ] - Epoch 155: train==[57.53928 = 0.74960 + 0.95914 + 2.99220 + 0.01105 + 0.00000 + 0.01837 + 884.94450]
[ INFO : 2026-07-06 20:22:22,660 ] - Test_@[5, 10, 20, 50]: Recall=[0.03850, 0.05954, 0.08907, 0.15824],  precision=[0.00770, 0.00595, 0.00445, 0.00316], hit=[0.03850, 0.05954, 0.08907, 0.15824], ndcg=[0.02641, 0.03317, 0.04054, 0.05416], Train Rec Loss=[0.03226], Eval Rec Loss=[0.03223], c=[0.50000], F=[0.84753, 0.89759, 0.93519, 0.95516], F_fuse=[0.01526, 0.01183, 0.00886, 0.00631]
[ INFO : 2026-07-06 20:23:31,573 ] - Epoch 156: train==[57.59561 = 0.74702 + 0.95914 + 3.05193 + 0.01105 + 0.00000 + 0.01754 + 884.94450]
[ INFO : 2026-07-06 20:23:38,808 ] - Test_@[5, 10, 20, 50]: Recall=[0.03670, 0.05498, 0.08630, 0.15302],  precision=[0.00734, 0.00550, 0.00431, 0.00306], hit=[0.03670, 0.05498, 0.08630, 0.15302], ndcg=[0.02483, 0.03074, 0.03866, 0.05184], Train Rec Loss=[0.03226], Eval Rec Loss=[0.03222], c=[0.50000], F=[0.84711, 0.89737, 0.93417, 0.95710], F_fuse=[0.01456, 0.01093, 0.00859, 0.00610]
[ INFO : 2026-07-06 20:24:47,341 ] - Epoch 157: train==[57.49552 = 0.74330 + 0.95914 + 2.95296 + 0.01117 + 0.00000 + 0.02002 + 884.94450]
[ INFO : 2026-07-06 20:24:54,577 ] - Test_@[5, 10, 20, 50]: Recall=[0.03703, 0.05563, 0.08581, 0.15237],  precision=[0.00741, 0.00556, 0.00429, 0.00305], hit=[0.03703, 0.05563, 0.08581, 0.15237], ndcg=[0.02515, 0.03115, 0.03874, 0.05188], Train Rec Loss=[0.03226], Eval Rec Loss=[0.03223], c=[0.50000], F=[0.84758, 0.89716, 0.93457, 0.95496], F_fuse=[0.01468, 0.01106, 0.00854, 0.00608]
[ INFO : 2026-07-06 20:26:03,093 ] - Epoch 158: train==[57.48579 = 0.74109 + 0.95913 + 2.94887 + 0.01104 + 0.00000 + 0.01672 + 884.94450]
[ INFO : 2026-07-06 20:26:10,328 ] - Test_@[5, 10, 20, 50]: Recall=[0.04046, 0.06248, 0.09086, 0.16297],  precision=[0.00809, 0.00625, 0.00454, 0.00326], hit=[0.04046, 0.06248, 0.09086, 0.16297], ndcg=[0.02769, 0.03476, 0.04193, 0.05619], Train Rec Loss=[0.03225], Eval Rec Loss=[0.03222], c=[0.50000], F=[0.84744, 0.89961, 0.93569, 0.95535], F_fuse=[0.01603, 0.01241, 0.00904, 0.00650]
[ INFO : 2026-07-06 20:27:18,418 ] - Epoch 159: train==[57.43369 = 0.74382 + 0.95913 + 2.89513 + 0.01118 + 0.00000 + 0.01550 + 884.94450]
[ INFO : 2026-07-06 20:27:25,577 ] - Test_@[5, 10, 20, 50]: Recall=[0.03883, 0.06134, 0.09233, 0.16069],  precision=[0.00777, 0.00613, 0.00462, 0.00321], hit=[0.03883, 0.06134, 0.09233, 0.16069], ndcg=[0.02706, 0.03433, 0.04205, 0.05555], Train Rec Loss=[0.03226], Eval Rec Loss=[0.03222], c=[0.50000], F=[0.84920, 0.89702, 0.93494, 0.95587], F_fuse=[0.01539, 0.01218, 0.00919, 0.00641]
[ INFO : 2026-07-06 20:28:33,876 ] - Epoch 160: train==[57.46190 = 0.74754 + 0.95914 + 2.91927 + 0.01120 + 0.00000 + 0.01582 + 884.94450]
[ INFO : 2026-07-06 20:28:41,104 ] - Test_@[5, 10, 20, 50]: Recall=[0.03997, 0.06281, 0.09233, 0.16101],  precision=[0.00799, 0.00628, 0.00462, 0.00322], hit=[0.03997, 0.06281, 0.09233, 0.16101], ndcg=[0.02744, 0.03478, 0.04211, 0.05574], Train Rec Loss=[0.03225], Eval Rec Loss=[0.03221], c=[0.50000], F=[0.85035, 0.89851, 0.93559, 0.95610], F_fuse=[0.01584, 0.01247, 0.00919, 0.00642]
[ INFO : 2026-07-06 20:29:49,224 ] - Epoch 161: train==[57.44215 = 0.73707 + 0.95914 + 2.91098 + 0.01119 + 0.00000 + 0.01485 + 884.94450]
[ INFO : 2026-07-06 20:29:56,452 ] - Test_@[5, 10, 20, 50]: Recall=[0.03801, 0.05954, 0.08989, 0.15791],  precision=[0.00760, 0.00595, 0.00449, 0.00316], hit=[0.03801, 0.05954, 0.08989, 0.15791], ndcg=[0.02599, 0.03294, 0.04050, 0.05397], Train Rec Loss=[0.03224], Eval Rec Loss=[0.03222], c=[0.50000], F=[0.84837, 0.89771, 0.93495, 0.95589], F_fuse=[0.01507, 0.01183, 0.00895, 0.00630]
[ INFO : 2026-07-06 20:31:04,150 ] - Epoch 162: train==[57.44615 = 0.73150 + 0.95913 + 2.92089 + 0.01110 + 0.00000 + 0.01461 + 884.94450]
[ INFO : 2026-07-06 20:31:11,308 ] - Test_@[5, 10, 20, 50]: Recall=[0.03964, 0.06150, 0.09299, 0.16166],  precision=[0.00793, 0.00615, 0.00465, 0.00323], hit=[0.03964, 0.06150, 0.09299, 0.16166], ndcg=[0.02747, 0.03455, 0.04240, 0.05597], Train Rec Loss=[0.03225], Eval Rec Loss=[0.03221], c=[0.50000], F=[0.84998, 0.89770, 0.93486, 0.95639], F_fuse=[0.01571, 0.01222, 0.00925, 0.00644]
[ INFO : 2026-07-06 20:32:19,185 ] - Epoch 163: train==[57.35350 = 0.72759 + 0.95913 + 2.83257 + 0.01121 + 0.00000 + 0.01407 + 884.94450]
[ INFO : 2026-07-06 20:32:26,352 ] - Test_@[5, 10, 20, 50]: Recall=[0.03834, 0.06036, 0.08956, 0.15808],  precision=[0.00767, 0.00604, 0.00448, 0.00316], hit=[0.03834, 0.06036, 0.08956, 0.15808], ndcg=[0.02632, 0.03339, 0.04069, 0.05423], Train Rec Loss=[0.03222], Eval Rec Loss=[0.03222], c=[0.50000], F=[0.85280, 0.90071, 0.93786, 0.95565], F_fuse=[0.01520, 0.01199, 0.00891, 0.00630]
[ INFO : 2026-07-06 20:33:34,368 ] - Epoch 164: train==[57.33091 = 0.72646 + 0.95913 + 2.81205 + 0.01122 + 0.00000 + 0.01312 + 884.94450]
[ INFO : 2026-07-06 20:33:41,593 ] - Test_@[5, 10, 20, 50]: Recall=[0.03948, 0.06117, 0.09103, 0.16117],  precision=[0.00790, 0.00612, 0.00455, 0.00322], hit=[0.03948, 0.06117, 0.09103, 0.16117], ndcg=[0.02705, 0.03406, 0.04152, 0.05540], Train Rec Loss=[0.03223], Eval Rec Loss=[0.03220], c=[0.50000], F=[0.84988, 0.89719, 0.93365, 0.95533], F_fuse=[0.01565, 0.01215, 0.00906, 0.00643]
[ INFO : 2026-07-06 20:34:49,237 ] - Epoch 165: train==[57.36447 = 0.72228 + 0.95913 + 2.85062 + 0.01128 + 0.00000 + 0.01223 + 884.94450]
[ INFO : 2026-07-06 20:34:56,418 ] - Test_@[5, 10, 20, 50]: Recall=[0.03736, 0.05726, 0.08809, 0.15416],  precision=[0.00747, 0.00573, 0.00440, 0.00308], hit=[0.03736, 0.05726, 0.08809, 0.15416], ndcg=[0.02547, 0.03180, 0.03948, 0.05258], Train Rec Loss=[0.03222], Eval Rec Loss=[0.03220], c=[0.50000], F=[0.84774, 0.89528, 0.93296, 0.95548], F_fuse=[0.01481, 0.01138, 0.00877, 0.00615]
[ INFO : 2026-07-06 20:36:04,179 ] - Epoch 166: train==[57.33822 = 0.72444 + 0.95913 + 2.82275 + 0.01122 + 0.00000 + 0.01174 + 884.94450]
[ INFO : 2026-07-06 20:36:11,347 ] - Test_@[5, 10, 20, 50]: Recall=[0.03817, 0.05971, 0.09135, 0.15987],  precision=[0.00763, 0.00597, 0.00457, 0.00320], hit=[0.03817, 0.05971, 0.09135, 0.15987], ndcg=[0.02628, 0.03324, 0.04115, 0.05471], Train Rec Loss=[0.03222], Eval Rec Loss=[0.03220], c=[0.50000], F=[0.85015, 0.89736, 0.93437, 0.95564], F_fuse=[0.01513, 0.01186, 0.00909, 0.00637]
[ INFO : 2026-07-06 20:37:19,089 ] - Epoch 167: train==[57.29945 = 0.71829 + 0.95913 + 2.79065 + 0.01133 + 0.00000 + 0.01111 + 884.94450]
[ INFO : 2026-07-06 20:37:26,255 ] - Test_@[5, 10, 20, 50]: Recall=[0.04078, 0.06313, 0.09250, 0.16476],  precision=[0.00816, 0.00631, 0.00462, 0.00330], hit=[0.04078, 0.06313, 0.09250, 0.16476], ndcg=[0.02820, 0.03542, 0.04280, 0.05715], Train Rec Loss=[0.03223], Eval Rec Loss=[0.03219], c=[0.50000], F=[0.85000, 0.89947, 0.93529, 0.95528], F_fuse=[0.01616, 0.01254, 0.00920, 0.00657]
[ INFO : 2026-07-06 20:38:34,418 ] - Epoch 168: train==[57.28181 = 0.71882 + 0.95913 + 2.77178 + 0.01131 + 0.00000 + 0.01183 + 884.94450]
[ INFO : 2026-07-06 20:38:41,671 ] - Test_@[5, 10, 20, 50]: Recall=[0.04013, 0.06215, 0.09282, 0.16330],  precision=[0.00803, 0.00622, 0.00464, 0.00327], hit=[0.04013, 0.06215, 0.09282, 0.16330], ndcg=[0.02762, 0.03472, 0.04240, 0.05635], Train Rec Loss=[0.03222], Eval Rec Loss=[0.03220], c=[0.50000], F=[0.85049, 0.89903, 0.93490, 0.95549], F_fuse=[0.01590, 0.01235, 0.00924, 0.00651]
[ INFO : 2026-07-06 20:39:49,904 ] - Epoch 169: train==[57.25235 = 0.71658 + 0.95913 + 2.74510 + 0.01133 + 0.00000 + 0.01128 + 884.94450]
[ INFO : 2026-07-06 20:39:57,138 ] - Test_@[5, 10, 20, 50]: Recall=[0.04144, 0.06297, 0.09233, 0.16460],  precision=[0.00829, 0.00630, 0.00462, 0.00329], hit=[0.04144, 0.06297, 0.09233, 0.16460], ndcg=[0.02827, 0.03521, 0.04257, 0.05690], Train Rec Loss=[0.03222], Eval Rec Loss=[0.03218], c=[0.50000], F=[0.85033, 0.89938, 0.93571, 0.95610], F_fuse=[0.01641, 0.01251, 0.00919, 0.00656]
[ INFO : 2026-07-06 20:41:04,858 ] - Epoch 170: train==[57.32077 = 0.71200 + 0.95913 + 2.81848 + 0.01129 + 0.00000 + 0.01093 + 884.94450]
[ INFO : 2026-07-06 20:41:12,042 ] - Test_@[5, 10, 20, 50]: Recall=[0.03915, 0.06020, 0.09266, 0.16150],  precision=[0.00783, 0.00602, 0.00463, 0.00323], hit=[0.03915, 0.06020, 0.09266, 0.16150], ndcg=[0.02645, 0.03322, 0.04134, 0.05495], Train Rec Loss=[0.03220], Eval Rec Loss=[0.03219], c=[0.50000], F=[0.85164, 0.89910, 0.93621, 0.95598], F_fuse=[0.01552, 0.01196, 0.00922, 0.00644]
[ INFO : 2026-07-06 20:42:18,786 ] - Epoch 171: train==[57.22071 = 0.71498 + 0.95913 + 2.71648 + 0.01138 + 0.00000 + 0.00981 + 884.94450]
[ INFO : 2026-07-06 20:42:25,948 ] - Test_@[5, 10, 20, 50]: Recall=[0.03964, 0.06101, 0.09103, 0.16134],  precision=[0.00793, 0.00610, 0.00455, 0.00323], hit=[0.03964, 0.06101, 0.09103, 0.16134], ndcg=[0.02678, 0.03364, 0.04117, 0.05511], Train Rec Loss=[0.03221], Eval Rec Loss=[0.03219], c=[0.50000], F=[0.84728, 0.89609, 0.93226, 0.95478], F_fuse=[0.01571, 0.01212, 0.00906, 0.00643]
[ INFO : 2026-07-06 20:43:33,579 ] - Epoch 172: train==[57.22780 = 0.70722 + 0.95913 + 2.73164 + 0.01136 + 0.00000 + 0.00952 + 884.94450]
[ INFO : 2026-07-06 20:43:40,769 ] - Test_@[5, 10, 20, 50]: Recall=[0.03980, 0.06215, 0.09282, 0.16346],  precision=[0.00796, 0.00622, 0.00464, 0.00327], hit=[0.03980, 0.06215, 0.09282, 0.16346], ndcg=[0.02729, 0.03450, 0.04216, 0.05614], Train Rec Loss=[0.03221], Eval Rec Loss=[0.03219], c=[0.50000], F=[0.84931, 0.89535, 0.93295, 0.95439], F_fuse=[0.01577, 0.01234, 0.00924, 0.00652]
[ INFO : 2026-07-06 20:44:48,844 ] - Epoch 173: train==[57.19724 = 0.70349 + 0.95914 + 2.70487 + 0.01136 + 0.00000 + 0.00945 + 884.94450]
[ INFO : 2026-07-06 20:44:56,077 ] - Test_@[5, 10, 20, 50]: Recall=[0.03785, 0.05824, 0.09038, 0.15873],  precision=[0.00757, 0.00582, 0.00452, 0.00317], hit=[0.03785, 0.05824, 0.09038, 0.15873], ndcg=[0.02552, 0.03208, 0.04009, 0.05362], Train Rec Loss=[0.03220], Eval Rec Loss=[0.03217], c=[0.50000], F=[0.84787, 0.89790, 0.93466, 0.95601], F_fuse=[0.01500, 0.01157, 0.00899, 0.00633]
[ INFO : 2026-07-06 20:46:04,058 ] - Epoch 174: train==[57.16676 = 0.70177 + 0.95913 + 2.67640 + 0.01134 + 0.00000 + 0.00919 + 884.94450]
[ INFO : 2026-07-06 20:46:11,231 ] - Test_@[5, 10, 20, 50]: Recall=[0.03931, 0.06215, 0.09364, 0.16297],  precision=[0.00786, 0.00622, 0.00468, 0.00326], hit=[0.03931, 0.06215, 0.09364, 0.16297], ndcg=[0.02663, 0.03399, 0.04183, 0.05556], Train Rec Loss=[0.03220], Eval Rec Loss=[0.03216], c=[0.50000], F=[0.84889, 0.89561, 0.93328, 0.95421], F_fuse=[0.01558, 0.01234, 0.00932, 0.00650]
[ INFO : 2026-07-06 20:47:19,511 ] - Epoch 175: train==[57.18660 = 0.70077 + 0.95913 + 2.69773 + 0.01143 + 0.00000 + 0.00859 + 884.94450]
[ INFO : 2026-07-06 20:47:26,683 ] - Test_@[5, 10, 20, 50]: Recall=[0.03850, 0.05905, 0.09119, 0.15808],  precision=[0.00770, 0.00591, 0.00456, 0.00316], hit=[0.03850, 0.05905, 0.09119, 0.15808], ndcg=[0.02613, 0.03273, 0.04075, 0.05401], Train Rec Loss=[0.03220], Eval Rec Loss=[0.03218], c=[0.50000], F=[0.84727, 0.89755, 0.93377, 0.95516], F_fuse=[0.01526, 0.01173, 0.00907, 0.00630]
[ INFO : 2026-07-06 20:48:34,812 ] - Epoch 176: train==[57.16087 = 0.69683 + 0.95913 + 2.67591 + 0.01143 + 0.00000 + 0.00864 + 884.94450]
[ INFO : 2026-07-06 20:48:42,069 ] - Test_@[5, 10, 20, 50]: Recall=[0.03997, 0.06150, 0.09299, 0.16166],  precision=[0.00799, 0.00615, 0.00465, 0.00323], hit=[0.03997, 0.06150, 0.09299, 0.16166], ndcg=[0.02723, 0.03421, 0.04211, 0.05575], Train Rec Loss=[0.03219], Eval Rec Loss=[0.03217], c=[0.50000], F=[0.84942, 0.89591, 0.93220, 0.95388], F_fuse=[0.01584, 0.01222, 0.00925, 0.00644]
[ INFO : 2026-07-06 20:49:49,762 ] - Epoch 177: train==[57.14661 = 0.70292 + 0.95913 + 2.65579 + 0.01146 + 0.00000 + 0.00838 + 884.94450]
[ INFO : 2026-07-06 20:49:56,948 ] - Test_@[5, 10, 20, 50]: Recall=[0.03915, 0.06069, 0.09070, 0.16150],  precision=[0.00783, 0.00607, 0.00454, 0.00323], hit=[0.03915, 0.06069, 0.09070, 0.16150], ndcg=[0.02626, 0.03318, 0.04068, 0.05472], Train Rec Loss=[0.03219], Eval Rec Loss=[0.03217], c=[0.50000], F=[0.84881, 0.89662, 0.93382, 0.95416], F_fuse=[0.01552, 0.01206, 0.00903, 0.00644]
[ INFO : 2026-07-06 20:51:04,973 ] - Epoch 178: train==[57.10921 = 0.69868 + 0.95914 + 2.62312 + 0.01156 + 0.00000 + 0.00778 + 884.94450]
[ INFO : 2026-07-06 20:51:12,201 ] - Test_@[5, 10, 20, 50]: Recall=[0.03931, 0.06166, 0.09266, 0.16183],  precision=[0.00786, 0.00617, 0.00463, 0.00324], hit=[0.03931, 0.06166, 0.09266, 0.16183], ndcg=[0.02665, 0.03387, 0.04160, 0.05526], Train Rec Loss=[0.03219], Eval Rec Loss=[0.03216], c=[0.50000], F=[0.84866, 0.89531, 0.93233, 0.95386], F_fuse=[0.01558, 0.01225, 0.00922, 0.00645]
[ INFO : 2026-07-06 20:52:20,634 ] - Epoch 179: train==[57.08302 = 0.69254 + 0.95913 + 2.60374 + 0.01149 + 0.00000 + 0.00718 + 884.94450]
[ INFO : 2026-07-06 20:52:27,800 ] - Test_@[5, 10, 20, 50]: Recall=[0.03899, 0.05987, 0.09184, 0.16183],  precision=[0.00780, 0.00599, 0.00459, 0.00324], hit=[0.03899, 0.05987, 0.09184, 0.16183], ndcg=[0.02627, 0.03300, 0.04099, 0.05485], Train Rec Loss=[0.03219], Eval Rec Loss=[0.03216], c=[0.50000], F=[0.84852, 0.89580, 0.93259, 0.95442], F_fuse=[0.01545, 0.01189, 0.00914, 0.00645]
[ INFO : 2026-07-06 20:53:36,039 ] - Epoch 180: train==[57.06389 = 0.69048 + 0.95913 + 2.58627 + 0.01160 + 0.00000 + 0.00748 + 884.94450]
[ INFO : 2026-07-06 20:53:43,196 ] - Test_@[5, 10, 20, 50]: Recall=[0.03915, 0.06101, 0.09152, 0.16297],  precision=[0.00783, 0.00610, 0.00458, 0.00326], hit=[0.03915, 0.06101, 0.09152, 0.16297], ndcg=[0.02640, 0.03343, 0.04110, 0.05524], Train Rec Loss=[0.03219], Eval Rec Loss=[0.03216], c=[0.50000], F=[0.84926, 0.89494, 0.93144, 0.95266], F_fuse=[0.01552, 0.01212, 0.00911, 0.00650]
[ INFO : 2026-07-06 20:54:50,901 ] - Epoch 181: train==[57.11426 = 0.68832 + 0.95914 + 2.63919 + 0.01147 + 0.00000 + 0.00721 + 884.94450]
[ INFO : 2026-07-06 20:54:58,095 ] - Test_@[5, 10, 20, 50]: Recall=[0.03883, 0.06003, 0.09152, 0.16101],  precision=[0.00777, 0.00600, 0.00458, 0.00322], hit=[0.03883, 0.06003, 0.09152, 0.16101], ndcg=[0.02633, 0.03319, 0.04106, 0.05481], Train Rec Loss=[0.03218], Eval Rec Loss=[0.03215], c=[0.50000], F=[0.84852, 0.89560, 0.93270, 0.95395], F_fuse=[0.01539, 0.01193, 0.00911, 0.00642]
[ INFO : 2026-07-06 20:56:06,078 ] - Epoch 182: train==[57.03027 = 0.68549 + 0.95913 + 2.55834 + 0.01160 + 0.00000 + 0.00677 + 884.94450]
[ INFO : 2026-07-06 20:56:13,244 ] - Test_@[5, 10, 20, 50]: Recall=[0.03948, 0.06150, 0.09217, 0.16232],  precision=[0.00790, 0.00615, 0.00461, 0.00325], hit=[0.03948, 0.06150, 0.09217, 0.16232], ndcg=[0.02661, 0.03374, 0.04143, 0.05536], Train Rec Loss=[0.03219], Eval Rec Loss=[0.03214], c=[0.50000], F=[0.84749, 0.89413, 0.93067, 0.95305], F_fuse=[0.01565, 0.01222, 0.00917, 0.00647]
[ INFO : 2026-07-06 20:57:21,164 ] - Epoch 183: train==[57.05666 = 0.68572 + 0.95914 + 2.58587 + 0.01151 + 0.00000 + 0.00548 + 884.94450]
[ INFO : 2026-07-06 20:57:28,399 ] - Test_@[5, 10, 20, 50]: Recall=[0.03866, 0.06069, 0.09201, 0.16166],  precision=[0.00773, 0.00607, 0.00460, 0.00323], hit=[0.03866, 0.06069, 0.09201, 0.16166], ndcg=[0.02634, 0.03345, 0.04128, 0.05507], Train Rec Loss=[0.03218], Eval Rec Loss=[0.03216], c=[0.50000], F=[0.84631, 0.89328, 0.92977, 0.95343], F_fuse=[0.01532, 0.01206, 0.00916, 0.00644]
[ INFO : 2026-07-06 20:58:36,845 ] - Epoch 184: train==[57.05455 = 0.68008 + 0.95914 + 2.58929 + 0.01144 + 0.00000 + 0.00567 + 884.94450]
[ INFO : 2026-07-06 20:58:44,022 ] - Test_@[5, 10, 20, 50]: Recall=[0.03964, 0.06085, 0.09315, 0.16281],  precision=[0.00793, 0.00608, 0.00466, 0.00326], hit=[0.03964, 0.06085, 0.09315, 0.16281], ndcg=[0.02679, 0.03367, 0.04179, 0.05553], Train Rec Loss=[0.03217], Eval Rec Loss=[0.03216], c=[0.50000], F=[0.84531, 0.89344, 0.93064, 0.95311], F_fuse=[0.01571, 0.01209, 0.00927, 0.00649]
[ INFO : 2026-07-06 20:59:52,567 ] - Epoch 185: train==[57.01656 = 0.67856 + 0.95914 + 2.55291 + 0.01141 + 0.00000 + 0.00561 + 884.94450]
[ INFO : 2026-07-06 20:59:59,725 ] - Test_@[5, 10, 20, 50]: Recall=[0.04013, 0.06199, 0.09445, 0.16411],  precision=[0.00803, 0.00620, 0.00472, 0.00328], hit=[0.04013, 0.06199, 0.09445, 0.16411], ndcg=[0.02701, 0.03410, 0.04222, 0.05603], Train Rec Loss=[0.03218], Eval Rec Loss=[0.03216], c=[0.50000], F=[0.84754, 0.89421, 0.93093, 0.95347], F_fuse=[0.01590, 0.01231, 0.00940, 0.00654]
[ INFO : 2026-07-06 21:01:08,862 ] - Epoch 186: train==[57.02768 = 0.67810 + 0.95914 + 2.56481 + 0.01143 + 0.00000 + 0.00527 + 884.94450]
[ INFO : 2026-07-06 21:01:16,094 ] - Test_@[5, 10, 20, 50]: Recall=[0.04013, 0.06264, 0.09364, 0.16281],  precision=[0.00803, 0.00626, 0.00468, 0.00326], hit=[0.04013, 0.06264, 0.09364, 0.16281], ndcg=[0.02720, 0.03445, 0.04221, 0.05594], Train Rec Loss=[0.03217], Eval Rec Loss=[0.03215], c=[0.50000], F=[0.84746, 0.89369, 0.93060, 0.95273], F_fuse=[0.01590, 0.01244, 0.00932, 0.00649]
[ INFO : 2026-07-06 21:02:24,803 ] - Epoch 187: train==[56.99979 = 0.67463 + 0.95914 + 2.54130 + 0.01151 + 0.00000 + 0.00428 + 884.94450]
[ INFO : 2026-07-06 21:02:32,047 ] - Test_@[5, 10, 20, 50]: Recall=[0.03980, 0.06264, 0.09560, 0.16346],  precision=[0.00796, 0.00626, 0.00478, 0.00327], hit=[0.03980, 0.06264, 0.09560, 0.16346], ndcg=[0.02697, 0.03435, 0.04258, 0.05603], Train Rec Loss=[0.03217], Eval Rec Loss=[0.03214], c=[0.50000], F=[0.84641, 0.89433, 0.92985, 0.95309], F_fuse=[0.01577, 0.01244, 0.00951, 0.00652]
[ INFO : 2026-07-06 21:03:40,237 ] - Epoch 188: train==[56.93886 = 0.67099 + 0.95913 + 2.48405 + 0.01154 + 0.00000 + 0.00422 + 884.94450]
[ INFO : 2026-07-06 21:03:47,402 ] - Test_@[5, 10, 20, 50]: Recall=[0.03997, 0.06232, 0.09576, 0.16297],  precision=[0.00799, 0.00623, 0.00479, 0.00326], hit=[0.03997, 0.06232, 0.09576, 0.16297], ndcg=[0.02688, 0.03410, 0.04246, 0.05576], Train Rec Loss=[0.03217], Eval Rec Loss=[0.03214], c=[0.50000], F=[0.84613, 0.89398, 0.92946, 0.95336], F_fuse=[0.01584, 0.01238, 0.00953, 0.00650]
[ INFO : 2026-07-06 21:04:55,318 ] - Epoch 189: train==[56.99529 = 0.67443 + 0.95913 + 2.53709 + 0.01160 + 0.00000 + 0.00411 + 884.94450]
[ INFO : 2026-07-06 21:05:02,474 ] - Test_@[5, 10, 20, 50]: Recall=[0.03850, 0.05987, 0.09462, 0.16166],  precision=[0.00770, 0.00599, 0.00473, 0.00323], hit=[0.03850, 0.05987, 0.09462, 0.16166], ndcg=[0.02607, 0.03301, 0.04170, 0.05495], Train Rec Loss=[0.03217], Eval Rec Loss=[0.03214], c=[0.50000], F=[0.84841, 0.89461, 0.92996, 0.95447], F_fuse=[0.01526, 0.01189, 0.00941, 0.00644]
[ INFO : 2026-07-06 21:06:11,220 ] - Epoch 190: train==[56.90134 = 0.66640 + 0.95913 + 2.45071 + 0.01152 + 0.00000 + 0.00464 + 884.94450]
[ INFO : 2026-07-06 21:06:18,465 ] - Test_@[5, 10, 20, 50]: Recall=[0.04046, 0.06020, 0.09413, 0.16085],  precision=[0.00809, 0.00602, 0.00471, 0.00322], hit=[0.04046, 0.06020, 0.09413, 0.16085], ndcg=[0.02712, 0.03353, 0.04211, 0.05532], Train Rec Loss=[0.03216], Eval Rec Loss=[0.03214], c=[0.50000], F=[0.84482, 0.89418, 0.93053, 0.95234], F_fuse=[0.01603, 0.01196, 0.00937, 0.00641]
[ INFO : 2026-07-06 21:07:25,935 ] - Epoch 191: train==[56.91279 = 0.66537 + 0.95914 + 2.46349 + 0.01153 + 0.00000 + 0.00434 + 884.94450]
[ INFO : 2026-07-06 21:07:33,123 ] - Test_@[5, 10, 20, 50]: Recall=[0.04209, 0.06460, 0.09755, 0.16607],  precision=[0.00842, 0.00646, 0.00488, 0.00332], hit=[0.04209, 0.06460, 0.09755, 0.16607], ndcg=[0.02815, 0.03536, 0.04363, 0.05716], Train Rec Loss=[0.03217], Eval Rec Loss=[0.03215], c=[0.50000], F=[0.84611, 0.89334, 0.92950, 0.95192], F_fuse=[0.01667, 0.01283, 0.00970, 0.00662]
[ INFO : 2026-07-06 21:08:41,554 ] - Epoch 192: train==[56.89567 = 0.66584 + 0.95914 + 2.44557 + 0.01157 + 0.00000 + 0.00461 + 884.94450]
[ INFO : 2026-07-06 21:08:48,722 ] - Test_@[5, 10, 20, 50]: Recall=[0.04209, 0.06444, 0.09935, 0.16737],  precision=[0.00842, 0.00644, 0.00497, 0.00335], hit=[0.04209, 0.06444, 0.09935, 0.16737], ndcg=[0.02830, 0.03552, 0.04431, 0.05778], Train Rec Loss=[0.03216], Eval Rec Loss=[0.03213], c=[0.50000], F=[0.84876, 0.89676, 0.93319, 0.95449], F_fuse=[0.01667, 0.01280, 0.00988, 0.00667]
[ INFO : 2026-07-06 21:09:57,145 ] - Epoch 193: train==[56.90356 = 0.66180 + 0.95914 + 2.45805 + 0.01159 + 0.00000 + 0.00405 + 884.94450]
[ INFO : 2026-07-06 21:10:04,306 ] - Test_@[5, 10, 20, 50]: Recall=[0.04013, 0.06199, 0.09560, 0.15987],  precision=[0.00803, 0.00620, 0.00478, 0.00320], hit=[0.04013, 0.06199, 0.09560, 0.15987], ndcg=[0.02679, 0.03385, 0.04234, 0.05503], Train Rec Loss=[0.03216], Eval Rec Loss=[0.03212], c=[0.50000], F=[0.84604, 0.89148, 0.92798, 0.95225], F_fuse=[0.01590, 0.01231, 0.00951, 0.00637]
[ INFO : 2026-07-06 21:11:12,605 ] - Epoch 194: train==[56.93890 = 0.66278 + 0.95913 + 2.49191 + 0.01155 + 0.00000 + 0.00461 + 884.94450]
[ INFO : 2026-07-06 21:11:19,758 ] - Test_@[5, 10, 20, 50]: Recall=[0.03866, 0.05905, 0.09282, 0.15726],  precision=[0.00773, 0.00591, 0.00464, 0.00315], hit=[0.03866, 0.05905, 0.09282, 0.15726], ndcg=[0.02612, 0.03270, 0.04119, 0.05395], Train Rec Loss=[0.03216], Eval Rec Loss=[0.03213], c=[0.50000], F=[0.84793, 0.89259, 0.92884, 0.95272], F_fuse=[0.01533, 0.01173, 0.00924, 0.00627]
[ INFO : 2026-07-06 21:12:28,052 ] - Epoch 195: train==[56.86830 = 0.65845 + 0.95914 + 2.42658 + 0.01161 + 0.00000 + 0.00359 + 884.94450]
[ INFO : 2026-07-06 21:12:35,204 ] - Test_@[5, 10, 20, 50]: Recall=[0.04013, 0.06264, 0.09772, 0.16378],  precision=[0.00803, 0.00626, 0.00489, 0.00328], hit=[0.04013, 0.06264, 0.09772, 0.16378], ndcg=[0.02714, 0.03447, 0.04331, 0.05639], Train Rec Loss=[0.03215], Eval Rec Loss=[0.03212], c=[0.50000], F=[0.84452, 0.89282, 0.92928, 0.95415], F_fuse=[0.01590, 0.01244, 0.00972, 0.00653]
[ INFO : 2026-07-06 21:13:43,515 ] - Epoch 196: train==[56.91050 = 0.65483 + 0.95913 + 2.47219 + 0.01161 + 0.00000 + 0.00381 + 884.94450]
[ INFO : 2026-07-06 21:13:50,749 ] - Test_@[5, 10, 20, 50]: Recall=[0.04013, 0.06101, 0.09478, 0.16036],  precision=[0.00803, 0.00610, 0.00474, 0.00321], hit=[0.04013, 0.06101, 0.09478, 0.16036], ndcg=[0.02684, 0.03357, 0.04205, 0.05500], Train Rec Loss=[0.03216], Eval Rec Loss=[0.03213], c=[0.50000], F=[0.84860, 0.89279, 0.92959, 0.95237], F_fuse=[0.01590, 0.01212, 0.00943, 0.00639]
[ INFO : 2026-07-06 21:14:58,497 ] - Epoch 197: train==[56.86933 = 0.65643 + 0.95914 + 2.42918 + 0.01160 + 0.00000 + 0.00406 + 884.94450]
[ INFO : 2026-07-06 21:15:05,670 ] - Test_@[5, 10, 20, 50]: Recall=[0.03964, 0.06183, 0.09494, 0.16150],  precision=[0.00793, 0.00618, 0.00475, 0.00323], hit=[0.03964, 0.06183, 0.09494, 0.16150], ndcg=[0.02652, 0.03366, 0.04196, 0.05518], Train Rec Loss=[0.03215], Eval Rec Loss=[0.03213], c=[0.50000], F=[0.84699, 0.89478, 0.92998, 0.95338], F_fuse=[0.01571, 0.01228, 0.00945, 0.00644]
[ INFO : 2026-07-06 21:16:13,815 ] - Epoch 198: train==[56.83773 = 0.65507 + 0.95913 + 2.39953 + 0.01167 + 0.00000 + 0.00340 + 884.94450]
[ INFO : 2026-07-06 21:16:20,972 ] - Test_@[5, 10, 20, 50]: Recall=[0.04095, 0.06411, 0.09755, 0.16395],  precision=[0.00819, 0.00641, 0.00488, 0.00328], hit=[0.04095, 0.06411, 0.09755, 0.16395], ndcg=[0.02727, 0.03472, 0.04310, 0.05619], Train Rec Loss=[0.03215], Eval Rec Loss=[0.03212], c=[0.50000], F=[0.84635, 0.89283, 0.92899, 0.95206], F_fuse=[0.01622, 0.01273, 0.00970, 0.00654]
[ INFO : 2026-07-06 21:17:29,202 ] - Epoch 199: train==[56.88833 = 0.65205 + 0.95913 + 2.45088 + 0.01158 + 0.00000 + 0.00576 + 884.94450]
[ INFO : 2026-07-06 21:17:36,445 ] - Test_@[5, 10, 20, 50]: Recall=[0.04078, 0.06248, 0.09592, 0.16313],  precision=[0.00816, 0.00625, 0.00480, 0.00326], hit=[0.04078, 0.06248, 0.09592, 0.16313], ndcg=[0.02693, 0.03393, 0.04231, 0.05559], Train Rec Loss=[0.03214], Eval Rec Loss=[0.03212], c=[0.50000], F=[0.84793, 0.89397, 0.92862, 0.95302], F_fuse=[0.01616, 0.01241, 0.00954, 0.00650]
[ INFO : 2026-07-06 21:18:44,337 ] - Epoch 200: train==[56.83277 = 0.65102 + 0.95913 + 2.39732 + 0.01162 + 0.00000 + 0.00475 + 884.94450]
[ INFO : 2026-07-06 21:18:51,569 ] - Test_@[5, 10, 20, 50]: Recall=[0.03931, 0.06150, 0.09772, 0.16346],  precision=[0.00786, 0.00615, 0.00489, 0.00327], hit=[0.03931, 0.06150, 0.09772, 0.16346], ndcg=[0.02621, 0.03341, 0.04248, 0.05545], Train Rec Loss=[0.03214], Eval Rec Loss=[0.03212], c=[0.50000], F=[0.84812, 0.89274, 0.92862, 0.95395], F_fuse=[0.01558, 0.01222, 0.00972, 0.00652]
[ INFO : 2026-07-06 21:19:59,221 ] - Epoch 201: train==[56.85731 = 0.64442 + 0.95913 + 2.42885 + 0.01159 + 0.00000 + 0.00439 + 884.94450]
[ INFO : 2026-07-06 21:20:06,372 ] - Test_@[5, 10, 20, 50]: Recall=[0.04192, 0.06591, 0.10000, 0.16835],  precision=[0.00838, 0.00659, 0.00500, 0.00337], hit=[0.04192, 0.06591, 0.10000, 0.16835], ndcg=[0.02815, 0.03591, 0.04449, 0.05799], Train Rec Loss=[0.03214], Eval Rec Loss=[0.03212], c=[0.50000], F=[0.84401, 0.89283, 0.92909, 0.95147], F_fuse=[0.01661, 0.01308, 0.00995, 0.00671]
[ INFO : 2026-07-06 21:21:14,190 ] - Epoch 202: train==[56.80726 = 0.64315 + 0.95914 + 2.38075 + 0.01163 + 0.00000 + 0.00367 + 884.94450]
[ INFO : 2026-07-06 21:21:21,347 ] - Test_@[5, 10, 20, 50]: Recall=[0.04062, 0.06166, 0.09657, 0.16052],  precision=[0.00812, 0.00617, 0.00483, 0.00321], hit=[0.04062, 0.06166, 0.09657, 0.16052], ndcg=[0.02691, 0.03369, 0.04242, 0.05508], Train Rec Loss=[0.03214], Eval Rec Loss=[0.03211], c=[0.50000], F=[0.84697, 0.89142, 0.92791, 0.95190], F_fuse=[0.01609, 0.01225, 0.00961, 0.00640]
[ INFO : 2026-07-06 21:22:28,965 ] - Epoch 203: train==[56.76066 = 0.64338 + 0.95914 + 2.33376 + 0.01168 + 0.00000 + 0.00378 + 884.94450]
[ INFO : 2026-07-06 21:22:36,161 ] - Test_@[5, 10, 20, 50]: Recall=[0.04274, 0.06623, 0.10033, 0.16819],  precision=[0.00855, 0.00662, 0.00502, 0.00336], hit=[0.04274, 0.06623, 0.10033, 0.16819], ndcg=[0.02862, 0.03618, 0.04478, 0.05820], Train Rec Loss=[0.03214], Eval Rec Loss=[0.03211], c=[0.50000], F=[0.84668, 0.89392, 0.93013, 0.95246], F_fuse=[0.01693, 0.01315, 0.00998, 0.00670]
[ INFO : 2026-07-06 21:23:44,241 ] - Epoch 204: train==[56.84093 = 0.64026 + 0.95914 + 2.41706 + 0.01160 + 0.00000 + 0.00394 + 884.94450]
[ INFO : 2026-07-06 21:23:51,412 ] - Test_@[5, 10, 20, 50]: Recall=[0.04095, 0.06297, 0.09935, 0.16754],  precision=[0.00819, 0.00630, 0.00497, 0.00335], hit=[0.04095, 0.06297, 0.09935, 0.16754], ndcg=[0.02710, 0.03423, 0.04335, 0.05686], Train Rec Loss=[0.03214], Eval Rec Loss=[0.03211], c=[0.50000], F=[0.84794, 0.89336, 0.92886, 0.95359], F_fuse=[0.01622, 0.01251, 0.00988, 0.00668]
[ INFO : 2026-07-06 21:25:00,095 ] - Epoch 205: train==[56.79115 = 0.63920 + 0.95914 + 2.36869 + 0.01166 + 0.00000 + 0.00353 + 884.94450]
[ INFO : 2026-07-06 21:25:07,280 ] - Test_@[5, 10, 20, 50]: Recall=[0.03931, 0.06036, 0.09608, 0.16183],  precision=[0.00786, 0.00604, 0.00480, 0.00324], hit=[0.03931, 0.06036, 0.09608, 0.16183], ndcg=[0.02612, 0.03288, 0.04184, 0.05484], Train Rec Loss=[0.03214], Eval Rec Loss=[0.03210], c=[0.50000], F=[0.84880, 0.89135, 0.92631, 0.95275], F_fuse=[0.01558, 0.01199, 0.00956, 0.00645]
[ INFO : 2026-07-06 21:26:15,940 ] - Epoch 206: train==[56.83002 = 0.63676 + 0.95913 + 2.40862 + 0.01161 + 0.00000 + 0.00497 + 884.94450]
[ INFO : 2026-07-06 21:26:23,179 ] - Test_@[5, 10, 20, 50]: Recall=[0.03883, 0.06020, 0.09445, 0.15791],  precision=[0.00777, 0.00602, 0.00472, 0.00316], hit=[0.03883, 0.06020, 0.09445, 0.15791], ndcg=[0.02572, 0.03257, 0.04115, 0.05370], Train Rec Loss=[0.03214], Eval Rec Loss=[0.03210], c=[0.50000], F=[0.84792, 0.88994, 0.92767, 0.95262], F_fuse=[0.01539, 0.01196, 0.00940, 0.00630]
[ INFO : 2026-07-06 21:27:31,246 ] - Epoch 207: train==[56.76080 = 0.63514 + 0.95913 + 2.34170 + 0.01166 + 0.00000 + 0.00423 + 884.94450]
[ INFO : 2026-07-06 21:27:38,472 ] - Test_@[5, 10, 20, 50]: Recall=[0.03997, 0.06101, 0.09396, 0.15840],  precision=[0.00799, 0.00610, 0.00470, 0.00317], hit=[0.03997, 0.06101, 0.09396, 0.15840], ndcg=[0.02606, 0.03275, 0.04100, 0.05373], Train Rec Loss=[0.03214], Eval Rec Loss=[0.03210], c=[0.50000], F=[0.84778, 0.89043, 0.92707, 0.95192], F_fuse=[0.01584, 0.01212, 0.00935, 0.00632]
[ INFO : 2026-07-06 21:28:46,798 ] - Epoch 208: train==[56.71918 = 0.63423 + 0.95914 + 2.30137 + 0.01172 + 0.00000 + 0.00379 + 884.94450]
[ INFO : 2026-07-06 21:28:53,946 ] - Test_@[5, 10, 20, 50]: Recall=[0.04160, 0.06460, 0.09837, 0.16395],  precision=[0.00832, 0.00646, 0.00492, 0.00328], hit=[0.04160, 0.06460, 0.09837, 0.16395], ndcg=[0.02749, 0.03485, 0.04332, 0.05626], Train Rec Loss=[0.03214], Eval Rec Loss=[0.03211], c=[0.50000], F=[0.84738, 0.89241, 0.92813, 0.95079], F_fuse=[0.01648, 0.01283, 0.00979, 0.00654]
[ INFO : 2026-07-06 21:30:02,044 ] - Epoch 209: train==[56.70540 = 0.63222 + 0.95914 + 2.29010 + 0.01174 + 0.00000 + 0.00328 + 884.94450]
[ INFO : 2026-07-06 21:30:09,196 ] - Test_@[5, 10, 20, 50]: Recall=[0.04144, 0.06378, 0.09739, 0.16101],  precision=[0.00829, 0.00638, 0.00487, 0.00322], hit=[0.04144, 0.06378, 0.09739, 0.16101], ndcg=[0.02753, 0.03466, 0.04308, 0.05565], Train Rec Loss=[0.03213], Eval Rec Loss=[0.03210], c=[0.50000], F=[0.84530, 0.89246, 0.92763, 0.95087], F_fuse=[0.01641, 0.01267, 0.00969, 0.00642]
[ INFO : 2026-07-06 21:31:17,368 ] - Epoch 210: train==[56.71354 = 0.62979 + 0.95914 + 2.29990 + 0.01176 + 0.00000 + 0.00402 + 884.94450]
[ INFO : 2026-07-06 21:31:24,526 ] - Test_@[5, 10, 20, 50]: Recall=[0.04160, 0.06411, 0.09902, 0.16656],  precision=[0.00832, 0.00641, 0.00495, 0.00333], hit=[0.04160, 0.06411, 0.09902, 0.16656], ndcg=[0.02740, 0.03470, 0.04348, 0.05687], Train Rec Loss=[0.03213], Eval Rec Loss=[0.03209], c=[0.50000], F=[0.84638, 0.89330, 0.92907, 0.95281], F_fuse=[0.01648, 0.01273, 0.00985, 0.00664]
[ INFO : 2026-07-06 21:32:33,351 ] - Epoch 211: train==[56.72561 = 0.62836 + 0.95914 + 2.31411 + 0.01178 + 0.00000 + 0.00329 + 884.94450]
[ INFO : 2026-07-06 21:32:40,605 ] - Test_@[5, 10, 20, 50]: Recall=[0.04095, 0.06232, 0.09755, 0.16069],  precision=[0.00819, 0.00623, 0.00488, 0.00321], hit=[0.04095, 0.06232, 0.09755, 0.16069], ndcg=[0.02716, 0.03405, 0.04287, 0.05531], Train Rec Loss=[0.03212], Eval Rec Loss=[0.03209], c=[0.50000], F=[0.84662, 0.89190, 0.92840, 0.95196], F_fuse=[0.01622, 0.01238, 0.00970, 0.00641]
[ INFO : 2026-07-06 21:33:48,519 ] - Epoch 212: train==[56.69631 = 0.62797 + 0.95914 + 2.28491 + 0.01186 + 0.00000 + 0.00351 + 884.94450]
[ INFO : 2026-07-06 21:33:55,682 ] - Test_@[5, 10, 20, 50]: Recall=[0.04144, 0.06248, 0.09674, 0.16052],  precision=[0.00829, 0.00625, 0.00484, 0.00321], hit=[0.04144, 0.06248, 0.09674, 0.16052], ndcg=[0.02738, 0.03410, 0.04273, 0.05532], Train Rec Loss=[0.03212], Eval Rec Loss=[0.03209], c=[0.50000], F=[0.84627, 0.89195, 0.92717, 0.95050], F_fuse=[0.01641, 0.01241, 0.00962, 0.00640]
[ INFO : 2026-07-06 21:35:03,741 ] - Epoch 213: train==[56.68515 = 0.62414 + 0.95914 + 2.27769 + 0.01188 + 0.00000 + 0.00337 + 884.94450]
[ INFO : 2026-07-06 21:35:10,896 ] - Test_@[5, 10, 20, 50]: Recall=[0.04258, 0.06411, 0.09837, 0.16460],  precision=[0.00852, 0.00641, 0.00492, 0.00329], hit=[0.04258, 0.06411, 0.09837, 0.16460], ndcg=[0.02798, 0.03493, 0.04359, 0.05663], Train Rec Loss=[0.03212], Eval Rec Loss=[0.03209], c=[0.50000], F=[0.84440, 0.89099, 0.92737, 0.95069], F_fuse=[0.01686, 0.01273, 0.00978, 0.00656]
[ INFO : 2026-07-06 21:36:19,266 ] - Epoch 214: train==[56.73997 = 0.62236 + 0.95914 + 2.33348 + 0.01182 + 0.00000 + 0.00425 + 884.94450]
[ INFO : 2026-07-06 21:36:26,511 ] - Test_@[5, 10, 20, 50]: Recall=[0.04095, 0.06183, 0.09935, 0.16330],  precision=[0.00819, 0.00618, 0.00497, 0.00327], hit=[0.04095, 0.06183, 0.09935, 0.16330], ndcg=[0.02726, 0.03396, 0.04336, 0.05591], Train Rec Loss=[0.03212], Eval Rec Loss=[0.03209], c=[0.50000], F=[0.84560, 0.89121, 0.92613, 0.95173], F_fuse=[0.01622, 0.01228, 0.00988, 0.00651]
[ INFO : 2026-07-06 21:37:33,981 ] - Epoch 215: train==[56.69151 = 0.62649 + 0.95913 + 2.28149 + 0.01189 + 0.00000 + 0.00358 + 884.94450]
[ INFO : 2026-07-06 21:37:41,151 ] - Test_@[5, 10, 20, 50]: Recall=[0.04225, 0.06460, 0.09853, 0.16444],  precision=[0.00845, 0.00646, 0.00493, 0.00329], hit=[0.04225, 0.06460, 0.09853, 0.16444], ndcg=[0.02779, 0.03492, 0.04344, 0.05644], Train Rec Loss=[0.03212], Eval Rec Loss=[0.03209], c=[0.50000], F=[0.84674, 0.89162, 0.92819, 0.95107], F_fuse=[0.01673, 0.01283, 0.00980, 0.00655]
[ INFO : 2026-07-06 21:38:49,347 ] - Epoch 216: train==[56.67546 = 0.62434 + 0.95914 + 2.26788 + 0.01198 + 0.00000 + 0.00319 + 884.94450]
[ INFO : 2026-07-06 21:38:56,599 ] - Test_@[5, 10, 20, 50]: Recall=[0.04095, 0.06232, 0.10000, 0.16313],  precision=[0.00819, 0.00623, 0.00500, 0.00326], hit=[0.04095, 0.06232, 0.10000, 0.16313], ndcg=[0.02703, 0.03390, 0.04340, 0.05589], Train Rec Loss=[0.03212], Eval Rec Loss=[0.03208], c=[0.50000], F=[0.84732, 0.89009, 0.92618, 0.95284], F_fuse=[0.01622, 0.01238, 0.00995, 0.00650]
[ INFO : 2026-07-06 21:40:04,812 ] - Epoch 217: train==[56.65116 = 0.61792 + 0.95914 + 2.25001 + 0.01205 + 0.00000 + 0.00312 + 884.94450]
[ INFO : 2026-07-06 21:40:11,977 ] - Test_@[5, 10, 20, 50]: Recall=[0.04160, 0.06330, 0.09886, 0.16134],  precision=[0.00832, 0.00633, 0.00494, 0.00323], hit=[0.04160, 0.06330, 0.09886, 0.16134], ndcg=[0.02721, 0.03419, 0.04314, 0.05547], Train Rec Loss=[0.03212], Eval Rec Loss=[0.03209], c=[0.50000], F=[0.84573, 0.89220, 0.92821, 0.95126], F_fuse=[0.01648, 0.01257, 0.00983, 0.00643]
[ INFO : 2026-07-06 21:41:19,623 ] - Epoch 218: train==[56.68080 = 0.61238 + 0.95914 + 2.28348 + 0.01195 + 0.00000 + 0.00492 + 884.94450]
[ INFO : 2026-07-06 21:41:26,788 ] - Test_@[5, 10, 20, 50]: Recall=[0.04046, 0.06313, 0.09641, 0.15824],  precision=[0.00809, 0.00631, 0.00482, 0.00316], hit=[0.04046, 0.06313, 0.09641, 0.15824], ndcg=[0.02670, 0.03399, 0.04233, 0.05456], Train Rec Loss=[0.03211], Eval Rec Loss=[0.03208], c=[0.50000], F=[0.84706, 0.89180, 0.92919, 0.95001], F_fuse=[0.01603, 0.01254, 0.00959, 0.00631]
[ INFO : 2026-07-06 21:42:34,219 ] - Epoch 219: train==[56.61843 = 0.61267 + 0.95914 + 2.22113 + 0.01203 + 0.00000 + 0.00453 + 884.94450]
[ INFO : 2026-07-06 21:42:41,394 ] - Test_@[5, 10, 20, 50]: Recall=[0.04388, 0.06607, 0.09869, 0.16460],  precision=[0.00878, 0.00661, 0.00493, 0.00329], hit=[0.04388, 0.06607, 0.09869, 0.16460], ndcg=[0.02861, 0.03570, 0.04389, 0.05693], Train Rec Loss=[0.03211], Eval Rec Loss=[0.03209], c=[0.50000], F=[0.84560, 0.89266, 0.92861, 0.95168], F_fuse=[0.01737, 0.01312, 0.00982, 0.00656]
[ INFO : 2026-07-06 21:43:48,993 ] - Epoch 220: train==[56.65989 = 0.61155 + 0.95914 + 2.26448 + 0.01200 + 0.00000 + 0.00380 + 884.94450]
[ INFO : 2026-07-06 21:43:56,199 ] - Test_@[5, 10, 20, 50]: Recall=[0.04258, 0.06525, 0.10033, 0.16607],  precision=[0.00852, 0.00653, 0.00502, 0.00332], hit=[0.04258, 0.06525, 0.10033, 0.16607], ndcg=[0.02753, 0.03475, 0.04361, 0.05659], Train Rec Loss=[0.03211], Eval Rec Loss=[0.03208], c=[0.50000], F=[0.84716, 0.89052, 0.92719, 0.95223], F_fuse=[0.01686, 0.01296, 0.00998, 0.00662]
[ INFO : 2026-07-06 21:45:03,895 ] - Epoch 221: train==[56.64142 = 0.61080 + 0.95913 + 2.24567 + 0.01203 + 0.00000 + 0.00485 + 884.94450]
[ INFO : 2026-07-06 21:45:11,121 ] - Test_@[5, 10, 20, 50]: Recall=[0.04241, 0.06672, 0.10147, 0.16705],  precision=[0.00848, 0.00667, 0.00507, 0.00334], hit=[0.04241, 0.06672, 0.10147, 0.16705], ndcg=[0.02797, 0.03577, 0.04449, 0.05744], Train Rec Loss=[0.03211], Eval Rec Loss=[0.03208], c=[0.50000], F=[0.84622, 0.88975, 0.92629, 0.95139], F_fuse=[0.01680, 0.01324, 0.01009, 0.00666]
[ INFO : 2026-07-06 21:46:19,235 ] - Epoch 222: train==[56.62005 = 0.61519 + 0.95914 + 2.22025 + 0.01203 + 0.00000 + 0.00452 + 884.94450]
[ INFO : 2026-07-06 21:46:26,387 ] - Test_@[5, 10, 20, 50]: Recall=[0.04144, 0.06509, 0.09951, 0.16166],  precision=[0.00829, 0.00651, 0.00498, 0.00323], hit=[0.04144, 0.06509, 0.09951, 0.16166], ndcg=[0.02740, 0.03497, 0.04364, 0.05587], Train Rec Loss=[0.03211], Eval Rec Loss=[0.03208], c=[0.50000], F=[0.84489, 0.88991, 0.92765, 0.95111], F_fuse=[0.01641, 0.01292, 0.00990, 0.00644]
[ INFO : 2026-07-06 21:47:34,458 ] - Epoch 223: train==[56.62831 = 0.60689 + 0.95913 + 2.23760 + 0.01205 + 0.00000 + 0.00371 + 884.94450]
[ INFO : 2026-07-06 21:47:41,693 ] - Test_@[5, 10, 20, 50]: Recall=[0.04192, 0.06411, 0.10016, 0.16493],  precision=[0.00838, 0.00641, 0.00501, 0.00330], hit=[0.04192, 0.06411, 0.10016, 0.16493], ndcg=[0.02703, 0.03412, 0.04322, 0.05599], Train Rec Loss=[0.03211], Eval Rec Loss=[0.03208], c=[0.50000], F=[0.84663, 0.89078, 0.92725, 0.95122], F_fuse=[0.01661, 0.01273, 0.00996, 0.00657]
[ INFO : 2026-07-06 21:48:49,312 ] - Epoch 224: train==[56.61919 = 0.60251 + 0.95914 + 2.23237 + 0.01194 + 0.00000 + 0.00431 + 884.94450]
[ INFO : 2026-07-06 21:48:56,547 ] - Test_@[5, 10, 20, 50]: Recall=[0.04046, 0.06330, 0.09739, 0.15938],  precision=[0.00809, 0.00633, 0.00487, 0.00319], hit=[0.04046, 0.06330, 0.09739, 0.15938], ndcg=[0.02669, 0.03405, 0.04263, 0.05482], Train Rec Loss=[0.03210], Eval Rec Loss=[0.03208], c=[0.50000], F=[0.84630, 0.88889, 0.92558, 0.95125], F_fuse=[0.01603, 0.01257, 0.00969, 0.00635]
[ INFO : 2026-07-06 21:50:05,029 ] - Epoch 225: train==[56.59198 = 0.60131 + 0.95913 + 2.20663 + 0.01197 + 0.00000 + 0.00400 + 884.94450]
[ INFO : 2026-07-06 21:50:12,213 ] - Test_@[5, 10, 20, 50]: Recall=[0.03997, 0.06134, 0.09690, 0.15710],  precision=[0.00799, 0.00613, 0.00485, 0.00314], hit=[0.03997, 0.06134, 0.09690, 0.15710], ndcg=[0.02597, 0.03280, 0.04172, 0.05353], Train Rec Loss=[0.03210], Eval Rec Loss=[0.03207], c=[0.50000], F=[0.84551, 0.89026, 0.92516, 0.94942], F_fuse=[0.01584, 0.01218, 0.00964, 0.00626]
[ INFO : 2026-07-06 21:51:20,428 ] - Epoch 226: train==[56.56367 = 0.60097 + 0.95914 + 2.17860 + 0.01205 + 0.00000 + 0.00399 + 884.94450]
[ INFO : 2026-07-06 21:51:27,595 ] - Test_@[5, 10, 20, 50]: Recall=[0.04176, 0.06721, 0.10098, 0.16672],  precision=[0.00835, 0.00672, 0.00505, 0.00333], hit=[0.04176, 0.06721, 0.10098, 0.16672], ndcg=[0.02737, 0.03559, 0.04408, 0.05708], Train Rec Loss=[0.03210], Eval Rec Loss=[0.03207], c=[0.50000], F=[0.84463, 0.89078, 0.92783, 0.95183], F_fuse=[0.01654, 0.01334, 0.01004, 0.00665]
[ INFO : 2026-07-06 21:52:35,261 ] - Epoch 227: train==[56.59174 = 0.59926 + 0.95913 + 2.20618 + 0.01206 + 0.00000 + 0.00619 + 884.94450]
[ INFO : 2026-07-06 21:52:42,497 ] - Test_@[5, 10, 20, 50]: Recall=[0.03801, 0.05987, 0.09413, 0.15742],  precision=[0.00760, 0.00599, 0.00471, 0.00315], hit=[0.03801, 0.05987, 0.09413, 0.15742], ndcg=[0.02473, 0.03173, 0.04035, 0.05282], Train Rec Loss=[0.03210], Eval Rec Loss=[0.03206], c=[0.50000], F=[0.84653, 0.89083, 0.92478, 0.95255], F_fuse=[0.01507, 0.01189, 0.00937, 0.00628]
[ INFO : 2026-07-06 21:53:50,478 ] - Epoch 228: train==[56.57733 = 0.60030 + 0.95914 + 2.19103 + 0.01206 + 0.00000 + 0.00589 + 884.94450]
[ INFO : 2026-07-06 21:53:57,731 ] - Test_@[5, 10, 20, 50]: Recall=[0.04013, 0.06117, 0.09641, 0.15710],  precision=[0.00803, 0.00612, 0.00482, 0.00314], hit=[0.04013, 0.06117, 0.09641, 0.15710], ndcg=[0.02606, 0.03275, 0.04161, 0.05352], Train Rec Loss=[0.03210], Eval Rec Loss=[0.03206], c=[0.50000], F=[0.84630, 0.89169, 0.92670, 0.94937], F_fuse=[0.01590, 0.01215, 0.00959, 0.00626]
[ INFO : 2026-07-06 21:55:05,450 ] - Epoch 229: train==[56.60318 = 0.59765 + 0.95914 + 2.22056 + 0.01206 + 0.00000 + 0.00484 + 884.94450]
[ INFO : 2026-07-06 21:55:12,741 ] - Test_@[5, 10, 20, 50]: Recall=[0.04176, 0.06281, 0.09935, 0.15987],  precision=[0.00835, 0.00628, 0.00497, 0.00320], hit=[0.04176, 0.06281, 0.09935, 0.15987], ndcg=[0.02708, 0.03380, 0.04302, 0.05491], Train Rec Loss=[0.03210], Eval Rec Loss=[0.03207], c=[0.50000], F=[0.84312, 0.88763, 0.92465, 0.94999], F_fuse=[0.01654, 0.01247, 0.00988, 0.00637]
[ INFO : 2026-07-06 21:56:20,596 ] - Epoch 230: train==[56.54153 = 0.59770 + 0.95914 + 2.15977 + 0.01216 + 0.00000 + 0.00384 + 884.94450]
[ INFO : 2026-07-06 21:56:27,754 ] - Test_@[5, 10, 20, 50]: Recall=[0.04095, 0.06411, 0.10114, 0.16395],  precision=[0.00819, 0.00641, 0.00506, 0.00328], hit=[0.04095, 0.06411, 0.10114, 0.16395], ndcg=[0.02710, 0.03454, 0.04385, 0.05621], Train Rec Loss=[0.03209], Eval Rec Loss=[0.03206], c=[0.50000], F=[0.84609, 0.88795, 0.92637, 0.95177], F_fuse=[0.01622, 0.01273, 0.01006, 0.00654]
[ INFO : 2026-07-06 21:57:35,802 ] - Epoch 231: train==[56.57010 = 0.59345 + 0.95914 + 2.19212 + 0.01214 + 0.00000 + 0.00433 + 884.94450]
[ INFO : 2026-07-06 21:57:43,022 ] - Test_@[5, 10, 20, 50]: Recall=[0.04192, 0.06362, 0.10179, 0.16281],  precision=[0.00838, 0.00636, 0.00509, 0.00326], hit=[0.04192, 0.06362, 0.10179, 0.16281], ndcg=[0.02743, 0.03437, 0.04397, 0.05598], Train Rec Loss=[0.03210], Eval Rec Loss=[0.03207], c=[0.50000], F=[0.84443, 0.88812, 0.92470, 0.95148], F_fuse=[0.01661, 0.01263, 0.01012, 0.00649]
[ INFO : 2026-07-06 21:58:51,029 ] - Epoch 232: train==[56.52925 = 0.59329 + 0.95914 + 2.15127 + 0.01206 + 0.00000 + 0.00457 + 884.94450]
[ INFO : 2026-07-06 21:58:58,242 ] - Test_@[5, 10, 20, 50]: Recall=[0.04225, 0.06542, 0.10196, 0.16427],  precision=[0.00845, 0.00654, 0.00510, 0.00329], hit=[0.04225, 0.06542, 0.10196, 0.16427], ndcg=[0.02791, 0.03534, 0.04452, 0.05680], Train Rec Loss=[0.03210], Eval Rec Loss=[0.03206], c=[0.50000], F=[0.84405, 0.88850, 0.92547, 0.95046], F_fuse=[0.01673, 0.01299, 0.01014, 0.00655]
[ INFO : 2026-07-06 22:00:07,579 ] - Epoch 233: train==[56.58791 = 0.58876 + 0.95914 + 2.21536 + 0.01215 + 0.00000 + 0.00357 + 884.94450]
[ INFO : 2026-07-06 22:00:14,819 ] - Test_@[5, 10, 20, 50]: Recall=[0.04307, 0.06607, 0.09935, 0.16476],  precision=[0.00861, 0.00661, 0.00497, 0.00330], hit=[0.04307, 0.06607, 0.09935, 0.16476], ndcg=[0.02787, 0.03519, 0.04356, 0.05647], Train Rec Loss=[0.03210], Eval Rec Loss=[0.03207], c=[0.50000], F=[0.84924, 0.89353, 0.93003, 0.94909], F_fuse=[0.01705, 0.01312, 0.00988, 0.00657]
[ INFO : 2026-07-06 22:01:23,037 ] - Epoch 234: train==[56.54951 = 0.58796 + 0.95914 + 2.17701 + 0.01208 + 0.00000 + 0.00440 + 884.94450]
[ INFO : 2026-07-06 22:01:30,276 ] - Test_@[5, 10, 20, 50]: Recall=[0.04127, 0.06444, 0.10082, 0.16199],  precision=[0.00825, 0.00644, 0.00504, 0.00324], hit=[0.04127, 0.06444, 0.10082, 0.16199], ndcg=[0.02689, 0.03429, 0.04345, 0.05554], Train Rec Loss=[0.03209], Eval Rec Loss=[0.03206], c=[0.50000], F=[0.84513, 0.88860, 0.92568, 0.95050], F_fuse=[0.01635, 0.01279, 0.01003, 0.00646]
[ INFO : 2026-07-06 22:02:38,574 ] - Epoch 235: train==[56.53125 = 0.58785 + 0.95914 + 2.15845 + 0.01211 + 0.00000 + 0.00478 + 884.94450]
[ INFO : 2026-07-06 22:02:45,824 ] - Test_@[5, 10, 20, 50]: Recall=[0.04160, 0.06215, 0.09918, 0.16183],  precision=[0.00832, 0.00622, 0.00496, 0.00324], hit=[0.04160, 0.06215, 0.09918, 0.16183], ndcg=[0.02686, 0.03342, 0.04271, 0.05507], Train Rec Loss=[0.03208], Eval Rec Loss=[0.03206], c=[0.50000], F=[0.84782, 0.88771, 0.92486, 0.95238], F_fuse=[0.01648, 0.01234, 0.00987, 0.00645]
[ INFO : 2026-07-06 22:03:54,277 ] - Epoch 236: train==[56.48135 = 0.59216 + 0.95914 + 2.10549 + 0.01213 + 0.00000 + 0.00351 + 884.94450]
[ INFO : 2026-07-06 22:04:01,506 ] - Test_@[5, 10, 20, 50]: Recall=[0.04192, 0.06607, 0.10098, 0.16313],  precision=[0.00838, 0.00661, 0.00505, 0.00326], hit=[0.04192, 0.06607, 0.10098, 0.16313], ndcg=[0.02729, 0.03500, 0.04379, 0.05601], Train Rec Loss=[0.03209], Eval Rec Loss=[0.03206], c=[0.50000], F=[0.84543, 0.88956, 0.92623, 0.95068], F_fuse=[0.01661, 0.01312, 0.01004, 0.00650]
[ INFO : 2026-07-06 22:05:10,250 ] - Epoch 237: train==[56.55994 = 0.58470 + 0.95914 + 2.18992 + 0.01209 + 0.00000 + 0.00517 + 884.94450]
[ INFO : 2026-07-06 22:05:17,409 ] - Test_@[5, 10, 20, 50]: Recall=[0.04274, 0.06672, 0.10326, 0.16525],  precision=[0.00855, 0.00667, 0.00516, 0.00331], hit=[0.04274, 0.06672, 0.10326, 0.16525], ndcg=[0.02771, 0.03535, 0.04453, 0.05676], Train Rec Loss=[0.03208], Eval Rec Loss=[0.03205], c=[0.50000], F=[0.84557, 0.88798, 0.92573, 0.95114], F_fuse=[0.01693, 0.01324, 0.01027, 0.00659]
[ INFO : 2026-07-06 22:06:26,280 ] - Epoch 238: train==[56.51651 = 0.58301 + 0.95914 + 2.14935 + 0.01218 + 0.00000 + 0.00391 + 884.94450]
[ INFO : 2026-07-06 22:06:33,458 ] - Test_@[5, 10, 20, 50]: Recall=[0.04192, 0.06688, 0.10228, 0.16411],  precision=[0.00838, 0.00669, 0.00511, 0.00328], hit=[0.04192, 0.06688, 0.10228, 0.16411], ndcg=[0.02740, 0.03536, 0.04431, 0.05648], Train Rec Loss=[0.03208], Eval Rec Loss=[0.03205], c=[0.50000], F=[0.84468, 0.88722, 0.92552, 0.95104], F_fuse=[0.01661, 0.01328, 0.01017, 0.00654]
[ INFO : 2026-07-06 22:07:41,634 ] - Epoch 239: train==[56.49815 = 0.58215 + 0.95914 + 2.13160 + 0.01218 + 0.00000 + 0.00416 + 884.94450]
[ INFO : 2026-07-06 22:07:48,795 ] - Test_@[5, 10, 20, 50]: Recall=[0.03980, 0.06330, 0.09853, 0.15922],  precision=[0.00796, 0.00633, 0.00493, 0.00318], hit=[0.03980, 0.06330, 0.09853, 0.15922], ndcg=[0.02621, 0.03368, 0.04258, 0.05449], Train Rec Loss=[0.03209], Eval Rec Loss=[0.03205], c=[0.50000], F=[0.84432, 0.88804, 0.92583, 0.94981], F_fuse=[0.01577, 0.01257, 0.00980, 0.00635]
[ INFO : 2026-07-06 22:08:57,059 ] - Epoch 240: train==[56.46421 = 0.57925 + 0.95914 + 2.10064 + 0.01217 + 0.00000 + 0.00409 + 884.94450]
[ INFO : 2026-07-06 22:09:04,295 ] - Test_@[5, 10, 20, 50]: Recall=[0.04192, 0.06721, 0.10245, 0.16607],  precision=[0.00838, 0.00672, 0.00512, 0.00332], hit=[0.04192, 0.06721, 0.10245, 0.16607], ndcg=[0.02681, 0.03488, 0.04368, 0.05621], Train Rec Loss=[0.03208], Eval Rec Loss=[0.03205], c=[0.50000], F=[0.84611, 0.88755, 0.92621, 0.95075], F_fuse=[0.01661, 0.01334, 0.01019, 0.00662]
[ INFO : 2026-07-06 22:10:12,468 ] - Epoch 241: train==[56.47707 = 0.57798 + 0.95914 + 2.11432 + 0.01217 + 0.00000 + 0.00453 + 884.94450]
[ INFO : 2026-07-06 22:10:19,660 ] - Test_@[5, 10, 20, 50]: Recall=[0.04078, 0.06313, 0.09902, 0.16101],  precision=[0.00816, 0.00631, 0.00495, 0.00322], hit=[0.04078, 0.06313, 0.09902, 0.16101], ndcg=[0.02664, 0.03381, 0.04289, 0.05511], Train Rec Loss=[0.03208], Eval Rec Loss=[0.03205], c=[0.50000], F=[0.84489, 0.88870, 0.92633, 0.94960], F_fuse=[0.01616, 0.01254, 0.00985, 0.00642]
[ INFO : 2026-07-06 22:11:27,806 ] - Epoch 242: train==[56.46538 = 0.58008 + 0.95914 + 2.10057 + 0.01213 + 0.00000 + 0.00453 + 884.94450]
[ INFO : 2026-07-06 22:11:35,050 ] - Test_@[5, 10, 20, 50]: Recall=[0.04111, 0.06476, 0.10082, 0.16134],  precision=[0.00822, 0.00648, 0.00504, 0.00323], hit=[0.04111, 0.06476, 0.10082, 0.16134], ndcg=[0.02668, 0.03421, 0.04333, 0.05528], Train Rec Loss=[0.03208], Eval Rec Loss=[0.03204], c=[0.50000], F=[0.84592, 0.88804, 0.92546, 0.95104], F_fuse=[0.01629, 0.01286, 0.01003, 0.00643]
[ INFO : 2026-07-06 22:12:42,981 ] - Epoch 243: train==[56.42177 = 0.57569 + 0.95914 + 2.06217 + 0.01209 + 0.00000 + 0.00376 + 884.94450]
[ INFO : 2026-07-06 22:12:50,141 ] - Test_@[5, 10, 20, 50]: Recall=[0.04307, 0.06476, 0.10212, 0.16525],  precision=[0.00861, 0.00648, 0.00511, 0.00331], hit=[0.04307, 0.06476, 0.10212, 0.16525], ndcg=[0.02772, 0.03464, 0.04408, 0.05649], Train Rec Loss=[0.03208], Eval Rec Loss=[0.03205], c=[0.50000], F=[0.84594, 0.88733, 0.92511, 0.95208], F_fuse=[0.01705, 0.01286, 0.01016, 0.00659]
[ INFO : 2026-07-06 22:13:58,127 ] - Epoch 244: train==[56.44629 = 0.57965 + 0.95914 + 2.08238 + 0.01216 + 0.00000 + 0.00403 + 884.94450]
[ INFO : 2026-07-06 22:14:05,350 ] - Test_@[5, 10, 20, 50]: Recall=[0.04290, 0.06705, 0.10261, 0.16215],  precision=[0.00858, 0.00670, 0.00513, 0.00324], hit=[0.04290, 0.06705, 0.10261, 0.16215], ndcg=[0.02793, 0.03561, 0.04457, 0.05629], Train Rec Loss=[0.03208], Eval Rec Loss=[0.03205], c=[0.50000], F=[0.84539, 0.88689, 0.92451, 0.94995], F_fuse=[0.01699, 0.01331, 0.01020, 0.00646]
[ INFO : 2026-07-06 22:15:13,308 ] - Epoch 245: train==[56.48038 = 0.57268 + 0.95914 + 2.12245 + 0.01209 + 0.00000 + 0.00510 + 884.94450]
[ INFO : 2026-07-06 22:15:20,580 ] - Test_@[5, 10, 20, 50]: Recall=[0.04095, 0.06378, 0.09918, 0.15938],  precision=[0.00819, 0.00638, 0.00496, 0.00319], hit=[0.04095, 0.06378, 0.09918, 0.15938], ndcg=[0.02684, 0.03415, 0.04309, 0.05495], Train Rec Loss=[0.03207], Eval Rec Loss=[0.03204], c=[0.50000], F=[0.84523, 0.88693, 0.92464, 0.95084], F_fuse=[0.01622, 0.01267, 0.00987, 0.00635]
[ INFO : 2026-07-06 22:16:28,617 ] - Epoch 246: train==[56.44523 = 0.56974 + 0.95914 + 2.09060 + 0.01218 + 0.00000 + 0.00464 + 884.94450]
[ INFO : 2026-07-06 22:16:35,853 ] - Test_@[5, 10, 20, 50]: Recall=[0.04339, 0.06623, 0.10163, 0.16607],  precision=[0.00868, 0.00662, 0.00508, 0.00332], hit=[0.04339, 0.06623, 0.10163, 0.16607], ndcg=[0.02784, 0.03515, 0.04406, 0.05678], Train Rec Loss=[0.03208], Eval Rec Loss=[0.03204], c=[0.50000], F=[0.84539, 0.88745, 0.92539, 0.95172], F_fuse=[0.01718, 0.01315, 0.01011, 0.00662]
[ INFO : 2026-07-06 22:17:44,475 ] - Epoch 247: train==[56.41332 = 0.56907 + 0.95914 + 2.05915 + 0.01221 + 0.00000 + 0.00482 + 884.94450]
[ INFO : 2026-07-06 22:17:51,724 ] - Test_@[5, 10, 20, 50]: Recall=[0.04209, 0.06525, 0.10375, 0.16542],  precision=[0.00842, 0.00653, 0.00519, 0.00331], hit=[0.04209, 0.06525, 0.10375, 0.16542], ndcg=[0.02753, 0.03496, 0.04466, 0.05678], Train Rec Loss=[0.03207], Eval Rec Loss=[0.03204], c=[0.50000], F=[0.84584, 0.88893, 0.92556, 0.95039], F_fuse=[0.01667, 0.01296, 0.01032, 0.00659]
[ INFO : 2026-07-06 22:19:00,481 ] - Epoch 248: train==[56.44478 = 0.56608 + 0.95914 + 2.09344 + 0.01217 + 0.00000 + 0.00504 + 884.94450]
[ INFO : 2026-07-06 22:19:07,717 ] - Test_@[5, 10, 20, 50]: Recall=[0.04176, 0.06542, 0.10277, 0.16281],  precision=[0.00835, 0.00654, 0.00514, 0.00326], hit=[0.04176, 0.06542, 0.10277, 0.16281], ndcg=[0.02736, 0.03497, 0.04436, 0.05622], Train Rec Loss=[0.03207], Eval Rec Loss=[0.03205], c=[0.50000], F=[0.84589, 0.89008, 0.92696, 0.95127], F_fuse=[0.01654, 0.01299, 0.01022, 0.00649]
[ INFO : 2026-07-06 22:20:15,576 ] - Epoch 249: train==[56.44967 = 0.56669 + 0.95914 + 2.09866 + 0.01217 + 0.00000 + 0.00409 + 884.94450]
[ INFO : 2026-07-06 22:20:22,738 ] - Test_@[5, 10, 20, 50]: Recall=[0.04127, 0.06656, 0.10212, 0.16493],  precision=[0.00825, 0.00666, 0.00511, 0.00330], hit=[0.04127, 0.06656, 0.10212, 0.16493], ndcg=[0.02716, 0.03527, 0.04423, 0.05658], Train Rec Loss=[0.03207], Eval Rec Loss=[0.03204], c=[0.50000], F=[0.84462, 0.88806, 0.92512, 0.94964], F_fuse=[0.01635, 0.01321, 0.01016, 0.00657]
[ INFO : 2026-07-06 22:21:30,632 ] - Epoch 250: train==[56.41542 = 0.57371 + 0.95914 + 2.05708 + 0.01223 + 0.00000 + 0.00433 + 884.94450]
[ INFO : 2026-07-06 22:21:37,860 ] - Test_@[5, 10, 20, 50]: Recall=[0.04258, 0.06460, 0.10131, 0.16281],  precision=[0.00852, 0.00646, 0.00507, 0.00326], hit=[0.04258, 0.06460, 0.10131, 0.16281], ndcg=[0.02763, 0.03468, 0.04397, 0.05608], Train Rec Loss=[0.03207], Eval Rec Loss=[0.03204], c=[0.50000], F=[0.84361, 0.88880, 0.92443, 0.94875], F_fuse=[0.01686, 0.01283, 0.01008, 0.00649]
[ INFO : 2026-07-06 22:22:45,621 ] - Epoch 251: train==[56.43365 = 0.56278 + 0.95914 + 2.08560 + 0.01224 + 0.00000 + 0.00497 + 884.94450]
[ INFO : 2026-07-06 22:22:52,781 ] - Test_@[5, 10, 20, 50]: Recall=[0.04454, 0.06917, 0.10620, 0.16835],  precision=[0.00891, 0.00692, 0.00531, 0.00337], hit=[0.04454, 0.06917, 0.10620, 0.16835], ndcg=[0.02946, 0.03736, 0.04663, 0.05895], Train Rec Loss=[0.03207], Eval Rec Loss=[0.03203], c=[0.50000], F=[0.84753, 0.88855, 0.92582, 0.95185], F_fuse=[0.01763, 0.01373, 0.01056, 0.00671]
[ INFO : 2026-07-06 22:24:00,758 ] - Epoch 252: train==[56.40225 = 0.56074 + 0.95914 + 2.05675 + 0.01229 + 0.00000 + 0.00441 + 884.94450]
[ INFO : 2026-07-06 22:24:07,925 ] - Test_@[5, 10, 20, 50]: Recall=[0.04274, 0.06737, 0.10457, 0.16786],  precision=[0.00855, 0.00674, 0.00523, 0.00336], hit=[0.04274, 0.06737, 0.10457, 0.16786], ndcg=[0.02784, 0.03566, 0.04503, 0.05748], Train Rec Loss=[0.03207], Eval Rec Loss=[0.03204], c=[0.50000], F=[0.84642, 0.88770, 0.92466, 0.95115], F_fuse=[0.01693, 0.01337, 0.01040, 0.00669]
[ INFO : 2026-07-06 22:25:15,497 ] - Epoch 253: train==[56.37743 = 0.55908 + 0.95914 + 2.03391 + 0.01249 + 0.00000 + 0.00388 + 884.94450]
[ INFO : 2026-07-06 22:25:22,668 ] - Test_@[5, 10, 20, 50]: Recall=[0.04356, 0.06737, 0.10343, 0.16672],  precision=[0.00871, 0.00674, 0.00517, 0.00333], hit=[0.04356, 0.06737, 0.10343, 0.16672], ndcg=[0.02780, 0.03538, 0.04442, 0.05691], Train Rec Loss=[0.03206], Eval Rec Loss=[0.03203], c=[0.50000], F=[0.84562, 0.88918, 0.92699, 0.95003], F_fuse=[0.01724, 0.01337, 0.01029, 0.00665]
[ INFO : 2026-07-06 22:26:30,260 ] - Epoch 254: train==[56.40229 = 0.55646 + 0.95914 + 2.06087 + 0.01228 + 0.00000 + 0.00461 + 884.94450]
[ INFO : 2026-07-06 22:26:37,429 ] - Test_@[5, 10, 20, 50]: Recall=[0.04127, 0.06330, 0.10033, 0.16020],  precision=[0.00825, 0.00633, 0.00502, 0.00320], hit=[0.04127, 0.06330, 0.10033, 0.16020], ndcg=[0.02647, 0.03352, 0.04288, 0.05471], Train Rec Loss=[0.03206], Eval Rec Loss=[0.03203], c=[0.50000], F=[0.84635, 0.88928, 0.92662, 0.94900], F_fuse=[0.01635, 0.01257, 0.00998, 0.00639]
[ INFO : 2026-07-06 22:27:45,662 ] - Epoch 255: train==[56.37947 = 0.55586 + 0.95914 + 2.03888 + 0.01244 + 0.00000 + 0.00423 + 884.94450]
[ INFO : 2026-07-06 22:27:52,869 ] - Test_@[5, 10, 20, 50]: Recall=[0.04372, 0.06982, 0.10489, 0.16509],  precision=[0.00874, 0.00698, 0.00524, 0.00330], hit=[0.04372, 0.06982, 0.10489, 0.16509], ndcg=[0.02829, 0.03654, 0.04536, 0.05722], Train Rec Loss=[0.03206], Eval Rec Loss=[0.03203], c=[0.50000], F=[0.84227, 0.88715, 0.92460, 0.94894], F_fuse=[0.01731, 0.01386, 0.01043, 0.00658]
[ INFO : 2026-07-06 22:29:00,949 ] - Epoch 256: train==[56.37064 = 0.55954 + 0.95914 + 2.02641 + 0.01240 + 0.00000 + 0.00422 + 884.94450]
[ INFO : 2026-07-06 22:29:08,172 ] - Test_@[5, 10, 20, 50]: Recall=[0.04258, 0.06444, 0.10049, 0.16020],  precision=[0.00852, 0.00644, 0.00502, 0.00320], hit=[0.04258, 0.06444, 0.10049, 0.16020], ndcg=[0.02773, 0.03472, 0.04385, 0.05564], Train Rec Loss=[0.03206], Eval Rec Loss=[0.03204], c=[0.50000], F=[0.84279, 0.88782, 0.92393, 0.94868], F_fuse=[0.01686, 0.01279, 0.00999, 0.00639]
[ INFO : 2026-07-06 22:30:16,451 ] - Epoch 257: train==[56.35751 = 0.55753 + 0.95914 + 2.01507 + 0.01241 + 0.00000 + 0.00443 + 884.94450]
[ INFO : 2026-07-06 22:30:23,688 ] - Test_@[5, 10, 20, 50]: Recall=[0.04209, 0.06623, 0.10359, 0.16493],  precision=[0.00842, 0.00662, 0.00518, 0.00330], hit=[0.04209, 0.06623, 0.10359, 0.16493], ndcg=[0.02713, 0.03488, 0.04429, 0.05639], Train Rec Loss=[0.03206], Eval Rec Loss=[0.03203], c=[0.50000], F=[0.84234, 0.88739, 0.92388, 0.94990], F_fuse=[0.01667, 0.01315, 0.01030, 0.00657]
[ INFO : 2026-07-06 22:31:31,310 ] - Epoch 258: train==[56.31345 = 0.55392 + 0.95914 + 1.97536 + 0.01246 + 0.00000 + 0.00365 + 884.94450]
[ INFO : 2026-07-06 22:31:38,472 ] - Test_@[5, 10, 20, 50]: Recall=[0.04209, 0.06460, 0.10082, 0.16215],  precision=[0.00842, 0.00646, 0.00504, 0.00324], hit=[0.04209, 0.06460, 0.10082, 0.16215], ndcg=[0.02669, 0.03385, 0.04300, 0.05514], Train Rec Loss=[0.03206], Eval Rec Loss=[0.03203], c=[0.50000], F=[0.84277, 0.88796, 0.92489, 0.94862], F_fuse=[0.01667, 0.01283, 0.01003, 0.00646]
[ INFO : 2026-07-06 22:32:46,828 ] - Epoch 259: train==[56.39273 = 0.54963 + 0.95914 + 2.05845 + 0.01245 + 0.00000 + 0.00414 + 884.94450]
[ INFO : 2026-07-06 22:32:54,001 ] - Test_@[5, 10, 20, 50]: Recall=[0.03980, 0.06069, 0.09723, 0.15889],  precision=[0.00796, 0.00607, 0.00486, 0.00318], hit=[0.03980, 0.06069, 0.09723, 0.15889], ndcg=[0.02545, 0.03212, 0.04140, 0.05357], Train Rec Loss=[0.03206], Eval Rec Loss=[0.03203], c=[0.50000], F=[0.84318, 0.88948, 0.92321, 0.94929], F_fuse=[0.01577, 0.01205, 0.00967, 0.00633]
[ INFO : 2026-07-06 22:34:02,947 ] - Epoch 260: train==[56.35381 = 0.55222 + 0.95914 + 2.01650 + 0.01239 + 0.00000 + 0.00464 + 884.94450]
[ INFO : 2026-07-06 22:34:10,214 ] - Test_@[5, 10, 20, 50]: Recall=[0.04290, 0.06656, 0.10294, 0.16411],  precision=[0.00858, 0.00666, 0.00515, 0.00328], hit=[0.04290, 0.06656, 0.10294, 0.16411], ndcg=[0.02747, 0.03502, 0.04417, 0.05621], Train Rec Loss=[0.03206], Eval Rec Loss=[0.03203], c=[0.50000], F=[0.84312, 0.88829, 0.92378, 0.94952], F_fuse=[0.01699, 0.01321, 0.01024, 0.00654]
[ INFO : 2026-07-06 22:35:18,560 ] - Epoch 261: train==[56.35389 = 0.55057 + 0.95914 + 2.01798 + 0.01244 + 0.00000 + 0.00484 + 884.94450]
[ INFO : 2026-07-06 22:35:25,761 ] - Test_@[5, 10, 20, 50]: Recall=[0.04062, 0.06411, 0.10000, 0.16150],  precision=[0.00812, 0.00641, 0.00500, 0.00323], hit=[0.04062, 0.06411, 0.10000, 0.16150], ndcg=[0.02593, 0.03342, 0.04252, 0.05464], Train Rec Loss=[0.03206], Eval Rec Loss=[0.03202], c=[0.50000], F=[0.84266, 0.88652, 0.92397, 0.94908], F_fuse=[0.01609, 0.01273, 0.00995, 0.00644]
[ INFO : 2026-07-06 22:36:34,032 ] - Epoch 262: train==[56.37781 = 0.54964 + 0.95914 + 2.04335 + 0.01243 + 0.00000 + 0.00432 + 884.94450]
[ INFO : 2026-07-06 22:36:41,252 ] - Test_@[5, 10, 20, 50]: Recall=[0.04111, 0.06574, 0.10277, 0.16362],  precision=[0.00822, 0.00657, 0.00514, 0.00327], hit=[0.04111, 0.06574, 0.10277, 0.16362], ndcg=[0.02660, 0.03445, 0.04379, 0.05576], Train Rec Loss=[0.03205], Eval Rec Loss=[0.03203], c=[0.50000], F=[0.84546, 0.88891, 0.92516, 0.94962], F_fuse=[0.01629, 0.01305, 0.01022, 0.00652]
[ INFO : 2026-07-06 22:37:49,442 ] - Epoch 263: train==[56.34413 = 0.54619 + 0.95914 + 2.01240 + 0.01231 + 0.00000 + 0.00517 + 884.94450]
[ INFO : 2026-07-06 22:37:56,678 ] - Test_@[5, 10, 20, 50]: Recall=[0.04078, 0.06264, 0.09886, 0.15905],  precision=[0.00816, 0.00626, 0.00494, 0.00318], hit=[0.04078, 0.06264, 0.09886, 0.15905], ndcg=[0.02646, 0.03343, 0.04261, 0.05449], Train Rec Loss=[0.03206], Eval Rec Loss=[0.03202], c=[0.50000], F=[0.84271, 0.88903, 0.92425, 0.94911], F_fuse=[0.01616, 0.01244, 0.00983, 0.00634]
[ INFO : 2026-07-06 22:39:04,831 ] - Epoch 264: train==[56.32055 = 0.54589 + 0.95914 + 1.99001 + 0.01232 + 0.00000 + 0.00427 + 884.94450]
[ INFO : 2026-07-06 22:39:12,074 ] - Test_@[5, 10, 20, 50]: Recall=[0.04323, 0.06656, 0.10343, 0.16117],  precision=[0.00865, 0.00666, 0.00517, 0.00322], hit=[0.04323, 0.06656, 0.10343, 0.16117], ndcg=[0.02765, 0.03507, 0.04439, 0.05582], Train Rec Loss=[0.03205], Eval Rec Loss=[0.03202], c=[0.50000], F=[0.84237, 0.88785, 0.92344, 0.95038], F_fuse=[0.01712, 0.01321, 0.01028, 0.00643]
[ INFO : 2026-07-06 22:40:20,402 ] - Epoch 265: train==[56.33704 = 0.54477 + 0.95914 + 2.00669 + 0.01237 + 0.00000 + 0.00514 + 884.94450]
[ INFO : 2026-07-06 22:40:27,567 ] - Test_@[5, 10, 20, 50]: Recall=[0.04519, 0.07031, 0.10538, 0.16770],  precision=[0.00904, 0.00703, 0.00527, 0.00335], hit=[0.04519, 0.07031, 0.10538, 0.16770], ndcg=[0.02883, 0.03682, 0.04563, 0.05792], Train Rec Loss=[0.03205], Eval Rec Loss=[0.03202], c=[0.50000], F=[0.84341, 0.88667, 0.92424, 0.94937], F_fuse=[0.01788, 0.01395, 0.01048, 0.00668]
[ INFO : 2026-07-06 22:41:35,763 ] - Epoch 266: train==[56.38630 = 0.54270 + 0.95914 + 2.05890 + 0.01233 + 0.00000 + 0.00430 + 884.94450]
[ INFO : 2026-07-06 22:41:42,934 ] - Test_@[5, 10, 20, 50]: Recall=[0.04307, 0.06770, 0.10179, 0.16346],  precision=[0.00861, 0.00677, 0.00509, 0.00327], hit=[0.04307, 0.06770, 0.10179, 0.16346], ndcg=[0.02758, 0.03543, 0.04403, 0.05622], Train Rec Loss=[0.03206], Eval Rec Loss=[0.03203], c=[0.50000], F=[0.84504, 0.88765, 0.92303, 0.95148], F_fuse=[0.01705, 0.01344, 0.01012, 0.00652]
[ INFO : 2026-07-06 22:42:51,904 ] - Epoch 267: train==[56.33187 = 0.54067 + 0.95914 + 2.00548 + 0.01237 + 0.00000 + 0.00528 + 884.94450]
[ INFO : 2026-07-06 22:42:59,070 ] - Test_@[5, 10, 20, 50]: Recall=[0.04160, 0.06493, 0.10131, 0.16232],  precision=[0.00832, 0.00649, 0.00507, 0.00325], hit=[0.04160, 0.06493, 0.10131, 0.16232], ndcg=[0.02640, 0.03385, 0.04300, 0.05498], Train Rec Loss=[0.03205], Eval Rec Loss=[0.03203], c=[0.50000], F=[0.84402, 0.88665, 0.92251, 0.94878], F_fuse=[0.01648, 0.01289, 0.01008, 0.00647]
[ INFO : 2026-07-06 22:44:07,789 ] - Epoch 268: train==[56.35717 = 0.54304 + 0.95914 + 2.02958 + 0.01231 + 0.00000 + 0.00417 + 884.94450]
[ INFO : 2026-07-06 22:44:14,980 ] - Test_@[5, 10, 20, 50]: Recall=[0.04405, 0.06721, 0.10408, 0.16607],  precision=[0.00881, 0.00672, 0.00520, 0.00332], hit=[0.04405, 0.06721, 0.10408, 0.16607], ndcg=[0.02807, 0.03548, 0.04478, 0.05696], Train Rec Loss=[0.03205], Eval Rec Loss=[0.03202], c=[0.50000], F=[0.84597, 0.88953, 0.92628, 0.94958], F_fuse=[0.01744, 0.01334, 0.01035, 0.00662]
[ INFO : 2026-07-06 22:45:23,218 ] - Epoch 269: train==[56.26950 = 0.54103 + 0.95914 + 1.94332 + 0.01245 + 0.00000 + 0.00464 + 884.94450]
[ INFO : 2026-07-06 22:45:30,376 ] - Test_@[5, 10, 20, 50]: Recall=[0.04437, 0.07064, 0.10620, 0.16803],  precision=[0.00887, 0.00706, 0.00531, 0.00336], hit=[0.04437, 0.07064, 0.10620, 0.16803], ndcg=[0.02874, 0.03710, 0.04601, 0.05817], Train Rec Loss=[0.03205], Eval Rec Loss=[0.03202], c=[0.50000], F=[0.84179, 0.88877, 0.92467, 0.94985], F_fuse=[0.01756, 0.01402, 0.01056, 0.00670]
[ INFO : 2026-07-06 22:46:38,757 ] - Epoch 270: train==[56.27255 = 0.54019 + 0.95914 + 1.94799 + 0.01248 + 0.00000 + 0.00382 + 884.94450]
[ INFO : 2026-07-06 22:46:45,926 ] - Test_@[5, 10, 20, 50]: Recall=[0.04323, 0.06639, 0.10424, 0.16558],  precision=[0.00865, 0.00664, 0.00521, 0.00331], hit=[0.04323, 0.06639, 0.10424, 0.16558], ndcg=[0.02756, 0.03495, 0.04451, 0.05659], Train Rec Loss=[0.03205], Eval Rec Loss=[0.03202], c=[0.50000], F=[0.84427, 0.88807, 0.92382, 0.95067], F_fuse=[0.01712, 0.01318, 0.01037, 0.00660]
[ INFO : 2026-07-06 22:47:54,153 ] - Epoch 271: train==[56.24620 = 0.53623 + 0.95914 + 1.92505 + 0.01253 + 0.00000 + 0.00433 + 884.94450]
[ INFO : 2026-07-06 22:48:01,409 ] - Test_@[5, 10, 20, 50]: Recall=[0.04241, 0.06525, 0.10457, 0.16411],  precision=[0.00848, 0.00653, 0.00523, 0.00328], hit=[0.04241, 0.06525, 0.10457, 0.16411], ndcg=[0.02731, 0.03461, 0.04454, 0.05630], Train Rec Loss=[0.03204], Eval Rec Loss=[0.03202], c=[0.50000], F=[0.84472, 0.89018, 0.92523, 0.94927], F_fuse=[0.01680, 0.01296, 0.01040, 0.00654]
[ INFO : 2026-07-06 22:49:09,432 ] - Epoch 272: train==[56.30441 = 0.53261 + 0.95914 + 1.98670 + 0.01254 + 0.00000 + 0.00450 + 884.94450]
[ INFO : 2026-07-06 22:49:16,622 ] - Test_@[5, 10, 20, 50]: Recall=[0.04209, 0.06672, 0.10359, 0.16395],  precision=[0.00842, 0.00667, 0.00518, 0.00328], hit=[0.04209, 0.06672, 0.10359, 0.16395], ndcg=[0.02729, 0.03508, 0.04440, 0.05628], Train Rec Loss=[0.03205], Eval Rec Loss=[0.03202], c=[0.50000], F=[0.84590, 0.88866, 0.92397, 0.94913], F_fuse=[0.01667, 0.01324, 0.01030, 0.00654]
[ INFO : 2026-07-06 22:50:25,334 ] - Epoch 273: train==[56.31991 = 0.53477 + 0.95914 + 1.99978 + 0.01259 + 0.00000 + 0.00470 + 884.94450]
[ INFO : 2026-07-06 22:50:32,576 ] - Test_@[5, 10, 20, 50]: Recall=[0.04192, 0.06737, 0.10489, 0.16721],  precision=[0.00838, 0.00674, 0.00524, 0.00334], hit=[0.04192, 0.06737, 0.10489, 0.16721], ndcg=[0.02688, 0.03501, 0.04445, 0.05669], Train Rec Loss=[0.03204], Eval Rec Loss=[0.03201], c=[0.50000], F=[0.84446, 0.88781, 0.92505, 0.95022], F_fuse=[0.01661, 0.01337, 0.01043, 0.00666]
[ INFO : 2026-07-06 22:51:41,440 ] - Epoch 274: train==[56.23394 = 0.53275 + 0.95914 + 1.91620 + 0.01250 + 0.00000 + 0.00442 + 884.94450]
[ INFO : 2026-07-06 22:51:48,603 ] - Test_@[5, 10, 20, 50]: Recall=[0.04144, 0.06688, 0.10098, 0.16248],  precision=[0.00829, 0.00669, 0.00505, 0.00325], hit=[0.04144, 0.06688, 0.10098, 0.16248], ndcg=[0.02654, 0.03473, 0.04332, 0.05542], Train Rec Loss=[0.03205], Eval Rec Loss=[0.03202], c=[0.50000], F=[0.84461, 0.88612, 0.92241, 0.95011], F_fuse=[0.01641, 0.01328, 0.01004, 0.00648]
[ INFO : 2026-07-06 22:52:57,512 ] - Epoch 275: train==[56.27834 = 0.53206 + 0.95914 + 1.96100 + 0.01242 + 0.00000 + 0.00480 + 884.94450]
[ INFO : 2026-07-06 22:53:04,802 ] - Test_@[5, 10, 20, 50]: Recall=[0.04160, 0.06672, 0.10163, 0.16378],  precision=[0.00832, 0.00667, 0.00508, 0.00328], hit=[0.04160, 0.06672, 0.10163, 0.16378], ndcg=[0.02674, 0.03481, 0.04359, 0.05583], Train Rec Loss=[0.03204], Eval Rec Loss=[0.03201], c=[0.50000], F=[0.84471, 0.88668, 0.92251, 0.95039], F_fuse=[0.01648, 0.01324, 0.01011, 0.00653]
[ INFO : 2026-07-06 22:54:13,546 ] - Epoch 276: train==[56.25891 = 0.53050 + 0.95914 + 1.94296 + 0.01249 + 0.00000 + 0.00489 + 884.94450]
[ INFO : 2026-07-06 22:54:20,697 ] - Test_@[5, 10, 20, 50]: Recall=[0.04339, 0.06656, 0.10440, 0.16607],  precision=[0.00868, 0.00666, 0.00522, 0.00332], hit=[0.04339, 0.06656, 0.10440, 0.16607], ndcg=[0.02765, 0.03510, 0.04463, 0.05676], Train Rec Loss=[0.03204], Eval Rec Loss=[0.03201], c=[0.50000], F=[0.84551, 0.88704, 0.92439, 0.94894], F_fuse=[0.01718, 0.01321, 0.01038, 0.00662]
[ INFO : 2026-07-06 22:55:29,501 ] - Epoch 277: train==[56.29314 = 0.53148 + 0.95914 + 1.97591 + 0.01254 + 0.00000 + 0.00515 + 884.94450]
[ INFO : 2026-07-06 22:55:36,735 ] - Test_@[5, 10, 20, 50]: Recall=[0.04339, 0.06933, 0.10457, 0.16411],  precision=[0.00868, 0.00693, 0.00523, 0.00328], hit=[0.04339, 0.06933, 0.10457, 0.16411], ndcg=[0.02790, 0.03624, 0.04507, 0.05678], Train Rec Loss=[0.03204], Eval Rec Loss=[0.03201], c=[0.50000], F=[0.84018, 0.88682, 0.92280, 0.94881], F_fuse=[0.01718, 0.01376, 0.01040, 0.00654]
[ INFO : 2026-07-06 22:56:45,669 ] - Epoch 278: train==[56.23573 = 0.53263 + 0.95914 + 1.91837 + 0.01253 + 0.00000 + 0.00414 + 884.94450]
[ INFO : 2026-07-06 22:56:52,907 ] - Test_@[5, 10, 20, 50]: Recall=[0.04127, 0.06444, 0.10098, 0.16248],  precision=[0.00825, 0.00644, 0.00505, 0.00325], hit=[0.04127, 0.06444, 0.10098, 0.16248], ndcg=[0.02608, 0.03353, 0.04276, 0.05492], Train Rec Loss=[0.03204], Eval Rec Loss=[0.03201], c=[0.50000], F=[0.84432, 0.88748, 0.92273, 0.94875], F_fuse=[0.01635, 0.01279, 0.01004, 0.00648]
[ INFO : 2026-07-06 22:58:01,732 ] - Epoch 279: train==[56.25491 = 0.52728 + 0.95914 + 1.94402 + 0.01255 + 0.00000 + 0.00299 + 884.94450]
[ INFO : 2026-07-06 22:58:08,904 ] - Test_@[5, 10, 20, 50]: Recall=[0.04290, 0.06949, 0.10653, 0.16656],  precision=[0.00858, 0.00695, 0.00533, 0.00333], hit=[0.04290, 0.06949, 0.10653, 0.16656], ndcg=[0.02760, 0.03610, 0.04539, 0.05722], Train Rec Loss=[0.03204], Eval Rec Loss=[0.03201], c=[0.50000], F=[0.84295, 0.88665, 0.92264, 0.94924], F_fuse=[0.01699, 0.01379, 0.01059, 0.00664]
[ INFO : 2026-07-06 22:59:17,790 ] - Epoch 280: train==[56.26843 = 0.52440 + 0.95914 + 1.95903 + 0.01252 + 0.00000 + 0.00442 + 884.94450]
[ INFO : 2026-07-06 22:59:25,018 ] - Test_@[5, 10, 20, 50]: Recall=[0.04144, 0.06591, 0.10245, 0.16313],  precision=[0.00829, 0.00659, 0.00512, 0.00326], hit=[0.04144, 0.06591, 0.10245, 0.16313], ndcg=[0.02647, 0.03429, 0.04346, 0.05535], Train Rec Loss=[0.03204], Eval Rec Loss=[0.03201], c=[0.50000], F=[0.84480, 0.88743, 0.92272, 0.95037], F_fuse=[0.01641, 0.01308, 0.01019, 0.00650]
[ INFO : 2026-07-06 23:00:33,812 ] - Epoch 281: train==[56.24670 = 0.52209 + 0.95914 + 1.93940 + 0.01256 + 0.00000 + 0.00458 + 884.94450]
[ INFO : 2026-07-06 23:00:41,064 ] - Test_@[5, 10, 20, 50]: Recall=[0.03980, 0.06183, 0.09821, 0.15856],  precision=[0.00796, 0.00618, 0.00491, 0.00317], hit=[0.03980, 0.06183, 0.09821, 0.15856], ndcg=[0.02522, 0.03231, 0.04146, 0.05341], Train Rec Loss=[0.03204], Eval Rec Loss=[0.03202], c=[0.50000], F=[0.84530, 0.88745, 0.92385, 0.95050], F_fuse=[0.01577, 0.01228, 0.00977, 0.00632]
[ INFO : 2026-07-06 23:01:49,632 ] - Epoch 282: train==[56.21820 = 0.52339 + 0.95914 + 1.90966 + 0.01256 + 0.00000 + 0.00452 + 884.94450]
[ INFO : 2026-07-06 23:01:56,796 ] - Test_@[5, 10, 20, 50]: Recall=[0.04258, 0.06786, 0.10538, 0.16542],  precision=[0.00852, 0.00679, 0.00527, 0.00331], hit=[0.04258, 0.06786, 0.10538, 0.16542], ndcg=[0.02754, 0.03568, 0.04509, 0.05684], Train Rec Loss=[0.03204], Eval Rec Loss=[0.03201], c=[0.50000], F=[0.84146, 0.88583, 0.92190, 0.94828], F_fuse=[0.01686, 0.01347, 0.01048, 0.00659]
[ INFO : 2026-07-06 23:03:04,253 ] - Epoch 283: train==[56.21890 = 0.52032 + 0.95914 + 1.91305 + 0.01256 + 0.00000 + 0.00490 + 884.94450]
[ INFO : 2026-07-06 23:03:11,410 ] - Test_@[5, 10, 20, 50]: Recall=[0.04078, 0.06525, 0.10326, 0.16509],  precision=[0.00816, 0.00653, 0.00516, 0.00330], hit=[0.04078, 0.06525, 0.10326, 0.16509], ndcg=[0.02628, 0.03412, 0.04372, 0.05591], Train Rec Loss=[0.03203], Eval Rec Loss=[0.03201], c=[0.50000], F=[0.84527, 0.88661, 0.92327, 0.95055], F_fuse=[0.01616, 0.01296, 0.01027, 0.00658]
[ INFO : 2026-07-06 23:04:19,553 ] - Epoch 284: train==[56.24039 = 0.51915 + 0.95914 + 1.93565 + 0.01252 + 0.00000 + 0.00500 + 884.94450]
[ INFO : 2026-07-06 23:04:26,801 ] - Test_@[5, 10, 20, 50]: Recall=[0.04095, 0.06476, 0.10310, 0.16117],  precision=[0.00819, 0.00648, 0.00515, 0.00322], hit=[0.04095, 0.06476, 0.10310, 0.16117], ndcg=[0.02589, 0.03350, 0.04314, 0.05460], Train Rec Loss=[0.03204], Eval Rec Loss=[0.03201], c=[0.50000], F=[0.84596, 0.88554, 0.92387, 0.95023], F_fuse=[0.01622, 0.01286, 0.01025, 0.00643]
[ INFO : 2026-07-06 23:05:34,695 ] - Epoch 285: train==[56.26413 = 0.51951 + 0.95914 + 1.95905 + 0.01252 + 0.00000 + 0.00497 + 884.94450]
[ INFO : 2026-07-06 23:05:41,867 ] - Test_@[5, 10, 20, 50]: Recall=[0.04209, 0.06672, 0.10408, 0.16509],  precision=[0.00842, 0.00667, 0.00520, 0.00330], hit=[0.04209, 0.06672, 0.10408, 0.16509], ndcg=[0.02677, 0.03463, 0.04399, 0.05595], Train Rec Loss=[0.03203], Eval Rec Loss=[0.03201], c=[0.50000], F=[0.84495, 0.88708, 0.92262, 0.94934], F_fuse=[0.01667, 0.01324, 0.01035, 0.00658]
[ INFO : 2026-07-06 23:06:49,371 ] - Epoch 286: train==[56.23033 = 0.51904 + 0.95914 + 1.92638 + 0.01257 + 0.00000 + 0.00427 + 884.94450]
[ INFO : 2026-07-06 23:06:56,542 ] - Test_@[5, 10, 20, 50]: Recall=[0.04176, 0.06656, 0.10245, 0.16346],  precision=[0.00835, 0.00666, 0.00512, 0.00327], hit=[0.04176, 0.06656, 0.10245, 0.16346], ndcg=[0.02652, 0.03444, 0.04350, 0.05555], Train Rec Loss=[0.03203], Eval Rec Loss=[0.03201], c=[0.50000], F=[0.84360, 0.88657, 0.92337, 0.94946], F_fuse=[0.01654, 0.01321, 0.01019, 0.00652]
[ INFO : 2026-07-06 23:08:04,831 ] - Epoch 287: train==[56.21614 = 0.51646 + 0.95914 + 1.91459 + 0.01269 + 0.00000 + 0.00433 + 884.94450]
[ INFO : 2026-07-06 23:08:12,069 ] - Test_@[5, 10, 20, 50]: Recall=[0.04274, 0.06525, 0.09951, 0.16101],  precision=[0.00855, 0.00653, 0.00498, 0.00322], hit=[0.04274, 0.06525, 0.09951, 0.16101], ndcg=[0.02704, 0.03419, 0.04283, 0.05490], Train Rec Loss=[0.03204], Eval Rec Loss=[0.03200], c=[0.50000], F=[0.84318, 0.88818, 0.92331, 0.94726], F_fuse=[0.01692, 0.01296, 0.00990, 0.00642]
[ INFO : 2026-07-06 23:09:20,091 ] - Epoch 288: train==[56.24152 = 0.51445 + 0.95914 + 1.94102 + 0.01259 + 0.00000 + 0.00539 + 884.94450]
[ INFO : 2026-07-06 23:09:27,312 ] - Test_@[5, 10, 20, 50]: Recall=[0.04307, 0.06868, 0.10343, 0.16330],  precision=[0.00861, 0.00687, 0.00517, 0.00327], hit=[0.04307, 0.06868, 0.10343, 0.16330], ndcg=[0.02798, 0.03616, 0.04495, 0.05679], Train Rec Loss=[0.03203], Eval Rec Loss=[0.03200], c=[0.50000], F=[0.84086, 0.88595, 0.92334, 0.94790], F_fuse=[0.01705, 0.01363, 0.01028, 0.00651]
[ INFO : 2026-07-06 23:10:35,788 ] - Epoch 289: train==[56.21337 = 0.51636 + 0.95914 + 1.91012 + 0.01265 + 0.00000 + 0.00618 + 884.94450]
[ INFO : 2026-07-06 23:10:43,032 ] - Test_@[5, 10, 20, 50]: Recall=[0.04095, 0.06688, 0.10016, 0.16199],  precision=[0.00819, 0.00669, 0.00501, 0.00324], hit=[0.04095, 0.06688, 0.10016, 0.16199], ndcg=[0.02591, 0.03419, 0.04254, 0.05472], Train Rec Loss=[0.03203], Eval Rec Loss=[0.03200], c=[0.50000], F=[0.84611, 0.88789, 0.92312, 0.95009], F_fuse=[0.01622, 0.01328, 0.00996, 0.00646]
[ INFO : 2026-07-06 23:11:51,272 ] - Epoch 290: train==[56.20802 = 0.51253 + 0.95914 + 1.90989 + 0.01274 + 0.00000 + 0.00479 + 884.94450]
[ INFO : 2026-07-06 23:11:58,439 ] - Test_@[5, 10, 20, 50]: Recall=[0.04144, 0.06607, 0.10163, 0.16281],  precision=[0.00829, 0.00661, 0.00508, 0.00326], hit=[0.04144, 0.06607, 0.10163, 0.16281], ndcg=[0.02624, 0.03406, 0.04298, 0.05501], Train Rec Loss=[0.03203], Eval Rec Loss=[0.03200], c=[0.50000], F=[0.84491, 0.88678, 0.92454, 0.95005], F_fuse=[0.01641, 0.01312, 0.01011, 0.00649]
[ INFO : 2026-07-06 23:13:07,355 ] - Epoch 291: train==[56.21195 = 0.51532 + 0.95914 + 1.90937 + 0.01261 + 0.00000 + 0.00659 + 884.94450]
[ INFO : 2026-07-06 23:13:14,605 ] - Test_@[5, 10, 20, 50]: Recall=[0.04176, 0.06770, 0.10277, 0.16558],  precision=[0.00835, 0.00677, 0.00514, 0.00331], hit=[0.04176, 0.06770, 0.10277, 0.16558], ndcg=[0.02648, 0.03481, 0.04359, 0.05598], Train Rec Loss=[0.03203], Eval Rec Loss=[0.03200], c=[0.50000], F=[0.84347, 0.88713, 0.92320, 0.94973], F_fuse=[0.01654, 0.01344, 0.01022, 0.00660]
[ INFO : 2026-07-06 23:14:23,143 ] - Epoch 292: train==[56.21276 = 0.51282 + 0.95914 + 1.91338 + 0.01255 + 0.00000 + 0.00594 + 884.94450]
[ INFO : 2026-07-06 23:14:30,318 ] - Test_@[5, 10, 20, 50]: Recall=[0.04013, 0.06248, 0.09657, 0.15889],  precision=[0.00803, 0.00625, 0.00483, 0.00318], hit=[0.04013, 0.06248, 0.09657, 0.15889], ndcg=[0.02519, 0.03239, 0.04099, 0.05331], Train Rec Loss=[0.03203], Eval Rec Loss=[0.03200], c=[0.50000], F=[0.84520, 0.88793, 0.92452, 0.95097], F_fuse=[0.01590, 0.01241, 0.00961, 0.00633]
[ INFO : 2026-07-06 23:15:39,449 ] - Epoch 293: train==[56.22153 = 0.51120 + 0.95914 + 1.92272 + 0.01271 + 0.00000 + 0.00683 + 884.94450]
[ INFO : 2026-07-06 23:15:46,620 ] - Test_@[5, 10, 20, 50]: Recall=[0.04274, 0.06835, 0.10424, 0.16591],  precision=[0.00855, 0.00684, 0.00521, 0.00332], hit=[0.04274, 0.06835, 0.10424, 0.16591], ndcg=[0.02777, 0.03598, 0.04504, 0.05716], Train Rec Loss=[0.03203], Eval Rec Loss=[0.03200], c=[0.50000], F=[0.84250, 0.88609, 0.92261, 0.94903], F_fuse=[0.01692, 0.01357, 0.01037, 0.00661]
[ INFO : 2026-07-06 23:16:54,674 ] - Epoch 294: train==[56.17654 = 0.50766 + 0.95914 + 1.88178 + 0.01259 + 0.00000 + 0.00644 + 884.94450]
[ INFO : 2026-07-06 23:17:01,913 ] - Test_@[5, 10, 20, 50]: Recall=[0.04356, 0.06917, 0.10392, 0.16476],  precision=[0.00871, 0.00692, 0.00520, 0.00330], hit=[0.04356, 0.06917, 0.10392, 0.16476], ndcg=[0.02787, 0.03601, 0.04474, 0.05671], Train Rec Loss=[0.03203], Eval Rec Loss=[0.03200], c=[0.50000], F=[0.83986, 0.88467, 0.92327, 0.94800], F_fuse=[0.01724, 0.01373, 0.01033, 0.00657]
[ INFO : 2026-07-06 23:18:09,632 ] - Epoch 295: train==[56.22393 = 0.50680 + 0.95914 + 1.93137 + 0.01253 + 0.00000 + 0.00517 + 884.94450]
[ INFO : 2026-07-06 23:18:16,796 ] - Test_@[5, 10, 20, 50]: Recall=[0.04258, 0.06705, 0.10163, 0.16460],  precision=[0.00852, 0.00670, 0.00508, 0.00329], hit=[0.04258, 0.06705, 0.10163, 0.16460], ndcg=[0.02757, 0.03535, 0.04413, 0.05656], Train Rec Loss=[0.03203], Eval Rec Loss=[0.03200], c=[0.50000], F=[0.84275, 0.88661, 0.92261, 0.94868], F_fuse=[0.01686, 0.01331, 0.01011, 0.00656]
[ INFO : 2026-07-06 23:19:24,872 ] - Epoch 296: train==[56.16857 = 0.50685 + 0.95914 + 1.87605 + 0.01271 + 0.00000 + 0.00489 + 884.94450]
[ INFO : 2026-07-06 23:19:32,103 ] - Test_@[5, 10, 20, 50]: Recall=[0.04241, 0.06656, 0.10147, 0.16248],  precision=[0.00848, 0.00666, 0.00507, 0.00325], hit=[0.04241, 0.06656, 0.10147, 0.16248], ndcg=[0.02683, 0.03457, 0.04336, 0.05537], Train Rec Loss=[0.03203], Eval Rec Loss=[0.03200], c=[0.50000], F=[0.84282, 0.88602, 0.92233, 0.94888], F_fuse=[0.01680, 0.01321, 0.01009, 0.00648]
[ INFO : 2026-07-06 23:20:40,131 ] - Epoch 297: train==[56.19440 = 0.50581 + 0.95914 + 1.90211 + 0.01261 + 0.00000 + 0.00581 + 884.94450]
[ INFO : 2026-07-06 23:20:47,295 ] - Test_@[5, 10, 20, 50]: Recall=[0.04095, 0.06460, 0.09886, 0.15824],  precision=[0.00819, 0.00646, 0.00494, 0.00316], hit=[0.04095, 0.06460, 0.09886, 0.15824], ndcg=[0.02600, 0.03364, 0.04227, 0.05400], Train Rec Loss=[0.03203], Eval Rec Loss=[0.03200], c=[0.50000], F=[0.84193, 0.88537, 0.92260, 0.94856], F_fuse=[0.01622, 0.01283, 0.00983, 0.00631]
[ INFO : 2026-07-06 23:21:55,555 ] - Epoch 298: train==[56.12462 = 0.50206 + 0.95914 + 1.83738 + 0.01276 + 0.00000 + 0.00436 + 884.94450]
[ INFO : 2026-07-06 23:22:02,795 ] - Test_@[5, 10, 20, 50]: Recall=[0.04356, 0.07031, 0.10620, 0.16509],  precision=[0.00871, 0.00703, 0.00531, 0.00330], hit=[0.04356, 0.07031, 0.10620, 0.16509], ndcg=[0.02787, 0.03642, 0.04544, 0.05704], Train Rec Loss=[0.03203], Eval Rec Loss=[0.03200], c=[0.50000], F=[0.84350, 0.88509, 0.92224, 0.94987], F_fuse=[0.01724, 0.01395, 0.01056, 0.00658]
[ INFO : 2026-07-06 23:23:10,951 ] - Epoch 299: train==[56.18161 = 0.50304 + 0.95914 + 1.89227 + 0.01267 + 0.00000 + 0.00556 + 884.94450]
[ INFO : 2026-07-06 23:23:18,186 ] - Test_@[5, 10, 20, 50]: Recall=[0.04307, 0.06933, 0.10457, 0.16574],  precision=[0.00861, 0.00693, 0.00523, 0.00331], hit=[0.04307, 0.06933, 0.10457, 0.16574], ndcg=[0.02783, 0.03627, 0.04512, 0.05717], Train Rec Loss=[0.03203], Eval Rec Loss=[0.03200], c=[0.50000], F=[0.84553, 0.88609, 0.92282, 0.95046], F_fuse=[0.01705, 0.01376, 0.01040, 0.00661]
[ INFO : 2026-07-06 23:24:25,715 ] - Epoch 300: train==[56.15424 = 0.50204 + 0.95914 + 1.86595 + 0.01266 + 0.00000 + 0.00552 + 884.94450]
[ INFO : 2026-07-06 23:24:32,865 ] - Test_@[5, 10, 20, 50]: Recall=[0.04388, 0.07227, 0.10767, 0.16574],  precision=[0.00878, 0.00723, 0.00538, 0.00331], hit=[0.04388, 0.07227, 0.10767, 0.16574], ndcg=[0.02843, 0.03752, 0.04638, 0.05785], Train Rec Loss=[0.03203], Eval Rec Loss=[0.03199], c=[0.50000], F=[0.84449, 0.88558, 0.92269, 0.95015], F_fuse=[0.01737, 0.01434, 0.01070, 0.00661]
n_users=9308, n_items=6710
n_interactions=65671
n_train=59541, n_test=6130, sparsity=0.00105
Finished Mon Jul  6 11:24:35 PM +07 2026
