Job 74389 on gpu04; lambda_cf=1.0; group_k=10; seed=0; started Sun Jul 26 09:02:14 PM +07 2026
Sun Jul 26 21:02:14 2026       
+---------------------------------------------------------------------------------------+
| NVIDIA-SMI 535.216.03             Driver Version: 535.216.03   CUDA Version: 12.2     |
|-----------------------------------------+----------------------+----------------------+
| GPU  Name                 Persistence-M | Bus-Id        Disp.A | Volatile Uncorr. ECC |
| Fan  Temp   Perf          Pwr:Usage/Cap |         Memory-Usage | GPU-Util  Compute M. |
|                                         |                      |               MIG M. |
|=========================================+======================+======================|
|   0  Tesla V100-DGXS-32GB           On  | 00000000:07:00.0 Off |                    0 |
| N/A   39C    P0              37W / 300W |      0MiB / 32768MiB |      0%      Default |
|                                         |                      |                  N/A |
+-----------------------------------------+----------------------+----------------------+
                                                                                         
+---------------------------------------------------------------------------------------+
| Processes:                                                                            |
|  GPU   GI   CI        PID   Type   Process name                            GPU Memory |
|        ID   ID                                                             Usage      |
|=======================================================================================|
|  No running processes found                                                           |
+---------------------------------------------------------------------------------------+
[ INFO : 2026-07-26 21:03:15,840 ] - Preprocess missing values with zero
[ INFO : 2026-07-26 21:03:18,357 ] - Pretrained diffusion model is loaded from: ./checkpoint/allrecipes/best_model.pth
[ INFO : 2026-07-26 21:03:19,234 ] - Completed data loaded from: ./checkpoint/allrecipes/completed_data.pkl
/media/lhbac29/raid-cf/main.py:106: DeprecationWarning: Please import `csr_matrix` from the `scipy.sparse` namespace; the `scipy.sparse.csr` namespace is deprecated and will be removed in SciPy 2.0.0.
  self.ui_graph = self.ui_graph_raw = pickle.load(open('./data/' + self.dataset + '/train_mat', 'rb'))
[ INFO : 2026-07-26 21:03:19,670 ] - Missing rate = 0.400000, complete strategy: zero
[ INFO : 2026-07-26 21:05:35,965 ] - Epoch 1: train==[127.92403 = 1.23673 + 1.37686 + 29.32278 + 0.00021 + 0.00000 + 4.52256 + 613.43756]
[ INFO : 2026-07-26 21:05:44,769 ] - Test_@[5, 10, 20, 50]: Recall=[0.00729, 0.02404, 0.03337, 0.07595],  precision=[0.00146, 0.00240, 0.00167, 0.00152], hit=[0.00729, 0.02404, 0.03337, 0.07595], ndcg=[0.00370, 0.00897, 0.01134, 0.01959], Train Rec Loss=[0.04925], Eval Rec Loss=[0.04899], c=[0.50000], F=[0.75413, 0.99512, 0.99700, 0.88954], F_fuse=[0.00291, 0.00480, 0.00333, 0.00303]
[ INFO : 2026-07-26 21:07:36,933 ] - Epoch 2: train==[125.55606 = 0.81556 + 1.35214 + 29.05384 + 0.00022 + 0.00000 + 2.77335 + 614.01196]
[ INFO : 2026-07-26 21:07:45,799 ] - Test_@[5, 10, 20, 50]: Recall=[0.01355, 0.02122, 0.03887, 0.07480],  precision=[0.00271, 0.00212, 0.00194, 0.00150], hit=[0.01355, 0.02122, 0.03887, 0.07480], ndcg=[0.00872, 0.01114, 0.01563, 0.02275], Train Rec Loss=[0.04881], Eval Rec Loss=[0.04853], c=[0.50000], F=[0.94232, 0.99613, 0.93300, 0.87098], F_fuse=[0.00541, 0.00424, 0.00388, 0.00299]
[ INFO : 2026-07-26 21:09:37,580 ] - Epoch 3: train==[124.34416 = 0.78072 + 1.34428 + 28.65849 + 0.00025 + 0.00000 + 1.99890 + 613.99496]
[ INFO : 2026-07-26 21:09:46,445 ] - Test_@[5, 10, 20, 50]: Recall=[0.01432, 0.02519, 0.03887, 0.07237],  precision=[0.00286, 0.00252, 0.00194, 0.00145], hit=[0.01432, 0.02519, 0.03887, 0.07237], ndcg=[0.01037, 0.01372, 0.01710, 0.02363], Train Rec Loss=[0.04861], Eval Rec Loss=[0.04835], c=[0.50000], F=[0.88846, 0.99613, 0.92009, 0.87948], F_fuse=[0.00571, 0.00503, 0.00388, 0.00289]
[ INFO : 2026-07-26 21:11:39,123 ] - Epoch 4: train==[123.46919 = 0.77853 + 1.34236 + 28.14208 + 0.00029 + 0.00000 + 1.64586 + 613.98009]
[ INFO : 2026-07-26 21:11:47,954 ] - Test_@[5, 10, 20, 50]: Recall=[0.01458, 0.02532, 0.03810, 0.07442],  precision=[0.00292, 0.00253, 0.00191, 0.00149], hit=[0.01458, 0.02532, 0.03810, 0.07442], ndcg=[0.01049, 0.01386, 0.01708, 0.02415], Train Rec Loss=[0.04856], Eval Rec Loss=[0.04830], c=[0.50000], F=[0.76090, 0.99613, 0.88368, 0.87667], F_fuse=[0.00581, 0.00505, 0.00380, 0.00297]
[ INFO : 2026-07-26 21:13:40,594 ] - Epoch 5: train==[122.63473 = 0.77434 + 1.34205 + 27.52746 + 0.00034 + 0.00000 + 1.43221 + 613.96768]
[ INFO : 2026-07-26 21:13:49,420 ] - Test_@[5, 10, 20, 50]: Recall=[0.01458, 0.02532, 0.03849, 0.07301],  precision=[0.00292, 0.00253, 0.00192, 0.00146], hit=[0.01458, 0.02532, 0.03849, 0.07301], ndcg=[0.01051, 0.01388, 0.01721, 0.02387], Train Rec Loss=[0.04849], Eval Rec Loss=[0.04834], c=[0.50000], F=[0.76311, 0.99613, 0.88325, 0.87374], F_fuse=[0.00581, 0.00505, 0.00384, 0.00292]
[ INFO : 2026-07-26 21:15:41,714 ] - Epoch 6: train==[121.75716 = 0.77291 + 1.34201 + 26.82683 + 0.00040 + 0.00000 + 1.25863 + 613.95456]
[ INFO : 2026-07-26 21:15:50,487 ] - Test_@[5, 10, 20, 50]: Recall=[0.01445, 0.02519, 0.03836, 0.07032],  precision=[0.00289, 0.00252, 0.00192, 0.00141], hit=[0.01445, 0.02519, 0.03836, 0.07032], ndcg=[0.01082, 0.01421, 0.01752, 0.02368], Train Rec Loss=[0.04861], Eval Rec Loss=[0.04823], c=[0.50000], F=[0.76704, 0.99613, 0.90268, 0.87373], F_fuse=[0.00576, 0.00503, 0.00383, 0.00281]
[ INFO : 2026-07-26 21:17:43,193 ] - Epoch 7: train==[120.85876 = 0.76945 + 1.34202 + 26.09438 + 0.00045 + 0.00000 + 1.09766 + 613.94403]
[ INFO : 2026-07-26 21:17:52,017 ] - Test_@[5, 10, 20, 50]: Recall=[0.01381, 0.02506, 0.03823, 0.06892],  precision=[0.00276, 0.00251, 0.00191, 0.00138], hit=[0.01381, 0.02506, 0.03823, 0.06892], ndcg=[0.01057, 0.01418, 0.01748, 0.02335], Train Rec Loss=[0.04851], Eval Rec Loss=[0.04832], c=[0.50000], F=[0.77774, 0.99613, 0.90708, 0.87417], F_fuse=[0.00550, 0.00500, 0.00382, 0.00275]
[ INFO : 2026-07-26 21:19:43,904 ] - Epoch 8: train==[119.96232 = 0.76269 + 1.34196 + 25.30563 + 0.00049 + 0.00000 + 0.99816 + 613.93449]
[ INFO : 2026-07-26 21:19:52,744 ] - Test_@[5, 10, 20, 50]: Recall=[0.01394, 0.02468, 0.03810, 0.06636],  precision=[0.00279, 0.00247, 0.00191, 0.00133], hit=[0.01394, 0.02468, 0.03810, 0.06636], ndcg=[0.01059, 0.01401, 0.01738, 0.02269], Train Rec Loss=[0.04846], Eval Rec Loss=[0.04825], c=[0.50000], F=[0.89472, 0.99436, 0.87899, 0.87768], F_fuse=[0.00556, 0.00492, 0.00380, 0.00265]
[ INFO : 2026-07-26 21:21:44,931 ] - Epoch 9: train==[119.21451 = 0.76269 + 1.34197 + 24.62471 + 0.00053 + 0.00000 + 0.93113 + 613.93511]
[ INFO : 2026-07-26 21:21:53,769 ] - Test_@[5, 10, 20, 50]: Recall=[0.01419, 0.02519, 0.03797, 0.06342],  precision=[0.00284, 0.00252, 0.00190, 0.00127], hit=[0.01419, 0.02519, 0.03797, 0.06342], ndcg=[0.01066, 0.01414, 0.01733, 0.02212], Train Rec Loss=[0.04854], Eval Rec Loss=[0.04828], c=[0.50000], F=[0.81506, 0.99448, 0.88222, 0.87888], F_fuse=[0.00566, 0.00502, 0.00379, 0.00253]
[ INFO : 2026-07-26 21:23:45,680 ] - Epoch 10: train==[118.59279 = 0.75693 + 1.34198 + 24.07229 + 0.00058 + 0.00000 + 0.86821 + 613.93058]
[ INFO : 2026-07-26 21:23:54,519 ] - Test_@[5, 10, 20, 50]: Recall=[0.01419, 0.02519, 0.03772, 0.06176],  precision=[0.00284, 0.00252, 0.00189, 0.00124], hit=[0.01419, 0.02519, 0.03772, 0.06176], ndcg=[0.01061, 0.01410, 0.01722, 0.02176], Train Rec Loss=[0.04840], Eval Rec Loss=[0.04820], c=[0.50000], F=[0.79519, 0.99431, 0.88550, 0.87897], F_fuse=[0.00566, 0.00502, 0.00376, 0.00247]
[ INFO : 2026-07-26 21:25:45,687 ] - Epoch 11: train==[118.00224 = 0.75693 + 1.34195 + 23.54476 + 0.00064 + 0.00000 + 0.80556 + 613.92788]
[ INFO : 2026-07-26 21:25:54,499 ] - Test_@[5, 10, 20, 50]: Recall=[0.01406, 0.02544, 0.03746, 0.06278],  precision=[0.00281, 0.00254, 0.00187, 0.00126], hit=[0.01406, 0.02544, 0.03746, 0.06278], ndcg=[0.01053, 0.01414, 0.01712, 0.02189], Train Rec Loss=[0.04847], Eval Rec Loss=[0.04818], c=[0.50000], F=[0.77359, 0.99421, 0.88804, 0.87903], F_fuse=[0.00561, 0.00508, 0.00374, 0.00251]
[ INFO : 2026-07-26 21:27:45,240 ] - Epoch 12: train==[117.53297 = 0.75234 + 1.34191 + 23.14988 + 0.00069 + 0.00000 + 0.73611 + 613.92527]
[ INFO : 2026-07-26 21:27:54,032 ] - Test_@[5, 10, 20, 50]: Recall=[0.01419, 0.02532, 0.03772, 0.06521],  precision=[0.00284, 0.00253, 0.00189, 0.00130], hit=[0.01419, 0.02532, 0.03772, 0.06521], ndcg=[0.01060, 0.01413, 0.01720, 0.02235], Train Rec Loss=[0.04841], Eval Rec Loss=[0.04813], c=[0.50000], F=[0.76518, 0.99423, 0.90089, 0.88096], F_fuse=[0.00566, 0.00505, 0.00376, 0.00260]
[ INFO : 2026-07-26 21:29:44,909 ] - Epoch 13: train==[117.12211 = 0.74716 + 1.34186 + 22.81780 + 0.00075 + 0.00000 + 0.66269 + 613.92398]
[ INFO : 2026-07-26 21:29:53,743 ] - Test_@[5, 10, 20, 50]: Recall=[0.01419, 0.02544, 0.03746, 0.06713],  precision=[0.00284, 0.00254, 0.00187, 0.00134], hit=[0.01419, 0.02544, 0.03746, 0.06713], ndcg=[0.01064, 0.01421, 0.01718, 0.02274], Train Rec Loss=[0.04846], Eval Rec Loss=[0.04811], c=[0.50000], F=[0.76432, 0.99418, 0.91247, 0.88238], F_fuse=[0.00566, 0.00508, 0.00374, 0.00268]
[ INFO : 2026-07-26 21:31:44,671 ] - Epoch 14: train==[116.61848 = 0.74459 + 1.34183 + 22.39296 + 0.00081 + 0.00000 + 0.58661 + 613.92270]
[ INFO : 2026-07-26 21:31:53,459 ] - Test_@[5, 10, 20, 50]: Recall=[0.01432, 0.02532, 0.03734, 0.06815],  precision=[0.00286, 0.00253, 0.00187, 0.00136], hit=[0.01432, 0.02532, 0.03734, 0.06815], ndcg=[0.01065, 0.01414, 0.01712, 0.02291], Train Rec Loss=[0.04846], Eval Rec Loss=[0.04820], c=[0.50000], F=[0.76045, 0.99421, 0.92356, 0.88454], F_fuse=[0.00571, 0.00505, 0.00373, 0.00272]
[ INFO : 2026-07-26 21:33:44,163 ] - Epoch 15: train==[116.31502 = 0.74040 + 1.34179 + 22.16747 + 0.00086 + 0.00000 + 0.51305 + 613.92107]
[ INFO : 2026-07-26 21:33:52,938 ] - Test_@[5, 10, 20, 50]: Recall=[0.01458, 0.02519, 0.03759, 0.06777],  precision=[0.00292, 0.00252, 0.00188, 0.00136], hit=[0.01458, 0.02519, 0.03759, 0.06777], ndcg=[0.01080, 0.01417, 0.01724, 0.02291], Train Rec Loss=[0.04839], Eval Rec Loss=[0.04809], c=[0.50000], F=[0.75857, 0.99421, 0.92825, 0.88520], F_fuse=[0.00581, 0.00502, 0.00375, 0.00271]
[ INFO : 2026-07-26 21:35:45,967 ] - Epoch 16: train==[115.88808 = 0.73524 + 1.34176 + 21.81779 + 0.00092 + 0.00000 + 0.44118 + 613.91930]
[ INFO : 2026-07-26 21:35:54,791 ] - Test_@[5, 10, 20, 50]: Recall=[0.01432, 0.02519, 0.03695, 0.06841],  precision=[0.00286, 0.00252, 0.00185, 0.00137], hit=[0.01432, 0.02519, 0.03695, 0.06841], ndcg=[0.01070, 0.01416, 0.01708, 0.02301], Train Rec Loss=[0.04842], Eval Rec Loss=[0.04815], c=[0.50000], F=[0.75850, 0.99423, 0.93085, 0.88645], F_fuse=[0.00571, 0.00502, 0.00369, 0.00273]
[ INFO : 2026-07-26 21:37:46,633 ] - Epoch 17: train==[115.57383 = 0.73255 + 1.34174 + 21.57213 + 0.00098 + 0.00000 + 0.37523 + 613.91924]
[ INFO : 2026-07-26 21:37:55,477 ] - Test_@[5, 10, 20, 50]: Recall=[0.01445, 0.02544, 0.03708, 0.06777],  precision=[0.00289, 0.00254, 0.00185, 0.00136], hit=[0.01445, 0.02544, 0.03708, 0.06777], ndcg=[0.01074, 0.01423, 0.01711, 0.02290], Train Rec Loss=[0.04839], Eval Rec Loss=[0.04799], c=[0.50000], F=[0.75850, 0.99420, 0.93037, 0.89066], F_fuse=[0.00576, 0.00508, 0.00370, 0.00271]
[ INFO : 2026-07-26 21:39:47,285 ] - Epoch 18: train==[115.31084 = 0.73095 + 1.34166 + 21.37146 + 0.00103 + 0.00000 + 0.31471 + 613.91800]
[ INFO : 2026-07-26 21:39:56,148 ] - Test_@[5, 10, 20, 50]: Recall=[0.01445, 0.02544, 0.03708, 0.06738],  precision=[0.00289, 0.00254, 0.00185, 0.00135], hit=[0.01445, 0.02544, 0.03708, 0.06738], ndcg=[0.01069, 0.01418, 0.01705, 0.02278], Train Rec Loss=[0.04846], Eval Rec Loss=[0.04809], c=[0.50000], F=[0.75812, 0.99424, 0.93220, 0.89257], F_fuse=[0.00576, 0.00508, 0.00370, 0.00269]
[ INFO : 2026-07-26 21:41:48,197 ] - Epoch 19: train==[114.95723 = 0.72672 + 1.34162 + 21.07638 + 0.00109 + 0.00000 + 0.26032 + 613.91828]
[ INFO : 2026-07-26 21:41:57,165 ] - Test_@[5, 10, 20, 50]: Recall=[0.01419, 0.02557, 0.03682, 0.06789],  precision=[0.00284, 0.00256, 0.00184, 0.00136], hit=[0.01419, 0.02557, 0.03682, 0.06789], ndcg=[0.01060, 0.01422, 0.01700, 0.02287], Train Rec Loss=[0.04843], Eval Rec Loss=[0.04807], c=[0.50000], F=[0.75863, 0.99420, 0.93237, 0.89371], F_fuse=[0.00566, 0.00510, 0.00368, 0.00271]
[ INFO : 2026-07-26 21:43:51,221 ] - Epoch 20: train==[114.69269 = 0.72235 + 1.34159 + 20.86599 + 0.00114 + 0.00000 + 0.21062 + 613.91748]
[ INFO : 2026-07-26 21:44:00,140 ] - Test_@[5, 10, 20, 50]: Recall=[0.01432, 0.02532, 0.03631, 0.06802],  precision=[0.00286, 0.00253, 0.00182, 0.00136], hit=[0.01432, 0.02532, 0.03631, 0.06802], ndcg=[0.01062, 0.01411, 0.01684, 0.02285], Train Rec Loss=[0.04843], Eval Rec Loss=[0.04800], c=[0.50000], F=[0.75902, 0.99410, 0.93214, 0.89377], F_fuse=[0.00571, 0.00505, 0.00362, 0.00272]
[ INFO : 2026-07-26 21:45:53,639 ] - Epoch 21: train==[114.49520 = 0.71932 + 1.34155 + 20.71829 + 0.00119 + 0.00000 + 0.16377 + 613.91799]
[ INFO : 2026-07-26 21:46:02,530 ] - Test_@[5, 10, 20, 50]: Recall=[0.01432, 0.02519, 0.03606, 0.06802],  precision=[0.00286, 0.00252, 0.00180, 0.00136], hit=[0.01432, 0.02519, 0.03606, 0.06802], ndcg=[0.01058, 0.01404, 0.01675, 0.02282], Train Rec Loss=[0.04839], Eval Rec Loss=[0.04796], c=[0.50000], F=[0.75844, 0.99402, 0.93245, 0.89469], F_fuse=[0.00571, 0.00502, 0.00360, 0.00272]
[ INFO : 2026-07-26 21:47:57,397 ] - Epoch 22: train==[114.25956 = 0.71583 + 1.34151 + 20.52703 + 0.00124 + 0.00000 + 0.12310 + 613.91631]
[ INFO : 2026-07-26 21:48:06,417 ] - Test_@[5, 10, 20, 50]: Recall=[0.01432, 0.02519, 0.03580, 0.06789],  precision=[0.00286, 0.00252, 0.00179, 0.00136], hit=[0.01432, 0.02519, 0.03580, 0.06789], ndcg=[0.01056, 0.01402, 0.01667, 0.02277], Train Rec Loss=[0.04833], Eval Rec Loss=[0.04788], c=[0.50000], F=[0.75937, 0.99418, 0.93275, 0.89255], F_fuse=[0.00571, 0.00502, 0.00357, 0.00271]
[ INFO : 2026-07-26 21:50:01,362 ] - Epoch 23: train==[114.00308 = 0.70908 + 1.34145 + 20.31173 + 0.00128 + 0.00000 + 0.08878 + 613.91557]
[ INFO : 2026-07-26 21:50:10,278 ] - Test_@[5, 10, 20, 50]: Recall=[0.01445, 0.02519, 0.03567, 0.06802],  precision=[0.00289, 0.00252, 0.00178, 0.00136], hit=[0.01445, 0.02519, 0.03567, 0.06802], ndcg=[0.01061, 0.01402, 0.01664, 0.02280], Train Rec Loss=[0.04828], Eval Rec Loss=[0.04805], c=[0.50000], F=[0.75918, 0.99408, 0.93301, 0.89054], F_fuse=[0.00576, 0.00502, 0.00356, 0.00272]
[ INFO : 2026-07-26 21:52:04,617 ] - Epoch 24: train==[113.89394 = 0.70585 + 1.34140 + 20.23557 + 0.00133 + 0.00000 + 0.05911 + 613.91485]
[ INFO : 2026-07-26 21:52:13,519 ] - Test_@[5, 10, 20, 50]: Recall=[0.01419, 0.02519, 0.03567, 0.06764],  precision=[0.00284, 0.00252, 0.00178, 0.00135], hit=[0.01419, 0.02519, 0.03567, 0.06764], ndcg=[0.01044, 0.01395, 0.01657, 0.02265], Train Rec Loss=[0.04837], Eval Rec Loss=[0.04788], c=[0.50000], F=[0.76013, 0.99402, 0.93301, 0.89079], F_fuse=[0.00566, 0.00502, 0.00356, 0.00270]
[ INFO : 2026-07-26 21:54:07,052 ] - Epoch 25: train==[113.73134 = 0.70737 + 1.34130 + 20.09586 + 0.00137 + 0.00000 + 0.03468 + 613.91521]
[ INFO : 2026-07-26 21:54:15,955 ] - Test_@[5, 10, 20, 50]: Recall=[0.01406, 0.02532, 0.03593, 0.06777],  precision=[0.00281, 0.00253, 0.00180, 0.00136], hit=[0.01406, 0.02532, 0.03593, 0.06777], ndcg=[0.01048, 0.01407, 0.01671, 0.02277], Train Rec Loss=[0.04826], Eval Rec Loss=[0.04800], c=[0.50000], F=[0.76387, 0.99396, 0.93292, 0.89012], F_fuse=[0.00561, 0.00505, 0.00359, 0.00271]
[ INFO : 2026-07-26 21:56:10,166 ] - Epoch 26: train==[113.45063 = 0.70306 + 1.34122 + 19.83726 + 0.00141 + 0.00000 + 0.01678 + 613.91587]
[ INFO : 2026-07-26 21:56:18,993 ] - Test_@[5, 10, 20, 50]: Recall=[0.01432, 0.02493, 0.03567, 0.06687],  precision=[0.00286, 0.00249, 0.00178, 0.00134], hit=[0.01432, 0.02493, 0.03567, 0.06687], ndcg=[0.01054, 0.01393, 0.01659, 0.02253], Train Rec Loss=[0.04833], Eval Rec Loss=[0.04796], c=[0.50000], F=[0.76585, 0.99361, 0.93283, 0.88866], F_fuse=[0.00571, 0.00497, 0.00356, 0.00267]
[ INFO : 2026-07-26 21:58:13,835 ] - Epoch 27: train==[113.33535 = 0.69634 + 1.34120 + 19.73798 + 0.00145 + 0.00000 + 0.00733 + 613.91686]
[ INFO : 2026-07-26 21:58:22,835 ] - Test_@[5, 10, 20, 50]: Recall=[0.01432, 0.02506, 0.03503, 0.06700],  precision=[0.00286, 0.00251, 0.00175, 0.00134], hit=[0.01432, 0.02506, 0.03503, 0.06700], ndcg=[0.01047, 0.01389, 0.01637, 0.02246], Train Rec Loss=[0.04810], Eval Rec Loss=[0.04808], c=[0.50000], F=[0.77269, 0.99241, 0.93200, 0.88610], F_fuse=[0.00571, 0.00500, 0.00350, 0.00268]
[ INFO : 2026-07-26 22:00:16,914 ] - Epoch 28: train==[113.21102 = 0.69445 + 1.34110 + 19.61931 + 0.00148 + 0.00000 + 0.00371 + 613.91598]
[ INFO : 2026-07-26 22:00:25,819 ] - Test_@[5, 10, 20, 50]: Recall=[0.01406, 0.02519, 0.03516, 0.06649],  precision=[0.00281, 0.00252, 0.00176, 0.00133], hit=[0.01406, 0.02519, 0.03516, 0.06649], ndcg=[0.01036, 0.01390, 0.01637, 0.02234], Train Rec Loss=[0.04832], Eval Rec Loss=[0.04797], c=[0.50000], F=[0.77311, 0.99181, 0.93114, 0.88280], F_fuse=[0.00561, 0.00502, 0.00351, 0.00266]
[ INFO : 2026-07-26 22:02:19,352 ] - Epoch 29: train==[112.98274 = 0.68923 + 1.34105 + 19.39747 + 0.00152 + 0.00000 + 0.00220 + 613.91794]
[ INFO : 2026-07-26 22:02:28,362 ] - Test_@[5, 10, 20, 50]: Recall=[0.01445, 0.02506, 0.03503, 0.06598],  precision=[0.00289, 0.00251, 0.00175, 0.00132], hit=[0.01445, 0.02506, 0.03503, 0.06598], ndcg=[0.01053, 0.01390, 0.01636, 0.02225], Train Rec Loss=[0.04816], Eval Rec Loss=[0.04784], c=[0.50000], F=[0.78931, 0.99111, 0.93094, 0.88160], F_fuse=[0.00576, 0.00500, 0.00350, 0.00264]
[ INFO : 2026-07-26 22:04:20,916 ] - Epoch 30: train==[112.89284 = 0.68808 + 1.34093 + 19.30960 + 0.00156 + 0.00000 + 0.00158 + 613.91640]
[ INFO : 2026-07-26 22:04:29,849 ] - Test_@[5, 10, 20, 50]: Recall=[0.01445, 0.02519, 0.03465, 0.06662],  precision=[0.00289, 0.00252, 0.00173, 0.00133], hit=[0.01445, 0.02519, 0.03465, 0.06662], ndcg=[0.01061, 0.01402, 0.01634, 0.02243], Train Rec Loss=[0.04820], Eval Rec Loss=[0.04788], c=[0.50000], F=[0.78467, 0.99095, 0.93085, 0.88247], F_fuse=[0.00576, 0.00502, 0.00346, 0.00266]
[ INFO : 2026-07-26 22:06:23,140 ] - Epoch 31: train==[112.82801 = 0.68582 + 1.34092 + 19.24695 + 0.00157 + 0.00000 + 0.00129 + 613.91873]
[ INFO : 2026-07-26 22:06:32,000 ] - Test_@[5, 10, 20, 50]: Recall=[0.01458, 0.02506, 0.03465, 0.06623],  precision=[0.00292, 0.00251, 0.00173, 0.00132], hit=[0.01458, 0.02506, 0.03465, 0.06623], ndcg=[0.01049, 0.01381, 0.01617, 0.02219], Train Rec Loss=[0.04828], Eval Rec Loss=[0.04781], c=[0.50000], F=[0.80627, 0.99060, 0.93065, 0.88268], F_fuse=[0.00581, 0.00500, 0.00346, 0.00265]
[ INFO : 2026-07-26 22:08:25,702 ] - Epoch 32: train==[112.52794 = 0.67670 + 1.34076 + 18.95612 + 0.00163 + 0.00000 + 0.00119 + 613.91896]
[ INFO : 2026-07-26 22:08:34,573 ] - Test_@[5, 10, 20, 50]: Recall=[0.01432, 0.02493, 0.03452, 0.06623],  precision=[0.00286, 0.00249, 0.00173, 0.00132], hit=[0.01432, 0.02493, 0.03452, 0.06623], ndcg=[0.01024, 0.01360, 0.01597, 0.02201], Train Rec Loss=[0.04813], Eval Rec Loss=[0.04794], c=[0.50000], F=[0.83398, 0.98996, 0.93042, 0.88312], F_fuse=[0.00571, 0.00497, 0.00345, 0.00265]
[ INFO : 2026-07-26 22:10:27,963 ] - Epoch 33: train==[112.52468 = 0.67720 + 1.34064 + 18.95243 + 0.00165 + 0.00000 + 0.00108 + 613.91956]
[ INFO : 2026-07-26 22:10:36,809 ] - Test_@[5, 10, 20, 50]: Recall=[0.01343, 0.02493, 0.03439, 0.06623],  precision=[0.00269, 0.00249, 0.00172, 0.00132], hit=[0.01343, 0.02493, 0.03439, 0.06623], ndcg=[0.00964, 0.01333, 0.01566, 0.02172], Train Rec Loss=[0.04815], Eval Rec Loss=[0.04791], c=[0.50000], F=[0.87593, 0.98947, 0.93025, 0.88326], F_fuse=[0.00535, 0.00497, 0.00343, 0.00265]
[ INFO : 2026-07-26 22:12:31,213 ] - Epoch 34: train==[112.37505 = 0.67448 + 1.34054 + 18.80586 + 0.00169 + 0.00000 + 0.00100 + 613.91791]
[ INFO : 2026-07-26 22:12:40,154 ] - Test_@[5, 10, 20, 50]: Recall=[0.01317, 0.02506, 0.03427, 0.06585],  precision=[0.00263, 0.00251, 0.00171, 0.00132], hit=[0.01317, 0.02506, 0.03427, 0.06585], ndcg=[0.00951, 0.01334, 0.01561, 0.02163], Train Rec Loss=[0.04819], Eval Rec Loss=[0.04780], c=[0.50000], F=[0.89619, 0.98881, 0.92973, 0.88350], F_fuse=[0.00525, 0.00500, 0.00342, 0.00263]
[ INFO : 2026-07-26 22:14:33,885 ] - Epoch 35: train==[112.22570 = 0.66929 + 1.34045 + 18.66187 + 0.00173 + 0.00000 + 0.00091 + 613.91756]
[ INFO : 2026-07-26 22:14:42,804 ] - Test_@[5, 10, 20, 50]: Recall=[0.01419, 0.02506, 0.03439, 0.06559],  precision=[0.00284, 0.00251, 0.00172, 0.00131], hit=[0.01419, 0.02506, 0.03439, 0.06559], ndcg=[0.01015, 0.01360, 0.01589, 0.02182], Train Rec Loss=[0.04814], Eval Rec Loss=[0.04780], c=[0.50000], F=[0.84190, 0.98913, 0.92975, 0.88310], F_fuse=[0.00566, 0.00500, 0.00343, 0.00262]
[ INFO : 2026-07-26 22:16:36,191 ] - Epoch 36: train==[112.15222 = 0.66307 + 1.34023 + 18.59455 + 0.00176 + 0.00000 + 0.00084 + 613.91902]
[ INFO : 2026-07-26 22:16:45,113 ] - Test_@[5, 10, 20, 50]: Recall=[0.01343, 0.02506, 0.03401, 0.06546],  precision=[0.00269, 0.00251, 0.00170, 0.00131], hit=[0.01343, 0.02506, 0.03401, 0.06546], ndcg=[0.00963, 0.01339, 0.01560, 0.02160], Train Rec Loss=[0.04819], Eval Rec Loss=[0.04786], c=[0.50000], F=[0.87433, 0.98849, 0.92933, 0.88393], F_fuse=[0.00535, 0.00500, 0.00339, 0.00261]
[ INFO : 2026-07-26 22:18:39,356 ] - Epoch 37: train==[112.15529 = 0.66301 + 1.34017 + 18.59798 + 0.00178 + 0.00000 + 0.00076 + 613.91772]
[ INFO : 2026-07-26 22:18:48,305 ] - Test_@[5, 10, 20, 50]: Recall=[0.01164, 0.02481, 0.03414, 0.06534],  precision=[0.00233, 0.00248, 0.00171, 0.00131], hit=[0.01164, 0.02481, 0.03414, 0.06534], ndcg=[0.00864, 0.01298, 0.01529, 0.02123], Train Rec Loss=[0.04818], Eval Rec Loss=[0.04785], c=[0.50000], F=[0.94968, 0.98670, 0.92846, 0.88355], F_fuse=[0.00464, 0.00495, 0.00341, 0.00261]
[ INFO : 2026-07-26 22:20:42,581 ] - Epoch 38: train==[111.99057 = 0.66061 + 1.34009 + 18.43579 + 0.00180 + 0.00000 + 0.00073 + 613.91721]
[ INFO : 2026-07-26 22:20:51,543 ] - Test_@[5, 10, 20, 50]: Recall=[0.01227, 0.02481, 0.03427, 0.06508],  precision=[0.00245, 0.00248, 0.00171, 0.00130], hit=[0.01227, 0.02481, 0.03427, 0.06508], ndcg=[0.00883, 0.01294, 0.01529, 0.02113], Train Rec Loss=[0.04807], Eval Rec Loss=[0.04786], c=[0.50000], F=[0.93505, 0.98644, 0.92853, 0.88475], F_fuse=[0.00490, 0.00495, 0.00342, 0.00260]
[ INFO : 2026-07-26 22:22:44,971 ] - Epoch 39: train==[111.90486 = 0.65612 + 1.33990 + 18.35419 + 0.00182 + 0.00000 + 0.00069 + 613.92064]
[ INFO : 2026-07-26 22:22:53,925 ] - Test_@[5, 10, 20, 50]: Recall=[0.01164, 0.02481, 0.03376, 0.06521],  precision=[0.00233, 0.00248, 0.00169, 0.00130], hit=[0.01164, 0.02481, 0.03376, 0.06521], ndcg=[0.00858, 0.01294, 0.01516, 0.02115], Train Rec Loss=[0.04815], Eval Rec Loss=[0.04782], c=[0.50000], F=[0.94489, 0.98614, 0.92819, 0.88502], F_fuse=[0.00464, 0.00495, 0.00337, 0.00260]
[ INFO : 2026-07-26 22:24:47,578 ] - Epoch 40: train==[111.80714 = 0.65233 + 1.33972 + 18.26073 + 0.00186 + 0.00000 + 0.00064 + 613.91827]
[ INFO : 2026-07-26 22:24:56,494 ] - Test_@[5, 10, 20, 50]: Recall=[0.01266, 0.02493, 0.03414, 0.06521],  precision=[0.00253, 0.00249, 0.00171, 0.00130], hit=[0.01266, 0.02493, 0.03414, 0.06521], ndcg=[0.00903, 0.01301, 0.01529, 0.02120], Train Rec Loss=[0.04816], Eval Rec Loss=[0.04772], c=[0.50000], F=[0.88664, 0.98683, 0.92806, 0.88569], F_fuse=[0.00505, 0.00497, 0.00341, 0.00260]
[ INFO : 2026-07-26 22:26:50,307 ] - Epoch 41: train==[111.68611 = 0.64923 + 1.33952 + 18.14265 + 0.00191 + 0.00000 + 0.00062 + 613.91990]
[ INFO : 2026-07-26 22:26:59,311 ] - Test_@[5, 10, 20, 50]: Recall=[0.01279, 0.02481, 0.03401, 0.06444],  precision=[0.00256, 0.00248, 0.00170, 0.00129], hit=[0.01279, 0.02481, 0.03401, 0.06444], ndcg=[0.00901, 0.01295, 0.01523, 0.02102], Train Rec Loss=[0.04812], Eval Rec Loss=[0.04788], c=[0.50000], F=[0.92540, 0.98574, 0.92731, 0.88686], F_fuse=[0.00510, 0.00495, 0.00339, 0.00257]
[ INFO : 2026-07-26 22:28:52,579 ] - Epoch 42: train==[111.58731 = 0.64604 + 1.33932 + 18.04727 + 0.00191 + 0.00000 + 0.00059 + 613.91938]
[ INFO : 2026-07-26 22:29:01,560 ] - Test_@[5, 10, 20, 50]: Recall=[0.01074, 0.02442, 0.03401, 0.06406],  precision=[0.00215, 0.00244, 0.00170, 0.00128], hit=[0.01074, 0.02442, 0.03401, 0.06406], ndcg=[0.00812, 0.01269, 0.01508, 0.02079], Train Rec Loss=[0.04800], Eval Rec Loss=[0.04783], c=[0.50000], F=[0.94440, 0.98411, 0.92700, 0.88667], F_fuse=[0.00429, 0.00487, 0.00339, 0.00256]
[ INFO : 2026-07-26 22:30:55,158 ] - Epoch 43: train==[111.41097 = 0.64497 + 1.33917 + 17.87203 + 0.00196 + 0.00000 + 0.00058 + 613.91948]
[ INFO : 2026-07-26 22:31:03,976 ] - Test_@[5, 10, 20, 50]: Recall=[0.01164, 0.02429, 0.03401, 0.06457],  precision=[0.00233, 0.00243, 0.00170, 0.00129], hit=[0.01164, 0.02429, 0.03401, 0.06457], ndcg=[0.00848, 0.01269, 0.01511, 0.02092], Train Rec Loss=[0.04802], Eval Rec Loss=[0.04774], c=[0.50000], F=[0.94482, 0.98413, 0.92683, 0.88813], F_fuse=[0.00464, 0.00485, 0.00339, 0.00258]
[ INFO : 2026-07-26 22:32:58,067 ] - Epoch 44: train==[111.37735 = 0.63681 + 1.33895 + 17.84675 + 0.00198 + 0.00000 + 0.00054 + 613.91932]
[ INFO : 2026-07-26 22:33:07,028 ] - Test_@[5, 10, 20, 50]: Recall=[0.01202, 0.02442, 0.03363, 0.06419],  precision=[0.00240, 0.00244, 0.00168, 0.00128], hit=[0.01202, 0.02442, 0.03363, 0.06419], ndcg=[0.00861, 0.01271, 0.01499, 0.02081], Train Rec Loss=[0.04809], Eval Rec Loss=[0.04781], c=[0.50000], F=[0.92622, 0.98414, 0.92675, 0.89081], F_fuse=[0.00480, 0.00487, 0.00336, 0.00256]
[ INFO : 2026-07-26 22:35:00,685 ] - Epoch 45: train==[111.20958 = 0.63910 + 1.33874 + 17.67645 + 0.00200 + 0.00000 + 0.00051 + 613.92179]
[ INFO : 2026-07-26 22:35:09,561 ] - Test_@[5, 10, 20, 50]: Recall=[0.01164, 0.02429, 0.03350, 0.06431],  precision=[0.00233, 0.00243, 0.00167, 0.00129], hit=[0.01164, 0.02429, 0.03350, 0.06431], ndcg=[0.00849, 0.01269, 0.01498, 0.02085], Train Rec Loss=[0.04806], Eval Rec Loss=[0.04785], c=[0.50000], F=[0.93846, 0.98398, 0.92688, 0.89038], F_fuse=[0.00464, 0.00485, 0.00334, 0.00257]
[ INFO : 2026-07-26 22:37:02,166 ] - Epoch 46: train==[111.29502 = 0.63409 + 1.33853 + 17.76698 + 0.00202 + 0.00000 + 0.00049 + 613.92210]
[ INFO : 2026-07-26 22:37:11,117 ] - Test_@[5, 10, 20, 50]: Recall=[0.01317, 0.02455, 0.03363, 0.06406],  precision=[0.00263, 0.00245, 0.00168, 0.00128], hit=[0.01317, 0.02455, 0.03363, 0.06406], ndcg=[0.00923, 0.01293, 0.01518, 0.02096], Train Rec Loss=[0.04804], Eval Rec Loss=[0.04778], c=[0.50000], F=[0.90041, 0.98419, 0.92681, 0.88968], F_fuse=[0.00525, 0.00490, 0.00336, 0.00256]
[ INFO : 2026-07-26 22:39:04,382 ] - Epoch 47: train==[111.04751 = 0.63692 + 1.33822 + 17.51681 + 0.00205 + 0.00000 + 0.00048 + 613.92214]
[ INFO : 2026-07-26 22:39:13,283 ] - Test_@[5, 10, 20, 50]: Recall=[0.01240, 0.02442, 0.03337, 0.06406],  precision=[0.00248, 0.00244, 0.00167, 0.00128], hit=[0.01240, 0.02442, 0.03337, 0.06406], ndcg=[0.00878, 0.01276, 0.01499, 0.02084], Train Rec Loss=[0.04812], Eval Rec Loss=[0.04776], c=[0.50000], F=[0.93070, 0.98357, 0.92672, 0.88974], F_fuse=[0.00495, 0.00487, 0.00333, 0.00256]
[ INFO : 2026-07-26 22:41:06,556 ] - Epoch 48: train==[110.96399 = 0.63253 + 1.33794 + 17.43761 + 0.00207 + 0.00000 + 0.00048 + 613.92355]
[ INFO : 2026-07-26 22:41:15,404 ] - Test_@[5, 10, 20, 50]: Recall=[0.01087, 0.02404, 0.03350, 0.06419],  precision=[0.00217, 0.00240, 0.00167, 0.00128], hit=[0.01087, 0.02404, 0.03350, 0.06419], ndcg=[0.00814, 0.01254, 0.01490, 0.02073], Train Rec Loss=[0.04803], Eval Rec Loss=[0.04778], c=[0.50000], F=[0.91873, 0.97983, 0.92560, 0.88849], F_fuse=[0.00434, 0.00480, 0.00334, 0.00256]
[ INFO : 2026-07-26 22:43:08,967 ] - Epoch 49: train==[110.94767 = 0.62292 + 1.33767 + 17.43162 + 0.00211 + 0.00000 + 0.00045 + 613.91981]
[ INFO : 2026-07-26 22:43:17,878 ] - Test_@[5, 10, 20, 50]: Recall=[0.01227, 0.02417, 0.03363, 0.06342],  precision=[0.00245, 0.00242, 0.00168, 0.00127], hit=[0.01227, 0.02417, 0.03363, 0.06342], ndcg=[0.00868, 0.01263, 0.01498, 0.02062], Train Rec Loss=[0.04809], Eval Rec Loss=[0.04780], c=[0.50000], F=[0.92887, 0.98098, 0.92614, 0.88822], F_fuse=[0.00490, 0.00482, 0.00336, 0.00253]
[ INFO : 2026-07-26 22:45:10,307 ] - Epoch 50: train==[110.82914 = 0.61905 + 1.33740 + 17.31713 + 0.00210 + 0.00000 + 0.00043 + 613.91980]
[ INFO : 2026-07-26 22:45:19,291 ] - Test_@[5, 10, 20, 50]: Recall=[0.01253, 0.02417, 0.03363, 0.06316],  precision=[0.00251, 0.00242, 0.00168, 0.00126], hit=[0.01253, 0.02417, 0.03363, 0.06316], ndcg=[0.00879, 0.01264, 0.01500, 0.02060], Train Rec Loss=[0.04809], Eval Rec Loss=[0.04778], c=[0.50000], F=[0.92343, 0.97973, 0.92612, 0.88927], F_fuse=[0.00500, 0.00482, 0.00336, 0.00252]
[ INFO : 2026-07-26 22:47:11,770 ] - Epoch 51: train==[110.65151 = 0.61946 + 1.33712 + 17.13922 + 0.00217 + 0.00000 + 0.00043 + 613.91973]
[ INFO : 2026-07-26 22:47:20,672 ] - Test_@[5, 10, 20, 50]: Recall=[0.01087, 0.02417, 0.03337, 0.06278],  precision=[0.00217, 0.00242, 0.00167, 0.00126], hit=[0.01087, 0.02417, 0.03337, 0.06278], ndcg=[0.00818, 0.01261, 0.01490, 0.02048], Train Rec Loss=[0.04810], Eval Rec Loss=[0.04784], c=[0.50000], F=[0.93178, 0.98146, 0.92631, 0.88866], F_fuse=[0.00434, 0.00482, 0.00333, 0.00251]
[ INFO : 2026-07-26 22:49:14,556 ] - Epoch 52: train==[110.64598 = 0.61464 + 1.33657 + 17.13874 + 0.00219 + 0.00000 + 0.00041 + 613.92026]
[ INFO : 2026-07-26 22:49:23,468 ] - Test_@[5, 10, 20, 50]: Recall=[0.01240, 0.02378, 0.03312, 0.06329],  precision=[0.00248, 0.00238, 0.00166, 0.00127], hit=[0.01240, 0.02378, 0.03312, 0.06329], ndcg=[0.00874, 0.01252, 0.01486, 0.02059], Train Rec Loss=[0.04812], Eval Rec Loss=[0.04776], c=[0.50000], F=[0.92299, 0.97946, 0.92535, 0.88802], F_fuse=[0.00495, 0.00474, 0.00331, 0.00253]
[ INFO : 2026-07-26 22:51:17,016 ] - Epoch 53: train==[110.65445 = 0.61856 + 1.33625 + 17.14342 + 0.00217 + 0.00000 + 0.00040 + 613.92096]
[ INFO : 2026-07-26 22:51:25,835 ] - Test_@[5, 10, 20, 50]: Recall=[0.01227, 0.02365, 0.03312, 0.06265],  precision=[0.00245, 0.00237, 0.00166, 0.00125], hit=[0.01227, 0.02365, 0.03312, 0.06265], ndcg=[0.00876, 0.01253, 0.01490, 0.02051], Train Rec Loss=[0.04806], Eval Rec Loss=[0.04775], c=[0.50000], F=[0.92072, 0.98015, 0.92595, 0.88844], F_fuse=[0.00490, 0.00472, 0.00331, 0.00250]
[ INFO : 2026-07-26 22:53:19,669 ] - Epoch 54: train==[110.46635 = 0.61435 + 1.33586 + 16.95962 + 0.00221 + 0.00000 + 0.00040 + 613.92162]
[ INFO : 2026-07-26 22:53:28,558 ] - Test_@[5, 10, 20, 50]: Recall=[0.01074, 0.02378, 0.03299, 0.06252],  precision=[0.00215, 0.00238, 0.00165, 0.00125], hit=[0.01074, 0.02378, 0.03299, 0.06252], ndcg=[0.00804, 0.01240, 0.01470, 0.02030], Train Rec Loss=[0.04810], Eval Rec Loss=[0.04793], c=[0.50000], F=[0.92183, 0.97708, 0.92482, 0.88820], F_fuse=[0.00429, 0.00474, 0.00329, 0.00250]
[ INFO : 2026-07-26 22:55:22,907 ] - Epoch 55: train==[110.41239 = 0.60929 + 1.33544 + 16.91113 + 0.00223 + 0.00000 + 0.00039 + 613.92061]
[ INFO : 2026-07-26 22:55:31,800 ] - Test_@[5, 10, 20, 50]: Recall=[0.01138, 0.02353, 0.03286, 0.06150],  precision=[0.00228, 0.00235, 0.00164, 0.00123], hit=[0.01138, 0.02353, 0.03286, 0.06150], ndcg=[0.00825, 0.01230, 0.01464, 0.02009], Train Rec Loss=[0.04803], Eval Rec Loss=[0.04794], c=[0.50000], F=[0.92174, 0.97873, 0.92483, 0.88758], F_fuse=[0.00454, 0.00469, 0.00328, 0.00246]
[ INFO : 2026-07-26 22:57:25,583 ] - Epoch 56: train==[110.35455 = 0.60403 + 1.33498 + 16.85885 + 0.00225 + 0.00000 + 0.00038 + 613.92035]
[ INFO : 2026-07-26 22:57:34,478 ] - Test_@[5, 10, 20, 50]: Recall=[0.01112, 0.02301, 0.03299, 0.06099],  precision=[0.00222, 0.00230, 0.00165, 0.00122], hit=[0.01112, 0.02301, 0.03299, 0.06099], ndcg=[0.00816, 0.01208, 0.01458, 0.01990], Train Rec Loss=[0.04818], Eval Rec Loss=[0.04784], c=[0.50000], F=[0.88746, 0.97053, 0.92404, 0.88764], F_fuse=[0.00444, 0.00459, 0.00329, 0.00244]
[ INFO : 2026-07-26 22:59:28,530 ] - Epoch 57: train==[110.17387 = 0.60311 + 1.33439 + 16.67953 + 0.00228 + 0.00000 + 0.00037 + 613.91958]
[ INFO : 2026-07-26 22:59:37,439 ] - Test_@[5, 10, 20, 50]: Recall=[0.01061, 0.02340, 0.03286, 0.06188],  precision=[0.00212, 0.00234, 0.00164, 0.00124], hit=[0.01061, 0.02340, 0.03286, 0.06188], ndcg=[0.00793, 0.01220, 0.01458, 0.02010], Train Rec Loss=[0.04811], Eval Rec Loss=[0.04779], c=[0.50000], F=[0.92551, 0.97738, 0.92515, 0.88806], F_fuse=[0.00424, 0.00467, 0.00328, 0.00247]
[ INFO : 2026-07-26 23:01:31,478 ] - Epoch 58: train==[110.10676 = 0.60300 + 1.33379 + 16.61249 + 0.00230 + 0.00000 + 0.00037 + 613.92211]
[ INFO : 2026-07-26 23:01:40,352 ] - Test_@[5, 10, 20, 50]: Recall=[0.01202, 0.02327, 0.03299, 0.06086],  precision=[0.00240, 0.00233, 0.00165, 0.00122], hit=[0.01202, 0.02327, 0.03299, 0.06086], ndcg=[0.00854, 0.01227, 0.01471, 0.02002], Train Rec Loss=[0.04814], Eval Rec Loss=[0.04785], c=[0.50000], F=[0.89933, 0.97326, 0.92404, 0.88963], F_fuse=[0.00479, 0.00464, 0.00329, 0.00243]
[ INFO : 2026-07-26 23:03:34,130 ] - Epoch 59: train==[110.02169 = 0.59851 + 1.33324 + 16.53188 + 0.00233 + 0.00000 + 0.00036 + 613.92450]
[ INFO : 2026-07-26 23:03:43,080 ] - Test_@[5, 10, 20, 50]: Recall=[0.00997, 0.02353, 0.03286, 0.06163],  precision=[0.00199, 0.00235, 0.00164, 0.00123], hit=[0.00997, 0.02353, 0.03286, 0.06163], ndcg=[0.00756, 0.01208, 0.01443, 0.01990], Train Rec Loss=[0.04810], Eval Rec Loss=[0.04797], c=[0.50000], F=[0.93133, 0.97786, 0.92533, 0.88873], F_fuse=[0.00398, 0.00469, 0.00328, 0.00246]
[ INFO : 2026-07-26 23:05:36,846 ] - Epoch 60: train==[110.03641 = 0.59455 + 1.33251 + 16.55140 + 0.00235 + 0.00000 + 0.00035 + 613.92170]
[ INFO : 2026-07-26 23:05:45,729 ] - Test_@[5, 10, 20, 50]: Recall=[0.01112, 0.02340, 0.03248, 0.06125],  precision=[0.00222, 0.00234, 0.00162, 0.00122], hit=[0.01112, 0.02340, 0.03248, 0.06125], ndcg=[0.00814, 0.01218, 0.01446, 0.01996], Train Rec Loss=[0.04826], Eval Rec Loss=[0.04793], c=[0.50000], F=[0.90339, 0.97230, 0.92298, 0.88918], F_fuse=[0.00444, 0.00467, 0.00324, 0.00245]
[ INFO : 2026-07-26 23:07:39,800 ] - Epoch 61: train==[110.01513 = 0.59382 + 1.33170 + 16.53178 + 0.00236 + 0.00000 + 0.00034 + 613.91869]
[ INFO : 2026-07-26 23:07:48,770 ] - Test_@[5, 10, 20, 50]: Recall=[0.01202, 0.02314, 0.03235, 0.06163],  precision=[0.00240, 0.00231, 0.00162, 0.00123], hit=[0.01202, 0.02314, 0.03235, 0.06163], ndcg=[0.00848, 0.01215, 0.01447, 0.02007], Train Rec Loss=[0.04822], Eval Rec Loss=[0.04792], c=[0.50000], F=[0.88401, 0.96979, 0.92344, 0.88971], F_fuse=[0.00479, 0.00462, 0.00323, 0.00246]
[ INFO : 2026-07-26 23:09:41,482 ] - Epoch 62: train==[109.90571 = 0.59136 + 1.33071 + 16.42508 + 0.00237 + 0.00000 + 0.00034 + 613.92098]
[ INFO : 2026-07-26 23:09:50,501 ] - Test_@[5, 10, 20, 50]: Recall=[0.01240, 0.02289, 0.03260, 0.06099],  precision=[0.00248, 0.00229, 0.00163, 0.00122], hit=[0.01240, 0.02289, 0.03260, 0.06099], ndcg=[0.00863, 0.01210, 0.01454, 0.01996], Train Rec Loss=[0.04827], Eval Rec Loss=[0.04789], c=[0.50000], F=[0.88293, 0.96997, 0.92413, 0.89007], F_fuse=[0.00495, 0.00457, 0.00325, 0.00244]
[ INFO : 2026-07-26 23:11:43,773 ] - Epoch 63: train==[109.78586 = 0.58778 + 1.32973 + 16.30948 + 0.00241 + 0.00000 + 0.00033 + 613.92008]
[ INFO : 2026-07-26 23:11:52,634 ] - Test_@[5, 10, 20, 50]: Recall=[0.01125, 0.02238, 0.03209, 0.06048],  precision=[0.00225, 0.00224, 0.00160, 0.00121], hit=[0.01125, 0.02238, 0.03209, 0.06048], ndcg=[0.00816, 0.01184, 0.01428, 0.01972], Train Rec Loss=[0.04820], Eval Rec Loss=[0.04790], c=[0.50000], F=[0.88245, 0.96616, 0.92171, 0.88938], F_fuse=[0.00449, 0.00446, 0.00320, 0.00242]
[ INFO : 2026-07-26 23:13:46,228 ] - Epoch 64: train==[109.76741 = 0.58981 + 1.32872 + 16.28920 + 0.00240 + 0.00000 + 0.00033 + 613.92288]
[ INFO : 2026-07-26 23:13:55,086 ] - Test_@[5, 10, 20, 50]: Recall=[0.01279, 0.02250, 0.03209, 0.06137],  precision=[0.00256, 0.00225, 0.00160, 0.00123], hit=[0.01279, 0.02250, 0.03209, 0.06137], ndcg=[0.00885, 0.01206, 0.01447, 0.02007], Train Rec Loss=[0.04833], Eval Rec Loss=[0.04802], c=[0.50000], F=[0.86957, 0.96365, 0.91981, 0.89010], F_fuse=[0.00510, 0.00449, 0.00320, 0.00245]
[ INFO : 2026-07-26 23:15:48,423 ] - Epoch 65: train==[109.71431 = 0.58621 + 1.32776 + 16.24094 + 0.00243 + 0.00000 + 0.00032 + 613.91832]
[ INFO : 2026-07-26 23:15:57,254 ] - Test_@[5, 10, 20, 50]: Recall=[0.01176, 0.02238, 0.03197, 0.06061],  precision=[0.00235, 0.00224, 0.00160, 0.00121], hit=[0.01176, 0.02238, 0.03197, 0.06061], ndcg=[0.00837, 0.01186, 0.01426, 0.01974], Train Rec Loss=[0.04829], Eval Rec Loss=[0.04799], c=[0.50000], F=[0.87330, 0.96052, 0.92033, 0.88936], F_fuse=[0.00469, 0.00446, 0.00319, 0.00242]
[ INFO : 2026-07-26 23:17:51,798 ] - Epoch 66: train==[109.50432 = 0.58124 + 1.32646 + 16.03630 + 0.00245 + 0.00000 + 0.00032 + 613.92088]
[ INFO : 2026-07-26 23:18:00,718 ] - Test_@[5, 10, 20, 50]: Recall=[0.01215, 0.02161, 0.03120, 0.06073],  precision=[0.00243, 0.00216, 0.00156, 0.00121], hit=[0.01215, 0.02161, 0.03120, 0.06073], ndcg=[0.00858, 0.01170, 0.01412, 0.01979], Train Rec Loss=[0.04835], Eval Rec Loss=[0.04812], c=[0.50000], F=[0.85329, 0.95464, 0.91751, 0.88865], F_fuse=[0.00484, 0.00431, 0.00311, 0.00243]
[ INFO : 2026-07-26 23:19:54,796 ] - Epoch 67: train==[109.57949 = 0.57976 + 1.32499 + 16.11381 + 0.00246 + 0.00000 + 0.00031 + 613.92104]
[ INFO : 2026-07-26 23:20:03,632 ] - Test_@[5, 10, 20, 50]: Recall=[0.01202, 0.02263, 0.03248, 0.05997],  precision=[0.00240, 0.00226, 0.00162, 0.00120], hit=[0.01202, 0.02263, 0.03248, 0.05997], ndcg=[0.00847, 0.01194, 0.01439, 0.01965], Train Rec Loss=[0.04825], Eval Rec Loss=[0.04805], c=[0.50000], F=[0.86672, 0.96114, 0.92079, 0.89055], F_fuse=[0.00479, 0.00452, 0.00324, 0.00240]
[ INFO : 2026-07-26 23:21:57,767 ] - Epoch 68: train==[109.40695 = 0.57699 + 1.32347 + 15.94516 + 0.00249 + 0.00000 + 0.00031 + 613.91943]
[ INFO : 2026-07-26 23:22:06,687 ] - Test_@[5, 10, 20, 50]: Recall=[0.01138, 0.02186, 0.03222, 0.06137],  precision=[0.00228, 0.00219, 0.00161, 0.00123], hit=[0.01138, 0.02186, 0.03222, 0.06137], ndcg=[0.00823, 0.01169, 0.01429, 0.01986], Train Rec Loss=[0.04837], Eval Rec Loss=[0.04808], c=[0.50000], F=[0.85844, 0.95643, 0.91665, 0.88967], F_fuse=[0.00454, 0.00436, 0.00322, 0.00245]
[ INFO : 2026-07-26 23:24:01,347 ] - Epoch 69: train==[109.45537 = 0.57462 + 1.32167 + 15.99722 + 0.00249 + 0.00000 + 0.00031 + 613.91817]
[ INFO : 2026-07-26 23:24:10,229 ] - Test_@[5, 10, 20, 50]: Recall=[0.01164, 0.02314, 0.03273, 0.06112],  precision=[0.00233, 0.00231, 0.00164, 0.00122], hit=[0.01164, 0.02314, 0.03273, 0.06112], ndcg=[0.00834, 0.01210, 0.01449, 0.01990], Train Rec Loss=[0.04847], Eval Rec Loss=[0.04818], c=[0.50000], F=[0.88619, 0.96420, 0.92006, 0.89041], F_fuse=[0.00464, 0.00462, 0.00327, 0.00244]
[ INFO : 2026-07-26 23:26:04,732 ] - Epoch 70: train==[109.29170 = 0.57816 + 1.31991 + 15.83100 + 0.00252 + 0.00000 + 0.00031 + 613.91847]
[ INFO : 2026-07-26 23:26:13,638 ] - Test_@[5, 10, 20, 50]: Recall=[0.01202, 0.02263, 0.03158, 0.06125],  precision=[0.00240, 0.00226, 0.00158, 0.00122], hit=[0.01202, 0.02263, 0.03158, 0.06125], ndcg=[0.00844, 0.01192, 0.01416, 0.01984], Train Rec Loss=[0.04850], Eval Rec Loss=[0.04819], c=[0.50000], F=[0.87820, 0.96178, 0.91809, 0.88972], F_fuse=[0.00479, 0.00452, 0.00315, 0.00245]
[ INFO : 2026-07-26 23:28:07,889 ] - Epoch 71: train==[109.18762 = 0.57031 + 1.31783 + 15.73552 + 0.00254 + 0.00000 + 0.00030 + 613.92162]
[ INFO : 2026-07-26 23:28:16,780 ] - Test_@[5, 10, 20, 50]: Recall=[0.01164, 0.02263, 0.03248, 0.06099],  precision=[0.00233, 0.00226, 0.00162, 0.00122], hit=[0.01164, 0.02263, 0.03248, 0.06099], ndcg=[0.00827, 0.01186, 0.01430, 0.01974], Train Rec Loss=[0.04868], Eval Rec Loss=[0.04819], c=[0.50000], F=[0.87593, 0.96142, 0.91803, 0.88875], F_fuse=[0.00464, 0.00452, 0.00324, 0.00244]
[ INFO : 2026-07-26 23:30:10,351 ] - Epoch 72: train==[109.10202 = 0.56756 + 1.31567 + 15.65383 + 0.00256 + 0.00000 + 0.00030 + 613.92237]
[ INFO : 2026-07-26 23:30:19,275 ] - Test_@[5, 10, 20, 50]: Recall=[0.01189, 0.02199, 0.03171, 0.06188],  precision=[0.00238, 0.00220, 0.00159, 0.00124], hit=[0.01189, 0.02199, 0.03171, 0.06188], ndcg=[0.00837, 0.01168, 0.01412, 0.01990], Train Rec Loss=[0.04860], Eval Rec Loss=[0.04837], c=[0.50000], F=[0.86288, 0.95494, 0.91762, 0.88889], F_fuse=[0.00474, 0.00439, 0.00317, 0.00247]
[ INFO : 2026-07-26 23:32:13,299 ] - Epoch 73: train==[109.13978 = 0.56847 + 1.31325 + 15.69295 + 0.00257 + 0.00000 + 0.00030 + 613.91690]
[ INFO : 2026-07-26 23:32:22,139 ] - Test_@[5, 10, 20, 50]: Recall=[0.01215, 0.02084, 0.03056, 0.06009],  precision=[0.00243, 0.00208, 0.00153, 0.00120], hit=[0.01215, 0.02084, 0.03056, 0.06009], ndcg=[0.00853, 0.01138, 0.01381, 0.01949], Train Rec Loss=[0.04873], Eval Rec Loss=[0.04845], c=[0.50000], F=[0.83603, 0.92785, 0.91132, 0.88827], F_fuse=[0.00484, 0.00416, 0.00305, 0.00240]
[ INFO : 2026-07-26 23:34:15,380 ] - Epoch 74: train==[109.07161 = 0.56599 + 1.31072 + 15.62840 + 0.00258 + 0.00000 + 0.00029 + 613.91941]
[ INFO : 2026-07-26 23:34:24,292 ] - Test_@[5, 10, 20, 50]: Recall=[0.01138, 0.02122, 0.03005, 0.06048],  precision=[0.00228, 0.00212, 0.00150, 0.00121], hit=[0.01138, 0.02122, 0.03005, 0.06048], ndcg=[0.00806, 0.01133, 0.01356, 0.01943], Train Rec Loss=[0.04887], Eval Rec Loss=[0.04852], c=[0.50000], F=[0.84879, 0.93923, 0.91523, 0.88791], F_fuse=[0.00454, 0.00424, 0.00300, 0.00242]
[ INFO : 2026-07-26 23:36:18,531 ] - Epoch 75: train==[108.87013 = 0.56692 + 1.30792 + 15.42758 + 0.00260 + 0.00000 + 0.00029 + 613.91989]
[ INFO : 2026-07-26 23:36:27,581 ] - Test_@[5, 10, 20, 50]: Recall=[0.01074, 0.02199, 0.03171, 0.06073],  precision=[0.00215, 0.00220, 0.00159, 0.00121], hit=[0.01074, 0.02199, 0.03171, 0.06073], ndcg=[0.00794, 0.01164, 0.01407, 0.01962], Train Rec Loss=[0.04899], Eval Rec Loss=[0.04856], c=[0.50000], F=[0.87520, 0.95883, 0.91731, 0.88781], F_fuse=[0.00429, 0.00439, 0.00317, 0.00243]
[ INFO : 2026-07-26 23:38:21,347 ] - Epoch 76: train==[108.83184 = 0.56452 + 1.30489 + 15.39344 + 0.00261 + 0.00000 + 0.00029 + 613.92027]
[ INFO : 2026-07-26 23:38:30,243 ] - Test_@[5, 10, 20, 50]: Recall=[0.01087, 0.02097, 0.03030, 0.06061],  precision=[0.00217, 0.00210, 0.00152, 0.00121], hit=[0.01087, 0.02097, 0.03030, 0.06061], ndcg=[0.00787, 0.01123, 0.01358, 0.01941], Train Rec Loss=[0.04894], Eval Rec Loss=[0.04879], c=[0.50000], F=[0.86701, 0.94085, 0.91351, 0.88818], F_fuse=[0.00434, 0.00418, 0.00303, 0.00242]
[ INFO : 2026-07-26 23:40:23,833 ] - Epoch 77: train==[108.83574 = 0.56066 + 1.30174 + 15.40348 + 0.00264 + 0.00000 + 0.00028 + 613.91749]
[ INFO : 2026-07-26 23:40:32,756 ] - Test_@[5, 10, 20, 50]: Recall=[0.01100, 0.02186, 0.03069, 0.06009],  precision=[0.00220, 0.00219, 0.00153, 0.00120], hit=[0.01100, 0.02186, 0.03069, 0.06009], ndcg=[0.00800, 0.01156, 0.01378, 0.01943], Train Rec Loss=[0.04908], Eval Rec Loss=[0.04908], c=[0.50000], F=[0.86953, 0.95071, 0.91554, 0.88753], F_fuse=[0.00439, 0.00436, 0.00306, 0.00240]
[ INFO : 2026-07-26 23:42:25,644 ] - Epoch 78: train==[108.68608 = 0.55912 + 1.29806 + 15.25703 + 0.00267 + 0.00000 + 0.00028 + 613.92095]
[ INFO : 2026-07-26 23:42:34,567 ] - Test_@[5, 10, 20, 50]: Recall=[0.01125, 0.02059, 0.02966, 0.05946],  precision=[0.00225, 0.00206, 0.00148, 0.00119], hit=[0.01125, 0.02059, 0.02966, 0.05946], ndcg=[0.00806, 0.01113, 0.01341, 0.01914], Train Rec Loss=[0.04922], Eval Rec Loss=[0.04899], c=[0.50000], F=[0.85965, 0.93223, 0.91135, 0.88690], F_fuse=[0.00449, 0.00411, 0.00296, 0.00238]
[ INFO : 2026-07-26 23:44:29,132 ] - Epoch 79: train==[108.69585 = 0.55909 + 1.29473 + 15.26949 + 0.00267 + 0.00000 + 0.00028 + 613.91653]
[ INFO : 2026-07-26 23:44:38,310 ] - Test_@[5, 10, 20, 50]: Recall=[0.01074, 0.02084, 0.02966, 0.05946],  precision=[0.00215, 0.00208, 0.00148, 0.00119], hit=[0.01074, 0.02084, 0.02966, 0.05946], ndcg=[0.00778, 0.01111, 0.01332, 0.01906], Train Rec Loss=[0.04933], Eval Rec Loss=[0.04908], c=[0.50000], F=[0.85169, 0.92790, 0.90818, 0.88666], F_fuse=[0.00429, 0.00416, 0.00296, 0.00238]
[ INFO : 2026-07-26 23:46:32,183 ] - Epoch 80: train==[108.58596 = 0.55853 + 1.29049 + 15.16217 + 0.00269 + 0.00000 + 0.00028 + 613.91993]
[ INFO : 2026-07-26 23:46:41,085 ] - Test_@[5, 10, 20, 50]: Recall=[0.01189, 0.02186, 0.03043, 0.05971],  precision=[0.00238, 0.00219, 0.00152, 0.00119], hit=[0.01189, 0.02186, 0.03043, 0.05971], ndcg=[0.00826, 0.01153, 0.01368, 0.01930], Train Rec Loss=[0.04971], Eval Rec Loss=[0.04919], c=[0.50000], F=[0.87760, 0.95605, 0.91439, 0.88838], F_fuse=[0.00474, 0.00436, 0.00304, 0.00239]
[ INFO : 2026-07-26 23:48:35,253 ] - Epoch 81: train==[108.58631 = 0.55356 + 1.28615 + 15.17025 + 0.00269 + 0.00000 + 0.00028 + 613.91895]
[ INFO : 2026-07-26 23:48:44,162 ] - Test_@[5, 10, 20, 50]: Recall=[0.01100, 0.02122, 0.02902, 0.05933],  precision=[0.00220, 0.00212, 0.00145, 0.00119], hit=[0.01100, 0.02122, 0.02902, 0.05933], ndcg=[0.00790, 0.01125, 0.01322, 0.01906], Train Rec Loss=[0.04959], Eval Rec Loss=[0.04947], c=[0.50000], F=[0.85739, 0.93252, 0.91059, 0.88692], F_fuse=[0.00439, 0.00424, 0.00290, 0.00237]
[ INFO : 2026-07-26 23:50:38,408 ] - Epoch 82: train==[108.43639 = 0.55666 + 1.28279 + 15.01951 + 0.00272 + 0.00000 + 0.00028 + 613.91697]
[ INFO : 2026-07-26 23:50:47,314 ] - Test_@[5, 10, 20, 50]: Recall=[0.01164, 0.02122, 0.03005, 0.05882],  precision=[0.00233, 0.00212, 0.00150, 0.00118], hit=[0.01164, 0.02122, 0.03005, 0.05882], ndcg=[0.00801, 0.01116, 0.01338, 0.01892], Train Rec Loss=[0.04989], Eval Rec Loss=[0.04948], c=[0.50000], F=[0.87209, 0.94051, 0.91005, 0.88670], F_fuse=[0.00464, 0.00424, 0.00300, 0.00235]
[ INFO : 2026-07-26 23:52:41,153 ] - Epoch 83: train==[108.38832 = 0.55439 + 1.27803 + 14.97655 + 0.00273 + 0.00000 + 0.00027 + 613.91709]
[ INFO : 2026-07-26 23:52:50,050 ] - Test_@[5, 10, 20, 50]: Recall=[0.01189, 0.02046, 0.02941, 0.05767],  precision=[0.00238, 0.00205, 0.00147, 0.00115], hit=[0.01189, 0.02046, 0.02941, 0.05767], ndcg=[0.00832, 0.01111, 0.01334, 0.01880], Train Rec Loss=[0.05016], Eval Rec Loss=[0.04983], c=[0.50000], F=[0.83300, 0.90754, 0.90271, 0.88531], F_fuse=[0.00474, 0.00408, 0.00294, 0.00230]
[ INFO : 2026-07-26 23:54:44,129 ] - Epoch 84: train==[108.35060 = 0.55359 + 1.27384 + 14.94174 + 0.00275 + 0.00000 + 0.00027 + 613.91966]
[ INFO : 2026-07-26 23:54:53,017 ] - Test_@[5, 10, 20, 50]: Recall=[0.01202, 0.02046, 0.02941, 0.05792],  precision=[0.00240, 0.00205, 0.00147, 0.00116], hit=[0.01202, 0.02046, 0.02941, 0.05792], ndcg=[0.00828, 0.01104, 0.01328, 0.01878], Train Rec Loss=[0.05021], Eval Rec Loss=[0.04980], c=[0.50000], F=[0.83169, 0.90675, 0.90078, 0.88629], F_fuse=[0.00479, 0.00408, 0.00294, 0.00231]
[ INFO : 2026-07-26 23:56:46,996 ] - Epoch 85: train==[108.31427 = 0.55536 + 1.26982 + 14.90652 + 0.00277 + 0.00000 + 0.00027 + 613.91642]
[ INFO : 2026-07-26 23:56:55,961 ] - Test_@[5, 10, 20, 50]: Recall=[0.01125, 0.02097, 0.02954, 0.05818],  precision=[0.00225, 0.00210, 0.00148, 0.00116], hit=[0.01125, 0.02097, 0.02954, 0.05818], ndcg=[0.00800, 0.01120, 0.01335, 0.01886], Train Rec Loss=[0.05025], Eval Rec Loss=[0.04997], c=[0.50000], F=[0.86982, 0.93717, 0.91115, 0.88712], F_fuse=[0.00449, 0.00418, 0.00295, 0.00232]
[ INFO : 2026-07-26 23:58:49,742 ] - Epoch 86: train==[108.12613 = 0.54869 + 1.26548 + 14.72766 + 0.00277 + 0.00000 + 0.00027 + 613.91631]
[ INFO : 2026-07-26 23:58:58,631 ] - Test_@[5, 10, 20, 50]: Recall=[0.01189, 0.02097, 0.02941, 0.05715],  precision=[0.00238, 0.00210, 0.00147, 0.00114], hit=[0.01189, 0.02097, 0.02941, 0.05715], ndcg=[0.00821, 0.01116, 0.01328, 0.01864], Train Rec Loss=[0.05035], Eval Rec Loss=[0.05042], c=[0.50000], F=[0.84713, 0.92485, 0.90337, 0.88638], F_fuse=[0.00474, 0.00418, 0.00294, 0.00228]
[ INFO : 2026-07-27 00:00:53,099 ] - Epoch 87: train==[108.06324 = 0.55034 + 1.26072 + 14.66612 + 0.00280 + 0.00000 + 0.00027 + 613.91518]
[ INFO : 2026-07-27 00:01:02,045 ] - Test_@[5, 10, 20, 50]: Recall=[0.01061, 0.01995, 0.02864, 0.05690],  precision=[0.00212, 0.00199, 0.00143, 0.00114], hit=[0.01061, 0.01995, 0.02864, 0.05690], ndcg=[0.00763, 0.01067, 0.01286, 0.01834], Train Rec Loss=[0.05082], Eval Rec Loss=[0.05053], c=[0.50000], F=[0.86461, 0.91531, 0.90521, 0.88807], F_fuse=[0.00423, 0.00398, 0.00286, 0.00227]
[ INFO : 2026-07-27 00:02:56,228 ] - Epoch 88: train==[108.03903 = 0.54718 + 1.25578 + 14.64772 + 0.00280 + 0.00000 + 0.00026 + 613.91724]
[ INFO : 2026-07-27 00:03:05,107 ] - Test_@[5, 10, 20, 50]: Recall=[0.01202, 0.02046, 0.02890, 0.05728],  precision=[0.00240, 0.00205, 0.00144, 0.00115], hit=[0.01202, 0.02046, 0.02890, 0.05728], ndcg=[0.00816, 0.01090, 0.01303, 0.01853], Train Rec Loss=[0.05094], Eval Rec Loss=[0.05084], c=[0.50000], F=[0.84048, 0.91817, 0.90267, 0.88722], F_fuse=[0.00479, 0.00408, 0.00289, 0.00229]
[ INFO : 2026-07-27 00:04:58,732 ] - Epoch 89: train==[107.97883 = 0.54775 + 1.25136 + 14.58975 + 0.00283 + 0.00000 + 0.00026 + 613.91616]
[ INFO : 2026-07-27 00:05:07,651 ] - Test_@[5, 10, 20, 50]: Recall=[0.01151, 0.01956, 0.02864, 0.05754],  precision=[0.00230, 0.00196, 0.00143, 0.00115], hit=[0.01151, 0.01956, 0.02864, 0.05754], ndcg=[0.00797, 0.01058, 0.01285, 0.01843], Train Rec Loss=[0.05117], Eval Rec Loss=[0.05093], c=[0.50000], F=[0.81912, 0.88730, 0.89205, 0.88669], F_fuse=[0.00459, 0.00390, 0.00286, 0.00230]
[ INFO : 2026-07-27 00:07:01,214 ] - Epoch 90: train==[107.97204 = 0.54947 + 1.24639 + 14.58418 + 0.00282 + 0.00000 + 0.00026 + 613.91650]
[ INFO : 2026-07-27 00:07:10,036 ] - Test_@[5, 10, 20, 50]: Recall=[0.01215, 0.02084, 0.02890, 0.05779],  precision=[0.00243, 0.00208, 0.00144, 0.00116], hit=[0.01215, 0.02084, 0.02890, 0.05779], ndcg=[0.00808, 0.01094, 0.01297, 0.01855], Train Rec Loss=[0.05135], Eval Rec Loss=[0.05124], c=[0.50000], F=[0.85522, 0.93882, 0.90710, 0.88885], F_fuse=[0.00484, 0.00416, 0.00289, 0.00231]
[ INFO : 2026-07-27 00:09:04,239 ] - Epoch 91: train==[107.87486 = 0.54711 + 1.24226 + 14.49225 + 0.00284 + 0.00000 + 0.00026 + 613.91367]
[ INFO : 2026-07-27 00:09:13,090 ] - Test_@[5, 10, 20, 50]: Recall=[0.01189, 0.01943, 0.02826, 0.05754],  precision=[0.00238, 0.00194, 0.00141, 0.00115], hit=[0.01189, 0.01943, 0.02826, 0.05754], ndcg=[0.00811, 0.01059, 0.01281, 0.01847], Train Rec Loss=[0.05146], Eval Rec Loss=[0.05134], c=[0.50000], F=[0.82737, 0.89838, 0.89571, 0.88824], F_fuse=[0.00474, 0.00388, 0.00282, 0.00230]
[ INFO : 2026-07-27 00:11:07,070 ] - Epoch 92: train==[107.82687 = 0.54336 + 1.23722 + 14.45099 + 0.00286 + 0.00000 + 0.00026 + 613.91377]
[ INFO : 2026-07-27 00:11:15,981 ] - Test_@[5, 10, 20, 50]: Recall=[0.01125, 0.02097, 0.02966, 0.05818],  precision=[0.00225, 0.00210, 0.00148, 0.00116], hit=[0.01125, 0.02097, 0.02966, 0.05818], ndcg=[0.00791, 0.01108, 0.01325, 0.01873], Train Rec Loss=[0.05190], Eval Rec Loss=[0.05189], c=[0.50000], F=[0.86382, 0.92963, 0.90508, 0.88924], F_fuse=[0.00449, 0.00418, 0.00296, 0.00232]
[ INFO : 2026-07-27 00:13:10,067 ] - Epoch 93: train==[107.75239 = 0.54186 + 1.23258 + 14.38058 + 0.00286 + 0.00000 + 0.00026 + 613.91517]
[ INFO : 2026-07-27 00:13:19,320 ] - Test_@[5, 10, 20, 50]: Recall=[0.01074, 0.02007, 0.02851, 0.05754],  precision=[0.00215, 0.00201, 0.00143, 0.00115], hit=[0.01074, 0.02007, 0.02851, 0.05754], ndcg=[0.00761, 0.01064, 0.01277, 0.01838], Train Rec Loss=[0.05205], Eval Rec Loss=[0.05177], c=[0.50000], F=[0.84112, 0.91270, 0.89850, 0.88871], F_fuse=[0.00429, 0.00401, 0.00285, 0.00230]
[ INFO : 2026-07-27 00:15:12,816 ] - Epoch 94: train==[107.63702 = 0.54336 + 1.22805 + 14.26628 + 0.00289 + 0.00000 + 0.00026 + 613.91601]
[ INFO : 2026-07-27 00:15:21,698 ] - Test_@[5, 10, 20, 50]: Recall=[0.01164, 0.02007, 0.02851, 0.05741],  precision=[0.00233, 0.00201, 0.00143, 0.00115], hit=[0.01164, 0.02007, 0.02851, 0.05741], ndcg=[0.00791, 0.01064, 0.01277, 0.01836], Train Rec Loss=[0.05232], Eval Rec Loss=[0.05209], c=[0.50000], F=[0.85595, 0.91129, 0.90154, 0.88993], F_fuse=[0.00464, 0.00401, 0.00285, 0.00229]
[ INFO : 2026-07-27 00:17:15,301 ] - Epoch 95: train==[107.61207 = 0.53756 + 1.22350 + 14.25007 + 0.00290 + 0.00000 + 0.00025 + 613.91460]
[ INFO : 2026-07-27 00:17:24,223 ] - Test_@[5, 10, 20, 50]: Recall=[0.01138, 0.01982, 0.02851, 0.05715],  precision=[0.00228, 0.00198, 0.00143, 0.00114], hit=[0.01138, 0.01982, 0.02851, 0.05715], ndcg=[0.00791, 0.01064, 0.01282, 0.01835], Train Rec Loss=[0.05275], Eval Rec Loss=[0.05254], c=[0.50000], F=[0.83629, 0.90258, 0.89664, 0.88916], F_fuse=[0.00454, 0.00396, 0.00285, 0.00228]
[ INFO : 2026-07-27 00:19:17,703 ] - Epoch 96: train==[107.52238 = 0.53997 + 1.21907 + 14.16083 + 0.00292 + 0.00000 + 0.00025 + 613.91309]
[ INFO : 2026-07-27 00:19:26,596 ] - Test_@[5, 10, 20, 50]: Recall=[0.01112, 0.02084, 0.02890, 0.05779],  precision=[0.00222, 0.00208, 0.00144, 0.00116], hit=[0.01112, 0.02084, 0.02890, 0.05779], ndcg=[0.00773, 0.01093, 0.01296, 0.01855], Train Rec Loss=[0.05294], Eval Rec Loss=[0.05260], c=[0.50000], F=[0.85528, 0.92454, 0.90474, 0.88998], F_fuse=[0.00444, 0.00416, 0.00289, 0.00231]
[ INFO : 2026-07-27 00:21:19,542 ] - Epoch 97: train==[107.46598 = 0.53670 + 1.21355 + 14.11105 + 0.00292 + 0.00000 + 0.00025 + 613.91278]
[ INFO : 2026-07-27 00:21:28,570 ] - Test_@[5, 10, 20, 50]: Recall=[0.01100, 0.01943, 0.02826, 0.05715],  precision=[0.00220, 0.00194, 0.00141, 0.00114], hit=[0.01100, 0.01943, 0.02826, 0.05715], ndcg=[0.00771, 0.01047, 0.01270, 0.01828], Train Rec Loss=[0.05303], Eval Rec Loss=[0.05244], c=[0.50000], F=[0.83779, 0.89656, 0.89527, 0.88889], F_fuse=[0.00439, 0.00388, 0.00282, 0.00228]
[ INFO : 2026-07-27 00:23:21,223 ] - Epoch 98: train==[107.47922 = 0.53625 + 1.20853 + 14.12717 + 0.00294 + 0.00000 + 0.00025 + 613.91659]
[ INFO : 2026-07-27 00:23:30,138 ] - Test_@[5, 10, 20, 50]: Recall=[0.01112, 0.01982, 0.02851, 0.05703],  precision=[0.00222, 0.00198, 0.00143, 0.00114], hit=[0.01112, 0.01982, 0.02851, 0.05703], ndcg=[0.00769, 0.01051, 0.01270, 0.01820], Train Rec Loss=[0.05335], Eval Rec Loss=[0.05307], c=[0.50000], F=[0.83604, 0.89846, 0.89788, 0.88867], F_fuse=[0.00444, 0.00395, 0.00285, 0.00228]
[ INFO : 2026-07-27 00:25:23,241 ] - Epoch 99: train==[107.45541 = 0.53542 + 1.20418 + 14.10744 + 0.00293 + 0.00000 + 0.00025 + 613.91238]
[ INFO : 2026-07-27 00:25:32,117 ] - Test_@[5, 10, 20, 50]: Recall=[0.01112, 0.01931, 0.02890, 0.05741],  precision=[0.00222, 0.00193, 0.00144, 0.00115], hit=[0.01112, 0.01931, 0.02890, 0.05741], ndcg=[0.00762, 0.01030, 0.01269, 0.01819], Train Rec Loss=[0.05353], Eval Rec Loss=[0.05306], c=[0.50000], F=[0.82967, 0.88994, 0.88911, 0.88870], F_fuse=[0.00444, 0.00385, 0.00288, 0.00229]
[ INFO : 2026-07-27 00:27:26,005 ] - Epoch 100: train==[107.29996 = 0.54197 + 1.20016 + 13.94778 + 0.00297 + 0.00000 + 0.00025 + 613.91267]
[ INFO : 2026-07-27 00:27:34,862 ] - Test_@[5, 10, 20, 50]: Recall=[0.01151, 0.02046, 0.02839, 0.05792],  precision=[0.00230, 0.00205, 0.00142, 0.00116], hit=[0.01151, 0.02046, 0.02839, 0.05792], ndcg=[0.00788, 0.01078, 0.01277, 0.01848], Train Rec Loss=[0.05388], Eval Rec Loss=[0.05379], c=[0.50000], F=[0.85046, 0.92280, 0.90230, 0.89077], F_fuse=[0.00459, 0.00408, 0.00283, 0.00231]
[ INFO : 2026-07-27 00:29:27,348 ] - Epoch 101: train==[107.24254 = 0.53928 + 1.19519 + 13.89555 + 0.00297 + 0.00000 + 0.00024 + 613.91585]
[ INFO : 2026-07-27 00:29:36,212 ] - Test_@[5, 10, 20, 50]: Recall=[0.01189, 0.02046, 0.02839, 0.05703],  precision=[0.00238, 0.00205, 0.00142, 0.00114], hit=[0.01189, 0.02046, 0.02839, 0.05703], ndcg=[0.00795, 0.01073, 0.01271, 0.01824], Train Rec Loss=[0.05422], Eval Rec Loss=[0.05398], c=[0.50000], F=[0.84962, 0.91793, 0.89919, 0.89051], F_fuse=[0.00474, 0.00408, 0.00283, 0.00228]
[ INFO : 2026-07-27 00:31:28,718 ] - Epoch 102: train==[107.18916 = 0.53706 + 1.19042 + 13.84791 + 0.00296 + 0.00000 + 0.00024 + 613.91154]
[ INFO : 2026-07-27 00:31:37,668 ] - Test_@[5, 10, 20, 50]: Recall=[0.01087, 0.01969, 0.02800, 0.05703],  precision=[0.00217, 0.00197, 0.00140, 0.00114], hit=[0.01087, 0.01969, 0.02800, 0.05703], ndcg=[0.00755, 0.01042, 0.01253, 0.01815], Train Rec Loss=[0.05455], Eval Rec Loss=[0.05414], c=[0.50000], F=[0.84521, 0.90487, 0.89875, 0.88945], F_fuse=[0.00434, 0.00393, 0.00280, 0.00228]
[ INFO : 2026-07-27 00:33:30,723 ] - Epoch 103: train==[107.05837 = 0.52937 + 1.18638 + 13.72702 + 0.00299 + 0.00000 + 0.00025 + 613.91270]
[ INFO : 2026-07-27 00:33:39,584 ] - Test_@[5, 10, 20, 50]: Recall=[0.01074, 0.02020, 0.02787, 0.05779],  precision=[0.00215, 0.00202, 0.00139, 0.00116], hit=[0.01074, 0.02020, 0.02787, 0.05779], ndcg=[0.00750, 0.01053, 0.01247, 0.01827], Train Rec Loss=[0.05499], Eval Rec Loss=[0.05433], c=[0.50000], F=[0.85276, 0.91470, 0.89959, 0.89051], F_fuse=[0.00429, 0.00403, 0.00278, 0.00231]
[ INFO : 2026-07-27 00:35:32,686 ] - Epoch 104: train==[107.03678 = 0.52991 + 1.18235 + 13.70749 + 0.00300 + 0.00000 + 0.00024 + 613.91149]
[ INFO : 2026-07-27 00:35:41,708 ] - Test_@[5, 10, 20, 50]: Recall=[0.01151, 0.01943, 0.02787, 0.05818],  precision=[0.00230, 0.00194, 0.00139, 0.00116], hit=[0.01151, 0.01943, 0.02787, 0.05818], ndcg=[0.00768, 0.01028, 0.01240, 0.01827], Train Rec Loss=[0.05510], Eval Rec Loss=[0.05470], c=[0.50000], F=[0.84099, 0.90821, 0.89883, 0.89057], F_fuse=[0.00459, 0.00388, 0.00278, 0.00232]
[ INFO : 2026-07-27 00:37:34,283 ] - Epoch 105: train==[106.99817 = 0.52941 + 1.17799 + 13.67227 + 0.00300 + 0.00000 + 0.00024 + 613.90963]
[ INFO : 2026-07-27 00:37:43,202 ] - Test_@[5, 10, 20, 50]: Recall=[0.01138, 0.02046, 0.02826, 0.05767],  precision=[0.00228, 0.00205, 0.00141, 0.00115], hit=[0.01138, 0.02046, 0.02826, 0.05767], ndcg=[0.00769, 0.01062, 0.01257, 0.01824], Train Rec Loss=[0.05537], Eval Rec Loss=[0.05519], c=[0.50000], F=[0.83620, 0.89800, 0.89467, 0.89117], F_fuse=[0.00454, 0.00408, 0.00282, 0.00230]
[ INFO : 2026-07-27 00:39:35,087 ] - Epoch 106: train==[106.98759 = 0.52524 + 1.17432 + 13.66734 + 0.00302 + 0.00000 + 0.00024 + 613.91437]
[ INFO : 2026-07-27 00:39:44,218 ] - Test_@[5, 10, 20, 50]: Recall=[0.01100, 0.01931, 0.02787, 0.05818],  precision=[0.00220, 0.00193, 0.00139, 0.00116], hit=[0.01100, 0.01931, 0.02787, 0.05818], ndcg=[0.00761, 0.01026, 0.01240, 0.01826], Train Rec Loss=[0.05579], Eval Rec Loss=[0.05556], c=[0.50000], F=[0.83543, 0.89413, 0.89336, 0.88979], F_fuse=[0.00439, 0.00385, 0.00278, 0.00232]
[ INFO : 2026-07-27 00:41:37,310 ] - Epoch 107: train==[106.97725 = 0.52740 + 1.17040 + 13.65778 + 0.00303 + 0.00000 + 0.00024 + 613.91036]
[ INFO : 2026-07-27 00:41:46,348 ] - Test_@[5, 10, 20, 50]: Recall=[0.01112, 0.02046, 0.02826, 0.05754],  precision=[0.00222, 0.00205, 0.00141, 0.00115], hit=[0.01112, 0.02046, 0.02826, 0.05754], ndcg=[0.00752, 0.01055, 0.01249, 0.01816], Train Rec Loss=[0.05617], Eval Rec Loss=[0.05561], c=[0.50000], F=[0.83415, 0.89907, 0.89456, 0.88977], F_fuse=[0.00444, 0.00408, 0.00282, 0.00230]
[ INFO : 2026-07-27 00:43:38,976 ] - Epoch 108: train==[106.86305 = 0.52575 + 1.16675 + 13.54740 + 0.00304 + 0.00000 + 0.00024 + 613.91046]
[ INFO : 2026-07-27 00:43:47,939 ] - Test_@[5, 10, 20, 50]: Recall=[0.01036, 0.01995, 0.02736, 0.05677],  precision=[0.00207, 0.00199, 0.00137, 0.00114], hit=[0.01036, 0.01995, 0.02736, 0.05677], ndcg=[0.00716, 0.01025, 0.01210, 0.01780], Train Rec Loss=[0.05656], Eval Rec Loss=[0.05595], c=[0.50000], F=[0.84627, 0.90308, 0.89464, 0.89053], F_fuse=[0.00413, 0.00398, 0.00273, 0.00227]
[ INFO : 2026-07-27 00:45:41,118 ] - Epoch 109: train==[106.86134 = 0.52371 + 1.16309 + 13.54953 + 0.00306 + 0.00000 + 0.00024 + 613.91302]
[ INFO : 2026-07-27 00:45:50,076 ] - Test_@[5, 10, 20, 50]: Recall=[0.01074, 0.01867, 0.02749, 0.05741],  precision=[0.00215, 0.00187, 0.00137, 0.00115], hit=[0.01074, 0.01867, 0.02749, 0.05741], ndcg=[0.00735, 0.00991, 0.01211, 0.01791], Train Rec Loss=[0.05670], Eval Rec Loss=[0.05618], c=[0.50000], F=[0.83239, 0.89032, 0.89275, 0.89155], F_fuse=[0.00429, 0.00373, 0.00274, 0.00229]
[ INFO : 2026-07-27 00:47:42,790 ] - Epoch 110: train==[106.78241 = 0.52315 + 1.15920 + 13.47345 + 0.00307 + 0.00000 + 0.00023 + 613.91326]
[ INFO : 2026-07-27 00:47:51,837 ] - Test_@[5, 10, 20, 50]: Recall=[0.01087, 0.01892, 0.02749, 0.05588],  precision=[0.00217, 0.00189, 0.00137, 0.00112], hit=[0.01087, 0.01892, 0.02749, 0.05588], ndcg=[0.00743, 0.01006, 0.01222, 0.01774], Train Rec Loss=[0.05693], Eval Rec Loss=[0.05686], c=[0.50000], F=[0.83335, 0.88999, 0.89010, 0.89112], F_fuse=[0.00434, 0.00378, 0.00274, 0.00223]
[ INFO : 2026-07-27 00:49:44,290 ] - Epoch 111: train==[106.69884 = 0.51703 + 1.15542 + 13.39874 + 0.00309 + 0.00000 + 0.00024 + 613.90986]
[ INFO : 2026-07-27 00:49:53,232 ] - Test_@[5, 10, 20, 50]: Recall=[0.00959, 0.01905, 0.02736, 0.05741],  precision=[0.00192, 0.00191, 0.00137, 0.00115], hit=[0.00959, 0.01905, 0.02736, 0.05741], ndcg=[0.00705, 0.01013, 0.01221, 0.01804], Train Rec Loss=[0.05747], Eval Rec Loss=[0.05685], c=[0.50000], F=[0.84070, 0.89367, 0.89117, 0.88926], F_fuse=[0.00383, 0.00380, 0.00273, 0.00229]
[ INFO : 2026-07-27 00:51:46,330 ] - Epoch 112: train==[106.54474 = 0.51785 + 1.15212 + 13.24596 + 0.00310 + 0.00000 + 0.00023 + 613.90873]
[ INFO : 2026-07-27 00:51:55,346 ] - Test_@[5, 10, 20, 50]: Recall=[0.01100, 0.01905, 0.02723, 0.05626],  precision=[0.00220, 0.00191, 0.00136, 0.00113], hit=[0.01100, 0.01905, 0.02723, 0.05626], ndcg=[0.00756, 0.01019, 0.01223, 0.01784], Train Rec Loss=[0.05735], Eval Rec Loss=[0.05769], c=[0.50000], F=[0.82903, 0.88312, 0.88871, 0.89042], F_fuse=[0.00439, 0.00380, 0.00272, 0.00225]
[ INFO : 2026-07-27 00:53:48,756 ] - Epoch 113: train==[106.62156 = 0.52045 + 1.14849 + 13.32189 + 0.00308 + 0.00000 + 0.00023 + 613.91215]
[ INFO : 2026-07-27 00:53:57,777 ] - Test_@[5, 10, 20, 50]: Recall=[0.01048, 0.01931, 0.02762, 0.05639],  precision=[0.00210, 0.00193, 0.00138, 0.00113], hit=[0.01048, 0.01931, 0.02762, 0.05639], ndcg=[0.00724, 0.01008, 0.01214, 0.01772], Train Rec Loss=[0.05823], Eval Rec Loss=[0.05758], c=[0.50000], F=[0.83591, 0.88452, 0.88762, 0.88951], F_fuse=[0.00418, 0.00385, 0.00276, 0.00225]
[ INFO : 2026-07-27 00:55:52,407 ] - Epoch 114: train==[106.49022 = 0.52016 + 1.14522 + 13.19325 + 0.00313 + 0.00000 + 0.00023 + 613.90879]
[ INFO : 2026-07-27 00:56:01,406 ] - Test_@[5, 10, 20, 50]: Recall=[0.01010, 0.01931, 0.02711, 0.05460],  precision=[0.00202, 0.00193, 0.00136, 0.00109], hit=[0.01010, 0.01931, 0.02711, 0.05460], ndcg=[0.00724, 0.01024, 0.01218, 0.01754], Train Rec Loss=[0.05829], Eval Rec Loss=[0.05784], c=[0.50000], F=[0.84301, 0.89557, 0.89461, 0.89250], F_fuse=[0.00403, 0.00385, 0.00271, 0.00218]
[ INFO : 2026-07-27 00:57:54,913 ] - Epoch 115: train==[106.45824 = 0.51068 + 1.14149 + 13.17278 + 0.00311 + 0.00000 + 0.00023 + 613.91024]
[ INFO : 2026-07-27 00:58:03,915 ] - Test_@[5, 10, 20, 50]: Recall=[0.01048, 0.01841, 0.02685, 0.05639],  precision=[0.00210, 0.00184, 0.00134, 0.00113], hit=[0.01048, 0.01841, 0.02685, 0.05639], ndcg=[0.00729, 0.00988, 0.01200, 0.01773], Train Rec Loss=[0.05842], Eval Rec Loss=[0.05844], c=[0.50000], F=[0.82734, 0.88262, 0.89024, 0.89213], F_fuse=[0.00418, 0.00367, 0.00268, 0.00225]
[ INFO : 2026-07-27 00:59:57,584 ] - Epoch 116: train==[106.35513 = 0.51085 + 1.13844 + 13.07073 + 0.00315 + 0.00000 + 0.00023 + 613.91405]
[ INFO : 2026-07-27 01:00:06,423 ] - Test_@[5, 10, 20, 50]: Recall=[0.01074, 0.01880, 0.02826, 0.05600],  precision=[0.00215, 0.00188, 0.00141, 0.00112], hit=[0.01074, 0.01880, 0.02826, 0.05600], ndcg=[0.00746, 0.01006, 0.01243, 0.01782], Train Rec Loss=[0.05906], Eval Rec Loss=[0.05823], c=[0.50000], F=[0.84966, 0.90270, 0.89307, 0.89401], F_fuse=[0.00429, 0.00375, 0.00282, 0.00224]
[ INFO : 2026-07-27 01:01:59,567 ] - Epoch 117: train==[106.31789 = 0.51169 + 1.13515 + 13.03478 + 0.00314 + 0.00000 + 0.00023 + 613.91300]
[ INFO : 2026-07-27 01:02:08,491 ] - Test_@[5, 10, 20, 50]: Recall=[0.00985, 0.01816, 0.02672, 0.05549],  precision=[0.00197, 0.00182, 0.00134, 0.00111], hit=[0.00985, 0.01816, 0.02672, 0.05549], ndcg=[0.00704, 0.00972, 0.01187, 0.01747], Train Rec Loss=[0.05890], Eval Rec Loss=[0.05849], c=[0.50000], F=[0.84176, 0.89686, 0.89318, 0.89279], F_fuse=[0.00393, 0.00362, 0.00267, 0.00222]
[ INFO : 2026-07-27 01:04:01,773 ] - Epoch 118: train==[106.32828 = 0.50710 + 1.13204 + 13.05218 + 0.00314 + 0.00000 + 0.00023 + 613.90936]
[ INFO : 2026-07-27 01:04:10,653 ] - Test_@[5, 10, 20, 50]: Recall=[0.01253, 0.02097, 0.02787, 0.05754],  precision=[0.00251, 0.00210, 0.00139, 0.00115], hit=[0.01253, 0.02097, 0.02787, 0.05754], ndcg=[0.00819, 0.01090, 0.01260, 0.01836], Train Rec Loss=[0.05913], Eval Rec Loss=[0.05876], c=[0.50000], F=[0.84924, 0.91846, 0.90039, 0.89350], F_fuse=[0.00500, 0.00418, 0.00278, 0.00230]
[ INFO : 2026-07-27 01:06:03,434 ] - Epoch 119: train==[106.32108 = 0.50839 + 1.12875 + 13.04475 + 0.00315 + 0.00000 + 0.00023 + 613.91543]
[ INFO : 2026-07-27 01:06:12,309 ] - Test_@[5, 10, 20, 50]: Recall=[0.01112, 0.01918, 0.02596, 0.05562],  precision=[0.00222, 0.00192, 0.00130, 0.00111], hit=[0.01112, 0.01918, 0.02596, 0.05562], ndcg=[0.00766, 0.01028, 0.01198, 0.01777], Train Rec Loss=[0.05960], Eval Rec Loss=[0.05994], c=[0.50000], F=[0.83719, 0.89557, 0.89369, 0.89292], F_fuse=[0.00444, 0.00383, 0.00259, 0.00222]
[ INFO : 2026-07-27 01:08:04,980 ] - Epoch 120: train==[106.09319 = 0.50873 + 1.12614 + 12.81936 + 0.00319 + 0.00000 + 0.00023 + 613.90667]
[ INFO : 2026-07-27 01:08:13,816 ] - Test_@[5, 10, 20, 50]: Recall=[0.01061, 0.01892, 0.02660, 0.05562],  precision=[0.00212, 0.00189, 0.00133, 0.00111], hit=[0.01061, 0.01892, 0.02660, 0.05562], ndcg=[0.00706, 0.00975, 0.01166, 0.01730], Train Rec Loss=[0.06009], Eval Rec Loss=[0.05999], c=[0.50000], F=[0.83402, 0.88916, 0.89394, 0.89425], F_fuse=[0.00423, 0.00378, 0.00266, 0.00222]
[ INFO : 2026-07-27 01:10:07,323 ] - Epoch 121: train==[106.21076 = 0.50433 + 1.12317 + 12.94254 + 0.00319 + 0.00000 + 0.00023 + 613.91043]
[ INFO : 2026-07-27 01:10:16,203 ] - Test_@[5, 10, 20, 50]: Recall=[0.01100, 0.01790, 0.02647, 0.05498],  precision=[0.00220, 0.00179, 0.00132, 0.00110], hit=[0.01100, 0.01790, 0.02647, 0.05498], ndcg=[0.00751, 0.00976, 0.01188, 0.01745], Train Rec Loss=[0.06044], Eval Rec Loss=[0.06026], c=[0.50000], F=[0.83223, 0.88173, 0.88864, 0.89410], F_fuse=[0.00439, 0.00357, 0.00264, 0.00220]
[ INFO : 2026-07-27 01:12:09,003 ] - Epoch 122: train==[106.13711 = 0.50462 + 1.12026 + 12.86997 + 0.00319 + 0.00000 + 0.00022 + 613.91306]
[ INFO : 2026-07-27 01:12:17,951 ] - Test_@[5, 10, 20, 50]: Recall=[0.01036, 0.01880, 0.02608, 0.05651],  precision=[0.00207, 0.00188, 0.00130, 0.00113], hit=[0.01036, 0.01880, 0.02608, 0.05651], ndcg=[0.00722, 0.00996, 0.01178, 0.01770], Train Rec Loss=[0.06049], Eval Rec Loss=[0.06017], c=[0.50000], F=[0.83300, 0.88652, 0.89076, 0.89601], F_fuse=[0.00413, 0.00375, 0.00260, 0.00226]
[ INFO : 2026-07-27 01:14:10,934 ] - Epoch 123: train==[106.09140 = 0.50591 + 1.11798 + 12.82426 + 0.00319 + 0.00000 + 0.00023 + 613.91348]
[ INFO : 2026-07-27 01:14:19,845 ] - Test_@[5, 10, 20, 50]: Recall=[0.01061, 0.01828, 0.02634, 0.05345],  precision=[0.00212, 0.00183, 0.00132, 0.00107], hit=[0.01061, 0.01828, 0.02634, 0.05345], ndcg=[0.00722, 0.00974, 0.01176, 0.01706], Train Rec Loss=[0.06111], Eval Rec Loss=[0.06089], c=[0.50000], F=[0.83259, 0.88876, 0.89166, 0.89539], F_fuse=[0.00423, 0.00365, 0.00263, 0.00214]
[ INFO : 2026-07-27 01:16:12,408 ] - Epoch 124: train==[106.02769 = 0.49707 + 1.11513 + 12.77158 + 0.00321 + 0.00000 + 0.00023 + 613.91012]
[ INFO : 2026-07-27 01:16:21,267 ] - Test_@[5, 10, 20, 50]: Recall=[0.01087, 0.01880, 0.02698, 0.05434],  precision=[0.00217, 0.00188, 0.00135, 0.00109], hit=[0.01087, 0.01880, 0.02698, 0.05434], ndcg=[0.00743, 0.01001, 0.01205, 0.01738], Train Rec Loss=[0.06149], Eval Rec Loss=[0.06129], c=[0.50000], F=[0.84112, 0.89573, 0.89419, 0.89724], F_fuse=[0.00434, 0.00375, 0.00269, 0.00217]
[ INFO : 2026-07-27 01:18:14,559 ] - Epoch 125: train==[106.01528 = 0.50136 + 1.11274 + 12.75613 + 0.00322 + 0.00000 + 0.00022 + 613.91125]
[ INFO : 2026-07-27 01:18:23,430 ] - Test_@[5, 10, 20, 50]: Recall=[0.01087, 0.01764, 0.02621, 0.05332],  precision=[0.00217, 0.00176, 0.00131, 0.00107], hit=[0.01087, 0.01764, 0.02621, 0.05332], ndcg=[0.00732, 0.00956, 0.01169, 0.01698], Train Rec Loss=[0.06185], Eval Rec Loss=[0.06113], c=[0.50000], F=[0.84023, 0.89841, 0.89462, 0.89608], F_fuse=[0.00434, 0.00352, 0.00262, 0.00213]
[ INFO : 2026-07-27 01:20:16,733 ] - Epoch 126: train==[105.94636 = 0.50252 + 1.11020 + 12.68745 + 0.00323 + 0.00000 + 0.00022 + 613.91211]
[ INFO : 2026-07-27 01:20:25,730 ] - Test_@[5, 10, 20, 50]: Recall=[0.00972, 0.01841, 0.02698, 0.05651],  precision=[0.00194, 0.00184, 0.00135, 0.00113], hit=[0.00972, 0.01841, 0.02698, 0.05651], ndcg=[0.00693, 0.00973, 0.01187, 0.01764], Train Rec Loss=[0.06173], Eval Rec Loss=[0.06143], c=[0.50000], F=[0.83572, 0.88981, 0.89144, 0.89525], F_fuse=[0.00388, 0.00367, 0.00269, 0.00226]
[ INFO : 2026-07-27 01:22:19,717 ] - Epoch 127: train==[105.88087 = 0.49725 + 1.10763 + 12.62802 + 0.00325 + 0.00000 + 0.00024 + 613.91689]
[ INFO : 2026-07-27 01:22:28,673 ] - Test_@[5, 10, 20, 50]: Recall=[0.01023, 0.01739, 0.02736, 0.05549],  precision=[0.00205, 0.00174, 0.00137, 0.00111], hit=[0.01023, 0.01739, 0.02736, 0.05549], ndcg=[0.00707, 0.00938, 0.01188, 0.01735], Train Rec Loss=[0.06260], Eval Rec Loss=[0.06218], c=[0.50000], F=[0.83070, 0.88078, 0.88857, 0.89586], F_fuse=[0.00408, 0.00347, 0.00273, 0.00222]
[ INFO : 2026-07-27 01:24:22,879 ] - Epoch 128: train==[105.79324 = 0.49654 + 1.10534 + 12.54201 + 0.00329 + 0.00000 + 0.00024 + 613.91961]
[ INFO : 2026-07-27 01:24:31,717 ] - Test_@[5, 10, 20, 50]: Recall=[0.01036, 0.01752, 0.02519, 0.05396],  precision=[0.00207, 0.00175, 0.00126, 0.00108], hit=[0.01036, 0.01752, 0.02519, 0.05396], ndcg=[0.00699, 0.00930, 0.01120, 0.01681], Train Rec Loss=[0.06311], Eval Rec Loss=[0.06217], c=[0.50000], F=[0.82798, 0.87584, 0.88672, 0.89806], F_fuse=[0.00413, 0.00350, 0.00252, 0.00216]
[ INFO : 2026-07-27 01:26:25,418 ] - Epoch 129: train==[105.76596 = 0.49210 + 1.10313 + 12.52162 + 0.00327 + 0.00000 + 0.00022 + 613.91240]
[ INFO : 2026-07-27 01:26:34,407 ] - Test_@[5, 10, 20, 50]: Recall=[0.01061, 0.01880, 0.02660, 0.05549],  precision=[0.00212, 0.00188, 0.00133, 0.00111], hit=[0.01061, 0.01880, 0.02660, 0.05549], ndcg=[0.00717, 0.00982, 0.01180, 0.01741], Train Rec Loss=[0.06310], Eval Rec Loss=[0.06319], c=[0.50000], F=[0.84071, 0.90412, 0.89458, 0.89661], F_fuse=[0.00423, 0.00375, 0.00266, 0.00222]
[ INFO : 2026-07-27 01:28:28,346 ] - Epoch 130: train==[105.68772 = 0.49490 + 1.10067 + 12.44200 + 0.00327 + 0.00000 + 0.00022 + 613.91278]
[ INFO : 2026-07-27 01:28:37,313 ] - Test_@[5, 10, 20, 50]: Recall=[0.01240, 0.01918, 0.02698, 0.05447],  precision=[0.00248, 0.00192, 0.00135, 0.00109], hit=[0.01240, 0.01918, 0.02698, 0.05447], ndcg=[0.00819, 0.01036, 0.01230, 0.01762], Train Rec Loss=[0.06304], Eval Rec Loss=[0.06348], c=[0.50000], F=[0.83236, 0.87891, 0.88584, 0.89691], F_fuse=[0.00495, 0.00383, 0.00269, 0.00218]
[ INFO : 2026-07-27 01:30:31,931 ] - Epoch 131: train==[105.73365 = 0.49095 + 1.09872 + 12.49255 + 0.00326 + 0.00000 + 0.00022 + 613.91626]
[ INFO : 2026-07-27 01:30:40,754 ] - Test_@[5, 10, 20, 50]: Recall=[0.01138, 0.01841, 0.02698, 0.05549],  precision=[0.00228, 0.00184, 0.00135, 0.00111], hit=[0.01138, 0.01841, 0.02698, 0.05549], ndcg=[0.00751, 0.00979, 0.01193, 0.01742], Train Rec Loss=[0.06294], Eval Rec Loss=[0.06298], c=[0.50000], F=[0.83588, 0.89066, 0.89270, 0.89947], F_fuse=[0.00454, 0.00367, 0.00269, 0.00222]
[ INFO : 2026-07-27 01:32:35,426 ] - Epoch 132: train==[105.67342 = 0.49292 + 1.09653 + 12.43218 + 0.00327 + 0.00000 + 0.00022 + 613.91268]
[ INFO : 2026-07-27 01:32:44,315 ] - Test_@[5, 10, 20, 50]: Recall=[0.00895, 0.01560, 0.02493, 0.05345],  precision=[0.00179, 0.00156, 0.00125, 0.00107], hit=[0.00895, 0.01560, 0.02493, 0.05345], ndcg=[0.00639, 0.00853, 0.01089, 0.01642], Train Rec Loss=[0.06379], Eval Rec Loss=[0.06323], c=[0.50000], F=[0.83172, 0.88027, 0.88957, 0.89861], F_fuse=[0.00357, 0.00311, 0.00249, 0.00214]
[ INFO : 2026-07-27 01:34:38,489 ] - Epoch 133: train==[105.64147 = 0.48768 + 1.09397 + 12.40697 + 0.00329 + 0.00000 + 0.00022 + 613.91287]
[ INFO : 2026-07-27 01:34:47,394 ] - Test_@[5, 10, 20, 50]: Recall=[0.01112, 0.01790, 0.02557, 0.05447],  precision=[0.00222, 0.00179, 0.00128, 0.00109], hit=[0.01112, 0.01790, 0.02557, 0.05447], ndcg=[0.00728, 0.00947, 0.01140, 0.01701], Train Rec Loss=[0.06440], Eval Rec Loss=[0.06354], c=[0.50000], F=[0.83393, 0.88697, 0.89148, 0.90033], F_fuse=[0.00444, 0.00357, 0.00255, 0.00218]
[ INFO : 2026-07-27 01:36:40,115 ] - Epoch 134: train==[105.54400 = 0.48418 + 1.09190 + 12.31412 + 0.00332 + 0.00000 + 0.00022 + 613.91342]
[ INFO : 2026-07-27 01:36:49,013 ] - Test_@[5, 10, 20, 50]: Recall=[0.01151, 0.01828, 0.02660, 0.05485],  precision=[0.00230, 0.00183, 0.00133, 0.00110], hit=[0.01151, 0.01828, 0.02660, 0.05485], ndcg=[0.00758, 0.00974, 0.01183, 0.01730], Train Rec Loss=[0.06478], Eval Rec Loss=[0.06353], c=[0.50000], F=[0.83396, 0.88321, 0.88747, 0.89790], F_fuse=[0.00459, 0.00365, 0.00266, 0.00219]
[ INFO : 2026-07-27 01:38:44,321 ] - Epoch 135: train==[105.53010 = 0.48737 + 1.08998 + 12.29802 + 0.00331 + 0.00000 + 0.00023 + 613.91453]
[ INFO : 2026-07-27 01:38:53,221 ] - Test_@[5, 10, 20, 50]: Recall=[0.01164, 0.01854, 0.02596, 0.05383],  precision=[0.00233, 0.00185, 0.00130, 0.00108], hit=[0.01164, 0.01854, 0.02596, 0.05383], ndcg=[0.00778, 0.01003, 0.01187, 0.01726], Train Rec Loss=[0.06488], Eval Rec Loss=[0.06413], c=[0.50000], F=[0.83703, 0.89383, 0.89298, 0.90035], F_fuse=[0.00464, 0.00370, 0.00259, 0.00215]
[ INFO : 2026-07-27 01:40:46,801 ] - Epoch 136: train==[105.45900 = 0.48791 + 1.08795 + 12.22782 + 0.00335 + 0.00000 + 0.00023 + 613.91275]
[ INFO : 2026-07-27 01:40:55,702 ] - Test_@[5, 10, 20, 50]: Recall=[0.01112, 0.01828, 0.02647, 0.05345],  precision=[0.00222, 0.00183, 0.00132, 0.00107], hit=[0.01112, 0.01828, 0.02647, 0.05345], ndcg=[0.00737, 0.00969, 0.01176, 0.01700], Train Rec Loss=[0.06454], Eval Rec Loss=[0.06534], c=[0.50000], F=[0.83757, 0.89017, 0.89357, 0.90405], F_fuse=[0.00444, 0.00365, 0.00264, 0.00214]
[ INFO : 2026-07-27 01:42:49,841 ] - Epoch 137: train==[105.36563 = 0.48229 + 1.08566 + 12.14156 + 0.00334 + 0.00000 + 0.00022 + 613.91210]
[ INFO : 2026-07-27 01:42:58,746 ] - Test_@[5, 10, 20, 50]: Recall=[0.01227, 0.01956, 0.02634, 0.05345],  precision=[0.00245, 0.00196, 0.00132, 0.00107], hit=[0.01227, 0.01956, 0.02634, 0.05345], ndcg=[0.00797, 0.01034, 0.01202, 0.01729], Train Rec Loss=[0.06555], Eval Rec Loss=[0.06550], c=[0.50000], F=[0.84397, 0.90436, 0.89470, 0.90097], F_fuse=[0.00490, 0.00390, 0.00263, 0.00214]
[ INFO : 2026-07-27 01:44:52,547 ] - Epoch 138: train==[105.42722 = 0.48038 + 1.08359 + 12.20639 + 0.00336 + 0.00000 + 0.00022 + 613.91137]
[ INFO : 2026-07-27 01:45:01,462 ] - Test_@[5, 10, 20, 50]: Recall=[0.01125, 0.01752, 0.02532, 0.05306],  precision=[0.00225, 0.00175, 0.00127, 0.00106], hit=[0.01125, 0.01752, 0.02532, 0.05306], ndcg=[0.00754, 0.00955, 0.01153, 0.01693], Train Rec Loss=[0.06545], Eval Rec Loss=[0.06496], c=[0.50000], F=[0.83470, 0.88198, 0.88934, 0.90113], F_fuse=[0.00449, 0.00350, 0.00253, 0.00212]
[ INFO : 2026-07-27 01:46:55,433 ] - Epoch 139: train==[105.38303 = 0.48416 + 1.08162 + 12.15928 + 0.00337 + 0.00000 + 0.00023 + 613.91349]
[ INFO : 2026-07-27 01:47:04,326 ] - Test_@[5, 10, 20, 50]: Recall=[0.01010, 0.01675, 0.02544, 0.05051],  precision=[0.00202, 0.00167, 0.00127, 0.00101], hit=[0.01010, 0.01675, 0.02544, 0.05051], ndcg=[0.00703, 0.00919, 0.01138, 0.01623], Train Rec Loss=[0.06653], Eval Rec Loss=[0.06495], c=[0.50000], F=[0.84432, 0.90040, 0.89741, 0.90552], F_fuse=[0.00403, 0.00334, 0.00254, 0.00202]
[ INFO : 2026-07-27 01:48:58,444 ] - Epoch 140: train==[105.25901 = 0.48088 + 1.07981 + 12.04001 + 0.00337 + 0.00000 + 0.00022 + 613.91104]
[ INFO : 2026-07-27 01:49:07,323 ] - Test_@[5, 10, 20, 50]: Recall=[0.01036, 0.01867, 0.02481, 0.05268],  precision=[0.00207, 0.00187, 0.00124, 0.00105], hit=[0.01036, 0.01867, 0.02481, 0.05268], ndcg=[0.00702, 0.00970, 0.01124, 0.01667], Train Rec Loss=[0.06642], Eval Rec Loss=[0.06569], c=[0.50000], F=[0.83988, 0.89002, 0.89366, 0.90432], F_fuse=[0.00413, 0.00373, 0.00248, 0.00210]
[ INFO : 2026-07-27 01:51:01,268 ] - Epoch 141: train==[105.25764 = 0.47768 + 1.07767 + 12.04338 + 0.00340 + 0.00000 + 0.00021 + 613.90912]
[ INFO : 2026-07-27 01:51:10,178 ] - Test_@[5, 10, 20, 50]: Recall=[0.01023, 0.01816, 0.02660, 0.05421],  precision=[0.00205, 0.00182, 0.00133, 0.00108], hit=[0.01023, 0.01816, 0.02660, 0.05421], ndcg=[0.00685, 0.00940, 0.01152, 0.01687], Train Rec Loss=[0.06672], Eval Rec Loss=[0.06630], c=[0.50000], F=[0.83722, 0.89204, 0.89234, 0.90291], F_fuse=[0.00408, 0.00362, 0.00266, 0.00217]
[ INFO : 2026-07-27 01:53:05,086 ] - Epoch 142: train==[105.25007 = 0.47353 + 1.07574 + 12.04036 + 0.00342 + 0.00000 + 0.00022 + 613.91393]
[ INFO : 2026-07-27 01:53:14,008 ] - Test_@[5, 10, 20, 50]: Recall=[0.01074, 0.01777, 0.02634, 0.05255],  precision=[0.00215, 0.00178, 0.00132, 0.00105], hit=[0.01074, 0.01777, 0.02634, 0.05255], ndcg=[0.00744, 0.00969, 0.01184, 0.01692], Train Rec Loss=[0.06674], Eval Rec Loss=[0.06659], c=[0.50000], F=[0.83540, 0.87901, 0.88940, 0.90600], F_fuse=[0.00429, 0.00355, 0.00263, 0.00210]
[ INFO : 2026-07-27 01:55:07,959 ] - Epoch 143: train==[105.15862 = 0.48131 + 1.07388 + 11.94214 + 0.00342 + 0.00000 + 0.00023 + 613.91461]
[ INFO : 2026-07-27 01:55:16,853 ] - Test_@[5, 10, 20, 50]: Recall=[0.00985, 0.01688, 0.02506, 0.05204],  precision=[0.00197, 0.00169, 0.00125, 0.00104], hit=[0.00985, 0.01688, 0.02506, 0.05204], ndcg=[0.00667, 0.00892, 0.01098, 0.01618], Train Rec Loss=[0.06731], Eval Rec Loss=[0.06682], c=[0.50000], F=[0.83326, 0.88018, 0.89113, 0.90489], F_fuse=[0.00393, 0.00337, 0.00250, 0.00208]
[ INFO : 2026-07-27 01:57:10,926 ] - Epoch 144: train==[105.07471 = 0.47413 + 1.07174 + 11.86705 + 0.00341 + 0.00000 + 0.00022 + 613.91242]
[ INFO : 2026-07-27 01:57:19,754 ] - Test_@[5, 10, 20, 50]: Recall=[0.01125, 0.01867, 0.02647, 0.05281],  precision=[0.00225, 0.00187, 0.00132, 0.00106], hit=[0.01125, 0.01867, 0.02647, 0.05281], ndcg=[0.00746, 0.00985, 0.01178, 0.01688], Train Rec Loss=[0.06812], Eval Rec Loss=[0.06732], c=[0.50000], F=[0.84599, 0.90295, 0.89413, 0.90420], F_fuse=[0.00449, 0.00373, 0.00264, 0.00211]
[ INFO : 2026-07-27 01:59:13,636 ] - Epoch 145: train==[105.10962 = 0.47133 + 1.07037 + 11.90604 + 0.00341 + 0.00000 + 0.00021 + 613.90931]
[ INFO : 2026-07-27 01:59:22,512 ] - Test_@[5, 10, 20, 50]: Recall=[0.01023, 0.01675, 0.02506, 0.05051],  precision=[0.00205, 0.00167, 0.00125, 0.00101], hit=[0.01023, 0.01675, 0.02506, 0.05051], ndcg=[0.00702, 0.00914, 0.01124, 0.01616], Train Rec Loss=[0.06759], Eval Rec Loss=[0.06742], c=[0.50000], F=[0.83569, 0.88131, 0.89054, 0.90628], F_fuse=[0.00408, 0.00334, 0.00250, 0.00202]
[ INFO : 2026-07-27 02:01:15,580 ] - Epoch 146: train==[105.07397 = 0.47326 + 1.06817 + 11.86919 + 0.00342 + 0.00000 + 0.00021 + 613.91319]
[ INFO : 2026-07-27 02:01:24,569 ] - Test_@[5, 10, 20, 50]: Recall=[0.00959, 0.01764, 0.02557, 0.05217],  precision=[0.00192, 0.00176, 0.00128, 0.00104], hit=[0.00959, 0.01764, 0.02557, 0.05217], ndcg=[0.00671, 0.00929, 0.01127, 0.01643], Train Rec Loss=[0.06896], Eval Rec Loss=[0.06827], c=[0.50000], F=[0.83246, 0.88061, 0.88971, 0.90528], F_fuse=[0.00383, 0.00352, 0.00255, 0.00208]
[ INFO : 2026-07-27 02:03:18,224 ] - Epoch 147: train==[104.94751 = 0.46889 + 1.06618 + 11.74869 + 0.00346 + 0.00000 + 0.00022 + 613.91028]
[ INFO : 2026-07-27 02:03:27,149 ] - Test_@[5, 10, 20, 50]: Recall=[0.01100, 0.01867, 0.02493, 0.05306],  precision=[0.00220, 0.00187, 0.00125, 0.00106], hit=[0.01100, 0.01867, 0.02493, 0.05306], ndcg=[0.00704, 0.00949, 0.01106, 0.01652], Train Rec Loss=[0.06869], Eval Rec Loss=[0.06805], c=[0.50000], F=[0.84003, 0.88638, 0.89093, 0.90474], F_fuse=[0.00439, 0.00373, 0.00249, 0.00212]
[ INFO : 2026-07-27 02:05:20,385 ] - Epoch 148: train==[104.95654 = 0.46942 + 1.06429 + 11.75793 + 0.00344 + 0.00000 + 0.00021 + 613.91299]
[ INFO : 2026-07-27 02:05:29,341 ] - Test_@[5, 10, 20, 50]: Recall=[0.00933, 0.01726, 0.02506, 0.05217],  precision=[0.00187, 0.00173, 0.00125, 0.00104], hit=[0.00933, 0.01726, 0.02506, 0.05217], ndcg=[0.00630, 0.00885, 0.01081, 0.01604], Train Rec Loss=[0.06851], Eval Rec Loss=[0.06795], c=[0.50000], F=[0.83671, 0.88307, 0.89145, 0.90820], F_fuse=[0.00373, 0.00345, 0.00250, 0.00208]
[ INFO : 2026-07-27 02:07:21,650 ] - Epoch 149: train==[104.91265 = 0.47248 + 1.06223 + 11.71175 + 0.00346 + 0.00000 + 0.00021 + 613.91596]
[ INFO : 2026-07-27 02:07:30,550 ] - Test_@[5, 10, 20, 50]: Recall=[0.00959, 0.01726, 0.02506, 0.05166],  precision=[0.00192, 0.00173, 0.00125, 0.00103], hit=[0.00959, 0.01726, 0.02506, 0.05166], ndcg=[0.00624, 0.00872, 0.01067, 0.01581], Train Rec Loss=[0.06929], Eval Rec Loss=[0.06769], c=[0.50000], F=[0.83789, 0.89031, 0.89344, 0.90550], F_fuse=[0.00383, 0.00345, 0.00250, 0.00206]
[ INFO : 2026-07-27 02:09:23,290 ] - Epoch 150: train==[104.89930 = 0.47242 + 1.06047 + 11.70049 + 0.00347 + 0.00000 + 0.00022 + 613.90942]
[ INFO : 2026-07-27 02:09:32,190 ] - Test_@[5, 10, 20, 50]: Recall=[0.00997, 0.01828, 0.02647, 0.05242],  precision=[0.00199, 0.00183, 0.00132, 0.00105], hit=[0.00997, 0.01828, 0.02647, 0.05242], ndcg=[0.00658, 0.00927, 0.01132, 0.01636], Train Rec Loss=[0.06972], Eval Rec Loss=[0.06891], c=[0.50000], F=[0.84020, 0.88768, 0.89372, 0.90803], F_fuse=[0.00398, 0.00365, 0.00264, 0.00209]
[ INFO : 2026-07-27 02:11:24,915 ] - Epoch 151: train==[104.86017 = 0.46907 + 1.05847 + 11.66543 + 0.00347 + 0.00000 + 0.00022 + 613.91269]
[ INFO : 2026-07-27 02:11:33,791 ] - Test_@[5, 10, 20, 50]: Recall=[0.01036, 0.01752, 0.02468, 0.05012],  precision=[0.00207, 0.00175, 0.00123, 0.00100], hit=[0.01036, 0.01752, 0.02468, 0.05012], ndcg=[0.00700, 0.00930, 0.01112, 0.01609], Train Rec Loss=[0.07005], Eval Rec Loss=[0.06871], c=[0.50000], F=[0.83393, 0.87872, 0.88880, 0.90794], F_fuse=[0.00413, 0.00350, 0.00246, 0.00200]
[ INFO : 2026-07-27 02:13:26,722 ] - Epoch 152: train==[104.84112 = 0.46681 + 1.05580 + 11.65032 + 0.00347 + 0.00000 + 0.00022 + 613.91216]
[ INFO : 2026-07-27 02:13:35,599 ] - Test_@[5, 10, 20, 50]: Recall=[0.01036, 0.01739, 0.02672, 0.05102],  precision=[0.00207, 0.00174, 0.00134, 0.00102], hit=[0.01036, 0.01739, 0.02672, 0.05102], ndcg=[0.00692, 0.00920, 0.01153, 0.01621], Train Rec Loss=[0.07025], Eval Rec Loss=[0.06975], c=[0.50000], F=[0.84253, 0.89039, 0.89396, 0.90967], F_fuse=[0.00413, 0.00347, 0.00267, 0.00204]
[ INFO : 2026-07-27 02:15:29,445 ] - Epoch 153: train==[104.75286 = 0.46110 + 1.05318 + 11.56812 + 0.00349 + 0.00000 + 0.00022 + 613.92016]
[ INFO : 2026-07-27 02:15:38,281 ] - Test_@[5, 10, 20, 50]: Recall=[0.00908, 0.01777, 0.02608, 0.05306],  precision=[0.00182, 0.00178, 0.00130, 0.00106], hit=[0.00908, 0.01777, 0.02608, 0.05306], ndcg=[0.00613, 0.00892, 0.01099, 0.01622], Train Rec Loss=[0.07009], Eval Rec Loss=[0.07024], c=[0.50000], F=[0.84573, 0.89655, 0.89902, 0.91019], F_fuse=[0.00362, 0.00355, 0.00260, 0.00212]
[ INFO : 2026-07-27 02:17:32,449 ] - Epoch 154: train==[104.78736 = 0.46107 + 1.05057 + 11.60465 + 0.00350 + 0.00000 + 0.00022 + 613.91714]
[ INFO : 2026-07-27 02:17:41,421 ] - Test_@[5, 10, 20, 50]: Recall=[0.00882, 0.01790, 0.02544, 0.05242],  precision=[0.00176, 0.00179, 0.00127, 0.00105], hit=[0.00882, 0.01790, 0.02544, 0.05242], ndcg=[0.00618, 0.00910, 0.01098, 0.01624], Train Rec Loss=[0.07009], Eval Rec Loss=[0.06950], c=[0.50000], F=[0.84042, 0.88320, 0.89219, 0.90834], F_fuse=[0.00352, 0.00357, 0.00254, 0.00209]
[ INFO : 2026-07-27 02:19:35,713 ] - Epoch 155: train==[104.74224 = 0.46151 + 1.04801 + 11.56039 + 0.00349 + 0.00000 + 0.00024 + 613.91867]
[ INFO : 2026-07-27 02:19:44,673 ] - Test_@[5, 10, 20, 50]: Recall=[0.00972, 0.01637, 0.02442, 0.04948],  precision=[0.00194, 0.00164, 0.00122, 0.00099], hit=[0.00972, 0.01637, 0.02442, 0.04948], ndcg=[0.00650, 0.00863, 0.01066, 0.01553], Train Rec Loss=[0.07058], Eval Rec Loss=[0.06942], c=[0.50000], F=[0.82990, 0.87161, 0.88810, 0.91058], F_fuse=[0.00388, 0.00327, 0.00244, 0.00198]
[ INFO : 2026-07-27 02:21:38,412 ] - Epoch 156: train==[104.66562 = 0.45829 + 1.04555 + 11.48897 + 0.00351 + 0.00000 + 0.00022 + 613.91531]
[ INFO : 2026-07-27 02:21:47,330 ] - Test_@[5, 10, 20, 50]: Recall=[0.00985, 0.01726, 0.02544, 0.05217],  precision=[0.00197, 0.00173, 0.00127, 0.00104], hit=[0.00985, 0.01726, 0.02544, 0.05217], ndcg=[0.00663, 0.00903, 0.01110, 0.01630], Train Rec Loss=[0.07120], Eval Rec Loss=[0.07063], c=[0.50000], F=[0.84614, 0.89180, 0.89426, 0.90911], F_fuse=[0.00393, 0.00345, 0.00254, 0.00208]
[ INFO : 2026-07-27 02:23:40,238 ] - Epoch 157: train==[104.66081 = 0.46440 + 1.04284 + 11.47973 + 0.00350 + 0.00000 + 0.00022 + 613.91500]
[ INFO : 2026-07-27 02:23:49,181 ] - Test_@[5, 10, 20, 50]: Recall=[0.00921, 0.01585, 0.02417, 0.05051],  precision=[0.00184, 0.00159, 0.00121, 0.00101], hit=[0.00921, 0.01585, 0.02417, 0.05051], ndcg=[0.00623, 0.00840, 0.01050, 0.01564], Train Rec Loss=[0.07120], Eval Rec Loss=[0.07075], c=[0.50000], F=[0.83796, 0.88362, 0.89538, 0.91095], F_fuse=[0.00367, 0.00317, 0.00241, 0.00202]
[ INFO : 2026-07-27 02:25:43,305 ] - Epoch 158: train==[104.61937 = 0.46339 + 1.03992 + 11.44112 + 0.00352 + 0.00000 + 0.00021 + 613.91440]
[ INFO : 2026-07-27 02:25:52,372 ] - Test_@[5, 10, 20, 50]: Recall=[0.01036, 0.01905, 0.02647, 0.05332],  precision=[0.00207, 0.00191, 0.00132, 0.00107], hit=[0.01036, 0.01905, 0.02647, 0.05332], ndcg=[0.00650, 0.00929, 0.01116, 0.01637], Train Rec Loss=[0.07135], Eval Rec Loss=[0.07203], c=[0.50000], F=[0.84477, 0.89536, 0.89452, 0.90833], F_fuse=[0.00413, 0.00380, 0.00264, 0.00213]
[ INFO : 2026-07-27 02:27:46,044 ] - Epoch 159: train==[104.52227 = 0.45808 + 1.03758 + 11.35018 + 0.00356 + 0.00000 + 0.00022 + 613.91790]
[ INFO : 2026-07-27 02:27:54,983 ] - Test_@[5, 10, 20, 50]: Recall=[0.00933, 0.01509, 0.02327, 0.04846],  precision=[0.00187, 0.00151, 0.00116, 0.00097], hit=[0.00933, 0.01509, 0.02327, 0.04846], ndcg=[0.00621, 0.00804, 0.01015, 0.01505], Train Rec Loss=[0.07113], Eval Rec Loss=[0.07173], c=[0.50000], F=[0.82648, 0.86653, 0.88414, 0.90914], F_fuse=[0.00373, 0.00301, 0.00232, 0.00194]
[ INFO : 2026-07-27 02:29:49,142 ] - Epoch 160: train==[104.50358 = 0.45448 + 1.03518 + 11.33814 + 0.00355 + 0.00000 + 0.00021 + 613.90726]
[ INFO : 2026-07-27 02:29:58,028 ] - Test_@[5, 10, 20, 50]: Recall=[0.00997, 0.01790, 0.02634, 0.05268],  precision=[0.00199, 0.00179, 0.00132, 0.00105], hit=[0.00997, 0.01790, 0.02634, 0.05268], ndcg=[0.00645, 0.00901, 0.01114, 0.01625], Train Rec Loss=[0.07297], Eval Rec Loss=[0.07216], c=[0.50000], F=[0.85088, 0.90359, 0.89979, 0.91156], F_fuse=[0.00398, 0.00357, 0.00263, 0.00210]
[ INFO : 2026-07-27 02:31:51,957 ] - Epoch 161: train==[104.44553 = 0.45670 + 1.03272 + 11.27912 + 0.00357 + 0.00000 + 0.00022 + 613.90859]
[ INFO : 2026-07-27 02:32:00,847 ] - Test_@[5, 10, 20, 50]: Recall=[0.00959, 0.01637, 0.02544, 0.04999],  precision=[0.00192, 0.00164, 0.00127, 0.00100], hit=[0.00959, 0.01637, 0.02544, 0.04999], ndcg=[0.00631, 0.00850, 0.01081, 0.01558], Train Rec Loss=[0.07270], Eval Rec Loss=[0.07193], c=[0.50000], F=[0.83450, 0.87757, 0.89216, 0.91122], F_fuse=[0.00383, 0.00327, 0.00254, 0.00200]
[ INFO : 2026-07-27 02:33:55,034 ] - Epoch 162: train==[104.48859 = 0.45364 + 1.03020 + 11.32603 + 0.00356 + 0.00000 + 0.00021 + 613.91349]
[ INFO : 2026-07-27 02:34:03,899 ] - Test_@[5, 10, 20, 50]: Recall=[0.00921, 0.01713, 0.02608, 0.05153],  precision=[0.00184, 0.00171, 0.00130, 0.00103], hit=[0.00921, 0.01713, 0.02608, 0.05153], ndcg=[0.00646, 0.00903, 0.01130, 0.01624], Train Rec Loss=[0.07320], Eval Rec Loss=[0.07348], c=[0.50000], F=[0.84138, 0.89019, 0.89426, 0.90971], F_fuse=[0.00367, 0.00342, 0.00260, 0.00206]
[ INFO : 2026-07-27 02:35:58,210 ] - Epoch 163: train==[104.37873 = 0.45891 + 1.02783 + 11.21139 + 0.00360 + 0.00000 + 0.00022 + 613.91941]
[ INFO : 2026-07-27 02:36:07,094 ] - Test_@[5, 10, 20, 50]: Recall=[0.00882, 0.01534, 0.02455, 0.04987],  precision=[0.00176, 0.00153, 0.00123, 0.00100], hit=[0.00882, 0.01534, 0.02455, 0.04987], ndcg=[0.00586, 0.00796, 0.01027, 0.01517], Train Rec Loss=[0.07428], Eval Rec Loss=[0.07406], c=[0.50000], F=[0.82999, 0.86862, 0.89016, 0.91417], F_fuse=[0.00352, 0.00306, 0.00245, 0.00199]
[ INFO : 2026-07-27 02:38:01,574 ] - Epoch 164: train==[104.34781 = 0.45944 + 1.02567 + 11.18136 + 0.00359 + 0.00000 + 0.00022 + 613.91862]
[ INFO : 2026-07-27 02:38:10,433 ] - Test_@[5, 10, 20, 50]: Recall=[0.00985, 0.01790, 0.02621, 0.05166],  precision=[0.00197, 0.00179, 0.00131, 0.00103], hit=[0.00985, 0.01790, 0.02621, 0.05166], ndcg=[0.00647, 0.00901, 0.01108, 0.01600], Train Rec Loss=[0.07364], Eval Rec Loss=[0.07417], c=[0.50000], F=[0.84538, 0.89677, 0.89783, 0.91233], F_fuse=[0.00393, 0.00357, 0.00262, 0.00206]
[ INFO : 2026-07-27 02:40:04,682 ] - Epoch 165: train==[104.29807 = 0.45403 + 1.02303 + 11.13845 + 0.00361 + 0.00000 + 0.00023 + 613.91950]
[ INFO : 2026-07-27 02:40:13,611 ] - Test_@[5, 10, 20, 50]: Recall=[0.00869, 0.01688, 0.02532, 0.05038],  precision=[0.00174, 0.00169, 0.00127, 0.00101], hit=[0.00869, 0.01688, 0.02532, 0.05038], ndcg=[0.00589, 0.00853, 0.01068, 0.01556], Train Rec Loss=[0.07341], Eval Rec Loss=[0.07321], c=[0.50000], F=[0.84384, 0.89146, 0.89595, 0.91240], F_fuse=[0.00347, 0.00337, 0.00253, 0.00201]
[ INFO : 2026-07-27 02:42:07,538 ] - Epoch 166: train==[104.25956 = 0.45060 + 1.02059 + 11.10586 + 0.00360 + 0.00000 + 0.00021 + 613.91284]
[ INFO : 2026-07-27 02:42:16,442 ] - Test_@[5, 10, 20, 50]: Recall=[0.00972, 0.01688, 0.02570, 0.05306],  precision=[0.00194, 0.00169, 0.00129, 0.00106], hit=[0.00972, 0.01688, 0.02570, 0.05306], ndcg=[0.00639, 0.00875, 0.01098, 0.01629], Train Rec Loss=[0.07423], Eval Rec Loss=[0.07547], c=[0.50000], F=[0.84768, 0.88963, 0.89534, 0.91329], F_fuse=[0.00388, 0.00337, 0.00257, 0.00212]
[ INFO : 2026-07-27 02:44:10,878 ] - Epoch 167: train==[104.25834 = 0.44769 + 1.01809 + 11.10801 + 0.00363 + 0.00000 + 0.00022 + 613.91953]
[ INFO : 2026-07-27 02:44:20,026 ] - Test_@[5, 10, 20, 50]: Recall=[0.00895, 0.01611, 0.02468, 0.05293],  precision=[0.00179, 0.00161, 0.00123, 0.00106], hit=[0.00895, 0.01611, 0.02468, 0.05293], ndcg=[0.00606, 0.00839, 0.01056, 0.01608], Train Rec Loss=[0.07478], Eval Rec Loss=[0.07430], c=[0.50000], F=[0.83680, 0.87575, 0.89126, 0.91193], F_fuse=[0.00357, 0.00322, 0.00246, 0.00211]
[ INFO : 2026-07-27 02:46:13,805 ] - Epoch 168: train==[104.23193 = 0.45433 + 1.01542 + 11.07696 + 0.00361 + 0.00000 + 0.00022 + 613.91701]
[ INFO : 2026-07-27 02:46:22,651 ] - Test_@[5, 10, 20, 50]: Recall=[0.00933, 0.01701, 0.02557, 0.05102],  precision=[0.00187, 0.00170, 0.00128, 0.00102], hit=[0.00933, 0.01701, 0.02557, 0.05102], ndcg=[0.00617, 0.00863, 0.01079, 0.01573], Train Rec Loss=[0.07512], Eval Rec Loss=[0.07494], c=[0.50000], F=[0.84445, 0.89164, 0.89898, 0.91439], F_fuse=[0.00373, 0.00339, 0.00255, 0.00204]
[ INFO : 2026-07-27 02:48:15,642 ] - Epoch 169: train==[104.25330 = 0.44819 + 1.01287 + 11.10576 + 0.00362 + 0.00000 + 0.00022 + 613.91843]
[ INFO : 2026-07-27 02:48:24,514 ] - Test_@[5, 10, 20, 50]: Recall=[0.00895, 0.01675, 0.02481, 0.05063],  precision=[0.00179, 0.00167, 0.00124, 0.00101], hit=[0.00895, 0.01675, 0.02481, 0.05063], ndcg=[0.00575, 0.00824, 0.01026, 0.01527], Train Rec Loss=[0.07562], Eval Rec Loss=[0.07546], c=[0.50000], F=[0.84160, 0.88466, 0.89671, 0.91672], F_fuse=[0.00357, 0.00334, 0.00248, 0.00202]
[ INFO : 2026-07-27 02:50:18,023 ] - Epoch 170: train==[104.12583 = 0.44257 + 1.01053 + 10.98670 + 0.00364 + 0.00000 + 0.00021 + 613.90933]
[ INFO : 2026-07-27 02:50:26,923 ] - Test_@[5, 10, 20, 50]: Recall=[0.00869, 0.01892, 0.02621, 0.05242],  precision=[0.00174, 0.00189, 0.00131, 0.00105], hit=[0.00869, 0.01892, 0.02621, 0.05242], ndcg=[0.00568, 0.00896, 0.01080, 0.01591], Train Rec Loss=[0.07616], Eval Rec Loss=[0.07575], c=[0.50000], F=[0.85509, 0.89778, 0.89942, 0.91235], F_fuse=[0.00347, 0.00378, 0.00262, 0.00209]
[ INFO : 2026-07-27 02:52:21,215 ] - Epoch 171: train==[104.11892 = 0.44242 + 1.00827 + 10.97763 + 0.00365 + 0.00000 + 0.00031 + 613.93297]
[ INFO : 2026-07-27 02:52:30,066 ] - Test_@[5, 10, 20, 50]: Recall=[0.00869, 0.01662, 0.02544, 0.05166],  precision=[0.00174, 0.00166, 0.00127, 0.00103], hit=[0.00869, 0.01662, 0.02544, 0.05166], ndcg=[0.00612, 0.00867, 0.01090, 0.01598], Train Rec Loss=[0.07689], Eval Rec Loss=[0.07607], c=[0.50000], F=[0.84103, 0.88195, 0.89489, 0.91300], F_fuse=[0.00347, 0.00332, 0.00254, 0.00206]
[ INFO : 2026-07-27 02:54:24,246 ] - Epoch 172: train==[104.08085 = 0.44147 + 1.00577 + 10.94509 + 0.00366 + 0.00000 + 0.00022 + 613.91302]
[ INFO : 2026-07-27 02:54:33,164 ] - Test_@[5, 10, 20, 50]: Recall=[0.00882, 0.01496, 0.02378, 0.05089],  precision=[0.00176, 0.00150, 0.00119, 0.00102], hit=[0.00882, 0.01496, 0.02378, 0.05089], ndcg=[0.00588, 0.00784, 0.01006, 0.01534], Train Rec Loss=[0.07682], Eval Rec Loss=[0.07599], c=[0.50000], F=[0.83808, 0.88024, 0.89349, 0.91289], F_fuse=[0.00352, 0.00299, 0.00238, 0.00203]
[ INFO : 2026-07-27 02:56:27,758 ] - Epoch 173: train==[104.05591 = 0.44536 + 1.00333 + 10.91572 + 0.00369 + 0.00000 + 0.00024 + 613.92608]
[ INFO : 2026-07-27 02:56:36,655 ] - Test_@[5, 10, 20, 50]: Recall=[0.00844, 0.01522, 0.02429, 0.05076],  precision=[0.00169, 0.00152, 0.00121, 0.00102], hit=[0.00844, 0.01522, 0.02429, 0.05076], ndcg=[0.00559, 0.00778, 0.01008, 0.01521], Train Rec Loss=[0.07625], Eval Rec Loss=[0.07629], c=[0.50000], F=[0.83601, 0.87759, 0.89210, 0.91480], F_fuse=[0.00337, 0.00304, 0.00243, 0.00203]
[ INFO : 2026-07-27 02:58:31,433 ] - Epoch 174: train==[103.98629 = 0.44416 + 1.00074 + 10.85092 + 0.00370 + 0.00000 + 0.00021 + 613.91233]
[ INFO : 2026-07-27 02:58:40,317 ] - Test_@[5, 10, 20, 50]: Recall=[0.00972, 0.01649, 0.02557, 0.05038],  precision=[0.00194, 0.00165, 0.00128, 0.00101], hit=[0.00972, 0.01649, 0.02557, 0.05038], ndcg=[0.00628, 0.00847, 0.01074, 0.01558], Train Rec Loss=[0.07808], Eval Rec Loss=[0.07767], c=[0.50000], F=[0.84713, 0.88937, 0.89907, 0.91709], F_fuse=[0.00388, 0.00329, 0.00255, 0.00201]
[ INFO : 2026-07-27 03:00:33,491 ] - Epoch 175: train==[103.92091 = 0.43751 + 0.99830 + 10.79345 + 0.00370 + 0.00000 + 0.00021 + 613.91372]
[ INFO : 2026-07-27 03:00:42,390 ] - Test_@[5, 10, 20, 50]: Recall=[0.00933, 0.01726, 0.02621, 0.05268],  precision=[0.00187, 0.00173, 0.00131, 0.00105], hit=[0.00933, 0.01726, 0.02621, 0.05268], ndcg=[0.00629, 0.00888, 0.01111, 0.01624], Train Rec Loss=[0.07825], Eval Rec Loss=[0.07713], c=[0.50000], F=[0.84752, 0.89065, 0.89696, 0.91317], F_fuse=[0.00373, 0.00345, 0.00262, 0.00210]
[ INFO : 2026-07-27 03:02:36,624 ] - Epoch 176: train==[103.99889 = 0.44186 + 0.99599 + 10.86680 + 0.00369 + 0.00000 + 0.00024 + 613.92467]
[ INFO : 2026-07-27 03:02:45,492 ] - Test_@[5, 10, 20, 50]: Recall=[0.00972, 0.01662, 0.02455, 0.05012],  precision=[0.00194, 0.00166, 0.00123, 0.00100], hit=[0.00972, 0.01662, 0.02455, 0.05012], ndcg=[0.00640, 0.00862, 0.01061, 0.01555], Train Rec Loss=[0.07860], Eval Rec Loss=[0.07768], c=[0.50000], F=[0.84569, 0.88060, 0.89416, 0.91403], F_fuse=[0.00388, 0.00332, 0.00245, 0.00200]
[ INFO : 2026-07-27 03:04:39,573 ] - Epoch 177: train==[103.92843 = 0.44029 + 0.99350 + 10.80108 + 0.00369 + 0.00000 + 0.00021 + 613.91376]
[ INFO : 2026-07-27 03:04:48,466 ] - Test_@[5, 10, 20, 50]: Recall=[0.00985, 0.01752, 0.02583, 0.05230],  precision=[0.00197, 0.00175, 0.00129, 0.00105], hit=[0.00985, 0.01752, 0.02583, 0.05230], ndcg=[0.00656, 0.00901, 0.01113, 0.01628], Train Rec Loss=[0.07863], Eval Rec Loss=[0.07847], c=[0.50000], F=[0.84880, 0.89298, 0.89953, 0.91602], F_fuse=[0.00393, 0.00350, 0.00258, 0.00209]
[ INFO : 2026-07-27 03:06:42,843 ] - Epoch 178: train==[103.84341 = 0.44175 + 0.99075 + 10.71510 + 0.00373 + 0.00000 + 0.00023 + 613.92094]
[ INFO : 2026-07-27 03:06:51,700 ] - Test_@[5, 10, 20, 50]: Recall=[0.00882, 0.01585, 0.02544, 0.05127],  precision=[0.00176, 0.00159, 0.00127, 0.00103], hit=[0.00882, 0.01585, 0.02544, 0.05127], ndcg=[0.00595, 0.00826, 0.01069, 0.01568], Train Rec Loss=[0.07968], Eval Rec Loss=[0.07844], c=[0.50000], F=[0.84170, 0.88207, 0.89421, 0.91529], F_fuse=[0.00352, 0.00317, 0.00254, 0.00205]
[ INFO : 2026-07-27 03:08:45,510 ] - Epoch 179: train==[103.83625 = 0.43517 + 0.98767 + 10.71689 + 0.00371 + 0.00000 + 0.00021 + 613.91778]
[ INFO : 2026-07-27 03:08:54,394 ] - Test_@[5, 10, 20, 50]: Recall=[0.00857, 0.01662, 0.02519, 0.05127],  precision=[0.00171, 0.00166, 0.00126, 0.00103], hit=[0.00857, 0.01662, 0.02519, 0.05127], ndcg=[0.00610, 0.00870, 0.01089, 0.01597], Train Rec Loss=[0.07904], Eval Rec Loss=[0.07887], c=[0.50000], F=[0.84192, 0.88234, 0.89423, 0.91768], F_fuse=[0.00342, 0.00332, 0.00252, 0.00205]
[ INFO : 2026-07-27 03:10:48,054 ] - Epoch 180: train==[103.85639 = 0.44007 + 0.98410 + 10.73505 + 0.00372 + 0.00000 + 0.00021 + 613.91249]
[ INFO : 2026-07-27 03:10:56,951 ] - Test_@[5, 10, 20, 50]: Recall=[0.00869, 0.01547, 0.02442, 0.05038],  precision=[0.00174, 0.00155, 0.00122, 0.00101], hit=[0.00869, 0.01547, 0.02442, 0.05038], ndcg=[0.00582, 0.00801, 0.01027, 0.01533], Train Rec Loss=[0.07993], Eval Rec Loss=[0.08053], c=[0.50000], F=[0.84841, 0.89295, 0.90014, 0.91495], F_fuse=[0.00347, 0.00309, 0.00244, 0.00201]
[ INFO : 2026-07-27 03:12:50,584 ] - Epoch 181: train==[103.83001 = 0.43642 + 0.98094 + 10.71316 + 0.00377 + 0.00000 + 0.00022 + 613.91915]
[ INFO : 2026-07-27 03:12:59,546 ] - Test_@[5, 10, 20, 50]: Recall=[0.00933, 0.01522, 0.02417, 0.04999],  precision=[0.00187, 0.00152, 0.00121, 0.00100], hit=[0.00933, 0.01522, 0.02417, 0.04999], ndcg=[0.00609, 0.00799, 0.01026, 0.01531], Train Rec Loss=[0.08080], Eval Rec Loss=[0.08017], c=[0.50000], F=[0.84758, 0.88555, 0.89785, 0.91603], F_fuse=[0.00373, 0.00304, 0.00241, 0.00200]
[ INFO : 2026-07-27 03:14:52,367 ] - Epoch 182: train==[103.71704 = 0.43184 + 0.97777 + 10.60726 + 0.00376 + 0.00000 + 0.00021 + 613.91539]
[ INFO : 2026-07-27 03:15:01,326 ] - Test_@[5, 10, 20, 50]: Recall=[0.00857, 0.01496, 0.02340, 0.04987],  precision=[0.00171, 0.00150, 0.00117, 0.00100], hit=[0.00857, 0.01496, 0.02340, 0.04987], ndcg=[0.00575, 0.00781, 0.00994, 0.01510], Train Rec Loss=[0.08145], Eval Rec Loss=[0.08080], c=[0.50000], F=[0.83792, 0.87628, 0.89275, 0.91767], F_fuse=[0.00342, 0.00299, 0.00234, 0.00199]
[ INFO : 2026-07-27 03:16:54,082 ] - Epoch 183: train==[103.71748 = 0.43324 + 0.97478 + 10.60799 + 0.00375 + 0.00000 + 0.00022 + 613.91605]
[ INFO : 2026-07-27 03:17:03,025 ] - Test_@[5, 10, 20, 50]: Recall=[0.00997, 0.01624, 0.02685, 0.05089],  precision=[0.00199, 0.00162, 0.00134, 0.00102], hit=[0.00997, 0.01624, 0.02685, 0.05089], ndcg=[0.00619, 0.00823, 0.01090, 0.01559], Train Rec Loss=[0.08201], Eval Rec Loss=[0.08134], c=[0.50000], F=[0.84717, 0.89175, 0.89781, 0.91568], F_fuse=[0.00398, 0.00324, 0.00268, 0.00203]
[ INFO : 2026-07-27 03:18:55,539 ] - Epoch 184: train==[103.65818 = 0.43626 + 0.97181 + 10.54761 + 0.00378 + 0.00000 + 0.00021 + 613.91490]
[ INFO : 2026-07-27 03:19:04,436 ] - Test_@[5, 10, 20, 50]: Recall=[0.00895, 0.01534, 0.02506, 0.05025],  precision=[0.00179, 0.00153, 0.00125, 0.00100], hit=[0.00895, 0.01534, 0.02506, 0.05025], ndcg=[0.00587, 0.00793, 0.01036, 0.01525], Train Rec Loss=[0.08154], Eval Rec Loss=[0.08099], c=[0.50000], F=[0.83409, 0.86922, 0.88851, 0.91448], F_fuse=[0.00357, 0.00306, 0.00250, 0.00201]
[ INFO : 2026-07-27 03:20:57,274 ] - Epoch 185: train==[103.69946 = 0.43127 + 0.96863 + 10.59466 + 0.00377 + 0.00000 + 0.00022 + 613.92246]
[ INFO : 2026-07-27 03:21:06,231 ] - Test_@[5, 10, 20, 50]: Recall=[0.01074, 0.01790, 0.02608, 0.05178],  precision=[0.00215, 0.00179, 0.00130, 0.00104], hit=[0.01074, 0.01790, 0.02608, 0.05178], ndcg=[0.00715, 0.00947, 0.01151, 0.01651], Train Rec Loss=[0.08349], Eval Rec Loss=[0.08214], c=[0.50000], F=[0.85468, 0.90234, 0.90167, 0.91414], F_fuse=[0.00429, 0.00357, 0.00260, 0.00207]
[ INFO : 2026-07-27 03:23:00,125 ] - Epoch 186: train==[103.64262 = 0.43459 + 0.96552 + 10.53564 + 0.00380 + 0.00000 + 0.00023 + 613.92688]
[ INFO : 2026-07-27 03:23:09,044 ] - Test_@[5, 10, 20, 50]: Recall=[0.00806, 0.01483, 0.02493, 0.05127],  precision=[0.00161, 0.00148, 0.00125, 0.00103], hit=[0.00806, 0.01483, 0.02493, 0.05127], ndcg=[0.00527, 0.00745, 0.00997, 0.01511], Train Rec Loss=[0.08427], Eval Rec Loss=[0.08264], c=[0.50000], F=[0.83811, 0.87318, 0.89194, 0.91758], F_fuse=[0.00322, 0.00296, 0.00249, 0.00205]
[ INFO : 2026-07-27 03:25:02,950 ] - Epoch 187: train==[103.70739 = 0.42869 + 0.96183 + 10.60850 + 0.00379 + 0.00000 + 0.00023 + 613.92726]
[ INFO : 2026-07-27 03:25:11,884 ] - Test_@[5, 10, 20, 50]: Recall=[0.00933, 0.01560, 0.02417, 0.04987],  precision=[0.00187, 0.00156, 0.00121, 0.00100], hit=[0.00933, 0.01560, 0.02417, 0.04987], ndcg=[0.00619, 0.00823, 0.01039, 0.01539], Train Rec Loss=[0.08365], Eval Rec Loss=[0.08393], c=[0.50000], F=[0.83952, 0.88034, 0.89730, 0.92059], F_fuse=[0.00373, 0.00311, 0.00241, 0.00199]
[ INFO : 2026-07-27 03:27:06,593 ] - Epoch 188: train==[103.60169 = 0.43094 + 0.95830 + 10.50493 + 0.00381 + 0.00000 + 0.00021 + 613.91221]
[ INFO : 2026-07-27 03:27:15,498 ] - Test_@[5, 10, 20, 50]: Recall=[0.00921, 0.01534, 0.02468, 0.05217],  precision=[0.00184, 0.00153, 0.00123, 0.00104], hit=[0.00921, 0.01534, 0.02468, 0.05217], ndcg=[0.00578, 0.00775, 0.01010, 0.01548], Train Rec Loss=[0.08296], Eval Rec Loss=[0.08430], c=[0.50000], F=[0.85545, 0.90197, 0.90468, 0.91866], F_fuse=[0.00367, 0.00306, 0.00246, 0.00208]
[ INFO : 2026-07-27 03:29:09,300 ] - Epoch 189: train==[103.56878 = 0.43633 + 0.95460 + 10.46654 + 0.00382 + 0.00000 + 0.00024 + 613.92722]
[ INFO : 2026-07-27 03:29:18,274 ] - Test_@[5, 10, 20, 50]: Recall=[0.00959, 0.01585, 0.02608, 0.05038],  precision=[0.00192, 0.00159, 0.00130, 0.00101], hit=[0.00959, 0.01585, 0.02608, 0.05038], ndcg=[0.00650, 0.00855, 0.01110, 0.01582], Train Rec Loss=[0.08542], Eval Rec Loss=[0.08496], c=[0.50000], F=[0.84576, 0.88434, 0.89690, 0.91654], F_fuse=[0.00383, 0.00317, 0.00260, 0.00201]
[ INFO : 2026-07-27 03:31:12,556 ] - Epoch 190: train==[103.48512 = 0.43151 + 0.95083 + 10.38998 + 0.00381 + 0.00000 + 0.00026 + 613.92707]
[ INFO : 2026-07-27 03:31:21,441 ] - Test_@[5, 10, 20, 50]: Recall=[0.00908, 0.01483, 0.02353, 0.04820],  precision=[0.00182, 0.00148, 0.00118, 0.00096], hit=[0.00908, 0.01483, 0.02353, 0.04820], ndcg=[0.00616, 0.00803, 0.01021, 0.01502], Train Rec Loss=[0.08433], Eval Rec Loss=[0.08538], c=[0.50000], F=[0.84112, 0.87529, 0.89166, 0.91463], F_fuse=[0.00362, 0.00296, 0.00235, 0.00193]
[ INFO : 2026-07-27 03:33:14,559 ] - Epoch 191: train==[103.44296 = 0.42613 + 0.94640 + 10.35840 + 0.00384 + 0.00000 + 0.00021 + 613.91021]
[ INFO : 2026-07-27 03:33:23,454 ] - Test_@[5, 10, 20, 50]: Recall=[0.01048, 0.01637, 0.02468, 0.05127],  precision=[0.00210, 0.00164, 0.00123, 0.00103], hit=[0.01048, 0.01637, 0.02468, 0.05127], ndcg=[0.00675, 0.00865, 0.01074, 0.01590], Train Rec Loss=[0.08501], Eval Rec Loss=[0.08650], c=[0.50000], F=[0.85126, 0.89124, 0.89638, 0.91769], F_fuse=[0.00418, 0.00327, 0.00246, 0.00205]
[ INFO : 2026-07-27 03:35:17,170 ] - Epoch 192: train==[103.47447 = 0.42674 + 0.94250 + 10.38866 + 0.00382 + 0.00000 + 0.00024 + 613.93000]
[ INFO : 2026-07-27 03:35:26,071 ] - Test_@[5, 10, 20, 50]: Recall=[0.00869, 0.01496, 0.02365, 0.04987],  precision=[0.00174, 0.00150, 0.00118, 0.00100], hit=[0.00869, 0.01496, 0.02365, 0.04987], ndcg=[0.00585, 0.00790, 0.01008, 0.01520], Train Rec Loss=[0.08590], Eval Rec Loss=[0.08521], c=[0.50000], F=[0.84959, 0.88810, 0.90083, 0.92086], F_fuse=[0.00347, 0.00299, 0.00236, 0.00199]
[ INFO : 2026-07-27 03:37:19,497 ] - Epoch 193: train==[103.46792 = 0.42221 + 0.93816 + 10.39021 + 0.00384 + 0.00000 + 0.00024 + 613.92344]
[ INFO : 2026-07-27 03:37:28,413 ] - Test_@[5, 10, 20, 50]: Recall=[0.00818, 0.01496, 0.02404, 0.05230],  precision=[0.00164, 0.00150, 0.00120, 0.00105], hit=[0.00818, 0.01496, 0.02404, 0.05230], ndcg=[0.00543, 0.00763, 0.00990, 0.01540], Train Rec Loss=[0.08691], Eval Rec Loss=[0.08748], c=[0.50000], F=[0.84519, 0.88914, 0.90246, 0.92166], F_fuse=[0.00327, 0.00299, 0.00240, 0.00209]
[ INFO : 2026-07-27 03:39:21,407 ] - Epoch 194: train==[103.36814 = 0.42516 + 0.93412 + 10.29017 + 0.00388 + 0.00000 + 0.00023 + 613.92152]
[ INFO : 2026-07-27 03:39:30,307 ] - Test_@[5, 10, 20, 50]: Recall=[0.00895, 0.01483, 0.02417, 0.04935],  precision=[0.00179, 0.00148, 0.00121, 0.00099], hit=[0.00895, 0.01483, 0.02417, 0.04935], ndcg=[0.00589, 0.00779, 0.01009, 0.01498], Train Rec Loss=[0.08747], Eval Rec Loss=[0.08625], c=[0.50000], F=[0.84416, 0.87787, 0.89259, 0.91890], F_fuse=[0.00357, 0.00296, 0.00241, 0.00197]
[ INFO : 2026-07-27 03:41:22,814 ] - Epoch 195: train==[103.41572 = 0.42257 + 0.93016 + 10.34383 + 0.00388 + 0.00000 + 0.00022 + 613.91420]
[ INFO : 2026-07-27 03:41:31,645 ] - Test_@[5, 10, 20, 50]: Recall=[0.00946, 0.01764, 0.02493, 0.05153],  precision=[0.00189, 0.00176, 0.00125, 0.00103], hit=[0.00946, 0.01764, 0.02493, 0.05153], ndcg=[0.00633, 0.00897, 0.01080, 0.01599], Train Rec Loss=[0.08831], Eval Rec Loss=[0.08783], c=[0.50000], F=[0.85797, 0.89756, 0.90413, 0.92138], F_fuse=[0.00378, 0.00352, 0.00249, 0.00206]
[ INFO : 2026-07-27 03:43:22,920 ] - Epoch 196: train==[103.41787 = 0.42185 + 0.92599 + 10.34714 + 0.00390 + 0.00000 + 0.00025 + 613.92759]
[ INFO : 2026-07-27 03:43:31,713 ] - Test_@[5, 10, 20, 50]: Recall=[0.00921, 0.01496, 0.02404, 0.04935],  precision=[0.00184, 0.00150, 0.00120, 0.00099], hit=[0.00921, 0.01496, 0.02404, 0.04935], ndcg=[0.00619, 0.00802, 0.01028, 0.01524], Train Rec Loss=[0.08809], Eval Rec Loss=[0.08811], c=[0.50000], F=[0.84262, 0.87847, 0.89317, 0.91906], F_fuse=[0.00367, 0.00299, 0.00240, 0.00197]
[ INFO : 2026-07-27 03:45:22,582 ] - Epoch 197: train==[103.35203 = 0.42301 + 0.92173 + 10.28483 + 0.00388 + 0.00000 + 0.00021 + 613.91363]
[ INFO : 2026-07-27 03:45:31,393 ] - Test_@[5, 10, 20, 50]: Recall=[0.00959, 0.01509, 0.02353, 0.04859],  precision=[0.00192, 0.00151, 0.00118, 0.00097], hit=[0.00959, 0.01509, 0.02353, 0.04859], ndcg=[0.00630, 0.00809, 0.01021, 0.01511], Train Rec Loss=[0.08912], Eval Rec Loss=[0.08868], c=[0.50000], F=[0.84803, 0.88563, 0.89766, 0.92221], F_fuse=[0.00383, 0.00301, 0.00235, 0.00194]
[ INFO : 2026-07-27 03:47:23,810 ] - Epoch 198: train==[103.34539 = 0.42244 + 0.91761 + 10.27918 + 0.00390 + 0.00000 + 0.00022 + 613.92721]
[ INFO : 2026-07-27 03:47:32,649 ] - Test_@[5, 10, 20, 50]: Recall=[0.00895, 0.01547, 0.02250, 0.05076],  precision=[0.00179, 0.00155, 0.00113, 0.00102], hit=[0.00895, 0.01547, 0.02250, 0.05076], ndcg=[0.00587, 0.00795, 0.00972, 0.01524], Train Rec Loss=[0.08856], Eval Rec Loss=[0.09003], c=[0.50000], F=[0.85180, 0.88993, 0.90126, 0.92259], F_fuse=[0.00357, 0.00309, 0.00225, 0.00203]
[ INFO : 2026-07-27 03:49:23,926 ] - Epoch 199: train==[103.30764 = 0.41540 + 0.91342 + 10.25220 + 0.00391 + 0.00000 + 0.00023 + 613.91895]
[ INFO : 2026-07-27 03:49:32,738 ] - Test_@[5, 10, 20, 50]: Recall=[0.00869, 0.01483, 0.02263, 0.04654],  precision=[0.00174, 0.00148, 0.00113, 0.00093], hit=[0.00869, 0.01483, 0.02263, 0.04654], ndcg=[0.00587, 0.00785, 0.00981, 0.01450], Train Rec Loss=[0.08981], Eval Rec Loss=[0.08936], c=[0.50000], F=[0.84455, 0.88544, 0.90041, 0.92237], F_fuse=[0.00347, 0.00296, 0.00226, 0.00186]
[ INFO : 2026-07-27 03:51:24,168 ] - Epoch 200: train==[103.20191 = 0.42282 + 0.90933 + 10.14210 + 0.00392 + 0.00000 + 0.00021 + 613.91503]
[ INFO : 2026-07-27 03:51:33,040 ] - Test_@[5, 10, 20, 50]: Recall=[0.01010, 0.01688, 0.02660, 0.05204],  precision=[0.00202, 0.00169, 0.00133, 0.00104], hit=[0.01010, 0.01688, 0.02660, 0.05204], ndcg=[0.00654, 0.00871, 0.01114, 0.01610], Train Rec Loss=[0.08993], Eval Rec Loss=[0.09059], c=[0.50000], F=[0.85478, 0.90323, 0.90439, 0.91910], F_fuse=[0.00403, 0.00337, 0.00266, 0.00208]
[ INFO : 2026-07-27 03:53:24,910 ] - Epoch 201: train==[103.24162 = 0.41566 + 0.90521 + 10.19058 + 0.00394 + 0.00000 + 0.00022 + 613.92061]
[ INFO : 2026-07-27 03:53:33,736 ] - Test_@[5, 10, 20, 50]: Recall=[0.01048, 0.01675, 0.02608, 0.05230],  precision=[0.00210, 0.00167, 0.00130, 0.00105], hit=[0.01048, 0.01675, 0.02608, 0.05230], ndcg=[0.00687, 0.00890, 0.01123, 0.01633], Train Rec Loss=[0.09079], Eval Rec Loss=[0.08982], c=[0.50000], F=[0.84953, 0.88714, 0.89808, 0.91845], F_fuse=[0.00418, 0.00334, 0.00260, 0.00209]
[ INFO : 2026-07-27 03:55:25,600 ] - Epoch 202: train==[103.17025 = 0.41294 + 0.90089 + 10.12418 + 0.00397 + 0.00000 + 0.00023 + 613.92257]
[ INFO : 2026-07-27 03:55:34,403 ] - Test_@[5, 10, 20, 50]: Recall=[0.00857, 0.01458, 0.02404, 0.04884],  precision=[0.00171, 0.00146, 0.00120, 0.00098], hit=[0.00857, 0.01458, 0.02404, 0.04884], ndcg=[0.00594, 0.00789, 0.01022, 0.01506], Train Rec Loss=[0.09152], Eval Rec Loss=[0.09136], c=[0.50000], F=[0.84905, 0.88116, 0.89673, 0.92265], F_fuse=[0.00342, 0.00291, 0.00240, 0.00195]
[ INFO : 2026-07-27 03:57:27,228 ] - Epoch 203: train==[103.15279 = 0.41333 + 0.89681 + 10.10819 + 0.00394 + 0.00000 + 0.00023 + 613.92676]
[ INFO : 2026-07-27 03:57:36,052 ] - Test_@[5, 10, 20, 50]: Recall=[0.00895, 0.01637, 0.02455, 0.05217],  precision=[0.00179, 0.00164, 0.00123, 0.00104], hit=[0.00895, 0.01637, 0.02455, 0.05217], ndcg=[0.00593, 0.00831, 0.01034, 0.01577], Train Rec Loss=[0.09279], Eval Rec Loss=[0.09212], c=[0.50000], F=[0.85359, 0.89051, 0.90266, 0.92228], F_fuse=[0.00357, 0.00327, 0.00245, 0.00208]
[ INFO : 2026-07-27 03:59:27,697 ] - Epoch 204: train==[103.15984 = 0.41320 + 0.89247 + 10.11855 + 0.00395 + 0.00000 + 0.00023 + 613.92284]
[ INFO : 2026-07-27 03:59:36,570 ] - Test_@[5, 10, 20, 50]: Recall=[0.00895, 0.01394, 0.02238, 0.05166],  precision=[0.00179, 0.00139, 0.00112, 0.00103], hit=[0.00895, 0.01394, 0.02238, 0.05166], ndcg=[0.00548, 0.00706, 0.00915, 0.01488], Train Rec Loss=[0.09184], Eval Rec Loss=[0.09237], c=[0.50000], F=[0.84758, 0.88418, 0.90039, 0.92376], F_fuse=[0.00357, 0.00278, 0.00223, 0.00206]
[ INFO : 2026-07-27 04:01:28,127 ] - Epoch 205: train==[103.12119 = 0.41202 + 0.88791 + 10.08173 + 0.00393 + 0.00000 + 0.00031 + 613.93633]
[ INFO : 2026-07-27 04:01:36,905 ] - Test_@[5, 10, 20, 50]: Recall=[0.00933, 0.01598, 0.02429, 0.04884],  precision=[0.00187, 0.00160, 0.00121, 0.00098], hit=[0.00933, 0.01598, 0.02429, 0.04884], ndcg=[0.00649, 0.00867, 0.01074, 0.01553], Train Rec Loss=[0.09484], Eval Rec Loss=[0.09442], c=[0.50000], F=[0.85222, 0.88878, 0.90018, 0.92044], F_fuse=[0.00373, 0.00319, 0.00243, 0.00195]
[ INFO : 2026-07-27 04:03:29,652 ] - Epoch 206: train==[103.03893 = 0.40443 + 0.88378 + 10.01183 + 0.00396 + 0.00000 + 0.00021 + 613.92153]
[ INFO : 2026-07-27 04:03:38,469 ] - Test_@[5, 10, 20, 50]: Recall=[0.00997, 0.01560, 0.02353, 0.04935],  precision=[0.00199, 0.00156, 0.00118, 0.00099], hit=[0.00997, 0.01560, 0.02353, 0.04935], ndcg=[0.00623, 0.00805, 0.01001, 0.01505], Train Rec Loss=[0.09426], Eval Rec Loss=[0.09380], c=[0.50000], F=[0.84298, 0.88189, 0.89709, 0.92132], F_fuse=[0.00398, 0.00311, 0.00235, 0.00197]
[ INFO : 2026-07-27 04:05:31,089 ] - Epoch 207: train==[103.04035 = 0.41313 + 0.87946 + 10.00731 + 0.00400 + 0.00000 + 0.00021 + 613.92011]
[ INFO : 2026-07-27 04:05:39,919 ] - Test_@[5, 10, 20, 50]: Recall=[0.00933, 0.01560, 0.02417, 0.04974],  precision=[0.00187, 0.00156, 0.00121, 0.00099], hit=[0.00933, 0.01560, 0.02417, 0.04974], ndcg=[0.00586, 0.00787, 0.01004, 0.01505], Train Rec Loss=[0.09453], Eval Rec Loss=[0.09536], c=[0.50000], F=[0.85606, 0.89804, 0.90461, 0.92333], F_fuse=[0.00373, 0.00311, 0.00241, 0.00199]
[ INFO : 2026-07-27 04:07:32,804 ] - Epoch 208: train==[103.00016 = 0.40623 + 0.87514 + 9.97633 + 0.00401 + 0.00000 + 0.00021 + 613.92195]
[ INFO : 2026-07-27 04:07:41,646 ] - Test_@[5, 10, 20, 50]: Recall=[0.00921, 0.01496, 0.02404, 0.04948],  precision=[0.00184, 0.00150, 0.00120, 0.00099], hit=[0.00921, 0.01496, 0.02404, 0.04948], ndcg=[0.00569, 0.00753, 0.00979, 0.01478], Train Rec Loss=[0.09487], Eval Rec Loss=[0.09553], c=[0.50000], F=[0.84668, 0.88386, 0.89944, 0.92293], F_fuse=[0.00367, 0.00299, 0.00240, 0.00198]
[ INFO : 2026-07-27 04:09:33,807 ] - Epoch 209: train==[102.97463 = 0.40558 + 0.87101 + 9.95408 + 0.00401 + 0.00000 + 0.00023 + 613.92073]
[ INFO : 2026-07-27 04:09:42,656 ] - Test_@[5, 10, 20, 50]: Recall=[0.00972, 0.01509, 0.02391, 0.04884],  precision=[0.00194, 0.00151, 0.00120, 0.00098], hit=[0.00972, 0.01509, 0.02391, 0.04884], ndcg=[0.00631, 0.00804, 0.01027, 0.01515], Train Rec Loss=[0.09464], Eval Rec Loss=[0.09560], c=[0.50000], F=[0.84483, 0.87956, 0.89772, 0.92281], F_fuse=[0.00388, 0.00301, 0.00239, 0.00195]
[ INFO : 2026-07-27 04:11:34,616 ] - Epoch 210: train==[102.99565 = 0.40483 + 0.86692 + 9.97848 + 0.00402 + 0.00000 + 0.00022 + 613.91962]
[ INFO : 2026-07-27 04:11:43,389 ] - Test_@[5, 10, 20, 50]: Recall=[0.00882, 0.01547, 0.02404, 0.05230],  precision=[0.00176, 0.00155, 0.00120, 0.00105], hit=[0.00882, 0.01547, 0.02404, 0.05230], ndcg=[0.00564, 0.00779, 0.00994, 0.01547], Train Rec Loss=[0.09555], Eval Rec Loss=[0.09504], c=[0.50000], F=[0.85222, 0.89593, 0.90470, 0.92502], F_fuse=[0.00352, 0.00309, 0.00240, 0.00209]
[ INFO : 2026-07-27 04:13:35,598 ] - Epoch 211: train==[102.92603 = 0.40218 + 0.86293 + 9.91257 + 0.00403 + 0.00000 + 0.00026 + 613.92820]
[ INFO : 2026-07-27 04:13:44,372 ] - Test_@[5, 10, 20, 50]: Recall=[0.01010, 0.01470, 0.02263, 0.04603],  precision=[0.00202, 0.00147, 0.00113, 0.00092], hit=[0.01010, 0.01470, 0.02263, 0.04603], ndcg=[0.00619, 0.00769, 0.00970, 0.01429], Train Rec Loss=[0.09580], Eval Rec Loss=[0.09597], c=[0.50000], F=[0.84154, 0.87558, 0.89370, 0.92157], F_fuse=[0.00403, 0.00294, 0.00226, 0.00184]
[ INFO : 2026-07-27 04:15:36,857 ] - Epoch 212: train==[102.99451 = 0.40339 + 0.85926 + 9.98426 + 0.00403 + 0.00000 + 0.00020 + 613.91378]
[ INFO : 2026-07-27 04:15:45,653 ] - Test_@[5, 10, 20, 50]: Recall=[0.00985, 0.01522, 0.02391, 0.04974],  precision=[0.00197, 0.00152, 0.00120, 0.00099], hit=[0.00985, 0.01522, 0.02391, 0.04974], ndcg=[0.00660, 0.00836, 0.01052, 0.01558], Train Rec Loss=[0.09631], Eval Rec Loss=[0.09634], c=[0.50000], F=[0.85181, 0.89623, 0.90634, 0.92548], F_fuse=[0.00393, 0.00304, 0.00239, 0.00199]
[ INFO : 2026-07-27 04:17:37,715 ] - Epoch 213: train==[102.88309 = 0.40078 + 0.85544 + 9.87682 + 0.00403 + 0.00000 + 0.00022 + 613.91978]
[ INFO : 2026-07-27 04:17:46,519 ] - Test_@[5, 10, 20, 50]: Recall=[0.00972, 0.01585, 0.02519, 0.05051],  precision=[0.00194, 0.00159, 0.00126, 0.00101], hit=[0.00972, 0.01585, 0.02519, 0.05051], ndcg=[0.00608, 0.00807, 0.01040, 0.01531], Train Rec Loss=[0.09705], Eval Rec Loss=[0.09604], c=[0.50000], F=[0.84659, 0.88343, 0.89828, 0.92197], F_fuse=[0.00388, 0.00317, 0.00252, 0.00202]
[ INFO : 2026-07-27 04:19:38,800 ] - Epoch 214: train==[102.88452 = 0.39580 + 0.85184 + 9.88361 + 0.00408 + 0.00000 + 0.00025 + 613.93122]
[ INFO : 2026-07-27 04:19:47,651 ] - Test_@[5, 10, 20, 50]: Recall=[0.00933, 0.01368, 0.02289, 0.05051],  precision=[0.00187, 0.00137, 0.00114, 0.00101], hit=[0.00933, 0.01368, 0.02289, 0.05051], ndcg=[0.00588, 0.00730, 0.00960, 0.01499], Train Rec Loss=[0.09599], Eval Rec Loss=[0.09635], c=[0.50000], F=[0.84320, 0.87903, 0.89773, 0.92462], F_fuse=[0.00373, 0.00273, 0.00229, 0.00202]
[ INFO : 2026-07-27 04:21:39,517 ] - Epoch 215: train==[102.92672 = 0.39772 + 0.84808 + 9.92805 + 0.00405 + 0.00000 + 0.00022 + 613.91883]
[ INFO : 2026-07-27 04:21:48,381 ] - Test_@[5, 10, 20, 50]: Recall=[0.00997, 0.01534, 0.02468, 0.05038],  precision=[0.00199, 0.00153, 0.00123, 0.00101], hit=[0.00997, 0.01534, 0.02468, 0.05038], ndcg=[0.00645, 0.00819, 0.01055, 0.01559], Train Rec Loss=[0.09630], Eval Rec Loss=[0.09667], c=[0.50000], F=[0.85328, 0.89722, 0.90384, 0.92364], F_fuse=[0.00398, 0.00306, 0.00246, 0.00201]
[ INFO : 2026-07-27 04:23:40,756 ] - Epoch 216: train==[102.85393 = 0.39212 + 0.84459 + 9.86028 + 0.00410 + 0.00000 + 0.00024 + 613.93624]
[ INFO : 2026-07-27 04:23:49,598 ] - Test_@[5, 10, 20, 50]: Recall=[0.00895, 0.01432, 0.02212, 0.04833],  precision=[0.00179, 0.00143, 0.00111, 0.00097], hit=[0.00895, 0.01432, 0.02212, 0.04833], ndcg=[0.00585, 0.00758, 0.00951, 0.01466], Train Rec Loss=[0.09597], Eval Rec Loss=[0.09707], c=[0.50000], F=[0.83543, 0.87146, 0.89725, 0.92446], F_fuse=[0.00357, 0.00286, 0.00221, 0.00193]
[ INFO : 2026-07-27 04:25:41,336 ] - Epoch 217: train==[102.80883 = 0.39629 + 0.84106 + 9.81555 + 0.00409 + 0.00000 + 0.00022 + 613.92017]
[ INFO : 2026-07-27 04:25:50,156 ] - Test_@[5, 10, 20, 50]: Recall=[0.00997, 0.01483, 0.02378, 0.04833],  precision=[0.00199, 0.00148, 0.00119, 0.00097], hit=[0.00997, 0.01483, 0.02378, 0.04833], ndcg=[0.00639, 0.00796, 0.01019, 0.01497], Train Rec Loss=[0.09684], Eval Rec Loss=[0.09652], c=[0.50000], F=[0.85196, 0.89331, 0.90309, 0.92369], F_fuse=[0.00398, 0.00296, 0.00238, 0.00193]
[ INFO : 2026-07-27 04:27:42,947 ] - Epoch 218: train==[102.77866 = 0.39460 + 0.83756 + 9.78892 + 0.00406 + 0.00000 + 0.00021 + 613.92212]
[ INFO : 2026-07-27 04:27:51,780 ] - Test_@[5, 10, 20, 50]: Recall=[0.01048, 0.01624, 0.02455, 0.05076],  precision=[0.00210, 0.00162, 0.00123, 0.00102], hit=[0.01048, 0.01624, 0.02455, 0.05076], ndcg=[0.00671, 0.00854, 0.01059, 0.01570], Train Rec Loss=[0.09703], Eval Rec Loss=[0.09645], c=[0.50000], F=[0.85401, 0.89379, 0.90453, 0.92385], F_fuse=[0.00418, 0.00324, 0.00245, 0.00203]
[ INFO : 2026-07-27 04:29:44,647 ] - Epoch 219: train==[102.79193 = 0.39005 + 0.83401 + 9.80700 + 0.00410 + 0.00000 + 0.00025 + 613.93416]
[ INFO : 2026-07-27 04:29:53,521 ] - Test_@[5, 10, 20, 50]: Recall=[0.00908, 0.01406, 0.02314, 0.04859],  precision=[0.00182, 0.00141, 0.00116, 0.00097], hit=[0.00908, 0.01406, 0.02314, 0.04859], ndcg=[0.00568, 0.00732, 0.00956, 0.01454], Train Rec Loss=[0.09684], Eval Rec Loss=[0.09660], c=[0.50000], F=[0.84464, 0.88012, 0.89881, 0.92518], F_fuse=[0.00362, 0.00281, 0.00231, 0.00194]
[ INFO : 2026-07-27 04:31:45,787 ] - Epoch 220: train==[102.67270 = 0.39169 + 0.83055 + 9.69034 + 0.00413 + 0.00000 + 0.00021 + 613.91997]
[ INFO : 2026-07-27 04:31:54,669 ] - Test_@[5, 10, 20, 50]: Recall=[0.00959, 0.01713, 0.02404, 0.05063],  precision=[0.00192, 0.00171, 0.00120, 0.00101], hit=[0.00959, 0.01713, 0.02404, 0.05063], ndcg=[0.00627, 0.00868, 0.01039, 0.01560], Train Rec Loss=[0.09814], Eval Rec Loss=[0.09769], c=[0.50000], F=[0.85724, 0.89415, 0.90345, 0.92436], F_fuse=[0.00383, 0.00342, 0.00240, 0.00202]
[ INFO : 2026-07-27 04:33:46,691 ] - Epoch 221: train==[102.70528 = 0.38754 + 0.82710 + 9.72674 + 0.00412 + 0.00000 + 0.00023 + 613.93589]
[ INFO : 2026-07-27 04:33:55,491 ] - Test_@[5, 10, 20, 50]: Recall=[0.00869, 0.01432, 0.02353, 0.04923],  precision=[0.00174, 0.00143, 0.00118, 0.00098], hit=[0.00869, 0.01432, 0.02353, 0.04923], ndcg=[0.00549, 0.00731, 0.00960, 0.01461], Train Rec Loss=[0.09719], Eval Rec Loss=[0.09762], c=[0.50000], F=[0.84879, 0.88172, 0.90135, 0.92695], F_fuse=[0.00347, 0.00286, 0.00235, 0.00197]
[ INFO : 2026-07-27 04:35:47,927 ] - Epoch 222: train==[102.70680 = 0.38932 + 0.82362 + 9.72991 + 0.00413 + 0.00000 + 0.00023 + 613.92681]
[ INFO : 2026-07-27 04:35:56,757 ] - Test_@[5, 10, 20, 50]: Recall=[0.00985, 0.01522, 0.02301, 0.04756],  precision=[0.00197, 0.00152, 0.00115, 0.00095], hit=[0.00985, 0.01522, 0.02301, 0.04756], ndcg=[0.00645, 0.00818, 0.01013, 0.01495], Train Rec Loss=[0.09725], Eval Rec Loss=[0.09662], c=[0.50000], F=[0.84924, 0.88453, 0.90102, 0.92625], F_fuse=[0.00393, 0.00304, 0.00230, 0.00190]
[ INFO : 2026-07-27 04:37:48,733 ] - Epoch 223: train==[102.62186 = 0.38756 + 0.82033 + 9.65047 + 0.00417 + 0.00000 + 0.00020 + 613.91499]
[ INFO : 2026-07-27 04:37:57,595 ] - Test_@[5, 10, 20, 50]: Recall=[0.00946, 0.01496, 0.02365, 0.04667],  precision=[0.00189, 0.00150, 0.00118, 0.00093], hit=[0.00946, 0.01496, 0.02365, 0.04667], ndcg=[0.00606, 0.00785, 0.01000, 0.01452], Train Rec Loss=[0.09746], Eval Rec Loss=[0.09657], c=[0.50000], F=[0.84857, 0.88720, 0.90220, 0.92610], F_fuse=[0.00378, 0.00299, 0.00236, 0.00186]
[ INFO : 2026-07-27 04:39:50,208 ] - Epoch 224: train==[102.69928 = 0.38697 + 0.81724 + 9.73029 + 0.00415 + 0.00000 + 0.00021 + 613.91540]
[ INFO : 2026-07-27 04:39:59,064 ] - Test_@[5, 10, 20, 50]: Recall=[0.01010, 0.01624, 0.02583, 0.05089],  precision=[0.00202, 0.00162, 0.00129, 0.00102], hit=[0.01010, 0.01624, 0.02583, 0.05089], ndcg=[0.00623, 0.00825, 0.01065, 0.01558], Train Rec Loss=[0.09668], Eval Rec Loss=[0.09644], c=[0.50000], F=[0.85158, 0.90299, 0.90678, 0.92433], F_fuse=[0.00403, 0.00324, 0.00258, 0.00203]
[ INFO : 2026-07-27 04:41:50,332 ] - Epoch 225: train==[102.63128 = 0.38767 + 0.81410 + 9.66018 + 0.00416 + 0.00000 + 0.00027 + 613.93688]
[ INFO : 2026-07-27 04:41:59,179 ] - Test_@[5, 10, 20, 50]: Recall=[0.00844, 0.01279, 0.02250, 0.04705],  precision=[0.00169, 0.00128, 0.00113, 0.00094], hit=[0.00844, 0.01279, 0.02250, 0.04705], ndcg=[0.00538, 0.00681, 0.00923, 0.01402], Train Rec Loss=[0.09686], Eval Rec Loss=[0.09533], c=[0.50000], F=[0.83540, 0.86994, 0.89613, 0.92693], F_fuse=[0.00337, 0.00255, 0.00225, 0.00188]
[ INFO : 2026-07-27 04:43:51,244 ] - Epoch 226: train==[102.56078 = 0.38547 + 0.81108 + 9.59561 + 0.00417 + 0.00000 + 0.00022 + 613.92440]
[ INFO : 2026-07-27 04:44:00,106 ] - Test_@[5, 10, 20, 50]: Recall=[0.01087, 0.01573, 0.02493, 0.04871],  precision=[0.00217, 0.00157, 0.00125, 0.00097], hit=[0.01087, 0.01573, 0.02493, 0.04871], ndcg=[0.00695, 0.00854, 0.01084, 0.01549], Train Rec Loss=[0.09720], Eval Rec Loss=[0.09594], c=[0.50000], F=[0.85462, 0.89847, 0.90670, 0.92623], F_fuse=[0.00434, 0.00314, 0.00249, 0.00195]
[ INFO : 2026-07-27 04:45:52,740 ] - Epoch 227: train==[102.57125 = 0.38522 + 0.80811 + 9.60825 + 0.00422 + 0.00000 + 0.00021 + 613.92315]
[ INFO : 2026-07-27 04:46:01,573 ] - Test_@[5, 10, 20, 50]: Recall=[0.00857, 0.01343, 0.02225, 0.04820],  precision=[0.00171, 0.00134, 0.00111, 0.00096], hit=[0.00857, 0.01343, 0.02225, 0.04820], ndcg=[0.00541, 0.00700, 0.00920, 0.01431], Train Rec Loss=[0.09691], Eval Rec Loss=[0.09561], c=[0.50000], F=[0.83984, 0.87429, 0.89452, 0.92429], F_fuse=[0.00342, 0.00268, 0.00222, 0.00193]
[ INFO : 2026-07-27 04:47:53,714 ] - Epoch 228: train==[102.51742 = 0.37975 + 0.80517 + 9.56261 + 0.00422 + 0.00000 + 0.00020 + 613.91688]
[ INFO : 2026-07-27 04:48:02,572 ] - Test_@[5, 10, 20, 50]: Recall=[0.01074, 0.01662, 0.02404, 0.04884],  precision=[0.00215, 0.00166, 0.00120, 0.00098], hit=[0.01074, 0.01662, 0.02404, 0.04884], ndcg=[0.00674, 0.00861, 0.01046, 0.01533], Train Rec Loss=[0.09782], Eval Rec Loss=[0.09746], c=[0.50000], F=[0.85593, 0.90165, 0.90871, 0.92642], F_fuse=[0.00429, 0.00332, 0.00240, 0.00195]
[ INFO : 2026-07-27 04:49:54,615 ] - Epoch 229: train==[102.58485 = 0.38806 + 0.80230 + 9.62134 + 0.00421 + 0.00000 + 0.00025 + 613.93070]
[ INFO : 2026-07-27 04:50:03,447 ] - Test_@[5, 10, 20, 50]: Recall=[0.00818, 0.01317, 0.02122, 0.04616],  precision=[0.00164, 0.00132, 0.00106, 0.00092], hit=[0.00818, 0.01317, 0.02122, 0.04616], ndcg=[0.00532, 0.00692, 0.00895, 0.01385], Train Rec Loss=[0.09659], Eval Rec Loss=[0.09558], c=[0.50000], F=[0.84288, 0.87394, 0.89663, 0.92416], F_fuse=[0.00327, 0.00263, 0.00212, 0.00184]
[ INFO : 2026-07-27 04:51:56,374 ] - Epoch 230: train==[102.45234 = 0.37933 + 0.79936 + 9.50011 + 0.00424 + 0.00000 + 0.00022 + 613.92543]
[ INFO : 2026-07-27 04:52:05,207 ] - Test_@[5, 10, 20, 50]: Recall=[0.01036, 0.01752, 0.02519, 0.05127],  precision=[0.00207, 0.00175, 0.00126, 0.00103], hit=[0.01036, 0.01752, 0.02519, 0.05127], ndcg=[0.00670, 0.00902, 0.01094, 0.01602], Train Rec Loss=[0.09695], Eval Rec Loss=[0.09700], c=[0.50000], F=[0.86290, 0.90052, 0.90634, 0.92582], F_fuse=[0.00413, 0.00350, 0.00252, 0.00205]
[ INFO : 2026-07-27 04:53:57,682 ] - Epoch 231: train==[102.53486 = 0.37743 + 0.79663 + 9.58491 + 0.00425 + 0.00000 + 0.00025 + 613.93359]
[ INFO : 2026-07-27 04:54:06,532 ] - Test_@[5, 10, 20, 50]: Recall=[0.00857, 0.01368, 0.02148, 0.04603],  precision=[0.00171, 0.00137, 0.00107, 0.00092], hit=[0.00857, 0.01368, 0.02148, 0.04603], ndcg=[0.00556, 0.00722, 0.00919, 0.01401], Train Rec Loss=[0.09602], Eval Rec Loss=[0.09550], c=[0.50000], F=[0.84080, 0.87178, 0.89441, 0.92378], F_fuse=[0.00342, 0.00273, 0.00215, 0.00184]
[ INFO : 2026-07-27 04:55:58,887 ] - Epoch 232: train==[102.47089 = 0.37525 + 0.79377 + 9.52725 + 0.00423 + 0.00000 + 0.00022 + 613.91781]
[ INFO : 2026-07-27 04:56:07,726 ] - Test_@[5, 10, 20, 50]: Recall=[0.00985, 0.01547, 0.02353, 0.04910],  precision=[0.00197, 0.00155, 0.00118, 0.00098], hit=[0.00985, 0.01547, 0.02353, 0.04910], ndcg=[0.00622, 0.00805, 0.01004, 0.01507], Train Rec Loss=[0.09595], Eval Rec Loss=[0.09592], c=[0.50000], F=[0.85609, 0.89382, 0.90439, 0.92734], F_fuse=[0.00393, 0.00309, 0.00235, 0.00196]
[ INFO : 2026-07-27 04:57:59,977 ] - Epoch 233: train==[102.41888 = 0.37378 + 0.79101 + 9.47818 + 0.00424 + 0.00000 + 0.00023 + 613.91884]
[ INFO : 2026-07-27 04:58:08,820 ] - Test_@[5, 10, 20, 50]: Recall=[0.00933, 0.01394, 0.02174, 0.04590],  precision=[0.00187, 0.00139, 0.00109, 0.00092], hit=[0.00933, 0.01394, 0.02174, 0.04590], ndcg=[0.00587, 0.00737, 0.00932, 0.01406], Train Rec Loss=[0.09652], Eval Rec Loss=[0.09594], c=[0.50000], F=[0.84717, 0.88343, 0.90351, 0.92968], F_fuse=[0.00373, 0.00278, 0.00217, 0.00183]
[ INFO : 2026-07-27 05:00:00,759 ] - Epoch 234: train==[102.39530 = 0.37837 + 0.78826 + 9.45242 + 0.00426 + 0.00000 + 0.00020 + 613.91393]
[ INFO : 2026-07-27 05:00:09,686 ] - Test_@[5, 10, 20, 50]: Recall=[0.00908, 0.01509, 0.02468, 0.04884],  precision=[0.00182, 0.00151, 0.00123, 0.00098], hit=[0.00908, 0.01509, 0.02468, 0.04884], ndcg=[0.00572, 0.00769, 0.01005, 0.01478], Train Rec Loss=[0.09618], Eval Rec Loss=[0.09523], c=[0.50000], F=[0.85375, 0.88882, 0.90344, 0.92649], F_fuse=[0.00362, 0.00301, 0.00246, 0.00195]
[ INFO : 2026-07-27 05:02:02,002 ] - Epoch 235: train==[102.37028 = 0.37445 + 0.78560 + 9.43033 + 0.00426 + 0.00000 + 0.00022 + 613.93111]
[ INFO : 2026-07-27 05:02:10,878 ] - Test_@[5, 10, 20, 50]: Recall=[0.00857, 0.01381, 0.02327, 0.04923],  precision=[0.00171, 0.00138, 0.00116, 0.00098], hit=[0.00857, 0.01381, 0.02327, 0.04923], ndcg=[0.00534, 0.00707, 0.00942, 0.01449], Train Rec Loss=[0.09533], Eval Rec Loss=[0.09558], c=[0.50000], F=[0.85388, 0.88767, 0.90168, 0.92654], F_fuse=[0.00342, 0.00276, 0.00232, 0.00197]
[ INFO : 2026-07-27 05:04:03,245 ] - Epoch 236: train==[102.37482 = 0.37152 + 0.78291 + 9.43788 + 0.00428 + 0.00000 + 0.00031 + 613.94052]
[ INFO : 2026-07-27 05:04:12,212 ] - Test_@[5, 10, 20, 50]: Recall=[0.00985, 0.01368, 0.02148, 0.04475],  precision=[0.00197, 0.00137, 0.00107, 0.00090], hit=[0.00985, 0.01368, 0.02148, 0.04475], ndcg=[0.00646, 0.00771, 0.00965, 0.01422], Train Rec Loss=[0.09545], Eval Rec Loss=[0.09542], c=[0.50000], F=[0.84547, 0.87910, 0.89855, 0.92586], F_fuse=[0.00393, 0.00273, 0.00215, 0.00179]
[ INFO : 2026-07-27 05:06:04,627 ] - Epoch 237: train==[102.40456 = 0.37274 + 0.78018 + 9.47205 + 0.00428 + 0.00000 + 0.00020 + 613.91452]
[ INFO : 2026-07-27 05:06:13,655 ] - Test_@[5, 10, 20, 50]: Recall=[0.01023, 0.01585, 0.02429, 0.04769],  precision=[0.00205, 0.00159, 0.00121, 0.00095], hit=[0.01023, 0.01585, 0.02429, 0.04769], ndcg=[0.00632, 0.00814, 0.01026, 0.01488], Train Rec Loss=[0.09613], Eval Rec Loss=[0.09607], c=[0.50000], F=[0.85772, 0.89574, 0.90455, 0.92753], F_fuse=[0.00408, 0.00317, 0.00243, 0.00191]
[ INFO : 2026-07-27 05:08:06,158 ] - Epoch 238: train==[102.32109 = 0.37333 + 0.77752 + 9.38892 + 0.00434 + 0.00000 + 0.00020 + 613.91856]
[ INFO : 2026-07-27 05:08:14,984 ] - Test_@[5, 10, 20, 50]: Recall=[0.00933, 0.01355, 0.02353, 0.04795],  precision=[0.00187, 0.00136, 0.00118, 0.00096], hit=[0.00933, 0.01355, 0.02353, 0.04795], ndcg=[0.00595, 0.00734, 0.00984, 0.01464], Train Rec Loss=[0.09564], Eval Rec Loss=[0.09658], c=[0.50000], F=[0.84470, 0.87947, 0.90026, 0.92923], F_fuse=[0.00373, 0.00271, 0.00235, 0.00192]
[ INFO : 2026-07-27 05:10:06,779 ] - Epoch 239: train==[102.26783 = 0.36790 + 0.77493 + 9.34208 + 0.00434 + 0.00000 + 0.00023 + 613.92220]
[ INFO : 2026-07-27 05:10:15,618 ] - Test_@[5, 10, 20, 50]: Recall=[0.00933, 0.01522, 0.02289, 0.04731],  precision=[0.00187, 0.00152, 0.00114, 0.00095], hit=[0.00933, 0.01522, 0.02289, 0.04731], ndcg=[0.00593, 0.00780, 0.00972, 0.01453], Train Rec Loss=[0.09458], Eval Rec Loss=[0.09500], c=[0.50000], F=[0.84793, 0.88209, 0.89883, 0.92579], F_fuse=[0.00373, 0.00304, 0.00229, 0.00189]
[ INFO : 2026-07-27 05:12:07,266 ] - Epoch 240: train==[102.32791 = 0.36810 + 0.77229 + 9.40208 + 0.00435 + 0.00000 + 0.00023 + 613.93184]
[ INFO : 2026-07-27 05:12:16,066 ] - Test_@[5, 10, 20, 50]: Recall=[0.00946, 0.01560, 0.02442, 0.04948],  precision=[0.00189, 0.00156, 0.00122, 0.00099], hit=[0.00946, 0.01560, 0.02442, 0.04948], ndcg=[0.00595, 0.00793, 0.01013, 0.01504], Train Rec Loss=[0.09508], Eval Rec Loss=[0.09647], c=[0.50000], F=[0.85689, 0.89440, 0.90830, 0.93064], F_fuse=[0.00378, 0.00311, 0.00244, 0.00198]
[ INFO : 2026-07-27 05:14:08,415 ] - Epoch 241: train==[102.24162 = 0.36899 + 0.76965 + 9.31687 + 0.00436 + 0.00000 + 0.00027 + 613.92885]
[ INFO : 2026-07-27 05:14:17,282 ] - Test_@[5, 10, 20, 50]: Recall=[0.00895, 0.01394, 0.02148, 0.04552],  precision=[0.00179, 0.00139, 0.00107, 0.00091], hit=[0.00895, 0.01394, 0.02148, 0.04552], ndcg=[0.00579, 0.00738, 0.00928, 0.01398], Train Rec Loss=[0.09468], Eval Rec Loss=[0.09455], c=[0.50000], F=[0.83875, 0.87077, 0.89519, 0.92551], F_fuse=[0.00357, 0.00278, 0.00215, 0.00182]
[ INFO : 2026-07-27 05:16:09,923 ] - Epoch 242: train==[102.28040 = 0.36581 + 0.76698 + 9.36242 + 0.00435 + 0.00000 + 0.00020 + 613.91614]
[ INFO : 2026-07-27 05:16:18,781 ] - Test_@[5, 10, 20, 50]: Recall=[0.00831, 0.01496, 0.02404, 0.04795],  precision=[0.00166, 0.00150, 0.00120, 0.00096], hit=[0.00831, 0.01496, 0.02404, 0.04795], ndcg=[0.00539, 0.00757, 0.00984, 0.01452], Train Rec Loss=[0.09530], Eval Rec Loss=[0.09467], c=[0.50000], F=[0.85839, 0.89376, 0.90739, 0.93010], F_fuse=[0.00332, 0.00299, 0.00240, 0.00192]
[ INFO : 2026-07-27 05:18:11,018 ] - Epoch 243: train==[102.24883 = 0.37826 + 0.76435 + 9.31869 + 0.00435 + 0.00000 + 0.00022 + 613.92464]
[ INFO : 2026-07-27 05:18:19,903 ] - Test_@[5, 10, 20, 50]: Recall=[0.00933, 0.01419, 0.02314, 0.04731],  precision=[0.00187, 0.00142, 0.00116, 0.00095], hit=[0.00933, 0.01419, 0.02314, 0.04731], ndcg=[0.00602, 0.00758, 0.00980, 0.01454], Train Rec Loss=[0.09537], Eval Rec Loss=[0.09514], c=[0.50000], F=[0.85046, 0.88839, 0.90380, 0.92897], F_fuse=[0.00373, 0.00283, 0.00231, 0.00189]
[ INFO : 2026-07-27 05:20:11,569 ] - Epoch 244: train==[102.20058 = 0.36575 + 0.76172 + 9.28483 + 0.00439 + 0.00000 + 0.00021 + 613.92245]
[ INFO : 2026-07-27 05:20:20,366 ] - Test_@[5, 10, 20, 50]: Recall=[0.00908, 0.01368, 0.02263, 0.04603],  precision=[0.00182, 0.00137, 0.00113, 0.00092], hit=[0.00908, 0.01368, 0.02263, 0.04603], ndcg=[0.00605, 0.00756, 0.00979, 0.01440], Train Rec Loss=[0.09470], Eval Rec Loss=[0.09461], c=[0.50000], F=[0.84653, 0.88332, 0.90063, 0.92772], F_fuse=[0.00362, 0.00273, 0.00226, 0.00184]
[ INFO : 2026-07-27 05:22:12,661 ] - Epoch 245: train==[102.17162 = 0.36295 + 0.75914 + 9.26097 + 0.00441 + 0.00000 + 0.00021 + 613.91727]
[ INFO : 2026-07-27 05:22:21,511 ] - Test_@[5, 10, 20, 50]: Recall=[0.00831, 0.01419, 0.02250, 0.04680],  precision=[0.00166, 0.00142, 0.00113, 0.00094], hit=[0.00831, 0.01419, 0.02250, 0.04680], ndcg=[0.00535, 0.00729, 0.00936, 0.01415], Train Rec Loss=[0.09496], Eval Rec Loss=[0.09553], c=[0.50000], F=[0.85369, 0.88746, 0.90479, 0.93121], F_fuse=[0.00332, 0.00283, 0.00225, 0.00187]
[ INFO : 2026-07-27 05:24:13,744 ] - Epoch 246: train==[102.19916 = 0.36211 + 0.75661 + 9.28864 + 0.00439 + 0.00000 + 0.00021 + 613.93217]
[ INFO : 2026-07-27 05:24:22,584 ] - Test_@[5, 10, 20, 50]: Recall=[0.00972, 0.01432, 0.02212, 0.04718],  precision=[0.00194, 0.00143, 0.00111, 0.00094], hit=[0.00972, 0.01432, 0.02212, 0.04718], ndcg=[0.00632, 0.00780, 0.00976, 0.01469], Train Rec Loss=[0.09510], Eval Rec Loss=[0.09337], c=[0.50000], F=[0.84796, 0.88158, 0.90165, 0.92879], F_fuse=[0.00388, 0.00286, 0.00221, 0.00189]
[ INFO : 2026-07-27 05:26:15,079 ] - Epoch 247: train==[102.18414 = 0.36281 + 0.75403 + 9.27607 + 0.00440 + 0.00000 + 0.00021 + 613.92156]
[ INFO : 2026-07-27 05:26:23,888 ] - Test_@[5, 10, 20, 50]: Recall=[0.00921, 0.01432, 0.02353, 0.04910],  precision=[0.00184, 0.00143, 0.00118, 0.00098], hit=[0.00921, 0.01432, 0.02353, 0.04910], ndcg=[0.00573, 0.00740, 0.00970, 0.01470], Train Rec Loss=[0.09405], Eval Rec Loss=[0.09392], c=[0.50000], F=[0.85388, 0.89040, 0.90728, 0.93119], F_fuse=[0.00367, 0.00286, 0.00235, 0.00196]
[ INFO : 2026-07-27 05:28:16,802 ] - Epoch 248: train==[102.17632 = 0.36203 + 0.75146 + 9.27001 + 0.00445 + 0.00000 + 0.00021 + 613.92494]
[ INFO : 2026-07-27 05:28:25,677 ] - Test_@[5, 10, 20, 50]: Recall=[0.00869, 0.01317, 0.02148, 0.04450],  precision=[0.00174, 0.00132, 0.00107, 0.00089], hit=[0.00869, 0.01317, 0.02148, 0.04450], ndcg=[0.00569, 0.00715, 0.00920, 0.01370], Train Rec Loss=[0.09367], Eval Rec Loss=[0.09397], c=[0.50000], F=[0.84486, 0.87915, 0.90081, 0.92988], F_fuse=[0.00347, 0.00263, 0.00215, 0.00178]
[ INFO : 2026-07-27 05:30:17,848 ] - Epoch 249: train==[102.08420 = 0.36593 + 0.74891 + 9.17740 + 0.00442 + 0.00000 + 0.00020 + 613.91262]
[ INFO : 2026-07-27 05:30:26,678 ] - Test_@[5, 10, 20, 50]: Recall=[0.00959, 0.01470, 0.02353, 0.04999],  precision=[0.00192, 0.00147, 0.00118, 0.00100], hit=[0.00959, 0.01470, 0.02353, 0.04999], ndcg=[0.00591, 0.00755, 0.00974, 0.01490], Train Rec Loss=[0.09360], Eval Rec Loss=[0.09458], c=[0.50000], F=[0.85507, 0.89200, 0.90760, 0.93278], F_fuse=[0.00383, 0.00294, 0.00235, 0.00200]
[ INFO : 2026-07-27 05:32:18,923 ] - Epoch 250: train==[102.09132 = 0.36019 + 0.74649 + 9.19111 + 0.00446 + 0.00000 + 0.00021 + 613.91639]
[ INFO : 2026-07-27 05:32:27,699 ] - Test_@[5, 10, 20, 50]: Recall=[0.00869, 0.01317, 0.02212, 0.04616],  precision=[0.00174, 0.00132, 0.00111, 0.00092], hit=[0.00869, 0.01317, 0.02212, 0.04616], ndcg=[0.00542, 0.00688, 0.00911, 0.01381], Train Rec Loss=[0.09457], Eval Rec Loss=[0.09363], c=[0.50000], F=[0.85346, 0.88693, 0.90528, 0.93057], F_fuse=[0.00347, 0.00263, 0.00221, 0.00184]
[ INFO : 2026-07-27 05:34:20,105 ] - Epoch 251: train==[102.06349 = 0.35710 + 0.74395 + 9.16757 + 0.00445 + 0.00000 + 0.00020 + 613.91866]
[ INFO : 2026-07-27 05:34:28,943 ] - Test_@[5, 10, 20, 50]: Recall=[0.00985, 0.01445, 0.02353, 0.04987],  precision=[0.00197, 0.00144, 0.00118, 0.00100], hit=[0.00985, 0.01445, 0.02353, 0.04987], ndcg=[0.00607, 0.00755, 0.00980, 0.01497], Train Rec Loss=[0.09380], Eval Rec Loss=[0.09222], c=[0.50000], F=[0.84963, 0.88745, 0.90563, 0.93030], F_fuse=[0.00393, 0.00288, 0.00235, 0.00199]
[ INFO : 2026-07-27 05:36:20,943 ] - Epoch 252: train==[102.07900 = 0.35629 + 0.74151 + 9.18270 + 0.00447 + 0.00000 + 0.00024 + 613.93598]
[ INFO : 2026-07-27 05:36:29,789 ] - Test_@[5, 10, 20, 50]: Recall=[0.00933, 0.01291, 0.02199, 0.04501],  precision=[0.00187, 0.00129, 0.00110, 0.00090], hit=[0.00933, 0.01291, 0.02199, 0.04501], ndcg=[0.00603, 0.00717, 0.00943, 0.01391], Train Rec Loss=[0.09356], Eval Rec Loss=[0.09477], c=[0.50000], F=[0.84346, 0.87626, 0.90140, 0.93139], F_fuse=[0.00373, 0.00258, 0.00220, 0.00180]
[ INFO : 2026-07-27 05:38:21,491 ] - Epoch 253: train==[102.04896 = 0.36051 + 0.73908 + 9.15213 + 0.00450 + 0.00000 + 0.00022 + 613.92096]
[ INFO : 2026-07-27 05:38:30,340 ] - Test_@[5, 10, 20, 50]: Recall=[0.01036, 0.01560, 0.02404, 0.04846],  precision=[0.00207, 0.00156, 0.00120, 0.00097], hit=[0.01036, 0.01560, 0.02404, 0.04846], ndcg=[0.00648, 0.00816, 0.01027, 0.01508], Train Rec Loss=[0.09400], Eval Rec Loss=[0.09442], c=[0.50000], F=[0.85209, 0.89146, 0.90711, 0.93131], F_fuse=[0.00413, 0.00311, 0.00240, 0.00194]
[ INFO : 2026-07-27 05:40:22,248 ] - Epoch 254: train==[101.99936 = 0.35526 + 0.73679 + 9.10656 + 0.00451 + 0.00000 + 0.00025 + 613.93807]
[ INFO : 2026-07-27 05:40:31,022 ] - Test_@[5, 10, 20, 50]: Recall=[0.00818, 0.01304, 0.02174, 0.04501],  precision=[0.00164, 0.00130, 0.00109, 0.00090], hit=[0.00818, 0.01304, 0.02174, 0.04501], ndcg=[0.00528, 0.00685, 0.00902, 0.01361], Train Rec Loss=[0.09294], Eval Rec Loss=[0.09377], c=[0.50000], F=[0.84617, 0.87830, 0.90094, 0.92915], F_fuse=[0.00327, 0.00260, 0.00217, 0.00180]
[ INFO : 2026-07-27 05:42:22,894 ] - Epoch 255: train==[102.01044 = 0.35441 + 0.73435 + 9.12270 + 0.00450 + 0.00000 + 0.00021 + 613.92010]
[ INFO : 2026-07-27 05:42:31,686 ] - Test_@[5, 10, 20, 50]: Recall=[0.00985, 0.01509, 0.02378, 0.05012],  precision=[0.00197, 0.00151, 0.00119, 0.00100], hit=[0.00985, 0.01509, 0.02378, 0.05012], ndcg=[0.00598, 0.00770, 0.00985, 0.01500], Train Rec Loss=[0.09343], Eval Rec Loss=[0.09438], c=[0.50000], F=[0.85545, 0.89275, 0.90656, 0.93064], F_fuse=[0.00393, 0.00301, 0.00238, 0.00200]
[ INFO : 2026-07-27 05:44:23,594 ] - Epoch 256: train==[102.03328 = 0.35778 + 0.73201 + 9.14325 + 0.00450 + 0.00000 + 0.00021 + 613.92225]
[ INFO : 2026-07-27 05:44:32,431 ] - Test_@[5, 10, 20, 50]: Recall=[0.00818, 0.01355, 0.02212, 0.04731],  precision=[0.00164, 0.00136, 0.00111, 0.00095], hit=[0.00818, 0.01355, 0.02212, 0.04731], ndcg=[0.00510, 0.00685, 0.00899, 0.01392], Train Rec Loss=[0.09429], Eval Rec Loss=[0.09300], c=[0.50000], F=[0.85164, 0.88530, 0.90383, 0.93004], F_fuse=[0.00327, 0.00271, 0.00221, 0.00189]
[ INFO : 2026-07-27 05:46:24,014 ] - Epoch 257: train==[101.97836 = 0.35332 + 0.72967 + 9.09284 + 0.00449 + 0.00000 + 0.00027 + 613.93093]
[ INFO : 2026-07-27 05:46:32,884 ] - Test_@[5, 10, 20, 50]: Recall=[0.00972, 0.01547, 0.02404, 0.04782],  precision=[0.00194, 0.00155, 0.00120, 0.00096], hit=[0.00972, 0.01547, 0.02404, 0.04782], ndcg=[0.00654, 0.00839, 0.01052, 0.01517], Train Rec Loss=[0.09312], Eval Rec Loss=[0.09317], c=[0.50000], F=[0.85289, 0.88430, 0.90367, 0.93156], F_fuse=[0.00388, 0.00309, 0.00240, 0.00191]
[ INFO : 2026-07-27 05:48:23,801 ] - Epoch 258: train==[101.99335 = 0.35139 + 0.72687 + 9.11348 + 0.00451 + 0.00000 + 0.00020 + 613.91758]
[ INFO : 2026-07-27 05:48:32,641 ] - Test_@[5, 10, 20, 50]: Recall=[0.00806, 0.01227, 0.02084, 0.04590],  precision=[0.00161, 0.00123, 0.00104, 0.00092], hit=[0.00806, 0.01227, 0.02084, 0.04590], ndcg=[0.00501, 0.00638, 0.00852, 0.01341], Train Rec Loss=[0.09334], Eval Rec Loss=[0.09330], c=[0.50000], F=[0.84678, 0.87846, 0.90349, 0.93258], F_fuse=[0.00322, 0.00245, 0.00208, 0.00183]
[ INFO : 2026-07-27 05:50:24,473 ] - Epoch 259: train==[101.97878 = 0.35466 + 0.72429 + 9.09621 + 0.00452 + 0.00000 + 0.00021 + 613.92394]
[ INFO : 2026-07-27 05:50:33,239 ] - Test_@[5, 10, 20, 50]: Recall=[0.00882, 0.01445, 0.02327, 0.04577],  precision=[0.00176, 0.00144, 0.00116, 0.00092], hit=[0.00882, 0.01445, 0.02327, 0.04577], ndcg=[0.00553, 0.00737, 0.00956, 0.01397], Train Rec Loss=[0.09177], Eval Rec Loss=[0.09289], c=[0.50000], F=[0.85200, 0.88801, 0.90637, 0.93236], F_fuse=[0.00352, 0.00288, 0.00232, 0.00183]
[ INFO : 2026-07-27 05:52:25,439 ] - Epoch 260: train==[101.94414 = 0.35414 + 0.72185 + 9.06398 + 0.00453 + 0.00000 + 0.00021 + 613.92105]
[ INFO : 2026-07-27 05:52:34,314 ] - Test_@[5, 10, 20, 50]: Recall=[0.00921, 0.01406, 0.02365, 0.04897],  precision=[0.00184, 0.00141, 0.00118, 0.00098], hit=[0.00921, 0.01406, 0.02365, 0.04897], ndcg=[0.00551, 0.00705, 0.00943, 0.01434], Train Rec Loss=[0.09216], Eval Rec Loss=[0.09188], c=[0.50000], F=[0.85097, 0.88553, 0.90416, 0.92952], F_fuse=[0.00367, 0.00281, 0.00236, 0.00196]
[ INFO : 2026-07-27 05:54:25,909 ] - Epoch 261: train==[101.95559 = 0.34816 + 0.71944 + 9.08238 + 0.00454 + 0.00000 + 0.00022 + 613.92418]
[ INFO : 2026-07-27 05:54:34,750 ] - Test_@[5, 10, 20, 50]: Recall=[0.01010, 0.01509, 0.02442, 0.04769],  precision=[0.00202, 0.00151, 0.00122, 0.00095], hit=[0.01010, 0.01509, 0.02442, 0.04769], ndcg=[0.00625, 0.00787, 0.01020, 0.01476], Train Rec Loss=[0.09256], Eval Rec Loss=[0.09180], c=[0.50000], F=[0.84931, 0.88609, 0.90468, 0.93058], F_fuse=[0.00403, 0.00301, 0.00244, 0.00191]
[ INFO : 2026-07-27 05:56:26,239 ] - Epoch 262: train==[101.86476 = 0.34925 + 0.71704 + 8.98956 + 0.00460 + 0.00000 + 0.00022 + 613.93934]
[ INFO : 2026-07-27 05:56:35,089 ] - Test_@[5, 10, 20, 50]: Recall=[0.00895, 0.01355, 0.02276, 0.04488],  precision=[0.00179, 0.00136, 0.00114, 0.00090], hit=[0.00895, 0.01355, 0.02276, 0.04488], ndcg=[0.00551, 0.00699, 0.00928, 0.01361], Train Rec Loss=[0.09268], Eval Rec Loss=[0.09145], c=[0.50000], F=[0.85011, 0.88542, 0.90506, 0.93131], F_fuse=[0.00357, 0.00271, 0.00227, 0.00179]
[ INFO : 2026-07-27 05:58:27,443 ] - Epoch 263: train==[101.84207 = 0.35214 + 0.71477 + 8.96824 + 0.00459 + 0.00000 + 0.00021 + 613.92013]
[ INFO : 2026-07-27 05:58:36,286 ] - Test_@[5, 10, 20, 50]: Recall=[0.00985, 0.01496, 0.02327, 0.04731],  precision=[0.00197, 0.00150, 0.00116, 0.00095], hit=[0.00985, 0.01496, 0.02327, 0.04731], ndcg=[0.00598, 0.00762, 0.00968, 0.01440], Train Rec Loss=[0.09149], Eval Rec Loss=[0.09204], c=[0.50000], F=[0.85439, 0.88917, 0.90641, 0.93009], F_fuse=[0.00393, 0.00299, 0.00232, 0.00189]
[ INFO : 2026-07-27 06:00:28,521 ] - Epoch 264: train==[101.87051 = 0.34642 + 0.71241 + 9.00308 + 0.00459 + 0.00000 + 0.00023 + 613.92495]
[ INFO : 2026-07-27 06:00:37,308 ] - Test_@[5, 10, 20, 50]: Recall=[0.00869, 0.01381, 0.02174, 0.04629],  precision=[0.00174, 0.00138, 0.00109, 0.00093], hit=[0.00869, 0.01381, 0.02174, 0.04629], ndcg=[0.00547, 0.00712, 0.00910, 0.01392], Train Rec Loss=[0.09171], Eval Rec Loss=[0.09157], c=[0.50000], F=[0.84301, 0.87362, 0.89962, 0.92939], F_fuse=[0.00347, 0.00276, 0.00217, 0.00185]
[ INFO : 2026-07-27 06:02:29,764 ] - Epoch 265: train==[101.84066 = 0.34730 + 0.71004 + 8.97261 + 0.00459 + 0.00000 + 0.00023 + 613.93269]
[ INFO : 2026-07-27 06:02:38,602 ] - Test_@[5, 10, 20, 50]: Recall=[0.00946, 0.01496, 0.02225, 0.04629],  precision=[0.00189, 0.00150, 0.00111, 0.00093], hit=[0.00946, 0.01496, 0.02225, 0.04629], ndcg=[0.00612, 0.00785, 0.00968, 0.01439], Train Rec Loss=[0.09138], Eval Rec Loss=[0.09054], c=[0.50000], F=[0.85251, 0.89140, 0.90971, 0.93434], F_fuse=[0.00378, 0.00299, 0.00222, 0.00185]
[ INFO : 2026-07-27 06:04:31,171 ] - Epoch 266: train==[101.85464 = 0.34719 + 0.70775 + 8.99019 + 0.00458 + 0.00000 + 0.00020 + 613.91882]
[ INFO : 2026-07-27 06:04:39,989 ] - Test_@[5, 10, 20, 50]: Recall=[0.00933, 0.01445, 0.02353, 0.04577],  precision=[0.00187, 0.00144, 0.00118, 0.00092], hit=[0.00933, 0.01445, 0.02353, 0.04577], ndcg=[0.00559, 0.00724, 0.00951, 0.01388], Train Rec Loss=[0.09129], Eval Rec Loss=[0.09116], c=[0.50000], F=[0.84864, 0.88273, 0.90192, 0.92922], F_fuse=[0.00373, 0.00288, 0.00235, 0.00183]
[ INFO : 2026-07-27 06:06:32,080 ] - Epoch 267: train==[101.82469 = 0.34681 + 0.70545 + 8.96222 + 0.00462 + 0.00000 + 0.00020 + 613.91710]
[ INFO : 2026-07-27 06:06:40,931 ] - Test_@[5, 10, 20, 50]: Recall=[0.00882, 0.01394, 0.02186, 0.04552],  precision=[0.00176, 0.00139, 0.00109, 0.00091], hit=[0.00882, 0.01394, 0.02186, 0.04552], ndcg=[0.00557, 0.00718, 0.00917, 0.01381], Train Rec Loss=[0.09130], Eval Rec Loss=[0.09045], c=[0.50000], F=[0.84908, 0.88108, 0.90163, 0.93021], F_fuse=[0.00352, 0.00278, 0.00218, 0.00182]
[ INFO : 2026-07-27 06:08:33,448 ] - Epoch 268: train==[101.83382 = 0.34479 + 0.70316 + 8.97442 + 0.00464 + 0.00000 + 0.00020 + 613.91918]
[ INFO : 2026-07-27 06:08:42,288 ] - Test_@[5, 10, 20, 50]: Recall=[0.00844, 0.01432, 0.02186, 0.04577],  precision=[0.00169, 0.00143, 0.00109, 0.00092], hit=[0.00844, 0.01432, 0.02186, 0.04577], ndcg=[0.00516, 0.00704, 0.00891, 0.01361], Train Rec Loss=[0.09166], Eval Rec Loss=[0.09224], c=[0.50000], F=[0.85072, 0.88467, 0.90697, 0.93379], F_fuse=[0.00337, 0.00286, 0.00218, 0.00183]
[ INFO : 2026-07-27 06:10:34,841 ] - Epoch 269: train==[101.81276 = 0.34622 + 0.70099 + 8.95334 + 0.00465 + 0.00000 + 0.00020 + 613.91835]
[ INFO : 2026-07-27 06:10:43,624 ] - Test_@[5, 10, 20, 50]: Recall=[0.00869, 0.01343, 0.02148, 0.04667],  precision=[0.00174, 0.00134, 0.00107, 0.00093], hit=[0.00869, 0.01343, 0.02148, 0.04667], ndcg=[0.00549, 0.00703, 0.00904, 0.01397], Train Rec Loss=[0.09155], Eval Rec Loss=[0.09105], c=[0.50000], F=[0.84899, 0.88388, 0.90312, 0.93014], F_fuse=[0.00347, 0.00268, 0.00215, 0.00186]
[ INFO : 2026-07-27 06:12:35,885 ] - Epoch 270: train==[101.78148 = 0.34426 + 0.69884 + 8.92540 + 0.00466 + 0.00000 + 0.00019 + 613.91766]
[ INFO : 2026-07-27 06:12:44,671 ] - Test_@[5, 10, 20, 50]: Recall=[0.00985, 0.01445, 0.02327, 0.04705],  precision=[0.00197, 0.00144, 0.00116, 0.00094], hit=[0.00985, 0.01445, 0.02327, 0.04705], ndcg=[0.00597, 0.00742, 0.00964, 0.01429], Train Rec Loss=[0.09017], Eval Rec Loss=[0.09045], c=[0.50000], F=[0.85490, 0.88737, 0.90515, 0.93106], F_fuse=[0.00393, 0.00288, 0.00232, 0.00188]
[ INFO : 2026-07-27 06:14:37,322 ] - Epoch 271: train==[101.79073 = 0.33995 + 0.69674 + 8.93950 + 0.00465 + 0.00000 + 0.00021 + 613.92250]
[ INFO : 2026-07-27 06:14:46,162 ] - Test_@[5, 10, 20, 50]: Recall=[0.00831, 0.01355, 0.02174, 0.04539],  precision=[0.00166, 0.00136, 0.00109, 0.00091], hit=[0.00831, 0.01355, 0.02174, 0.04539], ndcg=[0.00514, 0.00682, 0.00886, 0.01354], Train Rec Loss=[0.09061], Eval Rec Loss=[0.09089], c=[0.50000], F=[0.84736, 0.88313, 0.90521, 0.93270], F_fuse=[0.00332, 0.00271, 0.00217, 0.00181]
[ INFO : 2026-07-27 06:16:38,840 ] - Epoch 272: train==[101.77155 = 0.34586 + 0.69463 + 8.91558 + 0.00468 + 0.00000 + 0.00020 + 613.92302]
[ INFO : 2026-07-27 06:16:47,685 ] - Test_@[5, 10, 20, 50]: Recall=[0.00895, 0.01547, 0.02365, 0.04731],  precision=[0.00179, 0.00155, 0.00118, 0.00095], hit=[0.00895, 0.01547, 0.02365, 0.04731], ndcg=[0.00573, 0.00782, 0.00985, 0.01450], Train Rec Loss=[0.09084], Eval Rec Loss=[0.09075], c=[0.50000], F=[0.85152, 0.88988, 0.90714, 0.93286], F_fuse=[0.00357, 0.00309, 0.00236, 0.00189]
[ INFO : 2026-07-27 06:18:40,242 ] - Epoch 273: train==[101.72437 = 0.34192 + 0.69249 + 8.87382 + 0.00469 + 0.00000 + 0.00020 + 613.92159]
[ INFO : 2026-07-27 06:18:49,091 ] - Test_@[5, 10, 20, 50]: Recall=[0.00895, 0.01330, 0.02186, 0.04667],  precision=[0.00179, 0.00133, 0.00109, 0.00093], hit=[0.00895, 0.01330, 0.02186, 0.04667], ndcg=[0.00560, 0.00698, 0.00914, 0.01403], Train Rec Loss=[0.08997], Eval Rec Loss=[0.09077], c=[0.50000], F=[0.84761, 0.87902, 0.90204, 0.93010], F_fuse=[0.00357, 0.00266, 0.00218, 0.00186]
[ INFO : 2026-07-27 06:20:41,641 ] - Epoch 274: train==[101.70415 = 0.33708 + 0.69044 + 8.85842 + 0.00471 + 0.00000 + 0.00023 + 613.92968]
[ INFO : 2026-07-27 06:20:50,486 ] - Test_@[5, 10, 20, 50]: Recall=[0.00869, 0.01381, 0.02110, 0.04552],  precision=[0.00174, 0.00138, 0.00105, 0.00091], hit=[0.00869, 0.01381, 0.02110, 0.04552], ndcg=[0.00539, 0.00701, 0.00881, 0.01359], Train Rec Loss=[0.09060], Eval Rec Loss=[0.09037], c=[0.50000], F=[0.84413, 0.87973, 0.90401, 0.93250], F_fuse=[0.00347, 0.00276, 0.00211, 0.00182]
[ INFO : 2026-07-27 06:22:43,202 ] - Epoch 275: train==[101.70756 = 0.33827 + 0.68842 + 8.86345 + 0.00469 + 0.00000 + 0.00020 + 613.91930]
[ INFO : 2026-07-27 06:22:52,046 ] - Test_@[5, 10, 20, 50]: Recall=[0.00908, 0.01419, 0.02238, 0.04616],  precision=[0.00182, 0.00142, 0.00112, 0.00092], hit=[0.00908, 0.01419, 0.02238, 0.04616], ndcg=[0.00583, 0.00749, 0.00955, 0.01421], Train Rec Loss=[0.08961], Eval Rec Loss=[0.09043], c=[0.50000], F=[0.85017, 0.88467, 0.90525, 0.93055], F_fuse=[0.00362, 0.00283, 0.00223, 0.00184]
[ INFO : 2026-07-27 06:24:44,814 ] - Epoch 276: train==[101.66935 = 0.34314 + 0.68636 + 8.82220 + 0.00473 + 0.00000 + 0.00020 + 613.91510]
[ INFO : 2026-07-27 06:24:53,652 ] - Test_@[5, 10, 20, 50]: Recall=[0.00959, 0.01483, 0.02353, 0.04667],  precision=[0.00192, 0.00148, 0.00118, 0.00093], hit=[0.00959, 0.01483, 0.02353, 0.04667], ndcg=[0.00602, 0.00771, 0.00988, 0.01444], Train Rec Loss=[0.09045], Eval Rec Loss=[0.08941], c=[0.50000], F=[0.85842, 0.89285, 0.90942, 0.93288], F_fuse=[0.00383, 0.00296, 0.00235, 0.00186]
[ INFO : 2026-07-27 06:26:46,437 ] - Epoch 277: train==[101.65157 = 0.34258 + 0.68436 + 8.80372 + 0.00474 + 0.00000 + 0.00022 + 613.93135]
[ INFO : 2026-07-27 06:26:55,299 ] - Test_@[5, 10, 20, 50]: Recall=[0.00972, 0.01343, 0.02276, 0.04590],  precision=[0.00194, 0.00134, 0.00114, 0.00092], hit=[0.00972, 0.01343, 0.02276, 0.04590], ndcg=[0.00594, 0.00713, 0.00945, 0.01399], Train Rec Loss=[0.09046], Eval Rec Loss=[0.08973], c=[0.50000], F=[0.84579, 0.88179, 0.90268, 0.93009], F_fuse=[0.00388, 0.00268, 0.00227, 0.00183]
[ INFO : 2026-07-27 06:28:47,844 ] - Epoch 278: train==[101.67691 = 0.33713 + 0.68235 + 8.83650 + 0.00473 + 0.00000 + 0.00020 + 613.92615]
[ INFO : 2026-07-27 06:28:56,699 ] - Test_@[5, 10, 20, 50]: Recall=[0.00806, 0.01291, 0.02135, 0.04603],  precision=[0.00161, 0.00129, 0.00107, 0.00092], hit=[0.00806, 0.01291, 0.02135, 0.04603], ndcg=[0.00517, 0.00671, 0.00881, 0.01362], Train Rec Loss=[0.08909], Eval Rec Loss=[0.09038], c=[0.50000], F=[0.84634, 0.88139, 0.90559, 0.93272], F_fuse=[0.00322, 0.00258, 0.00213, 0.00184]
[ INFO : 2026-07-27 06:30:49,052 ] - Epoch 279: train==[101.62021 = 0.33808 + 0.68034 + 8.78123 + 0.00476 + 0.00000 + 0.00020 + 613.91832]
[ INFO : 2026-07-27 06:30:57,831 ] - Test_@[5, 10, 20, 50]: Recall=[0.00857, 0.01368, 0.02199, 0.04692],  precision=[0.00171, 0.00137, 0.00110, 0.00094], hit=[0.00857, 0.01368, 0.02199, 0.04692], ndcg=[0.00578, 0.00745, 0.00954, 0.01443], Train Rec Loss=[0.08931], Eval Rec Loss=[0.08942], c=[0.50000], F=[0.85343, 0.88287, 0.90380, 0.93112], F_fuse=[0.00342, 0.00273, 0.00220, 0.00188]
[ INFO : 2026-07-27 06:32:50,594 ] - Epoch 280: train==[101.54506 = 0.33466 + 0.67837 + 8.70996 + 0.00477 + 0.00000 + 0.00021 + 613.92288]
[ INFO : 2026-07-27 06:32:59,372 ] - Test_@[5, 10, 20, 50]: Recall=[0.00806, 0.01394, 0.02135, 0.04475],  precision=[0.00161, 0.00139, 0.00107, 0.00090], hit=[0.00806, 0.01394, 0.02135, 0.04475], ndcg=[0.00507, 0.00695, 0.00880, 0.01340], Train Rec Loss=[0.08956], Eval Rec Loss=[0.08913], c=[0.50000], F=[0.84758, 0.88104, 0.90390, 0.93274], F_fuse=[0.00322, 0.00278, 0.00213, 0.00179]
[ INFO : 2026-07-27 06:34:52,212 ] - Epoch 281: train==[101.65988 = 0.33836 + 0.67630 + 8.82224 + 0.00476 + 0.00000 + 0.00020 + 613.92351]
[ INFO : 2026-07-27 06:35:01,041 ] - Test_@[5, 10, 20, 50]: Recall=[0.00844, 0.01317, 0.02238, 0.04705],  precision=[0.00169, 0.00132, 0.00112, 0.00094], hit=[0.00844, 0.01317, 0.02238, 0.04705], ndcg=[0.00521, 0.00675, 0.00903, 0.01388], Train Rec Loss=[0.08874], Eval Rec Loss=[0.08946], c=[0.50000], F=[0.85104, 0.88737, 0.90819, 0.93455], F_fuse=[0.00337, 0.00263, 0.00223, 0.00188]
[ INFO : 2026-07-27 06:36:54,138 ] - Epoch 282: train==[101.62536 = 0.33572 + 0.67380 + 8.79258 + 0.00480 + 0.00000 + 0.00021 + 613.91846]
[ INFO : 2026-07-27 06:37:02,987 ] - Test_@[5, 10, 20, 50]: Recall=[0.00844, 0.01279, 0.02238, 0.04513],  precision=[0.00169, 0.00128, 0.00112, 0.00090], hit=[0.00844, 0.01279, 0.02238, 0.04513], ndcg=[0.00522, 0.00665, 0.00906, 0.01350], Train Rec Loss=[0.08809], Eval Rec Loss=[0.08852], c=[0.50000], F=[0.84899, 0.88467, 0.90528, 0.93219], F_fuse=[0.00337, 0.00255, 0.00223, 0.00180]
[ INFO : 2026-07-27 06:38:55,964 ] - Epoch 283: train==[101.62074 = 0.33452 + 0.67150 + 8.78957 + 0.00480 + 0.00000 + 0.00021 + 613.92494]
[ INFO : 2026-07-27 06:39:04,810 ] - Test_@[5, 10, 20, 50]: Recall=[0.00882, 0.01368, 0.02250, 0.04424],  precision=[0.00176, 0.00137, 0.00113, 0.00088], hit=[0.00882, 0.01368, 0.02250, 0.04424], ndcg=[0.00536, 0.00693, 0.00912, 0.01336], Train Rec Loss=[0.08893], Eval Rec Loss=[0.08904], c=[0.50000], F=[0.84649, 0.88070, 0.90459, 0.93190], F_fuse=[0.00352, 0.00273, 0.00225, 0.00177]
[ INFO : 2026-07-27 06:40:57,172 ] - Epoch 284: train==[101.54898 = 0.33023 + 0.66937 + 8.72409 + 0.00480 + 0.00000 + 0.00020 + 613.92020]
[ INFO : 2026-07-27 06:41:06,008 ] - Test_@[5, 10, 20, 50]: Recall=[0.00895, 0.01368, 0.02353, 0.04577],  precision=[0.00179, 0.00137, 0.00118, 0.00092], hit=[0.00895, 0.01368, 0.02353, 0.04577], ndcg=[0.00566, 0.00716, 0.00960, 0.01397], Train Rec Loss=[0.08864], Eval Rec Loss=[0.08901], c=[0.50000], F=[0.85033, 0.88710, 0.90768, 0.93441], F_fuse=[0.00357, 0.00273, 0.00235, 0.00183]
[ INFO : 2026-07-27 06:42:58,808 ] - Epoch 285: train==[101.61162 = 0.33208 + 0.66723 + 8.78555 + 0.00482 + 0.00000 + 0.00020 + 613.92414]
[ INFO : 2026-07-27 06:43:07,634 ] - Test_@[5, 10, 20, 50]: Recall=[0.00921, 0.01432, 0.02225, 0.04577],  precision=[0.00184, 0.00143, 0.00111, 0.00092], hit=[0.00921, 0.01432, 0.02225, 0.04577], ndcg=[0.00584, 0.00752, 0.00947, 0.01407], Train Rec Loss=[0.08906], Eval Rec Loss=[0.08872], c=[0.50000], F=[0.84685, 0.88165, 0.90462, 0.93321], F_fuse=[0.00367, 0.00286, 0.00222, 0.00183]
[ INFO : 2026-07-27 06:44:58,618 ] - Epoch 286: train==[101.49746 = 0.33179 + 0.66520 + 8.67324 + 0.00488 + 0.00000 + 0.00020 + 613.92153]
[ INFO : 2026-07-27 06:45:07,402 ] - Test_@[5, 10, 20, 50]: Recall=[0.00921, 0.01368, 0.02276, 0.04513],  precision=[0.00184, 0.00137, 0.00114, 0.00090], hit=[0.00921, 0.01368, 0.02276, 0.04513], ndcg=[0.00578, 0.00720, 0.00951, 0.01391], Train Rec Loss=[0.08823], Eval Rec Loss=[0.08858], c=[0.50000], F=[0.85446, 0.88831, 0.90857, 0.93349], F_fuse=[0.00367, 0.00273, 0.00227, 0.00180]
[ INFO : 2026-07-27 06:46:59,134 ] - Epoch 287: train==[101.47908 = 0.32833 + 0.66323 + 8.65707 + 0.00485 + 0.00000 + 0.00023 + 613.93769]
[ INFO : 2026-07-27 06:47:07,920 ] - Test_@[5, 10, 20, 50]: Recall=[0.00793, 0.01189, 0.02071, 0.04398],  precision=[0.00159, 0.00119, 0.00104, 0.00088], hit=[0.00793, 0.01189, 0.02071, 0.04398], ndcg=[0.00502, 0.00627, 0.00850, 0.01307], Train Rec Loss=[0.08809], Eval Rec Loss=[0.08730], c=[0.50000], F=[0.84758, 0.88166, 0.90561, 0.93291], F_fuse=[0.00317, 0.00238, 0.00207, 0.00176]
[ INFO : 2026-07-27 06:49:00,664 ] - Epoch 288: train==[101.49823 = 0.32902 + 0.66130 + 8.67975 + 0.00487 + 0.00000 + 0.00020 + 613.91735]
[ INFO : 2026-07-27 06:49:09,498 ] - Test_@[5, 10, 20, 50]: Recall=[0.00895, 0.01343, 0.02161, 0.04513],  precision=[0.00179, 0.00134, 0.00108, 0.00090], hit=[0.00895, 0.01343, 0.02161, 0.04513], ndcg=[0.00540, 0.00682, 0.00889, 0.01351], Train Rec Loss=[0.08753], Eval Rec Loss=[0.08760], c=[0.50000], F=[0.85059, 0.88748, 0.90814, 0.93384], F_fuse=[0.00357, 0.00268, 0.00216, 0.00180]
[ INFO : 2026-07-27 06:51:02,038 ] - Epoch 289: train==[101.54308 = 0.33287 + 0.65932 + 8.72116 + 0.00486 + 0.00000 + 0.00020 + 613.92264]
[ INFO : 2026-07-27 06:51:10,866 ] - Test_@[5, 10, 20, 50]: Recall=[0.00895, 0.01355, 0.02250, 0.04577],  precision=[0.00179, 0.00136, 0.00113, 0.00092], hit=[0.00895, 0.01355, 0.02250, 0.04577], ndcg=[0.00540, 0.00687, 0.00913, 0.01369], Train Rec Loss=[0.08667], Eval Rec Loss=[0.08813], c=[0.50000], F=[0.84713, 0.88017, 0.90333, 0.93098], F_fuse=[0.00357, 0.00271, 0.00225, 0.00183]
[ INFO : 2026-07-27 06:53:03,603 ] - Epoch 290: train==[101.49639 = 0.33328 + 0.65744 + 8.67588 + 0.00491 + 0.00000 + 0.00019 + 613.91779]
[ INFO : 2026-07-27 06:53:12,428 ] - Test_@[5, 10, 20, 50]: Recall=[0.00806, 0.01419, 0.02263, 0.04411],  precision=[0.00161, 0.00142, 0.00113, 0.00088], hit=[0.00806, 0.01419, 0.02263, 0.04411], ndcg=[0.00527, 0.00726, 0.00937, 0.01357], Train Rec Loss=[0.08741], Eval Rec Loss=[0.08656], c=[0.50000], F=[0.84634, 0.88275, 0.90639, 0.93357], F_fuse=[0.00322, 0.00283, 0.00226, 0.00176]
[ INFO : 2026-07-27 06:55:05,052 ] - Epoch 291: train==[101.45181 = 0.32620 + 0.65551 + 8.63849 + 0.00488 + 0.00000 + 0.00020 + 613.92492]
[ INFO : 2026-07-27 06:55:13,876 ] - Test_@[5, 10, 20, 50]: Recall=[0.00857, 0.01368, 0.02238, 0.04641],  precision=[0.00171, 0.00137, 0.00112, 0.00093], hit=[0.00857, 0.01368, 0.02238, 0.04641], ndcg=[0.00562, 0.00727, 0.00946, 0.01418], Train Rec Loss=[0.08731], Eval Rec Loss=[0.08808], c=[0.50000], F=[0.85075, 0.88609, 0.90612, 0.93347], F_fuse=[0.00342, 0.00273, 0.00223, 0.00185]
[ INFO : 2026-07-27 06:57:05,244 ] - Epoch 292: train==[101.48236 = 0.32781 + 0.65364 + 8.66887 + 0.00491 + 0.00000 + 0.00020 + 613.92249]
[ INFO : 2026-07-27 06:57:14,102 ] - Test_@[5, 10, 20, 50]: Recall=[0.00806, 0.01343, 0.02135, 0.04501],  precision=[0.00161, 0.00134, 0.00107, 0.00090], hit=[0.00806, 0.01343, 0.02135, 0.04501], ndcg=[0.00514, 0.00686, 0.00888, 0.01354], Train Rec Loss=[0.08746], Eval Rec Loss=[0.08625], c=[0.50000], F=[0.84918, 0.88059, 0.90385, 0.93125], F_fuse=[0.00322, 0.00268, 0.00213, 0.00180]
[ INFO : 2026-07-27 06:59:06,569 ] - Epoch 293: train==[101.45886 = 0.32842 + 0.65177 + 8.64611 + 0.00494 + 0.00000 + 0.00019 + 613.92089]
[ INFO : 2026-07-27 06:59:15,359 ] - Test_@[5, 10, 20, 50]: Recall=[0.00857, 0.01330, 0.02238, 0.04590],  precision=[0.00171, 0.00133, 0.00112, 0.00092], hit=[0.00857, 0.01330, 0.02238, 0.04590], ndcg=[0.00528, 0.00680, 0.00909, 0.01371], Train Rec Loss=[0.08819], Eval Rec Loss=[0.08694], c=[0.50000], F=[0.85720, 0.88834, 0.90800, 0.93363], F_fuse=[0.00342, 0.00266, 0.00223, 0.00183]
[ INFO : 2026-07-27 07:01:07,959 ] - Epoch 294: train==[101.46339 = 0.32636 + 0.65004 + 8.65129 + 0.00495 + 0.00000 + 0.00024 + 613.93682]
[ INFO : 2026-07-27 07:01:16,777 ] - Test_@[5, 10, 20, 50]: Recall=[0.00742, 0.01317, 0.02186, 0.04539],  precision=[0.00148, 0.00132, 0.00109, 0.00091], hit=[0.00742, 0.01317, 0.02186, 0.04539], ndcg=[0.00480, 0.00664, 0.00882, 0.01340], Train Rec Loss=[0.08668], Eval Rec Loss=[0.08781], c=[0.50000], F=[0.85024, 0.88307, 0.90562, 0.93239], F_fuse=[0.00296, 0.00263, 0.00218, 0.00181]
[ INFO : 2026-07-27 07:03:09,128 ] - Epoch 295: train==[101.42335 = 0.32559 + 0.64823 + 8.61510 + 0.00492 + 0.00000 + 0.00020 + 613.92400]
[ INFO : 2026-07-27 07:03:17,916 ] - Test_@[5, 10, 20, 50]: Recall=[0.00831, 0.01291, 0.02122, 0.04322],  precision=[0.00166, 0.00129, 0.00106, 0.00086], hit=[0.00831, 0.01291, 0.02122, 0.04322], ndcg=[0.00530, 0.00677, 0.00884, 0.01315], Train Rec Loss=[0.08672], Eval Rec Loss=[0.08629], c=[0.50000], F=[0.84752, 0.87878, 0.90263, 0.93087], F_fuse=[0.00332, 0.00258, 0.00212, 0.00173]
[ INFO : 2026-07-27 07:05:09,949 ] - Epoch 296: train==[101.46352 = 0.32513 + 0.64642 + 8.65747 + 0.00494 + 0.00000 + 0.00020 + 613.91950]
[ INFO : 2026-07-27 07:05:18,816 ] - Test_@[5, 10, 20, 50]: Recall=[0.00806, 0.01317, 0.02250, 0.04680],  precision=[0.00161, 0.00132, 0.00113, 0.00094], hit=[0.00806, 0.01317, 0.02250, 0.04680], ndcg=[0.00507, 0.00671, 0.00905, 0.01381], Train Rec Loss=[0.08627], Eval Rec Loss=[0.08553], c=[0.50000], F=[0.85225, 0.88747, 0.90892, 0.93456], F_fuse=[0.00322, 0.00263, 0.00225, 0.00187]
[ INFO : 2026-07-27 07:07:10,769 ] - Epoch 297: train==[101.43790 = 0.32337 + 0.64463 + 8.63486 + 0.00495 + 0.00000 + 0.00019 + 613.91831]
[ INFO : 2026-07-27 07:07:19,568 ] - Test_@[5, 10, 20, 50]: Recall=[0.00895, 0.01381, 0.02148, 0.04539],  precision=[0.00179, 0.00138, 0.00107, 0.00091], hit=[0.00895, 0.01381, 0.02148, 0.04539], ndcg=[0.00537, 0.00692, 0.00885, 0.01357], Train Rec Loss=[0.08668], Eval Rec Loss=[0.08584], c=[0.50000], F=[0.85132, 0.88655, 0.90722, 0.93280], F_fuse=[0.00357, 0.00276, 0.00215, 0.00181]
[ INFO : 2026-07-27 07:09:11,770 ] - Epoch 298: train==[101.35246 = 0.32202 + 0.64288 + 8.55157 + 0.00499 + 0.00000 + 0.00020 + 613.91976]
[ INFO : 2026-07-27 07:09:20,546 ] - Test_@[5, 10, 20, 50]: Recall=[0.00831, 0.01253, 0.02212, 0.04373],  precision=[0.00166, 0.00125, 0.00111, 0.00087], hit=[0.00831, 0.01253, 0.02212, 0.04373], ndcg=[0.00551, 0.00686, 0.00927, 0.01349], Train Rec Loss=[0.08641], Eval Rec Loss=[0.08570], c=[0.50000], F=[0.84627, 0.88112, 0.90577, 0.93413], F_fuse=[0.00332, 0.00250, 0.00221, 0.00175]
[ INFO : 2026-07-27 07:11:12,403 ] - Epoch 299: train==[101.44750 = 0.31998 + 0.64107 + 8.64969 + 0.00498 + 0.00000 + 0.00021 + 613.91990]
[ INFO : 2026-07-27 07:11:21,200 ] - Test_@[5, 10, 20, 50]: Recall=[0.00946, 0.01458, 0.02225, 0.04526],  precision=[0.00189, 0.00146, 0.00111, 0.00091], hit=[0.00946, 0.01458, 0.02225, 0.04526], ndcg=[0.00615, 0.00779, 0.00973, 0.01422], Train Rec Loss=[0.08614], Eval Rec Loss=[0.08595], c=[0.50000], F=[0.84755, 0.88369, 0.90437, 0.93186], F_fuse=[0.00378, 0.00291, 0.00222, 0.00181]
[ INFO : 2026-07-27 07:13:13,491 ] - Epoch 300: train==[101.40279 = 0.32289 + 0.63938 + 8.60213 + 0.00500 + 0.00000 + 0.00021 + 613.92614]
[ INFO : 2026-07-27 07:13:22,331 ] - Test_@[5, 10, 20, 50]: Recall=[0.00806, 0.01368, 0.02199, 0.04654],  precision=[0.00161, 0.00137, 0.00110, 0.00093], hit=[0.00806, 0.01368, 0.02199, 0.04654], ndcg=[0.00498, 0.00675, 0.00883, 0.01363], Train Rec Loss=[0.08515], Eval Rec Loss=[0.08540], c=[0.50000], F=[0.84966, 0.88420, 0.90840, 0.93487], F_fuse=[0.00322, 0.00273, 0.00220, 0.00186]
n_users=19805, n_items=10068
n_interactions=66743
n_train=58922, n_test=7821, sparsity=0.00033
Finished Mon Jul 27 07:13:42 AM +07 2026
