Job 74308 on gpu03; lambda_cf=1.0; group_k=20; started Sun Jul 26 03:57:13 AM UTC 2026
Sun Jul 26 03:57:13 2026       
+-----------------------------------------------------------------------------------------+
| NVIDIA-SMI 580.82.07              Driver Version: 580.82.07      CUDA Version: 13.0     |
+-----------------------------------------+------------------------+----------------------+
| GPU  Name                 Persistence-M | Bus-Id          Disp.A | Volatile Uncorr. ECC |
| Fan  Temp   Perf          Pwr:Usage/Cap |           Memory-Usage | GPU-Util  Compute M. |
|                                         |                        |               MIG M. |
|=========================================+========================+======================|
|   0  NVIDIA A100-PCIE-40GB          On  |   00000000:63:00.0 Off |                    0 |
| N/A   27C    P0             29W /  250W |       0MiB /  40960MiB |      0%      Default |
|                                         |                        |             Disabled |
+-----------------------------------------+------------------------+----------------------+

+-----------------------------------------------------------------------------------------+
| Processes:                                                                              |
|  GPU   GI   CI              PID   Type   Process name                        GPU Memory |
|        ID   ID                                                               Usage      |
|=========================================================================================|
|  No running processes found                                                             |
+-----------------------------------------------------------------------------------------+
[ INFO : 2026-07-26 03:59:18,029 ] - Preprocess missing values with zero
[ INFO : 2026-07-26 03:59:22,579 ] - Pretrained diffusion model is loaded from: ./checkpoint/allrecipes/best_model.pth
[ INFO : 2026-07-26 03:59:23,912 ] - Completed data loaded from: ./checkpoint/allrecipes/completed_data.pkl
/media/lhbac29/raid-cf/main.py:106: DeprecationWarning: Please import `csr_matrix` from the `scipy.sparse` namespace; the `scipy.sparse.csr` namespace is deprecated and will be removed in SciPy 2.0.0.
  self.ui_graph = self.ui_graph_raw = pickle.load(open('./data/' + self.dataset + '/train_mat', 'rb'))
[ INFO : 2026-07-26 03:59:24,606 ] - Missing rate = 0.400000, complete strategy: zero
[ INFO : 2026-07-26 04:01:57,198 ] - Epoch 1: train==[127.95196 = 1.24546 + 1.37686 + 29.34183 + 0.00021 + 0.00000 + 4.52269 + 613.43761]
[ INFO : 2026-07-26 04:02:04,244 ] - Test_@[5, 10, 20, 50]: Recall=[0.00652, 0.02404, 0.03388, 0.07518],  precision=[0.00130, 0.00240, 0.00169, 0.00150], hit=[0.00652, 0.02404, 0.03388, 0.07518], ndcg=[0.00345, 0.00900, 0.01149, 0.01946], Train Rec Loss=[0.04931], Eval Rec Loss=[0.04902], c=[0.50000], F=[0.75294, 0.99528, 0.99730, 0.88389], F_fuse=[0.00260, 0.00480, 0.00338, 0.00300]
[ INFO : 2026-07-26 04:03:30,784 ] - Epoch 2: train==[125.54530 = 0.81358 + 1.35216 + 29.05006 + 0.00022 + 0.00000 + 2.76836 + 614.01188]
[ INFO : 2026-07-26 04:03:37,542 ] - Test_@[5, 10, 20, 50]: Recall=[0.01253, 0.02122, 0.03797, 0.07480],  precision=[0.00251, 0.00212, 0.00190, 0.00150], hit=[0.01253, 0.02122, 0.03797, 0.07480], ndcg=[0.00843, 0.01122, 0.01550, 0.02280], Train Rec Loss=[0.04864], Eval Rec Loss=[0.04851], c=[0.50000], F=[0.90770, 0.99613, 0.92118, 0.86794], F_fuse=[0.00500, 0.00424, 0.00379, 0.00299]
[ INFO : 2026-07-26 04:05:04,125 ] - Epoch 3: train==[124.35293 = 0.78225 + 1.34428 + 28.66279 + 0.00025 + 0.00000 + 2.00185 + 613.99481]
[ INFO : 2026-07-26 04:05:10,896 ] - Test_@[5, 10, 20, 50]: Recall=[0.01470, 0.02519, 0.03657, 0.07262],  precision=[0.00294, 0.00252, 0.00183, 0.00145], hit=[0.01470, 0.02519, 0.03657, 0.07262], ndcg=[0.01047, 0.01369, 0.01654, 0.02356], Train Rec Loss=[0.04858], Eval Rec Loss=[0.04833], c=[0.50000], F=[0.91492, 0.99613, 0.89854, 0.87519], F_fuse=[0.00586, 0.00503, 0.00365, 0.00290]
[ INFO : 2026-07-26 04:06:34,943 ] - Epoch 4: train==[123.47380 = 0.77599 + 1.34233 + 28.14586 + 0.00029 + 0.00000 + 1.64924 + 613.98009]
[ INFO : 2026-07-26 04:06:41,676 ] - Test_@[5, 10, 20, 50]: Recall=[0.01445, 0.02532, 0.03734, 0.07378],  precision=[0.00289, 0.00253, 0.00187, 0.00148], hit=[0.01445, 0.02532, 0.03734, 0.07378], ndcg=[0.01035, 0.01379, 0.01683, 0.02392], Train Rec Loss=[0.04860], Eval Rec Loss=[0.04846], c=[0.50000], F=[0.76784, 0.99613, 0.87332, 0.87424], F_fuse=[0.00576, 0.00505, 0.00373, 0.00295]
[ INFO : 2026-07-26 04:08:06,153 ] - Epoch 5: train==[122.60659 = 0.77394 + 1.34203 + 27.50578 + 0.00034 + 0.00000 + 1.42619 + 613.96743]
[ INFO : 2026-07-26 04:08:12,937 ] - Test_@[5, 10, 20, 50]: Recall=[0.01432, 0.02532, 0.03836, 0.07071],  precision=[0.00286, 0.00253, 0.00192, 0.00141], hit=[0.01432, 0.02532, 0.03836, 0.07071], ndcg=[0.01035, 0.01382, 0.01711, 0.02335], Train Rec Loss=[0.04851], Eval Rec Loss=[0.04828], c=[0.50000], F=[0.78781, 0.99613, 0.87608, 0.87373], F_fuse=[0.00571, 0.00505, 0.00383, 0.00282]
[ INFO : 2026-07-26 04:09:39,126 ] - Epoch 6: train==[121.75860 = 0.77284 + 1.34199 + 26.83011 + 0.00040 + 0.00000 + 1.25691 + 613.95421]
[ INFO : 2026-07-26 04:09:45,919 ] - Test_@[5, 10, 20, 50]: Recall=[0.01445, 0.02532, 0.03836, 0.06943],  precision=[0.00289, 0.00253, 0.00192, 0.00139], hit=[0.01445, 0.02532, 0.03836, 0.06943], ndcg=[0.01086, 0.01428, 0.01756, 0.02353], Train Rec Loss=[0.04849], Eval Rec Loss=[0.04823], c=[0.50000], F=[0.77653, 0.99613, 0.88029, 0.87374], F_fuse=[0.00576, 0.00505, 0.00383, 0.00277]
[ INFO : 2026-07-26 04:11:10,493 ] - Epoch 7: train==[120.84161 = 0.76884 + 1.34199 + 26.07517 + 0.00045 + 0.00000 + 1.10038 + 613.94379]
[ INFO : 2026-07-26 04:11:17,291 ] - Test_@[5, 10, 20, 50]: Recall=[0.01419, 0.02570, 0.03810, 0.06892],  precision=[0.00284, 0.00257, 0.00191, 0.00138], hit=[0.01419, 0.02570, 0.03810, 0.06892], ndcg=[0.01081, 0.01447, 0.01757, 0.02344], Train Rec Loss=[0.04857], Eval Rec Loss=[0.04814], c=[0.50000], F=[0.79851, 0.99613, 0.87903, 0.87418], F_fuse=[0.00566, 0.00513, 0.00380, 0.00275]
[ INFO : 2026-07-26 04:12:42,141 ] - Epoch 8: train==[119.95271 = 0.76694 + 1.34199 + 25.29185 + 0.00049 + 0.00000 + 0.99813 + 613.93403]
[ INFO : 2026-07-26 04:12:48,928 ] - Test_@[5, 10, 20, 50]: Recall=[0.01381, 0.02506, 0.03797, 0.06738],  precision=[0.00276, 0.00251, 0.00190, 0.00135], hit=[0.01381, 0.02506, 0.03797, 0.06738], ndcg=[0.01054, 0.01413, 0.01735, 0.02287], Train Rec Loss=[0.04849], Eval Rec Loss=[0.04817], c=[0.50000], F=[0.88955, 0.99460, 0.87503, 0.87881], F_fuse=[0.00551, 0.00500, 0.00379, 0.00269]
[ INFO : 2026-07-26 04:14:13,105 ] - Epoch 9: train==[119.21491 = 0.76139 + 1.34197 + 24.62611 + 0.00053 + 0.00000 + 0.93144 + 613.93494]
[ INFO : 2026-07-26 04:14:19,904 ] - Test_@[5, 10, 20, 50]: Recall=[0.01406, 0.02544, 0.03746, 0.06380],  precision=[0.00281, 0.00254, 0.00187, 0.00128], hit=[0.01406, 0.02544, 0.03746, 0.06380], ndcg=[0.01069, 0.01430, 0.01729, 0.02225], Train Rec Loss=[0.04847], Eval Rec Loss=[0.04815], c=[0.50000], F=[0.83925, 0.99450, 0.87547, 0.87893], F_fuse=[0.00561, 0.00508, 0.00374, 0.00255]
[ INFO : 2026-07-26 04:15:44,657 ] - Epoch 10: train==[118.58243 = 0.75871 + 1.34196 + 24.05966 + 0.00058 + 0.00000 + 0.86875 + 613.93034]
[ INFO : 2026-07-26 04:15:51,481 ] - Test_@[5, 10, 20, 50]: Recall=[0.01432, 0.02557, 0.03734, 0.06291],  precision=[0.00286, 0.00256, 0.00187, 0.00126], hit=[0.01432, 0.02557, 0.03734, 0.06291], ndcg=[0.01073, 0.01430, 0.01722, 0.02203], Train Rec Loss=[0.04847], Eval Rec Loss=[0.04813], c=[0.50000], F=[0.80180, 0.99428, 0.87754, 0.87860], F_fuse=[0.00571, 0.00510, 0.00373, 0.00251]
[ INFO : 2026-07-26 04:17:15,972 ] - Epoch 11: train==[118.02195 = 0.75583 + 1.34194 + 23.56465 + 0.00064 + 0.00000 + 0.80647 + 613.92795]
[ INFO : 2026-07-26 04:17:22,758 ] - Test_@[5, 10, 20, 50]: Recall=[0.01394, 0.02544, 0.03695, 0.06406],  precision=[0.00279, 0.00254, 0.00185, 0.00128], hit=[0.01394, 0.02544, 0.03695, 0.06406], ndcg=[0.01058, 0.01424, 0.01709, 0.02219], Train Rec Loss=[0.04853], Eval Rec Loss=[0.04833], c=[0.50000], F=[0.78781, 0.99428, 0.87922, 0.87892], F_fuse=[0.00556, 0.00508, 0.00369, 0.00256]
[ INFO : 2026-07-26 04:18:47,276 ] - Epoch 12: train==[117.50887 = 0.75360 + 1.34189 + 23.12093 + 0.00069 + 0.00000 + 0.73975 + 613.92511]
[ INFO : 2026-07-26 04:18:54,077 ] - Test_@[5, 10, 20, 50]: Recall=[0.01406, 0.02544, 0.03695, 0.06789],  precision=[0.00281, 0.00254, 0.00185, 0.00136], hit=[0.01406, 0.02544, 0.03695, 0.06789], ndcg=[0.01059, 0.01421, 0.01706, 0.02285], Train Rec Loss=[0.04847], Eval Rec Loss=[0.04821], c=[0.50000], F=[0.77026, 0.99423, 0.88524, 0.88224], F_fuse=[0.00561, 0.00508, 0.00369, 0.00271]
[ INFO : 2026-07-26 04:20:20,249 ] - Epoch 13: train==[117.06530 = 0.74913 + 1.34184 + 22.75892 + 0.00075 + 0.00000 + 0.66278 + 613.92405]
[ INFO : 2026-07-26 04:20:26,977 ] - Test_@[5, 10, 20, 50]: Recall=[0.01419, 0.02532, 0.03644, 0.06815],  precision=[0.00284, 0.00253, 0.00182, 0.00136], hit=[0.01419, 0.02532, 0.03644, 0.06815], ndcg=[0.01070, 0.01424, 0.01700, 0.02296], Train Rec Loss=[0.04849], Eval Rec Loss=[0.04818], c=[0.50000], F=[0.76461, 0.99418, 0.89738, 0.88750], F_fuse=[0.00566, 0.00505, 0.00364, 0.00272]
[ INFO : 2026-07-26 04:21:56,994 ] - Epoch 14: train==[116.67581 = 0.74309 + 1.34180 + 22.45313 + 0.00080 + 0.00000 + 0.58530 + 613.92270]
[ INFO : 2026-07-26 04:22:03,731 ] - Test_@[5, 10, 20, 50]: Recall=[0.01445, 0.02519, 0.03670, 0.06866],  precision=[0.00289, 0.00252, 0.00183, 0.00137], hit=[0.01445, 0.02519, 0.03670, 0.06866], ndcg=[0.01074, 0.01416, 0.01702, 0.02302], Train Rec Loss=[0.04833], Eval Rec Loss=[0.04801], c=[0.50000], F=[0.76055, 0.99423, 0.91108, 0.89060], F_fuse=[0.00576, 0.00502, 0.00366, 0.00274]
[ INFO : 2026-07-26 04:23:46,342 ] - Epoch 15: train==[116.27859 = 0.74113 + 1.34177 + 22.13082 + 0.00086 + 0.00000 + 0.51256 + 613.92103]
[ INFO : 2026-07-26 04:23:53,131 ] - Test_@[5, 10, 20, 50]: Recall=[0.01458, 0.02519, 0.03657, 0.06841],  precision=[0.00292, 0.00252, 0.00183, 0.00137], hit=[0.01458, 0.02519, 0.03657, 0.06841], ndcg=[0.01072, 0.01408, 0.01692, 0.02291], Train Rec Loss=[0.04834], Eval Rec Loss=[0.04806], c=[0.50000], F=[0.75854, 0.99421, 0.91816, 0.89041], F_fuse=[0.00581, 0.00502, 0.00365, 0.00273]
[ INFO : 2026-07-26 04:25:17,960 ] - Epoch 16: train==[115.88584 = 0.73917 + 1.34175 + 21.81215 + 0.00092 + 0.00000 + 0.44061 + 613.91957]
[ INFO : 2026-07-26 04:25:24,767 ] - Test_@[5, 10, 20, 50]: Recall=[0.01458, 0.02519, 0.03657, 0.06828],  precision=[0.00292, 0.00252, 0.00183, 0.00137], hit=[0.01458, 0.02519, 0.03657, 0.06828], ndcg=[0.01074, 0.01411, 0.01694, 0.02291], Train Rec Loss=[0.04834], Eval Rec Loss=[0.04809], c=[0.50000], F=[0.75838, 0.99421, 0.92519, 0.89223], F_fuse=[0.00581, 0.00502, 0.00365, 0.00273]
[ INFO : 2026-07-26 04:26:49,572 ] - Epoch 17: train==[115.55768 = 0.72923 + 1.34170 + 21.55871 + 0.00097 + 0.00000 + 0.37582 + 613.91946]
[ INFO : 2026-07-26 04:26:56,357 ] - Test_@[5, 10, 20, 50]: Recall=[0.01445, 0.02532, 0.03682, 0.06789],  precision=[0.00289, 0.00253, 0.00184, 0.00136], hit=[0.01445, 0.02532, 0.03682, 0.06789], ndcg=[0.01066, 0.01412, 0.01698, 0.02283], Train Rec Loss=[0.04839], Eval Rec Loss=[0.04802], c=[0.50000], F=[0.75809, 0.99420, 0.92483, 0.89503], F_fuse=[0.00576, 0.00505, 0.00368, 0.00271]
[ INFO : 2026-07-26 04:28:21,399 ] - Epoch 18: train==[115.35296 = 0.73068 + 1.34163 + 21.41429 + 0.00103 + 0.00000 + 0.31427 + 613.91800]
[ INFO : 2026-07-26 04:28:28,193 ] - Test_@[5, 10, 20, 50]: Recall=[0.01432, 0.02557, 0.03631, 0.06802],  precision=[0.00286, 0.00256, 0.00182, 0.00136], hit=[0.01432, 0.02557, 0.03631, 0.06802], ndcg=[0.01061, 0.01418, 0.01685, 0.02284], Train Rec Loss=[0.04836], Eval Rec Loss=[0.04809], c=[0.50000], F=[0.75818, 0.99421, 0.92846, 0.89777], F_fuse=[0.00571, 0.00510, 0.00362, 0.00272]
[ INFO : 2026-07-26 04:29:52,339 ] - Epoch 19: train==[114.99090 = 0.72565 + 1.34163 + 21.11081 + 0.00108 + 0.00000 + 0.26060 + 613.91841]
[ INFO : 2026-07-26 04:29:59,124 ] - Test_@[5, 10, 20, 50]: Recall=[0.01432, 0.02570, 0.03618, 0.06917],  precision=[0.00286, 0.00257, 0.00181, 0.00138], hit=[0.01432, 0.02570, 0.03618, 0.06917], ndcg=[0.01063, 0.01424, 0.01684, 0.02306], Train Rec Loss=[0.04829], Eval Rec Loss=[0.04802], c=[0.50000], F=[0.75815, 0.99413, 0.92968, 0.89703], F_fuse=[0.00571, 0.00513, 0.00361, 0.00276]
[ INFO : 2026-07-26 04:31:23,499 ] - Epoch 20: train==[114.71646 = 0.72285 + 1.34157 + 20.88958 + 0.00114 + 0.00000 + 0.21028 + 613.91773]
[ INFO : 2026-07-26 04:31:30,279 ] - Test_@[5, 10, 20, 50]: Recall=[0.01432, 0.02557, 0.03580, 0.06879],  precision=[0.00286, 0.00256, 0.00179, 0.00138], hit=[0.01432, 0.02557, 0.03580, 0.06879], ndcg=[0.01061, 0.01418, 0.01672, 0.02297], Train Rec Loss=[0.04837], Eval Rec Loss=[0.04810], c=[0.50000], F=[0.75905, 0.99410, 0.93020, 0.89616], F_fuse=[0.00571, 0.00510, 0.00357, 0.00275]
[ INFO : 2026-07-26 04:32:54,892 ] - Epoch 21: train==[114.45504 = 0.71950 + 1.34148 + 20.67755 + 0.00119 + 0.00000 + 0.16421 + 613.91801]
[ INFO : 2026-07-26 04:33:01,664 ] - Test_@[5, 10, 20, 50]: Recall=[0.01432, 0.02570, 0.03580, 0.06841],  precision=[0.00286, 0.00257, 0.00179, 0.00137], hit=[0.01432, 0.02570, 0.03580, 0.06841], ndcg=[0.01058, 0.01419, 0.01670, 0.02287], Train Rec Loss=[0.04827], Eval Rec Loss=[0.04807], c=[0.50000], F=[0.75841, 0.99413, 0.93176, 0.89748], F_fuse=[0.00571, 0.00513, 0.00357, 0.00273]
[ INFO : 2026-07-26 04:34:26,455 ] - Epoch 22: train==[114.25915 = 0.71438 + 1.34142 + 20.52800 + 0.00124 + 0.00000 + 0.12326 + 613.91611]
[ INFO : 2026-07-26 04:34:33,216 ] - Test_@[5, 10, 20, 50]: Recall=[0.01419, 0.02544, 0.03542, 0.06751],  precision=[0.00284, 0.00254, 0.00177, 0.00135], hit=[0.01419, 0.02544, 0.03542, 0.06751], ndcg=[0.01054, 0.01412, 0.01661, 0.02270], Train Rec Loss=[0.04830], Eval Rec Loss=[0.04803], c=[0.50000], F=[0.75841, 0.99408, 0.93255, 0.89813], F_fuse=[0.00566, 0.00508, 0.00354, 0.00270]
[ INFO : 2026-07-26 04:35:57,722 ] - Epoch 23: train==[114.02757 = 0.71090 + 1.34140 + 20.33414 + 0.00128 + 0.00000 + 0.08918 + 613.91477]
[ INFO : 2026-07-26 04:36:04,486 ] - Test_@[5, 10, 20, 50]: Recall=[0.01432, 0.02544, 0.03555, 0.06751],  precision=[0.00286, 0.00254, 0.00178, 0.00135], hit=[0.01432, 0.02544, 0.03555, 0.06751], ndcg=[0.01058, 0.01412, 0.01663, 0.02270], Train Rec Loss=[0.04816], Eval Rec Loss=[0.04804], c=[0.50000], F=[0.75860, 0.99408, 0.93264, 0.89867], F_fuse=[0.00571, 0.00508, 0.00355, 0.00270]
[ INFO : 2026-07-26 04:37:28,729 ] - Epoch 24: train==[113.93826 = 0.71054 + 1.34133 + 20.27500 + 0.00132 + 0.00000 + 0.05940 + 613.91462]
[ INFO : 2026-07-26 04:37:35,510 ] - Test_@[5, 10, 20, 50]: Recall=[0.01432, 0.02532, 0.03555, 0.06713],  precision=[0.00286, 0.00253, 0.00178, 0.00134], hit=[0.01432, 0.02532, 0.03555, 0.06713], ndcg=[0.01057, 0.01407, 0.01663, 0.02263], Train Rec Loss=[0.04833], Eval Rec Loss=[0.04802], c=[0.50000], F=[0.75924, 0.99408, 0.93268, 0.89725], F_fuse=[0.00571, 0.00505, 0.00355, 0.00268]
[ INFO : 2026-07-26 04:39:00,118 ] - Epoch 25: train==[113.73860 = 0.70512 + 1.34127 + 20.10517 + 0.00137 + 0.00000 + 0.03483 + 613.91561]
[ INFO : 2026-07-26 04:39:06,896 ] - Test_@[5, 10, 20, 50]: Recall=[0.01432, 0.02519, 0.03555, 0.06764],  precision=[0.00286, 0.00252, 0.00178, 0.00135], hit=[0.01432, 0.02519, 0.03555, 0.06764], ndcg=[0.01063, 0.01408, 0.01667, 0.02276], Train Rec Loss=[0.04826], Eval Rec Loss=[0.04801], c=[0.50000], F=[0.76106, 0.99400, 0.93268, 0.89508], F_fuse=[0.00571, 0.00502, 0.00355, 0.00270]
[ INFO : 2026-07-26 04:40:31,121 ] - Epoch 26: train==[113.48938 = 0.70141 + 1.34118 + 19.87773 + 0.00141 + 0.00000 + 0.01673 + 613.91592]
[ INFO : 2026-07-26 04:40:37,906 ] - Test_@[5, 10, 20, 50]: Recall=[0.01458, 0.02506, 0.03516, 0.06764],  precision=[0.00292, 0.00251, 0.00176, 0.00135], hit=[0.01458, 0.02506, 0.03516, 0.06764], ndcg=[0.01070, 0.01402, 0.01654, 0.02271], Train Rec Loss=[0.04826], Eval Rec Loss=[0.04795], c=[0.50000], F=[0.76474, 0.99351, 0.93246, 0.89434], F_fuse=[0.00581, 0.00500, 0.00351, 0.00270]
[ INFO : 2026-07-26 04:42:02,301 ] - Epoch 27: train==[113.33537 = 0.69973 + 1.34110 + 19.73468 + 0.00145 + 0.00000 + 0.00731 + 613.91690]
[ INFO : 2026-07-26 04:42:09,066 ] - Test_@[5, 10, 20, 50]: Recall=[0.01419, 0.02506, 0.03503, 0.06674],  precision=[0.00284, 0.00251, 0.00175, 0.00133], hit=[0.01419, 0.02506, 0.03503, 0.06674], ndcg=[0.01059, 0.01405, 0.01654, 0.02255], Train Rec Loss=[0.04829], Eval Rec Loss=[0.04782], c=[0.50000], F=[0.76735, 0.99245, 0.93161, 0.89269], F_fuse=[0.00566, 0.00500, 0.00350, 0.00267]
[ INFO : 2026-07-26 04:43:33,243 ] - Epoch 28: train==[113.21968 = 0.69035 + 1.34103 + 19.63214 + 0.00148 + 0.00000 + 0.00368 + 613.91605]
[ INFO : 2026-07-26 04:43:40,016 ] - Test_@[5, 10, 20, 50]: Recall=[0.01432, 0.02481, 0.03503, 0.06610],  precision=[0.00286, 0.00248, 0.00175, 0.00132], hit=[0.01432, 0.02481, 0.03503, 0.06610], ndcg=[0.01059, 0.01393, 0.01648, 0.02238], Train Rec Loss=[0.04817], Eval Rec Loss=[0.04801], c=[0.50000], F=[0.76898, 0.99183, 0.93102, 0.89150], F_fuse=[0.00571, 0.00495, 0.00350, 0.00264]
[ INFO : 2026-07-26 04:45:04,418 ] - Epoch 29: train==[113.02376 = 0.68827 + 1.34092 + 19.43957 + 0.00152 + 0.00000 + 0.00219 + 613.91776]
[ INFO : 2026-07-26 04:45:11,225 ] - Test_@[5, 10, 20, 50]: Recall=[0.01432, 0.02493, 0.03491, 0.06585],  precision=[0.00286, 0.00249, 0.00175, 0.00132], hit=[0.01432, 0.02493, 0.03491, 0.06585], ndcg=[0.01065, 0.01403, 0.01651, 0.02238], Train Rec Loss=[0.04808], Eval Rec Loss=[0.04805], c=[0.50000], F=[0.77151, 0.99151, 0.93089, 0.89208], F_fuse=[0.00571, 0.00497, 0.00348, 0.00263]
[ INFO : 2026-07-26 04:46:35,435 ] - Epoch 30: train==[112.88362 = 0.68823 + 1.34085 + 19.30024 + 0.00156 + 0.00000 + 0.00157 + 613.91663]
[ INFO : 2026-07-26 04:46:42,198 ] - Test_@[5, 10, 20, 50]: Recall=[0.01432, 0.02506, 0.03465, 0.06572],  precision=[0.00286, 0.00251, 0.00173, 0.00131], hit=[0.01432, 0.02506, 0.03465, 0.06572], ndcg=[0.01071, 0.01411, 0.01648, 0.02237], Train Rec Loss=[0.04817], Eval Rec Loss=[0.04784], c=[0.50000], F=[0.77569, 0.99089, 0.93036, 0.89223], F_fuse=[0.00571, 0.00500, 0.00346, 0.00262]
[ INFO : 2026-07-26 04:48:06,802 ] - Epoch 31: train==[112.72457 = 0.68524 + 1.34078 + 19.14415 + 0.00159 + 0.00000 + 0.00131 + 613.91864]
[ INFO : 2026-07-26 04:48:13,562 ] - Test_@[5, 10, 20, 50]: Recall=[0.01445, 0.02506, 0.03452, 0.06585],  precision=[0.00289, 0.00251, 0.00173, 0.00132], hit=[0.01445, 0.02506, 0.03452, 0.06585], ndcg=[0.01071, 0.01408, 0.01642, 0.02236], Train Rec Loss=[0.04813], Eval Rec Loss=[0.04785], c=[0.50000], F=[0.78873, 0.99098, 0.93049, 0.89359], F_fuse=[0.00576, 0.00500, 0.00345, 0.00263]
[ INFO : 2026-07-26 04:49:37,983 ] - Epoch 32: train==[112.60577 = 0.68091 + 1.34063 + 19.02984 + 0.00163 + 0.00000 + 0.00119 + 613.91880]
[ INFO : 2026-07-26 04:49:44,749 ] - Test_@[5, 10, 20, 50]: Recall=[0.01394, 0.02493, 0.03427, 0.06598],  precision=[0.00279, 0.00249, 0.00171, 0.00132], hit=[0.01394, 0.02493, 0.03427, 0.06598], ndcg=[0.01034, 0.01384, 0.01615, 0.02218], Train Rec Loss=[0.04824], Eval Rec Loss=[0.04794], c=[0.50000], F=[0.77362, 0.99066, 0.93030, 0.89484], F_fuse=[0.00555, 0.00497, 0.00342, 0.00264]
[ INFO : 2026-07-26 04:51:08,552 ] - Epoch 33: train==[112.44864 = 0.67850 + 1.34056 + 18.87513 + 0.00166 + 0.00000 + 0.00109 + 613.91943]
[ INFO : 2026-07-26 04:51:15,336 ] - Test_@[5, 10, 20, 50]: Recall=[0.01394, 0.02493, 0.03401, 0.06559],  precision=[0.00279, 0.00249, 0.00170, 0.00131], hit=[0.01394, 0.02493, 0.03401, 0.06559], ndcg=[0.01042, 0.01392, 0.01617, 0.02218], Train Rec Loss=[0.04814], Eval Rec Loss=[0.04792], c=[0.50000], F=[0.77601, 0.99050, 0.93042, 0.89537], F_fuse=[0.00555, 0.00497, 0.00339, 0.00262]
[ INFO : 2026-07-26 04:52:39,041 ] - Epoch 34: train==[112.37644 = 0.67269 + 1.34045 + 18.80913 + 0.00169 + 0.00000 + 0.00099 + 613.91783]
[ INFO : 2026-07-26 04:52:45,819 ] - Test_@[5, 10, 20, 50]: Recall=[0.01432, 0.02506, 0.03388, 0.06534],  precision=[0.00286, 0.00251, 0.00169, 0.00131], hit=[0.01432, 0.02506, 0.03388, 0.06534], ndcg=[0.01050, 0.01390, 0.01608, 0.02206], Train Rec Loss=[0.04819], Eval Rec Loss=[0.04799], c=[0.50000], F=[0.78189, 0.99015, 0.93010, 0.89701], F_fuse=[0.00571, 0.00500, 0.00338, 0.00261]
[ INFO : 2026-07-26 04:54:09,720 ] - Epoch 35: train==[112.33501 = 0.66976 + 1.34030 + 18.77078 + 0.00171 + 0.00000 + 0.00090 + 613.91782]
[ INFO : 2026-07-26 04:54:16,531 ] - Test_@[5, 10, 20, 50]: Recall=[0.01419, 0.02506, 0.03388, 0.06495],  precision=[0.00284, 0.00251, 0.00169, 0.00130], hit=[0.01419, 0.02506, 0.03388, 0.06495], ndcg=[0.01018, 0.01365, 0.01583, 0.02174], Train Rec Loss=[0.04813], Eval Rec Loss=[0.04784], c=[0.50000], F=[0.84481, 0.98931, 0.92949, 0.89447], F_fuse=[0.00566, 0.00500, 0.00338, 0.00259]
[ INFO : 2026-07-26 04:55:40,658 ] - Epoch 36: train==[112.20682 = 0.66799 + 1.34016 + 18.64423 + 0.00175 + 0.00000 + 0.00083 + 613.91935]
[ INFO : 2026-07-26 04:55:47,490 ] - Test_@[5, 10, 20, 50]: Recall=[0.01406, 0.02506, 0.03363, 0.06470],  precision=[0.00281, 0.00251, 0.00168, 0.00129], hit=[0.01406, 0.02506, 0.03363, 0.06470], ndcg=[0.01021, 0.01370, 0.01582, 0.02174], Train Rec Loss=[0.04812], Eval Rec Loss=[0.04785], c=[0.50000], F=[0.77927, 0.98940, 0.92934, 0.89324], F_fuse=[0.00561, 0.00500, 0.00336, 0.00258]
[ INFO : 2026-07-26 04:57:11,501 ] - Epoch 37: train==[112.17411 = 0.66548 + 1.34002 + 18.61438 + 0.00177 + 0.00000 + 0.00078 + 613.91794]
[ INFO : 2026-07-26 04:57:18,305 ] - Test_@[5, 10, 20, 50]: Recall=[0.01458, 0.02493, 0.03350, 0.06444],  precision=[0.00292, 0.00249, 0.00167, 0.00129], hit=[0.01458, 0.02493, 0.03350, 0.06444], ndcg=[0.01056, 0.01387, 0.01599, 0.02190], Train Rec Loss=[0.04811], Eval Rec Loss=[0.04791], c=[0.50000], F=[0.82123, 0.98905, 0.92912, 0.89427], F_fuse=[0.00581, 0.00497, 0.00334, 0.00257]
[ INFO : 2026-07-26 04:58:42,775 ] - Epoch 38: train==[111.95755 = 0.66046 + 1.33997 + 18.40301 + 0.00181 + 0.00000 + 0.00075 + 613.91693]
[ INFO : 2026-07-26 04:58:49,552 ] - Test_@[5, 10, 20, 50]: Recall=[0.01419, 0.02506, 0.03350, 0.06406],  precision=[0.00284, 0.00251, 0.00167, 0.00128], hit=[0.01419, 0.02506, 0.03350, 0.06406], ndcg=[0.01038, 0.01387, 0.01596, 0.02180], Train Rec Loss=[0.04812], Eval Rec Loss=[0.04789], c=[0.50000], F=[0.83005, 0.98879, 0.92914, 0.89470], F_fuse=[0.00566, 0.00500, 0.00334, 0.00256]
[ INFO : 2026-07-26 05:00:13,527 ] - Epoch 39: train==[111.87474 = 0.65648 + 1.33977 + 18.32381 + 0.00183 + 0.00000 + 0.00069 + 613.92044]
[ INFO : 2026-07-26 05:00:20,294 ] - Test_@[5, 10, 20, 50]: Recall=[0.01419, 0.02506, 0.03363, 0.06406],  precision=[0.00284, 0.00251, 0.00168, 0.00128], hit=[0.01419, 0.02506, 0.03363, 0.06406], ndcg=[0.01036, 0.01385, 0.01597, 0.02178], Train Rec Loss=[0.04803], Eval Rec Loss=[0.04774], c=[0.50000], F=[0.84801, 0.98846, 0.92886, 0.89601], F_fuse=[0.00566, 0.00500, 0.00336, 0.00256]
[ INFO : 2026-07-26 05:01:43,982 ] - Epoch 40: train==[111.77390 = 0.65232 + 1.33959 + 18.22760 + 0.00186 + 0.00000 + 0.00066 + 613.91810]
[ INFO : 2026-07-26 05:01:50,830 ] - Test_@[5, 10, 20, 50]: Recall=[0.01368, 0.02506, 0.03350, 0.06406],  precision=[0.00274, 0.00251, 0.00167, 0.00128], hit=[0.01368, 0.02506, 0.03350, 0.06406], ndcg=[0.01013, 0.01383, 0.01592, 0.02176], Train Rec Loss=[0.04811], Eval Rec Loss=[0.04793], c=[0.50000], F=[0.86350, 0.98776, 0.92852, 0.89685], F_fuse=[0.00546, 0.00500, 0.00334, 0.00256]
[ INFO : 2026-07-26 05:03:15,214 ] - Epoch 41: train==[111.60297 = 0.65792 + 1.33937 + 18.05091 + 0.00190 + 0.00000 + 0.00063 + 613.91987]
[ INFO : 2026-07-26 05:03:21,999 ] - Test_@[5, 10, 20, 50]: Recall=[0.01406, 0.02493, 0.03363, 0.06419],  precision=[0.00281, 0.00249, 0.00168, 0.00128], hit=[0.01406, 0.02493, 0.03363, 0.06419], ndcg=[0.01037, 0.01386, 0.01602, 0.02185], Train Rec Loss=[0.04807], Eval Rec Loss=[0.04774], c=[0.50000], F=[0.82056, 0.98816, 0.92847, 0.89719], F_fuse=[0.00561, 0.00497, 0.00336, 0.00256]
[ INFO : 2026-07-26 05:04:46,227 ] - Epoch 42: train==[111.61669 = 0.64945 + 1.33921 + 18.07329 + 0.00192 + 0.00000 + 0.00059 + 613.91933]
[ INFO : 2026-07-26 05:04:53,041 ] - Test_@[5, 10, 20, 50]: Recall=[0.01394, 0.02506, 0.03363, 0.06406],  precision=[0.00279, 0.00251, 0.00168, 0.00128], hit=[0.01394, 0.02506, 0.03363, 0.06406], ndcg=[0.01036, 0.01395, 0.01607, 0.02188], Train Rec Loss=[0.04805], Eval Rec Loss=[0.04785], c=[0.50000], F=[0.84756, 0.98723, 0.92785, 0.89564], F_fuse=[0.00556, 0.00500, 0.00336, 0.00256]
[ INFO : 2026-07-26 05:06:17,137 ] - Epoch 43: train==[111.42592 = 0.64481 + 1.33910 + 17.88715 + 0.00196 + 0.00000 + 0.00056 + 613.91985]
[ INFO : 2026-07-26 05:06:23,943 ] - Test_@[5, 10, 20, 50]: Recall=[0.01419, 0.02468, 0.03350, 0.06406],  precision=[0.00284, 0.00247, 0.00167, 0.00128], hit=[0.01419, 0.02468, 0.03350, 0.06406], ndcg=[0.01021, 0.01361, 0.01580, 0.02164], Train Rec Loss=[0.04806], Eval Rec Loss=[0.04782], c=[0.50000], F=[0.89990, 0.98684, 0.92791, 0.89565], F_fuse=[0.00566, 0.00492, 0.00334, 0.00256]
[ INFO : 2026-07-26 05:07:48,222 ] - Epoch 44: train==[111.34866 = 0.64011 + 1.33881 + 17.81488 + 0.00197 + 0.00000 + 0.00055 + 613.91903]
[ INFO : 2026-07-26 05:07:55,040 ] - Test_@[5, 10, 20, 50]: Recall=[0.01432, 0.02455, 0.03350, 0.06406],  precision=[0.00286, 0.00245, 0.00167, 0.00128], hit=[0.01432, 0.02455, 0.03350, 0.06406], ndcg=[0.01009, 0.01345, 0.01568, 0.02151], Train Rec Loss=[0.04804], Eval Rec Loss=[0.04776], c=[0.50000], F=[0.95767, 0.98627, 0.92789, 0.89624], F_fuse=[0.00571, 0.00490, 0.00334, 0.00256]
[ INFO : 2026-07-26 05:09:18,978 ] - Epoch 45: train==[111.19819 = 0.63582 + 1.33850 + 17.66856 + 0.00201 + 0.00000 + 0.00053 + 613.92117]
[ INFO : 2026-07-26 05:09:25,793 ] - Test_@[5, 10, 20, 50]: Recall=[0.01406, 0.02442, 0.03363, 0.06431],  precision=[0.00281, 0.00244, 0.00168, 0.00129], hit=[0.01406, 0.02442, 0.03363, 0.06431], ndcg=[0.01032, 0.01369, 0.01597, 0.02181], Train Rec Loss=[0.04803], Eval Rec Loss=[0.04785], c=[0.50000], F=[0.87705, 0.98640, 0.92762, 0.89531], F_fuse=[0.00561, 0.00487, 0.00336, 0.00257]
[ INFO : 2026-07-26 05:10:50,116 ] - Epoch 46: train==[111.20950 = 0.63368 + 1.33834 + 17.68196 + 0.00203 + 0.00000 + 0.00049 + 613.92226]
[ INFO : 2026-07-26 05:10:56,879 ] - Test_@[5, 10, 20, 50]: Recall=[0.01381, 0.02481, 0.03350, 0.06393],  precision=[0.00276, 0.00248, 0.00167, 0.00128], hit=[0.01381, 0.02481, 0.03350, 0.06393], ndcg=[0.01019, 0.01374, 0.01589, 0.02168], Train Rec Loss=[0.04813], Eval Rec Loss=[0.04772], c=[0.50000], F=[0.83005, 0.98664, 0.92763, 0.89432], F_fuse=[0.00551, 0.00495, 0.00334, 0.00255]
[ INFO : 2026-07-26 05:12:20,477 ] - Epoch 47: train==[111.08308 = 0.63099 + 1.33808 + 17.55858 + 0.00204 + 0.00000 + 0.00048 + 613.92089]
[ INFO : 2026-07-26 05:12:27,261 ] - Test_@[5, 10, 20, 50]: Recall=[0.01406, 0.02468, 0.03324, 0.06355],  precision=[0.00281, 0.00247, 0.00166, 0.00127], hit=[0.01406, 0.02468, 0.03324, 0.06355], ndcg=[0.01036, 0.01380, 0.01592, 0.02169], Train Rec Loss=[0.04809], Eval Rec Loss=[0.04780], c=[0.50000], F=[0.86216, 0.98641, 0.92750, 0.89210], F_fuse=[0.00561, 0.00492, 0.00332, 0.00254]
[ INFO : 2026-07-26 05:13:50,831 ] - Epoch 48: train==[110.96900 = 0.62864 + 1.33779 + 17.44657 + 0.00207 + 0.00000 + 0.00047 + 613.92382]
[ INFO : 2026-07-26 05:13:57,640 ] - Test_@[5, 10, 20, 50]: Recall=[0.01432, 0.02378, 0.03312, 0.06355],  precision=[0.00286, 0.00238, 0.00166, 0.00127], hit=[0.01432, 0.02378, 0.03312, 0.06355], ndcg=[0.00998, 0.01306, 0.01539, 0.02117], Train Rec Loss=[0.04807], Eval Rec Loss=[0.04791], c=[0.50000], F=[0.90737, 0.98509, 0.92719, 0.89114], F_fuse=[0.00571, 0.00474, 0.00331, 0.00254]
[ INFO : 2026-07-26 05:15:21,381 ] - Epoch 49: train==[110.98442 = 0.62600 + 1.33751 + 17.46537 + 0.00210 + 0.00000 + 0.00044 + 613.92000]
[ INFO : 2026-07-26 05:15:28,192 ] - Test_@[5, 10, 20, 50]: Recall=[0.01394, 0.02442, 0.03312, 0.06304],  precision=[0.00279, 0.00244, 0.00166, 0.00126], hit=[0.01394, 0.02442, 0.03312, 0.06304], ndcg=[0.00986, 0.01326, 0.01542, 0.02109], Train Rec Loss=[0.04803], Eval Rec Loss=[0.04775], c=[0.50000], F=[0.86261, 0.98467, 0.92736, 0.89162], F_fuse=[0.00556, 0.00487, 0.00331, 0.00252]
[ INFO : 2026-07-26 05:16:52,241 ] - Epoch 50: train==[110.81803 = 0.62269 + 1.33717 + 17.30249 + 0.00210 + 0.00000 + 0.00044 + 613.92002]
[ INFO : 2026-07-26 05:16:58,982 ] - Test_@[5, 10, 20, 50]: Recall=[0.01394, 0.02455, 0.03312, 0.06265],  precision=[0.00279, 0.00245, 0.00166, 0.00125], hit=[0.01394, 0.02455, 0.03312, 0.06265], ndcg=[0.01019, 0.01360, 0.01572, 0.02133], Train Rec Loss=[0.04800], Eval Rec Loss=[0.04775], c=[0.50000], F=[0.86935, 0.98525, 0.92760, 0.89316], F_fuse=[0.00556, 0.00490, 0.00331, 0.00250]
[ INFO : 2026-07-26 05:18:34,025 ] - Epoch 51: train==[110.67301 = 0.62105 + 1.33681 + 17.15933 + 0.00214 + 0.00000 + 0.00043 + 613.91983]
[ INFO : 2026-07-26 05:18:40,768 ] - Test_@[5, 10, 20, 50]: Recall=[0.01394, 0.02468, 0.03337, 0.06214],  precision=[0.00279, 0.00247, 0.00167, 0.00124], hit=[0.01394, 0.02468, 0.03337, 0.06214], ndcg=[0.01028, 0.01371, 0.01585, 0.02130], Train Rec Loss=[0.04811], Eval Rec Loss=[0.04778], c=[0.50000], F=[0.82295, 0.98536, 0.92772, 0.89249], F_fuse=[0.00556, 0.00492, 0.00333, 0.00248]
[ INFO : 2026-07-26 05:20:10,875 ] - Epoch 52: train==[110.66917 = 0.62058 + 1.33639 + 17.15600 + 0.00219 + 0.00000 + 0.00041 + 613.92105]
[ INFO : 2026-07-26 05:20:17,646 ] - Test_@[5, 10, 20, 50]: Recall=[0.01355, 0.02442, 0.03299, 0.06240],  precision=[0.00271, 0.00244, 0.00165, 0.00125], hit=[0.01355, 0.02442, 0.03299, 0.06240], ndcg=[0.00979, 0.01329, 0.01541, 0.02100], Train Rec Loss=[0.04819], Eval Rec Loss=[0.04773], c=[0.50000], F=[0.83168, 0.98386, 0.92700, 0.89175], F_fuse=[0.00540, 0.00487, 0.00329, 0.00249]
[ INFO : 2026-07-26 05:21:43,488 ] - Epoch 53: train==[110.64714 = 0.61565 + 1.33604 + 17.13904 + 0.00216 + 0.00000 + 0.00040 + 613.92176]
[ INFO : 2026-07-26 05:21:50,297 ] - Test_@[5, 10, 20, 50]: Recall=[0.01394, 0.02417, 0.03299, 0.06240],  precision=[0.00279, 0.00242, 0.00165, 0.00125], hit=[0.01394, 0.02417, 0.03299, 0.06240], ndcg=[0.01019, 0.01348, 0.01568, 0.02126], Train Rec Loss=[0.04798], Eval Rec Loss=[0.04782], c=[0.50000], F=[0.85596, 0.98370, 0.92657, 0.89125], F_fuse=[0.00556, 0.00482, 0.00329, 0.00249]
[ INFO : 2026-07-26 05:23:37,972 ] - Epoch 54: train==[110.47649 = 0.60961 + 1.33562 + 16.97458 + 0.00222 + 0.00000 + 0.00039 + 613.92208]
[ INFO : 2026-07-26 05:23:44,701 ] - Test_@[5, 10, 20, 50]: Recall=[0.01406, 0.02417, 0.03299, 0.06214],  precision=[0.00281, 0.00242, 0.00165, 0.00124], hit=[0.01406, 0.02417, 0.03299, 0.06214], ndcg=[0.00981, 0.01306, 0.01525, 0.02078], Train Rec Loss=[0.04815], Eval Rec Loss=[0.04781], c=[0.50000], F=[0.86299, 0.98342, 0.92657, 0.89161], F_fuse=[0.00561, 0.00482, 0.00329, 0.00248]
[ INFO : 2026-07-26 05:25:14,346 ] - Epoch 55: train==[110.37827 = 0.61027 + 1.33526 + 16.87616 + 0.00222 + 0.00000 + 0.00039 + 613.92054]
[ INFO : 2026-07-26 05:25:21,116 ] - Test_@[5, 10, 20, 50]: Recall=[0.01394, 0.02378, 0.03299, 0.06188],  precision=[0.00279, 0.00238, 0.00165, 0.00124], hit=[0.01394, 0.02378, 0.03299, 0.06188], ndcg=[0.00988, 0.01309, 0.01537, 0.02085], Train Rec Loss=[0.04813], Eval Rec Loss=[0.04786], c=[0.50000], F=[0.84826, 0.98341, 0.92667, 0.89006], F_fuse=[0.00556, 0.00474, 0.00329, 0.00247]
[ INFO : 2026-07-26 05:26:45,351 ] - Epoch 56: train==[110.32847 = 0.60731 + 1.33472 + 16.82958 + 0.00225 + 0.00000 + 0.00037 + 613.92079]
[ INFO : 2026-07-26 05:26:52,146 ] - Test_@[5, 10, 20, 50]: Recall=[0.01368, 0.02378, 0.03286, 0.06150],  precision=[0.00274, 0.00238, 0.00164, 0.00123], hit=[0.01368, 0.02378, 0.03286, 0.06150], ndcg=[0.00946, 0.01276, 0.01500, 0.02044], Train Rec Loss=[0.04806], Eval Rec Loss=[0.04781], c=[0.50000], F=[0.91156, 0.98191, 0.92572, 0.89068], F_fuse=[0.00546, 0.00474, 0.00328, 0.00246]
[ INFO : 2026-07-26 05:28:16,370 ] - Epoch 57: train==[110.18230 = 0.60722 + 1.33421 + 16.68401 + 0.00228 + 0.00000 + 0.00037 + 613.91931]
[ INFO : 2026-07-26 05:28:23,167 ] - Test_@[5, 10, 20, 50]: Recall=[0.01368, 0.02353, 0.03299, 0.06163],  precision=[0.00274, 0.00235, 0.00165, 0.00123], hit=[0.01368, 0.02353, 0.03299, 0.06163], ndcg=[0.00938, 0.01262, 0.01496, 0.02040], Train Rec Loss=[0.04812], Eval Rec Loss=[0.04788], c=[0.50000], F=[0.91891, 0.98155, 0.92565, 0.89182], F_fuse=[0.00546, 0.00469, 0.00329, 0.00246]
[ INFO : 2026-07-26 05:29:46,934 ] - Epoch 58: train==[110.05403 = 0.60168 + 1.33356 + 16.56122 + 0.00230 + 0.00000 + 0.00036 + 613.92210]
[ INFO : 2026-07-26 05:29:53,726 ] - Test_@[5, 10, 20, 50]: Recall=[0.01355, 0.02378, 0.03286, 0.06086],  precision=[0.00271, 0.00238, 0.00164, 0.00122], hit=[0.01355, 0.02378, 0.03286, 0.06086], ndcg=[0.00943, 0.01277, 0.01502, 0.02033], Train Rec Loss=[0.04810], Eval Rec Loss=[0.04788], c=[0.50000], F=[0.90849, 0.98104, 0.92469, 0.89106], F_fuse=[0.00541, 0.00474, 0.00328, 0.00243]
[ INFO : 2026-07-26 05:31:18,016 ] - Epoch 59: train==[110.03405 = 0.59952 + 1.33290 + 16.54342 + 0.00232 + 0.00000 + 0.00035 + 613.92459]
[ INFO : 2026-07-26 05:31:24,790 ] - Test_@[5, 10, 20, 50]: Recall=[0.01343, 0.02391, 0.03273, 0.06125],  precision=[0.00269, 0.00239, 0.00164, 0.00122], hit=[0.01343, 0.02391, 0.03273, 0.06125], ndcg=[0.00929, 0.01272, 0.01491, 0.02032], Train Rec Loss=[0.04813], Eval Rec Loss=[0.04785], c=[0.50000], F=[0.89092, 0.98133, 0.92515, 0.89097], F_fuse=[0.00535, 0.00477, 0.00327, 0.00245]
[ INFO : 2026-07-26 05:32:48,570 ] - Epoch 60: train==[110.01012 = 0.59420 + 1.33226 + 16.52556 + 0.00233 + 0.00000 + 0.00034 + 613.92215]
[ INFO : 2026-07-26 05:32:55,354 ] - Test_@[5, 10, 20, 50]: Recall=[0.01343, 0.02340, 0.03235, 0.06112],  precision=[0.00269, 0.00234, 0.00162, 0.00122], hit=[0.01343, 0.02340, 0.03235, 0.06112], ndcg=[0.00919, 0.01249, 0.01472, 0.02019], Train Rec Loss=[0.04815], Eval Rec Loss=[0.04794], c=[0.50000], F=[0.94357, 0.97777, 0.92452, 0.89257], F_fuse=[0.00535, 0.00467, 0.00323, 0.00244]
[ INFO : 2026-07-26 05:34:19,213 ] - Epoch 61: train==[109.91614 = 0.59559 + 1.33139 + 16.43113 + 0.00235 + 0.00000 + 0.00034 + 613.91930]
[ INFO : 2026-07-26 05:34:26,046 ] - Test_@[5, 10, 20, 50]: Recall=[0.01343, 0.02391, 0.03286, 0.06099],  precision=[0.00269, 0.00239, 0.00164, 0.00122], hit=[0.01343, 0.02391, 0.03286, 0.06099], ndcg=[0.00927, 0.01272, 0.01494, 0.02027], Train Rec Loss=[0.04817], Eval Rec Loss=[0.04791], c=[0.50000], F=[0.92712, 0.97975, 0.92472, 0.89332], F_fuse=[0.00535, 0.00477, 0.00328, 0.00244]
[ INFO : 2026-07-26 05:35:50,219 ] - Epoch 62: train==[109.84075 = 0.59175 + 1.33052 + 16.36002 + 0.00237 + 0.00000 + 0.00034 + 613.91970]
[ INFO : 2026-07-26 05:35:57,004 ] - Test_@[5, 10, 20, 50]: Recall=[0.01317, 0.02378, 0.03248, 0.05946],  precision=[0.00263, 0.00238, 0.00162, 0.00119], hit=[0.01317, 0.02378, 0.03248, 0.05946], ndcg=[0.00903, 0.01253, 0.01468, 0.01982], Train Rec Loss=[0.04827], Eval Rec Loss=[0.04797], c=[0.50000], F=[0.93875, 0.97759, 0.92468, 0.89368], F_fuse=[0.00525, 0.00474, 0.00324, 0.00238]
[ INFO : 2026-07-26 05:37:20,433 ] - Epoch 63: train==[109.78355 = 0.58916 + 1.32972 + 16.30588 + 0.00239 + 0.00000 + 0.00033 + 613.91966]
[ INFO : 2026-07-26 05:37:27,246 ] - Test_@[5, 10, 20, 50]: Recall=[0.01317, 0.02353, 0.03222, 0.06009],  precision=[0.00263, 0.00235, 0.00161, 0.00120], hit=[0.01317, 0.02353, 0.03222, 0.06009], ndcg=[0.00919, 0.01261, 0.01477, 0.02009], Train Rec Loss=[0.04819], Eval Rec Loss=[0.04799], c=[0.50000], F=[0.93635, 0.97777, 0.92463, 0.89310], F_fuse=[0.00525, 0.00469, 0.00322, 0.00240]
[ INFO : 2026-07-26 05:38:51,533 ] - Epoch 64: train==[109.72060 = 0.59047 + 1.32865 + 16.24175 + 0.00240 + 0.00000 + 0.00033 + 613.92306]
[ INFO : 2026-07-26 05:38:58,352 ] - Test_@[5, 10, 20, 50]: Recall=[0.01279, 0.02378, 0.03248, 0.05958],  precision=[0.00256, 0.00238, 0.00162, 0.00119], hit=[0.01279, 0.02378, 0.03248, 0.05958], ndcg=[0.00883, 0.01247, 0.01462, 0.01978], Train Rec Loss=[0.04831], Eval Rec Loss=[0.04798], c=[0.50000], F=[0.92645, 0.97794, 0.92426, 0.89423], F_fuse=[0.00510, 0.00474, 0.00324, 0.00238]
[ INFO : 2026-07-26 05:40:22,343 ] - Epoch 65: train==[109.62515 = 0.58970 + 1.32730 + 16.14846 + 0.00242 + 0.00000 + 0.00032 + 613.91904]
[ INFO : 2026-07-26 05:40:29,108 ] - Test_@[5, 10, 20, 50]: Recall=[0.01253, 0.02327, 0.03197, 0.05920],  precision=[0.00251, 0.00233, 0.00160, 0.00118], hit=[0.01253, 0.02327, 0.03197, 0.05920], ndcg=[0.00868, 0.01223, 0.01439, 0.01960], Train Rec Loss=[0.04829], Eval Rec Loss=[0.04806], c=[0.50000], F=[0.92226, 0.97796, 0.92441, 0.89131], F_fuse=[0.00500, 0.00464, 0.00319, 0.00236]
[ INFO : 2026-07-26 05:41:53,102 ] - Epoch 66: train==[109.50791 = 0.58416 + 1.32613 + 16.03723 + 0.00246 + 0.00000 + 0.00032 + 613.92046]
[ INFO : 2026-07-26 05:41:59,877 ] - Test_@[5, 10, 20, 50]: Recall=[0.01215, 0.02340, 0.03197, 0.05971],  precision=[0.00243, 0.00234, 0.00160, 0.00119], hit=[0.01215, 0.02340, 0.03197, 0.05971], ndcg=[0.00837, 0.01210, 0.01422, 0.01952], Train Rec Loss=[0.04835], Eval Rec Loss=[0.04819], c=[0.50000], F=[0.91404, 0.97475, 0.92440, 0.89072], F_fuse=[0.00485, 0.00467, 0.00319, 0.00239]
[ INFO : 2026-07-26 05:43:24,276 ] - Epoch 67: train==[109.49352 = 0.58050 + 1.32469 + 16.02740 + 0.00247 + 0.00000 + 0.00032 + 613.92009]
[ INFO : 2026-07-26 05:43:31,039 ] - Test_@[5, 10, 20, 50]: Recall=[0.01279, 0.02353, 0.03235, 0.05997],  precision=[0.00256, 0.00235, 0.00162, 0.00120], hit=[0.01279, 0.02353, 0.03235, 0.05997], ndcg=[0.00896, 0.01249, 0.01469, 0.01996], Train Rec Loss=[0.04856], Eval Rec Loss=[0.04815], c=[0.50000], F=[0.92785, 0.97767, 0.92513, 0.89127], F_fuse=[0.00510, 0.00469, 0.00323, 0.00240]
[ INFO : 2026-07-26 05:44:54,951 ] - Epoch 68: train==[109.41459 = 0.57928 + 1.32342 + 15.95047 + 0.00248 + 0.00000 + 0.00031 + 613.91999]
[ INFO : 2026-07-26 05:45:01,756 ] - Test_@[5, 10, 20, 50]: Recall=[0.01240, 0.02314, 0.03222, 0.05894],  precision=[0.00248, 0.00231, 0.00161, 0.00118], hit=[0.01240, 0.02314, 0.03222, 0.05894], ndcg=[0.00851, 0.01206, 0.01431, 0.01942], Train Rec Loss=[0.04846], Eval Rec Loss=[0.04804], c=[0.50000], F=[0.91273, 0.97721, 0.92468, 0.89097], F_fuse=[0.00495, 0.00462, 0.00322, 0.00235]
[ INFO : 2026-07-26 05:46:26,181 ] - Epoch 69: train==[109.37418 = 0.57643 + 1.32186 + 15.91386 + 0.00251 + 0.00000 + 0.00031 + 613.91964]
[ INFO : 2026-07-26 05:46:32,953 ] - Test_@[5, 10, 20, 50]: Recall=[0.01343, 0.02353, 0.03197, 0.05946],  precision=[0.00269, 0.00235, 0.00160, 0.00119], hit=[0.01343, 0.02353, 0.03197, 0.05946], ndcg=[0.00910, 0.01243, 0.01452, 0.01978], Train Rec Loss=[0.04839], Eval Rec Loss=[0.04822], c=[0.50000], F=[0.92130, 0.97551, 0.92372, 0.89248], F_fuse=[0.00535, 0.00469, 0.00319, 0.00238]
[ INFO : 2026-07-26 05:47:56,739 ] - Epoch 70: train==[109.20864 = 0.57626 + 1.32000 + 15.74982 + 0.00251 + 0.00000 + 0.00031 + 613.91827]
[ INFO : 2026-07-26 05:48:03,498 ] - Test_@[5, 10, 20, 50]: Recall=[0.01368, 0.02301, 0.03145, 0.05933],  precision=[0.00274, 0.00230, 0.00157, 0.00119], hit=[0.01368, 0.02301, 0.03145, 0.05933], ndcg=[0.00907, 0.01215, 0.01425, 0.01958], Train Rec Loss=[0.04855], Eval Rec Loss=[0.04824], c=[0.50000], F=[0.93727, 0.96789, 0.92246, 0.89270], F_fuse=[0.00546, 0.00459, 0.00314, 0.00237]
[ INFO : 2026-07-26 05:49:27,131 ] - Epoch 71: train==[109.14413 = 0.57037 + 1.31830 + 15.69177 + 0.00255 + 0.00000 + 0.00031 + 613.92099]
[ INFO : 2026-07-26 05:49:33,910 ] - Test_@[5, 10, 20, 50]: Recall=[0.01355, 0.02327, 0.03171, 0.05869],  precision=[0.00271, 0.00233, 0.00159, 0.00117], hit=[0.01355, 0.02327, 0.03171, 0.05869], ndcg=[0.00898, 0.01216, 0.01425, 0.01941], Train Rec Loss=[0.04863], Eval Rec Loss=[0.04824], c=[0.50000], F=[0.92615, 0.97142, 0.92351, 0.89120], F_fuse=[0.00541, 0.00464, 0.00317, 0.00234]
[ INFO : 2026-07-26 05:50:58,056 ] - Epoch 72: train==[109.06485 = 0.57115 + 1.31641 + 15.61263 + 0.00255 + 0.00000 + 0.00030 + 613.92245]
[ INFO : 2026-07-26 05:51:04,915 ] - Test_@[5, 10, 20, 50]: Recall=[0.01317, 0.02353, 0.03145, 0.05971],  precision=[0.00263, 0.00235, 0.00157, 0.00119], hit=[0.01317, 0.02353, 0.03145, 0.05971], ndcg=[0.00888, 0.01229, 0.01426, 0.01966], Train Rec Loss=[0.04855], Eval Rec Loss=[0.04841], c=[0.50000], F=[0.92446, 0.96968, 0.92288, 0.89202], F_fuse=[0.00525, 0.00469, 0.00314, 0.00239]
[ INFO : 2026-07-26 05:52:30,138 ] - Epoch 73: train==[109.07554 = 0.56900 + 1.31420 + 15.62731 + 0.00255 + 0.00000 + 0.00029 + 613.91912]
[ INFO : 2026-07-26 05:52:36,972 ] - Test_@[5, 10, 20, 50]: Recall=[0.01355, 0.02301, 0.03171, 0.05920],  precision=[0.00271, 0.00230, 0.00159, 0.00118], hit=[0.01355, 0.02301, 0.03171, 0.05920], ndcg=[0.00893, 0.01202, 0.01419, 0.01943], Train Rec Loss=[0.04871], Eval Rec Loss=[0.04833], c=[0.50000], F=[0.91963, 0.96800, 0.92175, 0.89041], F_fuse=[0.00541, 0.00459, 0.00317, 0.00236]
[ INFO : 2026-07-26 05:54:02,073 ] - Epoch 74: train==[108.96492 = 0.56498 + 1.31208 + 15.52192 + 0.00259 + 0.00000 + 0.00029 + 613.91924]
[ INFO : 2026-07-26 05:54:08,871 ] - Test_@[5, 10, 20, 50]: Recall=[0.01355, 0.02327, 0.03184, 0.05933],  precision=[0.00271, 0.00233, 0.00159, 0.00119], hit=[0.01355, 0.02327, 0.03184, 0.05933], ndcg=[0.00906, 0.01225, 0.01439, 0.01964], Train Rec Loss=[0.04873], Eval Rec Loss=[0.04845], c=[0.50000], F=[0.91906, 0.97366, 0.92294, 0.89054], F_fuse=[0.00541, 0.00464, 0.00318, 0.00237]
[ INFO : 2026-07-26 05:55:33,255 ] - Epoch 75: train==[108.90995 = 0.56619 + 1.30961 + 15.46714 + 0.00259 + 0.00000 + 0.00029 + 613.91992]
[ INFO : 2026-07-26 05:55:40,070 ] - Test_@[5, 10, 20, 50]: Recall=[0.01394, 0.02289, 0.03158, 0.05958],  precision=[0.00279, 0.00229, 0.00158, 0.00119], hit=[0.01394, 0.02289, 0.03158, 0.05958], ndcg=[0.00917, 0.01211, 0.01427, 0.01962], Train Rec Loss=[0.04887], Eval Rec Loss=[0.04856], c=[0.50000], F=[0.92877, 0.95857, 0.91989, 0.89084], F_fuse=[0.00556, 0.00457, 0.00315, 0.00238]
[ INFO : 2026-07-26 05:57:04,772 ] - Epoch 76: train==[108.92974 = 0.56273 + 1.30660 + 15.49207 + 0.00261 + 0.00000 + 0.00029 + 613.92049]
[ INFO : 2026-07-26 05:57:11,562 ] - Test_@[5, 10, 20, 50]: Recall=[0.01330, 0.02289, 0.03107, 0.05869],  precision=[0.00266, 0.00229, 0.00155, 0.00117], hit=[0.01330, 0.02289, 0.03107, 0.05869], ndcg=[0.00881, 0.01199, 0.01403, 0.01932], Train Rec Loss=[0.04895], Eval Rec Loss=[0.04871], c=[0.50000], F=[0.87941, 0.95095, 0.91888, 0.89042], F_fuse=[0.00530, 0.00457, 0.00310, 0.00234]
[ INFO : 2026-07-26 05:58:36,264 ] - Epoch 77: train==[108.74549 = 0.56462 + 1.30397 + 15.30796 + 0.00264 + 0.00000 + 0.00029 + 613.91728]
[ INFO : 2026-07-26 05:58:43,081 ] - Test_@[5, 10, 20, 50]: Recall=[0.01355, 0.02301, 0.03107, 0.05818],  precision=[0.00271, 0.00230, 0.00155, 0.00116], hit=[0.01355, 0.02301, 0.03107, 0.05818], ndcg=[0.00887, 0.01197, 0.01398, 0.01918], Train Rec Loss=[0.04913], Eval Rec Loss=[0.04862], c=[0.50000], F=[0.90099, 0.96338, 0.92049, 0.88983], F_fuse=[0.00541, 0.00459, 0.00310, 0.00232]
[ INFO : 2026-07-26 06:00:07,423 ] - Epoch 78: train==[108.66678 = 0.56317 + 1.30095 + 15.23215 + 0.00266 + 0.00000 + 0.00028 + 613.91961]
[ INFO : 2026-07-26 06:00:14,266 ] - Test_@[5, 10, 20, 50]: Recall=[0.01330, 0.02250, 0.03018, 0.05805],  precision=[0.00266, 0.00225, 0.00151, 0.00116], hit=[0.01330, 0.02250, 0.03018, 0.05805], ndcg=[0.00882, 0.01186, 0.01379, 0.01914], Train Rec Loss=[0.04910], Eval Rec Loss=[0.04881], c=[0.50000], F=[0.85345, 0.94726, 0.91795, 0.89041], F_fuse=[0.00530, 0.00449, 0.00301, 0.00232]
[ INFO : 2026-07-26 06:01:38,620 ] - Epoch 79: train==[108.67387 = 0.56076 + 1.29749 + 15.24446 + 0.00266 + 0.00000 + 0.00028 + 613.91472]
[ INFO : 2026-07-26 06:01:45,405 ] - Test_@[5, 10, 20, 50]: Recall=[0.01394, 0.02365, 0.03094, 0.05830],  precision=[0.00279, 0.00237, 0.00155, 0.00117], hit=[0.01394, 0.02365, 0.03094, 0.05830], ndcg=[0.00909, 0.01227, 0.01410, 0.01936], Train Rec Loss=[0.04928], Eval Rec Loss=[0.04885], c=[0.50000], F=[0.93503, 0.95942, 0.91968, 0.89077], F_fuse=[0.00556, 0.00472, 0.00309, 0.00233]
[ INFO : 2026-07-26 06:03:10,039 ] - Epoch 80: train==[108.56316 = 0.55717 + 1.29394 + 15.13900 + 0.00267 + 0.00000 + 0.00028 + 613.91782]
[ INFO : 2026-07-26 06:03:16,870 ] - Test_@[5, 10, 20, 50]: Recall=[0.01368, 0.02340, 0.03094, 0.05830],  precision=[0.00274, 0.00234, 0.00155, 0.00117], hit=[0.01368, 0.02340, 0.03094, 0.05830], ndcg=[0.00896, 0.01216, 0.01403, 0.01929], Train Rec Loss=[0.04940], Eval Rec Loss=[0.04911], c=[0.50000], F=[0.91545, 0.96815, 0.92074, 0.88957], F_fuse=[0.00546, 0.00467, 0.00309, 0.00233]
[ INFO : 2026-07-26 06:04:41,329 ] - Epoch 81: train==[108.52814 = 0.55717 + 1.29016 + 15.10608 + 0.00268 + 0.00000 + 0.00028 + 613.91889]
[ INFO : 2026-07-26 06:04:48,087 ] - Test_@[5, 10, 20, 50]: Recall=[0.01304, 0.02314, 0.03043, 0.05767],  precision=[0.00261, 0.00231, 0.00152, 0.00115], hit=[0.01304, 0.02314, 0.03043, 0.05767], ndcg=[0.00870, 0.01200, 0.01384, 0.01909], Train Rec Loss=[0.04963], Eval Rec Loss=[0.04908], c=[0.50000], F=[0.88200, 0.95023, 0.91717, 0.88941], F_fuse=[0.00520, 0.00462, 0.00304, 0.00230]
[ INFO : 2026-07-26 06:06:11,900 ] - Epoch 82: train==[108.35752 = 0.55496 + 1.28665 + 14.94019 + 0.00273 + 0.00000 + 0.00027 + 613.91585]
[ INFO : 2026-07-26 06:06:18,704 ] - Test_@[5, 10, 20, 50]: Recall=[0.01253, 0.02238, 0.03018, 0.05767],  precision=[0.00251, 0.00224, 0.00151, 0.00115], hit=[0.01253, 0.02238, 0.03018, 0.05767], ndcg=[0.00836, 0.01157, 0.01353, 0.01882], Train Rec Loss=[0.04967], Eval Rec Loss=[0.04936], c=[0.50000], F=[0.87257, 0.95793, 0.91754, 0.88957], F_fuse=[0.00500, 0.00446, 0.00301, 0.00230]
[ INFO : 2026-07-26 06:07:43,109 ] - Epoch 83: train==[108.37958 = 0.55658 + 1.28254 + 14.96304 + 0.00271 + 0.00000 + 0.00027 + 613.91638]
[ INFO : 2026-07-26 06:07:49,901 ] - Test_@[5, 10, 20, 50]: Recall=[0.01317, 0.02340, 0.03069, 0.05792],  precision=[0.00263, 0.00234, 0.00153, 0.00116], hit=[0.01317, 0.02340, 0.03069, 0.05792], ndcg=[0.00866, 0.01205, 0.01387, 0.01910], Train Rec Loss=[0.04974], Eval Rec Loss=[0.04969], c=[0.50000], F=[0.90477, 0.96183, 0.91900, 0.88914], F_fuse=[0.00525, 0.00467, 0.00306, 0.00231]
[ INFO : 2026-07-26 06:09:14,271 ] - Epoch 84: train==[108.25647 = 0.55766 + 1.27823 + 14.84092 + 0.00275 + 0.00000 + 0.00027 + 613.91949]
[ INFO : 2026-07-26 06:09:21,072 ] - Test_@[5, 10, 20, 50]: Recall=[0.01253, 0.02276, 0.02992, 0.05767],  precision=[0.00251, 0.00228, 0.00150, 0.00115], hit=[0.01253, 0.02276, 0.02992, 0.05767], ndcg=[0.00832, 0.01167, 0.01347, 0.01881], Train Rec Loss=[0.05014], Eval Rec Loss=[0.04971], c=[0.50000], F=[0.89501, 0.95199, 0.91475, 0.88988], F_fuse=[0.00500, 0.00454, 0.00299, 0.00230]
[ INFO : 2026-07-26 06:10:45,287 ] - Epoch 85: train==[108.26849 = 0.55669 + 1.27439 + 14.85663 + 0.00273 + 0.00000 + 0.00027 + 613.91685]
[ INFO : 2026-07-26 06:10:52,114 ] - Test_@[5, 10, 20, 50]: Recall=[0.01343, 0.02276, 0.03030, 0.05664],  precision=[0.00269, 0.00228, 0.00152, 0.00113], hit=[0.01343, 0.02276, 0.03030, 0.05664], ndcg=[0.00875, 0.01182, 0.01371, 0.01878], Train Rec Loss=[0.05043], Eval Rec Loss=[0.04981], c=[0.50000], F=[0.89054, 0.95555, 0.91684, 0.88982], F_fuse=[0.00535, 0.00454, 0.00303, 0.00226]
[ INFO : 2026-07-26 06:12:16,299 ] - Epoch 86: train==[108.10626 = 0.55086 + 1.26965 + 14.70328 + 0.00277 + 0.00000 + 0.00027 + 613.91521]
[ INFO : 2026-07-26 06:12:23,074 ] - Test_@[5, 10, 20, 50]: Recall=[0.01291, 0.02212, 0.03018, 0.05715],  precision=[0.00258, 0.00221, 0.00151, 0.00114], hit=[0.01291, 0.02212, 0.03018, 0.05715], ndcg=[0.00851, 0.01155, 0.01358, 0.01876], Train Rec Loss=[0.05026], Eval Rec Loss=[0.05019], c=[0.50000], F=[0.87119, 0.93778, 0.91206, 0.88879], F_fuse=[0.00515, 0.00441, 0.00301, 0.00228]
[ INFO : 2026-07-26 06:13:47,467 ] - Epoch 87: train==[108.09561 = 0.54891 + 1.26500 + 14.69734 + 0.00278 + 0.00000 + 0.00027 + 613.91535]
[ INFO : 2026-07-26 06:13:54,272 ] - Test_@[5, 10, 20, 50]: Recall=[0.01227, 0.02238, 0.02966, 0.05728],  precision=[0.00245, 0.00224, 0.00148, 0.00115], hit=[0.01227, 0.02238, 0.02966, 0.05728], ndcg=[0.00827, 0.01158, 0.01342, 0.01874], Train Rec Loss=[0.05075], Eval Rec Loss=[0.05020], c=[0.50000], F=[0.88402, 0.95053, 0.91442, 0.88997], F_fuse=[0.00490, 0.00446, 0.00296, 0.00229]
[ INFO : 2026-07-26 06:15:19,302 ] - Epoch 88: train==[107.99019 = 0.54861 + 1.26125 + 14.59416 + 0.00279 + 0.00000 + 0.00026 + 613.91741]
[ INFO : 2026-07-26 06:15:26,117 ] - Test_@[5, 10, 20, 50]: Recall=[0.01317, 0.02238, 0.02966, 0.05728],  precision=[0.00263, 0.00224, 0.00148, 0.00115], hit=[0.01317, 0.02238, 0.02966, 0.05728], ndcg=[0.00860, 0.01162, 0.01346, 0.01878], Train Rec Loss=[0.05076], Eval Rec Loss=[0.05042], c=[0.50000], F=[0.88626, 0.95164, 0.91472, 0.89018], F_fuse=[0.00525, 0.00446, 0.00296, 0.00229]
[ INFO : 2026-07-26 06:16:50,147 ] - Epoch 89: train==[107.90011 = 0.55017 + 1.25640 + 14.50578 + 0.00281 + 0.00000 + 0.00026 + 613.91499]
[ INFO : 2026-07-26 06:16:56,984 ] - Test_@[5, 10, 20, 50]: Recall=[0.01240, 0.02199, 0.02966, 0.05715],  precision=[0.00248, 0.00220, 0.00148, 0.00114], hit=[0.01240, 0.02199, 0.02966, 0.05715], ndcg=[0.00836, 0.01151, 0.01345, 0.01876], Train Rec Loss=[0.05091], Eval Rec Loss=[0.05071], c=[0.50000], F=[0.85972, 0.93482, 0.90866, 0.88920], F_fuse=[0.00495, 0.00439, 0.00296, 0.00228]
[ INFO : 2026-07-26 06:18:21,431 ] - Epoch 90: train==[107.85926 = 0.54552 + 1.25219 + 14.47216 + 0.00282 + 0.00000 + 0.00026 + 613.91455]
[ INFO : 2026-07-26 06:18:28,280 ] - Test_@[5, 10, 20, 50]: Recall=[0.01368, 0.02250, 0.02966, 0.05703],  precision=[0.00274, 0.00225, 0.00148, 0.00114], hit=[0.01368, 0.02250, 0.02966, 0.05703], ndcg=[0.00880, 0.01169, 0.01348, 0.01875], Train Rec Loss=[0.05112], Eval Rec Loss=[0.05104], c=[0.50000], F=[0.90512, 0.94788, 0.91146, 0.89033], F_fuse=[0.00546, 0.00449, 0.00296, 0.00228]
[ INFO : 2026-07-26 06:19:52,093 ] - Epoch 91: train==[107.87090 = 0.54517 + 1.24760 + 14.48691 + 0.00283 + 0.00000 + 0.00026 + 613.91443]
[ INFO : 2026-07-26 06:19:58,885 ] - Test_@[5, 10, 20, 50]: Recall=[0.01227, 0.02033, 0.02902, 0.05613],  precision=[0.00245, 0.00203, 0.00145, 0.00112], hit=[0.01227, 0.02033, 0.02902, 0.05613], ndcg=[0.00826, 0.01093, 0.01313, 0.01837], Train Rec Loss=[0.05148], Eval Rec Loss=[0.05117], c=[0.50000], F=[0.84585, 0.92454, 0.90771, 0.89066], F_fuse=[0.00490, 0.00406, 0.00290, 0.00224]
[ INFO : 2026-07-26 06:21:23,287 ] - Epoch 92: train==[107.88111 = 0.54561 + 1.24337 + 14.49914 + 0.00283 + 0.00000 + 0.00026 + 613.91501]
[ INFO : 2026-07-26 06:21:30,073 ] - Test_@[5, 10, 20, 50]: Recall=[0.01151, 0.02301, 0.03005, 0.05703],  precision=[0.00230, 0.00230, 0.00150, 0.00114], hit=[0.01151, 0.02301, 0.03005, 0.05703], ndcg=[0.00785, 0.01160, 0.01336, 0.01857], Train Rec Loss=[0.05167], Eval Rec Loss=[0.05124], c=[0.50000], F=[0.88188, 0.96249, 0.91526, 0.89015], F_fuse=[0.00459, 0.00459, 0.00300, 0.00228]
[ INFO : 2026-07-26 06:22:54,374 ] - Epoch 93: train==[107.78295 = 0.54305 + 1.23887 + 14.40652 + 0.00283 + 0.00000 + 0.00026 + 613.91308]
[ INFO : 2026-07-26 06:23:01,165 ] - Test_@[5, 10, 20, 50]: Recall=[0.01227, 0.02174, 0.02928, 0.05651],  precision=[0.00245, 0.00217, 0.00146, 0.00113], hit=[0.01227, 0.02174, 0.02928, 0.05651], ndcg=[0.00818, 0.01127, 0.01318, 0.01844], Train Rec Loss=[0.05210], Eval Rec Loss=[0.05148], c=[0.50000], F=[0.86720, 0.94719, 0.91064, 0.88974], F_fuse=[0.00490, 0.00434, 0.00292, 0.00226]
[ INFO : 2026-07-26 06:24:25,712 ] - Epoch 94: train==[107.63035 = 0.54284 + 1.23460 + 14.25594 + 0.00287 + 0.00000 + 0.00025 + 613.91792]
[ INFO : 2026-07-26 06:24:32,503 ] - Test_@[5, 10, 20, 50]: Recall=[0.01215, 0.02186, 0.02966, 0.05600],  precision=[0.00243, 0.00219, 0.00148, 0.00112], hit=[0.01215, 0.02186, 0.02966, 0.05600], ndcg=[0.00813, 0.01131, 0.01326, 0.01834], Train Rec Loss=[0.05209], Eval Rec Loss=[0.05138], c=[0.50000], F=[0.87951, 0.93452, 0.90992, 0.88994], F_fuse=[0.00485, 0.00436, 0.00296, 0.00224]
[ INFO : 2026-07-26 06:25:57,131 ] - Epoch 95: train==[107.57853 = 0.54016 + 1.23034 + 14.20944 + 0.00289 + 0.00000 + 0.00025 + 613.91723]
[ INFO : 2026-07-26 06:26:03,966 ] - Test_@[5, 10, 20, 50]: Recall=[0.01279, 0.02161, 0.02928, 0.05613],  precision=[0.00256, 0.00216, 0.00146, 0.00112], hit=[0.01279, 0.02161, 0.02928, 0.05613], ndcg=[0.00839, 0.01130, 0.01323, 0.01840], Train Rec Loss=[0.05217], Eval Rec Loss=[0.05201], c=[0.50000], F=[0.88111, 0.94611, 0.91178, 0.89042], F_fuse=[0.00510, 0.00431, 0.00292, 0.00224]
[ INFO : 2026-07-26 06:27:28,446 ] - Epoch 96: train==[107.48993 = 0.54793 + 1.22504 + 14.11680 + 0.00290 + 0.00000 + 0.00025 + 613.91343]
[ INFO : 2026-07-26 06:27:35,222 ] - Test_@[5, 10, 20, 50]: Recall=[0.01291, 0.02263, 0.02954, 0.05600],  precision=[0.00258, 0.00226, 0.00148, 0.00112], hit=[0.01291, 0.02263, 0.02954, 0.05600], ndcg=[0.00848, 0.01165, 0.01338, 0.01850], Train Rec Loss=[0.05227], Eval Rec Loss=[0.05214], c=[0.50000], F=[0.89930, 0.95399, 0.91168, 0.88982], F_fuse=[0.00515, 0.00452, 0.00295, 0.00224]
[ INFO : 2026-07-26 06:28:59,724 ] - Epoch 97: train==[107.53935 = 0.54158 + 1.22082 + 14.17525 + 0.00290 + 0.00000 + 0.00025 + 613.91248]
[ INFO : 2026-07-26 06:29:06,506 ] - Test_@[5, 10, 20, 50]: Recall=[0.01291, 0.02122, 0.02851, 0.05677],  precision=[0.00258, 0.00212, 0.00143, 0.00114], hit=[0.01291, 0.02122, 0.02851, 0.05677], ndcg=[0.00850, 0.01121, 0.01303, 0.01848], Train Rec Loss=[0.05292], Eval Rec Loss=[0.05269], c=[0.50000], F=[0.85419, 0.92506, 0.90685, 0.89061], F_fuse=[0.00515, 0.00424, 0.00285, 0.00227]
[ INFO : 2026-07-26 06:30:30,733 ] - Epoch 98: train==[107.43336 = 0.54098 + 1.21535 + 14.07288 + 0.00292 + 0.00000 + 0.00025 + 613.91424]
[ INFO : 2026-07-26 06:30:37,540 ] - Test_@[5, 10, 20, 50]: Recall=[0.01266, 0.02097, 0.02915, 0.05485],  precision=[0.00253, 0.00210, 0.00146, 0.00110], hit=[0.01266, 0.02097, 0.02915, 0.05485], ndcg=[0.00816, 0.01088, 0.01293, 0.01790], Train Rec Loss=[0.05329], Eval Rec Loss=[0.05273], c=[0.50000], F=[0.86068, 0.93703, 0.90680, 0.89097], F_fuse=[0.00505, 0.00418, 0.00291, 0.00219]
[ INFO : 2026-07-26 06:32:02,201 ] - Epoch 99: train==[107.31669 = 0.53578 + 1.21143 + 13.96389 + 0.00294 + 0.00000 + 0.00025 + 613.91320]
[ INFO : 2026-07-26 06:32:08,986 ] - Test_@[5, 10, 20, 50]: Recall=[0.01202, 0.02084, 0.02877, 0.05588],  precision=[0.00240, 0.00208, 0.00144, 0.00112], hit=[0.01202, 0.02084, 0.02877, 0.05588], ndcg=[0.00796, 0.01085, 0.01287, 0.01810], Train Rec Loss=[0.05360], Eval Rec Loss=[0.05283], c=[0.50000], F=[0.85301, 0.92969, 0.90773, 0.89047], F_fuse=[0.00479, 0.00416, 0.00287, 0.00223]
[ INFO : 2026-07-26 06:33:33,810 ] - Epoch 100: train==[107.30076 = 0.53630 + 1.20675 + 13.95026 + 0.00295 + 0.00000 + 0.00025 + 613.91298]
[ INFO : 2026-07-26 06:33:40,606 ] - Test_@[5, 10, 20, 50]: Recall=[0.01215, 0.02097, 0.02839, 0.05690],  precision=[0.00243, 0.00210, 0.00142, 0.00114], hit=[0.01215, 0.02097, 0.02839, 0.05690], ndcg=[0.00803, 0.01091, 0.01278, 0.01828], Train Rec Loss=[0.05334], Eval Rec Loss=[0.05354], c=[0.50000], F=[0.83968, 0.91798, 0.90292, 0.89301], F_fuse=[0.00484, 0.00418, 0.00283, 0.00227]
[ INFO : 2026-07-26 06:35:04,584 ] - Epoch 101: train==[107.11830 = 0.53879 + 1.20272 + 13.76721 + 0.00296 + 0.00000 + 0.00025 + 613.91635]
[ INFO : 2026-07-26 06:35:11,401 ] - Test_@[5, 10, 20, 50]: Recall=[0.01266, 0.02174, 0.02928, 0.05626],  precision=[0.00253, 0.00217, 0.00146, 0.00113], hit=[0.01266, 0.02174, 0.02928, 0.05626], ndcg=[0.00819, 0.01117, 0.01307, 0.01827], Train Rec Loss=[0.05367], Eval Rec Loss=[0.05350], c=[0.50000], F=[0.86593, 0.94625, 0.90946, 0.89342], F_fuse=[0.00505, 0.00434, 0.00292, 0.00225]
[ INFO : 2026-07-26 06:36:35,697 ] - Epoch 102: train==[107.14431 = 0.53575 + 1.19790 + 13.79948 + 0.00296 + 0.00000 + 0.00025 + 613.91413]
[ INFO : 2026-07-26 06:36:42,498 ] - Test_@[5, 10, 20, 50]: Recall=[0.01279, 0.02046, 0.02839, 0.05728],  precision=[0.00256, 0.00205, 0.00142, 0.00115], hit=[0.01279, 0.02046, 0.02839, 0.05728], ndcg=[0.00831, 0.01076, 0.01277, 0.01834], Train Rec Loss=[0.05417], Eval Rec Loss=[0.05402], c=[0.50000], F=[0.82916, 0.91102, 0.90385, 0.89314], F_fuse=[0.00510, 0.00408, 0.00283, 0.00229]
[ INFO : 2026-07-26 06:38:06,883 ] - Epoch 103: train==[107.07391 = 0.53058 + 1.19386 + 13.73697 + 0.00298 + 0.00000 + 0.00024 + 613.91214]
[ INFO : 2026-07-26 06:38:13,745 ] - Test_@[5, 10, 20, 50]: Recall=[0.01164, 0.02122, 0.02915, 0.05664],  precision=[0.00233, 0.00212, 0.00146, 0.00113], hit=[0.01164, 0.02122, 0.02915, 0.05664], ndcg=[0.00792, 0.01106, 0.01308, 0.01839], Train Rec Loss=[0.05429], Eval Rec Loss=[0.05420], c=[0.50000], F=[0.85515, 0.94173, 0.90941, 0.89281], F_fuse=[0.00464, 0.00424, 0.00291, 0.00226]
[ INFO : 2026-07-26 06:39:37,685 ] - Epoch 104: train==[107.00485 = 0.53004 + 1.19005 + 13.67099 + 0.00300 + 0.00000 + 0.00024 + 613.91031]
[ INFO : 2026-07-26 06:39:44,468 ] - Test_@[5, 10, 20, 50]: Recall=[0.01240, 0.02148, 0.02902, 0.05664],  precision=[0.00248, 0.00215, 0.00145, 0.00113], hit=[0.01240, 0.02148, 0.02902, 0.05664], ndcg=[0.00813, 0.01108, 0.01299, 0.01834], Train Rec Loss=[0.05436], Eval Rec Loss=[0.05468], c=[0.50000], F=[0.86538, 0.94203, 0.90919, 0.89290], F_fuse=[0.00495, 0.00429, 0.00290, 0.00226]
[ INFO : 2026-07-26 06:41:08,587 ] - Epoch 105: train==[107.05843 = 0.53388 + 1.18564 + 13.72348 + 0.00299 + 0.00000 + 0.00024 + 613.90967]
[ INFO : 2026-07-26 06:41:15,354 ] - Test_@[5, 10, 20, 50]: Recall=[0.01227, 0.02007, 0.02826, 0.05626],  precision=[0.00245, 0.00201, 0.00141, 0.00113], hit=[0.01227, 0.02007, 0.02826, 0.05626], ndcg=[0.00805, 0.01057, 0.01263, 0.01805], Train Rec Loss=[0.05555], Eval Rec Loss=[0.05448], c=[0.50000], F=[0.83037, 0.89515, 0.89876, 0.89358], F_fuse=[0.00490, 0.00401, 0.00282, 0.00225]
[ INFO : 2026-07-26 06:42:39,498 ] - Epoch 106: train==[106.89946 = 0.53644 + 1.18157 + 13.56351 + 0.00299 + 0.00000 + 0.00024 + 613.91552]
[ INFO : 2026-07-26 06:42:46,265 ] - Test_@[5, 10, 20, 50]: Recall=[0.01087, 0.02097, 0.02915, 0.05779],  precision=[0.00217, 0.00210, 0.00146, 0.00116], hit=[0.01087, 0.02097, 0.02915, 0.05779], ndcg=[0.00749, 0.01080, 0.01287, 0.01839], Train Rec Loss=[0.05532], Eval Rec Loss=[0.05470], c=[0.50000], F=[0.86001, 0.93581, 0.90717, 0.89206], F_fuse=[0.00434, 0.00418, 0.00291, 0.00231]
[ INFO : 2026-07-26 06:44:10,608 ] - Epoch 107: train==[106.90782 = 0.52649 + 1.17701 + 13.58600 + 0.00302 + 0.00000 + 0.00024 + 613.90581]
[ INFO : 2026-07-26 06:44:17,409 ] - Test_@[5, 10, 20, 50]: Recall=[0.01240, 0.02033, 0.02826, 0.05485],  precision=[0.00248, 0.00203, 0.00141, 0.00110], hit=[0.01240, 0.02033, 0.02826, 0.05485], ndcg=[0.00805, 0.01061, 0.01260, 0.01775], Train Rec Loss=[0.05579], Eval Rec Loss=[0.05517], c=[0.50000], F=[0.83348, 0.90878, 0.90141, 0.89205], F_fuse=[0.00495, 0.00406, 0.00282, 0.00219]
[ INFO : 2026-07-26 06:45:41,708 ] - Epoch 108: train==[106.79300 = 0.52575 + 1.17387 + 13.47261 + 0.00302 + 0.00000 + 0.00024 + 613.91370]
[ INFO : 2026-07-26 06:45:48,473 ] - Test_@[5, 10, 20, 50]: Recall=[0.01291, 0.02097, 0.02839, 0.05511],  precision=[0.00258, 0.00210, 0.00142, 0.00110], hit=[0.01291, 0.02097, 0.02839, 0.05511], ndcg=[0.00820, 0.01079, 0.01264, 0.01783], Train Rec Loss=[0.05586], Eval Rec Loss=[0.05521], c=[0.50000], F=[0.84134, 0.91468, 0.90158, 0.89214], F_fuse=[0.00515, 0.00418, 0.00283, 0.00220]
[ INFO : 2026-07-26 06:47:12,828 ] - Epoch 109: train==[106.76859 = 0.52470 + 1.17013 + 13.45191 + 0.00303 + 0.00000 + 0.00024 + 613.91085]
[ INFO : 2026-07-26 06:47:19,661 ] - Test_@[5, 10, 20, 50]: Recall=[0.01253, 0.02161, 0.02877, 0.05562],  precision=[0.00251, 0.00216, 0.00144, 0.00111], hit=[0.01253, 0.02161, 0.02877, 0.05562], ndcg=[0.00801, 0.01094, 0.01275, 0.01793], Train Rec Loss=[0.05640], Eval Rec Loss=[0.05560], c=[0.50000], F=[0.86510, 0.93738, 0.90725, 0.89403], F_fuse=[0.00500, 0.00431, 0.00287, 0.00222]
[ INFO : 2026-07-26 06:48:44,054 ] - Epoch 110: train==[106.75339 = 0.52168 + 1.16666 + 13.44172 + 0.00305 + 0.00000 + 0.00023 + 613.91140]
[ INFO : 2026-07-26 06:48:50,856 ] - Test_@[5, 10, 20, 50]: Recall=[0.01202, 0.02020, 0.02787, 0.05460],  precision=[0.00240, 0.00202, 0.00139, 0.00109], hit=[0.01202, 0.02020, 0.02787, 0.05460], ndcg=[0.00783, 0.01049, 0.01241, 0.01758], Train Rec Loss=[0.05664], Eval Rec Loss=[0.05581], c=[0.50000], F=[0.84188, 0.90564, 0.89843, 0.89405], F_fuse=[0.00479, 0.00403, 0.00278, 0.00218]
[ INFO : 2026-07-26 06:50:15,358 ] - Epoch 111: train==[106.64458 = 0.52132 + 1.16281 + 13.33452 + 0.00307 + 0.00000 + 0.00024 + 613.91822]
[ INFO : 2026-07-26 06:50:22,112 ] - Test_@[5, 10, 20, 50]: Recall=[0.01176, 0.01995, 0.02839, 0.05536],  precision=[0.00235, 0.00199, 0.00142, 0.00111], hit=[0.01176, 0.01995, 0.02839, 0.05536], ndcg=[0.00779, 0.01044, 0.01256, 0.01777], Train Rec Loss=[0.05688], Eval Rec Loss=[0.05619], c=[0.50000], F=[0.84793, 0.91622, 0.89946, 0.89541], F_fuse=[0.00469, 0.00398, 0.00283, 0.00221]
[ INFO : 2026-07-26 06:51:46,733 ] - Epoch 112: train==[106.61799 = 0.52391 + 1.15953 + 13.30817 + 0.00305 + 0.00000 + 0.00023 + 613.91264]
[ INFO : 2026-07-26 06:51:53,515 ] - Test_@[5, 10, 20, 50]: Recall=[0.01227, 0.02097, 0.02826, 0.05511],  precision=[0.00245, 0.00210, 0.00141, 0.00110], hit=[0.01227, 0.02097, 0.02826, 0.05511], ndcg=[0.00804, 0.01086, 0.01270, 0.01789], Train Rec Loss=[0.05691], Eval Rec Loss=[0.05652], c=[0.50000], F=[0.85698, 0.92526, 0.90257, 0.89406], F_fuse=[0.00490, 0.00418, 0.00282, 0.00220]
[ INFO : 2026-07-26 06:53:17,863 ] - Epoch 113: train==[106.58458 = 0.51772 + 1.15581 + 13.28327 + 0.00307 + 0.00000 + 0.00023 + 613.91204]
[ INFO : 2026-07-26 06:53:24,606 ] - Test_@[5, 10, 20, 50]: Recall=[0.01164, 0.02110, 0.02839, 0.05524],  precision=[0.00233, 0.00211, 0.00142, 0.00110], hit=[0.01164, 0.02110, 0.02839, 0.05524], ndcg=[0.00778, 0.01082, 0.01263, 0.01785], Train Rec Loss=[0.05727], Eval Rec Loss=[0.05704], c=[0.50000], F=[0.84828, 0.90573, 0.89752, 0.89166], F_fuse=[0.00464, 0.00421, 0.00283, 0.00221]
[ INFO : 2026-07-26 06:54:49,410 ] - Epoch 114: train==[106.49112 = 0.51696 + 1.15215 + 13.19274 + 0.00309 + 0.00000 + 0.00024 + 613.91198]
[ INFO : 2026-07-26 06:54:56,210 ] - Test_@[5, 10, 20, 50]: Recall=[0.01202, 0.01867, 0.02685, 0.05460],  precision=[0.00240, 0.00187, 0.00134, 0.00109], hit=[0.01202, 0.01867, 0.02685, 0.05460], ndcg=[0.00791, 0.01009, 0.01216, 0.01754], Train Rec Loss=[0.05737], Eval Rec Loss=[0.05757], c=[0.50000], F=[0.82395, 0.88935, 0.89464, 0.89305], F_fuse=[0.00479, 0.00373, 0.00268, 0.00218]
[ INFO : 2026-07-26 06:56:20,733 ] - Epoch 115: train==[106.50201 = 0.51963 + 1.14869 + 13.20340 + 0.00308 + 0.00000 + 0.00023 + 613.90967]
[ INFO : 2026-07-26 06:56:27,523 ] - Test_@[5, 10, 20, 50]: Recall=[0.01061, 0.01995, 0.02800, 0.05472],  precision=[0.00212, 0.00199, 0.00140, 0.00109], hit=[0.01061, 0.01995, 0.02800, 0.05472], ndcg=[0.00723, 0.01020, 0.01220, 0.01742], Train Rec Loss=[0.05799], Eval Rec Loss=[0.05737], c=[0.50000], F=[0.84054, 0.90485, 0.89804, 0.89468], F_fuse=[0.00423, 0.00398, 0.00280, 0.00219]
[ INFO : 2026-07-26 06:57:51,888 ] - Epoch 116: train==[106.36282 = 0.51657 + 1.14518 + 13.06859 + 0.00311 + 0.00000 + 0.00023 + 613.91471]
[ INFO : 2026-07-26 06:57:58,671 ] - Test_@[5, 10, 20, 50]: Recall=[0.01087, 0.01982, 0.02851, 0.05575],  precision=[0.00217, 0.00198, 0.00143, 0.00111], hit=[0.01087, 0.01982, 0.02851, 0.05575], ndcg=[0.00712, 0.00998, 0.01215, 0.01742], Train Rec Loss=[0.05836], Eval Rec Loss=[0.05783], c=[0.50000], F=[0.84329, 0.91155, 0.89668, 0.89399], F_fuse=[0.00434, 0.00396, 0.00285, 0.00223]
[ INFO : 2026-07-26 06:59:23,530 ] - Epoch 117: train==[106.34372 = 0.51240 + 1.14256 + 13.05619 + 0.00310 + 0.00000 + 0.00023 + 613.90840]
[ INFO : 2026-07-26 06:59:30,333 ] - Test_@[5, 10, 20, 50]: Recall=[0.01215, 0.01867, 0.02723, 0.05421],  precision=[0.00243, 0.00187, 0.00136, 0.00108], hit=[0.01215, 0.01867, 0.02723, 0.05421], ndcg=[0.00798, 0.01009, 0.01226, 0.01749], Train Rec Loss=[0.05859], Eval Rec Loss=[0.05828], c=[0.50000], F=[0.83882, 0.91027, 0.89901, 0.89577], F_fuse=[0.00484, 0.00373, 0.00272, 0.00217]
[ INFO : 2026-07-26 07:00:54,917 ] - Epoch 118: train==[106.32067 = 0.51074 + 1.13901 + 13.03685 + 0.00311 + 0.00000 + 0.00023 + 613.90882]
[ INFO : 2026-07-26 07:01:01,719 ] - Test_@[5, 10, 20, 50]: Recall=[0.01100, 0.01905, 0.02736, 0.05409],  precision=[0.00220, 0.00191, 0.00137, 0.00108], hit=[0.01100, 0.01905, 0.02736, 0.05409], ndcg=[0.00729, 0.00991, 0.01202, 0.01722], Train Rec Loss=[0.05911], Eval Rec Loss=[0.05878], c=[0.50000], F=[0.85749, 0.92028, 0.90298, 0.89725], F_fuse=[0.00439, 0.00380, 0.00273, 0.00216]
[ INFO : 2026-07-26 07:02:26,504 ] - Epoch 119: train==[106.22908 = 0.51268 + 1.13581 + 12.94463 + 0.00314 + 0.00000 + 0.00023 + 613.91267]
[ INFO : 2026-07-26 07:02:33,297 ] - Test_@[5, 10, 20, 50]: Recall=[0.01125, 0.01931, 0.02813, 0.05536],  precision=[0.00225, 0.00193, 0.00141, 0.00111], hit=[0.01125, 0.01931, 0.02813, 0.05536], ndcg=[0.00735, 0.00993, 0.01215, 0.01743], Train Rec Loss=[0.05880], Eval Rec Loss=[0.05885], c=[0.50000], F=[0.85720, 0.92316, 0.90108, 0.89634], F_fuse=[0.00449, 0.00385, 0.00281, 0.00221]
[ INFO : 2026-07-26 07:03:57,601 ] - Epoch 120: train==[106.12973 = 0.51053 + 1.13288 + 12.84982 + 0.00317 + 0.00000 + 0.00023 + 613.90833]
[ INFO : 2026-07-26 07:04:04,369 ] - Test_@[5, 10, 20, 50]: Recall=[0.01202, 0.01880, 0.02762, 0.05447],  precision=[0.00240, 0.00188, 0.00138, 0.00109], hit=[0.01202, 0.01880, 0.02762, 0.05447], ndcg=[0.00780, 0.01000, 0.01221, 0.01745], Train Rec Loss=[0.05973], Eval Rec Loss=[0.05926], c=[0.50000], F=[0.83504, 0.90150, 0.89780, 0.89620], F_fuse=[0.00479, 0.00375, 0.00276, 0.00218]
[ INFO : 2026-07-26 07:05:28,707 ] - Epoch 121: train==[106.14852 = 0.51231 + 1.13001 + 12.86805 + 0.00317 + 0.00000 + 0.00022 + 613.91177]
[ INFO : 2026-07-26 07:05:35,494 ] - Test_@[5, 10, 20, 50]: Recall=[0.01189, 0.01982, 0.02826, 0.05460],  precision=[0.00238, 0.00198, 0.00141, 0.00109], hit=[0.01189, 0.01982, 0.02826, 0.05460], ndcg=[0.00768, 0.01025, 0.01235, 0.01745], Train Rec Loss=[0.05961], Eval Rec Loss=[0.05971], c=[0.50000], F=[0.84115, 0.90212, 0.89643, 0.89771], F_fuse=[0.00474, 0.00395, 0.00282, 0.00218]
[ INFO : 2026-07-26 07:07:00,036 ] - Epoch 122: train==[106.07610 = 0.50473 + 1.12672 + 12.80494 + 0.00317 + 0.00000 + 0.00023 + 613.91327]
[ INFO : 2026-07-26 07:07:07,939 ] - Test_@[5, 10, 20, 50]: Recall=[0.01061, 0.01880, 0.02775, 0.05345],  precision=[0.00212, 0.00188, 0.00139, 0.00107], hit=[0.01061, 0.01880, 0.02775, 0.05345], ndcg=[0.00716, 0.00979, 0.01202, 0.01702], Train Rec Loss=[0.06025], Eval Rec Loss=[0.05954], c=[0.50000], F=[0.83831, 0.90385, 0.89784, 0.89665], F_fuse=[0.00423, 0.00375, 0.00277, 0.00214]
[ INFO : 2026-07-26 07:08:32,803 ] - Epoch 123: train==[106.03066 = 0.50346 + 1.12395 + 12.76264 + 0.00316 + 0.00000 + 0.00023 + 613.91200]
[ INFO : 2026-07-26 07:08:39,716 ] - Test_@[5, 10, 20, 50]: Recall=[0.01189, 0.01943, 0.02800, 0.05409],  precision=[0.00238, 0.00194, 0.00140, 0.00108], hit=[0.01189, 0.01943, 0.02800, 0.05409], ndcg=[0.00770, 0.01015, 0.01226, 0.01732], Train Rec Loss=[0.06031], Eval Rec Loss=[0.06019], c=[0.50000], F=[0.84374, 0.91045, 0.89793, 0.89640], F_fuse=[0.00474, 0.00388, 0.00280, 0.00216]
[ INFO : 2026-07-26 07:10:04,713 ] - Epoch 124: train==[106.04336 = 0.51475 + 1.12169 + 12.76420 + 0.00318 + 0.00000 + 0.00024 + 613.91986]
[ INFO : 2026-07-26 07:10:12,617 ] - Test_@[5, 10, 20, 50]: Recall=[0.01215, 0.01892, 0.02685, 0.05306],  precision=[0.00243, 0.00189, 0.00134, 0.00106], hit=[0.01215, 0.01892, 0.02685, 0.05306], ndcg=[0.00766, 0.00985, 0.01183, 0.01695], Train Rec Loss=[0.06079], Eval Rec Loss=[0.06061], c=[0.50000], F=[0.83300, 0.89400, 0.89430, 0.89870], F_fuse=[0.00484, 0.00378, 0.00268, 0.00212]
[ INFO : 2026-07-26 07:11:37,300 ] - Epoch 125: train==[106.01115 = 0.50923 + 1.11894 + 12.74049 + 0.00318 + 0.00000 + 0.00022 + 613.91109]
[ INFO : 2026-07-26 07:11:44,087 ] - Test_@[5, 10, 20, 50]: Recall=[0.01164, 0.01918, 0.02711, 0.05524],  precision=[0.00233, 0.00192, 0.00136, 0.00110], hit=[0.01164, 0.01918, 0.02711, 0.05524], ndcg=[0.00759, 0.01001, 0.01201, 0.01748], Train Rec Loss=[0.06082], Eval Rec Loss=[0.05994], c=[0.50000], F=[0.84611, 0.90776, 0.89661, 0.89715], F_fuse=[0.00464, 0.00383, 0.00271, 0.00221]
[ INFO : 2026-07-26 07:13:08,666 ] - Epoch 126: train==[105.91608 = 0.50000 + 1.11606 + 12.65590 + 0.00322 + 0.00000 + 0.00023 + 613.91391]
[ INFO : 2026-07-26 07:13:15,501 ] - Test_@[5, 10, 20, 50]: Recall=[0.01202, 0.01867, 0.02621, 0.05357],  precision=[0.00240, 0.00187, 0.00131, 0.00107], hit=[0.01202, 0.01867, 0.02621, 0.05357], ndcg=[0.00775, 0.00991, 0.01178, 0.01709], Train Rec Loss=[0.06115], Eval Rec Loss=[0.06108], c=[0.50000], F=[0.83703, 0.89482, 0.89418, 0.89890], F_fuse=[0.00479, 0.00373, 0.00262, 0.00214]
[ INFO : 2026-07-26 07:14:40,427 ] - Epoch 127: train==[105.85476 = 0.50405 + 1.11395 + 12.59136 + 0.00322 + 0.00000 + 0.00022 + 613.91691]
[ INFO : 2026-07-26 07:14:47,251 ] - Test_@[5, 10, 20, 50]: Recall=[0.01279, 0.02046, 0.02826, 0.05409],  precision=[0.00256, 0.00205, 0.00141, 0.00108], hit=[0.01279, 0.02046, 0.02826, 0.05409], ndcg=[0.00806, 0.01053, 0.01248, 0.01749], Train Rec Loss=[0.06226], Eval Rec Loss=[0.06216], c=[0.50000], F=[0.84950, 0.91905, 0.90167, 0.89860], F_fuse=[0.00510, 0.00408, 0.00282, 0.00216]
[ INFO : 2026-07-26 07:16:11,523 ] - Epoch 128: train==[105.68809 = 0.50063 + 1.11164 + 12.43066 + 0.00325 + 0.00000 + 0.00022 + 613.90892]
[ INFO : 2026-07-26 07:16:18,339 ] - Test_@[5, 10, 20, 50]: Recall=[0.01100, 0.01892, 0.02685, 0.05409],  precision=[0.00220, 0.00189, 0.00134, 0.00108], hit=[0.01100, 0.01892, 0.02685, 0.05409], ndcg=[0.00723, 0.00978, 0.01174, 0.01705], Train Rec Loss=[0.06141], Eval Rec Loss=[0.06199], c=[0.50000], F=[0.83319, 0.88933, 0.89037, 0.89743], F_fuse=[0.00439, 0.00378, 0.00268, 0.00216]
[ INFO : 2026-07-26 07:17:42,659 ] - Epoch 129: train==[105.68377 = 0.49694 + 1.10894 + 12.43104 + 0.00325 + 0.00000 + 0.00022 + 613.91295]
[ INFO : 2026-07-26 07:17:50,230 ] - Test_@[5, 10, 20, 50]: Recall=[0.01253, 0.01969, 0.02711, 0.05472],  precision=[0.00251, 0.00197, 0.00136, 0.00109], hit=[0.01253, 0.01969, 0.02711, 0.05472], ndcg=[0.00793, 0.01026, 0.01209, 0.01743], Train Rec Loss=[0.06215], Eval Rec Loss=[0.06166], c=[0.50000], F=[0.84211, 0.89998, 0.89660, 0.89998], F_fuse=[0.00500, 0.00393, 0.00271, 0.00219]
[ INFO : 2026-07-26 07:19:40,826 ] - Epoch 130: train==[105.65542 = 0.49479 + 1.10645 + 12.40682 + 0.00324 + 0.00000 + 0.00022 + 613.90985]
[ INFO : 2026-07-26 07:19:47,591 ] - Test_@[5, 10, 20, 50]: Recall=[0.01125, 0.01943, 0.02762, 0.05370],  precision=[0.00225, 0.00194, 0.00138, 0.00107], hit=[0.01125, 0.01943, 0.02762, 0.05370], ndcg=[0.00733, 0.00997, 0.01199, 0.01706], Train Rec Loss=[0.06271], Eval Rec Loss=[0.06244], c=[0.50000], F=[0.84982, 0.91336, 0.89921, 0.89957], F_fuse=[0.00449, 0.00388, 0.00276, 0.00215]
[ INFO : 2026-07-26 07:21:40,103 ] - Epoch 131: train==[105.70980 = 0.49834 + 1.10409 + 12.45659 + 0.00325 + 0.00000 + 0.00026 + 613.92604]
[ INFO : 2026-07-26 07:21:46,891 ] - Test_@[5, 10, 20, 50]: Recall=[0.01189, 0.01969, 0.02723, 0.05306],  precision=[0.00238, 0.00197, 0.00136, 0.00106], hit=[0.01189, 0.01969, 0.02723, 0.05306], ndcg=[0.00737, 0.00992, 0.01182, 0.01683], Train Rec Loss=[0.06301], Eval Rec Loss=[0.06241], c=[0.50000], F=[0.84534, 0.91492, 0.89976, 0.90232], F_fuse=[0.00474, 0.00393, 0.00272, 0.00212]
[ INFO : 2026-07-26 07:23:39,519 ] - Epoch 132: train==[105.62703 = 0.49393 + 1.10197 + 12.38171 + 0.00325 + 0.00000 + 0.00022 + 613.91163]
[ INFO : 2026-07-26 07:23:46,316 ] - Test_@[5, 10, 20, 50]: Recall=[0.01164, 0.01880, 0.02762, 0.05524],  precision=[0.00233, 0.00188, 0.00138, 0.00110], hit=[0.01164, 0.01880, 0.02762, 0.05524], ndcg=[0.00737, 0.00969, 0.01190, 0.01725], Train Rec Loss=[0.06268], Eval Rec Loss=[0.06290], c=[0.50000], F=[0.84595, 0.91679, 0.89970, 0.90172], F_fuse=[0.00464, 0.00375, 0.00276, 0.00221]
[ INFO : 2026-07-26 07:25:39,210 ] - Epoch 133: train==[105.56416 = 0.49091 + 1.09980 + 12.32307 + 0.00328 + 0.00000 + 0.00022 + 613.91193]
[ INFO : 2026-07-26 07:25:45,992 ] - Test_@[5, 10, 20, 50]: Recall=[0.01125, 0.01931, 0.02660, 0.05396],  precision=[0.00225, 0.00193, 0.00133, 0.00108], hit=[0.01125, 0.01931, 0.02660, 0.05396], ndcg=[0.00743, 0.01003, 0.01186, 0.01719], Train Rec Loss=[0.06330], Eval Rec Loss=[0.06256], c=[0.50000], F=[0.83991, 0.90380, 0.89564, 0.90193], F_fuse=[0.00449, 0.00385, 0.00266, 0.00216]
[ INFO : 2026-07-26 07:27:38,889 ] - Epoch 134: train==[105.46814 = 0.49048 + 1.09762 + 12.22808 + 0.00329 + 0.00000 + 0.00022 + 613.91659]
[ INFO : 2026-07-26 07:27:45,665 ] - Test_@[5, 10, 20, 50]: Recall=[0.01266, 0.01956, 0.02685, 0.05357],  precision=[0.00253, 0.00196, 0.00134, 0.00107], hit=[0.01266, 0.01956, 0.02685, 0.05357], ndcg=[0.00790, 0.01011, 0.01193, 0.01712], Train Rec Loss=[0.06414], Eval Rec Loss=[0.06391], c=[0.50000], F=[0.84396, 0.90338, 0.89612, 0.90205], F_fuse=[0.00505, 0.00390, 0.00268, 0.00214]
[ INFO : 2026-07-26 07:29:09,283 ] - Epoch 135: train==[105.44871 = 0.48922 + 1.09580 + 12.21203 + 0.00331 + 0.00000 + 0.00022 + 613.90969]
[ INFO : 2026-07-26 07:29:16,075 ] - Test_@[5, 10, 20, 50]: Recall=[0.01138, 0.01995, 0.02813, 0.05536],  precision=[0.00228, 0.00199, 0.00141, 0.00111], hit=[0.01138, 0.01995, 0.02813, 0.05536], ndcg=[0.00733, 0.01011, 0.01216, 0.01743], Train Rec Loss=[0.06452], Eval Rec Loss=[0.06363], c=[0.50000], F=[0.85113, 0.91855, 0.89925, 0.90314], F_fuse=[0.00454, 0.00398, 0.00281, 0.00221]
[ INFO : 2026-07-26 07:30:40,326 ] - Epoch 136: train==[105.45413 = 0.48860 + 1.09322 + 12.21926 + 0.00329 + 0.00000 + 0.00022 + 613.91210]
[ INFO : 2026-07-26 07:30:48,679 ] - Test_@[5, 10, 20, 50]: Recall=[0.01227, 0.02033, 0.02775, 0.05293],  precision=[0.00245, 0.00203, 0.00139, 0.00106], hit=[0.01227, 0.02033, 0.02775, 0.05293], ndcg=[0.00767, 0.01027, 0.01211, 0.01698], Train Rec Loss=[0.06469], Eval Rec Loss=[0.06437], c=[0.50000], F=[0.84704, 0.90812, 0.89698, 0.90456], F_fuse=[0.00490, 0.00406, 0.00277, 0.00211]
[ INFO : 2026-07-26 07:32:12,565 ] - Epoch 137: train==[105.41060 = 0.48532 + 1.09138 + 12.18028 + 0.00329 + 0.00000 + 0.00021 + 613.91104]
[ INFO : 2026-07-26 07:32:19,363 ] - Test_@[5, 10, 20, 50]: Recall=[0.01138, 0.01841, 0.02608, 0.05268],  precision=[0.00228, 0.00184, 0.00130, 0.00105], hit=[0.01138, 0.01841, 0.02608, 0.05268], ndcg=[0.00725, 0.00953, 0.01147, 0.01663], Train Rec Loss=[0.06435], Eval Rec Loss=[0.06374], c=[0.50000], F=[0.83866, 0.89490, 0.89281, 0.90366], F_fuse=[0.00454, 0.00367, 0.00260, 0.00210]
[ INFO : 2026-07-26 07:33:43,674 ] - Epoch 138: train==[105.34088 = 0.48201 + 1.08879 + 12.11542 + 0.00333 + 0.00000 + 0.00022 + 613.91079]
[ INFO : 2026-07-26 07:33:50,421 ] - Test_@[5, 10, 20, 50]: Recall=[0.01100, 0.01854, 0.02826, 0.05434],  precision=[0.00220, 0.00185, 0.00141, 0.00109], hit=[0.01100, 0.01854, 0.02826, 0.05434], ndcg=[0.00701, 0.00945, 0.01189, 0.01695], Train Rec Loss=[0.06486], Eval Rec Loss=[0.06484], c=[0.50000], F=[0.84797, 0.91782, 0.90092, 0.90525], F_fuse=[0.00439, 0.00370, 0.00282, 0.00217]
[ INFO : 2026-07-26 07:35:14,373 ] - Epoch 139: train==[105.32134 = 0.48542 + 1.08698 + 12.09291 + 0.00335 + 0.00000 + 0.00023 + 613.91489]
[ INFO : 2026-07-26 07:35:21,121 ] - Test_@[5, 10, 20, 50]: Recall=[0.01164, 0.01918, 0.02711, 0.05409],  precision=[0.00233, 0.00192, 0.00136, 0.00108], hit=[0.01164, 0.01918, 0.02711, 0.05409], ndcg=[0.00720, 0.00966, 0.01163, 0.01684], Train Rec Loss=[0.06543], Eval Rec Loss=[0.06444], c=[0.50000], F=[0.84403, 0.90901, 0.89861, 0.90503], F_fuse=[0.00464, 0.00383, 0.00271, 0.00216]
[ INFO : 2026-07-26 07:36:45,262 ] - Epoch 140: train==[105.27848 = 0.48182 + 1.08466 + 12.05514 + 0.00336 + 0.00000 + 0.00022 + 613.91434]
[ INFO : 2026-07-26 07:36:52,040 ] - Test_@[5, 10, 20, 50]: Recall=[0.01151, 0.01816, 0.02621, 0.05357],  precision=[0.00230, 0.00182, 0.00131, 0.00107], hit=[0.01151, 0.01816, 0.02621, 0.05357], ndcg=[0.00754, 0.00968, 0.01173, 0.01705], Train Rec Loss=[0.06522], Eval Rec Loss=[0.06549], c=[0.50000], F=[0.83728, 0.89443, 0.89154, 0.90419], F_fuse=[0.00459, 0.00362, 0.00262, 0.00214]
[ INFO : 2026-07-26 07:38:16,196 ] - Epoch 141: train==[105.29212 = 0.48574 + 1.08303 + 12.06620 + 0.00335 + 0.00000 + 0.00022 + 613.91198]
[ INFO : 2026-07-26 07:38:23,006 ] - Test_@[5, 10, 20, 50]: Recall=[0.01074, 0.01931, 0.02723, 0.05268],  precision=[0.00215, 0.00193, 0.00136, 0.00105], hit=[0.01074, 0.01931, 0.02723, 0.05268], ndcg=[0.00666, 0.00938, 0.01137, 0.01630], Train Rec Loss=[0.06593], Eval Rec Loss=[0.06578], c=[0.50000], F=[0.84368, 0.90660, 0.89758, 0.90766], F_fuse=[0.00429, 0.00385, 0.00272, 0.00210]
[ INFO : 2026-07-26 07:39:47,236 ] - Epoch 142: train==[105.13489 = 0.48343 + 1.08091 + 11.91232 + 0.00337 + 0.00000 + 0.00021 + 613.91339]
[ INFO : 2026-07-26 07:39:54,031 ] - Test_@[5, 10, 20, 50]: Recall=[0.01023, 0.01726, 0.02583, 0.05268],  precision=[0.00205, 0.00173, 0.00129, 0.00105], hit=[0.01023, 0.01726, 0.02583, 0.05268], ndcg=[0.00684, 0.00911, 0.01129, 0.01650], Train Rec Loss=[0.06645], Eval Rec Loss=[0.06621], c=[0.50000], F=[0.84320, 0.89693, 0.89175, 0.90594], F_fuse=[0.00408, 0.00345, 0.00258, 0.00210]
[ INFO : 2026-07-26 07:41:18,548 ] - Epoch 143: train==[105.10752 = 0.47980 + 1.07906 + 11.89015 + 0.00339 + 0.00000 + 0.00022 + 613.91018]
[ INFO : 2026-07-26 07:41:25,345 ] - Test_@[5, 10, 20, 50]: Recall=[0.01164, 0.01880, 0.02621, 0.05255],  precision=[0.00233, 0.00188, 0.00131, 0.00105], hit=[0.01164, 0.01880, 0.02621, 0.05255], ndcg=[0.00771, 0.01005, 0.01192, 0.01704], Train Rec Loss=[0.06610], Eval Rec Loss=[0.06613], c=[0.50000], F=[0.84656, 0.90396, 0.89493, 0.90606], F_fuse=[0.00464, 0.00375, 0.00262, 0.00210]
[ INFO : 2026-07-26 07:42:49,845 ] - Epoch 144: train==[105.04053 = 0.47865 + 1.07685 + 11.82497 + 0.00338 + 0.00000 + 0.00023 + 613.91463]
[ INFO : 2026-07-26 07:42:56,638 ] - Test_@[5, 10, 20, 50]: Recall=[0.01048, 0.01841, 0.02736, 0.05345],  precision=[0.00210, 0.00184, 0.00137, 0.00107], hit=[0.01048, 0.01841, 0.02736, 0.05345], ndcg=[0.00676, 0.00933, 0.01157, 0.01665], Train Rec Loss=[0.06693], Eval Rec Loss=[0.06629], c=[0.50000], F=[0.84841, 0.91194, 0.89817, 0.90270], F_fuse=[0.00418, 0.00367, 0.00273, 0.00214]
[ INFO : 2026-07-26 07:44:20,970 ] - Epoch 145: train==[105.07159 = 0.47714 + 1.07467 + 11.85803 + 0.00339 + 0.00000 + 0.00024 + 613.91980]
[ INFO : 2026-07-26 07:44:27,748 ] - Test_@[5, 10, 20, 50]: Recall=[0.00997, 0.01649, 0.02557, 0.05166],  precision=[0.00199, 0.00165, 0.00128, 0.00103], hit=[0.00997, 0.01649, 0.02557, 0.05166], ndcg=[0.00632, 0.00839, 0.01067, 0.01575], Train Rec Loss=[0.06724], Eval Rec Loss=[0.06735], c=[0.50000], F=[0.83770, 0.88934, 0.89169, 0.90720], F_fuse=[0.00398, 0.00329, 0.00255, 0.00206]
[ INFO : 2026-07-26 07:45:52,601 ] - Epoch 146: train==[105.06356 = 0.47393 + 1.07275 + 11.85468 + 0.00337 + 0.00000 + 0.00022 + 613.91807]
[ INFO : 2026-07-26 07:45:59,394 ] - Test_@[5, 10, 20, 50]: Recall=[0.01151, 0.01905, 0.02800, 0.05230],  precision=[0.00230, 0.00191, 0.00140, 0.00105], hit=[0.01151, 0.01905, 0.02800, 0.05230], ndcg=[0.00696, 0.00942, 0.01169, 0.01638], Train Rec Loss=[0.06754], Eval Rec Loss=[0.06682], c=[0.50000], F=[0.84771, 0.91347, 0.89837, 0.90675], F_fuse=[0.00459, 0.00380, 0.00280, 0.00209]
[ INFO : 2026-07-26 07:47:23,921 ] - Epoch 147: train==[104.92177 = 0.47247 + 1.07086 + 11.71392 + 0.00343 + 0.00000 + 0.00024 + 613.92797]
[ INFO : 2026-07-26 07:47:30,720 ] - Test_@[5, 10, 20, 50]: Recall=[0.01151, 0.01841, 0.02608, 0.05345],  precision=[0.00230, 0.00184, 0.00130, 0.00107], hit=[0.01151, 0.01841, 0.02608, 0.05345], ndcg=[0.00711, 0.00935, 0.01128, 0.01660], Train Rec Loss=[0.06830], Eval Rec Loss=[0.06697], c=[0.50000], F=[0.84390, 0.89421, 0.89563, 0.90681], F_fuse=[0.00459, 0.00367, 0.00260, 0.00214]
[ INFO : 2026-07-26 07:48:55,543 ] - Epoch 148: train==[104.90014 = 0.47527 + 1.06924 + 11.69229 + 0.00342 + 0.00000 + 0.00022 + 613.91589]
[ INFO : 2026-07-26 07:49:02,335 ] - Test_@[5, 10, 20, 50]: Recall=[0.01010, 0.01816, 0.02685, 0.05230],  precision=[0.00202, 0.00182, 0.00134, 0.00105], hit=[0.01010, 0.01816, 0.02685, 0.05230], ndcg=[0.00630, 0.00891, 0.01111, 0.01605], Train Rec Loss=[0.06740], Eval Rec Loss=[0.06690], c=[0.50000], F=[0.84934, 0.91074, 0.89718, 0.90562], F_fuse=[0.00403, 0.00362, 0.00268, 0.00209]
[ INFO : 2026-07-26 07:50:26,763 ] - Epoch 149: train==[104.87703 = 0.46984 + 1.06711 + 11.67612 + 0.00344 + 0.00000 + 0.00022 + 613.91434]
[ INFO : 2026-07-26 07:50:33,586 ] - Test_@[5, 10, 20, 50]: Recall=[0.01151, 0.01816, 0.02544, 0.05140],  precision=[0.00230, 0.00182, 0.00127, 0.00103], hit=[0.01151, 0.01816, 0.02544, 0.05140], ndcg=[0.00724, 0.00938, 0.01123, 0.01626], Train Rec Loss=[0.06788], Eval Rec Loss=[0.06725], c=[0.50000], F=[0.83325, 0.88197, 0.89259, 0.90747], F_fuse=[0.00459, 0.00362, 0.00254, 0.00205]
[ INFO : 2026-07-26 07:51:58,044 ] - Epoch 150: train==[104.82930 = 0.47277 + 1.06532 + 11.62715 + 0.00344 + 0.00000 + 0.00021 + 613.91018]
[ INFO : 2026-07-26 07:52:04,824 ] - Test_@[5, 10, 20, 50]: Recall=[0.01100, 0.01726, 0.02519, 0.05383],  precision=[0.00220, 0.00173, 0.00126, 0.00108], hit=[0.01100, 0.01726, 0.02519, 0.05383], ndcg=[0.00688, 0.00890, 0.01092, 0.01650], Train Rec Loss=[0.06808], Eval Rec Loss=[0.06817], c=[0.50000], F=[0.84275, 0.89654, 0.89512, 0.90784], F_fuse=[0.00439, 0.00345, 0.00252, 0.00215]
[ INFO : 2026-07-26 07:53:29,261 ] - Epoch 151: train==[104.83924 = 0.46652 + 1.06333 + 11.64449 + 0.00343 + 0.00000 + 0.00021 + 613.91057]
[ INFO : 2026-07-26 07:53:36,078 ] - Test_@[5, 10, 20, 50]: Recall=[0.01036, 0.01867, 0.02672, 0.05332],  precision=[0.00207, 0.00187, 0.00134, 0.00107], hit=[0.01036, 0.01867, 0.02672, 0.05332], ndcg=[0.00639, 0.00913, 0.01116, 0.01631], Train Rec Loss=[0.06807], Eval Rec Loss=[0.06836], c=[0.50000], F=[0.84812, 0.90719, 0.89774, 0.90661], F_fuse=[0.00413, 0.00373, 0.00267, 0.00213]
[ INFO : 2026-07-26 07:55:00,830 ] - Epoch 152: train==[104.84610 = 0.46818 + 1.06126 + 11.64954 + 0.00346 + 0.00000 + 0.00025 + 613.91941]
[ INFO : 2026-07-26 07:55:07,648 ] - Test_@[5, 10, 20, 50]: Recall=[0.01112, 0.01752, 0.02557, 0.05306],  precision=[0.00222, 0.00175, 0.00128, 0.00106], hit=[0.01112, 0.01752, 0.02557, 0.05306], ndcg=[0.00726, 0.00935, 0.01141, 0.01672], Train Rec Loss=[0.06854], Eval Rec Loss=[0.06826], c=[0.50000], F=[0.83293, 0.87807, 0.89029, 0.90779], F_fuse=[0.00444, 0.00350, 0.00255, 0.00212]
[ INFO : 2026-07-26 07:56:32,095 ] - Epoch 153: train==[104.73864 = 0.46737 + 1.05939 + 11.54466 + 0.00345 + 0.00000 + 0.00023 + 613.91524]
[ INFO : 2026-07-26 07:56:38,900 ] - Test_@[5, 10, 20, 50]: Recall=[0.01074, 0.01752, 0.02596, 0.05383],  precision=[0.00215, 0.00175, 0.00130, 0.00108], hit=[0.01074, 0.01752, 0.02596, 0.05383], ndcg=[0.00687, 0.00905, 0.01118, 0.01657], Train Rec Loss=[0.06886], Eval Rec Loss=[0.06885], c=[0.50000], F=[0.84588, 0.89824, 0.89694, 0.90911], F_fuse=[0.00429, 0.00350, 0.00259, 0.00215]
[ INFO : 2026-07-26 07:58:03,627 ] - Epoch 154: train==[104.65204 = 0.46392 + 1.05722 + 11.46279 + 0.00348 + 0.00000 + 0.00022 + 613.91524]
[ INFO : 2026-07-26 07:58:10,387 ] - Test_@[5, 10, 20, 50]: Recall=[0.01138, 0.01854, 0.02672, 0.05306],  precision=[0.00228, 0.00185, 0.00134, 0.00106], hit=[0.01138, 0.01854, 0.02672, 0.05306], ndcg=[0.00710, 0.00943, 0.01149, 0.01661], Train Rec Loss=[0.07080], Eval Rec Loss=[0.06963], c=[0.50000], F=[0.84240, 0.89631, 0.89615, 0.90898], F_fuse=[0.00454, 0.00370, 0.00267, 0.00212]
[ INFO : 2026-07-26 07:59:34,732 ] - Epoch 155: train==[104.66961 = 0.46937 + 1.05535 + 11.47697 + 0.00348 + 0.00000 + 0.00021 + 613.90907]
[ INFO : 2026-07-26 07:59:41,528 ] - Test_@[5, 10, 20, 50]: Recall=[0.01125, 0.01764, 0.02493, 0.05089],  precision=[0.00225, 0.00176, 0.00125, 0.00102], hit=[0.01125, 0.01764, 0.02493, 0.05089], ndcg=[0.00714, 0.00922, 0.01105, 0.01608], Train Rec Loss=[0.07033], Eval Rec Loss=[0.06980], c=[0.50000], F=[0.83066, 0.87599, 0.89165, 0.91048], F_fuse=[0.00449, 0.00352, 0.00249, 0.00203]
[ INFO : 2026-07-26 08:01:06,066 ] - Epoch 156: train==[104.61705 = 0.46317 + 1.05312 + 11.43113 + 0.00349 + 0.00000 + 0.00021 + 613.91450]
[ INFO : 2026-07-26 08:01:12,864 ] - Test_@[5, 10, 20, 50]: Recall=[0.01138, 0.01892, 0.02711, 0.05332],  precision=[0.00228, 0.00189, 0.00136, 0.00107], hit=[0.01138, 0.01892, 0.02711, 0.05332], ndcg=[0.00711, 0.00951, 0.01157, 0.01665], Train Rec Loss=[0.07039], Eval Rec Loss=[0.06937], c=[0.50000], F=[0.84572, 0.89784, 0.89375, 0.90705], F_fuse=[0.00454, 0.00378, 0.00271, 0.00213]
[ INFO : 2026-07-26 08:02:37,621 ] - Epoch 157: train==[104.56194 = 0.46065 + 1.05108 + 11.37890 + 0.00350 + 0.00000 + 0.00024 + 613.91998]
[ INFO : 2026-07-26 08:02:44,451 ] - Test_@[5, 10, 20, 50]: Recall=[0.00985, 0.01816, 0.02813, 0.05575],  precision=[0.00197, 0.00182, 0.00141, 0.00111], hit=[0.00985, 0.01816, 0.02813, 0.05575], ndcg=[0.00576, 0.00844, 0.01094, 0.01627], Train Rec Loss=[0.07097], Eval Rec Loss=[0.07027], c=[0.50000], F=[0.85174, 0.90665, 0.90370, 0.91183], F_fuse=[0.00393, 0.00362, 0.00281, 0.00223]
[ INFO : 2026-07-26 08:04:09,736 ] - Epoch 158: train==[104.53688 = 0.46115 + 1.04889 + 11.35454 + 0.00350 + 0.00000 + 0.00023 + 613.92082]
[ INFO : 2026-07-26 08:04:16,566 ] - Test_@[5, 10, 20, 50]: Recall=[0.00985, 0.01662, 0.02455, 0.05102],  precision=[0.00197, 0.00166, 0.00123, 0.00102], hit=[0.00985, 0.01662, 0.02455, 0.05102], ndcg=[0.00622, 0.00842, 0.01041, 0.01556], Train Rec Loss=[0.06998], Eval Rec Loss=[0.07053], c=[0.50000], F=[0.84000, 0.88815, 0.89568, 0.91170], F_fuse=[0.00393, 0.00332, 0.00245, 0.00204]
[ INFO : 2026-07-26 08:05:41,433 ] - Epoch 159: train==[104.50094 = 0.46319 + 1.04580 + 11.31884 + 0.00351 + 0.00000 + 0.00023 + 613.91791]
[ INFO : 2026-07-26 08:05:48,241 ] - Test_@[5, 10, 20, 50]: Recall=[0.00985, 0.01675, 0.02647, 0.05191],  precision=[0.00197, 0.00167, 0.00132, 0.00104], hit=[0.00985, 0.01675, 0.02647, 0.05191], ndcg=[0.00594, 0.00819, 0.01067, 0.01562], Train Rec Loss=[0.07129], Eval Rec Loss=[0.07092], c=[0.50000], F=[0.84502, 0.90024, 0.89715, 0.90975], F_fuse=[0.00393, 0.00334, 0.00264, 0.00207]
[ INFO : 2026-07-26 08:07:13,178 ] - Epoch 160: train==[104.44766 = 0.45987 + 1.04279 + 11.27054 + 0.00354 + 0.00000 + 0.00023 + 613.91862]
[ INFO : 2026-07-26 08:07:19,961 ] - Test_@[5, 10, 20, 50]: Recall=[0.01074, 0.01713, 0.02608, 0.05089],  precision=[0.00215, 0.00171, 0.00130, 0.00102], hit=[0.01074, 0.01713, 0.02608, 0.05089], ndcg=[0.00670, 0.00873, 0.01098, 0.01579], Train Rec Loss=[0.07131], Eval Rec Loss=[0.06945], c=[0.50000], F=[0.83789, 0.88377, 0.89174, 0.91212], F_fuse=[0.00429, 0.00342, 0.00260, 0.00203]
[ INFO : 2026-07-26 08:08:44,950 ] - Epoch 161: train==[104.38293 = 0.45718 + 1.03998 + 11.21144 + 0.00356 + 0.00000 + 0.00022 + 613.91024]
[ INFO : 2026-07-26 08:08:51,756 ] - Test_@[5, 10, 20, 50]: Recall=[0.01010, 0.01828, 0.02711, 0.05370],  precision=[0.00202, 0.00183, 0.00136, 0.00107], hit=[0.01010, 0.01828, 0.02711, 0.05370], ndcg=[0.00604, 0.00868, 0.01090, 0.01607], Train Rec Loss=[0.07175], Eval Rec Loss=[0.07073], c=[0.50000], F=[0.85529, 0.91408, 0.90220, 0.91052], F_fuse=[0.00403, 0.00365, 0.00271, 0.00215]
[ INFO : 2026-07-26 08:10:16,596 ] - Epoch 162: train==[104.49703 = 0.46031 + 1.03743 + 11.32360 + 0.00353 + 0.00000 + 0.00022 + 613.91276]
[ INFO : 2026-07-26 08:10:23,406 ] - Test_@[5, 10, 20, 50]: Recall=[0.01087, 0.01688, 0.02596, 0.05038],  precision=[0.00217, 0.00169, 0.00130, 0.00101], hit=[0.01087, 0.01688, 0.02596, 0.05038], ndcg=[0.00667, 0.00859, 0.01088, 0.01565], Train Rec Loss=[0.07204], Eval Rec Loss=[0.07163], c=[0.50000], F=[0.84355, 0.89752, 0.89877, 0.91312], F_fuse=[0.00434, 0.00337, 0.00259, 0.00201]
[ INFO : 2026-07-26 08:11:48,535 ] - Epoch 163: train==[104.29574 = 0.46177 + 1.03447 + 11.12225 + 0.00356 + 0.00000 + 0.00022 + 613.91508]
[ INFO : 2026-07-26 08:11:55,329 ] - Test_@[5, 10, 20, 50]: Recall=[0.00959, 0.01790, 0.02762, 0.05166],  precision=[0.00192, 0.00179, 0.00138, 0.00103], hit=[0.00959, 0.01790, 0.02762, 0.05166], ndcg=[0.00574, 0.00844, 0.01089, 0.01556], Train Rec Loss=[0.07157], Eval Rec Loss=[0.07095], c=[0.50000], F=[0.84851, 0.90601, 0.90088, 0.91193], F_fuse=[0.00383, 0.00357, 0.00276, 0.00206]
[ INFO : 2026-07-26 08:13:20,240 ] - Epoch 164: train==[104.31640 = 0.45939 + 1.03181 + 11.14691 + 0.00356 + 0.00000 + 0.00022 + 613.91488]
[ INFO : 2026-07-26 08:13:27,030 ] - Test_@[5, 10, 20, 50]: Recall=[0.00972, 0.01739, 0.02736, 0.05434],  precision=[0.00194, 0.00174, 0.00137, 0.00109], hit=[0.00972, 0.01739, 0.02736, 0.05434], ndcg=[0.00624, 0.00874, 0.01122, 0.01642], Train Rec Loss=[0.07157], Eval Rec Loss=[0.07188], c=[0.50000], F=[0.84675, 0.89837, 0.90061, 0.91333], F_fuse=[0.00388, 0.00347, 0.00273, 0.00217]
[ INFO : 2026-07-26 08:14:52,230 ] - Epoch 165: train==[104.26192 = 0.45297 + 1.02931 + 11.10051 + 0.00355 + 0.00000 + 0.00021 + 613.91387]
[ INFO : 2026-07-26 08:14:59,012 ] - Test_@[5, 10, 20, 50]: Recall=[0.00946, 0.01752, 0.02557, 0.05178],  precision=[0.00189, 0.00175, 0.00128, 0.00104], hit=[0.00946, 0.01752, 0.02557, 0.05178], ndcg=[0.00597, 0.00858, 0.01064, 0.01572], Train Rec Loss=[0.07263], Eval Rec Loss=[0.07194], c=[0.50000], F=[0.84045, 0.88787, 0.89504, 0.91477], F_fuse=[0.00378, 0.00350, 0.00255, 0.00207]
[ INFO : 2026-07-26 08:16:24,599 ] - Epoch 166: train==[104.19882 = 0.45137 + 1.02669 + 11.04105 + 0.00359 + 0.00000 + 0.00021 + 613.91056]
[ INFO : 2026-07-26 08:16:31,414 ] - Test_@[5, 10, 20, 50]: Recall=[0.00933, 0.01803, 0.02532, 0.05319],  precision=[0.00187, 0.00180, 0.00127, 0.00106], hit=[0.00933, 0.01803, 0.02532, 0.05319], ndcg=[0.00594, 0.00876, 0.01061, 0.01605], Train Rec Loss=[0.07281], Eval Rec Loss=[0.07237], c=[0.50000], F=[0.84365, 0.89388, 0.89531, 0.91084], F_fuse=[0.00373, 0.00360, 0.00253, 0.00213]
[ INFO : 2026-07-26 08:17:56,594 ] - Epoch 167: train==[104.18228 = 0.45688 + 1.02443 + 11.01938 + 0.00359 + 0.00000 + 0.00021 + 613.91704]
[ INFO : 2026-07-26 08:18:03,405 ] - Test_@[5, 10, 20, 50]: Recall=[0.00869, 0.01611, 0.02608, 0.05217],  precision=[0.00174, 0.00161, 0.00130, 0.00104], hit=[0.00869, 0.01611, 0.02608, 0.05217], ndcg=[0.00567, 0.00803, 0.01055, 0.01562], Train Rec Loss=[0.07389], Eval Rec Loss=[0.07422], c=[0.50000], F=[0.83773, 0.88568, 0.89762, 0.91376], F_fuse=[0.00347, 0.00322, 0.00260, 0.00208]
[ INFO : 2026-07-26 08:19:28,680 ] - Epoch 168: train==[104.21278 = 0.45459 + 1.02211 + 11.05303 + 0.00359 + 0.00000 + 0.00023 + 613.92049]
[ INFO : 2026-07-26 08:19:35,480 ] - Test_@[5, 10, 20, 50]: Recall=[0.00933, 0.01585, 0.02570, 0.05051],  precision=[0.00187, 0.00159, 0.00129, 0.00101], hit=[0.00933, 0.01585, 0.02570, 0.05051], ndcg=[0.00620, 0.00830, 0.01078, 0.01561], Train Rec Loss=[0.07453], Eval Rec Loss=[0.07314], c=[0.50000], F=[0.84329, 0.88772, 0.89732, 0.91647], F_fuse=[0.00373, 0.00317, 0.00257, 0.00202]
[ INFO : 2026-07-26 08:21:00,040 ] - Epoch 169: train==[104.13595 = 0.45220 + 1.01966 + 10.98155 + 0.00360 + 0.00000 + 0.00021 + 613.91054]
[ INFO : 2026-07-26 08:21:06,869 ] - Test_@[5, 10, 20, 50]: Recall=[0.00985, 0.01803, 0.02596, 0.05140],  precision=[0.00197, 0.00180, 0.00130, 0.00103], hit=[0.00985, 0.01803, 0.02596, 0.05140], ndcg=[0.00607, 0.00872, 0.01073, 0.01568], Train Rec Loss=[0.07340], Eval Rec Loss=[0.07418], c=[0.50000], F=[0.85084, 0.90190, 0.90216, 0.91590], F_fuse=[0.00393, 0.00360, 0.00259, 0.00205]
[ INFO : 2026-07-26 08:22:31,876 ] - Epoch 170: train==[104.07681 = 0.45228 + 1.01721 + 10.92391 + 0.00363 + 0.00000 + 0.00021 + 613.90963]
[ INFO : 2026-07-26 08:22:38,687 ] - Test_@[5, 10, 20, 50]: Recall=[0.01036, 0.01662, 0.02544, 0.05230],  precision=[0.00207, 0.00166, 0.00127, 0.00105], hit=[0.01036, 0.01662, 0.02544, 0.05230], ndcg=[0.00641, 0.00844, 0.01066, 0.01589], Train Rec Loss=[0.07507], Eval Rec Loss=[0.07353], c=[0.50000], F=[0.84537, 0.88969, 0.89787, 0.91466], F_fuse=[0.00413, 0.00332, 0.00254, 0.00209]
[ INFO : 2026-07-26 08:24:03,354 ] - Epoch 171: train==[104.05210 = 0.44843 + 1.01480 + 10.90412 + 0.00364 + 0.00000 + 0.00021 + 613.91210]
[ INFO : 2026-07-26 08:24:10,176 ] - Test_@[5, 10, 20, 50]: Recall=[0.00972, 0.01713, 0.02647, 0.05102],  precision=[0.00194, 0.00171, 0.00132, 0.00102], hit=[0.00972, 0.01713, 0.02647, 0.05102], ndcg=[0.00632, 0.00868, 0.01103, 0.01581], Train Rec Loss=[0.07533], Eval Rec Loss=[0.07429], c=[0.50000], F=[0.84205, 0.89002, 0.89491, 0.91204], F_fuse=[0.00388, 0.00342, 0.00264, 0.00204]
[ INFO : 2026-07-26 08:25:35,221 ] - Epoch 172: train==[104.07939 = 0.44864 + 1.01222 + 10.93242 + 0.00362 + 0.00000 + 0.00023 + 613.91427]
[ INFO : 2026-07-26 08:25:41,989 ] - Test_@[5, 10, 20, 50]: Recall=[0.00985, 0.01598, 0.02544, 0.05191],  precision=[0.00197, 0.00160, 0.00127, 0.00104], hit=[0.00985, 0.01598, 0.02544, 0.05191], ndcg=[0.00648, 0.00845, 0.01082, 0.01599], Train Rec Loss=[0.07527], Eval Rec Loss=[0.07587], c=[0.50000], F=[0.84454, 0.89583, 0.89900, 0.91587], F_fuse=[0.00393, 0.00319, 0.00254, 0.00207]
[ INFO : 2026-07-26 08:27:06,477 ] - Epoch 173: train==[104.03022 = 0.44698 + 1.00969 + 10.88617 + 0.00364 + 0.00000 + 0.00022 + 613.91594]
[ INFO : 2026-07-26 08:27:13,276 ] - Test_@[5, 10, 20, 50]: Recall=[0.00985, 0.01701, 0.02749, 0.05153],  precision=[0.00197, 0.00170, 0.00137, 0.00103], hit=[0.00985, 0.01701, 0.02749, 0.05153], ndcg=[0.00618, 0.00853, 0.01117, 0.01585], Train Rec Loss=[0.07567], Eval Rec Loss=[0.07586], c=[0.50000], F=[0.84940, 0.89901, 0.90369, 0.91806], F_fuse=[0.00393, 0.00339, 0.00274, 0.00206]
[ INFO : 2026-07-26 08:28:38,402 ] - Epoch 174: train==[103.95861 = 0.44415 + 1.00727 + 10.81890 + 0.00367 + 0.00000 + 0.00022 + 613.91544]
[ INFO : 2026-07-26 08:28:45,222 ] - Test_@[5, 10, 20, 50]: Recall=[0.01010, 0.01675, 0.02634, 0.05178],  precision=[0.00202, 0.00167, 0.00132, 0.00104], hit=[0.01010, 0.01675, 0.02634, 0.05178], ndcg=[0.00613, 0.00826, 0.01068, 0.01563], Train Rec Loss=[0.07611], Eval Rec Loss=[0.07615], c=[0.50000], F=[0.84122, 0.89009, 0.89831, 0.91628], F_fuse=[0.00403, 0.00334, 0.00263, 0.00207]
[ INFO : 2026-07-26 08:30:10,091 ] - Epoch 175: train==[103.94907 = 0.44572 + 1.00468 + 10.80944 + 0.00366 + 0.00000 + 0.00021 + 613.91485]
[ INFO : 2026-07-26 08:30:16,892 ] - Test_@[5, 10, 20, 50]: Recall=[0.01100, 0.01790, 0.02608, 0.05255],  precision=[0.00220, 0.00179, 0.00130, 0.00105], hit=[0.01100, 0.01790, 0.02608, 0.05255], ndcg=[0.00682, 0.00900, 0.01103, 0.01617], Train Rec Loss=[0.07696], Eval Rec Loss=[0.07727], c=[0.50000], F=[0.85324, 0.90139, 0.90272, 0.91792], F_fuse=[0.00439, 0.00357, 0.00260, 0.00210]
[ INFO : 2026-07-26 08:31:41,947 ] - Epoch 176: train==[103.98211 = 0.44399 + 1.00228 + 10.84567 + 0.00365 + 0.00000 + 0.00022 + 613.91475]
[ INFO : 2026-07-26 08:31:48,760 ] - Test_@[5, 10, 20, 50]: Recall=[0.01048, 0.01713, 0.02596, 0.05242],  precision=[0.00210, 0.00171, 0.00130, 0.00105], hit=[0.01048, 0.01713, 0.02596, 0.05242], ndcg=[0.00654, 0.00871, 0.01095, 0.01611], Train Rec Loss=[0.07681], Eval Rec Loss=[0.07692], c=[0.50000], F=[0.84496, 0.89001, 0.89505, 0.91300], F_fuse=[0.00418, 0.00342, 0.00259, 0.00209]
[ INFO : 2026-07-26 08:33:14,165 ] - Epoch 177: train==[103.92304 = 0.44585 + 0.99960 + 10.78573 + 0.00366 + 0.00000 + 0.00023 + 613.91865]
[ INFO : 2026-07-26 08:33:20,944 ] - Test_@[5, 10, 20, 50]: Recall=[0.01023, 0.01547, 0.02519, 0.05102],  precision=[0.00205, 0.00155, 0.00126, 0.00102], hit=[0.01023, 0.01547, 0.02519, 0.05102], ndcg=[0.00618, 0.00786, 0.01029, 0.01531], Train Rec Loss=[0.07631], Eval Rec Loss=[0.07683], c=[0.50000], F=[0.83712, 0.88270, 0.89590, 0.91600], F_fuse=[0.00408, 0.00309, 0.00252, 0.00204]
[ INFO : 2026-07-26 08:34:45,464 ] - Epoch 178: train==[103.78214 = 0.44378 + 0.99695 + 10.64928 + 0.00370 + 0.00000 + 0.00022 + 613.91324]
[ INFO : 2026-07-26 08:34:52,258 ] - Test_@[5, 10, 20, 50]: Recall=[0.00806, 0.01624, 0.02544, 0.05140],  precision=[0.00161, 0.00162, 0.00127, 0.00103], hit=[0.00806, 0.01624, 0.02544, 0.05140], ndcg=[0.00518, 0.00783, 0.01016, 0.01524], Train Rec Loss=[0.07757], Eval Rec Loss=[0.07738], c=[0.50000], F=[0.84860, 0.89217, 0.89742, 0.91733], F_fuse=[0.00322, 0.00324, 0.00254, 0.00205]
[ INFO : 2026-07-26 08:36:17,408 ] - Epoch 179: train==[103.84984 = 0.44373 + 0.99460 + 10.71734 + 0.00368 + 0.00000 + 0.00022 + 613.92072]
[ INFO : 2026-07-26 08:36:24,231 ] - Test_@[5, 10, 20, 50]: Recall=[0.01036, 0.01701, 0.02570, 0.05230],  precision=[0.00207, 0.00170, 0.00129, 0.00105], hit=[0.01036, 0.01701, 0.02570, 0.05230], ndcg=[0.00634, 0.00849, 0.01069, 0.01587], Train Rec Loss=[0.07807], Eval Rec Loss=[0.07723], c=[0.50000], F=[0.84256, 0.89067, 0.90243, 0.91868], F_fuse=[0.00413, 0.00339, 0.00257, 0.00209]
[ INFO : 2026-07-26 08:37:49,325 ] - Epoch 180: train==[103.83677 = 0.44079 + 0.99197 + 10.70974 + 0.00369 + 0.00000 + 0.00021 + 613.91433]
[ INFO : 2026-07-26 08:37:56,135 ] - Test_@[5, 10, 20, 50]: Recall=[0.00869, 0.01547, 0.02481, 0.05025],  precision=[0.00174, 0.00155, 0.00124, 0.00100], hit=[0.00869, 0.01547, 0.02481, 0.05025], ndcg=[0.00564, 0.00783, 0.01019, 0.01517], Train Rec Loss=[0.07807], Eval Rec Loss=[0.07801], c=[0.50000], F=[0.84058, 0.88221, 0.89392, 0.91539], F_fuse=[0.00347, 0.00309, 0.00248, 0.00201]
[ INFO : 2026-07-26 08:39:21,595 ] - Epoch 181: train==[103.79671 = 0.44228 + 0.98886 + 10.66996 + 0.00371 + 0.00000 + 0.00021 + 613.91487]
[ INFO : 2026-07-26 08:39:28,411 ] - Test_@[5, 10, 20, 50]: Recall=[0.00908, 0.01726, 0.02596, 0.05281],  precision=[0.00182, 0.00173, 0.00130, 0.00106], hit=[0.00908, 0.01726, 0.02596, 0.05281], ndcg=[0.00568, 0.00835, 0.01054, 0.01580], Train Rec Loss=[0.07822], Eval Rec Loss=[0.07884], c=[0.50000], F=[0.84998, 0.90318, 0.90448, 0.91812], F_fuse=[0.00362, 0.00345, 0.00259, 0.00211]
[ INFO : 2026-07-26 08:40:53,347 ] - Epoch 182: train==[103.72302 = 0.43958 + 0.98503 + 10.59984 + 0.00370 + 0.00000 + 0.00022 + 613.92437]
[ INFO : 2026-07-26 08:41:00,112 ] - Test_@[5, 10, 20, 50]: Recall=[0.00933, 0.01726, 0.02596, 0.05102],  precision=[0.00187, 0.00173, 0.00130, 0.00102], hit=[0.00933, 0.01726, 0.02596, 0.05102], ndcg=[0.00551, 0.00804, 0.01023, 0.01512], Train Rec Loss=[0.07978], Eval Rec Loss=[0.07825], c=[0.50000], F=[0.84505, 0.88950, 0.89783, 0.91537], F_fuse=[0.00373, 0.00345, 0.00259, 0.00204]
[ INFO : 2026-07-26 08:42:25,409 ] - Epoch 183: train==[103.69636 = 0.43633 + 0.98150 + 10.57975 + 0.00372 + 0.00000 + 0.00021 + 613.91628]
[ INFO : 2026-07-26 08:42:32,236 ] - Test_@[5, 10, 20, 50]: Recall=[0.00997, 0.01649, 0.02570, 0.05038],  precision=[0.00199, 0.00165, 0.00129, 0.00101], hit=[0.00997, 0.01649, 0.02570, 0.05038], ndcg=[0.00639, 0.00853, 0.01085, 0.01563], Train Rec Loss=[0.07954], Eval Rec Loss=[0.07998], c=[0.50000], F=[0.85423, 0.89676, 0.90142, 0.91809], F_fuse=[0.00398, 0.00329, 0.00257, 0.00201]
[ INFO : 2026-07-26 08:43:57,429 ] - Epoch 184: train==[103.68623 = 0.43711 + 0.97843 + 10.56875 + 0.00373 + 0.00000 + 0.00024 + 613.92896]
[ INFO : 2026-07-26 08:44:04,267 ] - Test_@[5, 10, 20, 50]: Recall=[0.00806, 0.01496, 0.02493, 0.04846],  precision=[0.00161, 0.00150, 0.00125, 0.00097], hit=[0.00806, 0.01496, 0.02493, 0.04846], ndcg=[0.00545, 0.00766, 0.01016, 0.01475], Train Rec Loss=[0.08087], Eval Rec Loss=[0.08000], c=[0.50000], F=[0.85509, 0.89282, 0.90078, 0.91875], F_fuse=[0.00322, 0.00299, 0.00249, 0.00194]
[ INFO : 2026-07-26 08:45:29,487 ] - Epoch 185: train==[103.59141 = 0.43816 + 0.97555 + 10.47703 + 0.00374 + 0.00000 + 0.00021 + 613.91288]
[ INFO : 2026-07-26 08:45:36,309 ] - Test_@[5, 10, 20, 50]: Recall=[0.00972, 0.01688, 0.02621, 0.05051],  precision=[0.00194, 0.00169, 0.00131, 0.00101], hit=[0.00972, 0.01688, 0.02621, 0.05051], ndcg=[0.00588, 0.00823, 0.01056, 0.01532], Train Rec Loss=[0.07999], Eval Rec Loss=[0.08058], c=[0.50000], F=[0.85209, 0.89752, 0.90271, 0.92063], F_fuse=[0.00388, 0.00337, 0.00262, 0.00202]
[ INFO : 2026-07-26 08:47:01,429 ] - Epoch 186: train==[103.66124 = 0.44022 + 0.97211 + 10.54553 + 0.00377 + 0.00000 + 0.00022 + 613.92149]
[ INFO : 2026-07-26 08:47:08,237 ] - Test_@[5, 10, 20, 50]: Recall=[0.01010, 0.01726, 0.02621, 0.05204],  precision=[0.00202, 0.00173, 0.00131, 0.00104], hit=[0.01010, 0.01726, 0.02621, 0.05204], ndcg=[0.00596, 0.00827, 0.01052, 0.01555], Train Rec Loss=[0.08119], Eval Rec Loss=[0.08171], c=[0.50000], F=[0.85193, 0.90313, 0.90278, 0.91615], F_fuse=[0.00403, 0.00345, 0.00262, 0.00208]
[ INFO : 2026-07-26 08:48:33,193 ] - Epoch 187: train==[103.61378 = 0.43249 + 0.96879 + 10.50602 + 0.00377 + 0.00000 + 0.00027 + 613.93300]
[ INFO : 2026-07-26 08:48:40,001 ] - Test_@[5, 10, 20, 50]: Recall=[0.01023, 0.01598, 0.02506, 0.04846],  precision=[0.00205, 0.00160, 0.00125, 0.00097], hit=[0.01023, 0.01598, 0.02506, 0.04846], ndcg=[0.00639, 0.00823, 0.01051, 0.01506], Train Rec Loss=[0.08193], Eval Rec Loss=[0.08126], c=[0.50000], F=[0.82676, 0.86174, 0.88716, 0.91723], F_fuse=[0.00408, 0.00319, 0.00250, 0.00194]
[ INFO : 2026-07-26 08:50:04,761 ] - Epoch 188: train==[103.58017 = 0.43410 + 0.96528 + 10.47601 + 0.00375 + 0.00000 + 0.00021 + 613.91281]
[ INFO : 2026-07-26 08:50:11,567 ] - Test_@[5, 10, 20, 50]: Recall=[0.00908, 0.01624, 0.02557, 0.05012],  precision=[0.00182, 0.00162, 0.00128, 0.00100], hit=[0.00908, 0.01624, 0.02557, 0.05012], ndcg=[0.00560, 0.00789, 0.01022, 0.01502], Train Rec Loss=[0.08291], Eval Rec Loss=[0.08191], c=[0.50000], F=[0.85068, 0.90259, 0.90214, 0.92030], F_fuse=[0.00362, 0.00324, 0.00255, 0.00200]
[ INFO : 2026-07-26 08:51:36,252 ] - Epoch 189: train==[103.49030 = 0.43185 + 0.96185 + 10.38918 + 0.00377 + 0.00000 + 0.00021 + 613.92117]
[ INFO : 2026-07-26 08:51:43,048 ] - Test_@[5, 10, 20, 50]: Recall=[0.00985, 0.01688, 0.02621, 0.05089],  precision=[0.00197, 0.00169, 0.00131, 0.00102], hit=[0.00985, 0.01688, 0.02621, 0.05089], ndcg=[0.00647, 0.00875, 0.01110, 0.01594], Train Rec Loss=[0.08281], Eval Rec Loss=[0.08365], c=[0.50000], F=[0.85011, 0.90112, 0.90306, 0.91842], F_fuse=[0.00393, 0.00337, 0.00262, 0.00203]
[ INFO : 2026-07-26 08:53:08,150 ] - Epoch 190: train==[103.52557 = 0.43168 + 0.95830 + 10.42637 + 0.00377 + 0.00000 + 0.00023 + 613.92359]
[ INFO : 2026-07-26 08:53:14,921 ] - Test_@[5, 10, 20, 50]: Recall=[0.00895, 0.01585, 0.02455, 0.05166],  precision=[0.00179, 0.00159, 0.00123, 0.00103], hit=[0.00895, 0.01585, 0.02455, 0.05166], ndcg=[0.00549, 0.00773, 0.00992, 0.01523], Train Rec Loss=[0.08263], Eval Rec Loss=[0.08376], c=[0.50000], F=[0.85324, 0.89706, 0.90159, 0.91783], F_fuse=[0.00357, 0.00317, 0.00245, 0.00206]
[ INFO : 2026-07-26 08:54:39,776 ] - Epoch 191: train==[103.45018 = 0.43185 + 0.95431 + 10.35132 + 0.00379 + 0.00000 + 0.00034 + 613.93524]
[ INFO : 2026-07-26 08:54:46,582 ] - Test_@[5, 10, 20, 50]: Recall=[0.01036, 0.01637, 0.02544, 0.04910],  precision=[0.00207, 0.00164, 0.00127, 0.00098], hit=[0.01036, 0.01637, 0.02544, 0.04910], ndcg=[0.00635, 0.00829, 0.01057, 0.01520], Train Rec Loss=[0.08335], Eval Rec Loss=[0.08458], c=[0.50000], F=[0.84678, 0.88581, 0.89733, 0.92190], F_fuse=[0.00413, 0.00327, 0.00254, 0.00196]
[ INFO : 2026-07-26 08:56:11,892 ] - Epoch 192: train==[103.42088 = 0.43439 + 0.95017 + 10.32376 + 0.00378 + 0.00000 + 0.00022 + 613.92409]
[ INFO : 2026-07-26 08:56:18,706 ] - Test_@[5, 10, 20, 50]: Recall=[0.00985, 0.01560, 0.02596, 0.05051],  precision=[0.00197, 0.00156, 0.00130, 0.00101], hit=[0.00985, 0.01560, 0.02596, 0.05051], ndcg=[0.00589, 0.00774, 0.01035, 0.01515], Train Rec Loss=[0.08400], Eval Rec Loss=[0.08431], c=[0.50000], F=[0.85404, 0.89946, 0.90239, 0.91970], F_fuse=[0.00393, 0.00311, 0.00259, 0.00202]
[ INFO : 2026-07-26 08:57:44,024 ] - Epoch 193: train==[103.38967 = 0.43349 + 0.94623 + 10.29387 + 0.00380 + 0.00000 + 0.00029 + 613.93651]
[ INFO : 2026-07-26 08:57:50,841 ] - Test_@[5, 10, 20, 50]: Recall=[0.00985, 0.01867, 0.02634, 0.05230],  precision=[0.00197, 0.00187, 0.00132, 0.00105], hit=[0.00985, 0.01867, 0.02634, 0.05230], ndcg=[0.00600, 0.00886, 0.01080, 0.01586], Train Rec Loss=[0.08463], Eval Rec Loss=[0.08511], c=[0.50000], F=[0.86086, 0.92027, 0.90854, 0.91738], F_fuse=[0.00393, 0.00373, 0.00263, 0.00209]
[ INFO : 2026-07-26 08:59:15,609 ] - Epoch 194: train==[103.40821 = 0.42871 + 0.94220 + 10.31964 + 0.00383 + 0.00000 + 0.00030 + 613.93606]
[ INFO : 2026-07-26 08:59:22,395 ] - Test_@[5, 10, 20, 50]: Recall=[0.00946, 0.01547, 0.02365, 0.04795],  precision=[0.00189, 0.00155, 0.00118, 0.00096], hit=[0.00946, 0.01547, 0.02365, 0.04795], ndcg=[0.00592, 0.00786, 0.00993, 0.01466], Train Rec Loss=[0.08417], Eval Rec Loss=[0.08460], c=[0.50000], F=[0.83613, 0.87328, 0.89273, 0.91986], F_fuse=[0.00378, 0.00309, 0.00236, 0.00192]
[ INFO : 2026-07-26 09:00:47,245 ] - Epoch 195: train==[103.33853 = 0.43459 + 0.93809 + 10.25037 + 0.00382 + 0.00000 + 0.00020 + 613.91126]
[ INFO : 2026-07-26 09:00:54,052 ] - Test_@[5, 10, 20, 50]: Recall=[0.00985, 0.01573, 0.02417, 0.05217],  precision=[0.00197, 0.00157, 0.00121, 0.00104], hit=[0.00985, 0.01573, 0.02417, 0.05217], ndcg=[0.00603, 0.00790, 0.01002, 0.01548], Train Rec Loss=[0.08583], Eval Rec Loss=[0.08605], c=[0.50000], F=[0.85631, 0.90088, 0.90554, 0.92232], F_fuse=[0.00393, 0.00314, 0.00241, 0.00208]
[ INFO : 2026-07-26 09:02:19,123 ] - Epoch 196: train==[103.32607 = 0.42692 + 0.93437 + 10.24744 + 0.00389 + 0.00000 + 0.00021 + 613.91321]
[ INFO : 2026-07-26 09:02:25,976 ] - Test_@[5, 10, 20, 50]: Recall=[0.00972, 0.01585, 0.02532, 0.04961],  precision=[0.00194, 0.00159, 0.00127, 0.00099], hit=[0.00972, 0.01585, 0.02532, 0.04961], ndcg=[0.00603, 0.00802, 0.01040, 0.01516], Train Rec Loss=[0.08589], Eval Rec Loss=[0.08587], c=[0.50000], F=[0.85055, 0.89012, 0.90045, 0.92065], F_fuse=[0.00388, 0.00317, 0.00253, 0.00198]
[ INFO : 2026-07-26 09:03:50,981 ] - Epoch 197: train==[103.29134 = 0.42675 + 0.93014 + 10.21516 + 0.00387 + 0.00000 + 0.00021 + 613.91509]
[ INFO : 2026-07-26 09:03:57,807 ] - Test_@[5, 10, 20, 50]: Recall=[0.00933, 0.01624, 0.02481, 0.05025],  precision=[0.00187, 0.00162, 0.00124, 0.00100], hit=[0.00933, 0.01624, 0.02481, 0.05025], ndcg=[0.00561, 0.00785, 0.01002, 0.01501], Train Rec Loss=[0.08767], Eval Rec Loss=[0.08825], c=[0.50000], F=[0.85388, 0.90102, 0.90648, 0.92313], F_fuse=[0.00373, 0.00324, 0.00248, 0.00201]
[ INFO : 2026-07-26 09:05:22,534 ] - Epoch 198: train==[103.31672 = 0.43048 + 0.92614 + 10.23875 + 0.00385 + 0.00000 + 0.00021 + 613.91817]
[ INFO : 2026-07-26 09:05:29,349 ] - Test_@[5, 10, 20, 50]: Recall=[0.00933, 0.01637, 0.02455, 0.04897],  precision=[0.00187, 0.00164, 0.00123, 0.00098], hit=[0.00933, 0.01637, 0.02455, 0.04897], ndcg=[0.00590, 0.00819, 0.01023, 0.01501], Train Rec Loss=[0.08842], Eval Rec Loss=[0.08889], c=[0.50000], F=[0.84598, 0.88539, 0.90082, 0.92088], F_fuse=[0.00373, 0.00327, 0.00245, 0.00196]
[ INFO : 2026-07-26 09:06:54,765 ] - Epoch 199: train==[103.24123 = 0.42216 + 0.92202 + 10.17355 + 0.00388 + 0.00000 + 0.00022 + 613.92141]
[ INFO : 2026-07-26 09:07:01,613 ] - Test_@[5, 10, 20, 50]: Recall=[0.00793, 0.01547, 0.02468, 0.05012],  precision=[0.00159, 0.00155, 0.00123, 0.00100], hit=[0.00793, 0.01547, 0.02468, 0.05012], ndcg=[0.00485, 0.00733, 0.00966, 0.01464], Train Rec Loss=[0.08874], Eval Rec Loss=[0.08778], c=[0.50000], F=[0.85062, 0.89446, 0.90350, 0.92494], F_fuse=[0.00317, 0.00309, 0.00246, 0.00200]
[ INFO : 2026-07-26 09:08:26,233 ] - Epoch 200: train==[103.21355 = 0.42253 + 0.91779 + 10.14792 + 0.00388 + 0.00000 + 0.00023 + 613.92213]
[ INFO : 2026-07-26 09:08:33,024 ] - Test_@[5, 10, 20, 50]: Recall=[0.00869, 0.01611, 0.02468, 0.05204],  precision=[0.00174, 0.00161, 0.00123, 0.00104], hit=[0.00869, 0.01611, 0.02468, 0.05204], ndcg=[0.00526, 0.00766, 0.00982, 0.01517], Train Rec Loss=[0.08917], Eval Rec Loss=[0.08959], c=[0.50000], F=[0.85532, 0.90641, 0.90939, 0.92440], F_fuse=[0.00347, 0.00322, 0.00246, 0.00208]
[ INFO : 2026-07-26 09:09:57,660 ] - Epoch 201: train==[103.23658 = 0.41821 + 0.91370 + 10.17793 + 0.00388 + 0.00000 + 0.00022 + 613.92083]
[ INFO : 2026-07-26 09:10:04,465 ] - Test_@[5, 10, 20, 50]: Recall=[0.00844, 0.01394, 0.02353, 0.04923],  precision=[0.00169, 0.00139, 0.00118, 0.00098], hit=[0.00844, 0.01394, 0.02353, 0.04923], ndcg=[0.00502, 0.00679, 0.00921, 0.01423], Train Rec Loss=[0.09039], Eval Rec Loss=[0.08856], c=[0.50000], F=[0.84160, 0.88015, 0.89773, 0.92309], F_fuse=[0.00337, 0.00278, 0.00235, 0.00197]
[ INFO : 2026-07-26 09:11:29,204 ] - Epoch 202: train==[103.05944 = 0.41640 + 0.90969 + 10.00541 + 0.00393 + 0.00000 + 0.00022 + 613.91773]
[ INFO : 2026-07-26 09:11:36,006 ] - Test_@[5, 10, 20, 50]: Recall=[0.01023, 0.01713, 0.02544, 0.05114],  precision=[0.00205, 0.00171, 0.00127, 0.00102], hit=[0.01023, 0.01713, 0.02544, 0.05114], ndcg=[0.00606, 0.00830, 0.01037, 0.01540], Train Rec Loss=[0.08985], Eval Rec Loss=[0.08916], c=[0.50000], F=[0.85650, 0.90795, 0.90915, 0.92290], F_fuse=[0.00408, 0.00342, 0.00254, 0.00204]
[ INFO : 2026-07-26 09:13:00,706 ] - Epoch 203: train==[103.10698 = 0.41758 + 0.90581 + 10.05372 + 0.00392 + 0.00000 + 0.00024 + 613.92014]
[ INFO : 2026-07-26 09:13:07,490 ] - Test_@[5, 10, 20, 50]: Recall=[0.00972, 0.01649, 0.02596, 0.05191],  precision=[0.00194, 0.00165, 0.00130, 0.00104], hit=[0.00972, 0.01649, 0.02596, 0.05191], ndcg=[0.00579, 0.00798, 0.01033, 0.01538], Train Rec Loss=[0.09066], Eval Rec Loss=[0.09082], c=[0.50000], F=[0.85046, 0.89503, 0.90339, 0.92056], F_fuse=[0.00388, 0.00329, 0.00259, 0.00207]
[ INFO : 2026-07-26 09:14:32,014 ] - Epoch 204: train==[103.11389 = 0.42004 + 0.90176 + 10.06052 + 0.00391 + 0.00000 + 0.00022 + 613.92089]
[ INFO : 2026-07-26 09:14:38,822 ] - Test_@[5, 10, 20, 50]: Recall=[0.00908, 0.01547, 0.02519, 0.04974],  precision=[0.00182, 0.00155, 0.00126, 0.00099], hit=[0.00908, 0.01547, 0.02519, 0.04974], ndcg=[0.00577, 0.00785, 0.01030, 0.01511], Train Rec Loss=[0.09091], Eval Rec Loss=[0.09111], c=[0.50000], F=[0.83831, 0.87625, 0.89645, 0.92275], F_fuse=[0.00362, 0.00309, 0.00252, 0.00199]
[ INFO : 2026-07-26 09:16:03,485 ] - Epoch 205: train==[103.09443 = 0.41736 + 0.89769 + 10.04736 + 0.00391 + 0.00000 + 0.00021 + 613.91320]
[ INFO : 2026-07-26 09:16:10,301 ] - Test_@[5, 10, 20, 50]: Recall=[0.00895, 0.01637, 0.02608, 0.05217],  precision=[0.00179, 0.00164, 0.00130, 0.00104], hit=[0.00895, 0.01637, 0.02608, 0.05217], ndcg=[0.00526, 0.00767, 0.01013, 0.01520], Train Rec Loss=[0.09162], Eval Rec Loss=[0.09002], c=[0.50000], F=[0.85935, 0.90783, 0.90941, 0.92426], F_fuse=[0.00357, 0.00327, 0.00260, 0.00208]
[ INFO : 2026-07-26 09:17:34,941 ] - Epoch 206: train==[103.04597 = 0.41823 + 0.89365 + 9.99784 + 0.00391 + 0.00000 + 0.00024 + 613.93036]
[ INFO : 2026-07-26 09:17:41,761 ] - Test_@[5, 10, 20, 50]: Recall=[0.01074, 0.01713, 0.02481, 0.04910],  precision=[0.00215, 0.00171, 0.00124, 0.00098], hit=[0.01074, 0.01713, 0.02481, 0.04910], ndcg=[0.00670, 0.00875, 0.01067, 0.01541], Train Rec Loss=[0.09372], Eval Rec Loss=[0.09398], c=[0.50000], F=[0.84748, 0.88480, 0.89779, 0.92251], F_fuse=[0.00429, 0.00342, 0.00248, 0.00196]
[ INFO : 2026-07-26 09:19:06,493 ] - Epoch 207: train==[102.98127 = 0.41259 + 0.88978 + 9.94328 + 0.00396 + 0.00000 + 0.00021 + 613.91576]
[ INFO : 2026-07-26 09:19:13,264 ] - Test_@[5, 10, 20, 50]: Recall=[0.00806, 0.01585, 0.02481, 0.05191],  precision=[0.00161, 0.00159, 0.00124, 0.00104], hit=[0.00806, 0.01585, 0.02481, 0.05191], ndcg=[0.00494, 0.00751, 0.00973, 0.01500], Train Rec Loss=[0.09323], Eval Rec Loss=[0.09249], c=[0.50000], F=[0.84854, 0.89479, 0.90509, 0.92427], F_fuse=[0.00322, 0.00317, 0.00248, 0.00207]
[ INFO : 2026-07-26 09:20:37,830 ] - Epoch 208: train==[103.03958 = 0.41130 + 0.88557 + 10.00412 + 0.00396 + 0.00000 + 0.00024 + 613.92406]
[ INFO : 2026-07-26 09:20:44,601 ] - Test_@[5, 10, 20, 50]: Recall=[0.00844, 0.01445, 0.02455, 0.04948],  precision=[0.00169, 0.00144, 0.00123, 0.00099], hit=[0.00844, 0.01445, 0.02455, 0.04948], ndcg=[0.00534, 0.00729, 0.00983, 0.01467], Train Rec Loss=[0.09291], Eval Rec Loss=[0.09404], c=[0.50000], F=[0.84230, 0.88208, 0.90052, 0.92490], F_fuse=[0.00337, 0.00288, 0.00245, 0.00198]
[ INFO : 2026-07-26 09:22:09,840 ] - Epoch 209: train==[103.00685 = 0.40971 + 0.88133 + 9.97724 + 0.00396 + 0.00000 + 0.00020 + 613.91290]
[ INFO : 2026-07-26 09:22:16,628 ] - Test_@[5, 10, 20, 50]: Recall=[0.01036, 0.01701, 0.02570, 0.05204],  precision=[0.00207, 0.00170, 0.00129, 0.00104], hit=[0.01036, 0.01701, 0.02570, 0.05204], ndcg=[0.00653, 0.00865, 0.01083, 0.01598], Train Rec Loss=[0.09373], Eval Rec Loss=[0.09384], c=[0.50000], F=[0.85599, 0.90258, 0.90685, 0.92406], F_fuse=[0.00413, 0.00339, 0.00257, 0.00208]
[ INFO : 2026-07-26 09:23:41,686 ] - Epoch 210: train==[102.90305 = 0.41460 + 0.87712 + 9.86736 + 0.00400 + 0.00000 + 0.00026 + 613.93700]
[ INFO : 2026-07-26 09:23:48,467 ] - Test_@[5, 10, 20, 50]: Recall=[0.00895, 0.01483, 0.02353, 0.04871],  precision=[0.00179, 0.00148, 0.00118, 0.00097], hit=[0.00895, 0.01483, 0.02353, 0.04871], ndcg=[0.00552, 0.00742, 0.00962, 0.01456], Train Rec Loss=[0.09579], Eval Rec Loss=[0.09575], c=[0.50000], F=[0.84716, 0.88851, 0.90279, 0.92581], F_fuse=[0.00357, 0.00296, 0.00235, 0.00195]
[ INFO : 2026-07-26 09:25:13,425 ] - Epoch 211: train==[102.94719 = 0.41023 + 0.87260 + 9.92212 + 0.00400 + 0.00000 + 0.00020 + 613.91381]
[ INFO : 2026-07-26 09:25:20,246 ] - Test_@[5, 10, 20, 50]: Recall=[0.00857, 0.01598, 0.02353, 0.05102],  precision=[0.00171, 0.00160, 0.00118, 0.00102], hit=[0.00857, 0.01598, 0.02353, 0.05102], ndcg=[0.00509, 0.00745, 0.00934, 0.01475], Train Rec Loss=[0.09494], Eval Rec Loss=[0.09458], c=[0.50000], F=[0.85615, 0.89906, 0.90632, 0.92544], F_fuse=[0.00342, 0.00319, 0.00235, 0.00204]
[ INFO : 2026-07-26 09:26:45,309 ] - Epoch 212: train==[102.91122 = 0.40833 + 0.86796 + 9.88721 + 0.00399 + 0.00000 + 0.00031 + 613.93725]
[ INFO : 2026-07-26 09:26:52,083 ] - Test_@[5, 10, 20, 50]: Recall=[0.00844, 0.01573, 0.02365, 0.04795],  precision=[0.00169, 0.00157, 0.00118, 0.00096], hit=[0.00844, 0.01573, 0.02365, 0.04795], ndcg=[0.00542, 0.00777, 0.00975, 0.01450], Train Rec Loss=[0.09525], Eval Rec Loss=[0.09546], c=[0.50000], F=[0.84109, 0.87433, 0.89614, 0.92329], F_fuse=[0.00337, 0.00314, 0.00236, 0.00192]
[ INFO : 2026-07-26 09:28:16,945 ] - Epoch 213: train==[102.87174 = 0.40497 + 0.86386 + 9.85617 + 0.00401 + 0.00000 + 0.00024 + 613.92023]
[ INFO : 2026-07-26 09:28:23,710 ] - Test_@[5, 10, 20, 50]: Recall=[0.00959, 0.01611, 0.02583, 0.05089],  precision=[0.00192, 0.00161, 0.00129, 0.00102], hit=[0.00959, 0.01611, 0.02583, 0.05089], ndcg=[0.00594, 0.00803, 0.01046, 0.01532], Train Rec Loss=[0.09491], Eval Rec Loss=[0.09526], c=[0.50000], F=[0.85411, 0.90589, 0.91164, 0.92952], F_fuse=[0.00383, 0.00322, 0.00258, 0.00203]
[ INFO : 2026-07-26 09:29:49,149 ] - Epoch 214: train==[102.87334 = 0.40085 + 0.85973 + 9.86399 + 0.00402 + 0.00000 + 0.00022 + 613.92278]
[ INFO : 2026-07-26 09:29:55,987 ] - Test_@[5, 10, 20, 50]: Recall=[0.00946, 0.01688, 0.02634, 0.05370],  precision=[0.00189, 0.00169, 0.00132, 0.00107], hit=[0.00946, 0.01688, 0.02634, 0.05370], ndcg=[0.00570, 0.00808, 0.01046, 0.01577], Train Rec Loss=[0.09562], Eval Rec Loss=[0.09484], c=[0.50000], F=[0.86226, 0.91666, 0.91598, 0.92506], F_fuse=[0.00378, 0.00337, 0.00263, 0.00215]
[ INFO : 2026-07-26 09:31:22,051 ] - Epoch 215: train==[102.85893 = 0.40220 + 0.85578 + 9.84687 + 0.00402 + 0.00000 + 0.00045 + 613.94615]
[ INFO : 2026-07-26 09:31:28,839 ] - Test_@[5, 10, 20, 50]: Recall=[0.00882, 0.01432, 0.02225, 0.04641],  precision=[0.00176, 0.00143, 0.00111, 0.00093], hit=[0.00882, 0.01432, 0.02225, 0.04641], ndcg=[0.00559, 0.00737, 0.00937, 0.01410], Train Rec Loss=[0.09556], Eval Rec Loss=[0.09619], c=[0.50000], F=[0.83034, 0.86102, 0.88745, 0.92244], F_fuse=[0.00352, 0.00286, 0.00222, 0.00185]
[ INFO : 2026-07-26 09:32:53,829 ] - Epoch 216: train==[102.77957 = 0.40144 + 0.85200 + 9.77462 + 0.00401 + 0.00000 + 0.00022 + 613.92059]
[ INFO : 2026-07-26 09:33:00,577 ] - Test_@[5, 10, 20, 50]: Recall=[0.00985, 0.01598, 0.02442, 0.05012],  precision=[0.00197, 0.00160, 0.00122, 0.00100], hit=[0.00985, 0.01598, 0.02442, 0.05012], ndcg=[0.00604, 0.00798, 0.01007, 0.01511], Train Rec Loss=[0.09570], Eval Rec Loss=[0.09748], c=[0.50000], F=[0.85411, 0.90586, 0.91016, 0.92898], F_fuse=[0.00393, 0.00319, 0.00244, 0.00200]
[ INFO : 2026-07-26 09:34:25,469 ] - Epoch 217: train==[102.72209 = 0.39694 + 0.84829 + 9.72377 + 0.00404 + 0.00000 + 0.00022 + 613.92096]
[ INFO : 2026-07-26 09:34:32,278 ] - Test_@[5, 10, 20, 50]: Recall=[0.00946, 0.01509, 0.02327, 0.04897],  precision=[0.00189, 0.00151, 0.00116, 0.00098], hit=[0.00946, 0.01509, 0.02327, 0.04897], ndcg=[0.00559, 0.00743, 0.00948, 0.01451], Train Rec Loss=[0.09607], Eval Rec Loss=[0.09526], c=[0.50000], F=[0.84659, 0.88562, 0.90112, 0.92640], F_fuse=[0.00378, 0.00301, 0.00232, 0.00196]
[ INFO : 2026-07-26 09:35:57,253 ] - Epoch 218: train==[102.81492 = 0.39857 + 0.84471 + 9.81688 + 0.00403 + 0.00000 + 0.00021 + 613.92258]
[ INFO : 2026-07-26 09:36:04,069 ] - Test_@[5, 10, 20, 50]: Recall=[0.00895, 0.01611, 0.02468, 0.04884],  precision=[0.00179, 0.00161, 0.00123, 0.00098], hit=[0.00895, 0.01611, 0.02468, 0.04884], ndcg=[0.00527, 0.00759, 0.00971, 0.01445], Train Rec Loss=[0.09698], Eval Rec Loss=[0.09583], c=[0.50000], F=[0.85577, 0.89972, 0.90834, 0.92820], F_fuse=[0.00357, 0.00322, 0.00246, 0.00195]
[ INFO : 2026-07-26 09:37:29,370 ] - Epoch 219: train==[102.68184 = 0.40070 + 0.84120 + 9.68400 + 0.00407 + 0.00000 + 0.00022 + 613.92083]
[ INFO : 2026-07-26 09:37:36,161 ] - Test_@[5, 10, 20, 50]: Recall=[0.00895, 0.01585, 0.02404, 0.04859],  precision=[0.00179, 0.00159, 0.00120, 0.00097], hit=[0.00895, 0.01585, 0.02404, 0.04859], ndcg=[0.00565, 0.00787, 0.00991, 0.01475], Train Rec Loss=[0.09630], Eval Rec Loss=[0.09617], c=[0.50000], F=[0.85206, 0.89246, 0.90417, 0.92756], F_fuse=[0.00357, 0.00317, 0.00240, 0.00194]
[ INFO : 2026-07-26 09:39:00,824 ] - Epoch 220: train==[102.72571 = 0.39407 + 0.83781 + 9.73526 + 0.00408 + 0.00000 + 0.00024 + 613.92916]
[ INFO : 2026-07-26 09:39:07,659 ] - Test_@[5, 10, 20, 50]: Recall=[0.00869, 0.01496, 0.02391, 0.04987],  precision=[0.00174, 0.00150, 0.00120, 0.00100], hit=[0.00869, 0.01496, 0.02391, 0.04987], ndcg=[0.00521, 0.00725, 0.00951, 0.01458], Train Rec Loss=[0.09596], Eval Rec Loss=[0.09585], c=[0.50000], F=[0.85602, 0.89770, 0.90727, 0.92684], F_fuse=[0.00347, 0.00299, 0.00239, 0.00199]
[ INFO : 2026-07-26 09:40:32,065 ] - Epoch 221: train==[102.73499 = 0.39674 + 0.83435 + 9.74519 + 0.00406 + 0.00000 + 0.00021 + 613.92121]
[ INFO : 2026-07-26 09:40:38,847 ] - Test_@[5, 10, 20, 50]: Recall=[0.00933, 0.01534, 0.02391, 0.04923],  precision=[0.00187, 0.00153, 0.00120, 0.00098], hit=[0.00933, 0.01534, 0.02391, 0.04923], ndcg=[0.00602, 0.00796, 0.01011, 0.01508], Train Rec Loss=[0.09752], Eval Rec Loss=[0.09656], c=[0.50000], F=[0.84633, 0.88906, 0.90378, 0.92684], F_fuse=[0.00373, 0.00306, 0.00239, 0.00197]
[ INFO : 2026-07-26 09:42:03,921 ] - Epoch 222: train==[102.66721 = 0.39444 + 0.83102 + 9.67998 + 0.00408 + 0.00000 + 0.00022 + 613.93253]
[ INFO : 2026-07-26 09:42:10,691 ] - Test_@[5, 10, 20, 50]: Recall=[0.00857, 0.01560, 0.02442, 0.05012],  precision=[0.00171, 0.00156, 0.00122, 0.00100], hit=[0.00857, 0.01560, 0.02442, 0.05012], ndcg=[0.00534, 0.00762, 0.00984, 0.01489], Train Rec Loss=[0.09491], Eval Rec Loss=[0.09568], c=[0.50000], F=[0.85989, 0.90370, 0.90931, 0.92551], F_fuse=[0.00342, 0.00311, 0.00244, 0.00200]
[ INFO : 2026-07-26 09:43:35,385 ] - Epoch 223: train==[102.61848 = 0.39139 + 0.82767 + 9.63669 + 0.00412 + 0.00000 + 0.00024 + 613.92963]
[ INFO : 2026-07-26 09:43:42,190 ] - Test_@[5, 10, 20, 50]: Recall=[0.00793, 0.01496, 0.02417, 0.04923],  precision=[0.00159, 0.00150, 0.00121, 0.00098], hit=[0.00793, 0.01496, 0.02417, 0.04923], ndcg=[0.00499, 0.00727, 0.00956, 0.01449], Train Rec Loss=[0.09633], Eval Rec Loss=[0.09631], c=[0.50000], F=[0.85030, 0.88933, 0.90548, 0.92942], F_fuse=[0.00317, 0.00299, 0.00241, 0.00197]
[ INFO : 2026-07-26 09:45:07,209 ] - Epoch 224: train==[102.62523 = 0.38878 + 0.82430 + 9.64951 + 0.00412 + 0.00000 + 0.00021 + 613.92020]
[ INFO : 2026-07-26 09:45:14,017 ] - Test_@[5, 10, 20, 50]: Recall=[0.00895, 0.01483, 0.02519, 0.05140],  precision=[0.00179, 0.00148, 0.00126, 0.00103], hit=[0.00895, 0.01483, 0.02519, 0.05140], ndcg=[0.00552, 0.00743, 0.01004, 0.01516], Train Rec Loss=[0.09624], Eval Rec Loss=[0.09658], c=[0.50000], F=[0.85561, 0.90001, 0.90701, 0.92565], F_fuse=[0.00357, 0.00296, 0.00252, 0.00205]
[ INFO : 2026-07-26 09:46:38,572 ] - Epoch 225: train==[102.54294 = 0.39079 + 0.82110 + 9.56686 + 0.00414 + 0.00000 + 0.00024 + 613.92167]
[ INFO : 2026-07-26 09:46:45,364 ] - Test_@[5, 10, 20, 50]: Recall=[0.00985, 0.01611, 0.02442, 0.05051],  precision=[0.00197, 0.00161, 0.00122, 0.00101], hit=[0.00985, 0.01611, 0.02442, 0.05051], ndcg=[0.00607, 0.00809, 0.01014, 0.01525], Train Rec Loss=[0.09680], Eval Rec Loss=[0.09560], c=[0.50000], F=[0.85046, 0.89137, 0.90502, 0.92678], F_fuse=[0.00393, 0.00322, 0.00244, 0.00202]
[ INFO : 2026-07-26 09:48:09,841 ] - Epoch 226: train==[102.61422 = 0.39021 + 0.81808 + 9.63885 + 0.00410 + 0.00000 + 0.00023 + 613.93311]
[ INFO : 2026-07-26 09:48:16,664 ] - Test_@[5, 10, 20, 50]: Recall=[0.00857, 0.01483, 0.02391, 0.04974],  precision=[0.00171, 0.00148, 0.00120, 0.00099], hit=[0.00857, 0.01483, 0.02391, 0.04974], ndcg=[0.00524, 0.00726, 0.00952, 0.01461], Train Rec Loss=[0.09677], Eval Rec Loss=[0.09691], c=[0.50000], F=[0.85078, 0.89091, 0.90571, 0.92830], F_fuse=[0.00342, 0.00296, 0.00239, 0.00199]
[ INFO : 2026-07-26 09:49:41,354 ] - Epoch 227: train==[102.48499 = 0.38558 + 0.81495 + 9.51775 + 0.00417 + 0.00000 + 0.00022 + 613.92189]
[ INFO : 2026-07-26 09:49:48,157 ] - Test_@[5, 10, 20, 50]: Recall=[0.01023, 0.01534, 0.02404, 0.04808],  precision=[0.00205, 0.00153, 0.00120, 0.00096], hit=[0.01023, 0.01534, 0.02404, 0.04808], ndcg=[0.00625, 0.00792, 0.01008, 0.01480], Train Rec Loss=[0.09624], Eval Rec Loss=[0.09599], c=[0.50000], F=[0.85119, 0.88533, 0.90022, 0.92645], F_fuse=[0.00408, 0.00306, 0.00240, 0.00192]
[ INFO : 2026-07-26 09:51:13,076 ] - Epoch 228: train==[102.57121 = 0.39155 + 0.81196 + 9.59901 + 0.00414 + 0.00000 + 0.00024 + 613.92730]
[ INFO : 2026-07-26 09:51:19,853 ] - Test_@[5, 10, 20, 50]: Recall=[0.00806, 0.01406, 0.02301, 0.04820],  precision=[0.00161, 0.00141, 0.00115, 0.00096], hit=[0.00806, 0.01406, 0.02301, 0.04820], ndcg=[0.00506, 0.00705, 0.00930, 0.01424], Train Rec Loss=[0.09690], Eval Rec Loss=[0.09656], c=[0.50000], F=[0.85234, 0.88864, 0.90499, 0.92861], F_fuse=[0.00322, 0.00281, 0.00230, 0.00193]
[ INFO : 2026-07-26 09:52:44,794 ] - Epoch 229: train==[102.52699 = 0.39161 + 0.80903 + 9.55669 + 0.00413 + 0.00000 + 0.00022 + 613.92615]
[ INFO : 2026-07-26 09:52:51,612 ] - Test_@[5, 10, 20, 50]: Recall=[0.00908, 0.01573, 0.02506, 0.04987],  precision=[0.00182, 0.00157, 0.00125, 0.00100], hit=[0.00908, 0.01573, 0.02506, 0.04987], ndcg=[0.00571, 0.00788, 0.01018, 0.01507], Train Rec Loss=[0.09671], Eval Rec Loss=[0.09561], c=[0.50000], F=[0.85475, 0.90303, 0.90853, 0.92924], F_fuse=[0.00362, 0.00314, 0.00250, 0.00199]
[ INFO : 2026-07-26 09:54:16,106 ] - Epoch 230: train==[102.48324 = 0.38577 + 0.80599 + 9.52129 + 0.00419 + 0.00000 + 0.00021 + 613.92123]
[ INFO : 2026-07-26 09:54:22,901 ] - Test_@[5, 10, 20, 50]: Recall=[0.00882, 0.01598, 0.02353, 0.04744],  precision=[0.00176, 0.00160, 0.00118, 0.00095], hit=[0.00882, 0.01598, 0.02353, 0.04744], ndcg=[0.00553, 0.00785, 0.00972, 0.01441], Train Rec Loss=[0.09635], Eval Rec Loss=[0.09591], c=[0.50000], F=[0.84848, 0.89138, 0.90662, 0.93022], F_fuse=[0.00352, 0.00319, 0.00235, 0.00190]
[ INFO : 2026-07-26 09:55:47,467 ] - Epoch 231: train==[102.43409 = 0.38403 + 0.80313 + 9.47602 + 0.00418 + 0.00000 + 0.00021 + 613.91853]
[ INFO : 2026-07-26 09:55:54,294 ] - Test_@[5, 10, 20, 50]: Recall=[0.00831, 0.01406, 0.02442, 0.04987],  precision=[0.00166, 0.00141, 0.00122, 0.00100], hit=[0.00831, 0.01406, 0.02442, 0.04987], ndcg=[0.00520, 0.00706, 0.00966, 0.01465], Train Rec Loss=[0.09619], Eval Rec Loss=[0.09512], c=[0.50000], F=[0.85919, 0.89877, 0.90677, 0.92903], F_fuse=[0.00332, 0.00281, 0.00244, 0.00199]
[ INFO : 2026-07-26 09:57:19,513 ] - Epoch 232: train==[102.43903 = 0.38418 + 0.80022 + 9.48012 + 0.00418 + 0.00000 + 0.00023 + 613.93452]
[ INFO : 2026-07-26 09:57:26,277 ] - Test_@[5, 10, 20, 50]: Recall=[0.00908, 0.01509, 0.02455, 0.04987],  precision=[0.00182, 0.00151, 0.00123, 0.00100], hit=[0.00908, 0.01509, 0.02455, 0.04987], ndcg=[0.00554, 0.00746, 0.00983, 0.01475], Train Rec Loss=[0.09669], Eval Rec Loss=[0.09616], c=[0.50000], F=[0.85305, 0.89070, 0.90653, 0.92887], F_fuse=[0.00362, 0.00301, 0.00245, 0.00199]
[ INFO : 2026-07-26 09:58:51,111 ] - Epoch 233: train==[102.40622 = 0.38106 + 0.79733 + 9.45424 + 0.00421 + 0.00000 + 0.00024 + 613.92054]
[ INFO : 2026-07-26 09:58:57,945 ] - Test_@[5, 10, 20, 50]: Recall=[0.00933, 0.01560, 0.02506, 0.04833],  precision=[0.00187, 0.00156, 0.00125, 0.00097], hit=[0.00933, 0.01560, 0.02506, 0.04833], ndcg=[0.00588, 0.00792, 0.01029, 0.01487], Train Rec Loss=[0.09671], Eval Rec Loss=[0.09655], c=[0.50000], F=[0.85833, 0.90928, 0.91271, 0.92714], F_fuse=[0.00373, 0.00311, 0.00250, 0.00193]
[ INFO : 2026-07-26 10:00:22,405 ] - Epoch 234: train==[102.36417 = 0.37845 + 0.79453 + 9.41297 + 0.00421 + 0.00000 + 0.00026 + 613.94373]
[ INFO : 2026-07-26 10:00:29,232 ] - Test_@[5, 10, 20, 50]: Recall=[0.00767, 0.01394, 0.02429, 0.04999],  precision=[0.00153, 0.00139, 0.00121, 0.00100], hit=[0.00767, 0.01394, 0.02429, 0.04999], ndcg=[0.00516, 0.00718, 0.00976, 0.01479], Train Rec Loss=[0.09617], Eval Rec Loss=[0.09481], c=[0.50000], F=[0.84694, 0.88025, 0.89824, 0.92482], F_fuse=[0.00306, 0.00278, 0.00243, 0.00200]
[ INFO : 2026-07-26 10:01:53,547 ] - Epoch 235: train==[102.39759 = 0.38164 + 0.79175 + 9.44793 + 0.00423 + 0.00000 + 0.00023 + 613.92337]
[ INFO : 2026-07-26 10:02:00,369 ] - Test_@[5, 10, 20, 50]: Recall=[0.00869, 0.01432, 0.02238, 0.04475],  precision=[0.00174, 0.00143, 0.00112, 0.00090], hit=[0.00869, 0.01432, 0.02238, 0.04475], ndcg=[0.00549, 0.00730, 0.00931, 0.01371], Train Rec Loss=[0.09518], Eval Rec Loss=[0.09560], c=[0.50000], F=[0.84864, 0.88722, 0.90509, 0.93070], F_fuse=[0.00347, 0.00286, 0.00223, 0.00179]
[ INFO : 2026-07-26 10:03:25,068 ] - Epoch 236: train==[102.36968 = 0.37999 + 0.78891 + 9.42406 + 0.00424 + 0.00000 + 0.00021 + 613.91892]
[ INFO : 2026-07-26 10:03:31,853 ] - Test_@[5, 10, 20, 50]: Recall=[0.00946, 0.01560, 0.02583, 0.04897],  precision=[0.00189, 0.00156, 0.00129, 0.00098], hit=[0.00946, 0.01560, 0.02583, 0.04897], ndcg=[0.00602, 0.00800, 0.01054, 0.01505], Train Rec Loss=[0.09495], Eval Rec Loss=[0.09516], c=[0.50000], F=[0.85449, 0.89606, 0.90882, 0.93039], F_fuse=[0.00378, 0.00311, 0.00258, 0.00196]
[ INFO : 2026-07-26 10:04:56,904 ] - Epoch 237: train==[102.33047 = 0.37627 + 0.78618 + 9.39011 + 0.00425 + 0.00000 + 0.00022 + 613.91947]
[ INFO : 2026-07-26 10:05:03,744 ] - Test_@[5, 10, 20, 50]: Recall=[0.00857, 0.01560, 0.02532, 0.04897],  precision=[0.00171, 0.00156, 0.00127, 0.00098], hit=[0.00857, 0.01560, 0.02532, 0.04897], ndcg=[0.00537, 0.00768, 0.01014, 0.01477], Train Rec Loss=[0.09554], Eval Rec Loss=[0.09582], c=[0.50000], F=[0.85024, 0.88999, 0.90574, 0.93028], F_fuse=[0.00342, 0.00311, 0.00253, 0.00196]
[ INFO : 2026-07-26 10:06:28,915 ] - Epoch 238: train==[102.35795 = 0.37895 + 0.78340 + 9.41524 + 0.00426 + 0.00000 + 0.00022 + 613.92819]
[ INFO : 2026-07-26 10:06:35,737 ] - Test_@[5, 10, 20, 50]: Recall=[0.00780, 0.01470, 0.02442, 0.04961],  precision=[0.00156, 0.00147, 0.00122, 0.00099], hit=[0.00780, 0.01470, 0.02442, 0.04961], ndcg=[0.00485, 0.00710, 0.00952, 0.01446], Train Rec Loss=[0.09491], Eval Rec Loss=[0.09455], c=[0.50000], F=[0.85455, 0.89341, 0.90799, 0.93005], F_fuse=[0.00311, 0.00294, 0.00244, 0.00198]
[ INFO : 2026-07-26 10:08:01,100 ] - Epoch 239: train==[102.32763 = 0.37443 + 0.78068 + 9.39147 + 0.00427 + 0.00000 + 0.00023 + 613.92551]
[ INFO : 2026-07-26 10:08:07,939 ] - Test_@[5, 10, 20, 50]: Recall=[0.00882, 0.01483, 0.02404, 0.04769],  precision=[0.00176, 0.00148, 0.00120, 0.00095], hit=[0.00882, 0.01483, 0.02404, 0.04769], ndcg=[0.00560, 0.00756, 0.00986, 0.01450], Train Rec Loss=[0.09574], Eval Rec Loss=[0.09580], c=[0.50000], F=[0.85800, 0.88957, 0.90519, 0.92976], F_fuse=[0.00352, 0.00296, 0.00240, 0.00191]
[ INFO : 2026-07-26 10:09:32,517 ] - Epoch 240: train==[102.22346 = 0.37316 + 0.77800 + 9.28908 + 0.00427 + 0.00000 + 0.00025 + 613.93266]
[ INFO : 2026-07-26 10:09:39,294 ] - Test_@[5, 10, 20, 50]: Recall=[0.00793, 0.01368, 0.02289, 0.04731],  precision=[0.00159, 0.00137, 0.00114, 0.00095], hit=[0.00793, 0.01368, 0.02289, 0.04731], ndcg=[0.00484, 0.00673, 0.00902, 0.01378], Train Rec Loss=[0.09514], Eval Rec Loss=[0.09561], c=[0.50000], F=[0.85161, 0.88543, 0.90544, 0.93155], F_fuse=[0.00317, 0.00273, 0.00229, 0.00189]
[ INFO : 2026-07-26 10:11:03,770 ] - Epoch 241: train==[102.17349 = 0.37427 + 0.77537 + 9.24124 + 0.00427 + 0.00000 + 0.00021 + 613.92179]
[ INFO : 2026-07-26 10:11:10,590 ] - Test_@[5, 10, 20, 50]: Recall=[0.00959, 0.01637, 0.02468, 0.04884],  precision=[0.00192, 0.00164, 0.00123, 0.00098], hit=[0.00959, 0.01637, 0.02468, 0.04884], ndcg=[0.00593, 0.00812, 0.01020, 0.01493], Train Rec Loss=[0.09477], Eval Rec Loss=[0.09523], c=[0.50000], F=[0.85536, 0.89926, 0.90726, 0.92745], F_fuse=[0.00383, 0.00327, 0.00246, 0.00195]
[ INFO : 2026-07-26 10:12:35,225 ] - Epoch 242: train==[102.15392 = 0.37455 + 0.77273 + 9.22148 + 0.00431 + 0.00000 + 0.00023 + 613.93139]
[ INFO : 2026-07-26 10:12:42,026 ] - Test_@[5, 10, 20, 50]: Recall=[0.00742, 0.01381, 0.02250, 0.04667],  precision=[0.00148, 0.00138, 0.00113, 0.00093], hit=[0.00742, 0.01381, 0.02250, 0.04667], ndcg=[0.00477, 0.00684, 0.00901, 0.01374], Train Rec Loss=[0.09517], Eval Rec Loss=[0.09590], c=[0.50000], F=[0.84039, 0.87753, 0.90049, 0.92841], F_fuse=[0.00296, 0.00276, 0.00225, 0.00186]
[ INFO : 2026-07-26 10:14:06,750 ] - Epoch 243: train==[102.21315 = 0.37342 + 0.77015 + 9.28468 + 0.00430 + 0.00000 + 0.00021 + 613.92295]
[ INFO : 2026-07-26 10:14:13,529 ] - Test_@[5, 10, 20, 50]: Recall=[0.00895, 0.01419, 0.02314, 0.04820],  precision=[0.00179, 0.00142, 0.00116, 0.00096], hit=[0.00895, 0.01419, 0.02314, 0.04820], ndcg=[0.00524, 0.00694, 0.00918, 0.01408], Train Rec Loss=[0.09396], Eval Rec Loss=[0.09459], c=[0.50000], F=[0.85244, 0.89107, 0.90551, 0.92994], F_fuse=[0.00357, 0.00283, 0.00231, 0.00193]
[ INFO : 2026-07-26 10:15:38,221 ] - Epoch 244: train==[102.16225 = 0.37125 + 0.76754 + 9.23703 + 0.00433 + 0.00000 + 0.00021 + 613.92611]
[ INFO : 2026-07-26 10:15:45,024 ] - Test_@[5, 10, 20, 50]: Recall=[0.00818, 0.01496, 0.02442, 0.04884],  precision=[0.00164, 0.00150, 0.00122, 0.00098], hit=[0.00818, 0.01496, 0.02442, 0.04884], ndcg=[0.00493, 0.00710, 0.00945, 0.01424], Train Rec Loss=[0.09375], Eval Rec Loss=[0.09476], c=[0.50000], F=[0.85267, 0.89339, 0.91021, 0.93349], F_fuse=[0.00327, 0.00299, 0.00244, 0.00195]
[ INFO : 2026-07-26 10:17:09,607 ] - Epoch 245: train==[102.19095 = 0.37187 + 0.76480 + 9.26681 + 0.00434 + 0.00000 + 0.00022 + 613.92551]
[ INFO : 2026-07-26 10:17:16,410 ] - Test_@[5, 10, 20, 50]: Recall=[0.00857, 0.01547, 0.02544, 0.05063],  precision=[0.00171, 0.00155, 0.00127, 0.00101], hit=[0.00857, 0.01547, 0.02544, 0.05063], ndcg=[0.00520, 0.00745, 0.00994, 0.01490], Train Rec Loss=[0.09478], Eval Rec Loss=[0.09532], c=[0.50000], F=[0.85714, 0.90041, 0.91059, 0.92811], F_fuse=[0.00342, 0.00309, 0.00254, 0.00202]
[ INFO : 2026-07-26 10:18:41,432 ] - Epoch 246: train==[102.17924 = 0.36929 + 0.76204 + 9.25718 + 0.00434 + 0.00000 + 0.00025 + 613.93969]
[ INFO : 2026-07-26 10:18:48,224 ] - Test_@[5, 10, 20, 50]: Recall=[0.00844, 0.01355, 0.02301, 0.04462],  precision=[0.00169, 0.00136, 0.00115, 0.00089], hit=[0.00844, 0.01355, 0.02301, 0.04462], ndcg=[0.00564, 0.00730, 0.00966, 0.01390], Train Rec Loss=[0.09476], Eval Rec Loss=[0.09322], c=[0.50000], F=[0.84182, 0.87323, 0.89706, 0.92791], F_fuse=[0.00337, 0.00271, 0.00230, 0.00178]
[ INFO : 2026-07-26 10:20:13,269 ] - Epoch 247: train==[102.12215 = 0.36386 + 0.75929 + 9.21094 + 0.00433 + 0.00000 + 0.00020 + 613.91498]
[ INFO : 2026-07-26 10:20:20,078 ] - Test_@[5, 10, 20, 50]: Recall=[0.00869, 0.01560, 0.02378, 0.04744],  precision=[0.00174, 0.00156, 0.00119, 0.00095], hit=[0.00869, 0.01560, 0.02378, 0.04744], ndcg=[0.00552, 0.00776, 0.00980, 0.01447], Train Rec Loss=[0.09411], Eval Rec Loss=[0.09315], c=[0.50000], F=[0.85436, 0.89336, 0.90692, 0.92963], F_fuse=[0.00347, 0.00311, 0.00238, 0.00190]
[ INFO : 2026-07-26 10:21:44,535 ] - Epoch 248: train==[102.08595 = 0.36478 + 0.75665 + 9.17399 + 0.00436 + 0.00000 + 0.00023 + 613.92403]
[ INFO : 2026-07-26 10:21:51,367 ] - Test_@[5, 10, 20, 50]: Recall=[0.00844, 0.01470, 0.02468, 0.05025],  precision=[0.00169, 0.00147, 0.00123, 0.00100], hit=[0.00844, 0.01470, 0.02468, 0.05025], ndcg=[0.00502, 0.00703, 0.00952, 0.01454], Train Rec Loss=[0.09409], Eval Rec Loss=[0.09427], c=[0.50000], F=[0.85385, 0.89638, 0.91035, 0.93097], F_fuse=[0.00337, 0.00294, 0.00246, 0.00201]
[ INFO : 2026-07-26 10:23:16,232 ] - Epoch 249: train==[102.13466 = 0.36577 + 0.75403 + 9.22299 + 0.00437 + 0.00000 + 0.00022 + 613.92585]
[ INFO : 2026-07-26 10:23:23,010 ] - Test_@[5, 10, 20, 50]: Recall=[0.00793, 0.01394, 0.02135, 0.04552],  precision=[0.00159, 0.00139, 0.00107, 0.00091], hit=[0.00793, 0.01394, 0.02135, 0.04552], ndcg=[0.00486, 0.00680, 0.00865, 0.01340], Train Rec Loss=[0.09440], Eval Rec Loss=[0.09491], c=[0.50000], F=[0.84323, 0.87507, 0.89929, 0.92961], F_fuse=[0.00316, 0.00278, 0.00213, 0.00182]
[ INFO : 2026-07-26 10:24:48,435 ] - Epoch 250: train==[102.07120 = 0.36978 + 0.75140 + 9.15724 + 0.00436 + 0.00000 + 0.00022 + 613.92510]
[ INFO : 2026-07-26 10:24:55,229 ] - Test_@[5, 10, 20, 50]: Recall=[0.00844, 0.01509, 0.02468, 0.04769],  precision=[0.00169, 0.00151, 0.00123, 0.00095], hit=[0.00844, 0.01509, 0.02468, 0.04769], ndcg=[0.00521, 0.00737, 0.00975, 0.01426], Train Rec Loss=[0.09457], Eval Rec Loss=[0.09260], c=[0.50000], F=[0.85558, 0.89910, 0.91165, 0.93173], F_fuse=[0.00337, 0.00301, 0.00246, 0.00191]
[ INFO : 2026-07-26 10:26:20,300 ] - Epoch 251: train==[102.09052 = 0.36635 + 0.74873 + 9.18174 + 0.00439 + 0.00000 + 0.00021 + 613.92392]
[ INFO : 2026-07-26 10:26:27,121 ] - Test_@[5, 10, 20, 50]: Recall=[0.00959, 0.01509, 0.02506, 0.04795],  precision=[0.00192, 0.00151, 0.00125, 0.00096], hit=[0.00959, 0.01509, 0.02506, 0.04795], ndcg=[0.00580, 0.00760, 0.01009, 0.01462], Train Rec Loss=[0.09417], Eval Rec Loss=[0.09206], c=[0.50000], F=[0.85008, 0.88880, 0.90663, 0.93048], F_fuse=[0.00383, 0.00301, 0.00250, 0.00192]
[ INFO : 2026-07-26 10:27:52,226 ] - Epoch 252: train==[102.02037 = 0.36064 + 0.74615 + 9.11751 + 0.00442 + 0.00000 + 0.00024 + 613.93235]
[ INFO : 2026-07-26 10:27:59,028 ] - Test_@[5, 10, 20, 50]: Recall=[0.00806, 0.01483, 0.02391, 0.04731],  precision=[0.00161, 0.00148, 0.00120, 0.00095], hit=[0.00806, 0.01483, 0.02391, 0.04731], ndcg=[0.00519, 0.00743, 0.00967, 0.01425], Train Rec Loss=[0.09347], Eval Rec Loss=[0.09367], c=[0.50000], F=[0.84700, 0.88254, 0.90185, 0.92891], F_fuse=[0.00322, 0.00296, 0.00239, 0.00189]
[ INFO : 2026-07-26 10:29:24,130 ] - Epoch 253: train==[102.05341 = 0.36068 + 0.74353 + 9.15284 + 0.00440 + 0.00000 + 0.00022 + 613.92761]
[ INFO : 2026-07-26 10:29:30,959 ] - Test_@[5, 10, 20, 50]: Recall=[0.00882, 0.01406, 0.02263, 0.04692],  precision=[0.00176, 0.00141, 0.00113, 0.00094], hit=[0.00882, 0.01406, 0.02263, 0.04692], ndcg=[0.00535, 0.00705, 0.00919, 0.01392], Train Rec Loss=[0.09375], Eval Rec Loss=[0.09382], c=[0.50000], F=[0.84921, 0.88554, 0.90598, 0.93199], F_fuse=[0.00352, 0.00281, 0.00226, 0.00188]
[ INFO : 2026-07-26 10:30:56,341 ] - Epoch 254: train==[102.03431 = 0.36132 + 0.74050 + 9.13586 + 0.00442 + 0.00000 + 0.00021 + 613.92137]
[ INFO : 2026-07-26 10:31:03,164 ] - Test_@[5, 10, 20, 50]: Recall=[0.00959, 0.01649, 0.02532, 0.04961],  precision=[0.00192, 0.00165, 0.00127, 0.00099], hit=[0.00959, 0.01649, 0.02532, 0.04961], ndcg=[0.00573, 0.00797, 0.01015, 0.01492], Train Rec Loss=[0.09386], Eval Rec Loss=[0.09378], c=[0.50000], F=[0.85657, 0.89906, 0.90940, 0.93120], F_fuse=[0.00383, 0.00329, 0.00253, 0.00198]
[ INFO : 2026-07-26 10:32:29,018 ] - Epoch 255: train==[102.03517 = 0.36097 + 0.73786 + 9.13565 + 0.00444 + 0.00000 + 0.00024 + 613.94103]
[ INFO : 2026-07-26 10:32:35,864 ] - Test_@[5, 10, 20, 50]: Recall=[0.00703, 0.01330, 0.02186, 0.04475],  precision=[0.00141, 0.00133, 0.00109, 0.00090], hit=[0.00703, 0.01330, 0.02186, 0.04475], ndcg=[0.00436, 0.00640, 0.00855, 0.01306], Train Rec Loss=[0.09272], Eval Rec Loss=[0.09287], c=[0.50000], F=[0.84237, 0.87595, 0.89804, 0.92798], F_fuse=[0.00281, 0.00266, 0.00218, 0.00179]
[ INFO : 2026-07-26 10:34:00,668 ] - Epoch 256: train==[101.92278 = 0.36133 + 0.73524 + 9.02742 + 0.00441 + 0.00000 + 0.00020 + 613.92175]
[ INFO : 2026-07-26 10:34:07,477 ] - Test_@[5, 10, 20, 50]: Recall=[0.00895, 0.01509, 0.02378, 0.04859],  precision=[0.00179, 0.00151, 0.00119, 0.00097], hit=[0.00895, 0.01509, 0.02378, 0.04859], ndcg=[0.00551, 0.00749, 0.00965, 0.01452], Train Rec Loss=[0.09254], Eval Rec Loss=[0.09190], c=[0.50000], F=[0.85487, 0.89328, 0.90854, 0.93153], F_fuse=[0.00357, 0.00301, 0.00238, 0.00194]
[ INFO : 2026-07-26 10:35:33,106 ] - Epoch 257: train==[101.96981 = 0.35744 + 0.73259 + 9.07869 + 0.00445 + 0.00000 + 0.00023 + 613.92958]
[ INFO : 2026-07-26 10:35:39,921 ] - Test_@[5, 10, 20, 50]: Recall=[0.00869, 0.01483, 0.02429, 0.04846],  precision=[0.00174, 0.00148, 0.00121, 0.00097], hit=[0.00869, 0.01483, 0.02429, 0.04846], ndcg=[0.00544, 0.00746, 0.00983, 0.01456], Train Rec Loss=[0.09284], Eval Rec Loss=[0.09341], c=[0.50000], F=[0.85634, 0.89055, 0.90828, 0.93187], F_fuse=[0.00347, 0.00296, 0.00243, 0.00194]
[ INFO : 2026-07-26 10:37:05,336 ] - Epoch 258: train==[101.97443 = 0.35846 + 0.73005 + 9.08362 + 0.00444 + 0.00000 + 0.00024 + 613.93091]
[ INFO : 2026-07-26 10:37:12,156 ] - Test_@[5, 10, 20, 50]: Recall=[0.00844, 0.01419, 0.02276, 0.04795],  precision=[0.00169, 0.00142, 0.00114, 0.00096], hit=[0.00844, 0.01419, 0.02276, 0.04795], ndcg=[0.00519, 0.00706, 0.00920, 0.01412], Train Rec Loss=[0.09303], Eval Rec Loss=[0.09191], c=[0.50000], F=[0.85084, 0.88778, 0.90821, 0.93249], F_fuse=[0.00337, 0.00283, 0.00227, 0.00192]
[ INFO : 2026-07-26 10:38:37,323 ] - Epoch 259: train==[101.94934 = 0.35757 + 0.72751 + 9.06129 + 0.00446 + 0.00000 + 0.00027 + 613.92828]
[ INFO : 2026-07-26 10:38:44,117 ] - Test_@[5, 10, 20, 50]: Recall=[0.00780, 0.01279, 0.02084, 0.04424],  precision=[0.00156, 0.00128, 0.00104, 0.00088], hit=[0.00780, 0.01279, 0.02084, 0.04424], ndcg=[0.00481, 0.00645, 0.00848, 0.01311], Train Rec Loss=[0.09262], Eval Rec Loss=[0.09275], c=[0.50000], F=[0.84956, 0.88303, 0.90392, 0.93164], F_fuse=[0.00311, 0.00255, 0.00208, 0.00177]
[ INFO : 2026-07-26 10:40:13,920 ] - Epoch 260: train==[101.87248 = 0.35852 + 0.72496 + 8.98683 + 0.00446 + 0.00000 + 0.00020 + 613.91659]
[ INFO : 2026-07-26 10:40:20,727 ] - Test_@[5, 10, 20, 50]: Recall=[0.00831, 0.01419, 0.02404, 0.04910],  precision=[0.00166, 0.00142, 0.00120, 0.00098], hit=[0.00831, 0.01419, 0.02404, 0.04910], ndcg=[0.00516, 0.00708, 0.00954, 0.01443], Train Rec Loss=[0.09264], Eval Rec Loss=[0.09213], c=[0.50000], F=[0.85366, 0.89322, 0.90727, 0.92959], F_fuse=[0.00332, 0.00283, 0.00240, 0.00196]
[ INFO : 2026-07-26 10:41:53,222 ] - Epoch 261: train==[101.91498 = 0.35753 + 0.72247 + 9.02922 + 0.00450 + 0.00000 + 0.00023 + 613.93340]
[ INFO : 2026-07-26 10:42:00,089 ] - Test_@[5, 10, 20, 50]: Recall=[0.00831, 0.01432, 0.02340, 0.04833],  precision=[0.00166, 0.00143, 0.00117, 0.00097], hit=[0.00831, 0.01432, 0.02340, 0.04833], ndcg=[0.00534, 0.00730, 0.00956, 0.01444], Train Rec Loss=[0.09193], Eval Rec Loss=[0.09139], c=[0.50000], F=[0.85209, 0.88714, 0.90662, 0.93203], F_fuse=[0.00332, 0.00286, 0.00234, 0.00193]
[ INFO : 2026-07-26 10:43:32,073 ] - Epoch 262: train==[101.87882 = 0.35312 + 0.71999 + 8.99953 + 0.00450 + 0.00000 + 0.00022 + 613.92966]
[ INFO : 2026-07-26 10:43:38,871 ] - Test_@[5, 10, 20, 50]: Recall=[0.00818, 0.01547, 0.02417, 0.04654],  precision=[0.00164, 0.00155, 0.00121, 0.00093], hit=[0.00818, 0.01547, 0.02417, 0.04654], ndcg=[0.00549, 0.00789, 0.01004, 0.01444], Train Rec Loss=[0.09176], Eval Rec Loss=[0.09148], c=[0.50000], F=[0.85129, 0.88809, 0.90668, 0.93097], F_fuse=[0.00327, 0.00309, 0.00241, 0.00186]
[ INFO : 2026-07-26 10:45:11,958 ] - Epoch 263: train==[101.82949 = 0.35327 + 0.71757 + 8.95266 + 0.00453 + 0.00000 + 0.00021 + 613.92193]
[ INFO : 2026-07-26 10:45:18,739 ] - Test_@[5, 10, 20, 50]: Recall=[0.00831, 0.01381, 0.02301, 0.04654],  precision=[0.00166, 0.00138, 0.00115, 0.00093], hit=[0.00831, 0.01381, 0.02301, 0.04654], ndcg=[0.00520, 0.00698, 0.00930, 0.01391], Train Rec Loss=[0.09262], Eval Rec Loss=[0.09136], c=[0.50000], F=[0.84976, 0.88455, 0.90504, 0.93074], F_fuse=[0.00332, 0.00276, 0.00230, 0.00186]
[ INFO : 2026-07-26 10:46:51,511 ] - Epoch 264: train==[101.80638 = 0.35554 + 0.71523 + 8.92852 + 0.00455 + 0.00000 + 0.00021 + 613.92278]
[ INFO : 2026-07-26 10:46:58,330 ] - Test_@[5, 10, 20, 50]: Recall=[0.00857, 0.01406, 0.02404, 0.04718],  precision=[0.00171, 0.00141, 0.00120, 0.00094], hit=[0.00857, 0.01406, 0.02404, 0.04718], ndcg=[0.00510, 0.00691, 0.00940, 0.01392], Train Rec Loss=[0.09146], Eval Rec Loss=[0.09189], c=[0.50000], F=[0.85174, 0.88727, 0.90895, 0.93471], F_fuse=[0.00342, 0.00281, 0.00240, 0.00189]
[ INFO : 2026-07-26 10:48:30,969 ] - Epoch 265: train==[101.80210 = 0.35018 + 0.71282 + 8.92929 + 0.00453 + 0.00000 + 0.00024 + 613.93441]
[ INFO : 2026-07-26 10:48:37,805 ] - Test_@[5, 10, 20, 50]: Recall=[0.00767, 0.01419, 0.02225, 0.04513],  precision=[0.00153, 0.00142, 0.00111, 0.00090], hit=[0.00767, 0.01419, 0.02225, 0.04513], ndcg=[0.00463, 0.00673, 0.00875, 0.01323], Train Rec Loss=[0.09098], Eval Rec Loss=[0.09176], c=[0.50000], F=[0.84755, 0.88233, 0.90389, 0.93179], F_fuse=[0.00306, 0.00283, 0.00222, 0.00180]
[ INFO : 2026-07-26 10:50:10,079 ] - Epoch 266: train==[101.80645 = 0.35173 + 0.71046 + 8.93579 + 0.00455 + 0.00000 + 0.00020 + 613.91933]
[ INFO : 2026-07-26 10:50:16,854 ] - Test_@[5, 10, 20, 50]: Recall=[0.00754, 0.01445, 0.02429, 0.04923],  precision=[0.00151, 0.00144, 0.00121, 0.00098], hit=[0.00754, 0.01445, 0.02429, 0.04923], ndcg=[0.00493, 0.00718, 0.00965, 0.01455], Train Rec Loss=[0.09202], Eval Rec Loss=[0.09158], c=[0.50000], F=[0.85344, 0.89235, 0.91051, 0.93432], F_fuse=[0.00301, 0.00288, 0.00243, 0.00197]
[ INFO : 2026-07-26 10:51:50,869 ] - Epoch 267: train==[101.84784 = 0.34846 + 0.70818 + 8.98118 + 0.00455 + 0.00000 + 0.00021 + 613.92347]
[ INFO : 2026-07-26 10:51:57,696 ] - Test_@[5, 10, 20, 50]: Recall=[0.00869, 0.01355, 0.02365, 0.04692],  precision=[0.00174, 0.00136, 0.00118, 0.00094], hit=[0.00869, 0.01355, 0.02365, 0.04692], ndcg=[0.00525, 0.00684, 0.00938, 0.01393], Train Rec Loss=[0.09113], Eval Rec Loss=[0.09054], c=[0.50000], F=[0.84793, 0.88454, 0.90591, 0.93345], F_fuse=[0.00347, 0.00271, 0.00236, 0.00188]
[ INFO : 2026-07-26 10:53:29,749 ] - Epoch 268: train==[101.81611 = 0.34960 + 0.70578 + 8.95037 + 0.00457 + 0.00000 + 0.00020 + 613.91930]
[ INFO : 2026-07-26 10:53:36,533 ] - Test_@[5, 10, 20, 50]: Recall=[0.00818, 0.01470, 0.02238, 0.04718],  precision=[0.00164, 0.00147, 0.00112, 0.00094], hit=[0.00818, 0.01470, 0.02238, 0.04718], ndcg=[0.00500, 0.00709, 0.00901, 0.01389], Train Rec Loss=[0.09176], Eval Rec Loss=[0.09083], c=[0.50000], F=[0.85337, 0.88957, 0.90833, 0.93440], F_fuse=[0.00327, 0.00294, 0.00223, 0.00189]
[ INFO : 2026-07-26 10:55:02,024 ] - Epoch 269: train==[101.85004 = 0.35414 + 0.70345 + 8.97832 + 0.00460 + 0.00000 + 0.00024 + 613.93789]
[ INFO : 2026-07-26 10:55:08,839 ] - Test_@[5, 10, 20, 50]: Recall=[0.00703, 0.01330, 0.02327, 0.04641],  precision=[0.00141, 0.00133, 0.00116, 0.00093], hit=[0.00703, 0.01330, 0.02327, 0.04641], ndcg=[0.00455, 0.00658, 0.00908, 0.01363], Train Rec Loss=[0.09066], Eval Rec Loss=[0.09089], c=[0.50000], F=[0.85292, 0.88751, 0.90692, 0.93165], F_fuse=[0.00281, 0.00266, 0.00232, 0.00185]
[ INFO : 2026-07-26 10:56:33,945 ] - Epoch 270: train==[101.72921 = 0.35036 + 0.70120 + 8.86544 + 0.00456 + 0.00000 + 0.00021 + 613.91946]
[ INFO : 2026-07-26 10:56:40,714 ] - Test_@[5, 10, 20, 50]: Recall=[0.00869, 0.01522, 0.02353, 0.04616],  precision=[0.00174, 0.00152, 0.00118, 0.00092], hit=[0.00869, 0.01522, 0.02353, 0.04616], ndcg=[0.00537, 0.00747, 0.00950, 0.01397], Train Rec Loss=[0.09127], Eval Rec Loss=[0.09080], c=[0.50000], F=[0.85100, 0.88601, 0.90807, 0.93376], F_fuse=[0.00347, 0.00304, 0.00235, 0.00184]
[ INFO : 2026-07-26 10:58:05,954 ] - Epoch 271: train==[101.75235 = 0.34841 + 0.69892 + 8.89109 + 0.00461 + 0.00000 + 0.00020 + 613.92454]
[ INFO : 2026-07-26 10:58:12,726 ] - Test_@[5, 10, 20, 50]: Recall=[0.00793, 0.01419, 0.02468, 0.04808],  precision=[0.00159, 0.00142, 0.00123, 0.00096], hit=[0.00793, 0.01419, 0.02468, 0.04808], ndcg=[0.00496, 0.00698, 0.00956, 0.01412], Train Rec Loss=[0.09097], Eval Rec Loss=[0.09051], c=[0.50000], F=[0.84912, 0.88657, 0.90513, 0.93159], F_fuse=[0.00317, 0.00283, 0.00246, 0.00192]
[ INFO : 2026-07-26 10:59:38,232 ] - Epoch 272: train==[101.70932 = 0.34496 + 0.69671 + 8.85263 + 0.00462 + 0.00000 + 0.00020 + 613.92576]
[ INFO : 2026-07-26 10:59:45,075 ] - Test_@[5, 10, 20, 50]: Recall=[0.00857, 0.01355, 0.02327, 0.04590],  precision=[0.00171, 0.00136, 0.00116, 0.00092], hit=[0.00857, 0.01355, 0.02327, 0.04590], ndcg=[0.00504, 0.00665, 0.00907, 0.01350], Train Rec Loss=[0.09006], Eval Rec Loss=[0.08986], c=[0.50000], F=[0.85292, 0.88881, 0.90859, 0.93433], F_fuse=[0.00342, 0.00271, 0.00232, 0.00183]
[ INFO : 2026-07-26 11:01:11,087 ] - Epoch 273: train==[101.69101 = 0.34692 + 0.69448 + 8.83449 + 0.00463 + 0.00000 + 0.00020 + 613.92053]
[ INFO : 2026-07-26 11:01:17,882 ] - Test_@[5, 10, 20, 50]: Recall=[0.00754, 0.01343, 0.02378, 0.04629],  precision=[0.00151, 0.00134, 0.00119, 0.00093], hit=[0.00754, 0.01343, 0.02378, 0.04629], ndcg=[0.00474, 0.00664, 0.00919, 0.01356], Train Rec Loss=[0.09072], Eval Rec Loss=[0.09059], c=[0.50000], F=[0.85103, 0.88075, 0.90266, 0.92921], F_fuse=[0.00301, 0.00268, 0.00238, 0.00185]
[ INFO : 2026-07-26 11:02:43,159 ] - Epoch 274: train==[101.72508 = 0.34552 + 0.69228 + 8.87115 + 0.00463 + 0.00000 + 0.00020 + 613.92135]
[ INFO : 2026-07-26 11:02:49,962 ] - Test_@[5, 10, 20, 50]: Recall=[0.00780, 0.01330, 0.02199, 0.04552],  precision=[0.00156, 0.00133, 0.00110, 0.00091], hit=[0.00780, 0.01330, 0.02199, 0.04552], ndcg=[0.00517, 0.00695, 0.00913, 0.01371], Train Rec Loss=[0.09053], Eval Rec Loss=[0.08979], c=[0.50000], F=[0.84739, 0.88523, 0.90786, 0.93390], F_fuse=[0.00311, 0.00266, 0.00220, 0.00182]
[ INFO : 2026-07-26 11:04:14,407 ] - Epoch 275: train==[101.74090 = 0.34514 + 0.69009 + 8.88881 + 0.00462 + 0.00000 + 0.00020 + 613.92050]
[ INFO : 2026-07-26 11:04:21,173 ] - Test_@[5, 10, 20, 50]: Recall=[0.00793, 0.01458, 0.02365, 0.04782],  precision=[0.00159, 0.00146, 0.00118, 0.00096], hit=[0.00793, 0.01458, 0.02365, 0.04782], ndcg=[0.00486, 0.00701, 0.00925, 0.01396], Train Rec Loss=[0.09001], Eval Rec Loss=[0.08991], c=[0.50000], F=[0.85327, 0.89013, 0.90834, 0.93261], F_fuse=[0.00317, 0.00291, 0.00236, 0.00191]
[ INFO : 2026-07-26 11:05:46,067 ] - Epoch 276: train==[101.66911 = 0.34374 + 0.68792 + 8.81956 + 0.00465 + 0.00000 + 0.00020 + 613.92133]
[ INFO : 2026-07-26 11:05:52,877 ] - Test_@[5, 10, 20, 50]: Recall=[0.00908, 0.01483, 0.02429, 0.04641],  precision=[0.00182, 0.00148, 0.00121, 0.00093], hit=[0.00908, 0.01483, 0.02429, 0.04641], ndcg=[0.00560, 0.00748, 0.00985, 0.01418], Train Rec Loss=[0.08952], Eval Rec Loss=[0.09034], c=[0.50000], F=[0.85183, 0.88402, 0.90382, 0.93035], F_fuse=[0.00362, 0.00296, 0.00243, 0.00185]
[ INFO : 2026-07-26 11:07:17,442 ] - Epoch 277: train==[101.65787 = 0.34161 + 0.68580 + 8.80986 + 0.00468 + 0.00000 + 0.00021 + 613.93346]
[ INFO : 2026-07-26 11:07:24,241 ] - Test_@[5, 10, 20, 50]: Recall=[0.00806, 0.01330, 0.02250, 0.04590],  precision=[0.00161, 0.00133, 0.00113, 0.00092], hit=[0.00806, 0.01330, 0.02250, 0.04590], ndcg=[0.00525, 0.00697, 0.00928, 0.01387], Train Rec Loss=[0.09011], Eval Rec Loss=[0.08961], c=[0.50000], F=[0.85142, 0.89085, 0.90875, 0.93317], F_fuse=[0.00322, 0.00266, 0.00225, 0.00183]
[ INFO : 2026-07-26 11:08:49,577 ] - Epoch 278: train==[101.63658 = 0.34261 + 0.68364 + 8.78962 + 0.00468 + 0.00000 + 0.00022 + 613.92845]
[ INFO : 2026-07-26 11:08:56,380 ] - Test_@[5, 10, 20, 50]: Recall=[0.00831, 0.01419, 0.02353, 0.04513],  precision=[0.00166, 0.00142, 0.00118, 0.00090], hit=[0.00831, 0.01419, 0.02353, 0.04513], ndcg=[0.00532, 0.00723, 0.00955, 0.01378], Train Rec Loss=[0.08905], Eval Rec Loss=[0.08992], c=[0.50000], F=[0.84822, 0.88326, 0.90497, 0.93315], F_fuse=[0.00332, 0.00283, 0.00235, 0.00180]
[ INFO : 2026-07-26 11:10:21,611 ] - Epoch 279: train==[101.63535 = 0.34414 + 0.68148 + 8.78962 + 0.00468 + 0.00000 + 0.00020 + 613.91877]
[ INFO : 2026-07-26 11:10:28,461 ] - Test_@[5, 10, 20, 50]: Recall=[0.00908, 0.01419, 0.02340, 0.04692],  precision=[0.00182, 0.00142, 0.00117, 0.00094], hit=[0.00908, 0.01419, 0.02340, 0.04692], ndcg=[0.00563, 0.00729, 0.00963, 0.01423], Train Rec Loss=[0.08977], Eval Rec Loss=[0.08988], c=[0.50000], F=[0.85280, 0.89037, 0.90991, 0.93439], F_fuse=[0.00362, 0.00283, 0.00234, 0.00188]
[ INFO : 2026-07-26 11:11:53,659 ] - Epoch 280: train==[101.60321 = 0.34058 + 0.67935 + 8.76198 + 0.00470 + 0.00000 + 0.00022 + 613.92089]
[ INFO : 2026-07-26 11:12:00,495 ] - Test_@[5, 10, 20, 50]: Recall=[0.00729, 0.01279, 0.02212, 0.04565],  precision=[0.00146, 0.00128, 0.00111, 0.00091], hit=[0.00729, 0.01279, 0.02212, 0.04565], ndcg=[0.00460, 0.00639, 0.00871, 0.01334], Train Rec Loss=[0.08995], Eval Rec Loss=[0.08968], c=[0.50000], F=[0.84797, 0.88331, 0.90545, 0.93286], F_fuse=[0.00291, 0.00255, 0.00221, 0.00182]
[ INFO : 2026-07-26 11:13:25,155 ] - Epoch 281: train==[101.64478 = 0.33811 + 0.67733 + 8.80655 + 0.00472 + 0.00000 + 0.00022 + 613.92524]
[ INFO : 2026-07-26 11:13:31,966 ] - Test_@[5, 10, 20, 50]: Recall=[0.00806, 0.01317, 0.02263, 0.04373],  precision=[0.00161, 0.00132, 0.00113, 0.00087], hit=[0.00806, 0.01317, 0.02263, 0.04373], ndcg=[0.00494, 0.00664, 0.00903, 0.01318], Train Rec Loss=[0.08904], Eval Rec Loss=[0.08991], c=[0.50000], F=[0.84966, 0.88260, 0.90582, 0.93274], F_fuse=[0.00322, 0.00263, 0.00226, 0.00175]
[ INFO : 2026-07-26 11:14:57,215 ] - Epoch 282: train==[101.58137 = 0.34224 + 0.67525 + 8.73925 + 0.00471 + 0.00000 + 0.00024 + 613.93181]
[ INFO : 2026-07-26 11:15:04,010 ] - Test_@[5, 10, 20, 50]: Recall=[0.00844, 0.01368, 0.02391, 0.04654],  precision=[0.00169, 0.00137, 0.00120, 0.00093], hit=[0.00844, 0.01368, 0.02391, 0.04654], ndcg=[0.00505, 0.00675, 0.00928, 0.01372], Train Rec Loss=[0.08859], Eval Rec Loss=[0.08843], c=[0.50000], F=[0.85008, 0.88441, 0.90685, 0.93369], F_fuse=[0.00337, 0.00273, 0.00239, 0.00186]
[ INFO : 2026-07-26 11:16:29,137 ] - Epoch 283: train==[101.57359 = 0.34024 + 0.67318 + 8.73633 + 0.00474 + 0.00000 + 0.00020 + 613.92119]
[ INFO : 2026-07-26 11:16:35,957 ] - Test_@[5, 10, 20, 50]: Recall=[0.00908, 0.01470, 0.02455, 0.04616],  precision=[0.00182, 0.00147, 0.00123, 0.00092], hit=[0.00908, 0.01470, 0.02455, 0.04616], ndcg=[0.00551, 0.00735, 0.00981, 0.01404], Train Rec Loss=[0.08827], Eval Rec Loss=[0.08763], c=[0.50000], F=[0.85676, 0.89319, 0.91056, 0.93328], F_fuse=[0.00362, 0.00294, 0.00245, 0.00184]
[ INFO : 2026-07-26 11:18:01,421 ] - Epoch 284: train==[101.48756 = 0.33631 + 0.67103 + 8.65345 + 0.00475 + 0.00000 + 0.00024 + 613.93459]
[ INFO : 2026-07-26 11:18:08,222 ] - Test_@[5, 10, 20, 50]: Recall=[0.00703, 0.01253, 0.02174, 0.04360],  precision=[0.00141, 0.00125, 0.00109, 0.00087], hit=[0.00703, 0.01253, 0.02174, 0.04360], ndcg=[0.00440, 0.00623, 0.00852, 0.01278], Train Rec Loss=[0.08968], Eval Rec Loss=[0.08854], c=[0.50000], F=[0.84534, 0.87781, 0.90230, 0.93203], F_fuse=[0.00281, 0.00250, 0.00217, 0.00174]
[ INFO : 2026-07-26 11:19:33,295 ] - Epoch 285: train==[101.52865 = 0.33854 + 0.66861 + 8.69525 + 0.00473 + 0.00000 + 0.00020 + 613.92504]
[ INFO : 2026-07-26 11:19:40,139 ] - Test_@[5, 10, 20, 50]: Recall=[0.00780, 0.01419, 0.02263, 0.04577],  precision=[0.00156, 0.00142, 0.00113, 0.00092], hit=[0.00780, 0.01419, 0.02263, 0.04577], ndcg=[0.00471, 0.00681, 0.00891, 0.01346], Train Rec Loss=[0.08815], Eval Rec Loss=[0.08729], c=[0.50000], F=[0.84848, 0.88329, 0.90514, 0.93252], F_fuse=[0.00311, 0.00283, 0.00226, 0.00183]
[ INFO : 2026-07-26 11:21:04,980 ] - Epoch 286: train==[101.48038 = 0.33880 + 0.66624 + 8.64824 + 0.00479 + 0.00000 + 0.00021 + 613.92394]
[ INFO : 2026-07-26 11:21:11,806 ] - Test_@[5, 10, 20, 50]: Recall=[0.00818, 0.01406, 0.02314, 0.04577],  precision=[0.00164, 0.00141, 0.00116, 0.00092], hit=[0.00818, 0.01406, 0.02314, 0.04577], ndcg=[0.00479, 0.00670, 0.00899, 0.01341], Train Rec Loss=[0.08826], Eval Rec Loss=[0.08807], c=[0.50000], F=[0.85017, 0.88462, 0.90711, 0.93464], F_fuse=[0.00327, 0.00281, 0.00231, 0.00183]
[ INFO : 2026-07-26 11:22:36,606 ] - Epoch 287: train==[101.50463 = 0.33338 + 0.66402 + 8.67988 + 0.00479 + 0.00000 + 0.00020 + 613.91972]
[ INFO : 2026-07-26 11:22:43,427 ] - Test_@[5, 10, 20, 50]: Recall=[0.00818, 0.01483, 0.02340, 0.04692],  precision=[0.00164, 0.00148, 0.00117, 0.00094], hit=[0.00818, 0.01483, 0.02340, 0.04692], ndcg=[0.00529, 0.00746, 0.00960, 0.01420], Train Rec Loss=[0.08853], Eval Rec Loss=[0.08680], c=[0.50000], F=[0.85056, 0.88854, 0.90741, 0.93303], F_fuse=[0.00327, 0.00296, 0.00234, 0.00188]
[ INFO : 2026-07-26 11:24:08,865 ] - Epoch 288: train==[101.49065 = 0.33255 + 0.66184 + 8.66792 + 0.00481 + 0.00000 + 0.00020 + 613.92043]
[ INFO : 2026-07-26 11:24:15,650 ] - Test_@[5, 10, 20, 50]: Recall=[0.00844, 0.01394, 0.02340, 0.04718],  precision=[0.00169, 0.00139, 0.00117, 0.00094], hit=[0.00844, 0.01394, 0.02340, 0.04718], ndcg=[0.00509, 0.00687, 0.00922, 0.01389], Train Rec Loss=[0.08731], Eval Rec Loss=[0.08710], c=[0.50000], F=[0.85248, 0.89100, 0.90890, 0.93295], F_fuse=[0.00337, 0.00278, 0.00234, 0.00189]
[ INFO : 2026-07-26 11:25:40,750 ] - Epoch 289: train==[101.44850 = 0.33343 + 0.65962 + 8.62492 + 0.00480 + 0.00000 + 0.00021 + 613.92912]
[ INFO : 2026-07-26 11:25:47,517 ] - Test_@[5, 10, 20, 50]: Recall=[0.00857, 0.01458, 0.02340, 0.04667],  precision=[0.00171, 0.00146, 0.00117, 0.00093], hit=[0.00857, 0.01458, 0.02340, 0.04667], ndcg=[0.00505, 0.00702, 0.00922, 0.01374], Train Rec Loss=[0.08731], Eval Rec Loss=[0.08726], c=[0.50000], F=[0.85072, 0.88929, 0.90880, 0.93302], F_fuse=[0.00342, 0.00291, 0.00234, 0.00186]
[ INFO : 2026-07-26 11:27:12,710 ] - Epoch 290: train==[101.47871 = 0.33656 + 0.65737 + 8.65402 + 0.00486 + 0.00000 + 0.00021 + 613.92418]
[ INFO : 2026-07-26 11:27:19,511 ] - Test_@[5, 10, 20, 50]: Recall=[0.00767, 0.01279, 0.02135, 0.04462],  precision=[0.00153, 0.00128, 0.00107, 0.00089], hit=[0.00767, 0.01279, 0.02135, 0.04462], ndcg=[0.00489, 0.00656, 0.00869, 0.01325], Train Rec Loss=[0.08778], Eval Rec Loss=[0.08727], c=[0.50000], F=[0.84710, 0.88243, 0.90564, 0.93352], F_fuse=[0.00306, 0.00255, 0.00213, 0.00178]
[ INFO : 2026-07-26 11:28:44,538 ] - Epoch 291: train==[101.43014 = 0.33550 + 0.65516 + 8.60864 + 0.00483 + 0.00000 + 0.00020 + 613.91913]
[ INFO : 2026-07-26 11:28:51,346 ] - Test_@[5, 10, 20, 50]: Recall=[0.00869, 0.01406, 0.02327, 0.04462],  precision=[0.00174, 0.00141, 0.00116, 0.00089], hit=[0.00869, 0.01406, 0.02327, 0.04462], ndcg=[0.00544, 0.00720, 0.00947, 0.01363], Train Rec Loss=[0.08666], Eval Rec Loss=[0.08708], c=[0.50000], F=[0.85084, 0.88385, 0.90811, 0.93408], F_fuse=[0.00347, 0.00281, 0.00232, 0.00178]
[ INFO : 2026-07-26 11:30:16,151 ] - Epoch 292: train==[101.50297 = 0.33153 + 0.65300 + 8.68692 + 0.00483 + 0.00000 + 0.00019 + 613.91792]
[ INFO : 2026-07-26 11:30:22,967 ] - Test_@[5, 10, 20, 50]: Recall=[0.00767, 0.01381, 0.02340, 0.04641],  precision=[0.00153, 0.00138, 0.00117, 0.00093], hit=[0.00767, 0.01381, 0.02340, 0.04641], ndcg=[0.00466, 0.00664, 0.00904, 0.01356], Train Rec Loss=[0.08675], Eval Rec Loss=[0.08626], c=[0.50000], F=[0.85347, 0.88985, 0.90940, 0.93593], F_fuse=[0.00306, 0.00276, 0.00234, 0.00185]
[ INFO : 2026-07-26 11:31:48,515 ] - Epoch 293: train==[101.50098 = 0.32964 + 0.65090 + 8.68655 + 0.00483 + 0.00000 + 0.00022 + 613.92791]
[ INFO : 2026-07-26 11:31:55,343 ] - Test_@[5, 10, 20, 50]: Recall=[0.00690, 0.01304, 0.02135, 0.04513],  precision=[0.00138, 0.00130, 0.00107, 0.00090], hit=[0.00690, 0.01304, 0.02135, 0.04513], ndcg=[0.00434, 0.00635, 0.00845, 0.01313], Train Rec Loss=[0.08661], Eval Rec Loss=[0.08636], c=[0.50000], F=[0.84835, 0.88190, 0.90518, 0.93366], F_fuse=[0.00276, 0.00260, 0.00213, 0.00180]
[ INFO : 2026-07-26 11:33:21,044 ] - Epoch 294: train==[101.46003 = 0.33277 + 0.64888 + 8.64383 + 0.00488 + 0.00000 + 0.00021 + 613.92680]
[ INFO : 2026-07-26 11:33:27,868 ] - Test_@[5, 10, 20, 50]: Recall=[0.00818, 0.01343, 0.02199, 0.04360],  precision=[0.00164, 0.00134, 0.00110, 0.00087], hit=[0.00818, 0.01343, 0.02199, 0.04360], ndcg=[0.00499, 0.00667, 0.00880, 0.01302], Train Rec Loss=[0.08645], Eval Rec Loss=[0.08731], c=[0.50000], F=[0.84560, 0.87683, 0.90420, 0.93338], F_fuse=[0.00327, 0.00268, 0.00220, 0.00174]
[ INFO : 2026-07-26 11:34:52,838 ] - Epoch 295: train==[101.44841 = 0.33352 + 0.64685 + 8.63375 + 0.00488 + 0.00000 + 0.00019 + 613.91970]
[ INFO : 2026-07-26 11:34:59,688 ] - Test_@[5, 10, 20, 50]: Recall=[0.00780, 0.01470, 0.02404, 0.04744],  precision=[0.00156, 0.00147, 0.00120, 0.00095], hit=[0.00780, 0.01470, 0.02404, 0.04744], ndcg=[0.00487, 0.00714, 0.00945, 0.01405], Train Rec Loss=[0.08686], Eval Rec Loss=[0.08580], c=[0.50000], F=[0.85427, 0.89674, 0.91121, 0.93276], F_fuse=[0.00311, 0.00294, 0.00240, 0.00190]
[ INFO : 2026-07-26 11:36:24,839 ] - Epoch 296: train==[101.42695 = 0.32687 + 0.64486 + 8.61962 + 0.00489 + 0.00000 + 0.00020 + 613.92299]
[ INFO : 2026-07-26 11:36:31,666 ] - Test_@[5, 10, 20, 50]: Recall=[0.00754, 0.01330, 0.02301, 0.04513],  precision=[0.00151, 0.00133, 0.00115, 0.00090], hit=[0.00754, 0.01330, 0.02301, 0.04513], ndcg=[0.00465, 0.00653, 0.00895, 0.01329], Train Rec Loss=[0.08645], Eval Rec Loss=[0.08581], c=[0.50000], F=[0.84771, 0.88376, 0.90633, 0.93367], F_fuse=[0.00301, 0.00266, 0.00230, 0.00180]
[ INFO : 2026-07-26 11:37:56,719 ] - Epoch 297: train==[101.44739 = 0.32608 + 0.64284 + 8.64140 + 0.00489 + 0.00000 + 0.00022 + 613.92727]
[ INFO : 2026-07-26 11:38:03,523 ] - Test_@[5, 10, 20, 50]: Recall=[0.00742, 0.01291, 0.02212, 0.04424],  precision=[0.00148, 0.00129, 0.00111, 0.00088], hit=[0.00742, 0.01291, 0.02212, 0.04424], ndcg=[0.00460, 0.00639, 0.00871, 0.01304], Train Rec Loss=[0.08611], Eval Rec Loss=[0.08593], c=[0.50000], F=[0.84956, 0.88417, 0.90622, 0.93392], F_fuse=[0.00296, 0.00258, 0.00221, 0.00177]
[ INFO : 2026-07-26 11:39:28,961 ] - Epoch 298: train==[101.36824 = 0.32740 + 0.64085 + 8.56343 + 0.00490 + 0.00000 + 0.00019 + 613.91872]
[ INFO : 2026-07-26 11:39:35,798 ] - Test_@[5, 10, 20, 50]: Recall=[0.00882, 0.01330, 0.02340, 0.04590],  precision=[0.00176, 0.00133, 0.00117, 0.00092], hit=[0.00882, 0.01330, 0.02340, 0.04590], ndcg=[0.00533, 0.00680, 0.00933, 0.01372], Train Rec Loss=[0.08530], Eval Rec Loss=[0.08468], c=[0.50000], F=[0.85203, 0.88497, 0.90707, 0.93373], F_fuse=[0.00352, 0.00266, 0.00234, 0.00183]
[ INFO : 2026-07-26 11:41:00,750 ] - Epoch 299: train==[101.45758 = 0.32966 + 0.63887 + 8.65093 + 0.00492 + 0.00000 + 0.00021 + 613.92363]
[ INFO : 2026-07-26 11:41:07,550 ] - Test_@[5, 10, 20, 50]: Recall=[0.00933, 0.01458, 0.02417, 0.04629],  precision=[0.00187, 0.00146, 0.00121, 0.00093], hit=[0.00933, 0.01458, 0.02417, 0.04629], ndcg=[0.00573, 0.00745, 0.00986, 0.01419], Train Rec Loss=[0.08618], Eval Rec Loss=[0.08577], c=[0.50000], F=[0.85145, 0.88926, 0.91063, 0.93603], F_fuse=[0.00373, 0.00291, 0.00241, 0.00185]
[ INFO : 2026-07-26 11:42:33,034 ] - Epoch 300: train==[101.37657 = 0.32557 + 0.63688 + 8.57491 + 0.00493 + 0.00000 + 0.00021 + 613.92551]
[ INFO : 2026-07-26 11:42:39,908 ] - Test_@[5, 10, 20, 50]: Recall=[0.00844, 0.01330, 0.02250, 0.04411],  precision=[0.00169, 0.00133, 0.00113, 0.00088], hit=[0.00844, 0.01330, 0.02250, 0.04411], ndcg=[0.00509, 0.00669, 0.00897, 0.01323], Train Rec Loss=[0.08560], Eval Rec Loss=[0.08527], c=[0.50000], F=[0.84844, 0.87990, 0.90353, 0.93273], F_fuse=[0.00337, 0.00266, 0.00225, 0.00176]
n_users=19805, n_items=10068
n_interactions=66743
n_train=58922, n_test=7821, sparsity=0.00033
Finished Sun Jul 26 11:43:19 AM UTC 2026
