Job 74309 on gpu01; lambda_cf=1.0; group_k=20; started Sun Jul 26 10:32:02 AM UTC 2026
Sun Jul 26 10:32:02 2026       
+-----------------------------------------------------------------------------+
| NVIDIA-SMI 525.147.05   Driver Version: 525.147.05   CUDA Version: 12.0     |
|-------------------------------+----------------------+----------------------+
| GPU  Name        Persistence-M| Bus-Id        Disp.A | Volatile Uncorr. ECC |
| Fan  Temp  Perf  Pwr:Usage/Cap|         Memory-Usage | GPU-Util  Compute M. |
|                               |                      |               MIG M. |
|===============================+======================+======================|
|   0  NVIDIA A100-SXM...  On   | 00000000:BD:00.0 Off |                    0 |
| N/A   34C    P0    55W / 400W |      0MiB / 40960MiB |      0%      Default |
|                               |                      |             Disabled |
+-------------------------------+----------------------+----------------------+
                                                                               
+-----------------------------------------------------------------------------+
| Processes:                                                                  |
|  GPU   GI   CI        PID   Type   Process name                  GPU Memory |
|        ID   ID                                                   Usage      |
|=============================================================================|
|  No running processes found                                                 |
+-----------------------------------------------------------------------------+
[ INFO : 2026-07-26 10:32:56,416 ] - Preprocess missing values with zero
[ INFO : 2026-07-26 10:33:00,269 ] - Pretrained diffusion model is loaded from: ./checkpoint/baby/best_model.pth
[ INFO : 2026-07-26 10:33:01,627 ] - Completed data loaded from: ./checkpoint/baby/completed_data.pkl
/media/lhbac29/raid-cf/main.py:106: DeprecationWarning: Please import `csr_matrix` from the `scipy.sparse` namespace; the `scipy.sparse.csr` namespace is deprecated and will be removed in SciPy 2.0.0.
  self.ui_graph = self.ui_graph_raw = pickle.load(open('./data/' + self.dataset + '/train_mat', 'rb'))
[ INFO : 2026-07-26 10:33:01,810 ] - Missing rate = 0.400000, complete strategy: zero
[ INFO : 2026-07-26 10:35:41,753 ] - Epoch 1: train==[357.10858 = 2.00508 + 1.76336 + 66.43060 + 0.00055 + 0.00000 + 176.66210 + 1224.96543]
[ INFO : 2026-07-26 10:35:50,986 ] - Test_@[5, 10, 20, 50]: Recall=[0.01781, 0.02853, 0.04641, 0.08900],  precision=[0.00371, 0.00300, 0.00247, 0.00188], hit=[0.01857, 0.02993, 0.04901, 0.09339], ndcg=[0.01124, 0.01466, 0.01918, 0.02764], Train Rec Loss=[0.03147], Eval Rec Loss=[0.03153], c=[0.50000], F=[0.75018, 0.92836, 0.87355, 0.99148], F_fuse=[0.00739, 0.00598, 0.00492, 0.00376]
[ INFO : 2026-07-26 10:38:20,644 ] - Epoch 2: train==[217.47137 = 1.61707 + 1.72656 + 63.83894 + 0.00081 + 0.00000 + 39.95725 + 1225.89705]
[ INFO : 2026-07-26 10:38:29,798 ] - Test_@[5, 10, 20, 50]: Recall=[0.01786, 0.02864, 0.04690, 0.08959],  precision=[0.00372, 0.00302, 0.00249, 0.00190], hit=[0.01862, 0.03014, 0.04952, 0.09411], ndcg=[0.01130, 0.01478, 0.01943, 0.02792], Train Rec Loss=[0.03128], Eval Rec Loss=[0.03136], c=[0.50000], F=[0.75005, 0.87342, 0.87354, 0.99475], F_fuse=[0.00741, 0.00602, 0.00497, 0.00379]
[ INFO : 2026-07-26 10:40:59,799 ] - Epoch 3: train==[186.34430 = 1.60262 + 1.72592 + 60.77056 + 0.00131 + 0.00000 + 11.91315 + 1225.89705]
[ INFO : 2026-07-26 10:41:09,130 ] - Test_@[5, 10, 20, 50]: Recall=[0.01786, 0.02873, 0.04677, 0.09077],  precision=[0.00372, 0.00302, 0.00248, 0.00192], hit=[0.01862, 0.03019, 0.04932, 0.09529], ndcg=[0.01130, 0.01481, 0.01941, 0.02814], Train Rec Loss=[0.03128], Eval Rec Loss=[0.03129], c=[0.50000], F=[0.75004, 0.87337, 0.87354, 0.98828], F_fuse=[0.00741, 0.00603, 0.00495, 0.00384]
[ INFO : 2026-07-26 10:43:38,491 ] - Epoch 4: train==[174.37623 = 1.59209 + 1.72590 + 57.57568 + 0.00209 + 0.00000 + 3.14974 + 1225.89705]
[ INFO : 2026-07-26 10:43:47,671 ] - Test_@[5, 10, 20, 50]: Recall=[0.01781, 0.02894, 0.04672, 0.09184],  precision=[0.00371, 0.00304, 0.00248, 0.00194], hit=[0.01857, 0.03034, 0.04932, 0.09643], ndcg=[0.01128, 0.01487, 0.01941, 0.02835], Train Rec Loss=[0.03121], Eval Rec Loss=[0.03124], c=[0.50000], F=[0.75004, 0.87337, 0.87354, 0.95818], F_fuse=[0.00739, 0.00606, 0.00495, 0.00388]
[ INFO : 2026-07-26 10:46:17,252 ] - Epoch 5: train==[169.84893 = 1.57855 + 1.72588 + 55.52580 + 0.00295 + 0.00000 + 0.68501 + 1225.89705]
[ INFO : 2026-07-26 10:46:26,483 ] - Test_@[5, 10, 20, 50]: Recall=[0.01781, 0.02910, 0.04698, 0.09187],  precision=[0.00371, 0.00306, 0.00249, 0.00194], hit=[0.01857, 0.03055, 0.04958, 0.09632], ndcg=[0.01128, 0.01492, 0.01947, 0.02836], Train Rec Loss=[0.03117], Eval Rec Loss=[0.03123], c=[0.50000], F=[0.75004, 0.87337, 0.87354, 0.95303], F_fuse=[0.00739, 0.00610, 0.00497, 0.00388]
[ INFO : 2026-07-26 10:48:56,641 ] - Epoch 6: train==[168.42865 = 1.56372 + 1.72587 + 54.55108 + 0.00348 + 0.00000 + 0.25376 + 1225.89705]
[ INFO : 2026-07-26 10:49:05,789 ] - Test_@[5, 10, 20, 50]: Recall=[0.01781, 0.02909, 0.04677, 0.09203],  precision=[0.00371, 0.00305, 0.00248, 0.00194], hit=[0.01857, 0.03050, 0.04937, 0.09648], ndcg=[0.01128, 0.01493, 0.01944, 0.02841], Train Rec Loss=[0.03115], Eval Rec Loss=[0.03122], c=[0.50000], F=[0.75004, 0.87339, 0.87365, 0.95267], F_fuse=[0.00739, 0.00609, 0.00495, 0.00388]
[ INFO : 2026-07-26 10:51:35,150 ] - Epoch 7: train==[167.70320 = 1.54918 + 1.72587 + 53.95745 + 0.00382 + 0.00000 + 0.13614 + 1225.89705]
[ INFO : 2026-07-26 10:51:44,399 ] - Test_@[5, 10, 20, 50]: Recall=[0.01786, 0.02910, 0.04703, 0.09197],  precision=[0.00372, 0.00306, 0.00250, 0.00195], hit=[0.01862, 0.03055, 0.04963, 0.09648], ndcg=[0.01131, 0.01495, 0.01950, 0.02843], Train Rec Loss=[0.03115], Eval Rec Loss=[0.03118], c=[0.50000], F=[0.75004, 0.87340, 0.87399, 0.95193], F_fuse=[0.00741, 0.00610, 0.00498, 0.00388]
[ INFO : 2026-07-26 10:54:14,784 ] - Epoch 8: train==[166.82978 = 1.53269 + 1.72586 + 53.16143 + 0.00405 + 0.00000 + 0.07501 + 1225.89705]
[ INFO : 2026-07-26 10:54:23,938 ] - Test_@[5, 10, 20, 50]: Recall=[0.01795, 0.02965, 0.04798, 0.09363],  precision=[0.00373, 0.00312, 0.00255, 0.00198], hit=[0.01867, 0.03106, 0.05060, 0.09833], ndcg=[0.01135, 0.01514, 0.01980, 0.02884], Train Rec Loss=[0.03110], Eval Rec Loss=[0.03119], c=[0.50000], F=[0.75014, 0.87291, 0.87468, 0.95822], F_fuse=[0.00743, 0.00621, 0.00508, 0.00396]
[ INFO : 2026-07-26 10:56:54,444 ] - Epoch 9: train==[165.88635 = 1.52428 + 1.72586 + 52.25896 + 0.00422 + 0.00000 + 0.04229 + 1225.89705]
[ INFO : 2026-07-26 10:57:03,633 ] - Test_@[5, 10, 20, 50]: Recall=[0.01819, 0.03051, 0.04904, 0.09691],  precision=[0.00379, 0.00323, 0.00262, 0.00206], hit=[0.01893, 0.03224, 0.05184, 0.10193], ndcg=[0.01151, 0.01554, 0.02027, 0.02977], Train Rec Loss=[0.03109], Eval Rec Loss=[0.03118], c=[0.50000], F=[0.75203, 0.86965, 0.87499, 0.97615], F_fuse=[0.00753, 0.00644, 0.00521, 0.00411]
[ INFO : 2026-07-26 10:59:34,059 ] - Epoch 10: train==[165.15686 = 1.50749 + 1.72586 + 51.56455 + 0.00438 + 0.00000 + 0.02384 + 1225.89705]
[ INFO : 2026-07-26 10:59:43,230 ] - Test_@[5, 10, 20, 50]: Recall=[0.01959, 0.03281, 0.05238, 0.10129],  precision=[0.00409, 0.00347, 0.00280, 0.00216], hit=[0.02042, 0.03456, 0.05549, 0.10671], ndcg=[0.01243, 0.01674, 0.02172, 0.03144], Train Rec Loss=[0.03112], Eval Rec Loss=[0.03117], c=[0.50000], F=[0.75665, 0.87013, 0.87509, 0.98362], F_fuse=[0.00814, 0.00692, 0.00558, 0.00431]
[ INFO : 2026-07-26 11:02:12,714 ] - Epoch 11: train==[163.78182 = 1.49442 + 1.72587 + 50.21075 + 0.00467 + 0.00000 + 0.01536 + 1225.89705]
[ INFO : 2026-07-26 11:02:21,815 ] - Test_@[5, 10, 20, 50]: Recall=[0.02112, 0.03474, 0.05567, 0.10639],  precision=[0.00445, 0.00369, 0.00297, 0.00227], hit=[0.02222, 0.03672, 0.05894, 0.11180], ndcg=[0.01334, 0.01782, 0.02314, 0.03320], Train Rec Loss=[0.03107], Eval Rec Loss=[0.03114], c=[0.50000], F=[0.76221, 0.87006, 0.87652, 0.97850], F_fuse=[0.00886, 0.00735, 0.00592, 0.00453]
[ INFO : 2026-07-26 11:04:51,830 ] - Epoch 12: train==[163.02095 = 1.47766 + 1.72587 + 49.47346 + 0.00494 + 0.00000 + 0.00828 + 1225.89705]
[ INFO : 2026-07-26 11:05:00,916 ] - Test_@[5, 10, 20, 50]: Recall=[0.02287, 0.03635, 0.05818, 0.11093],  precision=[0.00481, 0.00386, 0.00310, 0.00237], hit=[0.02397, 0.03831, 0.06151, 0.11648], ndcg=[0.01451, 0.01892, 0.02449, 0.03494], Train Rec Loss=[0.03110], Eval Rec Loss=[0.03111], c=[0.50000], F=[0.81736, 0.87391, 0.87801, 0.97886], F_fuse=[0.00957, 0.00769, 0.00618, 0.00472]
[ INFO : 2026-07-26 11:07:30,911 ] - Epoch 13: train==[162.07783 = 1.46244 + 1.72587 + 48.54978 + 0.00522 + 0.00000 + 0.00379 + 1225.89705]
[ INFO : 2026-07-26 11:07:40,011 ] - Test_@[5, 10, 20, 50]: Recall=[0.02409, 0.03877, 0.06117, 0.11540],  precision=[0.00507, 0.00411, 0.00325, 0.00246], hit=[0.02525, 0.04078, 0.06444, 0.12116], ndcg=[0.01548, 0.02023, 0.02594, 0.03671], Train Rec Loss=[0.03107], Eval Rec Loss=[0.03113], c=[0.50000], F=[0.82693, 0.87564, 0.87947, 0.97776], F_fuse=[0.01008, 0.00818, 0.00648, 0.00491]
[ INFO : 2026-07-26 11:10:09,995 ] - Epoch 14: train==[161.01595 = 1.45013 + 1.72587 + 47.50165 + 0.00553 + 0.00000 + 0.00204 + 1225.89705]
[ INFO : 2026-07-26 11:10:19,149 ] - Test_@[5, 10, 20, 50]: Recall=[0.02314, 0.03865, 0.06136, 0.11614],  precision=[0.00488, 0.00409, 0.00326, 0.00247], hit=[0.02422, 0.04058, 0.06459, 0.12193], ndcg=[0.01510, 0.02019, 0.02597, 0.03685], Train Rec Loss=[0.03107], Eval Rec Loss=[0.03112], c=[0.50000], F=[0.77521, 0.87209, 0.87896, 0.97935], F_fuse=[0.00969, 0.00815, 0.00650, 0.00494]
[ INFO : 2026-07-26 11:12:48,630 ] - Epoch 15: train==[160.15496 = 1.43516 + 1.72587 + 46.65593 + 0.00584 + 0.00000 + 0.00142 + 1225.89705]
[ INFO : 2026-07-26 11:12:57,830 ] - Test_@[5, 10, 20, 50]: Recall=[0.02499, 0.04096, 0.06423, 0.12100],  precision=[0.00522, 0.00434, 0.00341, 0.00258], hit=[0.02597, 0.04310, 0.06768, 0.12687], ndcg=[0.01602, 0.02124, 0.02715, 0.03841], Train Rec Loss=[0.03103], Eval Rec Loss=[0.03111], c=[0.50000], F=[0.79798, 0.86768, 0.88155, 0.97051], F_fuse=[0.01038, 0.00864, 0.00680, 0.00514]
[ INFO : 2026-07-26 11:15:27,298 ] - Epoch 16: train==[159.40914 = 1.42072 + 1.72587 + 45.92437 + 0.00614 + 0.00000 + 0.00130 + 1225.89705]
[ INFO : 2026-07-26 11:15:36,485 ] - Test_@[5, 10, 20, 50]: Recall=[0.02494, 0.04177, 0.06501, 0.12212],  precision=[0.00521, 0.00441, 0.00346, 0.00260], hit=[0.02592, 0.04382, 0.06850, 0.12810], ndcg=[0.01614, 0.02163, 0.02754, 0.03886], Train Rec Loss=[0.03104], Eval Rec Loss=[0.03109], c=[0.50000], F=[0.79316, 0.86556, 0.88119, 0.96891], F_fuse=[0.01036, 0.00878, 0.00689, 0.00519]
[ INFO : 2026-07-26 11:18:06,573 ] - Epoch 17: train==[158.59634 = 1.40722 + 1.72587 + 45.12482 + 0.00641 + 0.00000 + 0.00127 + 1225.89705]
[ INFO : 2026-07-26 11:18:15,802 ] - Test_@[5, 10, 20, 50]: Recall=[0.02484, 0.04136, 0.06505, 0.12259],  precision=[0.00519, 0.00437, 0.00346, 0.00261], hit=[0.02582, 0.04340, 0.06850, 0.12846], ndcg=[0.01612, 0.02151, 0.02754, 0.03896], Train Rec Loss=[0.03101], Eval Rec Loss=[0.03107], c=[0.50000], F=[0.78001, 0.86290, 0.88095, 0.96709], F_fuse=[0.01032, 0.00870, 0.00688, 0.00521]
[ INFO : 2026-07-26 11:20:45,813 ] - Epoch 18: train==[158.09224 = 1.39303 + 1.72588 + 44.63467 + 0.00668 + 0.00000 + 0.00124 + 1225.89705]
[ INFO : 2026-07-26 11:20:54,877 ] - Test_@[5, 10, 20, 50]: Recall=[0.02586, 0.04175, 0.06636, 0.12378],  precision=[0.00541, 0.00442, 0.00352, 0.00263], hit=[0.02690, 0.04392, 0.06979, 0.12960], ndcg=[0.01672, 0.02193, 0.02818, 0.03960], Train Rec Loss=[0.03102], Eval Rec Loss=[0.03104], c=[0.50000], F=[0.79231, 0.85811, 0.88309, 0.96285], F_fuse=[0.01075, 0.00880, 0.00702, 0.00525]
[ INFO : 2026-07-26 11:23:24,427 ] - Epoch 19: train==[157.47690 = 1.37900 + 1.72588 + 44.03320 + 0.00687 + 0.00000 + 0.00122 + 1225.89705]
[ INFO : 2026-07-26 11:23:33,636 ] - Test_@[5, 10, 20, 50]: Recall=[0.02545, 0.04254, 0.06588, 0.12427],  precision=[0.00532, 0.00449, 0.00350, 0.00265], hit=[0.02643, 0.04464, 0.06932, 0.13021], ndcg=[0.01640, 0.02197, 0.02789, 0.03949], Train Rec Loss=[0.03101], Eval Rec Loss=[0.03107], c=[0.50000], F=[0.77999, 0.85820, 0.88174, 0.96068], F_fuse=[0.01056, 0.00894, 0.00697, 0.00528]
[ INFO : 2026-07-26 11:26:03,410 ] - Epoch 20: train==[156.82480 = 1.36412 + 1.72588 + 43.39574 + 0.00712 + 0.00000 + 0.00120 + 1225.89705]
[ INFO : 2026-07-26 11:26:12,743 ] - Test_@[5, 10, 20, 50]: Recall=[0.02650, 0.04279, 0.06723, 0.12605],  precision=[0.00557, 0.00454, 0.00357, 0.00268], hit=[0.02772, 0.04510, 0.07066, 0.13191], ndcg=[0.01729, 0.02259, 0.02880, 0.04050], Train Rec Loss=[0.03100], Eval Rec Loss=[0.03106], c=[0.50000], F=[0.79610, 0.85760, 0.88463, 0.95567], F_fuse=[0.01107, 0.00903, 0.00710, 0.00535]
[ INFO : 2026-07-26 11:28:42,932 ] - Epoch 21: train==[156.29522 = 1.35207 + 1.72588 + 42.87809 + 0.00726 + 0.00000 + 0.00118 + 1225.89705]
[ INFO : 2026-07-26 11:28:52,080 ] - Test_@[5, 10, 20, 50]: Recall=[0.02641, 0.04265, 0.06719, 0.12708],  precision=[0.00553, 0.00452, 0.00356, 0.00270], hit=[0.02751, 0.04484, 0.07056, 0.13294], ndcg=[0.01717, 0.02244, 0.02867, 0.04056], Train Rec Loss=[0.03096], Eval Rec Loss=[0.03103], c=[0.50000], F=[0.79366, 0.86205, 0.88403, 0.95666], F_fuse=[0.01099, 0.00898, 0.00710, 0.00538]
[ INFO : 2026-07-26 11:31:21,206 ] - Epoch 22: train==[155.90479 = 1.33892 + 1.72588 + 42.50067 + 0.00742 + 0.00000 + 0.00116 + 1225.89705]
[ INFO : 2026-07-26 11:31:30,247 ] - Test_@[5, 10, 20, 50]: Recall=[0.02700, 0.04320, 0.06899, 0.12734],  precision=[0.00566, 0.00458, 0.00365, 0.00271], hit=[0.02813, 0.04551, 0.07236, 0.13309], ndcg=[0.01744, 0.02272, 0.02925, 0.04087], Train Rec Loss=[0.03096], Eval Rec Loss=[0.03102], c=[0.50000], F=[0.79317, 0.85755, 0.88658, 0.95607], F_fuse=[0.01123, 0.00912, 0.00728, 0.00539]
[ INFO : 2026-07-26 11:34:00,216 ] - Epoch 23: train==[155.16399 = 1.32597 + 1.72588 + 41.77266 + 0.00758 + 0.00000 + 0.00116 + 1225.89705]
[ INFO : 2026-07-26 11:34:09,390 ] - Test_@[5, 10, 20, 50]: Recall=[0.02701, 0.04371, 0.06872, 0.12851],  precision=[0.00567, 0.00463, 0.00364, 0.00273], hit=[0.02818, 0.04603, 0.07210, 0.13428], ndcg=[0.01775, 0.02317, 0.02951, 0.04144], Train Rec Loss=[0.03095], Eval Rec Loss=[0.03098], c=[0.50000], F=[0.80084, 0.86406, 0.88660, 0.95271], F_fuse=[0.01125, 0.00922, 0.00725, 0.00545]
[ INFO : 2026-07-26 11:36:38,660 ] - Epoch 24: train==[154.64049 = 1.31090 + 1.72589 + 41.26405 + 0.00777 + 0.00000 + 0.00115 + 1225.89705]
[ INFO : 2026-07-26 11:36:47,744 ] - Test_@[5, 10, 20, 50]: Recall=[0.02745, 0.04417, 0.06952, 0.12892],  precision=[0.00576, 0.00469, 0.00368, 0.00274], hit=[0.02864, 0.04654, 0.07287, 0.13458], ndcg=[0.01784, 0.02327, 0.02968, 0.04154], Train Rec Loss=[0.03094], Eval Rec Loss=[0.03101], c=[0.50000], F=[0.80026, 0.86131, 0.88768, 0.95203], F_fuse=[0.01144, 0.00932, 0.00733, 0.00546]
[ INFO : 2026-07-26 11:39:17,966 ] - Epoch 25: train==[154.10935 = 1.30421 + 1.72589 + 40.73947 + 0.00791 + 0.00000 + 0.00114 + 1225.89705]
[ INFO : 2026-07-26 11:39:27,204 ] - Test_@[5, 10, 20, 50]: Recall=[0.02687, 0.04337, 0.07008, 0.13022],  precision=[0.00566, 0.00460, 0.00371, 0.00277], hit=[0.02813, 0.04567, 0.07344, 0.13602], ndcg=[0.01773, 0.02310, 0.02984, 0.04186], Train Rec Loss=[0.03091], Eval Rec Loss=[0.03097], c=[0.50000], F=[0.80004, 0.86158, 0.89006, 0.95181], F_fuse=[0.01123, 0.00915, 0.00739, 0.00552]
[ INFO : 2026-07-26 11:41:57,416 ] - Epoch 26: train==[153.74981 = 1.28520 + 1.72589 + 40.39885 + 0.00800 + 0.00000 + 0.00113 + 1225.89705]
[ INFO : 2026-07-26 11:42:06,658 ] - Test_@[5, 10, 20, 50]: Recall=[0.02780, 0.04478, 0.07097, 0.13196],  precision=[0.00586, 0.00474, 0.00375, 0.00280], hit=[0.02916, 0.04706, 0.07436, 0.13772], ndcg=[0.01802, 0.02353, 0.03016, 0.04236], Train Rec Loss=[0.03089], Eval Rec Loss=[0.03096], c=[0.50000], F=[0.80512, 0.86178, 0.89213, 0.95013], F_fuse=[0.01164, 0.00942, 0.00747, 0.00559]
[ INFO : 2026-07-26 11:44:36,385 ] - Epoch 27: train==[153.31903 = 1.28097 + 1.72588 + 39.97222 + 0.00809 + 0.00000 + 0.00113 + 1225.89705]
[ INFO : 2026-07-26 11:44:45,466 ] - Test_@[5, 10, 20, 50]: Recall=[0.02774, 0.04512, 0.07195, 0.13352],  precision=[0.00586, 0.00478, 0.00380, 0.00284], hit=[0.02916, 0.04742, 0.07529, 0.13942], ndcg=[0.01803, 0.02366, 0.03044, 0.04275], Train Rec Loss=[0.03087], Eval Rec Loss=[0.03097], c=[0.50000], F=[0.80670, 0.86124, 0.89353, 0.94918], F_fuse=[0.01164, 0.00950, 0.00756, 0.00565]
[ INFO : 2026-07-26 11:47:15,529 ] - Epoch 28: train==[152.74730 = 1.26068 + 1.72588 + 39.42066 + 0.00821 + 0.00000 + 0.00112 + 1225.89705]
[ INFO : 2026-07-26 11:47:24,692 ] - Test_@[5, 10, 20, 50]: Recall=[0.02798, 0.04478, 0.07250, 0.13381],  precision=[0.00589, 0.00474, 0.00382, 0.00284], hit=[0.02931, 0.04700, 0.07580, 0.13973], ndcg=[0.01845, 0.02390, 0.03092, 0.04318], Train Rec Loss=[0.03090], Eval Rec Loss=[0.03093], c=[0.50000], F=[0.80732, 0.86424, 0.89535, 0.94762], F_fuse=[0.01170, 0.00942, 0.00761, 0.00567]
[ INFO : 2026-07-26 11:49:54,504 ] - Epoch 29: train==[152.30229 = 1.25401 + 1.72588 + 38.98221 + 0.00834 + 0.00000 + 0.00111 + 1225.89705]
[ INFO : 2026-07-26 11:50:03,625 ] - Test_@[5, 10, 20, 50]: Recall=[0.02814, 0.04546, 0.07324, 0.13444],  precision=[0.00592, 0.00480, 0.00386, 0.00285], hit=[0.02947, 0.04767, 0.07657, 0.14024], ndcg=[0.01849, 0.02410, 0.03112, 0.04337], Train Rec Loss=[0.03086], Eval Rec Loss=[0.03096], c=[0.50000], F=[0.80575, 0.85861, 0.89381, 0.94594], F_fuse=[0.01176, 0.00955, 0.00770, 0.00569]
[ INFO : 2026-07-26 11:52:33,449 ] - Epoch 30: train==[151.83504 = 1.23775 + 1.72588 + 38.53115 + 0.00842 + 0.00000 + 0.00110 + 1225.89705]
[ INFO : 2026-07-26 11:52:42,633 ] - Test_@[5, 10, 20, 50]: Recall=[0.02785, 0.04508, 0.07320, 0.13492],  precision=[0.00587, 0.00476, 0.00386, 0.00286], hit=[0.02921, 0.04731, 0.07652, 0.14070], ndcg=[0.01825, 0.02382, 0.03093, 0.04327], Train Rec Loss=[0.03088], Eval Rec Loss=[0.03093], c=[0.50000], F=[0.80881, 0.86578, 0.89504, 0.94434], F_fuse=[0.01166, 0.00947, 0.00769, 0.00570]
[ INFO : 2026-07-26 11:55:12,079 ] - Epoch 31: train==[151.36082 = 1.23160 + 1.72588 + 38.06298 + 0.00853 + 0.00000 + 0.00110 + 1225.89705]
[ INFO : 2026-07-26 11:55:21,249 ] - Test_@[5, 10, 20, 50]: Recall=[0.02864, 0.04667, 0.07552, 0.13598],  precision=[0.00604, 0.00493, 0.00399, 0.00289], hit=[0.03003, 0.04896, 0.07894, 0.14189], ndcg=[0.01866, 0.02452, 0.03184, 0.04391], Train Rec Loss=[0.03086], Eval Rec Loss=[0.03092], c=[0.50000], F=[0.82614, 0.87265, 0.90415, 0.94751], F_fuse=[0.01199, 0.00981, 0.00794, 0.00575]
[ INFO : 2026-07-26 11:57:51,180 ] - Epoch 32: train==[150.94555 = 1.21808 + 1.72588 + 37.66116 + 0.00859 + 0.00000 + 0.00110 + 1225.89705]
[ INFO : 2026-07-26 11:58:00,447 ] - Test_@[5, 10, 20, 50]: Recall=[0.02839, 0.04612, 0.07544, 0.13708],  precision=[0.00598, 0.00487, 0.00398, 0.00291], hit=[0.02972, 0.04834, 0.07873, 0.14312], ndcg=[0.01857, 0.02431, 0.03174, 0.04406], Train Rec Loss=[0.03085], Eval Rec Loss=[0.03090], c=[0.50000], F=[0.80662, 0.86304, 0.89915, 0.94341], F_fuse=[0.01186, 0.00969, 0.00792, 0.00580]
[ INFO : 2026-07-26 12:00:29,917 ] - Epoch 33: train==[150.50875 = 1.20824 + 1.72588 + 37.23414 + 0.00867 + 0.00000 + 0.00109 + 1225.89705]
[ INFO : 2026-07-26 12:00:39,199 ] - Test_@[5, 10, 20, 50]: Recall=[0.02909, 0.04743, 0.07597, 0.13721],  precision=[0.00613, 0.00500, 0.00401, 0.00291], hit=[0.03050, 0.04968, 0.07935, 0.14317], ndcg=[0.01900, 0.02495, 0.03218, 0.04439], Train Rec Loss=[0.03083], Eval Rec Loss=[0.03089], c=[0.50000], F=[0.81533, 0.86877, 0.90263, 0.94417], F_fuse=[0.01217, 0.00995, 0.00798, 0.00580]
[ INFO : 2026-07-26 12:03:09,045 ] - Epoch 34: train==[150.12670 = 1.19580 + 1.72588 + 36.86448 + 0.00872 + 0.00000 + 0.00108 + 1225.89705]
[ INFO : 2026-07-26 12:03:18,245 ] - Test_@[5, 10, 20, 50]: Recall=[0.02893, 0.04767, 0.07695, 0.13746],  precision=[0.00609, 0.00503, 0.00406, 0.00291], hit=[0.03029, 0.04994, 0.08033, 0.14338], ndcg=[0.01903, 0.02510, 0.03252, 0.04459], Train Rec Loss=[0.03083], Eval Rec Loss=[0.03088], c=[0.50000], F=[0.81841, 0.87057, 0.90404, 0.94322], F_fuse=[0.01209, 0.01001, 0.00807, 0.00581]
[ INFO : 2026-07-26 12:05:48,787 ] - Epoch 35: train==[149.70927 = 1.18829 + 1.72589 + 36.45448 + 0.00880 + 0.00000 + 0.00108 + 1225.89705]
[ INFO : 2026-07-26 12:05:57,917 ] - Test_@[5, 10, 20, 50]: Recall=[0.02911, 0.04787, 0.07724, 0.13821],  precision=[0.00612, 0.00505, 0.00407, 0.00293], hit=[0.03044, 0.05014, 0.08069, 0.14410], ndcg=[0.01897, 0.02506, 0.03251, 0.04467], Train Rec Loss=[0.03082], Eval Rec Loss=[0.03088], c=[0.50000], F=[0.82060, 0.87007, 0.90402, 0.94296], F_fuse=[0.01215, 0.01004, 0.00811, 0.00584]
[ INFO : 2026-07-26 12:08:28,543 ] - Epoch 36: train==[148.99758 = 1.17451 + 1.72588 + 35.75647 + 0.00892 + 0.00000 + 0.00107 + 1225.89705]
[ INFO : 2026-07-26 12:08:37,749 ] - Test_@[5, 10, 20, 50]: Recall=[0.02959, 0.04833, 0.07773, 0.13956],  precision=[0.00623, 0.00511, 0.00409, 0.00296], hit=[0.03101, 0.05066, 0.08110, 0.14549], ndcg=[0.01969, 0.02576, 0.03319, 0.04551], Train Rec Loss=[0.03081], Eval Rec Loss=[0.03087], c=[0.50000], F=[0.82106, 0.87344, 0.90579, 0.94116], F_fuse=[0.01237, 0.01015, 0.00815, 0.00590]
[ INFO : 2026-07-26 12:11:07,489 ] - Epoch 37: train==[149.00497 = 1.16659 + 1.72588 + 35.77179 + 0.00891 + 0.00000 + 0.00106 + 1225.89705]
[ INFO : 2026-07-26 12:11:16,710 ] - Test_@[5, 10, 20, 50]: Recall=[0.02996, 0.04872, 0.07774, 0.13974],  precision=[0.00634, 0.00515, 0.00410, 0.00297], hit=[0.03152, 0.05102, 0.08110, 0.14569], ndcg=[0.01947, 0.02560, 0.03294, 0.04535], Train Rec Loss=[0.03080], Eval Rec Loss=[0.03088], c=[0.50000], F=[0.83453, 0.87884, 0.91136, 0.94452], F_fuse=[0.01258, 0.01024, 0.00816, 0.00591]
[ INFO : 2026-07-26 12:13:46,784 ] - Epoch 38: train==[148.33632 = 1.15697 + 1.72589 + 35.11263 + 0.00903 + 0.00000 + 0.00106 + 1225.89705]
[ INFO : 2026-07-26 12:13:55,912 ] - Test_@[5, 10, 20, 50]: Recall=[0.02940, 0.04855, 0.07806, 0.14109],  precision=[0.00620, 0.00513, 0.00411, 0.00299], hit=[0.03086, 0.05086, 0.08141, 0.14703], ndcg=[0.01897, 0.02523, 0.03269, 0.04528], Train Rec Loss=[0.03079], Eval Rec Loss=[0.03083], c=[0.50000], F=[0.81705, 0.87140, 0.90915, 0.94266], F_fuse=[0.01231, 0.01020, 0.00819, 0.00596]
[ INFO : 2026-07-26 12:16:25,664 ] - Epoch 39: train==[148.13866 = 1.14310 + 1.72589 + 34.92882 + 0.00905 + 0.00000 + 0.00105 + 1225.89705]
[ INFO : 2026-07-26 12:16:34,756 ] - Test_@[5, 10, 20, 50]: Recall=[0.03050, 0.04958, 0.07908, 0.14143],  precision=[0.00645, 0.00524, 0.00417, 0.00300], hit=[0.03209, 0.05194, 0.08244, 0.14739], ndcg=[0.01977, 0.02598, 0.03343, 0.04588], Train Rec Loss=[0.03079], Eval Rec Loss=[0.03084], c=[0.50000], F=[0.83178, 0.87867, 0.91370, 0.94434], F_fuse=[0.01280, 0.01042, 0.00830, 0.00598]
[ INFO : 2026-07-26 12:19:04,579 ] - Epoch 40: train==[147.90769 = 1.14274 + 1.72591 + 34.69818 + 0.00908 + 0.00000 + 0.00105 + 1225.89705]
[ INFO : 2026-07-26 12:19:13,743 ] - Test_@[5, 10, 20, 50]: Recall=[0.03048, 0.05017, 0.07932, 0.14175],  precision=[0.00645, 0.00530, 0.00418, 0.00301], hit=[0.03209, 0.05256, 0.08264, 0.14770], ndcg=[0.01987, 0.02627, 0.03362, 0.04610], Train Rec Loss=[0.03076], Eval Rec Loss=[0.03083], c=[0.50000], F=[0.83507, 0.88266, 0.91587, 0.94462], F_fuse=[0.01280, 0.01054, 0.00832, 0.00600]
[ INFO : 2026-07-26 12:21:43,618 ] - Epoch 41: train==[147.41322 = 1.12308 + 1.72589 + 34.22333 + 0.00913 + 0.00000 + 0.00104 + 1225.89705]
[ INFO : 2026-07-26 12:21:52,796 ] - Test_@[5, 10, 20, 50]: Recall=[0.03103, 0.05087, 0.07934, 0.14200],  precision=[0.00655, 0.00537, 0.00418, 0.00301], hit=[0.03260, 0.05328, 0.08269, 0.14806], ndcg=[0.01990, 0.02632, 0.03351, 0.04605], Train Rec Loss=[0.03076], Eval Rec Loss=[0.03082], c=[0.50000], F=[0.83390, 0.88126, 0.91711, 0.94532], F_fuse=[0.01300, 0.01068, 0.00832, 0.00601]
[ INFO : 2026-07-26 12:24:22,968 ] - Epoch 42: train==[147.07561 = 1.11694 + 1.72590 + 33.89175 + 0.00924 + 0.00000 + 0.00104 + 1225.89705]
[ INFO : 2026-07-26 12:24:32,109 ] - Test_@[5, 10, 20, 50]: Recall=[0.03078, 0.05056, 0.07959, 0.14237],  precision=[0.00649, 0.00533, 0.00420, 0.00302], hit=[0.03230, 0.05292, 0.08300, 0.14842], ndcg=[0.01995, 0.02636, 0.03370, 0.04627], Train Rec Loss=[0.03073], Eval Rec Loss=[0.03081], c=[0.50000], F=[0.82882, 0.88098, 0.91561, 0.94306], F_fuse=[0.01288, 0.01060, 0.00835, 0.00602]
[ INFO : 2026-07-26 12:27:02,396 ] - Epoch 43: train==[146.60533 = 1.10863 + 1.72589 + 33.42974 + 0.00929 + 0.00000 + 0.00104 + 1225.89705]
[ INFO : 2026-07-26 12:27:11,599 ] - Test_@[5, 10, 20, 50]: Recall=[0.03101, 0.05112, 0.08000, 0.14308],  precision=[0.00653, 0.00540, 0.00421, 0.00304], hit=[0.03250, 0.05354, 0.08331, 0.14919], ndcg=[0.02006, 0.02660, 0.03388, 0.04650], Train Rec Loss=[0.03075], Eval Rec Loss=[0.03077], c=[0.50000], F=[0.82736, 0.88020, 0.91686, 0.94242], F_fuse=[0.01296, 0.01073, 0.00839, 0.00606]
[ INFO : 2026-07-26 12:29:42,007 ] - Epoch 44: train==[146.21177 = 1.09999 + 1.72590 + 33.04474 + 0.00937 + 0.00000 + 0.00103 + 1225.89705]
[ INFO : 2026-07-26 12:29:51,204 ] - Test_@[5, 10, 20, 50]: Recall=[0.03154, 0.05082, 0.08089, 0.14287],  precision=[0.00669, 0.00536, 0.00427, 0.00303], hit=[0.03322, 0.05323, 0.08439, 0.14893], ndcg=[0.02036, 0.02659, 0.03422, 0.04665], Train Rec Loss=[0.03073], Eval Rec Loss=[0.03078], c=[0.50000], F=[0.84045, 0.88730, 0.92121, 0.94576], F_fuse=[0.01327, 0.01066, 0.00850, 0.00605]
[ INFO : 2026-07-26 12:32:21,145 ] - Epoch 45: train==[146.03068 = 1.09147 + 1.72589 + 32.87221 + 0.00936 + 0.00000 + 0.00102 + 1225.89705]
[ INFO : 2026-07-26 12:32:30,368 ] - Test_@[5, 10, 20, 50]: Recall=[0.03077, 0.05085, 0.08043, 0.14397],  precision=[0.00652, 0.00537, 0.00424, 0.00305], hit=[0.03240, 0.05333, 0.08388, 0.15012], ndcg=[0.01986, 0.02637, 0.03388, 0.04660], Train Rec Loss=[0.03072], Eval Rec Loss=[0.03076], c=[0.50000], F=[0.82621, 0.88009, 0.91640, 0.94178], F_fuse=[0.01294, 0.01067, 0.00845, 0.00609]
[ INFO : 2026-07-26 12:35:00,105 ] - Epoch 46: train==[145.66039 = 1.08157 + 1.72589 + 32.51177 + 0.00941 + 0.00000 + 0.00102 + 1225.89705]
[ INFO : 2026-07-26 12:35:09,186 ] - Test_@[5, 10, 20, 50]: Recall=[0.03138, 0.05089, 0.08115, 0.14466],  precision=[0.00663, 0.00537, 0.00428, 0.00307], hit=[0.03296, 0.05333, 0.08460, 0.15089], ndcg=[0.02029, 0.02663, 0.03431, 0.04701], Train Rec Loss=[0.03070], Eval Rec Loss=[0.03074], c=[0.50000], F=[0.83379, 0.88484, 0.91673, 0.94032], F_fuse=[0.01316, 0.01067, 0.00852, 0.00612]
[ INFO : 2026-07-26 12:37:38,574 ] - Epoch 47: train==[145.09050 = 1.07429 + 1.72588 + 31.94902 + 0.00955 + 0.00000 + 0.00101 + 1225.89705]
[ INFO : 2026-07-26 12:37:47,732 ] - Test_@[5, 10, 20, 50]: Recall=[0.03089, 0.05167, 0.08150, 0.14504],  precision=[0.00655, 0.00545, 0.00430, 0.00308], hit=[0.03255, 0.05415, 0.08506, 0.15135], ndcg=[0.02019, 0.02694, 0.03447, 0.04719], Train Rec Loss=[0.03069], Eval Rec Loss=[0.03074], c=[0.50000], F=[0.83822, 0.88863, 0.91950, 0.94202], F_fuse=[0.01300, 0.01084, 0.00856, 0.00614]
[ INFO : 2026-07-26 12:40:17,694 ] - Epoch 48: train==[144.94844 = 1.06552 + 1.72589 + 31.81572 + 0.00957 + 0.00000 + 0.00101 + 1225.89705]
[ INFO : 2026-07-26 12:40:26,907 ] - Test_@[5, 10, 20, 50]: Recall=[0.03071, 0.05102, 0.08158, 0.14599],  precision=[0.00650, 0.00539, 0.00431, 0.00310], hit=[0.03230, 0.05354, 0.08511, 0.15233], ndcg=[0.02004, 0.02664, 0.03438, 0.04727], Train Rec Loss=[0.03067], Eval Rec Loss=[0.03075], c=[0.50000], F=[0.83804, 0.88576, 0.91862, 0.94254], F_fuse=[0.01290, 0.01071, 0.00857, 0.00618]
[ INFO : 2026-07-26 12:42:56,433 ] - Epoch 49: train==[144.76075 = 1.05729 + 1.72588 + 31.63625 + 0.00959 + 0.00000 + 0.00100 + 1225.89705]
[ INFO : 2026-07-26 12:43:05,605 ] - Test_@[5, 10, 20, 50]: Recall=[0.03086, 0.05150, 0.08168, 0.14606],  precision=[0.00653, 0.00543, 0.00431, 0.00310], hit=[0.03245, 0.05395, 0.08521, 0.15238], ndcg=[0.02011, 0.02683, 0.03449, 0.04739], Train Rec Loss=[0.03067], Eval Rec Loss=[0.03072], c=[0.50000], F=[0.83462, 0.88361, 0.91641, 0.93939], F_fuse=[0.01296, 0.01080, 0.00858, 0.00618]
[ INFO : 2026-07-26 12:45:35,780 ] - Epoch 50: train==[144.36464 = 1.04716 + 1.72588 + 31.25021 + 0.00965 + 0.00000 + 0.00100 + 1225.89705]
[ INFO : 2026-07-26 12:45:44,960 ] - Test_@[5, 10, 20, 50]: Recall=[0.03105, 0.05168, 0.08254, 0.14711],  precision=[0.00657, 0.00545, 0.00436, 0.00312], hit=[0.03260, 0.05415, 0.08624, 0.15320], ndcg=[0.02047, 0.02714, 0.03494, 0.04781], Train Rec Loss=[0.03067], Eval Rec Loss=[0.03072], c=[0.50000], F=[0.84132, 0.88769, 0.91983, 0.94233], F_fuse=[0.01304, 0.01084, 0.00869, 0.00622]
[ INFO : 2026-07-26 12:48:15,491 ] - Epoch 51: train==[144.12734 = 1.04212 + 1.72588 + 31.01788 + 0.00972 + 0.00000 + 0.00099 + 1225.89705]
[ INFO : 2026-07-26 12:48:24,684 ] - Test_@[5, 10, 20, 50]: Recall=[0.03131, 0.05129, 0.08232, 0.14777],  precision=[0.00663, 0.00541, 0.00434, 0.00313], hit=[0.03296, 0.05374, 0.08583, 0.15418], ndcg=[0.02026, 0.02674, 0.03461, 0.04771], Train Rec Loss=[0.03065], Eval Rec Loss=[0.03070], c=[0.50000], F=[0.83545, 0.88348, 0.91686, 0.93904], F_fuse=[0.01316, 0.01075, 0.00865, 0.00625]
[ INFO : 2026-07-26 12:50:55,089 ] - Epoch 52: train==[143.84084 = 1.03365 + 1.72589 + 30.73982 + 0.00976 + 0.00000 + 0.00099 + 1225.89705]
[ INFO : 2026-07-26 12:51:04,281 ] - Test_@[5, 10, 20, 50]: Recall=[0.03137, 0.05178, 0.08294, 0.14803],  precision=[0.00664, 0.00547, 0.00438, 0.00314], hit=[0.03296, 0.05431, 0.08655, 0.15428], ndcg=[0.02055, 0.02719, 0.03506, 0.04805], Train Rec Loss=[0.03063], Eval Rec Loss=[0.03071], c=[0.50000], F=[0.84505, 0.88730, 0.91747, 0.93997], F_fuse=[0.01319, 0.01087, 0.00872, 0.00626]
[ INFO : 2026-07-26 12:53:34,608 ] - Epoch 53: train==[143.45847 = 1.02494 + 1.72588 + 30.36611 + 0.00982 + 0.00000 + 0.00099 + 1225.89705]
[ INFO : 2026-07-26 12:53:43,738 ] - Test_@[5, 10, 20, 50]: Recall=[0.03171, 0.05169, 0.08331, 0.14867],  precision=[0.00672, 0.00545, 0.00440, 0.00315], hit=[0.03332, 0.05410, 0.08707, 0.15490], ndcg=[0.02063, 0.02711, 0.03512, 0.04817], Train Rec Loss=[0.03064], Eval Rec Loss=[0.03067], c=[0.50000], F=[0.84151, 0.88847, 0.91856, 0.94062], F_fuse=[0.01333, 0.01083, 0.00876, 0.00628]
[ INFO : 2026-07-26 12:56:14,642 ] - Epoch 54: train==[143.09936 = 1.01985 + 1.72589 + 30.01199 + 0.00991 + 0.00000 + 0.00098 + 1225.89705]
[ INFO : 2026-07-26 12:56:23,798 ] - Test_@[5, 10, 20, 50]: Recall=[0.03185, 0.05217, 0.08297, 0.14969],  precision=[0.00675, 0.00550, 0.00438, 0.00317], hit=[0.03348, 0.05467, 0.08665, 0.15598], ndcg=[0.02071, 0.02729, 0.03510, 0.04842], Train Rec Loss=[0.03062], Eval Rec Loss=[0.03068], c=[0.50000], F=[0.84371, 0.88941, 0.91891, 0.94041], F_fuse=[0.01339, 0.01094, 0.00873, 0.00633]
[ INFO : 2026-07-26 12:58:53,855 ] - Epoch 55: train==[142.84167 = 1.01130 + 1.72588 + 29.76282 + 0.00995 + 0.00000 + 0.00098 + 1225.89705]
[ INFO : 2026-07-26 12:59:02,912 ] - Test_@[5, 10, 20, 50]: Recall=[0.03168, 0.05154, 0.08374, 0.14967],  precision=[0.00672, 0.00545, 0.00443, 0.00317], hit=[0.03332, 0.05410, 0.08753, 0.15593], ndcg=[0.02071, 0.02716, 0.03531, 0.04846], Train Rec Loss=[0.03060], Eval Rec Loss=[0.03065], c=[0.50000], F=[0.84090, 0.88642, 0.91686, 0.93881], F_fuse=[0.01333, 0.01083, 0.00881, 0.00633]
[ INFO : 2026-07-26 13:01:33,501 ] - Epoch 56: train==[142.70191 = 1.00351 + 1.72588 + 29.63081 + 0.00999 + 0.00000 + 0.00097 + 1225.89705]
[ INFO : 2026-07-26 13:01:42,677 ] - Test_@[5, 10, 20, 50]: Recall=[0.03260, 0.05276, 0.08413, 0.15035],  precision=[0.00690, 0.00557, 0.00444, 0.00319], hit=[0.03425, 0.05534, 0.08784, 0.15660], ndcg=[0.02116, 0.02769, 0.03561, 0.04882], Train Rec Loss=[0.03061], Eval Rec Loss=[0.03066], c=[0.50000], F=[0.84397, 0.88858, 0.91835, 0.93861], F_fuse=[0.01369, 0.01107, 0.00884, 0.00635]
[ INFO : 2026-07-26 13:04:13,297 ] - Epoch 57: train==[142.43591 = 0.99561 + 1.72588 + 29.37264 + 0.01008 + 0.00000 + 0.00097 + 1225.89705]
[ INFO : 2026-07-26 13:04:22,438 ] - Test_@[5, 10, 20, 50]: Recall=[0.03281, 0.05282, 0.08456, 0.15098],  precision=[0.00694, 0.00557, 0.00447, 0.00320], hit=[0.03446, 0.05534, 0.08830, 0.15737], ndcg=[0.02108, 0.02753, 0.03558, 0.04883], Train Rec Loss=[0.03061], Eval Rec Loss=[0.03064], c=[0.50000], F=[0.84114, 0.88639, 0.91716, 0.93841], F_fuse=[0.01377, 0.01107, 0.00889, 0.00638]
[ INFO : 2026-07-26 13:06:52,761 ] - Epoch 58: train==[142.24793 = 0.98889 + 1.72589 + 29.19135 + 0.01009 + 0.00000 + 0.00096 + 1225.89705]
[ INFO : 2026-07-26 13:07:01,977 ] - Test_@[5, 10, 20, 50]: Recall=[0.03244, 0.05253, 0.08373, 0.14970],  precision=[0.00687, 0.00554, 0.00443, 0.00318], hit=[0.03410, 0.05503, 0.08753, 0.15598], ndcg=[0.02100, 0.02747, 0.03538, 0.04856], Train Rec Loss=[0.03058], Eval Rec Loss=[0.03065], c=[0.50000], F=[0.84587, 0.89028, 0.92007, 0.94099], F_fuse=[0.01363, 0.01101, 0.00881, 0.00633]
[ INFO : 2026-07-26 13:09:31,626 ] - Epoch 59: train==[141.91157 = 0.98372 + 1.72589 + 28.86010 + 0.01017 + 0.00000 + 0.00096 + 1225.89705]
[ INFO : 2026-07-26 13:09:40,816 ] - Test_@[5, 10, 20, 50]: Recall=[0.03163, 0.05182, 0.08450, 0.15125],  precision=[0.00672, 0.00547, 0.00446, 0.00320], hit=[0.03332, 0.05431, 0.08830, 0.15757], ndcg=[0.02061, 0.02716, 0.03546, 0.04877], Train Rec Loss=[0.03057], Eval Rec Loss=[0.03063], c=[0.50000], F=[0.84099, 0.88792, 0.91848, 0.93992], F_fuse=[0.01333, 0.01087, 0.00888, 0.00639]
[ INFO : 2026-07-26 13:12:10,528 ] - Epoch 60: train==[141.65424 = 0.97185 + 1.72589 + 28.61460 + 0.01021 + 0.00000 + 0.00095 + 1225.89705]
[ INFO : 2026-07-26 13:12:19,734 ] - Test_@[5, 10, 20, 50]: Recall=[0.03248, 0.05307, 0.08449, 0.15147],  precision=[0.00689, 0.00560, 0.00447, 0.00321], hit=[0.03420, 0.05559, 0.08825, 0.15788], ndcg=[0.02085, 0.02748, 0.03545, 0.04884], Train Rec Loss=[0.03058], Eval Rec Loss=[0.03063], c=[0.50000], F=[0.84619, 0.89015, 0.91848, 0.93834], F_fuse=[0.01367, 0.01112, 0.00889, 0.00640]
[ INFO : 2026-07-26 13:14:50,172 ] - Epoch 61: train==[141.47136 = 0.97228 + 1.72589 + 28.43120 + 0.01031 + 0.00000 + 0.00095 + 1225.89705]
[ INFO : 2026-07-26 13:14:59,374 ] - Test_@[5, 10, 20, 50]: Recall=[0.03144, 0.05205, 0.08428, 0.15088],  precision=[0.00664, 0.00549, 0.00445, 0.00320], hit=[0.03296, 0.05456, 0.08804, 0.15726], ndcg=[0.02038, 0.02708, 0.03526, 0.04856], Train Rec Loss=[0.03055], Eval Rec Loss=[0.03061], c=[0.50000], F=[0.83944, 0.88560, 0.91603, 0.93774], F_fuse=[0.01318, 0.01092, 0.00886, 0.00638]
[ INFO : 2026-07-26 13:17:29,202 ] - Epoch 62: train==[141.42973 = 0.96128 + 1.72590 + 28.40055 + 0.01031 + 0.00000 + 0.00094 + 1225.89705]
[ INFO : 2026-07-26 13:17:38,441 ] - Test_@[5, 10, 20, 50]: Recall=[0.03238, 0.05370, 0.08496, 0.15228],  precision=[0.00687, 0.00565, 0.00449, 0.00323], hit=[0.03410, 0.05616, 0.08861, 0.15870], ndcg=[0.02118, 0.02803, 0.03597, 0.04937], Train Rec Loss=[0.03055], Eval Rec Loss=[0.03059], c=[0.50000], F=[0.84425, 0.88898, 0.91857, 0.93882], F_fuse=[0.01363, 0.01123, 0.00894, 0.00643]
[ INFO : 2026-07-26 13:20:08,915 ] - Epoch 63: train==[141.07971 = 0.95781 + 1.72589 + 28.05392 + 0.01040 + 0.00000 + 0.00094 + 1225.89705]
[ INFO : 2026-07-26 13:20:18,074 ] - Test_@[5, 10, 20, 50]: Recall=[0.03217, 0.05287, 0.08512, 0.15164],  precision=[0.00682, 0.00556, 0.00450, 0.00321], hit=[0.03384, 0.05518, 0.08887, 0.15804], ndcg=[0.02115, 0.02783, 0.03603, 0.04928], Train Rec Loss=[0.03054], Eval Rec Loss=[0.03058], c=[0.50000], F=[0.84257, 0.88824, 0.91860, 0.93887], F_fuse=[0.01353, 0.01105, 0.00895, 0.00641]
[ INFO : 2026-07-26 13:22:48,615 ] - Epoch 64: train==[140.99504 = 0.94705 + 1.72591 + 27.98000 + 0.01042 + 0.00000 + 0.00093 + 1225.89705]
[ INFO : 2026-07-26 13:22:57,770 ] - Test_@[5, 10, 20, 50]: Recall=[0.03212, 0.05359, 0.08562, 0.15227],  precision=[0.00681, 0.00564, 0.00452, 0.00323], hit=[0.03379, 0.05600, 0.08933, 0.15865], ndcg=[0.02119, 0.02809, 0.03623, 0.04950], Train Rec Loss=[0.03053], Eval Rec Loss=[0.03058], c=[0.50000], F=[0.83947, 0.88377, 0.91524, 0.93705], F_fuse=[0.01351, 0.01120, 0.00899, 0.00643]
[ INFO : 2026-07-26 13:25:27,756 ] - Epoch 65: train==[140.89901 = 0.94488 + 1.72590 + 27.88606 + 0.01051 + 0.00000 + 0.00093 + 1225.89705]
[ INFO : 2026-07-26 13:25:36,835 ] - Test_@[5, 10, 20, 50]: Recall=[0.03271, 0.05418, 0.08537, 0.15108],  precision=[0.00692, 0.00569, 0.00450, 0.00320], hit=[0.03435, 0.05652, 0.08912, 0.15747], ndcg=[0.02141, 0.02833, 0.03625, 0.04938], Train Rec Loss=[0.03053], Eval Rec Loss=[0.03060], c=[0.50000], F=[0.84373, 0.88689, 0.91771, 0.93897], F_fuse=[0.01373, 0.01131, 0.00896, 0.00639]
[ INFO : 2026-07-26 13:28:06,890 ] - Epoch 66: train==[140.43434 = 0.93512 + 1.72591 + 27.43109 + 0.01055 + 0.00000 + 0.00092 + 1225.89705]
[ INFO : 2026-07-26 13:28:16,099 ] - Test_@[5, 10, 20, 50]: Recall=[0.03304, 0.05397, 0.08544, 0.15064],  precision=[0.00701, 0.00568, 0.00451, 0.00319], hit=[0.03482, 0.05636, 0.08917, 0.15701], ndcg=[0.02138, 0.02812, 0.03612, 0.04913], Train Rec Loss=[0.03051], Eval Rec Loss=[0.03059], c=[0.50000], F=[0.84411, 0.88689, 0.91726, 0.93852], F_fuse=[0.01391, 0.01128, 0.00897, 0.00637]
[ INFO : 2026-07-26 13:30:46,250 ] - Epoch 67: train==[140.38433 = 0.92954 + 1.72590 + 27.38661 + 0.01062 + 0.00000 + 0.00092 + 1225.89705]
[ INFO : 2026-07-26 13:30:55,389 ] - Test_@[5, 10, 20, 50]: Recall=[0.03244, 0.05437, 0.08582, 0.15208],  precision=[0.00688, 0.00572, 0.00453, 0.00322], hit=[0.03415, 0.05683, 0.08959, 0.15845], ndcg=[0.02130, 0.02837, 0.03634, 0.04956], Train Rec Loss=[0.03050], Eval Rec Loss=[0.03058], c=[0.50000], F=[0.84193, 0.88709, 0.91732, 0.93809], F_fuse=[0.01365, 0.01137, 0.00901, 0.00642]
[ INFO : 2026-07-26 13:33:25,355 ] - Epoch 68: train==[139.98870 = 0.92389 + 1.72589 + 26.99658 + 0.01069 + 0.00000 + 0.00092 + 1225.89705]
[ INFO : 2026-07-26 13:33:34,520 ] - Test_@[5, 10, 20, 50]: Recall=[0.03224, 0.05401, 0.08525, 0.15091],  precision=[0.00683, 0.00569, 0.00450, 0.00320], hit=[0.03389, 0.05652, 0.08902, 0.15732], ndcg=[0.02112, 0.02817, 0.03610, 0.04922], Train Rec Loss=[0.03050], Eval Rec Loss=[0.03057], c=[0.50000], F=[0.84320, 0.88677, 0.91613, 0.93680], F_fuse=[0.01355, 0.01131, 0.00896, 0.00638]
[ INFO : 2026-07-26 13:36:03,962 ] - Epoch 69: train==[139.91087 = 0.91923 + 1.72589 + 26.92336 + 0.01073 + 0.00000 + 0.00091 + 1225.89705]
[ INFO : 2026-07-26 13:36:13,178 ] - Test_@[5, 10, 20, 50]: Recall=[0.03289, 0.05536, 0.08529, 0.15157],  precision=[0.00697, 0.00583, 0.00450, 0.00321], hit=[0.03461, 0.05786, 0.08907, 0.15793], ndcg=[0.02127, 0.02850, 0.03611, 0.04936], Train Rec Loss=[0.03050], Eval Rec Loss=[0.03058], c=[0.50000], F=[0.84427, 0.88707, 0.91618, 0.93733], F_fuse=[0.01383, 0.01158, 0.00896, 0.00640]
[ INFO : 2026-07-26 13:38:42,697 ] - Epoch 70: train==[139.68334 = 0.91478 + 1.72589 + 26.70027 + 0.01076 + 0.00000 + 0.00090 + 1225.89705]
[ INFO : 2026-07-26 13:38:51,862 ] - Test_@[5, 10, 20, 50]: Recall=[0.03337, 0.05507, 0.08569, 0.15205],  precision=[0.00708, 0.00581, 0.00452, 0.00322], hit=[0.03512, 0.05765, 0.08948, 0.15855], ndcg=[0.02146, 0.02847, 0.03623, 0.04950], Train Rec Loss=[0.03049], Eval Rec Loss=[0.03054], c=[0.50000], F=[0.84407, 0.88693, 0.91709, 0.93804], F_fuse=[0.01404, 0.01154, 0.00899, 0.00642]
[ INFO : 2026-07-26 13:41:22,050 ] - Epoch 71: train==[139.47233 = 0.90580 + 1.72589 + 26.49813 + 0.01087 + 0.00000 + 0.00091 + 1225.89705]
[ INFO : 2026-07-26 13:41:31,244 ] - Test_@[5, 10, 20, 50]: Recall=[0.03237, 0.05473, 0.08607, 0.15083],  precision=[0.00686, 0.00578, 0.00454, 0.00320], hit=[0.03404, 0.05734, 0.08995, 0.15737], ndcg=[0.02120, 0.02846, 0.03639, 0.04931], Train Rec Loss=[0.03048], Eval Rec Loss=[0.03056], c=[0.50000], F=[0.84472, 0.88565, 0.91601, 0.93773], F_fuse=[0.01361, 0.01148, 0.00904, 0.00637]
[ INFO : 2026-07-26 13:44:01,368 ] - Epoch 72: train==[139.38320 = 0.90232 + 1.72589 + 26.41245 + 0.01091 + 0.00000 + 0.00090 + 1225.89705]
[ INFO : 2026-07-26 13:44:10,458 ] - Test_@[5, 10, 20, 50]: Recall=[0.03332, 0.05544, 0.08676, 0.15171],  precision=[0.00707, 0.00584, 0.00458, 0.00322], hit=[0.03507, 0.05796, 0.09056, 0.15814], ndcg=[0.02167, 0.02879, 0.03673, 0.04971], Train Rec Loss=[0.03046], Eval Rec Loss=[0.03055], c=[0.50000], F=[0.84378, 0.88552, 0.91552, 0.93621], F_fuse=[0.01401, 0.01160, 0.00911, 0.00641]
[ INFO : 2026-07-26 13:46:41,355 ] - Epoch 73: train==[139.22756 = 0.89763 + 1.72589 + 26.26144 + 0.01097 + 0.00000 + 0.00089 + 1225.89705]
[ INFO : 2026-07-26 13:46:50,567 ] - Test_@[5, 10, 20, 50]: Recall=[0.03296, 0.05487, 0.08660, 0.15144],  precision=[0.00699, 0.00578, 0.00457, 0.00321], hit=[0.03471, 0.05739, 0.09041, 0.15788], ndcg=[0.02125, 0.02831, 0.03635, 0.04930], Train Rec Loss=[0.03047], Eval Rec Loss=[0.03051], c=[0.50000], F=[0.83950, 0.88442, 0.91487, 0.93655], F_fuse=[0.01387, 0.01149, 0.00909, 0.00640]
[ INFO : 2026-07-26 13:49:20,016 ] - Epoch 74: train==[139.16763 = 0.88815 + 1.72589 + 26.21094 + 0.01102 + 0.00000 + 0.00090 + 1225.89705]
[ INFO : 2026-07-26 13:49:29,254 ] - Test_@[5, 10, 20, 50]: Recall=[0.03244, 0.05455, 0.08466, 0.15098],  precision=[0.00688, 0.00576, 0.00447, 0.00320], hit=[0.03420, 0.05719, 0.08851, 0.15762], ndcg=[0.02130, 0.02846, 0.03610, 0.04932], Train Rec Loss=[0.03045], Eval Rec Loss=[0.03050], c=[0.50000], F=[0.84234, 0.88469, 0.91444, 0.93664], F_fuse=[0.01365, 0.01145, 0.00890, 0.00638]
[ INFO : 2026-07-26 13:51:58,953 ] - Epoch 75: train==[138.94873 = 0.88623 + 1.72590 + 25.99391 + 0.01106 + 0.00000 + 0.00089 + 1225.89705]
[ INFO : 2026-07-26 13:52:08,219 ] - Test_@[5, 10, 20, 50]: Recall=[0.03328, 0.05514, 0.08609, 0.15185],  precision=[0.00706, 0.00582, 0.00454, 0.00322], hit=[0.03502, 0.05780, 0.08984, 0.15840], ndcg=[0.02154, 0.02860, 0.03643, 0.04957], Train Rec Loss=[0.03044], Eval Rec Loss=[0.03050], c=[0.50000], F=[0.84346, 0.88606, 0.91550, 0.93636], F_fuse=[0.01399, 0.01156, 0.00904, 0.00642]
[ INFO : 2026-07-26 13:54:38,034 ] - Epoch 76: train==[138.61116 = 0.88264 + 1.72589 + 25.65981 + 0.01120 + 0.00000 + 0.00089 + 1225.89705]
[ INFO : 2026-07-26 13:54:47,163 ] - Test_@[5, 10, 20, 50]: Recall=[0.03338, 0.05437, 0.08531, 0.15123],  precision=[0.00708, 0.00574, 0.00451, 0.00321], hit=[0.03512, 0.05703, 0.08923, 0.15778], ndcg=[0.02173, 0.02854, 0.03640, 0.04954], Train Rec Loss=[0.03044], Eval Rec Loss=[0.03048], c=[0.50000], F=[0.84475, 0.88568, 0.91556, 0.93785], F_fuse=[0.01404, 0.01140, 0.00897, 0.00639]
[ INFO : 2026-07-26 13:57:16,817 ] - Epoch 77: train==[138.55787 = 0.87223 + 1.72589 + 25.61694 + 0.01119 + 0.00000 + 0.00088 + 1225.89705]
[ INFO : 2026-07-26 13:57:25,882 ] - Test_@[5, 10, 20, 50]: Recall=[0.03307, 0.05538, 0.08614, 0.15198],  precision=[0.00701, 0.00585, 0.00454, 0.00322], hit=[0.03482, 0.05811, 0.08989, 0.15855], ndcg=[0.02144, 0.02865, 0.03644, 0.04960], Train Rec Loss=[0.03043], Eval Rec Loss=[0.03047], c=[0.50000], F=[0.84454, 0.88639, 0.91497, 0.93596], F_fuse=[0.01391, 0.01162, 0.00903, 0.00642]
[ INFO : 2026-07-26 13:59:55,741 ] - Epoch 78: train==[138.34221 = 0.86715 + 1.72589 + 25.40628 + 0.01128 + 0.00000 + 0.00088 + 1225.89705]
[ INFO : 2026-07-26 14:00:04,967 ] - Test_@[5, 10, 20, 50]: Recall=[0.03332, 0.05421, 0.08489, 0.15035],  precision=[0.00705, 0.00572, 0.00448, 0.00319], hit=[0.03502, 0.05688, 0.08881, 0.15690], ndcg=[0.02172, 0.02847, 0.03629, 0.04937], Train Rec Loss=[0.03042], Eval Rec Loss=[0.03048], c=[0.50000], F=[0.84484, 0.88622, 0.91465, 0.93632], F_fuse=[0.01397, 0.01137, 0.00893, 0.00636]
[ INFO : 2026-07-26 14:02:34,933 ] - Epoch 79: train==[138.34357 = 0.86520 + 1.72589 + 25.40957 + 0.01130 + 0.00000 + 0.00087 + 1225.89705]
[ INFO : 2026-07-26 14:02:44,204 ] - Test_@[5, 10, 20, 50]: Recall=[0.03304, 0.05505, 0.08611, 0.15199],  precision=[0.00700, 0.00581, 0.00454, 0.00322], hit=[0.03482, 0.05775, 0.08995, 0.15855], ndcg=[0.02160, 0.02875, 0.03666, 0.04980], Train Rec Loss=[0.03043], Eval Rec Loss=[0.03048], c=[0.50000], F=[0.84450, 0.88610, 0.91522, 0.93685], F_fuse=[0.01389, 0.01155, 0.00904, 0.00642]
[ INFO : 2026-07-26 14:05:13,873 ] - Epoch 80: train==[138.23657 = 0.85878 + 1.72590 + 25.30892 + 0.01137 + 0.00000 + 0.00087 + 1225.89705]
[ INFO : 2026-07-26 14:05:23,017 ] - Test_@[5, 10, 20, 50]: Recall=[0.03357, 0.05522, 0.08631, 0.15131],  precision=[0.00711, 0.00583, 0.00455, 0.00321], hit=[0.03533, 0.05796, 0.09005, 0.15804], ndcg=[0.02161, 0.02862, 0.03649, 0.04947], Train Rec Loss=[0.03041], Eval Rec Loss=[0.03047], c=[0.50000], F=[0.84495, 0.88695, 0.91559, 0.93676], F_fuse=[0.01410, 0.01159, 0.00905, 0.00640]
[ INFO : 2026-07-26 14:07:53,312 ] - Epoch 81: train==[138.10989 = 0.85319 + 1.72590 + 25.18770 + 0.01150 + 0.00000 + 0.00087 + 1225.89705]
[ INFO : 2026-07-26 14:08:02,491 ] - Test_@[5, 10, 20, 50]: Recall=[0.03333, 0.05577, 0.08696, 0.15283],  precision=[0.00708, 0.00588, 0.00458, 0.00324], hit=[0.03512, 0.05847, 0.09061, 0.15942], ndcg=[0.02159, 0.02884, 0.03672, 0.04988], Train Rec Loss=[0.03043], Eval Rec Loss=[0.03047], c=[0.50000], F=[0.84370, 0.88633, 0.91403, 0.93480], F_fuse=[0.01404, 0.01169, 0.00911, 0.00645]
[ INFO : 2026-07-26 14:10:33,189 ] - Epoch 82: train==[138.04083 = 0.84967 + 1.72589 + 25.12220 + 0.01147 + 0.00000 + 0.00086 + 1225.89705]
[ INFO : 2026-07-26 14:10:42,367 ] - Test_@[5, 10, 20, 50]: Recall=[0.03347, 0.05511, 0.08591, 0.15164],  precision=[0.00709, 0.00582, 0.00452, 0.00321], hit=[0.03523, 0.05775, 0.08964, 0.15814], ndcg=[0.02194, 0.02897, 0.03678, 0.04991], Train Rec Loss=[0.03040], Eval Rec Loss=[0.03044], c=[0.50000], F=[0.84488, 0.88644, 0.91554, 0.93663], F_fuse=[0.01406, 0.01156, 0.00900, 0.00640]
[ INFO : 2026-07-26 14:13:11,976 ] - Epoch 83: train==[137.70413 = 0.84253 + 1.72589 + 24.79251 + 0.01160 + 0.00000 + 0.00086 + 1225.89705]
[ INFO : 2026-07-26 14:13:21,233 ] - Test_@[5, 10, 20, 50]: Recall=[0.03367, 0.05459, 0.08640, 0.15200],  precision=[0.00714, 0.00577, 0.00456, 0.00322], hit=[0.03543, 0.05729, 0.09020, 0.15860], ndcg=[0.02191, 0.02870, 0.03676, 0.04986], Train Rec Loss=[0.03040], Eval Rec Loss=[0.03047], c=[0.50000], F=[0.84177, 0.88293, 0.91226, 0.93418], F_fuse=[0.01416, 0.01147, 0.00907, 0.00642]
[ INFO : 2026-07-26 14:15:50,654 ] - Epoch 84: train==[137.56258 = 0.83939 + 1.72589 + 24.65406 + 0.01165 + 0.00000 + 0.00086 + 1225.89705]
[ INFO : 2026-07-26 14:15:59,919 ] - Test_@[5, 10, 20, 50]: Recall=[0.03428, 0.05510, 0.08697, 0.15205],  precision=[0.00726, 0.00582, 0.00458, 0.00322], hit=[0.03605, 0.05786, 0.09087, 0.15865], ndcg=[0.02237, 0.02911, 0.03721, 0.05017], Train Rec Loss=[0.03039], Eval Rec Loss=[0.03044], c=[0.50000], F=[0.84568, 0.88665, 0.91500, 0.93608], F_fuse=[0.01440, 0.01157, 0.00912, 0.00642]
[ INFO : 2026-07-26 14:18:29,757 ] - Epoch 85: train==[137.66879 = 0.83625 + 1.72589 + 24.76338 + 0.01169 + 0.00000 + 0.00085 + 1225.89705]
[ INFO : 2026-07-26 14:18:38,894 ] - Test_@[5, 10, 20, 50]: Recall=[0.03377, 0.05474, 0.08583, 0.15131],  precision=[0.00716, 0.00579, 0.00452, 0.00321], hit=[0.03559, 0.05744, 0.08964, 0.15788], ndcg=[0.02198, 0.02878, 0.03668, 0.04976], Train Rec Loss=[0.03038], Eval Rec Loss=[0.03046], c=[0.50000], F=[0.84762, 0.88838, 0.91587, 0.93612], F_fuse=[0.01420, 0.01150, 0.00900, 0.00640]
[ INFO : 2026-07-26 14:21:08,575 ] - Epoch 86: train==[137.51378 = 0.82949 + 1.72589 + 24.61509 + 0.01172 + 0.00000 + 0.00085 + 1225.89705]
[ INFO : 2026-07-26 14:21:17,697 ] - Test_@[5, 10, 20, 50]: Recall=[0.03331, 0.05382, 0.08488, 0.15072],  precision=[0.00707, 0.00568, 0.00447, 0.00320], hit=[0.03512, 0.05642, 0.08861, 0.15742], ndcg=[0.02181, 0.02847, 0.03639, 0.04956], Train Rec Loss=[0.03039], Eval Rec Loss=[0.03044], c=[0.50000], F=[0.84704, 0.88612, 0.91600, 0.93786], F_fuse=[0.01402, 0.01129, 0.00890, 0.00637]
[ INFO : 2026-07-26 14:23:47,724 ] - Epoch 87: train==[137.44308 = 0.82711 + 1.72589 + 24.54670 + 0.01179 + 0.00000 + 0.00085 + 1225.89705]
[ INFO : 2026-07-26 14:23:56,881 ] - Test_@[5, 10, 20, 50]: Recall=[0.03359, 0.05553, 0.08589, 0.15242],  precision=[0.00710, 0.00586, 0.00453, 0.00323], hit=[0.03523, 0.05822, 0.08964, 0.15896], ndcg=[0.02216, 0.02929, 0.03700, 0.05027], Train Rec Loss=[0.03036], Eval Rec Loss=[0.03042], c=[0.50000], F=[0.84816, 0.88606, 0.91476, 0.93610], F_fuse=[0.01408, 0.01165, 0.00901, 0.00644]
[ INFO : 2026-07-26 14:26:26,485 ] - Epoch 88: train==[137.09765 = 0.82138 + 1.72589 + 24.20692 + 0.01189 + 0.00000 + 0.00084 + 1225.89705]
[ INFO : 2026-07-26 14:26:35,749 ] - Test_@[5, 10, 20, 50]: Recall=[0.03341, 0.05552, 0.08572, 0.15138],  precision=[0.00708, 0.00588, 0.00452, 0.00321], hit=[0.03518, 0.05832, 0.08959, 0.15798], ndcg=[0.02207, 0.02928, 0.03695, 0.05005], Train Rec Loss=[0.03036], Eval Rec Loss=[0.03042], c=[0.50000], F=[0.84256, 0.88494, 0.91536, 0.93747], F_fuse=[0.01403, 0.01168, 0.00899, 0.00640]
[ INFO : 2026-07-26 14:29:06,020 ] - Epoch 89: train==[137.04203 = 0.81596 + 1.72589 + 24.15670 + 0.01190 + 0.00000 + 0.00084 + 1225.89705]
[ INFO : 2026-07-26 14:29:15,272 ] - Test_@[5, 10, 20, 50]: Recall=[0.03411, 0.05552, 0.08658, 0.15180],  precision=[0.00725, 0.00586, 0.00456, 0.00322], hit=[0.03600, 0.05822, 0.09041, 0.15840], ndcg=[0.02198, 0.02890, 0.03679, 0.04982], Train Rec Loss=[0.03036], Eval Rec Loss=[0.03042], c=[0.50000], F=[0.84745, 0.88563, 0.91376, 0.93481], F_fuse=[0.01438, 0.01165, 0.00908, 0.00641]
[ INFO : 2026-07-26 14:31:45,089 ] - Epoch 90: train==[136.99395 = 0.80992 + 1.72590 + 24.11459 + 0.01196 + 0.00000 + 0.00084 + 1225.89705]
[ INFO : 2026-07-26 14:31:54,381 ] - Test_@[5, 10, 20, 50]: Recall=[0.03447, 0.05599, 0.08710, 0.15246],  precision=[0.00730, 0.00592, 0.00459, 0.00323], hit=[0.03626, 0.05883, 0.09087, 0.15901], ndcg=[0.02246, 0.02944, 0.03731, 0.05034], Train Rec Loss=[0.03035], Eval Rec Loss=[0.03041], c=[0.50000], F=[0.84439, 0.88401, 0.91260, 0.93384], F_fuse=[0.01448, 0.01177, 0.00913, 0.00643]
[ INFO : 2026-07-26 14:34:25,211 ] - Epoch 91: train==[136.83820 = 0.80844 + 1.72590 + 23.96025 + 0.01204 + 0.00000 + 0.00084 + 1225.89705]
[ INFO : 2026-07-26 14:34:34,239 ] - Test_@[5, 10, 20, 50]: Recall=[0.03497, 0.05619, 0.08682, 0.15155],  precision=[0.00738, 0.00594, 0.00457, 0.00321], hit=[0.03672, 0.05899, 0.09061, 0.15819], ndcg=[0.02297, 0.02986, 0.03763, 0.05055], Train Rec Loss=[0.03034], Eval Rec Loss=[0.03042], c=[0.50000], F=[0.84438, 0.88505, 0.91364, 0.93510], F_fuse=[0.01464, 0.01181, 0.00910, 0.00640]
[ INFO : 2026-07-26 14:37:03,952 ] - Epoch 92: train==[136.72710 = 0.80420 + 1.72590 + 23.85331 + 0.01212 + 0.00000 + 0.00083 + 1225.89705]
[ INFO : 2026-07-26 14:37:13,090 ] - Test_@[5, 10, 20, 50]: Recall=[0.03493, 0.05533, 0.08598, 0.14985],  precision=[0.00738, 0.00584, 0.00454, 0.00317], hit=[0.03672, 0.05801, 0.08995, 0.15629], ndcg=[0.02267, 0.02929, 0.03710, 0.04986], Train Rec Loss=[0.03034], Eval Rec Loss=[0.03040], c=[0.50000], F=[0.84712, 0.88520, 0.91495, 0.93651], F_fuse=[0.01464, 0.01161, 0.00903, 0.00633]
[ INFO : 2026-07-26 14:39:42,593 ] - Epoch 93: train==[136.71726 = 0.80025 + 1.72589 + 23.84742 + 0.01214 + 0.00000 + 0.00083 + 1225.89705]
[ INFO : 2026-07-26 14:39:51,758 ] - Test_@[5, 10, 20, 50]: Recall=[0.03459, 0.05672, 0.08765, 0.15139],  precision=[0.00733, 0.00600, 0.00462, 0.00321], hit=[0.03646, 0.05955, 0.09149, 0.15809], ndcg=[0.02281, 0.03001, 0.03784, 0.05054], Train Rec Loss=[0.03032], Eval Rec Loss=[0.03037], c=[0.50000], F=[0.84491, 0.88324, 0.91302, 0.93453], F_fuse=[0.01454, 0.01192, 0.00919, 0.00639]
[ INFO : 2026-07-26 14:42:22,476 ] - Epoch 94: train==[136.62194 = 0.79420 + 1.72589 + 23.75810 + 0.01219 + 0.00000 + 0.00083 + 1225.89705]
[ INFO : 2026-07-26 14:42:31,667 ] - Test_@[5, 10, 20, 50]: Recall=[0.03437, 0.05547, 0.08622, 0.14985],  precision=[0.00727, 0.00587, 0.00454, 0.00318], hit=[0.03615, 0.05822, 0.09015, 0.15654], ndcg=[0.02267, 0.02955, 0.03736, 0.05006], Train Rec Loss=[0.03033], Eval Rec Loss=[0.03039], c=[0.50000], F=[0.84468, 0.88536, 0.91426, 0.93578], F_fuse=[0.01442, 0.01167, 0.00904, 0.00633]
[ INFO : 2026-07-26 14:45:02,249 ] - Epoch 95: train==[136.57497 = 0.79053 + 1.72589 + 23.71466 + 0.01232 + 0.00000 + 0.00082 + 1225.89705]
[ INFO : 2026-07-26 14:45:11,473 ] - Test_@[5, 10, 20, 50]: Recall=[0.03523, 0.05709, 0.08773, 0.15176],  precision=[0.00744, 0.00603, 0.00463, 0.00322], hit=[0.03698, 0.05986, 0.09164, 0.15850], ndcg=[0.02312, 0.03019, 0.03795, 0.05076], Train Rec Loss=[0.03031], Eval Rec Loss=[0.03037], c=[0.50000], F=[0.84679, 0.88449, 0.91254, 0.93392], F_fuse=[0.01474, 0.01198, 0.00921, 0.00641]
[ INFO : 2026-07-26 14:47:42,343 ] - Epoch 96: train==[136.49069 = 0.78778 + 1.72590 + 23.63315 + 0.01232 + 0.00000 + 0.00082 + 1225.89705]
[ INFO : 2026-07-26 14:47:51,539 ] - Test_@[5, 10, 20, 50]: Recall=[0.03486, 0.05699, 0.08741, 0.15143],  precision=[0.00738, 0.00603, 0.00460, 0.00321], hit=[0.03672, 0.05981, 0.09123, 0.15809], ndcg=[0.02287, 0.03004, 0.03772, 0.05052], Train Rec Loss=[0.03030], Eval Rec Loss=[0.03038], c=[0.50000], F=[0.84585, 0.88557, 0.91407, 0.93452], F_fuse=[0.01464, 0.01197, 0.00916, 0.00639]
[ INFO : 2026-07-26 14:50:22,084 ] - Epoch 97: train==[136.22524 = 0.78308 + 1.72589 + 23.37231 + 0.01241 + 0.00000 + 0.00082 + 1225.89705]
[ INFO : 2026-07-26 14:50:31,253 ] - Test_@[5, 10, 20, 50]: Recall=[0.03388, 0.05552, 0.08672, 0.14973],  precision=[0.00718, 0.00588, 0.00456, 0.00317], hit=[0.03574, 0.05832, 0.09046, 0.15644], ndcg=[0.02242, 0.02945, 0.03735, 0.04995], Train Rec Loss=[0.03030], Eval Rec Loss=[0.03036], c=[0.50000], F=[0.84725, 0.88636, 0.91524, 0.93664], F_fuse=[0.01424, 0.01169, 0.00908, 0.00633]
[ INFO : 2026-07-26 14:53:01,271 ] - Epoch 98: train==[136.26123 = 0.77538 + 1.72589 + 23.41598 + 0.01242 + 0.00000 + 0.00082 + 1225.89705]
[ INFO : 2026-07-26 14:53:10,336 ] - Test_@[5, 10, 20, 50]: Recall=[0.03428, 0.05563, 0.08727, 0.15022],  precision=[0.00726, 0.00589, 0.00459, 0.00318], hit=[0.03615, 0.05837, 0.09103, 0.15706], ndcg=[0.02257, 0.02946, 0.03746, 0.05003], Train Rec Loss=[0.03029], Eval Rec Loss=[0.03035], c=[0.50000], F=[0.84504, 0.88421, 0.91325, 0.93488], F_fuse=[0.01440, 0.01170, 0.00913, 0.00635]
[ INFO : 2026-07-26 14:55:40,637 ] - Epoch 99: train==[136.22930 = 0.78045 + 1.72589 + 23.37886 + 0.01255 + 0.00000 + 0.00082 + 1225.89705]
[ INFO : 2026-07-26 14:55:49,975 ] - Test_@[5, 10, 20, 50]: Recall=[0.03438, 0.05545, 0.08597, 0.14900],  precision=[0.00723, 0.00586, 0.00454, 0.00316], hit=[0.03605, 0.05822, 0.08989, 0.15557], ndcg=[0.02261, 0.02948, 0.03724, 0.04985], Train Rec Loss=[0.03028], Eval Rec Loss=[0.03036], c=[0.50000], F=[0.84267, 0.88203, 0.91128, 0.93353], F_fuse=[0.01434, 0.01164, 0.00903, 0.00629]
[ INFO : 2026-07-26 14:58:20,443 ] - Epoch 100: train==[135.95770 = 0.77025 + 1.72589 + 23.11747 + 0.01254 + 0.00000 + 0.00081 + 1225.89705]
[ INFO : 2026-07-26 14:58:29,575 ] - Test_@[5, 10, 20, 50]: Recall=[0.03526, 0.05589, 0.08670, 0.14957],  precision=[0.00745, 0.00591, 0.00457, 0.00317], hit=[0.03708, 0.05868, 0.09051, 0.15624], ndcg=[0.02325, 0.02994, 0.03777, 0.05037], Train Rec Loss=[0.03027], Eval Rec Loss=[0.03033], c=[0.50000], F=[0.84574, 0.88488, 0.91351, 0.93523], F_fuse=[0.01476, 0.01175, 0.00909, 0.00631]
[ INFO : 2026-07-26 15:01:00,598 ] - Epoch 101: train==[135.93389 = 0.76435 + 1.72590 + 23.09946 + 0.01264 + 0.00000 + 0.00081 + 1225.89705]
[ INFO : 2026-07-26 15:01:10,012 ] - Test_@[5, 10, 20, 50]: Recall=[0.03420, 0.05611, 0.08623, 0.14822],  precision=[0.00722, 0.00592, 0.00454, 0.00314], hit=[0.03595, 0.05878, 0.09010, 0.15485], ndcg=[0.02266, 0.02975, 0.03739, 0.04980], Train Rec Loss=[0.03029], Eval Rec Loss=[0.03032], c=[0.50000], F=[0.84333, 0.88180, 0.91185, 0.93430], F_fuse=[0.01432, 0.01176, 0.00904, 0.00626]
[ INFO : 2026-07-26 15:03:40,899 ] - Epoch 102: train==[135.89007 = 0.76253 + 1.72589 + 23.05741 + 0.01269 + 0.00000 + 0.00081 + 1225.89705]
[ INFO : 2026-07-26 15:03:50,158 ] - Test_@[5, 10, 20, 50]: Recall=[0.03441, 0.05559, 0.08561, 0.14883],  precision=[0.00726, 0.00587, 0.00452, 0.00315], hit=[0.03615, 0.05822, 0.08948, 0.15552], ndcg=[0.02290, 0.02975, 0.03738, 0.05004], Train Rec Loss=[0.03028], Eval Rec Loss=[0.03033], c=[0.50000], F=[0.84364, 0.88382, 0.91406, 0.93600], F_fuse=[0.01440, 0.01166, 0.00899, 0.00629]
[ INFO : 2026-07-26 15:06:20,782 ] - Epoch 103: train==[135.67066 = 0.75848 + 1.72589 + 22.84196 + 0.01278 + 0.00000 + 0.00081 + 1225.89705]
[ INFO : 2026-07-26 15:06:29,976 ] - Test_@[5, 10, 20, 50]: Recall=[0.03481, 0.05725, 0.08775, 0.15035],  precision=[0.00735, 0.00605, 0.00462, 0.00319], hit=[0.03662, 0.06007, 0.09164, 0.15711], ndcg=[0.02294, 0.03020, 0.03790, 0.05042], Train Rec Loss=[0.03026], Eval Rec Loss=[0.03032], c=[0.50000], F=[0.84415, 0.88352, 0.91197, 0.93397], F_fuse=[0.01458, 0.01201, 0.00920, 0.00635]
[ INFO : 2026-07-26 15:09:01,294 ] - Epoch 104: train==[135.61909 = 0.75560 + 1.72589 + 22.79324 + 0.01281 + 0.00000 + 0.00080 + 1225.89705]
[ INFO : 2026-07-26 15:09:10,465 ] - Test_@[5, 10, 20, 50]: Recall=[0.03460, 0.05653, 0.08693, 0.14794],  precision=[0.00731, 0.00596, 0.00458, 0.00314], hit=[0.03641, 0.05924, 0.09077, 0.15459], ndcg=[0.02279, 0.02986, 0.03756, 0.04980], Train Rec Loss=[0.03026], Eval Rec Loss=[0.03031], c=[0.50000], F=[0.84292, 0.88230, 0.91101, 0.93352], F_fuse=[0.01450, 0.01184, 0.00911, 0.00625]
[ INFO : 2026-07-26 15:11:41,232 ] - Epoch 105: train==[135.61395 = 0.75543 + 1.72589 + 22.78821 + 0.01289 + 0.00000 + 0.00080 + 1225.89705]
[ INFO : 2026-07-26 15:11:50,322 ] - Test_@[5, 10, 20, 50]: Recall=[0.03472, 0.05643, 0.08655, 0.14981],  precision=[0.00731, 0.00596, 0.00457, 0.00318], hit=[0.03651, 0.05914, 0.09046, 0.15660], ndcg=[0.02298, 0.03002, 0.03765, 0.05030], Train Rec Loss=[0.03024], Eval Rec Loss=[0.03032], c=[0.50000], F=[0.84445, 0.88320, 0.91254, 0.93470], F_fuse=[0.01450, 0.01183, 0.00909, 0.00633]
[ INFO : 2026-07-26 15:14:20,772 ] - Epoch 106: train==[135.68846 = 0.74881 + 1.72589 + 22.86929 + 0.01294 + 0.00000 + 0.00079 + 1225.89705]
[ INFO : 2026-07-26 15:14:30,022 ] - Test_@[5, 10, 20, 50]: Recall=[0.03464, 0.05526, 0.08759, 0.14857],  precision=[0.00732, 0.00584, 0.00461, 0.00315], hit=[0.03646, 0.05791, 0.09139, 0.15510], ndcg=[0.02292, 0.02960, 0.03778, 0.04997], Train Rec Loss=[0.03024], Eval Rec Loss=[0.03031], c=[0.50000], F=[0.84574, 0.88440, 0.91290, 0.93502], F_fuse=[0.01452, 0.01161, 0.00917, 0.00628]
[ INFO : 2026-07-26 15:17:00,367 ] - Epoch 107: train==[135.64625 = 0.74312 + 1.72590 + 22.83268 + 0.01301 + 0.00000 + 0.00079 + 1225.89705]
[ INFO : 2026-07-26 15:17:09,546 ] - Test_@[5, 10, 20, 50]: Recall=[0.03498, 0.05657, 0.08717, 0.14948],  precision=[0.00737, 0.00597, 0.00460, 0.00317], hit=[0.03682, 0.05924, 0.09108, 0.15608], ndcg=[0.02321, 0.03020, 0.03795, 0.05040], Train Rec Loss=[0.03025], Eval Rec Loss=[0.03031], c=[0.50000], F=[0.84227, 0.88185, 0.91063, 0.93333], F_fuse=[0.01462, 0.01186, 0.00915, 0.00631]
[ INFO : 2026-07-26 15:19:40,354 ] - Epoch 108: train==[135.46113 = 0.73778 + 1.72589 + 22.65283 + 0.01309 + 0.00000 + 0.00079 + 1225.89705]
[ INFO : 2026-07-26 15:19:49,561 ] - Test_@[5, 10, 20, 50]: Recall=[0.03431, 0.05686, 0.08684, 0.14797],  precision=[0.00725, 0.00599, 0.00457, 0.00314], hit=[0.03610, 0.05950, 0.09061, 0.15469], ndcg=[0.02270, 0.02999, 0.03757, 0.04982], Train Rec Loss=[0.03024], Eval Rec Loss=[0.03029], c=[0.50000], F=[0.84320, 0.88212, 0.91165, 0.93393], F_fuse=[0.01438, 0.01190, 0.00910, 0.00625]
[ INFO : 2026-07-26 15:22:19,915 ] - Epoch 109: train==[135.31707 = 0.73887 + 1.72589 + 22.50766 + 0.01312 + 0.00000 + 0.00079 + 1225.89705]
[ INFO : 2026-07-26 15:22:29,205 ] - Test_@[5, 10, 20, 50]: Recall=[0.03522, 0.05640, 0.08760, 0.14887],  precision=[0.00746, 0.00595, 0.00461, 0.00315], hit=[0.03708, 0.05909, 0.09139, 0.15552], ndcg=[0.02327, 0.03009, 0.03800, 0.05026], Train Rec Loss=[0.03023], Eval Rec Loss=[0.03028], c=[0.50000], F=[0.84446, 0.88312, 0.91312, 0.93555], F_fuse=[0.01478, 0.01182, 0.00918, 0.00629]
[ INFO : 2026-07-26 15:24:59,407 ] - Epoch 110: train==[135.25398 = 0.73380 + 1.72589 + 22.44951 + 0.01326 + 0.00000 + 0.00079 + 1225.89705]
[ INFO : 2026-07-26 15:25:08,651 ] - Test_@[5, 10, 20, 50]: Recall=[0.03527, 0.05629, 0.08794, 0.14844],  precision=[0.00745, 0.00592, 0.00464, 0.00315], hit=[0.03708, 0.05883, 0.09180, 0.15500], ndcg=[0.02354, 0.03032, 0.03838, 0.05047], Train Rec Loss=[0.03021], Eval Rec Loss=[0.03027], c=[0.50000], F=[0.84310, 0.88286, 0.91168, 0.93405], F_fuse=[0.01476, 0.01177, 0.00923, 0.00627]
[ INFO : 2026-07-26 15:27:39,865 ] - Epoch 111: train==[135.27616 = 0.73230 + 1.72589 + 22.47318 + 0.01327 + 0.00000 + 0.00079 + 1225.89705]
[ INFO : 2026-07-26 15:27:49,303 ] - Test_@[5, 10, 20, 50]: Recall=[0.03528, 0.05684, 0.08680, 0.14820],  precision=[0.00745, 0.00600, 0.00457, 0.00314], hit=[0.03708, 0.05955, 0.09067, 0.15490], ndcg=[0.02317, 0.03016, 0.03776, 0.05006], Train Rec Loss=[0.03022], Eval Rec Loss=[0.03028], c=[0.50000], F=[0.84419, 0.88327, 0.91287, 0.93510], F_fuse=[0.01476, 0.01192, 0.00910, 0.00626]
[ INFO : 2026-07-26 15:30:19,495 ] - Epoch 112: train==[135.19658 = 0.72637 + 1.72589 + 22.39947 + 0.01332 + 0.00000 + 0.00078 + 1225.89705]
[ INFO : 2026-07-26 15:30:28,756 ] - Test_@[5, 10, 20, 50]: Recall=[0.03529, 0.05656, 0.08780, 0.14822],  precision=[0.00746, 0.00597, 0.00462, 0.00314], hit=[0.03713, 0.05930, 0.09159, 0.15490], ndcg=[0.02344, 0.03033, 0.03824, 0.05034], Train Rec Loss=[0.03023], Eval Rec Loss=[0.03027], c=[0.50000], F=[0.84436, 0.88262, 0.91142, 0.93397], F_fuse=[0.01478, 0.01186, 0.00919, 0.00626]
[ INFO : 2026-07-26 15:32:59,042 ] - Epoch 113: train==[135.14878 = 0.72528 + 1.72589 + 22.35268 + 0.01341 + 0.00000 + 0.00078 + 1225.89705]
[ INFO : 2026-07-26 15:33:08,338 ] - Test_@[5, 10, 20, 50]: Recall=[0.03460, 0.05584, 0.08710, 0.14724],  precision=[0.00731, 0.00588, 0.00459, 0.00312], hit=[0.03636, 0.05842, 0.09092, 0.15387], ndcg=[0.02310, 0.02998, 0.03794, 0.04996], Train Rec Loss=[0.03021], Eval Rec Loss=[0.03027], c=[0.50000], F=[0.84433, 0.88348, 0.91297, 0.93580], F_fuse=[0.01450, 0.01169, 0.00914, 0.00622]
[ INFO : 2026-07-26 15:35:38,855 ] - Epoch 114: train==[135.13147 = 0.72069 + 1.72589 + 22.33995 + 0.01343 + 0.00000 + 0.00078 + 1225.89705]
[ INFO : 2026-07-26 15:35:47,978 ] - Test_@[5, 10, 20, 50]: Recall=[0.03487, 0.05634, 0.08790, 0.14821],  precision=[0.00738, 0.00594, 0.00463, 0.00314], hit=[0.03677, 0.05904, 0.09164, 0.15490], ndcg=[0.02328, 0.03020, 0.03821, 0.05028], Train Rec Loss=[0.03020], Eval Rec Loss=[0.03026], c=[0.50000], F=[0.84286, 0.88131, 0.91049, 0.93354], F_fuse=[0.01464, 0.01180, 0.00921, 0.00626]
[ INFO : 2026-07-26 15:38:19,533 ] - Epoch 115: train==[135.03203 = 0.71683 + 1.72589 + 22.24432 + 0.01348 + 0.00000 + 0.00078 + 1225.89705]
[ INFO : 2026-07-26 15:38:28,793 ] - Test_@[5, 10, 20, 50]: Recall=[0.03490, 0.05601, 0.08686, 0.14809],  precision=[0.00738, 0.00591, 0.00458, 0.00314], hit=[0.03677, 0.05868, 0.09072, 0.15469], ndcg=[0.02296, 0.02976, 0.03759, 0.04984], Train Rec Loss=[0.03021], Eval Rec Loss=[0.03028], c=[0.50000], F=[0.84221, 0.88248, 0.91216, 0.93425], F_fuse=[0.01464, 0.01174, 0.00912, 0.00625]
[ INFO : 2026-07-26 15:40:58,877 ] - Epoch 116: train==[134.91869 = 0.71346 + 1.72589 + 22.13427 + 0.01356 + 0.00000 + 0.00077 + 1225.89705]
[ INFO : 2026-07-26 15:41:07,969 ] - Test_@[5, 10, 20, 50]: Recall=[0.03638, 0.05741, 0.08791, 0.14914],  precision=[0.00769, 0.00605, 0.00464, 0.00316], hit=[0.03831, 0.06012, 0.09175, 0.15572], ndcg=[0.02383, 0.03061, 0.03835, 0.05061], Train Rec Loss=[0.03018], Eval Rec Loss=[0.03026], c=[0.50000], F=[0.84145, 0.88101, 0.90970, 0.93198], F_fuse=[0.01525, 0.01202, 0.00923, 0.00629]
[ INFO : 2026-07-26 15:43:38,700 ] - Epoch 117: train==[134.94000 = 0.70911 + 1.72589 + 22.15989 + 0.01359 + 0.00000 + 0.00078 + 1225.89705]
[ INFO : 2026-07-26 15:43:47,865 ] - Test_@[5, 10, 20, 50]: Recall=[0.03554, 0.05565, 0.08680, 0.14744],  precision=[0.00749, 0.00586, 0.00458, 0.00313], hit=[0.03728, 0.05827, 0.09061, 0.15402], ndcg=[0.02385, 0.03034, 0.03826, 0.05041], Train Rec Loss=[0.03019], Eval Rec Loss=[0.03026], c=[0.50000], F=[0.84469, 0.88303, 0.91269, 0.93523], F_fuse=[0.01484, 0.01165, 0.00911, 0.00623]
[ INFO : 2026-07-26 15:46:18,426 ] - Epoch 118: train==[134.87589 = 0.71116 + 1.72589 + 22.09366 + 0.01368 + 0.00000 + 0.00077 + 1225.89705]
[ INFO : 2026-07-26 15:46:27,629 ] - Test_@[5, 10, 20, 50]: Recall=[0.03457, 0.05529, 0.08606, 0.14606],  precision=[0.00730, 0.00582, 0.00454, 0.00309], hit=[0.03636, 0.05786, 0.08979, 0.15264], ndcg=[0.02314, 0.02984, 0.03767, 0.04970], Train Rec Loss=[0.03019], Eval Rec Loss=[0.03024], c=[0.50000], F=[0.84433, 0.88341, 0.91295, 0.93642], F_fuse=[0.01448, 0.01157, 0.00903, 0.00617]
[ INFO : 2026-07-26 15:48:57,891 ] - Epoch 119: train==[134.84372 = 0.70323 + 1.72589 + 22.06934 + 0.01375 + 0.00000 + 0.00077 + 1225.89705]
[ INFO : 2026-07-26 15:49:06,978 ] - Test_@[5, 10, 20, 50]: Recall=[0.03506, 0.05649, 0.08757, 0.14808],  precision=[0.00742, 0.00595, 0.00462, 0.00313], hit=[0.03692, 0.05914, 0.09144, 0.15454], ndcg=[0.02352, 0.03045, 0.03834, 0.05044], Train Rec Loss=[0.03018], Eval Rec Loss=[0.03024], c=[0.50000], F=[0.84460, 0.88174, 0.91110, 0.93412], F_fuse=[0.01470, 0.01182, 0.00918, 0.00625]
[ INFO : 2026-07-26 15:51:37,424 ] - Epoch 120: train==[134.77068 = 0.70401 + 1.72589 + 21.99545 + 0.01382 + 0.00000 + 0.00077 + 1225.89705]
[ INFO : 2026-07-26 15:51:46,586 ] - Test_@[5, 10, 20, 50]: Recall=[0.03511, 0.05642, 0.08770, 0.14749],  precision=[0.00741, 0.00593, 0.00462, 0.00312], hit=[0.03687, 0.05904, 0.09144, 0.15402], ndcg=[0.02331, 0.03019, 0.03814, 0.05010], Train Rec Loss=[0.03018], Eval Rec Loss=[0.03024], c=[0.50000], F=[0.84178, 0.88091, 0.90984, 0.93306], F_fuse=[0.01468, 0.01179, 0.00919, 0.00623]
[ INFO : 2026-07-26 15:54:17,054 ] - Epoch 121: train==[134.67728 = 0.69791 + 1.72589 + 21.90811 + 0.01386 + 0.00000 + 0.00076 + 1225.89705]
[ INFO : 2026-07-26 15:54:26,387 ] - Test_@[5, 10, 20, 50]: Recall=[0.03422, 0.05559, 0.08718, 0.14718],  precision=[0.00724, 0.00586, 0.00460, 0.00312], hit=[0.03605, 0.05832, 0.09108, 0.15372], ndcg=[0.02285, 0.02977, 0.03780, 0.04980], Train Rec Loss=[0.03016], Eval Rec Loss=[0.03024], c=[0.50000], F=[0.84433, 0.88243, 0.91107, 0.93401], F_fuse=[0.01436, 0.01164, 0.00915, 0.00621]
[ INFO : 2026-07-26 15:56:57,179 ] - Epoch 122: train==[134.62716 = 0.69449 + 1.72589 + 21.86136 + 0.01392 + 0.00000 + 0.00076 + 1225.89705]
[ INFO : 2026-07-26 15:57:06,245 ] - Test_@[5, 10, 20, 50]: Recall=[0.03502, 0.05619, 0.08795, 0.14822],  precision=[0.00740, 0.00590, 0.00464, 0.00314], hit=[0.03682, 0.05868, 0.09190, 0.15485], ndcg=[0.02338, 0.03021, 0.03829, 0.05033], Train Rec Loss=[0.03018], Eval Rec Loss=[0.03024], c=[0.50000], F=[0.84150, 0.87952, 0.90944, 0.93279], F_fuse=[0.01466, 0.01172, 0.00923, 0.00626]
[ INFO : 2026-07-26 15:59:37,897 ] - Epoch 123: train==[134.68773 = 0.69389 + 1.72590 + 21.92245 + 0.01400 + 0.00000 + 0.00076 + 1225.89705]
[ INFO : 2026-07-26 15:59:47,220 ] - Test_@[5, 10, 20, 50]: Recall=[0.03535, 0.05597, 0.08810, 0.14795],  precision=[0.00746, 0.00589, 0.00464, 0.00313], hit=[0.03718, 0.05858, 0.09185, 0.15454], ndcg=[0.02353, 0.03019, 0.03837, 0.05033], Train Rec Loss=[0.03015], Eval Rec Loss=[0.03022], c=[0.50000], F=[0.84365, 0.88280, 0.91255, 0.93569], F_fuse=[0.01478, 0.01170, 0.00923, 0.00624]
[ INFO : 2026-07-26 16:02:18,700 ] - Epoch 124: train==[134.57420 = 0.68853 + 1.72589 + 21.81428 + 0.01400 + 0.00000 + 0.00076 + 1225.89705]
[ INFO : 2026-07-26 16:02:28,037 ] - Test_@[5, 10, 20, 50]: Recall=[0.03495, 0.05549, 0.08705, 0.14496],  precision=[0.00736, 0.00584, 0.00458, 0.00307], hit=[0.03667, 0.05806, 0.09072, 0.15135], ndcg=[0.02349, 0.03017, 0.03816, 0.04975], Train Rec Loss=[0.03015], Eval Rec Loss=[0.03020], c=[0.50000], F=[0.84374, 0.88183, 0.91196, 0.93573], F_fuse=[0.01460, 0.01161, 0.00911, 0.00612]
[ INFO : 2026-07-26 16:04:59,205 ] - Epoch 125: train==[134.38052 = 0.68669 + 1.72589 + 21.62230 + 0.01414 + 0.00000 + 0.00076 + 1225.89705]
[ INFO : 2026-07-26 16:05:08,303 ] - Test_@[5, 10, 20, 50]: Recall=[0.03456, 0.05575, 0.08761, 0.14683],  precision=[0.00728, 0.00587, 0.00461, 0.00311], hit=[0.03626, 0.05832, 0.09133, 0.15330], ndcg=[0.02301, 0.02988, 0.03796, 0.04979], Train Rec Loss=[0.03016], Eval Rec Loss=[0.03021], c=[0.50000], F=[0.84286, 0.88204, 0.91198, 0.93558], F_fuse=[0.01444, 0.01166, 0.00918, 0.00620]
[ INFO : 2026-07-26 16:07:39,194 ] - Epoch 126: train==[134.44166 = 0.68259 + 1.72590 + 21.68752 + 0.01417 + 0.00000 + 0.00075 + 1225.89705]
[ INFO : 2026-07-26 16:07:48,711 ] - Test_@[5, 10, 20, 50]: Recall=[0.03556, 0.05583, 0.08775, 0.14647],  precision=[0.00750, 0.00587, 0.00462, 0.00310], hit=[0.03744, 0.05847, 0.09154, 0.15300], ndcg=[0.02350, 0.03008, 0.03818, 0.04993], Train Rec Loss=[0.03015], Eval Rec Loss=[0.03022], c=[0.50000], F=[0.84092, 0.88076, 0.91044, 0.93351], F_fuse=[0.01486, 0.01167, 0.00920, 0.00619]
[ INFO : 2026-07-26 16:10:19,387 ] - Epoch 127: train==[134.29674 = 0.68238 + 1.72589 + 21.54269 + 0.01428 + 0.00000 + 0.00076 + 1225.89705]
[ INFO : 2026-07-26 16:10:28,631 ] - Test_@[5, 10, 20, 50]: Recall=[0.03549, 0.05703, 0.08757, 0.14728],  precision=[0.00748, 0.00600, 0.00461, 0.00312], hit=[0.03728, 0.05966, 0.09133, 0.15382], ndcg=[0.02377, 0.03073, 0.03849, 0.05045], Train Rec Loss=[0.03013], Eval Rec Loss=[0.03022], c=[0.50000], F=[0.84364, 0.88241, 0.91190, 0.93488], F_fuse=[0.01482, 0.01191, 0.00918, 0.00622]
[ INFO : 2026-07-26 16:12:59,323 ] - Epoch 128: train==[134.26239 = 0.67517 + 1.72589 + 21.51550 + 0.01434 + 0.00000 + 0.00075 + 1225.89705]
[ INFO : 2026-07-26 16:13:08,467 ] - Test_@[5, 10, 20, 50]: Recall=[0.03531, 0.05612, 0.08829, 0.14837],  precision=[0.00745, 0.00591, 0.00465, 0.00314], hit=[0.03713, 0.05883, 0.09216, 0.15485], ndcg=[0.02346, 0.03019, 0.03835, 0.05036], Train Rec Loss=[0.03013], Eval Rec Loss=[0.03021], c=[0.50000], F=[0.84076, 0.88021, 0.90978, 0.93308], F_fuse=[0.01476, 0.01174, 0.00926, 0.00626]
[ INFO : 2026-07-26 16:15:39,896 ] - Epoch 129: train==[134.22940 = 0.67679 + 1.72589 + 21.48085 + 0.01438 + 0.00000 + 0.00075 + 1225.89705]
[ INFO : 2026-07-26 16:15:49,022 ] - Test_@[5, 10, 20, 50]: Recall=[0.03563, 0.05599, 0.08744, 0.14754],  precision=[0.00749, 0.00589, 0.00460, 0.00312], hit=[0.03734, 0.05858, 0.09113, 0.15387], ndcg=[0.02374, 0.03031, 0.03829, 0.05028], Train Rec Loss=[0.03012], Eval Rec Loss=[0.03019], c=[0.50000], F=[0.84256, 0.88115, 0.91174, 0.93556], F_fuse=[0.01484, 0.01171, 0.00916, 0.00622]
[ INFO : 2026-07-26 16:18:19,559 ] - Epoch 130: train==[134.19413 = 0.67129 + 1.72589 + 21.45106 + 0.01440 + 0.00000 + 0.00075 + 1225.89705]
[ INFO : 2026-07-26 16:18:28,687 ] - Test_@[5, 10, 20, 50]: Recall=[0.03466, 0.05577, 0.08698, 0.14667],  precision=[0.00734, 0.00588, 0.00458, 0.00311], hit=[0.03656, 0.05837, 0.09067, 0.15325], ndcg=[0.02351, 0.03037, 0.03832, 0.05025], Train Rec Loss=[0.03012], Eval Rec Loss=[0.03019], c=[0.50000], F=[0.84439, 0.88257, 0.91263, 0.93615], F_fuse=[0.01456, 0.01168, 0.00911, 0.00620]
[ INFO : 2026-07-26 16:20:59,515 ] - Epoch 131: train==[134.18908 = 0.66809 + 1.72589 + 21.44911 + 0.01450 + 0.00000 + 0.00075 + 1225.89705]
[ INFO : 2026-07-26 16:21:08,795 ] - Test_@[5, 10, 20, 50]: Recall=[0.03544, 0.05629, 0.08821, 0.14673],  precision=[0.00747, 0.00591, 0.00465, 0.00311], hit=[0.03718, 0.05878, 0.09200, 0.15310], ndcg=[0.02387, 0.03061, 0.03871, 0.05041], Train Rec Loss=[0.03012], Eval Rec Loss=[0.03018], c=[0.50000], F=[0.84272, 0.88095, 0.91108, 0.93500], F_fuse=[0.01480, 0.01174, 0.00925, 0.00620]
[ INFO : 2026-07-26 16:23:39,440 ] - Epoch 132: train==[134.23085 = 0.66921 + 1.72589 + 21.48976 + 0.01452 + 0.00000 + 0.00075 + 1225.89705]
[ INFO : 2026-07-26 16:23:48,644 ] - Test_@[5, 10, 20, 50]: Recall=[0.03581, 0.05682, 0.08741, 0.14641],  precision=[0.00755, 0.00598, 0.00461, 0.00310], hit=[0.03759, 0.05940, 0.09123, 0.15289], ndcg=[0.02365, 0.03046, 0.03826, 0.05006], Train Rec Loss=[0.03012], Eval Rec Loss=[0.03018], c=[0.50000], F=[0.84214, 0.88052, 0.91112, 0.93505], F_fuse=[0.01496, 0.01188, 0.00917, 0.00618]
[ INFO : 2026-07-26 16:26:18,978 ] - Epoch 133: train==[134.10563 = 0.66502 + 1.72589 + 21.36864 + 0.01460 + 0.00000 + 0.00074 + 1225.89705]
[ INFO : 2026-07-26 16:26:28,174 ] - Test_@[5, 10, 20, 50]: Recall=[0.03637, 0.05656, 0.08768, 0.14649],  precision=[0.00765, 0.00595, 0.00462, 0.00311], hit=[0.03816, 0.05919, 0.09149, 0.15305], ndcg=[0.02389, 0.03045, 0.03833, 0.05010], Train Rec Loss=[0.03013], Eval Rec Loss=[0.03018], c=[0.50000], F=[0.84238, 0.87999, 0.91015, 0.93403], F_fuse=[0.01517, 0.01182, 0.00919, 0.00619]
[ INFO : 2026-07-26 16:28:59,063 ] - Epoch 134: train==[134.13107 = 0.66145 + 1.72589 + 21.39762 + 0.01463 + 0.00000 + 0.00074 + 1225.89705]
[ INFO : 2026-07-26 16:29:08,476 ] - Test_@[5, 10, 20, 50]: Recall=[0.03544, 0.05634, 0.08764, 0.14796],  precision=[0.00746, 0.00592, 0.00462, 0.00313], hit=[0.03713, 0.05888, 0.09149, 0.15454], ndcg=[0.02372, 0.03052, 0.03849, 0.05054], Train Rec Loss=[0.03011], Eval Rec Loss=[0.03017], c=[0.50000], F=[0.84376, 0.88068, 0.91044, 0.93422], F_fuse=[0.01478, 0.01176, 0.00919, 0.00625]
[ INFO : 2026-07-26 16:31:38,705 ] - Epoch 135: train==[134.13448 = 0.65919 + 1.72589 + 21.40322 + 0.01471 + 0.00000 + 0.00074 + 1225.89705]
[ INFO : 2026-07-26 16:31:47,906 ] - Test_@[5, 10, 20, 50]: Recall=[0.03597, 0.05634, 0.08700, 0.14653],  precision=[0.00755, 0.00592, 0.00458, 0.00311], hit=[0.03759, 0.05894, 0.09072, 0.15300], ndcg=[0.02383, 0.03045, 0.03825, 0.05017], Train Rec Loss=[0.03011], Eval Rec Loss=[0.03017], c=[0.50000], F=[0.84355, 0.88084, 0.91092, 0.93474], F_fuse=[0.01497, 0.01177, 0.00912, 0.00619]
[ INFO : 2026-07-26 16:34:18,991 ] - Epoch 136: train==[133.99907 = 0.65583 + 1.72589 + 21.27107 + 0.01480 + 0.00000 + 0.00074 + 1225.89705]
[ INFO : 2026-07-26 16:34:28,173 ] - Test_@[5, 10, 20, 50]: Recall=[0.03589, 0.05640, 0.08745, 0.14544],  precision=[0.00754, 0.00592, 0.00461, 0.00308], hit=[0.03754, 0.05894, 0.09123, 0.15186], ndcg=[0.02377, 0.03043, 0.03834, 0.04994], Train Rec Loss=[0.03011], Eval Rec Loss=[0.03016], c=[0.50000], F=[0.84343, 0.88271, 0.91245, 0.93654], F_fuse=[0.01494, 0.01177, 0.00916, 0.00614]
[ INFO : 2026-07-26 16:36:58,724 ] - Epoch 137: train==[133.97500 = 0.65351 + 1.72589 + 21.24926 + 0.01486 + 0.00000 + 0.00074 + 1225.89705]
[ INFO : 2026-07-26 16:37:07,979 ] - Test_@[5, 10, 20, 50]: Recall=[0.03645, 0.05761, 0.08851, 0.14650],  precision=[0.00767, 0.00607, 0.00466, 0.00311], hit=[0.03821, 0.06032, 0.09231, 0.15310], ndcg=[0.02409, 0.03095, 0.03878, 0.05037], Train Rec Loss=[0.03010], Eval Rec Loss=[0.03016], c=[0.50000], F=[0.84173, 0.88000, 0.91003, 0.93407], F_fuse=[0.01521, 0.01205, 0.00928, 0.00619]
[ INFO : 2026-07-26 16:39:38,826 ] - Epoch 138: train==[133.95402 = 0.65004 + 1.72589 + 21.23175 + 0.01488 + 0.00000 + 0.00074 + 1225.89705]
[ INFO : 2026-07-26 16:39:48,006 ] - Test_@[5, 10, 20, 50]: Recall=[0.03631, 0.05670, 0.08764, 0.14691],  precision=[0.00766, 0.00596, 0.00462, 0.00312], hit=[0.03816, 0.05924, 0.09144, 0.15351], ndcg=[0.02414, 0.03071, 0.03857, 0.05041], Train Rec Loss=[0.03009], Eval Rec Loss=[0.03016], c=[0.50000], F=[0.84369, 0.88269, 0.91218, 0.93608], F_fuse=[0.01519, 0.01184, 0.00918, 0.00621]
[ INFO : 2026-07-26 16:42:18,783 ] - Epoch 139: train==[133.81126 = 0.64870 + 1.72589 + 21.09023 + 0.01497 + 0.00000 + 0.00073 + 1225.89705]
[ INFO : 2026-07-26 16:42:28,063 ] - Test_@[5, 10, 20, 50]: Recall=[0.03600, 0.05624, 0.08850, 0.14710],  precision=[0.00757, 0.00591, 0.00466, 0.00312], hit=[0.03770, 0.05878, 0.09226, 0.15361], ndcg=[0.02399, 0.03054, 0.03873, 0.05045], Train Rec Loss=[0.03008], Eval Rec Loss=[0.03015], c=[0.50000], F=[0.84371, 0.88104, 0.91069, 0.93465], F_fuse=[0.01501, 0.01174, 0.00927, 0.00622]
[ INFO : 2026-07-26 16:44:58,875 ] - Epoch 140: train==[133.91336 = 0.64744 + 1.72589 + 21.19358 + 0.01498 + 0.00000 + 0.00074 + 1225.89705]
[ INFO : 2026-07-26 16:45:08,000 ] - Test_@[5, 10, 20, 50]: Recall=[0.03575, 0.05674, 0.08851, 0.14701],  precision=[0.00752, 0.00597, 0.00466, 0.00312], hit=[0.03744, 0.05945, 0.09236, 0.15372], ndcg=[0.02370, 0.03054, 0.03861, 0.05031], Train Rec Loss=[0.03008], Eval Rec Loss=[0.03016], c=[0.50000], F=[0.84248, 0.88032, 0.90998, 0.93370], F_fuse=[0.01490, 0.01186, 0.00928, 0.00622]
[ INFO : 2026-07-26 16:47:39,548 ] - Epoch 141: train==[133.85779 = 0.64094 + 1.72589 + 21.14439 + 0.01510 + 0.00000 + 0.00073 + 1225.89705]
[ INFO : 2026-07-26 16:47:48,769 ] - Test_@[5, 10, 20, 50]: Recall=[0.03595, 0.05670, 0.08836, 0.14704],  precision=[0.00756, 0.00596, 0.00466, 0.00312], hit=[0.03770, 0.05935, 0.09231, 0.15372], ndcg=[0.02388, 0.03059, 0.03863, 0.05034], Train Rec Loss=[0.03008], Eval Rec Loss=[0.03015], c=[0.50000], F=[0.84181, 0.87951, 0.90934, 0.93366], F_fuse=[0.01498, 0.01184, 0.00928, 0.00621]
[ INFO : 2026-07-26 16:50:19,409 ] - Epoch 142: train==[133.85581 = 0.64048 + 1.72589 + 21.14293 + 0.01504 + 0.00000 + 0.00073 + 1225.89705]
[ INFO : 2026-07-26 16:50:28,612 ] - Test_@[5, 10, 20, 50]: Recall=[0.03598, 0.05629, 0.08812, 0.14769],  precision=[0.00757, 0.00592, 0.00464, 0.00313], hit=[0.03770, 0.05899, 0.09200, 0.15423], ndcg=[0.02381, 0.03041, 0.03850, 0.05036], Train Rec Loss=[0.03008], Eval Rec Loss=[0.03014], c=[0.50000], F=[0.84298, 0.88089, 0.91114, 0.93520], F_fuse=[0.01501, 0.01177, 0.00924, 0.00623]
[ INFO : 2026-07-26 16:52:59,175 ] - Epoch 143: train==[133.62452 = 0.64126 + 1.72589 + 20.91073 + 0.01518 + 0.00000 + 0.00073 + 1225.89705]
[ INFO : 2026-07-26 16:53:08,388 ] - Test_@[5, 10, 20, 50]: Recall=[0.03599, 0.05669, 0.08851, 0.14652],  precision=[0.00757, 0.00596, 0.00466, 0.00310], hit=[0.03775, 0.05935, 0.09226, 0.15300], ndcg=[0.02408, 0.03082, 0.03890, 0.05050], Train Rec Loss=[0.03009], Eval Rec Loss=[0.03015], c=[0.50000], F=[0.84175, 0.87892, 0.90845, 0.93272], F_fuse=[0.01501, 0.01184, 0.00927, 0.00619]
[ INFO : 2026-07-26 16:55:39,315 ] - Epoch 144: train==[133.77497 = 0.63408 + 1.72589 + 21.06833 + 0.01520 + 0.00000 + 0.00073 + 1225.89705]
[ INFO : 2026-07-26 16:55:48,660 ] - Test_@[5, 10, 20, 50]: Recall=[0.03573, 0.05631, 0.08807, 0.14593],  precision=[0.00753, 0.00592, 0.00464, 0.00309], hit=[0.03749, 0.05888, 0.09185, 0.15264], ndcg=[0.02375, 0.03040, 0.03846, 0.05004], Train Rec Loss=[0.03008], Eval Rec Loss=[0.03014], c=[0.50000], F=[0.84272, 0.88119, 0.90987, 0.93398], F_fuse=[0.01492, 0.01176, 0.00923, 0.00617]
[ INFO : 2026-07-26 16:58:18,982 ] - Epoch 145: train==[133.63795 = 0.63499 + 1.72589 + 20.93032 + 0.01529 + 0.00000 + 0.00073 + 1225.89705]
[ INFO : 2026-07-26 16:58:28,155 ] - Test_@[5, 10, 20, 50]: Recall=[0.03591, 0.05734, 0.08828, 0.14612],  precision=[0.00756, 0.00603, 0.00465, 0.00310], hit=[0.03764, 0.05996, 0.09221, 0.15264], ndcg=[0.02387, 0.03080, 0.03866, 0.05023], Train Rec Loss=[0.03007], Eval Rec Loss=[0.03014], c=[0.50000], F=[0.84166, 0.87981, 0.91035, 0.93470], F_fuse=[0.01498, 0.01198, 0.00926, 0.00617]
[ INFO : 2026-07-26 17:00:59,298 ] - Epoch 146: train==[133.66437 = 0.62865 + 1.72589 + 20.96302 + 0.01535 + 0.00000 + 0.00073 + 1225.89705]
[ INFO : 2026-07-26 17:01:08,444 ] - Test_@[5, 10, 20, 50]: Recall=[0.03642, 0.05699, 0.08854, 0.14596],  precision=[0.00766, 0.00599, 0.00467, 0.00309], hit=[0.03816, 0.05960, 0.09252, 0.15248], ndcg=[0.02400, 0.03067, 0.03872, 0.05019], Train Rec Loss=[0.03007], Eval Rec Loss=[0.03013], c=[0.50000], F=[0.84212, 0.87995, 0.90942, 0.93410], F_fuse=[0.01519, 0.01189, 0.00929, 0.00617]
[ INFO : 2026-07-26 17:03:39,822 ] - Epoch 147: train==[133.53071 = 0.63175 + 1.72589 + 20.82624 + 0.01537 + 0.00000 + 0.00072 + 1225.89705]
[ INFO : 2026-07-26 17:03:48,999 ] - Test_@[5, 10, 20, 50]: Recall=[0.03593, 0.05581, 0.08785, 0.14673],  precision=[0.00756, 0.00588, 0.00463, 0.00311], hit=[0.03764, 0.05842, 0.09164, 0.15336], ndcg=[0.02418, 0.03067, 0.03883, 0.05056], Train Rec Loss=[0.03006], Eval Rec Loss=[0.03013], c=[0.50000], F=[0.84194, 0.88034, 0.91052, 0.93503], F_fuse=[0.01499, 0.01168, 0.00920, 0.00620]
[ INFO : 2026-07-26 17:06:19,602 ] - Epoch 148: train==[133.70034 = 0.62482 + 1.72589 + 21.00270 + 0.01547 + 0.00000 + 0.00072 + 1225.89705]
[ INFO : 2026-07-26 17:06:28,846 ] - Test_@[5, 10, 20, 50]: Recall=[0.03615, 0.05596, 0.08811, 0.14698],  precision=[0.00760, 0.00590, 0.00464, 0.00312], hit=[0.03785, 0.05868, 0.09195, 0.15361], ndcg=[0.02407, 0.03051, 0.03872, 0.05046], Train Rec Loss=[0.03006], Eval Rec Loss=[0.03011], c=[0.50000], F=[0.84254, 0.88098, 0.91118, 0.93531], F_fuse=[0.01507, 0.01172, 0.00924, 0.00621]
[ INFO : 2026-07-26 17:08:59,536 ] - Epoch 149: train==[133.62438 = 0.62612 + 1.72589 + 20.92539 + 0.01553 + 0.00000 + 0.00072 + 1225.89705]
[ INFO : 2026-07-26 17:09:08,769 ] - Test_@[5, 10, 20, 50]: Recall=[0.03609, 0.05726, 0.08789, 0.14492],  precision=[0.00761, 0.00603, 0.00464, 0.00307], hit=[0.03795, 0.05986, 0.09185, 0.15145], ndcg=[0.02408, 0.03093, 0.03872, 0.05012], Train Rec Loss=[0.03006], Eval Rec Loss=[0.03012], c=[0.50000], F=[0.84306, 0.88059, 0.91103, 0.93577], F_fuse=[0.01509, 0.01197, 0.00923, 0.00612]
[ INFO : 2026-07-26 17:11:39,700 ] - Epoch 150: train==[133.56754 = 0.61930 + 1.72588 + 20.87536 + 0.01555 + 0.00000 + 0.00072 + 1225.89705]
[ INFO : 2026-07-26 17:11:48,964 ] - Test_@[5, 10, 20, 50]: Recall=[0.03502, 0.05564, 0.08667, 0.14536],  precision=[0.00738, 0.00585, 0.00456, 0.00308], hit=[0.03677, 0.05822, 0.09041, 0.15186], ndcg=[0.02358, 0.03026, 0.03820, 0.04994], Train Rec Loss=[0.03006], Eval Rec Loss=[0.03010], c=[0.50000], F=[0.84216, 0.88034, 0.91077, 0.93577], F_fuse=[0.01464, 0.01162, 0.00908, 0.00614]
[ INFO : 2026-07-26 17:14:20,411 ] - Epoch 151: train==[133.53355 = 0.62304 + 1.72589 + 20.83756 + 0.01560 + 0.00000 + 0.00072 + 1225.89705]
[ INFO : 2026-07-26 17:14:29,600 ] - Test_@[5, 10, 20, 50]: Recall=[0.03607, 0.05617, 0.08800, 0.14564],  precision=[0.00762, 0.00590, 0.00464, 0.00309], hit=[0.03800, 0.05873, 0.09180, 0.15222], ndcg=[0.02408, 0.03057, 0.03868, 0.05020], Train Rec Loss=[0.03005], Eval Rec Loss=[0.03011], c=[0.50000], F=[0.84018, 0.87861, 0.90962, 0.93443], F_fuse=[0.01511, 0.01173, 0.00923, 0.00616]
[ INFO : 2026-07-26 17:17:00,336 ] - Epoch 152: train==[133.63827 = 0.61657 + 1.72589 + 20.94872 + 0.01562 + 0.00000 + 0.00072 + 1225.89705]
[ INFO : 2026-07-26 17:17:09,547 ] - Test_@[5, 10, 20, 50]: Recall=[0.03630, 0.05679, 0.08801, 0.14578],  precision=[0.00763, 0.00597, 0.00464, 0.00309], hit=[0.03800, 0.05940, 0.09200, 0.15238], ndcg=[0.02408, 0.03070, 0.03865, 0.05019], Train Rec Loss=[0.03005], Eval Rec Loss=[0.03011], c=[0.50000], F=[0.84121, 0.87843, 0.90852, 0.93377], F_fuse=[0.01513, 0.01185, 0.00924, 0.00616]
[ INFO : 2026-07-26 17:19:40,110 ] - Epoch 153: train==[133.39360 = 0.61566 + 1.72589 + 20.70485 + 0.01575 + 0.00000 + 0.00072 + 1225.89705]
[ INFO : 2026-07-26 17:19:49,280 ] - Test_@[5, 10, 20, 50]: Recall=[0.03531, 0.05605, 0.08656, 0.14500],  precision=[0.00743, 0.00588, 0.00456, 0.00307], hit=[0.03703, 0.05847, 0.09031, 0.15145], ndcg=[0.02365, 0.03037, 0.03815, 0.04982], Train Rec Loss=[0.03004], Eval Rec Loss=[0.03009], c=[0.50000], F=[0.84248, 0.88104, 0.91149, 0.93643], F_fuse=[0.01472, 0.01168, 0.00907, 0.00613]
[ INFO : 2026-07-26 17:22:20,690 ] - Epoch 154: train==[133.49699 = 0.61159 + 1.72589 + 20.81231 + 0.01575 + 0.00000 + 0.00071 + 1225.89705]
[ INFO : 2026-07-26 17:22:29,944 ] - Test_@[5, 10, 20, 50]: Recall=[0.03602, 0.05661, 0.08858, 0.14723],  precision=[0.00758, 0.00596, 0.00467, 0.00312], hit=[0.03780, 0.05930, 0.09252, 0.15392], ndcg=[0.02387, 0.03059, 0.03874, 0.05046], Train Rec Loss=[0.03004], Eval Rec Loss=[0.03011], c=[0.50000], F=[0.84151, 0.87879, 0.90848, 0.93341], F_fuse=[0.01503, 0.01183, 0.00929, 0.00622]
[ INFO : 2026-07-26 17:25:01,496 ] - Epoch 155: train==[133.55828 = 0.61506 + 1.72589 + 20.87006 + 0.01582 + 0.00000 + 0.00072 + 1225.89705]
[ INFO : 2026-07-26 17:25:10,590 ] - Test_@[5, 10, 20, 50]: Recall=[0.03530, 0.05589, 0.08706, 0.14389],  precision=[0.00743, 0.00589, 0.00459, 0.00305], hit=[0.03698, 0.05863, 0.09087, 0.15037], ndcg=[0.02357, 0.03023, 0.03815, 0.04951], Train Rec Loss=[0.03005], Eval Rec Loss=[0.03010], c=[0.50000], F=[0.84082, 0.88001, 0.90988, 0.93545], F_fuse=[0.01472, 0.01170, 0.00913, 0.00609]
[ INFO : 2026-07-26 17:27:41,559 ] - Epoch 156: train==[133.33038 = 0.60554 + 1.72589 + 20.65162 + 0.01587 + 0.00000 + 0.00072 + 1225.89705]
[ INFO : 2026-07-26 17:27:50,728 ] - Test_@[5, 10, 20, 50]: Recall=[0.03589, 0.05569, 0.08696, 0.14503],  precision=[0.00755, 0.00584, 0.00458, 0.00307], hit=[0.03764, 0.05822, 0.09082, 0.15150], ndcg=[0.02398, 0.03040, 0.03840, 0.05001], Train Rec Loss=[0.03003], Eval Rec Loss=[0.03009], c=[0.50000], F=[0.84181, 0.87887, 0.90910, 0.93461], F_fuse=[0.01496, 0.01161, 0.00912, 0.00613]
[ INFO : 2026-07-26 17:30:22,030 ] - Epoch 157: train==[133.33060 = 0.60668 + 1.72589 + 20.65064 + 0.01594 + 0.00000 + 0.00071 + 1225.89705]
[ INFO : 2026-07-26 17:30:31,162 ] - Test_@[5, 10, 20, 50]: Recall=[0.03554, 0.05638, 0.08754, 0.14597],  precision=[0.00747, 0.00592, 0.00461, 0.00309], hit=[0.03728, 0.05894, 0.09133, 0.15248], ndcg=[0.02369, 0.03049, 0.03840, 0.05007], Train Rec Loss=[0.03003], Eval Rec Loss=[0.03009], c=[0.50000], F=[0.84243, 0.87922, 0.90958, 0.93459], F_fuse=[0.01480, 0.01177, 0.00917, 0.00617]
[ INFO : 2026-07-26 17:33:02,270 ] - Epoch 158: train==[133.34070 = 0.60587 + 1.72589 + 20.66142 + 0.01607 + 0.00000 + 0.00071 + 1225.89705]
[ INFO : 2026-07-26 17:33:11,355 ] - Test_@[5, 10, 20, 50]: Recall=[0.03633, 0.05556, 0.08699, 0.14379],  precision=[0.00764, 0.00585, 0.00459, 0.00305], hit=[0.03806, 0.05816, 0.09087, 0.15022], ndcg=[0.02414, 0.03038, 0.03837, 0.04970], Train Rec Loss=[0.03002], Eval Rec Loss=[0.03008], c=[0.50000], F=[0.84040, 0.87914, 0.90919, 0.93472], F_fuse=[0.01515, 0.01162, 0.00913, 0.00607]
[ INFO : 2026-07-26 17:35:41,855 ] - Epoch 159: train==[133.25805 = 0.60213 + 1.72588 + 20.58246 + 0.01612 + 0.00000 + 0.00072 + 1225.89705]
[ INFO : 2026-07-26 17:35:51,186 ] - Test_@[5, 10, 20, 50]: Recall=[0.03588, 0.05562, 0.08646, 0.14433],  precision=[0.00754, 0.00584, 0.00456, 0.00306], hit=[0.03759, 0.05811, 0.09020, 0.15068], ndcg=[0.02382, 0.03022, 0.03808, 0.04960], Train Rec Loss=[0.03003], Eval Rec Loss=[0.03009], c=[0.50000], F=[0.84312, 0.88246, 0.91281, 0.93864], F_fuse=[0.01494, 0.01161, 0.00907, 0.00610]
[ INFO : 2026-07-26 17:38:21,576 ] - Epoch 160: train==[133.29440 = 0.59850 + 1.72588 + 20.62248 + 0.01610 + 0.00000 + 0.00071 + 1225.89705]
[ INFO : 2026-07-26 17:38:30,720 ] - Test_@[5, 10, 20, 50]: Recall=[0.03634, 0.05606, 0.08800, 0.14456],  precision=[0.00762, 0.00589, 0.00464, 0.00306], hit=[0.03800, 0.05863, 0.09185, 0.15078], ndcg=[0.02430, 0.03071, 0.03884, 0.05010], Train Rec Loss=[0.03002], Eval Rec Loss=[0.03009], c=[0.50000], F=[0.84319, 0.88143, 0.91217, 0.93861], F_fuse=[0.01511, 0.01171, 0.00923, 0.00610]
[ INFO : 2026-07-26 17:41:01,869 ] - Epoch 161: train==[133.17688 = 0.59587 + 1.72589 + 20.50751 + 0.01616 + 0.00000 + 0.00071 + 1225.89705]
[ INFO : 2026-07-26 17:41:11,093 ] - Test_@[5, 10, 20, 50]: Recall=[0.03517, 0.05559, 0.08588, 0.14390],  precision=[0.00741, 0.00584, 0.00453, 0.00305], hit=[0.03692, 0.05806, 0.08964, 0.15032], ndcg=[0.02350, 0.03013, 0.03788, 0.04950], Train Rec Loss=[0.03002], Eval Rec Loss=[0.03008], c=[0.50000], F=[0.84082, 0.87980, 0.91097, 0.93676], F_fuse=[0.01468, 0.01160, 0.00901, 0.00608]
[ INFO : 2026-07-26 17:43:41,942 ] - Epoch 162: train==[133.18679 = 0.59733 + 1.72588 + 20.51590 + 0.01623 + 0.00000 + 0.00071 + 1225.89705]
[ INFO : 2026-07-26 17:43:51,069 ] - Test_@[5, 10, 20, 50]: Recall=[0.03567, 0.05643, 0.08738, 0.14464],  precision=[0.00752, 0.00592, 0.00461, 0.00306], hit=[0.03749, 0.05888, 0.09128, 0.15094], ndcg=[0.02387, 0.03060, 0.03847, 0.04989], Train Rec Loss=[0.03003], Eval Rec Loss=[0.03007], c=[0.50000], F=[0.84229, 0.87990, 0.90981, 0.93551], F_fuse=[0.01490, 0.01176, 0.00917, 0.00610]
[ INFO : 2026-07-26 17:46:21,717 ] - Epoch 163: train==[133.23345 = 0.59453 + 1.72589 + 20.56528 + 0.01630 + 0.00000 + 0.00071 + 1225.89705]
[ INFO : 2026-07-26 17:46:30,915 ] - Test_@[5, 10, 20, 50]: Recall=[0.03637, 0.05724, 0.08765, 0.14432],  precision=[0.00765, 0.00601, 0.00463, 0.00306], hit=[0.03816, 0.05976, 0.09164, 0.15073], ndcg=[0.02421, 0.03094, 0.03870, 0.05001], Train Rec Loss=[0.03002], Eval Rec Loss=[0.03008], c=[0.50000], F=[0.84055, 0.87907, 0.90946, 0.93515], F_fuse=[0.01517, 0.01193, 0.00920, 0.00609]
[ INFO : 2026-07-26 17:49:01,575 ] - Epoch 164: train==[133.22077 = 0.59332 + 1.72588 + 20.55379 + 0.01632 + 0.00000 + 0.00071 + 1225.89705]
[ INFO : 2026-07-26 17:49:10,737 ] - Test_@[5, 10, 20, 50]: Recall=[0.03602, 0.05608, 0.08684, 0.14448],  precision=[0.00757, 0.00589, 0.00458, 0.00306], hit=[0.03770, 0.05863, 0.09072, 0.15084], ndcg=[0.02430, 0.03078, 0.03861, 0.05014], Train Rec Loss=[0.03001], Eval Rec Loss=[0.03008], c=[0.50000], F=[0.84268, 0.88138, 0.91216, 0.93758], F_fuse=[0.01501, 0.01170, 0.00911, 0.00611]
[ INFO : 2026-07-26 17:51:41,537 ] - Epoch 165: train==[133.16763 = 0.58918 + 1.72588 + 20.50470 + 0.01642 + 0.00000 + 0.00071 + 1225.89705]
[ INFO : 2026-07-26 17:51:50,723 ] - Test_@[5, 10, 20, 50]: Recall=[0.03607, 0.05625, 0.08764, 0.14408],  precision=[0.00760, 0.00590, 0.00461, 0.00305], hit=[0.03790, 0.05868, 0.09133, 0.15037], ndcg=[0.02412, 0.03065, 0.03863, 0.04989], Train Rec Loss=[0.03000], Eval Rec Loss=[0.03007], c=[0.50000], F=[0.84254, 0.88178, 0.91252, 0.93801], F_fuse=[0.01507, 0.01173, 0.00918, 0.00609]
[ INFO : 2026-07-26 17:54:21,252 ] - Epoch 166: train==[133.15569 = 0.58766 + 1.72589 + 20.49423 + 0.01646 + 0.00000 + 0.00071 + 1225.89705]
[ INFO : 2026-07-26 17:54:30,447 ] - Test_@[5, 10, 20, 50]: Recall=[0.03650, 0.05736, 0.08732, 0.14537],  precision=[0.00767, 0.00602, 0.00460, 0.00308], hit=[0.03826, 0.05991, 0.09118, 0.15181], ndcg=[0.02448, 0.03120, 0.03880, 0.05039], Train Rec Loss=[0.03000], Eval Rec Loss=[0.03008], c=[0.50000], F=[0.84153, 0.87983, 0.91016, 0.93584], F_fuse=[0.01521, 0.01196, 0.00916, 0.00614]
[ INFO : 2026-07-26 17:57:00,803 ] - Epoch 167: train==[133.17215 = 0.58544 + 1.72589 + 20.51284 + 0.01654 + 0.00000 + 0.00070 + 1225.89705]
[ INFO : 2026-07-26 17:57:09,984 ] - Test_@[5, 10, 20, 50]: Recall=[0.03570, 0.05667, 0.08606, 0.14295],  precision=[0.00751, 0.00594, 0.00453, 0.00303], hit=[0.03744, 0.05914, 0.08979, 0.14919], ndcg=[0.02407, 0.03084, 0.03831, 0.04971], Train Rec Loss=[0.03000], Eval Rec Loss=[0.03006], c=[0.50000], F=[0.84241, 0.88071, 0.91142, 0.93717], F_fuse=[0.01488, 0.01180, 0.00902, 0.00604]
[ INFO : 2026-07-26 17:59:40,876 ] - Epoch 168: train==[133.14306 = 0.58336 + 1.72588 + 20.48580 + 0.01658 + 0.00000 + 0.00071 + 1225.89705]
[ INFO : 2026-07-26 17:59:50,201 ] - Test_@[5, 10, 20, 50]: Recall=[0.03623, 0.05614, 0.08648, 0.14346],  precision=[0.00763, 0.00589, 0.00456, 0.00304], hit=[0.03806, 0.05858, 0.09020, 0.14981], ndcg=[0.02434, 0.03076, 0.03847, 0.04985], Train Rec Loss=[0.03001], Eval Rec Loss=[0.03006], c=[0.50000], F=[0.84227, 0.88034, 0.91091, 0.93646], F_fuse=[0.01513, 0.01170, 0.00907, 0.00606]
[ INFO : 2026-07-26 18:02:21,391 ] - Epoch 169: train==[133.18381 = 0.59682 + 1.72590 + 20.51300 + 0.01665 + 0.00000 + 0.00070 + 1225.89705]
[ INFO : 2026-07-26 18:02:30,586 ] - Test_@[5, 10, 20, 50]: Recall=[0.03557, 0.05665, 0.08628, 0.14445],  precision=[0.00749, 0.00594, 0.00455, 0.00306], hit=[0.03734, 0.05919, 0.09015, 0.15094], ndcg=[0.02391, 0.03075, 0.03830, 0.04995], Train Rec Loss=[0.02999], Eval Rec Loss=[0.03005], c=[0.50000], F=[0.84155, 0.87980, 0.90942, 0.93585], F_fuse=[0.01484, 0.01181, 0.00906, 0.00610]
[ INFO : 2026-07-26 18:05:01,809 ] - Epoch 170: train==[133.10245 = 0.57919 + 1.72589 + 20.44924 + 0.01669 + 0.00000 + 0.00070 + 1225.89705]
[ INFO : 2026-07-26 18:05:10,967 ] - Test_@[5, 10, 20, 50]: Recall=[0.03636, 0.05684, 0.08738, 0.14609],  precision=[0.00765, 0.00597, 0.00460, 0.00310], hit=[0.03816, 0.05935, 0.09118, 0.15253], ndcg=[0.02438, 0.03099, 0.03876, 0.05049], Train Rec Loss=[0.03000], Eval Rec Loss=[0.03005], c=[0.50000], F=[0.84025, 0.87977, 0.90976, 0.93606], F_fuse=[0.01517, 0.01185, 0.00916, 0.00617]
[ INFO : 2026-07-26 18:07:42,498 ] - Epoch 171: train==[133.13111 = 0.57577 + 1.72589 + 20.48127 + 0.01674 + 0.00000 + 0.00070 + 1225.89705]
[ INFO : 2026-07-26 18:07:51,673 ] - Test_@[5, 10, 20, 50]: Recall=[0.03660, 0.05719, 0.08746, 0.14670],  precision=[0.00771, 0.00601, 0.00461, 0.00311], hit=[0.03842, 0.05981, 0.09118, 0.15315], ndcg=[0.02437, 0.03103, 0.03873, 0.05058], Train Rec Loss=[0.02998], Eval Rec Loss=[0.03004], c=[0.50000], F=[0.84028, 0.87778, 0.90755, 0.93296], F_fuse=[0.01529, 0.01193, 0.00916, 0.00620]
[ INFO : 2026-07-26 18:10:22,900 ] - Epoch 172: train==[133.20356 = 0.57507 + 1.72588 + 20.55440 + 0.01678 + 0.00000 + 0.00070 + 1225.89705]
[ INFO : 2026-07-26 18:10:32,053 ] - Test_@[5, 10, 20, 50]: Recall=[0.03540, 0.05581, 0.08585, 0.14376],  precision=[0.00745, 0.00586, 0.00453, 0.00305], hit=[0.03713, 0.05837, 0.08959, 0.15006], ndcg=[0.02378, 0.03039, 0.03805, 0.04963], Train Rec Loss=[0.03000], Eval Rec Loss=[0.03006], c=[0.50000], F=[0.84204, 0.88076, 0.91171, 0.93807], F_fuse=[0.01476, 0.01165, 0.00901, 0.00607]
[ INFO : 2026-07-26 18:13:02,904 ] - Epoch 173: train==[132.93147 = 0.57355 + 1.72588 + 20.28375 + 0.01686 + 0.00000 + 0.00070 + 1225.89705]
[ INFO : 2026-07-26 18:13:12,018 ] - Test_@[5, 10, 20, 50]: Recall=[0.03660, 0.05699, 0.08632, 0.14393],  precision=[0.00771, 0.00598, 0.00455, 0.00305], hit=[0.03847, 0.05955, 0.09005, 0.15032], ndcg=[0.02439, 0.03095, 0.03842, 0.04996], Train Rec Loss=[0.02999], Eval Rec Loss=[0.03004], c=[0.50000], F=[0.84151, 0.87846, 0.90879, 0.93537], F_fuse=[0.01529, 0.01188, 0.00905, 0.00608]
[ INFO : 2026-07-26 18:15:42,901 ] - Epoch 174: train==[132.96686 = 0.57165 + 1.72589 + 20.32098 + 0.01691 + 0.00000 + 0.00069 + 1225.89705]
[ INFO : 2026-07-26 18:15:52,001 ] - Test_@[5, 10, 20, 50]: Recall=[0.03580, 0.05593, 0.08575, 0.14320],  precision=[0.00753, 0.00588, 0.00452, 0.00304], hit=[0.03754, 0.05852, 0.08938, 0.14955], ndcg=[0.02415, 0.03066, 0.03824, 0.04974], Train Rec Loss=[0.02998], Eval Rec Loss=[0.03004], c=[0.50000], F=[0.84101, 0.87978, 0.91050, 0.93674], F_fuse=[0.01492, 0.01168, 0.00899, 0.00605]
[ INFO : 2026-07-26 18:18:23,022 ] - Epoch 175: train==[132.98416 = 0.57203 + 1.72588 + 20.33783 + 0.01698 + 0.00000 + 0.00070 + 1225.89705]
[ INFO : 2026-07-26 18:18:32,159 ] - Test_@[5, 10, 20, 50]: Recall=[0.03625, 0.05747, 0.08713, 0.14401],  precision=[0.00761, 0.00603, 0.00459, 0.00306], hit=[0.03795, 0.05996, 0.09092, 0.15058], ndcg=[0.02440, 0.03124, 0.03875, 0.05014], Train Rec Loss=[0.02999], Eval Rec Loss=[0.03005], c=[0.50000], F=[0.84103, 0.87824, 0.90817, 0.93499], F_fuse=[0.01509, 0.01197, 0.00914, 0.00609]
[ INFO : 2026-07-26 18:21:03,084 ] - Epoch 176: train==[133.11909 = 0.56638 + 1.72589 + 20.47839 + 0.01700 + 0.00000 + 0.00070 + 1225.89705]
[ INFO : 2026-07-26 18:21:12,322 ] - Test_@[5, 10, 20, 50]: Recall=[0.03668, 0.05682, 0.08594, 0.14306],  precision=[0.00770, 0.00597, 0.00453, 0.00303], hit=[0.03842, 0.05940, 0.08969, 0.14934], ndcg=[0.02424, 0.03074, 0.03814, 0.04957], Train Rec Loss=[0.02999], Eval Rec Loss=[0.03003], c=[0.50000], F=[0.84157, 0.87965, 0.91040, 0.93722], F_fuse=[0.01527, 0.01185, 0.00902, 0.00604]
[ INFO : 2026-07-26 18:23:43,419 ] - Epoch 177: train==[133.00630 = 0.57368 + 1.72588 + 20.35824 + 0.01706 + 0.00000 + 0.00070 + 1225.89705]
[ INFO : 2026-07-26 18:23:52,612 ] - Test_@[5, 10, 20, 50]: Recall=[0.03595, 0.05638, 0.08568, 0.14239],  precision=[0.00756, 0.00592, 0.00452, 0.00302], hit=[0.03770, 0.05894, 0.08943, 0.14857], ndcg=[0.02395, 0.03055, 0.03800, 0.04934], Train Rec Loss=[0.02997], Eval Rec Loss=[0.03004], c=[0.50000], F=[0.84168, 0.88040, 0.91125, 0.93756], F_fuse=[0.01498, 0.01176, 0.00899, 0.00601]
[ INFO : 2026-07-26 18:26:23,914 ] - Epoch 178: train==[132.94566 = 0.56363 + 1.72588 + 20.30764 + 0.01708 + 0.00000 + 0.00070 + 1225.89705]
[ INFO : 2026-07-26 18:26:32,989 ] - Test_@[5, 10, 20, 50]: Recall=[0.03631, 0.05639, 0.08581, 0.14280],  precision=[0.00765, 0.00591, 0.00452, 0.00302], hit=[0.03816, 0.05888, 0.08948, 0.14893], ndcg=[0.02444, 0.03092, 0.03838, 0.04978], Train Rec Loss=[0.02997], Eval Rec Loss=[0.03004], c=[0.50000], F=[0.84144, 0.88066, 0.91087, 0.93713], F_fuse=[0.01517, 0.01174, 0.00899, 0.00603]
[ INFO : 2026-07-26 18:29:04,231 ] - Epoch 179: train==[132.88861 = 0.56384 + 1.72588 + 20.25026 + 0.01719 + 0.00000 + 0.00070 + 1225.89705]
[ INFO : 2026-07-26 18:29:13,534 ] - Test_@[5, 10, 20, 50]: Recall=[0.03678, 0.05740, 0.08620, 0.14381],  precision=[0.00774, 0.00602, 0.00454, 0.00304], hit=[0.03862, 0.05986, 0.08995, 0.14996], ndcg=[0.02460, 0.03124, 0.03857, 0.05008], Train Rec Loss=[0.02996], Eval Rec Loss=[0.03003], c=[0.50000], F=[0.84186, 0.87973, 0.90936, 0.93568], F_fuse=[0.01535, 0.01195, 0.00904, 0.00607]
[ INFO : 2026-07-26 18:31:44,200 ] - Epoch 180: train==[132.93486 = 0.56172 + 1.72588 + 20.29860 + 0.01723 + 0.00000 + 0.00069 + 1225.89705]
[ INFO : 2026-07-26 18:31:53,330 ] - Test_@[5, 10, 20, 50]: Recall=[0.03662, 0.05616, 0.08603, 0.14351],  precision=[0.00770, 0.00588, 0.00454, 0.00304], hit=[0.03842, 0.05852, 0.08989, 0.14991], ndcg=[0.02452, 0.03082, 0.03842, 0.04992], Train Rec Loss=[0.02997], Eval Rec Loss=[0.03003], c=[0.50000], F=[0.84249, 0.88136, 0.91116, 0.93704], F_fuse=[0.01527, 0.01168, 0.00903, 0.00607]
[ INFO : 2026-07-26 18:34:24,261 ] - Epoch 181: train==[132.87170 = 0.56004 + 1.72588 + 20.23702 + 0.01734 + 0.00000 + 0.00069 + 1225.89705]
[ INFO : 2026-07-26 18:34:33,471 ] - Test_@[5, 10, 20, 50]: Recall=[0.03680, 0.05770, 0.08674, 0.14489],  precision=[0.00774, 0.00605, 0.00457, 0.00307], hit=[0.03862, 0.06017, 0.09051, 0.15125], ndcg=[0.02434, 0.03110, 0.03848, 0.05012], Train Rec Loss=[0.02997], Eval Rec Loss=[0.03002], c=[0.50000], F=[0.84027, 0.87856, 0.90862, 0.93525], F_fuse=[0.01535, 0.01202, 0.00910, 0.00612]
[ INFO : 2026-07-26 18:37:04,345 ] - Epoch 182: train==[132.96292 = 0.55898 + 1.72588 + 20.32932 + 0.01731 + 0.00000 + 0.00069 + 1225.89705]
[ INFO : 2026-07-26 18:37:13,498 ] - Test_@[5, 10, 20, 50]: Recall=[0.03693, 0.05687, 0.08572, 0.14488],  precision=[0.00774, 0.00596, 0.00452, 0.00307], hit=[0.03862, 0.05930, 0.08953, 0.15130], ndcg=[0.02454, 0.03097, 0.03831, 0.05013], Train Rec Loss=[0.02997], Eval Rec Loss=[0.03002], c=[0.50000], F=[0.84104, 0.87917, 0.90847, 0.93551], F_fuse=[0.01535, 0.01184, 0.00900, 0.00612]
[ INFO : 2026-07-26 18:39:44,365 ] - Epoch 183: train==[132.91262 = 0.55948 + 1.72588 + 20.27845 + 0.01738 + 0.00000 + 0.00070 + 1225.89705]
[ INFO : 2026-07-26 18:39:53,459 ] - Test_@[5, 10, 20, 50]: Recall=[0.03639, 0.05600, 0.08474, 0.14356],  precision=[0.00765, 0.00587, 0.00447, 0.00304], hit=[0.03816, 0.05837, 0.08845, 0.14991], ndcg=[0.02412, 0.03044, 0.03777, 0.04954], Train Rec Loss=[0.02996], Eval Rec Loss=[0.03003], c=[0.50000], F=[0.84072, 0.87963, 0.91021, 0.93696], F_fuse=[0.01517, 0.01166, 0.00889, 0.00606]
[ INFO : 2026-07-26 18:42:24,299 ] - Epoch 184: train==[132.84714 = 0.55464 + 1.72589 + 20.21770 + 0.01749 + 0.00000 + 0.00069 + 1225.89705]
[ INFO : 2026-07-26 18:42:33,454 ] - Test_@[5, 10, 20, 50]: Recall=[0.03670, 0.05715, 0.08633, 0.14393],  precision=[0.00772, 0.00598, 0.00455, 0.00305], hit=[0.03852, 0.05955, 0.09010, 0.15022], ndcg=[0.02451, 0.03112, 0.03854, 0.05007], Train Rec Loss=[0.02996], Eval Rec Loss=[0.03002], c=[0.50000], F=[0.84119, 0.87863, 0.90774, 0.93466], F_fuse=[0.01531, 0.01188, 0.00906, 0.00608]
[ INFO : 2026-07-26 18:45:04,438 ] - Epoch 185: train==[132.82589 = 0.55419 + 1.72588 + 20.19687 + 0.01751 + 0.00000 + 0.00069 + 1225.89705]
[ INFO : 2026-07-26 18:45:13,678 ] - Test_@[5, 10, 20, 50]: Recall=[0.03622, 0.05742, 0.08662, 0.14460],  precision=[0.00763, 0.00602, 0.00457, 0.00306], hit=[0.03806, 0.05991, 0.09046, 0.15099], ndcg=[0.02429, 0.03115, 0.03857, 0.05016], Train Rec Loss=[0.02997], Eval Rec Loss=[0.03001], c=[0.50000], F=[0.84103, 0.87938, 0.90869, 0.93547], F_fuse=[0.01513, 0.01195, 0.00909, 0.00611]
[ INFO : 2026-07-26 18:47:44,364 ] - Epoch 186: train==[132.92362 = 0.55180 + 1.72589 + 20.29705 + 0.01745 + 0.00000 + 0.00070 + 1225.89705]
[ INFO : 2026-07-26 18:47:53,570 ] - Test_@[5, 10, 20, 50]: Recall=[0.03592, 0.05635, 0.08493, 0.14378],  precision=[0.00757, 0.00591, 0.00448, 0.00304], hit=[0.03775, 0.05883, 0.08876, 0.14996], ndcg=[0.02399, 0.03062, 0.03790, 0.04968], Train Rec Loss=[0.02995], Eval Rec Loss=[0.03002], c=[0.50000], F=[0.84032, 0.87888, 0.90831, 0.93473], F_fuse=[0.01500, 0.01174, 0.00891, 0.00607]
[ INFO : 2026-07-26 18:50:24,437 ] - Epoch 187: train==[132.84413 = 0.54994 + 1.72588 + 20.21933 + 0.01756 + 0.00000 + 0.00069 + 1225.89705]
[ INFO : 2026-07-26 18:50:33,598 ] - Test_@[5, 10, 20, 50]: Recall=[0.03631, 0.05538, 0.08586, 0.14221],  precision=[0.00763, 0.00581, 0.00453, 0.00301], hit=[0.03806, 0.05786, 0.08969, 0.14837], ndcg=[0.02425, 0.03043, 0.03817, 0.04945], Train Rec Loss=[0.02996], Eval Rec Loss=[0.03001], c=[0.50000], F=[0.84083, 0.88076, 0.91079, 0.93797], F_fuse=[0.01513, 0.01154, 0.00901, 0.00600]
[ INFO : 2026-07-26 18:53:04,974 ] - Epoch 188: train==[132.79682 = 0.54852 + 1.72588 + 20.17337 + 0.01762 + 0.00000 + 0.00069 + 1225.89705]
[ INFO : 2026-07-26 18:53:14,170 ] - Test_@[5, 10, 20, 50]: Recall=[0.03652, 0.05665, 0.08541, 0.14486],  precision=[0.00769, 0.00594, 0.00451, 0.00307], hit=[0.03842, 0.05919, 0.08917, 0.15114], ndcg=[0.02440, 0.03092, 0.03824, 0.05012], Train Rec Loss=[0.02995], Eval Rec Loss=[0.03001], c=[0.50000], F=[0.84085, 0.87857, 0.90832, 0.93515], F_fuse=[0.01525, 0.01181, 0.00897, 0.00611]
[ INFO : 2026-07-26 18:55:45,331 ] - Epoch 189: train==[132.68923 = 0.54624 + 1.72588 + 20.06798 + 0.01770 + 0.00000 + 0.00070 + 1225.89705]
[ INFO : 2026-07-26 18:55:54,572 ] - Test_@[5, 10, 20, 50]: Recall=[0.03609, 0.05693, 0.08582, 0.14345],  precision=[0.00760, 0.00596, 0.00453, 0.00304], hit=[0.03790, 0.05930, 0.08959, 0.14986], ndcg=[0.02411, 0.03083, 0.03816, 0.04968], Train Rec Loss=[0.02994], Eval Rec Loss=[0.03000], c=[0.50000], F=[0.84182, 0.88032, 0.90982, 0.93699], F_fuse=[0.01507, 0.01183, 0.00901, 0.00607]
[ INFO : 2026-07-26 18:58:25,557 ] - Epoch 190: train==[132.71597 = 0.55641 + 1.72588 + 20.08448 + 0.01778 + 0.00000 + 0.00068 + 1225.89705]
[ INFO : 2026-07-26 18:58:34,638 ] - Test_@[5, 10, 20, 50]: Recall=[0.03558, 0.05486, 0.08298, 0.14143],  precision=[0.00747, 0.00575, 0.00438, 0.00299], hit=[0.03728, 0.05729, 0.08686, 0.14744], ndcg=[0.02388, 0.03014, 0.03730, 0.04897], Train Rec Loss=[0.02995], Eval Rec Loss=[0.03002], c=[0.50000], F=[0.84223, 0.88085, 0.91093, 0.93828], F_fuse=[0.01480, 0.01143, 0.00872, 0.00597]
[ INFO : 2026-07-26 19:01:06,069 ] - Epoch 191: train==[132.69176 = 0.54219 + 1.72588 + 20.07449 + 0.01777 + 0.00000 + 0.00069 + 1225.89705]
[ INFO : 2026-07-26 19:01:15,375 ] - Test_@[5, 10, 20, 50]: Recall=[0.03638, 0.05575, 0.08436, 0.14177],  precision=[0.00763, 0.00585, 0.00445, 0.00300], hit=[0.03806, 0.05827, 0.08815, 0.14780], ndcg=[0.02435, 0.03063, 0.03790, 0.04936], Train Rec Loss=[0.02994], Eval Rec Loss=[0.03001], c=[0.50000], F=[0.84208, 0.88177, 0.91144, 0.93802], F_fuse=[0.01513, 0.01163, 0.00886, 0.00598]
[ INFO : 2026-07-26 19:03:46,188 ] - Epoch 192: train==[132.70338 = 0.54401 + 1.72588 + 20.08418 + 0.01789 + 0.00000 + 0.00069 + 1225.89705]
[ INFO : 2026-07-26 19:03:55,376 ] - Test_@[5, 10, 20, 50]: Recall=[0.03607, 0.05705, 0.08568, 0.14358],  precision=[0.00760, 0.00597, 0.00452, 0.00304], hit=[0.03790, 0.05945, 0.08948, 0.14996], ndcg=[0.02412, 0.03087, 0.03816, 0.04974], Train Rec Loss=[0.02994], Eval Rec Loss=[0.03000], c=[0.50000], F=[0.84081, 0.88007, 0.90971, 0.93645], F_fuse=[0.01507, 0.01185, 0.00899, 0.00606]
[ INFO : 2026-07-26 19:06:26,585 ] - Epoch 193: train==[132.63824 = 0.53903 + 1.72588 + 20.02396 + 0.01796 + 0.00000 + 0.00068 + 1225.89705]
[ INFO : 2026-07-26 19:06:35,871 ] - Test_@[5, 10, 20, 50]: Recall=[0.03625, 0.05476, 0.08484, 0.14116],  precision=[0.00763, 0.00574, 0.00447, 0.00299], hit=[0.03800, 0.05719, 0.08861, 0.14718], ndcg=[0.02427, 0.03025, 0.03786, 0.04911], Train Rec Loss=[0.02994], Eval Rec Loss=[0.03000], c=[0.50000], F=[0.84202, 0.88166, 0.91084, 0.93849], F_fuse=[0.01513, 0.01141, 0.00890, 0.00596]
[ INFO : 2026-07-26 19:09:06,448 ] - Epoch 194: train==[132.77870 = 0.53959 + 1.72588 + 20.16395 + 0.01784 + 0.00000 + 0.00070 + 1225.89705]
[ INFO : 2026-07-26 19:09:15,697 ] - Test_@[5, 10, 20, 50]: Recall=[0.03577, 0.05535, 0.08480, 0.14272],  precision=[0.00752, 0.00579, 0.00446, 0.00302], hit=[0.03749, 0.05765, 0.08845, 0.14883], ndcg=[0.02391, 0.03025, 0.03773, 0.04928], Train Rec Loss=[0.02993], Eval Rec Loss=[0.03000], c=[0.50000], F=[0.84157, 0.88147, 0.91128, 0.93827], F_fuse=[0.01490, 0.01151, 0.00888, 0.00602]
[ INFO : 2026-07-26 19:11:46,885 ] - Epoch 195: train==[132.59294 = 0.53531 + 1.72588 + 19.98230 + 0.01802 + 0.00000 + 0.00069 + 1225.89705]
[ INFO : 2026-07-26 19:11:56,027 ] - Test_@[5, 10, 20, 50]: Recall=[0.03658, 0.05601, 0.08407, 0.14225],  precision=[0.00767, 0.00587, 0.00444, 0.00301], hit=[0.03826, 0.05847, 0.08789, 0.14842], ndcg=[0.02437, 0.03064, 0.03777, 0.04941], Train Rec Loss=[0.02994], Eval Rec Loss=[0.03000], c=[0.50000], F=[0.84034, 0.87964, 0.90941, 0.93739], F_fuse=[0.01521, 0.01167, 0.00883, 0.00600]
[ INFO : 2026-07-26 19:14:27,096 ] - Epoch 196: train==[132.67156 = 0.53718 + 1.72587 + 20.05904 + 0.01803 + 0.00000 + 0.00069 + 1225.89705]
[ INFO : 2026-07-26 19:14:36,348 ] - Test_@[5, 10, 20, 50]: Recall=[0.03663, 0.05620, 0.08427, 0.14166],  precision=[0.00769, 0.00589, 0.00445, 0.00300], hit=[0.03836, 0.05863, 0.08820, 0.14765], ndcg=[0.02431, 0.03063, 0.03776, 0.04924], Train Rec Loss=[0.02995], Eval Rec Loss=[0.02999], c=[0.50000], F=[0.84202, 0.88043, 0.90990, 0.93741], F_fuse=[0.01525, 0.01171, 0.00886, 0.00598]
[ INFO : 2026-07-26 19:17:06,973 ] - Epoch 197: train==[132.67665 = 0.53494 + 1.72587 + 20.06634 + 0.01807 + 0.00000 + 0.00068 + 1225.89705]
[ INFO : 2026-07-26 19:17:16,144 ] - Test_@[5, 10, 20, 50]: Recall=[0.03626, 0.05682, 0.08556, 0.14352],  precision=[0.00764, 0.00596, 0.00451, 0.00304], hit=[0.03811, 0.05930, 0.08938, 0.14970], ndcg=[0.02427, 0.03090, 0.03817, 0.04973], Train Rec Loss=[0.02994], Eval Rec Loss=[0.02999], c=[0.50000], F=[0.84151, 0.88084, 0.90991, 0.93681], F_fuse=[0.01515, 0.01183, 0.00898, 0.00605]
[ INFO : 2026-07-26 19:19:46,907 ] - Epoch 198: train==[132.62226 = 0.53230 + 1.72588 + 20.01456 + 0.01810 + 0.00000 + 0.00069 + 1225.89705]
[ INFO : 2026-07-26 19:19:56,021 ] - Test_@[5, 10, 20, 50]: Recall=[0.03684, 0.05683, 0.08596, 0.14394],  precision=[0.00774, 0.00596, 0.00453, 0.00305], hit=[0.03867, 0.05924, 0.08974, 0.15017], ndcg=[0.02432, 0.03083, 0.03823, 0.04978], Train Rec Loss=[0.02992], Eval Rec Loss=[0.02998], c=[0.50000], F=[0.84141, 0.88028, 0.90946, 0.93580], F_fuse=[0.01535, 0.01183, 0.00902, 0.00608]
[ INFO : 2026-07-26 19:22:27,855 ] - Epoch 199: train==[132.59973 = 0.53239 + 1.72587 + 19.99183 + 0.01822 + 0.00000 + 0.00068 + 1225.89705]
[ INFO : 2026-07-26 19:22:36,991 ] - Test_@[5, 10, 20, 50]: Recall=[0.03655, 0.05644, 0.08473, 0.14225],  precision=[0.00766, 0.00592, 0.00447, 0.00301], hit=[0.03826, 0.05878, 0.08856, 0.14837], ndcg=[0.02429, 0.03072, 0.03790, 0.04939], Train Rec Loss=[0.02994], Eval Rec Loss=[0.02999], c=[0.50000], F=[0.84220, 0.88110, 0.90988, 0.93698], F_fuse=[0.01519, 0.01176, 0.00889, 0.00601]
[ INFO : 2026-07-26 19:25:08,047 ] - Epoch 200: train==[132.56963 = 0.52984 + 1.72587 + 19.96419 + 0.01830 + 0.00000 + 0.00070 + 1225.89705]
[ INFO : 2026-07-26 19:25:17,181 ] - Test_@[5, 10, 20, 50]: Recall=[0.03588, 0.05595, 0.08467, 0.14115],  precision=[0.00753, 0.00587, 0.00447, 0.00299], hit=[0.03759, 0.05837, 0.08851, 0.14744], ndcg=[0.02398, 0.03046, 0.03775, 0.04902], Train Rec Loss=[0.02993], Eval Rec Loss=[0.03000], c=[0.50000], F=[0.84176, 0.87994, 0.91025, 0.93756], F_fuse=[0.01492, 0.01166, 0.00889, 0.00597]
[ INFO : 2026-07-26 19:27:48,656 ] - Epoch 201: train==[132.61116 = 0.53014 + 1.72587 + 20.00542 + 0.01830 + 0.00000 + 0.00068 + 1225.89705]
[ INFO : 2026-07-26 19:27:57,873 ] - Test_@[5, 10, 20, 50]: Recall=[0.03627, 0.05621, 0.08497, 0.14214],  precision=[0.00760, 0.00589, 0.00448, 0.00301], hit=[0.03795, 0.05852, 0.08871, 0.14837], ndcg=[0.02439, 0.03084, 0.03815, 0.04957], Train Rec Loss=[0.02992], Eval Rec Loss=[0.02999], c=[0.50000], F=[0.84141, 0.88007, 0.90894, 0.93623], F_fuse=[0.01507, 0.01170, 0.00892, 0.00600]
[ INFO : 2026-07-26 19:30:28,867 ] - Epoch 202: train==[132.49312 = 0.52758 + 1.72588 + 19.88986 + 0.01837 + 0.00000 + 0.00069 + 1225.89705]
[ INFO : 2026-07-26 19:30:38,114 ] - Test_@[5, 10, 20, 50]: Recall=[0.03605, 0.05501, 0.08391, 0.14138],  precision=[0.00758, 0.00578, 0.00442, 0.00300], hit=[0.03780, 0.05744, 0.08753, 0.14760], ndcg=[0.02405, 0.03018, 0.03751, 0.04902], Train Rec Loss=[0.02993], Eval Rec Loss=[0.02998], c=[0.50000], F=[0.84060, 0.87942, 0.90884, 0.93675], F_fuse=[0.01503, 0.01148, 0.00879, 0.00597]
[ INFO : 2026-07-26 19:33:08,954 ] - Epoch 203: train==[132.52330 = 0.52473 + 1.72587 + 19.92292 + 0.01834 + 0.00000 + 0.00070 + 1225.89705]
[ INFO : 2026-07-26 19:33:18,091 ] - Test_@[5, 10, 20, 50]: Recall=[0.03700, 0.05555, 0.08450, 0.14224],  precision=[0.00777, 0.00582, 0.00446, 0.00302], hit=[0.03872, 0.05786, 0.08825, 0.14847], ndcg=[0.02444, 0.03040, 0.03778, 0.04932], Train Rec Loss=[0.02993], Eval Rec Loss=[0.02999], c=[0.50000], F=[0.84100, 0.88031, 0.91004, 0.93688], F_fuse=[0.01539, 0.01156, 0.00887, 0.00601]
[ INFO : 2026-07-26 19:35:49,242 ] - Epoch 204: train==[132.57596 = 0.52296 + 1.72587 + 19.97728 + 0.01842 + 0.00000 + 0.00068 + 1225.89705]
[ INFO : 2026-07-26 19:35:58,416 ] - Test_@[5, 10, 20, 50]: Recall=[0.03568, 0.05467, 0.08414, 0.14204],  precision=[0.00751, 0.00573, 0.00443, 0.00301], hit=[0.03744, 0.05698, 0.08784, 0.14832], ndcg=[0.02359, 0.02974, 0.03724, 0.04882], Train Rec Loss=[0.02993], Eval Rec Loss=[0.02998], c=[0.50000], F=[0.84072, 0.87967, 0.90957, 0.93755], F_fuse=[0.01488, 0.01139, 0.00882, 0.00600]
[ INFO : 2026-07-26 19:38:30,349 ] - Epoch 205: train==[132.52267 = 0.52289 + 1.72587 + 19.92404 + 0.01846 + 0.00000 + 0.00068 + 1225.89705]
[ INFO : 2026-07-26 19:38:39,656 ] - Test_@[5, 10, 20, 50]: Recall=[0.03670, 0.05599, 0.08489, 0.14142],  precision=[0.00769, 0.00587, 0.00447, 0.00300], hit=[0.03836, 0.05847, 0.08876, 0.14770], ndcg=[0.02447, 0.03071, 0.03804, 0.04935], Train Rec Loss=[0.02993], Eval Rec Loss=[0.02997], c=[0.50000], F=[0.84160, 0.88025, 0.90942, 0.93711], F_fuse=[0.01525, 0.01167, 0.00890, 0.00598]
[ INFO : 2026-07-26 19:41:10,723 ] - Epoch 206: train==[132.51079 = 0.52381 + 1.72587 + 19.91114 + 0.01855 + 0.00000 + 0.00068 + 1225.89705]
[ INFO : 2026-07-26 19:41:20,024 ] - Test_@[5, 10, 20, 50]: Recall=[0.03658, 0.05741, 0.08581, 0.14334],  precision=[0.00770, 0.00604, 0.00453, 0.00304], hit=[0.03842, 0.06002, 0.08974, 0.14986], ndcg=[0.02463, 0.03140, 0.03861, 0.05010], Train Rec Loss=[0.02992], Eval Rec Loss=[0.02998], c=[0.50000], F=[0.83974, 0.87864, 0.90708, 0.93475], F_fuse=[0.01527, 0.01199, 0.00902, 0.00606]
[ INFO : 2026-07-26 19:43:50,897 ] - Epoch 207: train==[132.58171 = 0.52027 + 1.72587 + 19.98549 + 0.01867 + 0.00000 + 0.00068 + 1225.89705]
[ INFO : 2026-07-26 19:44:00,348 ] - Test_@[5, 10, 20, 50]: Recall=[0.03589, 0.05603, 0.08390, 0.14022],  precision=[0.00755, 0.00587, 0.00442, 0.00297], hit=[0.03759, 0.05837, 0.08773, 0.14646], ndcg=[0.02396, 0.03047, 0.03755, 0.04883], Train Rec Loss=[0.02992], Eval Rec Loss=[0.02999], c=[0.50000], F=[0.84163, 0.88036, 0.91024, 0.93793], F_fuse=[0.01496, 0.01167, 0.00880, 0.00593]
[ INFO : 2026-07-26 19:46:31,684 ] - Epoch 208: train==[132.53821 = 0.52100 + 1.72587 + 19.94132 + 0.01861 + 0.00000 + 0.00068 + 1225.89705]
[ INFO : 2026-07-26 19:46:40,957 ] - Test_@[5, 10, 20, 50]: Recall=[0.03647, 0.05614, 0.08464, 0.14231],  precision=[0.00768, 0.00589, 0.00446, 0.00302], hit=[0.03826, 0.05858, 0.08835, 0.14852], ndcg=[0.02428, 0.03066, 0.03791, 0.04944], Train Rec Loss=[0.02992], Eval Rec Loss=[0.02998], c=[0.50000], F=[0.84087, 0.87956, 0.90825, 0.93550], F_fuse=[0.01523, 0.01171, 0.00887, 0.00601]
[ INFO : 2026-07-26 19:49:12,111 ] - Epoch 209: train==[132.54517 = 0.51648 + 1.72587 + 19.95267 + 0.01871 + 0.00000 + 0.00070 + 1225.89705]
[ INFO : 2026-07-26 19:49:21,263 ] - Test_@[5, 10, 20, 50]: Recall=[0.03702, 0.05676, 0.08468, 0.14338],  precision=[0.00779, 0.00595, 0.00447, 0.00304], hit=[0.03883, 0.05919, 0.08851, 0.14955], ndcg=[0.02442, 0.03081, 0.03791, 0.04964], Train Rec Loss=[0.02992], Eval Rec Loss=[0.02997], c=[0.50000], F=[0.83961, 0.87980, 0.90820, 0.93579], F_fuse=[0.01543, 0.01182, 0.00889, 0.00606]
[ INFO : 2026-07-26 19:51:52,394 ] - Epoch 210: train==[132.40445 = 0.51732 + 1.72587 + 19.81106 + 0.01878 + 0.00000 + 0.00068 + 1225.89705]
[ INFO : 2026-07-26 19:52:01,568 ] - Test_@[5, 10, 20, 50]: Recall=[0.03650, 0.05613, 0.08422, 0.14121],  precision=[0.00766, 0.00589, 0.00443, 0.00299], hit=[0.03821, 0.05858, 0.08789, 0.14729], ndcg=[0.02412, 0.03048, 0.03759, 0.04898], Train Rec Loss=[0.02992], Eval Rec Loss=[0.02998], c=[0.50000], F=[0.84088, 0.87971, 0.90829, 0.93631], F_fuse=[0.01519, 0.01171, 0.00882, 0.00596]
[ INFO : 2026-07-26 19:54:32,259 ] - Epoch 211: train==[132.49885 = 0.51261 + 1.72587 + 19.91018 + 0.01879 + 0.00000 + 0.00067 + 1225.89705]
[ INFO : 2026-07-26 19:54:41,443 ] - Test_@[5, 10, 20, 50]: Recall=[0.03603, 0.05557, 0.08435, 0.14094],  precision=[0.00758, 0.00583, 0.00445, 0.00299], hit=[0.03780, 0.05796, 0.08815, 0.14708], ndcg=[0.02392, 0.03024, 0.03756, 0.04887], Train Rec Loss=[0.02992], Eval Rec Loss=[0.02997], c=[0.50000], F=[0.84090, 0.88090, 0.90993, 0.93778], F_fuse=[0.01503, 0.01158, 0.00886, 0.00596]
[ INFO : 2026-07-26 19:57:12,891 ] - Epoch 212: train==[132.54732 = 0.51564 + 1.72587 + 19.95554 + 0.01886 + 0.00000 + 0.00067 + 1225.89705]
[ INFO : 2026-07-26 19:57:22,068 ] - Test_@[5, 10, 20, 50]: Recall=[0.03577, 0.05527, 0.08300, 0.14095],  precision=[0.00751, 0.00581, 0.00437, 0.00299], hit=[0.03744, 0.05770, 0.08665, 0.14713], ndcg=[0.02385, 0.03019, 0.03722, 0.04884], Train Rec Loss=[0.02991], Eval Rec Loss=[0.02998], c=[0.50000], F=[0.84052, 0.87927, 0.90875, 0.93644], F_fuse=[0.01488, 0.01155, 0.00871, 0.00596]
[ INFO : 2026-07-26 19:59:52,813 ] - Epoch 213: train==[132.62708 = 0.51025 + 1.72587 + 20.04067 + 0.01887 + 0.00000 + 0.00068 + 1225.89705]
[ INFO : 2026-07-26 20:00:02,177 ] - Test_@[5, 10, 20, 50]: Recall=[0.03692, 0.05611, 0.08406, 0.14104],  precision=[0.00776, 0.00588, 0.00443, 0.00299], hit=[0.03862, 0.05847, 0.08789, 0.14724], ndcg=[0.02453, 0.03074, 0.03783, 0.04922], Train Rec Loss=[0.02991], Eval Rec Loss=[0.02998], c=[0.50000], F=[0.84153, 0.88106, 0.90982, 0.93793], F_fuse=[0.01537, 0.01169, 0.00881, 0.00596]
[ INFO : 2026-07-26 20:02:33,200 ] - Epoch 214: train==[132.50295 = 0.51030 + 1.72586 + 19.91647 + 0.01890 + 0.00000 + 0.00068 + 1225.89705]
[ INFO : 2026-07-26 20:02:42,367 ] - Test_@[5, 10, 20, 50]: Recall=[0.03542, 0.05435, 0.08373, 0.13993],  precision=[0.00744, 0.00569, 0.00441, 0.00296], hit=[0.03708, 0.05662, 0.08732, 0.14585], ndcg=[0.02366, 0.02980, 0.03728, 0.04851], Train Rec Loss=[0.02990], Eval Rec Loss=[0.02997], c=[0.50000], F=[0.84185, 0.88056, 0.90978, 0.93745], F_fuse=[0.01474, 0.01131, 0.00878, 0.00591]
[ INFO : 2026-07-26 20:05:13,740 ] - Epoch 215: train==[132.40722 = 0.50871 + 1.72586 + 19.82223 + 0.01899 + 0.00000 + 0.00069 + 1225.89705]
[ INFO : 2026-07-26 20:05:22,865 ] - Test_@[5, 10, 20, 50]: Recall=[0.03556, 0.05531, 0.08405, 0.14086],  precision=[0.00747, 0.00581, 0.00443, 0.00299], hit=[0.03723, 0.05770, 0.08784, 0.14713], ndcg=[0.02387, 0.03031, 0.03762, 0.04897], Train Rec Loss=[0.02992], Eval Rec Loss=[0.02997], c=[0.50000], F=[0.84149, 0.87985, 0.90900, 0.93720], F_fuse=[0.01480, 0.01154, 0.00882, 0.00596]
[ INFO : 2026-07-26 20:07:54,087 ] - Epoch 216: train==[132.35920 = 0.50704 + 1.72586 + 19.77584 + 0.01903 + 0.00000 + 0.00068 + 1225.89705]
[ INFO : 2026-07-26 20:08:03,296 ] - Test_@[5, 10, 20, 50]: Recall=[0.03638, 0.05581, 0.08484, 0.14113],  precision=[0.00764, 0.00586, 0.00447, 0.00299], hit=[0.03811, 0.05822, 0.08856, 0.14734], ndcg=[0.02406, 0.03036, 0.03774, 0.04898], Train Rec Loss=[0.02991], Eval Rec Loss=[0.02996], c=[0.50000], F=[0.84040, 0.87864, 0.90763, 0.93549], F_fuse=[0.01515, 0.01164, 0.00890, 0.00596]
[ INFO : 2026-07-26 20:10:34,445 ] - Epoch 217: train==[132.56622 = 0.50387 + 1.72586 + 19.98600 + 0.01908 + 0.00000 + 0.00067 + 1225.89705]
[ INFO : 2026-07-26 20:10:43,507 ] - Test_@[5, 10, 20, 50]: Recall=[0.03635, 0.05496, 0.08354, 0.13925],  precision=[0.00762, 0.00576, 0.00440, 0.00295], hit=[0.03800, 0.05724, 0.08732, 0.14538], ndcg=[0.02408, 0.03010, 0.03736, 0.04851], Train Rec Loss=[0.02990], Eval Rec Loss=[0.02997], c=[0.50000], F=[0.84054, 0.87987, 0.90947, 0.93749], F_fuse=[0.01511, 0.01144, 0.00876, 0.00589]
[ INFO : 2026-07-26 20:13:15,357 ] - Epoch 218: train==[132.39049 = 0.51340 + 1.72586 + 19.80074 + 0.01908 + 0.00000 + 0.00067 + 1225.89705]
[ INFO : 2026-07-26 20:13:24,383 ] - Test_@[5, 10, 20, 50]: Recall=[0.03576, 0.05504, 0.08328, 0.13898],  precision=[0.00751, 0.00577, 0.00439, 0.00294], hit=[0.03749, 0.05739, 0.08696, 0.14492], ndcg=[0.02392, 0.03016, 0.03732, 0.04843], Train Rec Loss=[0.02991], Eval Rec Loss=[0.02996], c=[0.50000], F=[0.84200, 0.88089, 0.91055, 0.93790], F_fuse=[0.01488, 0.01147, 0.00874, 0.00587]
[ INFO : 2026-07-26 20:15:55,008 ] - Epoch 219: train==[132.43488 = 0.50067 + 1.72586 + 19.85773 + 0.01920 + 0.00000 + 0.00067 + 1225.89705]
[ INFO : 2026-07-26 20:16:04,197 ] - Test_@[5, 10, 20, 50]: Recall=[0.03637, 0.05540, 0.08404, 0.14079],  precision=[0.00764, 0.00582, 0.00442, 0.00298], hit=[0.03811, 0.05786, 0.08773, 0.14688], ndcg=[0.02428, 0.03044, 0.03769, 0.04905], Train Rec Loss=[0.02990], Eval Rec Loss=[0.02996], c=[0.50000], F=[0.84029, 0.87951, 0.90901, 0.93746], F_fuse=[0.01515, 0.01156, 0.00880, 0.00595]
[ INFO : 2026-07-26 20:18:35,658 ] - Epoch 220: train==[132.45367 = 0.50320 + 1.72586 + 19.87398 + 0.01922 + 0.00000 + 0.00067 + 1225.89705]
[ INFO : 2026-07-26 20:18:44,758 ] - Test_@[5, 10, 20, 50]: Recall=[0.03600, 0.05517, 0.08400, 0.14079],  precision=[0.00756, 0.00579, 0.00442, 0.00298], hit=[0.03770, 0.05755, 0.08768, 0.14688], ndcg=[0.02413, 0.03034, 0.03767, 0.04902], Train Rec Loss=[0.02990], Eval Rec Loss=[0.02997], c=[0.50000], F=[0.84195, 0.88107, 0.91026, 0.93829], F_fuse=[0.01499, 0.01150, 0.00880, 0.00595]
[ INFO : 2026-07-26 20:21:16,045 ] - Epoch 221: train==[132.43498 = 0.50617 + 1.72586 + 19.85225 + 0.01929 + 0.00000 + 0.00067 + 1225.89705]
[ INFO : 2026-07-26 20:21:25,207 ] - Test_@[5, 10, 20, 50]: Recall=[0.03668, 0.05623, 0.08360, 0.14008],  precision=[0.00770, 0.00590, 0.00441, 0.00297], hit=[0.03842, 0.05858, 0.08732, 0.14621], ndcg=[0.02434, 0.03066, 0.03759, 0.04888], Train Rec Loss=[0.02991], Eval Rec Loss=[0.02996], c=[0.50000], F=[0.83948, 0.87805, 0.90701, 0.93542], F_fuse=[0.01527, 0.01172, 0.00877, 0.00592]
[ INFO : 2026-07-26 20:23:56,930 ] - Epoch 222: train==[132.41111 = 0.51137 + 1.72586 + 19.82316 + 0.01931 + 0.00000 + 0.00068 + 1225.89705]
[ INFO : 2026-07-26 20:24:06,016 ] - Test_@[5, 10, 20, 50]: Recall=[0.03593, 0.05584, 0.08404, 0.13988],  precision=[0.00755, 0.00585, 0.00443, 0.00296], hit=[0.03770, 0.05816, 0.08773, 0.14590], ndcg=[0.02396, 0.03039, 0.03758, 0.04875], Train Rec Loss=[0.02991], Eval Rec Loss=[0.02996], c=[0.50000], F=[0.84137, 0.87967, 0.90895, 0.93702], F_fuse=[0.01496, 0.01163, 0.00882, 0.00591]
[ INFO : 2026-07-26 20:26:37,265 ] - Epoch 223: train==[132.46317 = 0.50025 + 1.72586 + 19.88631 + 0.01934 + 0.00000 + 0.00067 + 1225.89705]
[ INFO : 2026-07-26 20:26:46,517 ] - Test_@[5, 10, 20, 50]: Recall=[0.03630, 0.05579, 0.08401, 0.14045],  precision=[0.00758, 0.00584, 0.00442, 0.00297], hit=[0.03785, 0.05801, 0.08763, 0.14641], ndcg=[0.02427, 0.03056, 0.03772, 0.04899], Train Rec Loss=[0.02990], Eval Rec Loss=[0.02996], c=[0.50000], F=[0.84087, 0.88003, 0.90859, 0.93577], F_fuse=[0.01503, 0.01160, 0.00880, 0.00593]
[ INFO : 2026-07-26 20:29:17,793 ] - Epoch 224: train==[132.41874 = 0.49670 + 1.72586 + 19.84539 + 0.01937 + 0.00000 + 0.00068 + 1225.89705]
[ INFO : 2026-07-26 20:29:26,962 ] - Test_@[5, 10, 20, 50]: Recall=[0.03611, 0.05616, 0.08328, 0.13894],  precision=[0.00758, 0.00589, 0.00439, 0.00294], hit=[0.03785, 0.05858, 0.08701, 0.14508], ndcg=[0.02403, 0.03049, 0.03737, 0.04850], Train Rec Loss=[0.02990], Eval Rec Loss=[0.02996], c=[0.50000], F=[0.84172, 0.88133, 0.91014, 0.93781], F_fuse=[0.01503, 0.01171, 0.00874, 0.00587]
[ INFO : 2026-07-26 20:31:57,850 ] - Epoch 225: train==[132.39300 = 0.49416 + 1.72585 + 19.82212 + 0.01945 + 0.00000 + 0.00068 + 1225.89705]
[ INFO : 2026-07-26 20:32:07,036 ] - Test_@[5, 10, 20, 50]: Recall=[0.03598, 0.05559, 0.08353, 0.14118],  precision=[0.00754, 0.00584, 0.00440, 0.00299], hit=[0.03764, 0.05806, 0.08712, 0.14729], ndcg=[0.02407, 0.03044, 0.03752, 0.04904], Train Rec Loss=[0.02990], Eval Rec Loss=[0.02996], c=[0.50000], F=[0.83953, 0.87822, 0.90798, 0.93690], F_fuse=[0.01494, 0.01161, 0.00876, 0.00596]
[ INFO : 2026-07-26 20:34:38,081 ] - Epoch 226: train==[132.32308 = 0.49272 + 1.72585 + 19.75354 + 0.01956 + 0.00000 + 0.00067 + 1225.89705]
[ INFO : 2026-07-26 20:34:47,176 ] - Test_@[5, 10, 20, 50]: Recall=[0.03617, 0.05625, 0.08389, 0.14057],  precision=[0.00759, 0.00590, 0.00442, 0.00298], hit=[0.03785, 0.05868, 0.08758, 0.14667], ndcg=[0.02419, 0.03069, 0.03770, 0.04903], Train Rec Loss=[0.02990], Eval Rec Loss=[0.02996], c=[0.50000], F=[0.83965, 0.87846, 0.90751, 0.93612], F_fuse=[0.01505, 0.01173, 0.00880, 0.00594]
[ INFO : 2026-07-26 20:37:18,334 ] - Epoch 227: train==[132.34322 = 0.49792 + 1.72585 + 19.76845 + 0.01960 + 0.00000 + 0.00066 + 1225.89705]
[ INFO : 2026-07-26 20:37:27,566 ] - Test_@[5, 10, 20, 50]: Recall=[0.03581, 0.05542, 0.08385, 0.14031],  precision=[0.00752, 0.00583, 0.00441, 0.00297], hit=[0.03749, 0.05791, 0.08753, 0.14621], ndcg=[0.02381, 0.03018, 0.03738, 0.04864], Train Rec Loss=[0.02990], Eval Rec Loss=[0.02996], c=[0.50000], F=[0.84113, 0.88041, 0.90894, 0.93753], F_fuse=[0.01490, 0.01158, 0.00878, 0.00592]
[ INFO : 2026-07-26 20:39:58,559 ] - Epoch 228: train==[132.43893 = 0.49309 + 1.72585 + 19.86899 + 0.01959 + 0.00000 + 0.00067 + 1225.89705]
[ INFO : 2026-07-26 20:40:07,699 ] - Test_@[5, 10, 20, 50]: Recall=[0.03527, 0.05505, 0.08319, 0.13921],  precision=[0.00742, 0.00578, 0.00438, 0.00295], hit=[0.03698, 0.05744, 0.08676, 0.14533], ndcg=[0.02380, 0.03024, 0.03737, 0.04858], Train Rec Loss=[0.02990], Eval Rec Loss=[0.02996], c=[0.50000], F=[0.84100, 0.88052, 0.90958, 0.93819], F_fuse=[0.01470, 0.01149, 0.00872, 0.00589]
[ INFO : 2026-07-26 20:42:38,626 ] - Epoch 229: train==[132.42927 = 0.48934 + 1.72585 + 19.86301 + 0.01966 + 0.00000 + 0.00067 + 1225.89705]
[ INFO : 2026-07-26 20:42:47,888 ] - Test_@[5, 10, 20, 50]: Recall=[0.03562, 0.05508, 0.08394, 0.13936],  precision=[0.00747, 0.00577, 0.00442, 0.00296], hit=[0.03723, 0.05734, 0.08758, 0.14554], ndcg=[0.02403, 0.03035, 0.03768, 0.04876], Train Rec Loss=[0.02989], Eval Rec Loss=[0.02996], c=[0.50000], F=[0.84046, 0.88094, 0.91027, 0.93855], F_fuse=[0.01480, 0.01147, 0.00880, 0.00589]
[ INFO : 2026-07-26 20:45:19,039 ] - Epoch 230: train==[132.33605 = 0.48958 + 1.72585 + 19.76950 + 0.01972 + 0.00000 + 0.00066 + 1225.89705]
[ INFO : 2026-07-26 20:45:28,273 ] - Test_@[5, 10, 20, 50]: Recall=[0.03559, 0.05511, 0.08417, 0.14029],  precision=[0.00748, 0.00579, 0.00444, 0.00298], hit=[0.03734, 0.05755, 0.08784, 0.14667], ndcg=[0.02393, 0.03027, 0.03766, 0.04887], Train Rec Loss=[0.02989], Eval Rec Loss=[0.02995], c=[0.50000], F=[0.84050, 0.87948, 0.90830, 0.93634], F_fuse=[0.01482, 0.01151, 0.00883, 0.00593]
[ INFO : 2026-07-26 20:47:59,367 ] - Epoch 231: train==[132.39275 = 0.49156 + 1.72585 + 19.82417 + 0.01976 + 0.00000 + 0.00067 + 1225.89705]
[ INFO : 2026-07-26 20:48:08,528 ] - Test_@[5, 10, 20, 50]: Recall=[0.03523, 0.05488, 0.08272, 0.13879],  precision=[0.00740, 0.00575, 0.00436, 0.00294], hit=[0.03692, 0.05719, 0.08640, 0.14482], ndcg=[0.02361, 0.02998, 0.03705, 0.04826], Train Rec Loss=[0.02990], Eval Rec Loss=[0.02996], c=[0.50000], F=[0.84126, 0.88134, 0.91072, 0.93912], F_fuse=[0.01466, 0.01142, 0.00869, 0.00587]
[ INFO : 2026-07-26 20:50:39,774 ] - Epoch 232: train==[132.14866 = 0.48786 + 1.72585 + 19.58367 + 0.01987 + 0.00000 + 0.00067 + 1225.89705]
[ INFO : 2026-07-26 20:50:48,922 ] - Test_@[5, 10, 20, 50]: Recall=[0.03592, 0.05499, 0.08197, 0.13856],  precision=[0.00754, 0.00577, 0.00433, 0.00294], hit=[0.03764, 0.05734, 0.08563, 0.14456], ndcg=[0.02421, 0.03041, 0.03727, 0.04859], Train Rec Loss=[0.02989], Eval Rec Loss=[0.02996], c=[0.50000], F=[0.84043, 0.88022, 0.90972, 0.93881], F_fuse=[0.01494, 0.01147, 0.00861, 0.00586]
[ INFO : 2026-07-26 20:53:20,194 ] - Epoch 233: train==[132.26726 = 0.48726 + 1.72584 + 19.70290 + 0.01984 + 0.00000 + 0.00068 + 1225.89705]
[ INFO : 2026-07-26 20:53:29,433 ] - Test_@[5, 10, 20, 50]: Recall=[0.03596, 0.05549, 0.08367, 0.13909],  precision=[0.00755, 0.00582, 0.00441, 0.00295], hit=[0.03770, 0.05786, 0.08722, 0.14544], ndcg=[0.02405, 0.03037, 0.03754, 0.04863], Train Rec Loss=[0.02990], Eval Rec Loss=[0.02995], c=[0.50000], F=[0.84105, 0.88032, 0.90948, 0.93796], F_fuse=[0.01496, 0.01156, 0.00878, 0.00589]
[ INFO : 2026-07-26 20:56:00,434 ] - Epoch 234: train==[132.34732 = 0.48285 + 1.72584 + 19.78742 + 0.01978 + 0.00000 + 0.00068 + 1225.89705]
[ INFO : 2026-07-26 20:56:09,642 ] - Test_@[5, 10, 20, 50]: Recall=[0.03643, 0.05634, 0.08423, 0.14046],  precision=[0.00765, 0.00591, 0.00444, 0.00298], hit=[0.03821, 0.05878, 0.08789, 0.14662], ndcg=[0.02431, 0.03074, 0.03781, 0.04905], Train Rec Loss=[0.02990], Eval Rec Loss=[0.02996], c=[0.50000], F=[0.83851, 0.87671, 0.90524, 0.93322], F_fuse=[0.01517, 0.01174, 0.00883, 0.00594]
[ INFO : 2026-07-26 20:58:39,925 ] - Epoch 235: train==[132.29311 = 0.48755 + 1.72584 + 19.72838 + 0.01991 + 0.00000 + 0.00070 + 1225.89705]
[ INFO : 2026-07-26 20:58:49,215 ] - Test_@[5, 10, 20, 50]: Recall=[0.03608, 0.05549, 0.08292, 0.13760],  precision=[0.00760, 0.00582, 0.00437, 0.00292], hit=[0.03780, 0.05786, 0.08671, 0.14379], ndcg=[0.02422, 0.03051, 0.03748, 0.04842], Train Rec Loss=[0.02988], Eval Rec Loss=[0.02995], c=[0.50000], F=[0.84081, 0.87959, 0.90929, 0.93832], F_fuse=[0.01507, 0.01157, 0.00870, 0.00583]
[ INFO : 2026-07-26 21:01:20,622 ] - Epoch 236: train==[132.27672 = 0.48413 + 1.72584 + 19.71541 + 0.01991 + 0.00000 + 0.00068 + 1225.89705]
[ INFO : 2026-07-26 21:01:29,658 ] - Test_@[5, 10, 20, 50]: Recall=[0.03601, 0.05578, 0.08382, 0.13840],  precision=[0.00758, 0.00586, 0.00441, 0.00294], hit=[0.03780, 0.05822, 0.08743, 0.14451], ndcg=[0.02433, 0.03071, 0.03782, 0.04874], Train Rec Loss=[0.02989], Eval Rec Loss=[0.02995], c=[0.50000], F=[0.84051, 0.87936, 0.90875, 0.93758], F_fuse=[0.01503, 0.01164, 0.00878, 0.00585]
[ INFO : 2026-07-26 21:04:00,417 ] - Epoch 237: train==[132.23830 = 0.48141 + 1.72584 + 19.67964 + 0.01997 + 0.00000 + 0.00069 + 1225.89705]
[ INFO : 2026-07-26 21:04:09,708 ] - Test_@[5, 10, 20, 50]: Recall=[0.03582, 0.05529, 0.08255, 0.13701],  precision=[0.00754, 0.00581, 0.00435, 0.00291], hit=[0.03749, 0.05770, 0.08624, 0.14317], ndcg=[0.02389, 0.03019, 0.03710, 0.04801], Train Rec Loss=[0.02989], Eval Rec Loss=[0.02995], c=[0.50000], F=[0.84259, 0.88046, 0.91008, 0.93904], F_fuse=[0.01494, 0.01154, 0.00866, 0.00580]
[ INFO : 2026-07-26 21:06:40,846 ] - Epoch 238: train==[132.29413 = 0.48142 + 1.72584 + 19.73537 + 0.02009 + 0.00000 + 0.00067 + 1225.89705]
[ INFO : 2026-07-26 21:06:50,106 ] - Test_@[5, 10, 20, 50]: Recall=[0.03590, 0.05585, 0.08303, 0.13925],  precision=[0.00752, 0.00586, 0.00438, 0.00295], hit=[0.03749, 0.05822, 0.08676, 0.14533], ndcg=[0.02409, 0.03056, 0.03746, 0.04871], Train Rec Loss=[0.02989], Eval Rec Loss=[0.02994], c=[0.50000], F=[0.83964, 0.87868, 0.90778, 0.93625], F_fuse=[0.01490, 0.01164, 0.00873, 0.00589]
[ INFO : 2026-07-26 21:09:20,994 ] - Epoch 239: train==[132.30377 = 0.47825 + 1.72583 + 19.74827 + 0.02000 + 0.00000 + 0.00069 + 1225.89705]
[ INFO : 2026-07-26 21:09:30,109 ] - Test_@[5, 10, 20, 50]: Recall=[0.03538, 0.05535, 0.08275, 0.13736],  precision=[0.00743, 0.00581, 0.00436, 0.00291], hit=[0.03703, 0.05775, 0.08645, 0.14338], ndcg=[0.02366, 0.03013, 0.03706, 0.04800], Train Rec Loss=[0.02989], Eval Rec Loss=[0.02994], c=[0.50000], F=[0.84163, 0.88030, 0.90960, 0.93760], F_fuse=[0.01472, 0.01155, 0.00868, 0.00581]
[ INFO : 2026-07-26 21:12:00,899 ] - Epoch 240: train==[132.34425 = 0.48062 + 1.72583 + 19.78633 + 0.02004 + 0.00000 + 0.00070 + 1225.89705]
[ INFO : 2026-07-26 21:12:10,106 ] - Test_@[5, 10, 20, 50]: Recall=[0.03484, 0.05400, 0.08281, 0.13666],  precision=[0.00732, 0.00566, 0.00436, 0.00290], hit=[0.03646, 0.05621, 0.08635, 0.14250], ndcg=[0.02377, 0.03003, 0.03734, 0.04810], Train Rec Loss=[0.02988], Eval Rec Loss=[0.02995], c=[0.50000], F=[0.84117, 0.88241, 0.91195, 0.94053], F_fuse=[0.01452, 0.01124, 0.00867, 0.00577]
[ INFO : 2026-07-26 21:14:40,819 ] - Epoch 241: train==[132.23847 = 0.48017 + 1.72584 + 19.68083 + 0.02022 + 0.00000 + 0.00067 + 1225.89705]
[ INFO : 2026-07-26 21:14:49,935 ] - Test_@[5, 10, 20, 50]: Recall=[0.03572, 0.05459, 0.08279, 0.13633],  precision=[0.00750, 0.00572, 0.00436, 0.00289], hit=[0.03739, 0.05683, 0.08629, 0.14225], ndcg=[0.02419, 0.03031, 0.03746, 0.04819], Train Rec Loss=[0.02989], Eval Rec Loss=[0.02995], c=[0.50000], F=[0.84132, 0.88042, 0.91025, 0.93893], F_fuse=[0.01486, 0.01136, 0.00867, 0.00576]
[ INFO : 2026-07-26 21:17:20,909 ] - Epoch 242: train==[132.26176 = 0.47498 + 1.72583 + 19.70928 + 0.02026 + 0.00000 + 0.00067 + 1225.89705]
[ INFO : 2026-07-26 21:17:30,246 ] - Test_@[5, 10, 20, 50]: Recall=[0.03521, 0.05493, 0.08229, 0.13644],  precision=[0.00741, 0.00575, 0.00434, 0.00289], hit=[0.03692, 0.05719, 0.08593, 0.14235], ndcg=[0.02371, 0.03009, 0.03706, 0.04791], Train Rec Loss=[0.02989], Eval Rec Loss=[0.02995], c=[0.50000], F=[0.84133, 0.88050, 0.91057, 0.93914], F_fuse=[0.01468, 0.01142, 0.00863, 0.00576]
[ INFO : 2026-07-26 21:20:02,103 ] - Epoch 243: train==[132.21502 = 0.47656 + 1.72583 + 19.66090 + 0.02032 + 0.00000 + 0.00067 + 1225.89705]
[ INFO : 2026-07-26 21:20:11,387 ] - Test_@[5, 10, 20, 50]: Recall=[0.03584, 0.05433, 0.08215, 0.13712],  precision=[0.00752, 0.00569, 0.00433, 0.00291], hit=[0.03744, 0.05657, 0.08568, 0.14312], ndcg=[0.02387, 0.02986, 0.03694, 0.04794], Train Rec Loss=[0.02988], Eval Rec Loss=[0.02995], c=[0.50000], F=[0.84196, 0.88075, 0.91002, 0.93813], F_fuse=[0.01490, 0.01130, 0.00861, 0.00580]
[ INFO : 2026-07-26 21:22:42,229 ] - Epoch 244: train==[132.16057 = 0.47425 + 1.72582 + 19.60883 + 0.02023 + 0.00000 + 0.00069 + 1225.89705]
[ INFO : 2026-07-26 21:22:51,468 ] - Test_@[5, 10, 20, 50]: Recall=[0.03561, 0.05464, 0.08266, 0.13702],  precision=[0.00749, 0.00572, 0.00435, 0.00290], hit=[0.03734, 0.05688, 0.08614, 0.14292], ndcg=[0.02410, 0.03028, 0.03738, 0.04825], Train Rec Loss=[0.02989], Eval Rec Loss=[0.02994], c=[0.50000], F=[0.84077, 0.88100, 0.91103, 0.93947], F_fuse=[0.01484, 0.01137, 0.00866, 0.00579]
[ INFO : 2026-07-26 21:25:22,728 ] - Epoch 245: train==[132.16332 = 0.47353 + 1.72582 + 19.61222 + 0.02034 + 0.00000 + 0.00067 + 1225.89705]
[ INFO : 2026-07-26 21:25:31,919 ] - Test_@[5, 10, 20, 50]: Recall=[0.03584, 0.05441, 0.08209, 0.13727],  precision=[0.00752, 0.00572, 0.00433, 0.00291], hit=[0.03749, 0.05683, 0.08563, 0.14343], ndcg=[0.02384, 0.02987, 0.03689, 0.04791], Train Rec Loss=[0.02989], Eval Rec Loss=[0.02995], c=[0.50000], F=[0.84117, 0.87987, 0.90966, 0.93823], F_fuse=[0.01490, 0.01136, 0.00861, 0.00581]
[ INFO : 2026-07-26 21:28:03,053 ] - Epoch 246: train==[132.18029 = 0.47148 + 1.72582 + 19.63120 + 0.02037 + 0.00000 + 0.00068 + 1225.89705]
[ INFO : 2026-07-26 21:28:12,162 ] - Test_@[5, 10, 20, 50]: Recall=[0.03529, 0.05460, 0.08278, 0.13821],  precision=[0.00741, 0.00572, 0.00436, 0.00293], hit=[0.03692, 0.05683, 0.08619, 0.14425], ndcg=[0.02355, 0.02981, 0.03696, 0.04805], Train Rec Loss=[0.02988], Eval Rec Loss=[0.02995], c=[0.50000], F=[0.84025, 0.87957, 0.90915, 0.93773], F_fuse=[0.01468, 0.01137, 0.00867, 0.00584]
[ INFO : 2026-07-26 21:30:43,056 ] - Epoch 247: train==[132.14526 = 0.47589 + 1.72582 + 19.59161 + 0.02054 + 0.00000 + 0.00067 + 1225.89705]
[ INFO : 2026-07-26 21:30:52,269 ] - Test_@[5, 10, 20, 50]: Recall=[0.03509, 0.05454, 0.08372, 0.13763],  precision=[0.00738, 0.00572, 0.00441, 0.00292], hit=[0.03677, 0.05688, 0.08727, 0.14364], ndcg=[0.02364, 0.02998, 0.03737, 0.04815], Train Rec Loss=[0.02989], Eval Rec Loss=[0.02995], c=[0.50000], F=[0.84140, 0.88077, 0.91047, 0.93800], F_fuse=[0.01464, 0.01137, 0.00877, 0.00582]
[ INFO : 2026-07-26 21:33:23,248 ] - Epoch 248: train==[132.28762 = 0.50637 + 1.72582 + 19.70355 + 0.02047 + 0.00000 + 0.00067 + 1225.89705]
[ INFO : 2026-07-26 21:33:32,463 ] - Test_@[5, 10, 20, 50]: Recall=[0.03605, 0.05505, 0.08277, 0.13804],  precision=[0.00758, 0.00577, 0.00436, 0.00293], hit=[0.03780, 0.05729, 0.08629, 0.14410], ndcg=[0.02417, 0.03030, 0.03732, 0.04836], Train Rec Loss=[0.02988], Eval Rec Loss=[0.02995], c=[0.50000], F=[0.84087, 0.88013, 0.90961, 0.93840], F_fuse=[0.01503, 0.01147, 0.00868, 0.00584]
[ INFO : 2026-07-26 21:36:03,593 ] - Epoch 249: train==[132.29554 = 0.46862 + 1.72581 + 19.74922 + 0.02049 + 0.00000 + 0.00066 + 1225.89705]
[ INFO : 2026-07-26 21:36:12,771 ] - Test_@[5, 10, 20, 50]: Recall=[0.03464, 0.05469, 0.08179, 0.13597],  precision=[0.00728, 0.00573, 0.00431, 0.00288], hit=[0.03631, 0.05693, 0.08537, 0.14194], ndcg=[0.02368, 0.03017, 0.03705, 0.04789], Train Rec Loss=[0.02989], Eval Rec Loss=[0.02995], c=[0.50000], F=[0.84169, 0.88162, 0.91112, 0.93981], F_fuse=[0.01444, 0.01138, 0.00858, 0.00575]
[ INFO : 2026-07-26 21:38:43,670 ] - Epoch 250: train==[132.22279 = 0.46325 + 1.72581 + 19.68176 + 0.02057 + 0.00000 + 0.00066 + 1225.89705]
[ INFO : 2026-07-26 21:38:52,888 ] - Test_@[5, 10, 20, 50]: Recall=[0.03538, 0.05496, 0.08268, 0.13716],  precision=[0.00744, 0.00576, 0.00435, 0.00290], hit=[0.03703, 0.05729, 0.08619, 0.14297], ndcg=[0.02373, 0.03007, 0.03710, 0.04798], Train Rec Loss=[0.02989], Eval Rec Loss=[0.02994], c=[0.50000], F=[0.84112, 0.87978, 0.90905, 0.93748], F_fuse=[0.01474, 0.01145, 0.00866, 0.00579]
[ INFO : 2026-07-26 21:41:24,446 ] - Epoch 251: train==[132.27051 = 0.46661 + 1.72581 + 19.72613 + 0.02054 + 0.00000 + 0.00068 + 1225.89705]
[ INFO : 2026-07-26 21:41:33,702 ] - Test_@[5, 10, 20, 50]: Recall=[0.03541, 0.05533, 0.08358, 0.13848],  precision=[0.00744, 0.00581, 0.00441, 0.00294], hit=[0.03713, 0.05760, 0.08722, 0.14446], ndcg=[0.02394, 0.03039, 0.03758, 0.04855], Train Rec Loss=[0.02988], Eval Rec Loss=[0.02994], c=[0.50000], F=[0.84051, 0.88057, 0.90964, 0.93720], F_fuse=[0.01474, 0.01154, 0.00878, 0.00585]
[ INFO : 2026-07-26 21:44:04,466 ] - Epoch 252: train==[132.19790 = 0.46270 + 1.72581 + 19.65737 + 0.02060 + 0.00000 + 0.00068 + 1225.89705]
[ INFO : 2026-07-26 21:44:13,712 ] - Test_@[5, 10, 20, 50]: Recall=[0.03556, 0.05452, 0.08307, 0.13769],  precision=[0.00746, 0.00571, 0.00438, 0.00292], hit=[0.03723, 0.05672, 0.08681, 0.14353], ndcg=[0.02388, 0.03003, 0.03730, 0.04822], Train Rec Loss=[0.02990], Eval Rec Loss=[0.02995], c=[0.50000], F=[0.84043, 0.87915, 0.90836, 0.93686], F_fuse=[0.01478, 0.01135, 0.00872, 0.00582]
[ INFO : 2026-07-26 21:46:44,874 ] - Epoch 253: train==[132.20797 = 0.46392 + 1.72580 + 19.66612 + 0.02072 + 0.00000 + 0.00067 + 1225.89705]
[ INFO : 2026-07-26 21:46:54,096 ] - Test_@[5, 10, 20, 50]: Recall=[0.03508, 0.05434, 0.08172, 0.13605],  precision=[0.00738, 0.00570, 0.00430, 0.00288], hit=[0.03677, 0.05667, 0.08537, 0.14199], ndcg=[0.02356, 0.02984, 0.03680, 0.04768], Train Rec Loss=[0.02988], Eval Rec Loss=[0.02995], c=[0.50000], F=[0.84218, 0.88165, 0.91036, 0.93871], F_fuse=[0.01464, 0.01133, 0.00857, 0.00575]
[ INFO : 2026-07-26 21:49:25,537 ] - Epoch 254: train==[132.18418 = 0.46255 + 1.72580 + 19.64364 + 0.02078 + 0.00000 + 0.00068 + 1225.89705]
[ INFO : 2026-07-26 21:49:34,720 ] - Test_@[5, 10, 20, 50]: Recall=[0.03495, 0.05524, 0.08181, 0.13710],  precision=[0.00734, 0.00580, 0.00430, 0.00291], hit=[0.03667, 0.05760, 0.08532, 0.14307], ndcg=[0.02352, 0.03010, 0.03685, 0.04792], Train Rec Loss=[0.02988], Eval Rec Loss=[0.02994], c=[0.50000], F=[0.84094, 0.88026, 0.90970, 0.93785], F_fuse=[0.01456, 0.01152, 0.00857, 0.00580]
[ INFO : 2026-07-26 21:52:06,469 ] - Epoch 255: train==[132.15075 = 0.46496 + 1.72579 + 19.60792 + 0.02063 + 0.00000 + 0.00070 + 1225.89705]
[ INFO : 2026-07-26 21:52:15,575 ] - Test_@[5, 10, 20, 50]: Recall=[0.03427, 0.05352, 0.08024, 0.13553],  precision=[0.00720, 0.00562, 0.00422, 0.00287], hit=[0.03584, 0.05585, 0.08377, 0.14148], ndcg=[0.02334, 0.02961, 0.03643, 0.04754], Train Rec Loss=[0.02989], Eval Rec Loss=[0.02995], c=[0.50000], F=[0.84049, 0.88028, 0.90991, 0.93826], F_fuse=[0.01428, 0.01116, 0.00841, 0.00573]
[ INFO : 2026-07-26 21:54:46,508 ] - Epoch 256: train==[132.20247 = 0.46206 + 1.72579 + 19.66247 + 0.02075 + 0.00000 + 0.00068 + 1225.89705]
[ INFO : 2026-07-26 21:54:55,711 ] - Test_@[5, 10, 20, 50]: Recall=[0.03568, 0.05449, 0.08280, 0.13644],  precision=[0.00750, 0.00571, 0.00436, 0.00289], hit=[0.03739, 0.05678, 0.08645, 0.14230], ndcg=[0.02402, 0.03012, 0.03732, 0.04805], Train Rec Loss=[0.02988], Eval Rec Loss=[0.02994], c=[0.50000], F=[0.84063, 0.88003, 0.90930, 0.93822], F_fuse=[0.01486, 0.01135, 0.00868, 0.00576]
[ INFO : 2026-07-26 21:57:27,485 ] - Epoch 257: train==[132.15261 = 0.46397 + 1.72579 + 19.61064 + 0.02080 + 0.00000 + 0.00067 + 1225.89705]
[ INFO : 2026-07-26 21:57:36,601 ] - Test_@[5, 10, 20, 50]: Recall=[0.03502, 0.05503, 0.08248, 0.13715],  precision=[0.00737, 0.00577, 0.00435, 0.00290], hit=[0.03677, 0.05734, 0.08614, 0.14307], ndcg=[0.02365, 0.03014, 0.03709, 0.04802], Train Rec Loss=[0.02989], Eval Rec Loss=[0.02994], c=[0.50000], F=[0.84109, 0.88047, 0.90989, 0.93839], F_fuse=[0.01462, 0.01147, 0.00865, 0.00579]
[ INFO : 2026-07-26 22:00:07,884 ] - Epoch 258: train==[132.16241 = 0.46021 + 1.72578 + 19.62415 + 0.02086 + 0.00000 + 0.00068 + 1225.89705]
[ INFO : 2026-07-26 22:00:17,145 ] - Test_@[5, 10, 20, 50]: Recall=[0.03565, 0.05481, 0.08208, 0.13644],  precision=[0.00749, 0.00574, 0.00433, 0.00289], hit=[0.03728, 0.05703, 0.08573, 0.14235], ndcg=[0.02378, 0.02998, 0.03694, 0.04783], Train Rec Loss=[0.02988], Eval Rec Loss=[0.02995], c=[0.50000], F=[0.84106, 0.87886, 0.90805, 0.93621], F_fuse=[0.01484, 0.01140, 0.00861, 0.00576]
[ INFO : 2026-07-26 22:02:48,155 ] - Epoch 259: train==[132.18540 = 0.46002 + 1.72578 + 19.64724 + 0.02096 + 0.00000 + 0.00066 + 1225.89705]
[ INFO : 2026-07-26 22:02:57,272 ] - Test_@[5, 10, 20, 50]: Recall=[0.03496, 0.05393, 0.08176, 0.13547],  precision=[0.00733, 0.00565, 0.00431, 0.00288], hit=[0.03656, 0.05611, 0.08532, 0.14148], ndcg=[0.02372, 0.02986, 0.03694, 0.04774], Train Rec Loss=[0.02989], Eval Rec Loss=[0.02995], c=[0.50000], F=[0.84092, 0.87965, 0.90937, 0.93851], F_fuse=[0.01454, 0.01122, 0.00857, 0.00574]
[ INFO : 2026-07-26 22:05:28,738 ] - Epoch 260: train==[132.14127 = 0.45771 + 1.72578 + 19.60537 + 0.02101 + 0.00000 + 0.00067 + 1225.89705]
[ INFO : 2026-07-26 22:05:37,940 ] - Test_@[5, 10, 20, 50]: Recall=[0.03492, 0.05497, 0.08241, 0.13641],  precision=[0.00732, 0.00576, 0.00434, 0.00289], hit=[0.03646, 0.05729, 0.08599, 0.14245], ndcg=[0.02367, 0.03019, 0.03716, 0.04798], Train Rec Loss=[0.02989], Eval Rec Loss=[0.02995], c=[0.50000], F=[0.84058, 0.88036, 0.90949, 0.93788], F_fuse=[0.01452, 0.01145, 0.00863, 0.00577]
[ INFO : 2026-07-26 22:08:09,244 ] - Epoch 261: train==[132.20591 = 0.45856 + 1.72577 + 19.66920 + 0.02095 + 0.00000 + 0.00070 + 1225.89705]
[ INFO : 2026-07-26 22:08:18,565 ] - Test_@[5, 10, 20, 50]: Recall=[0.03540, 0.05474, 0.08272, 0.13632],  precision=[0.00744, 0.00573, 0.00436, 0.00289], hit=[0.03703, 0.05703, 0.08645, 0.14235], ndcg=[0.02371, 0.02998, 0.03711, 0.04783], Train Rec Loss=[0.02989], Eval Rec Loss=[0.02995], c=[0.50000], F=[0.84061, 0.87989, 0.90881, 0.93715], F_fuse=[0.01474, 0.01139, 0.00868, 0.00577]
[ INFO : 2026-07-26 22:10:50,217 ] - Epoch 262: train==[132.18164 = 0.45713 + 1.72577 + 19.64637 + 0.02094 + 0.00000 + 0.00070 + 1225.89705]
[ INFO : 2026-07-26 22:10:59,311 ] - Test_@[5, 10, 20, 50]: Recall=[0.03499, 0.05465, 0.08236, 0.13537],  precision=[0.00736, 0.00574, 0.00434, 0.00287], hit=[0.03672, 0.05708, 0.08593, 0.14137], ndcg=[0.02388, 0.03027, 0.03731, 0.04794], Train Rec Loss=[0.02989], Eval Rec Loss=[0.02995], c=[0.50000], F=[0.84177, 0.88031, 0.90999, 0.93891], F_fuse=[0.01460, 0.01141, 0.00863, 0.00573]
[ INFO : 2026-07-26 22:13:30,658 ] - Epoch 263: train==[132.09436 = 0.45431 + 1.72576 + 19.56185 + 0.02100 + 0.00000 + 0.00070 + 1225.89705]
[ INFO : 2026-07-26 22:13:39,891 ] - Test_@[5, 10, 20, 50]: Recall=[0.03499, 0.05388, 0.08088, 0.13504],  precision=[0.00737, 0.00566, 0.00426, 0.00286], hit=[0.03672, 0.05626, 0.08449, 0.14101], ndcg=[0.02347, 0.02960, 0.03645, 0.04731], Train Rec Loss=[0.02989], Eval Rec Loss=[0.02995], c=[0.50000], F=[0.84153, 0.88097, 0.91087, 0.93992], F_fuse=[0.01462, 0.01125, 0.00848, 0.00571]
[ INFO : 2026-07-26 22:16:11,228 ] - Epoch 264: train==[132.15397 = 0.45280 + 1.72575 + 19.62289 + 0.02111 + 0.00000 + 0.00068 + 1225.89705]
[ INFO : 2026-07-26 22:16:20,408 ] - Test_@[5, 10, 20, 50]: Recall=[0.03468, 0.05421, 0.08162, 0.13546],  precision=[0.00729, 0.00568, 0.00429, 0.00288], hit=[0.03636, 0.05642, 0.08511, 0.14158], ndcg=[0.02333, 0.02969, 0.03667, 0.04746], Train Rec Loss=[0.02990], Eval Rec Loss=[0.02996], c=[0.50000], F=[0.84213, 0.88228, 0.91093, 0.93951], F_fuse=[0.01446, 0.01128, 0.00854, 0.00574]
[ INFO : 2026-07-26 22:18:51,651 ] - Epoch 265: train==[132.12657 = 0.45574 + 1.72575 + 19.59256 + 0.02108 + 0.00000 + 0.00069 + 1225.89705]
[ INFO : 2026-07-26 22:19:00,744 ] - Test_@[5, 10, 20, 50]: Recall=[0.03519, 0.05406, 0.08003, 0.13319],  precision=[0.00740, 0.00567, 0.00421, 0.00283], hit=[0.03687, 0.05642, 0.08357, 0.13911], ndcg=[0.02369, 0.02983, 0.03641, 0.04710], Train Rec Loss=[0.02989], Eval Rec Loss=[0.02994], c=[0.50000], F=[0.83996, 0.87980, 0.91047, 0.93957], F_fuse=[0.01466, 0.01127, 0.00839, 0.00563]
[ INFO : 2026-07-26 22:21:32,357 ] - Epoch 266: train==[132.07329 = 0.45283 + 1.72574 + 19.54213 + 0.02117 + 0.00000 + 0.00068 + 1225.89705]
[ INFO : 2026-07-26 22:21:41,497 ] - Test_@[5, 10, 20, 50]: Recall=[0.03496, 0.05472, 0.08081, 0.13643],  precision=[0.00734, 0.00574, 0.00425, 0.00289], hit=[0.03656, 0.05703, 0.08434, 0.14230], ndcg=[0.02346, 0.02987, 0.03648, 0.04763], Train Rec Loss=[0.02990], Eval Rec Loss=[0.02995], c=[0.50000], F=[0.84016, 0.88019, 0.90888, 0.93736], F_fuse=[0.01456, 0.01140, 0.00846, 0.00576]
[ INFO : 2026-07-26 22:24:13,080 ] - Epoch 267: train==[132.04979 = 0.45166 + 1.72574 + 19.51967 + 0.02132 + 0.00000 + 0.00067 + 1225.89705]
[ INFO : 2026-07-26 22:24:22,301 ] - Test_@[5, 10, 20, 50]: Recall=[0.03571, 0.05464, 0.08241, 0.13739],  precision=[0.00751, 0.00573, 0.00433, 0.00291], hit=[0.03739, 0.05698, 0.08583, 0.14338], ndcg=[0.02388, 0.03003, 0.03707, 0.04808], Train Rec Loss=[0.02989], Eval Rec Loss=[0.02995], c=[0.50000], F=[0.84061, 0.87943, 0.90869, 0.93737], F_fuse=[0.01488, 0.01139, 0.00862, 0.00581]
[ INFO : 2026-07-26 22:26:54,942 ] - Epoch 268: train==[132.05041 = 0.45093 + 1.72574 + 19.52099 + 0.02136 + 0.00000 + 0.00066 + 1225.89705]
[ INFO : 2026-07-26 22:27:04,112 ] - Test_@[5, 10, 20, 50]: Recall=[0.03477, 0.05376, 0.08148, 0.13523],  precision=[0.00730, 0.00562, 0.00429, 0.00287], hit=[0.03641, 0.05590, 0.08506, 0.14122], ndcg=[0.02349, 0.02963, 0.03670, 0.04750], Train Rec Loss=[0.02989], Eval Rec Loss=[0.02995], c=[0.50000], F=[0.84113, 0.88112, 0.91063, 0.93890], F_fuse=[0.01448, 0.01117, 0.00853, 0.00572]
[ INFO : 2026-07-26 22:29:35,372 ] - Epoch 269: train==[132.11879 = 0.44741 + 1.72572 + 19.59296 + 0.02130 + 0.00000 + 0.00067 + 1225.89705]
[ INFO : 2026-07-26 22:29:44,459 ] - Test_@[5, 10, 20, 50]: Recall=[0.03502, 0.05466, 0.08131, 0.13467],  precision=[0.00736, 0.00573, 0.00428, 0.00286], hit=[0.03667, 0.05703, 0.08496, 0.14065], ndcg=[0.02348, 0.02985, 0.03661, 0.04730], Train Rec Loss=[0.02989], Eval Rec Loss=[0.02995], c=[0.50000], F=[0.84221, 0.88068, 0.91023, 0.93907], F_fuse=[0.01460, 0.01139, 0.00852, 0.00570]
[ INFO : 2026-07-26 22:32:15,882 ] - Epoch 270: train==[132.06612 = 0.45439 + 1.72572 + 19.53323 + 0.02138 + 0.00000 + 0.00068 + 1225.89705]
[ INFO : 2026-07-26 22:32:25,078 ] - Test_@[5, 10, 20, 50]: Recall=[0.03547, 0.05432, 0.08148, 0.13693],  precision=[0.00746, 0.00569, 0.00429, 0.00291], hit=[0.03723, 0.05647, 0.08511, 0.14297], ndcg=[0.02367, 0.02977, 0.03671, 0.04782], Train Rec Loss=[0.02988], Eval Rec Loss=[0.02995], c=[0.50000], F=[0.84036, 0.87816, 0.90797, 0.93690], F_fuse=[0.01478, 0.01130, 0.00855, 0.00580]
[ INFO : 2026-07-26 22:34:56,466 ] - Epoch 271: train==[132.00787 = 0.44693 + 1.72571 + 19.48237 + 0.02144 + 0.00000 + 0.00068 + 1225.89705]
[ INFO : 2026-07-26 22:35:05,720 ] - Test_@[5, 10, 20, 50]: Recall=[0.03554, 0.05472, 0.08166, 0.13720],  precision=[0.00749, 0.00574, 0.00430, 0.00291], hit=[0.03728, 0.05708, 0.08527, 0.14317], ndcg=[0.02385, 0.03005, 0.03688, 0.04798], Train Rec Loss=[0.02990], Eval Rec Loss=[0.02995], c=[0.50000], F=[0.83941, 0.87878, 0.90772, 0.93660], F_fuse=[0.01484, 0.01141, 0.00855, 0.00580]
[ INFO : 2026-07-26 22:37:36,677 ] - Epoch 272: train==[132.10655 = 0.44410 + 1.72570 + 19.58394 + 0.02140 + 0.00000 + 0.00067 + 1225.89705]
[ INFO : 2026-07-26 22:37:45,841 ] - Test_@[5, 10, 20, 50]: Recall=[0.03433, 0.05392, 0.08076, 0.13382],  precision=[0.00721, 0.00565, 0.00426, 0.00284], hit=[0.03590, 0.05611, 0.08439, 0.13973], ndcg=[0.02324, 0.02960, 0.03644, 0.04708], Train Rec Loss=[0.02990], Eval Rec Loss=[0.02995], c=[0.50000], F=[0.84078, 0.88134, 0.91105, 0.93977], F_fuse=[0.01430, 0.01122, 0.00847, 0.00566]
[ INFO : 2026-07-26 22:40:17,090 ] - Epoch 273: train==[131.97471 = 0.44856 + 1.72570 + 19.44757 + 0.02145 + 0.00000 + 0.00069 + 1225.89705]
[ INFO : 2026-07-26 22:40:26,271 ] - Test_@[5, 10, 20, 50]: Recall=[0.03497, 0.05467, 0.08205, 0.13553],  precision=[0.00734, 0.00573, 0.00432, 0.00287], hit=[0.03656, 0.05698, 0.08568, 0.14153], ndcg=[0.02347, 0.02985, 0.03680, 0.04751], Train Rec Loss=[0.02990], Eval Rec Loss=[0.02995], c=[0.50000], F=[0.84090, 0.88001, 0.90932, 0.93785], F_fuse=[0.01456, 0.01139, 0.00859, 0.00573]
[ INFO : 2026-07-26 22:42:57,226 ] - Epoch 274: train==[132.03100 = 0.44905 + 1.72569 + 19.50334 + 0.02151 + 0.00000 + 0.00068 + 1225.89705]
[ INFO : 2026-07-26 22:43:06,474 ] - Test_@[5, 10, 20, 50]: Recall=[0.03475, 0.05422, 0.08145, 0.13617],  precision=[0.00732, 0.00570, 0.00430, 0.00288], hit=[0.03651, 0.05662, 0.08516, 0.14199], ndcg=[0.02347, 0.02985, 0.03676, 0.04769], Train Rec Loss=[0.02989], Eval Rec Loss=[0.02996], c=[0.50000], F=[0.84088, 0.88112, 0.91045, 0.93861], F_fuse=[0.01452, 0.01132, 0.00855, 0.00575]
[ INFO : 2026-07-26 22:45:37,696 ] - Epoch 275: train==[132.12145 = 0.44538 + 1.72568 + 19.59742 + 0.02153 + 0.00000 + 0.00069 + 1225.89705]
[ INFO : 2026-07-26 22:45:46,856 ] - Test_@[5, 10, 20, 50]: Recall=[0.03492, 0.05372, 0.08066, 0.13429],  precision=[0.00736, 0.00563, 0.00425, 0.00285], hit=[0.03667, 0.05600, 0.08429, 0.14034], ndcg=[0.02373, 0.02979, 0.03668, 0.04744], Train Rec Loss=[0.02991], Eval Rec Loss=[0.02997], c=[0.50000], F=[0.84031, 0.88030, 0.90913, 0.93791], F_fuse=[0.01460, 0.01118, 0.00846, 0.00568]
[ INFO : 2026-07-26 22:48:17,956 ] - Epoch 276: train==[132.09277 = 0.44007 + 1.72567 + 19.57398 + 0.02162 + 0.00000 + 0.00069 + 1225.89705]
[ INFO : 2026-07-26 22:48:27,169 ] - Test_@[5, 10, 20, 50]: Recall=[0.03499, 0.05363, 0.08104, 0.13496],  precision=[0.00735, 0.00563, 0.00427, 0.00286], hit=[0.03667, 0.05590, 0.08460, 0.14091], ndcg=[0.02350, 0.02955, 0.03650, 0.04731], Train Rec Loss=[0.02990], Eval Rec Loss=[0.02995], c=[0.50000], F=[0.84114, 0.87976, 0.90918, 0.93758], F_fuse=[0.01458, 0.01118, 0.00849, 0.00571]
[ INFO : 2026-07-26 22:50:57,915 ] - Epoch 277: train==[131.91993 = 0.44130 + 1.72566 + 19.39996 + 0.02159 + 0.00000 + 0.00068 + 1225.89705]
[ INFO : 2026-07-26 22:51:07,211 ] - Test_@[5, 10, 20, 50]: Recall=[0.03519, 0.05427, 0.07996, 0.13267],  precision=[0.00741, 0.00569, 0.00421, 0.00281], hit=[0.03692, 0.05657, 0.08341, 0.13839], ndcg=[0.02358, 0.02975, 0.03626, 0.04683], Train Rec Loss=[0.02990], Eval Rec Loss=[0.02996], c=[0.50000], F=[0.84046, 0.88026, 0.91000, 0.93864], F_fuse=[0.01468, 0.01131, 0.00838, 0.00561]
[ INFO : 2026-07-26 22:53:38,712 ] - Epoch 278: train==[132.05341 = 0.44478 + 1.72565 + 19.53002 + 0.02147 + 0.00000 + 0.00074 + 1225.89705]
[ INFO : 2026-07-26 22:53:47,912 ] - Test_@[5, 10, 20, 50]: Recall=[0.03446, 0.05392, 0.08047, 0.13323],  precision=[0.00727, 0.00567, 0.00424, 0.00282], hit=[0.03620, 0.05626, 0.08413, 0.13901], ndcg=[0.02328, 0.02961, 0.03638, 0.04696], Train Rec Loss=[0.02990], Eval Rec Loss=[0.02997], c=[0.50000], F=[0.84203, 0.88138, 0.91007, 0.93813], F_fuse=[0.01442, 0.01126, 0.00844, 0.00563]
[ INFO : 2026-07-26 22:56:19,765 ] - Epoch 279: train==[131.94199 = 0.44203 + 1.72564 + 19.42124 + 0.02165 + 0.00000 + 0.00070 + 1225.89705]
[ INFO : 2026-07-26 22:56:28,939 ] - Test_@[5, 10, 20, 50]: Recall=[0.03512, 0.05363, 0.08152, 0.13419],  precision=[0.00738, 0.00562, 0.00429, 0.00285], hit=[0.03677, 0.05585, 0.08506, 0.14004], ndcg=[0.02365, 0.02967, 0.03674, 0.04730], Train Rec Loss=[0.02990], Eval Rec Loss=[0.02997], c=[0.50000], F=[0.84042, 0.87962, 0.90897, 0.93806], F_fuse=[0.01464, 0.01117, 0.00854, 0.00568]
[ INFO : 2026-07-26 22:58:59,967 ] - Epoch 280: train==[132.05504 = 0.43842 + 1.72563 + 19.53787 + 0.02170 + 0.00000 + 0.00068 + 1225.89705]
[ INFO : 2026-07-26 22:59:09,248 ] - Test_@[5, 10, 20, 50]: Recall=[0.03591, 0.05436, 0.08133, 0.13548],  precision=[0.00755, 0.00569, 0.00428, 0.00287], hit=[0.03759, 0.05652, 0.08496, 0.14127], ndcg=[0.02398, 0.02994, 0.03681, 0.04765], Train Rec Loss=[0.02991], Eval Rec Loss=[0.02998], c=[0.50000], F=[0.84092, 0.87983, 0.90897, 0.93754], F_fuse=[0.01496, 0.01131, 0.00852, 0.00573]
[ INFO : 2026-07-26 23:01:40,588 ] - Epoch 281: train==[132.03910 = 0.44183 + 1.72561 + 19.51838 + 0.02187 + 0.00000 + 0.00067 + 1225.89705]
[ INFO : 2026-07-26 23:01:49,924 ] - Test_@[5, 10, 20, 50]: Recall=[0.03489, 0.05357, 0.08056, 0.13309],  precision=[0.00733, 0.00562, 0.00424, 0.00283], hit=[0.03651, 0.05585, 0.08419, 0.13916], ndcg=[0.02325, 0.02927, 0.03613, 0.04666], Train Rec Loss=[0.02991], Eval Rec Loss=[0.02998], c=[0.50000], F=[0.84166, 0.88180, 0.91092, 0.93922], F_fuse=[0.01454, 0.01117, 0.00845, 0.00563]
[ INFO : 2026-07-26 23:04:21,334 ] - Epoch 282: train==[131.91956 = 0.43785 + 1.72560 + 19.40283 + 0.02189 + 0.00000 + 0.00067 + 1225.89705]
[ INFO : 2026-07-26 23:04:30,427 ] - Test_@[5, 10, 20, 50]: Recall=[0.03451, 0.05396, 0.08124, 0.13350],  precision=[0.00726, 0.00566, 0.00427, 0.00284], hit=[0.03615, 0.05621, 0.08480, 0.13968], ndcg=[0.02337, 0.02966, 0.03659, 0.04707], Train Rec Loss=[0.02991], Eval Rec Loss=[0.02997], c=[0.50000], F=[0.84181, 0.88098, 0.91060, 0.93962], F_fuse=[0.01440, 0.01124, 0.00851, 0.00566]
[ INFO : 2026-07-26 23:07:01,534 ] - Epoch 283: train==[131.99807 = 0.44199 + 1.72559 + 19.47719 + 0.02190 + 0.00000 + 0.00067 + 1225.89705]
[ INFO : 2026-07-26 23:07:10,795 ] - Test_@[5, 10, 20, 50]: Recall=[0.03477, 0.05277, 0.08157, 0.13386],  precision=[0.00730, 0.00553, 0.00429, 0.00284], hit=[0.03646, 0.05498, 0.08521, 0.13962], ndcg=[0.02359, 0.02946, 0.03676, 0.04722], Train Rec Loss=[0.02991], Eval Rec Loss=[0.02998], c=[0.50000], F=[0.84074, 0.87934, 0.90868, 0.93768], F_fuse=[0.01448, 0.01100, 0.00855, 0.00566]
[ INFO : 2026-07-26 23:09:42,658 ] - Epoch 284: train==[131.98945 = 0.43347 + 1.72557 + 19.47710 + 0.02189 + 0.00000 + 0.00068 + 1225.89705]
[ INFO : 2026-07-26 23:09:51,778 ] - Test_@[5, 10, 20, 50]: Recall=[0.03443, 0.05347, 0.08063, 0.13317],  precision=[0.00725, 0.00561, 0.00424, 0.00282], hit=[0.03615, 0.05570, 0.08413, 0.13896], ndcg=[0.02346, 0.02962, 0.03651, 0.04704], Train Rec Loss=[0.02991], Eval Rec Loss=[0.02998], c=[0.50000], F=[0.84079, 0.87982, 0.90928, 0.93835], F_fuse=[0.01438, 0.01114, 0.00844, 0.00563]
[ INFO : 2026-07-26 23:12:23,233 ] - Epoch 285: train==[131.93714 = 0.43632 + 1.72556 + 19.42189 + 0.02196 + 0.00000 + 0.00067 + 1225.89705]
[ INFO : 2026-07-26 23:12:32,441 ] - Test_@[5, 10, 20, 50]: Recall=[0.03458, 0.05319, 0.07945, 0.13130],  precision=[0.00730, 0.00558, 0.00418, 0.00279], hit=[0.03636, 0.05549, 0.08300, 0.13726], ndcg=[0.02339, 0.02946, 0.03611, 0.04654], Train Rec Loss=[0.02992], Eval Rec Loss=[0.02998], c=[0.50000], F=[0.84177, 0.88080, 0.91067, 0.93949], F_fuse=[0.01448, 0.01110, 0.00832, 0.00556]
[ INFO : 2026-07-26 23:15:03,991 ] - Epoch 286: train==[132.06583 = 0.43447 + 1.72553 + 19.55249 + 0.02191 + 0.00000 + 0.00069 + 1225.89705]
[ INFO : 2026-07-26 23:15:13,218 ] - Test_@[5, 10, 20, 50]: Recall=[0.03429, 0.05300, 0.08045, 0.13362],  precision=[0.00720, 0.00557, 0.00424, 0.00283], hit=[0.03590, 0.05534, 0.08408, 0.13947], ndcg=[0.02332, 0.02943, 0.03643, 0.04709], Train Rec Loss=[0.02992], Eval Rec Loss=[0.02999], c=[0.50000], F=[0.84105, 0.87970, 0.90832, 0.93677], F_fuse=[0.01428, 0.01107, 0.00844, 0.00565]
[ INFO : 2026-07-26 23:17:45,117 ] - Epoch 287: train==[131.98201 = 0.43644 + 1.72552 + 19.46665 + 0.02199 + 0.00000 + 0.00068 + 1225.89705]
[ INFO : 2026-07-26 23:17:54,314 ] - Test_@[5, 10, 20, 50]: Recall=[0.03482, 0.05387, 0.08046, 0.13197],  precision=[0.00731, 0.00565, 0.00423, 0.00280], hit=[0.03641, 0.05611, 0.08393, 0.13803], ndcg=[0.02346, 0.02962, 0.03637, 0.04669], Train Rec Loss=[0.02992], Eval Rec Loss=[0.02998], c=[0.50000], F=[0.84191, 0.88118, 0.91031, 0.93958], F_fuse=[0.01450, 0.01123, 0.00843, 0.00559]
[ INFO : 2026-07-26 23:20:25,687 ] - Epoch 288: train==[131.99695 = 0.43175 + 1.72549 + 19.48624 + 0.02207 + 0.00000 + 0.00066 + 1225.89705]
[ INFO : 2026-07-26 23:20:34,840 ] - Test_@[5, 10, 20, 50]: Recall=[0.03487, 0.05276, 0.07991, 0.13243],  precision=[0.00734, 0.00553, 0.00420, 0.00281], hit=[0.03656, 0.05498, 0.08347, 0.13844], ndcg=[0.02333, 0.02916, 0.03607, 0.04662], Train Rec Loss=[0.02993], Eval Rec Loss=[0.02999], c=[0.50000], F=[0.84202, 0.88113, 0.91032, 0.93896], F_fuse=[0.01456, 0.01100, 0.00837, 0.00561]
[ INFO : 2026-07-26 23:23:05,931 ] - Epoch 289: train==[131.91673 = 0.43429 + 1.72548 + 19.40343 + 0.02211 + 0.00000 + 0.00067 + 1225.89705]
[ INFO : 2026-07-26 23:23:15,072 ] - Test_@[5, 10, 20, 50]: Recall=[0.03425, 0.05300, 0.07915, 0.13212],  precision=[0.00720, 0.00557, 0.00417, 0.00280], hit=[0.03590, 0.05534, 0.08264, 0.13798], ndcg=[0.02299, 0.02910, 0.03573, 0.04636], Train Rec Loss=[0.02994], Eval Rec Loss=[0.02999], c=[0.50000], F=[0.84303, 0.88102, 0.90963, 0.93863], F_fuse=[0.01428, 0.01107, 0.00829, 0.00559]
[ INFO : 2026-07-26 23:25:46,754 ] - Epoch 290: train==[132.00294 = 0.43174 + 1.72545 + 19.49214 + 0.02220 + 0.00000 + 0.00067 + 1225.89705]
[ INFO : 2026-07-26 23:25:56,026 ] - Test_@[5, 10, 20, 50]: Recall=[0.03478, 0.05336, 0.08050, 0.13252],  precision=[0.00731, 0.00560, 0.00424, 0.00281], hit=[0.03641, 0.05564, 0.08408, 0.13844], ndcg=[0.02321, 0.02923, 0.03609, 0.04651], Train Rec Loss=[0.02994], Eval Rec Loss=[0.02999], c=[0.50000], F=[0.84207, 0.88212, 0.91117, 0.94041], F_fuse=[0.01450, 0.01112, 0.00843, 0.00561]
[ INFO : 2026-07-26 23:28:27,171 ] - Epoch 291: train==[131.93635 = 0.43063 + 1.72542 + 19.42674 + 0.02212 + 0.00000 + 0.00070 + 1225.89705]
[ INFO : 2026-07-26 23:28:36,344 ] - Test_@[5, 10, 20, 50]: Recall=[0.03477, 0.05412, 0.08156, 0.13423],  precision=[0.00731, 0.00568, 0.00430, 0.00285], hit=[0.03646, 0.05642, 0.08521, 0.14034], ndcg=[0.02330, 0.02957, 0.03653, 0.04710], Train Rec Loss=[0.02994], Eval Rec Loss=[0.03000], c=[0.50000], F=[0.83984, 0.87939, 0.90843, 0.93713], F_fuse=[0.01450, 0.01128, 0.00855, 0.00568]
[ INFO : 2026-07-26 23:31:07,247 ] - Epoch 292: train==[132.05141 = 0.46186 + 1.72540 + 19.51055 + 0.02220 + 0.00000 + 0.00067 + 1225.89705]
[ INFO : 2026-07-26 23:31:16,542 ] - Test_@[5, 10, 20, 50]: Recall=[0.03553, 0.05406, 0.08189, 0.13470],  precision=[0.00748, 0.00566, 0.00431, 0.00286], hit=[0.03728, 0.05626, 0.08542, 0.14065], ndcg=[0.02394, 0.02996, 0.03702, 0.04761], Train Rec Loss=[0.02995], Eval Rec Loss=[0.03001], c=[0.50000], F=[0.84036, 0.87884, 0.90822, 0.93671], F_fuse=[0.01482, 0.01125, 0.00857, 0.00570]
[ INFO : 2026-07-26 23:33:47,651 ] - Epoch 293: train==[131.87583 = 0.44292 + 1.72538 + 19.35386 + 0.02224 + 0.00000 + 0.00069 + 1225.89705]
[ INFO : 2026-07-26 23:33:56,774 ] - Test_@[5, 10, 20, 50]: Recall=[0.03466, 0.05333, 0.08045, 0.13233],  precision=[0.00729, 0.00559, 0.00424, 0.00281], hit=[0.03631, 0.05549, 0.08413, 0.13844], ndcg=[0.02324, 0.02930, 0.03620, 0.04660], Train Rec Loss=[0.02995], Eval Rec Loss=[0.03000], c=[0.50000], F=[0.84181, 0.88048, 0.90955, 0.93841], F_fuse=[0.01446, 0.01111, 0.00844, 0.00561]
[ INFO : 2026-07-26 23:36:27,925 ] - Epoch 294: train==[131.99093 = 0.42342 + 1.72533 + 19.48848 + 0.02228 + 0.00000 + 0.00068 + 1225.89705]
[ INFO : 2026-07-26 23:36:37,254 ] - Test_@[5, 10, 20, 50]: Recall=[0.03502, 0.05406, 0.08047, 0.13437],  precision=[0.00736, 0.00566, 0.00424, 0.00285], hit=[0.03672, 0.05621, 0.08398, 0.14014], ndcg=[0.02348, 0.02968, 0.03640, 0.04722], Train Rec Loss=[0.02996], Eval Rec Loss=[0.03002], c=[0.50000], F=[0.84123, 0.87994, 0.90850, 0.93737], F_fuse=[0.01460, 0.01124, 0.00844, 0.00568]
[ INFO : 2026-07-26 23:39:08,878 ] - Epoch 295: train==[131.97831 = 0.42867 + 1.72530 + 19.47053 + 0.02241 + 0.00000 + 0.00067 + 1225.89705]
[ INFO : 2026-07-26 23:39:18,244 ] - Test_@[5, 10, 20, 50]: Recall=[0.03397, 0.05282, 0.07838, 0.13163],  precision=[0.00716, 0.00554, 0.00412, 0.00279], hit=[0.03569, 0.05508, 0.08187, 0.13741], ndcg=[0.02290, 0.02899, 0.03549, 0.04619], Train Rec Loss=[0.02996], Eval Rec Loss=[0.03003], c=[0.50000], F=[0.84140, 0.88160, 0.91049, 0.93953], F_fuse=[0.01420, 0.01101, 0.00821, 0.00557]
[ INFO : 2026-07-26 23:41:49,982 ] - Epoch 296: train==[131.87507 = 0.42544 + 1.72527 + 19.37056 + 0.02239 + 0.00000 + 0.00068 + 1225.89705]
[ INFO : 2026-07-26 23:41:59,107 ] - Test_@[5, 10, 20, 50]: Recall=[0.03531, 0.05335, 0.07967, 0.13090],  precision=[0.00741, 0.00558, 0.00419, 0.00278], hit=[0.03692, 0.05544, 0.08305, 0.13674], ndcg=[0.02380, 0.02964, 0.03632, 0.04662], Train Rec Loss=[0.02997], Eval Rec Loss=[0.03004], c=[0.50000], F=[0.84041, 0.88095, 0.91092, 0.94042], F_fuse=[0.01468, 0.01109, 0.00834, 0.00554]
[ INFO : 2026-07-26 23:44:30,174 ] - Epoch 297: train==[131.95012 = 0.42807 + 1.72522 + 19.44302 + 0.02240 + 0.00000 + 0.00067 + 1225.89705]
[ INFO : 2026-07-26 23:44:39,336 ] - Test_@[5, 10, 20, 50]: Recall=[0.03508, 0.05411, 0.08022, 0.13228],  precision=[0.00736, 0.00567, 0.00423, 0.00281], hit=[0.03672, 0.05636, 0.08393, 0.13818], ndcg=[0.02364, 0.02981, 0.03644, 0.04689], Train Rec Loss=[0.02997], Eval Rec Loss=[0.03004], c=[0.50000], F=[0.84181, 0.88060, 0.90970, 0.93810], F_fuse=[0.01460, 0.01127, 0.00842, 0.00560]
[ INFO : 2026-07-26 23:47:10,893 ] - Epoch 298: train==[131.87139 = 0.42693 + 1.72518 + 19.36545 + 0.02241 + 0.00000 + 0.00069 + 1225.89705]
[ INFO : 2026-07-26 23:47:20,174 ] - Test_@[5, 10, 20, 50]: Recall=[0.03412, 0.05330, 0.08052, 0.13204],  precision=[0.00716, 0.00558, 0.00424, 0.00280], hit=[0.03569, 0.05549, 0.08419, 0.13798], ndcg=[0.02313, 0.02935, 0.03626, 0.04659], Train Rec Loss=[0.02997], Eval Rec Loss=[0.03006], c=[0.50000], F=[0.84158, 0.88206, 0.91113, 0.93960], F_fuse=[0.01420, 0.01109, 0.00844, 0.00559]
[ INFO : 2026-07-26 23:49:51,090 ] - Epoch 299: train==[132.00359 = 0.42613 + 1.72513 + 19.49852 + 0.02238 + 0.00000 + 0.00069 + 1225.89705]
[ INFO : 2026-07-26 23:50:00,380 ] - Test_@[5, 10, 20, 50]: Recall=[0.03436, 0.05262, 0.08015, 0.13141],  precision=[0.00722, 0.00551, 0.00422, 0.00279], hit=[0.03600, 0.05477, 0.08367, 0.13731], ndcg=[0.02320, 0.02915, 0.03614, 0.04643], Train Rec Loss=[0.02999], Eval Rec Loss=[0.03005], c=[0.50000], F=[0.84122, 0.88117, 0.91175, 0.94038], F_fuse=[0.01432, 0.01096, 0.00840, 0.00556]
[ INFO : 2026-07-26 23:52:31,667 ] - Epoch 300: train==[131.99739 = 0.42194 + 1.72507 + 19.49647 + 0.02250 + 0.00000 + 0.00068 + 1225.89705]
[ INFO : 2026-07-26 23:52:40,952 ] - Test_@[5, 10, 20, 50]: Recall=[0.03480, 0.05255, 0.07928, 0.13156],  precision=[0.00731, 0.00550, 0.00417, 0.00279], hit=[0.03646, 0.05467, 0.08264, 0.13752], ndcg=[0.02345, 0.02922, 0.03601, 0.04649], Train Rec Loss=[0.03001], Eval Rec Loss=[0.03006], c=[0.50000], F=[0.84085, 0.88081, 0.91075, 0.94007], F_fuse=[0.01450, 0.01094, 0.00830, 0.00556]
n_users=19445, n_items=7050
n_interactions=139110
n_train=118551, n_test=20559, sparsity=0.00101
Finished Sun Jul 26 11:52:44 PM UTC 2026
