Job 74465 on gpu01; lambda_cf=1.0; group_k=10; seed=2; started Tue Jul 28 02:24:17 PM UTC 2026
Tue Jul 28 14:24:17 2026       
+-----------------------------------------------------------------------------+
| NVIDIA-SMI 525.147.05   Driver Version: 525.147.05   CUDA Version: 12.0     |
|-------------------------------+----------------------+----------------------+
| GPU  Name        Persistence-M| Bus-Id        Disp.A | Volatile Uncorr. ECC |
| Fan  Temp  Perf  Pwr:Usage/Cap|         Memory-Usage | GPU-Util  Compute M. |
|                               |                      |               MIG M. |
|===============================+======================+======================|
|   0  NVIDIA A100-SXM...  On   | 00000000:47:00.0 Off |                    0 |
| N/A   28C    P0    54W / 400W |      0MiB / 40960MiB |      0%      Default |
|                               |                      |             Disabled |
+-------------------------------+----------------------+----------------------+
                                                                               
+-----------------------------------------------------------------------------+
| Processes:                                                                  |
|  GPU   GI   CI        PID   Type   Process name                  GPU Memory |
|        ID   ID                                                   Usage      |
|=============================================================================|
|  No running processes found                                                 |
+-----------------------------------------------------------------------------+
[ INFO : 2026-07-28 14:24:43,512 ] - Preprocess missing values with zero
[ INFO : 2026-07-28 14:24:45,866 ] - Pretrained diffusion model is loaded from: ./checkpoint/baby/best_model.pth
[ INFO : 2026-07-28 14:24:47,023 ] - Completed data loaded from: ./checkpoint/baby/completed_data.pkl
/media/lhbac29/raid-cf/main.py:106: DeprecationWarning: Please import `csr_matrix` from the `scipy.sparse` namespace; the `scipy.sparse.csr` namespace is deprecated and will be removed in SciPy 2.0.0.
  self.ui_graph = self.ui_graph_raw = pickle.load(open('./data/' + self.dataset + '/train_mat', 'rb'))
[ INFO : 2026-07-28 14:24:47,256 ] - Missing rate = 0.400000, complete strategy: zero
[ INFO : 2026-07-28 14:27:26,881 ] - Epoch 1: train==[363.37728 = 2.01063 + 1.11702 + 66.44669 + 0.00056 + 0.00000 + 183.55410 + 1224.98084]
[ INFO : 2026-07-28 14:27:36,125 ] - Test_@[5, 10, 20, 50]: Recall=[0.01695, 0.02871, 0.04666, 0.09025],  precision=[0.00356, 0.00301, 0.00247, 0.00191], hit=[0.01774, 0.03003, 0.04916, 0.09463], ndcg=[0.01074, 0.01460, 0.01917, 0.02785], Train Rec Loss=[0.03290], Eval Rec Loss=[0.03264], c=[0.50000], F=[0.99236, 0.87119, 0.98224, 0.98283], F_fuse=[0.00709, 0.00600, 0.00493, 0.00381]
[ INFO : 2026-07-28 14:30:07,871 ] - Epoch 2: train==[216.91541 = 1.61631 + 1.10858 + 64.18070 + 0.00079 + 0.00000 + 39.67831 + 1225.89705]
[ INFO : 2026-07-28 14:30:17,223 ] - Test_@[5, 10, 20, 50]: Recall=[0.01806, 0.02896, 0.04679, 0.09106],  precision=[0.00375, 0.00303, 0.00248, 0.00192], hit=[0.01877, 0.03029, 0.04932, 0.09545], ndcg=[0.01130, 0.01487, 0.01939, 0.02820], Train Rec Loss=[0.03278], Eval Rec Loss=[0.03259], c=[0.50000], F=[0.99238, 0.87190, 0.94241, 0.96177], F_fuse=[0.00748, 0.00605, 0.00494, 0.00384]
[ INFO : 2026-07-28 14:32:50,093 ] - Epoch 3: train==[183.92466 = 1.60372 + 1.10853 + 61.33359 + 0.00124 + 0.00000 + 9.54685 + 1225.89705]
[ INFO : 2026-07-28 14:32:59,214 ] - Test_@[5, 10, 20, 50]: Recall=[0.01790, 0.02902, 0.04676, 0.09098],  precision=[0.00372, 0.00305, 0.00248, 0.00192], hit=[0.01862, 0.03044, 0.04932, 0.09540], ndcg=[0.01124, 0.01487, 0.01938, 0.02818], Train Rec Loss=[0.03280], Eval Rec Loss=[0.03256], c=[0.50000], F=[0.99238, 0.87314, 0.94193, 0.98153], F_fuse=[0.00742, 0.00608, 0.00494, 0.00384]
[ INFO : 2026-07-28 14:35:32,931 ] - Epoch 4: train==[173.15274 = 1.59152 + 1.10853 + 57.99678 + 0.00203 + 0.00000 + 2.12314 + 1225.89705]
[ INFO : 2026-07-28 14:35:42,260 ] - Test_@[5, 10, 20, 50]: Recall=[0.01790, 0.02917, 0.04680, 0.09128],  precision=[0.00372, 0.00307, 0.00248, 0.00193], hit=[0.01862, 0.03060, 0.04942, 0.09571], ndcg=[0.01132, 0.01500, 0.01948, 0.02832], Train Rec Loss=[0.03276], Eval Rec Loss=[0.03253], c=[0.50000], F=[0.99238, 0.87220, 0.94216, 0.98976], F_fuse=[0.00742, 0.00611, 0.00495, 0.00385]
[ INFO : 2026-07-28 14:38:16,975 ] - Epoch 5: train==[169.27425 = 1.57711 + 1.10853 + 55.85568 + 0.00288 + 0.00000 + 0.39931 + 1225.89705]
[ INFO : 2026-07-28 14:38:26,230 ] - Test_@[5, 10, 20, 50]: Recall=[0.01801, 0.02926, 0.04693, 0.09156],  precision=[0.00374, 0.00308, 0.00249, 0.00194], hit=[0.01872, 0.03075, 0.04952, 0.09601], ndcg=[0.01137, 0.01505, 0.01953, 0.02839], Train Rec Loss=[0.03275], Eval Rec Loss=[0.03252], c=[0.50000], F=[0.99238, 0.87170, 0.94165, 0.99678], F_fuse=[0.00746, 0.00614, 0.00497, 0.00386]
[ INFO : 2026-07-28 14:40:58,745 ] - Epoch 6: train==[167.92265 = 1.56657 + 1.10854 + 54.74108 + 0.00343 + 0.00000 + 0.17231 + 1225.89705]
[ INFO : 2026-07-28 14:41:08,021 ] - Test_@[5, 10, 20, 50]: Recall=[0.01801, 0.02921, 0.04677, 0.09191],  precision=[0.00374, 0.00308, 0.00248, 0.00194], hit=[0.01872, 0.03070, 0.04937, 0.09632], ndcg=[0.01137, 0.01505, 0.01952, 0.02848], Train Rec Loss=[0.03274], Eval Rec Loss=[0.03253], c=[0.50000], F=[0.99238, 0.87170, 0.94002, 0.99476], F_fuse=[0.00746, 0.00614, 0.00495, 0.00388]
[ INFO : 2026-07-28 14:43:40,921 ] - Epoch 7: train==[167.55906 = 1.54993 + 1.10854 + 54.45722 + 0.00375 + 0.00000 + 0.10889 + 1225.89705]
[ INFO : 2026-07-28 14:43:50,150 ] - Test_@[5, 10, 20, 50]: Recall=[0.01801, 0.02964, 0.04724, 0.09306],  precision=[0.00374, 0.00313, 0.00251, 0.00197], hit=[0.01872, 0.03122, 0.04983, 0.09756], ndcg=[0.01147, 0.01529, 0.01975, 0.02883], Train Rec Loss=[0.03274], Eval Rec Loss=[0.03248], c=[0.50000], F=[0.99238, 0.87273, 0.94401, 0.99002], F_fuse=[0.00746, 0.00624, 0.00500, 0.00393]
[ INFO : 2026-07-28 14:46:22,244 ] - Epoch 8: train==[166.88541 = 1.53430 + 1.10854 + 53.83919 + 0.00400 + 0.00000 + 0.06864 + 1225.89705]
[ INFO : 2026-07-28 14:46:31,497 ] - Test_@[5, 10, 20, 50]: Recall=[0.01816, 0.02986, 0.04742, 0.09488],  precision=[0.00377, 0.00315, 0.00252, 0.00201], hit=[0.01887, 0.03147, 0.05004, 0.09951], ndcg=[0.01154, 0.01537, 0.01983, 0.02924], Train Rec Loss=[0.03273], Eval Rec Loss=[0.03247], c=[0.50000], F=[0.99223, 0.88694, 0.94214, 0.98668], F_fuse=[0.00752, 0.00628, 0.00502, 0.00401]
[ INFO : 2026-07-28 14:49:04,015 ] - Epoch 9: train==[166.14937 = 1.52128 + 1.10854 + 53.14528 + 0.00418 + 0.00000 + 0.03936 + 1225.89705]
[ INFO : 2026-07-28 14:49:13,198 ] - Test_@[5, 10, 20, 50]: Recall=[0.01834, 0.03018, 0.04842, 0.09658],  precision=[0.00382, 0.00319, 0.00258, 0.00204], hit=[0.01908, 0.03188, 0.05127, 0.10131], ndcg=[0.01171, 0.01560, 0.02024, 0.02980], Train Rec Loss=[0.03271], Eval Rec Loss=[0.03247], c=[0.50000], F=[0.99054, 0.87920, 0.93296, 0.98818], F_fuse=[0.00760, 0.00636, 0.00514, 0.00408]
[ INFO : 2026-07-28 14:51:45,883 ] - Epoch 10: train==[165.46009 = 1.50665 + 1.10855 + 52.48839 + 0.00434 + 0.00000 + 0.02142 + 1225.89705]
[ INFO : 2026-07-28 14:51:55,584 ] - Test_@[5, 10, 20, 50]: Recall=[0.02161, 0.03372, 0.05377, 0.10235],  precision=[0.00454, 0.00357, 0.00287, 0.00218], hit=[0.02263, 0.03559, 0.05698, 0.10774], ndcg=[0.01362, 0.01758, 0.02268, 0.03234], Train Rec Loss=[0.03272], Eval Rec Loss=[0.03246], c=[0.50000], F=[0.97564, 0.89367, 0.92620, 0.98738], F_fuse=[0.00903, 0.00712, 0.00573, 0.00435]
[ INFO : 2026-07-28 14:54:32,810 ] - Epoch 11: train==[164.06637 = 1.49327 + 1.10855 + 51.11547 + 0.00459 + 0.00000 + 0.01375 + 1225.89705]
[ INFO : 2026-07-28 14:54:42,005 ] - Test_@[5, 10, 20, 50]: Recall=[0.02209, 0.03574, 0.05659, 0.10832],  precision=[0.00464, 0.00380, 0.00302, 0.00231], hit=[0.02314, 0.03770, 0.05991, 0.11401], ndcg=[0.01404, 0.01850, 0.02381, 0.03408], Train Rec Loss=[0.03267], Eval Rec Loss=[0.03247], c=[0.50000], F=[0.98084, 0.94094, 0.92063, 0.98356], F_fuse=[0.00923, 0.00756, 0.00602, 0.00461]
[ INFO : 2026-07-28 14:57:16,957 ] - Epoch 12: train==[163.18560 = 1.48056 + 1.10855 + 50.25350 + 0.00492 + 0.00000 + 0.00733 + 1225.89705]
[ INFO : 2026-07-28 14:57:27,022 ] - Test_@[5, 10, 20, 50]: Recall=[0.02263, 0.03763, 0.05894, 0.11284],  precision=[0.00477, 0.00399, 0.00314, 0.00240], hit=[0.02376, 0.03965, 0.06218, 0.11864], ndcg=[0.01462, 0.01952, 0.02494, 0.03567], Train Rec Loss=[0.03264], Eval Rec Loss=[0.03246], c=[0.50000], F=[0.97343, 0.92962, 0.92004, 0.98189], F_fuse=[0.00950, 0.00795, 0.00625, 0.00480]
[ INFO : 2026-07-28 15:00:00,620 ] - Epoch 13: train==[162.40425 = 1.46415 + 1.10855 + 49.49246 + 0.00520 + 0.00000 + 0.00315 + 1225.89705]
[ INFO : 2026-07-28 15:00:10,284 ] - Test_@[5, 10, 20, 50]: Recall=[0.02376, 0.03916, 0.06162, 0.11705],  precision=[0.00500, 0.00415, 0.00328, 0.00249], hit=[0.02484, 0.04119, 0.06495, 0.12296], ndcg=[0.01532, 0.02034, 0.02605, 0.03707], Train Rec Loss=[0.03263], Eval Rec Loss=[0.03240], c=[0.50000], F=[0.96806, 0.94906, 0.92020, 0.97954], F_fuse=[0.00995, 0.00826, 0.00653, 0.00497]
[ INFO : 2026-07-28 15:02:44,947 ] - Epoch 14: train==[161.33938 = 1.44746 + 1.10856 + 48.44546 + 0.00554 + 0.00000 + 0.00162 + 1225.89705]
[ INFO : 2026-07-28 15:02:54,883 ] - Test_@[5, 10, 20, 50]: Recall=[0.02499, 0.03915, 0.06182, 0.11863],  precision=[0.00524, 0.00417, 0.00329, 0.00253], hit=[0.02602, 0.04135, 0.06521, 0.12466], ndcg=[0.01599, 0.02059, 0.02637, 0.03766], Train Rec Loss=[0.03262], Eval Rec Loss=[0.03241], c=[0.50000], F=[0.95531, 0.91600, 0.92655, 0.97758], F_fuse=[0.01041, 0.00829, 0.00656, 0.00504]
[ INFO : 2026-07-28 15:05:28,433 ] - Epoch 15: train==[160.40161 = 1.43540 + 1.10855 + 47.51979 + 0.00591 + 0.00000 + 0.00123 + 1225.89705]
[ INFO : 2026-07-28 15:05:37,967 ] - Test_@[5, 10, 20, 50]: Recall=[0.02446, 0.04003, 0.06373, 0.12041],  precision=[0.00513, 0.00426, 0.00339, 0.00257], hit=[0.02551, 0.04227, 0.06711, 0.12651], ndcg=[0.01585, 0.02090, 0.02692, 0.03819], Train Rec Loss=[0.03263], Eval Rec Loss=[0.03242], c=[0.50000], F=[0.92206, 0.90761, 0.93405, 0.97511], F_fuse=[0.01021, 0.00848, 0.00675, 0.00512]
[ INFO : 2026-07-28 15:08:12,616 ] - Epoch 16: train==[159.74653 = 1.41907 + 1.10855 + 46.88083 + 0.00619 + 0.00000 + 0.00115 + 1225.89705]
[ INFO : 2026-07-28 15:08:21,893 ] - Test_@[5, 10, 20, 50]: Recall=[0.02430, 0.03976, 0.06392, 0.12177],  precision=[0.00509, 0.00423, 0.00340, 0.00260], hit=[0.02530, 0.04202, 0.06732, 0.12790], ndcg=[0.01585, 0.02087, 0.02704, 0.03855], Train Rec Loss=[0.03263], Eval Rec Loss=[0.03241], c=[0.50000], F=[0.88865, 0.91065, 0.93169, 0.97244], F_fuse=[0.01012, 0.00842, 0.00678, 0.00518]
[ INFO : 2026-07-28 15:10:56,218 ] - Epoch 17: train==[159.12853 = 1.40775 + 1.10855 + 46.27394 + 0.00645 + 0.00000 + 0.00110 + 1225.89705]
[ INFO : 2026-07-28 15:11:05,397 ] - Test_@[5, 10, 20, 50]: Recall=[0.02465, 0.04081, 0.06443, 0.12151],  precision=[0.00516, 0.00434, 0.00343, 0.00259], hit=[0.02566, 0.04310, 0.06788, 0.12754], ndcg=[0.01612, 0.02137, 0.02739, 0.03875], Train Rec Loss=[0.03259], Eval Rec Loss=[0.03236], c=[0.50000], F=[0.91850, 0.91450, 0.93189, 0.97119], F_fuse=[0.01027, 0.00864, 0.00684, 0.00517]
[ INFO : 2026-07-28 15:13:38,410 ] - Epoch 18: train==[158.65096 = 1.39208 + 1.10854 + 45.81183 + 0.00669 + 0.00000 + 0.00107 + 1225.89705]
[ INFO : 2026-07-28 15:13:47,669 ] - Test_@[5, 10, 20, 50]: Recall=[0.02457, 0.04079, 0.06434, 0.12218],  precision=[0.00516, 0.00435, 0.00343, 0.00260], hit=[0.02566, 0.04315, 0.06778, 0.12810], ndcg=[0.01601, 0.02130, 0.02732, 0.03884], Train Rec Loss=[0.03259], Eval Rec Loss=[0.03237], c=[0.50000], F=[0.90190, 0.91245, 0.93267, 0.96978], F_fuse=[0.01027, 0.00865, 0.00683, 0.00519]
[ INFO : 2026-07-28 15:16:20,789 ] - Epoch 19: train==[157.82432 = 1.37744 + 1.10855 + 44.99960 + 0.00694 + 0.00000 + 0.00105 + 1225.89705]
[ INFO : 2026-07-28 15:16:30,049 ] - Test_@[5, 10, 20, 50]: Recall=[0.02549, 0.04103, 0.06491, 0.12202],  precision=[0.00536, 0.00436, 0.00345, 0.00260], hit=[0.02664, 0.04335, 0.06835, 0.12795], ndcg=[0.01640, 0.02144, 0.02753, 0.03893], Train Rec Loss=[0.03257], Eval Rec Loss=[0.03236], c=[0.50000], F=[0.88137, 0.90017, 0.93352, 0.96761], F_fuse=[0.01065, 0.00868, 0.00688, 0.00519]
[ INFO : 2026-07-28 15:19:05,564 ] - Epoch 20: train==[157.50656 = 1.36454 + 1.10854 + 44.69459 + 0.00712 + 0.00000 + 0.00103 + 1225.89705]
[ INFO : 2026-07-28 15:19:15,180 ] - Test_@[5, 10, 20, 50]: Recall=[0.02468, 0.04077, 0.06541, 0.12259],  precision=[0.00518, 0.00434, 0.00347, 0.00261], hit=[0.02576, 0.04304, 0.06876, 0.12857], ndcg=[0.01602, 0.02129, 0.02756, 0.03898], Train Rec Loss=[0.03257], Eval Rec Loss=[0.03233], c=[0.50000], F=[0.87803, 0.90583, 0.93687, 0.96813], F_fuse=[0.01031, 0.00863, 0.00692, 0.00521]
[ INFO : 2026-07-28 15:21:47,253 ] - Epoch 21: train==[157.00671 = 1.35104 + 1.10856 + 44.20804 + 0.00730 + 0.00000 + 0.00103 + 1225.89705]
[ INFO : 2026-07-28 15:21:56,407 ] - Test_@[5, 10, 20, 50]: Recall=[0.02546, 0.04154, 0.06586, 0.12382],  precision=[0.00534, 0.00442, 0.00350, 0.00264], hit=[0.02654, 0.04392, 0.06927, 0.12985], ndcg=[0.01649, 0.02175, 0.02794, 0.03950], Train Rec Loss=[0.03256], Eval Rec Loss=[0.03234], c=[0.50000], F=[0.90698, 0.90858, 0.93599, 0.96791], F_fuse=[0.01061, 0.00879, 0.00697, 0.00526]
[ INFO : 2026-07-28 15:24:28,508 ] - Epoch 22: train==[156.47516 = 1.33966 + 1.10855 + 43.68773 + 0.00748 + 0.00000 + 0.00100 + 1225.89705]
[ INFO : 2026-07-28 15:24:37,825 ] - Test_@[5, 10, 20, 50]: Recall=[0.02505, 0.04139, 0.06625, 0.12517],  precision=[0.00528, 0.00440, 0.00352, 0.00267], hit=[0.02623, 0.04371, 0.06963, 0.13119], ndcg=[0.01614, 0.02149, 0.02780, 0.03955], Train Rec Loss=[0.03254], Eval Rec Loss=[0.03233], c=[0.50000], F=[0.85629, 0.89113, 0.93636, 0.96572], F_fuse=[0.01049, 0.00876, 0.00701, 0.00532]
[ INFO : 2026-07-28 15:27:10,455 ] - Epoch 23: train==[155.92067 = 1.32307 + 1.10856 + 43.14965 + 0.00765 + 0.00000 + 0.00100 + 1225.89705]
[ INFO : 2026-07-28 15:27:19,878 ] - Test_@[5, 10, 20, 50]: Recall=[0.02514, 0.04163, 0.06728, 0.12581],  precision=[0.00532, 0.00444, 0.00357, 0.00268], hit=[0.02643, 0.04407, 0.07061, 0.13181], ndcg=[0.01657, 0.02194, 0.02842, 0.04009], Train Rec Loss=[0.03254], Eval Rec Loss=[0.03231], c=[0.50000], F=[0.85759, 0.88988, 0.93695, 0.96391], F_fuse=[0.01057, 0.00883, 0.00711, 0.00534]
[ INFO : 2026-07-28 15:29:52,588 ] - Epoch 24: train==[155.37093 = 1.31383 + 1.10855 + 42.60901 + 0.00782 + 0.00000 + 0.00099 + 1225.89705]
[ INFO : 2026-07-28 15:30:01,727 ] - Test_@[5, 10, 20, 50]: Recall=[0.02545, 0.04120, 0.06791, 0.12691],  precision=[0.00537, 0.00439, 0.00361, 0.00270], hit=[0.02669, 0.04361, 0.07138, 0.13289], ndcg=[0.01665, 0.02180, 0.02856, 0.04031], Train Rec Loss=[0.03253], Eval Rec Loss=[0.03225], c=[0.50000], F=[0.84374, 0.89329, 0.93507, 0.96237], F_fuse=[0.01067, 0.00874, 0.00718, 0.00539]
[ INFO : 2026-07-28 15:32:34,418 ] - Epoch 25: train==[154.99441 = 1.29851 + 1.10855 + 42.24771 + 0.00792 + 0.00000 + 0.00098 + 1225.89705]
[ INFO : 2026-07-28 15:32:43,655 ] - Test_@[5, 10, 20, 50]: Recall=[0.02521, 0.04166, 0.06792, 0.12835],  precision=[0.00534, 0.00444, 0.00360, 0.00273], hit=[0.02654, 0.04407, 0.07133, 0.13438], ndcg=[0.01657, 0.02192, 0.02859, 0.04063], Train Rec Loss=[0.03252], Eval Rec Loss=[0.03226], c=[0.50000], F=[0.85359, 0.89223, 0.93583, 0.96090], F_fuse=[0.01061, 0.00883, 0.00718, 0.00545]
[ INFO : 2026-07-28 15:35:17,727 ] - Epoch 26: train==[154.41860 = 1.28684 + 1.10854 + 41.68346 + 0.00805 + 0.00000 + 0.00097 + 1225.89705]
[ INFO : 2026-07-28 15:35:27,161 ] - Test_@[5, 10, 20, 50]: Recall=[0.02535, 0.04236, 0.06872, 0.12864],  precision=[0.00534, 0.00451, 0.00364, 0.00274], hit=[0.02654, 0.04479, 0.07215, 0.13464], ndcg=[0.01681, 0.02238, 0.02907, 0.04103], Train Rec Loss=[0.03246], Eval Rec Loss=[0.03229], c=[0.50000], F=[0.83770, 0.88804, 0.93224, 0.95923], F_fuse=[0.01061, 0.00897, 0.00726, 0.00546]
[ INFO : 2026-07-28 15:38:00,181 ] - Epoch 27: train==[154.09106 = 1.27238 + 1.10854 + 41.37025 + 0.00818 + 0.00000 + 0.00096 + 1225.89705]
[ INFO : 2026-07-28 15:38:09,431 ] - Test_@[5, 10, 20, 50]: Recall=[0.02572, 0.04340, 0.06928, 0.12938],  precision=[0.00542, 0.00462, 0.00367, 0.00275], hit=[0.02695, 0.04577, 0.07277, 0.13541], ndcg=[0.01695, 0.02269, 0.02926, 0.04127], Train Rec Loss=[0.03248], Eval Rec Loss=[0.03226], c=[0.50000], F=[0.84315, 0.89069, 0.93208, 0.95744], F_fuse=[0.01077, 0.00919, 0.00732, 0.00549]
[ INFO : 2026-07-28 15:40:42,391 ] - Epoch 28: train==[153.68193 = 1.26556 + 1.10854 + 40.96791 + 0.00822 + 0.00000 + 0.00096 + 1225.89705]
[ INFO : 2026-07-28 15:40:52,582 ] - Test_@[5, 10, 20, 50]: Recall=[0.02578, 0.04375, 0.07039, 0.13065],  precision=[0.00544, 0.00466, 0.00373, 0.00278], hit=[0.02705, 0.04618, 0.07390, 0.13674], ndcg=[0.01689, 0.02273, 0.02948, 0.04149], Train Rec Loss=[0.03248], Eval Rec Loss=[0.03223], c=[0.50000], F=[0.84369, 0.89162, 0.93200, 0.95694], F_fuse=[0.01081, 0.00927, 0.00743, 0.00554]
[ INFO : 2026-07-28 15:43:27,836 ] - Epoch 29: train==[153.25784 = 1.25026 + 1.10855 + 40.55897 + 0.00837 + 0.00000 + 0.00095 + 1225.89705]
[ INFO : 2026-07-28 15:43:37,066 ] - Test_@[5, 10, 20, 50]: Recall=[0.02605, 0.04372, 0.07120, 0.13165],  precision=[0.00549, 0.00466, 0.00377, 0.00280], hit=[0.02731, 0.04618, 0.07467, 0.13772], ndcg=[0.01713, 0.02286, 0.02983, 0.04188], Train Rec Loss=[0.03247], Eval Rec Loss=[0.03222], c=[0.50000], F=[0.83948, 0.89093, 0.93257, 0.95730], F_fuse=[0.01091, 0.00927, 0.00751, 0.00558]
[ INFO : 2026-07-28 15:46:10,836 ] - Epoch 30: train==[152.74280 = 1.23951 + 1.10854 + 40.05459 + 0.00847 + 0.00000 + 0.00095 + 1225.89705]
[ INFO : 2026-07-28 15:46:20,028 ] - Test_@[5, 10, 20, 50]: Recall=[0.02636, 0.04333, 0.07089, 0.13172],  precision=[0.00555, 0.00461, 0.00375, 0.00280], hit=[0.02762, 0.04577, 0.07431, 0.13777], ndcg=[0.01711, 0.02263, 0.02966, 0.04181], Train Rec Loss=[0.03244], Eval Rec Loss=[0.03223], c=[0.50000], F=[0.84956, 0.89742, 0.93325, 0.95552], F_fuse=[0.01104, 0.00918, 0.00747, 0.00559]
[ INFO : 2026-07-28 15:48:55,199 ] - Epoch 31: train==[152.25998 = 1.22914 + 1.10854 + 39.58205 + 0.00856 + 0.00000 + 0.00094 + 1225.89705]
[ INFO : 2026-07-28 15:49:05,763 ] - Test_@[5, 10, 20, 50]: Recall=[0.02618, 0.04469, 0.07108, 0.13313],  precision=[0.00552, 0.00476, 0.00377, 0.00283], hit=[0.02746, 0.04721, 0.07467, 0.13926], ndcg=[0.01726, 0.02327, 0.02997, 0.04237], Train Rec Loss=[0.03242], Eval Rec Loss=[0.03222], c=[0.50000], F=[0.82525, 0.88208, 0.92626, 0.95146], F_fuse=[0.01097, 0.00947, 0.00751, 0.00565]
[ INFO : 2026-07-28 15:51:53,258 ] - Epoch 32: train==[151.96159 = 1.21702 + 1.10854 + 39.29572 + 0.00863 + 0.00000 + 0.00094 + 1225.89705]
[ INFO : 2026-07-28 15:52:03,193 ] - Test_@[5, 10, 20, 50]: Recall=[0.02630, 0.04446, 0.07187, 0.13419],  precision=[0.00556, 0.00473, 0.00381, 0.00285], hit=[0.02767, 0.04685, 0.07555, 0.14029], ndcg=[0.01721, 0.02311, 0.03008, 0.04251], Train Rec Loss=[0.03242], Eval Rec Loss=[0.03219], c=[0.50000], F=[0.83735, 0.88772, 0.92845, 0.95443], F_fuse=[0.01106, 0.00941, 0.00760, 0.00569]
[ INFO : 2026-07-28 15:54:47,082 ] - Epoch 33: train==[151.51840 = 1.20602 + 1.10854 + 38.86348 + 0.00870 + 0.00000 + 0.00094 + 1225.89705]
[ INFO : 2026-07-28 15:54:56,608 ] - Test_@[5, 10, 20, 50]: Recall=[0.02626, 0.04465, 0.07207, 0.13522],  precision=[0.00556, 0.00475, 0.00382, 0.00287], hit=[0.02767, 0.04700, 0.07570, 0.14137], ndcg=[0.01724, 0.02323, 0.03024, 0.04287], Train Rec Loss=[0.03245], Eval Rec Loss=[0.03218], c=[0.50000], F=[0.84015, 0.88514, 0.92514, 0.95248], F_fuse=[0.01106, 0.00944, 0.00762, 0.00573]
[ INFO : 2026-07-28 15:57:39,326 ] - Epoch 34: train==[151.05557 = 1.19441 + 1.10854 + 38.41216 + 0.00880 + 0.00000 + 0.00093 + 1225.89705]
[ INFO : 2026-07-28 15:57:48,940 ] - Test_@[5, 10, 20, 50]: Recall=[0.02630, 0.04549, 0.07369, 0.13593],  precision=[0.00554, 0.00483, 0.00390, 0.00289], hit=[0.02756, 0.04788, 0.07724, 0.14209], ndcg=[0.01731, 0.02356, 0.03075, 0.04318], Train Rec Loss=[0.03240], Eval Rec Loss=[0.03216], c=[0.50000], F=[0.83512, 0.88166, 0.92244, 0.95169], F_fuse=[0.01101, 0.00961, 0.00777, 0.00576]
[ INFO : 2026-07-28 16:00:28,707 ] - Epoch 35: train==[150.68928 = 1.18667 + 1.10854 + 38.05353 + 0.00888 + 0.00000 + 0.00092 + 1225.89705]
[ INFO : 2026-07-28 16:00:38,493 ] - Test_@[5, 10, 20, 50]: Recall=[0.02660, 0.04589, 0.07366, 0.13605],  precision=[0.00561, 0.00488, 0.00390, 0.00289], hit=[0.02787, 0.04834, 0.07724, 0.14214], ndcg=[0.01749, 0.02373, 0.03078, 0.04325], Train Rec Loss=[0.03239], Eval Rec Loss=[0.03218], c=[0.50000], F=[0.83578, 0.88159, 0.92147, 0.95074], F_fuse=[0.01114, 0.00970, 0.00777, 0.00576]
[ INFO : 2026-07-28 16:03:23,044 ] - Epoch 36: train==[150.19868 = 1.17537 + 1.10854 + 37.57417 + 0.00894 + 0.00000 + 0.00093 + 1225.89705]
[ INFO : 2026-07-28 16:03:33,023 ] - Test_@[5, 10, 20, 50]: Recall=[0.02671, 0.04605, 0.07453, 0.13760],  precision=[0.00564, 0.00490, 0.00395, 0.00292], hit=[0.02803, 0.04855, 0.07817, 0.14374], ndcg=[0.01755, 0.02382, 0.03105, 0.04364], Train Rec Loss=[0.03237], Eval Rec Loss=[0.03216], c=[0.50000], F=[0.84271, 0.88554, 0.92331, 0.94908], F_fuse=[0.01120, 0.00974, 0.00787, 0.00583]
[ INFO : 2026-07-28 16:06:15,440 ] - Epoch 37: train==[149.96270 = 1.16263 + 1.10855 + 37.35087 + 0.00899 + 0.00000 + 0.00092 + 1225.89705]
[ INFO : 2026-07-28 16:06:26,799 ] - Test_@[5, 10, 20, 50]: Recall=[0.02673, 0.04599, 0.07489, 0.13771],  precision=[0.00564, 0.00487, 0.00397, 0.00292], hit=[0.02803, 0.04834, 0.07853, 0.14379], ndcg=[0.01763, 0.02386, 0.03122, 0.04374], Train Rec Loss=[0.03237], Eval Rec Loss=[0.03215], c=[0.50000], F=[0.85197, 0.88776, 0.92429, 0.95120], F_fuse=[0.01120, 0.00969, 0.00790, 0.00583]
[ INFO : 2026-07-28 16:09:11,248 ] - Epoch 38: train==[149.61817 = 1.15795 + 1.10855 + 37.01088 + 0.00913 + 0.00000 + 0.00092 + 1225.89705]
[ INFO : 2026-07-28 16:09:20,654 ] - Test_@[5, 10, 20, 50]: Recall=[0.02645, 0.04637, 0.07608, 0.13814],  precision=[0.00558, 0.00493, 0.00403, 0.00294], hit=[0.02777, 0.04886, 0.07971, 0.14436], ndcg=[0.01748, 0.02395, 0.03150, 0.04388], Train Rec Loss=[0.03236], Eval Rec Loss=[0.03219], c=[0.50000], F=[0.82409, 0.87286, 0.91477, 0.94619], F_fuse=[0.01109, 0.00980, 0.00802, 0.00585]
[ INFO : 2026-07-28 16:11:59,764 ] - Epoch 39: train==[149.26750 = 1.14450 + 1.10856 + 36.67363 + 0.00915 + 0.00000 + 0.00091 + 1225.89705]
[ INFO : 2026-07-28 16:12:09,069 ] - Test_@[5, 10, 20, 50]: Recall=[0.02682, 0.04771, 0.07677, 0.13866],  precision=[0.00569, 0.00506, 0.00406, 0.00294], hit=[0.02828, 0.05019, 0.08043, 0.14477], ndcg=[0.01787, 0.02462, 0.03201, 0.04435], Train Rec Loss=[0.03235], Eval Rec Loss=[0.03213], c=[0.50000], F=[0.84319, 0.88163, 0.91985, 0.94749], F_fuse=[0.01130, 0.01006, 0.00809, 0.00587]
[ INFO : 2026-07-28 16:14:51,893 ] - Epoch 40: train==[148.66726 = 1.13553 + 1.10854 + 36.08229 + 0.00925 + 0.00000 + 0.00092 + 1225.89705]
[ INFO : 2026-07-28 16:15:01,658 ] - Test_@[5, 10, 20, 50]: Recall=[0.02712, 0.04668, 0.07700, 0.13899],  precision=[0.00572, 0.00496, 0.00407, 0.00296], hit=[0.02844, 0.04922, 0.08069, 0.14518], ndcg=[0.01794, 0.02430, 0.03201, 0.04441], Train Rec Loss=[0.03237], Eval Rec Loss=[0.03211], c=[0.50000], F=[0.83464, 0.87684, 0.91490, 0.94503], F_fuse=[0.01136, 0.00987, 0.00811, 0.00589]
[ INFO : 2026-07-28 16:17:39,956 ] - Epoch 41: train==[148.54958 = 1.12475 + 1.10856 + 35.97534 + 0.00929 + 0.00000 + 0.00091 + 1225.89705]
[ INFO : 2026-07-28 16:17:49,394 ] - Test_@[5, 10, 20, 50]: Recall=[0.02678, 0.04749, 0.07726, 0.13988],  precision=[0.00565, 0.00502, 0.00409, 0.00297], hit=[0.02808, 0.04988, 0.08100, 0.14605], ndcg=[0.01772, 0.02442, 0.03199, 0.04449], Train Rec Loss=[0.03233], Eval Rec Loss=[0.03212], c=[0.50000], F=[0.84397, 0.88025, 0.91756, 0.94650], F_fuse=[0.01122, 0.00999, 0.00815, 0.00592]
[ INFO : 2026-07-28 16:20:31,599 ] - Epoch 42: train==[148.26707 = 1.11782 + 1.10853 + 35.69974 + 0.00934 + 0.00000 + 0.00090 + 1225.89705]
[ INFO : 2026-07-28 16:20:43,007 ] - Test_@[5, 10, 20, 50]: Recall=[0.02700, 0.04722, 0.07733, 0.13988],  precision=[0.00570, 0.00500, 0.00409, 0.00297], hit=[0.02834, 0.04963, 0.08105, 0.14605], ndcg=[0.01804, 0.02460, 0.03226, 0.04476], Train Rec Loss=[0.03233], Eval Rec Loss=[0.03212], c=[0.50000], F=[0.84374, 0.87958, 0.91584, 0.94407], F_fuse=[0.01132, 0.00995, 0.00815, 0.00592]
[ INFO : 2026-07-28 16:23:19,446 ] - Epoch 43: train==[147.76350 = 1.10680 + 1.10854 + 35.20709 + 0.00943 + 0.00000 + 0.00090 + 1225.89705]
[ INFO : 2026-07-28 16:23:29,223 ] - Test_@[5, 10, 20, 50]: Recall=[0.02744, 0.04781, 0.07765, 0.14004],  precision=[0.00579, 0.00506, 0.00410, 0.00297], hit=[0.02880, 0.05024, 0.08125, 0.14616], ndcg=[0.01811, 0.02468, 0.03222, 0.04469], Train Rec Loss=[0.03231], Eval Rec Loss=[0.03210], c=[0.50000], F=[0.83930, 0.87549, 0.91247, 0.94327], F_fuse=[0.01150, 0.01005, 0.00817, 0.00593]
[ INFO : 2026-07-28 16:26:08,529 ] - Epoch 44: train==[147.45356 = 1.09971 + 1.10853 + 34.90420 + 0.00948 + 0.00000 + 0.00090 + 1225.89705]
[ INFO : 2026-07-28 16:26:17,828 ] - Test_@[5, 10, 20, 50]: Recall=[0.02778, 0.04758, 0.07849, 0.14076],  precision=[0.00586, 0.00503, 0.00415, 0.00299], hit=[0.02916, 0.04994, 0.08228, 0.14698], ndcg=[0.01834, 0.02475, 0.03260, 0.04503], Train Rec Loss=[0.03235], Eval Rec Loss=[0.03208], c=[0.50000], F=[0.84329, 0.87855, 0.91541, 0.94480], F_fuse=[0.01164, 0.01001, 0.00827, 0.00596]
[ INFO : 2026-07-28 16:29:00,732 ] - Epoch 45: train==[147.17442 = 1.08969 + 1.10853 + 34.63503 + 0.00953 + 0.00000 + 0.00090 + 1225.89705]
[ INFO : 2026-07-28 16:29:10,048 ] - Test_@[5, 10, 20, 50]: Recall=[0.02819, 0.04871, 0.07883, 0.14053],  precision=[0.00594, 0.00516, 0.00417, 0.00299], hit=[0.02957, 0.05117, 0.08254, 0.14672], ndcg=[0.01833, 0.02494, 0.03257, 0.04492], Train Rec Loss=[0.03232], Eval Rec Loss=[0.03209], c=[0.50000], F=[0.83251, 0.87348, 0.91070, 0.94152], F_fuse=[0.01181, 0.01026, 0.00830, 0.00595]
[ INFO : 2026-07-28 16:31:53,397 ] - Epoch 46: train==[146.83825 = 1.08029 + 1.10853 + 34.30818 + 0.00962 + 0.00000 + 0.00090 + 1225.89705]
[ INFO : 2026-07-28 16:32:03,983 ] - Test_@[5, 10, 20, 50]: Recall=[0.02777, 0.04818, 0.07972, 0.14206],  precision=[0.00585, 0.00510, 0.00421, 0.00302], hit=[0.02911, 0.05055, 0.08331, 0.14832], ndcg=[0.01807, 0.02468, 0.03267, 0.04513], Train Rec Loss=[0.03229], Eval Rec Loss=[0.03209], c=[0.50000], F=[0.84691, 0.88010, 0.91456, 0.94164], F_fuse=[0.01162, 0.01013, 0.00838, 0.00601]
[ INFO : 2026-07-28 16:34:43,303 ] - Epoch 47: train==[146.47062 = 1.07308 + 1.10853 + 33.94770 + 0.00967 + 0.00000 + 0.00090 + 1225.89705]
[ INFO : 2026-07-28 16:34:55,100 ] - Test_@[5, 10, 20, 50]: Recall=[0.02795, 0.04772, 0.07849, 0.14116],  precision=[0.00588, 0.00505, 0.00415, 0.00300], hit=[0.02926, 0.05019, 0.08223, 0.14744], ndcg=[0.01827, 0.02467, 0.03248, 0.04501], Train Rec Loss=[0.03228], Eval Rec Loss=[0.03203], c=[0.50000], F=[0.83507, 0.87303, 0.90975, 0.94096], F_fuse=[0.01168, 0.01004, 0.00826, 0.00598]
[ INFO : 2026-07-28 16:37:31,441 ] - Epoch 48: train==[146.35132 = 1.06589 + 1.10853 + 33.83553 + 0.00974 + 0.00000 + 0.00089 + 1225.89705]
[ INFO : 2026-07-28 16:37:41,323 ] - Test_@[5, 10, 20, 50]: Recall=[0.02846, 0.04860, 0.07983, 0.14240],  precision=[0.00600, 0.00515, 0.00422, 0.00302], hit=[0.02983, 0.05112, 0.08362, 0.14873], ndcg=[0.01834, 0.02486, 0.03278, 0.04530], Train Rec Loss=[0.03226], Eval Rec Loss=[0.03210], c=[0.50000], F=[0.83933, 0.87519, 0.91104, 0.94044], F_fuse=[0.01191, 0.01024, 0.00840, 0.00603]
[ INFO : 2026-07-28 16:40:24,807 ] - Epoch 49: train==[145.90266 = 1.05440 + 1.10853 + 33.39834 + 0.00977 + 0.00000 + 0.00089 + 1225.89705]
[ INFO : 2026-07-28 16:40:34,520 ] - Test_@[5, 10, 20, 50]: Recall=[0.02866, 0.04862, 0.08015, 0.14321],  precision=[0.00604, 0.00514, 0.00424, 0.00304], hit=[0.03003, 0.05112, 0.08383, 0.14955], ndcg=[0.01865, 0.02511, 0.03309, 0.04569], Train Rec Loss=[0.03228], Eval Rec Loss=[0.03207], c=[0.50000], F=[0.84682, 0.87894, 0.91225, 0.94055], F_fuse=[0.01199, 0.01023, 0.00843, 0.00606]
[ INFO : 2026-07-28 16:43:09,566 ] - Epoch 50: train==[145.65700 = 1.04710 + 1.10854 + 33.15988 + 0.00986 + 0.00000 + 0.00089 + 1225.89705]
[ INFO : 2026-07-28 16:43:19,286 ] - Test_@[5, 10, 20, 50]: Recall=[0.02866, 0.04882, 0.08072, 0.14424],  precision=[0.00604, 0.00518, 0.00426, 0.00306], hit=[0.03003, 0.05148, 0.08444, 0.15058], ndcg=[0.01880, 0.02536, 0.03342, 0.04610], Train Rec Loss=[0.03226], Eval Rec Loss=[0.03205], c=[0.50000], F=[0.84284, 0.87609, 0.91126, 0.93910], F_fuse=[0.01199, 0.01030, 0.00849, 0.00610]
[ INFO : 2026-07-28 16:46:08,765 ] - Epoch 51: train==[145.33613 = 1.04054 + 1.10853 + 32.84556 + 0.00988 + 0.00000 + 0.00088 + 1225.89705]
[ INFO : 2026-07-28 16:46:18,781 ] - Test_@[5, 10, 20, 50]: Recall=[0.02882, 0.04906, 0.08052, 0.14336],  precision=[0.00607, 0.00520, 0.00426, 0.00305], hit=[0.03024, 0.05168, 0.08434, 0.14976], ndcg=[0.01870, 0.02527, 0.03324, 0.04580], Train Rec Loss=[0.03226], Eval Rec Loss=[0.03205], c=[0.50000], F=[0.83611, 0.87373, 0.90915, 0.93875], F_fuse=[0.01205, 0.01035, 0.00847, 0.00607]
[ INFO : 2026-07-28 16:49:04,283 ] - Epoch 52: train==[145.02901 = 1.03001 + 1.10853 + 32.54884 + 0.01000 + 0.00000 + 0.00088 + 1225.89705]
[ INFO : 2026-07-28 16:49:15,106 ] - Test_@[5, 10, 20, 50]: Recall=[0.02926, 0.04985, 0.08085, 0.14416],  precision=[0.00616, 0.00528, 0.00427, 0.00306], hit=[0.03065, 0.05246, 0.08465, 0.15063], ndcg=[0.01901, 0.02565, 0.03353, 0.04619], Train Rec Loss=[0.03228], Eval Rec Loss=[0.03202], c=[0.50000], F=[0.83669, 0.87274, 0.90880, 0.93840], F_fuse=[0.01223, 0.01050, 0.00851, 0.00611]
[ INFO : 2026-07-28 16:52:02,498 ] - Epoch 53: train==[144.71379 = 1.02571 + 1.10853 + 32.23789 + 0.01005 + 0.00000 + 0.00088 + 1225.89705]
[ INFO : 2026-07-28 16:52:11,992 ] - Test_@[5, 10, 20, 50]: Recall=[0.02907, 0.04920, 0.08080, 0.14418],  precision=[0.00610, 0.00521, 0.00427, 0.00306], hit=[0.03039, 0.05174, 0.08460, 0.15058], ndcg=[0.01897, 0.02553, 0.03355, 0.04621], Train Rec Loss=[0.03225], Eval Rec Loss=[0.03206], c=[0.50000], F=[0.84459, 0.87795, 0.91027, 0.93743], F_fuse=[0.01211, 0.01036, 0.00850, 0.00610]
[ INFO : 2026-07-28 16:54:55,523 ] - Epoch 54: train==[144.49130 = 1.01524 + 1.10853 + 32.02583 + 0.01009 + 0.00000 + 0.00088 + 1225.89705]
[ INFO : 2026-07-28 16:55:07,548 ] - Test_@[5, 10, 20, 50]: Recall=[0.02884, 0.04978, 0.08093, 0.14370],  precision=[0.00607, 0.00528, 0.00428, 0.00305], hit=[0.03024, 0.05240, 0.08480, 0.15022], ndcg=[0.01888, 0.02568, 0.03360, 0.04615], Train Rec Loss=[0.03223], Eval Rec Loss=[0.03204], c=[0.50000], F=[0.83086, 0.86980, 0.90624, 0.93727], F_fuse=[0.01205, 0.01049, 0.00852, 0.00609]
[ INFO : 2026-07-28 16:57:46,512 ] - Epoch 55: train==[144.32283 = 1.00893 + 1.10852 + 31.86360 + 0.01016 + 0.00000 + 0.00088 + 1225.89705]
[ INFO : 2026-07-28 16:57:56,845 ] - Test_@[5, 10, 20, 50]: Recall=[0.03016, 0.05038, 0.08126, 0.14513],  precision=[0.00634, 0.00533, 0.00429, 0.00308], hit=[0.03158, 0.05297, 0.08506, 0.15161], ndcg=[0.01951, 0.02602, 0.03386, 0.04662], Train Rec Loss=[0.03225], Eval Rec Loss=[0.03204], c=[0.50000], F=[0.83335, 0.86934, 0.90570, 0.93651], F_fuse=[0.01258, 0.01060, 0.00855, 0.00614]
[ INFO : 2026-07-28 17:00:34,637 ] - Epoch 56: train==[144.04531 = 1.00571 + 1.10852 + 31.58930 + 0.01017 + 0.00000 + 0.00087 + 1225.89705]
[ INFO : 2026-07-28 17:00:43,942 ] - Test_@[5, 10, 20, 50]: Recall=[0.02977, 0.05050, 0.08136, 0.14476],  precision=[0.00624, 0.00535, 0.00430, 0.00307], hit=[0.03111, 0.05312, 0.08516, 0.15114], ndcg=[0.01960, 0.02631, 0.03415, 0.04682], Train Rec Loss=[0.03222], Eval Rec Loss=[0.03202], c=[0.50000], F=[0.83880, 0.87164, 0.90654, 0.93575], F_fuse=[0.01239, 0.01063, 0.00856, 0.00613]
[ INFO : 2026-07-28 17:03:28,883 ] - Epoch 57: train==[143.84525 = 0.99671 + 1.10852 + 31.39816 + 0.01025 + 0.00000 + 0.00087 + 1225.89705]
[ INFO : 2026-07-28 17:03:38,914 ] - Test_@[5, 10, 20, 50]: Recall=[0.03058, 0.05014, 0.08160, 0.14434],  precision=[0.00641, 0.00531, 0.00431, 0.00307], hit=[0.03194, 0.05271, 0.08552, 0.15073], ndcg=[0.01960, 0.02593, 0.03391, 0.04646], Train Rec Loss=[0.03223], Eval Rec Loss=[0.03201], c=[0.50000], F=[0.83770, 0.87328, 0.90864, 0.93698], F_fuse=[0.01272, 0.01055, 0.00859, 0.00611]
[ INFO : 2026-07-28 17:06:15,646 ] - Epoch 58: train==[143.61283 = 0.98386 + 1.10852 + 31.17853 + 0.01032 + 0.00000 + 0.00087 + 1225.89705]
[ INFO : 2026-07-28 17:06:25,014 ] - Test_@[5, 10, 20, 50]: Recall=[0.03043, 0.05050, 0.08230, 0.14548],  precision=[0.00640, 0.00535, 0.00435, 0.00309], hit=[0.03188, 0.05312, 0.08614, 0.15186], ndcg=[0.01970, 0.02620, 0.03427, 0.04689], Train Rec Loss=[0.03220], Eval Rec Loss=[0.03199], c=[0.50000], F=[0.83818, 0.87146, 0.90649, 0.93549], F_fuse=[0.01270, 0.01063, 0.00865, 0.00616]
[ INFO : 2026-07-28 17:09:05,034 ] - Epoch 59: train==[143.43125 = 0.98500 + 1.10852 + 30.99578 + 0.01035 + 0.00000 + 0.00087 + 1225.89705]
[ INFO : 2026-07-28 17:09:15,384 ] - Test_@[5, 10, 20, 50]: Recall=[0.03043, 0.05055, 0.08227, 0.14534],  precision=[0.00640, 0.00535, 0.00436, 0.00309], hit=[0.03188, 0.05318, 0.08624, 0.15181], ndcg=[0.01997, 0.02649, 0.03458, 0.04719], Train Rec Loss=[0.03223], Eval Rec Loss=[0.03200], c=[0.50000], F=[0.83489, 0.87015, 0.90625, 0.93606], F_fuse=[0.01270, 0.01064, 0.00867, 0.00616]
[ INFO : 2026-07-28 17:11:56,104 ] - Epoch 60: train==[142.99285 = 0.97420 + 1.10852 + 30.56807 + 0.01046 + 0.00000 + 0.00087 + 1225.89705]
[ INFO : 2026-07-28 17:12:05,374 ] - Test_@[5, 10, 20, 50]: Recall=[0.02992, 0.05042, 0.08228, 0.14566],  precision=[0.00629, 0.00534, 0.00436, 0.00309], hit=[0.03137, 0.05307, 0.08624, 0.15217], ndcg=[0.01972, 0.02637, 0.03448, 0.04716], Train Rec Loss=[0.03222], Eval Rec Loss=[0.03200], c=[0.50000], F=[0.83964, 0.87158, 0.90657, 0.93570], F_fuse=[0.01250, 0.01062, 0.00868, 0.00617]
[ INFO : 2026-07-28 17:14:43,853 ] - Epoch 61: train==[142.78907 = 0.96589 + 1.10852 + 30.37256 + 0.01051 + 0.00000 + 0.00086 + 1225.89705]
[ INFO : 2026-07-28 17:14:53,084 ] - Test_@[5, 10, 20, 50]: Recall=[0.03058, 0.05140, 0.08246, 0.14510],  precision=[0.00642, 0.00544, 0.00437, 0.00308], hit=[0.03199, 0.05410, 0.08650, 0.15166], ndcg=[0.01986, 0.02658, 0.03447, 0.04699], Train Rec Loss=[0.03218], Eval Rec Loss=[0.03197], c=[0.50000], F=[0.83325, 0.86777, 0.90493, 0.93487], F_fuse=[0.01274, 0.01081, 0.00869, 0.00614]
[ INFO : 2026-07-28 17:17:26,743 ] - Epoch 62: train==[142.49682 = 0.95778 + 1.10851 + 30.08838 + 0.01055 + 0.00000 + 0.00086 + 1225.89705]
[ INFO : 2026-07-28 17:17:35,958 ] - Test_@[5, 10, 20, 50]: Recall=[0.03009, 0.05097, 0.08182, 0.14533],  precision=[0.00634, 0.00541, 0.00433, 0.00309], hit=[0.03158, 0.05374, 0.08578, 0.15186], ndcg=[0.01964, 0.02642, 0.03425, 0.04697], Train Rec Loss=[0.03218], Eval Rec Loss=[0.03194], c=[0.50000], F=[0.84055, 0.87313, 0.90678, 0.93540], F_fuse=[0.01258, 0.01075, 0.00862, 0.00616]
[ INFO : 2026-07-28 17:20:11,797 ] - Epoch 63: train==[142.40365 = 0.95875 + 1.10851 + 29.99412 + 0.01067 + 0.00000 + 0.00086 + 1225.89705]
[ INFO : 2026-07-28 17:20:21,470 ] - Test_@[5, 10, 20, 50]: Recall=[0.03100, 0.05093, 0.08264, 0.14537],  precision=[0.00650, 0.00539, 0.00437, 0.00309], hit=[0.03240, 0.05348, 0.08660, 0.15186], ndcg=[0.02022, 0.02667, 0.03476, 0.04728], Train Rec Loss=[0.03219], Eval Rec Loss=[0.03199], c=[0.50000], F=[0.82744, 0.86533, 0.90288, 0.93498], F_fuse=[0.01290, 0.01071, 0.00871, 0.00616]
[ INFO : 2026-07-28 17:23:00,125 ] - Epoch 64: train==[142.32017 = 0.94756 + 1.10852 + 29.92180 + 0.01070 + 0.00000 + 0.00085 + 1225.89705]
[ INFO : 2026-07-28 17:23:09,522 ] - Test_@[5, 10, 20, 50]: Recall=[0.03115, 0.05113, 0.08262, 0.14617],  precision=[0.00653, 0.00541, 0.00438, 0.00310], hit=[0.03255, 0.05369, 0.08660, 0.15248], ndcg=[0.02048, 0.02695, 0.03498, 0.04766], Train Rec Loss=[0.03215], Eval Rec Loss=[0.03194], c=[0.50000], F=[0.83293, 0.86673, 0.90355, 0.93512], F_fuse=[0.01296, 0.01075, 0.00871, 0.00618]
[ INFO : 2026-07-28 17:25:43,369 ] - Epoch 65: train==[142.10016 = 0.94103 + 1.10851 + 29.70829 + 0.01074 + 0.00000 + 0.00085 + 1225.89705]
[ INFO : 2026-07-28 17:25:52,690 ] - Test_@[5, 10, 20, 50]: Recall=[0.03071, 0.05151, 0.08353, 0.14609],  precision=[0.00646, 0.00546, 0.00442, 0.00310], hit=[0.03219, 0.05420, 0.08753, 0.15258], ndcg=[0.02040, 0.02714, 0.03527, 0.04777], Train Rec Loss=[0.03215], Eval Rec Loss=[0.03195], c=[0.50000], F=[0.83620, 0.86942, 0.90453, 0.93520], F_fuse=[0.01282, 0.01085, 0.00879, 0.00618]
[ INFO : 2026-07-28 17:28:31,037 ] - Epoch 66: train==[141.80327 = 0.93380 + 1.10851 + 29.41857 + 0.01079 + 0.00000 + 0.00085 + 1225.89705]
[ INFO : 2026-07-28 17:28:40,714 ] - Test_@[5, 10, 20, 50]: Recall=[0.03082, 0.05087, 0.08258, 0.14530],  precision=[0.00645, 0.00539, 0.00437, 0.00309], hit=[0.03214, 0.05359, 0.08655, 0.15176], ndcg=[0.02004, 0.02655, 0.03463, 0.04717], Train Rec Loss=[0.03217], Eval Rec Loss=[0.03193], c=[0.50000], F=[0.83438, 0.87046, 0.90478, 0.93403], F_fuse=[0.01280, 0.01072, 0.00870, 0.00615]
[ INFO : 2026-07-28 17:31:17,360 ] - Epoch 67: train==[141.57796 = 0.92775 + 1.10851 + 29.19928 + 0.01085 + 0.00000 + 0.00085 + 1225.89705]
[ INFO : 2026-07-28 17:31:26,958 ] - Test_@[5, 10, 20, 50]: Recall=[0.03079, 0.05127, 0.08291, 0.14603],  precision=[0.00645, 0.00543, 0.00439, 0.00310], hit=[0.03214, 0.05390, 0.08686, 0.15253], ndcg=[0.02028, 0.02695, 0.03500, 0.04761], Train Rec Loss=[0.03217], Eval Rec Loss=[0.03195], c=[0.50000], F=[0.82921, 0.86497, 0.90216, 0.93387], F_fuse=[0.01280, 0.01078, 0.00873, 0.00618]
[ INFO : 2026-07-28 17:34:05,424 ] - Epoch 68: train==[141.51355 = 0.92493 + 1.10852 + 29.13758 + 0.01093 + 0.00000 + 0.00085 + 1225.89705]
[ INFO : 2026-07-28 17:34:14,824 ] - Test_@[5, 10, 20, 50]: Recall=[0.03111, 0.05136, 0.08248, 0.14517],  precision=[0.00653, 0.00544, 0.00437, 0.00309], hit=[0.03255, 0.05390, 0.08645, 0.15171], ndcg=[0.02030, 0.02688, 0.03482, 0.04738], Train Rec Loss=[0.03215], Eval Rec Loss=[0.03195], c=[0.50000], F=[0.83548, 0.87013, 0.90434, 0.93417], F_fuse=[0.01296, 0.01080, 0.00869, 0.00615]
[ INFO : 2026-07-28 17:36:49,030 ] - Epoch 69: train==[141.29457 = 0.91659 + 1.10851 + 28.92689 + 0.01101 + 0.00000 + 0.00085 + 1225.89705]
[ INFO : 2026-07-28 17:36:58,776 ] - Test_@[5, 10, 20, 50]: Recall=[0.03122, 0.05109, 0.08276, 0.14615],  precision=[0.00653, 0.00542, 0.00439, 0.00311], hit=[0.03255, 0.05379, 0.08686, 0.15269], ndcg=[0.02036, 0.02683, 0.03487, 0.04752], Train Rec Loss=[0.03215], Eval Rec Loss=[0.03190], c=[0.50000], F=[0.82884, 0.86583, 0.90158, 0.93384], F_fuse=[0.01296, 0.01077, 0.00873, 0.00619]
[ INFO : 2026-07-28 17:39:36,114 ] - Epoch 70: train==[141.06910 = 0.90893 + 1.10851 + 28.70901 + 0.01106 + 0.00000 + 0.00084 + 1225.89705]
[ INFO : 2026-07-28 17:39:45,510 ] - Test_@[5, 10, 20, 50]: Recall=[0.03045, 0.05114, 0.08296, 0.14676],  precision=[0.00639, 0.00543, 0.00439, 0.00312], hit=[0.03183, 0.05379, 0.08707, 0.15320], ndcg=[0.02008, 0.02686, 0.03496, 0.04768], Train Rec Loss=[0.03213], Eval Rec Loss=[0.03193], c=[0.50000], F=[0.83502, 0.87056, 0.90454, 0.93393], F_fuse=[0.01268, 0.01078, 0.00875, 0.00621]
[ INFO : 2026-07-28 17:42:19,862 ] - Epoch 71: train==[141.03294 = 0.90728 + 1.10850 + 28.67444 + 0.01113 + 0.00000 + 0.00084 + 1225.89705]
[ INFO : 2026-07-28 17:42:29,280 ] - Test_@[5, 10, 20, 50]: Recall=[0.03085, 0.05177, 0.08350, 0.14661],  precision=[0.00647, 0.00550, 0.00443, 0.00311], hit=[0.03224, 0.05451, 0.08763, 0.15310], ndcg=[0.02019, 0.02704, 0.03511, 0.04771], Train Rec Loss=[0.03216], Eval Rec Loss=[0.03193], c=[0.50000], F=[0.83219, 0.86858, 0.90447, 0.93440], F_fuse=[0.01284, 0.01093, 0.00881, 0.00621]
[ INFO : 2026-07-28 17:45:06,311 ] - Epoch 72: train==[140.79676 = 0.89913 + 1.10851 + 28.44637 + 0.01117 + 0.00000 + 0.00084 + 1225.89705]
[ INFO : 2026-07-28 17:45:15,579 ] - Test_@[5, 10, 20, 50]: Recall=[0.03106, 0.05104, 0.08344, 0.14686],  precision=[0.00651, 0.00542, 0.00442, 0.00312], hit=[0.03245, 0.05379, 0.08753, 0.15336], ndcg=[0.02050, 0.02705, 0.03528, 0.04796], Train Rec Loss=[0.03212], Eval Rec Loss=[0.03192], c=[0.50000], F=[0.83417, 0.86927, 0.90291, 0.93364], F_fuse=[0.01292, 0.01077, 0.00880, 0.00622]
[ INFO : 2026-07-28 17:47:47,930 ] - Epoch 73: train==[140.70971 = 0.89473 + 1.10850 + 28.36372 + 0.01119 + 0.00000 + 0.00084 + 1225.89705]
[ INFO : 2026-07-28 17:47:57,140 ] - Test_@[5, 10, 20, 50]: Recall=[0.03063, 0.05203, 0.08278, 0.14709],  precision=[0.00643, 0.00552, 0.00439, 0.00313], hit=[0.03204, 0.05477, 0.08691, 0.15377], ndcg=[0.02020, 0.02721, 0.03501, 0.04788], Train Rec Loss=[0.03211], Eval Rec Loss=[0.03187], c=[0.50000], F=[0.83186, 0.86891, 0.90352, 0.93426], F_fuse=[0.01276, 0.01098, 0.00874, 0.00623]
[ INFO : 2026-07-28 17:50:31,510 ] - Epoch 74: train==[140.55264 = 0.88835 + 1.10850 + 28.21295 + 0.01127 + 0.00000 + 0.00084 + 1225.89705]
[ INFO : 2026-07-28 17:50:40,824 ] - Test_@[5, 10, 20, 50]: Recall=[0.03120, 0.05200, 0.08366, 0.14747],  precision=[0.00654, 0.00552, 0.00444, 0.00314], hit=[0.03260, 0.05477, 0.08784, 0.15402], ndcg=[0.02067, 0.02748, 0.03555, 0.04830], Train Rec Loss=[0.03210], Eval Rec Loss=[0.03190], c=[0.50000], F=[0.83194, 0.86840, 0.90300, 0.93398], F_fuse=[0.01298, 0.01098, 0.00883, 0.00625]
[ INFO : 2026-07-28 17:53:18,788 ] - Epoch 75: train==[140.42625 = 0.88421 + 1.10849 + 28.09069 + 0.01130 + 0.00000 + 0.00083 + 1225.89705]
[ INFO : 2026-07-28 17:53:28,047 ] - Test_@[5, 10, 20, 50]: Recall=[0.03123, 0.05231, 0.08329, 0.14708],  precision=[0.00656, 0.00555, 0.00442, 0.00312], hit=[0.03271, 0.05503, 0.08748, 0.15356], ndcg=[0.02042, 0.02729, 0.03515, 0.04789], Train Rec Loss=[0.03210], Eval Rec Loss=[0.03188], c=[0.50000], F=[0.82868, 0.86713, 0.90221, 0.93324], F_fuse=[0.01302, 0.01104, 0.00879, 0.00623]
[ INFO : 2026-07-28 17:56:04,600 ] - Epoch 76: train==[140.18534 = 0.87507 + 1.10850 + 27.85881 + 0.01140 + 0.00000 + 0.00083 + 1225.89705]
[ INFO : 2026-07-28 17:56:14,103 ] - Test_@[5, 10, 20, 50]: Recall=[0.03118, 0.05119, 0.08220, 0.14724],  precision=[0.00652, 0.00544, 0.00436, 0.00313], hit=[0.03250, 0.05395, 0.08635, 0.15382], ndcg=[0.02060, 0.02716, 0.03506, 0.04805], Train Rec Loss=[0.03210], Eval Rec Loss=[0.03190], c=[0.50000], F=[0.83375, 0.86887, 0.90312, 0.93252], F_fuse=[0.01294, 0.01080, 0.00869, 0.00624]
[ INFO : 2026-07-28 17:58:49,158 ] - Epoch 77: train==[140.11538 = 0.87206 + 1.10849 + 27.79180 + 0.01146 + 0.00000 + 0.00083 + 1225.89705]
[ INFO : 2026-07-28 17:58:58,677 ] - Test_@[5, 10, 20, 50]: Recall=[0.03170, 0.05218, 0.08335, 0.14712],  precision=[0.00665, 0.00553, 0.00442, 0.00313], hit=[0.03317, 0.05487, 0.08748, 0.15372], ndcg=[0.02058, 0.02725, 0.03515, 0.04788], Train Rec Loss=[0.03207], Eval Rec Loss=[0.03186], c=[0.50000], F=[0.82918, 0.86578, 0.90103, 0.93241], F_fuse=[0.01320, 0.01100, 0.00880, 0.00623]
[ INFO : 2026-07-28 18:01:35,572 ] - Epoch 78: train==[139.78281 = 0.86850 + 1.10849 + 27.46266 + 0.01159 + 0.00000 + 0.00083 + 1225.89705]
[ INFO : 2026-07-28 18:01:45,476 ] - Test_@[5, 10, 20, 50]: Recall=[0.03133, 0.05156, 0.08225, 0.14807],  precision=[0.00656, 0.00546, 0.00437, 0.00315], hit=[0.03271, 0.05426, 0.08645, 0.15469], ndcg=[0.02074, 0.02734, 0.03511, 0.04823], Train Rec Loss=[0.03208], Eval Rec Loss=[0.03188], c=[0.50000], F=[0.83230, 0.86683, 0.90209, 0.93391], F_fuse=[0.01302, 0.01085, 0.00869, 0.00627]
[ INFO : 2026-07-28 18:04:26,465 ] - Epoch 79: train==[139.74716 = 0.86053 + 1.10849 + 27.43497 + 0.01160 + 0.00000 + 0.00083 + 1225.89705]
[ INFO : 2026-07-28 18:04:36,643 ] - Test_@[5, 10, 20, 50]: Recall=[0.03163, 0.05193, 0.08184, 0.14647],  precision=[0.00662, 0.00549, 0.00435, 0.00312], hit=[0.03302, 0.05456, 0.08604, 0.15320], ndcg=[0.02082, 0.02742, 0.03500, 0.04793], Train Rec Loss=[0.03209], Eval Rec Loss=[0.03188], c=[0.50000], F=[0.82684, 0.86447, 0.90146, 0.93459], F_fuse=[0.01314, 0.01092, 0.00865, 0.00622]
[ INFO : 2026-07-28 18:07:16,528 ] - Epoch 80: train==[139.62400 = 0.85819 + 1.10849 + 27.31408 + 0.01168 + 0.00000 + 0.00082 + 1225.89705]
[ INFO : 2026-07-28 18:07:27,209 ] - Test_@[5, 10, 20, 50]: Recall=[0.03198, 0.05213, 0.08337, 0.14745],  precision=[0.00669, 0.00552, 0.00442, 0.00313], hit=[0.03332, 0.05487, 0.08743, 0.15408], ndcg=[0.02111, 0.02770, 0.03563, 0.04842], Train Rec Loss=[0.03207], Eval Rec Loss=[0.03185], c=[0.50000], F=[0.83539, 0.86812, 0.90193, 0.93266], F_fuse=[0.01326, 0.01098, 0.00879, 0.00625]
[ INFO : 2026-07-28 18:10:13,072 ] - Epoch 81: train==[139.46358 = 0.85330 + 1.10849 + 27.15851 + 0.01172 + 0.00000 + 0.00082 + 1225.89705]
[ INFO : 2026-07-28 18:10:22,930 ] - Test_@[5, 10, 20, 50]: Recall=[0.03231, 0.05250, 0.08365, 0.14888],  precision=[0.00677, 0.00556, 0.00444, 0.00316], hit=[0.03374, 0.05528, 0.08789, 0.15557], ndcg=[0.02113, 0.02774, 0.03566, 0.04871], Train Rec Loss=[0.03206], Eval Rec Loss=[0.03185], c=[0.50000], F=[0.83755, 0.86863, 0.90094, 0.93168], F_fuse=[0.01343, 0.01106, 0.00883, 0.00631]
[ INFO : 2026-07-28 18:13:06,642 ] - Epoch 82: train==[139.32553 = 0.84735 + 1.10849 + 27.02639 + 0.01175 + 0.00000 + 0.00082 + 1225.89705]
[ INFO : 2026-07-28 18:13:16,330 ] - Test_@[5, 10, 20, 50]: Recall=[0.03091, 0.05216, 0.08142, 0.14700],  precision=[0.00651, 0.00552, 0.00432, 0.00313], hit=[0.03245, 0.05477, 0.08542, 0.15372], ndcg=[0.02044, 0.02738, 0.03482, 0.04793], Train Rec Loss=[0.03206], Eval Rec Loss=[0.03185], c=[0.50000], F=[0.82573, 0.86355, 0.89988, 0.93298], F_fuse=[0.01292, 0.01097, 0.00860, 0.00623]
[ INFO : 2026-07-28 18:16:03,681 ] - Epoch 83: train==[139.28124 = 0.84535 + 1.10849 + 26.98399 + 0.01185 + 0.00000 + 0.00082 + 1225.89705]
[ INFO : 2026-07-28 18:16:16,052 ] - Test_@[5, 10, 20, 50]: Recall=[0.03225, 0.05238, 0.08245, 0.14815],  precision=[0.00676, 0.00553, 0.00437, 0.00315], hit=[0.03368, 0.05503, 0.08655, 0.15480], ndcg=[0.02098, 0.02755, 0.03520, 0.04832], Train Rec Loss=[0.03206], Eval Rec Loss=[0.03184], c=[0.50000], F=[0.83514, 0.86837, 0.90164, 0.93218], F_fuse=[0.01341, 0.01100, 0.00870, 0.00628]
[ INFO : 2026-07-28 18:18:56,927 ] - Epoch 84: train==[139.23245 = 0.83611 + 1.10848 + 26.94439 + 0.01191 + 0.00000 + 0.00082 + 1225.89705]
[ INFO : 2026-07-28 18:19:06,531 ] - Test_@[5, 10, 20, 50]: Recall=[0.03197, 0.05284, 0.08343, 0.14693],  precision=[0.00674, 0.00559, 0.00443, 0.00313], hit=[0.03358, 0.05544, 0.08753, 0.15361], ndcg=[0.02088, 0.02770, 0.03545, 0.04813], Train Rec Loss=[0.03205], Eval Rec Loss=[0.03181], c=[0.50000], F=[0.82921, 0.86442, 0.90021, 0.93339], F_fuse=[0.01337, 0.01111, 0.00881, 0.00623]
[ INFO : 2026-07-28 18:21:55,525 ] - Epoch 85: train==[139.02677 = 0.83325 + 1.10849 + 26.74152 + 0.01197 + 0.00000 + 0.00081 + 1225.89705]
[ INFO : 2026-07-28 18:22:04,925 ] - Test_@[5, 10, 20, 50]: Recall=[0.03249, 0.05264, 0.08412, 0.14808],  precision=[0.00681, 0.00557, 0.00445, 0.00315], hit=[0.03394, 0.05528, 0.08815, 0.15480], ndcg=[0.02124, 0.02782, 0.03579, 0.04856], Train Rec Loss=[0.03205], Eval Rec Loss=[0.03183], c=[0.50000], F=[0.83147, 0.86644, 0.90219, 0.93351], F_fuse=[0.01351, 0.01108, 0.00886, 0.00628]
[ INFO : 2026-07-28 18:24:50,993 ] - Epoch 86: train==[138.94034 = 0.82672 + 1.10848 + 26.66154 + 0.01205 + 0.00000 + 0.00081 + 1225.89705]
[ INFO : 2026-07-28 18:25:00,797 ] - Test_@[5, 10, 20, 50]: Recall=[0.03208, 0.05285, 0.08312, 0.14648],  precision=[0.00676, 0.00559, 0.00441, 0.00312], hit=[0.03368, 0.05544, 0.08722, 0.15325], ndcg=[0.02106, 0.02780, 0.03548, 0.04816], Train Rec Loss=[0.03206], Eval Rec Loss=[0.03182], c=[0.50000], F=[0.82526, 0.86339, 0.90083, 0.93456], F_fuse=[0.01341, 0.01111, 0.00877, 0.00621]
[ INFO : 2026-07-28 18:27:45,824 ] - Epoch 87: train==[138.88536 = 0.82507 + 1.10850 + 26.60819 + 0.01206 + 0.00000 + 0.00081 + 1225.89705]
[ INFO : 2026-07-28 18:27:55,445 ] - Test_@[5, 10, 20, 50]: Recall=[0.03166, 0.05245, 0.08370, 0.14742],  precision=[0.00663, 0.00554, 0.00444, 0.00313], hit=[0.03307, 0.05508, 0.08779, 0.15413], ndcg=[0.02089, 0.02766, 0.03559, 0.04828], Train Rec Loss=[0.03206], Eval Rec Loss=[0.03183], c=[0.50000], F=[0.82953, 0.86675, 0.90191, 0.93309], F_fuse=[0.01316, 0.01101, 0.00883, 0.00624]
[ INFO : 2026-07-28 18:30:40,826 ] - Epoch 88: train==[138.70988 = 0.81993 + 1.10849 + 26.43778 + 0.01214 + 0.00000 + 0.00081 + 1225.89705]
[ INFO : 2026-07-28 18:30:50,351 ] - Test_@[5, 10, 20, 50]: Recall=[0.03171, 0.05328, 0.08314, 0.14632],  precision=[0.00666, 0.00563, 0.00441, 0.00311], hit=[0.03322, 0.05595, 0.08722, 0.15320], ndcg=[0.02078, 0.02779, 0.03538, 0.04800], Train Rec Loss=[0.03205], Eval Rec Loss=[0.03183], c=[0.50000], F=[0.82839, 0.86569, 0.90152, 0.93330], F_fuse=[0.01322, 0.01119, 0.00877, 0.00621]
[ INFO : 2026-07-28 18:33:37,731 ] - Epoch 89: train==[138.48893 = 0.81396 + 1.10849 + 26.22276 + 0.01217 + 0.00000 + 0.00081 + 1225.89705]
[ INFO : 2026-07-28 18:33:49,223 ] - Test_@[5, 10, 20, 50]: Recall=[0.03239, 0.05392, 0.08386, 0.14792],  precision=[0.00679, 0.00571, 0.00445, 0.00315], hit=[0.03384, 0.05662, 0.08804, 0.15490], ndcg=[0.02111, 0.02811, 0.03572, 0.04854], Train Rec Loss=[0.03202], Eval Rec Loss=[0.03180], c=[0.50000], F=[0.83136, 0.86706, 0.90301, 0.93483], F_fuse=[0.01347, 0.01134, 0.00885, 0.00628]
[ INFO : 2026-07-28 18:36:30,970 ] - Epoch 90: train==[138.46018 = 0.81142 + 1.10847 + 26.19650 + 0.01223 + 0.00000 + 0.00081 + 1225.89705]
[ INFO : 2026-07-28 18:36:40,437 ] - Test_@[5, 10, 20, 50]: Recall=[0.03201, 0.05323, 0.08404, 0.14766],  precision=[0.00671, 0.00564, 0.00445, 0.00314], hit=[0.03343, 0.05606, 0.08820, 0.15459], ndcg=[0.02102, 0.02792, 0.03573, 0.04842], Train Rec Loss=[0.03204], Eval Rec Loss=[0.03178], c=[0.50000], F=[0.82729, 0.86559, 0.90173, 0.93324], F_fuse=[0.01330, 0.01120, 0.00886, 0.00626]
[ INFO : 2026-07-28 18:39:21,828 ] - Epoch 91: train==[138.30172 = 0.80486 + 1.10846 + 26.04452 + 0.01233 + 0.00000 + 0.00080 + 1225.89705]
[ INFO : 2026-07-28 18:39:31,046 ] - Test_@[5, 10, 20, 50]: Recall=[0.03264, 0.05345, 0.08425, 0.14897],  precision=[0.00684, 0.00566, 0.00445, 0.00317], hit=[0.03410, 0.05621, 0.08825, 0.15588], ndcg=[0.02124, 0.02805, 0.03585, 0.04876], Train Rec Loss=[0.03203], Eval Rec Loss=[0.03180], c=[0.50000], F=[0.83254, 0.86704, 0.90191, 0.93281], F_fuse=[0.01357, 0.01125, 0.00886, 0.00631]
[ INFO : 2026-07-28 18:42:10,311 ] - Epoch 92: train==[138.18503 = 0.80318 + 1.10847 + 25.92939 + 0.01245 + 0.00000 + 0.00080 + 1225.89705]
[ INFO : 2026-07-28 18:42:19,567 ] - Test_@[5, 10, 20, 50]: Recall=[0.03136, 0.05376, 0.08357, 0.14697],  precision=[0.00660, 0.00569, 0.00443, 0.00313], hit=[0.03291, 0.05647, 0.08763, 0.15397], ndcg=[0.02082, 0.02809, 0.03565, 0.04832], Train Rec Loss=[0.03201], Eval Rec Loss=[0.03178], c=[0.50000], F=[0.82530, 0.86459, 0.90217, 0.93456], F_fuse=[0.01310, 0.01130, 0.00882, 0.00624]
[ INFO : 2026-07-28 18:45:00,557 ] - Epoch 93: train==[138.19523 = 0.79729 + 1.10846 + 25.94550 + 0.01244 + 0.00000 + 0.00080 + 1225.89705]
[ INFO : 2026-07-28 18:45:10,597 ] - Test_@[5, 10, 20, 50]: Recall=[0.03225, 0.05338, 0.08415, 0.14837],  precision=[0.00676, 0.00564, 0.00446, 0.00315], hit=[0.03368, 0.05606, 0.08830, 0.15521], ndcg=[0.02117, 0.02805, 0.03586, 0.04865], Train Rec Loss=[0.03202], Eval Rec Loss=[0.03179], c=[0.50000], F=[0.83074, 0.86712, 0.90147, 0.93281], F_fuse=[0.01341, 0.01120, 0.00887, 0.00629]
[ INFO : 2026-07-28 18:47:49,134 ] - Epoch 94: train==[138.09733 = 0.79335 + 1.10848 + 25.85146 + 0.01250 + 0.00000 + 0.00080 + 1225.89705]
[ INFO : 2026-07-28 18:47:58,506 ] - Test_@[5, 10, 20, 50]: Recall=[0.03201, 0.05308, 0.08348, 0.14673],  precision=[0.00673, 0.00561, 0.00443, 0.00312], hit=[0.03353, 0.05580, 0.08758, 0.15366], ndcg=[0.02114, 0.02800, 0.03572, 0.04837], Train Rec Loss=[0.03200], Eval Rec Loss=[0.03181], c=[0.50000], F=[0.82675, 0.86530, 0.90187, 0.93369], F_fuse=[0.01334, 0.01115, 0.00881, 0.00622]
[ INFO : 2026-07-28 18:50:35,304 ] - Epoch 95: train==[138.07645 = 0.78982 + 1.10846 + 25.83414 + 0.01250 + 0.00000 + 0.00079 + 1225.89705]
[ INFO : 2026-07-28 18:50:44,966 ] - Test_@[5, 10, 20, 50]: Recall=[0.03213, 0.05327, 0.08423, 0.14734],  precision=[0.00677, 0.00564, 0.00446, 0.00313], hit=[0.03374, 0.05611, 0.08825, 0.15428], ndcg=[0.02111, 0.02799, 0.03583, 0.04841], Train Rec Loss=[0.03201], Eval Rec Loss=[0.03178], c=[0.50000], F=[0.82765, 0.86501, 0.90116, 0.93396], F_fuse=[0.01343, 0.01121, 0.00887, 0.00624]
[ INFO : 2026-07-28 18:53:27,590 ] - Epoch 96: train==[137.90924 = 0.78597 + 1.10847 + 25.67067 + 0.01261 + 0.00000 + 0.00079 + 1225.89705]
[ INFO : 2026-07-28 18:53:36,896 ] - Test_@[5, 10, 20, 50]: Recall=[0.03232, 0.05373, 0.08400, 0.14719],  precision=[0.00681, 0.00568, 0.00445, 0.00313], hit=[0.03394, 0.05647, 0.08799, 0.15408], ndcg=[0.02134, 0.02830, 0.03599, 0.04861], Train Rec Loss=[0.03201], Eval Rec Loss=[0.03179], c=[0.50000], F=[0.82729, 0.86470, 0.90053, 0.93312], F_fuse=[0.01351, 0.01128, 0.00886, 0.00624]
[ INFO : 2026-07-28 18:56:18,259 ] - Epoch 97: train==[137.79470 = 0.78261 + 1.10845 + 25.55944 + 0.01266 + 0.00000 + 0.00079 + 1225.89705]
[ INFO : 2026-07-28 18:56:27,388 ] - Test_@[5, 10, 20, 50]: Recall=[0.03267, 0.05292, 0.08394, 0.14702],  precision=[0.00687, 0.00559, 0.00445, 0.00313], hit=[0.03425, 0.05559, 0.08794, 0.15402], ndcg=[0.02139, 0.02800, 0.03590, 0.04851], Train Rec Loss=[0.03200], Eval Rec Loss=[0.03178], c=[0.50000], F=[0.82774, 0.86618, 0.90294, 0.93513], F_fuse=[0.01363, 0.01111, 0.00885, 0.00624]
[ INFO : 2026-07-28 18:59:07,558 ] - Epoch 98: train==[137.72082 = 0.77648 + 1.10846 + 25.49155 + 0.01279 + 0.00000 + 0.00079 + 1225.89705]
[ INFO : 2026-07-28 18:59:18,140 ] - Test_@[5, 10, 20, 50]: Recall=[0.03261, 0.05337, 0.08436, 0.14663],  precision=[0.00685, 0.00564, 0.00447, 0.00312], hit=[0.03415, 0.05606, 0.08840, 0.15361], ndcg=[0.02134, 0.02809, 0.03595, 0.04839], Train Rec Loss=[0.03199], Eval Rec Loss=[0.03177], c=[0.50000], F=[0.82781, 0.86579, 0.90127, 0.93421], F_fuse=[0.01359, 0.01120, 0.00889, 0.00622]
[ INFO : 2026-07-28 19:01:58,655 ] - Epoch 99: train==[137.65496 = 0.77590 + 1.10845 + 25.42623 + 0.01285 + 0.00000 + 0.00079 + 1225.89705]
[ INFO : 2026-07-28 19:02:08,102 ] - Test_@[5, 10, 20, 50]: Recall=[0.03222, 0.05279, 0.08236, 0.14478],  precision=[0.00678, 0.00558, 0.00436, 0.00308], hit=[0.03379, 0.05554, 0.08640, 0.15161], ndcg=[0.02100, 0.02767, 0.03519, 0.04771], Train Rec Loss=[0.03199], Eval Rec Loss=[0.03177], c=[0.50000], F=[0.82618, 0.86466, 0.90118, 0.93461], F_fuse=[0.01345, 0.01110, 0.00868, 0.00614]
[ INFO : 2026-07-28 19:04:47,411 ] - Epoch 100: train==[137.59095 = 0.76688 + 1.10845 + 25.37127 + 0.01281 + 0.00000 + 0.00079 + 1225.89705]
[ INFO : 2026-07-28 19:04:57,708 ] - Test_@[5, 10, 20, 50]: Recall=[0.03327, 0.05369, 0.08506, 0.14674],  precision=[0.00695, 0.00568, 0.00451, 0.00312], hit=[0.03466, 0.05647, 0.08923, 0.15377], ndcg=[0.02182, 0.02848, 0.03644, 0.04877], Train Rec Loss=[0.03199], Eval Rec Loss=[0.03173], c=[0.50000], F=[0.82782, 0.86667, 0.90207, 0.93316], F_fuse=[0.01379, 0.01128, 0.00897, 0.00623]
[ INFO : 2026-07-28 19:07:36,341 ] - Epoch 101: train==[137.40770 = 0.76726 + 1.10845 + 25.18750 + 0.01297 + 0.00000 + 0.00079 + 1225.89705]
[ INFO : 2026-07-28 19:07:45,516 ] - Test_@[5, 10, 20, 50]: Recall=[0.03187, 0.05280, 0.08294, 0.14567],  precision=[0.00671, 0.00558, 0.00440, 0.00310], hit=[0.03343, 0.05554, 0.08707, 0.15269], ndcg=[0.02102, 0.02787, 0.03554, 0.04812], Train Rec Loss=[0.03196], Eval Rec Loss=[0.03177], c=[0.50000], F=[0.82759, 0.86588, 0.90150, 0.93402], F_fuse=[0.01330, 0.01110, 0.00875, 0.00618]
[ INFO : 2026-07-28 19:10:21,984 ] - Epoch 102: train==[137.28660 = 0.76195 + 1.10845 + 25.07173 + 0.01295 + 0.00000 + 0.00078 + 1225.89705]
[ INFO : 2026-07-28 19:10:31,881 ] - Test_@[5, 10, 20, 50]: Recall=[0.03273, 0.05303, 0.08416, 0.14622],  precision=[0.00688, 0.00562, 0.00446, 0.00311], hit=[0.03430, 0.05585, 0.08820, 0.15336], ndcg=[0.02147, 0.02807, 0.03597, 0.04837], Train Rec Loss=[0.03198], Eval Rec Loss=[0.03175], c=[0.50000], F=[0.82598, 0.86595, 0.90180, 0.93408], F_fuse=[0.01365, 0.01116, 0.00887, 0.00621]
[ INFO : 2026-07-28 19:13:11,872 ] - Epoch 103: train==[137.34524 = 0.75757 + 1.10844 + 25.13462 + 0.01309 + 0.00000 + 0.00079 + 1225.89705]
[ INFO : 2026-07-28 19:13:21,632 ] - Test_@[5, 10, 20, 50]: Recall=[0.03232, 0.05298, 0.08430, 0.14586],  precision=[0.00679, 0.00561, 0.00446, 0.00311], hit=[0.03384, 0.05575, 0.08825, 0.15294], ndcg=[0.02137, 0.02810, 0.03604, 0.04835], Train Rec Loss=[0.03197], Eval Rec Loss=[0.03173], c=[0.50000], F=[0.82873, 0.86801, 0.90316, 0.93455], F_fuse=[0.01347, 0.01114, 0.00887, 0.00620]
[ INFO : 2026-07-28 19:16:02,942 ] - Epoch 104: train==[137.25730 = 0.75741 + 1.10844 + 25.04683 + 0.01309 + 0.00000 + 0.00078 + 1225.89705]
[ INFO : 2026-07-28 19:16:12,246 ] - Test_@[5, 10, 20, 50]: Recall=[0.03320, 0.05235, 0.08477, 0.14594],  precision=[0.00696, 0.00554, 0.00449, 0.00311], hit=[0.03471, 0.05513, 0.08887, 0.15310], ndcg=[0.02171, 0.02797, 0.03622, 0.04843], Train Rec Loss=[0.03197], Eval Rec Loss=[0.03175], c=[0.50000], F=[0.82632, 0.86510, 0.90165, 0.93463], F_fuse=[0.01381, 0.01102, 0.00893, 0.00620]
[ INFO : 2026-07-28 19:18:51,471 ] - Epoch 105: train==[137.23811 = 0.75497 + 1.10845 + 25.03001 + 0.01316 + 0.00000 + 0.00078 + 1225.89705]
[ INFO : 2026-07-28 19:19:00,873 ] - Test_@[5, 10, 20, 50]: Recall=[0.03284, 0.05275, 0.08399, 0.14595],  precision=[0.00691, 0.00558, 0.00445, 0.00311], hit=[0.03446, 0.05554, 0.08809, 0.15305], ndcg=[0.02173, 0.02821, 0.03614, 0.04854], Train Rec Loss=[0.03196], Eval Rec Loss=[0.03176], c=[0.50000], F=[0.82817, 0.86648, 0.90143, 0.93409], F_fuse=[0.01371, 0.01110, 0.00885, 0.00620]
[ INFO : 2026-07-28 19:21:40,530 ] - Epoch 106: train==[137.01341 = 0.74261 + 1.10844 + 24.81757 + 0.01327 + 0.00000 + 0.00078 + 1225.89705]
[ INFO : 2026-07-28 19:21:49,797 ] - Test_@[5, 10, 20, 50]: Recall=[0.03336, 0.05318, 0.08542, 0.14727],  precision=[0.00697, 0.00562, 0.00452, 0.00313], hit=[0.03476, 0.05590, 0.08948, 0.15428], ndcg=[0.02181, 0.02829, 0.03647, 0.04882], Train Rec Loss=[0.03196], Eval Rec Loss=[0.03172], c=[0.50000], F=[0.83255, 0.86890, 0.90252, 0.93375], F_fuse=[0.01383, 0.01116, 0.00899, 0.00625]
[ INFO : 2026-07-28 19:24:30,758 ] - Epoch 107: train==[136.99010 = 0.74242 + 1.10843 + 24.79442 + 0.01331 + 0.00000 + 0.00078 + 1225.89705]
[ INFO : 2026-07-28 19:24:40,047 ] - Test_@[5, 10, 20, 50]: Recall=[0.03252, 0.05176, 0.08339, 0.14441],  precision=[0.00686, 0.00548, 0.00442, 0.00307], hit=[0.03420, 0.05451, 0.08748, 0.15140], ndcg=[0.02160, 0.02785, 0.03588, 0.04807], Train Rec Loss=[0.03194], Eval Rec Loss=[0.03175], c=[0.50000], F=[0.82303, 0.86365, 0.90125, 0.93464], F_fuse=[0.01361, 0.01090, 0.00879, 0.00613]
[ INFO : 2026-07-28 19:27:15,557 ] - Epoch 108: train==[136.88594 = 0.74151 + 1.10844 + 24.69109 + 0.01339 + 0.00000 + 0.00078 + 1225.89705]
[ INFO : 2026-07-28 19:27:27,064 ] - Test_@[5, 10, 20, 50]: Recall=[0.03384, 0.05344, 0.08575, 0.14614],  precision=[0.00710, 0.00565, 0.00454, 0.00311], hit=[0.03538, 0.05621, 0.08984, 0.15315], ndcg=[0.02231, 0.02872, 0.03692, 0.04898], Train Rec Loss=[0.03197], Eval Rec Loss=[0.03175], c=[0.50000], F=[0.83194, 0.86678, 0.90110, 0.93282], F_fuse=[0.01407, 0.01123, 0.00904, 0.00620]
[ INFO : 2026-07-28 19:30:04,484 ] - Epoch 109: train==[136.93985 = 0.73398 + 1.10843 + 24.75249 + 0.01345 + 0.00000 + 0.00077 + 1225.89705]
[ INFO : 2026-07-28 19:30:13,738 ] - Test_@[5, 10, 20, 50]: Recall=[0.03314, 0.05347, 0.08590, 0.14711],  precision=[0.00696, 0.00566, 0.00455, 0.00313], hit=[0.03471, 0.05626, 0.09010, 0.15423], ndcg=[0.02182, 0.02846, 0.03668, 0.04891], Train Rec Loss=[0.03195], Eval Rec Loss=[0.03174], c=[0.50000], F=[0.83060, 0.86747, 0.90213, 0.93363], F_fuse=[0.01381, 0.01124, 0.00905, 0.00624]
[ INFO : 2026-07-28 19:32:49,421 ] - Epoch 110: train==[136.88580 = 0.73448 + 1.10843 + 24.69790 + 0.01347 + 0.00000 + 0.00078 + 1225.89705]
[ INFO : 2026-07-28 19:32:58,715 ] - Test_@[5, 10, 20, 50]: Recall=[0.03275, 0.05256, 0.08455, 0.14598],  precision=[0.00691, 0.00555, 0.00448, 0.00311], hit=[0.03446, 0.05523, 0.08871, 0.15315], ndcg=[0.02169, 0.02816, 0.03627, 0.04851], Train Rec Loss=[0.03195], Eval Rec Loss=[0.03174], c=[0.50000], F=[0.82472, 0.86368, 0.90080, 0.93410], F_fuse=[0.01371, 0.01104, 0.00891, 0.00620]
[ INFO : 2026-07-28 19:35:32,396 ] - Epoch 111: train==[136.57900 = 0.73113 + 1.10842 + 24.39434 + 0.01359 + 0.00000 + 0.00078 + 1225.89705]
[ INFO : 2026-07-28 19:35:41,745 ] - Test_@[5, 10, 20, 50]: Recall=[0.03280, 0.05336, 0.08516, 0.14621],  precision=[0.00691, 0.00564, 0.00451, 0.00311], hit=[0.03446, 0.05611, 0.08938, 0.15336], ndcg=[0.02159, 0.02831, 0.03635, 0.04856], Train Rec Loss=[0.03194], Eval Rec Loss=[0.03172], c=[0.50000], F=[0.82980, 0.86848, 0.90292, 0.93478], F_fuse=[0.01371, 0.01121, 0.00898, 0.00621]
[ INFO : 2026-07-28 19:38:17,712 ] - Epoch 112: train==[136.71701 = 0.72560 + 1.10842 + 24.53784 + 0.01363 + 0.00000 + 0.00077 + 1225.89705]
[ INFO : 2026-07-28 19:38:26,939 ] - Test_@[5, 10, 20, 50]: Recall=[0.03332, 0.05275, 0.08456, 0.14580],  precision=[0.00699, 0.00558, 0.00448, 0.00311], hit=[0.03487, 0.05554, 0.08876, 0.15294], ndcg=[0.02194, 0.02827, 0.03636, 0.04860], Train Rec Loss=[0.03194], Eval Rec Loss=[0.03172], c=[0.50000], F=[0.82776, 0.86643, 0.90229, 0.93431], F_fuse=[0.01387, 0.01110, 0.00892, 0.00619]
[ INFO : 2026-07-28 19:41:03,267 ] - Epoch 113: train==[136.69212 = 0.72565 + 1.10842 + 24.51285 + 0.01369 + 0.00000 + 0.00077 + 1225.89705]
[ INFO : 2026-07-28 19:41:12,616 ] - Test_@[5, 10, 20, 50]: Recall=[0.03299, 0.05224, 0.08372, 0.14522],  precision=[0.00695, 0.00552, 0.00444, 0.00309], hit=[0.03466, 0.05487, 0.08789, 0.15228], ndcg=[0.02190, 0.02816, 0.03618, 0.04846], Train Rec Loss=[0.03193], Eval Rec Loss=[0.03170], c=[0.50000], F=[0.82397, 0.86338, 0.90077, 0.93450], F_fuse=[0.01379, 0.01097, 0.00884, 0.00617]
[ INFO : 2026-07-28 19:43:49,453 ] - Epoch 114: train==[136.56396 = 0.72165 + 1.10842 + 24.38867 + 0.01372 + 0.00000 + 0.00077 + 1225.89705]
[ INFO : 2026-07-28 19:43:58,828 ] - Test_@[5, 10, 20, 50]: Recall=[0.03362, 0.05356, 0.08512, 0.14644],  precision=[0.00708, 0.00566, 0.00451, 0.00312], hit=[0.03528, 0.05631, 0.08938, 0.15361], ndcg=[0.02217, 0.02869, 0.03670, 0.04896], Train Rec Loss=[0.03194], Eval Rec Loss=[0.03171], c=[0.50000], F=[0.83064, 0.86776, 0.90265, 0.93404], F_fuse=[0.01403, 0.01125, 0.00898, 0.00622]
[ INFO : 2026-07-28 19:46:34,546 ] - Epoch 115: train==[136.53038 = 0.71328 + 1.10841 + 24.36345 + 0.01374 + 0.00000 + 0.00077 + 1225.89705]
[ INFO : 2026-07-28 19:46:43,897 ] - Test_@[5, 10, 20, 50]: Recall=[0.03343, 0.05339, 0.08466, 0.14667],  precision=[0.00705, 0.00565, 0.00449, 0.00312], hit=[0.03512, 0.05616, 0.08892, 0.15372], ndcg=[0.02217, 0.02868, 0.03662, 0.04900], Train Rec Loss=[0.03193], Eval Rec Loss=[0.03168], c=[0.50000], F=[0.82866, 0.86643, 0.90230, 0.93397], F_fuse=[0.01397, 0.01122, 0.00894, 0.00622]
[ INFO : 2026-07-28 19:49:18,348 ] - Epoch 116: train==[136.46192 = 0.71369 + 1.10841 + 24.29446 + 0.01386 + 0.00000 + 0.00077 + 1225.89705]
[ INFO : 2026-07-28 19:49:27,802 ] - Test_@[5, 10, 20, 50]: Recall=[0.03263, 0.05280, 0.08359, 0.14628],  precision=[0.00687, 0.00560, 0.00444, 0.00311], hit=[0.03425, 0.05564, 0.08794, 0.15330], ndcg=[0.02178, 0.02836, 0.03617, 0.04872], Train Rec Loss=[0.03193], Eval Rec Loss=[0.03172], c=[0.50000], F=[0.82816, 0.86638, 0.90262, 0.93534], F_fuse=[0.01363, 0.01112, 0.00883, 0.00620]
[ INFO : 2026-07-28 19:52:06,966 ] - Epoch 117: train==[136.34889 = 0.71106 + 1.10841 + 24.18399 + 0.01393 + 0.00000 + 0.00077 + 1225.89705]
[ INFO : 2026-07-28 19:52:16,263 ] - Test_@[5, 10, 20, 50]: Recall=[0.03333, 0.05262, 0.08241, 0.14422],  precision=[0.00702, 0.00556, 0.00437, 0.00307], hit=[0.03502, 0.05528, 0.08650, 0.15130], ndcg=[0.02183, 0.02806, 0.03562, 0.04801], Train Rec Loss=[0.03193], Eval Rec Loss=[0.03170], c=[0.50000], F=[0.82370, 0.86436, 0.90214, 0.93637], F_fuse=[0.01393, 0.01105, 0.00870, 0.00612]
[ INFO : 2026-07-28 19:54:51,573 ] - Epoch 118: train==[136.24667 = 0.70781 + 1.10841 + 24.08496 + 0.01399 + 0.00000 + 0.00076 + 1225.89705]
[ INFO : 2026-07-28 19:55:00,887 ] - Test_@[5, 10, 20, 50]: Recall=[0.03333, 0.05360, 0.08554, 0.14664],  precision=[0.00700, 0.00569, 0.00453, 0.00312], hit=[0.03492, 0.05657, 0.08984, 0.15372], ndcg=[0.02235, 0.02899, 0.03709, 0.04931], Train Rec Loss=[0.03192], Eval Rec Loss=[0.03170], c=[0.50000], F=[0.83007, 0.86783, 0.90278, 0.93491], F_fuse=[0.01389, 0.01130, 0.00902, 0.00622]
[ INFO : 2026-07-28 19:57:33,300 ] - Epoch 119: train==[136.30475 = 0.70162 + 1.10840 + 24.14924 + 0.01399 + 0.00000 + 0.00077 + 1225.89705]
[ INFO : 2026-07-28 19:57:43,227 ] - Test_@[5, 10, 20, 50]: Recall=[0.03391, 0.05310, 0.08353, 0.14514],  precision=[0.00714, 0.00561, 0.00443, 0.00309], hit=[0.03559, 0.05570, 0.08779, 0.15217], ndcg=[0.02254, 0.02872, 0.03647, 0.04881], Train Rec Loss=[0.03192], Eval Rec Loss=[0.03170], c=[0.50000], F=[0.82560, 0.86502, 0.90132, 0.93382], F_fuse=[0.01415, 0.01114, 0.00881, 0.00616]
[ INFO : 2026-07-28 20:00:16,524 ] - Epoch 120: train==[136.30334 = 0.70150 + 1.10840 + 24.14779 + 0.01414 + 0.00000 + 0.00076 + 1225.89705]
[ INFO : 2026-07-28 20:00:26,789 ] - Test_@[5, 10, 20, 50]: Recall=[0.03278, 0.05334, 0.08267, 0.14416],  precision=[0.00692, 0.00563, 0.00438, 0.00307], hit=[0.03451, 0.05595, 0.08686, 0.15125], ndcg=[0.02187, 0.02852, 0.03596, 0.04827], Train Rec Loss=[0.03191], Eval Rec Loss=[0.03170], c=[0.50000], F=[0.82627, 0.86663, 0.90361, 0.93643], F_fuse=[0.01373, 0.01118, 0.00873, 0.00612]
[ INFO : 2026-07-28 20:03:03,658 ] - Epoch 121: train==[136.10861 = 0.70113 + 1.10839 + 23.95342 + 0.01416 + 0.00000 + 0.00076 + 1225.89705]
[ INFO : 2026-07-28 20:03:12,819 ] - Test_@[5, 10, 20, 50]: Recall=[0.03366, 0.05324, 0.08499, 0.14537],  precision=[0.00706, 0.00562, 0.00451, 0.00309], hit=[0.03523, 0.05585, 0.08928, 0.15238], ndcg=[0.02230, 0.02865, 0.03672, 0.04877], Train Rec Loss=[0.03190], Eval Rec Loss=[0.03168], c=[0.50000], F=[0.82750, 0.86615, 0.90170, 0.93390], F_fuse=[0.01399, 0.01116, 0.00897, 0.00617]
[ INFO : 2026-07-28 20:05:50,700 ] - Epoch 122: train==[136.12053 = 0.69331 + 1.10840 + 23.97311 + 0.01421 + 0.00000 + 0.00076 + 1225.89705]
[ INFO : 2026-07-28 20:06:00,868 ] - Test_@[5, 10, 20, 50]: Recall=[0.03352, 0.05310, 0.08448, 0.14502],  precision=[0.00704, 0.00561, 0.00448, 0.00309], hit=[0.03512, 0.05580, 0.08881, 0.15202], ndcg=[0.02206, 0.02844, 0.03642, 0.04853], Train Rec Loss=[0.03190], Eval Rec Loss=[0.03169], c=[0.50000], F=[0.82926, 0.86882, 0.90367, 0.93580], F_fuse=[0.01395, 0.01114, 0.00892, 0.00616]
[ INFO : 2026-07-28 20:08:42,844 ] - Epoch 123: train==[136.08914 = 0.69315 + 1.10839 + 23.94186 + 0.01425 + 0.00000 + 0.00076 + 1225.89705]
[ INFO : 2026-07-28 20:08:52,188 ] - Test_@[5, 10, 20, 50]: Recall=[0.03309, 0.05349, 0.08373, 0.14457],  precision=[0.00701, 0.00565, 0.00445, 0.00308], hit=[0.03497, 0.05626, 0.08815, 0.15166], ndcg=[0.02213, 0.02874, 0.03643, 0.04860], Train Rec Loss=[0.03190], Eval Rec Loss=[0.03169], c=[0.50000], F=[0.82484, 0.86532, 0.90231, 0.93524], F_fuse=[0.01391, 0.01123, 0.00886, 0.00614]
[ INFO : 2026-07-28 20:11:29,754 ] - Epoch 124: train==[136.10245 = 0.68797 + 1.10839 + 23.96025 + 0.01435 + 0.00000 + 0.00076 + 1225.89705]
[ INFO : 2026-07-28 20:11:39,275 ] - Test_@[5, 10, 20, 50]: Recall=[0.03377, 0.05321, 0.08417, 0.14556],  precision=[0.00709, 0.00562, 0.00446, 0.00310], hit=[0.03538, 0.05590, 0.08856, 0.15248], ndcg=[0.02223, 0.02856, 0.03641, 0.04868], Train Rec Loss=[0.03190], Eval Rec Loss=[0.03166], c=[0.50000], F=[0.82913, 0.86797, 0.90332, 0.93537], F_fuse=[0.01405, 0.01117, 0.00888, 0.00617]
[ INFO : 2026-07-28 20:14:15,514 ] - Epoch 125: train==[136.10311 = 0.68585 + 1.10838 + 23.96300 + 0.01438 + 0.00000 + 0.00076 + 1225.89705]
[ INFO : 2026-07-28 20:14:24,840 ] - Test_@[5, 10, 20, 50]: Recall=[0.03352, 0.05259, 0.08390, 0.14412],  precision=[0.00707, 0.00555, 0.00445, 0.00307], hit=[0.03528, 0.05518, 0.08809, 0.15104], ndcg=[0.02234, 0.02855, 0.03652, 0.04857], Train Rec Loss=[0.03189], Eval Rec Loss=[0.03167], c=[0.50000], F=[0.82627, 0.86639, 0.90249, 0.93489], F_fuse=[0.01401, 0.01104, 0.00886, 0.00612]
[ INFO : 2026-07-28 20:16:59,052 ] - Epoch 126: train==[135.91515 = 0.68385 + 1.10838 + 23.77696 + 0.01447 + 0.00000 + 0.00075 + 1225.89705]
[ INFO : 2026-07-28 20:17:09,202 ] - Test_@[5, 10, 20, 50]: Recall=[0.03332, 0.05328, 0.08306, 0.14452],  precision=[0.00699, 0.00562, 0.00440, 0.00308], hit=[0.03492, 0.05590, 0.08722, 0.15150], ndcg=[0.02201, 0.02849, 0.03608, 0.04841], Train Rec Loss=[0.03189], Eval Rec Loss=[0.03168], c=[0.50000], F=[0.82655, 0.86711, 0.90267, 0.93487], F_fuse=[0.01387, 0.01116, 0.00876, 0.00614]
[ INFO : 2026-07-28 20:19:46,491 ] - Epoch 127: train==[136.00894 = 0.67972 + 1.10837 + 23.87490 + 0.01446 + 0.00000 + 0.00075 + 1225.89705]
[ INFO : 2026-07-28 20:19:55,742 ] - Test_@[5, 10, 20, 50]: Recall=[0.03339, 0.05310, 0.08422, 0.14526],  precision=[0.00699, 0.00561, 0.00447, 0.00309], hit=[0.03497, 0.05580, 0.08856, 0.15228], ndcg=[0.02197, 0.02840, 0.03628, 0.04849], Train Rec Loss=[0.03188], Eval Rec Loss=[0.03167], c=[0.50000], F=[0.83006, 0.86983, 0.90387, 0.93526], F_fuse=[0.01387, 0.01115, 0.00889, 0.00617]
[ INFO : 2026-07-28 20:22:30,922 ] - Epoch 128: train==[135.87512 = 0.67512 + 1.10837 + 23.74554 + 0.01461 + 0.00000 + 0.00075 + 1225.89705]
[ INFO : 2026-07-28 20:22:40,344 ] - Test_@[5, 10, 20, 50]: Recall=[0.03304, 0.05321, 0.08331, 0.14505],  precision=[0.00695, 0.00562, 0.00442, 0.00309], hit=[0.03471, 0.05595, 0.08768, 0.15202], ndcg=[0.02194, 0.02851, 0.03617, 0.04854], Train Rec Loss=[0.03191], Eval Rec Loss=[0.03167], c=[0.50000], F=[0.82767, 0.86714, 0.90186, 0.93375], F_fuse=[0.01379, 0.01117, 0.00880, 0.00615]
[ INFO : 2026-07-28 20:25:15,182 ] - Epoch 129: train==[135.98377 = 0.67453 + 1.10836 + 23.85480 + 0.01459 + 0.00000 + 0.00075 + 1225.89705]
[ INFO : 2026-07-28 20:25:24,440 ] - Test_@[5, 10, 20, 50]: Recall=[0.03359, 0.05328, 0.08341, 0.14567],  precision=[0.00704, 0.00563, 0.00442, 0.00310], hit=[0.03518, 0.05595, 0.08768, 0.15269], ndcg=[0.02214, 0.02857, 0.03623, 0.04870], Train Rec Loss=[0.03190], Eval Rec Loss=[0.03167], c=[0.50000], F=[0.82774, 0.86734, 0.90262, 0.93420], F_fuse=[0.01395, 0.01118, 0.00879, 0.00618]
[ INFO : 2026-07-28 20:28:00,188 ] - Epoch 130: train==[135.75076 = 0.67424 + 1.10836 + 23.62197 + 0.01472 + 0.00000 + 0.00075 + 1225.89705]
[ INFO : 2026-07-28 20:28:09,447 ] - Test_@[5, 10, 20, 50]: Recall=[0.03313, 0.05293, 0.08277, 0.14405],  precision=[0.00698, 0.00560, 0.00440, 0.00307], hit=[0.03482, 0.05564, 0.08707, 0.15104], ndcg=[0.02212, 0.02858, 0.03619, 0.04847], Train Rec Loss=[0.03189], Eval Rec Loss=[0.03167], c=[0.50000], F=[0.82780, 0.86729, 0.90284, 0.93540], F_fuse=[0.01385, 0.01112, 0.00875, 0.00611]
[ INFO : 2026-07-28 20:30:46,293 ] - Epoch 131: train==[135.62618 = 0.66818 + 1.10836 + 23.50335 + 0.01480 + 0.00000 + 0.00075 + 1225.89705]
[ INFO : 2026-07-28 20:30:55,620 ] - Test_@[5, 10, 20, 50]: Recall=[0.03412, 0.05397, 0.08425, 0.14490],  precision=[0.00717, 0.00569, 0.00447, 0.00309], hit=[0.03579, 0.05652, 0.08866, 0.15186], ndcg=[0.02235, 0.02880, 0.03650, 0.04864], Train Rec Loss=[0.03189], Eval Rec Loss=[0.03166], c=[0.50000], F=[0.82952, 0.86880, 0.90338, 0.93504], F_fuse=[0.01422, 0.01130, 0.00889, 0.00615]
[ INFO : 2026-07-28 20:33:35,572 ] - Epoch 132: train==[135.64523 = 0.66719 + 1.10835 + 23.52332 + 0.01489 + 0.00000 + 0.00075 + 1225.89705]
[ INFO : 2026-07-28 20:33:45,019 ] - Test_@[5, 10, 20, 50]: Recall=[0.03331, 0.05305, 0.08289, 0.14434],  precision=[0.00702, 0.00560, 0.00440, 0.00307], hit=[0.03507, 0.05564, 0.08717, 0.15125], ndcg=[0.02193, 0.02836, 0.03596, 0.04826], Train Rec Loss=[0.03188], Eval Rec Loss=[0.03166], c=[0.50000], F=[0.82791, 0.86814, 0.90282, 0.93485], F_fuse=[0.01393, 0.01112, 0.00875, 0.00613]
[ INFO : 2026-07-28 20:36:22,838 ] - Epoch 133: train==[135.78093 = 0.66427 + 1.10836 + 23.66196 + 0.01486 + 0.00000 + 0.00074 + 1225.89705]
[ INFO : 2026-07-28 20:36:32,129 ] - Test_@[5, 10, 20, 50]: Recall=[0.03280, 0.05293, 0.08369, 0.14488],  precision=[0.00690, 0.00559, 0.00444, 0.00308], hit=[0.03446, 0.05554, 0.08809, 0.15171], ndcg=[0.02188, 0.02847, 0.03631, 0.04856], Train Rec Loss=[0.03188], Eval Rec Loss=[0.03166], c=[0.50000], F=[0.82989, 0.86869, 0.90288, 0.93446], F_fuse=[0.01369, 0.01111, 0.00883, 0.00614]
[ INFO : 2026-07-28 20:39:07,816 ] - Epoch 134: train==[135.66289 = 0.65770 + 1.10834 + 23.55044 + 0.01494 + 0.00000 + 0.00074 + 1225.89705]
[ INFO : 2026-07-28 20:39:17,437 ] - Test_@[5, 10, 20, 50]: Recall=[0.03302, 0.05351, 0.08181, 0.14160],  precision=[0.00696, 0.00564, 0.00434, 0.00302], hit=[0.03471, 0.05600, 0.08604, 0.14847], ndcg=[0.02187, 0.02853, 0.03574, 0.04773], Train Rec Loss=[0.03187], Eval Rec Loss=[0.03165], c=[0.50000], F=[0.82479, 0.86586, 0.90124, 0.93460], F_fuse=[0.01381, 0.01120, 0.00864, 0.00601]
[ INFO : 2026-07-28 20:41:57,241 ] - Epoch 135: train==[135.61288 = 0.65754 + 1.10835 + 23.50046 + 0.01505 + 0.00000 + 0.00075 + 1225.89705]
[ INFO : 2026-07-28 20:42:06,901 ] - Test_@[5, 10, 20, 50]: Recall=[0.03347, 0.05343, 0.08348, 0.14327],  precision=[0.00702, 0.00564, 0.00442, 0.00305], hit=[0.03507, 0.05606, 0.08768, 0.15027], ndcg=[0.02210, 0.02861, 0.03626, 0.04825], Train Rec Loss=[0.03186], Eval Rec Loss=[0.03165], c=[0.50000], F=[0.82913, 0.86900, 0.90320, 0.93518], F_fuse=[0.01393, 0.01121, 0.00880, 0.00608]
[ INFO : 2026-07-28 20:44:48,899 ] - Epoch 136: train==[135.60339 = 0.65940 + 1.10833 + 23.48915 + 0.01504 + 0.00000 + 0.00074 + 1225.89705]
[ INFO : 2026-07-28 20:44:58,413 ] - Test_@[5, 10, 20, 50]: Recall=[0.03344, 0.05413, 0.08336, 0.14329],  precision=[0.00705, 0.00571, 0.00442, 0.00305], hit=[0.03518, 0.05672, 0.08758, 0.15027], ndcg=[0.02215, 0.02889, 0.03631, 0.04832], Train Rec Loss=[0.03187], Eval Rec Loss=[0.03166], c=[0.50000], F=[0.82890, 0.86858, 0.90250, 0.93417], F_fuse=[0.01397, 0.01134, 0.00879, 0.00608]
[ INFO : 2026-07-28 20:47:35,374 ] - Epoch 137: train==[135.50130 = 0.64980 + 1.10835 + 23.39656 + 0.01511 + 0.00000 + 0.00075 + 1225.89705]
[ INFO : 2026-07-28 20:47:46,694 ] - Test_@[5, 10, 20, 50]: Recall=[0.03361, 0.05311, 0.08329, 0.14400],  precision=[0.00708, 0.00560, 0.00442, 0.00307], hit=[0.03533, 0.05570, 0.08763, 0.15099], ndcg=[0.02239, 0.02873, 0.03643, 0.04858], Train Rec Loss=[0.03188], Eval Rec Loss=[0.03163], c=[0.50000], F=[0.82750, 0.86799, 0.90321, 0.93589], F_fuse=[0.01403, 0.01113, 0.00880, 0.00611]
[ INFO : 2026-07-28 20:50:23,512 ] - Epoch 138: train==[135.46253 = 0.65065 + 1.10832 + 23.35693 + 0.01516 + 0.00000 + 0.00075 + 1225.89705]
[ INFO : 2026-07-28 20:50:32,825 ] - Test_@[5, 10, 20, 50]: Recall=[0.03389, 0.05388, 0.08474, 0.14375],  precision=[0.00713, 0.00568, 0.00450, 0.00306], hit=[0.03564, 0.05647, 0.08907, 0.15078], ndcg=[0.02249, 0.02900, 0.03683, 0.04863], Train Rec Loss=[0.03187], Eval Rec Loss=[0.03164], c=[0.50000], F=[0.82990, 0.86911, 0.90252, 0.93370], F_fuse=[0.01413, 0.01129, 0.00895, 0.00611]
[ INFO : 2026-07-28 20:53:08,702 ] - Epoch 139: train==[135.40646 = 0.64786 + 1.10832 + 23.30354 + 0.01526 + 0.00000 + 0.00074 + 1225.89705]
[ INFO : 2026-07-28 20:53:17,889 ] - Test_@[5, 10, 20, 50]: Recall=[0.03285, 0.05321, 0.08363, 0.14363],  precision=[0.00691, 0.00561, 0.00444, 0.00306], hit=[0.03456, 0.05580, 0.08794, 0.15068], ndcg=[0.02177, 0.02840, 0.03614, 0.04816], Train Rec Loss=[0.03186], Eval Rec Loss=[0.03164], c=[0.50000], F=[0.82819, 0.86811, 0.90250, 0.93457], F_fuse=[0.01371, 0.01115, 0.00884, 0.00610]
[ INFO : 2026-07-28 20:55:52,871 ] - Epoch 140: train==[135.47612 = 0.64478 + 1.10830 + 23.37625 + 0.01531 + 0.00000 + 0.00074 + 1225.89705]
[ INFO : 2026-07-28 20:56:02,235 ] - Test_@[5, 10, 20, 50]: Recall=[0.03310, 0.05250, 0.08332, 0.14280],  precision=[0.00697, 0.00554, 0.00442, 0.00304], hit=[0.03482, 0.05518, 0.08753, 0.14965], ndcg=[0.02204, 0.02837, 0.03620, 0.04812], Train Rec Loss=[0.03187], Eval Rec Loss=[0.03162], c=[0.50000], F=[0.82612, 0.86783, 0.90341, 0.93653], F_fuse=[0.01383, 0.01102, 0.00879, 0.00606]
[ INFO : 2026-07-28 20:58:40,558 ] - Epoch 141: train==[135.45691 = 0.64312 + 1.10831 + 23.35866 + 0.01536 + 0.00000 + 0.00074 + 1225.89705]
[ INFO : 2026-07-28 20:58:49,973 ] - Test_@[5, 10, 20, 50]: Recall=[0.03393, 0.05345, 0.08336, 0.14299],  precision=[0.00711, 0.00563, 0.00442, 0.00305], hit=[0.03554, 0.05600, 0.08768, 0.14996], ndcg=[0.02249, 0.02884, 0.03645, 0.04839], Train Rec Loss=[0.03187], Eval Rec Loss=[0.03164], c=[0.50000], F=[0.82711, 0.86773, 0.90302, 0.93501], F_fuse=[0.01409, 0.01119, 0.00880, 0.00607]
[ INFO : 2026-07-28 21:01:29,112 ] - Epoch 142: train==[135.36954 = 0.64172 + 1.10830 + 23.27262 + 0.01543 + 0.00000 + 0.00073 + 1225.89705]
[ INFO : 2026-07-28 21:01:38,770 ] - Test_@[5, 10, 20, 50]: Recall=[0.03413, 0.05388, 0.08412, 0.14312],  precision=[0.00717, 0.00568, 0.00446, 0.00305], hit=[0.03579, 0.05652, 0.08835, 0.15012], ndcg=[0.02267, 0.02909, 0.03678, 0.04860], Train Rec Loss=[0.03185], Eval Rec Loss=[0.03165], c=[0.50000], F=[0.82927, 0.86780, 0.90186, 0.93392], F_fuse=[0.01421, 0.01129, 0.00887, 0.00608]
[ INFO : 2026-07-28 21:04:15,850 ] - Epoch 143: train==[135.34723 = 0.64150 + 1.10829 + 23.25050 + 0.01547 + 0.00000 + 0.00074 + 1225.89705]
[ INFO : 2026-07-28 21:04:25,277 ] - Test_@[5, 10, 20, 50]: Recall=[0.03352, 0.05336, 0.08299, 0.14164],  precision=[0.00706, 0.00564, 0.00440, 0.00302], hit=[0.03523, 0.05606, 0.08722, 0.14852], ndcg=[0.02227, 0.02874, 0.03626, 0.04802], Train Rec Loss=[0.03186], Eval Rec Loss=[0.03162], c=[0.50000], F=[0.82522, 0.86727, 0.90268, 0.93562], F_fuse=[0.01399, 0.01120, 0.00875, 0.00601]
[ INFO : 2026-07-28 21:07:06,316 ] - Epoch 144: train==[135.19035 = 0.63347 + 1.10829 + 23.10160 + 0.01552 + 0.00000 + 0.00073 + 1225.89705]
[ INFO : 2026-07-28 21:07:15,775 ] - Test_@[5, 10, 20, 50]: Recall=[0.03329, 0.05368, 0.08384, 0.14228],  precision=[0.00701, 0.00566, 0.00445, 0.00303], hit=[0.03502, 0.05626, 0.08815, 0.14929], ndcg=[0.02229, 0.02894, 0.03662, 0.04833], Train Rec Loss=[0.03184], Eval Rec Loss=[0.03164], c=[0.50000], F=[0.82894, 0.86863, 0.90330, 0.93536], F_fuse=[0.01391, 0.01124, 0.00885, 0.00604]
[ INFO : 2026-07-28 21:09:50,740 ] - Epoch 145: train==[135.27093 = 0.63350 + 1.10828 + 23.18208 + 0.01561 + 0.00000 + 0.00073 + 1225.89705]
[ INFO : 2026-07-28 21:10:00,167 ] - Test_@[5, 10, 20, 50]: Recall=[0.03381, 0.05314, 0.08287, 0.14164],  precision=[0.00710, 0.00562, 0.00439, 0.00301], hit=[0.03548, 0.05590, 0.08712, 0.14826], ndcg=[0.02258, 0.02891, 0.03647, 0.04825], Train Rec Loss=[0.03185], Eval Rec Loss=[0.03164], c=[0.50000], F=[0.82682, 0.86785, 0.90193, 0.93410], F_fuse=[0.01407, 0.01116, 0.00875, 0.00600]
[ INFO : 2026-07-28 21:12:37,070 ] - Epoch 146: train==[135.20440 = 0.63149 + 1.10827 + 23.11748 + 0.01568 + 0.00000 + 0.00073 + 1225.89705]
[ INFO : 2026-07-28 21:12:46,313 ] - Test_@[5, 10, 20, 50]: Recall=[0.03306, 0.05351, 0.08302, 0.14271],  precision=[0.00696, 0.00565, 0.00441, 0.00304], hit=[0.03476, 0.05616, 0.08732, 0.14970], ndcg=[0.02226, 0.02894, 0.03645, 0.04842], Train Rec Loss=[0.03184], Eval Rec Loss=[0.03162], c=[0.50000], F=[0.82768, 0.86919, 0.90391, 0.93599], F_fuse=[0.01381, 0.01122, 0.00877, 0.00606]
[ INFO : 2026-07-28 21:15:23,178 ] - Epoch 147: train==[135.23154 = 0.62952 + 1.10827 + 23.14655 + 0.01573 + 0.00000 + 0.00073 + 1225.89705]
[ INFO : 2026-07-28 21:15:32,598 ] - Test_@[5, 10, 20, 50]: Recall=[0.03294, 0.05278, 0.08223, 0.14123],  precision=[0.00690, 0.00557, 0.00436, 0.00301], hit=[0.03451, 0.05544, 0.08645, 0.14816], ndcg=[0.02196, 0.02845, 0.03595, 0.04779], Train Rec Loss=[0.03184], Eval Rec Loss=[0.03163], c=[0.50000], F=[0.82627, 0.86823, 0.90294, 0.93559], F_fuse=[0.01369, 0.01108, 0.00868, 0.00600]
[ INFO : 2026-07-28 21:18:08,833 ] - Epoch 148: train==[135.12726 = 0.62523 + 1.10826 + 23.04648 + 0.01582 + 0.00000 + 0.00073 + 1225.89705]
[ INFO : 2026-07-28 21:18:18,023 ] - Test_@[5, 10, 20, 50]: Recall=[0.03331, 0.05312, 0.08289, 0.14013],  precision=[0.00699, 0.00560, 0.00439, 0.00298], hit=[0.03497, 0.05570, 0.08712, 0.14688], ndcg=[0.02207, 0.02854, 0.03612, 0.04758], Train Rec Loss=[0.03184], Eval Rec Loss=[0.03163], c=[0.50000], F=[0.82691, 0.86898, 0.90299, 0.93561], F_fuse=[0.01387, 0.01113, 0.00874, 0.00595]
[ INFO : 2026-07-28 21:20:54,427 ] - Epoch 149: train==[135.12759 = 0.62131 + 1.10825 + 23.05076 + 0.01580 + 0.00000 + 0.00073 + 1225.89705]
[ INFO : 2026-07-28 21:21:03,719 ] - Test_@[5, 10, 20, 50]: Recall=[0.03361, 0.05296, 0.08416, 0.14190],  precision=[0.00707, 0.00558, 0.00447, 0.00302], hit=[0.03533, 0.05559, 0.08851, 0.14888], ndcg=[0.02223, 0.02854, 0.03649, 0.04807], Train Rec Loss=[0.03184], Eval Rec Loss=[0.03161], c=[0.50000], F=[0.83007, 0.87051, 0.90426, 0.93590], F_fuse=[0.01401, 0.01110, 0.00889, 0.00603]
[ INFO : 2026-07-28 21:23:38,402 ] - Epoch 150: train==[135.02074 = 0.62112 + 1.10825 + 22.94399 + 0.01593 + 0.00000 + 0.00073 + 1225.89705]
[ INFO : 2026-07-28 21:23:47,759 ] - Test_@[5, 10, 20, 50]: Recall=[0.03348, 0.05269, 0.08290, 0.13982],  precision=[0.00705, 0.00557, 0.00440, 0.00298], hit=[0.03523, 0.05539, 0.08727, 0.14667], ndcg=[0.02252, 0.02879, 0.03647, 0.04787], Train Rec Loss=[0.03184], Eval Rec Loss=[0.03163], c=[0.50000], F=[0.82416, 0.86669, 0.90236, 0.93592], F_fuse=[0.01397, 0.01107, 0.00876, 0.00594]
[ INFO : 2026-07-28 21:26:22,811 ] - Epoch 151: train==[135.06294 = 0.62160 + 1.10824 + 22.98568 + 0.01595 + 0.00000 + 0.00072 + 1225.89705]
[ INFO : 2026-07-28 21:26:34,056 ] - Test_@[5, 10, 20, 50]: Recall=[0.03386, 0.05351, 0.08417, 0.14137],  precision=[0.00713, 0.00565, 0.00446, 0.00301], hit=[0.03564, 0.05621, 0.08851, 0.14847], ndcg=[0.02278, 0.02919, 0.03699, 0.04844], Train Rec Loss=[0.03183], Eval Rec Loss=[0.03163], c=[0.50000], F=[0.82731, 0.86966, 0.90334, 0.93617], F_fuse=[0.01413, 0.01122, 0.00888, 0.00601]
[ INFO : 2026-07-28 21:29:09,421 ] - Epoch 152: train==[135.03311 = 0.62285 + 1.10823 + 22.95454 + 0.01603 + 0.00000 + 0.00073 + 1225.89705]
[ INFO : 2026-07-28 21:29:18,716 ] - Test_@[5, 10, 20, 50]: Recall=[0.03387, 0.05353, 0.08421, 0.14215],  precision=[0.00712, 0.00564, 0.00446, 0.00303], hit=[0.03559, 0.05616, 0.08840, 0.14924], ndcg=[0.02276, 0.02916, 0.03697, 0.04857], Train Rec Loss=[0.03185], Eval Rec Loss=[0.03163], c=[0.50000], F=[0.82826, 0.86871, 0.90243, 0.93436], F_fuse=[0.01411, 0.01121, 0.00888, 0.00604]
[ INFO : 2026-07-28 21:31:59,500 ] - Epoch 153: train==[134.92884 = 0.63534 + 1.10822 + 22.83777 + 0.01604 + 0.00000 + 0.00073 + 1225.89705]
[ INFO : 2026-07-28 21:32:09,342 ] - Test_@[5, 10, 20, 50]: Recall=[0.03388, 0.05315, 0.08284, 0.14015],  precision=[0.00712, 0.00561, 0.00440, 0.00299], hit=[0.03548, 0.05580, 0.08712, 0.14698], ndcg=[0.02270, 0.02897, 0.03655, 0.04802], Train Rec Loss=[0.03183], Eval Rec Loss=[0.03160], c=[0.50000], F=[0.82517, 0.86779, 0.90286, 0.93526], F_fuse=[0.01411, 0.01115, 0.00875, 0.00595]
[ INFO : 2026-07-28 21:34:44,066 ] - Epoch 154: train==[135.09307 = 0.61021 + 1.10822 + 23.02711 + 0.01607 + 0.00000 + 0.00073 + 1225.89705]
[ INFO : 2026-07-28 21:34:53,834 ] - Test_@[5, 10, 20, 50]: Recall=[0.03418, 0.05313, 0.08316, 0.14099],  precision=[0.00719, 0.00561, 0.00441, 0.00300], hit=[0.03590, 0.05575, 0.08753, 0.14785], ndcg=[0.02265, 0.02883, 0.03648, 0.04805], Train Rec Loss=[0.03184], Eval Rec Loss=[0.03161], c=[0.50000], F=[0.82760, 0.86956, 0.90498, 0.93643], F_fuse=[0.01426, 0.01114, 0.00878, 0.00598]
[ INFO : 2026-07-28 21:37:30,953 ] - Epoch 155: train==[134.99510 = 0.60835 + 1.10821 + 22.93092 + 0.01616 + 0.00000 + 0.00073 + 1225.89705]
[ INFO : 2026-07-28 21:37:40,261 ] - Test_@[5, 10, 20, 50]: Recall=[0.03349, 0.05323, 0.08376, 0.14002],  precision=[0.00702, 0.00562, 0.00444, 0.00298], hit=[0.03512, 0.05580, 0.08799, 0.14677], ndcg=[0.02216, 0.02859, 0.03633, 0.04757], Train Rec Loss=[0.03184], Eval Rec Loss=[0.03161], c=[0.50000], F=[0.82754, 0.86893, 0.90331, 0.93570], F_fuse=[0.01393, 0.01116, 0.00883, 0.00594]
[ INFO : 2026-07-28 21:40:19,099 ] - Epoch 156: train==[135.02883 = 0.60584 + 1.10821 + 22.96709 + 0.01623 + 0.00000 + 0.00072 + 1225.89705]
[ INFO : 2026-07-28 21:40:30,534 ] - Test_@[5, 10, 20, 50]: Recall=[0.03370, 0.05342, 0.08305, 0.14122],  precision=[0.00709, 0.00564, 0.00441, 0.00301], hit=[0.03543, 0.05606, 0.08732, 0.14811], ndcg=[0.02258, 0.02901, 0.03658, 0.04823], Train Rec Loss=[0.03183], Eval Rec Loss=[0.03161], c=[0.50000], F=[0.82873, 0.87001, 0.90427, 0.93584], F_fuse=[0.01405, 0.01121, 0.00878, 0.00600]
[ INFO : 2026-07-28 21:43:04,097 ] - Epoch 157: train==[134.93210 = 0.60759 + 1.10819 + 22.86861 + 0.01626 + 0.00000 + 0.00072 + 1225.89705]
[ INFO : 2026-07-28 21:43:13,393 ] - Test_@[5, 10, 20, 50]: Recall=[0.03331, 0.05299, 0.08331, 0.13923],  precision=[0.00700, 0.00558, 0.00442, 0.00296], hit=[0.03502, 0.05559, 0.08753, 0.14605], ndcg=[0.02188, 0.02829, 0.03600, 0.04718], Train Rec Loss=[0.03182], Eval Rec Loss=[0.03162], c=[0.50000], F=[0.82755, 0.86819, 0.90244, 0.93473], F_fuse=[0.01389, 0.01110, 0.00879, 0.00591]
[ INFO : 2026-07-28 21:45:51,085 ] - Epoch 158: train==[134.99418 = 0.60234 + 1.10819 + 22.93582 + 0.01636 + 0.00000 + 0.00072 + 1225.89705]
[ INFO : 2026-07-28 21:46:01,085 ] - Test_@[5, 10, 20, 50]: Recall=[0.03395, 0.05339, 0.08365, 0.14100],  precision=[0.00713, 0.00562, 0.00443, 0.00300], hit=[0.03564, 0.05600, 0.08789, 0.14775], ndcg=[0.02262, 0.02895, 0.03666, 0.04815], Train Rec Loss=[0.03184], Eval Rec Loss=[0.03161], c=[0.50000], F=[0.82794, 0.86908, 0.90379, 0.93514], F_fuse=[0.01413, 0.01117, 0.00882, 0.00598]
[ INFO : 2026-07-28 21:48:36,344 ] - Epoch 159: train==[134.90714 = 0.60169 + 1.10817 + 22.84947 + 0.01635 + 0.00000 + 0.00072 + 1225.89705]
[ INFO : 2026-07-28 21:48:46,443 ] - Test_@[5, 10, 20, 50]: Recall=[0.03354, 0.05217, 0.08178, 0.13796],  precision=[0.00705, 0.00551, 0.00434, 0.00294], hit=[0.03523, 0.05477, 0.08599, 0.14482], ndcg=[0.02214, 0.02825, 0.03578, 0.04700], Train Rec Loss=[0.03184], Eval Rec Loss=[0.03163], c=[0.50000], F=[0.82280, 0.86657, 0.90318, 0.93655], F_fuse=[0.01397, 0.01096, 0.00863, 0.00586]
[ INFO : 2026-07-28 21:51:25,119 ] - Epoch 160: train==[134.92914 = 0.60122 + 1.10817 + 22.87186 + 0.01642 + 0.00000 + 0.00072 + 1225.89705]
[ INFO : 2026-07-28 21:51:34,412 ] - Test_@[5, 10, 20, 50]: Recall=[0.03301, 0.05302, 0.08224, 0.13823],  precision=[0.00696, 0.00561, 0.00436, 0.00294], hit=[0.03482, 0.05570, 0.08645, 0.14502], ndcg=[0.02212, 0.02865, 0.03610, 0.04731], Train Rec Loss=[0.03184], Eval Rec Loss=[0.03162], c=[0.50000], F=[0.82894, 0.87008, 0.90450, 0.93681], F_fuse=[0.01381, 0.01114, 0.00868, 0.00587]
[ INFO : 2026-07-28 21:54:16,367 ] - Epoch 161: train==[134.83284 = 0.59677 + 1.10816 + 22.77993 + 0.01653 + 0.00000 + 0.00072 + 1225.89705]
[ INFO : 2026-07-28 21:54:25,720 ] - Test_@[5, 10, 20, 50]: Recall=[0.03346, 0.05286, 0.08207, 0.13708],  precision=[0.00702, 0.00558, 0.00435, 0.00292], hit=[0.03512, 0.05559, 0.08629, 0.14389], ndcg=[0.02224, 0.02855, 0.03598, 0.04698], Train Rec Loss=[0.03183], Eval Rec Loss=[0.03163], c=[0.50000], F=[0.82404, 0.86657, 0.90243, 0.93574], F_fuse=[0.01393, 0.01109, 0.00866, 0.00583]
[ INFO : 2026-07-28 21:57:05,448 ] - Epoch 162: train==[134.68968 = 0.59547 + 1.10814 + 22.63801 + 0.01659 + 0.00000 + 0.00072 + 1225.89705]
[ INFO : 2026-07-28 21:57:17,289 ] - Test_@[5, 10, 20, 50]: Recall=[0.03406, 0.05359, 0.08338, 0.14050],  precision=[0.00715, 0.00565, 0.00442, 0.00299], hit=[0.03574, 0.05621, 0.08763, 0.14734], ndcg=[0.02273, 0.02910, 0.03669, 0.04812], Train Rec Loss=[0.03182], Eval Rec Loss=[0.03163], c=[0.50000], F=[0.82718, 0.87022, 0.90500, 0.93705], F_fuse=[0.01417, 0.01122, 0.00879, 0.00596]
[ INFO : 2026-07-28 21:59:58,141 ] - Epoch 163: train==[134.78628 = 0.59874 + 1.10814 + 22.73128 + 0.01666 + 0.00000 + 0.00072 + 1225.89705]
[ INFO : 2026-07-28 22:00:07,650 ] - Test_@[5, 10, 20, 50]: Recall=[0.03340, 0.05308, 0.08420, 0.14160],  precision=[0.00702, 0.00560, 0.00446, 0.00302], hit=[0.03512, 0.05559, 0.08835, 0.14847], ndcg=[0.02236, 0.02879, 0.03674, 0.04820], Train Rec Loss=[0.03184], Eval Rec Loss=[0.03162], c=[0.50000], F=[0.82972, 0.87082, 0.90516, 0.93686], F_fuse=[0.01393, 0.01112, 0.00887, 0.00601]
[ INFO : 2026-07-28 22:02:48,417 ] - Epoch 164: train==[134.81740 = 0.59087 + 1.10813 + 22.77029 + 0.01665 + 0.00000 + 0.00072 + 1225.89705]
[ INFO : 2026-07-28 22:02:58,016 ] - Test_@[5, 10, 20, 50]: Recall=[0.03375, 0.05301, 0.08256, 0.13910],  precision=[0.00710, 0.00561, 0.00437, 0.00296], hit=[0.03548, 0.05575, 0.08665, 0.14600], ndcg=[0.02241, 0.02870, 0.03625, 0.04758], Train Rec Loss=[0.03181], Eval Rec Loss=[0.03162], c=[0.50000], F=[0.82469, 0.86727, 0.90224, 0.93421], F_fuse=[0.01407, 0.01114, 0.00870, 0.00591]
[ INFO : 2026-07-28 22:05:34,333 ] - Epoch 165: train==[134.66605 = 0.59165 + 1.10812 + 22.61803 + 0.01679 + 0.00000 + 0.00072 + 1225.89705]
[ INFO : 2026-07-28 22:05:43,871 ] - Test_@[5, 10, 20, 50]: Recall=[0.03451, 0.05328, 0.08275, 0.14028],  precision=[0.00725, 0.00562, 0.00439, 0.00299], hit=[0.03626, 0.05590, 0.08701, 0.14724], ndcg=[0.02302, 0.02914, 0.03667, 0.04820], Train Rec Loss=[0.03183], Eval Rec Loss=[0.03161], c=[0.50000], F=[0.82708, 0.87038, 0.90403, 0.93629], F_fuse=[0.01438, 0.01117, 0.00874, 0.00596]
[ INFO : 2026-07-28 22:08:20,653 ] - Epoch 166: train==[134.80648 = 0.58983 + 1.10810 + 22.76030 + 0.01679 + 0.00000 + 0.00072 + 1225.89705]
[ INFO : 2026-07-28 22:08:30,007 ] - Test_@[5, 10, 20, 50]: Recall=[0.03325, 0.05281, 0.08255, 0.13930],  precision=[0.00698, 0.00556, 0.00438, 0.00297], hit=[0.03492, 0.05534, 0.08671, 0.14621], ndcg=[0.02224, 0.02860, 0.03618, 0.04753], Train Rec Loss=[0.03182], Eval Rec Loss=[0.03161], c=[0.50000], F=[0.82840, 0.86990, 0.90377, 0.93556], F_fuse=[0.01385, 0.01105, 0.00871, 0.00592]
[ INFO : 2026-07-28 22:11:08,281 ] - Epoch 167: train==[134.71821 = 0.58397 + 1.10809 + 22.67786 + 0.01683 + 0.00000 + 0.00072 + 1225.89705]
[ INFO : 2026-07-28 22:11:17,874 ] - Test_@[5, 10, 20, 50]: Recall=[0.03428, 0.05305, 0.08254, 0.13900],  precision=[0.00720, 0.00560, 0.00437, 0.00296], hit=[0.03600, 0.05575, 0.08665, 0.14585], ndcg=[0.02280, 0.02892, 0.03644, 0.04775], Train Rec Loss=[0.03182], Eval Rec Loss=[0.03159], c=[0.50000], F=[0.82799, 0.86961, 0.90348, 0.93539], F_fuse=[0.01428, 0.01113, 0.00870, 0.00591]
[ INFO : 2026-07-28 22:13:57,900 ] - Epoch 168: train==[134.62715 = 0.58533 + 1.10808 + 22.58539 + 0.01689 + 0.00000 + 0.00072 + 1225.89705]
[ INFO : 2026-07-28 22:14:08,160 ] - Test_@[5, 10, 20, 50]: Recall=[0.03336, 0.05290, 0.08267, 0.13865],  precision=[0.00699, 0.00558, 0.00439, 0.00296], hit=[0.03497, 0.05554, 0.08696, 0.14544], ndcg=[0.02209, 0.02847, 0.03605, 0.04725], Train Rec Loss=[0.03183], Eval Rec Loss=[0.03161], c=[0.50000], F=[0.82657, 0.86961, 0.90398, 0.93571], F_fuse=[0.01387, 0.01109, 0.00873, 0.00589]
[ INFO : 2026-07-28 22:16:48,922 ] - Epoch 169: train==[134.72833 = 0.58525 + 1.10807 + 22.68658 + 0.01697 + 0.00000 + 0.00072 + 1225.89705]
[ INFO : 2026-07-28 22:16:59,608 ] - Test_@[5, 10, 20, 50]: Recall=[0.03358, 0.05344, 0.08290, 0.13818],  precision=[0.00705, 0.00564, 0.00440, 0.00295], hit=[0.03523, 0.05616, 0.08722, 0.14513], ndcg=[0.02229, 0.02874, 0.03626, 0.04733], Train Rec Loss=[0.03183], Eval Rec Loss=[0.03162], c=[0.50000], F=[0.82731, 0.86929, 0.90329, 0.93552], F_fuse=[0.01397, 0.01121, 0.00875, 0.00587]
[ INFO : 2026-07-28 22:19:36,869 ] - Epoch 170: train==[134.68686 = 0.57764 + 1.10805 + 22.65268 + 0.01703 + 0.00000 + 0.00071 + 1225.89705]
[ INFO : 2026-07-28 22:19:46,281 ] - Test_@[5, 10, 20, 50]: Recall=[0.03438, 0.05293, 0.08296, 0.13915],  precision=[0.00721, 0.00559, 0.00440, 0.00296], hit=[0.03605, 0.05559, 0.08717, 0.14590], ndcg=[0.02269, 0.02873, 0.03639, 0.04762], Train Rec Loss=[0.03184], Eval Rec Loss=[0.03162], c=[0.50000], F=[0.82769, 0.86932, 0.90400, 0.93632], F_fuse=[0.01430, 0.01111, 0.00875, 0.00590]
[ INFO : 2026-07-28 22:22:21,730 ] - Epoch 171: train==[134.60076 = 0.57813 + 1.10805 + 22.56609 + 0.01703 + 0.00000 + 0.00072 + 1225.89705]
[ INFO : 2026-07-28 22:22:31,042 ] - Test_@[5, 10, 20, 50]: Recall=[0.03401, 0.05314, 0.08195, 0.13826],  precision=[0.00714, 0.00561, 0.00435, 0.00295], hit=[0.03569, 0.05575, 0.08624, 0.14518], ndcg=[0.02268, 0.02891, 0.03627, 0.04755], Train Rec Loss=[0.03184], Eval Rec Loss=[0.03160], c=[0.50000], F=[0.82764, 0.86980, 0.90383, 0.93595], F_fuse=[0.01415, 0.01114, 0.00866, 0.00588]
[ INFO : 2026-07-28 22:25:08,242 ] - Epoch 172: train==[134.57903 = 0.57630 + 1.10803 + 22.54615 + 0.01711 + 0.00000 + 0.00071 + 1225.89705]
[ INFO : 2026-07-28 22:25:17,569 ] - Test_@[5, 10, 20, 50]: Recall=[0.03337, 0.05262, 0.08282, 0.14030],  precision=[0.00700, 0.00555, 0.00439, 0.00299], hit=[0.03502, 0.05523, 0.08712, 0.14729], ndcg=[0.02245, 0.02873, 0.03645, 0.04796], Train Rec Loss=[0.03183], Eval Rec Loss=[0.03160], c=[0.50000], F=[0.82831, 0.86934, 0.90251, 0.93461], F_fuse=[0.01389, 0.01103, 0.00875, 0.00596]
[ INFO : 2026-07-28 22:27:53,852 ] - Epoch 173: train==[134.57373 = 0.57416 + 1.10802 + 22.54288 + 0.01723 + 0.00000 + 0.00071 + 1225.89705]
[ INFO : 2026-07-28 22:28:03,133 ] - Test_@[5, 10, 20, 50]: Recall=[0.03326, 0.05355, 0.08269, 0.13811],  precision=[0.00699, 0.00565, 0.00439, 0.00294], hit=[0.03497, 0.05621, 0.08686, 0.14477], ndcg=[0.02222, 0.02881, 0.03624, 0.04731], Train Rec Loss=[0.03183], Eval Rec Loss=[0.03163], c=[0.50000], F=[0.82817, 0.86990, 0.90327, 0.93509], F_fuse=[0.01387, 0.01123, 0.00873, 0.00587]
[ INFO : 2026-07-28 22:30:38,083 ] - Epoch 174: train==[134.63370 = 0.57606 + 1.10800 + 22.60097 + 0.01723 + 0.00000 + 0.00071 + 1225.89705]
[ INFO : 2026-07-28 22:30:47,351 ] - Test_@[5, 10, 20, 50]: Recall=[0.03353, 0.05294, 0.08292, 0.13911],  precision=[0.00706, 0.00558, 0.00439, 0.00296], hit=[0.03528, 0.05554, 0.08696, 0.14600], ndcg=[0.02249, 0.02879, 0.03644, 0.04769], Train Rec Loss=[0.03184], Eval Rec Loss=[0.03162], c=[0.50000], F=[0.82807, 0.86894, 0.90307, 0.93493], F_fuse=[0.01399, 0.01110, 0.00873, 0.00591]
[ INFO : 2026-07-28 22:33:21,548 ] - Epoch 175: train==[134.53391 = 0.57057 + 1.10798 + 22.50661 + 0.01731 + 0.00000 + 0.00071 + 1225.89705]
[ INFO : 2026-07-28 22:33:30,916 ] - Test_@[5, 10, 20, 50]: Recall=[0.03462, 0.05333, 0.08233, 0.13960],  precision=[0.00726, 0.00563, 0.00437, 0.00298], hit=[0.03631, 0.05595, 0.08655, 0.14652], ndcg=[0.02292, 0.02900, 0.03640, 0.04785], Train Rec Loss=[0.03183], Eval Rec Loss=[0.03161], c=[0.50000], F=[0.83015, 0.87069, 0.90411, 0.93500], F_fuse=[0.01440, 0.01118, 0.00870, 0.00594]
[ INFO : 2026-07-28 22:36:07,570 ] - Epoch 176: train==[134.43372 = 0.57171 + 1.10797 + 22.40525 + 0.01735 + 0.00000 + 0.00072 + 1225.89705]
[ INFO : 2026-07-28 22:36:16,940 ] - Test_@[5, 10, 20, 50]: Recall=[0.03395, 0.05293, 0.08242, 0.13815],  precision=[0.00712, 0.00558, 0.00438, 0.00294], hit=[0.03559, 0.05544, 0.08676, 0.14482], ndcg=[0.02255, 0.02872, 0.03624, 0.04735], Train Rec Loss=[0.03184], Eval Rec Loss=[0.03161], c=[0.50000], F=[0.82593, 0.86866, 0.90441, 0.93731], F_fuse=[0.01411, 0.01109, 0.00871, 0.00586]
[ INFO : 2026-07-28 22:38:58,590 ] - Epoch 177: train==[134.60758 = 0.56546 + 1.10796 + 22.58531 + 0.01741 + 0.00000 + 0.00071 + 1225.89705]
[ INFO : 2026-07-28 22:39:10,115 ] - Test_@[5, 10, 20, 50]: Recall=[0.03392, 0.05297, 0.08067, 0.13521],  precision=[0.00713, 0.00559, 0.00428, 0.00289], hit=[0.03559, 0.05564, 0.08491, 0.14184], ndcg=[0.02255, 0.02871, 0.03578, 0.04672], Train Rec Loss=[0.03182], Eval Rec Loss=[0.03161], c=[0.50000], F=[0.82627, 0.86943, 0.90438, 0.93674], F_fuse=[0.01413, 0.01111, 0.00851, 0.00575]
[ INFO : 2026-07-28 22:41:46,261 ] - Epoch 178: train==[134.38261 = 0.56789 + 1.10793 + 22.35788 + 0.01746 + 0.00000 + 0.00071 + 1225.89705]
[ INFO : 2026-07-28 22:41:57,196 ] - Test_@[5, 10, 20, 50]: Recall=[0.03413, 0.05329, 0.08256, 0.13854],  precision=[0.00719, 0.00564, 0.00437, 0.00295], hit=[0.03590, 0.05606, 0.08681, 0.14549], ndcg=[0.02262, 0.02881, 0.03625, 0.04744], Train Rec Loss=[0.03185], Eval Rec Loss=[0.03161], c=[0.50000], F=[0.82724, 0.87116, 0.90593, 0.93820], F_fuse=[0.01426, 0.01120, 0.00871, 0.00589]
[ INFO : 2026-07-28 22:44:35,383 ] - Epoch 179: train==[134.56803 = 0.56496 + 1.10792 + 22.54620 + 0.01750 + 0.00000 + 0.00071 + 1225.89705]
[ INFO : 2026-07-28 22:44:44,820 ] - Test_@[5, 10, 20, 50]: Recall=[0.03392, 0.05233, 0.08123, 0.13769],  precision=[0.00711, 0.00552, 0.00431, 0.00293], hit=[0.03554, 0.05492, 0.08542, 0.14441], ndcg=[0.02270, 0.02870, 0.03610, 0.04739], Train Rec Loss=[0.03182], Eval Rec Loss=[0.03161], c=[0.50000], F=[0.82637, 0.86879, 0.90391, 0.93621], F_fuse=[0.01409, 0.01097, 0.00858, 0.00585]
[ INFO : 2026-07-28 22:47:21,124 ] - Epoch 180: train==[134.56317 = 0.56300 + 1.10790 + 22.54330 + 0.01753 + 0.00000 + 0.00071 + 1225.89705]
[ INFO : 2026-07-28 22:47:31,105 ] - Test_@[5, 10, 20, 50]: Recall=[0.03281, 0.05356, 0.08136, 0.13639],  precision=[0.00690, 0.00565, 0.00430, 0.00291], hit=[0.03451, 0.05621, 0.08547, 0.14312], ndcg=[0.02198, 0.02873, 0.03581, 0.04686], Train Rec Loss=[0.03184], Eval Rec Loss=[0.03162], c=[0.50000], F=[0.82903, 0.87088, 0.90469, 0.93664], F_fuse=[0.01369, 0.01122, 0.00856, 0.00580]
[ INFO : 2026-07-28 22:50:08,137 ] - Epoch 181: train==[134.49357 = 0.56448 + 1.10789 + 22.47217 + 0.01758 + 0.00000 + 0.00071 + 1225.89705]
[ INFO : 2026-07-28 22:50:17,490 ] - Test_@[5, 10, 20, 50]: Recall=[0.03517, 0.05301, 0.08137, 0.13832],  precision=[0.00736, 0.00559, 0.00432, 0.00295], hit=[0.03682, 0.05559, 0.08563, 0.14508], ndcg=[0.02322, 0.02898, 0.03623, 0.04761], Train Rec Loss=[0.03184], Eval Rec Loss=[0.03162], c=[0.50000], F=[0.82760, 0.86990, 0.90412, 0.93637], F_fuse=[0.01460, 0.01111, 0.00860, 0.00588]
[ INFO : 2026-07-28 22:52:56,643 ] - Epoch 182: train==[134.42634 = 0.56114 + 1.10786 + 22.40819 + 0.01772 + 0.00000 + 0.00070 + 1225.89705]
[ INFO : 2026-07-28 22:53:06,281 ] - Test_@[5, 10, 20, 50]: Recall=[0.03388, 0.05275, 0.08196, 0.13658],  precision=[0.00712, 0.00555, 0.00434, 0.00291], hit=[0.03554, 0.05528, 0.08619, 0.14348], ndcg=[0.02264, 0.02872, 0.03619, 0.04714], Train Rec Loss=[0.03183], Eval Rec Loss=[0.03161], c=[0.50000], F=[0.82957, 0.87002, 0.90286, 0.93464], F_fuse=[0.01411, 0.01104, 0.00864, 0.00581]
[ INFO : 2026-07-28 22:55:46,446 ] - Epoch 183: train==[134.34269 = 0.55707 + 1.10785 + 22.32856 + 0.01777 + 0.00000 + 0.00070 + 1225.89705]
[ INFO : 2026-07-28 22:55:57,300 ] - Test_@[5, 10, 20, 50]: Recall=[0.03403, 0.05312, 0.08257, 0.13850],  precision=[0.00714, 0.00558, 0.00438, 0.00296], hit=[0.03569, 0.05559, 0.08686, 0.14549], ndcg=[0.02280, 0.02898, 0.03651, 0.04771], Train Rec Loss=[0.03183], Eval Rec Loss=[0.03164], c=[0.50000], F=[0.82953, 0.87014, 0.90353, 0.93511], F_fuse=[0.01415, 0.01110, 0.00872, 0.00589]
[ INFO : 2026-07-28 22:58:36,083 ] - Epoch 184: train==[134.39628 = 0.55455 + 1.10781 + 22.38468 + 0.01780 + 0.00000 + 0.00070 + 1225.89705]
[ INFO : 2026-07-28 22:58:45,344 ] - Test_@[5, 10, 20, 50]: Recall=[0.03257, 0.05194, 0.08045, 0.13453],  precision=[0.00685, 0.00548, 0.00426, 0.00287], hit=[0.03420, 0.05451, 0.08449, 0.14132], ndcg=[0.02176, 0.02805, 0.03530, 0.04614], Train Rec Loss=[0.03184], Eval Rec Loss=[0.03162], c=[0.50000], F=[0.82615, 0.86930, 0.90293, 0.93521], F_fuse=[0.01359, 0.01089, 0.00847, 0.00573]
[ INFO : 2026-07-28 23:01:22,055 ] - Epoch 185: train==[134.40062 = 0.55367 + 1.10781 + 22.38987 + 0.01782 + 0.00000 + 0.00071 + 1225.89705]
[ INFO : 2026-07-28 23:01:31,356 ] - Test_@[5, 10, 20, 50]: Recall=[0.03338, 0.05300, 0.08100, 0.13630],  precision=[0.00702, 0.00559, 0.00430, 0.00290], hit=[0.03507, 0.05570, 0.08527, 0.14292], ndcg=[0.02256, 0.02892, 0.03606, 0.04711], Train Rec Loss=[0.03186], Eval Rec Loss=[0.03163], c=[0.50000], F=[0.82812, 0.86967, 0.90356, 0.93512], F_fuse=[0.01393, 0.01111, 0.00856, 0.00579]
[ INFO : 2026-07-28 23:04:09,933 ] - Epoch 186: train==[134.37792 = 0.55143 + 1.10778 + 22.36941 + 0.01785 + 0.00000 + 0.00071 + 1225.89705]
[ INFO : 2026-07-28 23:04:19,419 ] - Test_@[5, 10, 20, 50]: Recall=[0.03371, 0.05264, 0.08156, 0.13632],  precision=[0.00709, 0.00555, 0.00433, 0.00291], hit=[0.03538, 0.05523, 0.08588, 0.14312], ndcg=[0.02241, 0.02855, 0.03594, 0.04688], Train Rec Loss=[0.03186], Eval Rec Loss=[0.03163], c=[0.50000], F=[0.82958, 0.87088, 0.90420, 0.93534], F_fuse=[0.01405, 0.01103, 0.00861, 0.00580]
[ INFO : 2026-07-28 23:06:56,286 ] - Epoch 187: train==[134.33960 = 0.55309 + 1.10776 + 22.32940 + 0.01790 + 0.00000 + 0.00071 + 1225.89705]
[ INFO : 2026-07-28 23:07:05,575 ] - Test_@[5, 10, 20, 50]: Recall=[0.03470, 0.05316, 0.08146, 0.13733],  precision=[0.00728, 0.00560, 0.00431, 0.00293], hit=[0.03636, 0.05580, 0.08557, 0.14405], ndcg=[0.02297, 0.02895, 0.03615, 0.04735], Train Rec Loss=[0.03185], Eval Rec Loss=[0.03164], c=[0.50000], F=[0.82827, 0.86945, 0.90333, 0.93518], F_fuse=[0.01444, 0.01112, 0.00859, 0.00583]
[ INFO : 2026-07-28 23:09:41,703 ] - Epoch 188: train==[134.31917 = 0.54703 + 1.10774 + 22.31500 + 0.01796 + 0.00000 + 0.00070 + 1225.89705]
[ INFO : 2026-07-28 23:09:50,956 ] - Test_@[5, 10, 20, 50]: Recall=[0.03411, 0.05234, 0.08176, 0.13635],  precision=[0.00717, 0.00552, 0.00434, 0.00291], hit=[0.03579, 0.05503, 0.08604, 0.14307], ndcg=[0.02260, 0.02850, 0.03601, 0.04691], Train Rec Loss=[0.03186], Eval Rec Loss=[0.03163], c=[0.50000], F=[0.83053, 0.87227, 0.90475, 0.93527], F_fuse=[0.01422, 0.01098, 0.00864, 0.00580]
[ INFO : 2026-07-28 23:12:29,833 ] - Epoch 189: train==[134.33839 = 0.54720 + 1.10770 + 22.33403 + 0.01802 + 0.00000 + 0.00070 + 1225.89705]
[ INFO : 2026-07-28 23:12:39,119 ] - Test_@[5, 10, 20, 50]: Recall=[0.03308, 0.05247, 0.08165, 0.13723],  precision=[0.00693, 0.00553, 0.00433, 0.00293], hit=[0.03461, 0.05513, 0.08588, 0.14410], ndcg=[0.02227, 0.02862, 0.03607, 0.04720], Train Rec Loss=[0.03188], Eval Rec Loss=[0.03163], c=[0.50000], F=[0.82911, 0.87033, 0.90407, 0.93610], F_fuse=[0.01375, 0.01099, 0.00861, 0.00583]
[ INFO : 2026-07-28 23:15:16,438 ] - Epoch 190: train==[134.36455 = 0.56496 + 1.10768 + 22.34239 + 0.01806 + 0.00000 + 0.00071 + 1225.89705]
[ INFO : 2026-07-28 23:15:26,476 ] - Test_@[5, 10, 20, 50]: Recall=[0.03450, 0.05321, 0.08178, 0.13690],  precision=[0.00725, 0.00562, 0.00434, 0.00292], hit=[0.03620, 0.05595, 0.08609, 0.14348], ndcg=[0.02292, 0.02896, 0.03625, 0.04727], Train Rec Loss=[0.03186], Eval Rec Loss=[0.03163], c=[0.50000], F=[0.83084, 0.87111, 0.90440, 0.93579], F_fuse=[0.01438, 0.01116, 0.00864, 0.00582]
[ INFO : 2026-07-28 23:18:02,807 ] - Epoch 191: train==[134.39166 = 0.54134 + 1.10765 + 22.39314 + 0.01808 + 0.00000 + 0.00070 + 1225.89705]
[ INFO : 2026-07-28 23:18:13,312 ] - Test_@[5, 10, 20, 50]: Recall=[0.03365, 0.05242, 0.08046, 0.13374],  precision=[0.00707, 0.00552, 0.00426, 0.00285], hit=[0.03528, 0.05477, 0.08465, 0.14024], ndcg=[0.02251, 0.02859, 0.03574, 0.04640], Train Rec Loss=[0.03187], Eval Rec Loss=[0.03166], c=[0.50000], F=[0.82837, 0.87003, 0.90364, 0.93488], F_fuse=[0.01401, 0.01097, 0.00848, 0.00568]
[ INFO : 2026-07-28 23:20:50,917 ] - Epoch 192: train==[134.28555 = 0.54195 + 1.10762 + 22.28641 + 0.01812 + 0.00000 + 0.00071 + 1225.89705]
[ INFO : 2026-07-28 23:21:00,245 ] - Test_@[5, 10, 20, 50]: Recall=[0.03381, 0.05229, 0.08142, 0.13589],  precision=[0.00710, 0.00551, 0.00432, 0.00290], hit=[0.03548, 0.05482, 0.08563, 0.14256], ndcg=[0.02248, 0.02848, 0.03592, 0.04680], Train Rec Loss=[0.03187], Eval Rec Loss=[0.03163], c=[0.50000], F=[0.82913, 0.87024, 0.90452, 0.93607], F_fuse=[0.01407, 0.01095, 0.00859, 0.00577]
[ INFO : 2026-07-28 23:23:37,970 ] - Epoch 193: train==[134.24898 = 0.54587 + 1.10760 + 22.24582 + 0.01826 + 0.00000 + 0.00070 + 1225.89705]
[ INFO : 2026-07-28 23:23:48,339 ] - Test_@[5, 10, 20, 50]: Recall=[0.03398, 0.05301, 0.08228, 0.13759],  precision=[0.00715, 0.00558, 0.00437, 0.00294], hit=[0.03574, 0.05554, 0.08655, 0.14451], ndcg=[0.02254, 0.02870, 0.03618, 0.04723], Train Rec Loss=[0.03186], Eval Rec Loss=[0.03166], c=[0.50000], F=[0.83079, 0.87123, 0.90422, 0.93587], F_fuse=[0.01417, 0.01109, 0.00870, 0.00585]
[ INFO : 2026-07-28 23:26:24,255 ] - Epoch 194: train==[134.21248 = 0.54002 + 1.10756 + 22.21515 + 0.01830 + 0.00000 + 0.00070 + 1225.89705]
[ INFO : 2026-07-28 23:26:33,603 ] - Test_@[5, 10, 20, 50]: Recall=[0.03325, 0.05224, 0.08150, 0.13359],  precision=[0.00698, 0.00550, 0.00433, 0.00284], hit=[0.03487, 0.05477, 0.08573, 0.13998], ndcg=[0.02250, 0.02869, 0.03614, 0.04653], Train Rec Loss=[0.03187], Eval Rec Loss=[0.03165], c=[0.50000], F=[0.82655, 0.86980, 0.90543, 0.93670], F_fuse=[0.01385, 0.01094, 0.00861, 0.00567]
[ INFO : 2026-07-28 23:29:11,666 ] - Epoch 195: train==[134.22174 = 0.53762 + 1.10754 + 22.22683 + 0.01830 + 0.00000 + 0.00070 + 1225.89705]
[ INFO : 2026-07-28 23:29:21,211 ] - Test_@[5, 10, 20, 50]: Recall=[0.03409, 0.05360, 0.08196, 0.13881],  precision=[0.00715, 0.00564, 0.00436, 0.00296], hit=[0.03574, 0.05626, 0.08635, 0.14564], ndcg=[0.02282, 0.02912, 0.03636, 0.04771], Train Rec Loss=[0.03188], Eval Rec Loss=[0.03166], c=[0.50000], F=[0.82894, 0.87032, 0.90341, 0.93434], F_fuse=[0.01417, 0.01121, 0.00868, 0.00590]
[ INFO : 2026-07-28 23:32:05,306 ] - Epoch 196: train==[134.29150 = 0.53822 + 1.10750 + 22.29590 + 0.01845 + 0.00000 + 0.00070 + 1225.89705]
[ INFO : 2026-07-28 23:32:14,759 ] - Test_@[5, 10, 20, 50]: Recall=[0.03315, 0.05233, 0.08095, 0.13481],  precision=[0.00695, 0.00551, 0.00429, 0.00288], hit=[0.03476, 0.05482, 0.08516, 0.14158], ndcg=[0.02232, 0.02853, 0.03584, 0.04662], Train Rec Loss=[0.03189], Eval Rec Loss=[0.03168], c=[0.50000], F=[0.82796, 0.87056, 0.90457, 0.93617], F_fuse=[0.01379, 0.01095, 0.00854, 0.00574]
[ INFO : 2026-07-28 23:34:54,355 ] - Epoch 197: train==[134.23367 = 0.53189 + 1.10746 + 22.24444 + 0.01845 + 0.00000 + 0.00070 + 1225.89705]
[ INFO : 2026-07-28 23:35:03,850 ] - Test_@[5, 10, 20, 50]: Recall=[0.03317, 0.05147, 0.08063, 0.13483],  precision=[0.00696, 0.00542, 0.00427, 0.00287], hit=[0.03482, 0.05390, 0.08460, 0.14148], ndcg=[0.02225, 0.02818, 0.03560, 0.04641], Train Rec Loss=[0.03189], Eval Rec Loss=[0.03166], c=[0.50000], F=[0.82612, 0.86853, 0.90390, 0.93615], F_fuse=[0.01381, 0.01076, 0.00849, 0.00573]
[ INFO : 2026-07-28 23:37:39,400 ] - Epoch 198: train==[134.26742 = 0.53384 + 1.10743 + 22.27626 + 0.01845 + 0.00000 + 0.00070 + 1225.89705]
[ INFO : 2026-07-28 23:37:49,324 ] - Test_@[5, 10, 20, 50]: Recall=[0.03446, 0.05357, 0.08136, 0.13502],  precision=[0.00723, 0.00564, 0.00430, 0.00287], hit=[0.03615, 0.05616, 0.08542, 0.14158], ndcg=[0.02290, 0.02911, 0.03618, 0.04695], Train Rec Loss=[0.03189], Eval Rec Loss=[0.03169], c=[0.50000], F=[0.83021, 0.87078, 0.90407, 0.93475], F_fuse=[0.01434, 0.01120, 0.00857, 0.00573]
[ INFO : 2026-07-28 23:40:31,528 ] - Epoch 199: train==[134.30401 = 0.53768 + 1.10740 + 22.30902 + 0.01848 + 0.00000 + 0.00070 + 1225.89705]
[ INFO : 2026-07-28 23:40:40,829 ] - Test_@[5, 10, 20, 50]: Recall=[0.03343, 0.05277, 0.08144, 0.13726],  precision=[0.00702, 0.00556, 0.00433, 0.00293], hit=[0.03512, 0.05534, 0.08563, 0.14415], ndcg=[0.02261, 0.02889, 0.03622, 0.04739], Train Rec Loss=[0.03191], Eval Rec Loss=[0.03167], c=[0.50000], F=[0.82951, 0.87170, 0.90495, 0.93611], F_fuse=[0.01393, 0.01106, 0.00861, 0.00584]
[ INFO : 2026-07-28 23:43:20,383 ] - Epoch 200: train==[134.26474 = 0.53709 + 1.10736 + 22.27030 + 0.01855 + 0.00000 + 0.00070 + 1225.89705]
[ INFO : 2026-07-28 23:43:31,927 ] - Test_@[5, 10, 20, 50]: Recall=[0.03306, 0.05240, 0.08068, 0.13407],  precision=[0.00692, 0.00553, 0.00427, 0.00286], hit=[0.03461, 0.05503, 0.08470, 0.14076], ndcg=[0.02232, 0.02859, 0.03578, 0.04643], Train Rec Loss=[0.03192], Eval Rec Loss=[0.03167], c=[0.50000], F=[0.82678, 0.86980, 0.90381, 0.93584], F_fuse=[0.01373, 0.01099, 0.00851, 0.00570]
[ INFO : 2026-07-28 23:46:08,501 ] - Epoch 201: train==[134.12627 = 0.53058 + 1.10732 + 22.13829 + 0.01864 + 0.00000 + 0.00069 + 1225.89705]
[ INFO : 2026-07-28 23:46:17,970 ] - Test_@[5, 10, 20, 50]: Recall=[0.03313, 0.05197, 0.08002, 0.13177],  precision=[0.00695, 0.00549, 0.00424, 0.00281], hit=[0.03471, 0.05462, 0.08408, 0.13829], ndcg=[0.02228, 0.02841, 0.03558, 0.04592], Train Rec Loss=[0.03191], Eval Rec Loss=[0.03169], c=[0.50000], F=[0.82733, 0.86927, 0.90454, 0.93605], F_fuse=[0.01379, 0.01091, 0.00844, 0.00560]
[ INFO : 2026-07-28 23:49:00,906 ] - Epoch 202: train==[134.14597 = 0.52416 + 1.10727 + 22.16434 + 0.01876 + 0.00000 + 0.00070 + 1225.89705]
[ INFO : 2026-07-28 23:49:11,816 ] - Test_@[5, 10, 20, 50]: Recall=[0.03373, 0.05340, 0.08267, 0.13791],  precision=[0.00710, 0.00564, 0.00439, 0.00294], hit=[0.03543, 0.05600, 0.08701, 0.14487], ndcg=[0.02272, 0.02909, 0.03654, 0.04760], Train Rec Loss=[0.03193], Eval Rec Loss=[0.03169], c=[0.50000], F=[0.83190, 0.87159, 0.90418, 0.93486], F_fuse=[0.01407, 0.01120, 0.00873, 0.00586]
[ INFO : 2026-07-28 23:51:49,790 ] - Epoch 203: train==[134.18110 = 0.52535 + 1.10724 + 22.19836 + 0.01871 + 0.00000 + 0.00070 + 1225.89705]
[ INFO : 2026-07-28 23:51:59,822 ] - Test_@[5, 10, 20, 50]: Recall=[0.03275, 0.05264, 0.08129, 0.13449],  precision=[0.00687, 0.00555, 0.00432, 0.00287], hit=[0.03435, 0.05518, 0.08557, 0.14096], ndcg=[0.02220, 0.02868, 0.03599, 0.04659], Train Rec Loss=[0.03193], Eval Rec Loss=[0.03171], c=[0.50000], F=[0.82846, 0.87034, 0.90376, 0.93564], F_fuse=[0.01363, 0.01103, 0.00859, 0.00571]
[ INFO : 2026-07-28 23:54:38,041 ] - Epoch 204: train==[134.18310 = 0.52358 + 1.10719 + 22.20214 + 0.01875 + 0.00000 + 0.00069 + 1225.89705]
[ INFO : 2026-07-28 23:54:47,364 ] - Test_@[5, 10, 20, 50]: Recall=[0.03365, 0.05154, 0.08020, 0.13440],  precision=[0.00707, 0.00543, 0.00426, 0.00286], hit=[0.03528, 0.05400, 0.08434, 0.14091], ndcg=[0.02255, 0.02835, 0.03569, 0.04652], Train Rec Loss=[0.03193], Eval Rec Loss=[0.03172], c=[0.50000], F=[0.82782, 0.87049, 0.90492, 0.93633], F_fuse=[0.01401, 0.01079, 0.00848, 0.00571]
[ INFO : 2026-07-28 23:57:20,755 ] - Epoch 205: train==[134.18445 = 0.52734 + 1.10714 + 22.19972 + 0.01881 + 0.00000 + 0.00070 + 1225.89705]
[ INFO : 2026-07-28 23:57:30,007 ] - Test_@[5, 10, 20, 50]: Recall=[0.03298, 0.05158, 0.07958, 0.13189],  precision=[0.00695, 0.00545, 0.00422, 0.00281], hit=[0.03471, 0.05415, 0.08377, 0.13839], ndcg=[0.02219, 0.02823, 0.03538, 0.04588], Train Rec Loss=[0.03193], Eval Rec Loss=[0.03173], c=[0.50000], F=[0.82745, 0.87041, 0.90572, 0.93724], F_fuse=[0.01379, 0.01082, 0.00841, 0.00561]
[ INFO : 2026-07-29 00:00:05,314 ] - Epoch 206: train==[134.10544 = 0.52079 + 1.10709 + 22.12725 + 0.01887 + 0.00000 + 0.00069 + 1225.89705]
[ INFO : 2026-07-29 00:00:14,552 ] - Test_@[5, 10, 20, 50]: Recall=[0.03372, 0.05240, 0.08101, 0.13506],  precision=[0.00708, 0.00552, 0.00430, 0.00288], hit=[0.03538, 0.05498, 0.08521, 0.14163], ndcg=[0.02277, 0.02882, 0.03611, 0.04691], Train Rec Loss=[0.03195], Eval Rec Loss=[0.03174], c=[0.50000], F=[0.82849, 0.87054, 0.90430, 0.93575], F_fuse=[0.01403, 0.01098, 0.00856, 0.00574]
[ INFO : 2026-07-29 00:02:52,010 ] - Epoch 207: train==[134.03780 = 0.51858 + 1.10704 + 22.06181 + 0.01893 + 0.00000 + 0.00070 + 1225.89705]
[ INFO : 2026-07-29 00:03:01,290 ] - Test_@[5, 10, 20, 50]: Recall=[0.03289, 0.05189, 0.08008, 0.13333],  precision=[0.00690, 0.00548, 0.00425, 0.00284], hit=[0.03446, 0.05446, 0.08424, 0.13993], ndcg=[0.02229, 0.02848, 0.03570, 0.04636], Train Rec Loss=[0.03195], Eval Rec Loss=[0.03176], c=[0.50000], F=[0.82670, 0.87044, 0.90542, 0.93693], F_fuse=[0.01369, 0.01089, 0.00846, 0.00567]
[ INFO : 2026-07-29 00:05:39,319 ] - Epoch 208: train==[134.02735 = 0.51989 + 1.10698 + 22.04999 + 0.01905 + 0.00000 + 0.00070 + 1225.89705]
[ INFO : 2026-07-29 00:05:48,564 ] - Test_@[5, 10, 20, 50]: Recall=[0.03382, 0.05324, 0.08220, 0.13521],  precision=[0.00710, 0.00561, 0.00436, 0.00288], hit=[0.03548, 0.05585, 0.08645, 0.14178], ndcg=[0.02290, 0.02919, 0.03658, 0.04714], Train Rec Loss=[0.03197], Eval Rec Loss=[0.03173], c=[0.50000], F=[0.82705, 0.86999, 0.90486, 0.93696], F_fuse=[0.01407, 0.01114, 0.00868, 0.00574]
[ INFO : 2026-07-29 00:08:26,182 ] - Epoch 209: train==[134.12148 = 0.51920 + 1.10693 + 22.14499 + 0.01893 + 0.00000 + 0.00070 + 1225.89705]
[ INFO : 2026-07-29 00:08:35,473 ] - Test_@[5, 10, 20, 50]: Recall=[0.03294, 0.05258, 0.07933, 0.13348],  precision=[0.00691, 0.00554, 0.00421, 0.00284], hit=[0.03451, 0.05513, 0.08347, 0.13993], ndcg=[0.02230, 0.02866, 0.03550, 0.04632], Train Rec Loss=[0.03198], Eval Rec Loss=[0.03174], c=[0.50000], F=[0.82706, 0.87001, 0.90494, 0.93616], F_fuse=[0.01371, 0.01101, 0.00838, 0.00567]
[ INFO : 2026-07-29 00:11:21,139 ] - Epoch 210: train==[134.12148 = 0.52003 + 1.10688 + 22.14415 + 0.01898 + 0.00000 + 0.00071 + 1225.89705]
[ INFO : 2026-07-29 00:11:31,332 ] - Test_@[5, 10, 20, 50]: Recall=[0.03399, 0.05317, 0.08131, 0.13496],  precision=[0.00714, 0.00560, 0.00431, 0.00288], hit=[0.03564, 0.05570, 0.08542, 0.14163], ndcg=[0.02281, 0.02900, 0.03617, 0.04689], Train Rec Loss=[0.03200], Eval Rec Loss=[0.03176], c=[0.50000], F=[0.82774, 0.86918, 0.90298, 0.93448], F_fuse=[0.01415, 0.01112, 0.00858, 0.00574]
[ INFO : 2026-07-29 00:14:13,388 ] - Epoch 211: train==[134.03646 = 0.51545 + 1.10681 + 22.06365 + 0.01912 + 0.00000 + 0.00070 + 1225.89705]
[ INFO : 2026-07-29 00:14:22,840 ] - Test_@[5, 10, 20, 50]: Recall=[0.03321, 0.05139, 0.08060, 0.13418],  precision=[0.00698, 0.00542, 0.00428, 0.00286], hit=[0.03487, 0.05390, 0.08480, 0.14070], ndcg=[0.02225, 0.02818, 0.03565, 0.04636], Train Rec Loss=[0.03199], Eval Rec Loss=[0.03178], c=[0.50000], F=[0.83007, 0.87267, 0.90621, 0.93688], F_fuse=[0.01385, 0.01076, 0.00851, 0.00570]
[ INFO : 2026-07-29 00:17:06,167 ] - Epoch 212: train==[134.11169 = 0.51352 + 1.10675 + 22.14085 + 0.01913 + 0.00000 + 0.00071 + 1225.89705]
[ INFO : 2026-07-29 00:17:17,962 ] - Test_@[5, 10, 20, 50]: Recall=[0.03330, 0.05210, 0.08101, 0.13460],  precision=[0.00700, 0.00549, 0.00429, 0.00287], hit=[0.03502, 0.05462, 0.08511, 0.14122], ndcg=[0.02248, 0.02859, 0.03598, 0.04670], Train Rec Loss=[0.03200], Eval Rec Loss=[0.03178], c=[0.50000], F=[0.82822, 0.86952, 0.90340, 0.93468], F_fuse=[0.01389, 0.01091, 0.00855, 0.00572]
[ INFO : 2026-07-29 00:20:00,702 ] - Epoch 213: train==[134.02633 = 0.51293 + 1.10669 + 22.05606 + 0.01922 + 0.00000 + 0.00070 + 1225.89705]
[ INFO : 2026-07-29 00:20:10,184 ] - Test_@[5, 10, 20, 50]: Recall=[0.03304, 0.05247, 0.08055, 0.13354],  precision=[0.00692, 0.00554, 0.00427, 0.00285], hit=[0.03461, 0.05518, 0.08470, 0.14014], ndcg=[0.02220, 0.02856, 0.03573, 0.04632], Train Rec Loss=[0.03201], Eval Rec Loss=[0.03179], c=[0.50000], F=[0.82666, 0.87056, 0.90637, 0.93815], F_fuse=[0.01373, 0.01102, 0.00850, 0.00568]
[ INFO : 2026-07-29 00:22:50,295 ] - Epoch 214: train==[133.90514 = 0.51294 + 1.10662 + 21.93486 + 0.01928 + 0.00000 + 0.00070 + 1225.89705]
[ INFO : 2026-07-29 00:23:00,029 ] - Test_@[5, 10, 20, 50]: Recall=[0.03449, 0.05276, 0.08225, 0.13721],  precision=[0.00723, 0.00556, 0.00436, 0.00293], hit=[0.03615, 0.05539, 0.08645, 0.14400], ndcg=[0.02301, 0.02893, 0.03647, 0.04743], Train Rec Loss=[0.03202], Eval Rec Loss=[0.03179], c=[0.50000], F=[0.83052, 0.87156, 0.90363, 0.93453], F_fuse=[0.01434, 0.01106, 0.00868, 0.00583]
[ INFO : 2026-07-29 00:25:44,032 ] - Epoch 215: train==[134.13465 = 0.51100 + 1.10655 + 22.16633 + 0.01935 + 0.00000 + 0.00069 + 1225.89705]
[ INFO : 2026-07-29 00:25:54,122 ] - Test_@[5, 10, 20, 50]: Recall=[0.03249, 0.05135, 0.07979, 0.13292],  precision=[0.00681, 0.00542, 0.00423, 0.00283], hit=[0.03404, 0.05395, 0.08377, 0.13947], ndcg=[0.02195, 0.02810, 0.03538, 0.04598], Train Rec Loss=[0.03203], Eval Rec Loss=[0.03180], c=[0.50000], F=[0.82822, 0.87082, 0.90571, 0.93664], F_fuse=[0.01351, 0.01077, 0.00843, 0.00565]
[ INFO : 2026-07-29 00:28:40,297 ] - Epoch 216: train==[133.98550 = 0.50963 + 1.10647 + 22.01860 + 0.01936 + 0.00000 + 0.00070 + 1225.89705]
[ INFO : 2026-07-29 00:28:49,743 ] - Test_@[5, 10, 20, 50]: Recall=[0.03354, 0.05174, 0.08111, 0.13427],  precision=[0.00704, 0.00546, 0.00431, 0.00286], hit=[0.03518, 0.05436, 0.08532, 0.14091], ndcg=[0.02257, 0.02851, 0.03601, 0.04662], Train Rec Loss=[0.03205], Eval Rec Loss=[0.03181], c=[0.50000], F=[0.82855, 0.87197, 0.90535, 0.93647], F_fuse=[0.01395, 0.01084, 0.00857, 0.00571]
[ INFO : 2026-07-29 00:31:33,540 ] - Epoch 217: train==[134.12202 = 0.50650 + 1.10639 + 22.15831 + 0.01939 + 0.00000 + 0.00069 + 1225.89705]
[ INFO : 2026-07-29 00:31:43,026 ] - Test_@[5, 10, 20, 50]: Recall=[0.03328, 0.05253, 0.08038, 0.13404],  precision=[0.00698, 0.00554, 0.00426, 0.00286], hit=[0.03492, 0.05523, 0.08455, 0.14055], ndcg=[0.02243, 0.02868, 0.03580, 0.04655], Train Rec Loss=[0.03208], Eval Rec Loss=[0.03181], c=[0.50000], F=[0.82853, 0.87103, 0.90472, 0.93613], F_fuse=[0.01385, 0.01102, 0.00849, 0.00570]
[ INFO : 2026-07-29 00:34:25,414 ] - Epoch 218: train==[134.09593 = 0.50865 + 1.10630 + 22.13006 + 0.01949 + 0.00000 + 0.00069 + 1225.89705]
[ INFO : 2026-07-29 00:34:34,728 ] - Test_@[5, 10, 20, 50]: Recall=[0.03362, 0.05177, 0.08025, 0.13392],  precision=[0.00707, 0.00546, 0.00426, 0.00286], hit=[0.03528, 0.05436, 0.08449, 0.14060], ndcg=[0.02239, 0.02828, 0.03552, 0.04626], Train Rec Loss=[0.03207], Eval Rec Loss=[0.03186], c=[0.50000], F=[0.82949, 0.87116, 0.90376, 0.93473], F_fuse=[0.01401, 0.01086, 0.00848, 0.00570]
[ INFO : 2026-07-29 00:37:10,376 ] - Epoch 219: train==[133.99838 = 0.50111 + 1.10623 + 22.04010 + 0.01952 + 0.00000 + 0.00069 + 1225.89705]
[ INFO : 2026-07-29 00:37:19,720 ] - Test_@[5, 10, 20, 50]: Recall=[0.03303, 0.05156, 0.08103, 0.13341],  precision=[0.00694, 0.00543, 0.00430, 0.00284], hit=[0.03466, 0.05410, 0.08521, 0.14009], ndcg=[0.02231, 0.02834, 0.03587, 0.04633], Train Rec Loss=[0.03211], Eval Rec Loss=[0.03192], c=[0.50000], F=[0.82822, 0.87145, 0.90505, 0.93670], F_fuse=[0.01377, 0.01079, 0.00856, 0.00567]
[ INFO : 2026-07-29 00:39:55,280 ] - Epoch 220: train==[134.09236 = 0.50502 + 1.10613 + 22.13015 + 0.01963 + 0.00000 + 0.00068 + 1225.89705]
[ INFO : 2026-07-29 00:40:04,423 ] - Test_@[5, 10, 20, 50]: Recall=[0.03304, 0.05125, 0.07940, 0.13137],  precision=[0.00696, 0.00542, 0.00421, 0.00280], hit=[0.03476, 0.05390, 0.08352, 0.13782], ndcg=[0.02209, 0.02798, 0.03517, 0.04556], Train Rec Loss=[0.03210], Eval Rec Loss=[0.03193], c=[0.50000], F=[0.82670, 0.86960, 0.90381, 0.93575], F_fuse=[0.01381, 0.01077, 0.00838, 0.00558]
[ INFO : 2026-07-29 00:42:40,316 ] - Epoch 221: train==[134.02432 = 0.50202 + 1.10605 + 22.06525 + 0.01955 + 0.00000 + 0.00070 + 1225.89705]
[ INFO : 2026-07-29 00:42:49,607 ] - Test_@[5, 10, 20, 50]: Recall=[0.03298, 0.05260, 0.07999, 0.13406],  precision=[0.00693, 0.00556, 0.00425, 0.00286], hit=[0.03461, 0.05534, 0.08424, 0.14055], ndcg=[0.02222, 0.02861, 0.03560, 0.04640], Train Rec Loss=[0.03213], Eval Rec Loss=[0.03192], c=[0.50000], F=[0.83053, 0.87181, 0.90548, 0.93565], F_fuse=[0.01375, 0.01105, 0.00847, 0.00569]
[ INFO : 2026-07-29 00:45:27,890 ] - Epoch 222: train==[133.93541 = 0.50402 + 1.10595 + 21.97432 + 0.01969 + 0.00000 + 0.00069 + 1225.89705]
[ INFO : 2026-07-29 00:45:37,380 ] - Test_@[5, 10, 20, 50]: Recall=[0.03362, 0.05159, 0.07999, 0.13330],  precision=[0.00707, 0.00545, 0.00425, 0.00284], hit=[0.03528, 0.05410, 0.08424, 0.13998], ndcg=[0.02260, 0.02843, 0.03569, 0.04630], Train Rec Loss=[0.03213], Eval Rec Loss=[0.03190], c=[0.50000], F=[0.82729, 0.87058, 0.90529, 0.93706], F_fuse=[0.01401, 0.01082, 0.00846, 0.00566]
[ INFO : 2026-07-29 00:48:14,763 ] - Epoch 223: train==[133.93198 = 0.49757 + 1.10586 + 21.97741 + 0.01971 + 0.00000 + 0.00069 + 1225.89705]
[ INFO : 2026-07-29 00:48:24,045 ] - Test_@[5, 10, 20, 50]: Recall=[0.03375, 0.05210, 0.08190, 0.13422],  precision=[0.00709, 0.00549, 0.00434, 0.00286], hit=[0.03538, 0.05467, 0.08609, 0.14086], ndcg=[0.02246, 0.02842, 0.03603, 0.04646], Train Rec Loss=[0.03216], Eval Rec Loss=[0.03195], c=[0.50000], F=[0.83032, 0.87222, 0.90572, 0.93667], F_fuse=[0.01405, 0.01092, 0.00864, 0.00570]
[ INFO : 2026-07-29 00:51:01,004 ] - Epoch 224: train==[133.97940 = 0.50071 + 1.10576 + 22.02178 + 0.01972 + 0.00000 + 0.00070 + 1225.89705]
[ INFO : 2026-07-29 00:51:10,250 ] - Test_@[5, 10, 20, 50]: Recall=[0.03285, 0.05109, 0.08026, 0.13272],  precision=[0.00692, 0.00539, 0.00426, 0.00283], hit=[0.03456, 0.05369, 0.08434, 0.13916], ndcg=[0.02195, 0.02786, 0.03529, 0.04575], Train Rec Loss=[0.03220], Eval Rec Loss=[0.03196], c=[0.50000], F=[0.82886, 0.86992, 0.90362, 0.93457], F_fuse=[0.01373, 0.01072, 0.00848, 0.00564]
[ INFO : 2026-07-29 00:53:49,030 ] - Epoch 225: train==[133.88750 = 0.49801 + 1.10566 + 21.93260 + 0.01979 + 0.00000 + 0.00070 + 1225.89705]
[ INFO : 2026-07-29 00:53:59,966 ] - Test_@[5, 10, 20, 50]: Recall=[0.03343, 0.05219, 0.08062, 0.13503],  precision=[0.00702, 0.00550, 0.00428, 0.00288], hit=[0.03512, 0.05477, 0.08491, 0.14173], ndcg=[0.02247, 0.02859, 0.03586, 0.04673], Train Rec Loss=[0.03221], Eval Rec Loss=[0.03198], c=[0.50000], F=[0.82849, 0.87251, 0.90534, 0.93671], F_fuse=[0.01393, 0.01093, 0.00853, 0.00574]
[ INFO : 2026-07-29 00:56:37,192 ] - Epoch 226: train==[133.93776 = 0.49858 + 1.10557 + 21.98230 + 0.01987 + 0.00000 + 0.00069 + 1225.89705]
[ INFO : 2026-07-29 00:56:47,080 ] - Test_@[5, 10, 20, 50]: Recall=[0.03240, 0.05133, 0.07897, 0.13177],  precision=[0.00682, 0.00543, 0.00418, 0.00280], hit=[0.03404, 0.05400, 0.08295, 0.13818], ndcg=[0.02214, 0.02831, 0.03536, 0.04590], Train Rec Loss=[0.03220], Eval Rec Loss=[0.03199], c=[0.50000], F=[0.82724, 0.87168, 0.90694, 0.93839], F_fuse=[0.01353, 0.01078, 0.00833, 0.00559]
[ INFO : 2026-07-29 00:59:20,249 ] - Epoch 227: train==[133.93998 = 0.51941 + 1.10545 + 21.96389 + 0.01981 + 0.00000 + 0.00069 + 1225.89705]
[ INFO : 2026-07-29 00:59:29,507 ] - Test_@[5, 10, 20, 50]: Recall=[0.03416, 0.05228, 0.08093, 0.13428],  precision=[0.00717, 0.00552, 0.00429, 0.00286], hit=[0.03579, 0.05492, 0.08506, 0.14076], ndcg=[0.02282, 0.02867, 0.03598, 0.04660], Train Rec Loss=[0.03221], Eval Rec Loss=[0.03199], c=[0.50000], F=[0.82992, 0.87215, 0.90512, 0.93622], F_fuse=[0.01422, 0.01097, 0.00854, 0.00570]
[ INFO : 2026-07-29 01:02:07,344 ] - Epoch 228: train==[134.00697 = 0.49015 + 1.10534 + 22.06017 + 0.01987 + 0.00000 + 0.00069 + 1225.89705]
[ INFO : 2026-07-29 01:02:16,884 ] - Test_@[5, 10, 20, 50]: Recall=[0.03277, 0.05117, 0.08034, 0.13282],  precision=[0.00688, 0.00540, 0.00426, 0.00283], hit=[0.03435, 0.05384, 0.08434, 0.13942], ndcg=[0.02234, 0.02836, 0.03582, 0.04627], Train Rec Loss=[0.03229], Eval Rec Loss=[0.03209], c=[0.50000], F=[0.82900, 0.87154, 0.90606, 0.93759], F_fuse=[0.01365, 0.01074, 0.00848, 0.00564]
[ INFO : 2026-07-29 01:04:52,976 ] - Epoch 229: train==[133.88053 = 0.49000 + 1.10524 + 21.93379 + 0.02007 + 0.00000 + 0.00068 + 1225.89705]
[ INFO : 2026-07-29 01:05:02,214 ] - Test_@[5, 10, 20, 50]: Recall=[0.03433, 0.05235, 0.08140, 0.13474],  precision=[0.00721, 0.00552, 0.00431, 0.00287], hit=[0.03600, 0.05503, 0.08552, 0.14127], ndcg=[0.02300, 0.02883, 0.03624, 0.04688], Train Rec Loss=[0.03226], Eval Rec Loss=[0.03206], c=[0.50000], F=[0.83084, 0.87276, 0.90570, 0.93657], F_fuse=[0.01430, 0.01098, 0.00859, 0.00572]
[ INFO : 2026-07-29 01:07:38,457 ] - Epoch 230: train==[133.88828 = 0.49310 + 1.10513 + 21.93858 + 0.02006 + 0.00000 + 0.00068 + 1225.89705]
[ INFO : 2026-07-29 01:07:48,861 ] - Test_@[5, 10, 20, 50]: Recall=[0.03270, 0.05158, 0.08007, 0.13173],  precision=[0.00687, 0.00543, 0.00424, 0.00281], hit=[0.03430, 0.05410, 0.08403, 0.13818], ndcg=[0.02207, 0.02819, 0.03548, 0.04579], Train Rec Loss=[0.03228], Eval Rec Loss=[0.03207], c=[0.50000], F=[0.82845, 0.87112, 0.90491, 0.93627], F_fuse=[0.01363, 0.01079, 0.00844, 0.00559]
[ INFO : 2026-07-29 01:10:24,524 ] - Epoch 231: train==[133.81476 = 0.49042 + 1.10501 + 21.86782 + 0.02009 + 0.00000 + 0.00069 + 1225.89705]
[ INFO : 2026-07-29 01:10:33,697 ] - Test_@[5, 10, 20, 50]: Recall=[0.03254, 0.05147, 0.07993, 0.13227],  precision=[0.00684, 0.00543, 0.00424, 0.00282], hit=[0.03415, 0.05405, 0.08403, 0.13880], ndcg=[0.02217, 0.02835, 0.03562, 0.04608], Train Rec Loss=[0.03230], Eval Rec Loss=[0.03208], c=[0.50000], F=[0.82848, 0.87146, 0.90574, 0.93764], F_fuse=[0.01357, 0.01078, 0.00844, 0.00562]
[ INFO : 2026-07-29 01:13:08,443 ] - Epoch 232: train==[133.77187 = 0.48991 + 1.10488 + 21.82553 + 0.02012 + 0.00000 + 0.00069 + 1225.89705]
[ INFO : 2026-07-29 01:13:17,993 ] - Test_@[5, 10, 20, 50]: Recall=[0.03241, 0.05044, 0.07959, 0.13092],  precision=[0.00682, 0.00533, 0.00422, 0.00279], hit=[0.03404, 0.05307, 0.08362, 0.13736], ndcg=[0.02197, 0.02783, 0.03527, 0.04552], Train Rec Loss=[0.03232], Eval Rec Loss=[0.03213], c=[0.50000], F=[0.82598, 0.87056, 0.90454, 0.93643], F_fuse=[0.01353, 0.01060, 0.00839, 0.00556]
[ INFO : 2026-07-29 01:15:53,983 ] - Epoch 233: train==[133.83741 = 0.48791 + 1.10476 + 21.89309 + 0.02023 + 0.00000 + 0.00068 + 1225.89705]
[ INFO : 2026-07-29 01:16:03,223 ] - Test_@[5, 10, 20, 50]: Recall=[0.03318, 0.05173, 0.08033, 0.13215],  precision=[0.00696, 0.00546, 0.00426, 0.00282], hit=[0.03476, 0.05436, 0.08444, 0.13885], ndcg=[0.02256, 0.02860, 0.03589, 0.04623], Train Rec Loss=[0.03236], Eval Rec Loss=[0.03214], c=[0.50000], F=[0.82876, 0.87083, 0.90480, 0.93618], F_fuse=[0.01381, 0.01086, 0.00848, 0.00561]
[ INFO : 2026-07-29 01:18:40,145 ] - Epoch 234: train==[133.83287 = 0.49016 + 1.10464 + 21.88651 + 0.02011 + 0.00000 + 0.00070 + 1225.89705]
[ INFO : 2026-07-29 01:18:49,303 ] - Test_@[5, 10, 20, 50]: Recall=[0.03356, 0.05264, 0.08099, 0.13374],  precision=[0.00704, 0.00555, 0.00429, 0.00285], hit=[0.03512, 0.05518, 0.08516, 0.14040], ndcg=[0.02266, 0.02884, 0.03607, 0.04656], Train Rec Loss=[0.03239], Eval Rec Loss=[0.03213], c=[0.50000], F=[0.82939, 0.87192, 0.90408, 0.93496], F_fuse=[0.01395, 0.01103, 0.00855, 0.00568]
[ INFO : 2026-07-29 01:21:27,078 ] - Epoch 235: train==[133.76989 = 0.48423 + 1.10452 + 21.82942 + 0.02029 + 0.00000 + 0.00069 + 1225.89705]
[ INFO : 2026-07-29 01:21:36,383 ] - Test_@[5, 10, 20, 50]: Recall=[0.03343, 0.05219, 0.07956, 0.13166],  precision=[0.00702, 0.00550, 0.00421, 0.00280], hit=[0.03507, 0.05482, 0.08362, 0.13824], ndcg=[0.02277, 0.02883, 0.03582, 0.04622], Train Rec Loss=[0.03239], Eval Rec Loss=[0.03220], c=[0.50000], F=[0.82796, 0.87204, 0.90612, 0.93725], F_fuse=[0.01393, 0.01093, 0.00839, 0.00559]
[ INFO : 2026-07-29 01:24:12,310 ] - Epoch 236: train==[133.87510 = 0.48653 + 1.10437 + 21.93247 + 0.02028 + 0.00000 + 0.00069 + 1225.89705]
[ INFO : 2026-07-29 01:24:21,550 ] - Test_@[5, 10, 20, 50]: Recall=[0.03309, 0.05138, 0.07983, 0.13203],  precision=[0.00696, 0.00543, 0.00422, 0.00281], hit=[0.03476, 0.05400, 0.08372, 0.13849], ndcg=[0.02214, 0.02805, 0.03531, 0.04574], Train Rec Loss=[0.03242], Eval Rec Loss=[0.03222], c=[0.50000], F=[0.82768, 0.87082, 0.90447, 0.93558], F_fuse=[0.01381, 0.01078, 0.00841, 0.00561]
[ INFO : 2026-07-29 01:27:00,951 ] - Epoch 237: train==[133.81626 = 0.48314 + 1.10424 + 21.87711 + 0.02035 + 0.00000 + 0.00069 + 1225.89705]
[ INFO : 2026-07-29 01:27:10,265 ] - Test_@[5, 10, 20, 50]: Recall=[0.03347, 0.05155, 0.07956, 0.13247],  precision=[0.00701, 0.00544, 0.00423, 0.00282], hit=[0.03502, 0.05415, 0.08372, 0.13890], ndcg=[0.02271, 0.02858, 0.03575, 0.04630], Train Rec Loss=[0.03244], Eval Rec Loss=[0.03226], c=[0.50000], F=[0.82825, 0.87128, 0.90493, 0.93592], F_fuse=[0.01391, 0.01081, 0.00843, 0.00563]
[ INFO : 2026-07-29 01:29:45,579 ] - Epoch 238: train==[133.85625 = 0.48362 + 1.10410 + 21.91670 + 0.02039 + 0.00000 + 0.00069 + 1225.89705]
[ INFO : 2026-07-29 01:29:54,843 ] - Test_@[5, 10, 20, 50]: Recall=[0.03320, 0.05118, 0.07928, 0.13224],  precision=[0.00698, 0.00540, 0.00421, 0.00281], hit=[0.03487, 0.05374, 0.08336, 0.13860], ndcg=[0.02268, 0.02852, 0.03569, 0.04625], Train Rec Loss=[0.03251], Eval Rec Loss=[0.03225], c=[0.50000], F=[0.83052, 0.87328, 0.90669, 0.93776], F_fuse=[0.01385, 0.01073, 0.00838, 0.00561]
[ INFO : 2026-07-29 01:32:36,721 ] - Epoch 239: train==[133.85653 = 0.48075 + 1.10397 + 21.91995 + 0.02042 + 0.00000 + 0.00070 + 1225.89705]
[ INFO : 2026-07-29 01:32:46,174 ] - Test_@[5, 10, 20, 50]: Recall=[0.03328, 0.05186, 0.08007, 0.13326],  precision=[0.00700, 0.00547, 0.00426, 0.00284], hit=[0.03497, 0.05451, 0.08434, 0.13978], ndcg=[0.02251, 0.02855, 0.03576, 0.04636], Train Rec Loss=[0.03252], Eval Rec Loss=[0.03229], c=[0.50000], F=[0.82931, 0.87127, 0.90460, 0.93589], F_fuse=[0.01389, 0.01088, 0.00847, 0.00566]
[ INFO : 2026-07-29 01:35:28,296 ] - Epoch 240: train==[133.80319 = 0.48079 + 1.10384 + 21.86666 + 0.02047 + 0.00000 + 0.00071 + 1225.89705]
[ INFO : 2026-07-29 01:35:38,721 ] - Test_@[5, 10, 20, 50]: Recall=[0.03257, 0.05053, 0.07860, 0.12990],  precision=[0.00687, 0.00536, 0.00416, 0.00277], hit=[0.03430, 0.05328, 0.08244, 0.13633], ndcg=[0.02203, 0.02787, 0.03501, 0.04524], Train Rec Loss=[0.03255], Eval Rec Loss=[0.03227], c=[0.50000], F=[0.82763, 0.86975, 0.90523, 0.93645], F_fuse=[0.01363, 0.01065, 0.00829, 0.00552]
[ INFO : 2026-07-29 01:38:18,979 ] - Epoch 241: train==[133.75539 = 0.49317 + 1.10369 + 21.80659 + 0.02051 + 0.00000 + 0.00070 + 1225.89705]
[ INFO : 2026-07-29 01:38:28,413 ] - Test_@[5, 10, 20, 50]: Recall=[0.03329, 0.05196, 0.07965, 0.13228],  precision=[0.00701, 0.00550, 0.00422, 0.00281], hit=[0.03502, 0.05467, 0.08367, 0.13875], ndcg=[0.02256, 0.02860, 0.03568, 0.04617], Train Rec Loss=[0.03260], Eval Rec Loss=[0.03235], c=[0.50000], F=[0.82922, 0.87291, 0.90653, 0.93718], F_fuse=[0.01391, 0.01093, 0.00841, 0.00561]
[ INFO : 2026-07-29 01:41:02,946 ] - Epoch 242: train==[133.85763 = 0.47577 + 1.10355 + 21.92638 + 0.02050 + 0.00000 + 0.00070 + 1225.89705]
[ INFO : 2026-07-29 01:41:12,425 ] - Test_@[5, 10, 20, 50]: Recall=[0.03268, 0.05096, 0.07979, 0.13192],  precision=[0.00689, 0.00539, 0.00424, 0.00281], hit=[0.03440, 0.05364, 0.08398, 0.13849], ndcg=[0.02203, 0.02797, 0.03532, 0.04570], Train Rec Loss=[0.03262], Eval Rec Loss=[0.03241], c=[0.50000], F=[0.83041, 0.87269, 0.90501, 0.93579], F_fuse=[0.01367, 0.01071, 0.00844, 0.00560]
[ INFO : 2026-07-29 01:43:46,273 ] - Epoch 243: train==[133.77810 = 0.47599 + 1.10342 + 21.84657 + 0.02072 + 0.00000 + 0.00067 + 1225.89705]
[ INFO : 2026-07-29 01:43:55,630 ] - Test_@[5, 10, 20, 50]: Recall=[0.03316, 0.05168, 0.07897, 0.13115],  precision=[0.00698, 0.00544, 0.00420, 0.00279], hit=[0.03487, 0.05415, 0.08305, 0.13767], ndcg=[0.02253, 0.02854, 0.03554, 0.04598], Train Rec Loss=[0.03264], Eval Rec Loss=[0.03243], c=[0.50000], F=[0.82876, 0.87141, 0.90616, 0.93718], F_fuse=[0.01385, 0.01081, 0.00835, 0.00557]
[ INFO : 2026-07-29 01:46:33,100 ] - Epoch 244: train==[133.80735 = 0.47649 + 1.10327 + 21.87550 + 0.02068 + 0.00000 + 0.00068 + 1225.89705]
[ INFO : 2026-07-29 01:46:42,309 ] - Test_@[5, 10, 20, 50]: Recall=[0.03370, 0.05167, 0.08064, 0.13323],  precision=[0.00709, 0.00545, 0.00428, 0.00284], hit=[0.03538, 0.05426, 0.08480, 0.13978], ndcg=[0.02286, 0.02867, 0.03610, 0.04659], Train Rec Loss=[0.03266], Eval Rec Loss=[0.03245], c=[0.50000], F=[0.83080, 0.87258, 0.90524, 0.93633], F_fuse=[0.01405, 0.01083, 0.00852, 0.00566]
[ INFO : 2026-07-29 01:49:19,060 ] - Epoch 245: train==[133.82353 = 0.47551 + 1.10312 + 21.89286 + 0.02061 + 0.00000 + 0.00069 + 1225.89705]
[ INFO : 2026-07-29 01:49:28,514 ] - Test_@[5, 10, 20, 50]: Recall=[0.03291, 0.05142, 0.07846, 0.13045],  precision=[0.00693, 0.00544, 0.00416, 0.00277], hit=[0.03461, 0.05415, 0.08249, 0.13664], ndcg=[0.02233, 0.02831, 0.03522, 0.04559], Train Rec Loss=[0.03264], Eval Rec Loss=[0.03251], c=[0.50000], F=[0.82925, 0.87209, 0.90604, 0.93727], F_fuse=[0.01375, 0.01080, 0.00828, 0.00553]
[ INFO : 2026-07-29 01:52:05,158 ] - Epoch 246: train==[133.67183 = 0.47296 + 1.10298 + 21.74372 + 0.02074 + 0.00000 + 0.00069 + 1225.89705]
[ INFO : 2026-07-29 01:52:14,800 ] - Test_@[5, 10, 20, 50]: Recall=[0.03268, 0.05109, 0.07980, 0.13224],  precision=[0.00686, 0.00539, 0.00424, 0.00282], hit=[0.03425, 0.05369, 0.08393, 0.13865], ndcg=[0.02221, 0.02823, 0.03557, 0.04603], Train Rec Loss=[0.03266], Eval Rec Loss=[0.03258], c=[0.50000], F=[0.82915, 0.87253, 0.90561, 0.93677], F_fuse=[0.01361, 0.01071, 0.00843, 0.00562]
[ INFO : 2026-07-29 01:54:52,199 ] - Epoch 247: train==[133.79969 = 0.47353 + 1.10283 + 21.87110 + 0.02079 + 0.00000 + 0.00069 + 1225.89705]
[ INFO : 2026-07-29 01:55:01,499 ] - Test_@[5, 10, 20, 50]: Recall=[0.03327, 0.05109, 0.07891, 0.12881],  precision=[0.00702, 0.00540, 0.00418, 0.00275], hit=[0.03507, 0.05384, 0.08295, 0.13525], ndcg=[0.02267, 0.02844, 0.03551, 0.04547], Train Rec Loss=[0.03274], Eval Rec Loss=[0.03252], c=[0.50000], F=[0.82765, 0.87046, 0.90485, 0.93627], F_fuse=[0.01393, 0.01074, 0.00833, 0.00547]
[ INFO : 2026-07-29 01:57:41,042 ] - Epoch 248: train==[133.72556 = 0.47186 + 1.10267 + 21.79881 + 0.02080 + 0.00000 + 0.00069 + 1225.89705]
[ INFO : 2026-07-29 01:57:51,096 ] - Test_@[5, 10, 20, 50]: Recall=[0.03328, 0.05268, 0.08105, 0.13294],  precision=[0.00698, 0.00556, 0.00430, 0.00284], hit=[0.03492, 0.05534, 0.08516, 0.13947], ndcg=[0.02257, 0.02890, 0.03611, 0.04648], Train Rec Loss=[0.03284], Eval Rec Loss=[0.03260], c=[0.50000], F=[0.82936, 0.87111, 0.90409, 0.93538], F_fuse=[0.01385, 0.01106, 0.00856, 0.00565]
[ INFO : 2026-07-29 02:00:28,416 ] - Epoch 249: train==[133.72966 = 0.48087 + 1.10253 + 21.79392 + 0.02093 + 0.00000 + 0.00067 + 1225.89705]
[ INFO : 2026-07-29 02:00:37,813 ] - Test_@[5, 10, 20, 50]: Recall=[0.03331, 0.05165, 0.08016, 0.13202],  precision=[0.00699, 0.00546, 0.00426, 0.00281], hit=[0.03492, 0.05431, 0.08434, 0.13849], ndcg=[0.02277, 0.02870, 0.03598, 0.04632], Train Rec Loss=[0.03284], Eval Rec Loss=[0.03261], c=[0.50000], F=[0.82854, 0.87118, 0.90486, 0.93577], F_fuse=[0.01387, 0.01084, 0.00848, 0.00560]
[ INFO : 2026-07-29 02:03:15,866 ] - Epoch 250: train==[133.89012 = 0.47327 + 1.10238 + 21.96207 + 0.02098 + 0.00000 + 0.00068 + 1225.89705]
[ INFO : 2026-07-29 02:03:25,970 ] - Test_@[5, 10, 20, 50]: Recall=[0.03295, 0.05162, 0.07840, 0.12957],  precision=[0.00692, 0.00545, 0.00416, 0.00276], hit=[0.03456, 0.05436, 0.08244, 0.13597], ndcg=[0.02255, 0.02861, 0.03546, 0.04568], Train Rec Loss=[0.03283], Eval Rec Loss=[0.03260], c=[0.50000], F=[0.82774, 0.87174, 0.90567, 0.93739], F_fuse=[0.01373, 0.01083, 0.00829, 0.00550]
[ INFO : 2026-07-29 02:06:01,410 ] - Epoch 251: train==[133.62679 = 0.46725 + 1.10223 + 21.70487 + 0.02100 + 0.00000 + 0.00070 + 1225.89705]
[ INFO : 2026-07-29 02:06:11,786 ] - Test_@[5, 10, 20, 50]: Recall=[0.03330, 0.05135, 0.07933, 0.13067],  precision=[0.00700, 0.00543, 0.00421, 0.00279], hit=[0.03497, 0.05410, 0.08341, 0.13726], ndcg=[0.02246, 0.02831, 0.03544, 0.04571], Train Rec Loss=[0.03295], Eval Rec Loss=[0.03268], c=[0.50000], F=[0.82872, 0.87141, 0.90499, 0.93674], F_fuse=[0.01389, 0.01078, 0.00838, 0.00555]
[ INFO : 2026-07-29 02:08:46,644 ] - Epoch 252: train==[133.71271 = 0.46838 + 1.10209 + 21.78976 + 0.02107 + 0.00000 + 0.00068 + 1225.89705]
[ INFO : 2026-07-29 02:08:55,969 ] - Test_@[5, 10, 20, 50]: Recall=[0.03331, 0.05141, 0.07900, 0.13106],  precision=[0.00700, 0.00542, 0.00419, 0.00279], hit=[0.03497, 0.05400, 0.08316, 0.13757], ndcg=[0.02249, 0.02837, 0.03542, 0.04582], Train Rec Loss=[0.03292], Eval Rec Loss=[0.03269], c=[0.50000], F=[0.82980, 0.87269, 0.90661, 0.93733], F_fuse=[0.01389, 0.01077, 0.00835, 0.00556]
[ INFO : 2026-07-29 02:11:35,657 ] - Epoch 253: train==[133.70796 = 0.46554 + 1.10194 + 21.78801 + 0.02103 + 0.00000 + 0.00070 + 1225.89705]
[ INFO : 2026-07-29 02:11:44,995 ] - Test_@[5, 10, 20, 50]: Recall=[0.03253, 0.05136, 0.07908, 0.13178],  precision=[0.00684, 0.00542, 0.00419, 0.00281], hit=[0.03415, 0.05405, 0.08311, 0.13829], ndcg=[0.02217, 0.02831, 0.03539, 0.04592], Train Rec Loss=[0.03294], Eval Rec Loss=[0.03264], c=[0.50000], F=[0.82899, 0.87189, 0.90670, 0.93813], F_fuse=[0.01357, 0.01077, 0.00835, 0.00559]
[ INFO : 2026-07-29 02:14:25,129 ] - Epoch 254: train==[133.71610 = 0.46695 + 1.10177 + 21.79481 + 0.02115 + 0.00000 + 0.00068 + 1225.89705]
[ INFO : 2026-07-29 02:14:34,484 ] - Test_@[5, 10, 20, 50]: Recall=[0.03305, 0.05156, 0.07908, 0.13182],  precision=[0.00693, 0.00544, 0.00419, 0.00281], hit=[0.03461, 0.05426, 0.08305, 0.13834], ndcg=[0.02252, 0.02854, 0.03557, 0.04610], Train Rec Loss=[0.03296], Eval Rec Loss=[0.03284], c=[0.50000], F=[0.82904, 0.87202, 0.90478, 0.93601], F_fuse=[0.01375, 0.01081, 0.00835, 0.00560]
[ INFO : 2026-07-29 02:17:20,150 ] - Epoch 255: train==[133.70265 = 0.46680 + 1.10162 + 21.78171 + 0.02109 + 0.00000 + 0.00069 + 1225.89705]
[ INFO : 2026-07-29 02:17:29,929 ] - Test_@[5, 10, 20, 50]: Recall=[0.03284, 0.05069, 0.07753, 0.12985],  precision=[0.00693, 0.00536, 0.00412, 0.00276], hit=[0.03461, 0.05333, 0.08146, 0.13618], ndcg=[0.02216, 0.02796, 0.03486, 0.04531], Train Rec Loss=[0.03302], Eval Rec Loss=[0.03272], c=[0.50000], F=[0.82825, 0.87188, 0.90745, 0.93895], F_fuse=[0.01375, 0.01065, 0.00820, 0.00551]
[ INFO : 2026-07-29 02:20:08,396 ] - Epoch 256: train==[133.70972 = 0.46539 + 1.10146 + 21.79035 + 0.02107 + 0.00000 + 0.00070 + 1225.89705]
[ INFO : 2026-07-29 02:20:18,113 ] - Test_@[5, 10, 20, 50]: Recall=[0.03332, 0.05139, 0.07968, 0.13185],  precision=[0.00700, 0.00544, 0.00423, 0.00281], hit=[0.03497, 0.05405, 0.08377, 0.13834], ndcg=[0.02274, 0.02863, 0.03585, 0.04627], Train Rec Loss=[0.03300], Eval Rec Loss=[0.03285], c=[0.50000], F=[0.82909, 0.87074, 0.90435, 0.93567], F_fuse=[0.01389, 0.01080, 0.00842, 0.00560]
[ INFO : 2026-07-29 02:22:58,581 ] - Epoch 257: train==[133.61301 = 0.46419 + 1.10132 + 21.69488 + 0.02120 + 0.00000 + 0.00069 + 1225.89705]
[ INFO : 2026-07-29 02:23:08,271 ] - Test_@[5, 10, 20, 50]: Recall=[0.03319, 0.05160, 0.07919, 0.13094],  precision=[0.00699, 0.00545, 0.00420, 0.00279], hit=[0.03492, 0.05426, 0.08326, 0.13736], ndcg=[0.02261, 0.02862, 0.03567, 0.04602], Train Rec Loss=[0.03301], Eval Rec Loss=[0.03285], c=[0.50000], F=[0.82974, 0.87220, 0.90690, 0.93733], F_fuse=[0.01387, 0.01082, 0.00836, 0.00556]
[ INFO : 2026-07-29 02:25:45,439 ] - Epoch 258: train==[133.73331 = 0.46497 + 1.10117 + 21.81453 + 0.02121 + 0.00000 + 0.00069 + 1225.89705]
[ INFO : 2026-07-29 02:25:54,794 ] - Test_@[5, 10, 20, 50]: Recall=[0.03322, 0.05119, 0.07865, 0.13033],  precision=[0.00700, 0.00541, 0.00417, 0.00278], hit=[0.03497, 0.05379, 0.08259, 0.13664], ndcg=[0.02245, 0.02826, 0.03529, 0.04563], Train Rec Loss=[0.03314], Eval Rec Loss=[0.03286], c=[0.50000], F=[0.82943, 0.87192, 0.90526, 0.93625], F_fuse=[0.01389, 0.01075, 0.00830, 0.00554]
[ INFO : 2026-07-29 02:28:30,325 ] - Epoch 259: train==[133.70577 = 0.46084 + 1.10101 + 21.79124 + 0.02122 + 0.00000 + 0.00072 + 1225.89705]
[ INFO : 2026-07-29 02:28:39,676 ] - Test_@[5, 10, 20, 50]: Recall=[0.03281, 0.04990, 0.07863, 0.12893],  precision=[0.00692, 0.00529, 0.00417, 0.00275], hit=[0.03456, 0.05256, 0.08254, 0.13525], ndcg=[0.02231, 0.02785, 0.03517, 0.04522], Train Rec Loss=[0.03320], Eval Rec Loss=[0.03297], c=[0.50000], F=[0.82832, 0.87192, 0.90589, 0.93706], F_fuse=[0.01373, 0.01052, 0.00829, 0.00548]
[ INFO : 2026-07-29 02:31:17,834 ] - Epoch 260: train==[133.75022 = 0.46351 + 1.10088 + 21.83315 + 0.02125 + 0.00000 + 0.00069 + 1225.89705]
[ INFO : 2026-07-29 02:31:27,075 ] - Test_@[5, 10, 20, 50]: Recall=[0.03310, 0.05159, 0.07896, 0.12864],  precision=[0.00696, 0.00545, 0.00418, 0.00274], hit=[0.03476, 0.05426, 0.08285, 0.13489], ndcg=[0.02251, 0.02852, 0.03547, 0.04542], Train Rec Loss=[0.03312], Eval Rec Loss=[0.03296], c=[0.50000], F=[0.82897, 0.87247, 0.90547, 0.93624], F_fuse=[0.01381, 0.01083, 0.00831, 0.00546]
[ INFO : 2026-07-29 02:34:05,322 ] - Epoch 261: train==[133.73815 = 0.45843 + 1.10073 + 21.82623 + 0.02133 + 0.00000 + 0.00070 + 1225.89705]
[ INFO : 2026-07-29 02:34:14,632 ] - Test_@[5, 10, 20, 50]: Recall=[0.03338, 0.05085, 0.07761, 0.12817],  precision=[0.00702, 0.00537, 0.00412, 0.00273], hit=[0.03507, 0.05343, 0.08156, 0.13458], ndcg=[0.02276, 0.02841, 0.03527, 0.04539], Train Rec Loss=[0.03318], Eval Rec Loss=[0.03303], c=[0.50000], F=[0.82814, 0.87244, 0.90626, 0.93758], F_fuse=[0.01393, 0.01067, 0.00820, 0.00545]
[ INFO : 2026-07-29 02:36:50,412 ] - Epoch 262: train==[133.63878 = 0.46064 + 1.10059 + 21.72473 + 0.02139 + 0.00000 + 0.00070 + 1225.89705]
[ INFO : 2026-07-29 02:36:59,737 ] - Test_@[5, 10, 20, 50]: Recall=[0.03295, 0.05069, 0.07881, 0.13091],  precision=[0.00693, 0.00535, 0.00418, 0.00279], hit=[0.03461, 0.05328, 0.08269, 0.13731], ndcg=[0.02240, 0.02819, 0.03538, 0.04580], Train Rec Loss=[0.03315], Eval Rec Loss=[0.03306], c=[0.50000], F=[0.82953, 0.87229, 0.90598, 0.93733], F_fuse=[0.01375, 0.01064, 0.00831, 0.00556]
[ INFO : 2026-07-29 02:39:38,234 ] - Epoch 263: train==[133.56730 = 0.45884 + 1.10045 + 21.65504 + 0.02156 + 0.00000 + 0.00068 + 1225.89705]
[ INFO : 2026-07-29 02:39:47,874 ] - Test_@[5, 10, 20, 50]: Recall=[0.03384, 0.05094, 0.07785, 0.12968],  precision=[0.00713, 0.00538, 0.00413, 0.00276], hit=[0.03559, 0.05364, 0.08177, 0.13587], ndcg=[0.02280, 0.02832, 0.03519, 0.04558], Train Rec Loss=[0.03330], Eval Rec Loss=[0.03301], c=[0.50000], F=[0.82866, 0.87172, 0.90506, 0.93602], F_fuse=[0.01413, 0.01070, 0.00822, 0.00551]
[ INFO : 2026-07-29 02:42:23,552 ] - Epoch 264: train==[133.69727 = 0.45988 + 1.10029 + 21.78415 + 0.02154 + 0.00000 + 0.00068 + 1225.89705]
[ INFO : 2026-07-29 02:42:33,088 ] - Test_@[5, 10, 20, 50]: Recall=[0.03339, 0.05122, 0.07894, 0.13079],  precision=[0.00705, 0.00541, 0.00419, 0.00279], hit=[0.03518, 0.05384, 0.08295, 0.13726], ndcg=[0.02260, 0.02839, 0.03547, 0.04585], Train Rec Loss=[0.03333], Eval Rec Loss=[0.03307], c=[0.50000], F=[0.82981, 0.87272, 0.90568, 0.93648], F_fuse=[0.01397, 0.01075, 0.00834, 0.00556]
[ INFO : 2026-07-29 02:45:12,877 ] - Epoch 265: train==[133.65497 = 0.45626 + 1.10013 + 21.74570 + 0.02145 + 0.00000 + 0.00070 + 1225.89705]
[ INFO : 2026-07-29 02:45:22,398 ] - Test_@[5, 10, 20, 50]: Recall=[0.03345, 0.05018, 0.07636, 0.12735],  precision=[0.00705, 0.00531, 0.00405, 0.00271], hit=[0.03518, 0.05287, 0.08033, 0.13345], ndcg=[0.02289, 0.02831, 0.03498, 0.04518], Train Rec Loss=[0.03327], Eval Rec Loss=[0.03313], c=[0.50000], F=[0.82823, 0.87204, 0.90609, 0.93698], F_fuse=[0.01397, 0.01056, 0.00806, 0.00539]
[ INFO : 2026-07-29 02:48:03,868 ] - Epoch 266: train==[133.62350 = 0.45546 + 1.09998 + 21.71503 + 0.02161 + 0.00000 + 0.00069 + 1225.89705]
[ INFO : 2026-07-29 02:48:13,960 ] - Test_@[5, 10, 20, 50]: Recall=[0.03421, 0.05124, 0.07928, 0.13060],  precision=[0.00718, 0.00540, 0.00420, 0.00278], hit=[0.03584, 0.05384, 0.08326, 0.13690], ndcg=[0.02298, 0.02850, 0.03566, 0.04590], Train Rec Loss=[0.03335], Eval Rec Loss=[0.03310], c=[0.50000], F=[0.82717, 0.87136, 0.90592, 0.93732], F_fuse=[0.01423, 0.01074, 0.00836, 0.00555]
[ INFO : 2026-07-29 02:50:50,937 ] - Epoch 267: train==[133.68855 = 0.45491 + 1.09984 + 21.78073 + 0.02165 + 0.00000 + 0.00069 + 1225.89705]
[ INFO : 2026-07-29 02:51:01,266 ] - Test_@[5, 10, 20, 50]: Recall=[0.03389, 0.05161, 0.08088, 0.13221],  precision=[0.00714, 0.00545, 0.00429, 0.00281], hit=[0.03564, 0.05426, 0.08491, 0.13849], ndcg=[0.02293, 0.02871, 0.03617, 0.04642], Train Rec Loss=[0.03344], Eval Rec Loss=[0.03314], c=[0.50000], F=[0.82920, 0.87144, 0.90417, 0.93557], F_fuse=[0.01415, 0.01083, 0.00853, 0.00561]
[ INFO : 2026-07-29 02:53:38,736 ] - Epoch 268: train==[133.67552 = 0.45276 + 1.09968 + 21.76997 + 0.02167 + 0.00000 + 0.00069 + 1225.89705]
[ INFO : 2026-07-29 02:53:48,099 ] - Test_@[5, 10, 20, 50]: Recall=[0.03283, 0.05030, 0.07738, 0.12885],  precision=[0.00690, 0.00532, 0.00410, 0.00274], hit=[0.03446, 0.05297, 0.08125, 0.13515], ndcg=[0.02239, 0.02805, 0.03497, 0.04528], Train Rec Loss=[0.03343], Eval Rec Loss=[0.03318], c=[0.50000], F=[0.82861, 0.87114, 0.90587, 0.93690], F_fuse=[0.01369, 0.01057, 0.00817, 0.00547]
[ INFO : 2026-07-29 02:56:26,169 ] - Epoch 269: train==[133.56876 = 0.45280 + 1.09954 + 21.66332 + 0.02167 + 0.00000 + 0.00070 + 1225.89705]
[ INFO : 2026-07-29 02:56:36,353 ] - Test_@[5, 10, 20, 50]: Recall=[0.03308, 0.05087, 0.07817, 0.12891],  precision=[0.00697, 0.00536, 0.00414, 0.00274], hit=[0.03482, 0.05343, 0.08208, 0.13520], ndcg=[0.02245, 0.02821, 0.03521, 0.04535], Train Rec Loss=[0.03348], Eval Rec Loss=[0.03332], c=[0.50000], F=[0.82690, 0.87326, 0.90758, 0.93861], F_fuse=[0.01383, 0.01066, 0.00824, 0.00547]
[ INFO : 2026-07-29 02:59:16,909 ] - Epoch 270: train==[133.56634 = 0.44946 + 1.09940 + 21.66432 + 0.02172 + 0.00000 + 0.00070 + 1225.89705]
[ INFO : 2026-07-29 02:59:26,390 ] - Test_@[5, 10, 20, 50]: Recall=[0.03327, 0.05051, 0.07763, 0.12913],  precision=[0.00700, 0.00534, 0.00412, 0.00275], hit=[0.03497, 0.05307, 0.08167, 0.13541], ndcg=[0.02264, 0.02820, 0.03512, 0.04539], Train Rec Loss=[0.03354], Eval Rec Loss=[0.03326], c=[0.50000], F=[0.82837, 0.87152, 0.90513, 0.93676], F_fuse=[0.01389, 0.01061, 0.00821, 0.00548]
[ INFO : 2026-07-29 03:02:07,050 ] - Epoch 271: train==[133.58323 = 0.45289 + 1.09925 + 21.67789 + 0.02178 + 0.00000 + 0.00068 + 1225.89705]
[ INFO : 2026-07-29 03:02:16,661 ] - Test_@[5, 10, 20, 50]: Recall=[0.03357, 0.05167, 0.07870, 0.12992],  precision=[0.00706, 0.00546, 0.00417, 0.00276], hit=[0.03523, 0.05436, 0.08275, 0.13613], ndcg=[0.02303, 0.02889, 0.03578, 0.04602], Train Rec Loss=[0.03351], Eval Rec Loss=[0.03326], c=[0.50000], F=[0.82801, 0.87272, 0.90676, 0.93798], F_fuse=[0.01399, 0.01086, 0.00830, 0.00551]
[ INFO : 2026-07-29 03:05:03,500 ] - Epoch 272: train==[133.55169 = 0.45043 + 1.09909 + 21.64883 + 0.02192 + 0.00000 + 0.00068 + 1225.89705]
[ INFO : 2026-07-29 03:05:15,360 ] - Test_@[5, 10, 20, 50]: Recall=[0.03366, 0.05153, 0.07996, 0.13117],  precision=[0.00710, 0.00545, 0.00425, 0.00279], hit=[0.03548, 0.05415, 0.08419, 0.13736], ndcg=[0.02301, 0.02882, 0.03609, 0.04628], Train Rec Loss=[0.03358], Eval Rec Loss=[0.03331], c=[0.50000], F=[0.82904, 0.87195, 0.90618, 0.93685], F_fuse=[0.01407, 0.01082, 0.00846, 0.00556]
[ INFO : 2026-07-29 03:07:54,231 ] - Epoch 273: train==[133.57135 = 0.45049 + 1.09897 + 21.66862 + 0.02184 + 0.00000 + 0.00069 + 1225.89705]
[ INFO : 2026-07-29 03:08:03,693 ] - Test_@[5, 10, 20, 50]: Recall=[0.03274, 0.05137, 0.07750, 0.12711],  precision=[0.00691, 0.00542, 0.00411, 0.00270], hit=[0.03451, 0.05400, 0.08151, 0.13340], ndcg=[0.02224, 0.02826, 0.03491, 0.04485], Train Rec Loss=[0.03349], Eval Rec Loss=[0.03334], c=[0.50000], F=[0.82760, 0.87229, 0.90662, 0.93868], F_fuse=[0.01371, 0.01077, 0.00818, 0.00539]
[ INFO : 2026-07-29 03:10:43,618 ] - Epoch 274: train==[133.56077 = 0.44837 + 1.09881 + 21.66031 + 0.02185 + 0.00000 + 0.00071 + 1225.89705]
[ INFO : 2026-07-29 03:10:52,984 ] - Test_@[5, 10, 20, 50]: Recall=[0.03236, 0.04959, 0.07690, 0.12738],  precision=[0.00683, 0.00525, 0.00408, 0.00271], hit=[0.03410, 0.05220, 0.08084, 0.13361], ndcg=[0.02219, 0.02775, 0.03471, 0.04479], Train Rec Loss=[0.03358], Eval Rec Loss=[0.03339], c=[0.50000], F=[0.82782, 0.87218, 0.90654, 0.93840], F_fuse=[0.01355, 0.01043, 0.00813, 0.00540]
[ INFO : 2026-07-29 03:13:30,190 ] - Epoch 275: train==[133.52058 = 0.44902 + 1.09867 + 21.61959 + 0.02187 + 0.00000 + 0.00069 + 1225.89705]
[ INFO : 2026-07-29 03:13:39,962 ] - Test_@[5, 10, 20, 50]: Recall=[0.03401, 0.05235, 0.07898, 0.12844],  precision=[0.00713, 0.00552, 0.00419, 0.00274], hit=[0.03564, 0.05498, 0.08311, 0.13489], ndcg=[0.02302, 0.02898, 0.03576, 0.04570], Train Rec Loss=[0.03373], Eval Rec Loss=[0.03345], c=[0.50000], F=[0.82764, 0.87199, 0.90529, 0.93714], F_fuse=[0.01413, 0.01098, 0.00834, 0.00546]
[ INFO : 2026-07-29 03:16:19,369 ] - Epoch 276: train==[133.62467 = 0.44696 + 1.09856 + 21.72590 + 0.02178 + 0.00000 + 0.00073 + 1225.89705]
[ INFO : 2026-07-29 03:16:29,078 ] - Test_@[5, 10, 20, 50]: Recall=[0.03385, 0.05083, 0.07767, 0.12848],  precision=[0.00713, 0.00538, 0.00411, 0.00273], hit=[0.03559, 0.05354, 0.08151, 0.13479], ndcg=[0.02268, 0.02819, 0.03501, 0.04519], Train Rec Loss=[0.03363], Eval Rec Loss=[0.03346], c=[0.50000], F=[0.82904, 0.87108, 0.90361, 0.93422], F_fuse=[0.01413, 0.01070, 0.00819, 0.00545]
[ INFO : 2026-07-29 03:19:04,931 ] - Epoch 277: train==[133.69574 = 0.44389 + 1.09839 + 21.80009 + 0.02191 + 0.00000 + 0.00071 + 1225.89705]
[ INFO : 2026-07-29 03:19:14,162 ] - Test_@[5, 10, 20, 50]: Recall=[0.03329, 0.05130, 0.07811, 0.12803],  precision=[0.00705, 0.00544, 0.00414, 0.00273], hit=[0.03518, 0.05400, 0.08213, 0.13438], ndcg=[0.02269, 0.02852, 0.03535, 0.04534], Train Rec Loss=[0.03374], Eval Rec Loss=[0.03347], c=[0.50000], F=[0.82894, 0.87284, 0.90711, 0.93756], F_fuse=[0.01397, 0.01080, 0.00825, 0.00544]
[ INFO : 2026-07-29 03:21:51,790 ] - Epoch 278: train==[133.42604 = 0.44429 + 1.09827 + 21.52995 + 0.02211 + 0.00000 + 0.00068 + 1225.89705]
[ INFO : 2026-07-29 03:22:02,743 ] - Test_@[5, 10, 20, 50]: Recall=[0.03316, 0.05021, 0.07671, 0.12910],  precision=[0.00697, 0.00531, 0.00408, 0.00275], hit=[0.03482, 0.05276, 0.08074, 0.13541], ndcg=[0.02265, 0.02820, 0.03494, 0.04542], Train Rec Loss=[0.03369], Eval Rec Loss=[0.03350], c=[0.50000], F=[0.82657, 0.87227, 0.90611, 0.93760], F_fuse=[0.01383, 0.01056, 0.00811, 0.00548]
[ INFO : 2026-07-29 03:24:41,741 ] - Epoch 279: train==[133.58903 = 0.44424 + 1.09810 + 21.69323 + 0.02203 + 0.00000 + 0.00070 + 1225.89705]
[ INFO : 2026-07-29 03:24:51,068 ] - Test_@[5, 10, 20, 50]: Recall=[0.03297, 0.05051, 0.07651, 0.12720],  precision=[0.00695, 0.00535, 0.00406, 0.00271], hit=[0.03471, 0.05318, 0.08043, 0.13345], ndcg=[0.02260, 0.02830, 0.03495, 0.04511], Train Rec Loss=[0.03380], Eval Rec Loss=[0.03361], c=[0.50000], F=[0.82957, 0.87260, 0.90644, 0.93788], F_fuse=[0.01379, 0.01063, 0.00808, 0.00540]
[ INFO : 2026-07-29 03:27:30,735 ] - Epoch 280: train==[133.58748 = 0.44266 + 1.09795 + 21.69338 + 0.02208 + 0.00000 + 0.00068 + 1225.89705]
[ INFO : 2026-07-29 03:27:39,987 ] - Test_@[5, 10, 20, 50]: Recall=[0.03351, 0.05153, 0.07864, 0.13016],  precision=[0.00706, 0.00543, 0.00417, 0.00277], hit=[0.03528, 0.05410, 0.08275, 0.13654], ndcg=[0.02261, 0.02844, 0.03536, 0.04567], Train Rec Loss=[0.03379], Eval Rec Loss=[0.03351], c=[0.50000], F=[0.82891, 0.87214, 0.90527, 0.93589], F_fuse=[0.01399, 0.01078, 0.00829, 0.00553]
[ INFO : 2026-07-29 03:30:17,872 ] - Epoch 281: train==[133.56806 = 0.44262 + 1.09781 + 21.67406 + 0.02213 + 0.00000 + 0.00070 + 1225.89705]
[ INFO : 2026-07-29 03:30:28,034 ] - Test_@[5, 10, 20, 50]: Recall=[0.03333, 0.05054, 0.07791, 0.12841],  precision=[0.00700, 0.00534, 0.00413, 0.00274], hit=[0.03497, 0.05318, 0.08192, 0.13479], ndcg=[0.02259, 0.02814, 0.03509, 0.04521], Train Rec Loss=[0.03384], Eval Rec Loss=[0.03360], c=[0.50000], F=[0.82794, 0.87209, 0.90673, 0.93737], F_fuse=[0.01389, 0.01061, 0.00823, 0.00546]
[ INFO : 2026-07-29 03:33:01,454 ] - Epoch 282: train==[133.40026 = 0.45053 + 1.09770 + 21.49838 + 0.02223 + 0.00000 + 0.00068 + 1225.89705]
[ INFO : 2026-07-29 03:33:10,901 ] - Test_@[5, 10, 20, 50]: Recall=[0.03248, 0.05047, 0.07588, 0.12674],  precision=[0.00684, 0.00533, 0.00402, 0.00270], hit=[0.03415, 0.05307, 0.07966, 0.13304], ndcg=[0.02229, 0.02814, 0.03461, 0.04478], Train Rec Loss=[0.03379], Eval Rec Loss=[0.03358], c=[0.50000], F=[0.82641, 0.87068, 0.90552, 0.93745], F_fuse=[0.01357, 0.01059, 0.00800, 0.00538]
[ INFO : 2026-07-29 03:35:54,082 ] - Epoch 283: train==[133.50296 = 0.43798 + 1.09753 + 21.61373 + 0.02231 + 0.00000 + 0.00067 + 1225.89705]
[ INFO : 2026-07-29 03:36:04,365 ] - Test_@[5, 10, 20, 50]: Recall=[0.03368, 0.05026, 0.07748, 0.12780],  precision=[0.00710, 0.00532, 0.00411, 0.00272], hit=[0.03543, 0.05297, 0.08151, 0.13412], ndcg=[0.02305, 0.02842, 0.03538, 0.04545], Train Rec Loss=[0.03390], Eval Rec Loss=[0.03356], c=[0.50000], F=[0.82898, 0.87348, 0.90700, 0.93710], F_fuse=[0.01407, 0.01058, 0.00818, 0.00542]
[ INFO : 2026-07-29 03:38:48,271 ] - Epoch 284: train==[133.49070 = 0.44148 + 1.09741 + 21.59816 + 0.02222 + 0.00000 + 0.00070 + 1225.89705]
[ INFO : 2026-07-29 03:38:58,400 ] - Test_@[5, 10, 20, 50]: Recall=[0.03269, 0.05088, 0.07673, 0.12655],  precision=[0.00690, 0.00537, 0.00407, 0.00270], hit=[0.03446, 0.05348, 0.08069, 0.13284], ndcg=[0.02220, 0.02807, 0.03463, 0.04459], Train Rec Loss=[0.03388], Eval Rec Loss=[0.03363], c=[0.50000], F=[0.82787, 0.87234, 0.90680, 0.93875], F_fuse=[0.01369, 0.01067, 0.00810, 0.00538]
[ INFO : 2026-07-29 03:41:35,448 ] - Epoch 285: train==[133.47758 = 0.43944 + 1.09727 + 21.58716 + 0.02227 + 0.00000 + 0.00071 + 1225.89705]
[ INFO : 2026-07-29 03:41:44,777 ] - Test_@[5, 10, 20, 50]: Recall=[0.03327, 0.05071, 0.07776, 0.12729],  precision=[0.00699, 0.00536, 0.00412, 0.00271], hit=[0.03492, 0.05333, 0.08167, 0.13366], ndcg=[0.02241, 0.02807, 0.03494, 0.04484], Train Rec Loss=[0.03386], Eval Rec Loss=[0.03380], c=[0.50000], F=[0.82832, 0.87211, 0.90631, 0.93738], F_fuse=[0.01387, 0.01065, 0.00821, 0.00541]
[ INFO : 2026-07-29 03:44:25,760 ] - Epoch 286: train==[133.47453 = 0.43728 + 1.09716 + 21.58638 + 0.02228 + 0.00000 + 0.00069 + 1225.89705]
[ INFO : 2026-07-29 03:44:34,965 ] - Test_@[5, 10, 20, 50]: Recall=[0.03346, 0.05118, 0.07802, 0.13060],  precision=[0.00704, 0.00542, 0.00413, 0.00278], hit=[0.03512, 0.05390, 0.08192, 0.13690], ndcg=[0.02269, 0.02842, 0.03525, 0.04577], Train Rec Loss=[0.03388], Eval Rec Loss=[0.03370], c=[0.50000], F=[0.82916, 0.87206, 0.90568, 0.93641], F_fuse=[0.01395, 0.01076, 0.00823, 0.00554]
[ INFO : 2026-07-29 03:47:12,484 ] - Epoch 287: train==[133.47365 = 0.44003 + 1.09701 + 21.58281 + 0.02237 + 0.00000 + 0.00069 + 1225.89705]
[ INFO : 2026-07-29 03:47:21,911 ] - Test_@[5, 10, 20, 50]: Recall=[0.03247, 0.05028, 0.07610, 0.12614],  precision=[0.00684, 0.00530, 0.00404, 0.00269], hit=[0.03415, 0.05282, 0.08007, 0.13263], ndcg=[0.02225, 0.02799, 0.03458, 0.04462], Train Rec Loss=[0.03394], Eval Rec Loss=[0.03382], c=[0.50000], F=[0.82764, 0.87157, 0.90538, 0.93729], F_fuse=[0.01357, 0.01053, 0.00804, 0.00537]
[ INFO : 2026-07-29 03:49:58,854 ] - Epoch 288: train==[133.63388 = 0.43887 + 1.09688 + 21.74426 + 0.02244 + 0.00000 + 0.00069 + 1225.89705]
[ INFO : 2026-07-29 03:50:08,163 ] - Test_@[5, 10, 20, 50]: Recall=[0.03285, 0.05028, 0.07813, 0.12871],  precision=[0.00693, 0.00532, 0.00415, 0.00273], hit=[0.03461, 0.05287, 0.08223, 0.13489], ndcg=[0.02244, 0.02812, 0.03523, 0.04536], Train Rec Loss=[0.03400], Eval Rec Loss=[0.03381], c=[0.50000], F=[0.83003, 0.87397, 0.90692, 0.93774], F_fuse=[0.01375, 0.01057, 0.00826, 0.00545]
[ INFO : 2026-07-29 03:52:46,256 ] - Epoch 289: train==[133.56394 = 0.43328 + 1.09677 + 21.67999 + 0.02248 + 0.00000 + 0.00068 + 1225.89705]
[ INFO : 2026-07-29 03:52:55,368 ] - Test_@[5, 10, 20, 50]: Recall=[0.03256, 0.05051, 0.07686, 0.12696],  precision=[0.00687, 0.00533, 0.00408, 0.00270], hit=[0.03430, 0.05307, 0.08100, 0.13335], ndcg=[0.02217, 0.02797, 0.03468, 0.04470], Train Rec Loss=[0.03405], Eval Rec Loss=[0.03383], c=[0.50000], F=[0.82879, 0.87328, 0.90758, 0.93873], F_fuse=[0.01363, 0.01060, 0.00813, 0.00539]
[ INFO : 2026-07-29 03:55:32,990 ] - Epoch 290: train==[133.50512 = 0.43609 + 1.09665 + 21.61843 + 0.02251 + 0.00000 + 0.00069 + 1225.89705]
[ INFO : 2026-07-29 03:55:42,278 ] - Test_@[5, 10, 20, 50]: Recall=[0.03353, 0.05088, 0.07837, 0.12938],  precision=[0.00708, 0.00537, 0.00416, 0.00275], hit=[0.03533, 0.05354, 0.08233, 0.13561], ndcg=[0.02271, 0.02834, 0.03536, 0.04555], Train Rec Loss=[0.03394], Eval Rec Loss=[0.03376], c=[0.50000], F=[0.83133, 0.87289, 0.90541, 0.93645], F_fuse=[0.01403, 0.01067, 0.00828, 0.00548]
[ INFO : 2026-07-29 03:58:18,381 ] - Epoch 291: train==[133.49559 = 0.43600 + 1.09650 + 21.60919 + 0.02246 + 0.00000 + 0.00070 + 1225.89705]
[ INFO : 2026-07-29 03:58:27,541 ] - Test_@[5, 10, 20, 50]: Recall=[0.03368, 0.05036, 0.07734, 0.12675],  precision=[0.00708, 0.00533, 0.00410, 0.00269], hit=[0.03533, 0.05302, 0.08141, 0.13299], ndcg=[0.02282, 0.02821, 0.03507, 0.04495], Train Rec Loss=[0.03407], Eval Rec Loss=[0.03393], c=[0.50000], F=[0.82866, 0.87147, 0.90555, 0.93625], F_fuse=[0.01403, 0.01060, 0.00817, 0.00537]
[ INFO : 2026-07-29 04:01:04,598 ] - Epoch 292: train==[133.53671 = 0.43348 + 1.09639 + 21.65283 + 0.02259 + 0.00000 + 0.00068 + 1225.89705]
[ INFO : 2026-07-29 04:01:13,837 ] - Test_@[5, 10, 20, 50]: Recall=[0.03259, 0.05042, 0.07725, 0.12808],  precision=[0.00685, 0.00534, 0.00410, 0.00272], hit=[0.03420, 0.05318, 0.08131, 0.13438], ndcg=[0.02226, 0.02803, 0.03488, 0.04505], Train Rec Loss=[0.03403], Eval Rec Loss=[0.03392], c=[0.50000], F=[0.82885, 0.87303, 0.90773, 0.93949], F_fuse=[0.01359, 0.01061, 0.00817, 0.00543]
[ INFO : 2026-07-29 04:03:48,941 ] - Epoch 293: train==[133.49097 = 0.43247 + 1.09625 + 21.60820 + 0.02261 + 0.00000 + 0.00070 + 1225.89705]
[ INFO : 2026-07-29 04:03:58,474 ] - Test_@[5, 10, 20, 50]: Recall=[0.03313, 0.05005, 0.07654, 0.12640],  precision=[0.00699, 0.00529, 0.00405, 0.00269], hit=[0.03492, 0.05261, 0.08043, 0.13263], ndcg=[0.02264, 0.02814, 0.03488, 0.04488], Train Rec Loss=[0.03416], Eval Rec Loss=[0.03389], c=[0.50000], F=[0.82844, 0.87260, 0.90693, 0.93841], F_fuse=[0.01387, 0.01052, 0.00806, 0.00536]
