Job 74723 on gpu03; lambda_cf=1.0; group_k=10; seed=5; started Tue Aug  4 04:05:50 AM UTC 2026
Tue Aug  4 04:05:50 2026       
+-----------------------------------------------------------------------------------------+
| NVIDIA-SMI 580.82.07              Driver Version: 580.82.07      CUDA Version: 13.0     |
+-----------------------------------------+------------------------+----------------------+
| GPU  Name                 Persistence-M | Bus-Id          Disp.A | Volatile Uncorr. ECC |
| Fan  Temp   Perf          Pwr:Usage/Cap |           Memory-Usage | GPU-Util  Compute M. |
|                                         |                        |               MIG M. |
|=========================================+========================+======================|
|   0  NVIDIA A100-PCIE-40GB          On  |   00000000:14:00.0 Off |                    0 |
| N/A   28C    P0             33W /  250W |       0MiB /  40960MiB |      0%      Default |
|                                         |                        |             Disabled |
+-----------------------------------------+------------------------+----------------------+

+-----------------------------------------------------------------------------------------+
| Processes:                                                                              |
|  GPU   GI   CI              PID   Type   Process name                        GPU Memory |
|        ID   ID                                                               Usage      |
|=========================================================================================|
|  No running processes found                                                             |
+-----------------------------------------------------------------------------------------+
[ INFO : 2026-08-04 04:06:26,848 ] - Preprocess missing values with zero
[ INFO : 2026-08-04 04:06:28,434 ] - Pretrained diffusion model is loaded from: ./checkpoint/allrecipes/best_model.pth
[ INFO : 2026-08-04 04:06:30,408 ] - Completed data loaded from: ./checkpoint/allrecipes/completed_data.pkl
/media/lhbac29/raid-cf/main.py:106: DeprecationWarning: Please import `csr_matrix` from the `scipy.sparse` namespace; the `scipy.sparse.csr` namespace is deprecated and will be removed in SciPy 2.0.0.
  self.ui_graph = self.ui_graph_raw = pickle.load(open('./data/' + self.dataset + '/train_mat', 'rb'))
[ INFO : 2026-08-04 04:06:30,803 ] - Missing rate = 0.400000, complete strategy: zero
[ INFO : 2026-08-04 04:07:58,666 ] - Epoch 1: train==[126.81470 = 1.23569 + 0.85091 + 29.37119 + 0.00020 + 0.00000 + 3.68355 + 613.42344]
[ INFO : 2026-08-04 04:08:05,720 ] - Test_@[5, 10, 20, 50]: Recall=[0.01573, 0.02570, 0.03580, 0.07480],  precision=[0.00315, 0.00257, 0.00179, 0.00150], hit=[0.01573, 0.02570, 0.03580, 0.07480], ndcg=[0.00885, 0.01213, 0.01465, 0.02225], Train Rec Loss=[0.05056], Eval Rec Loss=[0.05037], c=[0.50000], F=[0.75521, 0.74334, 0.88891, 0.92017], F_fuse=[0.00626, 0.00512, 0.00357, 0.00299]
[ INFO : 2026-08-04 04:09:40,983 ] - Epoch 2: train==[124.62310 = 0.81587 + 0.84300 + 29.07900 + 0.00022 + 0.00000 + 2.12040 + 614.01206]
[ INFO : 2026-08-04 04:09:47,908 ] - Test_@[5, 10, 20, 50]: Recall=[0.01458, 0.02583, 0.03823, 0.06828],  precision=[0.00292, 0.00258, 0.00191, 0.00137], hit=[0.01458, 0.02583, 0.03823, 0.06828], ndcg=[0.00963, 0.01326, 0.01633, 0.02212], Train Rec Loss=[0.05023], Eval Rec Loss=[0.05017], c=[0.50000], F=[0.73984, 0.83505, 0.87957, 0.95379], F_fuse=[0.00581, 0.00515, 0.00381, 0.00273]
[ INFO : 2026-08-04 04:11:22,728 ] - Epoch 3: train==[123.42090 = 0.78397 + 0.84229 + 28.68401 + 0.00025 + 0.00000 + 1.34863 + 613.99103]
[ INFO : 2026-08-04 04:11:29,643 ] - Test_@[5, 10, 20, 50]: Recall=[0.01470, 0.02583, 0.03491, 0.06559],  precision=[0.00294, 0.00258, 0.00175, 0.00131], hit=[0.01470, 0.02583, 0.03491, 0.06559], ndcg=[0.01007, 0.01370, 0.01592, 0.02195], Train Rec Loss=[0.05004], Eval Rec Loss=[0.05012], c=[0.50000], F=[0.73965, 0.86440, 0.91235, 0.95690], F_fuse=[0.00586, 0.00515, 0.00348, 0.00262]
[ INFO : 2026-08-04 04:13:00,260 ] - Epoch 4: train==[122.50694 = 0.77721 + 0.84230 + 28.14622 + 0.00030 + 0.00000 + 0.98124 + 613.97716]
[ INFO : 2026-08-04 04:13:07,094 ] - Test_@[5, 10, 20, 50]: Recall=[0.01458, 0.02583, 0.03312, 0.06483],  precision=[0.00292, 0.00258, 0.00166, 0.00130], hit=[0.01458, 0.02583, 0.03312, 0.06483], ndcg=[0.00988, 0.01353, 0.01536, 0.02159], Train Rec Loss=[0.05010], Eval Rec Loss=[0.04983], c=[0.50000], F=[0.73370, 0.88065, 0.94122, 0.95045], F_fuse=[0.00581, 0.00515, 0.00331, 0.00259]
[ INFO : 2026-08-04 04:14:39,739 ] - Epoch 5: train==[121.67532 = 0.77547 + 0.84231 + 27.50567 + 0.00035 + 0.00000 + 0.79424 + 613.96137]
[ INFO : 2026-08-04 04:14:46,488 ] - Test_@[5, 10, 20, 50]: Recall=[0.01432, 0.02608, 0.03427, 0.06419],  precision=[0.00286, 0.00261, 0.00171, 0.00128], hit=[0.01432, 0.02608, 0.03427, 0.06419], ndcg=[0.01005, 0.01383, 0.01589, 0.02173], Train Rec Loss=[0.05007], Eval Rec Loss=[0.05000], c=[0.50000], F=[0.73850, 0.88062, 0.94134, 0.94574], F_fuse=[0.00571, 0.00520, 0.00342, 0.00256]
[ INFO : 2026-08-04 04:16:29,622 ] - Epoch 6: train==[120.85513 = 0.77318 + 0.84231 + 26.80635 + 0.00040 + 0.00000 + 0.67827 + 613.94365]
[ INFO : 2026-08-04 04:16:36,524 ] - Test_@[5, 10, 20, 50]: Recall=[0.01432, 0.02544, 0.03427, 0.06546],  precision=[0.00286, 0.00254, 0.00171, 0.00131], hit=[0.01432, 0.02544, 0.03427, 0.06546], ndcg=[0.01015, 0.01372, 0.01597, 0.02202], Train Rec Loss=[0.04999], Eval Rec Loss=[0.04984], c=[0.50000], F=[0.73869, 0.88084, 0.94142, 0.95108], F_fuse=[0.00571, 0.00507, 0.00342, 0.00261]
[ INFO : 2026-08-04 04:18:06,669 ] - Epoch 7: train==[119.96904 = 0.76842 + 0.84233 + 26.00523 + 0.00044 + 0.00000 + 0.59818 + 613.94241]
[ INFO : 2026-08-04 04:18:13,449 ] - Test_@[5, 10, 20, 50]: Recall=[0.01432, 0.02608, 0.03401, 0.06662],  precision=[0.00286, 0.00261, 0.00170, 0.00133], hit=[0.01432, 0.02608, 0.03401, 0.06662], ndcg=[0.01057, 0.01437, 0.01637, 0.02266], Train Rec Loss=[0.05003], Eval Rec Loss=[0.04988], c=[0.50000], F=[0.73140, 0.88087, 0.94284, 0.93021], F_fuse=[0.00571, 0.00520, 0.00339, 0.00266]
[ INFO : 2026-08-04 04:19:44,415 ] - Epoch 8: train==[119.17222 = 0.76509 + 0.84233 + 25.25526 + 0.00048 + 0.00000 + 0.55542 + 613.93711]
[ INFO : 2026-08-04 04:19:51,192 ] - Test_@[5, 10, 20, 50]: Recall=[0.01458, 0.02634, 0.03439, 0.06930],  precision=[0.00292, 0.00263, 0.00172, 0.00139], hit=[0.01458, 0.02634, 0.03439, 0.06930], ndcg=[0.01054, 0.01436, 0.01640, 0.02309], Train Rec Loss=[0.04997], Eval Rec Loss=[0.04980], c=[0.50000], F=[0.67041, 0.88084, 0.94352, 0.92416], F_fuse=[0.00581, 0.00525, 0.00343, 0.00277]
[ INFO : 2026-08-04 04:21:21,747 ] - Epoch 9: train==[118.48026 = 0.76246 + 0.84238 + 24.59515 + 0.00052 + 0.00000 + 0.52648 + 613.93476]
[ INFO : 2026-08-04 04:21:28,639 ] - Test_@[5, 10, 20, 50]: Recall=[0.01470, 0.02596, 0.03439, 0.06930],  precision=[0.00294, 0.00260, 0.00172, 0.00139], hit=[0.01470, 0.02596, 0.03439, 0.06930], ndcg=[0.01049, 0.01412, 0.01626, 0.02294], Train Rec Loss=[0.05000], Eval Rec Loss=[0.04986], c=[0.50000], F=[0.66270, 0.88082, 0.94401, 0.92343], F_fuse=[0.00586, 0.00518, 0.00343, 0.00277]
[ INFO : 2026-08-04 04:22:58,627 ] - Epoch 10: train==[117.84951 = 0.75952 + 0.84234 + 24.00260 + 0.00057 + 0.00000 + 0.49185 + 613.93036]
[ INFO : 2026-08-04 04:23:05,455 ] - Test_@[5, 10, 20, 50]: Recall=[0.01445, 0.02596, 0.03439, 0.06815],  precision=[0.00289, 0.00260, 0.00172, 0.00136], hit=[0.01445, 0.02596, 0.03439, 0.06815], ndcg=[0.01044, 0.01414, 0.01626, 0.02271], Train Rec Loss=[0.05006], Eval Rec Loss=[0.04990], c=[0.50000], F=[0.70285, 0.88054, 0.94523, 0.92318], F_fuse=[0.00576, 0.00518, 0.00343, 0.00272]
[ INFO : 2026-08-04 04:24:36,074 ] - Epoch 11: train==[117.36630 = 0.75267 + 0.84235 + 23.55419 + 0.00062 + 0.00000 + 0.46439 + 613.92678]
[ INFO : 2026-08-04 04:24:42,886 ] - Test_@[5, 10, 20, 50]: Recall=[0.01406, 0.02608, 0.03439, 0.06841],  precision=[0.00281, 0.00261, 0.00172, 0.00137], hit=[0.01406, 0.02608, 0.03439, 0.06841], ndcg=[0.01045, 0.01426, 0.01635, 0.02286], Train Rec Loss=[0.04989], Eval Rec Loss=[0.04974], c=[0.50000], F=[0.70512, 0.88073, 0.94452, 0.92373], F_fuse=[0.00560, 0.00520, 0.00343, 0.00273]
[ INFO : 2026-08-04 04:26:13,252 ] - Epoch 12: train==[116.93714 = 0.75144 + 0.84235 + 23.16588 + 0.00068 + 0.00000 + 0.42496 + 613.92516]
[ INFO : 2026-08-04 04:26:20,065 ] - Test_@[5, 10, 20, 50]: Recall=[0.01445, 0.02608, 0.03414, 0.06764],  precision=[0.00289, 0.00261, 0.00171, 0.00135], hit=[0.01445, 0.02608, 0.03414, 0.06764], ndcg=[0.01069, 0.01436, 0.01639, 0.02279], Train Rec Loss=[0.04996], Eval Rec Loss=[0.04978], c=[0.50000], F=[0.72350, 0.88066, 0.94615, 0.92394], F_fuse=[0.00576, 0.00520, 0.00341, 0.00270]
[ INFO : 2026-08-04 04:27:50,524 ] - Epoch 13: train==[116.55387 = 0.74827 + 0.84235 + 22.82446 + 0.00074 + 0.00000 + 0.38651 + 613.92312]
[ INFO : 2026-08-04 04:27:57,302 ] - Test_@[5, 10, 20, 50]: Recall=[0.01458, 0.02596, 0.03414, 0.06764],  precision=[0.00292, 0.00260, 0.00171, 0.00135], hit=[0.01458, 0.02596, 0.03414, 0.06764], ndcg=[0.01078, 0.01437, 0.01643, 0.02281], Train Rec Loss=[0.04988], Eval Rec Loss=[0.04974], c=[0.50000], F=[0.71944, 0.88049, 0.94858, 0.92441], F_fuse=[0.00581, 0.00518, 0.00341, 0.00270]
[ INFO : 2026-08-04 04:29:27,791 ] - Epoch 14: train==[116.14445 = 0.74645 + 0.84236 + 22.45664 + 0.00080 + 0.00000 + 0.34691 + 613.92149]
[ INFO : 2026-08-04 04:29:34,642 ] - Test_@[5, 10, 20, 50]: Recall=[0.01458, 0.02583, 0.03388, 0.06764],  precision=[0.00292, 0.00258, 0.00169, 0.00135], hit=[0.01458, 0.02583, 0.03388, 0.06764], ndcg=[0.01084, 0.01439, 0.01643, 0.02287], Train Rec Loss=[0.04991], Eval Rec Loss=[0.04984], c=[0.50000], F=[0.71142, 0.88052, 0.95302, 0.92494], F_fuse=[0.00581, 0.00515, 0.00338, 0.00270]
[ INFO : 2026-08-04 04:31:05,047 ] - Epoch 15: train==[115.68013 = 0.73895 + 0.84233 + 22.03468 + 0.00086 + 0.00000 + 0.31218 + 613.92040]
[ INFO : 2026-08-04 04:31:11,937 ] - Test_@[5, 10, 20, 50]: Recall=[0.01445, 0.02583, 0.03401, 0.06904],  precision=[0.00289, 0.00258, 0.00170, 0.00138], hit=[0.01445, 0.02583, 0.03401, 0.06904], ndcg=[0.01081, 0.01441, 0.01648, 0.02316], Train Rec Loss=[0.04991], Eval Rec Loss=[0.04984], c=[0.50000], F=[0.72433, 0.88058, 0.95503, 0.92472], F_fuse=[0.00576, 0.00515, 0.00340, 0.00276]
[ INFO : 2026-08-04 04:32:42,474 ] - Epoch 16: train==[115.42959 = 0.73651 + 0.84236 + 21.82046 + 0.00092 + 0.00000 + 0.27831 + 613.91979]
[ INFO : 2026-08-04 04:32:49,276 ] - Test_@[5, 10, 20, 50]: Recall=[0.01445, 0.02570, 0.03401, 0.06815],  precision=[0.00289, 0.00257, 0.00170, 0.00136], hit=[0.01445, 0.02570, 0.03401, 0.06815], ndcg=[0.01082, 0.01439, 0.01649, 0.02301], Train Rec Loss=[0.04997], Eval Rec Loss=[0.04972], c=[0.50000], F=[0.72549, 0.88066, 0.96109, 0.92433], F_fuse=[0.00576, 0.00513, 0.00340, 0.00272]
[ INFO : 2026-08-04 04:34:19,777 ] - Epoch 17: train==[115.10012 = 0.73617 + 0.84234 + 21.52832 + 0.00098 + 0.00000 + 0.24134 + 613.91935]
[ INFO : 2026-08-04 04:34:26,535 ] - Test_@[5, 10, 20, 50]: Recall=[0.01445, 0.02570, 0.03414, 0.06866],  precision=[0.00289, 0.00257, 0.00171, 0.00137], hit=[0.01445, 0.02570, 0.03414, 0.06866], ndcg=[0.01083, 0.01440, 0.01654, 0.02313], Train Rec Loss=[0.04975], Eval Rec Loss=[0.04977], c=[0.50000], F=[0.71983, 0.88062, 0.96313, 0.92434], F_fuse=[0.00576, 0.00513, 0.00341, 0.00274]
[ INFO : 2026-08-04 04:35:56,839 ] - Epoch 18: train==[114.83792 = 0.73027 + 0.84233 + 21.30645 + 0.00103 + 0.00000 + 0.20692 + 613.91894]
[ INFO : 2026-08-04 04:36:03,746 ] - Test_@[5, 10, 20, 50]: Recall=[0.01470, 0.02583, 0.03414, 0.06828],  precision=[0.00294, 0.00258, 0.00171, 0.00137], hit=[0.01470, 0.02583, 0.03414, 0.06828], ndcg=[0.01093, 0.01444, 0.01654, 0.02306], Train Rec Loss=[0.04986], Eval Rec Loss=[0.04965], c=[0.50000], F=[0.71267, 0.88022, 0.96443, 0.92413], F_fuse=[0.00586, 0.00515, 0.00341, 0.00273]
[ INFO : 2026-08-04 04:37:34,763 ] - Epoch 19: train==[114.66684 = 0.72805 + 0.84231 + 21.16949 + 0.00108 + 0.00000 + 0.17512 + 613.91805]
[ INFO : 2026-08-04 04:37:41,556 ] - Test_@[5, 10, 20, 50]: Recall=[0.01419, 0.02570, 0.03427, 0.06802],  precision=[0.00284, 0.00257, 0.00171, 0.00136], hit=[0.01419, 0.02570, 0.03427, 0.06802], ndcg=[0.01076, 0.01439, 0.01656, 0.02300], Train Rec Loss=[0.04981], Eval Rec Loss=[0.04971], c=[0.50000], F=[0.72117, 0.88041, 0.96961, 0.92432], F_fuse=[0.00565, 0.00513, 0.00342, 0.00272]
[ INFO : 2026-08-04 04:39:12,854 ] - Epoch 20: train==[114.46940 = 0.72255 + 0.84234 + 21.00660 + 0.00113 + 0.00000 + 0.14607 + 613.91761]
[ INFO : 2026-08-04 04:39:19,635 ] - Test_@[5, 10, 20, 50]: Recall=[0.01432, 0.02570, 0.03439, 0.06828],  precision=[0.00286, 0.00257, 0.00172, 0.00137], hit=[0.01432, 0.02570, 0.03439, 0.06828], ndcg=[0.01079, 0.01438, 0.01658, 0.02303], Train Rec Loss=[0.04988], Eval Rec Loss=[0.04976], c=[0.50000], F=[0.71721, 0.88036, 0.97412, 0.92439], F_fuse=[0.00571, 0.00513, 0.00343, 0.00273]
[ INFO : 2026-08-04 04:40:50,288 ] - Epoch 21: train==[114.23090 = 0.72058 + 0.84232 + 20.79619 + 0.00118 + 0.00000 + 0.11995 + 613.91738]
[ INFO : 2026-08-04 04:40:57,114 ] - Test_@[5, 10, 20, 50]: Recall=[0.01419, 0.02608, 0.03439, 0.06802],  precision=[0.00284, 0.00261, 0.00172, 0.00136], hit=[0.01419, 0.02608, 0.03439, 0.06802], ndcg=[0.01071, 0.01446, 0.01655, 0.02296], Train Rec Loss=[0.04979], Eval Rec Loss=[0.04965], c=[0.50000], F=[0.72091, 0.88036, 0.97864, 0.92478], F_fuse=[0.00565, 0.00520, 0.00343, 0.00272]
[ INFO : 2026-08-04 04:42:27,450 ] - Epoch 22: train==[113.96155 = 0.71489 + 0.84231 + 20.55602 + 0.00124 + 0.00000 + 0.09654 + 613.91651]
[ INFO : 2026-08-04 04:42:34,245 ] - Test_@[5, 10, 20, 50]: Recall=[0.01419, 0.02608, 0.03452, 0.06802],  precision=[0.00284, 0.00261, 0.00173, 0.00136], hit=[0.01419, 0.02608, 0.03452, 0.06802], ndcg=[0.01072, 0.01448, 0.01658, 0.02296], Train Rec Loss=[0.04980], Eval Rec Loss=[0.04965], c=[0.50000], F=[0.69659, 0.88036, 0.98139, 0.92481], F_fuse=[0.00565, 0.00520, 0.00345, 0.00272]
[ INFO : 2026-08-04 04:44:04,484 ] - Epoch 23: train==[113.79621 = 0.71101 + 0.84231 + 20.41718 + 0.00128 + 0.00000 + 0.07383 + 613.91689]
[ INFO : 2026-08-04 04:44:11,370 ] - Test_@[5, 10, 20, 50]: Recall=[0.01394, 0.02583, 0.03452, 0.06764],  precision=[0.00279, 0.00258, 0.00173, 0.00135], hit=[0.01394, 0.02583, 0.03452, 0.06764], ndcg=[0.01061, 0.01438, 0.01656, 0.02287], Train Rec Loss=[0.04973], Eval Rec Loss=[0.04976], c=[0.50000], F=[0.71030, 0.88047, 0.97852, 0.92504], F_fuse=[0.00555, 0.00515, 0.00345, 0.00270]
[ INFO : 2026-08-04 04:45:41,980 ] - Epoch 24: train==[113.65770 = 0.71259 + 0.84226 + 20.29869 + 0.00132 + 0.00000 + 0.05249 + 613.91494]
[ INFO : 2026-08-04 04:45:48,701 ] - Test_@[5, 10, 20, 50]: Recall=[0.01394, 0.02596, 0.03452, 0.06789],  precision=[0.00279, 0.00260, 0.00173, 0.00136], hit=[0.01394, 0.02596, 0.03452, 0.06789], ndcg=[0.01059, 0.01439, 0.01653, 0.02289], Train Rec Loss=[0.04971], Eval Rec Loss=[0.04953], c=[0.50000], F=[0.67258, 0.88044, 0.97797, 0.92491], F_fuse=[0.00555, 0.00518, 0.00345, 0.00271]
[ INFO : 2026-08-04 04:47:18,706 ] - Epoch 25: train==[113.40796 = 0.70527 + 0.84229 + 20.07414 + 0.00137 + 0.00000 + 0.03407 + 613.91827]
[ INFO : 2026-08-04 04:47:25,465 ] - Test_@[5, 10, 20, 50]: Recall=[0.01394, 0.02570, 0.03452, 0.06764],  precision=[0.00279, 0.00257, 0.00173, 0.00135], hit=[0.01394, 0.02570, 0.03452, 0.06764], ndcg=[0.01060, 0.01434, 0.01655, 0.02287], Train Rec Loss=[0.04971], Eval Rec Loss=[0.04968], c=[0.50000], F=[0.71474, 0.88018, 0.97951, 0.92521], F_fuse=[0.00555, 0.00513, 0.00345, 0.00270]
[ INFO : 2026-08-04 04:48:54,902 ] - Epoch 26: train==[113.30965 = 0.70171 + 0.84227 + 19.99449 + 0.00140 + 0.00000 + 0.01893 + 613.91831]
[ INFO : 2026-08-04 04:49:01,692 ] - Test_@[5, 10, 20, 50]: Recall=[0.01458, 0.02596, 0.03478, 0.06789],  precision=[0.00292, 0.00260, 0.00174, 0.00136], hit=[0.01458, 0.02596, 0.03478, 0.06789], ndcg=[0.01083, 0.01442, 0.01663, 0.02295], Train Rec Loss=[0.04966], Eval Rec Loss=[0.04956], c=[0.50000], F=[0.69007, 0.88009, 0.98116, 0.92597], F_fuse=[0.00581, 0.00518, 0.00347, 0.00271]
[ INFO : 2026-08-04 04:50:35,392 ] - Epoch 27: train==[113.10879 = 0.69802 + 0.84226 + 19.80733 + 0.00144 + 0.00000 + 0.00895 + 613.91788]
[ INFO : 2026-08-04 04:50:42,198 ] - Test_@[5, 10, 20, 50]: Recall=[0.01458, 0.02570, 0.03491, 0.06777],  precision=[0.00292, 0.00257, 0.00175, 0.00136], hit=[0.01458, 0.02570, 0.03491, 0.06777], ndcg=[0.01085, 0.01436, 0.01666, 0.02294], Train Rec Loss=[0.04972], Eval Rec Loss=[0.04961], c=[0.50000], F=[0.69112, 0.88022, 0.98206, 0.92533], F_fuse=[0.00581, 0.00513, 0.00348, 0.00271]
[ INFO : 2026-08-04 04:52:10,935 ] - Epoch 28: train==[112.97540 = 0.69545 + 0.84224 + 19.68078 + 0.00147 + 0.00000 + 0.00452 + 613.91884]
[ INFO : 2026-08-04 04:52:17,724 ] - Test_@[5, 10, 20, 50]: Recall=[0.01470, 0.02570, 0.03452, 0.06725],  precision=[0.00294, 0.00257, 0.00173, 0.00135], hit=[0.01470, 0.02570, 0.03452, 0.06725], ndcg=[0.01094, 0.01441, 0.01661, 0.02288], Train Rec Loss=[0.04975], Eval Rec Loss=[0.04962], c=[0.50000], F=[0.68588, 0.87975, 0.98210, 0.92380], F_fuse=[0.00586, 0.00513, 0.00345, 0.00269]
[ INFO : 2026-08-04 04:53:46,018 ] - Epoch 29: train==[112.84649 = 0.69031 + 0.84226 + 19.55861 + 0.00152 + 0.00000 + 0.00288 + 613.91876]
[ INFO : 2026-08-04 04:53:52,811 ] - Test_@[5, 10, 20, 50]: Recall=[0.01445, 0.02532, 0.03439, 0.06687],  precision=[0.00289, 0.00253, 0.00172, 0.00134], hit=[0.01445, 0.02532, 0.03439, 0.06687], ndcg=[0.01083, 0.01426, 0.01653, 0.02275], Train Rec Loss=[0.04967], Eval Rec Loss=[0.04955], c=[0.50000], F=[0.70803, 0.87914, 0.98137, 0.92384], F_fuse=[0.00576, 0.00505, 0.00343, 0.00267]
[ INFO : 2026-08-04 04:55:20,235 ] - Epoch 30: train==[112.65931 = 0.69000 + 0.84221 + 19.37245 + 0.00154 + 0.00000 + 0.00219 + 613.91873]
[ INFO : 2026-08-04 04:55:27,048 ] - Test_@[5, 10, 20, 50]: Recall=[0.01419, 0.02532, 0.03414, 0.06636],  precision=[0.00284, 0.00253, 0.00171, 0.00133], hit=[0.01419, 0.02532, 0.03414, 0.06636], ndcg=[0.01064, 0.01415, 0.01635, 0.02252], Train Rec Loss=[0.04968], Eval Rec Loss=[0.04947], c=[0.50000], F=[0.71401, 0.87876, 0.98194, 0.92362], F_fuse=[0.00565, 0.00505, 0.00341, 0.00265]
[ INFO : 2026-08-04 04:56:54,401 ] - Epoch 31: train==[112.48052 = 0.68373 + 0.84218 + 19.19988 + 0.00158 + 0.00000 + 0.00176 + 613.92167]
[ INFO : 2026-08-04 04:57:01,223 ] - Test_@[5, 10, 20, 50]: Recall=[0.01445, 0.02519, 0.03401, 0.06687],  precision=[0.00289, 0.00252, 0.00170, 0.00134], hit=[0.01445, 0.02519, 0.03401, 0.06687], ndcg=[0.01077, 0.01414, 0.01635, 0.02265], Train Rec Loss=[0.04963], Eval Rec Loss=[0.04957], c=[0.50000], F=[0.66216, 0.87857, 0.98165, 0.92359], F_fuse=[0.00575, 0.00502, 0.00340, 0.00267]
[ INFO : 2026-08-04 04:58:28,672 ] - Epoch 32: train==[112.40207 = 0.67790 + 0.84216 + 19.12787 + 0.00162 + 0.00000 + 0.00148 + 613.91935]
[ INFO : 2026-08-04 04:58:35,499 ] - Test_@[5, 10, 20, 50]: Recall=[0.01432, 0.02519, 0.03388, 0.06636],  precision=[0.00286, 0.00252, 0.00169, 0.00133], hit=[0.01432, 0.02519, 0.03388, 0.06636], ndcg=[0.01075, 0.01416, 0.01634, 0.02257], Train Rec Loss=[0.04966], Eval Rec Loss=[0.04949], c=[0.50000], F=[0.65324, 0.87825, 0.98166, 0.92367], F_fuse=[0.00570, 0.00502, 0.00338, 0.00265]
[ INFO : 2026-08-04 05:00:02,399 ] - Epoch 33: train==[112.23066 = 0.67846 + 0.84217 + 18.95592 + 0.00165 + 0.00000 + 0.00132 + 613.92001]
[ INFO : 2026-08-04 05:00:09,214 ] - Test_@[5, 10, 20, 50]: Recall=[0.01419, 0.02506, 0.03388, 0.06649],  precision=[0.00284, 0.00251, 0.00169, 0.00133], hit=[0.01419, 0.02506, 0.03388, 0.06649], ndcg=[0.01059, 0.01400, 0.01622, 0.02246], Train Rec Loss=[0.04960], Eval Rec Loss=[0.04958], c=[0.50000], F=[0.62949, 0.87842, 0.98187, 0.92360], F_fuse=[0.00565, 0.00500, 0.00338, 0.00266]
[ INFO : 2026-08-04 05:01:35,954 ] - Epoch 34: train==[112.11630 = 0.67483 + 0.84214 + 18.84518 + 0.00169 + 0.00000 + 0.00119 + 613.92081]
[ INFO : 2026-08-04 05:01:42,775 ] - Test_@[5, 10, 20, 50]: Recall=[0.01419, 0.02481, 0.03363, 0.06598],  precision=[0.00284, 0.00248, 0.00168, 0.00132], hit=[0.01419, 0.02481, 0.03363, 0.06598], ndcg=[0.01058, 0.01390, 0.01612, 0.02232], Train Rec Loss=[0.04960], Eval Rec Loss=[0.04952], c=[0.50000], F=[0.65423, 0.87814, 0.98119, 0.92391], F_fuse=[0.00565, 0.00495, 0.00336, 0.00264]
[ INFO : 2026-08-04 05:03:08,246 ] - Epoch 35: train==[112.08160 = 0.67027 + 0.84212 + 18.81519 + 0.00172 + 0.00000 + 0.00106 + 613.92060]
[ INFO : 2026-08-04 05:03:15,058 ] - Test_@[5, 10, 20, 50]: Recall=[0.01394, 0.02442, 0.03337, 0.06610],  precision=[0.00279, 0.00244, 0.00167, 0.00132], hit=[0.01394, 0.02442, 0.03337, 0.06610], ndcg=[0.01040, 0.01370, 0.01595, 0.02223], Train Rec Loss=[0.04961], Eval Rec Loss=[0.04962], c=[0.50000], F=[0.65388, 0.87785, 0.98009, 0.92367], F_fuse=[0.00555, 0.00487, 0.00333, 0.00264]
[ INFO : 2026-08-04 05:04:41,502 ] - Epoch 36: train==[111.92369 = 0.66478 + 0.84211 + 18.66266 + 0.00174 + 0.00000 + 0.00096 + 613.92189]
[ INFO : 2026-08-04 05:04:48,306 ] - Test_@[5, 10, 20, 50]: Recall=[0.01394, 0.02429, 0.03324, 0.06623],  precision=[0.00279, 0.00243, 0.00166, 0.00132], hit=[0.01394, 0.02429, 0.03324, 0.06623], ndcg=[0.01036, 0.01363, 0.01589, 0.02221], Train Rec Loss=[0.04954], Eval Rec Loss=[0.04945], c=[0.50000], F=[0.62213, 0.87762, 0.97908, 0.92291], F_fuse=[0.00555, 0.00485, 0.00332, 0.00265]
[ INFO : 2026-08-04 05:06:13,550 ] - Epoch 37: train==[111.82131 = 0.66545 + 0.84213 + 18.55998 + 0.00177 + 0.00000 + 0.00090 + 613.91951]
[ INFO : 2026-08-04 05:06:20,389 ] - Test_@[5, 10, 20, 50]: Recall=[0.01394, 0.02442, 0.03324, 0.06585],  precision=[0.00279, 0.00244, 0.00166, 0.00132], hit=[0.01394, 0.02442, 0.03324, 0.06585], ndcg=[0.01041, 0.01371, 0.01594, 0.02218], Train Rec Loss=[0.04958], Eval Rec Loss=[0.04948], c=[0.50000], F=[0.71103, 0.87764, 0.97847, 0.92171], F_fuse=[0.00555, 0.00487, 0.00332, 0.00263]
[ INFO : 2026-08-04 05:07:47,046 ] - Epoch 38: train==[111.79833 = 0.66517 + 0.84210 + 18.53763 + 0.00180 + 0.00000 + 0.00083 + 613.91756]
[ INFO : 2026-08-04 05:07:53,900 ] - Test_@[5, 10, 20, 50]: Recall=[0.01406, 0.02442, 0.03324, 0.06585],  precision=[0.00281, 0.00244, 0.00166, 0.00132], hit=[0.01406, 0.02442, 0.03324, 0.06585], ndcg=[0.01036, 0.01362, 0.01585, 0.02209], Train Rec Loss=[0.04965], Eval Rec Loss=[0.04945], c=[0.50000], F=[0.65739, 0.87758, 0.97853, 0.92249], F_fuse=[0.00560, 0.00487, 0.00332, 0.00263]
[ INFO : 2026-08-04 05:09:19,668 ] - Epoch 39: train==[111.61195 = 0.66017 + 0.84209 + 18.35603 + 0.00184 + 0.00000 + 0.00076 + 613.91926]
[ INFO : 2026-08-04 05:09:26,493 ] - Test_@[5, 10, 20, 50]: Recall=[0.01394, 0.02455, 0.03324, 0.06534],  precision=[0.00279, 0.00245, 0.00166, 0.00131], hit=[0.01394, 0.02455, 0.03324, 0.06534], ndcg=[0.01021, 0.01355, 0.01574, 0.02188], Train Rec Loss=[0.04952], Eval Rec Loss=[0.04945], c=[0.50000], F=[0.66925, 0.87756, 0.97724, 0.92353], F_fuse=[0.00555, 0.00490, 0.00332, 0.00261]
[ INFO : 2026-08-04 05:10:52,881 ] - Epoch 40: train==[111.55485 = 0.65238 + 0.84205 + 18.30708 + 0.00186 + 0.00000 + 0.00074 + 613.91713]
[ INFO : 2026-08-04 05:10:59,685 ] - Test_@[5, 10, 20, 50]: Recall=[0.01381, 0.02442, 0.03324, 0.06546],  precision=[0.00276, 0.00244, 0.00166, 0.00131], hit=[0.01381, 0.02442, 0.03324, 0.06546], ndcg=[0.01024, 0.01357, 0.01580, 0.02197], Train Rec Loss=[0.04949], Eval Rec Loss=[0.04939], c=[0.50000], F=[0.64147, 0.87732, 0.97731, 0.92433], F_fuse=[0.00550, 0.00487, 0.00332, 0.00261]
[ INFO : 2026-08-04 05:12:25,513 ] - Epoch 41: train==[111.40789 = 0.64989 + 0.84203 + 18.16273 + 0.00189 + 0.00000 + 0.00069 + 613.91646]
[ INFO : 2026-08-04 05:12:32,276 ] - Test_@[5, 10, 20, 50]: Recall=[0.01368, 0.02429, 0.03286, 0.06483],  precision=[0.00274, 0.00243, 0.00164, 0.00130], hit=[0.01368, 0.02429, 0.03286, 0.06483], ndcg=[0.01020, 0.01355, 0.01571, 0.02182], Train Rec Loss=[0.04948], Eval Rec Loss=[0.04926], c=[0.50000], F=[0.68363, 0.87767, 0.97589, 0.92400], F_fuse=[0.00545, 0.00485, 0.00328, 0.00259]
[ INFO : 2026-08-04 05:13:58,848 ] - Epoch 42: train==[111.38245 = 0.64541 + 0.84199 + 18.14166 + 0.00192 + 0.00000 + 0.00066 + 613.91743]
[ INFO : 2026-08-04 05:14:05,666 ] - Test_@[5, 10, 20, 50]: Recall=[0.01368, 0.02404, 0.03286, 0.06495],  precision=[0.00274, 0.00240, 0.00164, 0.00130], hit=[0.01368, 0.02404, 0.03286, 0.06495], ndcg=[0.01019, 0.01347, 0.01570, 0.02182], Train Rec Loss=[0.04952], Eval Rec Loss=[0.04936], c=[0.50000], F=[0.69473, 0.87738, 0.97597, 0.92228], F_fuse=[0.00545, 0.00479, 0.00328, 0.00259]
[ INFO : 2026-08-04 05:15:31,613 ] - Epoch 43: train==[111.24820 = 0.64074 + 0.84198 + 18.01181 + 0.00195 + 0.00000 + 0.00062 + 613.91924]
[ INFO : 2026-08-04 05:15:38,424 ] - Test_@[5, 10, 20, 50]: Recall=[0.01368, 0.02429, 0.03286, 0.06457],  precision=[0.00274, 0.00243, 0.00164, 0.00129], hit=[0.01368, 0.02429, 0.03286, 0.06457], ndcg=[0.01000, 0.01336, 0.01551, 0.02156], Train Rec Loss=[0.04948], Eval Rec Loss=[0.04940], c=[0.50000], F=[0.65205, 0.87753, 0.97636, 0.92558], F_fuse=[0.00545, 0.00485, 0.00328, 0.00258]
[ INFO : 2026-08-04 05:17:04,940 ] - Epoch 44: train==[111.19168 = 0.64123 + 0.84196 + 17.95483 + 0.00198 + 0.00000 + 0.00059 + 613.91913]
[ INFO : 2026-08-04 05:17:11,744 ] - Test_@[5, 10, 20, 50]: Recall=[0.01355, 0.02417, 0.03273, 0.06406],  precision=[0.00271, 0.00242, 0.00164, 0.00128], hit=[0.01355, 0.02417, 0.03273, 0.06406], ndcg=[0.00980, 0.01318, 0.01534, 0.02132], Train Rec Loss=[0.04951], Eval Rec Loss=[0.04935], c=[0.50000], F=[0.61590, 0.87767, 0.97469, 0.92429], F_fuse=[0.00540, 0.00482, 0.00327, 0.00256]
[ INFO : 2026-08-04 05:18:37,511 ] - Epoch 45: train==[111.07348 = 0.63844 + 0.84195 + 17.83937 + 0.00199 + 0.00000 + 0.00057 + 613.91956]
[ INFO : 2026-08-04 05:18:44,347 ] - Test_@[5, 10, 20, 50]: Recall=[0.01368, 0.02417, 0.03273, 0.06431],  precision=[0.00274, 0.00242, 0.00164, 0.00129], hit=[0.01368, 0.02417, 0.03273, 0.06431], ndcg=[0.00977, 0.01310, 0.01526, 0.02128], Train Rec Loss=[0.04948], Eval Rec Loss=[0.04940], c=[0.50000], F=[0.61992, 0.87818, 0.97402, 0.92516], F_fuse=[0.00545, 0.00482, 0.00327, 0.00257]
[ INFO : 2026-08-04 05:20:11,061 ] - Epoch 46: train==[110.98560 = 0.63143 + 0.84192 + 17.75852 + 0.00202 + 0.00000 + 0.00055 + 613.91949]
[ INFO : 2026-08-04 05:20:17,887 ] - Test_@[5, 10, 20, 50]: Recall=[0.01355, 0.02404, 0.03273, 0.06419],  precision=[0.00271, 0.00240, 0.00164, 0.00128], hit=[0.01355, 0.02404, 0.03273, 0.06419], ndcg=[0.00958, 0.01292, 0.01511, 0.02110], Train Rec Loss=[0.04943], Eval Rec Loss=[0.04932], c=[0.50000], F=[0.64956, 0.87869, 0.97356, 0.92705], F_fuse=[0.00540, 0.00479, 0.00327, 0.00256]
[ INFO : 2026-08-04 05:21:44,050 ] - Epoch 47: train==[110.85972 = 0.63035 + 0.84188 + 17.63436 + 0.00204 + 0.00000 + 0.00053 + 613.91536]
[ INFO : 2026-08-04 05:21:50,863 ] - Test_@[5, 10, 20, 50]: Recall=[0.01355, 0.02404, 0.03286, 0.06342],  precision=[0.00271, 0.00240, 0.00164, 0.00127], hit=[0.01355, 0.02404, 0.03286, 0.06342], ndcg=[0.00967, 0.01302, 0.01524, 0.02105], Train Rec Loss=[0.04939], Eval Rec Loss=[0.04928], c=[0.50000], F=[0.62255, 0.87810, 0.97307, 0.92897], F_fuse=[0.00540, 0.00479, 0.00328, 0.00253]
[ INFO : 2026-08-04 05:23:17,553 ] - Epoch 48: train==[110.75948 = 0.63205 + 0.84189 + 17.53179 + 0.00208 + 0.00000 + 0.00051 + 613.91937]
[ INFO : 2026-08-04 05:23:24,368 ] - Test_@[5, 10, 20, 50]: Recall=[0.01381, 0.02404, 0.03235, 0.06367],  precision=[0.00276, 0.00240, 0.00162, 0.00127], hit=[0.01381, 0.02404, 0.03235, 0.06367], ndcg=[0.00966, 0.01291, 0.01501, 0.02099], Train Rec Loss=[0.04940], Eval Rec Loss=[0.04935], c=[0.50000], F=[0.60864, 0.87804, 0.97164, 0.92821], F_fuse=[0.00550, 0.00479, 0.00323, 0.00254]
[ INFO : 2026-08-04 05:24:50,019 ] - Epoch 49: train==[110.68443 = 0.62476 + 0.84186 + 17.46417 + 0.00210 + 0.00000 + 0.00050 + 613.91854]
[ INFO : 2026-08-04 05:24:56,844 ] - Test_@[5, 10, 20, 50]: Recall=[0.01330, 0.02404, 0.03222, 0.06304],  precision=[0.00266, 0.00240, 0.00161, 0.00126], hit=[0.01330, 0.02404, 0.03222, 0.06304], ndcg=[0.00947, 0.01289, 0.01495, 0.02084], Train Rec Loss=[0.04952], Eval Rec Loss=[0.04931], c=[0.50000], F=[0.62549, 0.87794, 0.97165, 0.92928], F_fuse=[0.00530, 0.00479, 0.00322, 0.00252]
[ INFO : 2026-08-04 05:26:23,526 ] - Epoch 50: train==[110.62231 = 0.62237 + 0.84181 + 17.40436 + 0.00212 + 0.00000 + 0.00049 + 613.91920]
[ INFO : 2026-08-04 05:26:30,327 ] - Test_@[5, 10, 20, 50]: Recall=[0.01368, 0.02442, 0.03209, 0.06316],  precision=[0.00274, 0.00244, 0.00160, 0.00126], hit=[0.01368, 0.02442, 0.03209, 0.06316], ndcg=[0.00979, 0.01317, 0.01511, 0.02104], Train Rec Loss=[0.04942], Eval Rec Loss=[0.04930], c=[0.50000], F=[0.61046, 0.87738, 0.97060, 0.92973], F_fuse=[0.00545, 0.00487, 0.00320, 0.00252]
[ INFO : 2026-08-04 05:27:55,643 ] - Epoch 51: train==[110.56245 = 0.61977 + 0.84179 + 17.34738 + 0.00213 + 0.00000 + 0.00049 + 613.91737]
[ INFO : 2026-08-04 05:28:02,421 ] - Test_@[5, 10, 20, 50]: Recall=[0.01355, 0.02378, 0.03197, 0.06278],  precision=[0.00271, 0.00238, 0.00160, 0.00126], hit=[0.01355, 0.02378, 0.03197, 0.06278], ndcg=[0.00948, 0.01275, 0.01481, 0.02069], Train Rec Loss=[0.04946], Eval Rec Loss=[0.04932], c=[0.50000], F=[0.63760, 0.87794, 0.97047, 0.93024], F_fuse=[0.00540, 0.00474, 0.00319, 0.00251]
[ INFO : 2026-08-04 05:29:29,146 ] - Epoch 52: train==[110.53499 = 0.61999 + 0.84176 + 17.31971 + 0.00215 + 0.00000 + 0.00046 + 613.91750]
[ INFO : 2026-08-04 05:29:35,937 ] - Test_@[5, 10, 20, 50]: Recall=[0.01368, 0.02378, 0.03158, 0.06201],  precision=[0.00274, 0.00238, 0.00158, 0.00124], hit=[0.01368, 0.02378, 0.03158, 0.06201], ndcg=[0.00960, 0.01284, 0.01481, 0.02064], Train Rec Loss=[0.04932], Eval Rec Loss=[0.04920], c=[0.50000], F=[0.67638, 0.87858, 0.97043, 0.93023], F_fuse=[0.00545, 0.00474, 0.00315, 0.00248]
[ INFO : 2026-08-04 05:31:01,812 ] - Epoch 53: train==[110.44886 = 0.61315 + 0.84176 + 17.24010 + 0.00217 + 0.00000 + 0.00045 + 613.91958]
[ INFO : 2026-08-04 05:31:08,621 ] - Test_@[5, 10, 20, 50]: Recall=[0.01343, 0.02378, 0.03184, 0.06265],  precision=[0.00269, 0.00238, 0.00159, 0.00125], hit=[0.01343, 0.02378, 0.03184, 0.06265], ndcg=[0.00961, 0.01291, 0.01494, 0.02083], Train Rec Loss=[0.04939], Eval Rec Loss=[0.04921], c=[0.50000], F=[0.63047, 0.87778, 0.97054, 0.93012], F_fuse=[0.00535, 0.00474, 0.00318, 0.00250]
[ INFO : 2026-08-04 05:32:34,910 ] - Epoch 54: train==[110.29691 = 0.60916 + 0.84171 + 17.09229 + 0.00221 + 0.00000 + 0.00045 + 613.91846]
[ INFO : 2026-08-04 05:32:41,702 ] - Test_@[5, 10, 20, 50]: Recall=[0.01368, 0.02353, 0.03145, 0.06265],  precision=[0.00274, 0.00235, 0.00157, 0.00125], hit=[0.01368, 0.02353, 0.03145, 0.06265], ndcg=[0.00951, 0.01271, 0.01471, 0.02067], Train Rec Loss=[0.04928], Eval Rec Loss=[0.04923], c=[0.50000], F=[0.66618, 0.87885, 0.97037, 0.93044], F_fuse=[0.00545, 0.00469, 0.00314, 0.00250]
[ INFO : 2026-08-04 05:34:07,088 ] - Epoch 55: train==[110.22874 = 0.60816 + 0.84167 + 17.02506 + 0.00223 + 0.00000 + 0.00044 + 613.91903]
[ INFO : 2026-08-04 05:34:13,902 ] - Test_@[5, 10, 20, 50]: Recall=[0.01330, 0.02365, 0.03145, 0.06201],  precision=[0.00266, 0.00237, 0.00157, 0.00124], hit=[0.01330, 0.02365, 0.03145, 0.06201], ndcg=[0.00942, 0.01272, 0.01468, 0.02054], Train Rec Loss=[0.04931], Eval Rec Loss=[0.04916], c=[0.50000], F=[0.64185, 0.87760, 0.96965, 0.93099], F_fuse=[0.00530, 0.00472, 0.00314, 0.00248]
[ INFO : 2026-08-04 05:35:40,209 ] - Epoch 56: train==[110.30665 = 0.61099 + 0.84164 + 17.09982 + 0.00224 + 0.00000 + 0.00042 + 613.92123]
[ INFO : 2026-08-04 05:35:47,000 ] - Test_@[5, 10, 20, 50]: Recall=[0.01406, 0.02340, 0.03133, 0.06201],  precision=[0.00281, 0.00234, 0.00157, 0.00124], hit=[0.01406, 0.02340, 0.03133, 0.06201], ndcg=[0.00966, 0.01267, 0.01467, 0.02055], Train Rec Loss=[0.04936], Eval Rec Loss=[0.04924], c=[0.50000], F=[0.69268, 0.88024, 0.96799, 0.93107], F_fuse=[0.00560, 0.00467, 0.00313, 0.00248]
[ INFO : 2026-08-04 05:37:11,979 ] - Epoch 57: train==[110.07002 = 0.60364 + 0.84162 + 16.87085 + 0.00226 + 0.00000 + 0.00042 + 613.91916]
[ INFO : 2026-08-04 05:37:18,752 ] - Test_@[5, 10, 20, 50]: Recall=[0.01368, 0.02353, 0.03171, 0.06176],  precision=[0.00274, 0.00235, 0.00159, 0.00124], hit=[0.01368, 0.02353, 0.03171, 0.06176], ndcg=[0.00954, 0.01264, 0.01471, 0.02047], Train Rec Loss=[0.04928], Eval Rec Loss=[0.04916], c=[0.50000], F=[0.65243, 0.87824, 0.96921, 0.93225], F_fuse=[0.00545, 0.00469, 0.00317, 0.00247]
[ INFO : 2026-08-04 05:38:45,276 ] - Epoch 58: train==[109.95893 = 0.60224 + 0.84160 + 16.76048 + 0.00229 + 0.00000 + 0.00042 + 613.92357]
[ INFO : 2026-08-04 05:38:52,074 ] - Test_@[5, 10, 20, 50]: Recall=[0.01368, 0.02340, 0.03145, 0.06176],  precision=[0.00274, 0.00234, 0.00157, 0.00124], hit=[0.01368, 0.02340, 0.03145, 0.06176], ndcg=[0.00954, 0.01266, 0.01470, 0.02050], Train Rec Loss=[0.04926], Eval Rec Loss=[0.04916], c=[0.50000], F=[0.65202, 0.87832, 0.96828, 0.93227], F_fuse=[0.00545, 0.00467, 0.00314, 0.00247]
[ INFO : 2026-08-04 05:40:17,886 ] - Epoch 59: train==[109.91572 = 0.59732 + 0.84157 + 16.72285 + 0.00231 + 0.00000 + 0.00041 + 613.91920]
[ INFO : 2026-08-04 05:40:24,692 ] - Test_@[5, 10, 20, 50]: Recall=[0.01381, 0.02327, 0.03133, 0.06137],  precision=[0.00276, 0.00233, 0.00157, 0.00123], hit=[0.01381, 0.02327, 0.03133, 0.06137], ndcg=[0.00952, 0.01258, 0.01462, 0.02038], Train Rec Loss=[0.04931], Eval Rec Loss=[0.04934], c=[0.50000], F=[0.66055, 0.87853, 0.96704, 0.93276], F_fuse=[0.00550, 0.00464, 0.00313, 0.00245]
[ INFO : 2026-08-04 05:41:52,455 ] - Epoch 60: train==[109.87503 = 0.59393 + 0.84151 + 16.68468 + 0.00233 + 0.00000 + 0.00040 + 613.92525]
[ INFO : 2026-08-04 05:41:59,313 ] - Test_@[5, 10, 20, 50]: Recall=[0.01419, 0.02314, 0.03107, 0.06137],  precision=[0.00284, 0.00231, 0.00155, 0.00123], hit=[0.01419, 0.02314, 0.03107, 0.06137], ndcg=[0.00954, 0.01244, 0.01445, 0.02026], Train Rec Loss=[0.04930], Eval Rec Loss=[0.04920], c=[0.50000], F=[0.68839, 0.88009, 0.96719, 0.93214], F_fuse=[0.00565, 0.00462, 0.00310, 0.00245]
[ INFO : 2026-08-04 05:43:25,287 ] - Epoch 61: train==[109.74360 = 0.59510 + 0.84150 + 16.55225 + 0.00235 + 0.00000 + 0.00040 + 613.92393]
[ INFO : 2026-08-04 05:43:32,067 ] - Test_@[5, 10, 20, 50]: Recall=[0.01394, 0.02340, 0.03094, 0.06163],  precision=[0.00279, 0.00234, 0.00155, 0.00123], hit=[0.01394, 0.02340, 0.03094, 0.06163], ndcg=[0.00961, 0.01267, 0.01458, 0.02048], Train Rec Loss=[0.04931], Eval Rec Loss=[0.04908], c=[0.50000], F=[0.68229, 0.87914, 0.96702, 0.93267], F_fuse=[0.00555, 0.00467, 0.00309, 0.00246]
[ INFO : 2026-08-04 05:44:58,700 ] - Epoch 62: train==[109.68614 = 0.58964 + 0.84144 + 16.50087 + 0.00237 + 0.00000 + 0.00039 + 613.91997]
[ INFO : 2026-08-04 05:45:05,538 ] - Test_@[5, 10, 20, 50]: Recall=[0.01432, 0.02301, 0.03094, 0.06125],  precision=[0.00286, 0.00230, 0.00155, 0.00122], hit=[0.01432, 0.02301, 0.03094, 0.06125], ndcg=[0.00971, 0.01256, 0.01457, 0.02040], Train Rec Loss=[0.04925], Eval Rec Loss=[0.04915], c=[0.50000], F=[0.72247, 0.88300, 0.96633, 0.93235], F_fuse=[0.00571, 0.00459, 0.00309, 0.00245]
[ INFO : 2026-08-04 05:46:31,969 ] - Epoch 63: train==[109.61247 = 0.58519 + 0.84139 + 16.43197 + 0.00240 + 0.00000 + 0.00038 + 613.91797]
[ INFO : 2026-08-04 05:46:38,785 ] - Test_@[5, 10, 20, 50]: Recall=[0.01406, 0.02340, 0.03081, 0.06073],  precision=[0.00281, 0.00234, 0.00154, 0.00121], hit=[0.01406, 0.02340, 0.03081, 0.06073], ndcg=[0.00949, 0.01252, 0.01439, 0.02015], Train Rec Loss=[0.04933], Eval Rec Loss=[0.04914], c=[0.50000], F=[0.75724, 0.88952, 0.96555, 0.93296], F_fuse=[0.00561, 0.00467, 0.00308, 0.00243]
[ INFO : 2026-08-04 05:48:05,598 ] - Epoch 64: train==[109.55038 = 0.58374 + 0.84137 + 16.37091 + 0.00241 + 0.00000 + 0.00039 + 613.92068]
[ INFO : 2026-08-04 05:48:12,408 ] - Test_@[5, 10, 20, 50]: Recall=[0.01317, 0.02314, 0.03069, 0.06035],  precision=[0.00263, 0.00231, 0.00153, 0.00121], hit=[0.01317, 0.02314, 0.03069, 0.06035], ndcg=[0.00908, 0.01235, 0.01427, 0.01999], Train Rec Loss=[0.04929], Eval Rec Loss=[0.04899], c=[0.50000], F=[0.68392, 0.87998, 0.96643, 0.93350], F_fuse=[0.00525, 0.00462, 0.00306, 0.00241]
[ INFO : 2026-08-04 05:49:38,505 ] - Epoch 65: train==[109.53442 = 0.58187 + 0.84131 + 16.35672 + 0.00242 + 0.00000 + 0.00038 + 613.92162]
[ INFO : 2026-08-04 05:49:45,308 ] - Test_@[5, 10, 20, 50]: Recall=[0.01368, 0.02327, 0.03094, 0.06073],  precision=[0.00274, 0.00233, 0.00155, 0.00121], hit=[0.01368, 0.02327, 0.03094, 0.06073], ndcg=[0.00935, 0.01248, 0.01441, 0.02014], Train Rec Loss=[0.04929], Eval Rec Loss=[0.04909], c=[0.50000], F=[0.74420, 0.88872, 0.96409, 0.93380], F_fuse=[0.00545, 0.00464, 0.00309, 0.00243]
[ INFO : 2026-08-04 05:52:01,709 ] - Epoch 66: train==[109.44866 = 0.57963 + 0.84126 + 16.27377 + 0.00245 + 0.00000 + 0.00037 + 613.91780]
[ INFO : 2026-08-04 05:52:08,536 ] - Test_@[5, 10, 20, 50]: Recall=[0.01406, 0.02327, 0.03107, 0.06022],  precision=[0.00281, 0.00233, 0.00155, 0.00120], hit=[0.01406, 0.02327, 0.03107, 0.06022], ndcg=[0.00946, 0.01247, 0.01443, 0.02005], Train Rec Loss=[0.04927], Eval Rec Loss=[0.04916], c=[0.50000], F=[0.74091, 0.88934, 0.96452, 0.93249], F_fuse=[0.00560, 0.00464, 0.00310, 0.00241]
[ INFO : 2026-08-04 05:54:06,932 ] - Epoch 67: train==[109.35813 = 0.57758 + 0.84121 + 16.18529 + 0.00247 + 0.00000 + 0.00037 + 613.91788]
[ INFO : 2026-08-04 05:54:13,750 ] - Test_@[5, 10, 20, 50]: Recall=[0.01355, 0.02340, 0.03120, 0.06099],  precision=[0.00271, 0.00234, 0.00156, 0.00122], hit=[0.01355, 0.02340, 0.03120, 0.06099], ndcg=[0.00936, 0.01253, 0.01450, 0.02023], Train Rec Loss=[0.04919], Eval Rec Loss=[0.04910], c=[0.50000], F=[0.69120, 0.88233, 0.96496, 0.93432], F_fuse=[0.00540, 0.00467, 0.00311, 0.00244]
[ INFO : 2026-08-04 05:56:07,205 ] - Epoch 68: train==[109.19359 = 0.57402 + 0.84116 + 16.02418 + 0.00250 + 0.00000 + 0.00037 + 613.91882]
[ INFO : 2026-08-04 05:56:14,001 ] - Test_@[5, 10, 20, 50]: Recall=[0.01240, 0.02340, 0.03081, 0.06035],  precision=[0.00248, 0.00234, 0.00154, 0.00121], hit=[0.01240, 0.02340, 0.03081, 0.06035], ndcg=[0.00894, 0.01252, 0.01439, 0.02009], Train Rec Loss=[0.04926], Eval Rec Loss=[0.04920], c=[0.50000], F=[0.71565, 0.88289, 0.96473, 0.93410], F_fuse=[0.00494, 0.00467, 0.00308, 0.00241]
[ INFO : 2026-08-04 05:57:43,704 ] - Epoch 69: train==[109.12155 = 0.57160 + 0.84115 + 15.95481 + 0.00254 + 0.00000 + 0.00037 + 613.91693]
[ INFO : 2026-08-04 05:57:50,435 ] - Test_@[5, 10, 20, 50]: Recall=[0.01279, 0.02327, 0.03081, 0.06086],  precision=[0.00256, 0.00233, 0.00154, 0.00122], hit=[0.01279, 0.02327, 0.03081, 0.06086], ndcg=[0.00901, 0.01245, 0.01436, 0.02016], Train Rec Loss=[0.04919], Eval Rec Loss=[0.04902], c=[0.50000], F=[0.73228, 0.88539, 0.96406, 0.93556], F_fuse=[0.00510, 0.00464, 0.00308, 0.00243]
[ INFO : 2026-08-04 05:59:19,820 ] - Epoch 70: train==[109.16057 = 0.57002 + 0.84106 + 15.99494 + 0.00251 + 0.00000 + 0.00036 + 613.92065]
[ INFO : 2026-08-04 05:59:26,603 ] - Test_@[5, 10, 20, 50]: Recall=[0.01330, 0.02301, 0.03094, 0.06099],  precision=[0.00266, 0.00230, 0.00155, 0.00122], hit=[0.01330, 0.02301, 0.03094, 0.06099], ndcg=[0.00916, 0.01234, 0.01435, 0.02012], Train Rec Loss=[0.04924], Eval Rec Loss=[0.04918], c=[0.50000], F=[0.80038, 0.89153, 0.96285, 0.93485], F_fuse=[0.00530, 0.00459, 0.00309, 0.00244]
[ INFO : 2026-08-04 06:00:56,556 ] - Epoch 71: train==[109.05592 = 0.56748 + 0.84108 + 15.89313 + 0.00252 + 0.00000 + 0.00036 + 613.91850]
[ INFO : 2026-08-04 06:01:03,345 ] - Test_@[5, 10, 20, 50]: Recall=[0.01483, 0.02301, 0.03043, 0.06086],  precision=[0.00297, 0.00230, 0.00152, 0.00122], hit=[0.01483, 0.02301, 0.03043, 0.06086], ndcg=[0.00978, 0.01244, 0.01433, 0.02020], Train Rec Loss=[0.04921], Eval Rec Loss=[0.04906], c=[0.50000], F=[0.81495, 0.89964, 0.96251, 0.93617], F_fuse=[0.00591, 0.00459, 0.00304, 0.00243]
[ INFO : 2026-08-04 06:02:33,459 ] - Epoch 72: train==[108.93203 = 0.56518 + 0.84094 + 15.77132 + 0.00259 + 0.00000 + 0.00035 + 613.92008]
[ INFO : 2026-08-04 06:02:40,256 ] - Test_@[5, 10, 20, 50]: Recall=[0.01291, 0.02301, 0.03120, 0.06125],  precision=[0.00258, 0.00230, 0.00156, 0.00122], hit=[0.01291, 0.02301, 0.03120, 0.06125], ndcg=[0.00902, 0.01233, 0.01441, 0.02019], Train Rec Loss=[0.04915], Eval Rec Loss=[0.04919], c=[0.50000], F=[0.77472, 0.88878, 0.96295, 0.93583], F_fuse=[0.00515, 0.00459, 0.00311, 0.00245]
[ INFO : 2026-08-04 06:04:09,562 ] - Epoch 73: train==[108.92198 = 0.56323 + 0.84086 + 15.76381 + 0.00258 + 0.00000 + 0.00035 + 613.91657]
[ INFO : 2026-08-04 06:04:16,356 ] - Test_@[5, 10, 20, 50]: Recall=[0.01253, 0.02314, 0.03056, 0.06112],  precision=[0.00251, 0.00231, 0.00153, 0.00122], hit=[0.01253, 0.02314, 0.03056, 0.06112], ndcg=[0.00875, 0.01223, 0.01413, 0.02003], Train Rec Loss=[0.04919], Eval Rec Loss=[0.04905], c=[0.50000], F=[0.76542, 0.88565, 0.96260, 0.93656], F_fuse=[0.00500, 0.00462, 0.00305, 0.00244]
[ INFO : 2026-08-04 06:05:45,394 ] - Epoch 74: train==[108.85906 = 0.56105 + 0.84081 + 15.70258 + 0.00258 + 0.00000 + 0.00035 + 613.92012]
[ INFO : 2026-08-04 06:05:52,195 ] - Test_@[5, 10, 20, 50]: Recall=[0.01343, 0.02327, 0.03094, 0.06099],  precision=[0.00269, 0.00233, 0.00155, 0.00122], hit=[0.01343, 0.02327, 0.03094, 0.06099], ndcg=[0.00924, 0.01247, 0.01441, 0.02019], Train Rec Loss=[0.04919], Eval Rec Loss=[0.04906], c=[0.50000], F=[0.77846, 0.89609, 0.96223, 0.93578], F_fuse=[0.00535, 0.00464, 0.00309, 0.00244]
[ INFO : 2026-08-04 06:07:20,487 ] - Epoch 75: train==[108.78020 = 0.56113 + 0.84073 + 15.62436 + 0.00259 + 0.00000 + 0.00034 + 613.91557]
[ INFO : 2026-08-04 06:07:27,285 ] - Test_@[5, 10, 20, 50]: Recall=[0.01509, 0.02276, 0.03056, 0.06125],  precision=[0.00302, 0.00228, 0.00153, 0.00122], hit=[0.01509, 0.02276, 0.03056, 0.06125], ndcg=[0.00966, 0.01218, 0.01417, 0.02009], Train Rec Loss=[0.04921], Eval Rec Loss=[0.04907], c=[0.50000], F=[0.78965, 0.90165, 0.96028, 0.93680], F_fuse=[0.00601, 0.00454, 0.00305, 0.00245]
[ INFO : 2026-08-04 06:08:54,846 ] - Epoch 76: train==[108.74692 = 0.55531 + 0.84069 + 15.59670 + 0.00263 + 0.00000 + 0.00034 + 613.91684]
[ INFO : 2026-08-04 06:09:01,636 ] - Test_@[5, 10, 20, 50]: Recall=[0.01330, 0.02263, 0.03030, 0.06022],  precision=[0.00266, 0.00226, 0.00152, 0.00120], hit=[0.01330, 0.02263, 0.03030, 0.06022], ndcg=[0.00891, 0.01194, 0.01389, 0.01967], Train Rec Loss=[0.04918], Eval Rec Loss=[0.04906], c=[0.50000], F=[0.80077, 0.89785, 0.96032, 0.93783], F_fuse=[0.00530, 0.00451, 0.00303, 0.00241]
[ INFO : 2026-08-04 06:10:29,152 ] - Epoch 77: train==[108.69300 = 0.55888 + 0.84065 + 15.53941 + 0.00264 + 0.00000 + 0.00033 + 613.91567]
[ INFO : 2026-08-04 06:10:35,979 ] - Test_@[5, 10, 20, 50]: Recall=[0.01534, 0.02327, 0.03056, 0.06035],  precision=[0.00307, 0.00233, 0.00153, 0.00121], hit=[0.01534, 0.02327, 0.03056, 0.06035], ndcg=[0.00987, 0.01243, 0.01426, 0.02001], Train Rec Loss=[0.04916], Eval Rec Loss=[0.04900], c=[0.50000], F=[0.81885, 0.90320, 0.95943, 0.93828], F_fuse=[0.00611, 0.00464, 0.00305, 0.00241]
[ INFO : 2026-08-04 06:12:03,654 ] - Epoch 78: train==[108.59860 = 0.55042 + 0.84060 + 15.45307 + 0.00265 + 0.00000 + 0.00033 + 613.91838]
[ INFO : 2026-08-04 06:12:10,476 ] - Test_@[5, 10, 20, 50]: Recall=[0.01458, 0.02289, 0.03056, 0.06125],  precision=[0.00292, 0.00229, 0.00153, 0.00122], hit=[0.01458, 0.02289, 0.03056, 0.06125], ndcg=[0.00956, 0.01226, 0.01421, 0.02013], Train Rec Loss=[0.04913], Eval Rec Loss=[0.04904], c=[0.50000], F=[0.83662, 0.89852, 0.95969, 0.94026], F_fuse=[0.00581, 0.00457, 0.00305, 0.00245]
[ INFO : 2026-08-04 06:13:38,614 ] - Epoch 79: train==[108.53689 = 0.55233 + 0.84049 + 15.38967 + 0.00265 + 0.00000 + 0.00033 + 613.91740]
[ INFO : 2026-08-04 06:13:45,446 ] - Test_@[5, 10, 20, 50]: Recall=[0.01534, 0.02250, 0.03056, 0.06048],  precision=[0.00307, 0.00225, 0.00153, 0.00121], hit=[0.01534, 0.02250, 0.03056, 0.06048], ndcg=[0.00994, 0.01225, 0.01428, 0.02007], Train Rec Loss=[0.04919], Eval Rec Loss=[0.04908], c=[0.50000], F=[0.85043, 0.90987, 0.95536, 0.93980], F_fuse=[0.00612, 0.00449, 0.00305, 0.00242]
[ INFO : 2026-08-04 06:15:13,190 ] - Epoch 80: train==[108.54147 = 0.54582 + 0.84039 + 15.40071 + 0.00268 + 0.00000 + 0.00032 + 613.91796]
[ INFO : 2026-08-04 06:15:20,007 ] - Test_@[5, 10, 20, 50]: Recall=[0.01496, 0.02289, 0.03094, 0.06061],  precision=[0.00299, 0.00229, 0.00155, 0.00121], hit=[0.01496, 0.02289, 0.03094, 0.06061], ndcg=[0.00985, 0.01240, 0.01442, 0.02016], Train Rec Loss=[0.04913], Eval Rec Loss=[0.04901], c=[0.50000], F=[0.86008, 0.90620, 0.95753, 0.93999], F_fuse=[0.00596, 0.00457, 0.00309, 0.00242]
[ INFO : 2026-08-04 06:16:47,931 ] - Epoch 81: train==[108.45847 = 0.54377 + 0.84034 + 15.31985 + 0.00269 + 0.00000 + 0.00033 + 613.91746]
[ INFO : 2026-08-04 06:16:54,724 ] - Test_@[5, 10, 20, 50]: Recall=[0.01496, 0.02250, 0.03081, 0.06099],  precision=[0.00299, 0.00225, 0.00154, 0.00122], hit=[0.01496, 0.02250, 0.03081, 0.06099], ndcg=[0.00986, 0.01229, 0.01438, 0.02021], Train Rec Loss=[0.04918], Eval Rec Loss=[0.04906], c=[0.50000], F=[0.86046, 0.90414, 0.95713, 0.93972], F_fuse=[0.00596, 0.00449, 0.00308, 0.00244]
[ INFO : 2026-08-04 06:18:22,464 ] - Epoch 82: train==[108.35404 = 0.54336 + 0.84023 + 15.21603 + 0.00271 + 0.00000 + 0.00032 + 613.91647]
[ INFO : 2026-08-04 06:18:29,282 ] - Test_@[5, 10, 20, 50]: Recall=[0.01483, 0.02135, 0.03030, 0.06086],  precision=[0.00297, 0.00214, 0.00152, 0.00122], hit=[0.01483, 0.02135, 0.03030, 0.06086], ndcg=[0.00973, 0.01186, 0.01412, 0.02003], Train Rec Loss=[0.04915], Eval Rec Loss=[0.04907], c=[0.50000], F=[0.87509, 0.91108, 0.95278, 0.93888], F_fuse=[0.00591, 0.00426, 0.00303, 0.00243]
[ INFO : 2026-08-04 06:19:56,598 ] - Epoch 83: train==[108.28277 = 0.53910 + 0.84013 + 15.14919 + 0.00272 + 0.00000 + 0.00032 + 613.91576]
[ INFO : 2026-08-04 06:20:03,364 ] - Test_@[5, 10, 20, 50]: Recall=[0.01470, 0.02289, 0.03069, 0.06112],  precision=[0.00294, 0.00229, 0.00153, 0.00122], hit=[0.01470, 0.02289, 0.03069, 0.06112], ndcg=[0.00967, 0.01233, 0.01430, 0.02019], Train Rec Loss=[0.04907], Eval Rec Loss=[0.04912], c=[0.50000], F=[0.83374, 0.90003, 0.95853, 0.93881], F_fuse=[0.00586, 0.00457, 0.00306, 0.00244]
[ INFO : 2026-08-04 06:21:31,354 ] - Epoch 84: train==[108.34961 = 0.53721 + 0.84008 + 15.21786 + 0.00274 + 0.00000 + 0.00031 + 613.91621]
[ INFO : 2026-08-04 06:21:38,180 ] - Test_@[5, 10, 20, 50]: Recall=[0.01470, 0.02174, 0.03005, 0.06086],  precision=[0.00294, 0.00217, 0.00150, 0.00122], hit=[0.01470, 0.02174, 0.03005, 0.06086], ndcg=[0.00972, 0.01199, 0.01407, 0.02004], Train Rec Loss=[0.04909], Eval Rec Loss=[0.04901], c=[0.50000], F=[0.87110, 0.90738, 0.95477, 0.93881], F_fuse=[0.00586, 0.00434, 0.00300, 0.00243]
[ INFO : 2026-08-04 06:23:06,031 ] - Epoch 85: train==[108.22869 = 0.53492 + 0.84000 + 15.09939 + 0.00274 + 0.00000 + 0.00032 + 613.91545]
[ INFO : 2026-08-04 06:23:12,839 ] - Test_@[5, 10, 20, 50]: Recall=[0.01560, 0.02199, 0.03056, 0.06073],  precision=[0.00312, 0.00220, 0.00153, 0.00121], hit=[0.01560, 0.02199, 0.03056, 0.06073], ndcg=[0.01011, 0.01213, 0.01428, 0.02013], Train Rec Loss=[0.04908], Eval Rec Loss=[0.04900], c=[0.50000], F=[0.86615, 0.90848, 0.95390, 0.93993], F_fuse=[0.00622, 0.00439, 0.00305, 0.00243]
[ INFO : 2026-08-04 06:24:39,293 ] - Epoch 86: train==[108.16216 = 0.53607 + 0.83990 + 15.03179 + 0.00278 + 0.00000 + 0.00031 + 613.91511]
[ INFO : 2026-08-04 06:24:46,125 ] - Test_@[5, 10, 20, 50]: Recall=[0.01560, 0.02186, 0.02979, 0.06099],  precision=[0.00312, 0.00219, 0.00149, 0.00122], hit=[0.01560, 0.02186, 0.02979, 0.06099], ndcg=[0.01005, 0.01204, 0.01402, 0.02006], Train Rec Loss=[0.04913], Eval Rec Loss=[0.04899], c=[0.50000], F=[0.87203, 0.90787, 0.95358, 0.93834], F_fuse=[0.00622, 0.00436, 0.00297, 0.00244]
[ INFO : 2026-08-04 06:26:11,410 ] - Epoch 87: train==[108.10232 = 0.53384 + 0.83980 + 14.97404 + 0.00279 + 0.00000 + 0.00031 + 613.91635]
[ INFO : 2026-08-04 06:26:18,214 ] - Test_@[5, 10, 20, 50]: Recall=[0.01483, 0.02212, 0.03056, 0.06125],  precision=[0.00297, 0.00221, 0.00153, 0.00122], hit=[0.01483, 0.02212, 0.03056, 0.06125], ndcg=[0.00981, 0.01219, 0.01432, 0.02024], Train Rec Loss=[0.04916], Eval Rec Loss=[0.04905], c=[0.50000], F=[0.83707, 0.90214, 0.95619, 0.93907], F_fuse=[0.00591, 0.00441, 0.00305, 0.00245]
[ INFO : 2026-08-04 06:27:45,235 ] - Epoch 88: train==[108.00962 = 0.53015 + 0.83969 + 14.88539 + 0.00279 + 0.00000 + 0.00031 + 613.91444]
[ INFO : 2026-08-04 06:27:52,058 ] - Test_@[5, 10, 20, 50]: Recall=[0.01496, 0.02174, 0.02992, 0.06073],  precision=[0.00299, 0.00217, 0.00150, 0.00121], hit=[0.01496, 0.02174, 0.02992, 0.06073], ndcg=[0.00981, 0.01198, 0.01404, 0.02000], Train Rec Loss=[0.04909], Eval Rec Loss=[0.04899], c=[0.50000], F=[0.88804, 0.91285, 0.94968, 0.93873], F_fuse=[0.00596, 0.00434, 0.00299, 0.00243]
[ INFO : 2026-08-04 06:29:19,034 ] - Epoch 89: train==[107.96996 = 0.52905 + 0.83958 + 14.84705 + 0.00282 + 0.00000 + 0.00031 + 613.91316]
[ INFO : 2026-08-04 06:29:25,875 ] - Test_@[5, 10, 20, 50]: Recall=[0.01496, 0.02186, 0.02954, 0.06099],  precision=[0.00299, 0.00219, 0.00148, 0.00122], hit=[0.01496, 0.02186, 0.02954, 0.06099], ndcg=[0.00986, 0.01207, 0.01401, 0.02010], Train Rec Loss=[0.04911], Eval Rec Loss=[0.04901], c=[0.50000], F=[0.85579, 0.91014, 0.95259, 0.93846], F_fuse=[0.00596, 0.00436, 0.00295, 0.00244]
[ INFO : 2026-08-04 06:31:02,424 ] - Epoch 90: train==[107.87419 = 0.52778 + 0.83944 + 14.75260 + 0.00283 + 0.00000 + 0.00031 + 613.91339]
[ INFO : 2026-08-04 06:31:09,243 ] - Test_@[5, 10, 20, 50]: Recall=[0.01496, 0.02122, 0.03056, 0.06125],  precision=[0.00299, 0.00212, 0.00153, 0.00122], hit=[0.01496, 0.02122, 0.03056, 0.06125], ndcg=[0.00975, 0.01175, 0.01408, 0.02000], Train Rec Loss=[0.04912], Eval Rec Loss=[0.04897], c=[0.50000], F=[0.86682, 0.91234, 0.95109, 0.94000], F_fuse=[0.00596, 0.00424, 0.00305, 0.00245]
[ INFO : 2026-08-04 06:32:44,507 ] - Epoch 91: train==[107.79891 = 0.52572 + 0.83933 + 14.67933 + 0.00285 + 0.00000 + 0.00031 + 613.91405]
[ INFO : 2026-08-04 06:32:51,331 ] - Test_@[5, 10, 20, 50]: Recall=[0.01483, 0.02110, 0.02979, 0.06061],  precision=[0.00297, 0.00211, 0.00149, 0.00121], hit=[0.01483, 0.02110, 0.02979, 0.06061], ndcg=[0.00966, 0.01168, 0.01387, 0.01983], Train Rec Loss=[0.04914], Eval Rec Loss=[0.04892], c=[0.50000], F=[0.86826, 0.91146, 0.94974, 0.94009], F_fuse=[0.00591, 0.00421, 0.00297, 0.00242]
[ INFO : 2026-08-04 06:34:18,876 ] - Epoch 92: train==[107.70051 = 0.52071 + 0.83914 + 14.58605 + 0.00286 + 0.00000 + 0.00031 + 613.91395]
[ INFO : 2026-08-04 06:34:25,653 ] - Test_@[5, 10, 20, 50]: Recall=[0.01432, 0.02122, 0.02979, 0.06112],  precision=[0.00286, 0.00212, 0.00149, 0.00122], hit=[0.01432, 0.02122, 0.02979, 0.06112], ndcg=[0.00953, 0.01178, 0.01395, 0.02001], Train Rec Loss=[0.04904], Eval Rec Loss=[0.04904], c=[0.50000], F=[0.84470, 0.90963, 0.95318, 0.94087], F_fuse=[0.00571, 0.00424, 0.00297, 0.00244]
[ INFO : 2026-08-04 06:35:51,854 ] - Epoch 93: train==[107.79248 = 0.52400 + 0.83899 + 14.67538 + 0.00286 + 0.00000 + 0.00030 + 613.91022]
[ INFO : 2026-08-04 06:35:58,643 ] - Test_@[5, 10, 20, 50]: Recall=[0.01445, 0.01995, 0.02992, 0.06086],  precision=[0.00289, 0.00199, 0.00150, 0.00122], hit=[0.01445, 0.01995, 0.02992, 0.06086], ndcg=[0.00948, 0.01128, 0.01382, 0.01980], Train Rec Loss=[0.04907], Eval Rec Loss=[0.04893], c=[0.50000], F=[0.88353, 0.91168, 0.94771, 0.94090], F_fuse=[0.00576, 0.00398, 0.00299, 0.00243]
[ INFO : 2026-08-04 06:37:22,801 ] - Epoch 94: train==[107.67345 = 0.51768 + 0.83878 + 14.56247 + 0.00287 + 0.00000 + 0.00030 + 613.91238]
[ INFO : 2026-08-04 06:37:29,590 ] - Test_@[5, 10, 20, 50]: Recall=[0.01483, 0.02071, 0.02979, 0.06137],  precision=[0.00297, 0.00207, 0.00149, 0.00123], hit=[0.01483, 0.02071, 0.02979, 0.06137], ndcg=[0.00963, 0.01152, 0.01381, 0.01991], Train Rec Loss=[0.04909], Eval Rec Loss=[0.04894], c=[0.50000], F=[0.87279, 0.91191, 0.94936, 0.94181], F_fuse=[0.00591, 0.00413, 0.00297, 0.00245]
[ INFO : 2026-08-04 06:38:54,124 ] - Epoch 95: train==[107.57947 = 0.51867 + 0.83868 + 14.46685 + 0.00288 + 0.00000 + 0.00030 + 613.91712]
[ INFO : 2026-08-04 06:39:00,894 ] - Test_@[5, 10, 20, 50]: Recall=[0.01534, 0.02084, 0.02992, 0.06188],  precision=[0.00307, 0.00208, 0.00150, 0.00124], hit=[0.01534, 0.02084, 0.02992, 0.06188], ndcg=[0.00986, 0.01163, 0.01394, 0.02012], Train Rec Loss=[0.04909], Eval Rec Loss=[0.04898], c=[0.50000], F=[0.87119, 0.90868, 0.94932, 0.94157], F_fuse=[0.00612, 0.00416, 0.00299, 0.00247]
[ INFO : 2026-08-04 06:40:31,256 ] - Epoch 96: train==[107.59953 = 0.51329 + 0.83857 + 14.49329 + 0.00289 + 0.00000 + 0.00030 + 613.91079]
[ INFO : 2026-08-04 06:40:38,034 ] - Test_@[5, 10, 20, 50]: Recall=[0.01406, 0.02020, 0.02928, 0.06176],  precision=[0.00281, 0.00202, 0.00146, 0.00124], hit=[0.01406, 0.02020, 0.02928, 0.06176], ndcg=[0.00922, 0.01119, 0.01348, 0.01977], Train Rec Loss=[0.04903], Eval Rec Loss=[0.04909], c=[0.50000], F=[0.88228, 0.91020, 0.94623, 0.94157], F_fuse=[0.00561, 0.00403, 0.00292, 0.00247]
[ INFO : 2026-08-04 06:42:52,951 ] - Epoch 97: train==[107.43097 = 0.51373 + 0.83841 + 14.32378 + 0.00291 + 0.00000 + 0.00030 + 613.91469]
[ INFO : 2026-08-04 06:42:59,754 ] - Test_@[5, 10, 20, 50]: Recall=[0.01470, 0.02046, 0.03018, 0.06163],  precision=[0.00294, 0.00205, 0.00151, 0.00123], hit=[0.01470, 0.02046, 0.03018, 0.06163], ndcg=[0.00955, 0.01141, 0.01388, 0.01996], Train Rec Loss=[0.04903], Eval Rec Loss=[0.04912], c=[0.50000], F=[0.86678, 0.90951, 0.94843, 0.94104], F_fuse=[0.00586, 0.00408, 0.00301, 0.00246]
[ INFO : 2026-08-04 06:45:08,184 ] - Epoch 98: train==[107.44325 = 0.51055 + 0.83816 + 14.33976 + 0.00293 + 0.00000 + 0.00030 + 613.91211]
[ INFO : 2026-08-04 06:45:14,968 ] - Test_@[5, 10, 20, 50]: Recall=[0.01406, 0.02007, 0.02902, 0.06150],  precision=[0.00281, 0.00201, 0.00145, 0.00123], hit=[0.01406, 0.02007, 0.02902, 0.06150], ndcg=[0.00933, 0.01126, 0.01353, 0.01982], Train Rec Loss=[0.04907], Eval Rec Loss=[0.04893], c=[0.50000], F=[0.88954, 0.91206, 0.94492, 0.94046], F_fuse=[0.00561, 0.00401, 0.00290, 0.00246]
[ INFO : 2026-08-04 06:47:08,545 ] - Epoch 99: train==[107.35132 = 0.51322 + 0.83798 + 14.24527 + 0.00294 + 0.00000 + 0.00029 + 613.91204]
[ INFO : 2026-08-04 06:47:15,358 ] - Test_@[5, 10, 20, 50]: Recall=[0.01432, 0.02122, 0.02979, 0.06150],  precision=[0.00286, 0.00212, 0.00149, 0.00123], hit=[0.01432, 0.02122, 0.02979, 0.06150], ndcg=[0.00940, 0.01160, 0.01375, 0.01988], Train Rec Loss=[0.04909], Eval Rec Loss=[0.04891], c=[0.50000], F=[0.87123, 0.90924, 0.94868, 0.94159], F_fuse=[0.00571, 0.00424, 0.00297, 0.00246]
[ INFO : 2026-08-04 06:49:04,011 ] - Epoch 100: train==[107.30086 = 0.51488 + 0.83773 + 14.19343 + 0.00295 + 0.00000 + 0.00029 + 613.91116]
[ INFO : 2026-08-04 06:49:10,798 ] - Test_@[5, 10, 20, 50]: Recall=[0.01509, 0.02046, 0.02890, 0.06125],  precision=[0.00302, 0.00205, 0.00144, 0.00122], hit=[0.01509, 0.02046, 0.02890, 0.06125], ndcg=[0.00972, 0.01144, 0.01357, 0.01984], Train Rec Loss=[0.04910], Eval Rec Loss=[0.04898], c=[0.50000], F=[0.88813, 0.90852, 0.94407, 0.94126], F_fuse=[0.00601, 0.00408, 0.00289, 0.00245]
[ INFO : 2026-08-04 06:50:45,591 ] - Epoch 101: train==[107.12018 = 0.50528 + 0.83751 + 14.02218 + 0.00298 + 0.00000 + 0.00029 + 613.91291]
[ INFO : 2026-08-04 06:50:52,425 ] - Test_@[5, 10, 20, 50]: Recall=[0.01406, 0.01995, 0.02864, 0.06163],  precision=[0.00281, 0.00199, 0.00143, 0.00123], hit=[0.01406, 0.01995, 0.02864, 0.06163], ndcg=[0.00929, 0.01118, 0.01340, 0.01980], Train Rec Loss=[0.04907], Eval Rec Loss=[0.04891], c=[0.50000], F=[0.87819, 0.90864, 0.94568, 0.94154], F_fuse=[0.00561, 0.00398, 0.00286, 0.00246]
[ INFO : 2026-08-04 06:52:33,036 ] - Epoch 102: train==[107.19140 = 0.50413 + 0.83737 + 14.09473 + 0.00299 + 0.00000 + 0.00029 + 613.91224]
[ INFO : 2026-08-04 06:52:39,820 ] - Test_@[5, 10, 20, 50]: Recall=[0.01432, 0.01995, 0.02864, 0.06150],  precision=[0.00286, 0.00199, 0.00143, 0.00123], hit=[0.01432, 0.01995, 0.02864, 0.06150], ndcg=[0.00937, 0.01119, 0.01340, 0.01977], Train Rec Loss=[0.04904], Eval Rec Loss=[0.04897], c=[0.50000], F=[0.88356, 0.91291, 0.94420, 0.94152], F_fuse=[0.00571, 0.00398, 0.00286, 0.00246]
[ INFO : 2026-08-04 06:54:38,545 ] - Epoch 103: train==[107.14746 = 0.50771 + 0.83713 + 14.04741 + 0.00298 + 0.00000 + 0.00028 + 613.91191]
[ INFO : 2026-08-04 06:54:45,266 ] - Test_@[5, 10, 20, 50]: Recall=[0.01445, 0.02033, 0.02941, 0.06163],  precision=[0.00289, 0.00203, 0.00147, 0.00123], hit=[0.01445, 0.02033, 0.02941, 0.06163], ndcg=[0.00947, 0.01137, 0.01368, 0.01991], Train Rec Loss=[0.04908], Eval Rec Loss=[0.04897], c=[0.50000], F=[0.84997, 0.90692, 0.94901, 0.94253], F_fuse=[0.00576, 0.00406, 0.00294, 0.00246]
[ INFO : 2026-08-04 06:56:40,330 ] - Epoch 104: train==[107.12020 = 0.50789 + 0.83676 + 14.01913 + 0.00301 + 0.00000 + 0.00029 + 613.91881]
[ INFO : 2026-08-04 06:56:47,135 ] - Test_@[5, 10, 20, 50]: Recall=[0.01458, 0.01969, 0.02813, 0.06188],  precision=[0.00292, 0.00197, 0.00141, 0.00124], hit=[0.01458, 0.01969, 0.02813, 0.06188], ndcg=[0.00951, 0.01115, 0.01328, 0.01983], Train Rec Loss=[0.04911], Eval Rec Loss=[0.04901], c=[0.50000], F=[0.88314, 0.91051, 0.94351, 0.94098], F_fuse=[0.00581, 0.00393, 0.00281, 0.00247]
[ INFO : 2026-08-04 06:58:26,228 ] - Epoch 105: train==[107.07775 = 0.50500 + 0.83661 + 13.98071 + 0.00302 + 0.00000 + 0.00028 + 613.91179]
[ INFO : 2026-08-04 06:58:33,035 ] - Test_@[5, 10, 20, 50]: Recall=[0.01419, 0.02046, 0.02813, 0.06214],  precision=[0.00284, 0.00205, 0.00141, 0.00124], hit=[0.01419, 0.02046, 0.02813, 0.06214], ndcg=[0.00946, 0.01146, 0.01339, 0.01998], Train Rec Loss=[0.04914], Eval Rec Loss=[0.04905], c=[0.50000], F=[0.87368, 0.90823, 0.94688, 0.94161], F_fuse=[0.00566, 0.00408, 0.00281, 0.00248]
[ INFO : 2026-08-04 07:00:17,426 ] - Epoch 106: train==[106.98401 = 0.50065 + 0.83645 + 13.89132 + 0.00302 + 0.00000 + 0.00028 + 613.91245]
[ INFO : 2026-08-04 07:00:24,194 ] - Test_@[5, 10, 20, 50]: Recall=[0.01419, 0.01982, 0.02851, 0.06188],  precision=[0.00284, 0.00198, 0.00143, 0.00124], hit=[0.01419, 0.01982, 0.02851, 0.06188], ndcg=[0.00933, 0.01112, 0.01332, 0.01979], Train Rec Loss=[0.04907], Eval Rec Loss=[0.04891], c=[0.50000], F=[0.86352, 0.91120, 0.94610, 0.94229], F_fuse=[0.00566, 0.00396, 0.00285, 0.00247]
[ INFO : 2026-08-04 07:02:23,242 ] - Epoch 107: train==[106.89722 = 0.49764 + 0.83617 + 13.80821 + 0.00304 + 0.00000 + 0.00028 + 613.90898]
[ INFO : 2026-08-04 07:02:30,006 ] - Test_@[5, 10, 20, 50]: Recall=[0.01406, 0.01995, 0.02775, 0.06150],  precision=[0.00281, 0.00199, 0.00139, 0.00123], hit=[0.01406, 0.01995, 0.02775, 0.06150], ndcg=[0.00924, 0.01112, 0.01311, 0.01969], Train Rec Loss=[0.04912], Eval Rec Loss=[0.04894], c=[0.50000], F=[0.88407, 0.91019, 0.94066, 0.94265], F_fuse=[0.00561, 0.00398, 0.00277, 0.00246]
[ INFO : 2026-08-04 07:03:54,320 ] - Epoch 108: train==[106.83887 = 0.49386 + 0.83572 + 13.75348 + 0.00308 + 0.00000 + 0.00028 + 613.91159]
[ INFO : 2026-08-04 07:04:01,109 ] - Test_@[5, 10, 20, 50]: Recall=[0.01406, 0.01892, 0.02800, 0.06125],  precision=[0.00281, 0.00189, 0.00140, 0.00122], hit=[0.01406, 0.01892, 0.02800, 0.06125], ndcg=[0.00932, 0.01090, 0.01321, 0.01967], Train Rec Loss=[0.04902], Eval Rec Loss=[0.04902], c=[0.50000], F=[0.87122, 0.90901, 0.94372, 0.94219], F_fuse=[0.00561, 0.00378, 0.00280, 0.00245]
[ INFO : 2026-08-04 07:05:25,453 ] - Epoch 109: train==[106.84574 = 0.49342 + 0.83538 + 13.76136 + 0.00307 + 0.00000 + 0.00028 + 613.90917]
[ INFO : 2026-08-04 07:05:32,213 ] - Test_@[5, 10, 20, 50]: Recall=[0.01445, 0.01995, 0.02800, 0.06201],  precision=[0.00289, 0.00199, 0.00140, 0.00124], hit=[0.01445, 0.01995, 0.02800, 0.06201], ndcg=[0.00953, 0.01130, 0.01334, 0.01996], Train Rec Loss=[0.04921], Eval Rec Loss=[0.04902], c=[0.50000], F=[0.88388, 0.91185, 0.93949, 0.94121], F_fuse=[0.00576, 0.00398, 0.00280, 0.00248]
[ INFO : 2026-08-04 07:06:56,422 ] - Epoch 110: train==[106.80846 = 0.49644 + 0.83504 + 13.72136 + 0.00307 + 0.00000 + 0.00028 + 613.90848]
[ INFO : 2026-08-04 07:07:03,215 ] - Test_@[5, 10, 20, 50]: Recall=[0.01406, 0.01943, 0.02736, 0.06112],  precision=[0.00281, 0.00194, 0.00137, 0.00122], hit=[0.01406, 0.01943, 0.02736, 0.06112], ndcg=[0.00922, 0.01095, 0.01295, 0.01954], Train Rec Loss=[0.04910], Eval Rec Loss=[0.04901], c=[0.50000], F=[0.87710, 0.90933, 0.94032, 0.94104], F_fuse=[0.00561, 0.00388, 0.00273, 0.00244]
[ INFO : 2026-08-04 07:08:28,162 ] - Epoch 111: train==[106.71355 = 0.48941 + 0.83467 + 13.63349 + 0.00309 + 0.00000 + 0.00028 + 613.90981]
[ INFO : 2026-08-04 07:08:34,944 ] - Test_@[5, 10, 20, 50]: Recall=[0.01445, 0.01943, 0.02711, 0.06150],  precision=[0.00289, 0.00194, 0.00136, 0.00123], hit=[0.01445, 0.01943, 0.02711, 0.06150], ndcg=[0.00955, 0.01116, 0.01309, 0.01979], Train Rec Loss=[0.04916], Eval Rec Loss=[0.04910], c=[0.50000], F=[0.86809, 0.90888, 0.94066, 0.94122], F_fuse=[0.00576, 0.00388, 0.00271, 0.00246]
[ INFO : 2026-08-04 07:09:59,273 ] - Epoch 112: train==[106.59723 = 0.48953 + 0.83436 + 13.51726 + 0.00312 + 0.00000 + 0.00028 + 613.90948]
[ INFO : 2026-08-04 07:10:06,075 ] - Test_@[5, 10, 20, 50]: Recall=[0.01406, 0.01931, 0.02749, 0.06112],  precision=[0.00281, 0.00193, 0.00137, 0.00122], hit=[0.01406, 0.01931, 0.02749, 0.06112], ndcg=[0.00921, 0.01089, 0.01295, 0.01951], Train Rec Loss=[0.04917], Eval Rec Loss=[0.04897], c=[0.50000], F=[0.88260, 0.90966, 0.93808, 0.94034], F_fuse=[0.00561, 0.00385, 0.00274, 0.00244]
[ INFO : 2026-08-04 07:11:30,674 ] - Epoch 113: train==[106.58352 = 0.48507 + 0.83383 + 13.50847 + 0.00312 + 0.00000 + 0.00028 + 613.90854]
[ INFO : 2026-08-04 07:11:37,419 ] - Test_@[5, 10, 20, 50]: Recall=[0.01394, 0.01956, 0.02813, 0.06150],  precision=[0.00279, 0.00196, 0.00141, 0.00123], hit=[0.01394, 0.01956, 0.02813, 0.06150], ndcg=[0.00918, 0.01099, 0.01314, 0.01963], Train Rec Loss=[0.04920], Eval Rec Loss=[0.04901], c=[0.50000], F=[0.86183, 0.90914, 0.94262, 0.94029], F_fuse=[0.00556, 0.00390, 0.00281, 0.00246]
[ INFO : 2026-08-04 07:13:01,942 ] - Epoch 114: train==[106.55456 = 0.48552 + 0.83354 + 13.47913 + 0.00311 + 0.00000 + 0.00028 + 613.90931]
[ INFO : 2026-08-04 07:13:08,722 ] - Test_@[5, 10, 20, 50]: Recall=[0.01419, 0.01918, 0.02762, 0.06086],  precision=[0.00284, 0.00192, 0.00138, 0.00122], hit=[0.01419, 0.01918, 0.02762, 0.06086], ndcg=[0.00939, 0.01100, 0.01312, 0.01960], Train Rec Loss=[0.04915], Eval Rec Loss=[0.04898], c=[0.50000], F=[0.85793, 0.90786, 0.94096, 0.93916], F_fuse=[0.00566, 0.00383, 0.00276, 0.00243]
[ INFO : 2026-08-04 07:14:33,167 ] - Epoch 115: train==[106.48733 = 0.48589 + 0.83311 + 13.41138 + 0.00314 + 0.00000 + 0.00028 + 613.91182]
[ INFO : 2026-08-04 07:14:39,903 ] - Test_@[5, 10, 20, 50]: Recall=[0.01394, 0.01943, 0.02749, 0.06150],  precision=[0.00279, 0.00194, 0.00137, 0.00123], hit=[0.01394, 0.01943, 0.02749, 0.06150], ndcg=[0.00926, 0.01101, 0.01305, 0.01968], Train Rec Loss=[0.04916], Eval Rec Loss=[0.04907], c=[0.50000], F=[0.87569, 0.90960, 0.93734, 0.93869], F_fuse=[0.00556, 0.00388, 0.00274, 0.00246]
[ INFO : 2026-08-04 07:16:04,390 ] - Epoch 116: train==[106.53988 = 0.48496 + 0.83261 + 13.46595 + 0.00315 + 0.00000 + 0.00027 + 613.90650]
[ INFO : 2026-08-04 07:16:11,183 ] - Test_@[5, 10, 20, 50]: Recall=[0.01406, 0.01892, 0.02736, 0.06099],  precision=[0.00281, 0.00189, 0.00137, 0.00122], hit=[0.01406, 0.01892, 0.02736, 0.06099], ndcg=[0.00919, 0.01075, 0.01287, 0.01942], Train Rec Loss=[0.04906], Eval Rec Loss=[0.04925], c=[0.50000], F=[0.85198, 0.90834, 0.94174, 0.93980], F_fuse=[0.00561, 0.00378, 0.00273, 0.00244]
[ INFO : 2026-08-04 07:17:35,620 ] - Epoch 117: train==[106.37540 = 0.48172 + 0.83206 + 13.30467 + 0.00316 + 0.00000 + 0.00027 + 613.90892]
[ INFO : 2026-08-04 07:17:42,400 ] - Test_@[5, 10, 20, 50]: Recall=[0.01419, 0.01905, 0.02749, 0.06150],  precision=[0.00284, 0.00191, 0.00137, 0.00123], hit=[0.01419, 0.01905, 0.02749, 0.06150], ndcg=[0.00939, 0.01096, 0.01312, 0.01974], Train Rec Loss=[0.04923], Eval Rec Loss=[0.04910], c=[0.50000], F=[0.86771, 0.90858, 0.93905, 0.93956], F_fuse=[0.00566, 0.00380, 0.00274, 0.00246]
[ INFO : 2026-08-04 07:19:09,318 ] - Epoch 118: train==[106.35090 = 0.47958 + 0.83149 + 13.28279 + 0.00318 + 0.00000 + 0.00027 + 613.90786]
[ INFO : 2026-08-04 07:19:16,129 ] - Test_@[5, 10, 20, 50]: Recall=[0.01432, 0.01905, 0.02711, 0.06086],  precision=[0.00286, 0.00191, 0.00136, 0.00122], hit=[0.01432, 0.01905, 0.02711, 0.06086], ndcg=[0.00929, 0.01080, 0.01282, 0.01940], Train Rec Loss=[0.04926], Eval Rec Loss=[0.04922], c=[0.50000], F=[0.86492, 0.90941, 0.93907, 0.93956], F_fuse=[0.00571, 0.00380, 0.00271, 0.00243]
[ INFO : 2026-08-04 07:20:41,077 ] - Epoch 119: train==[106.25758 = 0.48107 + 0.83105 + 13.18841 + 0.00319 + 0.00000 + 0.00027 + 613.90668]
[ INFO : 2026-08-04 07:20:47,861 ] - Test_@[5, 10, 20, 50]: Recall=[0.01355, 0.01880, 0.02711, 0.06137],  precision=[0.00271, 0.00188, 0.00136, 0.00123], hit=[0.01355, 0.01880, 0.02711, 0.06137], ndcg=[0.00883, 0.01050, 0.01261, 0.01928], Train Rec Loss=[0.04927], Eval Rec Loss=[0.04911], c=[0.50000], F=[0.86860, 0.90679, 0.93762, 0.94036], F_fuse=[0.00540, 0.00375, 0.00271, 0.00245]
[ INFO : 2026-08-04 07:22:12,040 ] - Epoch 120: train==[106.24241 = 0.47879 + 0.83054 + 13.17587 + 0.00318 + 0.00000 + 0.00027 + 613.90646]
[ INFO : 2026-08-04 07:22:18,824 ] - Test_@[5, 10, 20, 50]: Recall=[0.01406, 0.01931, 0.02787, 0.06048],  precision=[0.00281, 0.00193, 0.00139, 0.00121], hit=[0.01406, 0.01931, 0.02787, 0.06048], ndcg=[0.00923, 0.01089, 0.01303, 0.01936], Train Rec Loss=[0.04920], Eval Rec Loss=[0.04910], c=[0.50000], F=[0.85275, 0.90711, 0.94116, 0.93882], F_fuse=[0.00561, 0.00385, 0.00278, 0.00242]
[ INFO : 2026-08-04 07:23:43,429 ] - Epoch 121: train==[106.25621 = 0.47494 + 0.82997 + 13.19331 + 0.00318 + 0.00000 + 0.00027 + 613.91013]
[ INFO : 2026-08-04 07:23:50,225 ] - Test_@[5, 10, 20, 50]: Recall=[0.01381, 0.01905, 0.02685, 0.06112],  precision=[0.00276, 0.00191, 0.00134, 0.00122], hit=[0.01381, 0.01905, 0.02685, 0.06112], ndcg=[0.00911, 0.01079, 0.01275, 0.01942], Train Rec Loss=[0.04933], Eval Rec Loss=[0.04918], c=[0.50000], F=[0.86288, 0.90773, 0.93789, 0.93905], F_fuse=[0.00551, 0.00380, 0.00268, 0.00244]
[ INFO : 2026-08-04 07:25:14,267 ] - Epoch 122: train==[106.19338 = 0.47578 + 0.82931 + 13.13000 + 0.00320 + 0.00000 + 0.00027 + 613.91027]
[ INFO : 2026-08-04 07:25:21,054 ] - Test_@[5, 10, 20, 50]: Recall=[0.01381, 0.01841, 0.02723, 0.06073],  precision=[0.00276, 0.00184, 0.00136, 0.00121], hit=[0.01381, 0.01841, 0.02723, 0.06073], ndcg=[0.00906, 0.01054, 0.01277, 0.01930], Train Rec Loss=[0.04925], Eval Rec Loss=[0.04924], c=[0.50000], F=[0.86892, 0.90651, 0.93823, 0.94017], F_fuse=[0.00551, 0.00367, 0.00272, 0.00243]
[ INFO : 2026-08-04 07:26:45,595 ] - Epoch 123: train==[106.14216 = 0.47716 + 0.82858 + 13.07822 + 0.00322 + 0.00000 + 0.00026 + 613.90768]
[ INFO : 2026-08-04 07:26:52,359 ] - Test_@[5, 10, 20, 50]: Recall=[0.01368, 0.01931, 0.02749, 0.06125],  precision=[0.00274, 0.00193, 0.00137, 0.00122], hit=[0.01368, 0.01931, 0.02749, 0.06125], ndcg=[0.00905, 0.01088, 0.01292, 0.01947], Train Rec Loss=[0.04939], Eval Rec Loss=[0.04918], c=[0.50000], F=[0.85582, 0.90652, 0.93785, 0.94009], F_fuse=[0.00546, 0.00385, 0.00274, 0.00245]
[ INFO : 2026-08-04 07:28:16,558 ] - Epoch 124: train==[106.01408 = 0.47223 + 0.82801 + 12.95534 + 0.00323 + 0.00000 + 0.00027 + 613.90796]
[ INFO : 2026-08-04 07:28:23,368 ] - Test_@[5, 10, 20, 50]: Recall=[0.01381, 0.01918, 0.02723, 0.06073],  precision=[0.00276, 0.00192, 0.00136, 0.00121], hit=[0.01381, 0.01918, 0.02723, 0.06073], ndcg=[0.00912, 0.01083, 0.01284, 0.01936], Train Rec Loss=[0.04936], Eval Rec Loss=[0.04925], c=[0.50000], F=[0.86288, 0.90810, 0.93663, 0.93910], F_fuse=[0.00551, 0.00383, 0.00272, 0.00243]
[ INFO : 2026-08-04 07:29:47,793 ] - Epoch 125: train==[106.01664 = 0.47092 + 0.82741 + 12.95968 + 0.00325 + 0.00000 + 0.00027 + 613.90715]
[ INFO : 2026-08-04 07:29:54,579 ] - Test_@[5, 10, 20, 50]: Recall=[0.01381, 0.01854, 0.02672, 0.06035],  precision=[0.00276, 0.00185, 0.00134, 0.00121], hit=[0.01381, 0.01854, 0.02672, 0.06035], ndcg=[0.00913, 0.01065, 0.01271, 0.01927], Train Rec Loss=[0.04937], Eval Rec Loss=[0.04928], c=[0.50000], F=[0.86198, 0.90937, 0.93499, 0.93873], F_fuse=[0.00551, 0.00370, 0.00267, 0.00241]
[ INFO : 2026-08-04 07:31:18,999 ] - Epoch 126: train==[105.88884 = 0.47134 + 0.82650 + 12.83232 + 0.00327 + 0.00000 + 0.00026 + 613.90494]
[ INFO : 2026-08-04 07:31:25,776 ] - Test_@[5, 10, 20, 50]: Recall=[0.01394, 0.01867, 0.02749, 0.06086],  precision=[0.00279, 0.00187, 0.00137, 0.00122], hit=[0.01394, 0.01867, 0.02749, 0.06086], ndcg=[0.00910, 0.01061, 0.01282, 0.01931], Train Rec Loss=[0.04950], Eval Rec Loss=[0.04936], c=[0.50000], F=[0.85233, 0.90613, 0.93892, 0.93967], F_fuse=[0.00556, 0.00373, 0.00274, 0.00243]
[ INFO : 2026-08-04 07:32:50,131 ] - Epoch 127: train==[105.88803 = 0.46955 + 0.82562 + 12.83369 + 0.00326 + 0.00000 + 0.00027 + 613.90591]
[ INFO : 2026-08-04 07:32:56,899 ] - Test_@[5, 10, 20, 50]: Recall=[0.01355, 0.01880, 0.02660, 0.06137],  precision=[0.00271, 0.00188, 0.00133, 0.00123], hit=[0.01355, 0.01880, 0.02660, 0.06137], ndcg=[0.00900, 0.01067, 0.01263, 0.01942], Train Rec Loss=[0.04944], Eval Rec Loss=[0.04928], c=[0.50000], F=[0.85786, 0.90696, 0.93711, 0.94038], F_fuse=[0.00540, 0.00375, 0.00266, 0.00245]
[ INFO : 2026-08-04 07:34:21,193 ] - Epoch 128: train==[105.88665 = 0.46878 + 0.82462 + 12.83335 + 0.00327 + 0.00000 + 0.00026 + 613.90804]
[ INFO : 2026-08-04 07:34:27,987 ] - Test_@[5, 10, 20, 50]: Recall=[0.01343, 0.01854, 0.02634, 0.06073],  precision=[0.00269, 0.00185, 0.00132, 0.00121], hit=[0.01343, 0.01854, 0.02634, 0.06073], ndcg=[0.00881, 0.01043, 0.01238, 0.01908], Train Rec Loss=[0.04948], Eval Rec Loss=[0.04945], c=[0.50000], F=[0.85747, 0.90680, 0.93363, 0.93954], F_fuse=[0.00535, 0.00370, 0.00263, 0.00243]
[ INFO : 2026-08-04 07:35:52,364 ] - Epoch 129: train==[105.80181 = 0.46751 + 0.82382 + 12.75036 + 0.00329 + 0.00000 + 0.00026 + 613.90725]
[ INFO : 2026-08-04 07:35:59,119 ] - Test_@[5, 10, 20, 50]: Recall=[0.01330, 0.01803, 0.02787, 0.06112],  precision=[0.00266, 0.00180, 0.00139, 0.00122], hit=[0.01330, 0.01803, 0.02787, 0.06112], ndcg=[0.00865, 0.01018, 0.01267, 0.01911], Train Rec Loss=[0.04952], Eval Rec Loss=[0.04937], c=[0.50000], F=[0.83782, 0.90435, 0.94021, 0.94062], F_fuse=[0.00530, 0.00360, 0.00278, 0.00244]
[ INFO : 2026-08-04 07:37:23,345 ] - Epoch 130: train==[105.83712 = 0.46446 + 0.82269 + 12.78947 + 0.00330 + 0.00000 + 0.00026 + 613.90679]
[ INFO : 2026-08-04 07:37:30,103 ] - Test_@[5, 10, 20, 50]: Recall=[0.01355, 0.01816, 0.02660, 0.06086],  precision=[0.00271, 0.00182, 0.00133, 0.00122], hit=[0.01355, 0.01816, 0.02660, 0.06086], ndcg=[0.00886, 0.01033, 0.01247, 0.01916], Train Rec Loss=[0.04947], Eval Rec Loss=[0.04935], c=[0.50000], F=[0.85546, 0.90647, 0.93461, 0.93882], F_fuse=[0.00540, 0.00362, 0.00266, 0.00243]
[ INFO : 2026-08-04 07:38:54,516 ] - Epoch 131: train==[105.74268 = 0.46064 + 0.82163 + 12.69939 + 0.00331 + 0.00000 + 0.00026 + 613.90735]
[ INFO : 2026-08-04 07:39:01,295 ] - Test_@[5, 10, 20, 50]: Recall=[0.01330, 0.01828, 0.02723, 0.06163],  precision=[0.00266, 0.00183, 0.00136, 0.00123], hit=[0.01330, 0.01828, 0.02723, 0.06163], ndcg=[0.00871, 0.01029, 0.01254, 0.01924], Train Rec Loss=[0.04967], Eval Rec Loss=[0.04953], c=[0.50000], F=[0.86463, 0.90571, 0.93415, 0.93871], F_fuse=[0.00530, 0.00365, 0.00272, 0.00246]
[ INFO : 2026-08-04 07:40:25,245 ] - Epoch 132: train==[105.66369 = 0.46246 + 0.82059 + 12.61940 + 0.00332 + 0.00000 + 0.00026 + 613.90599]
[ INFO : 2026-08-04 07:40:32,003 ] - Test_@[5, 10, 20, 50]: Recall=[0.01355, 0.01828, 0.02698, 0.06035],  precision=[0.00271, 0.00183, 0.00135, 0.00121], hit=[0.01355, 0.01828, 0.02698, 0.06035], ndcg=[0.00880, 0.01032, 0.01252, 0.01903], Train Rec Loss=[0.04965], Eval Rec Loss=[0.04954], c=[0.50000], F=[0.85549, 0.90691, 0.93447, 0.93853], F_fuse=[0.00540, 0.00365, 0.00269, 0.00241]
[ INFO : 2026-08-04 07:41:56,242 ] - Epoch 133: train==[105.69293 = 0.46139 + 0.81960 + 12.65044 + 0.00333 + 0.00000 + 0.00026 + 613.90492]
[ INFO : 2026-08-04 07:42:03,003 ] - Test_@[5, 10, 20, 50]: Recall=[0.01343, 0.01816, 0.02672, 0.06009],  precision=[0.00269, 0.00182, 0.00134, 0.00120], hit=[0.01343, 0.01816, 0.02672, 0.06009], ndcg=[0.00868, 0.01017, 0.01233, 0.01885], Train Rec Loss=[0.04970], Eval Rec Loss=[0.04969], c=[0.50000], F=[0.83741, 0.90355, 0.93807, 0.94048], F_fuse=[0.00535, 0.00362, 0.00267, 0.00240]
[ INFO : 2026-08-04 07:43:27,195 ] - Epoch 134: train==[105.59985 = 0.45905 + 0.81866 + 12.55976 + 0.00334 + 0.00000 + 0.00026 + 613.90825]
[ INFO : 2026-08-04 07:43:34,005 ] - Test_@[5, 10, 20, 50]: Recall=[0.01368, 0.01803, 0.02698, 0.06099],  precision=[0.00274, 0.00180, 0.00135, 0.00122], hit=[0.01368, 0.01803, 0.02698, 0.06099], ndcg=[0.00880, 0.01019, 0.01244, 0.01908], Train Rec Loss=[0.04981], Eval Rec Loss=[0.04963], c=[0.50000], F=[0.84830, 0.90568, 0.93542, 0.93936], F_fuse=[0.00545, 0.00360, 0.00269, 0.00244]
[ INFO : 2026-08-04 07:44:58,372 ] - Epoch 135: train==[105.55330 = 0.45828 + 0.81746 + 12.51462 + 0.00333 + 0.00000 + 0.00026 + 613.90889]
[ INFO : 2026-08-04 07:45:05,153 ] - Test_@[5, 10, 20, 50]: Recall=[0.01317, 0.01764, 0.02596, 0.06086],  precision=[0.00263, 0.00176, 0.00130, 0.00122], hit=[0.01317, 0.01764, 0.02596, 0.06086], ndcg=[0.00863, 0.01007, 0.01216, 0.01897], Train Rec Loss=[0.04985], Eval Rec Loss=[0.04972], c=[0.50000], F=[0.85370, 0.90311, 0.93198, 0.93745], F_fuse=[0.00525, 0.00352, 0.00259, 0.00243]
[ INFO : 2026-08-04 07:46:29,774 ] - Epoch 136: train==[105.50908 = 0.45628 + 0.81614 + 12.47328 + 0.00338 + 0.00000 + 0.00026 + 613.90797]
[ INFO : 2026-08-04 07:46:36,516 ] - Test_@[5, 10, 20, 50]: Recall=[0.01330, 0.01777, 0.02660, 0.06022],  precision=[0.00266, 0.00178, 0.00133, 0.00120], hit=[0.01330, 0.01777, 0.02660, 0.06022], ndcg=[0.00867, 0.01011, 0.01234, 0.01892], Train Rec Loss=[0.04978], Eval Rec Loss=[0.04988], c=[0.50000], F=[0.84754, 0.90546, 0.93496, 0.93847], F_fuse=[0.00530, 0.00355, 0.00266, 0.00241]
[ INFO : 2026-08-04 07:48:01,004 ] - Epoch 137: train==[105.45644 = 0.45732 + 0.81490 + 12.42080 + 0.00335 + 0.00000 + 0.00026 + 613.90510]
[ INFO : 2026-08-04 07:48:07,800 ] - Test_@[5, 10, 20, 50]: Recall=[0.01291, 0.01790, 0.02583, 0.06022],  precision=[0.00258, 0.00179, 0.00129, 0.00120], hit=[0.01291, 0.01790, 0.02583, 0.06022], ndcg=[0.00853, 0.01012, 0.01210, 0.01880], Train Rec Loss=[0.05001], Eval Rec Loss=[0.04974], c=[0.50000], F=[0.85584, 0.90429, 0.93134, 0.93859], F_fuse=[0.00515, 0.00357, 0.00258, 0.00241]
[ INFO : 2026-08-04 07:49:31,972 ] - Epoch 138: train==[105.43785 = 0.45780 + 0.81406 + 12.40198 + 0.00339 + 0.00000 + 0.00025 + 613.90666]
[ INFO : 2026-08-04 07:49:38,752 ] - Test_@[5, 10, 20, 50]: Recall=[0.01202, 0.01777, 0.02660, 0.05997],  precision=[0.00240, 0.00178, 0.00133, 0.00120], hit=[0.01202, 0.01777, 0.02660, 0.05997], ndcg=[0.00810, 0.00997, 0.01218, 0.01869], Train Rec Loss=[0.05003], Eval Rec Loss=[0.04977], c=[0.50000], F=[0.84741, 0.90218, 0.93249, 0.93895], F_fuse=[0.00479, 0.00355, 0.00266, 0.00240]
[ INFO : 2026-08-04 07:51:03,442 ] - Epoch 139: train==[105.43546 = 0.45766 + 0.81265 + 12.40062 + 0.00338 + 0.00000 + 0.00025 + 613.90636]
[ INFO : 2026-08-04 07:51:10,262 ] - Test_@[5, 10, 20, 50]: Recall=[0.01330, 0.01777, 0.02608, 0.06073],  precision=[0.00266, 0.00178, 0.00130, 0.00121], hit=[0.01330, 0.01777, 0.02608, 0.06073], ndcg=[0.00866, 0.01012, 0.01219, 0.01896], Train Rec Loss=[0.05005], Eval Rec Loss=[0.04997], c=[0.50000], F=[0.85041, 0.90314, 0.93285, 0.93816], F_fuse=[0.00530, 0.00355, 0.00260, 0.00243]
[ INFO : 2026-08-04 07:52:34,659 ] - Epoch 140: train==[105.32958 = 0.45696 + 0.81140 + 12.29627 + 0.00340 + 0.00000 + 0.00025 + 613.90567]
[ INFO : 2026-08-04 07:52:41,440 ] - Test_@[5, 10, 20, 50]: Recall=[0.01240, 0.01816, 0.02660, 0.06112],  precision=[0.00248, 0.00182, 0.00133, 0.00122], hit=[0.01240, 0.01816, 0.02660, 0.06112], ndcg=[0.00834, 0.01022, 0.01231, 0.01904], Train Rec Loss=[0.05016], Eval Rec Loss=[0.04992], c=[0.50000], F=[0.84431, 0.90389, 0.93394, 0.93871], F_fuse=[0.00495, 0.00362, 0.00266, 0.00244]
[ INFO : 2026-08-04 07:54:05,622 ] - Epoch 141: train==[105.35800 = 0.45314 + 0.81038 + 12.32927 + 0.00340 + 0.00000 + 0.00025 + 613.90474]
[ INFO : 2026-08-04 07:54:12,411 ] - Test_@[5, 10, 20, 50]: Recall=[0.01215, 0.01752, 0.02634, 0.05971],  precision=[0.00243, 0.00175, 0.00132, 0.00119], hit=[0.01215, 0.01752, 0.02634, 0.05971], ndcg=[0.00811, 0.00986, 0.01205, 0.01853], Train Rec Loss=[0.05004], Eval Rec Loss=[0.04999], c=[0.50000], F=[0.85181, 0.90130, 0.93019, 0.93858], F_fuse=[0.00484, 0.00350, 0.00263, 0.00239]
[ INFO : 2026-08-04 07:55:37,040 ] - Epoch 142: train==[105.29138 = 0.44986 + 0.80852 + 12.26684 + 0.00341 + 0.00000 + 0.00025 + 613.90601]
[ INFO : 2026-08-04 07:55:43,814 ] - Test_@[5, 10, 20, 50]: Recall=[0.01266, 0.01764, 0.02660, 0.06009],  precision=[0.00253, 0.00176, 0.00133, 0.00120], hit=[0.01266, 0.01764, 0.02660, 0.06009], ndcg=[0.00830, 0.00995, 0.01218, 0.01874], Train Rec Loss=[0.05027], Eval Rec Loss=[0.05021], c=[0.50000], F=[0.84370, 0.90276, 0.93456, 0.93860], F_fuse=[0.00505, 0.00352, 0.00266, 0.00240]
[ INFO : 2026-08-04 07:57:08,650 ] - Epoch 143: train==[105.24193 = 0.45031 + 0.80757 + 12.21780 + 0.00343 + 0.00000 + 0.00025 + 613.90398]
[ INFO : 2026-08-04 07:57:15,404 ] - Test_@[5, 10, 20, 50]: Recall=[0.01189, 0.01752, 0.02583, 0.05869],  precision=[0.00238, 0.00175, 0.00129, 0.00117], hit=[0.01189, 0.01752, 0.02583, 0.05869], ndcg=[0.00799, 0.00982, 0.01188, 0.01832], Train Rec Loss=[0.05031], Eval Rec Loss=[0.05029], c=[0.50000], F=[0.84801, 0.90057, 0.93166, 0.93897], F_fuse=[0.00474, 0.00350, 0.00258, 0.00234]
[ INFO : 2026-08-04 07:58:39,784 ] - Epoch 144: train==[105.22560 = 0.45049 + 0.80600 + 12.20187 + 0.00344 + 0.00000 + 0.00025 + 613.90635]
[ INFO : 2026-08-04 07:58:46,589 ] - Test_@[5, 10, 20, 50]: Recall=[0.01138, 0.01726, 0.02698, 0.05933],  precision=[0.00228, 0.00173, 0.00135, 0.00119], hit=[0.01138, 0.01726, 0.02698, 0.05933], ndcg=[0.00783, 0.00978, 0.01219, 0.01852], Train Rec Loss=[0.05050], Eval Rec Loss=[0.05027], c=[0.50000], F=[0.84383, 0.90095, 0.93318, 0.93907], F_fuse=[0.00454, 0.00345, 0.00269, 0.00237]
[ INFO : 2026-08-04 08:00:11,124 ] - Epoch 145: train==[105.18371 = 0.45017 + 0.80449 + 12.16104 + 0.00345 + 0.00000 + 0.00025 + 613.90736]
[ INFO : 2026-08-04 08:00:17,891 ] - Test_@[5, 10, 20, 50]: Recall=[0.01151, 0.01764, 0.02723, 0.06035],  precision=[0.00230, 0.00176, 0.00136, 0.00121], hit=[0.01151, 0.01764, 0.02723, 0.06035], ndcg=[0.00775, 0.00976, 0.01212, 0.01855], Train Rec Loss=[0.05036], Eval Rec Loss=[0.05043], c=[0.50000], F=[0.84197, 0.90169, 0.93284, 0.93915], F_fuse=[0.00459, 0.00352, 0.00272, 0.00241]
[ INFO : 2026-08-04 08:01:42,387 ] - Epoch 146: train==[105.15425 = 0.45056 + 0.80301 + 12.13248 + 0.00346 + 0.00000 + 0.00025 + 613.90458]
[ INFO : 2026-08-04 08:01:49,146 ] - Test_@[5, 10, 20, 50]: Recall=[0.01164, 0.01739, 0.02736, 0.05946],  precision=[0.00233, 0.00174, 0.00137, 0.00119], hit=[0.01164, 0.01739, 0.02736, 0.05946], ndcg=[0.00785, 0.00972, 0.01220, 0.01845], Train Rec Loss=[0.05069], Eval Rec Loss=[0.05042], c=[0.50000], F=[0.84942, 0.90215, 0.93069, 0.94004], F_fuse=[0.00464, 0.00347, 0.00273, 0.00238]
[ INFO : 2026-08-04 08:03:13,859 ] - Epoch 147: train==[105.06267 = 0.44752 + 0.80196 + 12.04420 + 0.00347 + 0.00000 + 0.00025 + 613.90703]
[ INFO : 2026-08-04 08:03:20,664 ] - Test_@[5, 10, 20, 50]: Recall=[0.01164, 0.01739, 0.02672, 0.05933],  precision=[0.00233, 0.00174, 0.00134, 0.00119], hit=[0.01164, 0.01739, 0.02672, 0.05933], ndcg=[0.00782, 0.00971, 0.01202, 0.01841], Train Rec Loss=[0.05060], Eval Rec Loss=[0.05049], c=[0.50000], F=[0.84510, 0.90159, 0.93177, 0.93850], F_fuse=[0.00464, 0.00347, 0.00267, 0.00237]
[ INFO : 2026-08-04 08:04:44,854 ] - Epoch 148: train==[104.98722 = 0.44428 + 0.80031 + 11.97314 + 0.00348 + 0.00000 + 0.00025 + 613.90584]
[ INFO : 2026-08-04 08:04:51,641 ] - Test_@[5, 10, 20, 50]: Recall=[0.01227, 0.01777, 0.02660, 0.05946],  precision=[0.00245, 0.00178, 0.00133, 0.00119], hit=[0.01227, 0.01777, 0.02660, 0.05946], ndcg=[0.00820, 0.00998, 0.01217, 0.01861], Train Rec Loss=[0.05079], Eval Rec Loss=[0.05060], c=[0.50000], F=[0.84974, 0.90057, 0.93131, 0.93824], F_fuse=[0.00490, 0.00355, 0.00266, 0.00238]
[ INFO : 2026-08-04 08:06:16,194 ] - Epoch 149: train==[104.98317 = 0.44584 + 0.79893 + 11.96805 + 0.00349 + 0.00000 + 0.00025 + 613.90791]
[ INFO : 2026-08-04 08:06:22,991 ] - Test_@[5, 10, 20, 50]: Recall=[0.01151, 0.01764, 0.02672, 0.05933],  precision=[0.00230, 0.00176, 0.00134, 0.00119], hit=[0.01151, 0.01764, 0.02672, 0.05933], ndcg=[0.00797, 0.00997, 0.01222, 0.01859], Train Rec Loss=[0.05084], Eval Rec Loss=[0.05078], c=[0.50000], F=[0.84335, 0.90081, 0.92980, 0.93814], F_fuse=[0.00459, 0.00352, 0.00267, 0.00237]
[ INFO : 2026-08-04 08:07:47,270 ] - Epoch 150: train==[105.02144 = 0.45002 + 0.79753 + 12.00339 + 0.00348 + 0.00000 + 0.00024 + 613.90532]
[ INFO : 2026-08-04 08:07:54,027 ] - Test_@[5, 10, 20, 50]: Recall=[0.01112, 0.01701, 0.02647, 0.05894],  precision=[0.00222, 0.00170, 0.00132, 0.00118], hit=[0.01112, 0.01701, 0.02647, 0.05894], ndcg=[0.00757, 0.00949, 0.01184, 0.01818], Train Rec Loss=[0.05091], Eval Rec Loss=[0.05096], c=[0.50000], F=[0.84830, 0.89879, 0.92753, 0.93737], F_fuse=[0.00444, 0.00339, 0.00264, 0.00235]
[ INFO : 2026-08-04 08:09:19,143 ] - Epoch 151: train==[104.96565 = 0.44564 + 0.79627 + 11.95323 + 0.00348 + 0.00000 + 0.00025 + 613.90194]
[ INFO : 2026-08-04 08:09:25,952 ] - Test_@[5, 10, 20, 50]: Recall=[0.01100, 0.01713, 0.02723, 0.05946],  precision=[0.00220, 0.00171, 0.00136, 0.00119], hit=[0.01100, 0.01713, 0.02723, 0.05946], ndcg=[0.00753, 0.00951, 0.01201, 0.01832], Train Rec Loss=[0.05104], Eval Rec Loss=[0.05094], c=[0.50000], F=[0.83785, 0.90081, 0.93212, 0.93871], F_fuse=[0.00439, 0.00342, 0.00272, 0.00238]
[ INFO : 2026-08-04 08:10:50,148 ] - Epoch 152: train==[104.93366 = 0.44120 + 0.79475 + 11.92626 + 0.00351 + 0.00000 + 0.00024 + 613.90398]
[ INFO : 2026-08-04 08:10:56,943 ] - Test_@[5, 10, 20, 50]: Recall=[0.01112, 0.01713, 0.02723, 0.05984],  precision=[0.00222, 0.00171, 0.00136, 0.00120], hit=[0.01112, 0.01713, 0.02723, 0.05984], ndcg=[0.00762, 0.00961, 0.01210, 0.01848], Train Rec Loss=[0.05126], Eval Rec Loss=[0.05095], c=[0.50000], F=[0.84798, 0.89964, 0.93046, 0.93772], F_fuse=[0.00444, 0.00342, 0.00272, 0.00239]
[ INFO : 2026-08-04 08:12:21,686 ] - Epoch 153: train==[104.93164 = 0.43940 + 0.79365 + 11.92665 + 0.00352 + 0.00000 + 0.00024 + 613.90429]
[ INFO : 2026-08-04 08:12:28,483 ] - Test_@[5, 10, 20, 50]: Recall=[0.01087, 0.01688, 0.02634, 0.05946],  precision=[0.00217, 0.00169, 0.00132, 0.00119], hit=[0.01087, 0.01688, 0.02634, 0.05946], ndcg=[0.00741, 0.00939, 0.01173, 0.01822], Train Rec Loss=[0.05124], Eval Rec Loss=[0.05106], c=[0.50000], F=[0.84517, 0.89779, 0.93067, 0.93928], F_fuse=[0.00434, 0.00337, 0.00263, 0.00238]
[ INFO : 2026-08-04 08:13:52,634 ] - Epoch 154: train==[104.81588 = 0.44162 + 0.79270 + 11.80926 + 0.00352 + 0.00000 + 0.00024 + 613.90408]
[ INFO : 2026-08-04 08:13:59,454 ] - Test_@[5, 10, 20, 50]: Recall=[0.01074, 0.01790, 0.02736, 0.05946],  precision=[0.00215, 0.00179, 0.00137, 0.00119], hit=[0.01074, 0.01790, 0.02736, 0.05946], ndcg=[0.00754, 0.00985, 0.01217, 0.01843], Train Rec Loss=[0.05127], Eval Rec Loss=[0.05112], c=[0.50000], F=[0.84514, 0.89929, 0.93111, 0.93919], F_fuse=[0.00429, 0.00357, 0.00273, 0.00238]
[ INFO : 2026-08-04 08:15:24,340 ] - Epoch 155: train==[104.71503 = 0.43980 + 0.79086 + 11.71125 + 0.00354 + 0.00000 + 0.00024 + 613.90446]
[ INFO : 2026-08-04 08:15:31,152 ] - Test_@[5, 10, 20, 50]: Recall=[0.01048, 0.01637, 0.02634, 0.05971],  precision=[0.00210, 0.00164, 0.00132, 0.00119], hit=[0.01048, 0.01637, 0.02634, 0.05971], ndcg=[0.00731, 0.00925, 0.01173, 0.01826], Train Rec Loss=[0.05142], Eval Rec Loss=[0.05132], c=[0.50000], F=[0.84529, 0.89881, 0.92837, 0.93710], F_fuse=[0.00418, 0.00327, 0.00263, 0.00239]
[ INFO : 2026-08-04 08:16:55,698 ] - Epoch 156: train==[104.71486 = 0.43812 + 0.78977 + 11.71325 + 0.00357 + 0.00000 + 0.00024 + 613.90541]
[ INFO : 2026-08-04 08:17:02,487 ] - Test_@[5, 10, 20, 50]: Recall=[0.01074, 0.01649, 0.02647, 0.06009],  precision=[0.00215, 0.00165, 0.00132, 0.00120], hit=[0.01074, 0.01649, 0.02647, 0.06009], ndcg=[0.00740, 0.00930, 0.01179, 0.01837], Train Rec Loss=[0.05152], Eval Rec Loss=[0.05131], c=[0.50000], F=[0.84322, 0.89969, 0.92984, 0.93816], F_fuse=[0.00429, 0.00329, 0.00264, 0.00240]
[ INFO : 2026-08-04 08:18:27,398 ] - Epoch 157: train==[104.68715 = 0.43610 + 0.78815 + 11.68863 + 0.00356 + 0.00000 + 0.00024 + 613.90481]
[ INFO : 2026-08-04 08:18:34,192 ] - Test_@[5, 10, 20, 50]: Recall=[0.01036, 0.01598, 0.02621, 0.05933],  precision=[0.00207, 0.00160, 0.00131, 0.00119], hit=[0.01036, 0.01598, 0.02621, 0.05933], ndcg=[0.00705, 0.00887, 0.01140, 0.01786], Train Rec Loss=[0.05165], Eval Rec Loss=[0.05140], c=[0.50000], F=[0.84795, 0.89772, 0.92704, 0.93751], F_fuse=[0.00413, 0.00319, 0.00262, 0.00237]
[ INFO : 2026-08-04 08:19:58,697 ] - Epoch 158: train==[104.68034 = 0.43496 + 0.78692 + 11.68381 + 0.00355 + 0.00000 + 0.00024 + 613.90415]
[ INFO : 2026-08-04 08:20:05,474 ] - Test_@[5, 10, 20, 50]: Recall=[0.01061, 0.01637, 0.02698, 0.05984],  precision=[0.00212, 0.00164, 0.00135, 0.00120], hit=[0.01061, 0.01637, 0.02698, 0.05984], ndcg=[0.00755, 0.00945, 0.01208, 0.01850], Train Rec Loss=[0.05159], Eval Rec Loss=[0.05167], c=[0.50000], F=[0.84462, 0.89938, 0.92951, 0.93798], F_fuse=[0.00423, 0.00327, 0.00269, 0.00239]
[ INFO : 2026-08-04 08:21:29,981 ] - Epoch 159: train==[104.62539 = 0.43671 + 0.78611 + 11.62748 + 0.00358 + 0.00000 + 0.00024 + 613.90464]
[ INFO : 2026-08-04 08:21:36,747 ] - Test_@[5, 10, 20, 50]: Recall=[0.01100, 0.01739, 0.02711, 0.05984],  precision=[0.00220, 0.00174, 0.00136, 0.00120], hit=[0.01100, 0.01739, 0.02711, 0.05984], ndcg=[0.00753, 0.00959, 0.01197, 0.01837], Train Rec Loss=[0.05163], Eval Rec Loss=[0.05164], c=[0.50000], F=[0.84491, 0.89923, 0.93044, 0.93844], F_fuse=[0.00439, 0.00347, 0.00271, 0.00239]
[ INFO : 2026-08-04 08:23:01,718 ] - Epoch 160: train==[104.61377 = 0.43416 + 0.78500 + 11.61932 + 0.00358 + 0.00000 + 0.00024 + 613.90308]
[ INFO : 2026-08-04 08:23:08,447 ] - Test_@[5, 10, 20, 50]: Recall=[0.01061, 0.01560, 0.02621, 0.05869],  precision=[0.00212, 0.00156, 0.00131, 0.00117], hit=[0.01061, 0.01560, 0.02621, 0.05869], ndcg=[0.00717, 0.00881, 0.01145, 0.01781], Train Rec Loss=[0.05194], Eval Rec Loss=[0.05196], c=[0.50000], F=[0.84434, 0.89735, 0.92635, 0.93635], F_fuse=[0.00423, 0.00311, 0.00262, 0.00234]
[ INFO : 2026-08-04 08:24:33,308 ] - Epoch 161: train==[104.58014 = 0.43454 + 0.78396 + 11.58588 + 0.00360 + 0.00000 + 0.00024 + 613.90336]
[ INFO : 2026-08-04 08:24:40,116 ] - Test_@[5, 10, 20, 50]: Recall=[0.01074, 0.01662, 0.02557, 0.05894],  precision=[0.00215, 0.00166, 0.00128, 0.00118], hit=[0.01074, 0.01662, 0.02557, 0.05894], ndcg=[0.00742, 0.00933, 0.01157, 0.01810], Train Rec Loss=[0.05181], Eval Rec Loss=[0.05178], c=[0.50000], F=[0.84347, 0.89830, 0.92970, 0.93921], F_fuse=[0.00429, 0.00332, 0.00255, 0.00235]
[ INFO : 2026-08-04 08:26:04,728 ] - Epoch 162: train==[104.56520 = 0.43221 + 0.78253 + 11.57407 + 0.00363 + 0.00000 + 0.00024 + 613.90351]
[ INFO : 2026-08-04 08:26:11,497 ] - Test_@[5, 10, 20, 50]: Recall=[0.01074, 0.01598, 0.02583, 0.05792],  precision=[0.00215, 0.00160, 0.00129, 0.00116], hit=[0.01074, 0.01598, 0.02583, 0.05792], ndcg=[0.00735, 0.00904, 0.01148, 0.01776], Train Rec Loss=[0.05221], Eval Rec Loss=[0.05215], c=[0.50000], F=[0.84673, 0.89801, 0.92641, 0.93800], F_fuse=[0.00429, 0.00319, 0.00258, 0.00231]
[ INFO : 2026-08-04 08:27:36,136 ] - Epoch 163: train==[104.50205 = 0.43227 + 0.78154 + 11.51131 + 0.00362 + 0.00000 + 0.00024 + 613.90452]
[ INFO : 2026-08-04 08:27:42,882 ] - Test_@[5, 10, 20, 50]: Recall=[0.01061, 0.01688, 0.02672, 0.05843],  precision=[0.00212, 0.00169, 0.00134, 0.00117], hit=[0.01061, 0.01688, 0.02672, 0.05843], ndcg=[0.00739, 0.00945, 0.01188, 0.01809], Train Rec Loss=[0.05214], Eval Rec Loss=[0.05194], c=[0.50000], F=[0.84507, 0.89836, 0.92820, 0.93786], F_fuse=[0.00423, 0.00337, 0.00267, 0.00233]
[ INFO : 2026-08-04 08:29:07,740 ] - Epoch 164: train==[104.42204 = 0.42991 + 0.78020 + 11.43485 + 0.00364 + 0.00000 + 0.00024 + 613.90188]
[ INFO : 2026-08-04 08:29:14,502 ] - Test_@[5, 10, 20, 50]: Recall=[0.01010, 0.01662, 0.02634, 0.05767],  precision=[0.00202, 0.00166, 0.00132, 0.00115], hit=[0.01010, 0.01662, 0.02634, 0.05767], ndcg=[0.00720, 0.00931, 0.01174, 0.01786], Train Rec Loss=[0.05227], Eval Rec Loss=[0.05193], c=[0.50000], F=[0.84089, 0.89819, 0.92852, 0.93821], F_fuse=[0.00403, 0.00332, 0.00263, 0.00230]
[ INFO : 2026-08-04 08:30:39,591 ] - Epoch 165: train==[104.43215 = 0.42845 + 0.77899 + 11.44697 + 0.00364 + 0.00000 + 0.00024 + 613.90305]
[ INFO : 2026-08-04 08:30:46,370 ] - Test_@[5, 10, 20, 50]: Recall=[0.00997, 0.01547, 0.02634, 0.05779],  precision=[0.00199, 0.00155, 0.00132, 0.00116], hit=[0.00997, 0.01547, 0.02634, 0.05779], ndcg=[0.00676, 0.00853, 0.01120, 0.01733], Train Rec Loss=[0.05234], Eval Rec Loss=[0.05222], c=[0.50000], F=[0.84184, 0.89631, 0.92627, 0.93757], F_fuse=[0.00398, 0.00309, 0.00263, 0.00231]
[ INFO : 2026-08-04 08:32:11,300 ] - Epoch 166: train==[104.35362 = 0.43190 + 0.77825 + 11.36522 + 0.00364 + 0.00000 + 0.00024 + 613.90445]
[ INFO : 2026-08-04 08:32:18,087 ] - Test_@[5, 10, 20, 50]: Recall=[0.01023, 0.01624, 0.02647, 0.05856],  precision=[0.00205, 0.00162, 0.00132, 0.00117], hit=[0.01023, 0.01624, 0.02647, 0.05856], ndcg=[0.00715, 0.00909, 0.01163, 0.01790], Train Rec Loss=[0.05229], Eval Rec Loss=[0.05219], c=[0.50000], F=[0.84271, 0.89715, 0.92658, 0.93756], F_fuse=[0.00408, 0.00324, 0.00264, 0.00234]
[ INFO : 2026-08-04 08:33:42,966 ] - Epoch 167: train==[104.28979 = 0.42704 + 0.77673 + 11.30721 + 0.00367 + 0.00000 + 0.00024 + 613.90387]
[ INFO : 2026-08-04 08:33:49,764 ] - Test_@[5, 10, 20, 50]: Recall=[0.01048, 0.01598, 0.02583, 0.05818],  precision=[0.00210, 0.00160, 0.00129, 0.00116], hit=[0.01048, 0.01598, 0.02583, 0.05818], ndcg=[0.00706, 0.00884, 0.01127, 0.01760], Train Rec Loss=[0.05268], Eval Rec Loss=[0.05242], c=[0.50000], F=[0.84296, 0.89697, 0.92718, 0.93729], F_fuse=[0.00418, 0.00319, 0.00258, 0.00232]
[ INFO : 2026-08-04 08:35:14,055 ] - Epoch 168: train==[104.33262 = 0.42821 + 0.77611 + 11.34973 + 0.00365 + 0.00000 + 0.00024 + 613.90078]
[ INFO : 2026-08-04 08:35:20,842 ] - Test_@[5, 10, 20, 50]: Recall=[0.01048, 0.01637, 0.02698, 0.05882],  precision=[0.00210, 0.00164, 0.00135, 0.00118], hit=[0.01048, 0.01637, 0.02698, 0.05882], ndcg=[0.00724, 0.00914, 0.01178, 0.01798], Train Rec Loss=[0.05272], Eval Rec Loss=[0.05230], c=[0.50000], F=[0.84028, 0.89886, 0.92826, 0.93790], F_fuse=[0.00418, 0.00327, 0.00269, 0.00235]
[ INFO : 2026-08-04 08:36:45,299 ] - Epoch 169: train==[104.29321 = 0.42738 + 0.77497 + 11.31197 + 0.00368 + 0.00000 + 0.00024 + 613.89971]
[ INFO : 2026-08-04 08:36:52,104 ] - Test_@[5, 10, 20, 50]: Recall=[0.00972, 0.01637, 0.02570, 0.05843],  precision=[0.00194, 0.00164, 0.00129, 0.00117], hit=[0.00972, 0.01637, 0.02570, 0.05843], ndcg=[0.00690, 0.00899, 0.01129, 0.01770], Train Rec Loss=[0.05299], Eval Rec Loss=[0.05265], c=[0.50000], F=[0.83705, 0.89534, 0.92610, 0.93848], F_fuse=[0.00388, 0.00327, 0.00257, 0.00233]
[ INFO : 2026-08-04 08:38:16,651 ] - Epoch 170: train==[104.25808 = 0.42397 + 0.77367 + 11.28043 + 0.00369 + 0.00000 + 0.00024 + 613.90367]
[ INFO : 2026-08-04 08:38:23,407 ] - Test_@[5, 10, 20, 50]: Recall=[0.01023, 0.01585, 0.02660, 0.05971],  precision=[0.00205, 0.00159, 0.00133, 0.00119], hit=[0.01023, 0.01585, 0.02660, 0.05971], ndcg=[0.00715, 0.00898, 0.01163, 0.01811], Train Rec Loss=[0.05260], Eval Rec Loss=[0.05279], c=[0.50000], F=[0.84162, 0.89676, 0.92711, 0.93790], F_fuse=[0.00408, 0.00317, 0.00266, 0.00239]
[ INFO : 2026-08-04 08:39:48,212 ] - Epoch 171: train==[104.20703 = 0.42287 + 0.77268 + 11.23126 + 0.00370 + 0.00000 + 0.00024 + 613.90236]
[ INFO : 2026-08-04 08:39:54,975 ] - Test_@[5, 10, 20, 50]: Recall=[0.01010, 0.01573, 0.02672, 0.05882],  precision=[0.00202, 0.00157, 0.00134, 0.00118], hit=[0.01010, 0.01573, 0.02672, 0.05882], ndcg=[0.00682, 0.00862, 0.01134, 0.01760], Train Rec Loss=[0.05281], Eval Rec Loss=[0.05272], c=[0.50000], F=[0.84165, 0.89718, 0.92720, 0.93724], F_fuse=[0.00403, 0.00314, 0.00267, 0.00235]
[ INFO : 2026-08-04 08:41:19,426 ] - Epoch 172: train==[104.20631 = 0.42205 + 0.77170 + 11.23182 + 0.00372 + 0.00000 + 0.00024 + 613.90305]
[ INFO : 2026-08-04 08:41:26,219 ] - Test_@[5, 10, 20, 50]: Recall=[0.00985, 0.01547, 0.02672, 0.05779],  precision=[0.00197, 0.00155, 0.00134, 0.00116], hit=[0.00985, 0.01547, 0.02672, 0.05779], ndcg=[0.00681, 0.00860, 0.01139, 0.01747], Train Rec Loss=[0.05304], Eval Rec Loss=[0.05297], c=[0.50000], F=[0.84076, 0.89537, 0.92558, 0.93742], F_fuse=[0.00393, 0.00309, 0.00267, 0.00231]
[ INFO : 2026-08-04 08:42:51,454 ] - Epoch 173: train==[104.22765 = 0.42384 + 0.77073 + 11.25190 + 0.00370 + 0.00000 + 0.00023 + 613.90359]
[ INFO : 2026-08-04 08:42:58,270 ] - Test_@[5, 10, 20, 50]: Recall=[0.00997, 0.01598, 0.02698, 0.05818],  precision=[0.00199, 0.00160, 0.00135, 0.00116], hit=[0.00997, 0.01598, 0.02698, 0.05818], ndcg=[0.00698, 0.00889, 0.01161, 0.01770], Train Rec Loss=[0.05314], Eval Rec Loss=[0.05290], c=[0.50000], F=[0.83843, 0.89787, 0.92762, 0.93854], F_fuse=[0.00398, 0.00319, 0.00269, 0.00232]
[ INFO : 2026-08-04 08:44:23,386 ] - Epoch 174: train==[104.10513 = 0.42097 + 0.76990 + 11.13259 + 0.00375 + 0.00000 + 0.00023 + 613.90435]
[ INFO : 2026-08-04 08:44:30,155 ] - Test_@[5, 10, 20, 50]: Recall=[0.01061, 0.01624, 0.02711, 0.05805],  precision=[0.00212, 0.00162, 0.00136, 0.00116], hit=[0.01061, 0.01624, 0.02711, 0.05805], ndcg=[0.00729, 0.00912, 0.01180, 0.01784], Train Rec Loss=[0.05329], Eval Rec Loss=[0.05287], c=[0.50000], F=[0.84443, 0.89746, 0.92536, 0.93649], F_fuse=[0.00423, 0.00324, 0.00271, 0.00232]
[ INFO : 2026-08-04 08:45:55,498 ] - Epoch 175: train==[104.04400 = 0.41631 + 0.76841 + 11.07756 + 0.00376 + 0.00000 + 0.00024 + 613.90066]
[ INFO : 2026-08-04 08:46:02,281 ] - Test_@[5, 10, 20, 50]: Recall=[0.00946, 0.01458, 0.02596, 0.05728],  precision=[0.00189, 0.00146, 0.00130, 0.00115], hit=[0.00946, 0.01458, 0.02596, 0.05728], ndcg=[0.00649, 0.00811, 0.01093, 0.01706], Train Rec Loss=[0.05334], Eval Rec Loss=[0.05317], c=[0.50000], F=[0.83612, 0.89461, 0.92570, 0.93782], F_fuse=[0.00378, 0.00291, 0.00259, 0.00229]
[ INFO : 2026-08-04 08:47:26,903 ] - Epoch 176: train==[104.13604 = 0.41959 + 0.76725 + 11.16660 + 0.00373 + 0.00000 + 0.00023 + 613.90358]
[ INFO : 2026-08-04 08:47:33,672 ] - Test_@[5, 10, 20, 50]: Recall=[0.00997, 0.01585, 0.02583, 0.05626],  precision=[0.00199, 0.00159, 0.00129, 0.00113], hit=[0.00997, 0.01585, 0.02583, 0.05626], ndcg=[0.00692, 0.00878, 0.01126, 0.01723], Train Rec Loss=[0.05357], Eval Rec Loss=[0.05348], c=[0.50000], F=[0.84210, 0.89758, 0.92533, 0.93687], F_fuse=[0.00398, 0.00317, 0.00258, 0.00225]
[ INFO : 2026-08-04 08:48:58,823 ] - Epoch 177: train==[104.01484 = 0.42446 + 0.76674 + 11.04092 + 0.00375 + 0.00000 + 0.00024 + 613.90288]
[ INFO : 2026-08-04 08:49:05,571 ] - Test_@[5, 10, 20, 50]: Recall=[0.01023, 0.01573, 0.02621, 0.05728],  precision=[0.00205, 0.00157, 0.00131, 0.00115], hit=[0.01023, 0.01573, 0.02621, 0.05728], ndcg=[0.00727, 0.00901, 0.01162, 0.01770], Train Rec Loss=[0.05353], Eval Rec Loss=[0.05322], c=[0.50000], F=[0.83970, 0.89782, 0.92618, 0.93697], F_fuse=[0.00408, 0.00314, 0.00262, 0.00229]
[ INFO : 2026-08-04 08:50:30,005 ] - Epoch 178: train==[104.03957 = 0.41980 + 0.76561 + 11.07102 + 0.00376 + 0.00000 + 0.00023 + 613.90254]
[ INFO : 2026-08-04 08:50:36,809 ] - Test_@[5, 10, 20, 50]: Recall=[0.00959, 0.01560, 0.02660, 0.05715],  precision=[0.00192, 0.00156, 0.00133, 0.00114], hit=[0.00959, 0.01560, 0.02660, 0.05715], ndcg=[0.00676, 0.00867, 0.01139, 0.01736], Train Rec Loss=[0.05352], Eval Rec Loss=[0.05351], c=[0.50000], F=[0.84312, 0.89627, 0.92560, 0.93733], F_fuse=[0.00383, 0.00311, 0.00266, 0.00228]
[ INFO : 2026-08-04 08:52:02,410 ] - Epoch 179: train==[104.00594 = 0.41645 + 0.76471 + 11.04120 + 0.00379 + 0.00000 + 0.00023 + 613.90294]
[ INFO : 2026-08-04 08:52:09,176 ] - Test_@[5, 10, 20, 50]: Recall=[0.01036, 0.01585, 0.02608, 0.05792],  precision=[0.00207, 0.00159, 0.00130, 0.00116], hit=[0.01036, 0.01585, 0.02608, 0.05792], ndcg=[0.00695, 0.00866, 0.01120, 0.01746], Train Rec Loss=[0.05357], Eval Rec Loss=[0.05336], c=[0.50000], F=[0.84319, 0.89833, 0.92686, 0.93734], F_fuse=[0.00413, 0.00317, 0.00260, 0.00231]
[ INFO : 2026-08-04 08:53:33,940 ] - Epoch 180: train==[103.98206 = 0.41521 + 0.76363 + 11.01913 + 0.00380 + 0.00000 + 0.00023 + 613.90334]
[ INFO : 2026-08-04 08:53:40,776 ] - Test_@[5, 10, 20, 50]: Recall=[0.01023, 0.01611, 0.02608, 0.05613],  precision=[0.00205, 0.00161, 0.00130, 0.00112], hit=[0.01023, 0.01611, 0.02608, 0.05613], ndcg=[0.00705, 0.00891, 0.01138, 0.01729], Train Rec Loss=[0.05376], Eval Rec Loss=[0.05356], c=[0.50000], F=[0.84203, 0.89660, 0.92469, 0.93559], F_fuse=[0.00408, 0.00322, 0.00260, 0.00224]
[ INFO : 2026-08-04 08:55:05,801 ] - Epoch 181: train==[103.88356 = 0.41594 + 0.76266 + 10.92059 + 0.00380 + 0.00000 + 0.00024 + 613.90259]
[ INFO : 2026-08-04 08:55:12,563 ] - Test_@[5, 10, 20, 50]: Recall=[0.00997, 0.01598, 0.02621, 0.05651],  precision=[0.00199, 0.00160, 0.00131, 0.00113], hit=[0.00997, 0.01598, 0.02621, 0.05651], ndcg=[0.00676, 0.00865, 0.01118, 0.01710], Train Rec Loss=[0.05387], Eval Rec Loss=[0.05353], c=[0.50000], F=[0.83871, 0.89687, 0.92530, 0.93659], F_fuse=[0.00398, 0.00319, 0.00262, 0.00226]
[ INFO : 2026-08-04 08:56:37,493 ] - Epoch 182: train==[103.90029 = 0.41377 + 0.76217 + 10.93973 + 0.00379 + 0.00000 + 0.00023 + 613.90308]
[ INFO : 2026-08-04 08:56:44,285 ] - Test_@[5, 10, 20, 50]: Recall=[0.01010, 0.01483, 0.02634, 0.05664],  precision=[0.00202, 0.00148, 0.00132, 0.00113], hit=[0.01010, 0.01483, 0.02634, 0.05664], ndcg=[0.00684, 0.00831, 0.01120, 0.01714], Train Rec Loss=[0.05408], Eval Rec Loss=[0.05367], c=[0.50000], F=[0.84130, 0.89555, 0.92508, 0.93686], F_fuse=[0.00403, 0.00296, 0.00263, 0.00226]
[ INFO : 2026-08-04 08:58:09,465 ] - Epoch 183: train==[103.81609 = 0.41266 + 0.76053 + 10.85780 + 0.00382 + 0.00000 + 0.00023 + 613.90172]
[ INFO : 2026-08-04 08:58:16,231 ] - Test_@[5, 10, 20, 50]: Recall=[0.00997, 0.01547, 0.02685, 0.05728],  precision=[0.00199, 0.00155, 0.00134, 0.00115], hit=[0.00997, 0.01547, 0.02685, 0.05728], ndcg=[0.00701, 0.00875, 0.01158, 0.01754], Train Rec Loss=[0.05416], Eval Rec Loss=[0.05379], c=[0.50000], F=[0.83628, 0.89646, 0.92620, 0.93637], F_fuse=[0.00398, 0.00309, 0.00268, 0.00229]
[ INFO : 2026-08-04 08:59:40,797 ] - Epoch 184: train==[103.80254 = 0.41311 + 0.75975 + 10.84388 + 0.00383 + 0.00000 + 0.00023 + 613.90424]
[ INFO : 2026-08-04 08:59:47,547 ] - Test_@[5, 10, 20, 50]: Recall=[0.00997, 0.01496, 0.02621, 0.05600],  precision=[0.00199, 0.00150, 0.00131, 0.00112], hit=[0.00997, 0.01496, 0.02621, 0.05600], ndcg=[0.00683, 0.00839, 0.01118, 0.01703], Train Rec Loss=[0.05408], Eval Rec Loss=[0.05388], c=[0.50000], F=[0.83753, 0.89608, 0.92527, 0.93728], F_fuse=[0.00398, 0.00299, 0.00262, 0.00224]
[ INFO : 2026-08-04 09:01:12,788 ] - Epoch 185: train==[103.83972 = 0.41250 + 0.75867 + 10.88236 + 0.00381 + 0.00000 + 0.00023 + 613.90404]
[ INFO : 2026-08-04 09:01:19,567 ] - Test_@[5, 10, 20, 50]: Recall=[0.00997, 0.01496, 0.02672, 0.05562],  precision=[0.00199, 0.00150, 0.00134, 0.00111], hit=[0.00997, 0.01496, 0.02672, 0.05562], ndcg=[0.00684, 0.00841, 0.01134, 0.01699], Train Rec Loss=[0.05429], Eval Rec Loss=[0.05413], c=[0.50000], F=[0.84108, 0.89633, 0.92482, 0.93640], F_fuse=[0.00398, 0.00299, 0.00267, 0.00222]
[ INFO : 2026-08-04 09:02:44,313 ] - Epoch 186: train==[103.76704 = 0.41127 + 0.75803 + 10.81144 + 0.00385 + 0.00000 + 0.00023 + 613.90287]
[ INFO : 2026-08-04 09:02:51,073 ] - Test_@[5, 10, 20, 50]: Recall=[0.00985, 0.01611, 0.02596, 0.05664],  precision=[0.00197, 0.00161, 0.00130, 0.00113], hit=[0.00985, 0.01611, 0.02596, 0.05664], ndcg=[0.00697, 0.00898, 0.01143, 0.01744], Train Rec Loss=[0.05409], Eval Rec Loss=[0.05393], c=[0.50000], F=[0.83922, 0.89691, 0.92590, 0.93587], F_fuse=[0.00393, 0.00322, 0.00259, 0.00226]
[ INFO : 2026-08-04 09:04:15,730 ] - Epoch 187: train==[103.73835 = 0.40809 + 0.75663 + 10.78647 + 0.00387 + 0.00000 + 0.00023 + 613.90466]
[ INFO : 2026-08-04 09:04:22,490 ] - Test_@[5, 10, 20, 50]: Recall=[0.00972, 0.01598, 0.02749, 0.05779],  precision=[0.00194, 0.00160, 0.00137, 0.00116], hit=[0.00972, 0.01598, 0.02749, 0.05779], ndcg=[0.00661, 0.00857, 0.01141, 0.01734], Train Rec Loss=[0.05405], Eval Rec Loss=[0.05427], c=[0.50000], F=[0.84309, 0.89721, 0.92586, 0.93703], F_fuse=[0.00388, 0.00319, 0.00274, 0.00231]
[ INFO : 2026-08-04 09:05:47,120 ] - Epoch 188: train==[103.73004 = 0.41047 + 0.75587 + 10.77637 + 0.00388 + 0.00000 + 0.00023 + 613.90373]
[ INFO : 2026-08-04 09:05:53,904 ] - Test_@[5, 10, 20, 50]: Recall=[0.00895, 0.01470, 0.02519, 0.05549],  precision=[0.00179, 0.00147, 0.00126, 0.00111], hit=[0.00895, 0.01470, 0.02519, 0.05549], ndcg=[0.00631, 0.00812, 0.01070, 0.01664], Train Rec Loss=[0.05437], Eval Rec Loss=[0.05421], c=[0.50000], F=[0.84028, 0.89233, 0.92182, 0.93518], F_fuse=[0.00357, 0.00294, 0.00252, 0.00222]
[ INFO : 2026-08-04 09:07:18,751 ] - Epoch 189: train==[103.69812 = 0.40698 + 0.75435 + 10.74910 + 0.00387 + 0.00000 + 0.00023 + 613.90224]
[ INFO : 2026-08-04 09:07:25,547 ] - Test_@[5, 10, 20, 50]: Recall=[0.00959, 0.01483, 0.02634, 0.05728],  precision=[0.00192, 0.00148, 0.00132, 0.00115], hit=[0.00959, 0.01483, 0.02634, 0.05728], ndcg=[0.00672, 0.00836, 0.01124, 0.01728], Train Rec Loss=[0.05453], Eval Rec Loss=[0.05439], c=[0.50000], F=[0.83823, 0.89528, 0.92475, 0.93651], F_fuse=[0.00383, 0.00296, 0.00263, 0.00229]
[ INFO : 2026-08-04 09:08:50,455 ] - Epoch 190: train==[103.61458 = 0.40644 + 0.75352 + 10.66653 + 0.00388 + 0.00000 + 0.00023 + 613.90258]
[ INFO : 2026-08-04 09:08:57,214 ] - Test_@[5, 10, 20, 50]: Recall=[0.01023, 0.01534, 0.02749, 0.05690],  precision=[0.00205, 0.00153, 0.00137, 0.00114], hit=[0.01023, 0.01534, 0.02749, 0.05690], ndcg=[0.00698, 0.00858, 0.01161, 0.01733], Train Rec Loss=[0.05480], Eval Rec Loss=[0.05435], c=[0.50000], F=[0.83811, 0.89761, 0.92478, 0.93570], F_fuse=[0.00408, 0.00306, 0.00274, 0.00227]
[ INFO : 2026-08-04 09:10:22,338 ] - Epoch 191: train==[103.67156 = 0.40871 + 0.75259 + 10.72162 + 0.00390 + 0.00000 + 0.00023 + 613.90358]
[ INFO : 2026-08-04 09:10:29,096 ] - Test_@[5, 10, 20, 50]: Recall=[0.00933, 0.01419, 0.02583, 0.05600],  precision=[0.00187, 0.00142, 0.00129, 0.00112], hit=[0.00933, 0.01419, 0.02583, 0.05600], ndcg=[0.00650, 0.00806, 0.01096, 0.01687], Train Rec Loss=[0.05462], Eval Rec Loss=[0.05471], c=[0.50000], F=[0.83162, 0.89550, 0.92506, 0.93596], F_fuse=[0.00373, 0.00283, 0.00258, 0.00224]
[ INFO : 2026-08-04 09:11:53,561 ] - Epoch 192: train==[103.65905 = 0.40632 + 0.75135 + 10.71241 + 0.00390 + 0.00000 + 0.00023 + 613.90252]
[ INFO : 2026-08-04 09:12:00,321 ] - Test_@[5, 10, 20, 50]: Recall=[0.00972, 0.01522, 0.02698, 0.05805],  precision=[0.00194, 0.00152, 0.00135, 0.00116], hit=[0.00972, 0.01522, 0.02698, 0.05805], ndcg=[0.00685, 0.00860, 0.01153, 0.01759], Train Rec Loss=[0.05466], Eval Rec Loss=[0.05471], c=[0.50000], F=[0.83948, 0.89630, 0.92422, 0.93518], F_fuse=[0.00388, 0.00304, 0.00269, 0.00232]
[ INFO : 2026-08-04 09:13:25,293 ] - Epoch 193: train==[103.63716 = 0.40714 + 0.75034 + 10.69003 + 0.00392 + 0.00000 + 0.00023 + 613.90421]
[ INFO : 2026-08-04 09:13:32,078 ] - Test_@[5, 10, 20, 50]: Recall=[0.01023, 0.01534, 0.02621, 0.05703],  precision=[0.00205, 0.00153, 0.00131, 0.00114], hit=[0.01023, 0.01534, 0.02621, 0.05703], ndcg=[0.00693, 0.00852, 0.01123, 0.01727], Train Rec Loss=[0.05501], Eval Rec Loss=[0.05475], c=[0.50000], F=[0.84095, 0.89508, 0.92410, 0.93591], F_fuse=[0.00408, 0.00306, 0.00262, 0.00228]
[ INFO : 2026-08-04 09:14:56,769 ] - Epoch 194: train==[103.57855 = 0.40333 + 0.74923 + 10.63581 + 0.00392 + 0.00000 + 0.00023 + 613.90480]
[ INFO : 2026-08-04 09:15:03,549 ] - Test_@[5, 10, 20, 50]: Recall=[0.00997, 0.01445, 0.02557, 0.05588],  precision=[0.00199, 0.00144, 0.00128, 0.00112], hit=[0.00997, 0.01445, 0.02557, 0.05588], ndcg=[0.00676, 0.00816, 0.01093, 0.01687], Train Rec Loss=[0.05548], Eval Rec Loss=[0.05492], c=[0.50000], F=[0.83718, 0.89558, 0.92332, 0.93618], F_fuse=[0.00398, 0.00289, 0.00255, 0.00223]
[ INFO : 2026-08-04 09:16:28,599 ] - Epoch 195: train==[103.57570 = 0.40433 + 0.74809 + 10.63271 + 0.00393 + 0.00000 + 0.00023 + 613.90428]
[ INFO : 2026-08-04 09:16:35,366 ] - Test_@[5, 10, 20, 50]: Recall=[0.01010, 0.01381, 0.02506, 0.05485],  precision=[0.00202, 0.00138, 0.00125, 0.00110], hit=[0.01010, 0.01381, 0.02506, 0.05485], ndcg=[0.00681, 0.00796, 0.01079, 0.01665], Train Rec Loss=[0.05514], Eval Rec Loss=[0.05480], c=[0.50000], F=[0.83836, 0.89352, 0.92204, 0.93510], F_fuse=[0.00403, 0.00276, 0.00250, 0.00219]
[ INFO : 2026-08-04 09:17:59,463 ] - Epoch 196: train==[103.49679 = 0.40532 + 0.74706 + 10.55366 + 0.00396 + 0.00000 + 0.00023 + 613.90258]
[ INFO : 2026-08-04 09:18:06,276 ] - Test_@[5, 10, 20, 50]: Recall=[0.00972, 0.01406, 0.02608, 0.05498],  precision=[0.00194, 0.00141, 0.00130, 0.00110], hit=[0.00972, 0.01406, 0.02608, 0.05498], ndcg=[0.00654, 0.00790, 0.01090, 0.01657], Train Rec Loss=[0.05481], Eval Rec Loss=[0.05460], c=[0.50000], F=[0.83251, 0.89318, 0.92392, 0.93637], F_fuse=[0.00388, 0.00281, 0.00260, 0.00220]
[ INFO : 2026-08-04 09:19:31,237 ] - Epoch 197: train==[103.51261 = 0.40193 + 0.74596 + 10.57335 + 0.00395 + 0.00000 + 0.00023 + 613.90380]
[ INFO : 2026-08-04 09:19:38,003 ] - Test_@[5, 10, 20, 50]: Recall=[0.01010, 0.01483, 0.02647, 0.05485],  precision=[0.00202, 0.00148, 0.00132, 0.00110], hit=[0.01010, 0.01483, 0.02647, 0.05485], ndcg=[0.00679, 0.00827, 0.01116, 0.01671], Train Rec Loss=[0.05514], Eval Rec Loss=[0.05492], c=[0.50000], F=[0.83925, 0.89495, 0.92229, 0.93519], F_fuse=[0.00403, 0.00296, 0.00264, 0.00219]
[ INFO : 2026-08-04 09:21:02,599 ] - Epoch 198: train==[103.45305 = 0.40274 + 0.74461 + 10.51421 + 0.00399 + 0.00000 + 0.00023 + 613.90069]
[ INFO : 2026-08-04 09:21:09,389 ] - Test_@[5, 10, 20, 50]: Recall=[0.00997, 0.01445, 0.02621, 0.05511],  precision=[0.00199, 0.00144, 0.00131, 0.00110], hit=[0.00997, 0.01445, 0.02621, 0.05511], ndcg=[0.00667, 0.00807, 0.01101, 0.01669], Train Rec Loss=[0.05527], Eval Rec Loss=[0.05501], c=[0.50000], F=[0.83437, 0.89539, 0.92487, 0.93613], F_fuse=[0.00398, 0.00289, 0.00262, 0.00220]
[ INFO : 2026-08-04 09:22:34,601 ] - Epoch 199: train==[103.46989 = 0.39995 + 0.74356 + 10.53392 + 0.00399 + 0.00000 + 0.00023 + 613.90442]
[ INFO : 2026-08-04 09:22:41,394 ] - Test_@[5, 10, 20, 50]: Recall=[0.00972, 0.01432, 0.02532, 0.05524],  precision=[0.00194, 0.00143, 0.00127, 0.00110], hit=[0.00972, 0.01432, 0.02532, 0.05524], ndcg=[0.00672, 0.00816, 0.01091, 0.01678], Train Rec Loss=[0.05553], Eval Rec Loss=[0.05544], c=[0.50000], F=[0.83612, 0.89382, 0.92287, 0.93599], F_fuse=[0.00388, 0.00286, 0.00253, 0.00221]
[ INFO : 2026-08-04 09:24:05,974 ] - Epoch 200: train==[103.42691 = 0.39940 + 0.74226 + 10.49232 + 0.00400 + 0.00000 + 0.00023 + 613.90399]
[ INFO : 2026-08-04 09:24:12,738 ] - Test_@[5, 10, 20, 50]: Recall=[0.00933, 0.01432, 0.02647, 0.05588],  precision=[0.00187, 0.00143, 0.00132, 0.00112], hit=[0.00933, 0.01432, 0.02647, 0.05588], ndcg=[0.00637, 0.00793, 0.01096, 0.01670], Train Rec Loss=[0.05583], Eval Rec Loss=[0.05586], c=[0.50000], F=[0.83584, 0.89689, 0.92387, 0.93485], F_fuse=[0.00373, 0.00286, 0.00264, 0.00223]
[ INFO : 2026-08-04 09:25:38,467 ] - Epoch 201: train==[103.41796 = 0.40083 + 0.74137 + 10.48245 + 0.00402 + 0.00000 + 0.00022 + 613.90405]
[ INFO : 2026-08-04 09:25:45,254 ] - Test_@[5, 10, 20, 50]: Recall=[0.00997, 0.01419, 0.02570, 0.05447],  precision=[0.00199, 0.00142, 0.00129, 0.00109], hit=[0.00997, 0.01419, 0.02570, 0.05447], ndcg=[0.00682, 0.00814, 0.01104, 0.01671], Train Rec Loss=[0.05560], Eval Rec Loss=[0.05522], c=[0.50000], F=[0.83504, 0.89267, 0.92271, 0.93592], F_fuse=[0.00398, 0.00283, 0.00257, 0.00218]
[ INFO : 2026-08-04 09:27:09,867 ] - Epoch 202: train==[103.42857 = 0.39775 + 0.74010 + 10.49700 + 0.00400 + 0.00000 + 0.00023 + 613.90352]
[ INFO : 2026-08-04 09:27:16,613 ] - Test_@[5, 10, 20, 50]: Recall=[0.00985, 0.01432, 0.02570, 0.05409],  precision=[0.00197, 0.00143, 0.00129, 0.00108], hit=[0.00985, 0.01432, 0.02570, 0.05409], ndcg=[0.00672, 0.00812, 0.01096, 0.01653], Train Rec Loss=[0.05570], Eval Rec Loss=[0.05559], c=[0.50000], F=[0.83318, 0.89329, 0.92338, 0.93656], F_fuse=[0.00393, 0.00286, 0.00257, 0.00216]
[ INFO : 2026-08-04 09:28:41,661 ] - Epoch 203: train==[103.36568 = 0.39912 + 0.73895 + 10.43363 + 0.00402 + 0.00000 + 0.00023 + 613.90209]
[ INFO : 2026-08-04 09:28:48,458 ] - Test_@[5, 10, 20, 50]: Recall=[0.00946, 0.01419, 0.02596, 0.05460],  precision=[0.00189, 0.00142, 0.00130, 0.00109], hit=[0.00946, 0.01419, 0.02596, 0.05460], ndcg=[0.00654, 0.00805, 0.01098, 0.01660], Train Rec Loss=[0.05568], Eval Rec Loss=[0.05577], c=[0.50000], F=[0.83644, 0.89422, 0.92243, 0.93445], F_fuse=[0.00378, 0.00283, 0.00259, 0.00218]
[ INFO : 2026-08-04 09:30:13,119 ] - Epoch 204: train==[103.35335 = 0.39538 + 0.73737 + 10.42568 + 0.00402 + 0.00000 + 0.00023 + 613.90403]
[ INFO : 2026-08-04 09:30:19,863 ] - Test_@[5, 10, 20, 50]: Recall=[0.00972, 0.01368, 0.02596, 0.05511],  precision=[0.00194, 0.00137, 0.00130, 0.00110], hit=[0.00972, 0.01368, 0.02596, 0.05511], ndcg=[0.00668, 0.00794, 0.01101, 0.01672], Train Rec Loss=[0.05610], Eval Rec Loss=[0.05574], c=[0.50000], F=[0.83692, 0.89555, 0.92247, 0.93568], F_fuse=[0.00388, 0.00273, 0.00259, 0.00220]
[ INFO : 2026-08-04 09:31:44,527 ] - Epoch 205: train==[103.32520 = 0.39887 + 0.73618 + 10.39500 + 0.00404 + 0.00000 + 0.00023 + 613.90234]
[ INFO : 2026-08-04 09:31:51,276 ] - Test_@[5, 10, 20, 50]: Recall=[0.00985, 0.01406, 0.02647, 0.05562],  precision=[0.00197, 0.00141, 0.00132, 0.00111], hit=[0.00985, 0.01406, 0.02647, 0.05562], ndcg=[0.00665, 0.00797, 0.01108, 0.01680], Train Rec Loss=[0.05592], Eval Rec Loss=[0.05558], c=[0.50000], F=[0.83772, 0.89569, 0.92313, 0.93580], F_fuse=[0.00393, 0.00281, 0.00264, 0.00222]
[ INFO : 2026-08-04 09:33:15,847 ] - Epoch 206: train==[103.30848 = 0.39413 + 0.73497 + 10.38355 + 0.00405 + 0.00000 + 0.00022 + 613.90358]
[ INFO : 2026-08-04 09:33:22,609 ] - Test_@[5, 10, 20, 50]: Recall=[0.00946, 0.01445, 0.02493, 0.05536],  precision=[0.00189, 0.00144, 0.00125, 0.00111], hit=[0.00946, 0.01445, 0.02493, 0.05536], ndcg=[0.00657, 0.00814, 0.01076, 0.01674], Train Rec Loss=[0.05622], Eval Rec Loss=[0.05659], c=[0.50000], F=[0.83881, 0.89372, 0.92115, 0.93435], F_fuse=[0.00378, 0.00288, 0.00249, 0.00221]
[ INFO : 2026-08-04 09:34:47,971 ] - Epoch 207: train==[103.32677 = 0.39601 + 0.73370 + 10.40096 + 0.00405 + 0.00000 + 0.00022 + 613.90207]
[ INFO : 2026-08-04 09:34:54,749 ] - Test_@[5, 10, 20, 50]: Recall=[0.00972, 0.01419, 0.02570, 0.05460],  precision=[0.00194, 0.00142, 0.00129, 0.00109], hit=[0.00972, 0.01419, 0.02570, 0.05460], ndcg=[0.00659, 0.00797, 0.01083, 0.01651], Train Rec Loss=[0.05614], Eval Rec Loss=[0.05629], c=[0.50000], F=[0.83628, 0.89280, 0.92130, 0.93497], F_fuse=[0.00388, 0.00283, 0.00257, 0.00218]
[ INFO : 2026-08-04 09:36:19,310 ] - Epoch 208: train==[103.28188 = 0.39464 + 0.73246 + 10.35770 + 0.00405 + 0.00000 + 0.00022 + 613.90518]
[ INFO : 2026-08-04 09:36:26,094 ] - Test_@[5, 10, 20, 50]: Recall=[0.00946, 0.01368, 0.02557, 0.05613],  precision=[0.00189, 0.00137, 0.00128, 0.00112], hit=[0.00946, 0.01368, 0.02557, 0.05613], ndcg=[0.00646, 0.00782, 0.01079, 0.01677], Train Rec Loss=[0.05658], Eval Rec Loss=[0.05631], c=[0.50000], F=[0.83366, 0.89376, 0.92188, 0.93612], F_fuse=[0.00378, 0.00273, 0.00255, 0.00224]
[ INFO : 2026-08-04 09:37:51,660 ] - Epoch 209: train==[103.24014 = 0.39342 + 0.73123 + 10.31830 + 0.00406 + 0.00000 + 0.00023 + 613.90260]
[ INFO : 2026-08-04 09:37:58,424 ] - Test_@[5, 10, 20, 50]: Recall=[0.00972, 0.01330, 0.02506, 0.05524],  precision=[0.00194, 0.00133, 0.00125, 0.00110], hit=[0.00972, 0.01330, 0.02506, 0.05524], ndcg=[0.00677, 0.00790, 0.01084, 0.01678], Train Rec Loss=[0.05635], Eval Rec Loss=[0.05630], c=[0.50000], F=[0.84002, 0.89225, 0.91975, 0.93504], F_fuse=[0.00388, 0.00266, 0.00250, 0.00221]
[ INFO : 2026-08-04 09:39:22,953 ] - Epoch 210: train==[103.22382 = 0.39254 + 0.73014 + 10.30348 + 0.00409 + 0.00000 + 0.00022 + 613.90268]
[ INFO : 2026-08-04 09:39:29,742 ] - Test_@[5, 10, 20, 50]: Recall=[0.00933, 0.01381, 0.02404, 0.05460],  precision=[0.00187, 0.00138, 0.00120, 0.00109], hit=[0.00933, 0.01381, 0.02404, 0.05460], ndcg=[0.00649, 0.00793, 0.01051, 0.01653], Train Rec Loss=[0.05646], Eval Rec Loss=[0.05654], c=[0.50000], F=[0.83414, 0.89301, 0.92121, 0.93579], F_fuse=[0.00373, 0.00276, 0.00240, 0.00218]
[ INFO : 2026-08-04 09:40:55,095 ] - Epoch 211: train==[103.24304 = 0.39372 + 0.72849 + 10.32235 + 0.00407 + 0.00000 + 0.00022 + 613.90382]
[ INFO : 2026-08-04 09:41:01,881 ] - Test_@[5, 10, 20, 50]: Recall=[0.00933, 0.01381, 0.02455, 0.05485],  precision=[0.00187, 0.00138, 0.00123, 0.00110], hit=[0.00933, 0.01381, 0.02455, 0.05485], ndcg=[0.00649, 0.00792, 0.01060, 0.01655], Train Rec Loss=[0.05674], Eval Rec Loss=[0.05677], c=[0.50000], F=[0.83491, 0.89505, 0.92318, 0.93727], F_fuse=[0.00373, 0.00276, 0.00245, 0.00219]
[ INFO : 2026-08-04 09:42:26,560 ] - Epoch 212: train==[103.09741 = 0.39230 + 0.72726 + 10.17888 + 0.00412 + 0.00000 + 0.00022 + 613.90353]
[ INFO : 2026-08-04 09:42:33,342 ] - Test_@[5, 10, 20, 50]: Recall=[0.00895, 0.01381, 0.02532, 0.05562],  precision=[0.00179, 0.00138, 0.00127, 0.00111], hit=[0.00895, 0.01381, 0.02532, 0.05562], ndcg=[0.00626, 0.00784, 0.01071, 0.01666], Train Rec Loss=[0.05624], Eval Rec Loss=[0.05676], c=[0.50000], F=[0.83823, 0.89332, 0.92084, 0.93499], F_fuse=[0.00357, 0.00276, 0.00253, 0.00222]
[ INFO : 2026-08-04 09:43:58,538 ] - Epoch 213: train==[103.09479 = 0.39294 + 0.72600 + 10.17629 + 0.00411 + 0.00000 + 0.00023 + 613.90413]
[ INFO : 2026-08-04 09:44:05,306 ] - Test_@[5, 10, 20, 50]: Recall=[0.00946, 0.01330, 0.02378, 0.05421],  precision=[0.00189, 0.00133, 0.00119, 0.00108], hit=[0.00946, 0.01330, 0.02378, 0.05421], ndcg=[0.00635, 0.00756, 0.01020, 0.01620], Train Rec Loss=[0.05714], Eval Rec Loss=[0.05661], c=[0.50000], F=[0.83651, 0.89510, 0.92258, 0.93613], F_fuse=[0.00378, 0.00266, 0.00238, 0.00217]
[ INFO : 2026-08-04 09:45:30,395 ] - Epoch 214: train==[103.09764 = 0.39020 + 0.72486 + 10.18242 + 0.00413 + 0.00000 + 0.00023 + 613.90502]
[ INFO : 2026-08-04 09:45:37,231 ] - Test_@[5, 10, 20, 50]: Recall=[0.00895, 0.01381, 0.02417, 0.05434],  precision=[0.00179, 0.00138, 0.00121, 0.00109], hit=[0.00895, 0.01381, 0.02417, 0.05434], ndcg=[0.00598, 0.00752, 0.01011, 0.01605], Train Rec Loss=[0.05691], Eval Rec Loss=[0.05694], c=[0.50000], F=[0.83960, 0.89139, 0.91900, 0.93347], F_fuse=[0.00357, 0.00276, 0.00241, 0.00217]
[ INFO : 2026-08-04 09:47:03,562 ] - Epoch 215: train==[103.12047 = 0.38839 + 0.72347 + 10.20825 + 0.00415 + 0.00000 + 0.00022 + 613.90250]
[ INFO : 2026-08-04 09:47:10,352 ] - Test_@[5, 10, 20, 50]: Recall=[0.00933, 0.01343, 0.02481, 0.05421],  precision=[0.00187, 0.00134, 0.00124, 0.00108], hit=[0.00933, 0.01343, 0.02481, 0.05421], ndcg=[0.00633, 0.00764, 0.01052, 0.01631], Train Rec Loss=[0.05716], Eval Rec Loss=[0.05673], c=[0.50000], F=[0.83542, 0.89216, 0.92067, 0.93418], F_fuse=[0.00373, 0.00268, 0.00248, 0.00217]
[ INFO : 2026-08-04 09:48:35,481 ] - Epoch 216: train==[103.16122 = 0.38788 + 0.72218 + 10.25000 + 0.00413 + 0.00000 + 0.00023 + 613.90447]
[ INFO : 2026-08-04 09:48:42,274 ] - Test_@[5, 10, 20, 50]: Recall=[0.00857, 0.01355, 0.02353, 0.05357],  precision=[0.00171, 0.00136, 0.00118, 0.00107], hit=[0.00857, 0.01355, 0.02353, 0.05357], ndcg=[0.00576, 0.00737, 0.00987, 0.01577], Train Rec Loss=[0.05742], Eval Rec Loss=[0.05707], c=[0.50000], F=[0.83468, 0.89102, 0.91982, 0.93604], F_fuse=[0.00342, 0.00271, 0.00235, 0.00214]
[ INFO : 2026-08-04 09:50:08,297 ] - Epoch 217: train==[103.09424 = 0.38906 + 0.72123 + 10.18277 + 0.00418 + 0.00000 + 0.00022 + 613.90174]
[ INFO : 2026-08-04 09:50:15,058 ] - Test_@[5, 10, 20, 50]: Recall=[0.00921, 0.01368, 0.02532, 0.05524],  precision=[0.00184, 0.00137, 0.00127, 0.00110], hit=[0.00921, 0.01368, 0.02532, 0.05524], ndcg=[0.00635, 0.00779, 0.01069, 0.01656], Train Rec Loss=[0.05715], Eval Rec Loss=[0.05732], c=[0.50000], F=[0.83788, 0.89443, 0.92154, 0.93581], F_fuse=[0.00367, 0.00273, 0.00253, 0.00221]
[ INFO : 2026-08-04 09:51:39,756 ] - Epoch 218: train==[103.08217 = 0.38734 + 0.71976 + 10.17315 + 0.00416 + 0.00000 + 0.00022 + 613.90290]
[ INFO : 2026-08-04 09:51:46,544 ] - Test_@[5, 10, 20, 50]: Recall=[0.00946, 0.01381, 0.02391, 0.05434],  precision=[0.00189, 0.00138, 0.00120, 0.00109], hit=[0.00946, 0.01381, 0.02391, 0.05434], ndcg=[0.00633, 0.00772, 0.01025, 0.01621], Train Rec Loss=[0.05739], Eval Rec Loss=[0.05754], c=[0.50000], F=[0.83417, 0.89214, 0.92026, 0.93549], F_fuse=[0.00378, 0.00276, 0.00239, 0.00217]
[ INFO : 2026-08-04 09:53:12,485 ] - Epoch 219: train==[103.01159 = 0.38851 + 0.71883 + 10.10172 + 0.00419 + 0.00000 + 0.00022 + 613.90427]
[ INFO : 2026-08-04 09:53:19,273 ] - Test_@[5, 10, 20, 50]: Recall=[0.00908, 0.01304, 0.02429, 0.05370],  precision=[0.00182, 0.00130, 0.00121, 0.00107], hit=[0.00908, 0.01304, 0.02429, 0.05370], ndcg=[0.00618, 0.00744, 0.01026, 0.01603], Train Rec Loss=[0.05752], Eval Rec Loss=[0.05721], c=[0.50000], F=[0.83632, 0.89264, 0.92116, 0.93610], F_fuse=[0.00362, 0.00260, 0.00243, 0.00215]
[ INFO : 2026-08-04 09:54:44,033 ] - Epoch 220: train==[103.02064 = 0.38514 + 0.71767 + 10.11464 + 0.00418 + 0.00000 + 0.00022 + 613.90565]
[ INFO : 2026-08-04 09:54:50,794 ] - Test_@[5, 10, 20, 50]: Recall=[0.00869, 0.01343, 0.02404, 0.05204],  precision=[0.00174, 0.00134, 0.00120, 0.00104], hit=[0.00869, 0.01343, 0.02404, 0.05204], ndcg=[0.00605, 0.00755, 0.01020, 0.01567], Train Rec Loss=[0.05752], Eval Rec Loss=[0.05735], c=[0.50000], F=[0.83561, 0.89090, 0.91877, 0.93528], F_fuse=[0.00347, 0.00268, 0.00240, 0.00208]
[ INFO : 2026-08-04 09:56:16,079 ] - Epoch 221: train==[102.97390 = 0.38483 + 0.71651 + 10.06935 + 0.00421 + 0.00000 + 0.00022 + 613.90258]
[ INFO : 2026-08-04 09:56:22,852 ] - Test_@[5, 10, 20, 50]: Recall=[0.00946, 0.01355, 0.02493, 0.05409],  precision=[0.00189, 0.00136, 0.00125, 0.00108], hit=[0.00946, 0.01355, 0.02493, 0.05409], ndcg=[0.00635, 0.00765, 0.01049, 0.01619], Train Rec Loss=[0.05756], Eval Rec Loss=[0.05738], c=[0.50000], F=[0.83526, 0.89232, 0.91998, 0.93633], F_fuse=[0.00378, 0.00271, 0.00249, 0.00216]
[ INFO : 2026-08-04 09:57:47,602 ] - Epoch 222: train==[102.96378 = 0.38517 + 0.71547 + 10.05920 + 0.00420 + 0.00000 + 0.00022 + 613.90474]
[ INFO : 2026-08-04 09:57:54,391 ] - Test_@[5, 10, 20, 50]: Recall=[0.00921, 0.01317, 0.02429, 0.05421],  precision=[0.00184, 0.00132, 0.00121, 0.00108], hit=[0.00921, 0.01317, 0.02429, 0.05421], ndcg=[0.00626, 0.00752, 0.01031, 0.01618], Train Rec Loss=[0.05785], Eval Rec Loss=[0.05800], c=[0.50000], F=[0.83411, 0.89288, 0.92066, 0.93532], F_fuse=[0.00367, 0.00263, 0.00243, 0.00217]
[ INFO : 2026-08-04 09:59:18,827 ] - Epoch 223: train==[102.92037 = 0.38109 + 0.71391 + 10.02082 + 0.00423 + 0.00000 + 0.00022 + 613.90442]
[ INFO : 2026-08-04 09:59:25,588 ] - Test_@[5, 10, 20, 50]: Recall=[0.00946, 0.01355, 0.02404, 0.05370],  precision=[0.00189, 0.00136, 0.00120, 0.00107], hit=[0.00946, 0.01355, 0.02404, 0.05370], ndcg=[0.00608, 0.00740, 0.01002, 0.01583], Train Rec Loss=[0.05798], Eval Rec Loss=[0.05777], c=[0.50000], F=[0.83692, 0.89098, 0.91839, 0.93495], F_fuse=[0.00378, 0.00271, 0.00240, 0.00215]
[ INFO : 2026-08-04 10:00:50,531 ] - Epoch 224: train==[102.90677 = 0.37919 + 0.71301 + 10.00981 + 0.00424 + 0.00000 + 0.00022 + 613.90327]
[ INFO : 2026-08-04 10:00:57,280 ] - Test_@[5, 10, 20, 50]: Recall=[0.00933, 0.01330, 0.02417, 0.05447],  precision=[0.00187, 0.00133, 0.00121, 0.00109], hit=[0.00933, 0.01330, 0.02417, 0.05447], ndcg=[0.00615, 0.00743, 0.01014, 0.01610], Train Rec Loss=[0.05820], Eval Rec Loss=[0.05806], c=[0.50000], F=[0.83475, 0.89200, 0.91992, 0.93551], F_fuse=[0.00373, 0.00266, 0.00241, 0.00218]
[ INFO : 2026-08-04 10:02:22,830 ] - Epoch 225: train==[102.95081 = 0.38561 + 0.71223 + 10.04783 + 0.00424 + 0.00000 + 0.00022 + 613.90378]
[ INFO : 2026-08-04 10:02:29,638 ] - Test_@[5, 10, 20, 50]: Recall=[0.00921, 0.01343, 0.02429, 0.05409],  precision=[0.00184, 0.00134, 0.00121, 0.00108], hit=[0.00921, 0.01343, 0.02429, 0.05409], ndcg=[0.00616, 0.00750, 0.01020, 0.01603], Train Rec Loss=[0.05784], Eval Rec Loss=[0.05817], c=[0.50000], F=[0.83657, 0.89219, 0.91922, 0.93477], F_fuse=[0.00367, 0.00268, 0.00243, 0.00216]
[ INFO : 2026-08-04 10:03:54,262 ] - Epoch 226: train==[102.84060 = 0.38180 + 0.71098 + 9.94201 + 0.00428 + 0.00000 + 0.00022 + 613.90461]
[ INFO : 2026-08-04 10:04:01,031 ] - Test_@[5, 10, 20, 50]: Recall=[0.00857, 0.01343, 0.02429, 0.05345],  precision=[0.00171, 0.00134, 0.00121, 0.00107], hit=[0.00857, 0.01343, 0.02429, 0.05345], ndcg=[0.00591, 0.00749, 0.01021, 0.01593], Train Rec Loss=[0.05857], Eval Rec Loss=[0.05822], c=[0.50000], F=[0.83468, 0.89245, 0.91882, 0.93495], F_fuse=[0.00342, 0.00268, 0.00243, 0.00214]
[ INFO : 2026-08-04 10:05:25,825 ] - Epoch 227: train==[102.88188 = 0.38205 + 0.71023 + 9.98367 + 0.00425 + 0.00000 + 0.00022 + 613.90371]
[ INFO : 2026-08-04 10:05:32,584 ] - Test_@[5, 10, 20, 50]: Recall=[0.00921, 0.01330, 0.02429, 0.05255],  precision=[0.00184, 0.00133, 0.00121, 0.00105], hit=[0.00921, 0.01330, 0.02429, 0.05255], ndcg=[0.00582, 0.00713, 0.00988, 0.01542], Train Rec Loss=[0.05837], Eval Rec Loss=[0.05814], c=[0.50000], F=[0.83350, 0.88848, 0.91886, 0.93583], F_fuse=[0.00367, 0.00266, 0.00243, 0.00210]
[ INFO : 2026-08-04 10:06:57,630 ] - Epoch 228: train==[102.86558 = 0.37822 + 0.70900 + 9.97184 + 0.00425 + 0.00000 + 0.00022 + 613.90432]
[ INFO : 2026-08-04 10:07:04,417 ] - Test_@[5, 10, 20, 50]: Recall=[0.00908, 0.01343, 0.02340, 0.05421],  precision=[0.00182, 0.00134, 0.00117, 0.00108], hit=[0.00908, 0.01343, 0.02340, 0.05421], ndcg=[0.00620, 0.00761, 0.01012, 0.01619], Train Rec Loss=[0.05845], Eval Rec Loss=[0.05827], c=[0.50000], F=[0.83660, 0.89120, 0.91811, 0.93442], F_fuse=[0.00362, 0.00268, 0.00234, 0.00217]
[ INFO : 2026-08-04 10:08:29,579 ] - Epoch 229: train==[102.86276 = 0.37867 + 0.70786 + 9.96938 + 0.00430 + 0.00000 + 0.00022 + 613.90312]
[ INFO : 2026-08-04 10:08:36,318 ] - Test_@[5, 10, 20, 50]: Recall=[0.00895, 0.01355, 0.02391, 0.05447],  precision=[0.00179, 0.00136, 0.00120, 0.00109], hit=[0.00895, 0.01355, 0.02391, 0.05447], ndcg=[0.00611, 0.00759, 0.01021, 0.01621], Train Rec Loss=[0.05862], Eval Rec Loss=[0.05863], c=[0.50000], F=[0.83663, 0.89187, 0.92058, 0.93591], F_fuse=[0.00357, 0.00271, 0.00239, 0.00218]
[ INFO : 2026-08-04 10:10:01,072 ] - Epoch 230: train==[102.83410 = 0.37787 + 0.70673 + 9.94198 + 0.00432 + 0.00000 + 0.00022 + 613.90442]
[ INFO : 2026-08-04 10:10:07,846 ] - Test_@[5, 10, 20, 50]: Recall=[0.00908, 0.01330, 0.02378, 0.05268],  precision=[0.00182, 0.00133, 0.00119, 0.00105], hit=[0.00908, 0.01330, 0.02378, 0.05268], ndcg=[0.00592, 0.00728, 0.00993, 0.01561], Train Rec Loss=[0.05878], Eval Rec Loss=[0.05892], c=[0.50000], F=[0.83801, 0.89038, 0.91764, 0.93415], F_fuse=[0.00362, 0.00266, 0.00238, 0.00210]
[ INFO : 2026-08-04 10:11:32,634 ] - Epoch 231: train==[102.79130 = 0.37714 + 0.70572 + 9.90093 + 0.00433 + 0.00000 + 0.00022 + 613.90163]
[ INFO : 2026-08-04 10:11:39,390 ] - Test_@[5, 10, 20, 50]: Recall=[0.00895, 0.01317, 0.02340, 0.05345],  precision=[0.00179, 0.00132, 0.00117, 0.00107], hit=[0.00895, 0.01317, 0.02340, 0.05345], ndcg=[0.00603, 0.00741, 0.01000, 0.01593], Train Rec Loss=[0.05899], Eval Rec Loss=[0.05870], c=[0.50000], F=[0.83532, 0.89312, 0.92065, 0.93554], F_fuse=[0.00357, 0.00263, 0.00234, 0.00214]
[ INFO : 2026-08-04 10:13:04,693 ] - Epoch 232: train==[102.75252 = 0.37680 + 0.70468 + 9.86278 + 0.00431 + 0.00000 + 0.00022 + 613.90398]
[ INFO : 2026-08-04 10:13:11,463 ] - Test_@[5, 10, 20, 50]: Recall=[0.00844, 0.01304, 0.02442, 0.05332],  precision=[0.00169, 0.00130, 0.00122, 0.00107], hit=[0.00844, 0.01304, 0.02442, 0.05332], ndcg=[0.00564, 0.00713, 0.00997, 0.01563], Train Rec Loss=[0.05901], Eval Rec Loss=[0.05912], c=[0.50000], F=[0.83836, 0.89137, 0.91839, 0.93483], F_fuse=[0.00337, 0.00260, 0.00244, 0.00213]
[ INFO : 2026-08-04 10:14:36,330 ] - Epoch 233: train==[102.81707 = 0.37851 + 0.70361 + 9.92625 + 0.00431 + 0.00000 + 0.00022 + 613.90403]
[ INFO : 2026-08-04 10:14:43,139 ] - Test_@[5, 10, 20, 50]: Recall=[0.00895, 0.01291, 0.02301, 0.05230],  precision=[0.00179, 0.00129, 0.00115, 0.00105], hit=[0.00895, 0.01291, 0.02301, 0.05230], ndcg=[0.00603, 0.00730, 0.00981, 0.01558], Train Rec Loss=[0.05935], Eval Rec Loss=[0.05883], c=[0.50000], F=[0.83922, 0.89073, 0.91755, 0.93440], F_fuse=[0.00357, 0.00258, 0.00230, 0.00209]
[ INFO : 2026-08-04 10:16:08,128 ] - Epoch 234: train==[102.74097 = 0.37490 + 0.70240 + 9.85429 + 0.00433 + 0.00000 + 0.00022 + 613.90521]
[ INFO : 2026-08-04 10:16:14,879 ] - Test_@[5, 10, 20, 50]: Recall=[0.00908, 0.01368, 0.02340, 0.05191],  precision=[0.00182, 0.00137, 0.00117, 0.00104], hit=[0.00908, 0.01368, 0.02340, 0.05191], ndcg=[0.00608, 0.00754, 0.00999, 0.01562], Train Rec Loss=[0.05905], Eval Rec Loss=[0.05900], c=[0.50000], F=[0.83440, 0.89045, 0.91911, 0.93621], F_fuse=[0.00362, 0.00273, 0.00234, 0.00207]
[ INFO : 2026-08-04 10:17:41,546 ] - Epoch 235: train==[102.76961 = 0.37747 + 0.70149 + 9.88087 + 0.00434 + 0.00000 + 0.00022 + 613.90536]
[ INFO : 2026-08-04 10:17:48,359 ] - Test_@[5, 10, 20, 50]: Recall=[0.00908, 0.01304, 0.02327, 0.05217],  precision=[0.00182, 0.00130, 0.00116, 0.00104], hit=[0.00908, 0.01304, 0.02327, 0.05217], ndcg=[0.00605, 0.00731, 0.00988, 0.01559], Train Rec Loss=[0.05929], Eval Rec Loss=[0.05930], c=[0.50000], F=[0.83916, 0.89331, 0.91892, 0.93493], F_fuse=[0.00362, 0.00260, 0.00232, 0.00208]
[ INFO : 2026-08-04 10:19:13,542 ] - Epoch 236: train==[102.70716 = 0.37485 + 0.70050 + 9.82190 + 0.00437 + 0.00000 + 0.00022 + 613.90349]
[ INFO : 2026-08-04 10:19:20,344 ] - Test_@[5, 10, 20, 50]: Recall=[0.00882, 0.01279, 0.02353, 0.05306],  precision=[0.00176, 0.00128, 0.00118, 0.00106], hit=[0.00882, 0.01279, 0.02353, 0.05306], ndcg=[0.00567, 0.00696, 0.00967, 0.01547], Train Rec Loss=[0.05933], Eval Rec Loss=[0.05870], c=[0.50000], F=[0.83440, 0.89257, 0.91897, 0.93494], F_fuse=[0.00352, 0.00255, 0.00235, 0.00212]
[ INFO : 2026-08-04 10:20:45,930 ] - Epoch 237: train==[102.69913 = 0.37510 + 0.69941 + 9.81416 + 0.00436 + 0.00000 + 0.00022 + 613.90420]
[ INFO : 2026-08-04 10:20:52,711 ] - Test_@[5, 10, 20, 50]: Recall=[0.00895, 0.01368, 0.02353, 0.05166],  precision=[0.00179, 0.00137, 0.00118, 0.00103], hit=[0.00895, 0.01368, 0.02353, 0.05166], ndcg=[0.00586, 0.00737, 0.00983, 0.01536], Train Rec Loss=[0.05975], Eval Rec Loss=[0.05928], c=[0.50000], F=[0.83778, 0.89257, 0.91788, 0.93452], F_fuse=[0.00357, 0.00273, 0.00235, 0.00206]
[ INFO : 2026-08-04 10:22:18,037 ] - Epoch 238: train==[102.69113 = 0.37214 + 0.69839 + 9.80957 + 0.00439 + 0.00000 + 0.00022 + 613.90519]
[ INFO : 2026-08-04 10:22:24,813 ] - Test_@[5, 10, 20, 50]: Recall=[0.00869, 0.01291, 0.02276, 0.04999],  precision=[0.00174, 0.00129, 0.00114, 0.00100], hit=[0.00869, 0.01291, 0.02276, 0.04999], ndcg=[0.00583, 0.00718, 0.00964, 0.01498], Train Rec Loss=[0.05962], Eval Rec Loss=[0.05989], c=[0.50000], F=[0.83647, 0.89031, 0.91803, 0.93626], F_fuse=[0.00347, 0.00258, 0.00227, 0.00200]
[ INFO : 2026-08-04 10:23:50,385 ] - Epoch 239: train==[102.68541 = 0.37581 + 0.69740 + 9.80089 + 0.00440 + 0.00000 + 0.00022 + 613.90438]
[ INFO : 2026-08-04 10:23:57,165 ] - Test_@[5, 10, 20, 50]: Recall=[0.00818, 0.01368, 0.02404, 0.05293],  precision=[0.00164, 0.00137, 0.00120, 0.00106], hit=[0.00818, 0.01368, 0.02404, 0.05293], ndcg=[0.00571, 0.00751, 0.01010, 0.01578], Train Rec Loss=[0.06025], Eval Rec Loss=[0.06045], c=[0.50000], F=[0.83759, 0.89400, 0.91974, 0.93520], F_fuse=[0.00327, 0.00273, 0.00240, 0.00211]
[ INFO : 2026-08-04 10:25:22,776 ] - Epoch 240: train==[102.63469 = 0.37119 + 0.69659 + 9.75485 + 0.00442 + 0.00000 + 0.00022 + 613.90703]
[ INFO : 2026-08-04 10:25:29,550 ] - Test_@[5, 10, 20, 50]: Recall=[0.00895, 0.01355, 0.02340, 0.05204],  precision=[0.00179, 0.00136, 0.00117, 0.00104], hit=[0.00895, 0.01355, 0.02340, 0.05204], ndcg=[0.00589, 0.00735, 0.00980, 0.01543], Train Rec Loss=[0.05984], Eval Rec Loss=[0.05996], c=[0.50000], F=[0.83858, 0.89184, 0.91908, 0.93583], F_fuse=[0.00357, 0.00271, 0.00234, 0.00208]
[ INFO : 2026-08-04 10:26:54,460 ] - Epoch 241: train==[102.61190 = 0.36717 + 0.69537 + 9.73748 + 0.00440 + 0.00000 + 0.00022 + 613.90269]
[ INFO : 2026-08-04 10:27:01,228 ] - Test_@[5, 10, 20, 50]: Recall=[0.00818, 0.01317, 0.02276, 0.05178],  precision=[0.00164, 0.00132, 0.00114, 0.00104], hit=[0.00818, 0.01317, 0.02276, 0.05178], ndcg=[0.00556, 0.00716, 0.00956, 0.01528], Train Rec Loss=[0.05988], Eval Rec Loss=[0.05995], c=[0.50000], F=[0.83782, 0.89201, 0.91901, 0.93518], F_fuse=[0.00327, 0.00263, 0.00227, 0.00207]
[ INFO : 2026-08-04 10:28:26,119 ] - Epoch 242: train==[102.56655 = 0.37136 + 0.69436 + 9.68821 + 0.00444 + 0.00000 + 0.00022 + 613.90469]
[ INFO : 2026-08-04 10:28:32,885 ] - Test_@[5, 10, 20, 50]: Recall=[0.00857, 0.01304, 0.02353, 0.05345],  precision=[0.00171, 0.00130, 0.00118, 0.00107], hit=[0.00857, 0.01304, 0.02353, 0.05345], ndcg=[0.00571, 0.00714, 0.00976, 0.01564], Train Rec Loss=[0.05998], Eval Rec Loss=[0.06061], c=[0.50000], F=[0.83804, 0.89273, 0.91873, 0.93526], F_fuse=[0.00342, 0.00260, 0.00235, 0.00214]
[ INFO : 2026-08-04 10:29:57,556 ] - Epoch 243: train==[102.60269 = 0.36889 + 0.69359 + 9.72722 + 0.00444 + 0.00000 + 0.00022 + 613.90508]
[ INFO : 2026-08-04 10:30:04,371 ] - Test_@[5, 10, 20, 50]: Recall=[0.00895, 0.01330, 0.02327, 0.05166],  precision=[0.00179, 0.00133, 0.00116, 0.00103], hit=[0.00895, 0.01330, 0.02327, 0.05166], ndcg=[0.00588, 0.00725, 0.00972, 0.01530], Train Rec Loss=[0.06038], Eval Rec Loss=[0.06024], c=[0.50000], F=[0.83766, 0.89050, 0.91860, 0.93658], F_fuse=[0.00357, 0.00266, 0.00232, 0.00206]
[ INFO : 2026-08-04 10:31:29,108 ] - Epoch 244: train==[102.59215 = 0.36702 + 0.69242 + 9.71922 + 0.00441 + 0.00000 + 0.00022 + 613.90553]
[ INFO : 2026-08-04 10:31:35,882 ] - Test_@[5, 10, 20, 50]: Recall=[0.00844, 0.01368, 0.02314, 0.05127],  precision=[0.00169, 0.00137, 0.00116, 0.00103], hit=[0.00844, 0.01368, 0.02314, 0.05127], ndcg=[0.00534, 0.00703, 0.00939, 0.01489], Train Rec Loss=[0.06080], Eval Rec Loss=[0.06017], c=[0.50000], F=[0.83612, 0.89072, 0.91751, 0.93488], F_fuse=[0.00337, 0.00273, 0.00231, 0.00205]
[ INFO : 2026-08-04 10:33:00,726 ] - Epoch 245: train==[102.57206 = 0.36800 + 0.69164 + 9.69876 + 0.00447 + 0.00000 + 0.00022 + 613.90416]
[ INFO : 2026-08-04 10:33:07,502 ] - Test_@[5, 10, 20, 50]: Recall=[0.00895, 0.01304, 0.02289, 0.05230],  precision=[0.00179, 0.00130, 0.00114, 0.00105], hit=[0.00895, 0.01304, 0.02289, 0.05230], ndcg=[0.00607, 0.00738, 0.00984, 0.01562], Train Rec Loss=[0.06066], Eval Rec Loss=[0.06067], c=[0.50000], F=[0.83820, 0.89197, 0.91894, 0.93588], F_fuse=[0.00357, 0.00260, 0.00229, 0.00209]
[ INFO : 2026-08-04 10:34:32,494 ] - Epoch 246: train==[102.57758 = 0.37096 + 0.69072 + 9.70168 + 0.00446 + 0.00000 + 0.00022 + 613.90555]
[ INFO : 2026-08-04 10:34:39,261 ] - Test_@[5, 10, 20, 50]: Recall=[0.00908, 0.01330, 0.02314, 0.05204],  precision=[0.00182, 0.00133, 0.00116, 0.00104], hit=[0.00908, 0.01330, 0.02314, 0.05204], ndcg=[0.00580, 0.00713, 0.00960, 0.01529], Train Rec Loss=[0.06100], Eval Rec Loss=[0.06074], c=[0.50000], F=[0.83740, 0.89262, 0.91888, 0.93618], F_fuse=[0.00362, 0.00266, 0.00231, 0.00208]
[ INFO : 2026-08-04 10:36:03,901 ] - Epoch 247: train==[102.52827 = 0.36515 + 0.68958 + 9.65883 + 0.00449 + 0.00000 + 0.00022 + 613.90552]
[ INFO : 2026-08-04 10:36:10,668 ] - Test_@[5, 10, 20, 50]: Recall=[0.00946, 0.01330, 0.02365, 0.05255],  precision=[0.00189, 0.00133, 0.00118, 0.00105], hit=[0.00946, 0.01330, 0.02365, 0.05255], ndcg=[0.00631, 0.00754, 0.01014, 0.01582], Train Rec Loss=[0.06122], Eval Rec Loss=[0.06059], c=[0.50000], F=[0.84130, 0.89281, 0.91760, 0.93441], F_fuse=[0.00378, 0.00266, 0.00236, 0.00210]
[ INFO : 2026-08-04 10:37:35,854 ] - Epoch 248: train==[102.52866 = 0.36542 + 0.68869 + 9.65957 + 0.00450 + 0.00000 + 0.00022 + 613.90491]
[ INFO : 2026-08-04 10:37:42,645 ] - Test_@[5, 10, 20, 50]: Recall=[0.00921, 0.01317, 0.02340, 0.05255],  precision=[0.00184, 0.00132, 0.00117, 0.00105], hit=[0.00921, 0.01317, 0.02340, 0.05255], ndcg=[0.00593, 0.00718, 0.00973, 0.01546], Train Rec Loss=[0.06087], Eval Rec Loss=[0.06076], c=[0.50000], F=[0.83785, 0.89505, 0.91974, 0.93563], F_fuse=[0.00367, 0.00263, 0.00234, 0.00210]
[ INFO : 2026-08-04 10:39:07,771 ] - Epoch 249: train==[102.49809 = 0.36709 + 0.68780 + 9.62729 + 0.00449 + 0.00000 + 0.00022 + 613.90879]
[ INFO : 2026-08-04 10:39:14,530 ] - Test_@[5, 10, 20, 50]: Recall=[0.00869, 0.01317, 0.02391, 0.05230],  precision=[0.00174, 0.00132, 0.00120, 0.00105], hit=[0.00869, 0.01317, 0.02391, 0.05230], ndcg=[0.00592, 0.00737, 0.01005, 0.01562], Train Rec Loss=[0.06106], Eval Rec Loss=[0.06089], c=[0.50000], F=[0.83874, 0.89050, 0.91743, 0.93523], F_fuse=[0.00347, 0.00263, 0.00239, 0.00209]
[ INFO : 2026-08-04 10:40:39,455 ] - Epoch 250: train==[102.44880 = 0.36621 + 0.68709 + 9.57984 + 0.00456 + 0.00000 + 0.00022 + 613.90477]
[ INFO : 2026-08-04 10:40:46,197 ] - Test_@[5, 10, 20, 50]: Recall=[0.00793, 0.01304, 0.02481, 0.05114],  precision=[0.00159, 0.00130, 0.00124, 0.00102], hit=[0.00793, 0.01304, 0.02481, 0.05114], ndcg=[0.00478, 0.00644, 0.00935, 0.01450], Train Rec Loss=[0.06102], Eval Rec Loss=[0.06125], c=[0.50000], F=[0.83746, 0.89133, 0.91886, 0.93569], F_fuse=[0.00316, 0.00260, 0.00248, 0.00204]
[ INFO : 2026-08-04 10:42:11,390 ] - Epoch 251: train==[102.46181 = 0.36317 + 0.68589 + 9.59635 + 0.00449 + 0.00000 + 0.00022 + 613.90702]
[ INFO : 2026-08-04 10:42:18,149 ] - Test_@[5, 10, 20, 50]: Recall=[0.00921, 0.01355, 0.02238, 0.05038],  precision=[0.00184, 0.00136, 0.00112, 0.00101], hit=[0.00921, 0.01355, 0.02238, 0.05038], ndcg=[0.00598, 0.00737, 0.00957, 0.01509], Train Rec Loss=[0.06075], Eval Rec Loss=[0.06163], c=[0.50000], F=[0.83826, 0.88973, 0.91594, 0.93487], F_fuse=[0.00367, 0.00271, 0.00223, 0.00201]
[ INFO : 2026-08-04 10:43:42,901 ] - Epoch 252: train==[102.43184 = 0.36623 + 0.68498 + 9.56406 + 0.00455 + 0.00000 + 0.00022 + 613.90529]
[ INFO : 2026-08-04 10:43:49,683 ] - Test_@[5, 10, 20, 50]: Recall=[0.00857, 0.01343, 0.02340, 0.05102],  precision=[0.00171, 0.00134, 0.00117, 0.00102], hit=[0.00857, 0.01343, 0.02340, 0.05102], ndcg=[0.00546, 0.00704, 0.00950, 0.01492], Train Rec Loss=[0.06127], Eval Rec Loss=[0.06109], c=[0.50000], F=[0.83977, 0.89062, 0.91814, 0.93575], F_fuse=[0.00342, 0.00268, 0.00234, 0.00204]
[ INFO : 2026-08-04 10:45:14,791 ] - Epoch 253: train==[102.46853 = 0.36203 + 0.68406 + 9.60550 + 0.00455 + 0.00000 + 0.00022 + 613.90535]
[ INFO : 2026-08-04 10:45:21,566 ] - Test_@[5, 10, 20, 50]: Recall=[0.00882, 0.01317, 0.02301, 0.05178],  precision=[0.00176, 0.00132, 0.00115, 0.00104], hit=[0.00882, 0.01317, 0.02301, 0.05178], ndcg=[0.00586, 0.00727, 0.00974, 0.01541], Train Rec Loss=[0.06176], Eval Rec Loss=[0.06099], c=[0.50000], F=[0.83587, 0.89082, 0.91850, 0.93691], F_fuse=[0.00352, 0.00263, 0.00230, 0.00207]
[ INFO : 2026-08-04 10:46:46,036 ] - Epoch 254: train==[102.43992 = 0.36305 + 0.68321 + 9.57630 + 0.00457 + 0.00000 + 0.00022 + 613.90571]
[ INFO : 2026-08-04 10:46:52,808 ] - Test_@[5, 10, 20, 50]: Recall=[0.00844, 0.01330, 0.02301, 0.05114],  precision=[0.00169, 0.00133, 0.00115, 0.00102], hit=[0.00844, 0.01330, 0.02301, 0.05114], ndcg=[0.00518, 0.00674, 0.00914, 0.01462], Train Rec Loss=[0.06178], Eval Rec Loss=[0.06138], c=[0.50000], F=[0.83654, 0.89123, 0.91876, 0.93685], F_fuse=[0.00337, 0.00266, 0.00230, 0.00204]
[ INFO : 2026-08-04 10:48:18,345 ] - Epoch 255: train==[102.39371 = 0.35907 + 0.68220 + 9.53430 + 0.00458 + 0.00000 + 0.00022 + 613.90819]
[ INFO : 2026-08-04 10:48:25,125 ] - Test_@[5, 10, 20, 50]: Recall=[0.00933, 0.01355, 0.02365, 0.05217],  precision=[0.00187, 0.00136, 0.00118, 0.00104], hit=[0.00933, 0.01355, 0.02365, 0.05217], ndcg=[0.00614, 0.00749, 0.01001, 0.01561], Train Rec Loss=[0.06138], Eval Rec Loss=[0.06218], c=[0.50000], F=[0.84124, 0.89058, 0.91709, 0.93512], F_fuse=[0.00373, 0.00271, 0.00236, 0.00208]
[ INFO : 2026-08-04 10:49:49,966 ] - Epoch 256: train==[102.40021 = 0.36531 + 0.68142 + 9.53582 + 0.00455 + 0.00000 + 0.00022 + 613.90306]
[ INFO : 2026-08-04 10:49:56,760 ] - Test_@[5, 10, 20, 50]: Recall=[0.00857, 0.01343, 0.02314, 0.05230],  precision=[0.00171, 0.00134, 0.00116, 0.00105], hit=[0.00857, 0.01343, 0.02314, 0.05230], ndcg=[0.00523, 0.00680, 0.00923, 0.01494], Train Rec Loss=[0.06184], Eval Rec Loss=[0.06180], c=[0.50000], F=[0.83769, 0.89197, 0.91813, 0.93523], F_fuse=[0.00342, 0.00268, 0.00231, 0.00209]
[ INFO : 2026-08-04 10:51:21,965 ] - Epoch 257: train==[102.35585 = 0.36043 + 0.68046 + 9.49637 + 0.00457 + 0.00000 + 0.00022 + 613.90647]
[ INFO : 2026-08-04 10:51:28,749 ] - Test_@[5, 10, 20, 50]: Recall=[0.00882, 0.01343, 0.02327, 0.05089],  precision=[0.00176, 0.00134, 0.00116, 0.00102], hit=[0.00882, 0.01343, 0.02327, 0.05089], ndcg=[0.00588, 0.00737, 0.00980, 0.01522], Train Rec Loss=[0.06227], Eval Rec Loss=[0.06263], c=[0.50000], F=[0.83826, 0.88957, 0.91629, 0.93521], F_fuse=[0.00352, 0.00268, 0.00232, 0.00203]
[ INFO : 2026-08-04 10:52:53,364 ] - Epoch 258: train==[102.39541 = 0.35860 + 0.67959 + 9.53835 + 0.00459 + 0.00000 + 0.00022 + 613.90594]
[ INFO : 2026-08-04 10:53:00,160 ] - Test_@[5, 10, 20, 50]: Recall=[0.00844, 0.01368, 0.02378, 0.05204],  precision=[0.00169, 0.00137, 0.00119, 0.00104], hit=[0.00844, 0.01368, 0.02378, 0.05204], ndcg=[0.00520, 0.00690, 0.00943, 0.01495], Train Rec Loss=[0.06168], Eval Rec Loss=[0.06197], c=[0.50000], F=[0.83718, 0.89165, 0.91824, 0.93683], F_fuse=[0.00337, 0.00273, 0.00238, 0.00208]
[ INFO : 2026-08-04 10:54:24,688 ] - Epoch 259: train==[102.37509 = 0.35670 + 0.67863 + 9.52036 + 0.00461 + 0.00000 + 0.00022 + 613.90681]
[ INFO : 2026-08-04 10:54:31,470 ] - Test_@[5, 10, 20, 50]: Recall=[0.00895, 0.01394, 0.02301, 0.05051],  precision=[0.00179, 0.00139, 0.00115, 0.00101], hit=[0.00895, 0.01394, 0.02301, 0.05051], ndcg=[0.00572, 0.00729, 0.00956, 0.01498], Train Rec Loss=[0.06239], Eval Rec Loss=[0.06207], c=[0.50000], F=[0.83868, 0.89059, 0.91601, 0.93477], F_fuse=[0.00357, 0.00278, 0.00230, 0.00202]
[ INFO : 2026-08-04 10:55:55,931 ] - Epoch 260: train==[102.31892 = 0.35949 + 0.67771 + 9.46226 + 0.00464 + 0.00000 + 0.00022 + 613.90456]
[ INFO : 2026-08-04 10:56:02,671 ] - Test_@[5, 10, 20, 50]: Recall=[0.00882, 0.01291, 0.02365, 0.05242],  precision=[0.00176, 0.00129, 0.00118, 0.00105], hit=[0.00882, 0.01291, 0.02365, 0.05242], ndcg=[0.00599, 0.00733, 0.00998, 0.01564], Train Rec Loss=[0.06208], Eval Rec Loss=[0.06240], c=[0.50000], F=[0.83651, 0.89230, 0.91878, 0.93637], F_fuse=[0.00352, 0.00258, 0.00236, 0.00209]
[ INFO : 2026-08-04 10:57:26,657 ] - Epoch 261: train==[102.37362 = 0.35900 + 0.67660 + 9.51780 + 0.00463 + 0.00000 + 0.00022 + 613.90674]
[ INFO : 2026-08-04 10:57:33,454 ] - Test_@[5, 10, 20, 50]: Recall=[0.00959, 0.01406, 0.02378, 0.05127],  precision=[0.00192, 0.00141, 0.00119, 0.00103], hit=[0.00959, 0.01406, 0.02378, 0.05127], ndcg=[0.00615, 0.00759, 0.01000, 0.01541], Train Rec Loss=[0.06220], Eval Rec Loss=[0.06221], c=[0.50000], F=[0.83983, 0.88914, 0.91553, 0.93429], F_fuse=[0.00383, 0.00281, 0.00238, 0.00205]
[ INFO : 2026-08-04 10:58:57,983 ] - Epoch 262: train==[102.35104 = 0.35308 + 0.67535 + 9.50189 + 0.00464 + 0.00000 + 0.00021 + 613.90668]
[ INFO : 2026-08-04 10:59:04,760 ] - Test_@[5, 10, 20, 50]: Recall=[0.00857, 0.01317, 0.02353, 0.05063],  precision=[0.00171, 0.00132, 0.00118, 0.00101], hit=[0.00857, 0.01317, 0.02353, 0.05063], ndcg=[0.00553, 0.00704, 0.00963, 0.01493], Train Rec Loss=[0.06267], Eval Rec Loss=[0.06261], c=[0.50000], F=[0.83893, 0.88987, 0.91834, 0.93686], F_fuse=[0.00342, 0.00263, 0.00235, 0.00202]
[ INFO : 2026-08-04 11:00:28,832 ] - Epoch 263: train==[102.28579 = 0.35807 + 0.67471 + 9.43208 + 0.00467 + 0.00000 + 0.00021 + 613.90614]
[ INFO : 2026-08-04 11:00:35,589 ] - Test_@[5, 10, 20, 50]: Recall=[0.00959, 0.01394, 0.02404, 0.05178],  precision=[0.00192, 0.00139, 0.00120, 0.00104], hit=[0.00959, 0.01394, 0.02404, 0.05178], ndcg=[0.00577, 0.00718, 0.00969, 0.01513], Train Rec Loss=[0.06308], Eval Rec Loss=[0.06289], c=[0.50000], F=[0.83724, 0.89150, 0.91733, 0.93513], F_fuse=[0.00383, 0.00278, 0.00240, 0.00207]
[ INFO : 2026-08-04 11:01:59,956 ] - Epoch 264: train==[102.33680 = 0.35859 + 0.67351 + 9.48326 + 0.00466 + 0.00000 + 0.00022 + 613.90640]
[ INFO : 2026-08-04 11:02:06,749 ] - Test_@[5, 10, 20, 50]: Recall=[0.00895, 0.01355, 0.02314, 0.05153],  precision=[0.00179, 0.00136, 0.00116, 0.00103], hit=[0.00895, 0.01355, 0.02314, 0.05153], ndcg=[0.00538, 0.00687, 0.00925, 0.01480], Train Rec Loss=[0.06286], Eval Rec Loss=[0.06291], c=[0.50000], F=[0.83654, 0.89045, 0.91660, 0.93579], F_fuse=[0.00357, 0.00271, 0.00231, 0.00206]
[ INFO : 2026-08-04 11:03:31,011 ] - Epoch 265: train==[102.31346 = 0.35471 + 0.67234 + 9.46456 + 0.00468 + 0.00000 + 0.00022 + 613.90593]
[ INFO : 2026-08-04 11:03:37,800 ] - Test_@[5, 10, 20, 50]: Recall=[0.00895, 0.01368, 0.02301, 0.05076],  precision=[0.00179, 0.00137, 0.00115, 0.00102], hit=[0.00895, 0.01368, 0.02301, 0.05076], ndcg=[0.00539, 0.00688, 0.00920, 0.01462], Train Rec Loss=[0.06289], Eval Rec Loss=[0.06273], c=[0.50000], F=[0.83647, 0.88957, 0.91701, 0.93586], F_fuse=[0.00357, 0.00273, 0.00230, 0.00203]
[ INFO : 2026-08-04 11:05:01,943 ] - Epoch 266: train==[102.30502 = 0.35978 + 0.67141 + 9.45163 + 0.00470 + 0.00000 + 0.00022 + 613.90563]
[ INFO : 2026-08-04 11:05:08,769 ] - Test_@[5, 10, 20, 50]: Recall=[0.00882, 0.01381, 0.02314, 0.05025],  precision=[0.00176, 0.00138, 0.00116, 0.00100], hit=[0.00882, 0.01381, 0.02314, 0.05025], ndcg=[0.00540, 0.00702, 0.00935, 0.01469], Train Rec Loss=[0.06366], Eval Rec Loss=[0.06335], c=[0.50000], F=[0.83609, 0.89003, 0.91699, 0.93509], F_fuse=[0.00352, 0.00276, 0.00231, 0.00201]
[ INFO : 2026-08-04 11:06:33,251 ] - Epoch 267: train==[102.32623 = 0.35337 + 0.67035 + 9.47989 + 0.00467 + 0.00000 + 0.00022 + 613.90577]
[ INFO : 2026-08-04 11:06:40,016 ] - Test_@[5, 10, 20, 50]: Recall=[0.00844, 0.01355, 0.02301, 0.05166],  precision=[0.00169, 0.00136, 0.00115, 0.00103], hit=[0.00844, 0.01355, 0.02301, 0.05166], ndcg=[0.00530, 0.00696, 0.00932, 0.01495], Train Rec Loss=[0.06355], Eval Rec Loss=[0.06323], c=[0.50000], F=[0.83753, 0.89115, 0.91850, 0.93677], F_fuse=[0.00337, 0.00271, 0.00230, 0.00206]
[ INFO : 2026-08-04 11:08:04,467 ] - Epoch 268: train==[102.27737 = 0.35052 + 0.66919 + 9.43416 + 0.00471 + 0.00000 + 0.00021 + 613.90831]
[ INFO : 2026-08-04 11:08:11,271 ] - Test_@[5, 10, 20, 50]: Recall=[0.00857, 0.01355, 0.02263, 0.04961],  precision=[0.00171, 0.00136, 0.00113, 0.00099], hit=[0.00857, 0.01355, 0.02263, 0.04961], ndcg=[0.00553, 0.00715, 0.00941, 0.01472], Train Rec Loss=[0.06295], Eval Rec Loss=[0.06374], c=[0.50000], F=[0.83881, 0.88958, 0.91619, 0.93498], F_fuse=[0.00342, 0.00271, 0.00226, 0.00198]
[ INFO : 2026-08-04 11:09:35,474 ] - Epoch 269: train==[102.25072 = 0.35452 + 0.66810 + 9.40476 + 0.00471 + 0.00000 + 0.00021 + 613.90433]
[ INFO : 2026-08-04 11:09:42,253 ] - Test_@[5, 10, 20, 50]: Recall=[0.00869, 0.01304, 0.02365, 0.05178],  precision=[0.00174, 0.00130, 0.00118, 0.00104], hit=[0.00869, 0.01304, 0.02365, 0.05178], ndcg=[0.00524, 0.00666, 0.00929, 0.01479], Train Rec Loss=[0.06405], Eval Rec Loss=[0.06354], c=[0.50000], F=[0.83379, 0.89104, 0.91851, 0.93671], F_fuse=[0.00347, 0.00260, 0.00236, 0.00207]
[ INFO : 2026-08-04 11:11:06,768 ] - Epoch 270: train==[102.25530 = 0.35109 + 0.66698 + 9.41288 + 0.00472 + 0.00000 + 0.00021 + 613.90807]
[ INFO : 2026-08-04 11:11:13,527 ] - Test_@[5, 10, 20, 50]: Recall=[0.00895, 0.01368, 0.02276, 0.05038],  precision=[0.00179, 0.00137, 0.00114, 0.00101], hit=[0.00895, 0.01368, 0.02276, 0.05038], ndcg=[0.00539, 0.00691, 0.00915, 0.01460], Train Rec Loss=[0.06364], Eval Rec Loss=[0.06414], c=[0.50000], F=[0.83813, 0.88805, 0.91737, 0.93641], F_fuse=[0.00357, 0.00273, 0.00227, 0.00201]
[ INFO : 2026-08-04 11:12:38,245 ] - Epoch 271: train==[102.29952 = 0.35066 + 0.66612 + 9.45841 + 0.00473 + 0.00000 + 0.00021 + 613.90555]
[ INFO : 2026-08-04 11:12:44,992 ] - Test_@[5, 10, 20, 50]: Recall=[0.00895, 0.01419, 0.02289, 0.05153],  precision=[0.00179, 0.00142, 0.00114, 0.00103], hit=[0.00895, 0.01419, 0.02289, 0.05153], ndcg=[0.00575, 0.00743, 0.00960, 0.01522], Train Rec Loss=[0.06429], Eval Rec Loss=[0.06438], c=[0.50000], F=[0.83743, 0.89048, 0.91671, 0.93491], F_fuse=[0.00357, 0.00283, 0.00229, 0.00206]
[ INFO : 2026-08-04 11:14:09,325 ] - Epoch 272: train==[102.25301 = 0.34867 + 0.66489 + 9.41445 + 0.00475 + 0.00000 + 0.00022 + 613.90653]
[ INFO : 2026-08-04 11:14:16,072 ] - Test_@[5, 10, 20, 50]: Recall=[0.00818, 0.01368, 0.02276, 0.05089],  precision=[0.00164, 0.00137, 0.00114, 0.00102], hit=[0.00818, 0.01368, 0.02276, 0.05089], ndcg=[0.00489, 0.00666, 0.00892, 0.01444], Train Rec Loss=[0.06445], Eval Rec Loss=[0.06391], c=[0.50000], F=[0.83552, 0.89023, 0.91772, 0.93620], F_fuse=[0.00327, 0.00273, 0.00227, 0.00203]
[ INFO : 2026-08-04 11:15:40,662 ] - Epoch 273: train==[102.19973 = 0.35062 + 0.66377 + 9.36015 + 0.00477 + 0.00000 + 0.00021 + 613.90476]
[ INFO : 2026-08-04 11:15:47,471 ] - Test_@[5, 10, 20, 50]: Recall=[0.00895, 0.01368, 0.02340, 0.05127],  precision=[0.00179, 0.00137, 0.00117, 0.00103], hit=[0.00895, 0.01368, 0.02340, 0.05127], ndcg=[0.00557, 0.00711, 0.00951, 0.01496], Train Rec Loss=[0.06455], Eval Rec Loss=[0.06399], c=[0.50000], F=[0.84091, 0.89002, 0.91531, 0.93450], F_fuse=[0.00357, 0.00273, 0.00234, 0.00205]
[ INFO : 2026-08-04 11:17:12,132 ] - Epoch 274: train==[102.22564 = 0.35093 + 0.66273 + 9.38603 + 0.00478 + 0.00000 + 0.00021 + 613.90704]
[ INFO : 2026-08-04 11:17:18,869 ] - Test_@[5, 10, 20, 50]: Recall=[0.00933, 0.01330, 0.02225, 0.05076],  precision=[0.00187, 0.00133, 0.00111, 0.00102], hit=[0.00933, 0.01330, 0.02225, 0.05076], ndcg=[0.00589, 0.00716, 0.00940, 0.01500], Train Rec Loss=[0.06420], Eval Rec Loss=[0.06405], c=[0.50000], F=[0.83759, 0.89112, 0.91750, 0.93595], F_fuse=[0.00373, 0.00266, 0.00222, 0.00203]
[ INFO : 2026-08-04 11:18:43,509 ] - Epoch 275: train==[102.17365 = 0.35177 + 0.66157 + 9.33403 + 0.00478 + 0.00000 + 0.00021 + 613.90611]
[ INFO : 2026-08-04 11:18:50,268 ] - Test_@[5, 10, 20, 50]: Recall=[0.00857, 0.01381, 0.02276, 0.04987],  precision=[0.00171, 0.00138, 0.00114, 0.00100], hit=[0.00857, 0.01381, 0.02276, 0.04987], ndcg=[0.00534, 0.00702, 0.00925, 0.01456], Train Rec Loss=[0.06489], Eval Rec Loss=[0.06484], c=[0.50000], F=[0.83788, 0.89027, 0.91753, 0.93635], F_fuse=[0.00342, 0.00276, 0.00227, 0.00199]
[ INFO : 2026-08-04 11:20:14,742 ] - Epoch 276: train==[102.15999 = 0.35085 + 0.66056 + 9.32191 + 0.00482 + 0.00000 + 0.00021 + 613.90573]
[ INFO : 2026-08-04 11:20:21,525 ] - Test_@[5, 10, 20, 50]: Recall=[0.00908, 0.01394, 0.02289, 0.04987],  precision=[0.00182, 0.00139, 0.00114, 0.00100], hit=[0.00908, 0.01394, 0.02289, 0.04987], ndcg=[0.00561, 0.00718, 0.00941, 0.01468], Train Rec Loss=[0.06496], Eval Rec Loss=[0.06495], c=[0.50000], F=[0.84120, 0.88949, 0.91612, 0.93485], F_fuse=[0.00362, 0.00278, 0.00229, 0.00199]
[ INFO : 2026-08-04 11:21:46,537 ] - Epoch 277: train==[102.14498 = 0.34702 + 0.65964 + 9.31126 + 0.00480 + 0.00000 + 0.00022 + 613.90593]
[ INFO : 2026-08-04 11:21:53,322 ] - Test_@[5, 10, 20, 50]: Recall=[0.00844, 0.01343, 0.02327, 0.05089],  precision=[0.00169, 0.00134, 0.00116, 0.00102], hit=[0.00844, 0.01343, 0.02327, 0.05089], ndcg=[0.00524, 0.00682, 0.00925, 0.01465], Train Rec Loss=[0.06519], Eval Rec Loss=[0.06543], c=[0.50000], F=[0.83513, 0.88901, 0.91719, 0.93661], F_fuse=[0.00337, 0.00268, 0.00232, 0.00203]
[ INFO : 2026-08-04 11:23:17,917 ] - Epoch 278: train==[102.15974 = 0.34878 + 0.65839 + 9.32509 + 0.00484 + 0.00000 + 0.00022 + 613.90524]
[ INFO : 2026-08-04 11:23:24,688 ] - Test_@[5, 10, 20, 50]: Recall=[0.00882, 0.01458, 0.02353, 0.05178],  precision=[0.00176, 0.00146, 0.00118, 0.00104], hit=[0.00882, 0.01458, 0.02353, 0.05178], ndcg=[0.00541, 0.00724, 0.00947, 0.01502], Train Rec Loss=[0.06512], Eval Rec Loss=[0.06579], c=[0.50000], F=[0.83839, 0.89112, 0.91743, 0.93516], F_fuse=[0.00352, 0.00291, 0.00235, 0.00207]
[ INFO : 2026-08-04 11:24:49,842 ] - Epoch 279: train==[102.17140 = 0.34316 + 0.65724 + 9.34263 + 0.00482 + 0.00000 + 0.00021 + 613.90815]
[ INFO : 2026-08-04 11:24:56,640 ] - Test_@[5, 10, 20, 50]: Recall=[0.00882, 0.01304, 0.02250, 0.05012],  precision=[0.00176, 0.00130, 0.00113, 0.00100], hit=[0.00882, 0.01304, 0.02250, 0.05012], ndcg=[0.00547, 0.00687, 0.00921, 0.01461], Train Rec Loss=[0.06550], Eval Rec Loss=[0.06532], c=[0.50000], F=[0.83813, 0.88962, 0.91668, 0.93470], F_fuse=[0.00352, 0.00260, 0.00225, 0.00200]
[ INFO : 2026-08-04 11:26:21,315 ] - Epoch 280: train==[102.12292 = 0.34679 + 0.65614 + 9.29144 + 0.00486 + 0.00000 + 0.00021 + 613.90617]
[ INFO : 2026-08-04 11:26:28,090 ] - Test_@[5, 10, 20, 50]: Recall=[0.00869, 0.01304, 0.02353, 0.05076],  precision=[0.00174, 0.00130, 0.00118, 0.00102], hit=[0.00869, 0.01304, 0.02353, 0.05076], ndcg=[0.00531, 0.00671, 0.00932, 0.01463], Train Rec Loss=[0.06519], Eval Rec Loss=[0.06563], c=[0.50000], F=[0.83734, 0.89072, 0.91815, 0.93665], F_fuse=[0.00347, 0.00260, 0.00235, 0.00203]
[ INFO : 2026-08-04 11:27:53,254 ] - Epoch 281: train==[102.14975 = 0.34496 + 0.65480 + 9.32065 + 0.00482 + 0.00000 + 0.00021 + 613.90809]
[ INFO : 2026-08-04 11:28:00,034 ] - Test_@[5, 10, 20, 50]: Recall=[0.00869, 0.01343, 0.02340, 0.04987],  precision=[0.00174, 0.00134, 0.00117, 0.00100], hit=[0.00869, 0.01343, 0.02340, 0.04987], ndcg=[0.00550, 0.00702, 0.00950, 0.01467], Train Rec Loss=[0.06550], Eval Rec Loss=[0.06505], c=[0.50000], F=[0.83941, 0.89075, 0.91766, 0.93598], F_fuse=[0.00347, 0.00268, 0.00234, 0.00199]
[ INFO : 2026-08-04 11:29:25,485 ] - Epoch 282: train==[102.09245 = 0.34438 + 0.65361 + 9.26412 + 0.00486 + 0.00000 + 0.00022 + 613.91136]
[ INFO : 2026-08-04 11:29:32,269 ] - Test_@[5, 10, 20, 50]: Recall=[0.00908, 0.01343, 0.02250, 0.05153],  precision=[0.00182, 0.00134, 0.00113, 0.00103], hit=[0.00908, 0.01343, 0.02250, 0.05153], ndcg=[0.00560, 0.00699, 0.00925, 0.01495], Train Rec Loss=[0.06616], Eval Rec Loss=[0.06576], c=[0.50000], F=[0.84018, 0.89032, 0.91662, 0.93721], F_fuse=[0.00362, 0.00268, 0.00225, 0.00206]
[ INFO : 2026-08-04 11:30:57,417 ] - Epoch 283: train==[102.05641 = 0.34627 + 0.65239 + 9.22757 + 0.00487 + 0.00000 + 0.00021 + 613.90693]
[ INFO : 2026-08-04 11:31:04,188 ] - Test_@[5, 10, 20, 50]: Recall=[0.00921, 0.01381, 0.02263, 0.05012],  precision=[0.00184, 0.00138, 0.00113, 0.00100], hit=[0.00921, 0.01381, 0.02263, 0.05012], ndcg=[0.00558, 0.00704, 0.00922, 0.01460], Train Rec Loss=[0.06605], Eval Rec Loss=[0.06573], c=[0.50000], F=[0.83679, 0.88919, 0.91665, 0.93609], F_fuse=[0.00367, 0.00276, 0.00226, 0.00200]
[ INFO : 2026-08-04 11:32:29,168 ] - Epoch 284: train==[102.09441 = 0.34910 + 0.65120 + 9.26373 + 0.00490 + 0.00000 + 0.00021 + 613.90490]
[ INFO : 2026-08-04 11:32:35,967 ] - Test_@[5, 10, 20, 50]: Recall=[0.00882, 0.01355, 0.02238, 0.04923],  precision=[0.00176, 0.00136, 0.00112, 0.00098], hit=[0.00882, 0.01355, 0.02238, 0.04923], ndcg=[0.00535, 0.00687, 0.00906, 0.01431], Train Rec Loss=[0.06633], Eval Rec Loss=[0.06579], c=[0.50000], F=[0.83861, 0.88938, 0.91532, 0.93599], F_fuse=[0.00352, 0.00271, 0.00223, 0.00197]
[ INFO : 2026-08-04 11:34:01,518 ] - Epoch 285: train==[102.05715 = 0.34664 + 0.65016 + 9.22934 + 0.00493 + 0.00000 + 0.00021 + 613.90618]
[ INFO : 2026-08-04 11:34:08,300 ] - Test_@[5, 10, 20, 50]: Recall=[0.00921, 0.01355, 0.02225, 0.04961],  precision=[0.00184, 0.00136, 0.00111, 0.00099], hit=[0.00921, 0.01355, 0.02225, 0.04961], ndcg=[0.00541, 0.00680, 0.00894, 0.01428], Train Rec Loss=[0.06612], Eval Rec Loss=[0.06713], c=[0.50000], F=[0.83663, 0.88949, 0.91609, 0.93663], F_fuse=[0.00367, 0.00271, 0.00222, 0.00198]
[ INFO : 2026-08-04 11:35:33,147 ] - Epoch 286: train==[102.10752 = 0.34597 + 0.64903 + 9.28062 + 0.00489 + 0.00000 + 0.00021 + 613.90936]
[ INFO : 2026-08-04 11:35:39,929 ] - Test_@[5, 10, 20, 50]: Recall=[0.00895, 0.01355, 0.02250, 0.05012],  precision=[0.00179, 0.00136, 0.00113, 0.00100], hit=[0.00895, 0.01355, 0.02250, 0.05012], ndcg=[0.00535, 0.00681, 0.00903, 0.01443], Train Rec Loss=[0.06588], Eval Rec Loss=[0.06645], c=[0.50000], F=[0.83807, 0.89067, 0.91712, 0.93760], F_fuse=[0.00357, 0.00271, 0.00225, 0.00200]
[ INFO : 2026-08-04 11:37:04,773 ] - Epoch 287: train==[102.03752 = 0.34305 + 0.64806 + 9.21434 + 0.00495 + 0.00000 + 0.00021 + 613.90746]
[ INFO : 2026-08-04 11:37:11,567 ] - Test_@[5, 10, 20, 50]: Recall=[0.00793, 0.01355, 0.02250, 0.04974],  precision=[0.00159, 0.00136, 0.00113, 0.00099], hit=[0.00793, 0.01355, 0.02250, 0.04974], ndcg=[0.00487, 0.00669, 0.00889, 0.01422], Train Rec Loss=[0.06638], Eval Rec Loss=[0.06647], c=[0.50000], F=[0.83695, 0.89013, 0.91651, 0.93647], F_fuse=[0.00316, 0.00271, 0.00225, 0.00199]
[ INFO : 2026-08-04 11:38:36,403 ] - Epoch 288: train==[102.04743 = 0.33866 + 0.64688 + 9.22952 + 0.00492 + 0.00000 + 0.00021 + 613.90658]
[ INFO : 2026-08-04 11:38:43,139 ] - Test_@[5, 10, 20, 50]: Recall=[0.00818, 0.01330, 0.02161, 0.04948],  precision=[0.00164, 0.00133, 0.00108, 0.00099], hit=[0.00818, 0.01330, 0.02161, 0.04948], ndcg=[0.00487, 0.00656, 0.00864, 0.01413], Train Rec Loss=[0.06703], Eval Rec Loss=[0.06710], c=[0.50000], F=[0.83919, 0.88890, 0.91564, 0.93509], F_fuse=[0.00327, 0.00266, 0.00216, 0.00198]
[ INFO : 2026-08-04 11:40:08,110 ] - Epoch 289: train==[102.02091 = 0.33936 + 0.64588 + 9.20254 + 0.00493 + 0.00000 + 0.00022 + 613.90887]
[ INFO : 2026-08-04 11:40:14,894 ] - Test_@[5, 10, 20, 50]: Recall=[0.00869, 0.01330, 0.02263, 0.05025],  precision=[0.00174, 0.00133, 0.00113, 0.00100], hit=[0.00869, 0.01330, 0.02263, 0.05025], ndcg=[0.00521, 0.00671, 0.00900, 0.01440], Train Rec Loss=[0.06713], Eval Rec Loss=[0.06672], c=[0.50000], F=[0.83472, 0.88965, 0.91639, 0.93650], F_fuse=[0.00347, 0.00266, 0.00226, 0.00201]
[ INFO : 2026-08-04 11:41:39,799 ] - Epoch 290: train==[101.98211 = 0.34022 + 0.64480 + 9.16380 + 0.00495 + 0.00000 + 0.00022 + 613.90702]
[ INFO : 2026-08-04 11:41:46,581 ] - Test_@[5, 10, 20, 50]: Recall=[0.00818, 0.01227, 0.02186, 0.05025],  precision=[0.00164, 0.00123, 0.00109, 0.00100], hit=[0.00818, 0.01227, 0.02186, 0.05025], ndcg=[0.00481, 0.00615, 0.00856, 0.01410], Train Rec Loss=[0.06737], Eval Rec Loss=[0.06791], c=[0.50000], F=[0.83702, 0.88800, 0.91551, 0.93678], F_fuse=[0.00327, 0.00245, 0.00218, 0.00201]
[ INFO : 2026-08-04 11:43:12,318 ] - Epoch 291: train==[101.98261 = 0.34079 + 0.64373 + 9.16434 + 0.00498 + 0.00000 + 0.00021 + 613.90703]
[ INFO : 2026-08-04 11:43:19,075 ] - Test_@[5, 10, 20, 50]: Recall=[0.00933, 0.01368, 0.02327, 0.05102],  precision=[0.00187, 0.00137, 0.00116, 0.00102], hit=[0.00933, 0.01368, 0.02327, 0.05102], ndcg=[0.00564, 0.00705, 0.00944, 0.01486], Train Rec Loss=[0.06724], Eval Rec Loss=[0.06843], c=[0.50000], F=[0.83596, 0.89099, 0.91698, 0.93656], F_fuse=[0.00373, 0.00273, 0.00232, 0.00204]
[ INFO : 2026-08-04 11:44:44,378 ] - Epoch 292: train==[101.99172 = 0.34099 + 0.64277 + 9.17361 + 0.00499 + 0.00000 + 0.00022 + 613.90833]
[ INFO : 2026-08-04 11:44:51,149 ] - Test_@[5, 10, 20, 50]: Recall=[0.00857, 0.01291, 0.02250, 0.05038],  precision=[0.00171, 0.00129, 0.00113, 0.00101], hit=[0.00857, 0.01291, 0.02250, 0.05038], ndcg=[0.00525, 0.00667, 0.00906, 0.01450], Train Rec Loss=[0.06732], Eval Rec Loss=[0.06713], c=[0.50000], F=[0.83711, 0.88808, 0.91524, 0.93654], F_fuse=[0.00342, 0.00258, 0.00225, 0.00201]
[ INFO : 2026-08-04 11:46:16,545 ] - Epoch 293: train==[102.01035 = 0.34384 + 0.64168 + 9.19030 + 0.00498 + 0.00000 + 0.00021 + 613.90674]
[ INFO : 2026-08-04 11:46:23,304 ] - Test_@[5, 10, 20, 50]: Recall=[0.00831, 0.01394, 0.02212, 0.04961],  precision=[0.00166, 0.00139, 0.00111, 0.00099], hit=[0.00831, 0.01394, 0.02212, 0.04961], ndcg=[0.00503, 0.00685, 0.00888, 0.01425], Train Rec Loss=[0.06796], Eval Rec Loss=[0.06738], c=[0.50000], F=[0.83724, 0.88792, 0.91521, 0.93553], F_fuse=[0.00332, 0.00278, 0.00221, 0.00198]
[ INFO : 2026-08-04 11:47:47,777 ] - Epoch 294: train==[102.00296 = 0.33799 + 0.64062 + 9.18950 + 0.00499 + 0.00000 + 0.00021 + 613.90601]
[ INFO : 2026-08-04 11:47:54,578 ] - Test_@[5, 10, 20, 50]: Recall=[0.00908, 0.01368, 0.02263, 0.04961],  precision=[0.00182, 0.00137, 0.00113, 0.00099], hit=[0.00908, 0.01368, 0.02263, 0.04961], ndcg=[0.00551, 0.00697, 0.00919, 0.01447], Train Rec Loss=[0.06766], Eval Rec Loss=[0.06730], c=[0.50000], F=[0.83491, 0.88887, 0.91657, 0.93778], F_fuse=[0.00362, 0.00273, 0.00226, 0.00198]
[ INFO : 2026-08-04 11:49:20,075 ] - Epoch 295: train==[101.95684 = 0.33661 + 0.63944 + 9.14523 + 0.00501 + 0.00000 + 0.00021 + 613.90742]
[ INFO : 2026-08-04 11:49:26,846 ] - Test_@[5, 10, 20, 50]: Recall=[0.00831, 0.01304, 0.02276, 0.05089],  precision=[0.00166, 0.00130, 0.00114, 0.00102], hit=[0.00831, 0.01304, 0.02276, 0.05089], ndcg=[0.00513, 0.00666, 0.00908, 0.01458], Train Rec Loss=[0.06891], Eval Rec Loss=[0.06815], c=[0.50000], F=[0.83587, 0.88978, 0.91667, 0.93689], F_fuse=[0.00332, 0.00260, 0.00227, 0.00203]
[ INFO : 2026-08-04 11:50:51,175 ] - Epoch 296: train==[101.91779 = 0.33987 + 0.63840 + 9.10331 + 0.00505 + 0.00000 + 0.00022 + 613.90868]
[ INFO : 2026-08-04 11:50:57,914 ] - Test_@[5, 10, 20, 50]: Recall=[0.00818, 0.01406, 0.02110, 0.04820],  precision=[0.00164, 0.00141, 0.00105, 0.00096], hit=[0.00818, 0.01406, 0.02110, 0.04820], ndcg=[0.00498, 0.00687, 0.00859, 0.01394], Train Rec Loss=[0.06804], Eval Rec Loss=[0.06824], c=[0.50000], F=[0.83765, 0.88837, 0.91441, 0.93624], F_fuse=[0.00327, 0.00281, 0.00211, 0.00193]
[ INFO : 2026-08-04 11:52:23,367 ] - Epoch 297: train==[101.94634 = 0.33693 + 0.63751 + 9.13547 + 0.00504 + 0.00000 + 0.00021 + 613.90788]
[ INFO : 2026-08-04 11:52:30,152 ] - Test_@[5, 10, 20, 50]: Recall=[0.00882, 0.01355, 0.02250, 0.05012],  precision=[0.00176, 0.00136, 0.00113, 0.00100], hit=[0.00882, 0.01355, 0.02250, 0.05012], ndcg=[0.00520, 0.00672, 0.00894, 0.01435], Train Rec Loss=[0.06859], Eval Rec Loss=[0.06839], c=[0.50000], F=[0.83433, 0.88882, 0.91636, 0.93765], F_fuse=[0.00352, 0.00271, 0.00225, 0.00200]
[ INFO : 2026-08-04 11:53:54,781 ] - Epoch 298: train==[101.91687 = 0.33738 + 0.63617 + 9.10603 + 0.00507 + 0.00000 + 0.00021 + 613.90979]
[ INFO : 2026-08-04 11:54:01,572 ] - Test_@[5, 10, 20, 50]: Recall=[0.00818, 0.01291, 0.02225, 0.04961],  precision=[0.00164, 0.00129, 0.00111, 0.00099], hit=[0.00818, 0.01291, 0.02225, 0.04961], ndcg=[0.00505, 0.00658, 0.00887, 0.01423], Train Rec Loss=[0.06882], Eval Rec Loss=[0.06889], c=[0.50000], F=[0.83948, 0.88912, 0.91557, 0.93619], F_fuse=[0.00327, 0.00258, 0.00222, 0.00198]
[ INFO : 2026-08-04 11:55:27,273 ] - Epoch 299: train==[101.95141 = 0.33873 + 0.63505 + 9.14026 + 0.00505 + 0.00000 + 0.00021 + 613.90754]
[ INFO : 2026-08-04 11:55:34,039 ] - Test_@[5, 10, 20, 50]: Recall=[0.00831, 0.01343, 0.02135, 0.04897],  precision=[0.00166, 0.00134, 0.00107, 0.00098], hit=[0.00831, 0.01343, 0.02135, 0.04897], ndcg=[0.00494, 0.00657, 0.00856, 0.01401], Train Rec Loss=[0.06931], Eval Rec Loss=[0.06811], c=[0.50000], F=[0.84053, 0.88955, 0.91667, 0.93703], F_fuse=[0.00332, 0.00268, 0.00213, 0.00196]
[ INFO : 2026-08-04 11:56:58,913 ] - Epoch 300: train==[101.91499 = 0.33541 + 0.63398 + 9.10773 + 0.00507 + 0.00000 + 0.00021 + 613.90780]
[ INFO : 2026-08-04 11:57:05,689 ] - Test_@[5, 10, 20, 50]: Recall=[0.00806, 0.01330, 0.02148, 0.04948],  precision=[0.00161, 0.00133, 0.00107, 0.00099], hit=[0.00806, 0.01330, 0.02148, 0.04948], ndcg=[0.00489, 0.00658, 0.00861, 0.01409], Train Rec Loss=[0.06921], Eval Rec Loss=[0.06844], c=[0.50000], F=[0.83660, 0.88884, 0.91616, 0.93691], F_fuse=[0.00322, 0.00266, 0.00215, 0.00198]
n_users=19805, n_items=10068
n_interactions=66743
n_train=58922, n_test=7821, sparsity=0.00033
Finished Tue Aug  4 11:57:14 AM UTC 2026
