Job 74999 on gpu04; lambda_cf=1.0; group_k=10; seed=9; started Tue Aug 11 10:14:09 PM +07 2026
Tue Aug 11 22:14:09 2026       
+---------------------------------------------------------------------------------------+
| NVIDIA-SMI 535.216.03             Driver Version: 535.216.03   CUDA Version: 12.2     |
|-----------------------------------------+----------------------+----------------------+
| GPU  Name                 Persistence-M | Bus-Id        Disp.A | Volatile Uncorr. ECC |
| Fan  Temp   Perf          Pwr:Usage/Cap |         Memory-Usage | GPU-Util  Compute M. |
|                                         |                      |               MIG M. |
|=========================================+======================+======================|
|   0  Tesla V100-DGXS-32GB           On  | 00000000:08:00.0 Off |                    0 |
| N/A   39C    P0              38W / 300W |      0MiB / 32768MiB |      0%      Default |
|                                         |                      |                  N/A |
+-----------------------------------------+----------------------+----------------------+
                                                                                         
+---------------------------------------------------------------------------------------+
| Processes:                                                                            |
|  GPU   GI   CI        PID   Type   Process name                            GPU Memory |
|        ID   ID                                                             Usage      |
|=======================================================================================|
|  No running processes found                                                           |
+---------------------------------------------------------------------------------------+
[ INFO : 2026-08-11 22:14:32,843 ] - Preprocess missing values with zero
[ INFO : 2026-08-11 22:14:33,384 ] - Pretrained diffusion model is loaded from: ./checkpoint/baby/best_model.pth
[ INFO : 2026-08-11 22:14:34,798 ] - Completed data loaded from: ./checkpoint/baby/completed_data.pkl
/media/lhbac29/raid-cf/main.py:106: DeprecationWarning: Please import `csr_matrix` from the `scipy.sparse` namespace; the `scipy.sparse.csr` namespace is deprecated and will be removed in SciPy 2.0.0.
  self.ui_graph = self.ui_graph_raw = pickle.load(open('./data/' + self.dataset + '/train_mat', 'rb'))
[ INFO : 2026-08-11 22:14:34,948 ] - Missing rate = 0.400000, complete strategy: zero
[ INFO : 2026-08-11 22:17:53,701 ] - Epoch 1: train==[378.38124 = 2.02094 + 1.10341 + 66.48082 + 0.00055 + 0.00000 + 198.52435 + 1225.01297]
[ INFO : 2026-08-11 22:18:05,815 ] - Test_@[5, 10, 20, 50]: Recall=[0.01751, 0.02901, 0.04730, 0.09155],  precision=[0.00369, 0.00307, 0.00251, 0.00194], hit=[0.01846, 0.03055, 0.04994, 0.09586], ndcg=[0.01136, 0.01506, 0.01972, 0.02851], Train Rec Loss=[0.03240], Eval Rec Loss=[0.03240], c=[0.50000], F=[0.79590, 0.99456, 0.93402, 0.90025], F_fuse=[0.00735, 0.00611, 0.00501, 0.00387]
[ INFO : 2026-08-11 22:21:24,631 ] - Epoch 2: train==[227.76844 = 1.61568 + 1.09517 + 64.21143 + 0.00078 + 0.00000 + 50.51465 + 1225.89705]
[ INFO : 2026-08-11 22:21:37,450 ] - Test_@[5, 10, 20, 50]: Recall=[0.01781, 0.02908, 0.04699, 0.09130],  precision=[0.00371, 0.00307, 0.00249, 0.00193], hit=[0.01857, 0.03065, 0.04958, 0.09581], ndcg=[0.01128, 0.01494, 0.01950, 0.02833], Train Rec Loss=[0.03237], Eval Rec Loss=[0.03234], c=[0.50000], F=[0.99253, 0.99418, 0.93414, 0.92701], F_fuse=[0.00740, 0.00612, 0.00498, 0.00386]
[ INFO : 2026-08-11 22:24:56,230 ] - Epoch 3: train==[186.52225 = 1.60335 + 1.09514 + 61.47475 + 0.00123 + 0.00000 + 12.01704 + 1225.89705]
[ INFO : 2026-08-11 22:25:08,300 ] - Test_@[5, 10, 20, 50]: Recall=[0.01786, 0.02911, 0.04700, 0.09162],  precision=[0.00372, 0.00308, 0.00249, 0.00194], hit=[0.01862, 0.03070, 0.04952, 0.09617], ndcg=[0.01130, 0.01494, 0.01950, 0.02838], Train Rec Loss=[0.03237], Eval Rec Loss=[0.03233], c=[0.50000], F=[0.99238, 0.98981, 0.93502, 0.94745], F_fuse=[0.00742, 0.00613, 0.00497, 0.00387]
[ INFO : 2026-08-11 22:28:26,845 ] - Epoch 4: train==[173.04016 = 1.59084 + 1.09514 + 57.93652 + 0.00206 + 0.00000 + 2.08486 + 1225.89705]
[ INFO : 2026-08-11 22:28:38,979 ] - Test_@[5, 10, 20, 50]: Recall=[0.01811, 0.02907, 0.04704, 0.09217],  precision=[0.00376, 0.00307, 0.00249, 0.00195], hit=[0.01882, 0.03060, 0.04952, 0.09658], ndcg=[0.01140, 0.01493, 0.01951, 0.02847], Train Rec Loss=[0.03234], Eval Rec Loss=[0.03234], c=[0.50000], F=[0.99238, 0.96483, 0.94398, 0.93541], F_fuse=[0.00750, 0.00611, 0.00498, 0.00389]
[ INFO : 2026-08-11 22:31:57,575 ] - Epoch 5: train==[169.08724 = 1.57825 + 1.09514 + 55.74848 + 0.00293 + 0.00000 + 0.33171 + 1225.89705]
[ INFO : 2026-08-11 22:32:09,679 ] - Test_@[5, 10, 20, 50]: Recall=[0.01821, 0.02839, 0.04710, 0.09204],  precision=[0.00379, 0.00298, 0.00250, 0.00194], hit=[0.01893, 0.02978, 0.04963, 0.09643], ndcg=[0.01144, 0.01472, 0.01950, 0.02841], Train Rec Loss=[0.03234], Eval Rec Loss=[0.03232], c=[0.50000], F=[0.99238, 0.87136, 0.93438, 0.92482], F_fuse=[0.00754, 0.00595, 0.00499, 0.00388]
[ INFO : 2026-08-11 22:35:28,172 ] - Epoch 6: train==[168.20282 = 1.56237 + 1.09515 + 55.06076 + 0.00345 + 0.00000 + 0.15035 + 1225.89705]
[ INFO : 2026-08-11 22:35:40,309 ] - Test_@[5, 10, 20, 50]: Recall=[0.01821, 0.02882, 0.04689, 0.09231],  precision=[0.00379, 0.00303, 0.00249, 0.00195], hit=[0.01893, 0.03029, 0.04942, 0.09668], ndcg=[0.01149, 0.01491, 0.01952, 0.02852], Train Rec Loss=[0.03228], Eval Rec Loss=[0.03227], c=[0.50000], F=[0.99238, 0.87355, 0.93456, 0.92281], F_fuse=[0.00754, 0.00605, 0.00496, 0.00389]
[ INFO : 2026-08-11 22:38:59,721 ] - Epoch 7: train==[167.27032 = 1.54830 + 1.09515 + 54.20042 + 0.00381 + 0.00000 + 0.09191 + 1225.89705]
[ INFO : 2026-08-11 22:39:11,806 ] - Test_@[5, 10, 20, 50]: Recall=[0.01821, 0.02883, 0.04783, 0.09289],  precision=[0.00379, 0.00304, 0.00254, 0.00196], hit=[0.01893, 0.03034, 0.05040, 0.09730], ndcg=[0.01141, 0.01487, 0.01968, 0.02858], Train Rec Loss=[0.03227], Eval Rec Loss=[0.03226], c=[0.50000], F=[0.99236, 0.87438, 0.93416, 0.92282], F_fuse=[0.00754, 0.00606, 0.00506, 0.00391]
[ INFO : 2026-08-11 22:42:29,876 ] - Epoch 8: train==[166.96900 = 1.53483 + 1.09515 + 53.95272 + 0.00406 + 0.00000 + 0.05150 + 1225.89705]
[ INFO : 2026-08-11 22:42:42,071 ] - Test_@[5, 10, 20, 50]: Recall=[0.01816, 0.02926, 0.04783, 0.09342],  precision=[0.00377, 0.00309, 0.00254, 0.00197], hit=[0.01887, 0.03080, 0.05045, 0.09797], ndcg=[0.01141, 0.01505, 0.01976, 0.02878], Train Rec Loss=[0.03228], Eval Rec Loss=[0.03226], c=[0.50000], F=[0.99227, 0.87150, 0.93235, 0.92306], F_fuse=[0.00752, 0.00615, 0.00506, 0.00394]
[ INFO : 2026-08-11 22:46:00,129 ] - Epoch 9: train==[166.08680 = 1.51810 + 1.09515 + 53.11446 + 0.00421 + 0.00000 + 0.02415 + 1225.89705]
[ INFO : 2026-08-11 22:46:12,087 ] - Test_@[5, 10, 20, 50]: Recall=[0.01901, 0.02974, 0.04900, 0.09612],  precision=[0.00395, 0.00313, 0.00260, 0.00203], hit=[0.01975, 0.03127, 0.05179, 0.10080], ndcg=[0.01181, 0.01530, 0.02022, 0.02954], Train Rec Loss=[0.03223], Eval Rec Loss=[0.03223], c=[0.50000], F=[0.99009, 0.87175, 0.91673, 0.92438], F_fuse=[0.00787, 0.00624, 0.00519, 0.00406]
[ INFO : 2026-08-11 22:49:30,569 ] - Epoch 10: train==[165.06177 = 1.50891 + 1.09516 + 52.11407 + 0.00439 + 0.00000 + 0.00849 + 1225.89705]
[ INFO : 2026-08-11 22:49:42,653 ] - Test_@[5, 10, 20, 50]: Recall=[0.02020, 0.03323, 0.05337, 0.10129],  precision=[0.00423, 0.00351, 0.00285, 0.00215], hit=[0.02114, 0.03497, 0.05642, 0.10645], ndcg=[0.01286, 0.01714, 0.02226, 0.03177], Train Rec Loss=[0.03228], Eval Rec Loss=[0.03225], c=[0.50000], F=[0.98235, 0.87209, 0.89531, 0.92570], F_fuse=[0.00842, 0.00700, 0.00567, 0.00429]
[ INFO : 2026-08-11 22:53:02,130 ] - Epoch 11: train==[163.51332 = 1.48836 + 1.09516 + 50.59199 + 0.00469 + 0.00000 + 0.00238 + 1225.89705]
[ INFO : 2026-08-11 22:53:14,147 ] - Test_@[5, 10, 20, 50]: Recall=[0.02187, 0.03643, 0.05809, 0.10894],  precision=[0.00460, 0.00386, 0.00310, 0.00232], hit=[0.02289, 0.03831, 0.06146, 0.11448], ndcg=[0.01407, 0.01887, 0.02443, 0.03454], Train Rec Loss=[0.03224], Eval Rec Loss=[0.03223], c=[0.50000], F=[0.97399, 0.87330, 0.90890, 0.92802], F_fuse=[0.00915, 0.00769, 0.00617, 0.00463]
[ INFO : 2026-08-11 22:56:32,916 ] - Epoch 12: train==[162.53175 = 1.47481 + 1.09517 + 49.62449 + 0.00510 + 0.00000 + 0.00144 + 1225.89705]
[ INFO : 2026-08-11 22:56:45,055 ] - Test_@[5, 10, 20, 50]: Recall=[0.02297, 0.03777, 0.06005, 0.11205],  precision=[0.00483, 0.00400, 0.00319, 0.00239], hit=[0.02407, 0.03970, 0.06331, 0.11782], ndcg=[0.01465, 0.01948, 0.02517, 0.03552], Train Rec Loss=[0.03222], Eval Rec Loss=[0.03220], c=[0.50000], F=[0.98371, 0.87508, 0.90559, 0.92797], F_fuse=[0.00962, 0.00797, 0.00636, 0.00476]
[ INFO : 2026-08-11 23:00:03,618 ] - Epoch 13: train==[161.77250 = 1.45977 + 1.09516 + 48.88010 + 0.00545 + 0.00000 + 0.00128 + 1225.89705]
[ INFO : 2026-08-11 23:00:15,688 ] - Test_@[5, 10, 20, 50]: Recall=[0.02364, 0.03802, 0.06162, 0.11569],  precision=[0.00497, 0.00404, 0.00327, 0.00247], hit=[0.02469, 0.04006, 0.06480, 0.12142], ndcg=[0.01511, 0.01981, 0.02582, 0.03656], Train Rec Loss=[0.03221], Eval Rec Loss=[0.03217], c=[0.50000], F=[0.98272, 0.87826, 0.91032, 0.92885], F_fuse=[0.00989, 0.00804, 0.00652, 0.00492]
[ INFO : 2026-08-11 23:03:34,436 ] - Epoch 14: train==[160.95319 = 1.44501 + 1.09516 + 48.07526 + 0.00580 + 0.00000 + 0.00124 + 1225.89705]
[ INFO : 2026-08-11 23:03:46,508 ] - Test_@[5, 10, 20, 50]: Recall=[0.02373, 0.03953, 0.06275, 0.11868],  precision=[0.00498, 0.00419, 0.00334, 0.00253], hit=[0.02474, 0.04160, 0.06608, 0.12451], ndcg=[0.01531, 0.02047, 0.02639, 0.03751], Train Rec Loss=[0.03221], Eval Rec Loss=[0.03218], c=[0.50000], F=[0.97742, 0.87875, 0.90118, 0.93105], F_fuse=[0.00991, 0.00834, 0.00665, 0.00504]
[ INFO : 2026-08-11 23:07:05,183 ] - Epoch 15: train==[160.31834 = 1.43041 + 1.09516 + 47.45482 + 0.00605 + 0.00000 + 0.00116 + 1225.89705]
[ INFO : 2026-08-11 23:07:17,304 ] - Test_@[5, 10, 20, 50]: Recall=[0.02384, 0.03960, 0.06288, 0.11869],  precision=[0.00499, 0.00419, 0.00334, 0.00253], hit=[0.02479, 0.04160, 0.06624, 0.12461], ndcg=[0.01530, 0.02046, 0.02640, 0.03751], Train Rec Loss=[0.03218], Eval Rec Loss=[0.03215], c=[0.50000], F=[0.97913, 0.87735, 0.89788, 0.93361], F_fuse=[0.00993, 0.00834, 0.00666, 0.00504]
[ INFO : 2026-08-11 23:10:36,385 ] - Epoch 16: train==[159.58625 = 1.41715 + 1.09516 + 46.73571 + 0.00636 + 0.00000 + 0.00114 + 1225.89705]
[ INFO : 2026-08-11 23:10:48,570 ] - Test_@[5, 10, 20, 50]: Recall=[0.02403, 0.04041, 0.06403, 0.12097],  precision=[0.00503, 0.00430, 0.00340, 0.00258], hit=[0.02499, 0.04263, 0.06742, 0.12697], ndcg=[0.01561, 0.02098, 0.02699, 0.03832], Train Rec Loss=[0.03216], Eval Rec Loss=[0.03217], c=[0.50000], F=[0.96909, 0.87960, 0.89512, 0.93293], F_fuse=[0.01001, 0.00856, 0.00678, 0.00514]
[ INFO : 2026-08-11 23:14:06,202 ] - Epoch 17: train==[158.94133 = 1.39940 + 1.09516 + 46.10832 + 0.00662 + 0.00000 + 0.00109 + 1225.89705]
[ INFO : 2026-08-11 23:14:18,321 ] - Test_@[5, 10, 20, 50]: Recall=[0.02424, 0.04044, 0.06494, 0.12202],  precision=[0.00507, 0.00430, 0.00345, 0.00260], hit=[0.02520, 0.04263, 0.06835, 0.12810], ndcg=[0.01577, 0.02109, 0.02733, 0.03868], Train Rec Loss=[0.03215], Eval Rec Loss=[0.03215], c=[0.50000], F=[0.96417, 0.87752, 0.89645, 0.93415], F_fuse=[0.01009, 0.00856, 0.00688, 0.00519]
[ INFO : 2026-08-11 23:17:38,396 ] - Epoch 18: train==[158.45067 = 1.38455 + 1.09516 + 45.63233 + 0.00683 + 0.00000 + 0.00106 + 1225.89705]
[ INFO : 2026-08-11 23:17:50,461 ] - Test_@[5, 10, 20, 50]: Recall=[0.02465, 0.04116, 0.06554, 0.12207],  precision=[0.00515, 0.00437, 0.00349, 0.00260], hit=[0.02561, 0.04335, 0.06902, 0.12816], ndcg=[0.01588, 0.02127, 0.02748, 0.03872], Train Rec Loss=[0.03216], Eval Rec Loss=[0.03209], c=[0.50000], F=[0.95456, 0.87736, 0.89174, 0.93292], F_fuse=[0.01025, 0.00869, 0.00695, 0.00519]
[ INFO : 2026-08-11 23:21:07,850 ] - Epoch 19: train==[157.84723 = 1.36896 + 1.09516 + 45.04429 + 0.00704 + 0.00000 + 0.00105 + 1225.89705]
[ INFO : 2026-08-11 23:21:19,906 ] - Test_@[5, 10, 20, 50]: Recall=[0.02377, 0.04139, 0.06617, 0.12186],  precision=[0.00499, 0.00441, 0.00352, 0.00260], hit=[0.02479, 0.04376, 0.06963, 0.12790], ndcg=[0.01562, 0.02137, 0.02767, 0.03876], Train Rec Loss=[0.03215], Eval Rec Loss=[0.03211], c=[0.50000], F=[0.95010, 0.87786, 0.89082, 0.93319], F_fuse=[0.00992, 0.00877, 0.00701, 0.00518]
[ INFO : 2026-08-11 23:24:38,842 ] - Epoch 20: train==[157.21944 = 1.35872 + 1.09516 + 44.42653 + 0.00726 + 0.00000 + 0.00103 + 1225.89705]
[ INFO : 2026-08-11 23:24:50,939 ] - Test_@[5, 10, 20, 50]: Recall=[0.02428, 0.04132, 0.06655, 0.12286],  precision=[0.00509, 0.00439, 0.00354, 0.00262], hit=[0.02530, 0.04361, 0.06999, 0.12882], ndcg=[0.01573, 0.02125, 0.02767, 0.03889], Train Rec Loss=[0.03212], Eval Rec Loss=[0.03209], c=[0.50000], F=[0.92223, 0.87382, 0.89561, 0.93536], F_fuse=[0.01013, 0.00874, 0.00704, 0.00522]
[ INFO : 2026-08-11 23:28:08,913 ] - Epoch 21: train==[156.75166 = 1.34514 + 1.09516 + 43.97220 + 0.00741 + 0.00000 + 0.00101 + 1225.89705]
[ INFO : 2026-08-11 23:28:21,067 ] - Test_@[5, 10, 20, 50]: Recall=[0.02387, 0.04085, 0.06722, 0.12421],  precision=[0.00502, 0.00435, 0.00357, 0.00264], hit=[0.02494, 0.04315, 0.07071, 0.13006], ndcg=[0.01568, 0.02121, 0.02794, 0.03929], Train Rec Loss=[0.03210], Eval Rec Loss=[0.03207], c=[0.50000], F=[0.92850, 0.87594, 0.89387, 0.93461], F_fuse=[0.00998, 0.00865, 0.00711, 0.00527]
[ INFO : 2026-08-11 23:31:39,922 ] - Epoch 22: train==[156.18027 = 1.33340 + 1.09516 + 43.41238 + 0.00760 + 0.00000 + 0.00100 + 1225.89705]
[ INFO : 2026-08-11 23:31:52,019 ] - Test_@[5, 10, 20, 50]: Recall=[0.02500, 0.04154, 0.06768, 0.12433],  precision=[0.00525, 0.00441, 0.00359, 0.00265], hit=[0.02607, 0.04376, 0.07118, 0.13032], ndcg=[0.01632, 0.02169, 0.02834, 0.03964], Train Rec Loss=[0.03210], Eval Rec Loss=[0.03211], c=[0.50000], F=[0.95194, 0.88272, 0.89449, 0.93542], F_fuse=[0.01043, 0.00877, 0.00716, 0.00528]
[ INFO : 2026-08-11 23:35:09,072 ] - Epoch 23: train==[155.72343 = 1.31727 + 1.09515 + 42.97160 + 0.00768 + 0.00000 + 0.00098 + 1225.89705]
[ INFO : 2026-08-11 23:35:21,115 ] - Test_@[5, 10, 20, 50]: Recall=[0.02543, 0.04206, 0.06857, 0.12577],  precision=[0.00535, 0.00446, 0.00364, 0.00268], hit=[0.02659, 0.04433, 0.07210, 0.13165], ndcg=[0.01657, 0.02199, 0.02874, 0.04016], Train Rec Loss=[0.03206], Eval Rec Loss=[0.03204], c=[0.50000], F=[0.93835, 0.87792, 0.89233, 0.93538], F_fuse=[0.01064, 0.00888, 0.00725, 0.00534]
[ INFO : 2026-08-11 23:38:39,015 ] - Epoch 24: train==[155.44945 = 1.31190 + 1.09516 + 42.70287 + 0.00782 + 0.00000 + 0.00097 + 1225.89705]
[ INFO : 2026-08-11 23:38:50,964 ] - Test_@[5, 10, 20, 50]: Recall=[0.02503, 0.04182, 0.06894, 0.12742],  precision=[0.00530, 0.00444, 0.00365, 0.00271], hit=[0.02633, 0.04407, 0.07236, 0.13325], ndcg=[0.01652, 0.02199, 0.02888, 0.04056], Train Rec Loss=[0.03210], Eval Rec Loss=[0.03207], c=[0.50000], F=[0.88479, 0.87183, 0.89445, 0.93545], F_fuse=[0.01053, 0.00883, 0.00728, 0.00540]
[ INFO : 2026-08-11 23:42:08,461 ] - Epoch 25: train==[154.70084 = 1.29179 + 1.09516 + 41.97422 + 0.00797 + 0.00000 + 0.00096 + 1225.89705]
[ INFO : 2026-08-11 23:42:20,777 ] - Test_@[5, 10, 20, 50]: Recall=[0.02539, 0.04215, 0.06977, 0.12777],  precision=[0.00537, 0.00448, 0.00370, 0.00272], hit=[0.02669, 0.04448, 0.07328, 0.13366], ndcg=[0.01658, 0.02205, 0.02906, 0.04064], Train Rec Loss=[0.03206], Eval Rec Loss=[0.03206], c=[0.50000], F=[0.89508, 0.87058, 0.88795, 0.93339], F_fuse=[0.01067, 0.00891, 0.00736, 0.00542]
[ INFO : 2026-08-11 23:45:37,878 ] - Epoch 26: train==[154.36907 = 1.27830 + 1.09516 + 41.65587 + 0.00806 + 0.00000 + 0.00095 + 1225.89705]
[ INFO : 2026-08-11 23:45:50,007 ] - Test_@[5, 10, 20, 50]: Recall=[0.02571, 0.04327, 0.06974, 0.12884],  precision=[0.00543, 0.00459, 0.00370, 0.00274], hit=[0.02700, 0.04556, 0.07328, 0.13479], ndcg=[0.01688, 0.02261, 0.02934, 0.04117], Train Rec Loss=[0.03205], Eval Rec Loss=[0.03205], c=[0.50000], F=[0.91917, 0.87818, 0.89095, 0.93553], F_fuse=[0.01080, 0.00913, 0.00736, 0.00547]
[ INFO : 2026-08-11 23:49:08,489 ] - Epoch 27: train==[153.90190 = 1.26542 + 1.09516 + 41.20147 + 0.00818 + 0.00000 + 0.00094 + 1225.89705]
[ INFO : 2026-08-11 23:49:20,757 ] - Test_@[5, 10, 20, 50]: Recall=[0.02575, 0.04264, 0.07073, 0.13008],  precision=[0.00544, 0.00452, 0.00375, 0.00276], hit=[0.02705, 0.04484, 0.07421, 0.13592], ndcg=[0.01691, 0.02243, 0.02957, 0.04142], Train Rec Loss=[0.03205], Eval Rec Loss=[0.03206], c=[0.50000], F=[0.90576, 0.87362, 0.89043, 0.93420], F_fuse=[0.01082, 0.00898, 0.00747, 0.00551]
[ INFO : 2026-08-11 23:52:38,722 ] - Epoch 28: train==[153.33993 = 1.25455 + 1.09516 + 40.65024 + 0.00831 + 0.00000 + 0.00094 + 1225.89705]
[ INFO : 2026-08-11 23:52:50,838 ] - Test_@[5, 10, 20, 50]: Recall=[0.02589, 0.04323, 0.07063, 0.13114],  precision=[0.00547, 0.00458, 0.00374, 0.00279], hit=[0.02720, 0.04551, 0.07416, 0.13710], ndcg=[0.01679, 0.02242, 0.02939, 0.04148], Train Rec Loss=[0.03206], Eval Rec Loss=[0.03201], c=[0.50000], F=[0.86407, 0.86311, 0.88610, 0.93293], F_fuse=[0.01087, 0.00911, 0.00746, 0.00556]
[ INFO : 2026-08-11 23:56:07,772 ] - Epoch 29: train==[152.90747 = 1.24396 + 1.09516 + 40.22830 + 0.00839 + 0.00000 + 0.00093 + 1225.89705]
[ INFO : 2026-08-11 23:56:20,117 ] - Test_@[5, 10, 20, 50]: Recall=[0.02650, 0.04387, 0.07186, 0.13077],  precision=[0.00560, 0.00465, 0.00381, 0.00278], hit=[0.02782, 0.04623, 0.07534, 0.13659], ndcg=[0.01730, 0.02295, 0.03006, 0.04182], Train Rec Loss=[0.03203], Eval Rec Loss=[0.03204], c=[0.50000], F=[0.92791, 0.88139, 0.88960, 0.93323], F_fuse=[0.01112, 0.00925, 0.00758, 0.00554]
[ INFO : 2026-08-11 23:59:37,203 ] - Epoch 30: train==[152.63819 = 1.23694 + 1.09516 + 39.96599 + 0.00844 + 0.00000 + 0.00093 + 1225.89705]
[ INFO : 2026-08-11 23:59:49,561 ] - Test_@[5, 10, 20, 50]: Recall=[0.02715, 0.04374, 0.07322, 0.13328],  precision=[0.00572, 0.00463, 0.00387, 0.00283], hit=[0.02844, 0.04608, 0.07668, 0.13926], ndcg=[0.01753, 0.02293, 0.03041, 0.04240], Train Rec Loss=[0.03202], Eval Rec Loss=[0.03197], c=[0.50000], F=[0.88719, 0.87151, 0.88993, 0.93502], F_fuse=[0.01136, 0.00922, 0.00771, 0.00565]
[ INFO : 2026-08-12 00:03:07,375 ] - Epoch 31: train==[152.03513 = 1.21872 + 1.09516 + 39.38105 + 0.00855 + 0.00000 + 0.00092 + 1225.89705]
[ INFO : 2026-08-12 00:03:19,469 ] - Test_@[5, 10, 20, 50]: Recall=[0.02737, 0.04454, 0.07391, 0.13469],  precision=[0.00577, 0.00471, 0.00391, 0.00286], hit=[0.02870, 0.04685, 0.07745, 0.14065], ndcg=[0.01786, 0.02347, 0.03094, 0.04306], Train Rec Loss=[0.03202], Eval Rec Loss=[0.03201], c=[0.50000], F=[0.91975, 0.88322, 0.89015, 0.93485], F_fuse=[0.01147, 0.00937, 0.00779, 0.00571]
[ INFO : 2026-08-12 00:06:38,567 ] - Epoch 32: train==[151.68800 = 1.20945 + 1.09515 + 39.04311 + 0.00864 + 0.00000 + 0.00091 + 1225.89705]
[ INFO : 2026-08-12 00:06:50,749 ] - Test_@[5, 10, 20, 50]: Recall=[0.02760, 0.04474, 0.07512, 0.13493],  precision=[0.00581, 0.00474, 0.00397, 0.00287], hit=[0.02890, 0.04706, 0.07863, 0.14096], ndcg=[0.01794, 0.02352, 0.03122, 0.04314], Train Rec Loss=[0.03201], Eval Rec Loss=[0.03196], c=[0.50000], F=[0.89554, 0.87608, 0.88872, 0.93259], F_fuse=[0.01155, 0.00942, 0.00791, 0.00572]
[ INFO : 2026-08-12 00:10:09,098 ] - Epoch 33: train==[151.36790 = 1.20214 + 1.09516 + 38.73030 + 0.00865 + 0.00000 + 0.00091 + 1225.89705]
[ INFO : 2026-08-12 00:10:21,215 ] - Test_@[5, 10, 20, 50]: Recall=[0.02756, 0.04468, 0.07543, 0.13525],  precision=[0.00581, 0.00473, 0.00399, 0.00287], hit=[0.02890, 0.04700, 0.07889, 0.14127], ndcg=[0.01769, 0.02326, 0.03104, 0.04298], Train Rec Loss=[0.03199], Eval Rec Loss=[0.03197], c=[0.50000], F=[0.89097, 0.87337, 0.88675, 0.93341], F_fuse=[0.01155, 0.00940, 0.00794, 0.00573]
[ INFO : 2026-08-12 00:13:38,703 ] - Epoch 34: train==[150.77465 = 1.18997 + 1.09517 + 38.14908 + 0.00879 + 0.00000 + 0.00090 + 1225.89705]
[ INFO : 2026-08-12 00:13:50,849 ] - Test_@[5, 10, 20, 50]: Recall=[0.02718, 0.04547, 0.07579, 0.13603],  precision=[0.00574, 0.00481, 0.00401, 0.00289], hit=[0.02854, 0.04783, 0.07935, 0.14209], ndcg=[0.01751, 0.02343, 0.03113, 0.04314], Train Rec Loss=[0.03200], Eval Rec Loss=[0.03198], c=[0.50000], F=[0.86804, 0.86504, 0.88360, 0.93089], F_fuse=[0.01140, 0.00957, 0.00798, 0.00577]
[ INFO : 2026-08-12 00:17:10,113 ] - Epoch 35: train==[150.26655 = 1.17577 + 1.09516 + 37.65508 + 0.00889 + 0.00000 + 0.00091 + 1225.89705]
[ INFO : 2026-08-12 00:17:22,287 ] - Test_@[5, 10, 20, 50]: Recall=[0.02826, 0.04679, 0.07663, 0.13645],  precision=[0.00598, 0.00495, 0.00405, 0.00290], hit=[0.02972, 0.04906, 0.08017, 0.14261], ndcg=[0.01811, 0.02409, 0.03167, 0.04361], Train Rec Loss=[0.03197], Eval Rec Loss=[0.03195], c=[0.50000], F=[0.86741, 0.86743, 0.88656, 0.93297], F_fuse=[0.01187, 0.00985, 0.00806, 0.00579]
[ INFO : 2026-08-12 00:20:42,093 ] - Epoch 36: train==[150.13588 = 1.16659 + 1.09517 + 37.53358 + 0.00891 + 0.00000 + 0.00089 + 1225.89705]
[ INFO : 2026-08-12 00:20:54,269 ] - Test_@[5, 10, 20, 50]: Recall=[0.02799, 0.04651, 0.07726, 0.13611],  precision=[0.00591, 0.00493, 0.00408, 0.00289], hit=[0.02942, 0.04886, 0.08074, 0.14204], ndcg=[0.01816, 0.02417, 0.03198, 0.04376], Train Rec Loss=[0.03200], Eval Rec Loss=[0.03194], c=[0.50000], F=[0.90269, 0.88135, 0.89003, 0.93373], F_fuse=[0.01175, 0.00980, 0.00812, 0.00576]
[ INFO : 2026-08-12 00:24:13,875 ] - Epoch 37: train==[149.77313 = 1.15720 + 1.09516 + 37.18013 + 0.00901 + 0.00000 + 0.00089 + 1225.89705]
[ INFO : 2026-08-12 00:24:26,558 ] - Test_@[5, 10, 20, 50]: Recall=[0.02824, 0.04696, 0.07734, 0.13730],  precision=[0.00597, 0.00498, 0.00408, 0.00291], hit=[0.02967, 0.04937, 0.08084, 0.14328], ndcg=[0.01830, 0.02439, 0.03210, 0.04409], Train Rec Loss=[0.03195], Eval Rec Loss=[0.03193], c=[0.50000], F=[0.89310, 0.87654, 0.88701, 0.93204], F_fuse=[0.01185, 0.00991, 0.00813, 0.00581]
[ INFO : 2026-08-12 00:27:44,683 ] - Epoch 38: train==[149.23829 = 1.14664 + 1.09516 + 36.65579 + 0.00907 + 0.00000 + 0.00089 + 1225.89705]
[ INFO : 2026-08-12 00:27:56,780 ] - Test_@[5, 10, 20, 50]: Recall=[0.02787, 0.04799, 0.07775, 0.13885],  precision=[0.00590, 0.00509, 0.00411, 0.00295], hit=[0.02931, 0.05040, 0.08136, 0.14492], ndcg=[0.01807, 0.02457, 0.03211, 0.04431], Train Rec Loss=[0.03195], Eval Rec Loss=[0.03192], c=[0.50000], F=[0.87566, 0.87272, 0.88971, 0.93327], F_fuse=[0.01173, 0.01011, 0.00818, 0.00589]
[ INFO : 2026-08-12 00:31:15,502 ] - Epoch 39: train==[148.83464 = 1.13812 + 1.09515 + 36.26062 + 0.00913 + 0.00000 + 0.00088 + 1225.89705]
[ INFO : 2026-08-12 00:31:27,599 ] - Test_@[5, 10, 20, 50]: Recall=[0.02792, 0.04860, 0.07830, 0.14005],  precision=[0.00591, 0.00514, 0.00413, 0.00298], hit=[0.02936, 0.05091, 0.08187, 0.14631], ndcg=[0.01808, 0.02475, 0.03227, 0.04459], Train Rec Loss=[0.03194], Eval Rec Loss=[0.03192], c=[0.50000], F=[0.87129, 0.87310, 0.88983, 0.93477], F_fuse=[0.01175, 0.01022, 0.00823, 0.00593]
[ INFO : 2026-08-12 00:34:46,448 ] - Epoch 40: train==[148.57656 = 1.12774 + 1.09515 + 36.01284 + 0.00921 + 0.00000 + 0.00088 + 1225.89705]
[ INFO : 2026-08-12 00:34:58,589 ] - Test_@[5, 10, 20, 50]: Recall=[0.02929, 0.04890, 0.07823, 0.14096],  precision=[0.00619, 0.00517, 0.00413, 0.00299], hit=[0.03075, 0.05122, 0.08182, 0.14703], ndcg=[0.01882, 0.02514, 0.03258, 0.04509], Train Rec Loss=[0.03193], Eval Rec Loss=[0.03192], c=[0.50000], F=[0.86588, 0.86620, 0.88420, 0.93164], F_fuse=[0.01230, 0.01028, 0.00823, 0.00596]
[ INFO : 2026-08-12 00:38:17,279 ] - Epoch 41: train==[148.31157 = 1.11736 + 1.09515 + 35.75822 + 0.00924 + 0.00000 + 0.00088 + 1225.89705]
[ INFO : 2026-08-12 00:38:29,475 ] - Test_@[5, 10, 20, 50]: Recall=[0.02890, 0.04845, 0.07854, 0.14084],  precision=[0.00611, 0.00514, 0.00415, 0.00299], hit=[0.03034, 0.05096, 0.08223, 0.14713], ndcg=[0.01870, 0.02502, 0.03267, 0.04510], Train Rec Loss=[0.03192], Eval Rec Loss=[0.03192], c=[0.50000], F=[0.85845, 0.86792, 0.88903, 0.93377], F_fuse=[0.01213, 0.01022, 0.00827, 0.00596]
[ INFO : 2026-08-12 00:41:47,972 ] - Epoch 42: train==[147.83631 = 1.11076 + 1.09515 + 35.28947 + 0.00932 + 0.00000 + 0.00088 + 1225.89705]
[ INFO : 2026-08-12 00:42:00,050 ] - Test_@[5, 10, 20, 50]: Recall=[0.02890, 0.04879, 0.07907, 0.14135],  precision=[0.00611, 0.00517, 0.00418, 0.00300], hit=[0.03029, 0.05122, 0.08264, 0.14760], ndcg=[0.01879, 0.02523, 0.03292, 0.04535], Train Rec Loss=[0.03190], Eval Rec Loss=[0.03187], c=[0.50000], F=[0.85589, 0.86724, 0.88885, 0.93250], F_fuse=[0.01213, 0.01028, 0.00831, 0.00599]
[ INFO : 2026-08-12 00:45:17,109 ] - Epoch 43: train==[147.69803 = 1.10253 + 1.09514 + 35.15940 + 0.00934 + 0.00000 + 0.00087 + 1225.89705]
[ INFO : 2026-08-12 00:45:29,091 ] - Test_@[5, 10, 20, 50]: Recall=[0.02956, 0.04968, 0.08028, 0.14184],  precision=[0.00625, 0.00526, 0.00424, 0.00301], hit=[0.03101, 0.05210, 0.08383, 0.14811], ndcg=[0.01917, 0.02571, 0.03346, 0.04576], Train Rec Loss=[0.03191], Eval Rec Loss=[0.03188], c=[0.50000], F=[0.86605, 0.87223, 0.89164, 0.93288], F_fuse=[0.01242, 0.01045, 0.00844, 0.00601]
[ INFO : 2026-08-12 00:48:48,013 ] - Epoch 44: train==[147.21520 = 1.09078 + 1.09516 + 34.68824 + 0.00942 + 0.00000 + 0.00087 + 1225.89705]
[ INFO : 2026-08-12 00:49:00,184 ] - Test_@[5, 10, 20, 50]: Recall=[0.02954, 0.04975, 0.08045, 0.14218],  precision=[0.00623, 0.00525, 0.00424, 0.00302], hit=[0.03096, 0.05204, 0.08393, 0.14847], ndcg=[0.01910, 0.02561, 0.03340, 0.04575], Train Rec Loss=[0.03191], Eval Rec Loss=[0.03188], c=[0.50000], F=[0.87274, 0.87717, 0.89551, 0.93571], F_fuse=[0.01238, 0.01044, 0.00845, 0.00602]
[ INFO : 2026-08-12 00:52:16,469 ] - Epoch 45: train==[146.74264 = 1.08201 + 1.09515 + 34.22437 + 0.00950 + 0.00000 + 0.00086 + 1225.89705]
[ INFO : 2026-08-12 00:52:28,594 ] - Test_@[5, 10, 20, 50]: Recall=[0.02965, 0.04930, 0.08048, 0.14264],  precision=[0.00627, 0.00522, 0.00425, 0.00303], hit=[0.03111, 0.05168, 0.08398, 0.14904], ndcg=[0.01910, 0.02545, 0.03336, 0.04578], Train Rec Loss=[0.03188], Eval Rec Loss=[0.03184], c=[0.50000], F=[0.86230, 0.86875, 0.88833, 0.93142], F_fuse=[0.01246, 0.01038, 0.00845, 0.00604]
[ INFO : 2026-08-12 00:55:47,039 ] - Epoch 46: train==[146.48855 = 1.07344 + 1.09514 + 33.97879 + 0.00958 + 0.00000 + 0.00086 + 1225.89705]
[ INFO : 2026-08-12 00:55:59,895 ] - Test_@[5, 10, 20, 50]: Recall=[0.02949, 0.04891, 0.08086, 0.14346],  precision=[0.00623, 0.00518, 0.00427, 0.00305], hit=[0.03091, 0.05132, 0.08444, 0.14981], ndcg=[0.01912, 0.02541, 0.03351, 0.04601], Train Rec Loss=[0.03188], Eval Rec Loss=[0.03189], c=[0.50000], F=[0.87377, 0.87544, 0.89168, 0.93183], F_fuse=[0.01238, 0.01030, 0.00849, 0.00607]
[ INFO : 2026-08-12 00:59:18,163 ] - Epoch 47: train==[146.31418 = 1.06923 + 1.09515 + 33.80864 + 0.00956 + 0.00000 + 0.00086 + 1225.89705]
[ INFO : 2026-08-12 00:59:30,376 ] - Test_@[5, 10, 20, 50]: Recall=[0.03046, 0.04970, 0.08141, 0.14366],  precision=[0.00644, 0.00526, 0.00430, 0.00305], hit=[0.03194, 0.05210, 0.08501, 0.14996], ndcg=[0.01950, 0.02575, 0.03379, 0.04621], Train Rec Loss=[0.03188], Eval Rec Loss=[0.03186], c=[0.50000], F=[0.85436, 0.86734, 0.88898, 0.93170], F_fuse=[0.01278, 0.01045, 0.00855, 0.00608]
[ INFO : 2026-08-12 01:02:47,182 ] - Epoch 48: train==[145.83185 = 1.05504 + 1.09515 + 33.34043 + 0.00964 + 0.00000 + 0.00086 + 1225.89705]
[ INFO : 2026-08-12 01:02:59,543 ] - Test_@[5, 10, 20, 50]: Recall=[0.03040, 0.04979, 0.08157, 0.14462],  precision=[0.00643, 0.00526, 0.00430, 0.00307], hit=[0.03194, 0.05210, 0.08511, 0.15099], ndcg=[0.01950, 0.02579, 0.03385, 0.04644], Train Rec Loss=[0.03185], Eval Rec Loss=[0.03185], c=[0.50000], F=[0.86543, 0.87350, 0.89269, 0.93222], F_fuse=[0.01276, 0.01045, 0.00856, 0.00613]
[ INFO : 2026-08-12 01:06:17,240 ] - Epoch 49: train==[145.68270 = 1.04907 + 1.09514 + 33.19717 + 0.00972 + 0.00000 + 0.00085 + 1225.89705]
[ INFO : 2026-08-12 01:06:29,951 ] - Test_@[5, 10, 20, 50]: Recall=[0.03078, 0.05029, 0.08163, 0.14462],  precision=[0.00651, 0.00532, 0.00431, 0.00307], hit=[0.03230, 0.05266, 0.08521, 0.15094], ndcg=[0.01968, 0.02602, 0.03397, 0.04656], Train Rec Loss=[0.03185], Eval Rec Loss=[0.03183], c=[0.50000], F=[0.85895, 0.87245, 0.89284, 0.93256], F_fuse=[0.01292, 0.01057, 0.00858, 0.00612]
[ INFO : 2026-08-12 01:09:46,420 ] - Epoch 50: train==[145.31824 = 1.04127 + 1.09515 + 32.84043 + 0.00980 + 0.00000 + 0.00085 + 1225.89705]
[ INFO : 2026-08-12 01:09:59,142 ] - Test_@[5, 10, 20, 50]: Recall=[0.03066, 0.05042, 0.08177, 0.14517],  precision=[0.00646, 0.00533, 0.00431, 0.00308], hit=[0.03209, 0.05276, 0.08547, 0.15150], ndcg=[0.01963, 0.02603, 0.03398, 0.04664], Train Rec Loss=[0.03186], Eval Rec Loss=[0.03182], c=[0.50000], F=[0.85442, 0.86892, 0.88961, 0.93056], F_fuse=[0.01282, 0.01059, 0.00859, 0.00614]
[ INFO : 2026-08-12 01:13:19,808 ] - Epoch 51: train==[144.85772 = 1.03107 + 1.09515 + 32.39002 + 0.00989 + 0.00000 + 0.00085 + 1225.89705]
[ INFO : 2026-08-12 01:13:32,155 ] - Test_@[5, 10, 20, 50]: Recall=[0.03063, 0.05028, 0.08193, 0.14533],  precision=[0.00647, 0.00531, 0.00433, 0.00309], hit=[0.03214, 0.05266, 0.08552, 0.15176], ndcg=[0.01972, 0.02609, 0.03414, 0.04680], Train Rec Loss=[0.03185], Eval Rec Loss=[0.03183], c=[0.50000], F=[0.85960, 0.87238, 0.89073, 0.93033], F_fuse=[0.01284, 0.01056, 0.00861, 0.00615]
[ INFO : 2026-08-12 01:16:50,972 ] - Epoch 52: train==[144.70178 = 1.02397 + 1.09516 + 32.24117 + 0.00990 + 0.00000 + 0.00085 + 1225.89705]
[ INFO : 2026-08-12 01:17:03,328 ] - Test_@[5, 10, 20, 50]: Recall=[0.03099, 0.05010, 0.08177, 0.14556],  precision=[0.00653, 0.00530, 0.00432, 0.00309], hit=[0.03245, 0.05251, 0.08547, 0.15202], ndcg=[0.01997, 0.02617, 0.03424, 0.04698], Train Rec Loss=[0.03184], Eval Rec Loss=[0.03184], c=[0.50000], F=[0.85702, 0.87193, 0.89201, 0.93106], F_fuse=[0.01296, 0.01053, 0.00859, 0.00616]
[ INFO : 2026-08-12 01:20:20,841 ] - Epoch 53: train==[144.59367 = 1.01536 + 1.09515 + 32.14166 + 0.00991 + 0.00000 + 0.00085 + 1225.89705]
[ INFO : 2026-08-12 01:20:33,050 ] - Test_@[5, 10, 20, 50]: Recall=[0.03084, 0.05063, 0.08193, 0.14514],  precision=[0.00653, 0.00536, 0.00433, 0.00308], hit=[0.03245, 0.05312, 0.08573, 0.15166], ndcg=[0.01972, 0.02612, 0.03410, 0.04672], Train Rec Loss=[0.03183], Eval Rec Loss=[0.03181], c=[0.50000], F=[0.85355, 0.87169, 0.89275, 0.93183], F_fuse=[0.01296, 0.01065, 0.00862, 0.00615]
[ INFO : 2026-08-12 01:23:54,053 ] - Epoch 54: train==[144.19642 = 1.01043 + 1.09514 + 31.74927 + 0.01000 + 0.00000 + 0.00084 + 1225.89705]
[ INFO : 2026-08-12 01:24:06,152 ] - Test_@[5, 10, 20, 50]: Recall=[0.03091, 0.05120, 0.08269, 0.14602],  precision=[0.00652, 0.00542, 0.00436, 0.00310], hit=[0.03240, 0.05369, 0.08640, 0.15258], ndcg=[0.02014, 0.02674, 0.03475, 0.04739], Train Rec Loss=[0.03183], Eval Rec Loss=[0.03181], c=[0.50000], F=[0.86455, 0.87674, 0.89533, 0.93198], F_fuse=[0.01294, 0.01076, 0.00868, 0.00618]
[ INFO : 2026-08-12 01:27:24,803 ] - Epoch 55: train==[143.84986 = 0.99984 + 1.09515 + 31.41319 + 0.01010 + 0.00000 + 0.00084 + 1225.89705]
[ INFO : 2026-08-12 01:27:36,812 ] - Test_@[5, 10, 20, 50]: Recall=[0.03011, 0.05139, 0.08244, 0.14454],  precision=[0.00637, 0.00542, 0.00436, 0.00308], hit=[0.03163, 0.05379, 0.08624, 0.15104], ndcg=[0.01967, 0.02654, 0.03446, 0.04689], Train Rec Loss=[0.03180], Eval Rec Loss=[0.03178], c=[0.50000], F=[0.85672, 0.87650, 0.89823, 0.93510], F_fuse=[0.01264, 0.01077, 0.00867, 0.00613]
[ INFO : 2026-08-12 01:30:54,655 ] - Epoch 56: train==[143.67159 = 0.99377 + 1.09514 + 31.24097 + 0.01014 + 0.00000 + 0.00084 + 1225.89705]
[ INFO : 2026-08-12 01:31:06,842 ] - Test_@[5, 10, 20, 50]: Recall=[0.03121, 0.05209, 0.08417, 0.14665],  precision=[0.00660, 0.00551, 0.00444, 0.00312], hit=[0.03281, 0.05467, 0.08794, 0.15320], ndcg=[0.02013, 0.02687, 0.03500, 0.04747], Train Rec Loss=[0.03182], Eval Rec Loss=[0.03179], c=[0.50000], F=[0.86394, 0.87522, 0.89546, 0.93209], F_fuse=[0.01311, 0.01095, 0.00883, 0.00621]
[ INFO : 2026-08-12 01:34:25,236 ] - Epoch 57: train==[143.38039 = 0.98871 + 1.09514 + 30.95474 + 0.01023 + 0.00000 + 0.00083 + 1225.89705]
[ INFO : 2026-08-12 01:34:37,216 ] - Test_@[5, 10, 20, 50]: Recall=[0.02995, 0.05172, 0.08307, 0.14567],  precision=[0.00634, 0.00547, 0.00439, 0.00309], hit=[0.03147, 0.05426, 0.08686, 0.15207], ndcg=[0.01960, 0.02664, 0.03463, 0.04715], Train Rec Loss=[0.03182], Eval Rec Loss=[0.03179], c=[0.50000], F=[0.85419, 0.87289, 0.89465, 0.93246], F_fuse=[0.01258, 0.01087, 0.00873, 0.00617]
[ INFO : 2026-08-12 01:37:56,173 ] - Epoch 58: train==[143.32894 = 0.98331 + 1.09513 + 30.90869 + 0.01023 + 0.00000 + 0.00083 + 1225.89705]
[ INFO : 2026-08-12 01:38:08,547 ] - Test_@[5, 10, 20, 50]: Recall=[0.03147, 0.05310, 0.08438, 0.14665],  precision=[0.00665, 0.00560, 0.00445, 0.00312], hit=[0.03307, 0.05559, 0.08815, 0.15315], ndcg=[0.02037, 0.02733, 0.03526, 0.04771], Train Rec Loss=[0.03180], Eval Rec Loss=[0.03178], c=[0.50000], F=[0.86304, 0.87621, 0.89560, 0.93125], F_fuse=[0.01321, 0.01113, 0.00885, 0.00621]
[ INFO : 2026-08-12 01:41:28,067 ] - Epoch 59: train==[143.06531 = 0.97298 + 1.09514 + 30.65532 + 0.01031 + 0.00000 + 0.00083 + 1225.89705]
[ INFO : 2026-08-12 01:41:40,506 ] - Test_@[5, 10, 20, 50]: Recall=[0.03109, 0.05240, 0.08414, 0.14616],  precision=[0.00656, 0.00554, 0.00444, 0.00311], hit=[0.03260, 0.05498, 0.08799, 0.15264], ndcg=[0.02017, 0.02706, 0.03513, 0.04753], Train Rec Loss=[0.03179], Eval Rec Loss=[0.03179], c=[0.50000], F=[0.85366, 0.87317, 0.89448, 0.93156], F_fuse=[0.01302, 0.01101, 0.00884, 0.00619]
[ INFO : 2026-08-12 01:44:59,400 ] - Epoch 60: train==[142.84498 = 0.96788 + 1.09513 + 30.44005 + 0.01037 + 0.00000 + 0.00083 + 1225.89705]
[ INFO : 2026-08-12 01:45:11,692 ] - Test_@[5, 10, 20, 50]: Recall=[0.03091, 0.05205, 0.08349, 0.14661],  precision=[0.00652, 0.00550, 0.00442, 0.00311], hit=[0.03240, 0.05462, 0.08748, 0.15315], ndcg=[0.02007, 0.02692, 0.03494, 0.04756], Train Rec Loss=[0.03177], Eval Rec Loss=[0.03178], c=[0.50000], F=[0.85315, 0.87193, 0.89350, 0.92960], F_fuse=[0.01294, 0.01094, 0.00879, 0.00621]
[ INFO : 2026-08-12 01:48:30,784 ] - Epoch 61: train==[142.62654 = 0.95810 + 1.09514 + 30.23130 + 0.01043 + 0.00000 + 0.00083 + 1225.89705]
[ INFO : 2026-08-12 01:48:42,912 ] - Test_@[5, 10, 20, 50]: Recall=[0.03065, 0.05221, 0.08366, 0.14626],  precision=[0.00647, 0.00549, 0.00442, 0.00311], hit=[0.03214, 0.05456, 0.08743, 0.15279], ndcg=[0.02015, 0.02711, 0.03514, 0.04766], Train Rec Loss=[0.03176], Eval Rec Loss=[0.03176], c=[0.50000], F=[0.85300, 0.87294, 0.89476, 0.93100], F_fuse=[0.01284, 0.01092, 0.00879, 0.00619]
[ INFO : 2026-08-12 01:52:00,096 ] - Epoch 62: train==[142.34426 = 0.95465 + 1.09513 + 29.95245 + 0.01046 + 0.00000 + 0.00082 + 1225.89705]
[ INFO : 2026-08-12 01:52:12,204 ] - Test_@[5, 10, 20, 50]: Recall=[0.03169, 0.05260, 0.08445, 0.14679],  precision=[0.00666, 0.00554, 0.00446, 0.00312], hit=[0.03312, 0.05498, 0.08835, 0.15330], ndcg=[0.02060, 0.02736, 0.03549, 0.04793], Train Rec Loss=[0.03178], Eval Rec Loss=[0.03177], c=[0.50000], F=[0.85336, 0.87381, 0.89507, 0.93125], F_fuse=[0.01323, 0.01101, 0.00888, 0.00622]
[ INFO : 2026-08-12 01:55:30,698 ] - Epoch 63: train==[142.16599 = 0.94607 + 1.09513 + 29.78270 + 0.01053 + 0.00000 + 0.00082 + 1225.89705]
[ INFO : 2026-08-12 01:55:43,223 ] - Test_@[5, 10, 20, 50]: Recall=[0.03065, 0.05247, 0.08403, 0.14591],  precision=[0.00647, 0.00553, 0.00444, 0.00310], hit=[0.03214, 0.05498, 0.08799, 0.15248], ndcg=[0.02023, 0.02730, 0.03534, 0.04772], Train Rec Loss=[0.03177], Eval Rec Loss=[0.03173], c=[0.50000], F=[0.84990, 0.87267, 0.89456, 0.93085], F_fuse=[0.01284, 0.01100, 0.00884, 0.00618]
[ INFO : 2026-08-12 01:59:01,319 ] - Epoch 64: train==[141.93809 = 0.94058 + 1.09514 + 29.56016 + 0.01065 + 0.00000 + 0.00082 + 1225.89705]
[ INFO : 2026-08-12 01:59:13,312 ] - Test_@[5, 10, 20, 50]: Recall=[0.03167, 0.05250, 0.08418, 0.14753],  precision=[0.00666, 0.00553, 0.00444, 0.00313], hit=[0.03312, 0.05498, 0.08794, 0.15413], ndcg=[0.02063, 0.02740, 0.03548, 0.04815], Train Rec Loss=[0.03176], Eval Rec Loss=[0.03175], c=[0.50000], F=[0.86119, 0.87981, 0.90034, 0.93317], F_fuse=[0.01323, 0.01100, 0.00884, 0.00624]
[ INFO : 2026-08-12 02:02:33,427 ] - Epoch 65: train==[141.73171 = 0.93488 + 1.09513 + 29.35949 + 0.01067 + 0.00000 + 0.00082 + 1225.89705]
[ INFO : 2026-08-12 02:02:45,702 ] - Test_@[5, 10, 20, 50]: Recall=[0.03083, 0.05230, 0.08398, 0.14652],  precision=[0.00649, 0.00551, 0.00444, 0.00311], hit=[0.03224, 0.05477, 0.08789, 0.15294], ndcg=[0.02022, 0.02722, 0.03531, 0.04782], Train Rec Loss=[0.03176], Eval Rec Loss=[0.03174], c=[0.50000], F=[0.84654, 0.86962, 0.89327, 0.92934], F_fuse=[0.01288, 0.01096, 0.00884, 0.00619]
[ INFO : 2026-08-12 02:06:04,871 ] - Epoch 66: train==[141.67031 = 0.92872 + 1.09513 + 29.30420 + 0.01071 + 0.00000 + 0.00081 + 1225.89705]
[ INFO : 2026-08-12 02:06:17,101 ] - Test_@[5, 10, 20, 50]: Recall=[0.03164, 0.05332, 0.08472, 0.14751],  precision=[0.00663, 0.00562, 0.00447, 0.00313], hit=[0.03296, 0.05585, 0.08856, 0.15402], ndcg=[0.02062, 0.02766, 0.03566, 0.04821], Train Rec Loss=[0.03177], Eval Rec Loss=[0.03171], c=[0.50000], F=[0.85782, 0.87695, 0.89713, 0.93103], F_fuse=[0.01317, 0.01116, 0.00890, 0.00623]
[ INFO : 2026-08-12 02:09:35,282 ] - Epoch 67: train==[141.32461 = 0.92106 + 1.09513 + 28.96607 + 0.01081 + 0.00000 + 0.00081 + 1225.89705]
[ INFO : 2026-08-12 02:09:47,374 ] - Test_@[5, 10, 20, 50]: Recall=[0.03163, 0.05264, 0.08416, 0.14748],  precision=[0.00664, 0.00555, 0.00445, 0.00313], hit=[0.03302, 0.05513, 0.08809, 0.15392], ndcg=[0.02054, 0.02735, 0.03540, 0.04804], Train Rec Loss=[0.03174], Eval Rec Loss=[0.03172], c=[0.50000], F=[0.85276, 0.87682, 0.89930, 0.93295], F_fuse=[0.01319, 0.01104, 0.00885, 0.00623]
[ INFO : 2026-08-12 02:13:06,450 ] - Epoch 68: train==[141.12590 = 0.91525 + 1.09513 + 28.77312 + 0.01085 + 0.00000 + 0.00081 + 1225.89705]
[ INFO : 2026-08-12 02:13:18,845 ] - Test_@[5, 10, 20, 50]: Recall=[0.03191, 0.05367, 0.08429, 0.14716],  precision=[0.00671, 0.00566, 0.00446, 0.00312], hit=[0.03332, 0.05626, 0.08835, 0.15361], ndcg=[0.02085, 0.02788, 0.03570, 0.04828], Train Rec Loss=[0.03174], Eval Rec Loss=[0.03174], c=[0.50000], F=[0.85174, 0.87531, 0.89817, 0.93287], F_fuse=[0.01331, 0.01125, 0.00888, 0.00622]
[ INFO : 2026-08-12 02:16:38,873 ] - Epoch 69: train==[141.03797 = 0.91033 + 1.09513 + 28.69001 + 0.01096 + 0.00000 + 0.00081 + 1225.89705]
[ INFO : 2026-08-12 02:16:51,380 ] - Test_@[5, 10, 20, 50]: Recall=[0.03216, 0.05358, 0.08450, 0.14780],  precision=[0.00677, 0.00565, 0.00447, 0.00313], hit=[0.03363, 0.05611, 0.08840, 0.15423], ndcg=[0.02108, 0.02803, 0.03593, 0.04859], Train Rec Loss=[0.03173], Eval Rec Loss=[0.03173], c=[0.50000], F=[0.85608, 0.87764, 0.89903, 0.93315], F_fuse=[0.01343, 0.01122, 0.00889, 0.00624]
[ INFO : 2026-08-12 02:20:07,346 ] - Epoch 70: train==[140.83717 = 0.90245 + 1.09513 + 28.49703 + 0.01101 + 0.00000 + 0.00081 + 1225.89705]
[ INFO : 2026-08-12 02:20:20,104 ] - Test_@[5, 10, 20, 50]: Recall=[0.03196, 0.05371, 0.08536, 0.14830],  precision=[0.00673, 0.00566, 0.00451, 0.00315], hit=[0.03343, 0.05621, 0.08933, 0.15474], ndcg=[0.02104, 0.02806, 0.03614, 0.04871], Train Rec Loss=[0.03174], Eval Rec Loss=[0.03172], c=[0.50000], F=[0.84748, 0.87226, 0.89561, 0.93090], F_fuse=[0.01335, 0.01125, 0.00898, 0.00627]
[ INFO : 2026-08-12 02:23:40,209 ] - Epoch 71: train==[140.64163 = 0.89988 + 1.09512 + 28.30398 + 0.01110 + 0.00000 + 0.00081 + 1225.89705]
[ INFO : 2026-08-12 02:23:52,355 ] - Test_@[5, 10, 20, 50]: Recall=[0.03151, 0.05420, 0.08529, 0.14730],  precision=[0.00664, 0.00572, 0.00451, 0.00312], hit=[0.03302, 0.05678, 0.08923, 0.15377], ndcg=[0.02074, 0.02808, 0.03599, 0.04839], Train Rec Loss=[0.03172], Eval Rec Loss=[0.03170], c=[0.50000], F=[0.84990, 0.87361, 0.89627, 0.93103], F_fuse=[0.01319, 0.01136, 0.00897, 0.00623]
[ INFO : 2026-08-12 02:27:12,348 ] - Epoch 72: train==[140.44750 = 0.89161 + 1.09512 + 28.11812 + 0.01111 + 0.00000 + 0.00080 + 1225.89705]
[ INFO : 2026-08-12 02:27:24,459 ] - Test_@[5, 10, 20, 50]: Recall=[0.03153, 0.05359, 0.08475, 0.14768],  precision=[0.00665, 0.00566, 0.00448, 0.00313], hit=[0.03302, 0.05616, 0.08866, 0.15418], ndcg=[0.02068, 0.02782, 0.03577, 0.04837], Train Rec Loss=[0.03171], Eval Rec Loss=[0.03171], c=[0.50000], F=[0.85312, 0.87676, 0.89903, 0.93231], F_fuse=[0.01321, 0.01125, 0.00891, 0.00624]
[ INFO : 2026-08-12 02:30:44,972 ] - Epoch 73: train==[140.51372 = 0.88775 + 1.09512 + 28.18816 + 0.01116 + 0.00000 + 0.00080 + 1225.89705]
[ INFO : 2026-08-12 02:30:57,138 ] - Test_@[5, 10, 20, 50]: Recall=[0.03147, 0.05378, 0.08432, 0.14696],  precision=[0.00662, 0.00568, 0.00446, 0.00311], hit=[0.03296, 0.05636, 0.08830, 0.15336], ndcg=[0.02067, 0.02790, 0.03567, 0.04819], Train Rec Loss=[0.03171], Eval Rec Loss=[0.03170], c=[0.50000], F=[0.84673, 0.87277, 0.89593, 0.93099], F_fuse=[0.01314, 0.01129, 0.00887, 0.00621]
[ INFO : 2026-08-12 02:34:17,108 ] - Epoch 74: train==[140.20967 = 0.88283 + 1.09512 + 27.88893 + 0.01125 + 0.00000 + 0.00080 + 1225.89705]
[ INFO : 2026-08-12 02:34:29,441 ] - Test_@[5, 10, 20, 50]: Recall=[0.03133, 0.05330, 0.08486, 0.14779],  precision=[0.00660, 0.00563, 0.00448, 0.00313], hit=[0.03281, 0.05575, 0.08876, 0.15428], ndcg=[0.02074, 0.02788, 0.03592, 0.04851], Train Rec Loss=[0.03171], Eval Rec Loss=[0.03170], c=[0.50000], F=[0.85107, 0.87717, 0.89925, 0.93293], F_fuse=[0.01310, 0.01118, 0.00892, 0.00625]
[ INFO : 2026-08-12 02:37:48,952 ] - Epoch 75: train==[140.09034 = 0.87387 + 1.09512 + 27.77850 + 0.01132 + 0.00000 + 0.00080 + 1225.89705]
[ INFO : 2026-08-12 02:38:01,021 ] - Test_@[5, 10, 20, 50]: Recall=[0.03178, 0.05357, 0.08472, 0.14773],  precision=[0.00670, 0.00565, 0.00447, 0.00313], hit=[0.03327, 0.05600, 0.08861, 0.15413], ndcg=[0.02085, 0.02790, 0.03585, 0.04845], Train Rec Loss=[0.03170], Eval Rec Loss=[0.03167], c=[0.50000], F=[0.85262, 0.87826, 0.90120, 0.93431], F_fuse=[0.01329, 0.01122, 0.00890, 0.00624]
[ INFO : 2026-08-12 02:41:20,295 ] - Epoch 76: train==[139.87787 = 0.87012 + 1.09512 + 27.56975 + 0.01134 + 0.00000 + 0.00079 + 1225.89705]
[ INFO : 2026-08-12 02:41:32,593 ] - Test_@[5, 10, 20, 50]: Recall=[0.03085, 0.05351, 0.08461, 0.14644],  precision=[0.00650, 0.00565, 0.00447, 0.00311], hit=[0.03230, 0.05606, 0.08845, 0.15300], ndcg=[0.02064, 0.02801, 0.03593, 0.04830], Train Rec Loss=[0.03169], Eval Rec Loss=[0.03166], c=[0.50000], F=[0.84598, 0.87307, 0.89710, 0.93156], F_fuse=[0.01290, 0.01123, 0.00889, 0.00620]
[ INFO : 2026-08-12 02:44:50,381 ] - Epoch 77: train==[139.78175 = 0.86294 + 1.09512 + 27.48075 + 0.01141 + 0.00000 + 0.00079 + 1225.89705]
[ INFO : 2026-08-12 02:45:02,375 ] - Test_@[5, 10, 20, 50]: Recall=[0.03110, 0.05284, 0.08457, 0.14714],  precision=[0.00657, 0.00558, 0.00447, 0.00312], hit=[0.03266, 0.05534, 0.08851, 0.15372], ndcg=[0.02061, 0.02767, 0.03577, 0.04830], Train Rec Loss=[0.03169], Eval Rec Loss=[0.03167], c=[0.50000], F=[0.85181, 0.87852, 0.90100, 0.93398], F_fuse=[0.01304, 0.01109, 0.00889, 0.00622]
[ INFO : 2026-08-12 02:48:22,067 ] - Epoch 78: train==[139.80961 = 0.86125 + 1.09512 + 27.51026 + 0.01146 + 0.00000 + 0.00079 + 1225.89705]
[ INFO : 2026-08-12 02:48:34,312 ] - Test_@[5, 10, 20, 50]: Recall=[0.03192, 0.05355, 0.08514, 0.14770],  precision=[0.00675, 0.00565, 0.00449, 0.00313], hit=[0.03353, 0.05600, 0.08892, 0.15418], ndcg=[0.02114, 0.02814, 0.03620, 0.04871], Train Rec Loss=[0.03168], Eval Rec Loss=[0.03168], c=[0.50000], F=[0.84968, 0.87715, 0.90024, 0.93341], F_fuse=[0.01339, 0.01122, 0.00893, 0.00624]
[ INFO : 2026-08-12 02:51:52,115 ] - Epoch 79: train==[139.42702 = 0.85354 + 1.09512 + 27.13528 + 0.01156 + 0.00000 + 0.00079 + 1225.89705]
[ INFO : 2026-08-12 02:52:04,282 ] - Test_@[5, 10, 20, 50]: Recall=[0.03166, 0.05325, 0.08543, 0.14715],  precision=[0.00668, 0.00563, 0.00451, 0.00312], hit=[0.03317, 0.05580, 0.08933, 0.15366], ndcg=[0.02103, 0.02803, 0.03622, 0.04855], Train Rec Loss=[0.03166], Eval Rec Loss=[0.03165], c=[0.50000], F=[0.84897, 0.87679, 0.90021, 0.93322], F_fuse=[0.01325, 0.01118, 0.00897, 0.00622]
[ INFO : 2026-08-12 02:55:23,287 ] - Epoch 80: train==[139.32139 = 0.84927 + 1.09512 + 27.03384 + 0.01163 + 0.00000 + 0.00079 + 1225.89705]
[ INFO : 2026-08-12 02:55:35,371 ] - Test_@[5, 10, 20, 50]: Recall=[0.03199, 0.05378, 0.08457, 0.14591],  precision=[0.00676, 0.00568, 0.00447, 0.00310], hit=[0.03358, 0.05636, 0.08845, 0.15248], ndcg=[0.02131, 0.02835, 0.03615, 0.04842], Train Rec Loss=[0.03167], Eval Rec Loss=[0.03164], c=[0.50000], F=[0.84860, 0.87813, 0.90157, 0.93396], F_fuse=[0.01341, 0.01129, 0.00889, 0.00618]
[ INFO : 2026-08-12 02:58:53,079 ] - Epoch 81: train==[139.24995 = 0.84169 + 1.09512 + 26.96993 + 0.01167 + 0.00000 + 0.00079 + 1225.89705]
[ INFO : 2026-08-12 02:59:05,517 ] - Test_@[5, 10, 20, 50]: Recall=[0.03149, 0.05393, 0.08575, 0.14741],  precision=[0.00666, 0.00570, 0.00453, 0.00312], hit=[0.03312, 0.05652, 0.08969, 0.15392], ndcg=[0.02092, 0.02821, 0.03629, 0.04862], Train Rec Loss=[0.03168], Eval Rec Loss=[0.03168], c=[0.50000], F=[0.84922, 0.87737, 0.90078, 0.93383], F_fuse=[0.01323, 0.01132, 0.00901, 0.00623]
[ INFO : 2026-08-12 03:02:24,269 ] - Epoch 82: train==[139.09900 = 0.84078 + 1.09512 + 26.81988 + 0.01171 + 0.00000 + 0.00078 + 1225.89705]
[ INFO : 2026-08-12 03:02:37,060 ] - Test_@[5, 10, 20, 50]: Recall=[0.03159, 0.05290, 0.08563, 0.14701],  precision=[0.00668, 0.00558, 0.00452, 0.00312], hit=[0.03317, 0.05539, 0.08953, 0.15346], ndcg=[0.02097, 0.02787, 0.03621, 0.04848], Train Rec Loss=[0.03167], Eval Rec Loss=[0.03165], c=[0.50000], F=[0.85093, 0.87870, 0.90230, 0.93459], F_fuse=[0.01325, 0.01110, 0.00900, 0.00621]
[ INFO : 2026-08-12 03:05:55,789 ] - Epoch 83: train==[138.94172 = 0.83366 + 1.09511 + 26.66968 + 0.01175 + 0.00000 + 0.00078 + 1225.89705]
[ INFO : 2026-08-12 03:06:07,783 ] - Test_@[5, 10, 20, 50]: Recall=[0.03180, 0.05309, 0.08464, 0.14627],  precision=[0.00672, 0.00560, 0.00448, 0.00310], hit=[0.03338, 0.05554, 0.08871, 0.15279], ndcg=[0.02136, 0.02825, 0.03629, 0.04861], Train Rec Loss=[0.03165], Eval Rec Loss=[0.03164], c=[0.50000], F=[0.84599, 0.87437, 0.89850, 0.93181], F_fuse=[0.01333, 0.01113, 0.00891, 0.00619]
[ INFO : 2026-08-12 03:09:26,637 ] - Epoch 84: train==[138.84315 = 0.82822 + 1.09511 + 26.57646 + 0.01184 + 0.00000 + 0.00078 + 1225.89705]
[ INFO : 2026-08-12 03:09:38,871 ] - Test_@[5, 10, 20, 50]: Recall=[0.03207, 0.05460, 0.08589, 0.14692],  precision=[0.00679, 0.00576, 0.00454, 0.00312], hit=[0.03374, 0.05719, 0.09005, 0.15356], ndcg=[0.02107, 0.02834, 0.03629, 0.04850], Train Rec Loss=[0.03166], Eval Rec Loss=[0.03166], c=[0.50000], F=[0.84904, 0.87652, 0.89879, 0.93108], F_fuse=[0.01347, 0.01144, 0.00904, 0.00622]
[ INFO : 2026-08-12 03:12:58,537 ] - Epoch 85: train==[138.86315 = 0.82727 + 1.09511 + 26.59738 + 0.01187 + 0.00000 + 0.00078 + 1225.89705]
[ INFO : 2026-08-12 03:13:11,019 ] - Test_@[5, 10, 20, 50]: Recall=[0.03198, 0.05374, 0.08605, 0.14756],  precision=[0.00675, 0.00567, 0.00455, 0.00313], hit=[0.03353, 0.05626, 0.09005, 0.15418], ndcg=[0.02127, 0.02832, 0.03652, 0.04879], Train Rec Loss=[0.03164], Eval Rec Loss=[0.03161], c=[0.50000], F=[0.84673, 0.87531, 0.89800, 0.93095], F_fuse=[0.01339, 0.01126, 0.00905, 0.00624]
[ INFO : 2026-08-12 03:16:29,238 ] - Epoch 86: train==[138.60577 = 0.81894 + 1.09510 + 26.34822 + 0.01200 + 0.00000 + 0.00078 + 1225.89705]
[ INFO : 2026-08-12 03:16:41,703 ] - Test_@[5, 10, 20, 50]: Recall=[0.03220, 0.05413, 0.08521, 0.14698],  precision=[0.00678, 0.00571, 0.00451, 0.00312], hit=[0.03368, 0.05667, 0.08923, 0.15356], ndcg=[0.02118, 0.02831, 0.03621, 0.04854], Train Rec Loss=[0.03161], Eval Rec Loss=[0.03163], c=[0.50000], F=[0.85040, 0.87716, 0.90041, 0.93346], F_fuse=[0.01345, 0.01135, 0.00897, 0.00621]
[ INFO : 2026-08-12 03:20:01,710 ] - Epoch 87: train==[138.44276 = 0.81490 + 1.09510 + 26.18914 + 0.01210 + 0.00000 + 0.00077 + 1225.89705]
[ INFO : 2026-08-12 03:20:13,807 ] - Test_@[5, 10, 20, 50]: Recall=[0.03329, 0.05357, 0.08603, 0.14709],  precision=[0.00701, 0.00565, 0.00453, 0.00312], hit=[0.03487, 0.05606, 0.08979, 0.15372], ndcg=[0.02159, 0.02818, 0.03644, 0.04863], Train Rec Loss=[0.03164], Eval Rec Loss=[0.03162], c=[0.50000], F=[0.84772, 0.87496, 0.89932, 0.93255], F_fuse=[0.01391, 0.01122, 0.00902, 0.00622]
[ INFO : 2026-08-12 03:23:31,622 ] - Epoch 88: train==[138.42558 = 0.80994 + 1.09510 + 26.17695 + 0.01209 + 0.00000 + 0.00077 + 1225.89705]
[ INFO : 2026-08-12 03:23:43,720 ] - Test_@[5, 10, 20, 50]: Recall=[0.03303, 0.05415, 0.08518, 0.14746],  precision=[0.00695, 0.00572, 0.00449, 0.00312], hit=[0.03456, 0.05678, 0.08902, 0.15397], ndcg=[0.02161, 0.02847, 0.03635, 0.04879], Train Rec Loss=[0.03163], Eval Rec Loss=[0.03162], c=[0.50000], F=[0.84793, 0.87515, 0.89913, 0.93219], F_fuse=[0.01379, 0.01136, 0.00894, 0.00623]
[ INFO : 2026-08-12 03:27:01,688 ] - Epoch 89: train==[138.37470 = 0.80554 + 1.09510 + 26.13042 + 0.01214 + 0.00000 + 0.00077 + 1225.89705]
[ INFO : 2026-08-12 03:27:13,947 ] - Test_@[5, 10, 20, 50]: Recall=[0.03285, 0.05460, 0.08605, 0.14621],  precision=[0.00692, 0.00574, 0.00454, 0.00310], hit=[0.03440, 0.05703, 0.08995, 0.15284], ndcg=[0.02165, 0.02867, 0.03664, 0.04867], Train Rec Loss=[0.03162], Eval Rec Loss=[0.03161], c=[0.50000], F=[0.84838, 0.87557, 0.89937, 0.93307], F_fuse=[0.01373, 0.01141, 0.00903, 0.00618]
[ INFO : 2026-08-12 03:30:32,397 ] - Epoch 90: train==[138.23406 = 0.80287 + 1.09510 + 25.99242 + 0.01216 + 0.00000 + 0.00077 + 1225.89705]
[ INFO : 2026-08-12 03:30:44,481 ] - Test_@[5, 10, 20, 50]: Recall=[0.03274, 0.05345, 0.08505, 0.14803],  precision=[0.00690, 0.00564, 0.00449, 0.00314], hit=[0.03430, 0.05600, 0.08902, 0.15464], ndcg=[0.02149, 0.02824, 0.03628, 0.04885], Train Rec Loss=[0.03163], Eval Rec Loss=[0.03160], c=[0.50000], F=[0.84823, 0.87533, 0.89951, 0.93229], F_fuse=[0.01369, 0.01121, 0.00893, 0.00626]
[ INFO : 2026-08-12 03:34:03,397 ] - Epoch 91: train==[138.05158 = 0.79597 + 1.09509 + 25.81667 + 0.01234 + 0.00000 + 0.00077 + 1225.89705]
[ INFO : 2026-08-12 03:34:15,467 ] - Test_@[5, 10, 20, 50]: Recall=[0.03334, 0.05448, 0.08561, 0.14800],  precision=[0.00702, 0.00574, 0.00452, 0.00314], hit=[0.03492, 0.05698, 0.08948, 0.15464], ndcg=[0.02165, 0.02847, 0.03639, 0.04884], Train Rec Loss=[0.03162], Eval Rec Loss=[0.03162], c=[0.50000], F=[0.84636, 0.87541, 0.89973, 0.93306], F_fuse=[0.01393, 0.01140, 0.00899, 0.00626]
[ INFO : 2026-08-12 03:37:33,137 ] - Epoch 92: train==[138.04331 = 0.79160 + 1.09509 + 25.81277 + 0.01234 + 0.00000 + 0.00076 + 1225.89705]
[ INFO : 2026-08-12 03:37:45,608 ] - Test_@[5, 10, 20, 50]: Recall=[0.03299, 0.05471, 0.08657, 0.14808],  precision=[0.00696, 0.00576, 0.00456, 0.00314], hit=[0.03461, 0.05719, 0.09036, 0.15469], ndcg=[0.02167, 0.02872, 0.03683, 0.04910], Train Rec Loss=[0.03161], Eval Rec Loss=[0.03158], c=[0.50000], F=[0.84628, 0.87478, 0.89890, 0.93252], F_fuse=[0.01381, 0.01144, 0.00908, 0.00626]
[ INFO : 2026-08-12 03:41:06,076 ] - Epoch 93: train==[137.91587 = 0.78729 + 1.09509 + 25.68954 + 0.01245 + 0.00000 + 0.00076 + 1225.89705]
[ INFO : 2026-08-12 03:41:18,123 ] - Test_@[5, 10, 20, 50]: Recall=[0.03365, 0.05450, 0.08565, 0.14791],  precision=[0.00709, 0.00575, 0.00452, 0.00314], hit=[0.03523, 0.05703, 0.08953, 0.15454], ndcg=[0.02198, 0.02874, 0.03667, 0.04912], Train Rec Loss=[0.03162], Eval Rec Loss=[0.03161], c=[0.50000], F=[0.84725, 0.87643, 0.90036, 0.93291], F_fuse=[0.01406, 0.01142, 0.00900, 0.00625]
[ INFO : 2026-08-12 03:44:35,372 ] - Epoch 94: train==[137.79678 = 0.78510 + 1.09509 + 25.57257 + 0.01252 + 0.00000 + 0.00077 + 1225.89705]
[ INFO : 2026-08-12 03:44:47,578 ] - Test_@[5, 10, 20, 50]: Recall=[0.03297, 0.05347, 0.08553, 0.14737],  precision=[0.00693, 0.00564, 0.00452, 0.00313], hit=[0.03446, 0.05600, 0.08943, 0.15408], ndcg=[0.02195, 0.02861, 0.03679, 0.04916], Train Rec Loss=[0.03160], Eval Rec Loss=[0.03159], c=[0.50000], F=[0.84790, 0.87767, 0.90094, 0.93348], F_fuse=[0.01375, 0.01121, 0.00899, 0.00623]
[ INFO : 2026-08-12 03:48:04,352 ] - Epoch 95: train==[137.63813 = 0.78363 + 1.09509 + 25.41538 + 0.01254 + 0.00000 + 0.00076 + 1225.89705]
[ INFO : 2026-08-12 03:48:16,446 ] - Test_@[5, 10, 20, 50]: Recall=[0.03244, 0.05400, 0.08520, 0.14682],  precision=[0.00685, 0.00569, 0.00450, 0.00312], hit=[0.03404, 0.05652, 0.08907, 0.15351], ndcg=[0.02150, 0.02847, 0.03640, 0.04871], Train Rec Loss=[0.03161], Eval Rec Loss=[0.03157], c=[0.50000], F=[0.84721, 0.87732, 0.90182, 0.93424], F_fuse=[0.01359, 0.01131, 0.00895, 0.00621]
[ INFO : 2026-08-12 03:51:34,461 ] - Epoch 96: train==[137.62561 = 0.77420 + 1.09508 + 25.41220 + 0.01262 + 0.00000 + 0.00076 + 1225.89705]
[ INFO : 2026-08-12 03:51:46,476 ] - Test_@[5, 10, 20, 50]: Recall=[0.03284, 0.05314, 0.08512, 0.14678],  precision=[0.00692, 0.00561, 0.00450, 0.00311], hit=[0.03440, 0.05570, 0.08917, 0.15336], ndcg=[0.02169, 0.02831, 0.03645, 0.04876], Train Rec Loss=[0.03161], Eval Rec Loss=[0.03158], c=[0.50000], F=[0.84505, 0.87452, 0.89960, 0.93250], F_fuse=[0.01373, 0.01115, 0.00896, 0.00621]
[ INFO : 2026-08-12 03:55:06,416 ] - Epoch 97: train==[137.61110 = 0.77645 + 1.09509 + 25.39540 + 0.01267 + 0.00000 + 0.00076 + 1225.89705]
[ INFO : 2026-08-12 03:55:19,178 ] - Test_@[5, 10, 20, 50]: Recall=[0.03263, 0.05331, 0.08460, 0.14623],  precision=[0.00686, 0.00562, 0.00447, 0.00310], hit=[0.03410, 0.05580, 0.08845, 0.15274], ndcg=[0.02134, 0.02807, 0.03602, 0.04834], Train Rec Loss=[0.03160], Eval Rec Loss=[0.03158], c=[0.50000], F=[0.84365, 0.87393, 0.89975, 0.93265], F_fuse=[0.01361, 0.01117, 0.00889, 0.00618]
[ INFO : 2026-08-12 03:58:37,199 ] - Epoch 98: train==[137.36655 = 0.76612 + 1.09508 + 25.16112 + 0.01273 + 0.00000 + 0.00076 + 1225.89705]
[ INFO : 2026-08-12 03:58:49,372 ] - Test_@[5, 10, 20, 50]: Recall=[0.03372, 0.05314, 0.08549, 0.14641],  precision=[0.00711, 0.00560, 0.00452, 0.00311], hit=[0.03528, 0.05564, 0.08943, 0.15300], ndcg=[0.02190, 0.02819, 0.03640, 0.04857], Train Rec Loss=[0.03160], Eval Rec Loss=[0.03158], c=[0.50000], F=[0.84542, 0.87599, 0.90144, 0.93390], F_fuse=[0.01410, 0.01113, 0.00899, 0.00619]
[ INFO : 2026-08-12 04:02:07,651 ] - Epoch 99: train==[137.37590 = 0.76343 + 1.09509 + 25.17305 + 0.01284 + 0.00000 + 0.00076 + 1225.89705]
[ INFO : 2026-08-12 04:02:19,830 ] - Test_@[5, 10, 20, 50]: Recall=[0.03362, 0.05361, 0.08509, 0.14642],  precision=[0.00708, 0.00565, 0.00449, 0.00311], hit=[0.03518, 0.05611, 0.08892, 0.15300], ndcg=[0.02177, 0.02824, 0.03624, 0.04849], Train Rec Loss=[0.03158], Eval Rec Loss=[0.03160], c=[0.50000], F=[0.84653, 0.87766, 0.90242, 0.93543], F_fuse=[0.01404, 0.01122, 0.00893, 0.00619]
[ INFO : 2026-08-12 04:05:38,684 ] - Epoch 100: train==[137.28175 = 0.76110 + 1.09508 + 25.08123 + 0.01285 + 0.00000 + 0.00076 + 1225.89705]
[ INFO : 2026-08-12 04:05:50,991 ] - Test_@[5, 10, 20, 50]: Recall=[0.03294, 0.05419, 0.08572, 0.14726],  precision=[0.00695, 0.00571, 0.00453, 0.00312], hit=[0.03456, 0.05678, 0.08964, 0.15392], ndcg=[0.02169, 0.02857, 0.03659, 0.04891], Train Rec Loss=[0.03157], Eval Rec Loss=[0.03156], c=[0.50000], F=[0.84716, 0.87765, 0.90257, 0.93495], F_fuse=[0.01379, 0.01135, 0.00901, 0.00623]
[ INFO : 2026-08-12 04:09:09,300 ] - Epoch 101: train==[137.22884 = 0.75690 + 1.09507 + 25.03243 + 0.01295 + 0.00000 + 0.00076 + 1225.89705]
[ INFO : 2026-08-12 04:09:21,556 ] - Test_@[5, 10, 20, 50]: Recall=[0.03324, 0.05401, 0.08544, 0.14692],  precision=[0.00701, 0.00569, 0.00451, 0.00312], hit=[0.03487, 0.05652, 0.08928, 0.15351], ndcg=[0.02159, 0.02830, 0.03629, 0.04856], Train Rec Loss=[0.03158], Eval Rec Loss=[0.03154], c=[0.50000], F=[0.84571, 0.87775, 0.90289, 0.93512], F_fuse=[0.01391, 0.01130, 0.00897, 0.00621]
[ INFO : 2026-08-12 04:12:39,770 ] - Epoch 102: train==[137.14083 = 0.74952 + 1.09507 + 24.95172 + 0.01301 + 0.00000 + 0.00075 + 1225.89705]
[ INFO : 2026-08-12 04:12:52,605 ] - Test_@[5, 10, 20, 50]: Recall=[0.03340, 0.05464, 0.08611, 0.14697],  precision=[0.00705, 0.00575, 0.00455, 0.00312], hit=[0.03497, 0.05719, 0.09010, 0.15372], ndcg=[0.02192, 0.02878, 0.03678, 0.04895], Train Rec Loss=[0.03158], Eval Rec Loss=[0.03155], c=[0.50000], F=[0.84428, 0.87513, 0.90069, 0.93412], F_fuse=[0.01397, 0.01143, 0.00906, 0.00622]
[ INFO : 2026-08-12 04:16:10,867 ] - Epoch 103: train==[137.11051 = 0.75114 + 1.09507 + 24.91981 + 0.01300 + 0.00000 + 0.00075 + 1225.89705]
[ INFO : 2026-08-12 04:16:23,435 ] - Test_@[5, 10, 20, 50]: Recall=[0.03407, 0.05404, 0.08475, 0.14616],  precision=[0.00718, 0.00570, 0.00448, 0.00310], hit=[0.03569, 0.05662, 0.08876, 0.15289], ndcg=[0.02196, 0.02844, 0.03626, 0.04854], Train Rec Loss=[0.03158], Eval Rec Loss=[0.03158], c=[0.50000], F=[0.84438, 0.87458, 0.89919, 0.93197], F_fuse=[0.01424, 0.01132, 0.00891, 0.00619]
[ INFO : 2026-08-12 04:19:40,657 ] - Epoch 104: train==[136.91971 = 0.74447 + 1.09507 + 24.73555 + 0.01313 + 0.00000 + 0.00075 + 1225.89705]
[ INFO : 2026-08-12 04:19:52,782 ] - Test_@[5, 10, 20, 50]: Recall=[0.03360, 0.05456, 0.08540, 0.14681],  precision=[0.00708, 0.00574, 0.00451, 0.00312], hit=[0.03518, 0.05708, 0.08933, 0.15361], ndcg=[0.02173, 0.02849, 0.03635, 0.04863], Train Rec Loss=[0.03156], Eval Rec Loss=[0.03155], c=[0.50000], F=[0.84695, 0.87789, 0.90220, 0.93447], F_fuse=[0.01404, 0.01141, 0.00898, 0.00621]
[ INFO : 2026-08-12 04:23:10,356 ] - Epoch 105: train==[136.83577 = 0.74466 + 1.09507 + 24.65141 + 0.01315 + 0.00000 + 0.00075 + 1225.89705]
[ INFO : 2026-08-12 04:23:23,028 ] - Test_@[5, 10, 20, 50]: Recall=[0.03383, 0.05470, 0.08597, 0.14677],  precision=[0.00715, 0.00576, 0.00454, 0.00311], hit=[0.03554, 0.05729, 0.08984, 0.15336], ndcg=[0.02206, 0.02879, 0.03676, 0.04892], Train Rec Loss=[0.03156], Eval Rec Loss=[0.03156], c=[0.50000], F=[0.84585, 0.87656, 0.90183, 0.93368], F_fuse=[0.01418, 0.01145, 0.00903, 0.00620]
[ INFO : 2026-08-12 04:26:41,492 ] - Epoch 106: train==[136.95105 = 0.73459 + 1.09506 + 24.77670 + 0.01321 + 0.00000 + 0.00075 + 1225.89705]
[ INFO : 2026-08-12 04:26:53,479 ] - Test_@[5, 10, 20, 50]: Recall=[0.03386, 0.05456, 0.08487, 0.14652],  precision=[0.00717, 0.00575, 0.00448, 0.00310], hit=[0.03564, 0.05719, 0.08881, 0.15305], ndcg=[0.02209, 0.02878, 0.03650, 0.04881], Train Rec Loss=[0.03156], Eval Rec Loss=[0.03154], c=[0.50000], F=[0.84258, 0.87477, 0.90066, 0.93327], F_fuse=[0.01422, 0.01143, 0.00892, 0.00619]
[ INFO : 2026-08-12 04:30:12,286 ] - Epoch 107: train==[136.75063 = 0.73639 + 1.09506 + 24.57437 + 0.01333 + 0.00000 + 0.00074 + 1225.89705]
[ INFO : 2026-08-12 04:30:24,741 ] - Test_@[5, 10, 20, 50]: Recall=[0.03410, 0.05441, 0.08546, 0.14628],  precision=[0.00719, 0.00573, 0.00452, 0.00311], hit=[0.03574, 0.05698, 0.08943, 0.15305], ndcg=[0.02191, 0.02847, 0.03637, 0.04853], Train Rec Loss=[0.03155], Eval Rec Loss=[0.03155], c=[0.50000], F=[0.84637, 0.87794, 0.90281, 0.93466], F_fuse=[0.01426, 0.01139, 0.00899, 0.00619]
[ INFO : 2026-08-12 04:33:44,127 ] - Epoch 108: train==[136.70927 = 0.73585 + 1.09506 + 24.53356 + 0.01332 + 0.00000 + 0.00074 + 1225.89705]
[ INFO : 2026-08-12 04:33:56,356 ] - Test_@[5, 10, 20, 50]: Recall=[0.03385, 0.05368, 0.08500, 0.14667],  precision=[0.00714, 0.00566, 0.00449, 0.00311], hit=[0.03543, 0.05621, 0.08897, 0.15341], ndcg=[0.02219, 0.02859, 0.03655, 0.04887], Train Rec Loss=[0.03153], Eval Rec Loss=[0.03152], c=[0.50000], F=[0.84514, 0.87668, 0.90204, 0.93456], F_fuse=[0.01416, 0.01124, 0.00893, 0.00621]
[ INFO : 2026-08-12 04:37:13,112 ] - Epoch 109: train==[136.55743 = 0.72495 + 1.09506 + 24.39251 + 0.01343 + 0.00000 + 0.00074 + 1225.89705]
[ INFO : 2026-08-12 04:37:25,151 ] - Test_@[5, 10, 20, 50]: Recall=[0.03326, 0.05373, 0.08445, 0.14491],  precision=[0.00701, 0.00565, 0.00446, 0.00308], hit=[0.03482, 0.05621, 0.08830, 0.15161], ndcg=[0.02166, 0.02827, 0.03607, 0.04815], Train Rec Loss=[0.03156], Eval Rec Loss=[0.03152], c=[0.50000], F=[0.84378, 0.87646, 0.90229, 0.93457], F_fuse=[0.01391, 0.01123, 0.00887, 0.00613]
[ INFO : 2026-08-12 04:40:43,925 ] - Epoch 110: train==[136.50363 = 0.72408 + 1.09506 + 24.33951 + 0.01351 + 0.00000 + 0.00074 + 1225.89705]
[ INFO : 2026-08-12 04:40:56,726 ] - Test_@[5, 10, 20, 50]: Recall=[0.03380, 0.05465, 0.08586, 0.14744],  precision=[0.00712, 0.00576, 0.00454, 0.00312], hit=[0.03538, 0.05729, 0.08984, 0.15402], ndcg=[0.02208, 0.02883, 0.03677, 0.04905], Train Rec Loss=[0.03154], Eval Rec Loss=[0.03153], c=[0.50000], F=[0.84270, 0.87417, 0.89987, 0.93254], F_fuse=[0.01412, 0.01144, 0.00903, 0.00623]
[ INFO : 2026-08-12 04:44:14,819 ] - Epoch 111: train==[136.47570 = 0.72016 + 1.09506 + 24.31540 + 0.01361 + 0.00000 + 0.00074 + 1225.89705]
[ INFO : 2026-08-12 04:44:27,580 ] - Test_@[5, 10, 20, 50]: Recall=[0.03428, 0.05418, 0.08554, 0.14679],  precision=[0.00723, 0.00571, 0.00451, 0.00311], hit=[0.03595, 0.05683, 0.08943, 0.15341], ndcg=[0.02215, 0.02858, 0.03658, 0.04884], Train Rec Loss=[0.03154], Eval Rec Loss=[0.03153], c=[0.50000], F=[0.84394, 0.87584, 0.90063, 0.93306], F_fuse=[0.01434, 0.01135, 0.00898, 0.00621]
[ INFO : 2026-08-12 04:47:45,303 ] - Epoch 112: train==[136.42247 = 0.71951 + 1.09506 + 24.26281 + 0.01362 + 0.00000 + 0.00074 + 1225.89705]
[ INFO : 2026-08-12 04:47:57,558 ] - Test_@[5, 10, 20, 50]: Recall=[0.03412, 0.05388, 0.08493, 0.14712],  precision=[0.00720, 0.00568, 0.00449, 0.00312], hit=[0.03579, 0.05652, 0.08897, 0.15372], ndcg=[0.02221, 0.02858, 0.03647, 0.04889], Train Rec Loss=[0.03154], Eval Rec Loss=[0.03153], c=[0.50000], F=[0.84387, 0.87525, 0.90088, 0.93336], F_fuse=[0.01428, 0.01129, 0.00893, 0.00622]
[ INFO : 2026-08-12 04:51:15,357 ] - Epoch 113: train==[136.47385 = 0.71200 + 1.09505 + 24.32167 + 0.01365 + 0.00000 + 0.00074 + 1225.89705]
[ INFO : 2026-08-12 04:51:27,530 ] - Test_@[5, 10, 20, 50]: Recall=[0.03288, 0.05454, 0.08500, 0.14647],  precision=[0.00694, 0.00574, 0.00448, 0.00311], hit=[0.03451, 0.05708, 0.08876, 0.15310], ndcg=[0.02149, 0.02849, 0.03623, 0.04851], Train Rec Loss=[0.03154], Eval Rec Loss=[0.03151], c=[0.50000], F=[0.84433, 0.87649, 0.90210, 0.93458], F_fuse=[0.01377, 0.01140, 0.00891, 0.00619]
[ INFO : 2026-08-12 04:54:47,407 ] - Epoch 114: train==[136.36824 = 0.70901 + 1.09504 + 24.21897 + 0.01375 + 0.00000 + 0.00074 + 1225.89705]
[ INFO : 2026-08-12 04:54:59,508 ] - Test_@[5, 10, 20, 50]: Recall=[0.03374, 0.05318, 0.08365, 0.14510],  precision=[0.00714, 0.00561, 0.00442, 0.00308], hit=[0.03538, 0.05575, 0.08753, 0.15186], ndcg=[0.02187, 0.02817, 0.03592, 0.04819], Train Rec Loss=[0.03153], Eval Rec Loss=[0.03151], c=[0.50000], F=[0.84460, 0.87778, 0.90388, 0.93576], F_fuse=[0.01416, 0.01115, 0.00879, 0.00614]
[ INFO : 2026-08-12 04:58:15,874 ] - Epoch 115: train==[136.28888 = 0.70717 + 1.09504 + 24.14144 + 0.01376 + 0.00000 + 0.00073 + 1225.89705]
[ INFO : 2026-08-12 04:58:27,980 ] - Test_@[5, 10, 20, 50]: Recall=[0.03385, 0.05487, 0.08523, 0.14714],  precision=[0.00715, 0.00577, 0.00449, 0.00312], hit=[0.03548, 0.05739, 0.08897, 0.15382], ndcg=[0.02195, 0.02873, 0.03646, 0.04884], Train Rec Loss=[0.03153], Eval Rec Loss=[0.03151], c=[0.50000], F=[0.84325, 0.87554, 0.90139, 0.93447], F_fuse=[0.01418, 0.01146, 0.00893, 0.00622]
[ INFO : 2026-08-12 05:01:44,640 ] - Epoch 116: train==[136.26533 = 0.70451 + 1.09505 + 24.12044 + 0.01386 + 0.00000 + 0.00073 + 1225.89705]
[ INFO : 2026-08-12 05:01:57,472 ] - Test_@[5, 10, 20, 50]: Recall=[0.03404, 0.05486, 0.08454, 0.14654],  precision=[0.00718, 0.00578, 0.00447, 0.00311], hit=[0.03569, 0.05744, 0.08851, 0.15330], ndcg=[0.02216, 0.02888, 0.03644, 0.04884], Train Rec Loss=[0.03154], Eval Rec Loss=[0.03150], c=[0.50000], F=[0.84290, 0.87479, 0.90059, 0.93304], F_fuse=[0.01424, 0.01147, 0.00889, 0.00620]
[ INFO : 2026-08-12 05:05:19,437 ] - Epoch 117: train==[136.04093 = 0.69995 + 1.09503 + 23.90054 + 0.01393 + 0.00000 + 0.00074 + 1225.89705]
[ INFO : 2026-08-12 05:05:32,259 ] - Test_@[5, 10, 20, 50]: Recall=[0.03424, 0.05569, 0.08541, 0.14830],  precision=[0.00723, 0.00586, 0.00452, 0.00314], hit=[0.03590, 0.05827, 0.08948, 0.15495], ndcg=[0.02216, 0.02908, 0.03665, 0.04920], Train Rec Loss=[0.03151], Eval Rec Loss=[0.03150], c=[0.50000], F=[0.84546, 0.87591, 0.90166, 0.93397], F_fuse=[0.01434, 0.01164, 0.00899, 0.00627]
[ INFO : 2026-08-12 05:08:49,263 ] - Epoch 118: train==[136.03165 = 0.69929 + 1.09504 + 23.89183 + 0.01402 + 0.00000 + 0.00074 + 1225.89705]
[ INFO : 2026-08-12 05:09:01,967 ] - Test_@[5, 10, 20, 50]: Recall=[0.03449, 0.05507, 0.08517, 0.14789],  precision=[0.00728, 0.00579, 0.00449, 0.00313], hit=[0.03620, 0.05760, 0.08902, 0.15444], ndcg=[0.02224, 0.02890, 0.03655, 0.04908], Train Rec Loss=[0.03152], Eval Rec Loss=[0.03151], c=[0.50000], F=[0.84385, 0.87594, 0.90193, 0.93449], F_fuse=[0.01444, 0.01151, 0.00894, 0.00624]
[ INFO : 2026-08-12 05:12:20,950 ] - Epoch 119: train==[135.93776 = 0.69595 + 1.09502 + 23.80120 + 0.01411 + 0.00000 + 0.00073 + 1225.89705]
[ INFO : 2026-08-12 05:12:33,005 ] - Test_@[5, 10, 20, 50]: Recall=[0.03380, 0.05464, 0.08507, 0.14742],  precision=[0.00713, 0.00576, 0.00449, 0.00312], hit=[0.03543, 0.05729, 0.08902, 0.15402], ndcg=[0.02192, 0.02866, 0.03640, 0.04886], Train Rec Loss=[0.03151], Eval Rec Loss=[0.03150], c=[0.50000], F=[0.84371, 0.87635, 0.90232, 0.93461], F_fuse=[0.01414, 0.01144, 0.00893, 0.00622]
[ INFO : 2026-08-12 05:15:52,887 ] - Epoch 120: train==[136.01773 = 0.69143 + 1.09503 + 23.88563 + 0.01417 + 0.00000 + 0.00073 + 1225.89705]
[ INFO : 2026-08-12 05:16:04,864 ] - Test_@[5, 10, 20, 50]: Recall=[0.03388, 0.05345, 0.08406, 0.14556],  precision=[0.00714, 0.00563, 0.00444, 0.00309], hit=[0.03548, 0.05600, 0.08794, 0.15207], ndcg=[0.02193, 0.02829, 0.03610, 0.04838], Train Rec Loss=[0.03152], Eval Rec Loss=[0.03149], c=[0.50000], F=[0.84391, 0.87593, 0.90252, 0.93398], F_fuse=[0.01416, 0.01119, 0.00883, 0.00615]
[ INFO : 2026-08-12 05:19:24,627 ] - Epoch 121: train==[135.81307 = 0.68885 + 1.09502 + 23.68357 + 0.01416 + 0.00000 + 0.00073 + 1225.89705]
[ INFO : 2026-08-12 05:19:37,398 ] - Test_@[5, 10, 20, 50]: Recall=[0.03500, 0.05494, 0.08463, 0.14585],  precision=[0.00735, 0.00578, 0.00447, 0.00309], hit=[0.03656, 0.05750, 0.08856, 0.15243], ndcg=[0.02242, 0.02887, 0.03641, 0.04865], Train Rec Loss=[0.03150], Eval Rec Loss=[0.03148], c=[0.50000], F=[0.84415, 0.87623, 0.90230, 0.93399], F_fuse=[0.01458, 0.01149, 0.00889, 0.00617]
[ INFO : 2026-08-12 05:22:55,593 ] - Epoch 122: train==[135.79312 = 0.68426 + 1.09502 + 23.66807 + 0.01431 + 0.00000 + 0.00073 + 1225.89705]
[ INFO : 2026-08-12 05:23:08,389 ] - Test_@[5, 10, 20, 50]: Recall=[0.03426, 0.05418, 0.08487, 0.14710],  precision=[0.00722, 0.00570, 0.00447, 0.00312], hit=[0.03590, 0.05672, 0.08871, 0.15377], ndcg=[0.02201, 0.02844, 0.03623, 0.04866], Train Rec Loss=[0.03150], Eval Rec Loss=[0.03151], c=[0.50000], F=[0.84257, 0.87596, 0.90252, 0.93458], F_fuse=[0.01432, 0.01133, 0.00890, 0.00622]
[ INFO : 2026-08-12 05:26:25,398 ] - Epoch 123: train==[135.84115 = 0.68558 + 1.09502 + 23.71475 + 0.01434 + 0.00000 + 0.00073 + 1225.89705]
[ INFO : 2026-08-12 05:26:37,475 ] - Test_@[5, 10, 20, 50]: Recall=[0.03410, 0.05442, 0.08511, 0.14511],  precision=[0.00719, 0.00573, 0.00448, 0.00308], hit=[0.03564, 0.05703, 0.08892, 0.15176], ndcg=[0.02197, 0.02850, 0.03625, 0.04824], Train Rec Loss=[0.03151], Eval Rec Loss=[0.03148], c=[0.50000], F=[0.84313, 0.87776, 0.90399, 0.93607], F_fuse=[0.01426, 0.01139, 0.00892, 0.00614]
[ INFO : 2026-08-12 05:29:55,209 ] - Epoch 124: train==[135.85550 = 0.67820 + 1.09502 + 23.73644 + 0.01439 + 0.00000 + 0.00072 + 1225.89705]
[ INFO : 2026-08-12 05:30:08,045 ] - Test_@[5, 10, 20, 50]: Recall=[0.03391, 0.05470, 0.08533, 0.14605],  precision=[0.00715, 0.00576, 0.00450, 0.00310], hit=[0.03554, 0.05729, 0.08923, 0.15269], ndcg=[0.02189, 0.02862, 0.03643, 0.04856], Train Rec Loss=[0.03149], Eval Rec Loss=[0.03149], c=[0.50000], F=[0.84230, 0.87513, 0.90177, 0.93393], F_fuse=[0.01418, 0.01145, 0.00896, 0.00617]
[ INFO : 2026-08-12 05:33:26,373 ] - Epoch 125: train==[135.68456 = 0.67545 + 1.09501 + 23.56815 + 0.01448 + 0.00000 + 0.00073 + 1225.89705]
[ INFO : 2026-08-12 05:33:39,150 ] - Test_@[5, 10, 20, 50]: Recall=[0.03391, 0.05444, 0.08512, 0.14572],  precision=[0.00715, 0.00574, 0.00449, 0.00309], hit=[0.03554, 0.05703, 0.08902, 0.15228], ndcg=[0.02214, 0.02879, 0.03656, 0.04867], Train Rec Loss=[0.03149], Eval Rec Loss=[0.03146], c=[0.50000], F=[0.84328, 0.87612, 0.90276, 0.93429], F_fuse=[0.01418, 0.01140, 0.00894, 0.00616]
[ INFO : 2026-08-12 05:36:56,307 ] - Epoch 126: train==[135.73276 = 0.67429 + 1.09502 + 23.61746 + 0.01452 + 0.00000 + 0.00072 + 1225.89705]
[ INFO : 2026-08-12 05:37:08,383 ] - Test_@[5, 10, 20, 50]: Recall=[0.03426, 0.05435, 0.08381, 0.14530],  precision=[0.00721, 0.00573, 0.00442, 0.00308], hit=[0.03584, 0.05698, 0.08763, 0.15186], ndcg=[0.02211, 0.02863, 0.03612, 0.04842], Train Rec Loss=[0.03150], Eval Rec Loss=[0.03146], c=[0.50000], F=[0.84166, 0.87543, 0.90191, 0.93389], F_fuse=[0.01430, 0.01138, 0.00880, 0.00614]
[ INFO : 2026-08-12 05:40:24,987 ] - Epoch 127: train==[135.68777 = 0.67270 + 1.09502 + 23.57405 + 0.01455 + 0.00000 + 0.00072 + 1225.89705]
[ INFO : 2026-08-12 05:40:37,741 ] - Test_@[5, 10, 20, 50]: Recall=[0.03395, 0.05477, 0.08516, 0.14634],  precision=[0.00717, 0.00578, 0.00449, 0.00310], hit=[0.03559, 0.05744, 0.08907, 0.15284], ndcg=[0.02208, 0.02881, 0.03653, 0.04873], Train Rec Loss=[0.03150], Eval Rec Loss=[0.03147], c=[0.50000], F=[0.84203, 0.87630, 0.90296, 0.93445], F_fuse=[0.01422, 0.01149, 0.00894, 0.00618]
[ INFO : 2026-08-12 05:43:54,151 ] - Epoch 128: train==[135.66877 = 0.66980 + 1.09500 + 23.55781 + 0.01470 + 0.00000 + 0.00072 + 1225.89705]
[ INFO : 2026-08-12 05:44:06,222 ] - Test_@[5, 10, 20, 50]: Recall=[0.03398, 0.05435, 0.08345, 0.14465],  precision=[0.00716, 0.00574, 0.00440, 0.00307], hit=[0.03559, 0.05708, 0.08717, 0.15120], ndcg=[0.02194, 0.02857, 0.03595, 0.04822], Train Rec Loss=[0.03149], Eval Rec Loss=[0.03147], c=[0.50000], F=[0.84357, 0.87598, 0.90259, 0.93436], F_fuse=[0.01420, 0.01141, 0.00875, 0.00612]
[ INFO : 2026-08-12 05:47:25,207 ] - Epoch 129: train==[135.54329 = 0.66760 + 1.09500 + 23.43454 + 0.01470 + 0.00000 + 0.00072 + 1225.89705]
[ INFO : 2026-08-12 05:47:38,009 ] - Test_@[5, 10, 20, 50]: Recall=[0.03420, 0.05405, 0.08373, 0.14426],  precision=[0.00722, 0.00570, 0.00441, 0.00306], hit=[0.03590, 0.05667, 0.08748, 0.15094], ndcg=[0.02188, 0.02830, 0.03585, 0.04796], Train Rec Loss=[0.03149], Eval Rec Loss=[0.03146], c=[0.50000], F=[0.84250, 0.87619, 0.90338, 0.93519], F_fuse=[0.01432, 0.01133, 0.00878, 0.00611]
[ INFO : 2026-08-12 05:50:57,603 ] - Epoch 130: train==[135.61255 = 0.66204 + 1.09499 + 23.50931 + 0.01475 + 0.00000 + 0.00072 + 1225.89705]
[ INFO : 2026-08-12 05:51:09,730 ] - Test_@[5, 10, 20, 50]: Recall=[0.03431, 0.05369, 0.08371, 0.14240],  precision=[0.00723, 0.00568, 0.00441, 0.00302], hit=[0.03595, 0.05647, 0.08753, 0.14898], ndcg=[0.02211, 0.02841, 0.03600, 0.04775], Train Rec Loss=[0.03149], Eval Rec Loss=[0.03149], c=[0.50000], F=[0.84078, 0.87567, 0.90356, 0.93526], F_fuse=[0.01434, 0.01128, 0.00878, 0.00603]
[ INFO : 2026-08-12 05:54:30,399 ] - Epoch 131: train==[135.57604 = 0.65961 + 1.09499 + 23.47523 + 0.01476 + 0.00000 + 0.00072 + 1225.89705]
[ INFO : 2026-08-12 05:54:42,470 ] - Test_@[5, 10, 20, 50]: Recall=[0.03417, 0.05385, 0.08348, 0.14388],  precision=[0.00720, 0.00569, 0.00440, 0.00306], hit=[0.03579, 0.05657, 0.08727, 0.15063], ndcg=[0.02216, 0.02855, 0.03606, 0.04814], Train Rec Loss=[0.03149], Eval Rec Loss=[0.03148], c=[0.50000], F=[0.84271, 0.87747, 0.90489, 0.93632], F_fuse=[0.01428, 0.01131, 0.00876, 0.00610]
[ INFO : 2026-08-12 05:57:59,650 ] - Epoch 132: train==[135.47230 = 0.65592 + 1.09499 + 23.37507 + 0.01486 + 0.00000 + 0.00072 + 1225.89705]
[ INFO : 2026-08-12 05:58:12,445 ] - Test_@[5, 10, 20, 50]: Recall=[0.03484, 0.05557, 0.08570, 0.14550],  precision=[0.00733, 0.00586, 0.00452, 0.00308], hit=[0.03651, 0.05827, 0.08959, 0.15217], ndcg=[0.02237, 0.02908, 0.03671, 0.04866], Train Rec Loss=[0.03148], Eval Rec Loss=[0.03147], c=[0.50000], F=[0.84259, 0.87698, 0.90312, 0.93490], F_fuse=[0.01454, 0.01164, 0.00899, 0.00615]
[ INFO : 2026-08-12 06:01:30,581 ] - Epoch 133: train==[135.41158 = 0.65598 + 1.09498 + 23.31422 + 0.01494 + 0.00000 + 0.00072 + 1225.89705]
[ INFO : 2026-08-12 06:01:43,305 ] - Test_@[5, 10, 20, 50]: Recall=[0.03421, 0.05502, 0.08485, 0.14540],  precision=[0.00721, 0.00582, 0.00448, 0.00308], hit=[0.03590, 0.05775, 0.08892, 0.15202], ndcg=[0.02213, 0.02891, 0.03651, 0.04862], Train Rec Loss=[0.03149], Eval Rec Loss=[0.03147], c=[0.50000], F=[0.84357, 0.87645, 0.90318, 0.93452], F_fuse=[0.01430, 0.01156, 0.00892, 0.00614]
[ INFO : 2026-08-12 06:05:00,529 ] - Epoch 134: train==[135.29486 = 0.65512 + 1.09498 + 23.19827 + 0.01503 + 0.00000 + 0.00072 + 1225.89705]
[ INFO : 2026-08-12 06:05:13,319 ] - Test_@[5, 10, 20, 50]: Recall=[0.03386, 0.05442, 0.08495, 0.14457],  precision=[0.00715, 0.00575, 0.00447, 0.00307], hit=[0.03554, 0.05724, 0.08876, 0.15114], ndcg=[0.02171, 0.02842, 0.03613, 0.04805], Train Rec Loss=[0.03148], Eval Rec Loss=[0.03145], c=[0.50000], F=[0.84315, 0.87728, 0.90399, 0.93551], F_fuse=[0.01418, 0.01143, 0.00890, 0.00612]
[ INFO : 2026-08-12 06:08:31,646 ] - Epoch 135: train==[135.38367 = 0.64840 + 1.09497 + 23.29381 + 0.01504 + 0.00000 + 0.00071 + 1225.89705]
[ INFO : 2026-08-12 06:08:44,419 ] - Test_@[5, 10, 20, 50]: Recall=[0.03475, 0.05501, 0.08505, 0.14533],  precision=[0.00731, 0.00580, 0.00448, 0.00308], hit=[0.03641, 0.05770, 0.08892, 0.15202], ndcg=[0.02242, 0.02898, 0.03658, 0.04864], Train Rec Loss=[0.03147], Eval Rec Loss=[0.03144], c=[0.50000], F=[0.84221, 0.87584, 0.90381, 0.93520], F_fuse=[0.01450, 0.01153, 0.00892, 0.00614]
[ INFO : 2026-08-12 06:12:02,093 ] - Epoch 136: train==[135.35084 = 0.64626 + 1.09497 + 23.26306 + 0.01510 + 0.00000 + 0.00071 + 1225.89705]
[ INFO : 2026-08-12 06:12:14,223 ] - Test_@[5, 10, 20, 50]: Recall=[0.03475, 0.05466, 0.08523, 0.14543],  precision=[0.00732, 0.00579, 0.00449, 0.00309], hit=[0.03646, 0.05750, 0.08912, 0.15202], ndcg=[0.02241, 0.02890, 0.03666, 0.04870], Train Rec Loss=[0.03147], Eval Rec Loss=[0.03144], c=[0.50000], F=[0.84275, 0.87708, 0.90355, 0.93478], F_fuse=[0.01452, 0.01150, 0.00894, 0.00615]
[ INFO : 2026-08-12 06:15:30,796 ] - Epoch 137: train==[135.36469 = 0.64307 + 1.09497 + 23.28008 + 0.01511 + 0.00000 + 0.00071 + 1225.89705]
[ INFO : 2026-08-12 06:15:42,834 ] - Test_@[5, 10, 20, 50]: Recall=[0.03457, 0.05525, 0.08517, 0.14490],  precision=[0.00728, 0.00585, 0.00449, 0.00307], hit=[0.03626, 0.05816, 0.08912, 0.15145], ndcg=[0.02222, 0.02891, 0.03647, 0.04839], Train Rec Loss=[0.03148], Eval Rec Loss=[0.03147], c=[0.50000], F=[0.84140, 0.87599, 0.90342, 0.93461], F_fuse=[0.01444, 0.01162, 0.00894, 0.00613]
[ INFO : 2026-08-12 06:18:59,868 ] - Epoch 138: train==[135.26186 = 0.63891 + 1.09496 + 23.18134 + 0.01521 + 0.00000 + 0.00071 + 1225.89705]
[ INFO : 2026-08-12 06:19:12,497 ] - Test_@[5, 10, 20, 50]: Recall=[0.03533, 0.05433, 0.08464, 0.14488],  precision=[0.00744, 0.00574, 0.00446, 0.00307], hit=[0.03703, 0.05714, 0.08851, 0.15140], ndcg=[0.02252, 0.02870, 0.03636, 0.04839], Train Rec Loss=[0.03146], Eval Rec Loss=[0.03145], c=[0.50000], F=[0.84140, 0.87627, 0.90443, 0.93543], F_fuse=[0.01474, 0.01141, 0.00887, 0.00612]
[ INFO : 2026-08-12 06:22:31,862 ] - Epoch 139: train==[135.36584 = 0.63929 + 1.09496 + 23.28491 + 0.01524 + 0.00000 + 0.00071 + 1225.89705]
[ INFO : 2026-08-12 06:22:44,005 ] - Test_@[5, 10, 20, 50]: Recall=[0.03453, 0.05431, 0.08556, 0.14414],  precision=[0.00727, 0.00573, 0.00451, 0.00306], hit=[0.03620, 0.05703, 0.08948, 0.15084], ndcg=[0.02237, 0.02880, 0.03669, 0.04839], Train Rec Loss=[0.03145], Eval Rec Loss=[0.03145], c=[0.50000], F=[0.84250, 0.87719, 0.90485, 0.93582], F_fuse=[0.01442, 0.01139, 0.00897, 0.00610]
[ INFO : 2026-08-12 06:26:05,355 ] - Epoch 140: train==[135.14266 = 0.63888 + 1.09495 + 23.06204 + 0.01534 + 0.00000 + 0.00071 + 1225.89705]
[ INFO : 2026-08-12 06:26:18,166 ] - Test_@[5, 10, 20, 50]: Recall=[0.03511, 0.05421, 0.08415, 0.14424],  precision=[0.00740, 0.00572, 0.00443, 0.00306], hit=[0.03677, 0.05688, 0.08799, 0.15068], ndcg=[0.02261, 0.02880, 0.03637, 0.04836], Train Rec Loss=[0.03145], Eval Rec Loss=[0.03144], c=[0.50000], F=[0.84268, 0.87821, 0.90568, 0.93619], F_fuse=[0.01466, 0.01136, 0.00882, 0.00610]
[ INFO : 2026-08-12 06:29:34,938 ] - Epoch 141: train==[135.31585 = 0.63266 + 1.09495 + 23.24140 + 0.01539 + 0.00000 + 0.00071 + 1225.89705]
[ INFO : 2026-08-12 06:29:47,612 ] - Test_@[5, 10, 20, 50]: Recall=[0.03506, 0.05396, 0.08533, 0.14498],  precision=[0.00737, 0.00569, 0.00450, 0.00307], hit=[0.03672, 0.05662, 0.08923, 0.15171], ndcg=[0.02275, 0.02892, 0.03688, 0.04879], Train Rec Loss=[0.03146], Eval Rec Loss=[0.03146], c=[0.50000], F=[0.84247, 0.87740, 0.90474, 0.93551], F_fuse=[0.01462, 0.01131, 0.00895, 0.00612]
[ INFO : 2026-08-12 06:33:05,765 ] - Epoch 142: train==[135.23798 = 0.62891 + 1.09495 + 23.16720 + 0.01547 + 0.00000 + 0.00071 + 1225.89705]
[ INFO : 2026-08-12 06:33:18,462 ] - Test_@[5, 10, 20, 50]: Recall=[0.03440, 0.05435, 0.08515, 0.14416],  precision=[0.00724, 0.00573, 0.00449, 0.00306], hit=[0.03605, 0.05703, 0.08907, 0.15073], ndcg=[0.02234, 0.02880, 0.03656, 0.04833], Train Rec Loss=[0.03145], Eval Rec Loss=[0.03143], c=[0.50000], F=[0.84293, 0.87813, 0.90570, 0.93658], F_fuse=[0.01436, 0.01139, 0.00893, 0.00609]
[ INFO : 2026-08-12 06:36:36,287 ] - Epoch 143: train==[135.07183 = 0.63104 + 1.09493 + 22.99889 + 0.01552 + 0.00000 + 0.00071 + 1225.89705]
[ INFO : 2026-08-12 06:36:49,062 ] - Test_@[5, 10, 20, 50]: Recall=[0.03517, 0.05453, 0.08602, 0.14583],  precision=[0.00742, 0.00576, 0.00454, 0.00309], hit=[0.03692, 0.05719, 0.08989, 0.15228], ndcg=[0.02267, 0.02894, 0.03690, 0.04882], Train Rec Loss=[0.03144], Eval Rec Loss=[0.03145], c=[0.50000], F=[0.84112, 0.87697, 0.90455, 0.93595], F_fuse=[0.01470, 0.01144, 0.00903, 0.00616]
[ INFO : 2026-08-12 06:40:06,622 ] - Epoch 144: train==[134.96229 = 0.62401 + 1.09494 + 22.89626 + 0.01563 + 0.00000 + 0.00071 + 1225.89705]
[ INFO : 2026-08-12 06:40:18,623 ] - Test_@[5, 10, 20, 50]: Recall=[0.03498, 0.05440, 0.08612, 0.14558],  precision=[0.00735, 0.00576, 0.00454, 0.00309], hit=[0.03662, 0.05734, 0.09020, 0.15212], ndcg=[0.02248, 0.02881, 0.03683, 0.04867], Train Rec Loss=[0.03145], Eval Rec Loss=[0.03144], c=[0.50000], F=[0.84187, 0.87612, 0.90280, 0.93394], F_fuse=[0.01458, 0.01145, 0.00904, 0.00615]
[ INFO : 2026-08-12 06:43:36,633 ] - Epoch 145: train==[135.03406 = 0.62477 + 1.09493 + 22.96726 + 0.01565 + 0.00000 + 0.00070 + 1225.89705]
[ INFO : 2026-08-12 06:43:48,792 ] - Test_@[5, 10, 20, 50]: Recall=[0.03425, 0.05350, 0.08365, 0.14258],  precision=[0.00721, 0.00565, 0.00441, 0.00302], hit=[0.03584, 0.05616, 0.08763, 0.14904], ndcg=[0.02218, 0.02844, 0.03606, 0.04783], Train Rec Loss=[0.03145], Eval Rec Loss=[0.03144], c=[0.50000], F=[0.84101, 0.87570, 0.90400, 0.93485], F_fuse=[0.01430, 0.01123, 0.00878, 0.00603]
[ INFO : 2026-08-12 06:47:06,298 ] - Epoch 146: train==[134.94116 = 0.62127 + 1.09493 + 22.87784 + 0.01568 + 0.00000 + 0.00071 + 1225.89705]
[ INFO : 2026-08-12 06:47:18,951 ] - Test_@[5, 10, 20, 50]: Recall=[0.03415, 0.05378, 0.08522, 0.14371],  precision=[0.00718, 0.00568, 0.00449, 0.00305], hit=[0.03564, 0.05652, 0.08923, 0.15017], ndcg=[0.02232, 0.02873, 0.03669, 0.04833], Train Rec Loss=[0.03144], Eval Rec Loss=[0.03143], c=[0.50000], F=[0.84070, 0.87654, 0.90462, 0.93580], F_fuse=[0.01424, 0.01128, 0.00895, 0.00608]
[ INFO : 2026-08-12 06:50:37,710 ] - Epoch 147: train==[135.02125 = 0.61806 + 1.09492 + 22.96110 + 0.01573 + 0.00000 + 0.00070 + 1225.89705]
[ INFO : 2026-08-12 06:50:50,173 ] - Test_@[5, 10, 20, 50]: Recall=[0.03450, 0.05334, 0.08358, 0.14153],  precision=[0.00726, 0.00565, 0.00440, 0.00301], hit=[0.03610, 0.05621, 0.08748, 0.14801], ndcg=[0.02235, 0.02850, 0.03615, 0.04773], Train Rec Loss=[0.03145], Eval Rec Loss=[0.03143], c=[0.50000], F=[0.84061, 0.87797, 0.90562, 0.93633], F_fuse=[0.01440, 0.01123, 0.00877, 0.00599]
[ INFO : 2026-08-12 06:54:08,945 ] - Epoch 148: train==[134.90363 = 0.61831 + 1.09491 + 22.84318 + 0.01579 + 0.00000 + 0.00070 + 1225.89705]
[ INFO : 2026-08-12 06:54:21,087 ] - Test_@[5, 10, 20, 50]: Recall=[0.03488, 0.05457, 0.08496, 0.14452],  precision=[0.00733, 0.00575, 0.00448, 0.00306], hit=[0.03651, 0.05729, 0.08892, 0.15120], ndcg=[0.02254, 0.02895, 0.03666, 0.04855], Train Rec Loss=[0.03143], Eval Rec Loss=[0.03142], c=[0.50000], F=[0.84078, 0.87580, 0.90351, 0.93479], F_fuse=[0.01454, 0.01143, 0.00891, 0.00611]
[ INFO : 2026-08-12 06:57:43,577 ] - Epoch 149: train==[134.83548 = 0.61633 + 1.09491 + 22.77688 + 0.01591 + 0.00000 + 0.00070 + 1225.89705]
[ INFO : 2026-08-12 06:57:56,045 ] - Test_@[5, 10, 20, 50]: Recall=[0.03464, 0.05363, 0.08432, 0.14292],  precision=[0.00730, 0.00567, 0.00445, 0.00303], hit=[0.03631, 0.05636, 0.08825, 0.14929], ndcg=[0.02247, 0.02865, 0.03643, 0.04812], Train Rec Loss=[0.03145], Eval Rec Loss=[0.03142], c=[0.50000], F=[0.84177, 0.87653, 0.90500, 0.93572], F_fuse=[0.01448, 0.01126, 0.00885, 0.00604]
[ INFO : 2026-08-12 07:01:16,120 ] - Epoch 150: train==[134.93406 = 0.60941 + 1.09490 + 22.88237 + 0.01595 + 0.00000 + 0.00070 + 1225.89705]
[ INFO : 2026-08-12 07:01:28,258 ] - Test_@[5, 10, 20, 50]: Recall=[0.03445, 0.05335, 0.08255, 0.14150],  precision=[0.00723, 0.00564, 0.00436, 0.00300], hit=[0.03600, 0.05616, 0.08650, 0.14796], ndcg=[0.02249, 0.02865, 0.03605, 0.04782], Train Rec Loss=[0.03145], Eval Rec Loss=[0.03142], c=[0.50000], F=[0.84073, 0.87697, 0.90569, 0.93630], F_fuse=[0.01434, 0.01121, 0.00867, 0.00598]
[ INFO : 2026-08-12 07:04:47,564 ] - Epoch 151: train==[134.89306 = 0.61420 + 1.09490 + 22.83645 + 0.01606 + 0.00000 + 0.00070 + 1225.89705]
[ INFO : 2026-08-12 07:04:59,572 ] - Test_@[5, 10, 20, 50]: Recall=[0.03483, 0.05409, 0.08414, 0.14379],  precision=[0.00731, 0.00570, 0.00443, 0.00305], hit=[0.03646, 0.05672, 0.08799, 0.15042], ndcg=[0.02268, 0.02893, 0.03656, 0.04847], Train Rec Loss=[0.03144], Eval Rec Loss=[0.03143], c=[0.50000], F=[0.84150, 0.87713, 0.90576, 0.93642], F_fuse=[0.01450, 0.01132, 0.00882, 0.00608]
[ INFO : 2026-08-12 07:08:19,525 ] - Epoch 152: train==[134.86623 = 0.60796 + 1.09489 + 22.81584 + 0.01609 + 0.00000 + 0.00070 + 1225.89705]
[ INFO : 2026-08-12 07:08:31,663 ] - Test_@[5, 10, 20, 50]: Recall=[0.03541, 0.05430, 0.08431, 0.14442],  precision=[0.00746, 0.00573, 0.00445, 0.00306], hit=[0.03713, 0.05708, 0.08835, 0.15089], ndcg=[0.02280, 0.02894, 0.03655, 0.04854], Train Rec Loss=[0.03145], Eval Rec Loss=[0.03142], c=[0.50000], F=[0.84104, 0.87582, 0.90487, 0.93579], F_fuse=[0.01478, 0.01139, 0.00885, 0.00610]
[ INFO : 2026-08-12 07:11:51,695 ] - Epoch 153: train==[134.81300 = 0.60570 + 1.09489 + 22.76487 + 0.01610 + 0.00000 + 0.00070 + 1225.89705]
[ INFO : 2026-08-12 07:12:03,880 ] - Test_@[5, 10, 20, 50]: Recall=[0.03454, 0.05425, 0.08422, 0.14383],  precision=[0.00727, 0.00573, 0.00444, 0.00305], hit=[0.03626, 0.05703, 0.08815, 0.15032], ndcg=[0.02254, 0.02896, 0.03654, 0.04843], Train Rec Loss=[0.03145], Eval Rec Loss=[0.03141], c=[0.50000], F=[0.84123, 0.87574, 0.90506, 0.93566], F_fuse=[0.01442, 0.01139, 0.00884, 0.00608]
[ INFO : 2026-08-12 07:15:22,698 ] - Epoch 154: train==[134.67459 = 0.60087 + 1.09489 + 22.63118 + 0.01622 + 0.00000 + 0.00070 + 1225.89705]
[ INFO : 2026-08-12 07:15:35,395 ] - Test_@[5, 10, 20, 50]: Recall=[0.03510, 0.05454, 0.08447, 0.14303],  precision=[0.00734, 0.00576, 0.00445, 0.00303], hit=[0.03662, 0.05734, 0.08835, 0.14940], ndcg=[0.02273, 0.02908, 0.03667, 0.04838], Train Rec Loss=[0.03144], Eval Rec Loss=[0.03142], c=[0.50000], F=[0.84252, 0.87672, 0.90530, 0.93608], F_fuse=[0.01456, 0.01144, 0.00886, 0.00604]
[ INFO : 2026-08-12 07:18:56,377 ] - Epoch 155: train==[134.81118 = 0.60214 + 1.09487 + 22.76654 + 0.01619 + 0.00000 + 0.00070 + 1225.89705]
[ INFO : 2026-08-12 07:19:08,507 ] - Test_@[5, 10, 20, 50]: Recall=[0.03419, 0.05431, 0.08443, 0.14457],  precision=[0.00719, 0.00572, 0.00445, 0.00306], hit=[0.03584, 0.05703, 0.08840, 0.15089], ndcg=[0.02263, 0.02915, 0.03679, 0.04880], Train Rec Loss=[0.03145], Eval Rec Loss=[0.03143], c=[0.50000], F=[0.84013, 0.87682, 0.90490, 0.93526], F_fuse=[0.01426, 0.01137, 0.00886, 0.00611]
[ INFO : 2026-08-12 07:22:27,009 ] - Epoch 156: train==[134.66241 = 0.59610 + 1.09487 + 22.62365 + 0.01635 + 0.00000 + 0.00070 + 1225.89705]
[ INFO : 2026-08-12 07:22:39,382 ] - Test_@[5, 10, 20, 50]: Recall=[0.03451, 0.05375, 0.08385, 0.14382],  precision=[0.00726, 0.00567, 0.00442, 0.00305], hit=[0.03620, 0.05642, 0.08779, 0.15027], ndcg=[0.02248, 0.02873, 0.03638, 0.04835], Train Rec Loss=[0.03143], Eval Rec Loss=[0.03142], c=[0.50000], F=[0.84114, 0.87635, 0.90445, 0.93514], F_fuse=[0.01440, 0.01127, 0.00880, 0.00608]
[ INFO : 2026-08-12 07:25:59,152 ] - Epoch 157: train==[134.66051 = 0.59922 + 1.09486 + 22.61863 + 0.01635 + 0.00000 + 0.00070 + 1225.89705]
[ INFO : 2026-08-12 07:26:11,811 ] - Test_@[5, 10, 20, 50]: Recall=[0.03483, 0.05392, 0.08384, 0.14347],  precision=[0.00731, 0.00570, 0.00443, 0.00304], hit=[0.03641, 0.05667, 0.08784, 0.15001], ndcg=[0.02262, 0.02886, 0.03645, 0.04835], Train Rec Loss=[0.03143], Eval Rec Loss=[0.03143], c=[0.50000], F=[0.84096, 0.87720, 0.90623, 0.93709], F_fuse=[0.01450, 0.01132, 0.00881, 0.00606]
[ INFO : 2026-08-12 07:29:31,231 ] - Epoch 158: train==[134.63119 = 0.59642 + 1.09485 + 22.59206 + 0.01642 + 0.00000 + 0.00070 + 1225.89705]
[ INFO : 2026-08-12 07:29:43,638 ] - Test_@[5, 10, 20, 50]: Recall=[0.03412, 0.05415, 0.08432, 0.14384],  precision=[0.00718, 0.00570, 0.00445, 0.00305], hit=[0.03574, 0.05678, 0.08830, 0.15042], ndcg=[0.02230, 0.02881, 0.03646, 0.04833], Train Rec Loss=[0.03144], Eval Rec Loss=[0.03142], c=[0.50000], F=[0.83977, 0.87540, 0.90380, 0.93487], F_fuse=[0.01424, 0.01133, 0.00885, 0.00608]
[ INFO : 2026-08-12 07:33:04,524 ] - Epoch 159: train==[134.64221 = 0.59342 + 1.09485 + 22.60606 + 0.01645 + 0.00000 + 0.00069 + 1225.89705]
[ INFO : 2026-08-12 07:33:16,661 ] - Test_@[5, 10, 20, 50]: Recall=[0.03475, 0.05409, 0.08347, 0.14253],  precision=[0.00729, 0.00570, 0.00440, 0.00302], hit=[0.03631, 0.05672, 0.08737, 0.14888], ndcg=[0.02258, 0.02888, 0.03634, 0.04813], Train Rec Loss=[0.03142], Eval Rec Loss=[0.03140], c=[0.50000], F=[0.84117, 0.87647, 0.90565, 0.93632], F_fuse=[0.01446, 0.01133, 0.00876, 0.00602]
[ INFO : 2026-08-12 07:36:35,509 ] - Epoch 160: train==[134.61757 = 0.59069 + 1.09484 + 22.58407 + 0.01653 + 0.00000 + 0.00070 + 1225.89705]
[ INFO : 2026-08-12 07:36:47,570 ] - Test_@[5, 10, 20, 50]: Recall=[0.03516, 0.05483, 0.08394, 0.14381],  precision=[0.00741, 0.00579, 0.00443, 0.00305], hit=[0.03687, 0.05755, 0.08789, 0.15027], ndcg=[0.02278, 0.02918, 0.03655, 0.04848], Train Rec Loss=[0.03141], Eval Rec Loss=[0.03141], c=[0.50000], F=[0.84172, 0.87595, 0.90481, 0.93563], F_fuse=[0.01468, 0.01150, 0.00882, 0.00608]
[ INFO : 2026-08-12 07:40:07,129 ] - Epoch 161: train==[134.60545 = 0.58903 + 1.09483 + 22.57358 + 0.01657 + 0.00000 + 0.00070 + 1225.89705]
[ INFO : 2026-08-12 07:40:19,995 ] - Test_@[5, 10, 20, 50]: Recall=[0.03438, 0.05405, 0.08348, 0.14359],  precision=[0.00721, 0.00571, 0.00441, 0.00304], hit=[0.03595, 0.05688, 0.08753, 0.15006], ndcg=[0.02244, 0.02887, 0.03633, 0.04832], Train Rec Loss=[0.03143], Eval Rec Loss=[0.03142], c=[0.50000], F=[0.84117, 0.87720, 0.90552, 0.93637], F_fuse=[0.01430, 0.01135, 0.00878, 0.00607]
[ INFO : 2026-08-12 07:43:41,196 ] - Epoch 162: train==[134.64442 = 0.58491 + 1.09482 + 22.61663 + 0.01664 + 0.00000 + 0.00070 + 1225.89705]
[ INFO : 2026-08-12 07:43:53,992 ] - Test_@[5, 10, 20, 50]: Recall=[0.03311, 0.05263, 0.08315, 0.14295],  precision=[0.00697, 0.00556, 0.00438, 0.00303], hit=[0.03476, 0.05534, 0.08701, 0.14929], ndcg=[0.02196, 0.02831, 0.03605, 0.04800], Train Rec Loss=[0.03143], Eval Rec Loss=[0.03140], c=[0.50000], F=[0.84106, 0.87774, 0.90701, 0.93751], F_fuse=[0.01383, 0.01106, 0.00873, 0.00604]
[ INFO : 2026-08-12 07:47:16,123 ] - Epoch 163: train==[134.58783 = 0.58568 + 1.09481 + 22.55924 + 0.01667 + 0.00000 + 0.00070 + 1225.89705]
[ INFO : 2026-08-12 07:47:28,742 ] - Test_@[5, 10, 20, 50]: Recall=[0.03422, 0.05416, 0.08312, 0.14137],  precision=[0.00720, 0.00571, 0.00439, 0.00300], hit=[0.03584, 0.05688, 0.08722, 0.14775], ndcg=[0.02236, 0.02882, 0.03616, 0.04780], Train Rec Loss=[0.03142], Eval Rec Loss=[0.03141], c=[0.50000], F=[0.84100, 0.87566, 0.90517, 0.93547], F_fuse=[0.01428, 0.01135, 0.00874, 0.00598]
[ INFO : 2026-08-12 07:50:49,178 ] - Epoch 164: train==[134.56407 = 0.58264 + 1.09480 + 22.53846 + 0.01673 + 0.00000 + 0.00070 + 1225.89705]
[ INFO : 2026-08-12 07:51:01,257 ] - Test_@[5, 10, 20, 50]: Recall=[0.03431, 0.05426, 0.08403, 0.14218],  precision=[0.00722, 0.00571, 0.00443, 0.00302], hit=[0.03605, 0.05688, 0.08799, 0.14857], ndcg=[0.02252, 0.02903, 0.03658, 0.04819], Train Rec Loss=[0.03142], Eval Rec Loss=[0.03141], c=[0.50000], F=[0.83932, 0.87571, 0.90569, 0.93588], F_fuse=[0.01432, 0.01134, 0.00882, 0.00601]
[ INFO : 2026-08-12 07:54:23,493 ] - Epoch 165: train==[134.49374 = 0.58009 + 1.09479 + 22.47068 + 0.01675 + 0.00000 + 0.00069 + 1225.89705]
[ INFO : 2026-08-12 07:54:36,239 ] - Test_@[5, 10, 20, 50]: Recall=[0.03550, 0.05489, 0.08439, 0.14345],  precision=[0.00747, 0.00581, 0.00445, 0.00304], hit=[0.03723, 0.05775, 0.08840, 0.15012], ndcg=[0.02303, 0.02935, 0.03683, 0.04863], Train Rec Loss=[0.03143], Eval Rec Loss=[0.03140], c=[0.50000], F=[0.84090, 0.87519, 0.90454, 0.93472], F_fuse=[0.01480, 0.01154, 0.00886, 0.00607]
[ INFO : 2026-08-12 07:57:57,184 ] - Epoch 166: train==[134.47862 = 0.57939 + 1.09478 + 22.45618 + 0.01685 + 0.00000 + 0.00070 + 1225.89705]
[ INFO : 2026-08-12 07:58:09,476 ] - Test_@[5, 10, 20, 50]: Recall=[0.03424, 0.05425, 0.08363, 0.14297],  precision=[0.00720, 0.00573, 0.00441, 0.00303], hit=[0.03595, 0.05703, 0.08758, 0.14960], ndcg=[0.02245, 0.02899, 0.03643, 0.04830], Train Rec Loss=[0.03143], Eval Rec Loss=[0.03140], c=[0.50000], F=[0.84011, 0.87558, 0.90505, 0.93522], F_fuse=[0.01428, 0.01139, 0.00878, 0.00605]
[ INFO : 2026-08-12 08:01:29,342 ] - Epoch 167: train==[134.58425 = 0.57493 + 1.09477 + 22.56622 + 0.01690 + 0.00000 + 0.00069 + 1225.89705]
[ INFO : 2026-08-12 08:01:42,167 ] - Test_@[5, 10, 20, 50]: Recall=[0.03459, 0.05329, 0.08252, 0.14312],  precision=[0.00727, 0.00562, 0.00436, 0.00303], hit=[0.03631, 0.05590, 0.08655, 0.14950], ndcg=[0.02266, 0.02876, 0.03620, 0.04827], Train Rec Loss=[0.03143], Eval Rec Loss=[0.03140], c=[0.50000], F=[0.83923, 0.87705, 0.90649, 0.93636], F_fuse=[0.01442, 0.01116, 0.00868, 0.00604]
[ INFO : 2026-08-12 08:05:00,852 ] - Epoch 168: train==[134.48266 = 0.57363 + 1.09477 + 22.46589 + 0.01693 + 0.00000 + 0.00069 + 1225.89705]
[ INFO : 2026-08-12 08:05:13,248 ] - Test_@[5, 10, 20, 50]: Recall=[0.03447, 0.05405, 0.08351, 0.14226],  precision=[0.00724, 0.00571, 0.00440, 0.00302], hit=[0.03615, 0.05678, 0.08748, 0.14857], ndcg=[0.02260, 0.02898, 0.03646, 0.04819], Train Rec Loss=[0.03143], Eval Rec Loss=[0.03141], c=[0.50000], F=[0.84097, 0.87686, 0.90713, 0.93691], F_fuse=[0.01436, 0.01134, 0.00877, 0.00601]
[ INFO : 2026-08-12 08:08:33,681 ] - Epoch 169: train==[134.43353 = 0.57070 + 1.09475 + 22.41959 + 0.01706 + 0.00000 + 0.00069 + 1225.89705]
[ INFO : 2026-08-12 08:08:45,743 ] - Test_@[5, 10, 20, 50]: Recall=[0.03457, 0.05402, 0.08391, 0.14291],  precision=[0.00727, 0.00571, 0.00443, 0.00303], hit=[0.03631, 0.05683, 0.08779, 0.14929], ndcg=[0.02269, 0.02904, 0.03666, 0.04846], Train Rec Loss=[0.03144], Eval Rec Loss=[0.03141], c=[0.50000], F=[0.84087, 0.87642, 0.90624, 0.93645], F_fuse=[0.01442, 0.01134, 0.00881, 0.00603]
[ INFO : 2026-08-12 08:12:05,398 ] - Epoch 170: train==[134.36464 = 0.57249 + 1.09474 + 22.34893 + 0.01706 + 0.00000 + 0.00069 + 1225.89705]
[ INFO : 2026-08-12 08:12:18,033 ] - Test_@[5, 10, 20, 50]: Recall=[0.03431, 0.05414, 0.08507, 0.14299],  precision=[0.00720, 0.00571, 0.00449, 0.00304], hit=[0.03595, 0.05688, 0.08907, 0.14960], ndcg=[0.02271, 0.02918, 0.03702, 0.04857], Train Rec Loss=[0.03143], Eval Rec Loss=[0.03142], c=[0.50000], F=[0.84155, 0.87712, 0.90676, 0.93709], F_fuse=[0.01428, 0.01135, 0.00893, 0.00605]
[ INFO : 2026-08-12 08:15:38,873 ] - Epoch 171: train==[134.47525 = 0.56922 + 1.09472 + 22.46274 + 0.01713 + 0.00000 + 0.00069 + 1225.89705]
[ INFO : 2026-08-12 08:15:51,665 ] - Test_@[5, 10, 20, 50]: Recall=[0.03381, 0.05300, 0.08293, 0.14167],  precision=[0.00711, 0.00558, 0.00438, 0.00300], hit=[0.03548, 0.05559, 0.08691, 0.14806], ndcg=[0.02238, 0.02862, 0.03622, 0.04793], Train Rec Loss=[0.03142], Eval Rec Loss=[0.03142], c=[0.50000], F=[0.84159, 0.87809, 0.90746, 0.93771], F_fuse=[0.01410, 0.01110, 0.00872, 0.00599]
[ INFO : 2026-08-12 08:19:09,452 ] - Epoch 172: train==[134.41165 = 0.56633 + 1.09472 + 22.40197 + 0.01720 + 0.00000 + 0.00069 + 1225.89705]
[ INFO : 2026-08-12 08:19:21,559 ] - Test_@[5, 10, 20, 50]: Recall=[0.03396, 0.05444, 0.08424, 0.14336],  precision=[0.00713, 0.00574, 0.00444, 0.00304], hit=[0.03559, 0.05714, 0.08815, 0.14986], ndcg=[0.02248, 0.02916, 0.03672, 0.04851], Train Rec Loss=[0.03144], Eval Rec Loss=[0.03141], c=[0.50000], F=[0.84207, 0.87717, 0.90621, 0.93618], F_fuse=[0.01414, 0.01140, 0.00883, 0.00606]
[ INFO : 2026-08-12 08:22:38,290 ] - Epoch 173: train==[134.41717 = 0.56653 + 1.09471 + 22.40729 + 0.01721 + 0.00000 + 0.00069 + 1225.89705]
[ INFO : 2026-08-12 08:22:50,839 ] - Test_@[5, 10, 20, 50]: Recall=[0.03373, 0.05401, 0.08362, 0.14189],  precision=[0.00709, 0.00570, 0.00440, 0.00301], hit=[0.03538, 0.05678, 0.08748, 0.14832], ndcg=[0.02221, 0.02881, 0.03632, 0.04797], Train Rec Loss=[0.03143], Eval Rec Loss=[0.03142], c=[0.50000], F=[0.83938, 0.87467, 0.90454, 0.93512], F_fuse=[0.01405, 0.01133, 0.00877, 0.00601]
[ INFO : 2026-08-12 08:26:08,890 ] - Epoch 174: train==[134.42924 = 0.55974 + 1.09470 + 22.42612 + 0.01725 + 0.00000 + 0.00069 + 1225.89705]
[ INFO : 2026-08-12 08:26:21,359 ] - Test_@[5, 10, 20, 50]: Recall=[0.03436, 0.05424, 0.08271, 0.14177],  precision=[0.00724, 0.00573, 0.00436, 0.00301], hit=[0.03615, 0.05703, 0.08660, 0.14847], ndcg=[0.02268, 0.02916, 0.03636, 0.04817], Train Rec Loss=[0.03142], Eval Rec Loss=[0.03143], c=[0.50000], F=[0.84154, 0.87755, 0.90687, 0.93655], F_fuse=[0.01436, 0.01139, 0.00868, 0.00601]
[ INFO : 2026-08-12 08:29:39,055 ] - Epoch 175: train==[134.43089 = 0.56295 + 1.09468 + 22.42450 + 0.01733 + 0.00000 + 0.00069 + 1225.89705]
[ INFO : 2026-08-12 08:29:51,154 ] - Test_@[5, 10, 20, 50]: Recall=[0.03331, 0.05354, 0.08322, 0.14099],  precision=[0.00700, 0.00564, 0.00439, 0.00300], hit=[0.03497, 0.05611, 0.08712, 0.14760], ndcg=[0.02214, 0.02869, 0.03622, 0.04777], Train Rec Loss=[0.03142], Eval Rec Loss=[0.03142], c=[0.50000], F=[0.84034, 0.87623, 0.90549, 0.93548], F_fuse=[0.01389, 0.01121, 0.00873, 0.00597]
[ INFO : 2026-08-12 08:33:08,312 ] - Epoch 176: train==[134.37320 = 0.55693 + 1.09467 + 22.37285 + 0.01732 + 0.00000 + 0.00069 + 1225.89705]
[ INFO : 2026-08-12 08:33:21,067 ] - Test_@[5, 10, 20, 50]: Recall=[0.03365, 0.05387, 0.08306, 0.14185],  precision=[0.00708, 0.00569, 0.00438, 0.00301], hit=[0.03538, 0.05657, 0.08696, 0.14832], ndcg=[0.02240, 0.02900, 0.03638, 0.04811], Train Rec Loss=[0.03142], Eval Rec Loss=[0.03143], c=[0.50000], F=[0.83969, 0.87593, 0.90588, 0.93579], F_fuse=[0.01403, 0.01130, 0.00872, 0.00600]
[ INFO : 2026-08-12 08:36:40,843 ] - Epoch 177: train==[134.34438 = 0.55779 + 1.09465 + 22.34305 + 0.01746 + 0.00000 + 0.00069 + 1225.89705]
[ INFO : 2026-08-12 08:36:52,948 ] - Test_@[5, 10, 20, 50]: Recall=[0.03396, 0.05367, 0.08253, 0.14005],  precision=[0.00717, 0.00565, 0.00435, 0.00297], hit=[0.03579, 0.05626, 0.08629, 0.14631], ndcg=[0.02251, 0.02892, 0.03625, 0.04774], Train Rec Loss=[0.03143], Eval Rec Loss=[0.03140], c=[0.50000], F=[0.84088, 0.87747, 0.90785, 0.93749], F_fuse=[0.01422, 0.01123, 0.00866, 0.00591]
[ INFO : 2026-08-12 08:40:09,335 ] - Epoch 178: train==[134.21919 = 0.55439 + 1.09464 + 22.22122 + 0.01752 + 0.00000 + 0.00069 + 1225.89705]
[ INFO : 2026-08-12 08:40:22,073 ] - Test_@[5, 10, 20, 50]: Recall=[0.03354, 0.05387, 0.08286, 0.13904],  precision=[0.00706, 0.00567, 0.00437, 0.00295], hit=[0.03528, 0.05647, 0.08681, 0.14564], ndcg=[0.02227, 0.02887, 0.03625, 0.04751], Train Rec Loss=[0.03143], Eval Rec Loss=[0.03140], c=[0.50000], F=[0.83834, 0.87544, 0.90611, 0.93618], F_fuse=[0.01399, 0.01126, 0.00871, 0.00589]
[ INFO : 2026-08-12 08:43:40,407 ] - Epoch 179: train==[134.29398 = 0.55450 + 1.09462 + 22.29595 + 0.01749 + 0.00000 + 0.00069 + 1225.89705]
[ INFO : 2026-08-12 08:43:53,125 ] - Test_@[5, 10, 20, 50]: Recall=[0.03466, 0.05444, 0.08191, 0.13788],  precision=[0.00730, 0.00573, 0.00433, 0.00292], hit=[0.03646, 0.05703, 0.08588, 0.14425], ndcg=[0.02274, 0.02915, 0.03613, 0.04735], Train Rec Loss=[0.03142], Eval Rec Loss=[0.03141], c=[0.50000], F=[0.83995, 0.87730, 0.90755, 0.93747], F_fuse=[0.01448, 0.01139, 0.00861, 0.00583]
[ INFO : 2026-08-12 08:47:11,389 ] - Epoch 180: train==[134.27619 = 0.55597 + 1.09461 + 22.27661 + 0.01758 + 0.00000 + 0.00069 + 1225.89705]
[ INFO : 2026-08-12 08:47:23,440 ] - Test_@[5, 10, 20, 50]: Recall=[0.03292, 0.05281, 0.08295, 0.14016],  precision=[0.00693, 0.00556, 0.00437, 0.00297], hit=[0.03466, 0.05539, 0.08671, 0.14667], ndcg=[0.02167, 0.02811, 0.03578, 0.04722], Train Rec Loss=[0.03142], Eval Rec Loss=[0.03144], c=[0.50000], F=[0.83948, 0.87666, 0.90686, 0.93668], F_fuse=[0.01375, 0.01106, 0.00870, 0.00593]
[ INFO : 2026-08-12 08:50:41,139 ] - Epoch 181: train==[134.29095 = 0.55461 + 1.09459 + 22.29268 + 0.01765 + 0.00000 + 0.00069 + 1225.89705]
[ INFO : 2026-08-12 08:50:53,420 ] - Test_@[5, 10, 20, 50]: Recall=[0.03310, 0.05275, 0.08234, 0.13956],  precision=[0.00696, 0.00556, 0.00434, 0.00296], hit=[0.03482, 0.05534, 0.08614, 0.14610], ndcg=[0.02182, 0.02820, 0.03572, 0.04719], Train Rec Loss=[0.03142], Eval Rec Loss=[0.03140], c=[0.50000], F=[0.83947, 0.87656, 0.90646, 0.93658], F_fuse=[0.01381, 0.01105, 0.00864, 0.00591]
[ INFO : 2026-08-12 08:54:12,914 ] - Epoch 182: train==[134.35285 = 0.55152 + 1.09457 + 22.35764 + 0.01769 + 0.00000 + 0.00069 + 1225.89705]
[ INFO : 2026-08-12 08:54:25,002 ] - Test_@[5, 10, 20, 50]: Recall=[0.03433, 0.05356, 0.08250, 0.14098],  precision=[0.00719, 0.00565, 0.00435, 0.00299], hit=[0.03595, 0.05621, 0.08645, 0.14744], ndcg=[0.02269, 0.02894, 0.03629, 0.04802], Train Rec Loss=[0.03143], Eval Rec Loss=[0.03142], c=[0.50000], F=[0.84074, 0.87670, 0.90661, 0.93643], F_fuse=[0.01426, 0.01122, 0.00867, 0.00596]
[ INFO : 2026-08-12 08:57:44,490 ] - Epoch 183: train==[134.23202 = 0.54702 + 1.09456 + 22.24127 + 0.01774 + 0.00000 + 0.00069 + 1225.89705]
[ INFO : 2026-08-12 08:57:56,569 ] - Test_@[5, 10, 20, 50]: Recall=[0.03243, 0.05255, 0.08076, 0.13680],  precision=[0.00685, 0.00554, 0.00426, 0.00290], hit=[0.03420, 0.05523, 0.08444, 0.14333], ndcg=[0.02163, 0.02818, 0.03535, 0.04660], Train Rec Loss=[0.03143], Eval Rec Loss=[0.03140], c=[0.50000], F=[0.84025, 0.87774, 0.90693, 0.93706], F_fuse=[0.01359, 0.01102, 0.00848, 0.00579]
[ INFO : 2026-08-12 09:01:14,871 ] - Epoch 184: train==[134.14413 = 0.54598 + 1.09453 + 22.15437 + 0.01783 + 0.00000 + 0.00068 + 1225.89705]
[ INFO : 2026-08-12 09:01:27,573 ] - Test_@[5, 10, 20, 50]: Recall=[0.03408, 0.05446, 0.08294, 0.14153],  precision=[0.00715, 0.00576, 0.00438, 0.00300], hit=[0.03574, 0.05729, 0.08691, 0.14811], ndcg=[0.02222, 0.02883, 0.03607, 0.04780], Train Rec Loss=[0.03141], Eval Rec Loss=[0.03142], c=[0.50000], F=[0.84037, 0.87572, 0.90643, 0.93605], F_fuse=[0.01418, 0.01144, 0.00872, 0.00598]
[ INFO : 2026-08-12 09:04:46,941 ] - Epoch 185: train==[134.20665 = 0.54431 + 1.09452 + 22.21852 + 0.01788 + 0.00000 + 0.00068 + 1225.89705]
[ INFO : 2026-08-12 09:04:59,022 ] - Test_@[5, 10, 20, 50]: Recall=[0.03391, 0.05316, 0.08108, 0.13946],  precision=[0.00713, 0.00561, 0.00429, 0.00296], hit=[0.03564, 0.05575, 0.08511, 0.14590], ndcg=[0.02238, 0.02863, 0.03574, 0.04740], Train Rec Loss=[0.03143], Eval Rec Loss=[0.03142], c=[0.50000], F=[0.84009, 0.87898, 0.90840, 0.93786], F_fuse=[0.01414, 0.01114, 0.00854, 0.00590]
[ INFO : 2026-08-12 09:08:17,745 ] - Epoch 186: train==[134.13600 = 0.54001 + 1.09450 + 22.15220 + 0.01787 + 0.00000 + 0.00069 + 1225.89705]
[ INFO : 2026-08-12 09:08:30,501 ] - Test_@[5, 10, 20, 50]: Recall=[0.03387, 0.05408, 0.08233, 0.14092],  precision=[0.00712, 0.00570, 0.00434, 0.00299], hit=[0.03554, 0.05672, 0.08624, 0.14744], ndcg=[0.02234, 0.02889, 0.03608, 0.04777], Train Rec Loss=[0.03144], Eval Rec Loss=[0.03143], c=[0.50000], F=[0.84110, 0.87732, 0.90688, 0.93709], F_fuse=[0.01412, 0.01133, 0.00864, 0.00596]
[ INFO : 2026-08-12 09:11:50,394 ] - Epoch 187: train==[134.16231 = 0.54032 + 1.09447 + 22.17813 + 0.01796 + 0.00000 + 0.00069 + 1225.89705]
[ INFO : 2026-08-12 09:12:02,974 ] - Test_@[5, 10, 20, 50]: Recall=[0.03352, 0.05369, 0.08208, 0.13980],  precision=[0.00702, 0.00566, 0.00433, 0.00296], hit=[0.03512, 0.05626, 0.08604, 0.14621], ndcg=[0.02226, 0.02879, 0.03599, 0.04753], Train Rec Loss=[0.03144], Eval Rec Loss=[0.03143], c=[0.50000], F=[0.84095, 0.87621, 0.90637, 0.93666], F_fuse=[0.01393, 0.01124, 0.00862, 0.00591]
[ INFO : 2026-08-12 09:15:20,164 ] - Epoch 188: train==[134.04834 = 0.54122 + 1.09445 + 22.06323 + 0.01802 + 0.00000 + 0.00069 + 1225.89705]
[ INFO : 2026-08-12 09:15:32,232 ] - Test_@[5, 10, 20, 50]: Recall=[0.03435, 0.05399, 0.08146, 0.14008],  precision=[0.00721, 0.00570, 0.00431, 0.00297], hit=[0.03605, 0.05672, 0.08547, 0.14667], ndcg=[0.02241, 0.02879, 0.03577, 0.04750], Train Rec Loss=[0.03143], Eval Rec Loss=[0.03143], c=[0.50000], F=[0.84009, 0.87600, 0.90661, 0.93611], F_fuse=[0.01430, 0.01133, 0.00857, 0.00593]
[ INFO : 2026-08-12 09:18:49,879 ] - Epoch 189: train==[134.21522 = 0.53804 + 1.09443 + 22.23335 + 0.01797 + 0.00000 + 0.00068 + 1225.89705]
[ INFO : 2026-08-12 09:19:02,057 ] - Test_@[5, 10, 20, 50]: Recall=[0.03406, 0.05482, 0.08154, 0.13848],  precision=[0.00717, 0.00576, 0.00431, 0.00293], hit=[0.03584, 0.05739, 0.08542, 0.14472], ndcg=[0.02258, 0.02928, 0.03611, 0.04750], Train Rec Loss=[0.03145], Eval Rec Loss=[0.03144], c=[0.50000], F=[0.84033, 0.87825, 0.90826, 0.93808], F_fuse=[0.01422, 0.01145, 0.00857, 0.00585]
[ INFO : 2026-08-12 09:22:20,843 ] - Epoch 190: train==[134.11209 = 0.53705 + 1.09442 + 22.13105 + 0.01816 + 0.00000 + 0.00068 + 1225.89705]
[ INFO : 2026-08-12 09:22:33,591 ] - Test_@[5, 10, 20, 50]: Recall=[0.03327, 0.05307, 0.08288, 0.13897],  precision=[0.00699, 0.00559, 0.00437, 0.00295], hit=[0.03497, 0.05559, 0.08676, 0.14528], ndcg=[0.02212, 0.02852, 0.03611, 0.04732], Train Rec Loss=[0.03145], Eval Rec Loss=[0.03144], c=[0.50000], F=[0.83960, 0.87613, 0.90593, 0.93585], F_fuse=[0.01387, 0.01111, 0.00870, 0.00588]
[ INFO : 2026-08-12 09:25:51,260 ] - Epoch 191: train==[134.07270 = 0.53461 + 1.09439 + 22.09407 + 0.01822 + 0.00000 + 0.00068 + 1225.89705]
[ INFO : 2026-08-12 09:26:03,911 ] - Test_@[5, 10, 20, 50]: Recall=[0.03316, 0.05354, 0.08150, 0.13810],  precision=[0.00697, 0.00563, 0.00430, 0.00292], hit=[0.03482, 0.05606, 0.08537, 0.14436], ndcg=[0.02225, 0.02885, 0.03595, 0.04726], Train Rec Loss=[0.03145], Eval Rec Loss=[0.03144], c=[0.50000], F=[0.84333, 0.87913, 0.90822, 0.93871], F_fuse=[0.01383, 0.01119, 0.00855, 0.00583]
[ INFO : 2026-08-12 09:29:22,308 ] - Epoch 192: train==[134.04399 = 0.53456 + 1.09436 + 22.06543 + 0.01820 + 0.00000 + 0.00070 + 1225.89705]
[ INFO : 2026-08-12 09:29:34,456 ] - Test_@[5, 10, 20, 50]: Recall=[0.03359, 0.05334, 0.08272, 0.13899],  precision=[0.00707, 0.00561, 0.00436, 0.00295], hit=[0.03533, 0.05585, 0.08650, 0.14544], ndcg=[0.02238, 0.02878, 0.03625, 0.04753], Train Rec Loss=[0.03146], Eval Rec Loss=[0.03144], c=[0.50000], F=[0.84034, 0.87744, 0.90704, 0.93688], F_fuse=[0.01401, 0.01115, 0.00868, 0.00588]
[ INFO : 2026-08-12 09:32:53,935 ] - Epoch 193: train==[134.16436 = 0.53343 + 1.09434 + 22.18693 + 0.01824 + 0.00000 + 0.00069 + 1225.89705]
[ INFO : 2026-08-12 09:33:06,531 ] - Test_@[5, 10, 20, 50]: Recall=[0.03341, 0.05294, 0.08233, 0.13841],  precision=[0.00704, 0.00557, 0.00435, 0.00294], hit=[0.03518, 0.05549, 0.08629, 0.14487], ndcg=[0.02250, 0.02882, 0.03627, 0.04749], Train Rec Loss=[0.03148], Eval Rec Loss=[0.03143], c=[0.50000], F=[0.84124, 0.87792, 0.90744, 0.93740], F_fuse=[0.01395, 0.01108, 0.00865, 0.00585]
[ INFO : 2026-08-12 09:36:25,068 ] - Epoch 194: train==[134.07308 = 0.52812 + 1.09431 + 22.10086 + 0.01837 + 0.00000 + 0.00068 + 1225.89705]
[ INFO : 2026-08-12 09:36:37,054 ] - Test_@[5, 10, 20, 50]: Recall=[0.03275, 0.05241, 0.08197, 0.13724],  precision=[0.00689, 0.00553, 0.00432, 0.00291], hit=[0.03430, 0.05503, 0.08573, 0.14353], ndcg=[0.02180, 0.02823, 0.03571, 0.04677], Train Rec Loss=[0.03147], Eval Rec Loss=[0.03143], c=[0.50000], F=[0.84010, 0.87612, 0.90650, 0.93674], F_fuse=[0.01367, 0.01100, 0.00860, 0.00581]
[ INFO : 2026-08-12 09:39:54,293 ] - Epoch 195: train==[134.11321 = 0.52794 + 1.09428 + 22.14123 + 0.01835 + 0.00000 + 0.00068 + 1225.89705]
[ INFO : 2026-08-12 09:40:07,091 ] - Test_@[5, 10, 20, 50]: Recall=[0.03401, 0.05415, 0.08173, 0.13985],  precision=[0.00716, 0.00570, 0.00431, 0.00296], hit=[0.03579, 0.05667, 0.08552, 0.14621], ndcg=[0.02255, 0.02908, 0.03611, 0.04777], Train Rec Loss=[0.03148], Eval Rec Loss=[0.03145], c=[0.50000], F=[0.84128, 0.87765, 0.90718, 0.93715], F_fuse=[0.01420, 0.01133, 0.00858, 0.00591]
[ INFO : 2026-08-12 09:43:24,428 ] - Epoch 196: train==[134.03039 = 0.54795 + 1.09425 + 22.03830 + 0.01847 + 0.00000 + 0.00068 + 1225.89705]
[ INFO : 2026-08-12 09:43:37,160 ] - Test_@[5, 10, 20, 50]: Recall=[0.03303, 0.05330, 0.08161, 0.13759],  precision=[0.00697, 0.00563, 0.00432, 0.00292], hit=[0.03482, 0.05600, 0.08563, 0.14394], ndcg=[0.02202, 0.02858, 0.03577, 0.04697], Train Rec Loss=[0.03147], Eval Rec Loss=[0.03145], c=[0.50000], F=[0.84010, 0.87704, 0.90764, 0.93777], F_fuse=[0.01383, 0.01119, 0.00859, 0.00582]
[ INFO : 2026-08-12 09:46:56,726 ] - Epoch 197: train==[134.16252 = 0.52657 + 1.09422 + 22.19187 + 0.01845 + 0.00000 + 0.00068 + 1225.89705]
[ INFO : 2026-08-12 09:47:08,794 ] - Test_@[5, 10, 20, 50]: Recall=[0.03310, 0.05342, 0.08106, 0.13659],  precision=[0.00694, 0.00563, 0.00428, 0.00290], hit=[0.03466, 0.05600, 0.08496, 0.14286], ndcg=[0.02226, 0.02885, 0.03585, 0.04697], Train Rec Loss=[0.03147], Eval Rec Loss=[0.03147], c=[0.50000], F=[0.84077, 0.87701, 0.90689, 0.93696], F_fuse=[0.01377, 0.01119, 0.00852, 0.00577]
[ INFO : 2026-08-12 09:50:25,144 ] - Epoch 198: train==[134.07754 = 0.52321 + 1.09418 + 22.11025 + 0.01847 + 0.00000 + 0.00069 + 1225.89705]
[ INFO : 2026-08-12 09:50:37,883 ] - Test_@[5, 10, 20, 50]: Recall=[0.03397, 0.05334, 0.08236, 0.13872],  precision=[0.00713, 0.00561, 0.00435, 0.00294], hit=[0.03564, 0.05580, 0.08624, 0.14502], ndcg=[0.02244, 0.02869, 0.03606, 0.04734], Train Rec Loss=[0.03147], Eval Rec Loss=[0.03147], c=[0.50000], F=[0.83986, 0.87652, 0.90686, 0.93611], F_fuse=[0.01414, 0.01115, 0.00865, 0.00586]
[ INFO : 2026-08-12 09:53:54,919 ] - Epoch 199: train==[133.96025 = 0.51877 + 1.09415 + 21.99732 + 0.01858 + 0.00000 + 0.00069 + 1225.89705]
[ INFO : 2026-08-12 09:54:07,047 ] - Test_@[5, 10, 20, 50]: Recall=[0.03328, 0.05293, 0.08019, 0.13589],  precision=[0.00699, 0.00558, 0.00422, 0.00289], hit=[0.03492, 0.05554, 0.08383, 0.14209], ndcg=[0.02231, 0.02867, 0.03557, 0.04675], Train Rec Loss=[0.03148], Eval Rec Loss=[0.03146], c=[0.50000], F=[0.84052, 0.87686, 0.90670, 0.93636], F_fuse=[0.01387, 0.01109, 0.00841, 0.00575]
[ INFO : 2026-08-12 09:57:26,299 ] - Epoch 200: train==[133.96787 = 0.52041 + 1.09411 + 22.00332 + 0.01861 + 0.00000 + 0.00068 + 1225.89705]
[ INFO : 2026-08-12 09:57:38,960 ] - Test_@[5, 10, 20, 50]: Recall=[0.03395, 0.05350, 0.08185, 0.13856],  precision=[0.00715, 0.00564, 0.00431, 0.00294], hit=[0.03574, 0.05606, 0.08563, 0.14497], ndcg=[0.02246, 0.02877, 0.03596, 0.04730], Train Rec Loss=[0.03150], Eval Rec Loss=[0.03147], c=[0.50000], F=[0.84292, 0.87873, 0.90905, 0.93839], F_fuse=[0.01418, 0.01120, 0.00859, 0.00586]
[ INFO : 2026-08-12 10:00:57,965 ] - Epoch 201: train==[133.98107 = 0.52072 + 1.09407 + 22.01616 + 0.01870 + 0.00000 + 0.00069 + 1225.89705]
[ INFO : 2026-08-12 10:01:09,941 ] - Test_@[5, 10, 20, 50]: Recall=[0.03297, 0.05342, 0.08152, 0.13816],  precision=[0.00691, 0.00564, 0.00430, 0.00293], hit=[0.03456, 0.05606, 0.08532, 0.14451], ndcg=[0.02199, 0.02861, 0.03573, 0.04706], Train Rec Loss=[0.03148], Eval Rec Loss=[0.03147], c=[0.50000], F=[0.84126, 0.87710, 0.90694, 0.93698], F_fuse=[0.01371, 0.01120, 0.00856, 0.00584]
[ INFO : 2026-08-12 10:04:28,223 ] - Epoch 202: train==[133.97615 = 0.51673 + 1.09403 + 22.01523 + 0.01873 + 0.00000 + 0.00068 + 1225.89705]
[ INFO : 2026-08-12 10:04:40,998 ] - Test_@[5, 10, 20, 50]: Recall=[0.03336, 0.05350, 0.08084, 0.13697],  precision=[0.00704, 0.00564, 0.00428, 0.00290], hit=[0.03512, 0.05616, 0.08485, 0.14312], ndcg=[0.02225, 0.02876, 0.03568, 0.04690], Train Rec Loss=[0.03151], Eval Rec Loss=[0.03150], c=[0.50000], F=[0.84113, 0.87842, 0.90681, 0.93683], F_fuse=[0.01395, 0.01121, 0.00851, 0.00578]
[ INFO : 2026-08-12 10:07:56,686 ] - Epoch 203: train==[134.08262 = 0.51833 + 1.09400 + 22.12013 + 0.01873 + 0.00000 + 0.00069 + 1225.89705]
[ INFO : 2026-08-12 10:08:08,686 ] - Test_@[5, 10, 20, 50]: Recall=[0.03392, 0.05480, 0.08254, 0.14010],  precision=[0.00714, 0.00576, 0.00436, 0.00297], hit=[0.03569, 0.05739, 0.08645, 0.14652], ndcg=[0.02232, 0.02906, 0.03608, 0.04758], Train Rec Loss=[0.03152], Eval Rec Loss=[0.03146], c=[0.50000], F=[0.83962, 0.87654, 0.90643, 0.93692], F_fuse=[0.01416, 0.01144, 0.00867, 0.00592]
[ INFO : 2026-08-12 10:11:27,913 ] - Epoch 204: train==[133.86387 = 0.51442 + 1.09396 + 21.90525 + 0.01883 + 0.00000 + 0.00068 + 1225.89705]
[ INFO : 2026-08-12 10:11:40,650 ] - Test_@[5, 10, 20, 50]: Recall=[0.03299, 0.05290, 0.08053, 0.13725],  precision=[0.00696, 0.00558, 0.00425, 0.00291], hit=[0.03482, 0.05554, 0.08429, 0.14364], ndcg=[0.02182, 0.02824, 0.03524, 0.04658], Train Rec Loss=[0.03152], Eval Rec Loss=[0.03151], c=[0.50000], F=[0.84024, 0.87725, 0.90685, 0.93695], F_fuse=[0.01381, 0.01110, 0.00846, 0.00580]
[ INFO : 2026-08-12 10:14:58,118 ] - Epoch 205: train==[134.04056 = 0.51300 + 1.09390 + 22.08341 + 0.01883 + 0.00000 + 0.00069 + 1225.89705]
[ INFO : 2026-08-12 10:15:10,765 ] - Test_@[5, 10, 20, 50]: Recall=[0.03280, 0.05303, 0.08050, 0.13694],  precision=[0.00692, 0.00560, 0.00426, 0.00291], hit=[0.03456, 0.05570, 0.08444, 0.14317], ndcg=[0.02196, 0.02851, 0.03549, 0.04679], Train Rec Loss=[0.03153], Eval Rec Loss=[0.03152], c=[0.50000], F=[0.83928, 0.87699, 0.90689, 0.93737], F_fuse=[0.01373, 0.01112, 0.00847, 0.00580]
[ INFO : 2026-08-12 10:18:28,512 ] - Epoch 206: train==[133.93977 = 0.51105 + 1.09386 + 21.98453 + 0.01892 + 0.00000 + 0.00068 + 1225.89705]
[ INFO : 2026-08-12 10:18:40,596 ] - Test_@[5, 10, 20, 50]: Recall=[0.03273, 0.05197, 0.08021, 0.13625],  precision=[0.00689, 0.00548, 0.00424, 0.00289], hit=[0.03435, 0.05446, 0.08398, 0.14261], ndcg=[0.02207, 0.02832, 0.03551, 0.04674], Train Rec Loss=[0.03153], Eval Rec Loss=[0.03150], c=[0.50000], F=[0.83988, 0.87657, 0.90681, 0.93711], F_fuse=[0.01367, 0.01089, 0.00843, 0.00577]
[ INFO : 2026-08-12 10:21:56,692 ] - Epoch 207: train==[134.00257 = 0.51603 + 1.09381 + 22.04242 + 0.01889 + 0.00000 + 0.00069 + 1225.89705]
[ INFO : 2026-08-12 10:22:09,436 ] - Test_@[5, 10, 20, 50]: Recall=[0.03393, 0.05437, 0.08317, 0.13866],  precision=[0.00713, 0.00573, 0.00439, 0.00294], hit=[0.03564, 0.05708, 0.08707, 0.14508], ndcg=[0.02239, 0.02902, 0.03633, 0.04743], Train Rec Loss=[0.03155], Eval Rec Loss=[0.03152], c=[0.50000], F=[0.83898, 0.87603, 0.90609, 0.93571], F_fuse=[0.01414, 0.01138, 0.00874, 0.00587]
[ INFO : 2026-08-12 10:25:25,839 ] - Epoch 208: train==[133.97233 = 0.50881 + 1.09376 + 22.01932 + 0.01901 + 0.00000 + 0.00068 + 1225.89705]
[ INFO : 2026-08-12 10:25:38,639 ] - Test_@[5, 10, 20, 50]: Recall=[0.03342, 0.05206, 0.08023, 0.13630],  precision=[0.00705, 0.00548, 0.00424, 0.00289], hit=[0.03512, 0.05456, 0.08413, 0.14256], ndcg=[0.02228, 0.02830, 0.03548, 0.04674], Train Rec Loss=[0.03156], Eval Rec Loss=[0.03154], c=[0.50000], F=[0.84007, 0.87639, 0.90590, 0.93584], F_fuse=[0.01397, 0.01089, 0.00844, 0.00577]
[ INFO : 2026-08-12 10:28:56,283 ] - Epoch 209: train==[133.96192 = 0.51122 + 1.09371 + 22.00646 + 0.01912 + 0.00000 + 0.00068 + 1225.89705]
[ INFO : 2026-08-12 10:29:09,013 ] - Test_@[5, 10, 20, 50]: Recall=[0.03326, 0.05271, 0.08062, 0.13766],  precision=[0.00700, 0.00555, 0.00426, 0.00292], hit=[0.03497, 0.05534, 0.08444, 0.14400], ndcg=[0.02216, 0.02846, 0.03556, 0.04697], Train Rec Loss=[0.03156], Eval Rec Loss=[0.03157], c=[0.50000], F=[0.84016, 0.87715, 0.90771, 0.93707], F_fuse=[0.01389, 0.01104, 0.00847, 0.00582]
[ INFO : 2026-08-12 10:32:27,517 ] - Epoch 210: train==[134.03288 = 0.50650 + 1.09366 + 22.08218 + 0.01912 + 0.00000 + 0.00068 + 1225.89705]
[ INFO : 2026-08-12 10:32:40,133 ] - Test_@[5, 10, 20, 50]: Recall=[0.03340, 0.05258, 0.08090, 0.13607],  precision=[0.00706, 0.00554, 0.00426, 0.00289], hit=[0.03518, 0.05518, 0.08465, 0.14250], ndcg=[0.02221, 0.02843, 0.03562, 0.04666], Train Rec Loss=[0.03154], Eval Rec Loss=[0.03156], c=[0.50000], F=[0.83984, 0.87872, 0.90892, 0.93876], F_fuse=[0.01399, 0.01102, 0.00849, 0.00576]
[ INFO : 2026-08-12 10:36:00,355 ] - Epoch 211: train==[133.90615 = 0.50376 + 1.09360 + 21.95822 + 0.01916 + 0.00000 + 0.00067 + 1225.89705]
[ INFO : 2026-08-12 10:36:13,119 ] - Test_@[5, 10, 20, 50]: Recall=[0.03316, 0.05292, 0.08110, 0.13729],  precision=[0.00699, 0.00558, 0.00428, 0.00291], hit=[0.03492, 0.05559, 0.08496, 0.14369], ndcg=[0.02213, 0.02855, 0.03572, 0.04697], Train Rec Loss=[0.03156], Eval Rec Loss=[0.03157], c=[0.50000], F=[0.83944, 0.87710, 0.90662, 0.93678], F_fuse=[0.01387, 0.01109, 0.00853, 0.00581]
[ INFO : 2026-08-12 10:39:30,646 ] - Epoch 212: train==[133.94473 = 0.50486 + 1.09354 + 21.99569 + 0.01922 + 0.00000 + 0.00068 + 1225.89705]
[ INFO : 2026-08-12 10:39:42,987 ] - Test_@[5, 10, 20, 50]: Recall=[0.03391, 0.05283, 0.08066, 0.13656],  precision=[0.00713, 0.00557, 0.00427, 0.00290], hit=[0.03554, 0.05554, 0.08465, 0.14276], ndcg=[0.02247, 0.02860, 0.03568, 0.04684], Train Rec Loss=[0.03158], Eval Rec Loss=[0.03156], c=[0.50000], F=[0.83932, 0.87778, 0.90744, 0.93674], F_fuse=[0.01414, 0.01108, 0.00850, 0.00577]
[ INFO : 2026-08-12 10:42:59,544 ] - Epoch 213: train==[133.93981 = 0.50169 + 1.09348 + 21.99391 + 0.01931 + 0.00000 + 0.00067 + 1225.89705]
[ INFO : 2026-08-12 10:43:12,341 ] - Test_@[5, 10, 20, 50]: Recall=[0.03367, 0.05295, 0.08088, 0.13781],  precision=[0.00708, 0.00556, 0.00427, 0.00292], hit=[0.03533, 0.05549, 0.08480, 0.14400], ndcg=[0.02228, 0.02853, 0.03566, 0.04705], Train Rec Loss=[0.03159], Eval Rec Loss=[0.03157], c=[0.50000], F=[0.83997, 0.87783, 0.90652, 0.93628], F_fuse=[0.01403, 0.01106, 0.00851, 0.00582]
[ INFO : 2026-08-12 10:46:29,892 ] - Epoch 214: train==[133.92095 = 0.50752 + 1.09341 + 21.96931 + 0.01930 + 0.00000 + 0.00068 + 1225.89705]
[ INFO : 2026-08-12 10:46:42,071 ] - Test_@[5, 10, 20, 50]: Recall=[0.03322, 0.05255, 0.07945, 0.13628],  precision=[0.00700, 0.00554, 0.00420, 0.00289], hit=[0.03497, 0.05518, 0.08336, 0.14271], ndcg=[0.02218, 0.02845, 0.03526, 0.04665], Train Rec Loss=[0.03162], Eval Rec Loss=[0.03158], c=[0.50000], F=[0.83988, 0.87706, 0.90668, 0.93627], F_fuse=[0.01389, 0.01101, 0.00836, 0.00577]
[ INFO : 2026-08-12 10:49:58,330 ] - Epoch 215: train==[133.87685 = 0.49832 + 1.09334 + 21.93439 + 0.01936 + 0.00000 + 0.00069 + 1225.89705]
[ INFO : 2026-08-12 10:50:10,461 ] - Test_@[5, 10, 20, 50]: Recall=[0.03268, 0.05151, 0.07957, 0.13463],  precision=[0.00687, 0.00542, 0.00420, 0.00286], hit=[0.03430, 0.05390, 0.08336, 0.14086], ndcg=[0.02184, 0.02797, 0.03507, 0.04611], Train Rec Loss=[0.03162], Eval Rec Loss=[0.03161], c=[0.50000], F=[0.84010, 0.87818, 0.90842, 0.93849], F_fuse=[0.01363, 0.01076, 0.00836, 0.00570]
[ INFO : 2026-08-12 10:53:31,876 ] - Epoch 216: train==[133.82771 = 0.50216 + 1.09327 + 21.88145 + 0.01940 + 0.00000 + 0.00068 + 1225.89705]
[ INFO : 2026-08-12 10:53:43,982 ] - Test_@[5, 10, 20, 50]: Recall=[0.03403, 0.05255, 0.08137, 0.13835],  precision=[0.00717, 0.00552, 0.00430, 0.00294], hit=[0.03579, 0.05503, 0.08537, 0.14482], ndcg=[0.02253, 0.02853, 0.03589, 0.04727], Train Rec Loss=[0.03163], Eval Rec Loss=[0.03161], c=[0.50000], F=[0.84014, 0.87692, 0.90667, 0.93607], F_fuse=[0.01422, 0.01098, 0.00856, 0.00585]
[ INFO : 2026-08-12 10:57:03,474 ] - Epoch 217: train==[134.01267 = 0.49700 + 1.09319 + 22.07160 + 0.01944 + 0.00000 + 0.00069 + 1225.89705]
[ INFO : 2026-08-12 10:57:16,246 ] - Test_@[5, 10, 20, 50]: Recall=[0.03352, 0.05276, 0.08095, 0.13535],  precision=[0.00708, 0.00556, 0.00426, 0.00287], hit=[0.03533, 0.05539, 0.08470, 0.14163], ndcg=[0.02213, 0.02836, 0.03551, 0.04642], Train Rec Loss=[0.03165], Eval Rec Loss=[0.03166], c=[0.50000], F=[0.83894, 0.87847, 0.90905, 0.93854], F_fuse=[0.01403, 0.01106, 0.00849, 0.00572]
[ INFO : 2026-08-12 11:00:36,914 ] - Epoch 218: train==[133.75753 = 0.49665 + 1.09312 + 21.81681 + 0.01952 + 0.00000 + 0.00069 + 1225.89705]
[ INFO : 2026-08-12 11:00:49,092 ] - Test_@[5, 10, 20, 50]: Recall=[0.03461, 0.05328, 0.08316, 0.13917],  precision=[0.00725, 0.00560, 0.00439, 0.00295], hit=[0.03626, 0.05575, 0.08712, 0.14580], ndcg=[0.02274, 0.02881, 0.03639, 0.04760], Train Rec Loss=[0.03167], Eval Rec Loss=[0.03164], c=[0.50000], F=[0.84042, 0.87698, 0.90667, 0.93595], F_fuse=[0.01438, 0.01113, 0.00875, 0.00588]
[ INFO : 2026-08-12 11:04:10,621 ] - Epoch 219: train==[133.79729 = 0.49543 + 1.09304 + 21.85784 + 0.01956 + 0.00000 + 0.00068 + 1225.89705]
[ INFO : 2026-08-12 11:04:23,317 ] - Test_@[5, 10, 20, 50]: Recall=[0.03363, 0.05334, 0.08033, 0.13693],  precision=[0.00708, 0.00561, 0.00425, 0.00290], hit=[0.03533, 0.05590, 0.08419, 0.14317], ndcg=[0.02264, 0.02899, 0.03587, 0.04721], Train Rec Loss=[0.03166], Eval Rec Loss=[0.03167], c=[0.50000], F=[0.83991, 0.87709, 0.90627, 0.93647], F_fuse=[0.01403, 0.01114, 0.00845, 0.00579]
[ INFO : 2026-08-12 11:07:39,484 ] - Epoch 220: train==[133.76620 = 0.49312 + 1.09295 + 21.82907 + 0.01965 + 0.00000 + 0.00068 + 1225.89705]
[ INFO : 2026-08-12 11:07:51,598 ] - Test_@[5, 10, 20, 50]: Recall=[0.03397, 0.05234, 0.08011, 0.13480],  precision=[0.00717, 0.00550, 0.00423, 0.00286], hit=[0.03574, 0.05482, 0.08403, 0.14101], ndcg=[0.02242, 0.02837, 0.03544, 0.04641], Train Rec Loss=[0.03170], Eval Rec Loss=[0.03167], c=[0.50000], F=[0.83887, 0.87786, 0.90820, 0.93759], F_fuse=[0.01422, 0.01094, 0.00842, 0.00570]
[ INFO : 2026-08-12 11:11:09,250 ] - Epoch 221: train==[133.78844 = 0.49319 + 1.09286 + 21.85138 + 0.01961 + 0.00000 + 0.00068 + 1225.89705]
[ INFO : 2026-08-12 11:11:21,974 ] - Test_@[5, 10, 20, 50]: Recall=[0.03430, 0.05232, 0.07964, 0.13409],  precision=[0.00721, 0.00551, 0.00421, 0.00284], hit=[0.03595, 0.05487, 0.08357, 0.14034], ndcg=[0.02261, 0.02844, 0.03541, 0.04634], Train Rec Loss=[0.03170], Eval Rec Loss=[0.03165], c=[0.50000], F=[0.83898, 0.87758, 0.90778, 0.93735], F_fuse=[0.01430, 0.01095, 0.00839, 0.00567]
[ INFO : 2026-08-12 11:14:42,779 ] - Epoch 222: train==[133.78667 = 0.48963 + 1.09277 + 21.85323 + 0.01962 + 0.00000 + 0.00068 + 1225.89705]
[ INFO : 2026-08-12 11:14:54,787 ] - Test_@[5, 10, 20, 50]: Recall=[0.03310, 0.05275, 0.08068, 0.13583],  precision=[0.00697, 0.00556, 0.00426, 0.00288], hit=[0.03482, 0.05539, 0.08455, 0.14209], ndcg=[0.02198, 0.02834, 0.03542, 0.04645], Train Rec Loss=[0.03172], Eval Rec Loss=[0.03166], c=[0.50000], F=[0.84043, 0.87855, 0.90789, 0.93777], F_fuse=[0.01383, 0.01105, 0.00848, 0.00574]
[ INFO : 2026-08-12 11:18:13,353 ] - Epoch 223: train==[133.77854 = 0.49165 + 1.09266 + 21.84311 + 0.01971 + 0.00000 + 0.00068 + 1225.89705]
[ INFO : 2026-08-12 11:18:25,416 ] - Test_@[5, 10, 20, 50]: Recall=[0.03413, 0.05136, 0.07770, 0.13190],  precision=[0.00717, 0.00540, 0.00411, 0.00280], hit=[0.03574, 0.05379, 0.08156, 0.13803], ndcg=[0.02255, 0.02814, 0.03486, 0.04573], Train Rec Loss=[0.03173], Eval Rec Loss=[0.03173], c=[0.50000], F=[0.83934, 0.87747, 0.90812, 0.93728], F_fuse=[0.01422, 0.01073, 0.00818, 0.00558]
[ INFO : 2026-08-12 11:21:44,397 ] - Epoch 224: train==[133.82986 = 0.49226 + 1.09256 + 21.89384 + 0.01979 + 0.00000 + 0.00067 + 1225.89705]
[ INFO : 2026-08-12 11:21:57,211 ] - Test_@[5, 10, 20, 50]: Recall=[0.03494, 0.05422, 0.08173, 0.13660],  precision=[0.00734, 0.00572, 0.00431, 0.00289], hit=[0.03667, 0.05693, 0.08557, 0.14266], ndcg=[0.02294, 0.02919, 0.03615, 0.04711], Train Rec Loss=[0.03181], Eval Rec Loss=[0.03174], c=[0.50000], F=[0.84051, 0.87893, 0.90866, 0.93842], F_fuse=[0.01456, 0.01136, 0.00857, 0.00576]
[ INFO : 2026-08-12 11:25:17,309 ] - Epoch 225: train==[133.71914 = 0.48850 + 1.09247 + 21.78693 + 0.01980 + 0.00000 + 0.00070 + 1225.89705]
[ INFO : 2026-08-12 11:25:29,446 ] - Test_@[5, 10, 20, 50]: Recall=[0.03310, 0.05183, 0.07824, 0.13276],  precision=[0.00696, 0.00548, 0.00414, 0.00281], hit=[0.03476, 0.05446, 0.08213, 0.13885], ndcg=[0.02192, 0.02801, 0.03471, 0.04565], Train Rec Loss=[0.03180], Eval Rec Loss=[0.03174], c=[0.50000], F=[0.83997, 0.87835, 0.90892, 0.93920], F_fuse=[0.01381, 0.01089, 0.00824, 0.00561]
[ INFO : 2026-08-12 11:28:46,392 ] - Epoch 226: train==[133.74507 = 0.50723 + 1.09235 + 21.79422 + 0.01984 + 0.00000 + 0.00068 + 1225.89705]
[ INFO : 2026-08-12 11:28:59,159 ] - Test_@[5, 10, 20, 50]: Recall=[0.03356, 0.05348, 0.08133, 0.13598],  precision=[0.00704, 0.00562, 0.00430, 0.00288], hit=[0.03512, 0.05600, 0.08532, 0.14235], ndcg=[0.02233, 0.02879, 0.03586, 0.04681], Train Rec Loss=[0.03178], Eval Rec Loss=[0.03177], c=[0.50000], F=[0.83925, 0.87776, 0.90806, 0.93801], F_fuse=[0.01395, 0.01117, 0.00856, 0.00575]
[ INFO : 2026-08-12 11:32:15,954 ] - Epoch 227: train==[133.71573 = 0.48328 + 1.09225 + 21.78885 + 0.01994 + 0.00000 + 0.00067 + 1225.89705]
[ INFO : 2026-08-12 11:32:28,195 ] - Test_@[5, 10, 20, 50]: Recall=[0.03401, 0.05211, 0.07998, 0.13527],  precision=[0.00716, 0.00549, 0.00422, 0.00287], hit=[0.03569, 0.05462, 0.08367, 0.14168], ndcg=[0.02274, 0.02861, 0.03570, 0.04679], Train Rec Loss=[0.03181], Eval Rec Loss=[0.03179], c=[0.50000], F=[0.83991, 0.87699, 0.90673, 0.93629], F_fuse=[0.01420, 0.01091, 0.00840, 0.00573]
[ INFO : 2026-08-12 11:35:47,672 ] - Epoch 228: train==[133.74240 = 0.48201 + 1.09213 + 21.81684 + 0.02000 + 0.00000 + 0.00068 + 1225.89705]
[ INFO : 2026-08-12 11:35:59,861 ] - Test_@[5, 10, 20, 50]: Recall=[0.03358, 0.05253, 0.07952, 0.13392],  precision=[0.00707, 0.00553, 0.00419, 0.00284], hit=[0.03528, 0.05508, 0.08321, 0.14009], ndcg=[0.02261, 0.02878, 0.03562, 0.04655], Train Rec Loss=[0.03182], Eval Rec Loss=[0.03186], c=[0.50000], F=[0.84023, 0.87756, 0.90815, 0.93778], F_fuse=[0.01401, 0.01100, 0.00834, 0.00567]
[ INFO : 2026-08-12 11:39:20,648 ] - Epoch 229: train==[133.86485 = 0.48424 + 1.09201 + 21.93720 + 0.01996 + 0.00000 + 0.00070 + 1225.89705]
[ INFO : 2026-08-12 11:39:33,380 ] - Test_@[5, 10, 20, 50]: Recall=[0.03328, 0.05236, 0.07884, 0.13310],  precision=[0.00700, 0.00552, 0.00416, 0.00283], hit=[0.03492, 0.05492, 0.08254, 0.13921], ndcg=[0.02210, 0.02827, 0.03498, 0.04589], Train Rec Loss=[0.03185], Eval Rec Loss=[0.03182], c=[0.50000], F=[0.83950, 0.87698, 0.90681, 0.93668], F_fuse=[0.01389, 0.01097, 0.00827, 0.00563]
[ INFO : 2026-08-12 11:42:52,603 ] - Epoch 230: train==[133.67330 = 0.47973 + 1.09189 + 21.75022 + 0.02003 + 0.00000 + 0.00068 + 1225.89705]
[ INFO : 2026-08-12 11:43:05,064 ] - Test_@[5, 10, 20, 50]: Recall=[0.03320, 0.05063, 0.08008, 0.13371],  precision=[0.00697, 0.00532, 0.00423, 0.00284], hit=[0.03476, 0.05297, 0.08393, 0.13988], ndcg=[0.02221, 0.02790, 0.03538, 0.04612], Train Rec Loss=[0.03187], Eval Rec Loss=[0.03188], c=[0.50000], F=[0.83953, 0.87722, 0.90750, 0.93669], F_fuse=[0.01383, 0.01058, 0.00843, 0.00566]
[ INFO : 2026-08-12 11:46:20,558 ] - Epoch 231: train==[133.82751 = 0.48291 + 1.09177 + 21.90131 + 0.02009 + 0.00000 + 0.00069 + 1225.89705]
[ INFO : 2026-08-12 11:46:32,621 ] - Test_@[5, 10, 20, 50]: Recall=[0.03373, 0.05206, 0.08103, 0.13421],  precision=[0.00711, 0.00550, 0.00428, 0.00284], hit=[0.03548, 0.05477, 0.08496, 0.14034], ndcg=[0.02240, 0.02833, 0.03567, 0.04631], Train Rec Loss=[0.03193], Eval Rec Loss=[0.03189], c=[0.50000], F=[0.83842, 0.87679, 0.90797, 0.93801], F_fuse=[0.01409, 0.01093, 0.00853, 0.00567]
[ INFO : 2026-08-12 11:49:50,757 ] - Epoch 232: train==[133.67822 = 0.47785 + 1.09164 + 21.75716 + 0.02015 + 0.00000 + 0.00068 + 1225.89705]
[ INFO : 2026-08-12 11:50:03,512 ] - Test_@[5, 10, 20, 50]: Recall=[0.03346, 0.05179, 0.07951, 0.13437],  precision=[0.00705, 0.00546, 0.00420, 0.00285], hit=[0.03518, 0.05431, 0.08331, 0.14060], ndcg=[0.02224, 0.02819, 0.03524, 0.04625], Train Rec Loss=[0.03195], Eval Rec Loss=[0.03189], c=[0.50000], F=[0.83894, 0.87718, 0.90796, 0.93761], F_fuse=[0.01397, 0.01085, 0.00836, 0.00568]
[ INFO : 2026-08-12 11:53:22,875 ] - Epoch 233: train==[133.73874 = 0.48157 + 1.09151 + 21.81404 + 0.02019 + 0.00000 + 0.00068 + 1225.89705]
[ INFO : 2026-08-12 11:53:35,583 ] - Test_@[5, 10, 20, 50]: Recall=[0.03345, 0.05145, 0.07933, 0.13311],  precision=[0.00705, 0.00542, 0.00419, 0.00282], hit=[0.03518, 0.05395, 0.08316, 0.13937], ndcg=[0.02244, 0.02828, 0.03537, 0.04614], Train Rec Loss=[0.03196], Eval Rec Loss=[0.03191], c=[0.50000], F=[0.83912, 0.87755, 0.90752, 0.93735], F_fuse=[0.01397, 0.01076, 0.00833, 0.00563]
[ INFO : 2026-08-12 11:56:55,212 ] - Epoch 234: train==[133.63603 = 0.47807 + 1.09139 + 21.71487 + 0.02028 + 0.00000 + 0.00067 + 1225.89705]
[ INFO : 2026-08-12 11:57:07,295 ] - Test_@[5, 10, 20, 50]: Recall=[0.03360, 0.05198, 0.07949, 0.13412],  precision=[0.00706, 0.00547, 0.00419, 0.00285], hit=[0.03523, 0.05451, 0.08321, 0.14050], ndcg=[0.02235, 0.02831, 0.03527, 0.04620], Train Rec Loss=[0.03199], Eval Rec Loss=[0.03199], c=[0.50000], F=[0.84114, 0.87855, 0.90916, 0.93867], F_fuse=[0.01399, 0.01088, 0.00834, 0.00567]
[ INFO : 2026-08-12 12:00:26,138 ] - Epoch 235: train==[133.72158 = 0.47681 + 1.09125 + 21.80180 + 0.02031 + 0.00000 + 0.00067 + 1225.89705]
[ INFO : 2026-08-12 12:00:38,880 ] - Test_@[5, 10, 20, 50]: Recall=[0.03364, 0.05195, 0.07969, 0.13301],  precision=[0.00707, 0.00547, 0.00421, 0.00283], hit=[0.03523, 0.05446, 0.08341, 0.13942], ndcg=[0.02252, 0.02844, 0.03546, 0.04618], Train Rec Loss=[0.03200], Eval Rec Loss=[0.03196], c=[0.50000], F=[0.83894, 0.87729, 0.90767, 0.93737], F_fuse=[0.01401, 0.01087, 0.00838, 0.00564]
[ INFO : 2026-08-12 12:03:56,102 ] - Epoch 236: train==[133.66348 = 0.47396 + 1.09111 + 21.74666 + 0.02034 + 0.00000 + 0.00067 + 1225.89705]
[ INFO : 2026-08-12 12:04:08,038 ] - Test_@[5, 10, 20, 50]: Recall=[0.03376, 0.05119, 0.07871, 0.13159],  precision=[0.00710, 0.00539, 0.00416, 0.00279], hit=[0.03538, 0.05374, 0.08249, 0.13772], ndcg=[0.02257, 0.02822, 0.03518, 0.04581], Train Rec Loss=[0.03201], Eval Rec Loss=[0.03204], c=[0.50000], F=[0.83961, 0.87766, 0.90687, 0.93608], F_fuse=[0.01407, 0.01072, 0.00827, 0.00557]
[ INFO : 2026-08-12 12:07:26,512 ] - Epoch 237: train==[133.68830 = 0.47730 + 1.09097 + 21.76834 + 0.02027 + 0.00000 + 0.00069 + 1225.89705]
[ INFO : 2026-08-12 12:07:39,252 ] - Test_@[5, 10, 20, 50]: Recall=[0.03316, 0.05100, 0.07833, 0.13173],  precision=[0.00698, 0.00536, 0.00414, 0.00279], hit=[0.03487, 0.05338, 0.08192, 0.13788], ndcg=[0.02213, 0.02791, 0.03485, 0.04556], Train Rec Loss=[0.03206], Eval Rec Loss=[0.03204], c=[0.50000], F=[0.83901, 0.87875, 0.90932, 0.93942], F_fuse=[0.01385, 0.01065, 0.00824, 0.00557]
[ INFO : 2026-08-12 12:10:59,152 ] - Epoch 238: train==[133.70735 = 0.47467 + 1.09082 + 21.79006 + 0.02038 + 0.00000 + 0.00069 + 1225.89705]
[ INFO : 2026-08-12 12:11:11,219 ] - Test_@[5, 10, 20, 50]: Recall=[0.03336, 0.05150, 0.07986, 0.13315],  precision=[0.00702, 0.00544, 0.00422, 0.00282], hit=[0.03502, 0.05410, 0.08388, 0.13942], ndcg=[0.02222, 0.02816, 0.03535, 0.04601], Train Rec Loss=[0.03211], Eval Rec Loss=[0.03204], c=[0.50000], F=[0.83915, 0.87840, 0.90906, 0.93869], F_fuse=[0.01393, 0.01081, 0.00841, 0.00563]
[ INFO : 2026-08-12 12:14:31,857 ] - Epoch 239: train==[133.64014 = 0.47185 + 1.09068 + 21.72573 + 0.02048 + 0.00000 + 0.00067 + 1225.89705]
[ INFO : 2026-08-12 12:14:44,645 ] - Test_@[5, 10, 20, 50]: Recall=[0.03292, 0.05194, 0.07765, 0.13089],  precision=[0.00693, 0.00546, 0.00409, 0.00277], hit=[0.03461, 0.05426, 0.08120, 0.13690], ndcg=[0.02226, 0.02840, 0.03492, 0.04564], Train Rec Loss=[0.03210], Eval Rec Loss=[0.03213], c=[0.50000], F=[0.83989, 0.87843, 0.90976, 0.93969], F_fuse=[0.01375, 0.01086, 0.00815, 0.00553]
[ INFO : 2026-08-12 12:18:03,325 ] - Epoch 240: train==[133.73258 = 0.46934 + 1.09053 + 21.82083 + 0.02046 + 0.00000 + 0.00069 + 1225.89705]
[ INFO : 2026-08-12 12:18:15,344 ] - Test_@[5, 10, 20, 50]: Recall=[0.03382, 0.05192, 0.07800, 0.13269],  precision=[0.00711, 0.00547, 0.00413, 0.00282], hit=[0.03543, 0.05441, 0.08192, 0.13911], ndcg=[0.02247, 0.02834, 0.03497, 0.04594], Train Rec Loss=[0.03216], Eval Rec Loss=[0.03212], c=[0.50000], F=[0.83836, 0.87658, 0.90769, 0.93747], F_fuse=[0.01409, 0.01087, 0.00822, 0.00562]
[ INFO : 2026-08-12 12:21:33,117 ] - Epoch 241: train==[133.76405 = 0.47493 + 1.09037 + 21.84678 + 0.02056 + 0.00000 + 0.00068 + 1225.89705]
[ INFO : 2026-08-12 12:21:45,206 ] - Test_@[5, 10, 20, 50]: Recall=[0.03401, 0.05317, 0.07866, 0.13292],  precision=[0.00716, 0.00562, 0.00416, 0.00282], hit=[0.03574, 0.05590, 0.08239, 0.13901], ndcg=[0.02261, 0.02882, 0.03530, 0.04621], Train Rec Loss=[0.03216], Eval Rec Loss=[0.03216], c=[0.50000], F=[0.83979, 0.87882, 0.90900, 0.93933], F_fuse=[0.01420, 0.01116, 0.00827, 0.00562]
[ INFO : 2026-08-12 12:25:03,604 ] - Epoch 242: train==[133.62277 = 0.46859 + 1.09022 + 21.71194 + 0.02059 + 0.00000 + 0.00068 + 1225.89705]
[ INFO : 2026-08-12 12:25:15,716 ] - Test_@[5, 10, 20, 50]: Recall=[0.03378, 0.05196, 0.07912, 0.13336],  precision=[0.00712, 0.00548, 0.00418, 0.00283], hit=[0.03554, 0.05451, 0.08300, 0.13962], ndcg=[0.02281, 0.02870, 0.03561, 0.04649], Train Rec Loss=[0.03219], Eval Rec Loss=[0.03215], c=[0.50000], F=[0.83874, 0.87634, 0.90688, 0.93632], F_fuse=[0.01412, 0.01089, 0.00833, 0.00564]
[ INFO : 2026-08-12 12:28:34,258 ] - Epoch 243: train==[133.73547 = 0.46955 + 1.09007 + 21.82380 + 0.02064 + 0.00000 + 0.00068 + 1225.89705]
[ INFO : 2026-08-12 12:28:46,530 ] - Test_@[5, 10, 20, 50]: Recall=[0.03324, 0.05142, 0.07926, 0.13347],  precision=[0.00700, 0.00540, 0.00418, 0.00283], hit=[0.03492, 0.05384, 0.08295, 0.13973], ndcg=[0.02256, 0.02849, 0.03555, 0.04640], Train Rec Loss=[0.03220], Eval Rec Loss=[0.03218], c=[0.50000], F=[0.83781, 0.87551, 0.90622, 0.93562], F_fuse=[0.01389, 0.01074, 0.00832, 0.00564]
[ INFO : 2026-08-12 12:32:04,500 ] - Epoch 244: train==[133.65533 = 0.46857 + 1.08991 + 21.74474 + 0.02070 + 0.00000 + 0.00068 + 1225.89705]
[ INFO : 2026-08-12 12:32:17,258 ] - Test_@[5, 10, 20, 50]: Recall=[0.03375, 0.05106, 0.07724, 0.12897],  precision=[0.00709, 0.00537, 0.00408, 0.00274], hit=[0.03538, 0.05343, 0.08095, 0.13536], ndcg=[0.02249, 0.02810, 0.03474, 0.04516], Train Rec Loss=[0.03229], Eval Rec Loss=[0.03223], c=[0.50000], F=[0.83822, 0.87850, 0.90955, 0.93946], F_fuse=[0.01405, 0.01067, 0.00813, 0.00547]
[ INFO : 2026-08-12 12:35:34,657 ] - Epoch 245: train==[133.62286 = 0.46544 + 1.08974 + 21.71552 + 0.02075 + 0.00000 + 0.00068 + 1225.89705]
[ INFO : 2026-08-12 12:35:46,720 ] - Test_@[5, 10, 20, 50]: Recall=[0.03413, 0.05292, 0.08021, 0.13368],  precision=[0.00721, 0.00557, 0.00424, 0.00283], hit=[0.03595, 0.05554, 0.08403, 0.13983], ndcg=[0.02278, 0.02889, 0.03580, 0.04652], Train Rec Loss=[0.03230], Eval Rec Loss=[0.03226], c=[0.50000], F=[0.83966, 0.87822, 0.90781, 0.93750], F_fuse=[0.01430, 0.01108, 0.00843, 0.00565]
[ INFO : 2026-08-12 12:39:05,364 ] - Epoch 246: train==[133.55594 = 0.46321 + 1.08958 + 21.65100 + 0.02073 + 0.00000 + 0.00068 + 1225.89705]
[ INFO : 2026-08-12 12:39:17,572 ] - Test_@[5, 10, 20, 50]: Recall=[0.03288, 0.05137, 0.07810, 0.13068],  precision=[0.00692, 0.00540, 0.00413, 0.00278], hit=[0.03451, 0.05374, 0.08197, 0.13705], ndcg=[0.02184, 0.02785, 0.03464, 0.04522], Train Rec Loss=[0.03231], Eval Rec Loss=[0.03229], c=[0.50000], F=[0.83808, 0.87738, 0.90828, 0.93785], F_fuse=[0.01373, 0.01073, 0.00822, 0.00554]
[ INFO : 2026-08-12 12:42:38,047 ] - Epoch 247: train==[133.68440 = 0.46477 + 1.08941 + 21.77797 + 0.02083 + 0.00000 + 0.00069 + 1225.89705]
[ INFO : 2026-08-12 12:42:50,097 ] - Test_@[5, 10, 20, 50]: Recall=[0.03337, 0.05048, 0.07800, 0.12904],  precision=[0.00701, 0.00534, 0.00412, 0.00274], hit=[0.03497, 0.05307, 0.08182, 0.13536], ndcg=[0.02221, 0.02778, 0.03473, 0.04497], Train Rec Loss=[0.03236], Eval Rec Loss=[0.03239], c=[0.50000], F=[0.83863, 0.87775, 0.90863, 0.93879], F_fuse=[0.01391, 0.01062, 0.00821, 0.00547]
[ INFO : 2026-08-12 12:46:09,060 ] - Epoch 248: train==[133.58284 = 0.46233 + 1.08925 + 21.67906 + 0.02077 + 0.00000 + 0.00069 + 1225.89705]
[ INFO : 2026-08-12 12:46:21,769 ] - Test_@[5, 10, 20, 50]: Recall=[0.03442, 0.05245, 0.07997, 0.13306],  precision=[0.00725, 0.00552, 0.00422, 0.00282], hit=[0.03615, 0.05503, 0.08367, 0.13947], ndcg=[0.02283, 0.02870, 0.03567, 0.04631], Train Rec Loss=[0.03237], Eval Rec Loss=[0.03238], c=[0.50000], F=[0.83919, 0.87743, 0.90792, 0.93748], F_fuse=[0.01438, 0.01098, 0.00840, 0.00563]
[ INFO : 2026-08-12 12:49:39,269 ] - Epoch 249: train==[133.55426 = 0.45955 + 1.08906 + 21.65332 + 0.02090 + 0.00000 + 0.00068 + 1225.89705]
[ INFO : 2026-08-12 12:49:51,652 ] - Test_@[5, 10, 20, 50]: Recall=[0.03367, 0.05073, 0.07837, 0.13010],  precision=[0.00707, 0.00534, 0.00414, 0.00276], hit=[0.03523, 0.05312, 0.08223, 0.13644], ndcg=[0.02236, 0.02791, 0.03493, 0.04529], Train Rec Loss=[0.03241], Eval Rec Loss=[0.03235], c=[0.50000], F=[0.83853, 0.87825, 0.91011, 0.94018], F_fuse=[0.01401, 0.01061, 0.00824, 0.00551]
[ INFO : 2026-08-12 12:53:08,743 ] - Epoch 250: train==[133.65933 = 0.46336 + 1.08889 + 21.75480 + 0.02085 + 0.00000 + 0.00068 + 1225.89705]
[ INFO : 2026-08-12 12:53:20,831 ] - Test_@[5, 10, 20, 50]: Recall=[0.03414, 0.05146, 0.07895, 0.13087],  precision=[0.00719, 0.00544, 0.00417, 0.00277], hit=[0.03584, 0.05405, 0.08259, 0.13674], ndcg=[0.02263, 0.02825, 0.03519, 0.04559], Train Rec Loss=[0.03248], Eval Rec Loss=[0.03236], c=[0.50000], F=[0.83973, 0.87828, 0.90963, 0.93955], F_fuse=[0.01426, 0.01080, 0.00829, 0.00552]
[ INFO : 2026-08-12 12:56:37,933 ] - Epoch 251: train==[133.64472 = 0.46062 + 1.08871 + 21.74304 + 0.02093 + 0.00000 + 0.00068 + 1225.89705]
[ INFO : 2026-08-12 12:56:50,620 ] - Test_@[5, 10, 20, 50]: Recall=[0.03330, 0.05170, 0.07912, 0.13219],  precision=[0.00701, 0.00545, 0.00418, 0.00281], hit=[0.03502, 0.05420, 0.08295, 0.13854], ndcg=[0.02225, 0.02819, 0.03514, 0.04579], Train Rec Loss=[0.03257], Eval Rec Loss=[0.03251], c=[0.50000], F=[0.83960, 0.87782, 0.90859, 0.93836], F_fuse=[0.01391, 0.01083, 0.00833, 0.00560]
[ INFO : 2026-08-12 13:00:07,223 ] - Epoch 252: train==[133.63757 = 0.45957 + 1.08854 + 21.73714 + 0.02089 + 0.00000 + 0.00069 + 1225.89705]
[ INFO : 2026-08-12 13:00:19,962 ] - Test_@[5, 10, 20, 50]: Recall=[0.03357, 0.05181, 0.07811, 0.13099],  precision=[0.00707, 0.00546, 0.00412, 0.00278], hit=[0.03523, 0.05431, 0.08182, 0.13721], ndcg=[0.02255, 0.02847, 0.03514, 0.04574], Train Rec Loss=[0.03250], Eval Rec Loss=[0.03249], c=[0.50000], F=[0.83969, 0.87762, 0.90896, 0.93903], F_fuse=[0.01401, 0.01085, 0.00821, 0.00555]
[ INFO : 2026-08-12 13:03:39,111 ] - Epoch 253: train==[133.63112 = 0.45909 + 1.08838 + 21.73113 + 0.02112 + 0.00000 + 0.00067 + 1225.89705]
[ INFO : 2026-08-12 13:03:51,478 ] - Test_@[5, 10, 20, 50]: Recall=[0.03329, 0.05201, 0.07985, 0.13343],  precision=[0.00701, 0.00547, 0.00422, 0.00283], hit=[0.03502, 0.05456, 0.08367, 0.13978], ndcg=[0.02269, 0.02877, 0.03584, 0.04654], Train Rec Loss=[0.03260], Eval Rec Loss=[0.03257], c=[0.50000], F=[0.83942, 0.87709, 0.90807, 0.93739], F_fuse=[0.01391, 0.01088, 0.00840, 0.00564]
[ INFO : 2026-08-12 13:07:10,434 ] - Epoch 254: train==[133.53893 = 0.45761 + 1.08820 + 21.64057 + 0.02112 + 0.00000 + 0.00068 + 1225.89705]
[ INFO : 2026-08-12 13:07:22,418 ] - Test_@[5, 10, 20, 50]: Recall=[0.03329, 0.05082, 0.07696, 0.12827],  precision=[0.00700, 0.00536, 0.00406, 0.00273], hit=[0.03492, 0.05333, 0.08064, 0.13448], ndcg=[0.02209, 0.02777, 0.03437, 0.04468], Train Rec Loss=[0.03258], Eval Rec Loss=[0.03252], c=[0.50000], F=[0.83734, 0.87741, 0.90939, 0.93932], F_fuse=[0.01389, 0.01065, 0.00808, 0.00544]
[ INFO : 2026-08-12 13:10:39,024 ] - Epoch 255: train==[133.67078 = 0.46026 + 1.08805 + 21.77005 + 0.02100 + 0.00000 + 0.00069 + 1225.89705]
[ INFO : 2026-08-12 13:10:51,210 ] - Test_@[5, 10, 20, 50]: Recall=[0.03429, 0.05241, 0.07910, 0.13255],  precision=[0.00721, 0.00553, 0.00417, 0.00281], hit=[0.03595, 0.05503, 0.08280, 0.13875], ndcg=[0.02301, 0.02890, 0.03568, 0.04641], Train Rec Loss=[0.03271], Eval Rec Loss=[0.03265], c=[0.50000], F=[0.83986, 0.87741, 0.90766, 0.93694], F_fuse=[0.01430, 0.01099, 0.00831, 0.00561]
[ INFO : 2026-08-12 13:14:08,170 ] - Epoch 256: train==[133.50687 = 0.45384 + 1.08787 + 21.61251 + 0.02124 + 0.00000 + 0.00068 + 1225.89705]
[ INFO : 2026-08-12 13:14:20,930 ] - Test_@[5, 10, 20, 50]: Recall=[0.03374, 0.05129, 0.07726, 0.12940],  precision=[0.00709, 0.00539, 0.00407, 0.00274], hit=[0.03533, 0.05364, 0.08084, 0.13536], ndcg=[0.02247, 0.02818, 0.03475, 0.04522], Train Rec Loss=[0.03271], Eval Rec Loss=[0.03265], c=[0.50000], F=[0.83980, 0.87841, 0.90907, 0.93885], F_fuse=[0.01405, 0.01072, 0.00810, 0.00546]
[ INFO : 2026-08-12 13:17:38,123 ] - Epoch 257: train==[133.53951 = 0.45326 + 1.08769 + 21.64588 + 0.02126 + 0.00000 + 0.00068 + 1225.89705]
[ INFO : 2026-08-12 13:17:50,235 ] - Test_@[5, 10, 20, 50]: Recall=[0.03419, 0.05222, 0.08005, 0.13342],  precision=[0.00720, 0.00550, 0.00424, 0.00283], hit=[0.03595, 0.05472, 0.08398, 0.13952], ndcg=[0.02281, 0.02866, 0.03573, 0.04641], Train Rec Loss=[0.03271], Eval Rec Loss=[0.03275], c=[0.50000], F=[0.83955, 0.87834, 0.90844, 0.93843], F_fuse=[0.01428, 0.01094, 0.00844, 0.00564]
[ INFO : 2026-08-12 13:21:08,492 ] - Epoch 258: train==[133.70440 = 0.45387 + 1.08753 + 21.81034 + 0.02124 + 0.00000 + 0.00068 + 1225.89705]
[ INFO : 2026-08-12 13:21:20,549 ] - Test_@[5, 10, 20, 50]: Recall=[0.03404, 0.05088, 0.07732, 0.13080],  precision=[0.00716, 0.00537, 0.00409, 0.00278], hit=[0.03569, 0.05333, 0.08105, 0.13710], ndcg=[0.02266, 0.02813, 0.03483, 0.04556], Train Rec Loss=[0.03277], Eval Rec Loss=[0.03272], c=[0.50000], F=[0.83851, 0.87699, 0.90825, 0.93809], F_fuse=[0.01420, 0.01067, 0.00814, 0.00554]
[ INFO : 2026-08-12 13:24:38,731 ] - Epoch 259: train==[133.58898 = 0.45232 + 1.08737 + 21.69654 + 0.02134 + 0.00000 + 0.00068 + 1225.89705]
[ INFO : 2026-08-12 13:24:51,520 ] - Test_@[5, 10, 20, 50]: Recall=[0.03336, 0.05176, 0.07822, 0.13202],  precision=[0.00702, 0.00545, 0.00413, 0.00280], hit=[0.03502, 0.05420, 0.08197, 0.13834], ndcg=[0.02243, 0.02838, 0.03511, 0.04591], Train Rec Loss=[0.03275], Eval Rec Loss=[0.03275], c=[0.50000], F=[0.83834, 0.87765, 0.90794, 0.93732], F_fuse=[0.01393, 0.01083, 0.00822, 0.00559]
[ INFO : 2026-08-12 13:28:10,263 ] - Epoch 260: train==[133.63223 = 0.45026 + 1.08720 + 21.74201 + 0.02134 + 0.00000 + 0.00068 + 1225.89705]
[ INFO : 2026-08-12 13:28:22,347 ] - Test_@[5, 10, 20, 50]: Recall=[0.03367, 0.05175, 0.07812, 0.13056],  precision=[0.00710, 0.00544, 0.00412, 0.00277], hit=[0.03538, 0.05415, 0.08182, 0.13664], ndcg=[0.02279, 0.02865, 0.03532, 0.04583], Train Rec Loss=[0.03272], Eval Rec Loss=[0.03277], c=[0.50000], F=[0.83834, 0.87834, 0.90951, 0.93986], F_fuse=[0.01407, 0.01080, 0.00821, 0.00552]
[ INFO : 2026-08-12 13:31:39,663 ] - Epoch 261: train==[133.44247 = 0.45440 + 1.08705 + 21.54825 + 0.02134 + 0.00000 + 0.00069 + 1225.89705]
[ INFO : 2026-08-12 13:31:51,657 ] - Test_@[5, 10, 20, 50]: Recall=[0.03402, 0.05123, 0.07803, 0.13135],  precision=[0.00717, 0.00540, 0.00412, 0.00278], hit=[0.03574, 0.05374, 0.08177, 0.13741], ndcg=[0.02289, 0.02848, 0.03529, 0.04599], Train Rec Loss=[0.03281], Eval Rec Loss=[0.03278], c=[0.50000], F=[0.83980, 0.87850, 0.90896, 0.93940], F_fuse=[0.01422, 0.01074, 0.00821, 0.00555]
[ INFO : 2026-08-12 13:35:09,057 ] - Epoch 262: train==[133.54822 = 0.44977 + 1.08687 + 21.65876 + 0.02140 + 0.00000 + 0.00068 + 1225.89705]
[ INFO : 2026-08-12 13:35:21,534 ] - Test_@[5, 10, 20, 50]: Recall=[0.03327, 0.05081, 0.07700, 0.12954],  precision=[0.00701, 0.00536, 0.00407, 0.00275], hit=[0.03502, 0.05333, 0.08069, 0.13577], ndcg=[0.02257, 0.02827, 0.03491, 0.04549], Train Rec Loss=[0.03288], Eval Rec Loss=[0.03291], c=[0.50000], F=[0.84000, 0.87855, 0.90947, 0.93949], F_fuse=[0.01391, 0.01066, 0.00809, 0.00548]
[ INFO : 2026-08-12 13:38:38,715 ] - Epoch 263: train==[133.59809 = 0.44968 + 1.08670 + 21.70872 + 0.02157 + 0.00000 + 0.00068 + 1225.89705]
[ INFO : 2026-08-12 13:38:50,838 ] - Test_@[5, 10, 20, 50]: Recall=[0.03373, 0.05176, 0.07780, 0.13089],  precision=[0.00708, 0.00546, 0.00412, 0.00278], hit=[0.03528, 0.05436, 0.08172, 0.13705], ndcg=[0.02273, 0.02857, 0.03517, 0.04582], Train Rec Loss=[0.03290], Eval Rec Loss=[0.03288], c=[0.50000], F=[0.84051, 0.87863, 0.90926, 0.93937], F_fuse=[0.01403, 0.01085, 0.00820, 0.00554]
[ INFO : 2026-08-12 13:42:07,489 ] - Epoch 264: train==[133.44491 = 0.44970 + 1.08653 + 21.55572 + 0.02153 + 0.00000 + 0.00068 + 1225.89705]
[ INFO : 2026-08-12 13:42:19,616 ] - Test_@[5, 10, 20, 50]: Recall=[0.03315, 0.05141, 0.07834, 0.13065],  precision=[0.00698, 0.00541, 0.00414, 0.00277], hit=[0.03487, 0.05384, 0.08197, 0.13669], ndcg=[0.02224, 0.02815, 0.03499, 0.04548], Train Rec Loss=[0.03296], Eval Rec Loss=[0.03297], c=[0.50000], F=[0.83929, 0.87778, 0.90784, 0.93776], F_fuse=[0.01385, 0.01075, 0.00824, 0.00553]
[ INFO : 2026-08-12 13:45:38,020 ] - Epoch 265: train==[133.52418 = 0.44553 + 1.08637 + 21.63940 + 0.02142 + 0.00000 + 0.00071 + 1225.89705]
[ INFO : 2026-08-12 13:45:50,601 ] - Test_@[5, 10, 20, 50]: Recall=[0.03347, 0.05144, 0.07713, 0.12961],  precision=[0.00707, 0.00543, 0.00408, 0.00275], hit=[0.03523, 0.05405, 0.08089, 0.13587], ndcg=[0.02243, 0.02826, 0.03476, 0.04530], Train Rec Loss=[0.03302], Eval Rec Loss=[0.03298], c=[0.50000], F=[0.83740, 0.87753, 0.90893, 0.93949], F_fuse=[0.01401, 0.01079, 0.00811, 0.00549]
[ INFO : 2026-08-12 13:49:11,035 ] - Epoch 266: train==[133.46854 = 0.44518 + 1.08621 + 21.58416 + 0.02156 + 0.00000 + 0.00069 + 1225.89705]
[ INFO : 2026-08-12 13:49:23,620 ] - Test_@[5, 10, 20, 50]: Recall=[0.03335, 0.05187, 0.07796, 0.13054],  precision=[0.00699, 0.00548, 0.00412, 0.00277], hit=[0.03492, 0.05451, 0.08182, 0.13695], ndcg=[0.02262, 0.02865, 0.03528, 0.04584], Train Rec Loss=[0.03299], Eval Rec Loss=[0.03306], c=[0.50000], F=[0.83826, 0.87645, 0.90688, 0.93672], F_fuse=[0.01387, 0.01089, 0.00821, 0.00552]
[ INFO : 2026-08-12 13:52:43,333 ] - Epoch 267: train==[133.58535 = 0.44750 + 1.08604 + 21.69878 + 0.02161 + 0.00000 + 0.00069 + 1225.89705]
[ INFO : 2026-08-12 13:52:55,612 ] - Test_@[5, 10, 20, 50]: Recall=[0.03409, 0.05134, 0.07728, 0.12984],  precision=[0.00719, 0.00542, 0.00409, 0.00275], hit=[0.03584, 0.05384, 0.08110, 0.13587], ndcg=[0.02296, 0.02853, 0.03513, 0.04568], Train Rec Loss=[0.03314], Eval Rec Loss=[0.03309], c=[0.50000], F=[0.83959, 0.87920, 0.90955, 0.93984], F_fuse=[0.01426, 0.01076, 0.00815, 0.00549]
[ INFO : 2026-08-12 13:56:14,986 ] - Epoch 268: train==[133.49770 = 0.44544 + 1.08588 + 21.61329 + 0.02166 + 0.00000 + 0.00069 + 1225.89705]
[ INFO : 2026-08-12 13:56:27,769 ] - Test_@[5, 10, 20, 50]: Recall=[0.03340, 0.05121, 0.07737, 0.12989],  precision=[0.00702, 0.00539, 0.00410, 0.00276], hit=[0.03502, 0.05359, 0.08125, 0.13618], ndcg=[0.02237, 0.02815, 0.03481, 0.04537], Train Rec Loss=[0.03313], Eval Rec Loss=[0.03304], c=[0.50000], F=[0.83746, 0.87746, 0.90878, 0.93851], F_fuse=[0.01393, 0.01071, 0.00816, 0.00550]
[ INFO : 2026-08-12 13:59:45,324 ] - Epoch 269: train==[133.45544 = 0.44437 + 1.08571 + 21.57223 + 0.02169 + 0.00000 + 0.00069 + 1225.89705]
[ INFO : 2026-08-12 13:59:58,076 ] - Test_@[5, 10, 20, 50]: Recall=[0.03371, 0.05104, 0.07854, 0.13058],  precision=[0.00712, 0.00538, 0.00415, 0.00277], hit=[0.03548, 0.05354, 0.08228, 0.13664], ndcg=[0.02246, 0.02807, 0.03505, 0.04547], Train Rec Loss=[0.03322], Eval Rec Loss=[0.03309], c=[0.50000], F=[0.83961, 0.87839, 0.90937, 0.93927], F_fuse=[0.01412, 0.01070, 0.00826, 0.00552]
[ INFO : 2026-08-12 14:03:17,403 ] - Epoch 270: train==[133.63097 = 0.44409 + 1.08558 + 21.74809 + 0.02179 + 0.00000 + 0.00069 + 1225.89705]
[ INFO : 2026-08-12 14:03:29,807 ] - Test_@[5, 10, 20, 50]: Recall=[0.03394, 0.05067, 0.07751, 0.12927],  precision=[0.00714, 0.00534, 0.00409, 0.00274], hit=[0.03559, 0.05312, 0.08125, 0.13546], ndcg=[0.02281, 0.02824, 0.03506, 0.04545], Train Rec Loss=[0.03310], Eval Rec Loss=[0.03308], c=[0.50000], F=[0.83905, 0.87798, 0.90805, 0.93816], F_fuse=[0.01416, 0.01061, 0.00814, 0.00547]
[ INFO : 2026-08-12 14:06:48,119 ] - Epoch 271: train==[133.46571 = 0.44099 + 1.08540 + 21.58611 + 0.02179 + 0.00000 + 0.00069 + 1225.89705]
[ INFO : 2026-08-12 14:07:00,776 ] - Test_@[5, 10, 20, 50]: Recall=[0.03390, 0.05094, 0.07689, 0.12980],  precision=[0.00713, 0.00536, 0.00407, 0.00276], hit=[0.03554, 0.05328, 0.08079, 0.13608], ndcg=[0.02238, 0.02789, 0.03448, 0.04507], Train Rec Loss=[0.03330], Eval Rec Loss=[0.03317], c=[0.50000], F=[0.83817, 0.87762, 0.90847, 0.93838], F_fuse=[0.01414, 0.01065, 0.00810, 0.00550]
[ INFO : 2026-08-12 14:10:18,555 ] - Epoch 272: train==[133.49229 = 0.44164 + 1.08523 + 21.61215 + 0.02185 + 0.00000 + 0.00068 + 1225.89705]
[ INFO : 2026-08-12 14:10:31,106 ] - Test_@[5, 10, 20, 50]: Recall=[0.03313, 0.05145, 0.07741, 0.12990],  precision=[0.00695, 0.00542, 0.00409, 0.00276], hit=[0.03466, 0.05395, 0.08115, 0.13608], ndcg=[0.02237, 0.02831, 0.03492, 0.04545], Train Rec Loss=[0.03321], Eval Rec Loss=[0.03325], c=[0.50000], F=[0.83852, 0.87859, 0.90977, 0.93966], F_fuse=[0.01379, 0.01077, 0.00814, 0.00550]
[ INFO : 2026-08-12 14:13:50,141 ] - Epoch 273: train==[133.47325 = 0.43890 + 1.08510 + 21.59593 + 0.02190 + 0.00000 + 0.00068 + 1225.89705]
[ INFO : 2026-08-12 14:14:02,861 ] - Test_@[5, 10, 20, 50]: Recall=[0.03318, 0.05097, 0.07890, 0.13083],  precision=[0.00697, 0.00538, 0.00416, 0.00278], hit=[0.03476, 0.05348, 0.08264, 0.13710], ndcg=[0.02247, 0.02828, 0.03535, 0.04574], Train Rec Loss=[0.03321], Eval Rec Loss=[0.03313], c=[0.50000], F=[0.83817, 0.87830, 0.90890, 0.93844], F_fuse=[0.01383, 0.01070, 0.00828, 0.00554]
[ INFO : 2026-08-12 14:17:21,157 ] - Epoch 274: train==[133.50375 = 0.43826 + 1.08491 + 21.62725 + 0.02193 + 0.00000 + 0.00067 + 1225.89705]
[ INFO : 2026-08-12 14:17:33,979 ] - Test_@[5, 10, 20, 50]: Recall=[0.03362, 0.05148, 0.07885, 0.13121],  precision=[0.00709, 0.00543, 0.00417, 0.00278], hit=[0.03533, 0.05400, 0.08275, 0.13741], ndcg=[0.02252, 0.02832, 0.03528, 0.04577], Train Rec Loss=[0.03324], Eval Rec Loss=[0.03337], c=[0.50000], F=[0.83959, 0.87878, 0.90944, 0.93893], F_fuse=[0.01405, 0.01078, 0.00831, 0.00555]
[ INFO : 2026-08-12 14:20:52,398 ] - Epoch 275: train==[133.52173 = 0.44054 + 1.08474 + 21.64306 + 0.02197 + 0.00000 + 0.00068 + 1225.89705]
[ INFO : 2026-08-12 14:21:04,417 ] - Test_@[5, 10, 20, 50]: Recall=[0.03349, 0.05035, 0.07710, 0.12834],  precision=[0.00704, 0.00532, 0.00407, 0.00272], hit=[0.03507, 0.05282, 0.08084, 0.13453], ndcg=[0.02247, 0.02795, 0.03473, 0.04499], Train Rec Loss=[0.03329], Eval Rec Loss=[0.03331], c=[0.50000], F=[0.83935, 0.87805, 0.90938, 0.93918], F_fuse=[0.01395, 0.01057, 0.00810, 0.00543]
[ INFO : 2026-08-12 14:24:24,401 ] - Epoch 276: train==[133.41454 = 0.44002 + 1.08459 + 21.53645 + 0.02207 + 0.00000 + 0.00067 + 1225.89705]
[ INFO : 2026-08-12 14:24:36,367 ] - Test_@[5, 10, 20, 50]: Recall=[0.03359, 0.05116, 0.07874, 0.13042],  precision=[0.00707, 0.00539, 0.00416, 0.00277], hit=[0.03523, 0.05374, 0.08244, 0.13654], ndcg=[0.02262, 0.02832, 0.03529, 0.04564], Train Rec Loss=[0.03334], Eval Rec Loss=[0.03327], c=[0.50000], F=[0.83975, 0.87864, 0.90915, 0.93878], F_fuse=[0.01401, 0.01072, 0.00828, 0.00552]
[ INFO : 2026-08-12 14:27:55,386 ] - Epoch 277: train==[133.47002 = 0.43580 + 1.08444 + 21.59636 + 0.02201 + 0.00000 + 0.00068 + 1225.89705]
[ INFO : 2026-08-12 14:28:08,012 ] - Test_@[5, 10, 20, 50]: Recall=[0.03332, 0.05079, 0.07759, 0.12939],  precision=[0.00701, 0.00535, 0.00409, 0.00275], hit=[0.03497, 0.05323, 0.08125, 0.13561], ndcg=[0.02248, 0.02814, 0.03491, 0.04530], Train Rec Loss=[0.03335], Eval Rec Loss=[0.03335], c=[0.50000], F=[0.83874, 0.87797, 0.90901, 0.93859], F_fuse=[0.01391, 0.01063, 0.00815, 0.00548]
[ INFO : 2026-08-12 14:31:25,434 ] - Epoch 278: train==[133.49737 = 0.43619 + 1.08427 + 21.62356 + 0.02190 + 0.00000 + 0.00070 + 1225.89705]
[ INFO : 2026-08-12 14:31:37,408 ] - Test_@[5, 10, 20, 50]: Recall=[0.03289, 0.05110, 0.07724, 0.12810],  precision=[0.00691, 0.00538, 0.00408, 0.00272], hit=[0.03446, 0.05348, 0.08100, 0.13443], ndcg=[0.02227, 0.02820, 0.03483, 0.04503], Train Rec Loss=[0.03337], Eval Rec Loss=[0.03342], c=[0.50000], F=[0.83842, 0.87855, 0.90917, 0.93902], F_fuse=[0.01371, 0.01069, 0.00812, 0.00543]
[ INFO : 2026-08-12 14:34:56,575 ] - Epoch 279: train==[133.52593 = 0.43519 + 1.08412 + 21.65313 + 0.02206 + 0.00000 + 0.00069 + 1225.89705]
[ INFO : 2026-08-12 14:35:08,563 ] - Test_@[5, 10, 20, 50]: Recall=[0.03351, 0.05119, 0.07859, 0.13035],  precision=[0.00706, 0.00540, 0.00415, 0.00277], hit=[0.03523, 0.05379, 0.08239, 0.13659], ndcg=[0.02240, 0.02813, 0.03510, 0.04549], Train Rec Loss=[0.03344], Eval Rec Loss=[0.03343], c=[0.50000], F=[0.83932, 0.87893, 0.90922, 0.93890], F_fuse=[0.01399, 0.01074, 0.00826, 0.00552]
[ INFO : 2026-08-12 14:38:28,150 ] - Epoch 280: train==[133.45057 = 0.43661 + 1.08395 + 21.57650 + 0.02208 + 0.00000 + 0.00069 + 1225.89705]
[ INFO : 2026-08-12 14:38:40,187 ] - Test_@[5, 10, 20, 50]: Recall=[0.03337, 0.05043, 0.07740, 0.13023],  precision=[0.00701, 0.00532, 0.00409, 0.00276], hit=[0.03502, 0.05292, 0.08110, 0.13638], ndcg=[0.02255, 0.02809, 0.03493, 0.04551], Train Rec Loss=[0.03350], Eval Rec Loss=[0.03329], c=[0.50000], F=[0.83944, 0.87778, 0.90811, 0.93796], F_fuse=[0.01391, 0.01057, 0.00815, 0.00551]
[ INFO : 2026-08-12 14:42:00,835 ] - Epoch 281: train==[133.47866 = 0.43187 + 1.08380 + 21.60936 + 0.02221 + 0.00000 + 0.00068 + 1225.89705]
[ INFO : 2026-08-12 14:42:13,612 ] - Test_@[5, 10, 20, 50]: Recall=[0.03338, 0.05045, 0.07695, 0.12970],  precision=[0.00700, 0.00531, 0.00406, 0.00275], hit=[0.03497, 0.05287, 0.08059, 0.13582], ndcg=[0.02244, 0.02800, 0.03474, 0.04531], Train Rec Loss=[0.03357], Eval Rec Loss=[0.03341], c=[0.50000], F=[0.83915, 0.87922, 0.90976, 0.93995], F_fuse=[0.01389, 0.01056, 0.00808, 0.00548]
[ INFO : 2026-08-12 14:45:32,274 ] - Epoch 282: train==[133.40585 = 0.43376 + 1.08366 + 21.53478 + 0.02221 + 0.00000 + 0.00070 + 1225.89705]
[ INFO : 2026-08-12 14:45:44,343 ] - Test_@[5, 10, 20, 50]: Recall=[0.03363, 0.05005, 0.07648, 0.12711],  precision=[0.00710, 0.00528, 0.00403, 0.00270], hit=[0.03538, 0.05246, 0.08017, 0.13335], ndcg=[0.02235, 0.02767, 0.03437, 0.04451], Train Rec Loss=[0.03347], Eval Rec Loss=[0.03343], c=[0.50000], F=[0.83473, 0.87600, 0.90790, 0.93804], F_fuse=[0.01407, 0.01050, 0.00803, 0.00539]
[ INFO : 2026-08-12 14:49:00,346 ] - Epoch 283: train==[133.43172 = 0.42985 + 1.08350 + 21.56476 + 0.02218 + 0.00000 + 0.00070 + 1225.89705]
[ INFO : 2026-08-12 14:49:12,314 ] - Test_@[5, 10, 20, 50]: Recall=[0.03403, 0.05036, 0.07726, 0.12900],  precision=[0.00716, 0.00530, 0.00408, 0.00274], hit=[0.03569, 0.05271, 0.08095, 0.13525], ndcg=[0.02296, 0.02826, 0.03509, 0.04548], Train Rec Loss=[0.03350], Eval Rec Loss=[0.03351], c=[0.50000], F=[0.83962, 0.87889, 0.90926, 0.93949], F_fuse=[0.01420, 0.01054, 0.00812, 0.00546]
[ INFO : 2026-08-12 14:52:31,727 ] - Epoch 284: train==[133.40820 = 0.43091 + 1.08334 + 21.54027 + 0.02225 + 0.00000 + 0.00069 + 1225.89705]
[ INFO : 2026-08-12 14:52:44,591 ] - Test_@[5, 10, 20, 50]: Recall=[0.03305, 0.05005, 0.07482, 0.12778],  precision=[0.00695, 0.00527, 0.00395, 0.00272], hit=[0.03466, 0.05246, 0.07832, 0.13397], ndcg=[0.02229, 0.02780, 0.03408, 0.04471], Train Rec Loss=[0.03350], Eval Rec Loss=[0.03363], c=[0.50000], F=[0.83762, 0.87755, 0.90885, 0.93878], F_fuse=[0.01379, 0.01048, 0.00786, 0.00542]
[ INFO : 2026-08-12 14:56:02,815 ] - Epoch 285: train==[133.45131 = 0.43011 + 1.08319 + 21.58425 + 0.02236 + 0.00000 + 0.00067 + 1225.89705]
[ INFO : 2026-08-12 14:56:15,545 ] - Test_@[5, 10, 20, 50]: Recall=[0.03328, 0.05029, 0.07751, 0.12826],  precision=[0.00700, 0.00530, 0.00409, 0.00272], hit=[0.03492, 0.05276, 0.08120, 0.13448], ndcg=[0.02265, 0.02818, 0.03508, 0.04525], Train Rec Loss=[0.03350], Eval Rec Loss=[0.03354], c=[0.50000], F=[0.83786, 0.87787, 0.90855, 0.93893], F_fuse=[0.01389, 0.01054, 0.00814, 0.00543]
[ INFO : 2026-08-12 14:59:34,044 ] - Epoch 286: train==[133.39507 = 0.42985 + 1.08304 + 21.52851 + 0.02221 + 0.00000 + 0.00072 + 1225.89705]
[ INFO : 2026-08-12 14:59:46,798 ] - Test_@[5, 10, 20, 50]: Recall=[0.03394, 0.05126, 0.07788, 0.12999],  precision=[0.00714, 0.00540, 0.00411, 0.00276], hit=[0.03564, 0.05374, 0.08156, 0.13613], ndcg=[0.02267, 0.02828, 0.03504, 0.04549], Train Rec Loss=[0.03354], Eval Rec Loss=[0.03360], c=[0.50000], F=[0.83934, 0.87830, 0.90947, 0.93954], F_fuse=[0.01416, 0.01073, 0.00818, 0.00549]
[ INFO : 2026-08-12 15:03:05,597 ] - Epoch 287: train==[133.48525 = 0.43486 + 1.08291 + 21.61370 + 0.02233 + 0.00000 + 0.00071 + 1225.89705]
[ INFO : 2026-08-12 15:03:17,657 ] - Test_@[5, 10, 20, 50]: Recall=[0.03313, 0.05006, 0.07617, 0.12793],  precision=[0.00696, 0.00529, 0.00402, 0.00272], hit=[0.03471, 0.05256, 0.07987, 0.13438], ndcg=[0.02216, 0.02766, 0.03430, 0.04472], Train Rec Loss=[0.03362], Eval Rec Loss=[0.03358], c=[0.50000], F=[0.83920, 0.87875, 0.90974, 0.93952], F_fuse=[0.01381, 0.01051, 0.00800, 0.00542]
[ INFO : 2026-08-12 15:06:36,872 ] - Epoch 288: train==[133.35163 = 0.42736 + 1.08276 + 21.48766 + 0.02244 + 0.00000 + 0.00068 + 1225.89705]
[ INFO : 2026-08-12 15:06:48,838 ] - Test_@[5, 10, 20, 50]: Recall=[0.03283, 0.05084, 0.07755, 0.12981],  precision=[0.00689, 0.00535, 0.00410, 0.00276], hit=[0.03440, 0.05323, 0.08125, 0.13608], ndcg=[0.02224, 0.02811, 0.03487, 0.04536], Train Rec Loss=[0.03365], Eval Rec Loss=[0.03357], c=[0.50000], F=[0.83789, 0.87761, 0.90826, 0.93817], F_fuse=[0.01367, 0.01064, 0.00816, 0.00550]
[ INFO : 2026-08-12 15:10:07,216 ] - Epoch 289: train==[133.38933 = 0.42669 + 1.08259 + 21.52618 + 0.02244 + 0.00000 + 0.00069 + 1225.89705]
[ INFO : 2026-08-12 15:10:19,352 ] - Test_@[5, 10, 20, 50]: Recall=[0.03301, 0.04971, 0.07579, 0.12838],  precision=[0.00693, 0.00523, 0.00400, 0.00273], hit=[0.03456, 0.05199, 0.07945, 0.13469], ndcg=[0.02209, 0.02753, 0.03416, 0.04472], Train Rec Loss=[0.03366], Eval Rec Loss=[0.03365], c=[0.50000], F=[0.83852, 0.87873, 0.90920, 0.93943], F_fuse=[0.01375, 0.01040, 0.00797, 0.00544]
[ INFO : 2026-08-12 15:13:38,234 ] - Epoch 290: train==[133.48982 = 0.43039 + 1.08247 + 21.62300 + 0.02255 + 0.00000 + 0.00067 + 1225.89705]
[ INFO : 2026-08-12 15:13:50,196 ] - Test_@[5, 10, 20, 50]: Recall=[0.03316, 0.04988, 0.07626, 0.12893],  precision=[0.00697, 0.00526, 0.00403, 0.00273], hit=[0.03476, 0.05235, 0.07997, 0.13500], ndcg=[0.02237, 0.02780, 0.03450, 0.04507], Train Rec Loss=[0.03358], Eval Rec Loss=[0.03355], c=[0.50000], F=[0.83898, 0.87841, 0.90886, 0.93886], F_fuse=[0.01383, 0.01046, 0.00802, 0.00545]
[ INFO : 2026-08-12 15:17:11,138 ] - Epoch 291: train==[133.37075 = 0.42311 + 1.08229 + 21.51145 + 0.02248 + 0.00000 + 0.00069 + 1225.89705]
[ INFO : 2026-08-12 15:17:23,942 ] - Test_@[5, 10, 20, 50]: Recall=[0.03324, 0.05056, 0.07756, 0.13040],  precision=[0.00698, 0.00533, 0.00409, 0.00277], hit=[0.03487, 0.05297, 0.08115, 0.13669], ndcg=[0.02225, 0.02790, 0.03474, 0.04534], Train Rec Loss=[0.03369], Eval Rec Loss=[0.03362], c=[0.50000], F=[0.83815, 0.87782, 0.90862, 0.93871], F_fuse=[0.01385, 0.01059, 0.00814, 0.00552]
[ INFO : 2026-08-12 15:20:45,385 ] - Epoch 292: train==[133.42642 = 0.42486 + 1.08215 + 21.56534 + 0.02266 + 0.00000 + 0.00068 + 1225.89705]
[ INFO : 2026-08-12 15:20:57,676 ] - Test_@[5, 10, 20, 50]: Recall=[0.03318, 0.04968, 0.07689, 0.12759],  precision=[0.00697, 0.00525, 0.00406, 0.00271], hit=[0.03476, 0.05215, 0.08064, 0.13392], ndcg=[0.02231, 0.02769, 0.03462, 0.04480], Train Rec Loss=[0.03373], Eval Rec Loss=[0.03361], c=[0.50000], F=[0.83910, 0.87873, 0.90897, 0.93899], F_fuse=[0.01383, 0.01043, 0.00808, 0.00540]
[ INFO : 2026-08-12 15:24:15,348 ] - Epoch 293: train==[133.27141 = 0.42404 + 1.08202 + 21.41121 + 0.02272 + 0.00000 + 0.00068 + 1225.89705]
[ INFO : 2026-08-12 15:24:28,087 ] - Test_@[5, 10, 20, 50]: Recall=[0.03257, 0.04979, 0.07582, 0.12873],  precision=[0.00684, 0.00526, 0.00400, 0.00273], hit=[0.03410, 0.05230, 0.07940, 0.13489], ndcg=[0.02219, 0.02778, 0.03437, 0.04497], Train Rec Loss=[0.03360], Eval Rec Loss=[0.03354], c=[0.50000], F=[0.83851, 0.87843, 0.90883, 0.93888], F_fuse=[0.01357, 0.01046, 0.00797, 0.00544]
[ INFO : 2026-08-12 15:27:46,863 ] - Epoch 294: train==[133.44033 = 0.42321 + 1.08186 + 21.58118 + 0.02263 + 0.00000 + 0.00070 + 1225.89705]
[ INFO : 2026-08-12 15:27:59,394 ] - Test_@[5, 10, 20, 50]: Recall=[0.03403, 0.05015, 0.07705, 0.12800],  precision=[0.00714, 0.00529, 0.00406, 0.00272], hit=[0.03559, 0.05261, 0.08059, 0.13422], ndcg=[0.02300, 0.02822, 0.03505, 0.04528], Train Rec Loss=[0.03366], Eval Rec Loss=[0.03348], c=[0.50000], F=[0.83896, 0.87871, 0.90868, 0.93886], F_fuse=[0.01416, 0.01052, 0.00809, 0.00542]
[ INFO : 2026-08-12 15:31:18,218 ] - Epoch 295: train==[133.33753 = 0.42275 + 1.08172 + 21.47897 + 0.02265 + 0.00000 + 0.00069 + 1225.89705]
[ INFO : 2026-08-12 15:31:30,970 ] - Test_@[5, 10, 20, 50]: Recall=[0.03360, 0.05068, 0.07647, 0.12870],  precision=[0.00707, 0.00533, 0.00402, 0.00273], hit=[0.03523, 0.05307, 0.07987, 0.13474], ndcg=[0.02251, 0.02803, 0.03455, 0.04504], Train Rec Loss=[0.03368], Eval Rec Loss=[0.03367], c=[0.50000], F=[0.83856, 0.87894, 0.90973, 0.93978], F_fuse=[0.01401, 0.01060, 0.00801, 0.00544]
[ INFO : 2026-08-12 15:34:50,816 ] - Epoch 296: train==[133.32276 = 0.42253 + 1.08156 + 21.46458 + 0.02267 + 0.00000 + 0.00069 + 1225.89705]
[ INFO : 2026-08-12 15:35:02,965 ] - Test_@[5, 10, 20, 50]: Recall=[0.03334, 0.04984, 0.07504, 0.12820],  precision=[0.00699, 0.00526, 0.00396, 0.00272], hit=[0.03487, 0.05230, 0.07863, 0.13464], ndcg=[0.02225, 0.02763, 0.03404, 0.04469], Train Rec Loss=[0.03365], Eval Rec Loss=[0.03367], c=[0.50000], F=[0.83752, 0.87810, 0.90983, 0.94003], F_fuse=[0.01387, 0.01046, 0.00789, 0.00543]
[ INFO : 2026-08-12 15:38:21,172 ] - Epoch 297: train==[133.40511 = 0.41934 + 1.08143 + 21.55018 + 0.02272 + 0.00000 + 0.00069 + 1225.89705]
[ INFO : 2026-08-12 15:38:33,277 ] - Test_@[5, 10, 20, 50]: Recall=[0.03382, 0.05016, 0.07709, 0.12992],  precision=[0.00711, 0.00528, 0.00407, 0.00276], hit=[0.03543, 0.05256, 0.08084, 0.13618], ndcg=[0.02264, 0.02795, 0.03479, 0.04536], Train Rec Loss=[0.03359], Eval Rec Loss=[0.03374], c=[0.50000], F=[0.83758, 0.87758, 0.90817, 0.93808], F_fuse=[0.01409, 0.01050, 0.00811, 0.00550]
[ INFO : 2026-08-12 15:41:53,747 ] - Epoch 298: train==[133.41373 = 0.42021 + 1.08126 + 21.55802 + 0.02281 + 0.00000 + 0.00069 + 1225.89705]
[ INFO : 2026-08-12 15:42:05,738 ] - Test_@[5, 10, 20, 50]: Recall=[0.03318, 0.04941, 0.07485, 0.12565],  precision=[0.00698, 0.00520, 0.00395, 0.00267], hit=[0.03482, 0.05158, 0.07848, 0.13170], ndcg=[0.02219, 0.02745, 0.03392, 0.04412], Train Rec Loss=[0.03373], Eval Rec Loss=[0.03367], c=[0.50000], F=[0.83800, 0.87811, 0.90853, 0.93850], F_fuse=[0.01385, 0.01034, 0.00787, 0.00532]
[ INFO : 2026-08-12 15:45:23,958 ] - Epoch 299: train==[133.35589 = 0.41801 + 1.08114 + 21.50247 + 0.02285 + 0.00000 + 0.00068 + 1225.89705]
[ INFO : 2026-08-12 15:45:36,694 ] - Test_@[5, 10, 20, 50]: Recall=[0.03322, 0.05034, 0.07743, 0.12847],  precision=[0.00696, 0.00530, 0.00409, 0.00273], hit=[0.03471, 0.05261, 0.08110, 0.13474], ndcg=[0.02225, 0.02780, 0.03464, 0.04488], Train Rec Loss=[0.03374], Eval Rec Loss=[0.03361], c=[0.50000], F=[0.83785, 0.87800, 0.90857, 0.93865], F_fuse=[0.01381, 0.01053, 0.00814, 0.00544]
[ INFO : 2026-08-12 15:48:56,008 ] - Epoch 300: train==[133.36735 = 0.42109 + 1.08098 + 21.51096 + 0.02289 + 0.00000 + 0.00069 + 1225.89705]
[ INFO : 2026-08-12 15:49:07,981 ] - Test_@[5, 10, 20, 50]: Recall=[0.03265, 0.05016, 0.07665, 0.12697],  precision=[0.00688, 0.00529, 0.00405, 0.00270], hit=[0.03430, 0.05256, 0.08033, 0.13309], ndcg=[0.02206, 0.02775, 0.03446, 0.04456], Train Rec Loss=[0.03367], Eval Rec Loss=[0.03354], c=[0.50000], F=[0.83881, 0.87882, 0.90940, 0.93991], F_fuse=[0.01365, 0.01051, 0.00806, 0.00538]
n_users=19445, n_items=7050
n_interactions=139110
n_train=118551, n_test=20559, sparsity=0.00101
Finished Wed Aug 12 03:49:10 PM +07 2026
