Job 75231 on gpu01; lambda_cf=1.0; group_k=10; seed=8; started Mon Aug 17 08:30:25 PM UTC 2026
Mon Aug 17 20:30:25 2026       
+-----------------------------------------------------------------------------+
| NVIDIA-SMI 525.147.05   Driver Version: 525.147.05   CUDA Version: 12.0     |
|-------------------------------+----------------------+----------------------+
| GPU  Name        Persistence-M| Bus-Id        Disp.A | Volatile Uncorr. ECC |
| Fan  Temp  Perf  Pwr:Usage/Cap|         Memory-Usage | GPU-Util  Compute M. |
|                               |                      |               MIG M. |
|===============================+======================+======================|
|   0  NVIDIA A100-SXM...  On   | 00000000:BD:00.0 Off |                    0 |
| N/A   32C    P0    55W / 400W |      0MiB / 40960MiB |      0%      Default |
|                               |                      |             Disabled |
+-------------------------------+----------------------+----------------------+
                                                                               
+-----------------------------------------------------------------------------+
| Processes:                                                                  |
|  GPU   GI   CI        PID   Type   Process name                  GPU Memory |
|        ID   ID                                                   Usage      |
|=============================================================================|
|  No running processes found                                                 |
+-----------------------------------------------------------------------------+
[ INFO : 2026-08-17 20:31:02,062 ] - Preprocess missing values with zero
[ INFO : 2026-08-17 20:31:04,414 ] - Modality mask sampled with data_seed=8; model seeded with seed=8
[ INFO : 2026-08-17 20:31:05,243 ] - Pretrained diffusion model is loaded from: ./checkpoint/tiktok/best_model.pth
[ INFO : 2026-08-17 20:31:06,304 ] - Completed data loaded from: ./checkpoint/tiktok/completed_data.pkl
/media/lhbac29/raid-cf/main.py:106: DeprecationWarning: Please import `csr_matrix` from the `scipy.sparse` namespace; the `scipy.sparse.csr` namespace is deprecated and will be removed in SciPy 2.0.0.
  self.ui_graph = self.ui_graph_raw = pickle.load(open('./data/' + self.dataset + '/train_mat', 'rb'))
[ INFO : 2026-08-17 20:31:06,569 ] - Missing rate = 0.400000, complete strategy: zero
[ INFO : 2026-08-17 20:32:03,914 ] - Epoch 1: train==[40248.43115 = 2.04218 + 0.60967 + 25.32552 + 0.00071 + 0.00000 + 40167.61969 + 883.59994]
[ INFO : 2026-08-17 20:32:10,042 ] - Test_@[5, 10, 20, 50]: Recall=[0.00473, 0.00587, 0.00897, 0.01631],  precision=[0.00095, 0.00059, 0.00045, 0.00033], hit=[0.00473, 0.00587, 0.00897, 0.01631], ndcg=[0.00240, 0.00275, 0.00350, 0.00494], Train Rec Loss=[0.03413], Eval Rec Loss=[0.03410], c=[0.50000], F=[0.86466, 0.87995, 0.96533, 0.94329], F_fuse=[0.00189, 0.00117, 0.00090, 0.00065]
[ INFO : 2026-08-17 20:33:05,830 ] - Epoch 2: train==[17219.49551 = 1.72826 + 0.60727 + 24.60632 + 0.00050 + 0.00000 + 17139.63837 + 884.94450]
[ INFO : 2026-08-17 20:33:11,398 ] - Test_@[5, 10, 20, 50]: Recall=[0.00147, 0.00571, 0.00685, 0.01615],  precision=[0.00029, 0.00057, 0.00034, 0.00032], hit=[0.00147, 0.00571, 0.00685, 0.01615], ndcg=[0.00059, 0.00195, 0.00224, 0.00412], Train Rec Loss=[0.03409], Eval Rec Loss=[0.03400], c=[0.50000], F=[0.78795, 0.83185, 0.94917, 0.98979], F_fuse=[0.00059, 0.00114, 0.00068, 0.00065]
[ INFO : 2026-08-17 20:34:06,478 ] - Epoch 3: train==[7538.91634 = 1.70899 + 0.60724 + 23.71066 + 0.00063 + 0.00000 + 7459.97435 + 884.94450]
[ INFO : 2026-08-17 20:34:12,169 ] - Test_@[5, 10, 20, 50]: Recall=[0.00522, 0.00865, 0.01077, 0.01485],  precision=[0.00104, 0.00086, 0.00054, 0.00030], hit=[0.00522, 0.00865, 0.01077, 0.01485], ndcg=[0.00214, 0.00319, 0.00374, 0.00452], Train Rec Loss=[0.03405], Eval Rec Loss=[0.03396], c=[0.50000], F=[0.81265, 0.81680, 0.98539, 0.98861], F_fuse=[0.00209, 0.00173, 0.00108, 0.00059]
[ INFO : 2026-08-17 20:35:06,914 ] - Epoch 4: train==[3369.26455 = 1.69916 + 0.60724 + 22.82187 + 0.00079 + 0.00000 + 3291.22104 + 884.94450]
[ INFO : 2026-08-17 20:35:12,685 ] - Test_@[5, 10, 20, 50]: Recall=[0.00147, 0.00620, 0.01011, 0.01697],  precision=[0.00029, 0.00062, 0.00051, 0.00034], hit=[0.00147, 0.00620, 0.01011, 0.01697], ndcg=[0.00060, 0.00210, 0.00313, 0.00445], Train Rec Loss=[0.03404], Eval Rec Loss=[0.03394], c=[0.50000], F=[0.81269, 0.81337, 0.85721, 0.98191], F_fuse=[0.00059, 0.00124, 0.00101, 0.00068]
[ INFO : 2026-08-17 20:36:07,373 ] - Epoch 5: train==[1462.42857 = 1.69408 + 0.60724 + 21.74016 + 0.00107 + 0.00000 + 1385.47150 + 884.94450]
[ INFO : 2026-08-17 20:36:12,956 ] - Test_@[5, 10, 20, 50]: Recall=[0.00196, 0.00587, 0.01207, 0.02039],  precision=[0.00039, 0.00059, 0.00060, 0.00041], hit=[0.00196, 0.00587, 0.01207, 0.02039], ndcg=[0.00085, 0.00210, 0.00368, 0.00533], Train Rec Loss=[0.03401], Eval Rec Loss=[0.03396], c=[0.50000], F=[0.81307, 0.81578, 0.84833, 0.98162], F_fuse=[0.00078, 0.00117, 0.00121, 0.00082]
[ INFO : 2026-08-17 20:37:08,051 ] - Epoch 6: train==[582.69859 = 1.68129 + 0.60724 + 20.72882 + 0.00149 + 0.00000 + 506.76523 + 884.94450]
[ INFO : 2026-08-17 20:37:13,654 ] - Test_@[5, 10, 20, 50]: Recall=[0.00587, 0.01207, 0.02219, 0.03622],  precision=[0.00117, 0.00121, 0.00111, 0.00072], hit=[0.00587, 0.01207, 0.02219, 0.03622], ndcg=[0.00347, 0.00539, 0.00795, 0.01069], Train Rec Loss=[0.03400], Eval Rec Loss=[0.03393], c=[0.50000], F=[0.84349, 0.85455, 0.88905, 0.98042], F_fuse=[0.00235, 0.00241, 0.00222, 0.00145]
[ INFO : 2026-08-17 20:38:08,635 ] - Epoch 7: train==[236.66089 = 1.67620 + 0.60725 + 19.81628 + 0.00205 + 0.00000 + 161.64461 + 884.94450]
[ INFO : 2026-08-17 20:38:14,553 ] - Test_@[5, 10, 20, 50]: Recall=[0.01338, 0.02202, 0.03524, 0.05481],  precision=[0.00268, 0.00220, 0.00176, 0.00110], hit=[0.01338, 0.02202, 0.03524, 0.05481], ndcg=[0.00803, 0.01077, 0.01415, 0.01800], Train Rec Loss=[0.03392], Eval Rec Loss=[0.03386], c=[0.50000], F=[0.85639, 0.88424, 0.90918, 0.97811], F_fuse=[0.00533, 0.00439, 0.00352, 0.00219]
[ INFO : 2026-08-17 20:39:10,577 ] - Epoch 8: train==[127.47715 = 1.66459 + 0.60725 + 18.75689 + 0.00276 + 0.00000 + 53.53116 + 884.94450]
[ INFO : 2026-08-17 20:39:16,442 ] - Test_@[5, 10, 20, 50]: Recall=[0.02104, 0.03100, 0.04649, 0.07749],  precision=[0.00421, 0.00310, 0.00232, 0.00155], hit=[0.02104, 0.03100, 0.04649, 0.07749], ndcg=[0.01319, 0.01638, 0.02033, 0.02640], Train Rec Loss=[0.03397], Eval Rec Loss=[0.03393], c=[0.50000], F=[0.85684, 0.90492, 0.92760, 0.97392], F_fuse=[0.00838, 0.00618, 0.00464, 0.00309]
[ INFO : 2026-08-17 20:40:11,485 ] - Epoch 9: train==[96.94407 = 1.65346 + 0.60724 + 17.54318 + 0.00358 + 0.00000 + 24.22211 + 884.94450]
[ INFO : 2026-08-17 20:40:18,372 ] - Test_@[5, 10, 20, 50]: Recall=[0.02529, 0.03866, 0.05481, 0.09070],  precision=[0.00506, 0.00387, 0.00274, 0.00181], hit=[0.02529, 0.03866, 0.05481, 0.09070], ndcg=[0.01720, 0.02153, 0.02558, 0.03270], Train Rec Loss=[0.03395], Eval Rec Loss=[0.03385], c=[0.50000], F=[0.85067, 0.91465, 0.93470, 0.96774], F_fuse=[0.01005, 0.00770, 0.00547, 0.00362]
[ INFO : 2026-08-17 20:41:13,809 ] - Epoch 10: train==[87.33278 = 1.64005 + 0.60725 + 16.59198 + 0.00453 + 0.00000 + 15.57447 + 884.94450]
[ INFO : 2026-08-17 20:41:19,407 ] - Test_@[5, 10, 20, 50]: Recall=[0.02806, 0.03931, 0.05840, 0.09657],  precision=[0.00561, 0.00393, 0.00292, 0.00193], hit=[0.02806, 0.03931, 0.05840, 0.09657], ndcg=[0.01936, 0.02299, 0.02788, 0.03540], Train Rec Loss=[0.03393], Eval Rec Loss=[0.03391], c=[0.50000], F=[0.85451, 0.91344, 0.93326, 0.96392], F_fuse=[0.01115, 0.00783, 0.00582, 0.00386]
[ INFO : 2026-08-17 20:42:13,974 ] - Epoch 11: train==[82.84419 = 1.63114 + 0.60726 + 15.62676 + 0.00551 + 0.00000 + 12.05903 + 884.94450]
[ INFO : 2026-08-17 20:42:19,687 ] - Test_@[5, 10, 20, 50]: Recall=[0.02936, 0.04160, 0.06134, 0.10033],  precision=[0.00587, 0.00416, 0.00307, 0.00201], hit=[0.02936, 0.04160, 0.06134, 0.10033], ndcg=[0.02037, 0.02425, 0.02931, 0.03699], Train Rec Loss=[0.03393], Eval Rec Loss=[0.03386], c=[0.50000], F=[0.86141, 0.91204, 0.93083, 0.95963], F_fuse=[0.01167, 0.00828, 0.00611, 0.00400]
[ INFO : 2026-08-17 20:43:15,069 ] - Epoch 12: train==[80.16458 = 1.61924 + 0.60725 + 14.97678 + 0.00654 + 0.00000 + 10.04028 + 884.94450]
[ INFO : 2026-08-17 20:43:21,096 ] - Test_@[5, 10, 20, 50]: Recall=[0.03132, 0.04323, 0.06297, 0.10473],  precision=[0.00626, 0.00432, 0.00315, 0.00209], hit=[0.03132, 0.04323, 0.06297, 0.10473], ndcg=[0.02129, 0.02506, 0.03016, 0.03840], Train Rec Loss=[0.03388], Eval Rec Loss=[0.03387], c=[0.50000], F=[0.86547, 0.91104, 0.92962, 0.95549], F_fuse=[0.01244, 0.00861, 0.00628, 0.00418]
[ INFO : 2026-08-17 20:44:17,461 ] - Epoch 13: train==[78.08604 = 1.61087 + 0.60724 + 14.31381 + 0.00749 + 0.00000 + 8.63213 + 884.94450]
[ INFO : 2026-08-17 20:44:23,087 ] - Test_@[5, 10, 20, 50]: Recall=[0.03067, 0.04421, 0.06509, 0.10555],  precision=[0.00613, 0.00442, 0.00325, 0.00211], hit=[0.03067, 0.04421, 0.06509, 0.10555], ndcg=[0.02122, 0.02550, 0.03084, 0.03880], Train Rec Loss=[0.03387], Eval Rec Loss=[0.03377], c=[0.50000], F=[0.86498, 0.91035, 0.93247, 0.95517], F_fuse=[0.01218, 0.00880, 0.00649, 0.00421]
[ INFO : 2026-08-17 20:45:18,028 ] - Epoch 14: train==[76.66750 = 1.59907 + 0.60725 + 13.94849 + 0.00837 + 0.00000 + 7.58983 + 884.94450]
[ INFO : 2026-08-17 20:45:23,983 ] - Test_@[5, 10, 20, 50]: Recall=[0.03002, 0.04405, 0.06574, 0.10685],  precision=[0.00600, 0.00440, 0.00329, 0.00214], hit=[0.03002, 0.04405, 0.06574, 0.10685], ndcg=[0.02074, 0.02520, 0.03072, 0.03880], Train Rec Loss=[0.03387], Eval Rec Loss=[0.03381], c=[0.50000], F=[0.86965, 0.91070, 0.93671, 0.95764], F_fuse=[0.01192, 0.00877, 0.00655, 0.00426]
[ INFO : 2026-08-17 20:46:19,606 ] - Epoch 15: train==[75.32442 = 1.58847 + 0.60725 + 13.42459 + 0.00912 + 0.00000 + 6.78051 + 884.94450]
[ INFO : 2026-08-17 20:46:25,271 ] - Test_@[5, 10, 20, 50]: Recall=[0.03230, 0.04584, 0.06884, 0.11011],  precision=[0.00646, 0.00458, 0.00344, 0.00220], hit=[0.03230, 0.04584, 0.06884, 0.11011], ndcg=[0.02242, 0.02672, 0.03254, 0.04066], Train Rec Loss=[0.03384], Eval Rec Loss=[0.03378], c=[0.50000], F=[0.87354, 0.91237, 0.93700, 0.95915], F_fuse=[0.01283, 0.00912, 0.00686, 0.00439]
[ INFO : 2026-08-17 20:47:20,420 ] - Epoch 16: train==[74.12315 = 1.57773 + 0.60725 + 12.90313 + 0.00982 + 0.00000 + 6.11073 + 884.94450]
[ INFO : 2026-08-17 20:47:26,241 ] - Test_@[5, 10, 20, 50]: Recall=[0.03279, 0.04584, 0.06900, 0.11240],  precision=[0.00656, 0.00458, 0.00345, 0.00225], hit=[0.03279, 0.04584, 0.06900, 0.11240], ndcg=[0.02289, 0.02706, 0.03292, 0.04146], Train Rec Loss=[0.03381], Eval Rec Loss=[0.03378], c=[0.50000], F=[0.87727, 0.91390, 0.93713, 0.96068], F_fuse=[0.01302, 0.00912, 0.00688, 0.00449]
[ INFO : 2026-08-17 20:48:22,478 ] - Epoch 17: train==[73.23173 = 1.56266 + 0.60725 + 12.58380 + 0.01037 + 0.00000 + 5.55315 + 884.94450]
[ INFO : 2026-08-17 20:48:28,276 ] - Test_@[5, 10, 20, 50]: Recall=[0.03279, 0.04617, 0.06917, 0.11321],  precision=[0.00656, 0.00462, 0.00346, 0.00226], hit=[0.03279, 0.04617, 0.06917, 0.11321], ndcg=[0.02297, 0.02722, 0.03304, 0.04171], Train Rec Loss=[0.03379], Eval Rec Loss=[0.03373], c=[0.50000], F=[0.88058, 0.91530, 0.93654, 0.96317], F_fuse=[0.01302, 0.00919, 0.00689, 0.00452]
[ INFO : 2026-08-17 20:49:23,680 ] - Epoch 18: train==[72.29527 = 1.55555 + 0.60725 + 12.13208 + 0.01121 + 0.00000 + 5.07470 + 884.94450]
[ INFO : 2026-08-17 20:49:29,604 ] - Test_@[5, 10, 20, 50]: Recall=[0.03279, 0.04649, 0.06900, 0.11517],  precision=[0.00656, 0.00465, 0.00345, 0.00230], hit=[0.03279, 0.04649, 0.06900, 0.11517], ndcg=[0.02308, 0.02743, 0.03310, 0.04219], Train Rec Loss=[0.03379], Eval Rec Loss=[0.03372], c=[0.50000], F=[0.87946, 0.91715, 0.93583, 0.96555], F_fuse=[0.01302, 0.00925, 0.00688, 0.00460]
[ INFO : 2026-08-17 20:50:24,805 ] - Epoch 19: train==[71.75355 = 1.54313 + 0.60727 + 12.01649 + 0.01174 + 0.00000 + 4.66044 + 884.94450]
[ INFO : 2026-08-17 20:50:30,648 ] - Test_@[5, 10, 20, 50]: Recall=[0.03442, 0.04845, 0.07096, 0.11974],  precision=[0.00688, 0.00485, 0.00355, 0.00239], hit=[0.03442, 0.04845, 0.07096, 0.11974], ndcg=[0.02386, 0.02832, 0.03396, 0.04354], Train Rec Loss=[0.03375], Eval Rec Loss=[0.03372], c=[0.50000], F=[0.88336, 0.91989, 0.93621, 0.96507], F_fuse=[0.01366, 0.00964, 0.00707, 0.00478]
[ INFO : 2026-08-17 20:51:25,243 ] - Epoch 20: train==[70.98555 = 1.52895 + 0.60725 + 11.62865 + 0.01218 + 0.00000 + 4.29403 + 884.94450]
[ INFO : 2026-08-17 20:51:31,217 ] - Test_@[5, 10, 20, 50]: Recall=[0.03393, 0.04747, 0.07064, 0.11811],  precision=[0.00679, 0.00475, 0.00353, 0.00236], hit=[0.03393, 0.04747, 0.07064, 0.11811], ndcg=[0.02371, 0.02803, 0.03384, 0.04317], Train Rec Loss=[0.03376], Eval Rec Loss=[0.03370], c=[0.50000], F=[0.88544, 0.92023, 0.93615, 0.96427], F_fuse=[0.01347, 0.00945, 0.00704, 0.00471]
[ INFO : 2026-08-17 20:52:26,936 ] - Epoch 21: train==[70.45616 = 1.51959 + 0.60727 + 11.43677 + 0.01241 + 0.00000 + 3.96562 + 884.94450]
[ INFO : 2026-08-17 20:52:33,281 ] - Test_@[5, 10, 20, 50]: Recall=[0.03361, 0.04747, 0.07015, 0.11892],  precision=[0.00672, 0.00475, 0.00351, 0.00238], hit=[0.03361, 0.04747, 0.07015, 0.11892], ndcg=[0.02356, 0.02797, 0.03365, 0.04326], Train Rec Loss=[0.03376], Eval Rec Loss=[0.03368], c=[0.50000], F=[0.88825, 0.92135, 0.93659, 0.96319], F_fuse=[0.01334, 0.00945, 0.00699, 0.00475]
[ INFO : 2026-08-17 20:53:28,987 ] - Epoch 22: train==[69.82144 = 1.50917 + 0.60725 + 11.09517 + 0.01266 + 0.00000 + 3.68270 + 884.94450]
[ INFO : 2026-08-17 20:53:35,253 ] - Test_@[5, 10, 20, 50]: Recall=[0.03377, 0.04861, 0.07096, 0.12023],  precision=[0.00675, 0.00486, 0.00355, 0.00240], hit=[0.03377, 0.04861, 0.07096, 0.12023], ndcg=[0.02392, 0.02866, 0.03423, 0.04394], Train Rec Loss=[0.03372], Eval Rec Loss=[0.03365], c=[0.50000], F=[0.89208, 0.92297, 0.93735, 0.96279], F_fuse=[0.01341, 0.00967, 0.00707, 0.00480]
[ INFO : 2026-08-17 20:54:29,363 ] - Epoch 23: train==[69.41924 = 1.50467 + 0.60725 + 10.95174 + 0.01300 + 0.00000 + 3.42808 + 884.94450]
[ INFO : 2026-08-17 20:54:35,206 ] - Test_@[5, 10, 20, 50]: Recall=[0.03442, 0.04927, 0.07243, 0.12349],  precision=[0.00688, 0.00493, 0.00362, 0.00247], hit=[0.03442, 0.04927, 0.07243, 0.12349], ndcg=[0.02436, 0.02911, 0.03487, 0.04488], Train Rec Loss=[0.03372], Eval Rec Loss=[0.03363], c=[0.50000], F=[0.89311, 0.92519, 0.93679, 0.96303], F_fuse=[0.01366, 0.00980, 0.00722, 0.00493]
[ INFO : 2026-08-17 20:55:30,423 ] - Epoch 24: train==[68.90993 = 1.49323 + 0.60725 + 10.68105 + 0.01322 + 0.00000 + 3.20068 + 884.94450]
[ INFO : 2026-08-17 20:55:36,063 ] - Test_@[5, 10, 20, 50]: Recall=[0.03344, 0.04845, 0.07015, 0.12137],  precision=[0.00669, 0.00485, 0.00351, 0.00243], hit=[0.03344, 0.04845, 0.07015, 0.12137], ndcg=[0.02368, 0.02848, 0.03391, 0.04400], Train Rec Loss=[0.03369], Eval Rec Loss=[0.03367], c=[0.50000], F=[0.89218, 0.92448, 0.93719, 0.96322], F_fuse=[0.01328, 0.00964, 0.00699, 0.00484]
[ INFO : 2026-08-17 20:56:30,384 ] - Epoch 25: train==[68.40389 = 1.47743 + 0.60726 + 10.39270 + 0.01348 + 0.00000 + 2.99852 + 884.94450]
[ INFO : 2026-08-17 20:56:35,977 ] - Test_@[5, 10, 20, 50]: Recall=[0.03442, 0.04894, 0.07194, 0.12219],  precision=[0.00688, 0.00489, 0.00360, 0.00244], hit=[0.03442, 0.04894, 0.07194, 0.12219], ndcg=[0.02437, 0.02900, 0.03471, 0.04460], Train Rec Loss=[0.03367], Eval Rec Loss=[0.03361], c=[0.50000], F=[0.89563, 0.92579, 0.93774, 0.96467], F_fuse=[0.01366, 0.00974, 0.00717, 0.00488]
[ INFO : 2026-08-17 20:57:29,924 ] - Epoch 26: train==[68.15140 = 1.46561 + 0.60725 + 10.34402 + 0.01361 + 0.00000 + 2.80641 + 884.94450]
[ INFO : 2026-08-17 20:57:35,542 ] - Test_@[5, 10, 20, 50]: Recall=[0.03442, 0.04894, 0.07145, 0.12300],  precision=[0.00688, 0.00489, 0.00357, 0.00246], hit=[0.03442, 0.04894, 0.07145, 0.12300], ndcg=[0.02430, 0.02894, 0.03454, 0.04471], Train Rec Loss=[0.03369], Eval Rec Loss=[0.03360], c=[0.50000], F=[0.89808, 0.92587, 0.93813, 0.96789], F_fuse=[0.01366, 0.00974, 0.00712, 0.00491]
[ INFO : 2026-08-17 20:58:29,910 ] - Epoch 27: train==[67.74516 = 1.45719 + 0.60725 + 10.11805 + 0.01380 + 0.00000 + 2.63438 + 884.94450]
[ INFO : 2026-08-17 20:58:35,662 ] - Test_@[5, 10, 20, 50]: Recall=[0.03442, 0.04927, 0.07210, 0.12414],  precision=[0.00688, 0.00493, 0.00361, 0.00248], hit=[0.03442, 0.04927, 0.07210, 0.12414], ndcg=[0.02455, 0.02929, 0.03497, 0.04524], Train Rec Loss=[0.03369], Eval Rec Loss=[0.03357], c=[0.50000], F=[0.89794, 0.92745, 0.93899, 0.97007], F_fuse=[0.01366, 0.00980, 0.00718, 0.00495]
[ INFO : 2026-08-17 20:59:29,867 ] - Epoch 28: train==[67.57109 = 1.45044 + 0.60726 + 10.10484 + 0.01401 + 0.00000 + 2.48004 + 884.94450]
[ INFO : 2026-08-17 20:59:35,591 ] - Test_@[5, 10, 20, 50]: Recall=[0.03426, 0.04878, 0.07178, 0.12480],  precision=[0.00685, 0.00488, 0.00359, 0.00250], hit=[0.03426, 0.04878, 0.07178, 0.12480], ndcg=[0.02399, 0.02863, 0.03433, 0.04475], Train Rec Loss=[0.03365], Eval Rec Loss=[0.03358], c=[0.50000], F=[0.89853, 0.92684, 0.93928, 0.97158], F_fuse=[0.01360, 0.00970, 0.00715, 0.00498]
[ INFO : 2026-08-17 21:00:31,436 ] - Epoch 29: train==[67.21684 = 1.43893 + 0.60725 + 9.90605 + 0.01394 + 0.00000 + 2.33617 + 884.94450]
[ INFO : 2026-08-17 21:00:37,126 ] - Test_@[5, 10, 20, 50]: Recall=[0.03426, 0.04861, 0.07276, 0.12447],  precision=[0.00685, 0.00486, 0.00364, 0.00249], hit=[0.03426, 0.04861, 0.07276, 0.12447], ndcg=[0.02396, 0.02857, 0.03454, 0.04470], Train Rec Loss=[0.03367], Eval Rec Loss=[0.03358], c=[0.50000], F=[0.89861, 0.92793, 0.93980, 0.97172], F_fuse=[0.01360, 0.00967, 0.00725, 0.00497]
[ INFO : 2026-08-17 21:01:32,694 ] - Epoch 30: train==[66.86237 = 1.42853 + 0.60726 + 9.68747 + 0.01396 + 0.00000 + 2.21065 + 884.94450]
[ INFO : 2026-08-17 21:01:38,373 ] - Test_@[5, 10, 20, 50]: Recall=[0.03491, 0.05024, 0.07243, 0.12692],  precision=[0.00698, 0.00502, 0.00362, 0.00254], hit=[0.03491, 0.05024, 0.07243, 0.12692], ndcg=[0.02494, 0.02985, 0.03538, 0.04611], Train Rec Loss=[0.03362], Eval Rec Loss=[0.03353], c=[0.50000], F=[0.90130, 0.92897, 0.94017, 0.97115], F_fuse=[0.01386, 0.00999, 0.00722, 0.00506]
[ INFO : 2026-08-17 21:02:33,798 ] - Epoch 31: train==[66.71975 = 1.42178 + 0.60726 + 9.67303 + 0.01388 + 0.00000 + 2.08931 + 884.94450]
[ INFO : 2026-08-17 21:02:39,521 ] - Test_@[5, 10, 20, 50]: Recall=[0.03524, 0.05106, 0.07243, 0.12610],  precision=[0.00705, 0.00511, 0.00362, 0.00252], hit=[0.03524, 0.05106, 0.07243, 0.12610], ndcg=[0.02512, 0.03014, 0.03545, 0.04604], Train Rec Loss=[0.03365], Eval Rec Loss=[0.03358], c=[0.50000], F=[0.90116, 0.92985, 0.94118, 0.97110], F_fuse=[0.01399, 0.01016, 0.00722, 0.00503]
[ INFO : 2026-08-17 21:03:33,601 ] - Epoch 32: train==[66.38851 = 1.40786 + 0.60726 + 9.46358 + 0.01395 + 0.00000 + 1.98137 + 884.94450]
[ INFO : 2026-08-17 21:03:39,219 ] - Test_@[5, 10, 20, 50]: Recall=[0.03491, 0.04927, 0.07341, 0.12545],  precision=[0.00698, 0.00493, 0.00367, 0.00251], hit=[0.03491, 0.04927, 0.07341, 0.12545], ndcg=[0.02447, 0.02903, 0.03500, 0.04522], Train Rec Loss=[0.03358], Eval Rec Loss=[0.03354], c=[0.50000], F=[0.90176, 0.92899, 0.94187, 0.97160], F_fuse=[0.01386, 0.00980, 0.00731, 0.00501]
[ INFO : 2026-08-17 21:04:34,190 ] - Epoch 33: train==[66.00674 = 1.39931 + 0.60727 + 9.18989 + 0.01395 + 0.00000 + 1.88182 + 884.94450]
[ INFO : 2026-08-17 21:04:40,054 ] - Test_@[5, 10, 20, 50]: Recall=[0.03524, 0.04992, 0.07308, 0.12675],  precision=[0.00705, 0.00499, 0.00365, 0.00254], hit=[0.03524, 0.04992, 0.07308, 0.12675], ndcg=[0.02515, 0.02984, 0.03559, 0.04615], Train Rec Loss=[0.03359], Eval Rec Loss=[0.03348], c=[0.50000], F=[0.90212, 0.92952, 0.94207, 0.97132], F_fuse=[0.01399, 0.00993, 0.00728, 0.00506]
[ INFO : 2026-08-17 21:05:34,798 ] - Epoch 34: train==[65.94925 = 1.38663 + 0.60726 + 9.23972 + 0.01387 + 0.00000 + 1.78728 + 884.94450]
[ INFO : 2026-08-17 21:05:40,525 ] - Test_@[5, 10, 20, 50]: Recall=[0.03475, 0.04894, 0.07210, 0.12545],  precision=[0.00695, 0.00489, 0.00361, 0.00251], hit=[0.03475, 0.04894, 0.07210, 0.12545], ndcg=[0.02446, 0.02899, 0.03476, 0.04528], Train Rec Loss=[0.03358], Eval Rec Loss=[0.03353], c=[0.50000], F=[0.90216, 0.92860, 0.94325, 0.97164], F_fuse=[0.01379, 0.00974, 0.00718, 0.00501]
[ INFO : 2026-08-17 21:06:34,776 ] - Epoch 35: train==[65.70737 = 1.37910 + 0.60726 + 9.09378 + 0.01382 + 0.00000 + 1.69893 + 884.94450]
[ INFO : 2026-08-17 21:06:41,063 ] - Test_@[5, 10, 20, 50]: Recall=[0.03524, 0.05057, 0.07406, 0.12806],  precision=[0.00705, 0.00506, 0.00370, 0.00256], hit=[0.03524, 0.05057, 0.07406, 0.12806], ndcg=[0.02498, 0.02988, 0.03569, 0.04628], Train Rec Loss=[0.03356], Eval Rec Loss=[0.03351], c=[0.50000], F=[0.90287, 0.93035, 0.94342, 0.97121], F_fuse=[0.01399, 0.01006, 0.00738, 0.00511]
[ INFO : 2026-08-17 21:07:36,631 ] - Epoch 36: train==[65.37116 = 1.37521 + 0.60726 + 8.84105 + 0.01383 + 0.00000 + 1.61932 + 884.94450]
[ INFO : 2026-08-17 21:07:42,225 ] - Test_@[5, 10, 20, 50]: Recall=[0.03589, 0.05106, 0.07341, 0.12773],  precision=[0.00718, 0.00511, 0.00367, 0.00255], hit=[0.03589, 0.05106, 0.07341, 0.12773], ndcg=[0.02549, 0.03033, 0.03587, 0.04656], Train Rec Loss=[0.03354], Eval Rec Loss=[0.03346], c=[0.50000], F=[0.90334, 0.93054, 0.94335, 0.97108], F_fuse=[0.01424, 0.01016, 0.00731, 0.00510]
[ INFO : 2026-08-17 21:08:36,195 ] - Epoch 37: train==[65.34728 = 1.35966 + 0.60727 + 8.90683 + 0.01385 + 0.00000 + 1.54518 + 884.94450]
[ INFO : 2026-08-17 21:08:41,847 ] - Test_@[5, 10, 20, 50]: Recall=[0.03556, 0.05024, 0.07357, 0.12708],  precision=[0.00711, 0.00502, 0.00368, 0.00254], hit=[0.03556, 0.05024, 0.07357, 0.12708], ndcg=[0.02517, 0.02986, 0.03565, 0.04618], Train Rec Loss=[0.03354], Eval Rec Loss=[0.03346], c=[0.50000], F=[0.90189, 0.93040, 0.94401, 0.97162], F_fuse=[0.01411, 0.00999, 0.00733, 0.00507]
[ INFO : 2026-08-17 21:09:36,568 ] - Epoch 38: train==[65.12211 = 1.34917 + 0.60726 + 8.76069 + 0.01370 + 0.00000 + 1.47679 + 884.94450]
[ INFO : 2026-08-17 21:09:43,458 ] - Test_@[5, 10, 20, 50]: Recall=[0.03524, 0.05024, 0.07357, 0.12692],  precision=[0.00705, 0.00502, 0.00368, 0.00254], hit=[0.03524, 0.05024, 0.07357, 0.12692], ndcg=[0.02489, 0.02968, 0.03547, 0.04596], Train Rec Loss=[0.03349], Eval Rec Loss=[0.03346], c=[0.50000], F=[0.90231, 0.93040, 0.94414, 0.97158], F_fuse=[0.01399, 0.00999, 0.00733, 0.00506]
[ INFO : 2026-08-17 21:10:38,174 ] - Epoch 39: train==[64.96096 = 1.34075 + 0.60726 + 8.67203 + 0.01358 + 0.00000 + 1.41285 + 884.94450]
[ INFO : 2026-08-17 21:10:44,487 ] - Test_@[5, 10, 20, 50]: Recall=[0.03638, 0.05139, 0.07374, 0.13018],  precision=[0.00728, 0.00514, 0.00369, 0.00260], hit=[0.03638, 0.05139, 0.07374, 0.13018], ndcg=[0.02559, 0.03039, 0.03595, 0.04703], Train Rec Loss=[0.03353], Eval Rec Loss=[0.03344], c=[0.50000], F=[0.90241, 0.93125, 0.94382, 0.97073], F_fuse=[0.01444, 0.01022, 0.00734, 0.00519]
[ INFO : 2026-08-17 21:11:38,857 ] - Epoch 40: train==[64.76012 = 1.33387 + 0.60727 + 8.54040 + 0.01349 + 0.00000 + 1.35060 + 884.94450]
[ INFO : 2026-08-17 21:11:44,708 ] - Test_@[5, 10, 20, 50]: Recall=[0.03507, 0.04976, 0.07308, 0.12512],  precision=[0.00701, 0.00498, 0.00365, 0.00250], hit=[0.03507, 0.04976, 0.07308, 0.12512], ndcg=[0.02451, 0.02917, 0.03497, 0.04523], Train Rec Loss=[0.03349], Eval Rec Loss=[0.03351], c=[0.50000], F=[0.90051, 0.92998, 0.94437, 0.97143], F_fuse=[0.01392, 0.00990, 0.00728, 0.00499]
[ INFO : 2026-08-17 21:12:39,129 ] - Epoch 41: train==[64.56733 = 1.32176 + 0.60726 + 8.41530 + 0.01336 + 0.00000 + 1.29515 + 884.94450]
[ INFO : 2026-08-17 21:12:45,430 ] - Test_@[5, 10, 20, 50]: Recall=[0.03605, 0.05041, 0.07390, 0.12936],  precision=[0.00721, 0.00504, 0.00369, 0.00259], hit=[0.03605, 0.05041, 0.07390, 0.12936], ndcg=[0.02548, 0.03007, 0.03593, 0.04682], Train Rec Loss=[0.03348], Eval Rec Loss=[0.03341], c=[0.50000], F=[0.90350, 0.93159, 0.94475, 0.97030], F_fuse=[0.01431, 0.01003, 0.00736, 0.00516]
[ INFO : 2026-08-17 21:13:39,828 ] - Epoch 42: train==[64.37536 = 1.31385 + 0.60726 + 8.28404 + 0.01340 + 0.00000 + 1.24231 + 884.94450]
[ INFO : 2026-08-17 21:13:45,568 ] - Test_@[5, 10, 20, 50]: Recall=[0.03556, 0.05008, 0.07357, 0.12692],  precision=[0.00711, 0.00501, 0.00368, 0.00254], hit=[0.03556, 0.05008, 0.07357, 0.12692], ndcg=[0.02493, 0.02957, 0.03542, 0.04591], Train Rec Loss=[0.03346], Eval Rec Loss=[0.03342], c=[0.50000], F=[0.90169, 0.93115, 0.94396, 0.97037], F_fuse=[0.01411, 0.00996, 0.00733, 0.00506]
[ INFO : 2026-08-17 21:14:40,343 ] - Epoch 43: train==[64.32472 = 1.30617 + 0.60726 + 8.28574 + 0.01324 + 0.00000 + 1.19781 + 884.94450]
[ INFO : 2026-08-17 21:14:45,977 ] - Test_@[5, 10, 20, 50]: Recall=[0.03458, 0.04976, 0.07259, 0.12594],  precision=[0.00692, 0.00498, 0.00363, 0.00252], hit=[0.03458, 0.04976, 0.07259, 0.12594], ndcg=[0.02444, 0.02927, 0.03496, 0.04547], Train Rec Loss=[0.03347], Eval Rec Loss=[0.03340], c=[0.50000], F=[0.89916, 0.93135, 0.94386, 0.97036], F_fuse=[0.01373, 0.00990, 0.00723, 0.00502]
[ INFO : 2026-08-17 21:15:40,414 ] - Epoch 44: train==[64.15468 = 1.29676 + 0.60727 + 8.17620 + 0.01316 + 0.00000 + 1.14680 + 884.94450]
[ INFO : 2026-08-17 21:15:46,420 ] - Test_@[5, 10, 20, 50]: Recall=[0.03589, 0.04992, 0.07308, 0.12675],  precision=[0.00718, 0.00499, 0.00365, 0.00254], hit=[0.03589, 0.04992, 0.07308, 0.12675], ndcg=[0.02505, 0.02952, 0.03530, 0.04588], Train Rec Loss=[0.03348], Eval Rec Loss=[0.03339], c=[0.50000], F=[0.90174, 0.93140, 0.94434, 0.96904], F_fuse=[0.01424, 0.00993, 0.00728, 0.00506]
[ INFO : 2026-08-17 21:16:40,714 ] - Epoch 45: train==[64.00017 = 1.28703 + 0.60726 + 8.06883 + 0.01323 + 0.00000 + 1.10933 + 884.94450]
[ INFO : 2026-08-17 21:16:46,386 ] - Test_@[5, 10, 20, 50]: Recall=[0.03670, 0.05073, 0.07406, 0.12936],  precision=[0.00734, 0.00507, 0.00370, 0.00259], hit=[0.03670, 0.05073, 0.07406, 0.12936], ndcg=[0.02563, 0.03011, 0.03593, 0.04679], Train Rec Loss=[0.03344], Eval Rec Loss=[0.03339], c=[0.50000], F=[0.90290, 0.93114, 0.94416, 0.96771], F_fuse=[0.01456, 0.01009, 0.00738, 0.00516]
[ INFO : 2026-08-17 21:17:40,856 ] - Epoch 46: train==[63.75971 = 1.27960 + 0.60726 + 7.87245 + 0.01320 + 0.00000 + 1.07271 + 884.94450]
[ INFO : 2026-08-17 21:17:46,504 ] - Test_@[5, 10, 20, 50]: Recall=[0.03556, 0.05057, 0.07292, 0.12692],  precision=[0.00711, 0.00506, 0.00365, 0.00254], hit=[0.03556, 0.05057, 0.07292, 0.12692], ndcg=[0.02496, 0.02975, 0.03532, 0.04596], Train Rec Loss=[0.03344], Eval Rec Loss=[0.03338], c=[0.50000], F=[0.89888, 0.93180, 0.94547, 0.96773], F_fuse=[0.01411, 0.01006, 0.00726, 0.00506]
[ INFO : 2026-08-17 21:18:42,001 ] - Epoch 47: train==[63.73554 = 1.27093 + 0.60726 + 7.90113 + 0.01318 + 0.00000 + 1.02854 + 884.94450]
[ INFO : 2026-08-17 21:18:47,627 ] - Test_@[5, 10, 20, 50]: Recall=[0.03703, 0.05188, 0.07406, 0.13165],  precision=[0.00741, 0.00519, 0.00370, 0.00263], hit=[0.03703, 0.05188, 0.07406, 0.13165], ndcg=[0.02602, 0.03079, 0.03635, 0.04768], Train Rec Loss=[0.03342], Eval Rec Loss=[0.03338], c=[0.50000], F=[0.90300, 0.93381, 0.94251, 0.96674], F_fuse=[0.01469, 0.01032, 0.00738, 0.00525]
[ INFO : 2026-08-17 21:19:42,526 ] - Epoch 48: train==[63.60815 = 1.26562 + 0.60726 + 7.81232 + 0.01318 + 0.00000 + 0.99528 + 884.94450]
[ INFO : 2026-08-17 21:19:48,413 ] - Test_@[5, 10, 20, 50]: Recall=[0.03622, 0.05024, 0.07423, 0.12855],  precision=[0.00724, 0.00502, 0.00371, 0.00257], hit=[0.03622, 0.05024, 0.07423, 0.12855], ndcg=[0.02533, 0.02982, 0.03581, 0.04647], Train Rec Loss=[0.03342], Eval Rec Loss=[0.03334], c=[0.50000], F=[0.89981, 0.93243, 0.94614, 0.96715], F_fuse=[0.01437, 0.01000, 0.00739, 0.00513]
[ INFO : 2026-08-17 21:20:43,734 ] - Epoch 49: train==[63.49400 = 1.25495 + 0.60726 + 7.74190 + 0.01308 + 0.00000 + 0.96233 + 884.94450]
[ INFO : 2026-08-17 21:20:49,571 ] - Test_@[5, 10, 20, 50]: Recall=[0.03622, 0.05008, 0.07406, 0.12953],  precision=[0.00724, 0.00501, 0.00370, 0.00259], hit=[0.03622, 0.05008, 0.07406, 0.12953], ndcg=[0.02525, 0.02969, 0.03569, 0.04658], Train Rec Loss=[0.03341], Eval Rec Loss=[0.03332], c=[0.50000], F=[0.89902, 0.93278, 0.94602, 0.96709], F_fuse=[0.01437, 0.00996, 0.00738, 0.00517]
[ INFO : 2026-08-17 21:21:44,743 ] - Epoch 50: train==[63.37685 = 1.24627 + 0.60727 + 7.66640 + 0.01309 + 0.00000 + 0.92933 + 884.94450]
[ INFO : 2026-08-17 21:21:51,007 ] - Test_@[5, 10, 20, 50]: Recall=[0.03556, 0.05008, 0.07325, 0.12741],  precision=[0.00711, 0.00501, 0.00366, 0.00255], hit=[0.03556, 0.05008, 0.07325, 0.12741], ndcg=[0.02475, 0.02939, 0.03518, 0.04582], Train Rec Loss=[0.03339], Eval Rec Loss=[0.03330], c=[0.50000], F=[0.89824, 0.93303, 0.94642, 0.96735], F_fuse=[0.01411, 0.00996, 0.00730, 0.00508]
[ INFO : 2026-08-17 21:22:46,670 ] - Epoch 51: train==[63.19619 = 1.23891 + 0.60727 + 7.52248 + 0.01302 + 0.00000 + 0.90003 + 884.94450]
[ INFO : 2026-08-17 21:22:52,400 ] - Test_@[5, 10, 20, 50]: Recall=[0.03605, 0.05041, 0.07325, 0.12790],  precision=[0.00721, 0.00504, 0.00366, 0.00256], hit=[0.03605, 0.05041, 0.07325, 0.12790], ndcg=[0.02499, 0.02957, 0.03530, 0.04607], Train Rec Loss=[0.03336], Eval Rec Loss=[0.03333], c=[0.50000], F=[0.90045, 0.93308, 0.94597, 0.96749], F_fuse=[0.01431, 0.01003, 0.00730, 0.00510]
[ INFO : 2026-08-17 21:23:47,274 ] - Epoch 52: train==[63.09573 = 1.23260 + 0.60727 + 7.45375 + 0.01290 + 0.00000 + 0.87472 + 884.94450]
[ INFO : 2026-08-17 21:23:52,992 ] - Test_@[5, 10, 20, 50]: Recall=[0.03573, 0.05024, 0.07390, 0.12773],  precision=[0.00715, 0.00502, 0.00369, 0.00255], hit=[0.03573, 0.05024, 0.07390, 0.12773], ndcg=[0.02475, 0.02940, 0.03532, 0.04591], Train Rec Loss=[0.03340], Eval Rec Loss=[0.03334], c=[0.50000], F=[0.90006, 0.93265, 0.94586, 0.96793], F_fuse=[0.01418, 0.01000, 0.00736, 0.00510]
[ INFO : 2026-08-17 21:24:47,224 ] - Epoch 53: train==[63.00217 = 1.22380 + 0.60727 + 7.40151 + 0.01283 + 0.00000 + 0.84228 + 884.94450]
[ INFO : 2026-08-17 21:24:52,848 ] - Test_@[5, 10, 20, 50]: Recall=[0.03670, 0.05139, 0.07504, 0.12953],  precision=[0.00734, 0.00514, 0.00375, 0.00259], hit=[0.03670, 0.05139, 0.07504, 0.12953], ndcg=[0.02543, 0.03011, 0.03600, 0.04670], Train Rec Loss=[0.03337], Eval Rec Loss=[0.03329], c=[0.50000], F=[0.90465, 0.93153, 0.94480, 0.96743], F_fuse=[0.01456, 0.01022, 0.00747, 0.00517]
[ INFO : 2026-08-17 21:25:47,844 ] - Epoch 54: train==[62.94259 = 1.21410 + 0.60726 + 7.37813 + 0.01285 + 0.00000 + 0.81576 + 884.94450]
[ INFO : 2026-08-17 21:25:53,496 ] - Test_@[5, 10, 20, 50]: Recall=[0.03670, 0.05073, 0.07520, 0.12936],  precision=[0.00734, 0.00507, 0.00376, 0.00259], hit=[0.03670, 0.05073, 0.07520, 0.12936], ndcg=[0.02544, 0.02994, 0.03605, 0.04670], Train Rec Loss=[0.03335], Eval Rec Loss=[0.03328], c=[0.50000], F=[0.90072, 0.93329, 0.94524, 0.96857], F_fuse=[0.01456, 0.01009, 0.00749, 0.00516]
[ INFO : 2026-08-17 21:26:49,622 ] - Epoch 55: train==[62.86746 = 1.20716 + 0.60726 + 7.34076 + 0.01261 + 0.00000 + 0.78517 + 884.94450]
[ INFO : 2026-08-17 21:26:55,254 ] - Test_@[5, 10, 20, 50]: Recall=[0.03687, 0.05090, 0.07520, 0.12790],  precision=[0.00737, 0.00509, 0.00376, 0.00256], hit=[0.03687, 0.05090, 0.07520, 0.12790], ndcg=[0.02549, 0.02998, 0.03604, 0.04641], Train Rec Loss=[0.03337], Eval Rec Loss=[0.03327], c=[0.50000], F=[0.90283, 0.93311, 0.94487, 0.96859], F_fuse=[0.01463, 0.01012, 0.00749, 0.00510]
[ INFO : 2026-08-17 21:27:49,590 ] - Epoch 56: train==[62.70170 = 1.19786 + 0.60728 + 7.20208 + 0.01258 + 0.00000 + 0.76743 + 884.94450]
[ INFO : 2026-08-17 21:27:55,271 ] - Test_@[5, 10, 20, 50]: Recall=[0.03670, 0.05090, 0.07455, 0.12838],  precision=[0.00734, 0.00509, 0.00373, 0.00257], hit=[0.03670, 0.05090, 0.07455, 0.12838], ndcg=[0.02540, 0.02994, 0.03584, 0.04643], Train Rec Loss=[0.03333], Eval Rec Loss=[0.03327], c=[0.50000], F=[0.90100, 0.93277, 0.94543, 0.96925], F_fuse=[0.01456, 0.01012, 0.00743, 0.00512]
[ INFO : 2026-08-17 21:28:50,015 ] - Epoch 57: train==[62.52238 = 1.19300 + 0.60726 + 7.04740 + 0.01245 + 0.00000 + 0.74777 + 884.94450]
[ INFO : 2026-08-17 21:28:55,664 ] - Test_@[5, 10, 20, 50]: Recall=[0.03736, 0.05139, 0.07569, 0.12969],  precision=[0.00747, 0.00514, 0.00378, 0.00259], hit=[0.03736, 0.05139, 0.07569, 0.12969], ndcg=[0.02594, 0.03042, 0.03649, 0.04712], Train Rec Loss=[0.03333], Eval Rec Loss=[0.03326], c=[0.50000], F=[0.90402, 0.93343, 0.94523, 0.96875], F_fuse=[0.01482, 0.01022, 0.00754, 0.00517]
[ INFO : 2026-08-17 21:29:50,970 ] - Epoch 58: train==[62.57579 = 1.18716 + 0.60727 + 7.12853 + 0.01244 + 0.00000 + 0.72591 + 884.94450]
[ INFO : 2026-08-17 21:29:56,720 ] - Test_@[5, 10, 20, 50]: Recall=[0.03719, 0.05139, 0.07586, 0.12985],  precision=[0.00744, 0.00514, 0.00379, 0.00260], hit=[0.03719, 0.05139, 0.07586, 0.12985], ndcg=[0.02568, 0.03021, 0.03631, 0.04693], Train Rec Loss=[0.03333], Eval Rec Loss=[0.03327], c=[0.50000], F=[0.90553, 0.93282, 0.94456, 0.96909], F_fuse=[0.01476, 0.01022, 0.00756, 0.00518]
[ INFO : 2026-08-17 21:30:51,887 ] - Epoch 59: train==[62.37981 = 1.17754 + 0.60726 + 6.96457 + 0.01232 + 0.00000 + 0.70363 + 884.94450]
[ INFO : 2026-08-17 21:30:57,526 ] - Test_@[5, 10, 20, 50]: Recall=[0.03703, 0.05073, 0.07618, 0.12806],  precision=[0.00741, 0.00507, 0.00381, 0.00256], hit=[0.03703, 0.05073, 0.07618, 0.12806], ndcg=[0.02541, 0.02980, 0.03613, 0.04632], Train Rec Loss=[0.03328], Eval Rec Loss=[0.03323], c=[0.50000], F=[0.90275, 0.93214, 0.94610, 0.96873], F_fuse=[0.01469, 0.01009, 0.00759, 0.00511]
[ INFO : 2026-08-17 21:31:54,217 ] - Epoch 60: train==[62.41975 = 1.17060 + 0.60726 + 7.03343 + 0.01234 + 0.00000 + 0.68162 + 884.94450]
[ INFO : 2026-08-17 21:32:00,300 ] - Test_@[5, 10, 20, 50]: Recall=[0.03719, 0.05106, 0.07602, 0.12838],  precision=[0.00744, 0.00511, 0.00380, 0.00257], hit=[0.03719, 0.05106, 0.07602, 0.12838], ndcg=[0.02537, 0.02979, 0.03600, 0.04630], Train Rec Loss=[0.03330], Eval Rec Loss=[0.03322], c=[0.50000], F=[0.90102, 0.93250, 0.94570, 0.96959], F_fuse=[0.01476, 0.01016, 0.00757, 0.00512]
[ INFO : 2026-08-17 21:32:55,824 ] - Epoch 61: train==[62.29153 = 1.16699 + 0.60728 + 6.93185 + 0.01221 + 0.00000 + 0.65871 + 884.94450]
[ INFO : 2026-08-17 21:33:01,637 ] - Test_@[5, 10, 20, 50]: Recall=[0.03817, 0.05237, 0.07635, 0.13148],  precision=[0.00763, 0.00524, 0.00382, 0.00263], hit=[0.03817, 0.05237, 0.07635, 0.13148], ndcg=[0.02624, 0.03076, 0.03672, 0.04754], Train Rec Loss=[0.03328], Eval Rec Loss=[0.03323], c=[0.50000], F=[0.90232, 0.93143, 0.94656, 0.96918], F_fuse=[0.01514, 0.01041, 0.00760, 0.00525]
[ INFO : 2026-08-17 21:33:57,108 ] - Epoch 62: train==[62.08607 = 1.15743 + 0.60727 + 6.74667 + 0.01213 + 0.00000 + 0.64809 + 884.94450]
[ INFO : 2026-08-17 21:34:02,859 ] - Test_@[5, 10, 20, 50]: Recall=[0.03670, 0.05090, 0.07520, 0.12741],  precision=[0.00734, 0.00509, 0.00376, 0.00255], hit=[0.03670, 0.05090, 0.07520, 0.12741], ndcg=[0.02494, 0.02946, 0.03553, 0.04578], Train Rec Loss=[0.03328], Eval Rec Loss=[0.03322], c=[0.50000], F=[0.89920, 0.93185, 0.94774, 0.96984], F_fuse=[0.01456, 0.01012, 0.00749, 0.00508]
[ INFO : 2026-08-17 21:34:57,821 ] - Epoch 63: train==[62.10994 = 1.15276 + 0.60727 + 6.79667 + 0.01214 + 0.00000 + 0.62660 + 884.94450]
[ INFO : 2026-08-17 21:35:04,131 ] - Test_@[5, 10, 20, 50]: Recall=[0.03736, 0.05188, 0.07618, 0.12969],  precision=[0.00747, 0.00519, 0.00381, 0.00259], hit=[0.03736, 0.05188, 0.07618, 0.12969], ndcg=[0.02569, 0.03033, 0.03639, 0.04692], Train Rec Loss=[0.03326], Eval Rec Loss=[0.03324], c=[0.50000], F=[0.90196, 0.93121, 0.94714, 0.97008], F_fuse=[0.01482, 0.01032, 0.00759, 0.00517]
[ INFO : 2026-08-17 21:35:59,611 ] - Epoch 64: train==[62.00221 = 1.14087 + 0.60727 + 6.71790 + 0.01214 + 0.00000 + 0.60955 + 884.94450]
[ INFO : 2026-08-17 21:36:05,620 ] - Test_@[5, 10, 20, 50]: Recall=[0.03736, 0.05188, 0.07586, 0.12953],  precision=[0.00747, 0.00519, 0.00379, 0.00259], hit=[0.03736, 0.05188, 0.07586, 0.12953], ndcg=[0.02562, 0.03025, 0.03623, 0.04681], Train Rec Loss=[0.03327], Eval Rec Loss=[0.03318], c=[0.50000], F=[0.90165, 0.93215, 0.94681, 0.97138], F_fuse=[0.01482, 0.01032, 0.00756, 0.00517]
[ INFO : 2026-08-17 21:37:00,271 ] - Epoch 65: train==[62.03426 = 1.13812 + 0.60727 + 6.76885 + 0.01207 + 0.00000 + 0.59347 + 884.94450]
[ INFO : 2026-08-17 21:37:06,160 ] - Test_@[5, 10, 20, 50]: Recall=[0.03736, 0.05220, 0.07602, 0.13116],  precision=[0.00747, 0.00522, 0.00380, 0.00262], hit=[0.03736, 0.05220, 0.07602, 0.13116], ndcg=[0.02568, 0.03043, 0.03637, 0.04721], Train Rec Loss=[0.03324], Eval Rec Loss=[0.03320], c=[0.50000], F=[0.90197, 0.93131, 0.94681, 0.97133], F_fuse=[0.01482, 0.01038, 0.00757, 0.00523]
[ INFO : 2026-08-17 21:38:00,535 ] - Epoch 66: train==[61.85004 = 1.12815 + 0.60728 + 6.61216 + 0.01200 + 0.00000 + 0.57597 + 884.94450]
[ INFO : 2026-08-17 21:38:06,695 ] - Test_@[5, 10, 20, 50]: Recall=[0.03719, 0.05220, 0.07602, 0.12953],  precision=[0.00744, 0.00522, 0.00380, 0.00259], hit=[0.03719, 0.05220, 0.07602, 0.12953], ndcg=[0.02554, 0.03032, 0.03626, 0.04680], Train Rec Loss=[0.03326], Eval Rec Loss=[0.03317], c=[0.50000], F=[0.89814, 0.93215, 0.94650, 0.97166], F_fuse=[0.01476, 0.01038, 0.00757, 0.00517]
[ INFO : 2026-08-17 21:39:00,931 ] - Epoch 67: train==[61.68554 = 1.12217 + 0.60727 + 6.46572 + 0.01194 + 0.00000 + 0.56395 + 884.94450]
[ INFO : 2026-08-17 21:39:06,484 ] - Test_@[5, 10, 20, 50]: Recall=[0.03703, 0.05253, 0.07700, 0.13246],  precision=[0.00741, 0.00525, 0.00385, 0.00265], hit=[0.03703, 0.05253, 0.07700, 0.13246], ndcg=[0.02559, 0.03055, 0.03665, 0.04751], Train Rec Loss=[0.03324], Eval Rec Loss=[0.03320], c=[0.50000], F=[0.90528, 0.93104, 0.94695, 0.97104], F_fuse=[0.01469, 0.01045, 0.00767, 0.00528]
[ INFO : 2026-08-17 21:40:01,709 ] - Epoch 68: train==[61.68586 = 1.11374 + 0.60728 + 6.49343 + 0.01191 + 0.00000 + 0.54501 + 884.94450]
[ INFO : 2026-08-17 21:40:07,336 ] - Test_@[5, 10, 20, 50]: Recall=[0.03638, 0.05139, 0.07537, 0.12659],  precision=[0.00728, 0.00514, 0.00377, 0.00253], hit=[0.03638, 0.05139, 0.07537, 0.12659], ndcg=[0.02504, 0.02982, 0.03583, 0.04595], Train Rec Loss=[0.03323], Eval Rec Loss=[0.03316], c=[0.50000], F=[0.89860, 0.93093, 0.94728, 0.97108], F_fuse=[0.01443, 0.01022, 0.00751, 0.00505]
[ INFO : 2026-08-17 21:41:01,962 ] - Epoch 69: train==[61.64201 = 1.10740 + 0.60727 + 6.46928 + 0.01194 + 0.00000 + 0.53163 + 884.94450]
[ INFO : 2026-08-17 21:41:07,543 ] - Test_@[5, 10, 20, 50]: Recall=[0.03622, 0.05171, 0.07537, 0.12773],  precision=[0.00724, 0.00517, 0.00377, 0.00255], hit=[0.03622, 0.05171, 0.07537, 0.12773], ndcg=[0.02458, 0.02952, 0.03544, 0.04578], Train Rec Loss=[0.03322], Eval Rec Loss=[0.03314], c=[0.50000], F=[0.90285, 0.92900, 0.94784, 0.97023], F_fuse=[0.01437, 0.01029, 0.00751, 0.00510]
[ INFO : 2026-08-17 21:42:02,155 ] - Epoch 70: train==[61.62388 = 1.10382 + 0.60727 + 6.46894 + 0.01174 + 0.00000 + 0.51762 + 884.94450]
[ INFO : 2026-08-17 21:42:07,902 ] - Test_@[5, 10, 20, 50]: Recall=[0.03605, 0.05171, 0.07520, 0.12692],  precision=[0.00721, 0.00517, 0.00376, 0.00254], hit=[0.03605, 0.05171, 0.07520, 0.12692], ndcg=[0.02476, 0.02976, 0.03566, 0.04589], Train Rec Loss=[0.03321], Eval Rec Loss=[0.03315], c=[0.50000], F=[0.89815, 0.92985, 0.94673, 0.97136], F_fuse=[0.01431, 0.01029, 0.00749, 0.00506]
[ INFO : 2026-08-17 21:43:02,483 ] - Epoch 71: train==[61.40193 = 1.09931 + 0.60727 + 6.26600 + 0.01167 + 0.00000 + 0.50318 + 884.94450]
[ INFO : 2026-08-17 21:43:08,477 ] - Test_@[5, 10, 20, 50]: Recall=[0.03785, 0.05318, 0.07667, 0.13328],  precision=[0.00757, 0.00532, 0.00383, 0.00267], hit=[0.03785, 0.05318, 0.07667, 0.13328], ndcg=[0.02594, 0.03088, 0.03676, 0.04787], Train Rec Loss=[0.03321], Eval Rec Loss=[0.03312], c=[0.50000], F=[0.90490, 0.92949, 0.94656, 0.97114], F_fuse=[0.01501, 0.01058, 0.00764, 0.00532]
[ INFO : 2026-08-17 21:44:03,291 ] - Epoch 72: train==[61.37331 = 1.09481 + 0.60727 + 6.25409 + 0.01167 + 0.00000 + 0.49098 + 884.94450]
[ INFO : 2026-08-17 21:44:08,962 ] - Test_@[5, 10, 20, 50]: Recall=[0.03589, 0.05285, 0.07684, 0.13067],  precision=[0.00718, 0.00529, 0.00384, 0.00261], hit=[0.03589, 0.05285, 0.07684, 0.13067], ndcg=[0.02490, 0.03041, 0.03639, 0.04699], Train Rec Loss=[0.03320], Eval Rec Loss=[0.03315], c=[0.50000], F=[0.89943, 0.92907, 0.94582, 0.97226], F_fuse=[0.01424, 0.01051, 0.00765, 0.00521]
[ INFO : 2026-08-17 21:45:03,579 ] - Epoch 73: train==[61.21328 = 1.08495 + 0.60727 + 6.11618 + 0.01168 + 0.00000 + 0.47871 + 884.94450]
[ INFO : 2026-08-17 21:45:09,537 ] - Test_@[5, 10, 20, 50]: Recall=[0.03654, 0.05302, 0.07700, 0.13100],  precision=[0.00731, 0.00530, 0.00385, 0.00262], hit=[0.03654, 0.05302, 0.07700, 0.13100], ndcg=[0.02538, 0.03071, 0.03669, 0.04731], Train Rec Loss=[0.03318], Eval Rec Loss=[0.03314], c=[0.50000], F=[0.89937, 0.92850, 0.94694, 0.97192], F_fuse=[0.01450, 0.01054, 0.00767, 0.00523]
[ INFO : 2026-08-17 21:46:04,847 ] - Epoch 74: train==[61.25736 = 1.07695 + 0.60727 + 6.18480 + 0.01163 + 0.00000 + 0.46222 + 884.94450]
[ INFO : 2026-08-17 21:46:10,584 ] - Test_@[5, 10, 20, 50]: Recall=[0.03719, 0.05269, 0.07765, 0.13263],  precision=[0.00744, 0.00527, 0.00388, 0.00265], hit=[0.03719, 0.05269, 0.07765, 0.13263], ndcg=[0.02577, 0.03082, 0.03707, 0.04787], Train Rec Loss=[0.03316], Eval Rec Loss=[0.03309], c=[0.50000], F=[0.90280, 0.92954, 0.94570, 0.97282], F_fuse=[0.01476, 0.01048, 0.00773, 0.00529]
[ INFO : 2026-08-17 21:47:06,743 ] - Epoch 75: train==[61.16634 = 1.07084 + 0.60727 + 6.11174 + 0.01160 + 0.00000 + 0.45039 + 884.94450]
[ INFO : 2026-08-17 21:47:12,523 ] - Test_@[5, 10, 20, 50]: Recall=[0.03605, 0.05302, 0.07684, 0.13100],  precision=[0.00721, 0.00530, 0.00384, 0.00262], hit=[0.03605, 0.05302, 0.07684, 0.13100], ndcg=[0.02508, 0.03060, 0.03655, 0.04720], Train Rec Loss=[0.03317], Eval Rec Loss=[0.03310], c=[0.50000], F=[0.89469, 0.92783, 0.94630, 0.97246], F_fuse=[0.01431, 0.01054, 0.00765, 0.00523]
[ INFO : 2026-08-17 21:48:08,173 ] - Epoch 76: train==[61.11477 = 1.06610 + 0.60727 + 6.07601 + 0.01154 + 0.00000 + 0.43936 + 884.94450]
[ INFO : 2026-08-17 21:48:14,210 ] - Test_@[5, 10, 20, 50]: Recall=[0.03589, 0.05269, 0.07667, 0.12920],  precision=[0.00718, 0.00527, 0.00383, 0.00258], hit=[0.03589, 0.05269, 0.07667, 0.12920], ndcg=[0.02484, 0.03030, 0.03629, 0.04666], Train Rec Loss=[0.03317], Eval Rec Loss=[0.03309], c=[0.50000], F=[0.89487, 0.92818, 0.94597, 0.97254], F_fuse=[0.01424, 0.01048, 0.00764, 0.00515]
[ INFO : 2026-08-17 21:49:08,765 ] - Epoch 77: train==[61.04771 = 1.05851 + 0.60727 + 6.02986 + 0.01157 + 0.00000 + 0.42602 + 884.94450]
[ INFO : 2026-08-17 21:49:14,352 ] - Test_@[5, 10, 20, 50]: Recall=[0.03556, 0.05237, 0.07635, 0.13002],  precision=[0.00711, 0.00524, 0.00382, 0.00260], hit=[0.03556, 0.05237, 0.07635, 0.13002], ndcg=[0.02452, 0.02997, 0.03598, 0.04657], Train Rec Loss=[0.03317], Eval Rec Loss=[0.03310], c=[0.50000], F=[0.89321, 0.92639, 0.94505, 0.97199], F_fuse=[0.01411, 0.01041, 0.00760, 0.00519]
[ INFO : 2026-08-17 21:50:09,551 ] - Epoch 78: train==[60.88935 = 1.05730 + 0.60727 + 5.87990 + 0.01165 + 0.00000 + 0.41875 + 884.94450]
[ INFO : 2026-08-17 21:50:15,557 ] - Test_@[5, 10, 20, 50]: Recall=[0.03507, 0.05237, 0.07602, 0.12790],  precision=[0.00701, 0.00524, 0.00380, 0.00256], hit=[0.03507, 0.05237, 0.07602, 0.12790], ndcg=[0.02404, 0.02963, 0.03555, 0.04580], Train Rec Loss=[0.03316], Eval Rec Loss=[0.03308], c=[0.50000], F=[0.88882, 0.92569, 0.94569, 0.97165], F_fuse=[0.01392, 0.01041, 0.00757, 0.00510]
[ INFO : 2026-08-17 21:51:10,582 ] - Epoch 79: train==[60.87302 = 1.04929 + 0.60727 + 5.88131 + 0.01163 + 0.00000 + 0.40903 + 884.94450]
[ INFO : 2026-08-17 21:51:16,137 ] - Test_@[5, 10, 20, 50]: Recall=[0.03622, 0.05269, 0.07684, 0.13100],  precision=[0.00724, 0.00527, 0.00384, 0.00262], hit=[0.03622, 0.05269, 0.07684, 0.13100], ndcg=[0.02509, 0.03045, 0.03651, 0.04721], Train Rec Loss=[0.03315], Eval Rec Loss=[0.03309], c=[0.50000], F=[0.88867, 0.92679, 0.94411, 0.97230], F_fuse=[0.01437, 0.01048, 0.00765, 0.00523]
[ INFO : 2026-08-17 21:52:10,788 ] - Epoch 80: train==[60.86019 = 1.04336 + 0.60729 + 5.88582 + 0.01146 + 0.00000 + 0.39777 + 884.94450]
[ INFO : 2026-08-17 21:52:16,458 ] - Test_@[5, 10, 20, 50]: Recall=[0.03426, 0.05171, 0.07602, 0.12724],  precision=[0.00685, 0.00517, 0.00380, 0.00254], hit=[0.03426, 0.05171, 0.07602, 0.12724], ndcg=[0.02346, 0.02912, 0.03523, 0.04536], Train Rec Loss=[0.03314], Eval Rec Loss=[0.03305], c=[0.50000], F=[0.88391, 0.92313, 0.94446, 0.97200], F_fuse=[0.01360, 0.01028, 0.00757, 0.00508]
[ INFO : 2026-08-17 21:53:11,892 ] - Epoch 81: train==[60.78549 = 1.04143 + 0.60727 + 5.82320 + 0.01143 + 0.00000 + 0.38767 + 884.94450]
[ INFO : 2026-08-17 21:53:17,681 ] - Test_@[5, 10, 20, 50]: Recall=[0.03442, 0.05106, 0.07537, 0.12643],  precision=[0.00688, 0.00511, 0.00377, 0.00253], hit=[0.03442, 0.05106, 0.07537, 0.12643], ndcg=[0.02309, 0.02846, 0.03458, 0.04467], Train Rec Loss=[0.03313], Eval Rec Loss=[0.03307], c=[0.50000], F=[0.88047, 0.92172, 0.94534, 0.97224], F_fuse=[0.01366, 0.01016, 0.00751, 0.00504]
[ INFO : 2026-08-17 21:54:12,711 ] - Epoch 82: train==[60.70193 = 1.03386 + 0.60727 + 5.75551 + 0.01135 + 0.00000 + 0.37945 + 884.94450]
[ INFO : 2026-08-17 21:54:18,545 ] - Test_@[5, 10, 20, 50]: Recall=[0.03540, 0.05220, 0.07667, 0.12838],  precision=[0.00708, 0.00522, 0.00383, 0.00257], hit=[0.03540, 0.05220, 0.07667, 0.12838], ndcg=[0.02390, 0.02932, 0.03546, 0.04568], Train Rec Loss=[0.03314], Eval Rec Loss=[0.03306], c=[0.50000], F=[0.88281, 0.92337, 0.94409, 0.97250], F_fuse=[0.01405, 0.01038, 0.00764, 0.00512]
[ INFO : 2026-08-17 21:55:13,727 ] - Epoch 83: train==[60.61813 = 1.02518 + 0.60727 + 5.69002 + 0.01137 + 0.00000 + 0.36979 + 884.94450]
[ INFO : 2026-08-17 21:55:19,439 ] - Test_@[5, 10, 20, 50]: Recall=[0.03458, 0.05204, 0.07684, 0.12871],  precision=[0.00692, 0.00520, 0.00384, 0.00257], hit=[0.03458, 0.05204, 0.07684, 0.12871], ndcg=[0.02329, 0.02894, 0.03516, 0.04541], Train Rec Loss=[0.03312], Eval Rec Loss=[0.03305], c=[0.50000], F=[0.88239, 0.92334, 0.94322, 0.97276], F_fuse=[0.01373, 0.01035, 0.00765, 0.00513]
[ INFO : 2026-08-17 21:56:14,611 ] - Epoch 84: train==[60.57643 = 1.02030 + 0.60727 + 5.66290 + 0.01141 + 0.00000 + 0.36005 + 884.94450]
[ INFO : 2026-08-17 21:56:20,593 ] - Test_@[5, 10, 20, 50]: Recall=[0.03622, 0.05351, 0.07732, 0.13132],  precision=[0.00724, 0.00535, 0.00387, 0.00263], hit=[0.03622, 0.05351, 0.07732, 0.13132], ndcg=[0.02500, 0.03058, 0.03653, 0.04721], Train Rec Loss=[0.03312], Eval Rec Loss=[0.03307], c=[0.50000], F=[0.88512, 0.92541, 0.94238, 0.97393], F_fuse=[0.01437, 0.01064, 0.00770, 0.00524]
[ INFO : 2026-08-17 21:57:16,478 ] - Epoch 85: train==[60.55459 = 1.01859 + 0.60727 + 5.65020 + 0.01131 + 0.00000 + 0.35275 + 884.94450]
[ INFO : 2026-08-17 21:57:23,063 ] - Test_@[5, 10, 20, 50]: Recall=[0.03638, 0.05351, 0.07700, 0.13132],  precision=[0.00728, 0.00535, 0.00385, 0.00263], hit=[0.03638, 0.05351, 0.07700, 0.13132], ndcg=[0.02491, 0.03041, 0.03629, 0.04703], Train Rec Loss=[0.03309], Eval Rec Loss=[0.03304], c=[0.50000], F=[0.88432, 0.92535, 0.94256, 0.97386], F_fuse=[0.01443, 0.01064, 0.00767, 0.00524]
[ INFO : 2026-08-17 21:58:17,759 ] - Epoch 86: train==[60.51564 = 1.01544 + 0.60728 + 5.62471 + 0.01127 + 0.00000 + 0.34246 + 884.94450]
[ INFO : 2026-08-17 21:58:23,518 ] - Test_@[5, 10, 20, 50]: Recall=[0.03687, 0.05269, 0.07732, 0.13067],  precision=[0.00737, 0.00527, 0.00387, 0.00261], hit=[0.03687, 0.05269, 0.07732, 0.13067], ndcg=[0.02482, 0.02990, 0.03607, 0.04662], Train Rec Loss=[0.03310], Eval Rec Loss=[0.03305], c=[0.50000], F=[0.88194, 0.92396, 0.94298, 0.97319], F_fuse=[0.01462, 0.01048, 0.00770, 0.00521]
[ INFO : 2026-08-17 21:59:18,637 ] - Epoch 87: train==[60.49479 = 1.01017 + 0.60728 + 5.61585 + 0.01123 + 0.00000 + 0.33577 + 884.94450]
[ INFO : 2026-08-17 21:59:24,475 ] - Test_@[5, 10, 20, 50]: Recall=[0.03589, 0.05253, 0.07716, 0.12969],  precision=[0.00718, 0.00525, 0.00386, 0.00259], hit=[0.03589, 0.05253, 0.07716, 0.12969], ndcg=[0.02419, 0.02956, 0.03575, 0.04613], Train Rec Loss=[0.03309], Eval Rec Loss=[0.03302], c=[0.50000], F=[0.87951, 0.92261, 0.94275, 0.97332], F_fuse=[0.01424, 0.01045, 0.00768, 0.00517]
[ INFO : 2026-08-17 22:00:20,491 ] - Epoch 88: train==[60.33753 = 1.00141 + 0.60727 + 5.47610 + 0.01108 + 0.00000 + 0.32719 + 884.94450]
[ INFO : 2026-08-17 22:00:27,062 ] - Test_@[5, 10, 20, 50]: Recall=[0.03850, 0.05416, 0.07814, 0.13524],  precision=[0.00770, 0.00542, 0.00391, 0.00270], hit=[0.03850, 0.05416, 0.07814, 0.13524], ndcg=[0.02606, 0.03109, 0.03709, 0.04833], Train Rec Loss=[0.03309], Eval Rec Loss=[0.03300], c=[0.50000], F=[0.88504, 0.92655, 0.94160, 0.97384], F_fuse=[0.01527, 0.01077, 0.00778, 0.00539]
[ INFO : 2026-08-17 22:01:22,399 ] - Epoch 89: train==[60.32421 = 0.99667 + 0.60727 + 5.47559 + 0.01109 + 0.00000 + 0.31909 + 884.94450]
[ INFO : 2026-08-17 22:01:27,945 ] - Test_@[5, 10, 20, 50]: Recall=[0.03834, 0.05432, 0.07814, 0.13458],  precision=[0.00767, 0.00543, 0.00391, 0.00269], hit=[0.03834, 0.05432, 0.07814, 0.13458], ndcg=[0.02578, 0.03090, 0.03684, 0.04796], Train Rec Loss=[0.03308], Eval Rec Loss=[0.03299], c=[0.50000], F=[0.87997, 0.92405, 0.94288, 0.97324], F_fuse=[0.01520, 0.01080, 0.00778, 0.00537]
[ INFO : 2026-08-17 22:02:23,340 ] - Epoch 90: train==[60.20849 = 0.98847 + 0.60727 + 5.37374 + 0.01116 + 0.00000 + 0.31335 + 884.94450]
[ INFO : 2026-08-17 22:02:28,936 ] - Test_@[5, 10, 20, 50]: Recall=[0.03524, 0.05155, 0.07618, 0.12904],  precision=[0.00705, 0.00515, 0.00381, 0.00258], hit=[0.03524, 0.05155, 0.07618, 0.12904], ndcg=[0.02298, 0.02822, 0.03441, 0.04484], Train Rec Loss=[0.03307], Eval Rec Loss=[0.03302], c=[0.50000], F=[0.87452, 0.91900, 0.94317, 0.97281], F_fuse=[0.01398, 0.01025, 0.00759, 0.00515]
[ INFO : 2026-08-17 22:03:24,133 ] - Epoch 91: train==[60.20249 = 0.98645 + 0.60727 + 5.37692 + 0.01126 + 0.00000 + 0.30610 + 884.94450]
[ INFO : 2026-08-17 22:03:29,812 ] - Test_@[5, 10, 20, 50]: Recall=[0.03654, 0.05139, 0.07635, 0.12953],  precision=[0.00731, 0.00514, 0.00382, 0.00259], hit=[0.03654, 0.05139, 0.07635, 0.12953], ndcg=[0.02347, 0.02822, 0.03450, 0.04501], Train Rec Loss=[0.03308], Eval Rec Loss=[0.03299], c=[0.50000], F=[0.87457, 0.91797, 0.94347, 0.97275], F_fuse=[0.01450, 0.01022, 0.00760, 0.00517]
[ INFO : 2026-08-17 22:04:24,214 ] - Epoch 92: train==[60.14111 = 0.98521 + 0.60727 + 5.32401 + 0.01116 + 0.00000 + 0.29896 + 884.94450]
[ INFO : 2026-08-17 22:04:29,943 ] - Test_@[5, 10, 20, 50]: Recall=[0.03622, 0.05237, 0.07765, 0.13100],  precision=[0.00724, 0.00524, 0.00388, 0.00262], hit=[0.03622, 0.05237, 0.07765, 0.13100], ndcg=[0.02382, 0.02898, 0.03532, 0.04583], Train Rec Loss=[0.03303], Eval Rec Loss=[0.03299], c=[0.50000], F=[0.87626, 0.92079, 0.94322, 0.97274], F_fuse=[0.01437, 0.01041, 0.00773, 0.00523]
[ INFO : 2026-08-17 22:05:26,482 ] - Epoch 93: train==[60.10308 = 0.97675 + 0.60728 + 5.30210 + 0.01115 + 0.00000 + 0.29131 + 884.94450]
[ INFO : 2026-08-17 22:05:33,025 ] - Test_@[5, 10, 20, 50]: Recall=[0.03622, 0.05285, 0.07814, 0.13279],  precision=[0.00724, 0.00529, 0.00391, 0.00266], hit=[0.03622, 0.05285, 0.07814, 0.13279], ndcg=[0.02407, 0.02942, 0.03575, 0.04649], Train Rec Loss=[0.03307], Eval Rec Loss=[0.03300], c=[0.50000], F=[0.87800, 0.92118, 0.94246, 0.97355], F_fuse=[0.01437, 0.01051, 0.00778, 0.00530]
[ INFO : 2026-08-17 22:06:27,547 ] - Epoch 94: train==[60.03031 = 0.97411 + 0.60727 + 5.23815 + 0.01121 + 0.00000 + 0.28508 + 884.94450]
[ INFO : 2026-08-17 22:06:33,383 ] - Test_@[5, 10, 20, 50]: Recall=[0.03573, 0.05155, 0.07602, 0.13181],  precision=[0.00715, 0.00515, 0.00380, 0.00264], hit=[0.03573, 0.05155, 0.07602, 0.13181], ndcg=[0.02316, 0.02823, 0.03440, 0.04538], Train Rec Loss=[0.03303], Eval Rec Loss=[0.03299], c=[0.50000], F=[0.87327, 0.91802, 0.94330, 0.97328], F_fuse=[0.01417, 0.01025, 0.00757, 0.00526]
[ INFO : 2026-08-17 22:07:27,823 ] - Epoch 95: train==[60.10513 = 0.96726 + 0.60727 + 5.32785 + 0.01110 + 0.00000 + 0.27716 + 884.94450]
[ INFO : 2026-08-17 22:07:34,069 ] - Test_@[5, 10, 20, 50]: Recall=[0.03622, 0.05188, 0.07667, 0.13148],  precision=[0.00724, 0.00519, 0.00383, 0.00263], hit=[0.03622, 0.05188, 0.07667, 0.13148], ndcg=[0.02363, 0.02864, 0.03490, 0.04572], Train Rec Loss=[0.03305], Eval Rec Loss=[0.03300], c=[0.50000], F=[0.87560, 0.91936, 0.94302, 0.97333], F_fuse=[0.01437, 0.01032, 0.00764, 0.00525]
[ INFO : 2026-08-17 22:08:29,297 ] - Epoch 96: train==[60.01641 = 0.96447 + 0.60728 + 5.24780 + 0.01107 + 0.00000 + 0.27129 + 884.94450]
[ INFO : 2026-08-17 22:08:35,365 ] - Test_@[5, 10, 20, 50]: Recall=[0.03638, 0.05318, 0.07814, 0.13328],  precision=[0.00728, 0.00532, 0.00391, 0.00267], hit=[0.03638, 0.05318, 0.07814, 0.13328], ndcg=[0.02400, 0.02943, 0.03568, 0.04652], Train Rec Loss=[0.03306], Eval Rec Loss=[0.03297], c=[0.50000], F=[0.87629, 0.92137, 0.94254, 0.97379], F_fuse=[0.01443, 0.01058, 0.00778, 0.00532]
[ INFO : 2026-08-17 22:09:31,297 ] - Epoch 97: train==[59.97135 = 0.95784 + 0.60727 + 5.21771 + 0.01101 + 0.00000 + 0.26302 + 884.94450]
[ INFO : 2026-08-17 22:09:37,024 ] - Test_@[5, 10, 20, 50]: Recall=[0.03687, 0.05204, 0.07814, 0.13344],  precision=[0.00737, 0.00520, 0.00391, 0.00267], hit=[0.03687, 0.05204, 0.07814, 0.13344], ndcg=[0.02445, 0.02935, 0.03591, 0.04679], Train Rec Loss=[0.03303], Eval Rec Loss=[0.03297], c=[0.50000], F=[0.87327, 0.92015, 0.94366, 0.97318], F_fuse=[0.01462, 0.01035, 0.00778, 0.00532]
[ INFO : 2026-08-17 22:10:31,955 ] - Epoch 98: train==[59.88528 = 0.95924 + 0.60728 + 5.13216 + 0.01110 + 0.00000 + 0.26102 + 884.94450]
[ INFO : 2026-08-17 22:10:37,879 ] - Test_@[5, 10, 20, 50]: Recall=[0.03703, 0.05318, 0.07863, 0.13458],  precision=[0.00741, 0.00532, 0.00393, 0.00269], hit=[0.03703, 0.05318, 0.07863, 0.13458], ndcg=[0.02502, 0.03022, 0.03660, 0.04762], Train Rec Loss=[0.03305], Eval Rec Loss=[0.03296], c=[0.50000], F=[0.87323, 0.92096, 0.94337, 0.97355], F_fuse=[0.01469, 0.01058, 0.00783, 0.00537]
[ INFO : 2026-08-17 22:11:33,916 ] - Epoch 99: train==[59.84584 = 0.94873 + 0.60727 + 5.10996 + 0.01104 + 0.00000 + 0.25435 + 884.94450]
[ INFO : 2026-08-17 22:11:39,543 ] - Test_@[5, 10, 20, 50]: Recall=[0.03768, 0.05351, 0.07847, 0.13556],  precision=[0.00754, 0.00535, 0.00392, 0.00271], hit=[0.03768, 0.05351, 0.07847, 0.13556], ndcg=[0.02571, 0.03079, 0.03705, 0.04830], Train Rec Loss=[0.03305], Eval Rec Loss=[0.03296], c=[0.50000], F=[0.87062, 0.91981, 0.94291, 0.97346], F_fuse=[0.01494, 0.01064, 0.00781, 0.00541]
[ INFO : 2026-08-17 22:12:34,198 ] - Epoch 100: train==[59.77600 = 0.94582 + 0.60728 + 5.05046 + 0.01101 + 0.00000 + 0.24694 + 884.94450]
[ INFO : 2026-08-17 22:12:39,923 ] - Test_@[5, 10, 20, 50]: Recall=[0.03573, 0.05122, 0.07700, 0.13246],  precision=[0.00715, 0.00512, 0.00385, 0.00265], hit=[0.03573, 0.05122, 0.07700, 0.13246], ndcg=[0.02341, 0.02839, 0.03491, 0.04583], Train Rec Loss=[0.03302], Eval Rec Loss=[0.03295], c=[0.50000], F=[0.86710, 0.91547, 0.94175, 0.97326], F_fuse=[0.01417, 0.01019, 0.00767, 0.00528]
[ INFO : 2026-08-17 22:13:35,155 ] - Epoch 101: train==[59.74165 = 0.94239 + 0.60727 + 5.02753 + 0.01093 + 0.00000 + 0.23905 + 884.94450]
[ INFO : 2026-08-17 22:13:40,880 ] - Test_@[5, 10, 20, 50]: Recall=[0.03409, 0.05073, 0.07602, 0.13165],  precision=[0.00682, 0.00507, 0.00380, 0.00263], hit=[0.03409, 0.05073, 0.07602, 0.13165], ndcg=[0.02207, 0.02746, 0.03388, 0.04487], Train Rec Loss=[0.03300], Eval Rec Loss=[0.03294], c=[0.50000], F=[0.86689, 0.91360, 0.94122, 0.97325], F_fuse=[0.01353, 0.01009, 0.00757, 0.00525]
[ INFO : 2026-08-17 22:14:35,700 ] - Epoch 102: train==[59.67905 = 0.93440 + 0.60728 + 4.97610 + 0.01101 + 0.00000 + 0.23578 + 884.94450]
[ INFO : 2026-08-17 22:14:41,676 ] - Test_@[5, 10, 20, 50]: Recall=[0.03442, 0.05106, 0.07765, 0.13377],  precision=[0.00688, 0.00511, 0.00388, 0.00268], hit=[0.03442, 0.05106, 0.07765, 0.13377], ndcg=[0.02274, 0.02813, 0.03485, 0.04590], Train Rec Loss=[0.03301], Eval Rec Loss=[0.03292], c=[0.50000], F=[0.86631, 0.91485, 0.94245, 0.97292], F_fuse=[0.01366, 0.01016, 0.00773, 0.00534]
[ INFO : 2026-08-17 22:15:36,022 ] - Epoch 103: train==[59.60260 = 0.93186 + 0.60727 + 4.90743 + 0.01098 + 0.00000 + 0.23056 + 884.94450]
[ INFO : 2026-08-17 22:15:41,829 ] - Test_@[5, 10, 20, 50]: Recall=[0.03703, 0.05400, 0.07863, 0.13573],  precision=[0.00741, 0.00540, 0.00393, 0.00271], hit=[0.03703, 0.05400, 0.07863, 0.13573], ndcg=[0.02437, 0.02976, 0.03592, 0.04719], Train Rec Loss=[0.03300], Eval Rec Loss=[0.03293], c=[0.50000], F=[0.86778, 0.91661, 0.94271, 0.97335], F_fuse=[0.01469, 0.01074, 0.00783, 0.00541]
[ INFO : 2026-08-17 22:16:36,645 ] - Epoch 104: train==[59.62648 = 0.93100 + 0.60729 + 4.93986 + 0.01099 + 0.00000 + 0.22285 + 884.94450]
[ INFO : 2026-08-17 22:16:42,769 ] - Test_@[5, 10, 20, 50]: Recall=[0.03654, 0.05139, 0.07928, 0.13589],  precision=[0.00731, 0.00514, 0.00396, 0.00272], hit=[0.03654, 0.05139, 0.07928, 0.13589], ndcg=[0.02402, 0.02882, 0.03584, 0.04698], Train Rec Loss=[0.03298], Eval Rec Loss=[0.03293], c=[0.50000], F=[0.86422, 0.91628, 0.94320, 0.97312], F_fuse=[0.01449, 0.01022, 0.00790, 0.00542]
[ INFO : 2026-08-17 22:17:37,514 ] - Epoch 105: train==[59.54243 = 0.92089 + 0.60727 + 4.87033 + 0.01094 + 0.00000 + 0.21852 + 884.94450]
[ INFO : 2026-08-17 22:17:43,114 ] - Test_@[5, 10, 20, 50]: Recall=[0.03540, 0.05139, 0.07945, 0.13556],  precision=[0.00708, 0.00514, 0.00397, 0.00271], hit=[0.03540, 0.05139, 0.07945, 0.13556], ndcg=[0.02380, 0.02896, 0.03601, 0.04704], Train Rec Loss=[0.03300], Eval Rec Loss=[0.03290], c=[0.50000], F=[0.86234, 0.91537, 0.94321, 0.97281], F_fuse=[0.01404, 0.01022, 0.00791, 0.00541]
[ INFO : 2026-08-17 22:18:38,169 ] - Epoch 106: train==[59.40656 = 0.91975 + 0.60728 + 4.74166 + 0.01093 + 0.00000 + 0.21247 + 884.94450]
[ INFO : 2026-08-17 22:18:43,791 ] - Test_@[5, 10, 20, 50]: Recall=[0.03524, 0.05122, 0.07896, 0.13409],  precision=[0.00705, 0.00512, 0.00395, 0.00268], hit=[0.03524, 0.05122, 0.07896, 0.13409], ndcg=[0.02380, 0.02893, 0.03591, 0.04678], Train Rec Loss=[0.03297], Eval Rec Loss=[0.03291], c=[0.50000], F=[0.85836, 0.91236, 0.94168, 0.97264], F_fuse=[0.01398, 0.01019, 0.00786, 0.00535]
[ INFO : 2026-08-17 22:19:38,752 ] - Epoch 107: train==[59.42284 = 0.91502 + 0.60727 + 4.76651 + 0.01095 + 0.00000 + 0.20861 + 884.94450]
[ INFO : 2026-08-17 22:19:44,495 ] - Test_@[5, 10, 20, 50]: Recall=[0.03083, 0.05024, 0.07504, 0.13148],  precision=[0.00617, 0.00502, 0.00375, 0.00263], hit=[0.03083, 0.05024, 0.07504, 0.13148], ndcg=[0.02060, 0.02681, 0.03307, 0.04422], Train Rec Loss=[0.03299], Eval Rec Loss=[0.03291], c=[0.50000], F=[0.85644, 0.91056, 0.94231, 0.97234], F_fuse=[0.01224, 0.00999, 0.00747, 0.00525]
[ INFO : 2026-08-17 22:20:38,991 ] - Epoch 108: train==[59.44822 = 0.91312 + 0.60728 + 4.80125 + 0.01095 + 0.00000 + 0.20113 + 884.94450]
[ INFO : 2026-08-17 22:20:44,984 ] - Test_@[5, 10, 20, 50]: Recall=[0.03622, 0.05285, 0.07945, 0.13768],  precision=[0.00724, 0.00529, 0.00397, 0.00275], hit=[0.03622, 0.05285, 0.07945, 0.13768], ndcg=[0.02433, 0.02962, 0.03630, 0.04776], Train Rec Loss=[0.03297], Eval Rec Loss=[0.03293], c=[0.50000], F=[0.86365, 0.91522, 0.94224, 0.97298], F_fuse=[0.01437, 0.01051, 0.00791, 0.00549]
[ INFO : 2026-08-17 22:21:39,912 ] - Epoch 109: train==[59.33003 = 0.90844 + 0.60728 + 4.69183 + 0.01085 + 0.00000 + 0.19713 + 884.94450]
[ INFO : 2026-08-17 22:21:45,464 ] - Test_@[5, 10, 20, 50]: Recall=[0.03540, 0.05253, 0.07879, 0.13687],  precision=[0.00708, 0.00525, 0.00394, 0.00274], hit=[0.03540, 0.05253, 0.07879, 0.13687], ndcg=[0.02389, 0.02938, 0.03599, 0.04743], Train Rec Loss=[0.03298], Eval Rec Loss=[0.03289], c=[0.50000], F=[0.86041, 0.91252, 0.94149, 0.97235], F_fuse=[0.01404, 0.01045, 0.00785, 0.00546]
[ INFO : 2026-08-17 22:22:41,193 ] - Epoch 110: train==[59.32693 = 0.90293 + 0.60727 + 4.69817 + 0.01086 + 0.00000 + 0.19321 + 884.94450]
[ INFO : 2026-08-17 22:22:47,317 ] - Test_@[5, 10, 20, 50]: Recall=[0.03409, 0.05073, 0.07732, 0.13377],  precision=[0.00682, 0.00507, 0.00387, 0.00268], hit=[0.03409, 0.05073, 0.07732, 0.13377], ndcg=[0.02278, 0.02812, 0.03482, 0.04598], Train Rec Loss=[0.03297], Eval Rec Loss=[0.03287], c=[0.50000], F=[0.85868, 0.91234, 0.94068, 0.97310], F_fuse=[0.01353, 0.01009, 0.00770, 0.00534]
[ INFO : 2026-08-17 22:23:42,735 ] - Epoch 111: train==[59.30129 = 0.89968 + 0.60728 + 4.68235 + 0.01081 + 0.00000 + 0.18668 + 884.94450]
[ INFO : 2026-08-17 22:23:48,673 ] - Test_@[5, 10, 20, 50]: Recall=[0.03377, 0.05057, 0.07896, 0.13622],  precision=[0.00675, 0.00506, 0.00395, 0.00272], hit=[0.03377, 0.05057, 0.07896, 0.13622], ndcg=[0.02279, 0.02819, 0.03529, 0.04655], Train Rec Loss=[0.03296], Eval Rec Loss=[0.03289], c=[0.50000], F=[0.85565, 0.91010, 0.94143, 0.97220], F_fuse=[0.01340, 0.01006, 0.00786, 0.00543]
[ INFO : 2026-08-17 22:24:43,718 ] - Epoch 112: train==[59.08183 = 0.89542 + 0.60728 + 4.47168 + 0.01090 + 0.00000 + 0.18207 + 884.94450]
[ INFO : 2026-08-17 22:24:49,441 ] - Test_@[5, 10, 20, 50]: Recall=[0.03475, 0.05171, 0.07879, 0.13670],  precision=[0.00695, 0.00517, 0.00394, 0.00273], hit=[0.03475, 0.05171, 0.07879, 0.13670], ndcg=[0.02374, 0.02915, 0.03594, 0.04734], Train Rec Loss=[0.03297], Eval Rec Loss=[0.03291], c=[0.50000], F=[0.85648, 0.91060, 0.94146, 0.97206], F_fuse=[0.01379, 0.01028, 0.00785, 0.00545]
[ INFO : 2026-08-17 22:25:44,078 ] - Epoch 113: train==[59.18213 = 0.89334 + 0.60729 + 4.57878 + 0.01094 + 0.00000 + 0.17730 + 884.94450]
[ INFO : 2026-08-17 22:25:49,826 ] - Test_@[5, 10, 20, 50]: Recall=[0.03214, 0.05139, 0.07863, 0.13540],  precision=[0.00643, 0.00514, 0.00393, 0.00271], hit=[0.03214, 0.05139, 0.07863, 0.13540], ndcg=[0.02168, 0.02789, 0.03469, 0.04586], Train Rec Loss=[0.03295], Eval Rec Loss=[0.03290], c=[0.50000], F=[0.85588, 0.91133, 0.94138, 0.97229], F_fuse=[0.01276, 0.01022, 0.00783, 0.00540]
[ INFO : 2026-08-17 22:26:44,480 ] - Epoch 114: train==[59.20414 = 0.88951 + 0.60728 + 4.60990 + 0.01100 + 0.00000 + 0.17196 + 884.94450]
[ INFO : 2026-08-17 22:26:50,029 ] - Test_@[5, 10, 20, 50]: Recall=[0.03181, 0.05122, 0.07945, 0.13540],  precision=[0.00636, 0.00512, 0.00397, 0.00271], hit=[0.03181, 0.05122, 0.07945, 0.13540], ndcg=[0.02136, 0.02759, 0.03462, 0.04561], Train Rec Loss=[0.03294], Eval Rec Loss=[0.03290], c=[0.50000], F=[0.85385, 0.90818, 0.94037, 0.97112], F_fuse=[0.01263, 0.01019, 0.00791, 0.00540]
[ INFO : 2026-08-17 22:27:46,428 ] - Epoch 115: train==[59.10433 = 0.88970 + 0.60727 + 4.51499 + 0.01097 + 0.00000 + 0.16691 + 884.94450]
[ INFO : 2026-08-17 22:27:52,054 ] - Test_@[5, 10, 20, 50]: Recall=[0.03148, 0.05122, 0.07684, 0.13524],  precision=[0.00630, 0.00512, 0.00384, 0.00270], hit=[0.03148, 0.05122, 0.07684, 0.13524], ndcg=[0.02147, 0.02782, 0.03426, 0.04578], Train Rec Loss=[0.03292], Eval Rec Loss=[0.03287], c=[0.50000], F=[0.85360, 0.90830, 0.94035, 0.97208], F_fuse=[0.01250, 0.01019, 0.00765, 0.00539]
[ INFO : 2026-08-17 22:28:47,263 ] - Epoch 116: train==[59.10796 = 0.88356 + 0.60728 + 4.52807 + 0.01096 + 0.00000 + 0.16360 + 884.94450]
[ INFO : 2026-08-17 22:28:53,182 ] - Test_@[5, 10, 20, 50]: Recall=[0.03181, 0.05090, 0.07896, 0.13491],  precision=[0.00636, 0.00509, 0.00395, 0.00270], hit=[0.03181, 0.05090, 0.07896, 0.13491], ndcg=[0.02103, 0.02718, 0.03419, 0.04519], Train Rec Loss=[0.03291], Eval Rec Loss=[0.03287], c=[0.50000], F=[0.85589, 0.90987, 0.93997, 0.97158], F_fuse=[0.01263, 0.01012, 0.00786, 0.00538]
[ INFO : 2026-08-17 22:29:48,291 ] - Epoch 117: train==[58.99365 = 0.87547 + 0.60727 + 4.42742 + 0.01086 + 0.00000 + 0.15814 + 884.94450]
[ INFO : 2026-08-17 22:29:54,608 ] - Test_@[5, 10, 20, 50]: Recall=[0.03230, 0.05188, 0.08075, 0.13687],  precision=[0.00646, 0.00519, 0.00404, 0.00274], hit=[0.03230, 0.05188, 0.08075, 0.13687], ndcg=[0.02188, 0.02816, 0.03536, 0.04639], Train Rec Loss=[0.03293], Eval Rec Loss=[0.03285], c=[0.50000], F=[0.85468, 0.90820, 0.94006, 0.97226], F_fuse=[0.01282, 0.01032, 0.00804, 0.00546]
[ INFO : 2026-08-17 22:30:49,795 ] - Epoch 118: train==[58.96315 = 0.87183 + 0.60728 + 4.40628 + 0.01086 + 0.00000 + 0.15241 + 884.94450]
[ INFO : 2026-08-17 22:30:55,522 ] - Test_@[5, 10, 20, 50]: Recall=[0.03328, 0.05204, 0.08140, 0.13883],  precision=[0.00666, 0.00520, 0.00407, 0.00278], hit=[0.03328, 0.05204, 0.08140, 0.13883], ndcg=[0.02240, 0.02845, 0.03580, 0.04708], Train Rec Loss=[0.03295], Eval Rec Loss=[0.03286], c=[0.50000], F=[0.85671, 0.90949, 0.94075, 0.97144], F_fuse=[0.01321, 0.01035, 0.00811, 0.00554]
[ INFO : 2026-08-17 22:31:51,992 ] - Epoch 119: train==[58.92293 = 0.86893 + 0.60728 + 4.37170 + 0.01081 + 0.00000 + 0.14973 + 884.94450]
[ INFO : 2026-08-17 22:31:57,683 ] - Test_@[5, 10, 20, 50]: Recall=[0.03214, 0.05073, 0.07896, 0.13589],  precision=[0.00643, 0.00507, 0.00395, 0.00272], hit=[0.03214, 0.05073, 0.07896, 0.13589], ndcg=[0.02131, 0.02729, 0.03438, 0.04561], Train Rec Loss=[0.03292], Eval Rec Loss=[0.03286], c=[0.50000], F=[0.85387, 0.90726, 0.93922, 0.97191], F_fuse=[0.01276, 0.01009, 0.00786, 0.00542]
[ INFO : 2026-08-17 22:32:52,405 ] - Epoch 120: train==[58.95940 = 0.86484 + 0.60728 + 4.41812 + 0.01084 + 0.00000 + 0.14383 + 884.94450]
[ INFO : 2026-08-17 22:32:58,140 ] - Test_@[5, 10, 20, 50]: Recall=[0.03377, 0.05204, 0.08157, 0.14013],  precision=[0.00675, 0.00520, 0.00408, 0.00280], hit=[0.03377, 0.05204, 0.08157, 0.14013], ndcg=[0.02338, 0.02925, 0.03663, 0.04814], Train Rec Loss=[0.03291], Eval Rec Loss=[0.03285], c=[0.50000], F=[0.85388, 0.90783, 0.93958, 0.97083], F_fuse=[0.01340, 0.01035, 0.00812, 0.00559]
[ INFO : 2026-08-17 22:33:54,087 ] - Epoch 121: train==[58.83464 = 0.86085 + 0.60728 + 4.30105 + 0.01086 + 0.00000 + 0.14011 + 884.94450]
[ INFO : 2026-08-17 22:34:00,435 ] - Test_@[5, 10, 20, 50]: Recall=[0.03263, 0.05139, 0.08189, 0.13948],  precision=[0.00653, 0.00514, 0.00409, 0.00279], hit=[0.03263, 0.05139, 0.08189, 0.13948], ndcg=[0.02195, 0.02801, 0.03566, 0.04698], Train Rec Loss=[0.03292], Eval Rec Loss=[0.03286], c=[0.50000], F=[0.85590, 0.90813, 0.93863, 0.97048], F_fuse=[0.01295, 0.01022, 0.00815, 0.00556]
[ INFO : 2026-08-17 22:34:56,622 ] - Epoch 122: train==[58.83020 = 0.85735 + 0.60728 + 4.30329 + 0.01082 + 0.00000 + 0.13698 + 884.94450]
[ INFO : 2026-08-17 22:35:02,433 ] - Test_@[5, 10, 20, 50]: Recall=[0.03214, 0.04959, 0.07993, 0.13736],  precision=[0.00643, 0.00496, 0.00400, 0.00275], hit=[0.03214, 0.04959, 0.07993, 0.13736], ndcg=[0.02119, 0.02681, 0.03441, 0.04570], Train Rec Loss=[0.03291], Eval Rec Loss=[0.03284], c=[0.50000], F=[0.85300, 0.90727, 0.93967, 0.97094], F_fuse=[0.01276, 0.00986, 0.00796, 0.00548]
[ INFO : 2026-08-17 22:35:56,948 ] - Epoch 123: train==[58.75384 = 0.85332 + 0.60727 + 4.23613 + 0.01080 + 0.00000 + 0.13184 + 884.94450]
[ INFO : 2026-08-17 22:36:02,861 ] - Test_@[5, 10, 20, 50]: Recall=[0.03197, 0.05073, 0.07993, 0.13752],  precision=[0.00639, 0.00507, 0.00400, 0.00275], hit=[0.03197, 0.05073, 0.07993, 0.13752], ndcg=[0.02125, 0.02730, 0.03462, 0.04595], Train Rec Loss=[0.03291], Eval Rec Loss=[0.03282], c=[0.50000], F=[0.85517, 0.90922, 0.94008, 0.97135], F_fuse=[0.01269, 0.01009, 0.00796, 0.00549]
[ INFO : 2026-08-17 22:36:57,257 ] - Epoch 124: train==[58.79552 = 0.84891 + 0.60728 + 4.28613 + 0.01084 + 0.00000 + 0.12788 + 884.94450]
[ INFO : 2026-08-17 22:37:03,042 ] - Test_@[5, 10, 20, 50]: Recall=[0.03083, 0.05057, 0.07863, 0.13622],  precision=[0.00617, 0.00506, 0.00393, 0.00272], hit=[0.03083, 0.05057, 0.07863, 0.13622], ndcg=[0.02061, 0.02695, 0.03395, 0.04532], Train Rec Loss=[0.03291], Eval Rec Loss=[0.03283], c=[0.50000], F=[0.85038, 0.90328, 0.93630, 0.97130], F_fuse=[0.01224, 0.01006, 0.00783, 0.00543]
[ INFO : 2026-08-17 22:37:58,620 ] - Epoch 125: train==[58.74737 = 0.84927 + 0.60728 + 4.24221 + 0.01082 + 0.00000 + 0.12330 + 884.94450]
[ INFO : 2026-08-17 22:38:04,306 ] - Test_@[5, 10, 20, 50]: Recall=[0.03279, 0.05057, 0.08075, 0.13785],  precision=[0.00656, 0.00506, 0.00404, 0.00276], hit=[0.03279, 0.05057, 0.08075, 0.13785], ndcg=[0.02180, 0.02751, 0.03505, 0.04625], Train Rec Loss=[0.03291], Eval Rec Loss=[0.03282], c=[0.50000], F=[0.85230, 0.90753, 0.93880, 0.97077], F_fuse=[0.01302, 0.01006, 0.00804, 0.00550]
[ INFO : 2026-08-17 22:38:59,050 ] - Epoch 126: train==[58.68084 = 0.84297 + 0.60727 + 4.18590 + 0.01082 + 0.00000 + 0.11939 + 884.94450]
[ INFO : 2026-08-17 22:39:04,591 ] - Test_@[5, 10, 20, 50]: Recall=[0.03100, 0.04943, 0.07912, 0.13573],  precision=[0.00620, 0.00494, 0.00396, 0.00271], hit=[0.03100, 0.04943, 0.07912, 0.13573], ndcg=[0.02083, 0.02677, 0.03422, 0.04540], Train Rec Loss=[0.03290], Eval Rec Loss=[0.03283], c=[0.50000], F=[0.85636, 0.90886, 0.93821, 0.97073], F_fuse=[0.01231, 0.00983, 0.00788, 0.00541]
[ INFO : 2026-08-17 22:40:00,407 ] - Epoch 127: train==[58.62575 = 0.84150 + 0.60728 + 4.13488 + 0.01096 + 0.00000 + 0.11666 + 884.94450]
[ INFO : 2026-08-17 22:40:06,001 ] - Test_@[5, 10, 20, 50]: Recall=[0.03409, 0.05041, 0.08189, 0.13850],  precision=[0.00682, 0.00504, 0.00409, 0.00277], hit=[0.03409, 0.05041, 0.08189, 0.13850], ndcg=[0.02249, 0.02771, 0.03560, 0.04673], Train Rec Loss=[0.03287], Eval Rec Loss=[0.03282], c=[0.50000], F=[0.85287, 0.90436, 0.93611, 0.97016], F_fuse=[0.01353, 0.01003, 0.00815, 0.00552]
[ INFO : 2026-08-17 22:41:00,266 ] - Epoch 128: train==[58.55521 = 0.84018 + 0.60728 + 4.06967 + 0.01091 + 0.00000 + 0.11269 + 884.94450]
[ INFO : 2026-08-17 22:41:05,963 ] - Test_@[5, 10, 20, 50]: Recall=[0.03393, 0.05188, 0.08287, 0.14241],  precision=[0.00679, 0.00519, 0.00414, 0.00285], hit=[0.03393, 0.05188, 0.08287, 0.14241], ndcg=[0.02287, 0.02865, 0.03646, 0.04817], Train Rec Loss=[0.03288], Eval Rec Loss=[0.03282], c=[0.50000], F=[0.85598, 0.90776, 0.93914, 0.97027], F_fuse=[0.01347, 0.01032, 0.00825, 0.00568]
[ INFO : 2026-08-17 22:42:02,213 ] - Epoch 129: train==[58.53685 = 0.83516 + 0.60729 + 4.05992 + 0.01092 + 0.00000 + 0.10906 + 884.94450]
[ INFO : 2026-08-17 22:42:09,042 ] - Test_@[5, 10, 20, 50]: Recall=[0.03181, 0.04992, 0.07912, 0.13768],  precision=[0.00636, 0.00499, 0.00396, 0.00275], hit=[0.03181, 0.04992, 0.07912, 0.13768], ndcg=[0.02090, 0.02670, 0.03402, 0.04555], Train Rec Loss=[0.03288], Eval Rec Loss=[0.03281], c=[0.50000], F=[0.85274, 0.90438, 0.93713, 0.97001], F_fuse=[0.01263, 0.00993, 0.00788, 0.00549]
[ INFO : 2026-08-17 22:43:03,541 ] - Epoch 130: train==[58.56658 = 0.82967 + 0.60728 + 4.09998 + 0.01081 + 0.00000 + 0.10437 + 884.94450]
[ INFO : 2026-08-17 22:43:09,394 ] - Test_@[5, 10, 20, 50]: Recall=[0.03426, 0.05041, 0.08222, 0.14209],  precision=[0.00685, 0.00504, 0.00411, 0.00284], hit=[0.03426, 0.05041, 0.08222, 0.14209], ndcg=[0.02269, 0.02787, 0.03587, 0.04764], Train Rec Loss=[0.03288], Eval Rec Loss=[0.03282], c=[0.50000], F=[0.85398, 0.90660, 0.93719, 0.96934], F_fuse=[0.01359, 0.01003, 0.00819, 0.00567]
[ INFO : 2026-08-17 22:44:04,189 ] - Epoch 131: train==[58.47496 = 0.82438 + 0.60729 + 4.01750 + 0.01085 + 0.00000 + 0.10046 + 884.94450]
[ INFO : 2026-08-17 22:44:09,823 ] - Test_@[5, 10, 20, 50]: Recall=[0.03442, 0.05090, 0.08254, 0.14095],  precision=[0.00688, 0.00509, 0.00413, 0.00282], hit=[0.03442, 0.05090, 0.08254, 0.14095], ndcg=[0.02273, 0.02800, 0.03597, 0.04747], Train Rec Loss=[0.03286], Eval Rec Loss=[0.03280], c=[0.50000], F=[0.85615, 0.90804, 0.93878, 0.96938], F_fuse=[0.01366, 0.01012, 0.00822, 0.00562]
[ INFO : 2026-08-17 22:45:04,860 ] - Epoch 132: train==[58.52676 = 0.82528 + 0.60728 + 4.07293 + 0.01085 + 0.00000 + 0.09594 + 884.94450]
[ INFO : 2026-08-17 22:45:11,015 ] - Test_@[5, 10, 20, 50]: Recall=[0.03197, 0.05122, 0.08124, 0.14095],  precision=[0.00639, 0.00512, 0.00406, 0.00282], hit=[0.03197, 0.05122, 0.08124, 0.14095], ndcg=[0.02143, 0.02762, 0.03518, 0.04694], Train Rec Loss=[0.03288], Eval Rec Loss=[0.03280], c=[0.50000], F=[0.85645, 0.90779, 0.93695, 0.96922], F_fuse=[0.01269, 0.01019, 0.00809, 0.00562]
[ INFO : 2026-08-17 22:46:06,387 ] - Epoch 133: train==[58.41361 = 0.82284 + 0.60728 + 3.96426 + 0.01083 + 0.00000 + 0.09392 + 884.94450]
[ INFO : 2026-08-17 22:46:12,336 ] - Test_@[5, 10, 20, 50]: Recall=[0.03361, 0.05318, 0.08271, 0.14339],  precision=[0.00672, 0.00532, 0.00414, 0.00287], hit=[0.03361, 0.05318, 0.08271, 0.14339], ndcg=[0.02247, 0.02872, 0.03613, 0.04810], Train Rec Loss=[0.03285], Eval Rec Loss=[0.03280], c=[0.50000], F=[0.85736, 0.90808, 0.93585, 0.96906], F_fuse=[0.01334, 0.01057, 0.00823, 0.00572]
[ INFO : 2026-08-17 22:47:07,738 ] - Epoch 134: train==[58.35012 = 0.81718 + 0.60728 + 3.91018 + 0.01087 + 0.00000 + 0.09013 + 884.94450]
[ INFO : 2026-08-17 22:47:14,428 ] - Test_@[5, 10, 20, 50]: Recall=[0.03377, 0.05155, 0.08271, 0.14144],  precision=[0.00675, 0.00515, 0.00414, 0.00283], hit=[0.03377, 0.05155, 0.08271, 0.14144], ndcg=[0.02256, 0.02826, 0.03608, 0.04769], Train Rec Loss=[0.03286], Eval Rec Loss=[0.03279], c=[0.50000], F=[0.85563, 0.90584, 0.93509, 0.96906], F_fuse=[0.01340, 0.01025, 0.00823, 0.00564]
[ INFO : 2026-08-17 22:48:09,592 ] - Epoch 135: train==[58.38302 = 0.81221 + 0.60728 + 3.95118 + 0.01081 + 0.00000 + 0.08706 + 884.94450]
[ INFO : 2026-08-17 22:48:15,167 ] - Test_@[5, 10, 20, 50]: Recall=[0.03361, 0.05237, 0.08385, 0.14421],  precision=[0.00672, 0.00524, 0.00419, 0.00288], hit=[0.03361, 0.05237, 0.08385, 0.14421], ndcg=[0.02246, 0.02849, 0.03638, 0.04827], Train Rec Loss=[0.03287], Eval Rec Loss=[0.03278], c=[0.50000], F=[0.85750, 0.90728, 0.93550, 0.96901], F_fuse=[0.01334, 0.01041, 0.00835, 0.00575]
[ INFO : 2026-08-17 22:49:11,062 ] - Epoch 136: train==[58.31393 = 0.81289 + 0.60728 + 3.88339 + 0.01078 + 0.00000 + 0.08511 + 884.94450]
[ INFO : 2026-08-17 22:49:17,087 ] - Test_@[5, 10, 20, 50]: Recall=[0.03491, 0.05204, 0.08238, 0.14421],  precision=[0.00698, 0.00520, 0.00412, 0.00288], hit=[0.03491, 0.05204, 0.08238, 0.14421], ndcg=[0.02314, 0.02863, 0.03628, 0.04849], Train Rec Loss=[0.03286], Eval Rec Loss=[0.03280], c=[0.50000], F=[0.85738, 0.90767, 0.93630, 0.96915], F_fuse=[0.01385, 0.01035, 0.00820, 0.00575]
[ INFO : 2026-08-17 22:50:13,333 ] - Epoch 137: train==[58.22502 = 0.80786 + 0.60728 + 3.80305 + 0.01087 + 0.00000 + 0.08147 + 884.94450]
[ INFO : 2026-08-17 22:50:19,440 ] - Test_@[5, 10, 20, 50]: Recall=[0.03524, 0.05220, 0.08385, 0.14454],  precision=[0.00705, 0.00522, 0.00419, 0.00289], hit=[0.03524, 0.05220, 0.08385, 0.14454], ndcg=[0.02374, 0.02916, 0.03711, 0.04909], Train Rec Loss=[0.03285], Eval Rec Loss=[0.03279], c=[0.50000], F=[0.85663, 0.90660, 0.93696, 0.96885], F_fuse=[0.01398, 0.01038, 0.00835, 0.00576]
[ INFO : 2026-08-17 22:51:14,295 ] - Epoch 138: train==[58.26870 = 0.80615 + 0.60728 + 3.85154 + 0.01084 + 0.00000 + 0.07840 + 884.94450]
[ INFO : 2026-08-17 22:51:19,953 ] - Test_@[5, 10, 20, 50]: Recall=[0.03426, 0.05155, 0.08238, 0.14470],  precision=[0.00685, 0.00515, 0.00412, 0.00289], hit=[0.03426, 0.05155, 0.08238, 0.14470], ndcg=[0.02265, 0.02818, 0.03596, 0.04825], Train Rec Loss=[0.03285], Eval Rec Loss=[0.03279], c=[0.50000], F=[0.85477, 0.90451, 0.93435, 0.96772], F_fuse=[0.01359, 0.01025, 0.00820, 0.00577]
[ INFO : 2026-08-17 22:52:14,440 ] - Epoch 139: train==[58.23260 = 0.80093 + 0.60729 + 3.82376 + 0.01092 + 0.00000 + 0.07523 + 884.94450]
[ INFO : 2026-08-17 22:52:20,700 ] - Test_@[5, 10, 20, 50]: Recall=[0.03507, 0.05302, 0.08320, 0.14502],  precision=[0.00701, 0.00530, 0.00416, 0.00290], hit=[0.03507, 0.05302, 0.08320, 0.14502], ndcg=[0.02339, 0.02909, 0.03669, 0.04891], Train Rec Loss=[0.03285], Eval Rec Loss=[0.03277], c=[0.50000], F=[0.85761, 0.90484, 0.93491, 0.96878], F_fuse=[0.01392, 0.01054, 0.00828, 0.00578]
[ INFO : 2026-08-17 22:53:15,648 ] - Epoch 140: train==[58.18681 = 0.80146 + 0.60728 + 3.77961 + 0.01098 + 0.00000 + 0.07299 + 884.94450]
[ INFO : 2026-08-17 22:53:21,560 ] - Test_@[5, 10, 20, 50]: Recall=[0.03393, 0.05465, 0.08401, 0.14454],  precision=[0.00679, 0.00546, 0.00420, 0.00289], hit=[0.03393, 0.05465, 0.08401, 0.14454], ndcg=[0.02284, 0.02943, 0.03674, 0.04872], Train Rec Loss=[0.03284], Eval Rec Loss=[0.03277], c=[0.50000], F=[0.85577, 0.90333, 0.93283, 0.96760], F_fuse=[0.01347, 0.01086, 0.00836, 0.00576]
[ INFO : 2026-08-17 22:54:17,126 ] - Epoch 141: train==[58.17768 = 0.79500 + 0.60728 + 3.77916 + 0.01096 + 0.00000 + 0.07080 + 884.94450]
[ INFO : 2026-08-17 22:54:23,028 ] - Test_@[5, 10, 20, 50]: Recall=[0.03426, 0.05220, 0.08336, 0.14421],  precision=[0.00685, 0.00522, 0.00417, 0.00288], hit=[0.03426, 0.05220, 0.08336, 0.14421], ndcg=[0.02251, 0.02818, 0.03599, 0.04796], Train Rec Loss=[0.03282], Eval Rec Loss=[0.03277], c=[0.50000], F=[0.85744, 0.90347, 0.93447, 0.96884], F_fuse=[0.01359, 0.01038, 0.00830, 0.00575]
[ INFO : 2026-08-17 22:55:17,982 ] - Epoch 142: train==[58.14377 = 0.79245 + 0.60728 + 3.74873 + 0.01091 + 0.00000 + 0.06993 + 884.94450]
[ INFO : 2026-08-17 22:55:24,045 ] - Test_@[5, 10, 20, 50]: Recall=[0.03230, 0.05253, 0.08222, 0.14339],  precision=[0.00646, 0.00525, 0.00411, 0.00287], hit=[0.03230, 0.05253, 0.08222, 0.14339], ndcg=[0.02181, 0.02824, 0.03569, 0.04778], Train Rec Loss=[0.03283], Eval Rec Loss=[0.03276], c=[0.50000], F=[0.85377, 0.90214, 0.93320, 0.96738], F_fuse=[0.01282, 0.01044, 0.00819, 0.00572]
[ INFO : 2026-08-17 22:56:19,951 ] - Epoch 143: train==[58.16180 = 0.79277 + 0.60728 + 3.76947 + 0.01097 + 0.00000 + 0.06683 + 884.94450]
[ INFO : 2026-08-17 22:56:25,685 ] - Test_@[5, 10, 20, 50]: Recall=[0.03491, 0.05481, 0.08483, 0.14698],  precision=[0.00698, 0.00548, 0.00424, 0.00294], hit=[0.03491, 0.05481, 0.08483, 0.14698], ndcg=[0.02343, 0.02978, 0.03729, 0.04957], Train Rec Loss=[0.03282], Eval Rec Loss=[0.03276], c=[0.50000], F=[0.85752, 0.90468, 0.93465, 0.96782], F_fuse=[0.01385, 0.01090, 0.00844, 0.00586]
[ INFO : 2026-08-17 22:57:21,543 ] - Epoch 144: train==[58.10333 = 0.78965 + 0.60728 + 3.71516 + 0.01085 + 0.00000 + 0.06590 + 884.94450]
[ INFO : 2026-08-17 22:57:27,312 ] - Test_@[5, 10, 20, 50]: Recall=[0.03295, 0.05220, 0.08287, 0.14502],  precision=[0.00659, 0.00522, 0.00414, 0.00290], hit=[0.03295, 0.05220, 0.08287, 0.14502], ndcg=[0.02196, 0.02803, 0.03573, 0.04793], Train Rec Loss=[0.03282], Eval Rec Loss=[0.03277], c=[0.50000], F=[0.85590, 0.90369, 0.93340, 0.96717], F_fuse=[0.01308, 0.01038, 0.00825, 0.00578]
[ INFO : 2026-08-17 22:58:22,404 ] - Epoch 145: train==[58.02598 = 0.78655 + 0.60729 + 3.64282 + 0.01093 + 0.00000 + 0.06390 + 884.94450]
[ INFO : 2026-08-17 22:58:28,092 ] - Test_@[5, 10, 20, 50]: Recall=[0.03279, 0.05334, 0.08352, 0.14682],  precision=[0.00656, 0.00533, 0.00418, 0.00294], hit=[0.03279, 0.05334, 0.08352, 0.14682], ndcg=[0.02232, 0.02883, 0.03638, 0.04887], Train Rec Loss=[0.03282], Eval Rec Loss=[0.03276], c=[0.50000], F=[0.85441, 0.90156, 0.93108, 0.96633], F_fuse=[0.01302, 0.01061, 0.00832, 0.00585]
[ INFO : 2026-08-17 22:59:23,608 ] - Epoch 146: train==[58.16580 = 0.77955 + 0.60728 + 3.79152 + 0.01083 + 0.00000 + 0.06214 + 884.94450]
[ INFO : 2026-08-17 22:59:29,652 ] - Test_@[5, 10, 20, 50]: Recall=[0.03263, 0.05188, 0.08336, 0.14731],  precision=[0.00653, 0.00519, 0.00417, 0.00295], hit=[0.03263, 0.05188, 0.08336, 0.14731], ndcg=[0.02229, 0.02841, 0.03636, 0.04897], Train Rec Loss=[0.03282], Eval Rec Loss=[0.03274], c=[0.50000], F=[0.85651, 0.90157, 0.93216, 0.96584], F_fuse=[0.01295, 0.01032, 0.00830, 0.00587]
[ INFO : 2026-08-17 23:00:24,167 ] - Epoch 147: train==[58.00929 = 0.77517 + 0.60728 + 3.64022 + 0.01090 + 0.00000 + 0.06123 + 884.94450]
[ INFO : 2026-08-17 23:00:29,764 ] - Test_@[5, 10, 20, 50]: Recall=[0.03344, 0.05334, 0.08483, 0.14976],  precision=[0.00669, 0.00533, 0.00424, 0.00300], hit=[0.03344, 0.05334, 0.08483, 0.14976], ndcg=[0.02251, 0.02884, 0.03673, 0.04951], Train Rec Loss=[0.03281], Eval Rec Loss=[0.03274], c=[0.50000], F=[0.85768, 0.90487, 0.93389, 0.96675], F_fuse=[0.01327, 0.01061, 0.00844, 0.00597]
[ INFO : 2026-08-17 23:01:24,643 ] - Epoch 148: train==[57.99054 = 0.77669 + 0.60729 + 3.62186 + 0.01095 + 0.00000 + 0.05927 + 884.94450]
[ INFO : 2026-08-17 23:01:30,405 ] - Test_@[5, 10, 20, 50]: Recall=[0.03312, 0.05269, 0.08385, 0.14861],  precision=[0.00662, 0.00527, 0.00419, 0.00297], hit=[0.03312, 0.05269, 0.08385, 0.14861], ndcg=[0.02222, 0.02844, 0.03628, 0.04902], Train Rec Loss=[0.03282], Eval Rec Loss=[0.03274], c=[0.50000], F=[0.85650, 0.90238, 0.93197, 0.96666], F_fuse=[0.01314, 0.01048, 0.00835, 0.00593]
[ INFO : 2026-08-17 23:02:25,230 ] - Epoch 149: train==[57.98804 = 0.77260 + 0.60728 + 3.62522 + 0.01088 + 0.00000 + 0.05756 + 884.94450]
[ INFO : 2026-08-17 23:02:30,892 ] - Test_@[5, 10, 20, 50]: Recall=[0.03393, 0.05432, 0.08467, 0.14796],  precision=[0.00679, 0.00543, 0.00423, 0.00296], hit=[0.03393, 0.05432, 0.08467, 0.14796], ndcg=[0.02282, 0.02933, 0.03698, 0.04951], Train Rec Loss=[0.03281], Eval Rec Loss=[0.03274], c=[0.50000], F=[0.85794, 0.90386, 0.93221, 0.96567], F_fuse=[0.01347, 0.01080, 0.00843, 0.00590]
[ INFO : 2026-08-17 23:03:27,370 ] - Epoch 150: train==[57.99977 = 0.77008 + 0.60728 + 3.64039 + 0.01100 + 0.00000 + 0.05654 + 884.94450]
[ INFO : 2026-08-17 23:03:33,471 ] - Test_@[5, 10, 20, 50]: Recall=[0.03507, 0.05351, 0.08483, 0.14829],  precision=[0.00701, 0.00535, 0.00424, 0.00297], hit=[0.03507, 0.05351, 0.08483, 0.14829], ndcg=[0.02332, 0.02918, 0.03706, 0.04959], Train Rec Loss=[0.03281], Eval Rec Loss=[0.03271], c=[0.50000], F=[0.85771, 0.90348, 0.93272, 0.96626], F_fuse=[0.01392, 0.01064, 0.00844, 0.00591]
[ INFO : 2026-08-17 23:04:28,684 ] - Epoch 151: train==[57.94757 = 0.76605 + 0.60728 + 3.59312 + 0.01090 + 0.00000 + 0.05574 + 884.94450]
[ INFO : 2026-08-17 23:04:34,830 ] - Test_@[5, 10, 20, 50]: Recall=[0.03409, 0.05237, 0.08418, 0.14943],  precision=[0.00682, 0.00524, 0.00421, 0.00299], hit=[0.03409, 0.05237, 0.08418, 0.14943], ndcg=[0.02304, 0.02887, 0.03687, 0.04974], Train Rec Loss=[0.03281], Eval Rec Loss=[0.03271], c=[0.50000], F=[0.85502, 0.90106, 0.93132, 0.96599], F_fuse=[0.01353, 0.01041, 0.00838, 0.00596]
[ INFO : 2026-08-17 23:05:29,476 ] - Epoch 152: train==[57.85488 = 0.76569 + 0.60728 + 3.50167 + 0.01090 + 0.00000 + 0.05487 + 884.94450]
[ INFO : 2026-08-17 23:05:35,434 ] - Test_@[5, 10, 20, 50]: Recall=[0.03312, 0.05237, 0.08401, 0.14927],  precision=[0.00662, 0.00524, 0.00420, 0.00299], hit=[0.03312, 0.05237, 0.08401, 0.14927], ndcg=[0.02218, 0.02829, 0.03623, 0.04907], Train Rec Loss=[0.03281], Eval Rec Loss=[0.03274], c=[0.50000], F=[0.85674, 0.90082, 0.93059, 0.96523], F_fuse=[0.01314, 0.01041, 0.00836, 0.00595]
[ INFO : 2026-08-17 23:06:29,694 ] - Epoch 153: train==[57.82817 = 0.76464 + 0.60728 + 3.47632 + 0.01091 + 0.00000 + 0.05453 + 884.94450]
[ INFO : 2026-08-17 23:06:36,909 ] - Test_@[5, 10, 20, 50]: Recall=[0.03670, 0.05595, 0.08874, 0.15285],  precision=[0.00734, 0.00560, 0.00444, 0.00306], hit=[0.03670, 0.05595, 0.08874, 0.15285], ndcg=[0.02462, 0.03074, 0.03894, 0.05164], Train Rec Loss=[0.03278], Eval Rec Loss=[0.03274], c=[0.50000], F=[0.86057, 0.90562, 0.93425, 0.96708], F_fuse=[0.01456, 0.01112, 0.00883, 0.00609]
[ INFO : 2026-08-17 23:07:33,297 ] - Epoch 154: train==[57.87755 = 0.75696 + 0.60729 + 3.53414 + 0.01084 + 0.00000 + 0.05383 + 884.94450]
[ INFO : 2026-08-17 23:07:39,596 ] - Test_@[5, 10, 20, 50]: Recall=[0.03507, 0.05432, 0.08842, 0.15057],  precision=[0.00701, 0.00543, 0.00442, 0.00301], hit=[0.03507, 0.05432, 0.08842, 0.15057], ndcg=[0.02361, 0.02970, 0.03819, 0.05043], Train Rec Loss=[0.03279], Eval Rec Loss=[0.03273], c=[0.50000], F=[0.85635, 0.90091, 0.93020, 0.96425], F_fuse=[0.01392, 0.01080, 0.00880, 0.00600]
[ INFO : 2026-08-17 23:08:34,207 ] - Epoch 155: train==[57.82205 = 0.75597 + 0.60728 + 3.48093 + 0.01090 + 0.00000 + 0.05248 + 884.94450]
[ INFO : 2026-08-17 23:08:39,809 ] - Test_@[5, 10, 20, 50]: Recall=[0.03328, 0.05188, 0.08336, 0.14812],  precision=[0.00666, 0.00519, 0.00417, 0.00296], hit=[0.03328, 0.05188, 0.08336, 0.14812], ndcg=[0.02250, 0.02841, 0.03637, 0.04915], Train Rec Loss=[0.03280], Eval Rec Loss=[0.03274], c=[0.50000], F=[0.85762, 0.90037, 0.93024, 0.96536], F_fuse=[0.01321, 0.01032, 0.00830, 0.00591]
[ INFO : 2026-08-17 23:09:34,605 ] - Epoch 156: train==[57.80135 = 0.75352 + 0.60729 + 3.46423 + 0.01091 + 0.00000 + 0.05092 + 884.94450]
[ INFO : 2026-08-17 23:09:40,652 ] - Test_@[5, 10, 20, 50]: Recall=[0.03344, 0.05334, 0.08434, 0.14698],  precision=[0.00669, 0.00533, 0.00422, 0.00294], hit=[0.03344, 0.05334, 0.08434, 0.14698], ndcg=[0.02234, 0.02859, 0.03633, 0.04868], Train Rec Loss=[0.03279], Eval Rec Loss=[0.03272], c=[0.50000], F=[0.85874, 0.90026, 0.92979, 0.96559], F_fuse=[0.01327, 0.01061, 0.00840, 0.00586]
[ INFO : 2026-08-17 23:10:35,176 ] - Epoch 157: train==[57.73861 = 0.74928 + 0.60728 + 3.40727 + 0.01087 + 0.00000 + 0.04944 + 884.94450]
[ INFO : 2026-08-17 23:10:40,797 ] - Test_@[5, 10, 20, 50]: Recall=[0.03393, 0.05318, 0.08662, 0.14910],  precision=[0.00679, 0.00532, 0.00433, 0.00298], hit=[0.03393, 0.05318, 0.08662, 0.14910], ndcg=[0.02283, 0.02898, 0.03738, 0.04969], Train Rec Loss=[0.03277], Eval Rec Loss=[0.03271], c=[0.50000], F=[0.85945, 0.90197, 0.93096, 0.96488], F_fuse=[0.01347, 0.01057, 0.00862, 0.00595]
[ INFO : 2026-08-17 23:11:35,672 ] - Epoch 158: train==[57.72232 = 0.75245 + 0.60728 + 3.38789 + 0.01089 + 0.00000 + 0.04932 + 884.94450]
[ INFO : 2026-08-17 23:11:41,325 ] - Test_@[5, 10, 20, 50]: Recall=[0.03361, 0.05220, 0.08450, 0.14747],  precision=[0.00672, 0.00522, 0.00423, 0.00295], hit=[0.03361, 0.05220, 0.08450, 0.14747], ndcg=[0.02207, 0.02800, 0.03610, 0.04854], Train Rec Loss=[0.03277], Eval Rec Loss=[0.03271], c=[0.50000], F=[0.85868, 0.90272, 0.93378, 0.96502], F_fuse=[0.01334, 0.01038, 0.00841, 0.00588]
[ INFO : 2026-08-17 23:12:37,802 ] - Epoch 159: train==[57.66004 = 0.74768 + 0.60728 + 3.33138 + 0.01099 + 0.00000 + 0.04822 + 884.94450]
[ INFO : 2026-08-17 23:12:43,385 ] - Test_@[5, 10, 20, 50]: Recall=[0.03442, 0.05432, 0.08809, 0.15204],  precision=[0.00688, 0.00543, 0.00440, 0.00304], hit=[0.03442, 0.05432, 0.08809, 0.15204], ndcg=[0.02306, 0.02942, 0.03790, 0.05052], Train Rec Loss=[0.03278], Eval Rec Loss=[0.03270], c=[0.50000], F=[0.85907, 0.90249, 0.93163, 0.96538], F_fuse=[0.01366, 0.01080, 0.00877, 0.00606]
[ INFO : 2026-08-17 23:13:38,196 ] - Epoch 160: train==[57.70002 = 0.74387 + 0.60728 + 3.37562 + 0.01095 + 0.00000 + 0.04781 + 884.94450]
[ INFO : 2026-08-17 23:13:44,356 ] - Test_@[5, 10, 20, 50]: Recall=[0.03507, 0.05465, 0.08711, 0.15139],  precision=[0.00701, 0.00546, 0.00436, 0.00303], hit=[0.03507, 0.05465, 0.08711, 0.15139], ndcg=[0.02360, 0.02980, 0.03799, 0.05067], Train Rec Loss=[0.03277], Eval Rec Loss=[0.03271], c=[0.50000], F=[0.86115, 0.90193, 0.93076, 0.96486], F_fuse=[0.01392, 0.01086, 0.00867, 0.00604]
[ INFO : 2026-08-17 23:14:39,481 ] - Epoch 161: train==[57.67173 = 0.73964 + 0.60728 + 3.35265 + 0.01105 + 0.00000 + 0.04662 + 884.94450]
[ INFO : 2026-08-17 23:14:45,422 ] - Test_@[5, 10, 20, 50]: Recall=[0.03524, 0.05432, 0.08679, 0.15253],  precision=[0.00705, 0.00543, 0.00434, 0.00305], hit=[0.03524, 0.05432, 0.08679, 0.15253], ndcg=[0.02357, 0.02960, 0.03777, 0.05072], Train Rec Loss=[0.03277], Eval Rec Loss=[0.03272], c=[0.50000], F=[0.85772, 0.90073, 0.92814, 0.96320], F_fuse=[0.01398, 0.01080, 0.00864, 0.00608]
[ INFO : 2026-08-17 23:15:39,866 ] - Epoch 162: train==[57.64480 = 0.73626 + 0.60728 + 3.32943 + 0.01099 + 0.00000 + 0.04635 + 884.94450]
[ INFO : 2026-08-17 23:15:45,552 ] - Test_@[5, 10, 20, 50]: Recall=[0.03361, 0.05318, 0.08581, 0.14894],  precision=[0.00672, 0.00532, 0.00429, 0.00298], hit=[0.03361, 0.05318, 0.08581, 0.14894], ndcg=[0.02271, 0.02890, 0.03712, 0.04958], Train Rec Loss=[0.03279], Eval Rec Loss=[0.03271], c=[0.50000], F=[0.85872, 0.89914, 0.92838, 0.96387], F_fuse=[0.01334, 0.01057, 0.00854, 0.00594]
[ INFO : 2026-08-17 23:16:40,659 ] - Epoch 163: train==[57.57557 = 0.73308 + 0.60728 + 3.26468 + 0.01101 + 0.00000 + 0.04504 + 884.94450]
[ INFO : 2026-08-17 23:16:46,299 ] - Test_@[5, 10, 20, 50]: Recall=[0.03540, 0.05449, 0.08825, 0.15188],  precision=[0.00708, 0.00545, 0.00441, 0.00304], hit=[0.03540, 0.05449, 0.08825, 0.15188], ndcg=[0.02365, 0.02970, 0.03822, 0.05079], Train Rec Loss=[0.03276], Eval Rec Loss=[0.03270], c=[0.50000], F=[0.85969, 0.90213, 0.92923, 0.96339], F_fuse=[0.01404, 0.01083, 0.00878, 0.00606]
[ INFO : 2026-08-17 23:17:42,140 ] - Epoch 164: train==[57.62384 = 0.73321 + 0.60730 + 3.31422 + 0.01094 + 0.00000 + 0.04369 + 884.94450]
[ INFO : 2026-08-17 23:17:47,747 ] - Test_@[5, 10, 20, 50]: Recall=[0.03409, 0.05334, 0.08695, 0.14976],  precision=[0.00682, 0.00533, 0.00435, 0.00300], hit=[0.03409, 0.05334, 0.08695, 0.14976], ndcg=[0.02273, 0.02883, 0.03729, 0.04970], Train Rec Loss=[0.03277], Eval Rec Loss=[0.03271], c=[0.50000], F=[0.85740, 0.90068, 0.92912, 0.96266], F_fuse=[0.01353, 0.01061, 0.00865, 0.00597]
[ INFO : 2026-08-17 23:18:43,107 ] - Epoch 165: train==[57.61657 = 0.73047 + 0.60728 + 3.31070 + 0.01099 + 0.00000 + 0.04264 + 884.94450]
[ INFO : 2026-08-17 23:18:49,679 ] - Test_@[5, 10, 20, 50]: Recall=[0.03377, 0.05155, 0.08548, 0.14959],  precision=[0.00675, 0.00515, 0.00427, 0.00299], hit=[0.03377, 0.05155, 0.08548, 0.14959], ndcg=[0.02283, 0.02852, 0.03706, 0.04969], Train Rec Loss=[0.03276], Eval Rec Loss=[0.03268], c=[0.50000], F=[0.85855, 0.89988, 0.92882, 0.96422], F_fuse=[0.01340, 0.01025, 0.00851, 0.00597]
[ INFO : 2026-08-17 23:19:45,472 ] - Epoch 166: train==[57.56485 = 0.73167 + 0.60729 + 3.25910 + 0.01105 + 0.00000 + 0.04126 + 884.94450]
[ INFO : 2026-08-17 23:19:51,126 ] - Test_@[5, 10, 20, 50]: Recall=[0.03197, 0.05318, 0.08532, 0.14927],  precision=[0.00639, 0.00532, 0.00427, 0.00299], hit=[0.03197, 0.05318, 0.08532, 0.14927], ndcg=[0.02167, 0.02840, 0.03647, 0.04904], Train Rec Loss=[0.03275], Eval Rec Loss=[0.03269], c=[0.50000], F=[0.85647, 0.89981, 0.92743, 0.96323], F_fuse=[0.01269, 0.01057, 0.00849, 0.00595]
[ INFO : 2026-08-17 23:20:46,708 ] - Epoch 167: train==[57.55790 = 0.72813 + 0.60729 + 3.25605 + 0.01105 + 0.00000 + 0.04091 + 884.94450]
[ INFO : 2026-08-17 23:20:52,509 ] - Test_@[5, 10, 20, 50]: Recall=[0.03426, 0.05416, 0.08679, 0.14992],  precision=[0.00685, 0.00542, 0.00434, 0.00300], hit=[0.03426, 0.05416, 0.08679, 0.14992], ndcg=[0.02302, 0.02937, 0.03756, 0.05002], Train Rec Loss=[0.03275], Eval Rec Loss=[0.03268], c=[0.50000], F=[0.85894, 0.90008, 0.92793, 0.96283], F_fuse=[0.01359, 0.01077, 0.00864, 0.00598]
[ INFO : 2026-08-17 23:21:47,789 ] - Epoch 168: train==[57.59160 = 0.72571 + 0.60728 + 3.29315 + 0.01105 + 0.00000 + 0.03992 + 884.94450]
[ INFO : 2026-08-17 23:21:53,785 ] - Test_@[5, 10, 20, 50]: Recall=[0.03491, 0.05530, 0.08858, 0.15253],  precision=[0.00698, 0.00553, 0.00443, 0.00305], hit=[0.03491, 0.05530, 0.08858, 0.15253], ndcg=[0.02355, 0.03003, 0.03840, 0.05109], Train Rec Loss=[0.03275], Eval Rec Loss=[0.03269], c=[0.50000], F=[0.85937, 0.90048, 0.92810, 0.96303], F_fuse=[0.01385, 0.01099, 0.00882, 0.00608]
[ INFO : 2026-08-17 23:22:49,585 ] - Epoch 169: train==[57.50276 = 0.72134 + 0.60729 + 3.20920 + 0.01109 + 0.00000 + 0.03936 + 884.94450]
[ INFO : 2026-08-17 23:22:55,243 ] - Test_@[5, 10, 20, 50]: Recall=[0.03393, 0.05432, 0.08597, 0.14796],  precision=[0.00679, 0.00543, 0.00430, 0.00296], hit=[0.03393, 0.05432, 0.08597, 0.14796], ndcg=[0.02285, 0.02936, 0.03730, 0.04956], Train Rec Loss=[0.03274], Eval Rec Loss=[0.03268], c=[0.50000], F=[0.85913, 0.89946, 0.92853, 0.96285], F_fuse=[0.01347, 0.01080, 0.00856, 0.00590]
[ INFO : 2026-08-17 23:23:49,774 ] - Epoch 170: train==[57.45771 = 0.71982 + 0.60728 + 3.16690 + 0.01116 + 0.00000 + 0.03806 + 884.94450]
[ INFO : 2026-08-17 23:23:55,394 ] - Test_@[5, 10, 20, 50]: Recall=[0.03491, 0.05628, 0.08891, 0.15090],  precision=[0.00698, 0.00563, 0.00445, 0.00302], hit=[0.03491, 0.05628, 0.08891, 0.15090], ndcg=[0.02362, 0.03047, 0.03867, 0.05097], Train Rec Loss=[0.03274], Eval Rec Loss=[0.03267], c=[0.50000], F=[0.85988, 0.90038, 0.92785, 0.96255], F_fuse=[0.01385, 0.01119, 0.00885, 0.00602]
[ INFO : 2026-08-17 23:24:50,888 ] - Epoch 171: train==[57.52668 = 0.71816 + 0.60729 + 3.23800 + 0.01120 + 0.00000 + 0.03756 + 884.94450]
[ INFO : 2026-08-17 23:24:56,933 ] - Test_@[5, 10, 20, 50]: Recall=[0.03475, 0.05579, 0.08777, 0.15204],  precision=[0.00695, 0.00558, 0.00439, 0.00304], hit=[0.03475, 0.05579, 0.08777, 0.15204], ndcg=[0.02334, 0.03006, 0.03810, 0.05077], Train Rec Loss=[0.03274], Eval Rec Loss=[0.03267], c=[0.50000], F=[0.85961, 0.89858, 0.92657, 0.96214], F_fuse=[0.01379, 0.01109, 0.00874, 0.00606]
[ INFO : 2026-08-17 23:25:51,708 ] - Epoch 172: train==[57.42480 = 0.71247 + 0.60728 + 3.14235 + 0.01131 + 0.00000 + 0.03690 + 884.94450]
[ INFO : 2026-08-17 23:25:57,254 ] - Test_@[5, 10, 20, 50]: Recall=[0.03393, 0.05220, 0.08630, 0.14976],  precision=[0.00679, 0.00522, 0.00431, 0.00300], hit=[0.03393, 0.05220, 0.08630, 0.14976], ndcg=[0.02255, 0.02839, 0.03700, 0.04953], Train Rec Loss=[0.03274], Eval Rec Loss=[0.03266], c=[0.50000], F=[0.85756, 0.89782, 0.92661, 0.96219], F_fuse=[0.01347, 0.01038, 0.00859, 0.00597]
[ INFO : 2026-08-17 23:26:51,946 ] - Epoch 173: train==[57.47744 = 0.71069 + 0.60729 + 3.19749 + 0.01120 + 0.00000 + 0.03630 + 884.94450]
[ INFO : 2026-08-17 23:26:57,610 ] - Test_@[5, 10, 20, 50]: Recall=[0.03524, 0.05465, 0.08825, 0.15269],  precision=[0.00705, 0.00546, 0.00441, 0.00305], hit=[0.03524, 0.05465, 0.08825, 0.15269], ndcg=[0.02380, 0.02999, 0.03845, 0.05124], Train Rec Loss=[0.03273], Eval Rec Loss=[0.03267], c=[0.50000], F=[0.85969, 0.89838, 0.92680, 0.96178], F_fuse=[0.01398, 0.01086, 0.00878, 0.00609]
[ INFO : 2026-08-17 23:27:52,865 ] - Epoch 174: train==[57.48220 = 0.70820 + 0.60728 + 3.20580 + 0.01116 + 0.00000 + 0.03527 + 884.94450]
[ INFO : 2026-08-17 23:27:58,453 ] - Test_@[5, 10, 20, 50]: Recall=[0.03540, 0.05514, 0.08613, 0.14910],  precision=[0.00708, 0.00551, 0.00431, 0.00298], hit=[0.03540, 0.05514, 0.08613, 0.14910], ndcg=[0.02314, 0.02941, 0.03715, 0.04962], Train Rec Loss=[0.03274], Eval Rec Loss=[0.03266], c=[0.50000], F=[0.86044, 0.90001, 0.92837, 0.96307], F_fuse=[0.01404, 0.01096, 0.00857, 0.00595]
[ INFO : 2026-08-17 23:28:53,862 ] - Epoch 175: train==[57.43922 = 0.70841 + 0.60729 + 3.16363 + 0.01112 + 0.00000 + 0.03428 + 884.94450]
[ INFO : 2026-08-17 23:29:00,592 ] - Test_@[5, 10, 20, 50]: Recall=[0.03573, 0.05710, 0.08956, 0.15155],  precision=[0.00715, 0.00571, 0.00448, 0.00303], hit=[0.03573, 0.05710, 0.08956, 0.15155], ndcg=[0.02389, 0.03068, 0.03881, 0.05111], Train Rec Loss=[0.03272], Eval Rec Loss=[0.03266], c=[0.50000], F=[0.86101, 0.90076, 0.92805, 0.96265], F_fuse=[0.01417, 0.01135, 0.00891, 0.00604]
[ INFO : 2026-08-17 23:29:56,594 ] - Epoch 176: train==[57.36970 = 0.70248 + 0.60728 + 3.10084 + 0.01121 + 0.00000 + 0.03339 + 884.94450]
[ INFO : 2026-08-17 23:30:02,266 ] - Test_@[5, 10, 20, 50]: Recall=[0.03540, 0.05530, 0.08613, 0.15024],  precision=[0.00708, 0.00553, 0.00431, 0.00300], hit=[0.03540, 0.05530, 0.08613, 0.15024], ndcg=[0.02349, 0.02985, 0.03759, 0.05030], Train Rec Loss=[0.03272], Eval Rec Loss=[0.03265], c=[0.50000], F=[0.86026, 0.90015, 0.92910, 0.96253], F_fuse=[0.01404, 0.01099, 0.00857, 0.00599]
[ INFO : 2026-08-17 23:30:57,200 ] - Epoch 177: train==[57.33430 = 0.70267 + 0.60728 + 3.06643 + 0.01121 + 0.00000 + 0.03222 + 884.94450]
[ INFO : 2026-08-17 23:31:03,356 ] - Test_@[5, 10, 20, 50]: Recall=[0.03654, 0.05710, 0.09152, 0.15400],  precision=[0.00731, 0.00571, 0.00458, 0.00308], hit=[0.03654, 0.05710, 0.09152, 0.15400], ndcg=[0.02437, 0.03092, 0.03957, 0.05193], Train Rec Loss=[0.03273], Eval Rec Loss=[0.03267], c=[0.50000], F=[0.85973, 0.89884, 0.92599, 0.96097], F_fuse=[0.01449, 0.01135, 0.00911, 0.00614]
[ INFO : 2026-08-17 23:31:59,161 ] - Epoch 178: train==[57.30651 = 0.70048 + 0.60729 + 3.04117 + 0.01128 + 0.00000 + 0.03181 + 884.94450]
[ INFO : 2026-08-17 23:32:04,865 ] - Test_@[5, 10, 20, 50]: Recall=[0.03426, 0.05530, 0.08695, 0.14992],  precision=[0.00685, 0.00553, 0.00435, 0.00300], hit=[0.03426, 0.05530, 0.08695, 0.14992], ndcg=[0.02293, 0.02969, 0.03757, 0.05000], Train Rec Loss=[0.03271], Eval Rec Loss=[0.03266], c=[0.50000], F=[0.85943, 0.89893, 0.92620, 0.96287], F_fuse=[0.01359, 0.01099, 0.00865, 0.00598]
[ INFO : 2026-08-17 23:33:00,672 ] - Epoch 179: train==[57.29702 = 0.69950 + 0.60729 + 3.03296 + 0.01126 + 0.00000 + 0.03153 + 884.94450]
[ INFO : 2026-08-17 23:33:07,085 ] - Test_@[5, 10, 20, 50]: Recall=[0.03605, 0.05710, 0.09021, 0.15318],  precision=[0.00721, 0.00571, 0.00451, 0.00306], hit=[0.03605, 0.05710, 0.09021, 0.15318], ndcg=[0.02371, 0.03039, 0.03870, 0.05113], Train Rec Loss=[0.03271], Eval Rec Loss=[0.03266], c=[0.50000], F=[0.86050, 0.89764, 0.92642, 0.96035], F_fuse=[0.01430, 0.01135, 0.00898, 0.00611]
[ INFO : 2026-08-17 23:34:01,719 ] - Epoch 180: train==[57.33285 = 0.69524 + 0.60728 + 3.07451 + 0.01126 + 0.00000 + 0.03008 + 884.94450]
[ INFO : 2026-08-17 23:34:08,145 ] - Test_@[5, 10, 20, 50]: Recall=[0.03393, 0.05644, 0.08842, 0.15204],  precision=[0.00679, 0.00564, 0.00442, 0.00304], hit=[0.03393, 0.05644, 0.08842, 0.15204], ndcg=[0.02294, 0.03012, 0.03814, 0.05073], Train Rec Loss=[0.03273], Eval Rec Loss=[0.03265], c=[0.50000], F=[0.85991, 0.89722, 0.92482, 0.96061], F_fuse=[0.01347, 0.01122, 0.00880, 0.00606]
[ INFO : 2026-08-17 23:35:02,733 ] - Epoch 181: train==[57.32488 = 0.69514 + 0.60729 + 3.06734 + 0.01128 + 0.00000 + 0.02936 + 884.94450]
[ INFO : 2026-08-17 23:35:08,415 ] - Test_@[5, 10, 20, 50]: Recall=[0.03442, 0.05465, 0.08630, 0.15188],  precision=[0.00688, 0.00546, 0.00431, 0.00304], hit=[0.03442, 0.05465, 0.08630, 0.15188], ndcg=[0.02269, 0.02915, 0.03714, 0.05012], Train Rec Loss=[0.03271], Eval Rec Loss=[0.03265], c=[0.50000], F=[0.85874, 0.89713, 0.92527, 0.95999], F_fuse=[0.01366, 0.01086, 0.00859, 0.00606]
[ INFO : 2026-08-17 23:36:03,195 ] - Epoch 182: train==[57.28086 = 0.68848 + 0.60728 + 3.03100 + 0.01131 + 0.00000 + 0.02830 + 884.94450]
[ INFO : 2026-08-17 23:36:09,075 ] - Test_@[5, 10, 20, 50]: Recall=[0.03817, 0.05856, 0.09152, 0.15954],  precision=[0.00763, 0.00586, 0.00458, 0.00319], hit=[0.03817, 0.05856, 0.09152, 0.15954], ndcg=[0.02524, 0.03169, 0.03999, 0.05341], Train Rec Loss=[0.03271], Eval Rec Loss=[0.03264], c=[0.50000], F=[0.86084, 0.89744, 0.92410, 0.96028], F_fuse=[0.01513, 0.01164, 0.00911, 0.00636]
[ INFO : 2026-08-17 23:37:04,463 ] - Epoch 183: train==[57.28757 = 0.68701 + 0.60729 + 3.03878 + 0.01139 + 0.00000 + 0.02862 + 884.94450]
[ INFO : 2026-08-17 23:37:10,283 ] - Test_@[5, 10, 20, 50]: Recall=[0.03573, 0.05873, 0.09119, 0.15351],  precision=[0.00715, 0.00587, 0.00456, 0.00307], hit=[0.03573, 0.05873, 0.09119, 0.15351], ndcg=[0.02399, 0.03131, 0.03940, 0.05173], Train Rec Loss=[0.03271], Eval Rec Loss=[0.03265], c=[0.50000], F=[0.86065, 0.89788, 0.92622, 0.96154], F_fuse=[0.01417, 0.01167, 0.00907, 0.00612]
[ INFO : 2026-08-17 23:38:05,810 ] - Epoch 184: train==[57.22521 = 0.68644 + 0.60729 + 2.97857 + 0.01142 + 0.00000 + 0.02701 + 884.94450]
[ INFO : 2026-08-17 23:38:11,770 ] - Test_@[5, 10, 20, 50]: Recall=[0.03507, 0.05644, 0.08842, 0.15139],  precision=[0.00701, 0.00564, 0.00442, 0.00303], hit=[0.03507, 0.05644, 0.08842, 0.15139], ndcg=[0.02347, 0.03033, 0.03835, 0.05078], Train Rec Loss=[0.03269], Eval Rec Loss=[0.03264], c=[0.50000], F=[0.85957, 0.89761, 0.92701, 0.96219], F_fuse=[0.01392, 0.01122, 0.00880, 0.00604]
[ INFO : 2026-08-17 23:39:06,750 ] - Epoch 185: train==[57.23044 = 0.68360 + 0.60728 + 2.98748 + 0.01136 + 0.00000 + 0.02622 + 884.94450]
[ INFO : 2026-08-17 23:39:12,493 ] - Test_@[5, 10, 20, 50]: Recall=[0.03442, 0.05612, 0.08646, 0.15253],  precision=[0.00688, 0.00561, 0.00432, 0.00305], hit=[0.03442, 0.05612, 0.08646, 0.15253], ndcg=[0.02327, 0.03021, 0.03788, 0.05095], Train Rec Loss=[0.03270], Eval Rec Loss=[0.03264], c=[0.50000], F=[0.86177, 0.89944, 0.92732, 0.96265], F_fuse=[0.01366, 0.01115, 0.00861, 0.00608]
[ INFO : 2026-08-17 23:40:07,904 ] - Epoch 186: train==[57.25736 = 0.68698 + 0.60729 + 3.01145 + 0.01138 + 0.00000 + 0.02578 + 884.94450]
[ INFO : 2026-08-17 23:40:13,528 ] - Test_@[5, 10, 20, 50]: Recall=[0.03573, 0.05628, 0.08825, 0.15237],  precision=[0.00715, 0.00563, 0.00441, 0.00305], hit=[0.03573, 0.05628, 0.08825, 0.15237], ndcg=[0.02347, 0.03002, 0.03808, 0.05073], Train Rec Loss=[0.03271], Eval Rec Loss=[0.03265], c=[0.50000], F=[0.85894, 0.89682, 0.92604, 0.96088], F_fuse=[0.01417, 0.01119, 0.00878, 0.00608]
[ INFO : 2026-08-17 23:41:08,415 ] - Epoch 187: train==[57.26567 = 0.68040 + 0.60729 + 3.02685 + 0.01140 + 0.00000 + 0.02524 + 884.94450]
[ INFO : 2026-08-17 23:41:14,541 ] - Test_@[5, 10, 20, 50]: Recall=[0.03670, 0.05824, 0.08874, 0.15628],  precision=[0.00734, 0.00582, 0.00444, 0.00313], hit=[0.03670, 0.05824, 0.08874, 0.15628], ndcg=[0.02429, 0.03111, 0.03881, 0.05218], Train Rec Loss=[0.03270], Eval Rec Loss=[0.03264], c=[0.50000], F=[0.86058, 0.89747, 0.92554, 0.96095], F_fuse=[0.01456, 0.01157, 0.00883, 0.00623]
[ INFO : 2026-08-17 23:42:09,697 ] - Epoch 188: train==[57.20428 = 0.67946 + 0.60728 + 2.96789 + 0.01138 + 0.00000 + 0.02378 + 884.94450]
[ INFO : 2026-08-17 23:42:15,294 ] - Test_@[5, 10, 20, 50]: Recall=[0.03785, 0.05840, 0.09152, 0.15579],  precision=[0.00757, 0.00584, 0.00458, 0.00312], hit=[0.03785, 0.05840, 0.09152, 0.15579], ndcg=[0.02475, 0.03127, 0.03954, 0.05226], Train Rec Loss=[0.03269], Eval Rec Loss=[0.03264], c=[0.50000], F=[0.86181, 0.89865, 0.92716, 0.96195], F_fuse=[0.01501, 0.01160, 0.00911, 0.00621]
[ INFO : 2026-08-17 23:43:10,625 ] - Epoch 189: train==[57.22014 = 0.67867 + 0.60729 + 2.98558 + 0.01140 + 0.00000 + 0.02271 + 884.94450]
[ INFO : 2026-08-17 23:43:16,442 ] - Test_@[5, 10, 20, 50]: Recall=[0.03768, 0.05759, 0.09201, 0.15383],  precision=[0.00754, 0.00576, 0.00460, 0.00308], hit=[0.03768, 0.05759, 0.09201, 0.15383], ndcg=[0.02475, 0.03113, 0.03975, 0.05199], Train Rec Loss=[0.03270], Eval Rec Loss=[0.03263], c=[0.50000], F=[0.86203, 0.89844, 0.92713, 0.96166], F_fuse=[0.01494, 0.01144, 0.00916, 0.00613]
[ INFO : 2026-08-17 23:44:11,488 ] - Epoch 190: train==[57.12645 = 0.67393 + 0.60729 + 2.89667 + 0.01150 + 0.00000 + 0.02258 + 884.94450]
[ INFO : 2026-08-17 23:44:17,067 ] - Test_@[5, 10, 20, 50]: Recall=[0.03573, 0.05693, 0.08842, 0.15237],  precision=[0.00715, 0.00569, 0.00442, 0.00305], hit=[0.03573, 0.05693, 0.08842, 0.15237], ndcg=[0.02366, 0.03045, 0.03838, 0.05104], Train Rec Loss=[0.03268], Eval Rec Loss=[0.03263], c=[0.50000], F=[0.86006, 0.89695, 0.92448, 0.96052], F_fuse=[0.01417, 0.01131, 0.00880, 0.00608]
[ INFO : 2026-08-17 23:45:11,644 ] - Epoch 191: train==[57.12450 = 0.67139 + 0.60730 + 2.89814 + 0.01154 + 0.00000 + 0.02165 + 884.94450]
[ INFO : 2026-08-17 23:45:18,098 ] - Test_@[5, 10, 20, 50]: Recall=[0.03507, 0.05677, 0.08923, 0.15498],  precision=[0.00701, 0.00568, 0.00446, 0.00310], hit=[0.03507, 0.05677, 0.08923, 0.15498], ndcg=[0.02327, 0.03025, 0.03843, 0.05143], Train Rec Loss=[0.03269], Eval Rec Loss=[0.03263], c=[0.50000], F=[0.86050, 0.89694, 0.92568, 0.96103], F_fuse=[0.01392, 0.01128, 0.00888, 0.00618]
[ INFO : 2026-08-17 23:46:13,149 ] - Epoch 192: train==[57.13185 = 0.66844 + 0.60728 + 2.90838 + 0.01151 + 0.00000 + 0.02175 + 884.94450]
[ INFO : 2026-08-17 23:46:19,086 ] - Test_@[5, 10, 20, 50]: Recall=[0.03687, 0.05824, 0.09168, 0.15775],  precision=[0.00737, 0.00582, 0.00458, 0.00315], hit=[0.03687, 0.05824, 0.09168, 0.15775], ndcg=[0.02393, 0.03071, 0.03912, 0.05215], Train Rec Loss=[0.03269], Eval Rec Loss=[0.03263], c=[0.50000], F=[0.86116, 0.89657, 0.92454, 0.95982], F_fuse=[0.01462, 0.01157, 0.00912, 0.00629]
[ INFO : 2026-08-17 23:47:14,043 ] - Epoch 193: train==[57.08579 = 0.66987 + 0.60729 + 2.86200 + 0.01159 + 0.00000 + 0.02056 + 884.94450]
[ INFO : 2026-08-17 23:47:19,601 ] - Test_@[5, 10, 20, 50]: Recall=[0.03719, 0.05742, 0.09021, 0.15449],  precision=[0.00744, 0.00574, 0.00451, 0.00309], hit=[0.03719, 0.05742, 0.09021, 0.15449], ndcg=[0.02414, 0.03052, 0.03876, 0.05148], Train Rec Loss=[0.03269], Eval Rec Loss=[0.03262], c=[0.50000], F=[0.86058, 0.89683, 0.92531, 0.96062], F_fuse=[0.01475, 0.01141, 0.00898, 0.00616]
[ INFO : 2026-08-17 23:48:14,780 ] - Epoch 194: train==[57.15235 = 0.66661 + 0.60728 + 2.93231 + 0.01166 + 0.00000 + 0.02001 + 884.94450]
[ INFO : 2026-08-17 23:48:20,562 ] - Test_@[5, 10, 20, 50]: Recall=[0.03556, 0.05546, 0.08858, 0.15106],  precision=[0.00711, 0.00555, 0.00443, 0.00302], hit=[0.03556, 0.05546, 0.08858, 0.15106], ndcg=[0.02340, 0.02979, 0.03812, 0.05046], Train Rec Loss=[0.03268], Eval Rec Loss=[0.03263], c=[0.50000], F=[0.86081, 0.89610, 0.92588, 0.96054], F_fuse=[0.01411, 0.01102, 0.00882, 0.00602]
[ INFO : 2026-08-17 23:49:15,174 ] - Epoch 195: train==[57.07034 = 0.66135 + 0.60729 + 2.85593 + 0.01161 + 0.00000 + 0.01967 + 884.94450]
[ INFO : 2026-08-17 23:49:20,767 ] - Test_@[5, 10, 20, 50]: Recall=[0.03622, 0.05563, 0.09005, 0.15171],  precision=[0.00724, 0.00556, 0.00450, 0.00303], hit=[0.03622, 0.05563, 0.09005, 0.15171], ndcg=[0.02350, 0.02968, 0.03830, 0.05049], Train Rec Loss=[0.03269], Eval Rec Loss=[0.03259], c=[0.50000], F=[0.85988, 0.89719, 0.92485, 0.95985], F_fuse=[0.01437, 0.01106, 0.00896, 0.00605]
[ INFO : 2026-08-17 23:50:15,874 ] - Epoch 196: train==[57.10899 = 0.66128 + 0.60728 + 2.89542 + 0.01162 + 0.00000 + 0.01891 + 884.94450]
[ INFO : 2026-08-17 23:50:21,989 ] - Test_@[5, 10, 20, 50]: Recall=[0.03785, 0.05922, 0.09152, 0.15481],  precision=[0.00757, 0.00592, 0.00458, 0.00310], hit=[0.03785, 0.05922, 0.09152, 0.15481], ndcg=[0.02413, 0.03083, 0.03890, 0.05137], Train Rec Loss=[0.03268], Eval Rec Loss=[0.03262], c=[0.50000], F=[0.85974, 0.89733, 0.92457, 0.96076], F_fuse=[0.01501, 0.01177, 0.00911, 0.00617]
[ INFO : 2026-08-17 23:51:17,304 ] - Epoch 197: train==[57.01573 = 0.66244 + 0.60729 + 2.80163 + 0.01170 + 0.00000 + 0.01819 + 884.94450]
[ INFO : 2026-08-17 23:51:23,381 ] - Test_@[5, 10, 20, 50]: Recall=[0.03801, 0.05922, 0.09413, 0.15465],  precision=[0.00760, 0.00592, 0.00471, 0.00309], hit=[0.03801, 0.05922, 0.09413, 0.15465], ndcg=[0.02463, 0.03138, 0.04009, 0.05205], Train Rec Loss=[0.03268], Eval Rec Loss=[0.03261], c=[0.50000], F=[0.86009, 0.89739, 0.92552, 0.96026], F_fuse=[0.01507, 0.01177, 0.00937, 0.00617]
[ INFO : 2026-08-17 23:52:18,519 ] - Epoch 198: train==[57.05300 = 0.65785 + 0.60729 + 2.84348 + 0.01174 + 0.00000 + 0.01817 + 884.94450]
[ INFO : 2026-08-17 23:52:24,392 ] - Test_@[5, 10, 20, 50]: Recall=[0.03801, 0.05922, 0.09233, 0.15318],  precision=[0.00760, 0.00592, 0.00462, 0.00306], hit=[0.03801, 0.05922, 0.09233, 0.15318], ndcg=[0.02471, 0.03141, 0.03974, 0.05173], Train Rec Loss=[0.03267], Eval Rec Loss=[0.03260], c=[0.50000], F=[0.85817, 0.89702, 0.92506, 0.96135], F_fuse=[0.01507, 0.01177, 0.00919, 0.00611]
[ INFO : 2026-08-17 23:53:19,295 ] - Epoch 199: train==[57.07949 = 0.65514 + 0.60728 + 2.87286 + 0.01171 + 0.00000 + 0.01801 + 884.94450]
[ INFO : 2026-08-17 23:53:25,163 ] - Test_@[5, 10, 20, 50]: Recall=[0.03850, 0.05938, 0.09347, 0.15546],  precision=[0.00770, 0.00594, 0.00467, 0.00311], hit=[0.03850, 0.05938, 0.09347, 0.15546], ndcg=[0.02490, 0.03156, 0.04009, 0.05229], Train Rec Loss=[0.03268], Eval Rec Loss=[0.03261], c=[0.50000], F=[0.85742, 0.89542, 0.92469, 0.96096], F_fuse=[0.01526, 0.01180, 0.00930, 0.00620]
[ INFO : 2026-08-17 23:54:20,153 ] - Epoch 200: train==[56.98765 = 0.65477 + 0.60729 + 2.78267 + 0.01173 + 0.00000 + 0.01672 + 884.94450]
[ INFO : 2026-08-17 23:54:25,942 ] - Test_@[5, 10, 20, 50]: Recall=[0.03524, 0.05546, 0.09152, 0.15318],  precision=[0.00705, 0.00555, 0.00458, 0.00306], hit=[0.03524, 0.05546, 0.09152, 0.15318], ndcg=[0.02265, 0.02913, 0.03819, 0.05034], Train Rec Loss=[0.03267], Eval Rec Loss=[0.03260], c=[0.50000], F=[0.85803, 0.89509, 0.92344, 0.95862], F_fuse=[0.01398, 0.01102, 0.00911, 0.00611]
[ INFO : 2026-08-17 23:55:20,391 ] - Epoch 201: train==[57.02685 = 0.65757 + 0.60729 + 2.81945 + 0.01174 + 0.00000 + 0.01632 + 884.94450]
[ INFO : 2026-08-17 23:55:26,184 ] - Test_@[5, 10, 20, 50]: Recall=[0.03899, 0.05954, 0.09413, 0.15628],  precision=[0.00780, 0.00595, 0.00471, 0.00313], hit=[0.03899, 0.05954, 0.09413, 0.15628], ndcg=[0.02547, 0.03198, 0.04063, 0.05291], Train Rec Loss=[0.03266], Eval Rec Loss=[0.03259], c=[0.50000], F=[0.85964, 0.89722, 0.92461, 0.95947], F_fuse=[0.01546, 0.01183, 0.00937, 0.00623]
[ INFO : 2026-08-17 23:56:21,327 ] - Epoch 202: train==[57.02474 = 0.65260 + 0.60728 + 2.82265 + 0.01164 + 0.00000 + 0.01608 + 884.94450]
[ INFO : 2026-08-17 23:56:27,287 ] - Test_@[5, 10, 20, 50]: Recall=[0.03736, 0.05791, 0.09233, 0.15383],  precision=[0.00747, 0.00579, 0.00462, 0.00308], hit=[0.03736, 0.05791, 0.09233, 0.15383], ndcg=[0.02432, 0.03088, 0.03954, 0.05172], Train Rec Loss=[0.03267], Eval Rec Loss=[0.03260], c=[0.50000], F=[0.86032, 0.89686, 0.92637, 0.96070], F_fuse=[0.01481, 0.01151, 0.00919, 0.00613]
[ INFO : 2026-08-17 23:57:22,464 ] - Epoch 203: train==[57.02474 = 0.64915 + 0.60729 + 2.82668 + 0.01170 + 0.00000 + 0.01544 + 884.94450]
[ INFO : 2026-08-17 23:57:28,177 ] - Test_@[5, 10, 20, 50]: Recall=[0.04013, 0.06232, 0.09674, 0.16101],  precision=[0.00803, 0.00623, 0.00484, 0.00322], hit=[0.04013, 0.06232, 0.09674, 0.16101], ndcg=[0.02621, 0.03321, 0.04184, 0.05452], Train Rec Loss=[0.03265], Eval Rec Loss=[0.03261], c=[0.50000], F=[0.86109, 0.89815, 0.92543, 0.96026], F_fuse=[0.01590, 0.01238, 0.00962, 0.00642]
[ INFO : 2026-08-17 23:58:23,806 ] - Epoch 204: train==[57.01788 = 0.64482 + 0.60729 + 2.82466 + 0.01173 + 0.00000 + 0.01490 + 884.94450]
[ INFO : 2026-08-17 23:58:29,498 ] - Test_@[5, 10, 20, 50]: Recall=[0.03703, 0.05791, 0.09054, 0.15416],  precision=[0.00741, 0.00579, 0.00453, 0.00308], hit=[0.03703, 0.05791, 0.09054, 0.15416], ndcg=[0.02385, 0.03050, 0.03869, 0.05130], Train Rec Loss=[0.03266], Eval Rec Loss=[0.03261], c=[0.50000], F=[0.85989, 0.89685, 0.92445, 0.95848], F_fuse=[0.01469, 0.01151, 0.00901, 0.00615]
[ INFO : 2026-08-17 23:59:26,486 ] - Epoch 205: train==[56.95648 = 0.64605 + 0.60729 + 2.76237 + 0.01170 + 0.00000 + 0.01458 + 884.94450]
[ INFO : 2026-08-17 23:59:33,154 ] - Test_@[5, 10, 20, 50]: Recall=[0.03931, 0.05856, 0.09380, 0.15775],  precision=[0.00786, 0.00586, 0.00469, 0.00315], hit=[0.03931, 0.05856, 0.09380, 0.15775], ndcg=[0.02527, 0.03142, 0.04030, 0.05295], Train Rec Loss=[0.03266], Eval Rec Loss=[0.03260], c=[0.50000], F=[0.85963, 0.89741, 0.92553, 0.95990], F_fuse=[0.01558, 0.01164, 0.00933, 0.00629]
[ INFO : 2026-08-18 00:00:29,882 ] - Epoch 206: train==[56.94677 = 0.64048 + 0.60729 + 2.75792 + 0.01164 + 0.00000 + 0.01495 + 884.94450]
[ INFO : 2026-08-18 00:00:36,537 ] - Test_@[5, 10, 20, 50]: Recall=[0.03817, 0.05873, 0.09364, 0.15563],  precision=[0.00763, 0.00587, 0.00468, 0.00311], hit=[0.03817, 0.05873, 0.09364, 0.15563], ndcg=[0.02459, 0.03111, 0.03987, 0.05209], Train Rec Loss=[0.03266], Eval Rec Loss=[0.03260], c=[0.50000], F=[0.85804, 0.89549, 0.92580, 0.95993], F_fuse=[0.01513, 0.01167, 0.00932, 0.00621]
[ INFO : 2026-08-18 00:01:32,249 ] - Epoch 207: train==[56.90833 = 0.64292 + 0.60729 + 2.71797 + 0.01157 + 0.00000 + 0.01409 + 884.94450]
[ INFO : 2026-08-18 00:01:38,674 ] - Test_@[5, 10, 20, 50]: Recall=[0.03670, 0.05759, 0.09119, 0.15465],  precision=[0.00734, 0.00576, 0.00456, 0.00309], hit=[0.03670, 0.05759, 0.09119, 0.15465], ndcg=[0.02394, 0.03062, 0.03901, 0.05153], Train Rec Loss=[0.03266], Eval Rec Loss=[0.03260], c=[0.50000], F=[0.86016, 0.89561, 0.92461, 0.96017], F_fuse=[0.01456, 0.01144, 0.00907, 0.00617]
[ INFO : 2026-08-18 00:02:33,676 ] - Epoch 208: train==[56.86589 = 0.63985 + 0.60729 + 2.67981 + 0.01161 + 0.00000 + 0.01285 + 884.94450]
[ INFO : 2026-08-18 00:02:39,698 ] - Test_@[5, 10, 20, 50]: Recall=[0.03801, 0.06183, 0.09445, 0.15954],  precision=[0.00760, 0.00618, 0.00472, 0.00319], hit=[0.03801, 0.06183, 0.09445, 0.15954], ndcg=[0.02519, 0.03274, 0.04093, 0.05380], Train Rec Loss=[0.03265], Eval Rec Loss=[0.03261], c=[0.50000], F=[0.86212, 0.89730, 0.92464, 0.95770], F_fuse=[0.01507, 0.01228, 0.00940, 0.00636]
[ INFO : 2026-08-18 00:03:34,794 ] - Epoch 209: train==[56.90252 = 0.63787 + 0.60729 + 2.71891 + 0.01169 + 0.00000 + 0.01228 + 884.94450]
[ INFO : 2026-08-18 00:03:40,418 ] - Test_@[5, 10, 20, 50]: Recall=[0.03817, 0.05840, 0.09315, 0.15644],  precision=[0.00763, 0.00584, 0.00466, 0.00313], hit=[0.03817, 0.05840, 0.09315, 0.15644], ndcg=[0.02450, 0.03093, 0.03966, 0.05217], Train Rec Loss=[0.03265], Eval Rec Loss=[0.03259], c=[0.50000], F=[0.86072, 0.89574, 0.92506, 0.95824], F_fuse=[0.01513, 0.01160, 0.00927, 0.00624]
[ INFO : 2026-08-18 00:04:35,615 ] - Epoch 210: train==[56.92305 = 0.63522 + 0.60729 + 2.74233 + 0.01162 + 0.00000 + 0.01210 + 884.94450]
[ INFO : 2026-08-18 00:04:41,461 ] - Test_@[5, 10, 20, 50]: Recall=[0.03785, 0.05759, 0.09396, 0.15481],  precision=[0.00757, 0.00576, 0.00470, 0.00310], hit=[0.03785, 0.05759, 0.09396, 0.15481], ndcg=[0.02479, 0.03114, 0.04028, 0.05227], Train Rec Loss=[0.03264], Eval Rec Loss=[0.03259], c=[0.50000], F=[0.86101, 0.89759, 0.92655, 0.96094], F_fuse=[0.01501, 0.01144, 0.00935, 0.00617]
[ INFO : 2026-08-18 00:05:36,937 ] - Epoch 211: train==[56.93509 = 0.63508 + 0.60729 + 2.75496 + 0.01161 + 0.00000 + 0.01167 + 884.94450]
[ INFO : 2026-08-18 00:05:42,639 ] - Test_@[5, 10, 20, 50]: Recall=[0.03785, 0.05824, 0.09168, 0.15563],  precision=[0.00757, 0.00582, 0.00458, 0.00311], hit=[0.03785, 0.05824, 0.09168, 0.15563], ndcg=[0.02460, 0.03108, 0.03952, 0.05217], Train Rec Loss=[0.03265], Eval Rec Loss=[0.03259], c=[0.50000], F=[0.86079, 0.89716, 0.92578, 0.95953], F_fuse=[0.01501, 0.01157, 0.00912, 0.00620]
[ INFO : 2026-08-18 00:06:37,498 ] - Epoch 212: train==[56.88614 = 0.63392 + 0.60729 + 2.70844 + 0.01166 + 0.00000 + 0.01035 + 884.94450]
[ INFO : 2026-08-18 00:06:43,242 ] - Test_@[5, 10, 20, 50]: Recall=[0.03785, 0.05873, 0.09429, 0.15546],  precision=[0.00757, 0.00587, 0.00471, 0.00311], hit=[0.03785, 0.05873, 0.09429, 0.15546], ndcg=[0.02471, 0.03136, 0.04031, 0.05242], Train Rec Loss=[0.03265], Eval Rec Loss=[0.03257], c=[0.50000], F=[0.86044, 0.89624, 0.92442, 0.95881], F_fuse=[0.01501, 0.01167, 0.00938, 0.00620]
[ INFO : 2026-08-18 00:07:38,106 ] - Epoch 213: train==[56.89958 = 0.63056 + 0.60729 + 2.72458 + 0.01164 + 0.00000 + 0.01103 + 884.94450]
[ INFO : 2026-08-18 00:07:43,919 ] - Test_@[5, 10, 20, 50]: Recall=[0.03785, 0.05824, 0.09201, 0.15400],  precision=[0.00757, 0.00582, 0.00460, 0.00308], hit=[0.03785, 0.05824, 0.09201, 0.15400], ndcg=[0.02441, 0.03085, 0.03935, 0.05165], Train Rec Loss=[0.03266], Eval Rec Loss=[0.03257], c=[0.50000], F=[0.85844, 0.89576, 0.92463, 0.95889], F_fuse=[0.01501, 0.01157, 0.00916, 0.00614]
[ INFO : 2026-08-18 00:08:39,572 ] - Epoch 214: train==[56.84808 = 0.62794 + 0.60729 + 2.67611 + 0.01169 + 0.00000 + 0.01057 + 884.94450]
[ INFO : 2026-08-18 00:08:45,339 ] - Test_@[5, 10, 20, 50]: Recall=[0.03703, 0.05677, 0.09038, 0.15351],  precision=[0.00741, 0.00568, 0.00452, 0.00307], hit=[0.03703, 0.05677, 0.09038, 0.15351], ndcg=[0.02391, 0.03018, 0.03864, 0.05116], Train Rec Loss=[0.03265], Eval Rec Loss=[0.03258], c=[0.50000], F=[0.85886, 0.89458, 0.92322, 0.95730], F_fuse=[0.01469, 0.01128, 0.00899, 0.00612]
[ INFO : 2026-08-18 00:09:42,796 ] - Epoch 215: train==[56.84540 = 0.62687 + 0.60729 + 2.67547 + 0.01176 + 0.00000 + 0.00953 + 884.94450]
[ INFO : 2026-08-18 00:09:48,461 ] - Test_@[5, 10, 20, 50]: Recall=[0.03785, 0.05775, 0.09315, 0.15710],  precision=[0.00757, 0.00577, 0.00466, 0.00314], hit=[0.03785, 0.05775, 0.09315, 0.15710], ndcg=[0.02490, 0.03129, 0.04020, 0.05282], Train Rec Loss=[0.03265], Eval Rec Loss=[0.03258], c=[0.50000], F=[0.86331, 0.89588, 0.92486, 0.95927], F_fuse=[0.01501, 0.01148, 0.00927, 0.00626]
[ INFO : 2026-08-18 00:10:43,799 ] - Epoch 216: train==[56.85358 = 0.62530 + 0.60729 + 2.68506 + 0.01173 + 0.00000 + 0.00972 + 884.94450]
[ INFO : 2026-08-18 00:10:49,429 ] - Test_@[5, 10, 20, 50]: Recall=[0.03654, 0.05644, 0.09038, 0.15351],  precision=[0.00731, 0.00564, 0.00452, 0.00307], hit=[0.03654, 0.05644, 0.09038, 0.15351], ndcg=[0.02369, 0.02997, 0.03852, 0.05103], Train Rec Loss=[0.03264], Eval Rec Loss=[0.03257], c=[0.50000], F=[0.85869, 0.89635, 0.92599, 0.95970], F_fuse=[0.01449, 0.01122, 0.00899, 0.00612]
[ INFO : 2026-08-18 00:11:45,290 ] - Epoch 217: train==[56.81927 = 0.62375 + 0.60729 + 2.65346 + 0.01182 + 0.00000 + 0.00846 + 884.94450]
[ INFO : 2026-08-18 00:11:51,721 ] - Test_@[5, 10, 20, 50]: Recall=[0.03785, 0.05775, 0.09282, 0.15498],  precision=[0.00757, 0.00577, 0.00464, 0.00310], hit=[0.03785, 0.05775, 0.09282, 0.15498], ndcg=[0.02455, 0.03089, 0.03971, 0.05201], Train Rec Loss=[0.03264], Eval Rec Loss=[0.03257], c=[0.50000], F=[0.85957, 0.89460, 0.92301, 0.95799], F_fuse=[0.01501, 0.01148, 0.00924, 0.00618]
[ INFO : 2026-08-18 00:12:47,573 ] - Epoch 218: train==[56.77408 = 0.62001 + 0.60729 + 2.61297 + 0.01188 + 0.00000 + 0.00744 + 884.94450]
[ INFO : 2026-08-18 00:12:53,759 ] - Test_@[5, 10, 20, 50]: Recall=[0.03752, 0.05677, 0.09168, 0.15628],  precision=[0.00750, 0.00568, 0.00458, 0.00313], hit=[0.03752, 0.05677, 0.09168, 0.15628], ndcg=[0.02469, 0.03086, 0.03964, 0.05242], Train Rec Loss=[0.03264], Eval Rec Loss=[0.03257], c=[0.50000], F=[0.86030, 0.89576, 0.92465, 0.95959], F_fuse=[0.01488, 0.01128, 0.00912, 0.00623]
[ INFO : 2026-08-18 00:13:49,173 ] - Epoch 219: train==[56.83703 = 0.62321 + 0.60729 + 2.67257 + 0.01190 + 0.00000 + 0.00758 + 884.94450]
[ INFO : 2026-08-18 00:13:55,091 ] - Test_@[5, 10, 20, 50]: Recall=[0.03687, 0.05595, 0.09233, 0.15139],  precision=[0.00737, 0.00560, 0.00462, 0.00303], hit=[0.03687, 0.05595, 0.09233, 0.15139], ndcg=[0.02411, 0.03023, 0.03936, 0.05107], Train Rec Loss=[0.03264], Eval Rec Loss=[0.03257], c=[0.50000], F=[0.85919, 0.89533, 0.92654, 0.95973], F_fuse=[0.01462, 0.01112, 0.00919, 0.00604]
[ INFO : 2026-08-18 00:14:50,527 ] - Epoch 220: train==[56.74623 = 0.61535 + 0.60729 + 2.58980 + 0.01192 + 0.00000 + 0.00740 + 884.94450]
[ INFO : 2026-08-18 00:14:56,809 ] - Test_@[5, 10, 20, 50]: Recall=[0.03785, 0.05791, 0.09347, 0.15530],  precision=[0.00757, 0.00579, 0.00467, 0.00311], hit=[0.03785, 0.05791, 0.09347, 0.15530], ndcg=[0.02497, 0.03138, 0.04033, 0.05257], Train Rec Loss=[0.03263], Eval Rec Loss=[0.03257], c=[0.50000], F=[0.86145, 0.89695, 0.92535, 0.95899], F_fuse=[0.01501, 0.01151, 0.00930, 0.00619]
[ INFO : 2026-08-18 00:15:52,278 ] - Epoch 221: train==[56.74893 = 0.61743 + 0.60729 + 2.59126 + 0.01196 + 0.00000 + 0.00651 + 884.94450]
[ INFO : 2026-08-18 00:15:58,018 ] - Test_@[5, 10, 20, 50]: Recall=[0.03719, 0.05987, 0.09347, 0.15416],  precision=[0.00744, 0.00599, 0.00467, 0.00308], hit=[0.03719, 0.05987, 0.09347, 0.15416], ndcg=[0.02485, 0.03213, 0.04062, 0.05264], Train Rec Loss=[0.03263], Eval Rec Loss=[0.03257], c=[0.50000], F=[0.85640, 0.89682, 0.92633, 0.96038], F_fuse=[0.01475, 0.01189, 0.00930, 0.00615]
[ INFO : 2026-08-18 00:16:52,625 ] - Epoch 222: train==[56.79495 = 0.61486 + 0.60729 + 2.64003 + 0.01195 + 0.00000 + 0.00634 + 884.94450]
[ INFO : 2026-08-18 00:16:58,236 ] - Test_@[5, 10, 20, 50]: Recall=[0.03834, 0.05938, 0.09543, 0.15987],  precision=[0.00767, 0.00594, 0.00477, 0.00320], hit=[0.03834, 0.05938, 0.09543, 0.15987], ndcg=[0.02488, 0.03154, 0.04059, 0.05333], Train Rec Loss=[0.03263], Eval Rec Loss=[0.03256], c=[0.50000], F=[0.86019, 0.89469, 0.92327, 0.95761], F_fuse=[0.01520, 0.01180, 0.00949, 0.00637]
[ INFO : 2026-08-18 00:17:53,494 ] - Epoch 223: train==[56.73257 = 0.61569 + 0.60729 + 2.57738 + 0.01201 + 0.00000 + 0.00572 + 884.94450]
[ INFO : 2026-08-18 00:17:59,426 ] - Test_@[5, 10, 20, 50]: Recall=[0.03866, 0.05938, 0.09347, 0.15595],  precision=[0.00773, 0.00594, 0.00467, 0.00312], hit=[0.03866, 0.05938, 0.09347, 0.15595], ndcg=[0.02522, 0.03177, 0.04032, 0.05274], Train Rec Loss=[0.03262], Eval Rec Loss=[0.03255], c=[0.50000], F=[0.85890, 0.89558, 0.92366, 0.95901], F_fuse=[0.01533, 0.01180, 0.00930, 0.00622]
[ INFO : 2026-08-18 00:18:53,825 ] - Epoch 224: train==[56.77983 = 0.61106 + 0.60729 + 2.62936 + 0.01199 + 0.00000 + 0.00564 + 884.94450]
[ INFO : 2026-08-18 00:18:59,562 ] - Test_@[5, 10, 20, 50]: Recall=[0.03834, 0.05791, 0.09331, 0.15938],  precision=[0.00767, 0.00579, 0.00467, 0.00319], hit=[0.03834, 0.05791, 0.09331, 0.15938], ndcg=[0.02474, 0.03097, 0.03990, 0.05299], Train Rec Loss=[0.03264], Eval Rec Loss=[0.03256], c=[0.50000], F=[0.85925, 0.89383, 0.92240, 0.95710], F_fuse=[0.01520, 0.01151, 0.00928, 0.00635]
[ INFO : 2026-08-18 00:19:54,226 ] - Epoch 225: train==[56.79621 = 0.60845 + 0.60729 + 2.64873 + 0.01200 + 0.00000 + 0.00526 + 884.94450]
[ INFO : 2026-08-18 00:20:00,391 ] - Test_@[5, 10, 20, 50]: Recall=[0.03768, 0.05791, 0.09217, 0.15644],  precision=[0.00754, 0.00579, 0.00461, 0.00313], hit=[0.03768, 0.05791, 0.09217, 0.15644], ndcg=[0.02467, 0.03109, 0.03971, 0.05243], Train Rec Loss=[0.03263], Eval Rec Loss=[0.03254], c=[0.50000], F=[0.85727, 0.89333, 0.92230, 0.95902], F_fuse=[0.01494, 0.01151, 0.00917, 0.00624]
[ INFO : 2026-08-18 00:20:54,962 ] - Epoch 226: train==[56.74217 = 0.60706 + 0.60729 + 2.59620 + 0.01199 + 0.00000 + 0.00515 + 884.94450]
[ INFO : 2026-08-18 00:21:01,084 ] - Test_@[5, 10, 20, 50]: Recall=[0.03980, 0.06166, 0.09821, 0.16183],  precision=[0.00796, 0.00617, 0.00491, 0.00324], hit=[0.03980, 0.06166, 0.09821, 0.16183], ndcg=[0.02626, 0.03317, 0.04232, 0.05488], Train Rec Loss=[0.03262], Eval Rec Loss=[0.03257], c=[0.50000], F=[0.85879, 0.89551, 0.92419, 0.95899], F_fuse=[0.01578, 0.01225, 0.00977, 0.00645]
[ INFO : 2026-08-18 00:21:56,548 ] - Epoch 227: train==[56.73920 = 0.60593 + 0.60730 + 2.59490 + 0.01197 + 0.00000 + 0.00462 + 884.94450]
[ INFO : 2026-08-18 00:22:02,569 ] - Test_@[5, 10, 20, 50]: Recall=[0.04078, 0.06346, 0.09886, 0.16297],  precision=[0.00816, 0.00635, 0.00494, 0.00326], hit=[0.04078, 0.06346, 0.09886, 0.16297], ndcg=[0.02701, 0.03419, 0.04307, 0.05568], Train Rec Loss=[0.03261], Eval Rec Loss=[0.03254], c=[0.50000], F=[0.85788, 0.89578, 0.92531, 0.95912], F_fuse=[0.01616, 0.01260, 0.00983, 0.00650]
[ INFO : 2026-08-18 00:22:57,693 ] - Epoch 228: train==[56.76061 = 0.60412 + 0.60729 + 2.61845 + 0.01203 + 0.00000 + 0.00424 + 884.94450]
[ INFO : 2026-08-18 00:23:03,842 ] - Test_@[5, 10, 20, 50]: Recall=[0.03654, 0.05791, 0.09250, 0.15498],  precision=[0.00731, 0.00579, 0.00462, 0.00310], hit=[0.03654, 0.05791, 0.09250, 0.15498], ndcg=[0.02425, 0.03106, 0.03978, 0.05219], Train Rec Loss=[0.03262], Eval Rec Loss=[0.03254], c=[0.50000], F=[0.85755, 0.89588, 0.92417, 0.95850], F_fuse=[0.01449, 0.01151, 0.00920, 0.00618]
[ INFO : 2026-08-18 00:23:59,084 ] - Epoch 229: train==[56.73372 = 0.60369 + 0.60729 + 2.59051 + 0.01219 + 0.00000 + 0.00556 + 884.94450]
[ INFO : 2026-08-18 00:24:05,210 ] - Test_@[5, 10, 20, 50]: Recall=[0.03850, 0.05987, 0.09592, 0.15791],  precision=[0.00770, 0.00599, 0.00480, 0.00316], hit=[0.03850, 0.05987, 0.09592, 0.15791], ndcg=[0.02573, 0.03258, 0.04167, 0.05394], Train Rec Loss=[0.03261], Eval Rec Loss=[0.03255], c=[0.50000], F=[0.85876, 0.89750, 0.92646, 0.95950], F_fuse=[0.01526, 0.01189, 0.00954, 0.00630]
[ INFO : 2026-08-18 00:25:00,684 ] - Epoch 230: train==[56.67889 = 0.60314 + 0.60729 + 2.53712 + 0.01208 + 0.00000 + 0.00478 + 884.94450]
[ INFO : 2026-08-18 00:25:06,947 ] - Test_@[5, 10, 20, 50]: Recall=[0.03573, 0.05644, 0.09168, 0.15416],  precision=[0.00715, 0.00564, 0.00458, 0.00308], hit=[0.03573, 0.05644, 0.09168, 0.15416], ndcg=[0.02352, 0.03010, 0.03899, 0.05134], Train Rec Loss=[0.03262], Eval Rec Loss=[0.03255], c=[0.50000], F=[0.85839, 0.89459, 0.92318, 0.95727], F_fuse=[0.01417, 0.01122, 0.00912, 0.00615]
[ INFO : 2026-08-18 00:26:01,985 ] - Epoch 231: train==[56.74148 = 0.59926 + 0.60729 + 2.60282 + 0.01213 + 0.00000 + 0.00550 + 884.94450]
[ INFO : 2026-08-18 00:26:08,417 ] - Test_@[5, 10, 20, 50]: Recall=[0.03703, 0.05938, 0.09511, 0.15824],  precision=[0.00741, 0.00594, 0.00476, 0.00316], hit=[0.03703, 0.05938, 0.09511, 0.15824], ndcg=[0.02471, 0.03184, 0.04087, 0.05339], Train Rec Loss=[0.03261], Eval Rec Loss=[0.03255], c=[0.50000], F=[0.85878, 0.89499, 0.92356, 0.95795], F_fuse=[0.01469, 0.01180, 0.00946, 0.00631]
[ INFO : 2026-08-18 00:27:03,881 ] - Epoch 232: train==[56.64254 = 0.59713 + 0.60729 + 2.50695 + 0.01213 + 0.00000 + 0.00456 + 884.94450]
[ INFO : 2026-08-18 00:27:10,571 ] - Test_@[5, 10, 20, 50]: Recall=[0.03768, 0.05954, 0.09527, 0.15824],  precision=[0.00754, 0.00595, 0.00476, 0.00316], hit=[0.03768, 0.05954, 0.09527, 0.15824], ndcg=[0.02464, 0.03160, 0.04054, 0.05302], Train Rec Loss=[0.03261], Eval Rec Loss=[0.03255], c=[0.50000], F=[0.85775, 0.89410, 0.92153, 0.95616], F_fuse=[0.01494, 0.01183, 0.00948, 0.00631]
[ INFO : 2026-08-18 00:28:05,417 ] - Epoch 233: train==[56.65210 = 0.59647 + 0.60729 + 2.51748 + 0.01215 + 0.00000 + 0.00423 + 884.94450]
[ INFO : 2026-08-18 00:28:11,631 ] - Test_@[5, 10, 20, 50]: Recall=[0.03719, 0.05840, 0.09445, 0.15546],  precision=[0.00744, 0.00584, 0.00472, 0.00311], hit=[0.03719, 0.05840, 0.09445, 0.15546], ndcg=[0.02405, 0.03079, 0.03985, 0.05192], Train Rec Loss=[0.03262], Eval Rec Loss=[0.03255], c=[0.50000], F=[0.85814, 0.89262, 0.92227, 0.95659], F_fuse=[0.01475, 0.01160, 0.00940, 0.00620]
[ INFO : 2026-08-18 00:29:06,435 ] - Epoch 234: train==[56.72913 = 0.59730 + 0.60730 + 2.59195 + 0.01214 + 0.00000 + 0.00596 + 884.94450]
[ INFO : 2026-08-18 00:29:12,225 ] - Test_@[5, 10, 20, 50]: Recall=[0.03638, 0.05563, 0.09299, 0.15269],  precision=[0.00728, 0.00556, 0.00465, 0.00305], hit=[0.03638, 0.05563, 0.09299, 0.15269], ndcg=[0.02361, 0.02963, 0.03900, 0.05080], Train Rec Loss=[0.03261], Eval Rec Loss=[0.03255], c=[0.50000], F=[0.85923, 0.89546, 0.92388, 0.95755], F_fuse=[0.01443, 0.01106, 0.00925, 0.00609]
[ INFO : 2026-08-18 00:30:08,923 ] - Epoch 235: train==[56.70501 = 0.59398 + 0.60729 + 2.57091 + 0.01214 + 0.00000 + 0.00620 + 884.94450]
[ INFO : 2026-08-18 00:30:14,809 ] - Test_@[5, 10, 20, 50]: Recall=[0.03589, 0.05840, 0.09364, 0.15481],  precision=[0.00718, 0.00584, 0.00468, 0.00310], hit=[0.03589, 0.05840, 0.09364, 0.15481], ndcg=[0.02353, 0.03065, 0.03951, 0.05168], Train Rec Loss=[0.03261], Eval Rec Loss=[0.03254], c=[0.50000], F=[0.85671, 0.89327, 0.92267, 0.95786], F_fuse=[0.01424, 0.01160, 0.00932, 0.00617]
[ INFO : 2026-08-18 00:31:10,391 ] - Epoch 236: train==[56.70866 = 0.59182 + 0.60729 + 2.57751 + 0.01215 + 0.00000 + 0.00540 + 884.94450]
[ INFO : 2026-08-18 00:31:16,144 ] - Test_@[5, 10, 20, 50]: Recall=[0.03622, 0.05742, 0.09331, 0.15334],  precision=[0.00724, 0.00574, 0.00467, 0.00307], hit=[0.03622, 0.05742, 0.09331, 0.15334], ndcg=[0.02388, 0.03058, 0.03962, 0.05152], Train Rec Loss=[0.03260], Eval Rec Loss=[0.03254], c=[0.50000], F=[0.85687, 0.89403, 0.92233, 0.95712], F_fuse=[0.01436, 0.01141, 0.00928, 0.00611]
[ INFO : 2026-08-18 00:32:11,065 ] - Epoch 237: train==[56.70374 = 0.59210 + 0.60729 + 2.57297 + 0.01215 + 0.00000 + 0.00475 + 884.94450]
[ INFO : 2026-08-18 00:32:16,637 ] - Test_@[5, 10, 20, 50]: Recall=[0.03654, 0.05856, 0.09543, 0.15432],  precision=[0.00731, 0.00586, 0.00477, 0.00309], hit=[0.03654, 0.05856, 0.09543, 0.15432], ndcg=[0.02419, 0.03113, 0.04040, 0.05207], Train Rec Loss=[0.03260], Eval Rec Loss=[0.03254], c=[0.50000], F=[0.85691, 0.89469, 0.92452, 0.95801], F_fuse=[0.01449, 0.01164, 0.00949, 0.00615]
[ INFO : 2026-08-18 00:33:11,537 ] - Epoch 238: train==[56.68247 = 0.58783 + 0.60729 + 2.55661 + 0.01214 + 0.00000 + 0.00412 + 884.94450]
[ INFO : 2026-08-18 00:33:17,221 ] - Test_@[5, 10, 20, 50]: Recall=[0.03573, 0.05726, 0.09413, 0.15269],  precision=[0.00715, 0.00573, 0.00471, 0.00305], hit=[0.03573, 0.05726, 0.09413, 0.15269], ndcg=[0.02343, 0.03027, 0.03950, 0.05116], Train Rec Loss=[0.03260], Eval Rec Loss=[0.03253], c=[0.50000], F=[0.85749, 0.89199, 0.92282, 0.95775], F_fuse=[0.01417, 0.01138, 0.00936, 0.00609]
[ INFO : 2026-08-18 00:34:12,419 ] - Epoch 239: train==[56.59038 = 0.58788 + 0.60729 + 2.46386 + 0.01227 + 0.00000 + 0.00459 + 884.94450]
[ INFO : 2026-08-18 00:34:19,151 ] - Test_@[5, 10, 20, 50]: Recall=[0.03997, 0.06215, 0.09918, 0.15530],  precision=[0.00799, 0.00622, 0.00496, 0.00311], hit=[0.03997, 0.06215, 0.09918, 0.15530], ndcg=[0.02569, 0.03268, 0.04194, 0.05311], Train Rec Loss=[0.03260], Eval Rec Loss=[0.03253], c=[0.50000], F=[0.85696, 0.89536, 0.92328, 0.95734], F_fuse=[0.01584, 0.01234, 0.00987, 0.00619]
[ INFO : 2026-08-18 00:35:14,359 ] - Epoch 240: train==[56.64009 = 0.58623 + 0.60729 + 2.51511 + 0.01212 + 0.00000 + 0.00486 + 884.94450]
[ INFO : 2026-08-18 00:35:19,962 ] - Test_@[5, 10, 20, 50]: Recall=[0.03915, 0.06215, 0.09821, 0.16020],  precision=[0.00783, 0.00622, 0.00491, 0.00320], hit=[0.03915, 0.06215, 0.09821, 0.16020], ndcg=[0.02547, 0.03276, 0.04180, 0.05407], Train Rec Loss=[0.03260], Eval Rec Loss=[0.03253], c=[0.50000], F=[0.85623, 0.89297, 0.92193, 0.95743], F_fuse=[0.01552, 0.01234, 0.00977, 0.00639]
[ INFO : 2026-08-18 00:36:15,696 ] - Epoch 241: train==[56.66553 = 0.58358 + 0.60729 + 2.54291 + 0.01217 + 0.00000 + 0.00510 + 884.94450]
[ INFO : 2026-08-18 00:36:22,009 ] - Test_@[5, 10, 20, 50]: Recall=[0.04013, 0.06395, 0.10098, 0.16199],  precision=[0.00803, 0.00639, 0.00505, 0.00324], hit=[0.04013, 0.06395, 0.10098, 0.16199], ndcg=[0.02681, 0.03435, 0.04364, 0.05567], Train Rec Loss=[0.03260], Eval Rec Loss=[0.03253], c=[0.50000], F=[0.85768, 0.89540, 0.92495, 0.95840], F_fuse=[0.01590, 0.01270, 0.01004, 0.00646]
[ INFO : 2026-08-18 00:37:17,375 ] - Epoch 242: train==[56.58417 = 0.58128 + 0.60729 + 2.46418 + 0.01217 + 0.00000 + 0.00476 + 884.94450]
[ INFO : 2026-08-18 00:37:23,192 ] - Test_@[5, 10, 20, 50]: Recall=[0.03736, 0.05922, 0.09543, 0.15514],  precision=[0.00747, 0.00592, 0.00477, 0.00310], hit=[0.03736, 0.05922, 0.09543, 0.15514], ndcg=[0.02498, 0.03192, 0.04103, 0.05287], Train Rec Loss=[0.03259], Eval Rec Loss=[0.03254], c=[0.50000], F=[0.85724, 0.89450, 0.92435, 0.95870], F_fuse=[0.01481, 0.01177, 0.00949, 0.00619]
[ INFO : 2026-08-18 00:38:17,917 ] - Epoch 243: train==[56.60951 = 0.58009 + 0.60729 + 2.49066 + 0.01216 + 0.00000 + 0.00483 + 884.94450]
[ INFO : 2026-08-18 00:38:23,681 ] - Test_@[5, 10, 20, 50]: Recall=[0.03622, 0.05922, 0.09380, 0.15253],  precision=[0.00724, 0.00592, 0.00469, 0.00305], hit=[0.03622, 0.05922, 0.09380, 0.15253], ndcg=[0.02401, 0.03128, 0.03996, 0.05162], Train Rec Loss=[0.03260], Eval Rec Loss=[0.03252], c=[0.50000], F=[0.85598, 0.89403, 0.92292, 0.95793], F_fuse=[0.01436, 0.01177, 0.00933, 0.00608]
[ INFO : 2026-08-18 00:39:18,702 ] - Epoch 244: train==[56.57178 = 0.58032 + 0.60729 + 2.45308 + 0.01220 + 0.00000 + 0.00440 + 884.94450]
[ INFO : 2026-08-18 00:39:24,354 ] - Test_@[5, 10, 20, 50]: Recall=[0.03670, 0.06020, 0.09706, 0.15759],  precision=[0.00734, 0.00602, 0.00485, 0.00315], hit=[0.03670, 0.06020, 0.09706, 0.15759], ndcg=[0.02442, 0.03189, 0.04109, 0.05306], Train Rec Loss=[0.03259], Eval Rec Loss=[0.03253], c=[0.50000], F=[0.85739, 0.89340, 0.92226, 0.95665], F_fuse=[0.01456, 0.01196, 0.00966, 0.00628]
[ INFO : 2026-08-18 00:40:19,636 ] - Epoch 245: train==[56.60319 = 0.57786 + 0.60729 + 2.48714 + 0.01218 + 0.00000 + 0.00424 + 884.94450]
[ INFO : 2026-08-18 00:40:25,296 ] - Test_@[5, 10, 20, 50]: Recall=[0.03817, 0.06085, 0.09641, 0.15824],  precision=[0.00763, 0.00608, 0.00482, 0.00316], hit=[0.03817, 0.06085, 0.09641, 0.15824], ndcg=[0.02533, 0.03246, 0.04139, 0.05362], Train Rec Loss=[0.03258], Eval Rec Loss=[0.03252], c=[0.50000], F=[0.85574, 0.89331, 0.92413, 0.95803], F_fuse=[0.01513, 0.01209, 0.00959, 0.00631]
[ INFO : 2026-08-18 00:41:21,515 ] - Epoch 246: train==[56.57490 = 0.57536 + 0.60729 + 2.46164 + 0.01223 + 0.00000 + 0.00389 + 884.94450]
[ INFO : 2026-08-18 00:41:27,421 ] - Test_@[5, 10, 20, 50]: Recall=[0.03866, 0.06052, 0.09951, 0.15775],  precision=[0.00773, 0.00605, 0.00498, 0.00315], hit=[0.03866, 0.06052, 0.09951, 0.15775], ndcg=[0.02544, 0.03235, 0.04206, 0.05361], Train Rec Loss=[0.03260], Eval Rec Loss=[0.03253], c=[0.50000], F=[0.85307, 0.89104, 0.92474, 0.95967], F_fuse=[0.01533, 0.01202, 0.00990, 0.00629]
[ INFO : 2026-08-18 00:42:22,351 ] - Epoch 247: train==[56.58284 = 0.57329 + 0.60729 + 2.47073 + 0.01219 + 0.00000 + 0.00485 + 884.94450]
[ INFO : 2026-08-18 00:42:28,946 ] - Test_@[5, 10, 20, 50]: Recall=[0.03687, 0.06003, 0.09478, 0.15465],  precision=[0.00737, 0.00600, 0.00474, 0.00309], hit=[0.03687, 0.06003, 0.09478, 0.15465], ndcg=[0.02452, 0.03179, 0.04047, 0.05238], Train Rec Loss=[0.03259], Eval Rec Loss=[0.03251], c=[0.50000], F=[0.85158, 0.89263, 0.92385, 0.95877], F_fuse=[0.01462, 0.01193, 0.00943, 0.00617]
[ INFO : 2026-08-18 00:43:24,109 ] - Epoch 248: train==[56.54771 = 0.57389 + 0.60729 + 2.43537 + 0.01225 + 0.00000 + 0.00443 + 884.94450]
[ INFO : 2026-08-18 00:43:30,233 ] - Test_@[5, 10, 20, 50]: Recall=[0.03850, 0.06199, 0.09788, 0.15791],  precision=[0.00770, 0.00620, 0.00489, 0.00316], hit=[0.03850, 0.06199, 0.09788, 0.15791], ndcg=[0.02555, 0.03293, 0.04193, 0.05384], Train Rec Loss=[0.03258], Eval Rec Loss=[0.03252], c=[0.50000], F=[0.85282, 0.89285, 0.92323, 0.95785], F_fuse=[0.01526, 0.01231, 0.00974, 0.00630]
[ INFO : 2026-08-18 00:44:24,943 ] - Epoch 249: train==[56.56665 = 0.57463 + 0.60729 + 2.45417 + 0.01218 + 0.00000 + 0.00389 + 884.94450]
[ INFO : 2026-08-18 00:44:30,569 ] - Test_@[5, 10, 20, 50]: Recall=[0.03768, 0.05987, 0.09674, 0.15726],  precision=[0.00754, 0.00599, 0.00484, 0.00315], hit=[0.03768, 0.05987, 0.09674, 0.15726], ndcg=[0.02474, 0.03177, 0.04098, 0.05300], Train Rec Loss=[0.03258], Eval Rec Loss=[0.03252], c=[0.50000], F=[0.85451, 0.89249, 0.92415, 0.95810], F_fuse=[0.01494, 0.01189, 0.00962, 0.00627]
[ INFO : 2026-08-18 00:45:25,151 ] - Epoch 250: train==[56.56584 = 0.57198 + 0.60730 + 2.45601 + 0.01219 + 0.00000 + 0.00387 + 884.94450]
[ INFO : 2026-08-18 00:45:30,721 ] - Test_@[5, 10, 20, 50]: Recall=[0.03752, 0.06052, 0.09853, 0.15710],  precision=[0.00750, 0.00605, 0.00493, 0.00314], hit=[0.03752, 0.06052, 0.09853, 0.15710], ndcg=[0.02519, 0.03237, 0.04182, 0.05339], Train Rec Loss=[0.03258], Eval Rec Loss=[0.03251], c=[0.50000], F=[0.85283, 0.89486, 0.92500, 0.95879], F_fuse=[0.01488, 0.01202, 0.00980, 0.00626]
[ INFO : 2026-08-18 00:46:26,240 ] - Epoch 251: train==[56.58528 = 0.56882 + 0.60729 + 2.47772 + 0.01223 + 0.00000 + 0.00473 + 884.94450]
[ INFO : 2026-08-18 00:46:31,932 ] - Test_@[5, 10, 20, 50]: Recall=[0.04029, 0.06281, 0.10065, 0.16003],  precision=[0.00806, 0.00628, 0.00503, 0.00320], hit=[0.04029, 0.06281, 0.10065, 0.16003], ndcg=[0.02687, 0.03398, 0.04347, 0.05518], Train Rec Loss=[0.03258], Eval Rec Loss=[0.03252], c=[0.50000], F=[0.85455, 0.89360, 0.92561, 0.95873], F_fuse=[0.01597, 0.01247, 0.01001, 0.00638]
[ INFO : 2026-08-18 00:47:27,084 ] - Epoch 252: train==[56.55125 = 0.56853 + 0.60729 + 2.44448 + 0.01221 + 0.00000 + 0.00425 + 884.94450]
[ INFO : 2026-08-18 00:47:33,057 ] - Test_@[5, 10, 20, 50]: Recall=[0.03736, 0.06052, 0.09804, 0.15612],  precision=[0.00747, 0.00605, 0.00490, 0.00312], hit=[0.03736, 0.06052, 0.09804, 0.15612], ndcg=[0.02498, 0.03228, 0.04166, 0.05317], Train Rec Loss=[0.03258], Eval Rec Loss=[0.03250], c=[0.50000], F=[0.85488, 0.89091, 0.92404, 0.95828], F_fuse=[0.01481, 0.01202, 0.00975, 0.00622]
[ INFO : 2026-08-18 00:48:27,862 ] - Epoch 253: train==[56.57976 = 0.56593 + 0.60729 + 2.47531 + 0.01228 + 0.00000 + 0.00447 + 884.94450]
[ INFO : 2026-08-18 00:48:33,844 ] - Test_@[5, 10, 20, 50]: Recall=[0.03687, 0.05726, 0.09560, 0.15449],  precision=[0.00737, 0.00573, 0.00478, 0.00309], hit=[0.03687, 0.05726, 0.09560, 0.15449], ndcg=[0.02420, 0.03061, 0.04025, 0.05190], Train Rec Loss=[0.03258], Eval Rec Loss=[0.03251], c=[0.50000], F=[0.85390, 0.89183, 0.92264, 0.95788], F_fuse=[0.01462, 0.01138, 0.00951, 0.00616]
[ INFO : 2026-08-18 00:49:28,991 ] - Epoch 254: train==[56.54138 = 0.56726 + 0.60730 + 2.43644 + 0.01227 + 0.00000 + 0.00364 + 884.94450]
[ INFO : 2026-08-18 00:49:34,651 ] - Test_@[5, 10, 20, 50]: Recall=[0.03850, 0.06085, 0.09951, 0.15693],  precision=[0.00770, 0.00608, 0.00498, 0.00314], hit=[0.03850, 0.06085, 0.09951, 0.15693], ndcg=[0.02572, 0.03278, 0.04245, 0.05378], Train Rec Loss=[0.03258], Eval Rec Loss=[0.03251], c=[0.50000], F=[0.85452, 0.89308, 0.92412, 0.95844], F_fuse=[0.01526, 0.01209, 0.00990, 0.00626]
[ INFO : 2026-08-18 00:50:29,352 ] - Epoch 255: train==[56.54502 = 0.56301 + 0.60729 + 2.44345 + 0.01227 + 0.00000 + 0.00453 + 884.94450]
[ INFO : 2026-08-18 00:50:35,179 ] - Test_@[5, 10, 20, 50]: Recall=[0.03801, 0.05922, 0.09837, 0.15693],  precision=[0.00760, 0.00592, 0.00492, 0.00314], hit=[0.03801, 0.05922, 0.09837, 0.15693], ndcg=[0.02577, 0.03242, 0.04225, 0.05381], Train Rec Loss=[0.03258], Eval Rec Loss=[0.03251], c=[0.50000], F=[0.85498, 0.89460, 0.92678, 0.95861], F_fuse=[0.01507, 0.01177, 0.00978, 0.00626]
[ INFO : 2026-08-18 00:51:30,697 ] - Epoch 256: train==[56.54822 = 0.56159 + 0.60730 + 2.44727 + 0.01227 + 0.00000 + 0.00531 + 884.94450]
[ INFO : 2026-08-18 00:51:36,733 ] - Test_@[5, 10, 20, 50]: Recall=[0.03491, 0.05726, 0.09576, 0.15498],  precision=[0.00698, 0.00573, 0.00479, 0.00310], hit=[0.03491, 0.05726, 0.09576, 0.15498], ndcg=[0.02302, 0.03008, 0.03973, 0.05146], Train Rec Loss=[0.03258], Eval Rec Loss=[0.03250], c=[0.50000], F=[0.85341, 0.89011, 0.92175, 0.95631], F_fuse=[0.01385, 0.01138, 0.00953, 0.00618]
[ INFO : 2026-08-18 00:52:31,160 ] - Epoch 257: train==[56.47301 = 0.56076 + 0.60729 + 2.37416 + 0.01224 + 0.00000 + 0.00408 + 884.94450]
[ INFO : 2026-08-18 00:52:36,745 ] - Test_@[5, 10, 20, 50]: Recall=[0.03670, 0.05954, 0.09560, 0.15824],  precision=[0.00734, 0.00595, 0.00478, 0.00316], hit=[0.03670, 0.05954, 0.09560, 0.15824], ndcg=[0.02450, 0.03171, 0.04078, 0.05319], Train Rec Loss=[0.03258], Eval Rec Loss=[0.03251], c=[0.50000], F=[0.85528, 0.89263, 0.92385, 0.95830], F_fuse=[0.01456, 0.01183, 0.00951, 0.00631]
[ INFO : 2026-08-18 00:53:31,560 ] - Epoch 258: train==[56.48807 = 0.55817 + 0.60729 + 2.39205 + 0.01241 + 0.00000 + 0.00367 + 884.94450]
[ INFO : 2026-08-18 00:53:38,960 ] - Test_@[5, 10, 20, 50]: Recall=[0.03899, 0.06199, 0.09739, 0.16134],  precision=[0.00780, 0.00620, 0.00487, 0.00323], hit=[0.03899, 0.06199, 0.09739, 0.16134], ndcg=[0.02582, 0.03305, 0.04196, 0.05465], Train Rec Loss=[0.03258], Eval Rec Loss=[0.03249], c=[0.50000], F=[0.85401, 0.89151, 0.92188, 0.95776], F_fuse=[0.01545, 0.01231, 0.00969, 0.00643]
[ INFO : 2026-08-18 00:54:34,649 ] - Epoch 259: train==[56.52188 = 0.55661 + 0.60729 + 2.42738 + 0.01237 + 0.00000 + 0.00374 + 884.94450]
[ INFO : 2026-08-18 00:54:40,693 ] - Test_@[5, 10, 20, 50]: Recall=[0.03785, 0.05987, 0.10016, 0.15824],  precision=[0.00757, 0.00599, 0.00501, 0.00316], hit=[0.03785, 0.05987, 0.10016, 0.15824], ndcg=[0.02551, 0.03241, 0.04251, 0.05396], Train Rec Loss=[0.03258], Eval Rec Loss=[0.03250], c=[0.50000], F=[0.85516, 0.89463, 0.92694, 0.95855], F_fuse=[0.01501, 0.01189, 0.00996, 0.00631]
[ INFO : 2026-08-18 00:55:35,760 ] - Epoch 260: train==[56.50521 = 0.55612 + 0.60729 + 2.41122 + 0.01225 + 0.00000 + 0.00385 + 884.94450]
[ INFO : 2026-08-18 00:55:41,391 ] - Test_@[5, 10, 20, 50]: Recall=[0.03801, 0.06036, 0.09837, 0.15742],  precision=[0.00760, 0.00604, 0.00492, 0.00315], hit=[0.03801, 0.06036, 0.09837, 0.15742], ndcg=[0.02546, 0.03248, 0.04202, 0.05374], Train Rec Loss=[0.03257], Eval Rec Loss=[0.03251], c=[0.50000], F=[0.85487, 0.89425, 0.92493, 0.95823], F_fuse=[0.01507, 0.01199, 0.00978, 0.00628]
[ INFO : 2026-08-18 00:56:36,323 ] - Epoch 261: train==[56.46451 = 0.55559 + 0.60729 + 2.37036 + 0.01236 + 0.00000 + 0.00443 + 884.94450]
[ INFO : 2026-08-18 00:56:42,165 ] - Test_@[5, 10, 20, 50]: Recall=[0.04111, 0.06378, 0.10082, 0.16199],  precision=[0.00822, 0.00638, 0.00504, 0.00324], hit=[0.04111, 0.06378, 0.10082, 0.16199], ndcg=[0.02703, 0.03414, 0.04342, 0.05551], Train Rec Loss=[0.03257], Eval Rec Loss=[0.03250], c=[0.50000], F=[0.85149, 0.89088, 0.92243, 0.95724], F_fuse=[0.01629, 0.01267, 0.01003, 0.00646]
[ INFO : 2026-08-18 00:57:36,977 ] - Epoch 262: train==[56.50582 = 0.55469 + 0.60729 + 2.41317 + 0.01237 + 0.00000 + 0.00382 + 884.94450]
[ INFO : 2026-08-18 00:57:42,563 ] - Test_@[5, 10, 20, 50]: Recall=[0.03768, 0.06085, 0.10131, 0.15579],  precision=[0.00754, 0.00608, 0.00507, 0.00312], hit=[0.03768, 0.06085, 0.10131, 0.15579], ndcg=[0.02517, 0.03251, 0.04261, 0.05336], Train Rec Loss=[0.03257], Eval Rec Loss=[0.03249], c=[0.50000], F=[0.85199, 0.89031, 0.92311, 0.95757], F_fuse=[0.01494, 0.01209, 0.01008, 0.00621]
[ INFO : 2026-08-18 00:58:39,050 ] - Epoch 263: train==[56.44637 = 0.55400 + 0.60730 + 2.35347 + 0.01235 + 0.00000 + 0.00477 + 884.94450]
[ INFO : 2026-08-18 00:58:44,721 ] - Test_@[5, 10, 20, 50]: Recall=[0.03752, 0.06052, 0.09984, 0.15742],  precision=[0.00750, 0.00605, 0.00499, 0.00315], hit=[0.03752, 0.06052, 0.09984, 0.15742], ndcg=[0.02504, 0.03237, 0.04222, 0.05364], Train Rec Loss=[0.03256], Eval Rec Loss=[0.03250], c=[0.50000], F=[0.85370, 0.88915, 0.91889, 0.95517], F_fuse=[0.01488, 0.01202, 0.00993, 0.00628]
[ INFO : 2026-08-18 00:59:39,757 ] - Epoch 264: train==[56.45757 = 0.54801 + 0.60729 + 2.37118 + 0.01242 + 0.00000 + 0.00418 + 884.94450]
[ INFO : 2026-08-18 00:59:45,638 ] - Test_@[5, 10, 20, 50]: Recall=[0.03834, 0.06297, 0.10000, 0.15808],  precision=[0.00767, 0.00630, 0.00500, 0.00316], hit=[0.03834, 0.06297, 0.10000, 0.15808], ndcg=[0.02588, 0.03361, 0.04290, 0.05442], Train Rec Loss=[0.03257], Eval Rec Loss=[0.03250], c=[0.50000], F=[0.85405, 0.89240, 0.92420, 0.95766], F_fuse=[0.01520, 0.01251, 0.00995, 0.00630]
[ INFO : 2026-08-18 01:00:41,729 ] - Epoch 265: train==[56.48322 = 0.54734 + 0.60730 + 2.39753 + 0.01242 + 0.00000 + 0.00415 + 884.94450]
[ INFO : 2026-08-18 01:00:47,433 ] - Test_@[5, 10, 20, 50]: Recall=[0.03817, 0.06085, 0.09918, 0.15808],  precision=[0.00763, 0.00608, 0.00496, 0.00316], hit=[0.03817, 0.06085, 0.09918, 0.15808], ndcg=[0.02552, 0.03267, 0.04227, 0.05394], Train Rec Loss=[0.03256], Eval Rec Loss=[0.03249], c=[0.50000], F=[0.85460, 0.89274, 0.92276, 0.95672], F_fuse=[0.01513, 0.01209, 0.00987, 0.00630]
[ INFO : 2026-08-18 01:01:43,083 ] - Epoch 266: train==[56.48588 = 0.54867 + 0.60729 + 2.39869 + 0.01236 + 0.00000 + 0.00438 + 884.94450]
[ INFO : 2026-08-18 01:01:49,761 ] - Test_@[5, 10, 20, 50]: Recall=[0.03752, 0.05987, 0.09869, 0.15840],  precision=[0.00750, 0.00599, 0.00493, 0.00317], hit=[0.03752, 0.05987, 0.09869, 0.15840], ndcg=[0.02529, 0.03232, 0.04198, 0.05378], Train Rec Loss=[0.03256], Eval Rec Loss=[0.03251], c=[0.50000], F=[0.85209, 0.89175, 0.92456, 0.95843], F_fuse=[0.01488, 0.01189, 0.00982, 0.00632]
[ INFO : 2026-08-18 01:02:45,061 ] - Epoch 267: train==[56.45272 = 0.54866 + 0.60729 + 2.36590 + 0.01250 + 0.00000 + 0.00390 + 884.94450]
[ INFO : 2026-08-18 01:02:51,653 ] - Test_@[5, 10, 20, 50]: Recall=[0.03850, 0.05954, 0.09690, 0.15693],  precision=[0.00770, 0.00595, 0.00485, 0.00314], hit=[0.03850, 0.05954, 0.09690, 0.15693], ndcg=[0.02587, 0.03245, 0.04182, 0.05373], Train Rec Loss=[0.03256], Eval Rec Loss=[0.03249], c=[0.50000], F=[0.85698, 0.89412, 0.92359, 0.95665], F_fuse=[0.01526, 0.01183, 0.00964, 0.00626]
[ INFO : 2026-08-18 01:03:46,497 ] - Epoch 268: train==[56.43600 = 0.54821 + 0.60729 + 2.34826 + 0.01248 + 0.00000 + 0.00528 + 884.94450]
[ INFO : 2026-08-18 01:03:52,282 ] - Test_@[5, 10, 20, 50]: Recall=[0.03931, 0.06346, 0.10163, 0.15938],  precision=[0.00786, 0.00635, 0.00508, 0.00319], hit=[0.03931, 0.06346, 0.10163, 0.15938], ndcg=[0.02619, 0.03382, 0.04333, 0.05477], Train Rec Loss=[0.03256], Eval Rec Loss=[0.03249], c=[0.50000], F=[0.85241, 0.89177, 0.92582, 0.95927], F_fuse=[0.01558, 0.01260, 0.01011, 0.00635]
[ INFO : 2026-08-18 01:04:48,239 ] - Epoch 269: train==[56.43492 = 0.54490 + 0.60729 + 2.35158 + 0.01256 + 0.00000 + 0.00411 + 884.94450]
[ INFO : 2026-08-18 01:04:53,854 ] - Test_@[5, 10, 20, 50]: Recall=[0.03622, 0.05644, 0.09445, 0.15579],  precision=[0.00724, 0.00564, 0.00472, 0.00312], hit=[0.03622, 0.05644, 0.09445, 0.15579], ndcg=[0.02394, 0.03036, 0.03993, 0.05202], Train Rec Loss=[0.03256], Eval Rec Loss=[0.03248], c=[0.50000], F=[0.85743, 0.89405, 0.92512, 0.95751], F_fuse=[0.01436, 0.01122, 0.00940, 0.00621]
[ INFO : 2026-08-18 01:05:48,486 ] - Epoch 270: train==[56.42425 = 0.54478 + 0.60730 + 2.34031 + 0.01246 + 0.00000 + 0.00492 + 884.94450]
[ INFO : 2026-08-18 01:05:54,503 ] - Test_@[5, 10, 20, 50]: Recall=[0.03964, 0.06215, 0.09935, 0.16069],  precision=[0.00793, 0.00622, 0.00497, 0.00321], hit=[0.03964, 0.06215, 0.09935, 0.16069], ndcg=[0.02595, 0.03310, 0.04243, 0.05455], Train Rec Loss=[0.03256], Eval Rec Loss=[0.03249], c=[0.50000], F=[0.86169, 0.89525, 0.92410, 0.95740], F_fuse=[0.01571, 0.01234, 0.00988, 0.00641]
[ INFO : 2026-08-18 01:06:49,469 ] - Epoch 271: train==[56.44390 = 0.54101 + 0.60729 + 2.36323 + 0.01254 + 0.00000 + 0.00534 + 884.94450]
[ INFO : 2026-08-18 01:06:55,741 ] - Test_@[5, 10, 20, 50]: Recall=[0.03605, 0.05693, 0.09511, 0.15628],  precision=[0.00721, 0.00569, 0.00476, 0.00313], hit=[0.03605, 0.05693, 0.09511, 0.15628], ndcg=[0.02369, 0.03031, 0.03995, 0.05207], Train Rec Loss=[0.03255], Eval Rec Loss=[0.03249], c=[0.50000], F=[0.85301, 0.89098, 0.92426, 0.95774], F_fuse=[0.01430, 0.01131, 0.00946, 0.00623]
[ INFO : 2026-08-18 01:07:51,109 ] - Epoch 272: train==[56.44100 = 0.54105 + 0.60729 + 2.36146 + 0.01245 + 0.00000 + 0.00426 + 884.94450]
[ INFO : 2026-08-18 01:07:56,881 ] - Test_@[5, 10, 20, 50]: Recall=[0.03883, 0.05905, 0.09788, 0.16150],  precision=[0.00777, 0.00591, 0.00489, 0.00323], hit=[0.03883, 0.05905, 0.09788, 0.16150], ndcg=[0.02550, 0.03192, 0.04169, 0.05429], Train Rec Loss=[0.03256], Eval Rec Loss=[0.03250], c=[0.50000], F=[0.85350, 0.88977, 0.92159, 0.95559], F_fuse=[0.01539, 0.01173, 0.00974, 0.00644]
[ INFO : 2026-08-18 01:08:51,794 ] - Epoch 273: train==[56.41332 = 0.53887 + 0.60729 + 2.33587 + 0.01250 + 0.00000 + 0.00430 + 884.94450]
[ INFO : 2026-08-18 01:08:57,420 ] - Test_@[5, 10, 20, 50]: Recall=[0.04192, 0.06411, 0.10310, 0.16395],  precision=[0.00838, 0.00641, 0.00515, 0.00328], hit=[0.04192, 0.06411, 0.10310, 0.16395], ndcg=[0.02801, 0.03502, 0.04490, 0.05697], Train Rec Loss=[0.03256], Eval Rec Loss=[0.03250], c=[0.50000], F=[0.85304, 0.89208, 0.92499, 0.95820], F_fuse=[0.01661, 0.01273, 0.01025, 0.00654]
[ INFO : 2026-08-18 01:09:53,182 ] - Epoch 274: train==[56.41769 = 0.53766 + 0.60729 + 2.34053 + 0.01251 + 0.00000 + 0.00521 + 884.94450]
[ INFO : 2026-08-18 01:09:59,018 ] - Test_@[5, 10, 20, 50]: Recall=[0.03948, 0.06199, 0.10016, 0.16232],  precision=[0.00790, 0.00620, 0.00501, 0.00325], hit=[0.03948, 0.06199, 0.10016, 0.16232], ndcg=[0.02653, 0.03365, 0.04327, 0.05557], Train Rec Loss=[0.03255], Eval Rec Loss=[0.03249], c=[0.50000], F=[0.85640, 0.89237, 0.92261, 0.95682], F_fuse=[0.01565, 0.01231, 0.00996, 0.00647]
[ INFO : 2026-08-18 01:10:54,017 ] - Epoch 275: train==[56.38521 = 0.53961 + 0.60729 + 2.30661 + 0.01256 + 0.00000 + 0.00466 + 884.94450]
[ INFO : 2026-08-18 01:11:00,015 ] - Test_@[5, 10, 20, 50]: Recall=[0.03785, 0.05742, 0.09690, 0.15677],  precision=[0.00757, 0.00574, 0.00485, 0.00314], hit=[0.03785, 0.05742, 0.09690, 0.15677], ndcg=[0.02533, 0.03152, 0.04145, 0.05331], Train Rec Loss=[0.03255], Eval Rec Loss=[0.03248], c=[0.50000], F=[0.85491, 0.89336, 0.92428, 0.95753], F_fuse=[0.01501, 0.01141, 0.00964, 0.00625]
[ INFO : 2026-08-18 01:11:54,710 ] - Epoch 276: train==[56.37391 = 0.53621 + 0.60730 + 2.29868 + 0.01258 + 0.00000 + 0.00466 + 884.94450]
[ INFO : 2026-08-18 01:12:00,371 ] - Test_@[5, 10, 20, 50]: Recall=[0.03654, 0.05661, 0.09413, 0.15563],  precision=[0.00731, 0.00566, 0.00471, 0.00311], hit=[0.03654, 0.05661, 0.09413, 0.15563], ndcg=[0.02406, 0.03040, 0.03986, 0.05210], Train Rec Loss=[0.03255], Eval Rec Loss=[0.03249], c=[0.50000], F=[0.85236, 0.89131, 0.92417, 0.95777], F_fuse=[0.01449, 0.01125, 0.00937, 0.00620]
[ INFO : 2026-08-18 01:12:55,231 ] - Epoch 277: train==[56.42745 = 0.53375 + 0.60729 + 2.35399 + 0.01253 + 0.00000 + 0.00540 + 884.94450]
[ INFO : 2026-08-18 01:13:01,478 ] - Test_@[5, 10, 20, 50]: Recall=[0.03834, 0.05987, 0.09706, 0.15791],  precision=[0.00767, 0.00599, 0.00485, 0.00316], hit=[0.03834, 0.05987, 0.09706, 0.15791], ndcg=[0.02599, 0.03275, 0.04211, 0.05419], Train Rec Loss=[0.03255], Eval Rec Loss=[0.03249], c=[0.50000], F=[0.85298, 0.89123, 0.92288, 0.95723], F_fuse=[0.01520, 0.01189, 0.00966, 0.00630]
[ INFO : 2026-08-18 01:13:57,532 ] - Epoch 278: train==[56.39742 = 0.53360 + 0.60730 + 2.32506 + 0.01257 + 0.00000 + 0.00441 + 884.94450]
[ INFO : 2026-08-18 01:14:04,134 ] - Test_@[5, 10, 20, 50]: Recall=[0.03719, 0.05840, 0.09592, 0.15889],  precision=[0.00744, 0.00584, 0.00480, 0.00318], hit=[0.03719, 0.05840, 0.09592, 0.15889], ndcg=[0.02548, 0.03214, 0.04159, 0.05406], Train Rec Loss=[0.03255], Eval Rec Loss=[0.03247], c=[0.50000], F=[0.85299, 0.89252, 0.92706, 0.95860], F_fuse=[0.01475, 0.01160, 0.00954, 0.00633]
[ INFO : 2026-08-18 01:14:59,556 ] - Epoch 279: train==[56.38650 = 0.53323 + 0.60729 + 2.31389 + 0.01256 + 0.00000 + 0.00505 + 884.94450]
[ INFO : 2026-08-18 01:15:05,249 ] - Test_@[5, 10, 20, 50]: Recall=[0.03654, 0.05775, 0.09592, 0.15612],  precision=[0.00731, 0.00577, 0.00480, 0.00312], hit=[0.03654, 0.05775, 0.09592, 0.15612], ndcg=[0.02429, 0.03110, 0.04072, 0.05268], Train Rec Loss=[0.03255], Eval Rec Loss=[0.03248], c=[0.50000], F=[0.85390, 0.89061, 0.92234, 0.95637], F_fuse=[0.01449, 0.01148, 0.00954, 0.00622]
[ INFO : 2026-08-18 01:15:59,654 ] - Epoch 280: train==[56.38781 = 0.52923 + 0.60729 + 2.31950 + 0.01254 + 0.00000 + 0.00477 + 884.94450]
[ INFO : 2026-08-18 01:16:05,363 ] - Test_@[5, 10, 20, 50]: Recall=[0.03931, 0.06036, 0.10114, 0.16036],  precision=[0.00786, 0.00604, 0.00506, 0.00321], hit=[0.03931, 0.06036, 0.10114, 0.16036], ndcg=[0.02654, 0.03320, 0.04346, 0.05517], Train Rec Loss=[0.03255], Eval Rec Loss=[0.03249], c=[0.50000], F=[0.85374, 0.89138, 0.92441, 0.95727], F_fuse=[0.01558, 0.01199, 0.01006, 0.00639]
[ INFO : 2026-08-18 01:17:00,278 ] - Epoch 281: train==[56.39179 = 0.52957 + 0.60730 + 2.32395 + 0.01261 + 0.00000 + 0.00388 + 884.94450]
[ INFO : 2026-08-18 01:17:06,322 ] - Test_@[5, 10, 20, 50]: Recall=[0.03866, 0.05938, 0.09853, 0.16003],  precision=[0.00773, 0.00594, 0.00493, 0.00320], hit=[0.03866, 0.05938, 0.09853, 0.16003], ndcg=[0.02586, 0.03236, 0.04220, 0.05436], Train Rec Loss=[0.03254], Eval Rec Loss=[0.03248], c=[0.50000], F=[0.85399, 0.88988, 0.92316, 0.95650], F_fuse=[0.01533, 0.01180, 0.00980, 0.00638]
[ INFO : 2026-08-18 01:18:01,156 ] - Epoch 282: train==[56.36760 = 0.52905 + 0.60729 + 2.30045 + 0.01267 + 0.00000 + 0.00365 + 884.94450]
[ INFO : 2026-08-18 01:18:08,467 ] - Test_@[5, 10, 20, 50]: Recall=[0.03850, 0.05889, 0.09886, 0.16020],  precision=[0.00770, 0.00589, 0.00494, 0.00320], hit=[0.03850, 0.05889, 0.09886, 0.16020], ndcg=[0.02559, 0.03204, 0.04208, 0.05423], Train Rec Loss=[0.03254], Eval Rec Loss=[0.03248], c=[0.50000], F=[0.85420, 0.89036, 0.92213, 0.95615], F_fuse=[0.01526, 0.01170, 0.00983, 0.00639]
[ INFO : 2026-08-18 01:19:03,650 ] - Epoch 283: train==[56.39776 = 0.52655 + 0.60729 + 2.33285 + 0.01269 + 0.00000 + 0.00390 + 884.94450]
[ INFO : 2026-08-18 01:19:09,400 ] - Test_@[5, 10, 20, 50]: Recall=[0.03768, 0.05971, 0.09853, 0.15612],  precision=[0.00754, 0.00597, 0.00493, 0.00312], hit=[0.03768, 0.05971, 0.09853, 0.15612], ndcg=[0.02529, 0.03221, 0.04191, 0.05335], Train Rec Loss=[0.03254], Eval Rec Loss=[0.03247], c=[0.50000], F=[0.85247, 0.89150, 0.92291, 0.95679], F_fuse=[0.01494, 0.01186, 0.00980, 0.00622]
[ INFO : 2026-08-18 01:20:04,703 ] - Epoch 284: train==[56.37186 = 0.52665 + 0.60729 + 2.30667 + 0.01260 + 0.00000 + 0.00417 + 884.94450]
[ INFO : 2026-08-18 01:20:10,501 ] - Test_@[5, 10, 20, 50]: Recall=[0.03703, 0.05791, 0.09592, 0.15579],  precision=[0.00741, 0.00579, 0.00480, 0.00312], hit=[0.03703, 0.05791, 0.09592, 0.15579], ndcg=[0.02480, 0.03137, 0.04092, 0.05276], Train Rec Loss=[0.03254], Eval Rec Loss=[0.03247], c=[0.50000], F=[0.85162, 0.88858, 0.92118, 0.95491], F_fuse=[0.01468, 0.01151, 0.00954, 0.00621]
[ INFO : 2026-08-18 01:21:05,589 ] - Epoch 285: train==[56.41587 = 0.52365 + 0.60730 + 2.35331 + 0.01256 + 0.00000 + 0.00457 + 884.94450]
[ INFO : 2026-08-18 01:21:11,137 ] - Test_@[5, 10, 20, 50]: Recall=[0.03703, 0.05661, 0.09315, 0.15612],  precision=[0.00741, 0.00566, 0.00466, 0.00312], hit=[0.03703, 0.05661, 0.09315, 0.15612], ndcg=[0.02518, 0.03136, 0.04053, 0.05299], Train Rec Loss=[0.03254], Eval Rec Loss=[0.03247], c=[0.50000], F=[0.85054, 0.89117, 0.92602, 0.95861], F_fuse=[0.01468, 0.01125, 0.00927, 0.00622]
[ INFO : 2026-08-18 01:22:05,728 ] - Epoch 286: train==[56.35134 = 0.52492 + 0.60729 + 2.28688 + 0.01273 + 0.00000 + 0.00503 + 884.94450]
[ INFO : 2026-08-18 01:22:11,427 ] - Test_@[5, 10, 20, 50]: Recall=[0.03915, 0.06150, 0.09935, 0.16036],  precision=[0.00783, 0.00615, 0.00497, 0.00321], hit=[0.03915, 0.06150, 0.09935, 0.16036], ndcg=[0.02675, 0.03386, 0.04337, 0.05548], Train Rec Loss=[0.03254], Eval Rec Loss=[0.03247], c=[0.50000], F=[0.85384, 0.89055, 0.92380, 0.95675], F_fuse=[0.01552, 0.01222, 0.00988, 0.00639]
[ INFO : 2026-08-18 01:23:06,300 ] - Epoch 287: train==[56.34979 = 0.52267 + 0.60729 + 2.28705 + 0.01263 + 0.00000 + 0.00566 + 884.94450]
[ INFO : 2026-08-18 01:23:12,061 ] - Test_@[5, 10, 20, 50]: Recall=[0.03834, 0.06150, 0.09837, 0.15922],  precision=[0.00767, 0.00615, 0.00492, 0.00318], hit=[0.03834, 0.06150, 0.09837, 0.15922], ndcg=[0.02611, 0.03350, 0.04274, 0.05481], Train Rec Loss=[0.03254], Eval Rec Loss=[0.03247], c=[0.50000], F=[0.85234, 0.89044, 0.92538, 0.95778], F_fuse=[0.01520, 0.01222, 0.00978, 0.00635]
[ INFO : 2026-08-18 01:24:06,700 ] - Epoch 288: train==[56.33153 = 0.52211 + 0.60729 + 2.27051 + 0.01263 + 0.00000 + 0.00451 + 884.94450]
[ INFO : 2026-08-18 01:24:12,535 ] - Test_@[5, 10, 20, 50]: Recall=[0.03931, 0.05954, 0.09918, 0.16052],  precision=[0.00786, 0.00595, 0.00496, 0.00321], hit=[0.03931, 0.05954, 0.09918, 0.16052], ndcg=[0.02616, 0.03254, 0.04251, 0.05467], Train Rec Loss=[0.03254], Eval Rec Loss=[0.03246], c=[0.50000], F=[0.85523, 0.89026, 0.92181, 0.95621], F_fuse=[0.01558, 0.01183, 0.00987, 0.00640]
[ INFO : 2026-08-18 01:25:07,574 ] - Epoch 289: train==[56.34804 = 0.51807 + 0.60729 + 2.29165 + 0.01266 + 0.00000 + 0.00388 + 884.94450]
[ INFO : 2026-08-18 01:25:13,194 ] - Test_@[5, 10, 20, 50]: Recall=[0.03719, 0.05677, 0.09690, 0.15889],  precision=[0.00744, 0.00568, 0.00485, 0.00318], hit=[0.03719, 0.05677, 0.09690, 0.15889], ndcg=[0.02512, 0.03128, 0.04144, 0.05374], Train Rec Loss=[0.03253], Eval Rec Loss=[0.03246], c=[0.50000], F=[0.85373, 0.88928, 0.92143, 0.95556], F_fuse=[0.01475, 0.01128, 0.00964, 0.00633]
[ INFO : 2026-08-18 01:26:09,214 ] - Epoch 290: train==[56.31005 = 0.51613 + 0.60730 + 2.25519 + 0.01273 + 0.00000 + 0.00423 + 884.94450]
[ INFO : 2026-08-18 01:26:15,413 ] - Test_@[5, 10, 20, 50]: Recall=[0.03948, 0.06069, 0.09853, 0.16085],  precision=[0.00790, 0.00607, 0.00493, 0.00322], hit=[0.03948, 0.06069, 0.09853, 0.16085], ndcg=[0.02637, 0.03308, 0.04261, 0.05499], Train Rec Loss=[0.03253], Eval Rec Loss=[0.03247], c=[0.50000], F=[0.85334, 0.88880, 0.92253, 0.95594], F_fuse=[0.01565, 0.01205, 0.00980, 0.00641]
[ INFO : 2026-08-18 01:27:09,762 ] - Epoch 291: train==[56.29649 = 0.51680 + 0.60729 + 2.24110 + 0.01272 + 0.00000 + 0.00410 + 884.94450]
[ INFO : 2026-08-18 01:27:15,491 ] - Test_@[5, 10, 20, 50]: Recall=[0.03687, 0.05612, 0.09413, 0.15481],  precision=[0.00737, 0.00561, 0.00471, 0.00310], hit=[0.03687, 0.05612, 0.09413, 0.15481], ndcg=[0.02482, 0.03087, 0.04046, 0.05255], Train Rec Loss=[0.03253], Eval Rec Loss=[0.03247], c=[0.50000], F=[0.85176, 0.89008, 0.92489, 0.95918], F_fuse=[0.01462, 0.01115, 0.00937, 0.00617]
[ INFO : 2026-08-18 01:28:10,359 ] - Epoch 292: train==[56.33867 = 0.51713 + 0.60730 + 2.28225 + 0.01268 + 0.00000 + 0.00484 + 884.94450]
[ INFO : 2026-08-18 01:28:17,537 ] - Test_@[5, 10, 20, 50]: Recall=[0.03850, 0.06183, 0.09902, 0.16281],  precision=[0.00770, 0.00618, 0.00495, 0.00326], hit=[0.03850, 0.06183, 0.09902, 0.16281], ndcg=[0.02583, 0.03324, 0.04258, 0.05525], Train Rec Loss=[0.03253], Eval Rec Loss=[0.03246], c=[0.50000], F=[0.85574, 0.89139, 0.92395, 0.95698], F_fuse=[0.01526, 0.01228, 0.00985, 0.00649]
[ INFO : 2026-08-18 01:29:12,408 ] - Epoch 293: train==[56.27546 = 0.51547 + 0.60729 + 2.22156 + 0.01281 + 0.00000 + 0.00385 + 884.94450]
[ INFO : 2026-08-18 01:29:18,154 ] - Test_@[5, 10, 20, 50]: Recall=[0.03899, 0.05971, 0.09755, 0.16036],  precision=[0.00780, 0.00597, 0.00488, 0.00321], hit=[0.03899, 0.05971, 0.09755, 0.16036], ndcg=[0.02597, 0.03252, 0.04208, 0.05453], Train Rec Loss=[0.03253], Eval Rec Loss=[0.03246], c=[0.50000], F=[0.85371, 0.88882, 0.92134, 0.95529], F_fuse=[0.01545, 0.01186, 0.00970, 0.00639]
[ INFO : 2026-08-18 01:30:13,358 ] - Epoch 294: train==[56.31067 = 0.51251 + 0.60730 + 2.25941 + 0.01268 + 0.00000 + 0.00429 + 884.94450]
[ INFO : 2026-08-18 01:30:19,111 ] - Test_@[5, 10, 20, 50]: Recall=[0.03931, 0.06134, 0.10082, 0.16248],  precision=[0.00786, 0.00613, 0.00504, 0.00325], hit=[0.03931, 0.06134, 0.10082, 0.16248], ndcg=[0.02657, 0.03354, 0.04343, 0.05562], Train Rec Loss=[0.03252], Eval Rec Loss=[0.03246], c=[0.50000], F=[0.85080, 0.88988, 0.92482, 0.95850], F_fuse=[0.01558, 0.01218, 0.01003, 0.00648]
[ INFO : 2026-08-18 01:31:14,890 ] - Epoch 295: train==[56.34617 = 0.51181 + 0.60730 + 2.29548 + 0.01270 + 0.00000 + 0.00440 + 884.94450]
[ INFO : 2026-08-18 01:31:20,545 ] - Test_@[5, 10, 20, 50]: Recall=[0.03752, 0.05824, 0.09657, 0.15628],  precision=[0.00750, 0.00582, 0.00483, 0.00313], hit=[0.03752, 0.05824, 0.09657, 0.15628], ndcg=[0.02471, 0.03128, 0.04092, 0.05276], Train Rec Loss=[0.03252], Eval Rec Loss=[0.03245], c=[0.50000], F=[0.85250, 0.89005, 0.92225, 0.95616], F_fuse=[0.01488, 0.01157, 0.00961, 0.00623]
[ INFO : 2026-08-18 01:32:15,694 ] - Epoch 296: train==[56.34802 = 0.51122 + 0.60729 + 2.29791 + 0.01264 + 0.00000 + 0.00447 + 884.94450]
[ INFO : 2026-08-18 01:32:21,306 ] - Test_@[5, 10, 20, 50]: Recall=[0.03736, 0.05889, 0.09657, 0.15808],  precision=[0.00747, 0.00589, 0.00483, 0.00316], hit=[0.03736, 0.05889, 0.09657, 0.15808], ndcg=[0.02513, 0.03194, 0.04136, 0.05356], Train Rec Loss=[0.03253], Eval Rec Loss=[0.03246], c=[0.50000], F=[0.85273, 0.89173, 0.92405, 0.95738], F_fuse=[0.01481, 0.01170, 0.00961, 0.00630]
[ INFO : 2026-08-18 01:33:17,004 ] - Epoch 297: train==[56.33376 = 0.51214 + 0.60730 + 2.28247 + 0.01268 + 0.00000 + 0.00470 + 884.94450]
[ INFO : 2026-08-18 01:33:22,595 ] - Test_@[5, 10, 20, 50]: Recall=[0.03736, 0.05595, 0.09445, 0.15579],  precision=[0.00747, 0.00560, 0.00472, 0.00312], hit=[0.03736, 0.05595, 0.09445, 0.15579], ndcg=[0.02497, 0.03082, 0.04055, 0.05276], Train Rec Loss=[0.03252], Eval Rec Loss=[0.03246], c=[0.50000], F=[0.85358, 0.89052, 0.92302, 0.95602], F_fuse=[0.01481, 0.01112, 0.00940, 0.00621]
[ INFO : 2026-08-18 01:34:17,544 ] - Epoch 298: train==[56.38498 = 0.50890 + 0.60730 + 2.33690 + 0.01269 + 0.00000 + 0.00472 + 884.94450]
[ INFO : 2026-08-18 01:34:23,565 ] - Test_@[5, 10, 20, 50]: Recall=[0.03703, 0.05873, 0.09804, 0.15677],  precision=[0.00741, 0.00587, 0.00490, 0.00314], hit=[0.03703, 0.05873, 0.09804, 0.15677], ndcg=[0.02506, 0.03196, 0.04179, 0.05343], Train Rec Loss=[0.03253], Eval Rec Loss=[0.03246], c=[0.50000], F=[0.85301, 0.89197, 0.92271, 0.95691], F_fuse=[0.01468, 0.01167, 0.00975, 0.00625]
[ INFO : 2026-08-18 01:35:18,553 ] - Epoch 299: train==[56.31080 = 0.50905 + 0.60729 + 2.26182 + 0.01280 + 0.00000 + 0.00537 + 884.94450]
[ INFO : 2026-08-18 01:35:24,756 ] - Test_@[5, 10, 20, 50]: Recall=[0.03752, 0.05693, 0.09315, 0.15644],  precision=[0.00750, 0.00569, 0.00466, 0.00313], hit=[0.03752, 0.05693, 0.09315, 0.15644], ndcg=[0.02518, 0.03135, 0.04050, 0.05306], Train Rec Loss=[0.03252], Eval Rec Loss=[0.03246], c=[0.50000], F=[0.85423, 0.89042, 0.92261, 0.95576], F_fuse=[0.01488, 0.01131, 0.00927, 0.00624]
[ INFO : 2026-08-18 01:36:19,953 ] - Epoch 300: train==[56.30068 = 0.50569 + 0.60730 + 2.25539 + 0.01277 + 0.00000 + 0.00506 + 884.94450]
[ INFO : 2026-08-18 01:36:25,754 ] - Test_@[5, 10, 20, 50]: Recall=[0.03817, 0.05840, 0.09674, 0.15938],  precision=[0.00763, 0.00584, 0.00484, 0.00319], hit=[0.03817, 0.05840, 0.09674, 0.15938], ndcg=[0.02550, 0.03194, 0.04163, 0.05405], Train Rec Loss=[0.03252], Eval Rec Loss=[0.03246], c=[0.50000], F=[0.85247, 0.89013, 0.92306, 0.95642], F_fuse=[0.01513, 0.01160, 0.00962, 0.00635]
n_users=9308, n_items=6710
n_interactions=65671
n_train=59541, n_test=6130, sparsity=0.00105
Finished Tue Aug 18 01:36:28 AM UTC 2026
