Job 74767 on gpu02; lambda_cf=1.0; group_k=10; seed=8; started Thu Aug  6 11:06:29 AM +07 2026
Thu Aug  6 11:06:29 2026       
+-----------------------------------------------------------------------------------------+
| NVIDIA-SMI 555.42.02              Driver Version: 555.42.02      CUDA Version: 12.5     |
|-----------------------------------------+------------------------+----------------------+
| GPU  Name                 Persistence-M | Bus-Id          Disp.A | Volatile Uncorr. ECC |
| Fan  Temp   Perf          Pwr:Usage/Cap |           Memory-Usage | GPU-Util  Compute M. |
|                                         |                        |               MIG M. |
|=========================================+========================+======================|
|   0  NVIDIA A100-PCIE-40GB          Off |   00000000:63:00.0 Off |                    0 |
| N/A   29C    P0             33W /  250W |       1MiB /  40960MiB |      0%      Default |
|                                         |                        |             Disabled |
+-----------------------------------------+------------------------+----------------------+
                                                                                         
+-----------------------------------------------------------------------------------------+
| Processes:                                                                              |
|  GPU   GI   CI        PID   Type   Process name                              GPU Memory |
|        ID   ID                                                               Usage      |
|=========================================================================================|
|  No running processes found                                                             |
+-----------------------------------------------------------------------------------------+
[ INFO : 2026-08-06 11:07:02,705 ] - Preprocess missing values with zero
[ INFO : 2026-08-06 11:07:03,263 ] - Pretrained diffusion model is loaded from: ./checkpoint/allrecipes/best_model.pth
[ INFO : 2026-08-06 11:07:03,724 ] - Completed data loaded from: ./checkpoint/allrecipes/completed_data.pkl
/media/lhbac29/raid-cf/main.py:106: DeprecationWarning: Please import `csr_matrix` from the `scipy.sparse` namespace; the `scipy.sparse.csr` namespace is deprecated and will be removed in SciPy 2.0.0.
  self.ui_graph = self.ui_graph_raw = pickle.load(open('./data/' + self.dataset + '/train_mat', 'rb'))
[ INFO : 2026-08-06 11:07:03,833 ] - Missing rate = 0.400000, complete strategy: zero
[ INFO : 2026-08-06 11:08:22,562 ] - Epoch 1: train==[128.42876 = 1.24313 + 0.86307 + 29.29273 + 0.00022 + 0.00000 + 5.35020 + 613.49759]
[ INFO : 2026-08-06 11:08:29,457 ] - Test_@[5, 10, 20, 50]: Recall=[0.00908, 0.01611, 0.02902, 0.05818],  precision=[0.00182, 0.00161, 0.00145, 0.00116], hit=[0.00908, 0.01611, 0.02902, 0.05818], ndcg=[0.00454, 0.00688, 0.01012, 0.01588], Train Rec Loss=[0.04958], Eval Rec Loss=[0.05001], c=[0.50000], F=[0.81663, 0.89704, 0.92094, 0.84253], F_fuse=[0.00362, 0.00322, 0.00290, 0.00232]
[ INFO : 2026-08-06 11:09:56,384 ] - Epoch 2: train==[126.16211 = 0.81466 + 0.85491 + 28.98717 + 0.00024 + 0.00000 + 3.73799 + 614.06071]
[ INFO : 2026-08-06 11:10:03,324 ] - Test_@[5, 10, 20, 50]: Recall=[0.01739, 0.02314, 0.03491, 0.06061],  precision=[0.00348, 0.00231, 0.00175, 0.00121], hit=[0.01739, 0.02314, 0.03491, 0.06061], ndcg=[0.00941, 0.01132, 0.01418, 0.01925], Train Rec Loss=[0.04955], Eval Rec Loss=[0.04987], c=[0.50000], F=[0.81008, 0.81897, 0.72549, 0.77683], F_fuse=[0.00693, 0.00462, 0.00348, 0.00242]
[ INFO : 2026-08-06 11:11:29,552 ] - Epoch 3: train==[124.88678 = 0.78181 + 0.85411 + 28.53136 + 0.00027 + 0.00000 + 2.95527 + 614.03738]
[ INFO : 2026-08-06 11:11:36,506 ] - Test_@[5, 10, 20, 50]: Recall=[0.01739, 0.02634, 0.03695, 0.05805],  precision=[0.00348, 0.00263, 0.00185, 0.00116], hit=[0.01739, 0.02634, 0.03695, 0.05805], ndcg=[0.01116, 0.01398, 0.01660, 0.02073], Train Rec Loss=[0.04935], Eval Rec Loss=[0.04976], c=[0.50000], F=[0.75745, 0.63942, 0.68993, 0.75541], F_fuse=[0.00692, 0.00525, 0.00369, 0.00232]
[ INFO : 2026-08-06 11:13:03,297 ] - Epoch 4: train==[123.82740 = 0.77776 + 0.85407 + 27.96866 + 0.00031 + 0.00000 + 2.46690 + 614.00878]
[ INFO : 2026-08-06 11:13:10,268 ] - Test_@[5, 10, 20, 50]: Recall=[0.01432, 0.02660, 0.03708, 0.06879],  precision=[0.00286, 0.00266, 0.00185, 0.00138], hit=[0.01432, 0.02660, 0.03708, 0.06879], ndcg=[0.01055, 0.01450, 0.01706, 0.02310], Train Rec Loss=[0.04944], Eval Rec Loss=[0.04983], c=[0.50000], F=[0.75739, 0.64020, 0.67672, 0.75416], F_fuse=[0.00571, 0.00530, 0.00370, 0.00275]
[ INFO : 2026-08-06 11:14:40,489 ] - Epoch 5: train==[122.84596 = 0.77713 + 0.85409 + 27.32595 + 0.00036 + 0.00000 + 2.13191 + 613.98767]
[ INFO : 2026-08-06 11:14:47,602 ] - Test_@[5, 10, 20, 50]: Recall=[0.01432, 0.02672, 0.03439, 0.06649],  precision=[0.00286, 0.00267, 0.00172, 0.00133], hit=[0.01432, 0.02672, 0.03439, 0.06649], ndcg=[0.01043, 0.01441, 0.01632, 0.02254], Train Rec Loss=[0.04951], Eval Rec Loss=[0.04968], c=[0.50000], F=[0.75742, 0.63686, 0.62328, 0.74355], F_fuse=[0.00571, 0.00532, 0.00343, 0.00265]
[ INFO : 2026-08-06 11:16:15,407 ] - Epoch 6: train==[121.92368 = 0.77216 + 0.85409 + 26.66661 + 0.00041 + 0.00000 + 1.87667 + 613.96914]
[ INFO : 2026-08-06 11:16:22,369 ] - Test_@[5, 10, 20, 50]: Recall=[0.01445, 0.02672, 0.03439, 0.06521],  precision=[0.00289, 0.00267, 0.00172, 0.00130], hit=[0.01445, 0.02672, 0.03439, 0.06521], ndcg=[0.01081, 0.01475, 0.01666, 0.02267], Train Rec Loss=[0.04932], Eval Rec Loss=[0.04978], c=[0.50000], F=[0.75745, 0.63953, 0.63515, 0.73544], F_fuse=[0.00576, 0.00532, 0.00343, 0.00260]
[ INFO : 2026-08-06 11:17:52,680 ] - Epoch 7: train==[121.01055 = 0.76618 + 0.85411 + 25.95683 + 0.00045 + 0.00000 + 1.68169 + 613.95290]
[ INFO : 2026-08-06 11:17:59,655 ] - Test_@[5, 10, 20, 50]: Recall=[0.01445, 0.02608, 0.03260, 0.05958],  precision=[0.00289, 0.00261, 0.00163, 0.00119], hit=[0.01445, 0.02608, 0.03260, 0.05958], ndcg=[0.01076, 0.01450, 0.01618, 0.02157], Train Rec Loss=[0.04934], Eval Rec Loss=[0.04978], c=[0.50000], F=[0.75787, 0.68091, 0.66869, 0.74853], F_fuse=[0.00576, 0.00520, 0.00325, 0.00238]
[ INFO : 2026-08-06 11:19:27,013 ] - Epoch 8: train==[120.13085 = 0.76697 + 0.85411 + 25.21948 + 0.00048 + 0.00000 + 1.53984 + 613.94404]
[ INFO : 2026-08-06 11:19:33,946 ] - Test_@[5, 10, 20, 50]: Recall=[0.01432, 0.02519, 0.03260, 0.06137],  precision=[0.00286, 0.00252, 0.00163, 0.00123], hit=[0.01432, 0.02519, 0.03260, 0.06137], ndcg=[0.01012, 0.01363, 0.01556, 0.02126], Train Rec Loss=[0.04930], Eval Rec Loss=[0.04968], c=[0.50000], F=[0.76876, 0.71897, 0.67070, 0.76789], F_fuse=[0.00571, 0.00502, 0.00325, 0.00245]
[ INFO : 2026-08-06 11:21:04,107 ] - Epoch 9: train==[119.36703 = 0.76408 + 0.85414 + 24.56988 + 0.00052 + 0.00000 + 1.42915 + 613.93943]
[ INFO : 2026-08-06 11:21:11,148 ] - Test_@[5, 10, 20, 50]: Recall=[0.01432, 0.02544, 0.03222, 0.06163],  precision=[0.00286, 0.00254, 0.00161, 0.00123], hit=[0.01432, 0.02544, 0.03222, 0.06163], ndcg=[0.01012, 0.01370, 0.01547, 0.02129], Train Rec Loss=[0.04939], Eval Rec Loss=[0.04963], c=[0.50000], F=[0.76710, 0.70181, 0.67237, 0.77320], F_fuse=[0.00571, 0.00507, 0.00321, 0.00246]
[ INFO : 2026-08-06 11:22:41,503 ] - Epoch 10: train==[118.73594 = 0.75938 + 0.85411 + 24.06032 + 0.00057 + 0.00000 + 1.31306 + 613.93421]
[ INFO : 2026-08-06 11:22:48,400 ] - Test_@[5, 10, 20, 50]: Recall=[0.01432, 0.02519, 0.03209, 0.06150],  precision=[0.00286, 0.00252, 0.00160, 0.00123], hit=[0.01432, 0.02519, 0.03209, 0.06150], ndcg=[0.01007, 0.01357, 0.01536, 0.02117], Train Rec Loss=[0.04938], Eval Rec Loss=[0.04960], c=[0.50000], F=[0.76745, 0.69737, 0.67155, 0.77559], F_fuse=[0.00571, 0.00502, 0.00320, 0.00246]
[ INFO : 2026-08-06 11:24:20,885 ] - Epoch 11: train==[118.23888 = 0.75533 + 0.85412 + 23.66579 + 0.00061 + 0.00000 + 1.21503 + 613.93092]
[ INFO : 2026-08-06 11:24:27,825 ] - Test_@[5, 10, 20, 50]: Recall=[0.01419, 0.02608, 0.03209, 0.06086],  precision=[0.00284, 0.00261, 0.00160, 0.00122], hit=[0.01419, 0.02608, 0.03209, 0.06086], ndcg=[0.01002, 0.01382, 0.01536, 0.02104], Train Rec Loss=[0.04927], Eval Rec Loss=[0.04974], c=[0.50000], F=[0.76537, 0.67388, 0.66921, 0.77435], F_fuse=[0.00566, 0.00520, 0.00320, 0.00243]
[ INFO : 2026-08-06 11:25:57,031 ] - Epoch 12: train==[117.74357 = 0.75160 + 0.85411 + 23.26266 + 0.00067 + 0.00000 + 1.12712 + 613.92696]
[ INFO : 2026-08-06 11:26:03,986 ] - Test_@[5, 10, 20, 50]: Recall=[0.01406, 0.02621, 0.03235, 0.06048],  precision=[0.00281, 0.00262, 0.00162, 0.00121], hit=[0.01406, 0.02621, 0.03235, 0.06048], ndcg=[0.00999, 0.01386, 0.01543, 0.02097], Train Rec Loss=[0.04932], Eval Rec Loss=[0.04954], c=[0.50000], F=[0.76231, 0.66321, 0.66622, 0.77258], F_fuse=[0.00561, 0.00522, 0.00323, 0.00242]
[ INFO : 2026-08-06 11:27:42,431 ] - Epoch 13: train==[117.32520 = 0.74937 + 0.85412 + 22.93652 + 0.00072 + 0.00000 + 1.03732 + 613.92531]
[ INFO : 2026-08-06 11:27:49,355 ] - Test_@[5, 10, 20, 50]: Recall=[0.01381, 0.02621, 0.03248, 0.06061],  precision=[0.00276, 0.00262, 0.00162, 0.00121], hit=[0.01381, 0.02621, 0.03248, 0.06061], ndcg=[0.00983, 0.01379, 0.01538, 0.02091], Train Rec Loss=[0.04919], Eval Rec Loss=[0.04962], c=[0.50000], F=[0.76358, 0.65553, 0.66771, 0.77144], F_fuse=[0.00550, 0.00522, 0.00324, 0.00242]
[ INFO : 2026-08-06 11:29:21,800 ] - Epoch 14: train==[116.90932 = 0.74374 + 0.85410 + 22.60946 + 0.00078 + 0.00000 + 0.95420 + 613.92447]
[ INFO : 2026-08-06 11:29:28,673 ] - Test_@[5, 10, 20, 50]: Recall=[0.01394, 0.02634, 0.03273, 0.06073],  precision=[0.00279, 0.00263, 0.00164, 0.00121], hit=[0.01394, 0.02634, 0.03273, 0.06073], ndcg=[0.00984, 0.01378, 0.01539, 0.02089], Train Rec Loss=[0.04923], Eval Rec Loss=[0.04948], c=[0.50000], F=[0.75921, 0.65377, 0.66778, 0.77175], F_fuse=[0.00555, 0.00525, 0.00327, 0.00243]
[ INFO : 2026-08-06 11:31:06,598 ] - Epoch 15: train==[116.57005 = 0.74145 + 0.85412 + 22.34495 + 0.00082 + 0.00000 + 0.88191 + 613.92296]
[ INFO : 2026-08-06 11:31:13,493 ] - Test_@[5, 10, 20, 50]: Recall=[0.01381, 0.02634, 0.03286, 0.06125],  precision=[0.00276, 0.00263, 0.00164, 0.00122], hit=[0.01381, 0.02634, 0.03286, 0.06125], ndcg=[0.00981, 0.01379, 0.01543, 0.02099], Train Rec Loss=[0.04922], Eval Rec Loss=[0.04966], c=[0.50000], F=[0.75975, 0.65482, 0.66610, 0.77325], F_fuse=[0.00550, 0.00525, 0.00328, 0.00245]
[ INFO : 2026-08-06 11:32:45,769 ] - Epoch 16: train==[116.21197 = 0.73665 + 0.85409 + 22.06740 + 0.00088 + 0.00000 + 0.80634 + 613.92158]
[ INFO : 2026-08-06 11:32:52,774 ] - Test_@[5, 10, 20, 50]: Recall=[0.01368, 0.02621, 0.03337, 0.06099],  precision=[0.00274, 0.00262, 0.00167, 0.00122], hit=[0.01368, 0.02621, 0.03337, 0.06099], ndcg=[0.00978, 0.01376, 0.01556, 0.02095], Train Rec Loss=[0.04915], Eval Rec Loss=[0.04953], c=[0.50000], F=[0.76189, 0.65442, 0.65880, 0.76895], F_fuse=[0.00545, 0.00522, 0.00333, 0.00244]
[ INFO : 2026-08-06 11:34:33,321 ] - Epoch 17: train==[115.91921 = 0.73170 + 0.85407 + 21.84881 + 0.00094 + 0.00000 + 0.73715 + 613.92108]
[ INFO : 2026-08-06 11:34:40,339 ] - Test_@[5, 10, 20, 50]: Recall=[0.01368, 0.02621, 0.03337, 0.06201],  precision=[0.00274, 0.00262, 0.00167, 0.00124], hit=[0.01368, 0.02621, 0.03337, 0.06201], ndcg=[0.00977, 0.01375, 0.01554, 0.02112], Train Rec Loss=[0.04918], Eval Rec Loss=[0.04963], c=[0.50000], F=[0.75972, 0.65191, 0.65768, 0.76785], F_fuse=[0.00545, 0.00522, 0.00333, 0.00248]
[ INFO : 2026-08-06 11:36:10,143 ] - Epoch 18: train==[115.46744 = 0.72942 + 0.85406 + 21.46252 + 0.00100 + 0.00000 + 0.67402 + 613.92027]
[ INFO : 2026-08-06 11:36:17,102 ] - Test_@[5, 10, 20, 50]: Recall=[0.01394, 0.02608, 0.03337, 0.06419],  precision=[0.00279, 0.00261, 0.00167, 0.00128], hit=[0.01394, 0.02608, 0.03337, 0.06419], ndcg=[0.00983, 0.01368, 0.01552, 0.02148], Train Rec Loss=[0.04919], Eval Rec Loss=[0.04952], c=[0.50000], F=[0.75869, 0.64940, 0.65847, 0.77061], F_fuse=[0.00555, 0.00520, 0.00333, 0.00256]
[ INFO : 2026-08-06 11:37:45,278 ] - Epoch 19: train==[115.32969 = 0.72832 + 0.85406 + 21.38806 + 0.00104 + 0.00000 + 0.61203 + 613.91868]
[ INFO : 2026-08-06 11:37:52,216 ] - Test_@[5, 10, 20, 50]: Recall=[0.01394, 0.02621, 0.03363, 0.06559],  precision=[0.00279, 0.00262, 0.00168, 0.00131], hit=[0.01394, 0.02621, 0.03363, 0.06559], ndcg=[0.00984, 0.01373, 0.01558, 0.02174], Train Rec Loss=[0.04905], Eval Rec Loss=[0.04957], c=[0.50000], F=[0.75719, 0.65290, 0.65875, 0.76964], F_fuse=[0.00555, 0.00522, 0.00335, 0.00262]
[ INFO : 2026-08-06 11:39:20,325 ] - Epoch 20: train==[115.02161 = 0.72824 + 0.85407 + 21.13769 + 0.00110 + 0.00000 + 0.55426 + 613.91921]
[ INFO : 2026-08-06 11:39:27,256 ] - Test_@[5, 10, 20, 50]: Recall=[0.01381, 0.02621, 0.03350, 0.06610],  precision=[0.00276, 0.00262, 0.00167, 0.00132], hit=[0.01381, 0.02621, 0.03350, 0.06610], ndcg=[0.00979, 0.01373, 0.01555, 0.02182], Train Rec Loss=[0.04913], Eval Rec Loss=[0.04961], c=[0.50000], F=[0.75716, 0.65142, 0.65317, 0.77038], F_fuse=[0.00550, 0.00522, 0.00334, 0.00264]
[ INFO : 2026-08-06 11:40:57,790 ] - Epoch 21: train==[114.79320 = 0.71890 + 0.85404 + 20.97295 + 0.00115 + 0.00000 + 0.50001 + 613.91836]
[ INFO : 2026-08-06 11:41:04,663 ] - Test_@[5, 10, 20, 50]: Recall=[0.01406, 0.02634, 0.03363, 0.06649],  precision=[0.00281, 0.00263, 0.00168, 0.00133], hit=[0.01406, 0.02634, 0.03363, 0.06649], ndcg=[0.00987, 0.01376, 0.01558, 0.02188], Train Rec Loss=[0.04917], Eval Rec Loss=[0.04935], c=[0.50000], F=[0.75617, 0.64715, 0.64770, 0.77194], F_fuse=[0.00561, 0.00525, 0.00335, 0.00265]
[ INFO : 2026-08-06 11:42:45,400 ] - Epoch 22: train==[114.56891 = 0.71631 + 0.85404 + 20.80053 + 0.00119 + 0.00000 + 0.45075 + 613.91798]
[ INFO : 2026-08-06 11:42:52,301 ] - Test_@[5, 10, 20, 50]: Recall=[0.01381, 0.02634, 0.03363, 0.06662],  precision=[0.00276, 0.00263, 0.00168, 0.00133], hit=[0.01381, 0.02634, 0.03363, 0.06662], ndcg=[0.00975, 0.01372, 0.01554, 0.02186], Train Rec Loss=[0.04914], Eval Rec Loss=[0.04947], c=[0.50000], F=[0.75770, 0.64662, 0.64912, 0.77219], F_fuse=[0.00550, 0.00525, 0.00335, 0.00266]
[ INFO : 2026-08-06 11:44:45,396 ] - Epoch 23: train==[114.41846 = 0.71303 + 0.85404 + 20.69988 + 0.00124 + 0.00000 + 0.40407 + 613.91877]
[ INFO : 2026-08-06 11:44:52,806 ] - Test_@[5, 10, 20, 50]: Recall=[0.01394, 0.02634, 0.03350, 0.06713],  precision=[0.00279, 0.00263, 0.00167, 0.00134], hit=[0.01394, 0.02634, 0.03350, 0.06713], ndcg=[0.00974, 0.01366, 0.01545, 0.02189], Train Rec Loss=[0.04908], Eval Rec Loss=[0.04945], c=[0.50000], F=[0.75643, 0.64883, 0.64573, 0.77689], F_fuse=[0.00555, 0.00525, 0.00334, 0.00268]
[ INFO : 2026-08-06 11:46:37,689 ] - Epoch 24: train==[114.14777 = 0.70734 + 0.85402 + 20.47641 + 0.00129 + 0.00000 + 0.36276 + 613.91707]
[ INFO : 2026-08-06 11:46:44,607 ] - Test_@[5, 10, 20, 50]: Recall=[0.01368, 0.02647, 0.03337, 0.06662],  precision=[0.00274, 0.00265, 0.00167, 0.00133], hit=[0.01368, 0.02647, 0.03337, 0.06662], ndcg=[0.00968, 0.01374, 0.01546, 0.02183], Train Rec Loss=[0.04909], Eval Rec Loss=[0.04945], c=[0.50000], F=[0.75588, 0.64969, 0.63898, 0.77897], F_fuse=[0.00545, 0.00527, 0.00333, 0.00266]
[ INFO : 2026-08-06 11:48:27,105 ] - Epoch 25: train==[114.04606 = 0.70547 + 0.85402 + 20.41350 + 0.00133 + 0.00000 + 0.32570 + 613.91756]
[ INFO : 2026-08-06 11:48:34,023 ] - Test_@[5, 10, 20, 50]: Recall=[0.01330, 0.02647, 0.03376, 0.06623],  precision=[0.00266, 0.00265, 0.00169, 0.00132], hit=[0.01330, 0.02647, 0.03376, 0.06623], ndcg=[0.00951, 0.01370, 0.01551, 0.02171], Train Rec Loss=[0.04907], Eval Rec Loss=[0.04945], c=[0.50000], F=[0.75595, 0.65147, 0.63439, 0.78079], F_fuse=[0.00530, 0.00527, 0.00337, 0.00264]
[ INFO : 2026-08-06 11:50:15,501 ] - Epoch 26: train==[113.71471 = 0.69816 + 0.85399 + 20.12773 + 0.00138 + 0.00000 + 0.28752 + 613.91689]
[ INFO : 2026-08-06 11:50:22,372 ] - Test_@[5, 10, 20, 50]: Recall=[0.01343, 0.02647, 0.03376, 0.06662],  precision=[0.00269, 0.00265, 0.00169, 0.00133], hit=[0.01343, 0.02647, 0.03376, 0.06662], ndcg=[0.00955, 0.01370, 0.01551, 0.02177], Train Rec Loss=[0.04907], Eval Rec Loss=[0.04934], c=[0.50000], F=[0.75821, 0.65187, 0.63532, 0.77895], F_fuse=[0.00535, 0.00527, 0.00337, 0.00266]
[ INFO : 2026-08-06 11:52:05,023 ] - Epoch 27: train==[113.65553 = 0.69506 + 0.85396 + 20.10371 + 0.00142 + 0.00000 + 0.25549 + 613.91657]
[ INFO : 2026-08-06 11:52:11,967 ] - Test_@[5, 10, 20, 50]: Recall=[0.01330, 0.02634, 0.03388, 0.06585],  precision=[0.00266, 0.00263, 0.00169, 0.00132], hit=[0.01330, 0.02634, 0.03388, 0.06585], ndcg=[0.00949, 0.01364, 0.01552, 0.02162], Train Rec Loss=[0.04909], Eval Rec Loss=[0.04936], c=[0.50000], F=[0.76639, 0.65975, 0.63528, 0.78142], F_fuse=[0.00530, 0.00525, 0.00338, 0.00263]
[ INFO : 2026-08-06 11:53:53,849 ] - Epoch 28: train==[113.54490 = 0.69569 + 0.85397 + 20.02536 + 0.00146 + 0.00000 + 0.22249 + 613.91679]
[ INFO : 2026-08-06 11:54:00,751 ] - Test_@[5, 10, 20, 50]: Recall=[0.01330, 0.02608, 0.03388, 0.06572],  precision=[0.00266, 0.00261, 0.00169, 0.00131], hit=[0.01330, 0.02608, 0.03388, 0.06572], ndcg=[0.00947, 0.01355, 0.01550, 0.02158], Train Rec Loss=[0.04907], Eval Rec Loss=[0.04926], c=[0.50000], F=[0.75246, 0.66646, 0.63538, 0.78311], F_fuse=[0.00530, 0.00520, 0.00338, 0.00262]
[ INFO : 2026-08-06 11:56:02,647 ] - Epoch 29: train==[113.28140 = 0.69179 + 0.85394 + 19.79531 + 0.00150 + 0.00000 + 0.19276 + 613.91786]
[ INFO : 2026-08-06 11:56:09,580 ] - Test_@[5, 10, 20, 50]: Recall=[0.01343, 0.02583, 0.03388, 0.06598],  precision=[0.00269, 0.00258, 0.00169, 0.00132], hit=[0.01343, 0.02583, 0.03388, 0.06598], ndcg=[0.00956, 0.01352, 0.01554, 0.02167], Train Rec Loss=[0.04896], Eval Rec Loss=[0.04929], c=[0.50000], F=[0.75697, 0.66705, 0.63730, 0.78328], F_fuse=[0.00535, 0.00515, 0.00338, 0.00263]
[ INFO : 2026-08-06 11:58:05,158 ] - Epoch 30: train==[113.20815 = 0.68815 + 0.85395 + 19.75506 + 0.00154 + 0.00000 + 0.16362 + 613.91597]
[ INFO : 2026-08-06 11:58:12,070 ] - Test_@[5, 10, 20, 50]: Recall=[0.01343, 0.02596, 0.03388, 0.06534],  precision=[0.00269, 0.00260, 0.00169, 0.00131], hit=[0.01343, 0.02596, 0.03388, 0.06534], ndcg=[0.00957, 0.01357, 0.01555, 0.02156], Train Rec Loss=[0.04900], Eval Rec Loss=[0.04935], c=[0.50000], F=[0.76039, 0.67739, 0.63536, 0.78283], F_fuse=[0.00535, 0.00517, 0.00338, 0.00261]
[ INFO : 2026-08-06 11:59:59,477 ] - Epoch 31: train==[113.01998 = 0.68404 + 0.85392 + 19.59434 + 0.00158 + 0.00000 + 0.14027 + 613.91600]
[ INFO : 2026-08-06 12:00:06,376 ] - Test_@[5, 10, 20, 50]: Recall=[0.01330, 0.02608, 0.03388, 0.06483],  precision=[0.00266, 0.00261, 0.00169, 0.00130], hit=[0.01330, 0.02608, 0.03388, 0.06483], ndcg=[0.00949, 0.01357, 0.01552, 0.02143], Train Rec Loss=[0.04892], Eval Rec Loss=[0.04938], c=[0.50000], F=[0.76000, 0.66638, 0.63476, 0.78599], F_fuse=[0.00530, 0.00520, 0.00338, 0.00259]
[ INFO : 2026-08-06 12:01:49,967 ] - Epoch 32: train==[112.85609 = 0.67912 + 0.85391 + 19.45914 + 0.00162 + 0.00000 + 0.11633 + 613.91688]
[ INFO : 2026-08-06 12:01:57,113 ] - Test_@[5, 10, 20, 50]: Recall=[0.01317, 0.02596, 0.03388, 0.06534],  precision=[0.00263, 0.00260, 0.00169, 0.00131], hit=[0.01317, 0.02596, 0.03388, 0.06534], ndcg=[0.00940, 0.01349, 0.01547, 0.02148], Train Rec Loss=[0.04892], Eval Rec Loss=[0.04923], c=[0.50000], F=[0.79183, 0.67202, 0.63437, 0.78784], F_fuse=[0.00525, 0.00517, 0.00338, 0.00261]
[ INFO : 2026-08-06 12:03:40,229 ] - Epoch 33: train==[112.83434 = 0.67701 + 0.85392 + 19.46264 + 0.00164 + 0.00000 + 0.09332 + 613.91589]
[ INFO : 2026-08-06 12:03:47,248 ] - Test_@[5, 10, 20, 50]: Recall=[0.01355, 0.02583, 0.03376, 0.06534],  precision=[0.00271, 0.00258, 0.00169, 0.00131], hit=[0.01355, 0.02583, 0.03376, 0.06534], ndcg=[0.00970, 0.01361, 0.01561, 0.02164], Train Rec Loss=[0.04885], Eval Rec Loss=[0.04939], c=[0.50000], F=[0.75233, 0.68112, 0.63031, 0.78576], F_fuse=[0.00540, 0.00515, 0.00337, 0.00261]
[ INFO : 2026-08-06 12:05:31,786 ] - Epoch 34: train==[112.58604 = 0.67290 + 0.85390 + 19.23816 + 0.00169 + 0.00000 + 0.07352 + 613.91612]
[ INFO : 2026-08-06 12:05:39,081 ] - Test_@[5, 10, 20, 50]: Recall=[0.01317, 0.02596, 0.03376, 0.06495],  precision=[0.00263, 0.00260, 0.00169, 0.00130], hit=[0.01317, 0.02596, 0.03376, 0.06495], ndcg=[0.00948, 0.01357, 0.01554, 0.02150], Train Rec Loss=[0.04893], Eval Rec Loss=[0.04932], c=[0.50000], F=[0.76799, 0.67765, 0.62488, 0.78979], F_fuse=[0.00525, 0.00517, 0.00337, 0.00259]
[ INFO : 2026-08-06 12:07:24,494 ] - Epoch 35: train==[112.52727 = 0.67213 + 0.85387 + 19.19976 + 0.00172 + 0.00000 + 0.05401 + 613.91541]
[ INFO : 2026-08-06 12:07:31,451 ] - Test_@[5, 10, 20, 50]: Recall=[0.01343, 0.02583, 0.03376, 0.06483],  precision=[0.00269, 0.00258, 0.00169, 0.00130], hit=[0.01343, 0.02583, 0.03376, 0.06483], ndcg=[0.00962, 0.01358, 0.01558, 0.02152], Train Rec Loss=[0.04883], Eval Rec Loss=[0.04922], c=[0.50000], F=[0.75879, 0.68153, 0.62589, 0.79198], F_fuse=[0.00535, 0.00515, 0.00337, 0.00259]
[ INFO : 2026-08-06 12:09:04,302 ] - Epoch 36: train==[112.32076 = 0.66921 + 0.85382 + 19.01391 + 0.00175 + 0.00000 + 0.03629 + 613.91534]
[ INFO : 2026-08-06 12:09:11,271 ] - Test_@[5, 10, 20, 50]: Recall=[0.01317, 0.02557, 0.03376, 0.06406],  precision=[0.00263, 0.00256, 0.00169, 0.00128], hit=[0.01317, 0.02557, 0.03376, 0.06406], ndcg=[0.00948, 0.01346, 0.01553, 0.02133], Train Rec Loss=[0.04894], Eval Rec Loss=[0.04939], c=[0.50000], F=[0.78947, 0.68920, 0.62714, 0.78783], F_fuse=[0.00525, 0.00510, 0.00337, 0.00256]
[ INFO : 2026-08-06 12:10:40,121 ] - Epoch 37: train==[112.26760 = 0.66209 + 0.85381 + 18.98464 + 0.00179 + 0.00000 + 0.01967 + 613.91415]
[ INFO : 2026-08-06 12:10:47,085 ] - Test_@[5, 10, 20, 50]: Recall=[0.01355, 0.02557, 0.03363, 0.06546],  precision=[0.00271, 0.00256, 0.00168, 0.00131], hit=[0.01355, 0.02557, 0.03363, 0.06546], ndcg=[0.00968, 0.01350, 0.01554, 0.02161], Train Rec Loss=[0.04891], Eval Rec Loss=[0.04924], c=[0.50000], F=[0.78461, 0.70437, 0.62896, 0.78737], F_fuse=[0.00540, 0.00510, 0.00335, 0.00261]
[ INFO : 2026-08-06 12:12:15,408 ] - Epoch 38: train==[112.10675 = 0.66290 + 0.85380 + 18.83461 + 0.00183 + 0.00000 + 0.00784 + 613.91520]
[ INFO : 2026-08-06 12:12:22,448 ] - Test_@[5, 10, 20, 50]: Recall=[0.01279, 0.02468, 0.03286, 0.06419],  precision=[0.00256, 0.00247, 0.00164, 0.00128], hit=[0.01279, 0.02468, 0.03286, 0.06419], ndcg=[0.00914, 0.01296, 0.01505, 0.02105], Train Rec Loss=[0.04881], Eval Rec Loss=[0.04918], c=[0.50000], F=[0.86079, 0.73386, 0.63925, 0.78584], F_fuse=[0.00510, 0.00492, 0.00328, 0.00256]
[ INFO : 2026-08-06 12:13:55,127 ] - Epoch 39: train==[111.99867 = 0.65482 + 0.85377 + 18.73909 + 0.00184 + 0.00000 + 0.00316 + 613.91665]
[ INFO : 2026-08-06 12:14:02,083 ] - Test_@[5, 10, 20, 50]: Recall=[0.01189, 0.02429, 0.03273, 0.06393],  precision=[0.00238, 0.00243, 0.00164, 0.00128], hit=[0.01189, 0.02429, 0.03273, 0.06393], ndcg=[0.00868, 0.01268, 0.01483, 0.02078], Train Rec Loss=[0.04886], Eval Rec Loss=[0.04921], c=[0.50000], F=[0.87280, 0.73786, 0.63881, 0.78616], F_fuse=[0.00474, 0.00484, 0.00326, 0.00255]
[ INFO : 2026-08-06 12:15:43,966 ] - Epoch 40: train==[111.78304 = 0.65282 + 0.85376 + 18.52633 + 0.00187 + 0.00000 + 0.00210 + 613.91768]
[ INFO : 2026-08-06 12:15:50,969 ] - Test_@[5, 10, 20, 50]: Recall=[0.01202, 0.02442, 0.03260, 0.06393],  precision=[0.00240, 0.00244, 0.00163, 0.00128], hit=[0.01202, 0.02442, 0.03260, 0.06393], ndcg=[0.00878, 0.01277, 0.01486, 0.02082], Train Rec Loss=[0.04877], Eval Rec Loss=[0.04919], c=[0.50000], F=[0.86277, 0.73611, 0.63858, 0.78505], F_fuse=[0.00479, 0.00487, 0.00325, 0.00255]
[ INFO : 2026-08-06 12:17:31,266 ] - Epoch 41: train==[111.62664 = 0.64978 + 0.85372 + 18.37326 + 0.00191 + 0.00000 + 0.00169 + 613.91851]
[ INFO : 2026-08-06 12:17:38,160 ] - Test_@[5, 10, 20, 50]: Recall=[0.01343, 0.02481, 0.03260, 0.06431],  precision=[0.00269, 0.00248, 0.00163, 0.00129], hit=[0.01343, 0.02481, 0.03260, 0.06431], ndcg=[0.00939, 0.01300, 0.01498, 0.02101], Train Rec Loss=[0.04888], Eval Rec Loss=[0.04916], c=[0.50000], F=[0.79301, 0.73137, 0.63702, 0.78575], F_fuse=[0.00535, 0.00494, 0.00325, 0.00257]
[ INFO : 2026-08-06 12:19:19,445 ] - Epoch 42: train==[111.59524 = 0.64699 + 0.85371 + 18.34487 + 0.00194 + 0.00000 + 0.00141 + 613.91867]
[ INFO : 2026-08-06 12:19:26,311 ] - Test_@[5, 10, 20, 50]: Recall=[0.01266, 0.02468, 0.03260, 0.06316],  precision=[0.00253, 0.00247, 0.00163, 0.00126], hit=[0.01266, 0.02468, 0.03260, 0.06316], ndcg=[0.00904, 0.01288, 0.01490, 0.02071], Train Rec Loss=[0.04880], Eval Rec Loss=[0.04912], c=[0.50000], F=[0.82302, 0.73459, 0.63934, 0.78839], F_fuse=[0.00505, 0.00492, 0.00325, 0.00252]
[ INFO : 2026-08-06 12:21:08,416 ] - Epoch 43: train==[111.52748 = 0.64589 + 0.85368 + 18.27871 + 0.00194 + 0.00000 + 0.00120 + 613.91686]
[ INFO : 2026-08-06 12:21:15,331 ] - Test_@[5, 10, 20, 50]: Recall=[0.01240, 0.02481, 0.03260, 0.06278],  precision=[0.00248, 0.00248, 0.00163, 0.00126], hit=[0.01240, 0.02481, 0.03260, 0.06278], ndcg=[0.00894, 0.01290, 0.01490, 0.02064], Train Rec Loss=[0.04880], Eval Rec Loss=[0.04914], c=[0.50000], F=[0.81109, 0.73130, 0.64033, 0.78694], F_fuse=[0.00495, 0.00494, 0.00325, 0.00251]
[ INFO : 2026-08-06 12:22:56,204 ] - Epoch 44: train==[111.38277 = 0.64222 + 0.85367 + 18.13745 + 0.00198 + 0.00000 + 0.00105 + 613.91920]
[ INFO : 2026-08-06 12:23:03,140 ] - Test_@[5, 10, 20, 50]: Recall=[0.01317, 0.02417, 0.03248, 0.06227],  precision=[0.00263, 0.00242, 0.00162, 0.00125], hit=[0.01317, 0.02417, 0.03248, 0.06227], ndcg=[0.00911, 0.01261, 0.01475, 0.02041], Train Rec Loss=[0.04878], Eval Rec Loss=[0.04912], c=[0.50000], F=[0.80934, 0.74177, 0.63972, 0.78937], F_fuse=[0.00525, 0.00482, 0.00324, 0.00249]
[ INFO : 2026-08-06 12:24:52,717 ] - Epoch 45: train==[111.37619 = 0.63863 + 0.85365 + 18.13498 + 0.00199 + 0.00000 + 0.00091 + 613.91657]
[ INFO : 2026-08-06 12:25:00,280 ] - Test_@[5, 10, 20, 50]: Recall=[0.01317, 0.02417, 0.03248, 0.06163],  precision=[0.00263, 0.00242, 0.00162, 0.00123], hit=[0.01317, 0.02417, 0.03248, 0.06163], ndcg=[0.00904, 0.01263, 0.01474, 0.02028], Train Rec Loss=[0.04885], Eval Rec Loss=[0.04909], c=[0.50000], F=[0.81579, 0.74091, 0.64127, 0.78674], F_fuse=[0.00525, 0.00482, 0.00324, 0.00246]
[ INFO : 2026-08-06 12:26:43,184 ] - Epoch 46: train==[111.29253 = 0.63311 + 0.85361 + 18.05677 + 0.00200 + 0.00000 + 0.00080 + 613.91788]
[ INFO : 2026-08-06 12:26:50,014 ] - Test_@[5, 10, 20, 50]: Recall=[0.01227, 0.02417, 0.03248, 0.06137],  precision=[0.00245, 0.00242, 0.00162, 0.00123], hit=[0.01227, 0.02417, 0.03248, 0.06137], ndcg=[0.00870, 0.01253, 0.01465, 0.02012], Train Rec Loss=[0.04877], Eval Rec Loss=[0.04911], c=[0.50000], F=[0.79585, 0.74486, 0.63861, 0.78458], F_fuse=[0.00489, 0.00482, 0.00324, 0.00245]
[ INFO : 2026-08-06 12:28:28,795 ] - Epoch 47: train==[111.12180 = 0.63389 + 0.85360 + 17.88528 + 0.00203 + 0.00000 + 0.00071 + 613.91819]
[ INFO : 2026-08-06 12:28:35,802 ] - Test_@[5, 10, 20, 50]: Recall=[0.01253, 0.02442, 0.03260, 0.06125],  precision=[0.00251, 0.00244, 0.00163, 0.00122], hit=[0.01253, 0.02442, 0.03260, 0.06125], ndcg=[0.00882, 0.01267, 0.01474, 0.02016], Train Rec Loss=[0.04879], Eval Rec Loss=[0.04908], c=[0.50000], F=[0.76566, 0.74631, 0.63923, 0.78240], F_fuse=[0.00500, 0.00487, 0.00325, 0.00245]
[ INFO : 2026-08-06 12:30:04,856 ] - Epoch 48: train==[111.00818 = 0.62702 + 0.85358 + 17.77800 + 0.00207 + 0.00000 + 0.00065 + 613.92189]
[ INFO : 2026-08-06 12:30:11,812 ] - Test_@[5, 10, 20, 50]: Recall=[0.01189, 0.02417, 0.03273, 0.06048],  precision=[0.00238, 0.00242, 0.00164, 0.00121], hit=[0.01189, 0.02417, 0.03273, 0.06048], ndcg=[0.00854, 0.01256, 0.01473, 0.01998], Train Rec Loss=[0.04880], Eval Rec Loss=[0.04905], c=[0.50000], F=[0.79630, 0.74730, 0.64221, 0.78616], F_fuse=[0.00474, 0.00482, 0.00326, 0.00242]
[ INFO : 2026-08-06 12:31:40,512 ] - Epoch 49: train==[110.90672 = 0.62525 + 0.85354 + 17.67854 + 0.00210 + 0.00000 + 0.00059 + 613.92073]
[ INFO : 2026-08-06 12:31:47,465 ] - Test_@[5, 10, 20, 50]: Recall=[0.01189, 0.02404, 0.03273, 0.05984],  precision=[0.00238, 0.00240, 0.00164, 0.00120], hit=[0.01189, 0.02404, 0.03273, 0.05984], ndcg=[0.00856, 0.01250, 0.01470, 0.01982], Train Rec Loss=[0.04874], Eval Rec Loss=[0.04909], c=[0.50000], F=[0.77780, 0.74986, 0.64185, 0.78704], F_fuse=[0.00474, 0.00479, 0.00326, 0.00239]
[ INFO : 2026-08-06 12:33:16,213 ] - Epoch 50: train==[110.87434 = 0.62290 + 0.85349 + 17.64856 + 0.00212 + 0.00000 + 0.00052 + 613.92093]
[ INFO : 2026-08-06 12:33:23,298 ] - Test_@[5, 10, 20, 50]: Recall=[0.01240, 0.02391, 0.03273, 0.05984],  precision=[0.00248, 0.00239, 0.00164, 0.00120], hit=[0.01240, 0.02391, 0.03273, 0.05984], ndcg=[0.00872, 0.01246, 0.01468, 0.01979], Train Rec Loss=[0.04879], Eval Rec Loss=[0.04906], c=[0.50000], F=[0.77134, 0.75096, 0.63741, 0.78531], F_fuse=[0.00495, 0.00477, 0.00326, 0.00239]
[ INFO : 2026-08-06 12:34:51,378 ] - Epoch 51: train==[110.77640 = 0.61977 + 0.85350 + 17.55346 + 0.00212 + 0.00000 + 0.00047 + 613.92322]
[ INFO : 2026-08-06 12:34:58,366 ] - Test_@[5, 10, 20, 50]: Recall=[0.01240, 0.02391, 0.03273, 0.05843],  precision=[0.00248, 0.00239, 0.00164, 0.00117], hit=[0.01240, 0.02391, 0.03273, 0.05843], ndcg=[0.00878, 0.01250, 0.01473, 0.01958], Train Rec Loss=[0.04865], Eval Rec Loss=[0.04917], c=[0.50000], F=[0.77106, 0.74752, 0.63790, 0.78532], F_fuse=[0.00495, 0.00477, 0.00326, 0.00233]
[ INFO : 2026-08-06 12:36:26,954 ] - Epoch 52: train==[110.63412 = 0.61961 + 0.85344 + 17.41196 + 0.00215 + 0.00000 + 0.00044 + 613.91927]
[ INFO : 2026-08-06 12:36:33,928 ] - Test_@[5, 10, 20, 50]: Recall=[0.01164, 0.02391, 0.03197, 0.05882],  precision=[0.00233, 0.00239, 0.00160, 0.00118], hit=[0.01164, 0.02391, 0.03197, 0.05882], ndcg=[0.00844, 0.01244, 0.01446, 0.01955], Train Rec Loss=[0.04875], Eval Rec Loss=[0.04905], c=[0.50000], F=[0.78854, 0.74863, 0.63785, 0.78509], F_fuse=[0.00464, 0.00477, 0.00319, 0.00235]
[ INFO : 2026-08-06 12:38:02,532 ] - Epoch 53: train==[110.67159 = 0.61961 + 0.85339 + 17.44994 + 0.00216 + 0.00000 + 0.00038 + 613.91641]
[ INFO : 2026-08-06 12:38:09,504 ] - Test_@[5, 10, 20, 50]: Recall=[0.01215, 0.02391, 0.03235, 0.05830],  precision=[0.00243, 0.00239, 0.00162, 0.00117], hit=[0.01215, 0.02391, 0.03235, 0.05830], ndcg=[0.00854, 0.01239, 0.01450, 0.01941], Train Rec Loss=[0.04873], Eval Rec Loss=[0.04906], c=[0.50000], F=[0.85781, 0.74361, 0.63989, 0.78604], F_fuse=[0.00484, 0.00477, 0.00323, 0.00233]
[ INFO : 2026-08-06 12:39:37,509 ] - Epoch 54: train==[110.45048 = 0.61420 + 0.85337 + 17.23424 + 0.00219 + 0.00000 + 0.00036 + 613.91645]
[ INFO : 2026-08-06 12:39:44,517 ] - Test_@[5, 10, 20, 50]: Recall=[0.01048, 0.02365, 0.03209, 0.05818],  precision=[0.00210, 0.00237, 0.00160, 0.00116], hit=[0.01048, 0.02365, 0.03209, 0.05818], ndcg=[0.00794, 0.01224, 0.01438, 0.01932], Train Rec Loss=[0.04864], Eval Rec Loss=[0.04917], c=[0.50000], F=[0.77320, 0.74768, 0.63982, 0.78650], F_fuse=[0.00418, 0.00472, 0.00320, 0.00232]
[ INFO : 2026-08-06 12:41:12,663 ] - Epoch 55: train==[110.36251 = 0.60569 + 0.85335 + 17.15444 + 0.00221 + 0.00000 + 0.00034 + 613.91875]
[ INFO : 2026-08-06 12:41:19,670 ] - Test_@[5, 10, 20, 50]: Recall=[0.01087, 0.02327, 0.03222, 0.05767],  precision=[0.00217, 0.00233, 0.00161, 0.00115], hit=[0.01087, 0.02327, 0.03222, 0.05767], ndcg=[0.00808, 0.01215, 0.01440, 0.01922], Train Rec Loss=[0.04870], Eval Rec Loss=[0.04904], c=[0.50000], F=[0.77489, 0.74907, 0.64336, 0.78436], F_fuse=[0.00434, 0.00464, 0.00321, 0.00230]
[ INFO : 2026-08-06 12:42:48,053 ] - Epoch 56: train==[110.35512 = 0.60515 + 0.85328 + 17.14776 + 0.00223 + 0.00000 + 0.00031 + 613.91798]
[ INFO : 2026-08-06 12:42:55,069 ] - Test_@[5, 10, 20, 50]: Recall=[0.01151, 0.02276, 0.03145, 0.05728],  precision=[0.00230, 0.00228, 0.00157, 0.00115], hit=[0.01151, 0.02276, 0.03145, 0.05728], ndcg=[0.00830, 0.01201, 0.01419, 0.01909], Train Rec Loss=[0.04865], Eval Rec Loss=[0.04908], c=[0.50000], F=[0.81969, 0.74576, 0.64743, 0.78305], F_fuse=[0.00459, 0.00454, 0.00314, 0.00229]
[ INFO : 2026-08-06 12:44:23,770 ] - Epoch 57: train==[110.22169 = 0.60191 + 0.85326 + 17.01801 + 0.00223 + 0.00000 + 0.00029 + 613.91522]
[ INFO : 2026-08-06 12:44:30,821 ] - Test_@[5, 10, 20, 50]: Recall=[0.01253, 0.02289, 0.03107, 0.05767],  precision=[0.00251, 0.00229, 0.00155, 0.00115], hit=[0.01253, 0.02289, 0.03107, 0.05767], ndcg=[0.00852, 0.01191, 0.01396, 0.01901], Train Rec Loss=[0.04862], Eval Rec Loss=[0.04893], c=[0.50000], F=[0.87721, 0.74014, 0.64837, 0.78515], F_fuse=[0.00500, 0.00456, 0.00310, 0.00230]
[ INFO : 2026-08-06 12:45:56,398 ] - Epoch 58: train==[110.21246 = 0.60198 + 0.85322 + 17.00802 + 0.00226 + 0.00000 + 0.00028 + 613.91990]
[ INFO : 2026-08-06 12:46:03,264 ] - Test_@[5, 10, 20, 50]: Recall=[0.01240, 0.02225, 0.03107, 0.05626],  precision=[0.00248, 0.00222, 0.00155, 0.00113], hit=[0.01240, 0.02225, 0.03107, 0.05626], ndcg=[0.00853, 0.01180, 0.01401, 0.01880], Train Rec Loss=[0.04871], Eval Rec Loss=[0.04907], c=[0.50000], F=[0.84784, 0.74212, 0.65110, 0.78684], F_fuse=[0.00495, 0.00444, 0.00310, 0.00225]
[ INFO : 2026-08-06 12:47:33,558 ] - Epoch 59: train==[110.12716 = 0.59782 + 0.85321 + 16.92664 + 0.00228 + 0.00000 + 0.00028 + 613.92144]
[ INFO : 2026-08-06 12:47:40,463 ] - Test_@[5, 10, 20, 50]: Recall=[0.01164, 0.02225, 0.03145, 0.05715],  precision=[0.00233, 0.00222, 0.00157, 0.00114], hit=[0.01164, 0.02225, 0.03145, 0.05715], ndcg=[0.00824, 0.01172, 0.01404, 0.01892], Train Rec Loss=[0.04867], Eval Rec Loss=[0.04897], c=[0.50000], F=[0.76390, 0.74767, 0.64986, 0.78919], F_fuse=[0.00464, 0.00444, 0.00314, 0.00228]
[ INFO : 2026-08-06 12:49:32,011 ] - Epoch 60: train==[109.96067 = 0.59600 + 0.85315 + 16.76277 + 0.00231 + 0.00000 + 0.00028 + 613.91611]
[ INFO : 2026-08-06 12:52:45,205 ] - Test_@[5, 10, 20, 50]: Recall=[0.01061, 0.02238, 0.03081, 0.05690],  precision=[0.00212, 0.00224, 0.00154, 0.00114], hit=[0.01061, 0.02238, 0.03081, 0.05690], ndcg=[0.00783, 0.01166, 0.01379, 0.01875], Train Rec Loss=[0.04865], Eval Rec Loss=[0.04903], c=[0.50000], F=[0.80624, 0.74185, 0.65379, 0.79058], F_fuse=[0.00423, 0.00446, 0.00307, 0.00227]
[ INFO : 2026-08-06 12:54:23,834 ] - Epoch 61: train==[109.85840 = 0.59148 + 0.85314 + 16.66407 + 0.00233 + 0.00000 + 0.00027 + 613.92240]
[ INFO : 2026-08-06 12:54:30,676 ] - Test_@[5, 10, 20, 50]: Recall=[0.01036, 0.02276, 0.03145, 0.05664],  precision=[0.00207, 0.00228, 0.00157, 0.00113], hit=[0.01036, 0.02276, 0.03145, 0.05664], ndcg=[0.00771, 0.01174, 0.01392, 0.01870], Train Rec Loss=[0.04866], Eval Rec Loss=[0.04892], c=[0.50000], F=[0.78610, 0.74548, 0.65398, 0.78894], F_fuse=[0.00413, 0.00454, 0.00314, 0.00226]
[ INFO : 2026-08-06 12:56:13,366 ] - Epoch 62: train==[109.77338 = 0.58655 + 0.85304 + 16.58475 + 0.00234 + 0.00000 + 0.00027 + 613.91760]
[ INFO : 2026-08-06 12:56:20,265 ] - Test_@[5, 10, 20, 50]: Recall=[0.01215, 0.02289, 0.03069, 0.05715],  precision=[0.00243, 0.00229, 0.00153, 0.00114], hit=[0.01215, 0.02289, 0.03069, 0.05715], ndcg=[0.00843, 0.01195, 0.01391, 0.01894], Train Rec Loss=[0.04860], Eval Rec Loss=[0.04902], c=[0.50000], F=[0.84765, 0.73251, 0.65478, 0.78942], F_fuse=[0.00484, 0.00456, 0.00306, 0.00228]
[ INFO : 2026-08-06 12:58:09,230 ] - Epoch 63: train==[109.72972 = 0.58869 + 0.85303 + 16.53858 + 0.00238 + 0.00000 + 0.00027 + 613.91987]
[ INFO : 2026-08-06 12:58:16,037 ] - Test_@[5, 10, 20, 50]: Recall=[0.01215, 0.02238, 0.03069, 0.05613],  precision=[0.00243, 0.00224, 0.00153, 0.00112], hit=[0.01215, 0.02238, 0.03069, 0.05613], ndcg=[0.00822, 0.01151, 0.01359, 0.01842], Train Rec Loss=[0.04857], Eval Rec Loss=[0.04893], c=[0.50000], F=[0.90456, 0.73179, 0.65832, 0.79050], F_fuse=[0.00485, 0.00446, 0.00306, 0.00224]
[ INFO : 2026-08-06 12:59:54,399 ] - Epoch 64: train==[109.79046 = 0.58693 + 0.85297 + 16.60130 + 0.00236 + 0.00000 + 0.00026 + 613.91879]
[ INFO : 2026-08-06 13:00:01,258 ] - Test_@[5, 10, 20, 50]: Recall=[0.01151, 0.02276, 0.03043, 0.05690],  precision=[0.00230, 0.00228, 0.00152, 0.00114], hit=[0.01151, 0.02276, 0.03043, 0.05690], ndcg=[0.00813, 0.01178, 0.01372, 0.01875], Train Rec Loss=[0.04860], Eval Rec Loss=[0.04893], c=[0.50000], F=[0.82889, 0.73587, 0.65478, 0.79178], F_fuse=[0.00459, 0.00454, 0.00304, 0.00227]
[ INFO : 2026-08-06 13:01:42,499 ] - Epoch 65: train==[109.69920 = 0.58010 + 0.85291 + 16.51675 + 0.00240 + 0.00000 + 0.00026 + 613.91956]
[ INFO : 2026-08-06 13:01:49,310 ] - Test_@[5, 10, 20, 50]: Recall=[0.01240, 0.02186, 0.02992, 0.05677],  precision=[0.00248, 0.00219, 0.00150, 0.00114], hit=[0.01240, 0.02186, 0.02992, 0.05677], ndcg=[0.00840, 0.01144, 0.01347, 0.01858], Train Rec Loss=[0.04864], Eval Rec Loss=[0.04888], c=[0.50000], F=[0.92380, 0.73434, 0.66166, 0.79394], F_fuse=[0.00495, 0.00436, 0.00299, 0.00227]
[ INFO : 2026-08-06 13:03:14,476 ] - Epoch 66: train==[109.62136 = 0.58033 + 0.85288 + 16.43872 + 0.00241 + 0.00000 + 0.00025 + 613.91950]
[ INFO : 2026-08-06 13:03:21,339 ] - Test_@[5, 10, 20, 50]: Recall=[0.01138, 0.02276, 0.03081, 0.05664],  precision=[0.00228, 0.00228, 0.00154, 0.00113], hit=[0.01138, 0.02276, 0.03081, 0.05664], ndcg=[0.00813, 0.01183, 0.01385, 0.01875], Train Rec Loss=[0.04860], Eval Rec Loss=[0.04900], c=[0.50000], F=[0.82813, 0.73632, 0.65929, 0.79153], F_fuse=[0.00454, 0.00454, 0.00307, 0.00226]
[ INFO : 2026-08-06 13:04:47,037 ] - Epoch 67: train==[109.44640 = 0.57583 + 0.85282 + 16.26870 + 0.00244 + 0.00000 + 0.00026 + 613.91652]
[ INFO : 2026-08-06 13:04:53,887 ] - Test_@[5, 10, 20, 50]: Recall=[0.01138, 0.02199, 0.03005, 0.05651],  precision=[0.00228, 0.00220, 0.00150, 0.00113], hit=[0.01138, 0.02199, 0.03005, 0.05651], ndcg=[0.00806, 0.01155, 0.01357, 0.01861], Train Rec Loss=[0.04854], Eval Rec Loss=[0.04900], c=[0.50000], F=[0.86874, 0.73668, 0.66207, 0.79352], F_fuse=[0.00454, 0.00439, 0.00300, 0.00226]
[ INFO : 2026-08-06 13:06:18,720 ] - Epoch 68: train==[109.41714 = 0.57975 + 0.85278 + 16.23567 + 0.00248 + 0.00000 + 0.00025 + 613.91552]
[ INFO : 2026-08-06 13:06:25,562 ] - Test_@[5, 10, 20, 50]: Recall=[0.01291, 0.02225, 0.03018, 0.05677],  precision=[0.00258, 0.00222, 0.00151, 0.00114], hit=[0.01291, 0.02225, 0.03018, 0.05677], ndcg=[0.00865, 0.01164, 0.01363, 0.01869], Train Rec Loss=[0.04857], Eval Rec Loss=[0.04889], c=[0.50000], F=[0.90939, 0.72975, 0.66071, 0.79606], F_fuse=[0.00515, 0.00444, 0.00301, 0.00227]
[ INFO : 2026-08-06 13:07:50,180 ] - Epoch 69: train==[109.40823 = 0.57111 + 0.85268 + 16.23547 + 0.00247 + 0.00000 + 0.00025 + 613.91547]
[ INFO : 2026-08-06 13:07:57,046 ] - Test_@[5, 10, 20, 50]: Recall=[0.01291, 0.02186, 0.02992, 0.05626],  precision=[0.00258, 0.00219, 0.00150, 0.00113], hit=[0.01291, 0.02186, 0.02992, 0.05626], ndcg=[0.00852, 0.01142, 0.01345, 0.01847], Train Rec Loss=[0.04856], Eval Rec Loss=[0.04885], c=[0.50000], F=[0.91357, 0.72327, 0.65849, 0.79648], F_fuse=[0.00515, 0.00436, 0.00299, 0.00225]
[ INFO : 2026-08-06 13:09:22,210 ] - Epoch 70: train==[109.33984 = 0.57015 + 0.85263 + 16.16764 + 0.00250 + 0.00000 + 0.00024 + 613.91813]
[ INFO : 2026-08-06 13:09:29,049 ] - Test_@[5, 10, 20, 50]: Recall=[0.01189, 0.02174, 0.03005, 0.05575],  precision=[0.00238, 0.00217, 0.00150, 0.00111], hit=[0.01189, 0.02174, 0.03005, 0.05575], ndcg=[0.00814, 0.01133, 0.01342, 0.01832], Train Rec Loss=[0.04853], Eval Rec Loss=[0.04897], c=[0.50000], F=[0.90431, 0.73074, 0.66144, 0.79685], F_fuse=[0.00474, 0.00433, 0.00300, 0.00223]
[ INFO : 2026-08-06 13:10:58,118 ] - Epoch 71: train==[109.28515 = 0.56785 + 0.85252 + 16.11512 + 0.00248 + 0.00000 + 0.00024 + 613.91959]
[ INFO : 2026-08-06 13:11:05,063 ] - Test_@[5, 10, 20, 50]: Recall=[0.01227, 0.02161, 0.02992, 0.05549],  precision=[0.00245, 0.00216, 0.00150, 0.00111], hit=[0.01227, 0.02161, 0.02992, 0.05549], ndcg=[0.00816, 0.01118, 0.01328, 0.01817], Train Rec Loss=[0.04850], Eval Rec Loss=[0.04895], c=[0.50000], F=[0.90715, 0.73290, 0.66074, 0.79970], F_fuse=[0.00490, 0.00431, 0.00299, 0.00222]
[ INFO : 2026-08-06 13:12:46,363 ] - Epoch 72: train==[109.16910 = 0.56588 + 0.85254 + 16.00134 + 0.00252 + 0.00000 + 0.00024 + 613.91724]
[ INFO : 2026-08-06 13:12:53,278 ] - Test_@[5, 10, 20, 50]: Recall=[0.01227, 0.02186, 0.02979, 0.05651],  precision=[0.00245, 0.00219, 0.00149, 0.00113], hit=[0.01227, 0.02186, 0.02979, 0.05651], ndcg=[0.00840, 0.01151, 0.01352, 0.01861], Train Rec Loss=[0.04853], Eval Rec Loss=[0.04891], c=[0.50000], F=[0.86011, 0.73745, 0.66526, 0.79990], F_fuse=[0.00490, 0.00436, 0.00297, 0.00226]
[ INFO : 2026-08-06 13:14:31,179 ] - Epoch 73: train==[109.10656 = 0.56290 + 0.85248 + 15.94195 + 0.00253 + 0.00000 + 0.00024 + 613.91627]
[ INFO : 2026-08-06 13:14:41,280 ] - Test_@[5, 10, 20, 50]: Recall=[0.01266, 0.02135, 0.02890, 0.05588],  precision=[0.00253, 0.00214, 0.00144, 0.00112], hit=[0.01266, 0.02135, 0.02890, 0.05588], ndcg=[0.00840, 0.01118, 0.01310, 0.01826], Train Rec Loss=[0.04844], Eval Rec Loss=[0.04894], c=[0.50000], F=[0.92194, 0.73015, 0.66975, 0.79981], F_fuse=[0.00505, 0.00426, 0.00288, 0.00223]
[ INFO : 2026-08-06 13:16:20,174 ] - Epoch 74: train==[108.99152 = 0.56145 + 0.85239 + 15.82844 + 0.00257 + 0.00000 + 0.00024 + 613.91591]
[ INFO : 2026-08-06 13:16:27,091 ] - Test_@[5, 10, 20, 50]: Recall=[0.01253, 0.02097, 0.02877, 0.05639],  precision=[0.00251, 0.00210, 0.00144, 0.00113], hit=[0.01253, 0.02097, 0.02877, 0.05639], ndcg=[0.00822, 0.01094, 0.01294, 0.01823], Train Rec Loss=[0.04847], Eval Rec Loss=[0.04885], c=[0.50000], F=[0.91654, 0.73075, 0.67259, 0.79985], F_fuse=[0.00500, 0.00418, 0.00287, 0.00225]
[ INFO : 2026-08-06 13:18:08,781 ] - Epoch 75: train==[108.93755 = 0.56136 + 0.85233 + 15.77415 + 0.00257 + 0.00000 + 0.00024 + 613.91883]
[ INFO : 2026-08-06 13:18:15,625 ] - Test_@[5, 10, 20, 50]: Recall=[0.01176, 0.02110, 0.02902, 0.05626],  precision=[0.00235, 0.00211, 0.00145, 0.00113], hit=[0.01176, 0.02110, 0.02902, 0.05626], ndcg=[0.00789, 0.01094, 0.01297, 0.01818], Train Rec Loss=[0.04856], Eval Rec Loss=[0.04892], c=[0.50000], F=[0.89964, 0.73120, 0.67841, 0.80088], F_fuse=[0.00469, 0.00421, 0.00290, 0.00225]
[ INFO : 2026-08-06 13:19:57,211 ] - Epoch 76: train==[108.84737 = 0.55687 + 0.85228 + 15.68848 + 0.00259 + 0.00000 + 0.00023 + 613.91888]
[ INFO : 2026-08-06 13:20:04,206 ] - Test_@[5, 10, 20, 50]: Recall=[0.01240, 0.02110, 0.02851, 0.05575],  precision=[0.00248, 0.00211, 0.00143, 0.00111], hit=[0.01240, 0.02110, 0.02851, 0.05575], ndcg=[0.00823, 0.01102, 0.01291, 0.01813], Train Rec Loss=[0.04848], Eval Rec Loss=[0.04894], c=[0.50000], F=[0.92054, 0.73135, 0.68162, 0.80319], F_fuse=[0.00495, 0.00421, 0.00285, 0.00223]
[ INFO : 2026-08-06 13:21:42,346 ] - Epoch 77: train==[108.86384 = 0.55536 + 0.85217 + 15.70647 + 0.00261 + 0.00000 + 0.00023 + 613.91913]
[ INFO : 2026-08-06 13:21:49,141 ] - Test_@[5, 10, 20, 50]: Recall=[0.01164, 0.02161, 0.02954, 0.05639],  precision=[0.00233, 0.00216, 0.00148, 0.00113], hit=[0.01164, 0.02161, 0.02954, 0.05639], ndcg=[0.00788, 0.01112, 0.01312, 0.01825], Train Rec Loss=[0.04844], Eval Rec Loss=[0.04879], c=[0.50000], F=[0.88836, 0.72757, 0.68009, 0.80341], F_fuse=[0.00464, 0.00431, 0.00295, 0.00225]
[ INFO : 2026-08-06 13:23:14,147 ] - Epoch 78: train==[108.72583 = 0.55105 + 0.85211 + 15.57323 + 0.00262 + 0.00000 + 0.00023 + 613.91628]
[ INFO : 2026-08-06 13:23:20,986 ] - Test_@[5, 10, 20, 50]: Recall=[0.01164, 0.02135, 0.02915, 0.05651],  precision=[0.00233, 0.00214, 0.00146, 0.00113], hit=[0.01164, 0.02135, 0.02915, 0.05651], ndcg=[0.00794, 0.01109, 0.01309, 0.01831], Train Rec Loss=[0.04848], Eval Rec Loss=[0.04887], c=[0.50000], F=[0.87733, 0.73130, 0.68485, 0.80305], F_fuse=[0.00464, 0.00426, 0.00291, 0.00226]
[ INFO : 2026-08-06 13:24:46,175 ] - Epoch 79: train==[108.71936 = 0.54820 + 0.85200 + 15.56985 + 0.00262 + 0.00000 + 0.00023 + 613.91504]
[ INFO : 2026-08-06 13:24:53,012 ] - Test_@[5, 10, 20, 50]: Recall=[0.01087, 0.02225, 0.02966, 0.05690],  precision=[0.00217, 0.00222, 0.00148, 0.00114], hit=[0.01087, 0.02225, 0.02966, 0.05690], ndcg=[0.00761, 0.01132, 0.01319, 0.01839], Train Rec Loss=[0.04852], Eval Rec Loss=[0.04879], c=[0.50000], F=[0.81978, 0.73230, 0.68040, 0.80358], F_fuse=[0.00434, 0.00444, 0.00296, 0.00227]
[ INFO : 2026-08-06 13:26:18,633 ] - Epoch 80: train==[108.63731 = 0.54633 + 0.85195 + 15.48967 + 0.00266 + 0.00000 + 0.00023 + 613.91502]
[ INFO : 2026-08-06 13:26:25,489 ] - Test_@[5, 10, 20, 50]: Recall=[0.01189, 0.02110, 0.02890, 0.05651],  precision=[0.00238, 0.00211, 0.00144, 0.00113], hit=[0.01189, 0.02110, 0.02890, 0.05651], ndcg=[0.00780, 0.01079, 0.01277, 0.01806], Train Rec Loss=[0.04852], Eval Rec Loss=[0.04886], c=[0.50000], F=[0.90827, 0.73245, 0.68611, 0.80670], F_fuse=[0.00474, 0.00421, 0.00288, 0.00226]
[ INFO : 2026-08-06 13:27:54,032 ] - Epoch 81: train==[108.48453 = 0.54677 + 0.85186 + 15.33593 + 0.00267 + 0.00000 + 0.00023 + 613.91870]
[ INFO : 2026-08-06 13:28:00,865 ] - Test_@[5, 10, 20, 50]: Recall=[0.01189, 0.02097, 0.02890, 0.05728],  precision=[0.00238, 0.00210, 0.00144, 0.00115], hit=[0.01189, 0.02097, 0.02890, 0.05728], ndcg=[0.00793, 0.01088, 0.01290, 0.01833], Train Rec Loss=[0.04844], Eval Rec Loss=[0.04893], c=[0.50000], F=[0.91367, 0.73285, 0.68648, 0.80739], F_fuse=[0.00474, 0.00418, 0.00288, 0.00229]
[ INFO : 2026-08-06 13:30:53,636 ] - Epoch 82: train==[108.55534 = 0.54382 + 0.85180 + 15.40994 + 0.00267 + 0.00000 + 0.00022 + 613.91733]
[ INFO : 2026-08-06 13:31:00,502 ] - Test_@[5, 10, 20, 50]: Recall=[0.01202, 0.02122, 0.02877, 0.05664],  precision=[0.00240, 0.00212, 0.00144, 0.00113], hit=[0.01202, 0.02122, 0.02877, 0.05664], ndcg=[0.00791, 0.01087, 0.01279, 0.01812], Train Rec Loss=[0.04854], Eval Rec Loss=[0.04889], c=[0.50000], F=[0.91146, 0.73921, 0.68982, 0.80713], F_fuse=[0.00479, 0.00423, 0.00287, 0.00226]
[ INFO : 2026-08-06 13:40:53,807 ] - Epoch 83: train==[108.44314 = 0.54239 + 0.85165 + 15.29927 + 0.00271 + 0.00000 + 0.00022 + 613.91707]
[ INFO : 2026-08-06 13:41:00,686 ] - Test_@[5, 10, 20, 50]: Recall=[0.01253, 0.02097, 0.02851, 0.05677],  precision=[0.00251, 0.00210, 0.00143, 0.00114], hit=[0.01253, 0.02097, 0.02851, 0.05677], ndcg=[0.00806, 0.01077, 0.01267, 0.01809], Train Rec Loss=[0.04853], Eval Rec Loss=[0.04891], c=[0.50000], F=[0.92009, 0.73937, 0.68947, 0.80890], F_fuse=[0.00500, 0.00418, 0.00285, 0.00227]
[ INFO : 2026-08-06 13:42:38,571 ] - Epoch 84: train==[108.33903 = 0.54041 + 0.85152 + 15.19756 + 0.00272 + 0.00000 + 0.00022 + 613.91469]
[ INFO : 2026-08-06 13:42:45,398 ] - Test_@[5, 10, 20, 50]: Recall=[0.01215, 0.02059, 0.02890, 0.05664],  precision=[0.00243, 0.00206, 0.00144, 0.00113], hit=[0.01215, 0.02059, 0.02890, 0.05664], ndcg=[0.00796, 0.01068, 0.01276, 0.01807], Train Rec Loss=[0.04844], Eval Rec Loss=[0.04889], c=[0.50000], F=[0.91248, 0.74109, 0.69368, 0.81138], F_fuse=[0.00485, 0.00411, 0.00288, 0.00226]
[ INFO : 2026-08-06 13:44:11,014 ] - Epoch 85: train==[108.28538 = 0.53489 + 0.85138 + 15.14888 + 0.00271 + 0.00000 + 0.00022 + 613.91903]
[ INFO : 2026-08-06 13:44:17,849 ] - Test_@[5, 10, 20, 50]: Recall=[0.01189, 0.02110, 0.02915, 0.05562],  precision=[0.00238, 0.00211, 0.00146, 0.00111], hit=[0.01189, 0.02110, 0.02915, 0.05562], ndcg=[0.00788, 0.01084, 0.01288, 0.01794], Train Rec Loss=[0.04848], Eval Rec Loss=[0.04886], c=[0.50000], F=[0.92003, 0.74079, 0.69090, 0.80975], F_fuse=[0.00474, 0.00421, 0.00291, 0.00222]
[ INFO : 2026-08-06 13:45:42,549 ] - Epoch 86: train==[108.22520 = 0.53341 + 0.85127 + 15.09071 + 0.00276 + 0.00000 + 0.00022 + 613.91554]
[ INFO : 2026-08-06 13:45:49,368 ] - Test_@[5, 10, 20, 50]: Recall=[0.01176, 0.02033, 0.02902, 0.05677],  precision=[0.00235, 0.00203, 0.00145, 0.00114], hit=[0.01176, 0.02033, 0.02902, 0.05677], ndcg=[0.00796, 0.01072, 0.01292, 0.01822], Train Rec Loss=[0.04846], Eval Rec Loss=[0.04882], c=[0.50000], F=[0.90466, 0.73521, 0.68908, 0.81019], F_fuse=[0.00469, 0.00405, 0.00290, 0.00227]
[ INFO : 2026-08-06 13:47:14,512 ] - Epoch 87: train==[108.22610 = 0.53792 + 0.85109 + 15.08750 + 0.00275 + 0.00000 + 0.00022 + 613.91369]
[ INFO : 2026-08-06 13:47:21,396 ] - Test_@[5, 10, 20, 50]: Recall=[0.01176, 0.02046, 0.02851, 0.05639],  precision=[0.00235, 0.00205, 0.00143, 0.00113], hit=[0.01176, 0.02046, 0.02851, 0.05639], ndcg=[0.00741, 0.01020, 0.01223, 0.01756], Train Rec Loss=[0.04849], Eval Rec Loss=[0.04895], c=[0.50000], F=[0.92153, 0.74424, 0.69439, 0.81196], F_fuse=[0.00469, 0.00408, 0.00285, 0.00225]
[ INFO : 2026-08-06 13:49:02,637 ] - Epoch 88: train==[108.10331 = 0.53616 + 0.85104 + 14.96642 + 0.00278 + 0.00000 + 0.00022 + 613.91396]
[ INFO : 2026-08-06 13:49:09,520 ] - Test_@[5, 10, 20, 50]: Recall=[0.01176, 0.02084, 0.02890, 0.05626],  precision=[0.00235, 0.00208, 0.00144, 0.00113], hit=[0.01176, 0.02084, 0.02890, 0.05626], ndcg=[0.00780, 0.01076, 0.01280, 0.01803], Train Rec Loss=[0.04846], Eval Rec Loss=[0.04883], c=[0.50000], F=[0.88702, 0.73611, 0.68921, 0.81168], F_fuse=[0.00469, 0.00416, 0.00288, 0.00225]
[ INFO : 2026-08-06 13:50:52,495 ] - Epoch 89: train==[108.14285 = 0.52774 + 0.85093 + 15.01442 + 0.00279 + 0.00000 + 0.00021 + 613.91410]
[ INFO : 2026-08-06 13:50:59,397 ] - Test_@[5, 10, 20, 50]: Recall=[0.01176, 0.01918, 0.02800, 0.05562],  precision=[0.00235, 0.00192, 0.00140, 0.00111], hit=[0.01176, 0.01918, 0.02800, 0.05562], ndcg=[0.00777, 0.01016, 0.01242, 0.01770], Train Rec Loss=[0.04846], Eval Rec Loss=[0.04875], c=[0.50000], F=[0.91903, 0.74680, 0.69477, 0.81333], F_fuse=[0.00469, 0.00383, 0.00279, 0.00222]
[ INFO : 2026-08-06 13:52:39,520 ] - Epoch 90: train==[108.00906 = 0.52270 + 0.85071 + 14.88590 + 0.00280 + 0.00000 + 0.00021 + 613.91341]
[ INFO : 2026-08-06 13:52:46,435 ] - Test_@[5, 10, 20, 50]: Recall=[0.01240, 0.01956, 0.02851, 0.05562],  precision=[0.00248, 0.00196, 0.00143, 0.00111], hit=[0.01240, 0.01956, 0.02851, 0.05562], ndcg=[0.00802, 0.01033, 0.01261, 0.01780], Train Rec Loss=[0.04850], Eval Rec Loss=[0.04887], c=[0.50000], F=[0.92411, 0.74103, 0.68883, 0.81356], F_fuse=[0.00495, 0.00390, 0.00285, 0.00222]
[ INFO : 2026-08-06 13:54:30,088 ] - Epoch 91: train==[107.91717 = 0.52820 + 0.85054 + 14.78783 + 0.00283 + 0.00000 + 0.00021 + 613.91854]
[ INFO : 2026-08-06 13:54:36,972 ] - Test_@[5, 10, 20, 50]: Recall=[0.01240, 0.02007, 0.02851, 0.05549],  precision=[0.00248, 0.00201, 0.00143, 0.00111], hit=[0.01240, 0.02007, 0.02851, 0.05549], ndcg=[0.00818, 0.01063, 0.01277, 0.01793], Train Rec Loss=[0.04851], Eval Rec Loss=[0.04883], c=[0.50000], F=[0.91504, 0.74316, 0.69121, 0.81431], F_fuse=[0.00495, 0.00400, 0.00285, 0.00222]
[ INFO : 2026-08-06 13:56:18,593 ] - Epoch 92: train==[107.91499 = 0.52874 + 0.85034 + 14.78581 + 0.00283 + 0.00000 + 0.00021 + 613.91462]
[ INFO : 2026-08-06 13:56:25,535 ] - Test_@[5, 10, 20, 50]: Recall=[0.01215, 0.01995, 0.02800, 0.05472],  precision=[0.00243, 0.00199, 0.00140, 0.00109], hit=[0.01215, 0.01995, 0.02800, 0.05472], ndcg=[0.00807, 0.01057, 0.01262, 0.01775], Train Rec Loss=[0.04851], Eval Rec Loss=[0.04891], c=[0.50000], F=[0.90408, 0.74156, 0.69552, 0.81546], F_fuse=[0.00485, 0.00398, 0.00279, 0.00219]
[ INFO : 2026-08-06 13:58:04,007 ] - Epoch 93: train==[107.84643 = 0.51940 + 0.85012 + 14.72619 + 0.00285 + 0.00000 + 0.00021 + 613.91804]
[ INFO : 2026-08-06 13:58:10,933 ] - Test_@[5, 10, 20, 50]: Recall=[0.01164, 0.02110, 0.02890, 0.05549],  precision=[0.00233, 0.00211, 0.00144, 0.00111], hit=[0.01164, 0.02110, 0.02890, 0.05549], ndcg=[0.00786, 0.01092, 0.01289, 0.01797], Train Rec Loss=[0.04842], Eval Rec Loss=[0.04885], c=[0.50000], F=[0.89059, 0.74170, 0.68893, 0.81282], F_fuse=[0.00464, 0.00421, 0.00288, 0.00222]
[ INFO : 2026-08-06 13:59:38,157 ] - Epoch 94: train==[107.74301 = 0.52090 + 0.85005 + 14.62233 + 0.00285 + 0.00000 + 0.00021 + 613.91118]
[ INFO : 2026-08-06 13:59:45,037 ] - Test_@[5, 10, 20, 50]: Recall=[0.01227, 0.01982, 0.02877, 0.05460],  precision=[0.00245, 0.00198, 0.00144, 0.00109], hit=[0.01227, 0.01982, 0.02877, 0.05460], ndcg=[0.00775, 0.01017, 0.01242, 0.01736], Train Rec Loss=[0.04845], Eval Rec Loss=[0.04880], c=[0.50000], F=[0.91600, 0.74721, 0.69282, 0.81454], F_fuse=[0.00490, 0.00395, 0.00287, 0.00218]
[ INFO : 2026-08-06 14:01:31,097 ] - Epoch 95: train==[107.68485 = 0.51708 + 0.84972 + 14.56786 + 0.00287 + 0.00000 + 0.00021 + 613.91324]
[ INFO : 2026-08-06 14:01:37,928 ] - Test_@[5, 10, 20, 50]: Recall=[0.01151, 0.01905, 0.02762, 0.05409],  precision=[0.00230, 0.00191, 0.00138, 0.00108], hit=[0.01151, 0.01905, 0.02762, 0.05409], ndcg=[0.00730, 0.00975, 0.01192, 0.01702], Train Rec Loss=[0.04853], Eval Rec Loss=[0.04889], c=[0.50000], F=[0.92162, 0.75906, 0.69716, 0.81799], F_fuse=[0.00459, 0.00380, 0.00276, 0.00216]
[ INFO : 2026-08-06 14:03:02,985 ] - Epoch 96: train==[107.63745 = 0.51737 + 0.84964 + 14.52039 + 0.00288 + 0.00000 + 0.00021 + 613.91203]
[ INFO : 2026-08-06 14:03:09,850 ] - Test_@[5, 10, 20, 50]: Recall=[0.01176, 0.01841, 0.02736, 0.05434],  precision=[0.00235, 0.00184, 0.00137, 0.00109], hit=[0.01176, 0.01841, 0.02736, 0.05434], ndcg=[0.00732, 0.00946, 0.01174, 0.01693], Train Rec Loss=[0.04849], Eval Rec Loss=[0.04885], c=[0.50000], F=[0.91692, 0.76380, 0.70051, 0.81877], F_fuse=[0.00469, 0.00367, 0.00273, 0.00217]
[ INFO : 2026-08-06 14:04:34,980 ] - Epoch 97: train==[107.53444 = 0.51906 + 0.84938 + 14.41541 + 0.00290 + 0.00000 + 0.00021 + 613.91489]
[ INFO : 2026-08-06 14:04:41,878 ] - Test_@[5, 10, 20, 50]: Recall=[0.01189, 0.01892, 0.02698, 0.05421],  precision=[0.00238, 0.00189, 0.00135, 0.00108], hit=[0.01189, 0.01892, 0.02698, 0.05421], ndcg=[0.00758, 0.00986, 0.01189, 0.01714], Train Rec Loss=[0.04844], Eval Rec Loss=[0.04889], c=[0.50000], F=[0.92038, 0.76058, 0.69746, 0.81838], F_fuse=[0.00474, 0.00378, 0.00269, 0.00217]
[ INFO : 2026-08-06 14:06:07,479 ] - Epoch 98: train==[107.52033 = 0.51554 + 0.84914 + 14.40503 + 0.00292 + 0.00000 + 0.00020 + 613.91433]
[ INFO : 2026-08-06 14:06:14,381 ] - Test_@[5, 10, 20, 50]: Recall=[0.01176, 0.01943, 0.02800, 0.05447],  precision=[0.00235, 0.00194, 0.00140, 0.00109], hit=[0.01176, 0.01943, 0.02800, 0.05447], ndcg=[0.00751, 0.00996, 0.01212, 0.01721], Train Rec Loss=[0.04846], Eval Rec Loss=[0.04885], c=[0.50000], F=[0.91226, 0.75765, 0.69508, 0.81697], F_fuse=[0.00469, 0.00388, 0.00279, 0.00218]
[ INFO : 2026-08-06 14:07:39,676 ] - Epoch 99: train==[107.44729 = 0.51652 + 0.84893 + 14.33166 + 0.00293 + 0.00000 + 0.00020 + 613.91079]
[ INFO : 2026-08-06 14:07:46,498 ] - Test_@[5, 10, 20, 50]: Recall=[0.01164, 0.01867, 0.02698, 0.05460],  precision=[0.00233, 0.00187, 0.00135, 0.00109], hit=[0.01164, 0.01867, 0.02698, 0.05460], ndcg=[0.00704, 0.00932, 0.01141, 0.01674], Train Rec Loss=[0.04850], Eval Rec Loss=[0.04884], c=[0.50000], F=[0.90925, 0.76828, 0.70117, 0.82012], F_fuse=[0.00464, 0.00372, 0.00269, 0.00218]
[ INFO : 2026-08-06 14:09:11,547 ] - Epoch 100: train==[107.39381 = 0.50668 + 0.84868 + 14.28756 + 0.00293 + 0.00000 + 0.00020 + 613.91480]
[ INFO : 2026-08-06 14:09:18,392 ] - Test_@[5, 10, 20, 50]: Recall=[0.01151, 0.01828, 0.02749, 0.05447],  precision=[0.00230, 0.00183, 0.00137, 0.00109], hit=[0.01151, 0.01828, 0.02749, 0.05447], ndcg=[0.00708, 0.00928, 0.01161, 0.01681], Train Rec Loss=[0.04855], Eval Rec Loss=[0.04892], c=[0.50000], F=[0.91325, 0.76889, 0.70486, 0.82207], F_fuse=[0.00459, 0.00365, 0.00274, 0.00218]
[ INFO : 2026-08-06 14:10:43,690 ] - Epoch 101: train==[107.40152 = 0.50368 + 0.84839 + 14.29859 + 0.00295 + 0.00000 + 0.00020 + 613.91376]
[ INFO : 2026-08-06 14:10:50,542 ] - Test_@[5, 10, 20, 50]: Recall=[0.01176, 0.01931, 0.02826, 0.05472],  precision=[0.00235, 0.00193, 0.00141, 0.00109], hit=[0.01176, 0.01931, 0.02826, 0.05472], ndcg=[0.00748, 0.00990, 0.01214, 0.01722], Train Rec Loss=[0.04844], Eval Rec Loss=[0.04893], c=[0.50000], F=[0.89392, 0.76585, 0.70433, 0.82065], F_fuse=[0.00469, 0.00385, 0.00282, 0.00219]
[ INFO : 2026-08-06 14:12:15,902 ] - Epoch 102: train==[107.29650 = 0.50316 + 0.84813 + 14.19432 + 0.00292 + 0.00000 + 0.00020 + 613.91346]
[ INFO : 2026-08-06 14:12:22,765 ] - Test_@[5, 10, 20, 50]: Recall=[0.01176, 0.02020, 0.02839, 0.05536],  precision=[0.00235, 0.00202, 0.00142, 0.00111], hit=[0.01176, 0.02020, 0.02839, 0.05536], ndcg=[0.00746, 0.01018, 0.01224, 0.01743], Train Rec Loss=[0.04861], Eval Rec Loss=[0.04890], c=[0.50000], F=[0.88836, 0.75984, 0.69847, 0.81884], F_fuse=[0.00469, 0.00403, 0.00283, 0.00221]
[ INFO : 2026-08-06 14:13:48,304 ] - Epoch 103: train==[107.22613 = 0.50236 + 0.84786 + 14.12512 + 0.00297 + 0.00000 + 0.00020 + 613.91172]
[ INFO : 2026-08-06 14:13:55,175 ] - Test_@[5, 10, 20, 50]: Recall=[0.01151, 0.01841, 0.02685, 0.05498],  precision=[0.00230, 0.00184, 0.00134, 0.00110], hit=[0.01151, 0.01841, 0.02685, 0.05498], ndcg=[0.00692, 0.00916, 0.01128, 0.01670], Train Rec Loss=[0.04848], Eval Rec Loss=[0.04890], c=[0.50000], F=[0.90491, 0.77280, 0.70659, 0.82386], F_fuse=[0.00459, 0.00367, 0.00268, 0.00220]
[ INFO : 2026-08-06 14:15:20,329 ] - Epoch 104: train==[107.16012 = 0.50882 + 0.84753 + 14.05245 + 0.00297 + 0.00000 + 0.00020 + 613.91435]
[ INFO : 2026-08-06 14:15:27,178 ] - Test_@[5, 10, 20, 50]: Recall=[0.01164, 0.01854, 0.02749, 0.05332],  precision=[0.00233, 0.00185, 0.00137, 0.00107], hit=[0.01164, 0.01854, 0.02749, 0.05332], ndcg=[0.00708, 0.00932, 0.01158, 0.01657], Train Rec Loss=[0.04861], Eval Rec Loss=[0.04894], c=[0.50000], F=[0.90670, 0.77485, 0.70636, 0.82212], F_fuse=[0.00464, 0.00370, 0.00274, 0.00213]
[ INFO : 2026-08-06 14:16:52,676 ] - Epoch 105: train==[107.11178 = 0.50526 + 0.84719 + 14.00805 + 0.00301 + 0.00000 + 0.00020 + 613.91293]
[ INFO : 2026-08-06 14:16:59,526 ] - Test_@[5, 10, 20, 50]: Recall=[0.01138, 0.01841, 0.02672, 0.05409],  precision=[0.00228, 0.00184, 0.00134, 0.00108], hit=[0.01138, 0.01841, 0.02672, 0.05409], ndcg=[0.00683, 0.00910, 0.01118, 0.01648], Train Rec Loss=[0.04854], Eval Rec Loss=[0.04883], c=[0.50000], F=[0.89586, 0.77895, 0.71114, 0.82423], F_fuse=[0.00454, 0.00367, 0.00267, 0.00216]
[ INFO : 2026-08-06 14:18:24,378 ] - Epoch 106: train==[106.97271 = 0.50134 + 0.84683 + 13.87338 + 0.00302 + 0.00000 + 0.00020 + 613.91112]
[ INFO : 2026-08-06 14:18:31,213 ] - Test_@[5, 10, 20, 50]: Recall=[0.01151, 0.01995, 0.02813, 0.05524],  precision=[0.00230, 0.00199, 0.00141, 0.00110], hit=[0.01151, 0.01995, 0.02813, 0.05524], ndcg=[0.00733, 0.01005, 0.01209, 0.01731], Train Rec Loss=[0.04856], Eval Rec Loss=[0.04888], c=[0.50000], F=[0.88673, 0.76700, 0.70466, 0.82246], F_fuse=[0.00459, 0.00398, 0.00281, 0.00221]
[ INFO : 2026-08-06 14:19:56,635 ] - Epoch 107: train==[106.98296 = 0.49538 + 0.84641 + 13.88969 + 0.00301 + 0.00000 + 0.00020 + 613.91216]
[ INFO : 2026-08-06 14:20:03,515 ] - Test_@[5, 10, 20, 50]: Recall=[0.01164, 0.01931, 0.02723, 0.05396],  precision=[0.00233, 0.00193, 0.00136, 0.00108], hit=[0.01164, 0.01931, 0.02723, 0.05396], ndcg=[0.00728, 0.00974, 0.01172, 0.01688], Train Rec Loss=[0.04852], Eval Rec Loss=[0.04892], c=[0.50000], F=[0.89686, 0.77499, 0.70706, 0.82227], F_fuse=[0.00464, 0.00385, 0.00272, 0.00216]
[ INFO : 2026-08-06 14:21:34,118 ] - Epoch 108: train==[106.91451 = 0.49484 + 0.84616 + 13.82216 + 0.00305 + 0.00000 + 0.00020 + 613.91036]
[ INFO : 2026-08-06 14:21:41,083 ] - Test_@[5, 10, 20, 50]: Recall=[0.01164, 0.01828, 0.02736, 0.05472],  precision=[0.00233, 0.00183, 0.00137, 0.00109], hit=[0.01164, 0.01828, 0.02736, 0.05472], ndcg=[0.00718, 0.00933, 0.01161, 0.01689], Train Rec Loss=[0.04858], Eval Rec Loss=[0.04894], c=[0.50000], F=[0.90603, 0.77227, 0.71012, 0.82540], F_fuse=[0.00464, 0.00365, 0.00273, 0.00219]
[ INFO : 2026-08-06 14:24:09,632 ] - Epoch 109: train==[106.84624 = 0.49495 + 0.84574 + 13.75398 + 0.00305 + 0.00000 + 0.00020 + 613.91083]
[ INFO : 2026-08-06 14:24:16,532 ] - Test_@[5, 10, 20, 50]: Recall=[0.01138, 0.01841, 0.02775, 0.05383],  precision=[0.00228, 0.00184, 0.00139, 0.00108], hit=[0.01138, 0.01841, 0.02775, 0.05383], ndcg=[0.00692, 0.00919, 0.01154, 0.01657], Train Rec Loss=[0.04858], Eval Rec Loss=[0.04899], c=[0.50000], F=[0.87583, 0.77847, 0.70998, 0.82428], F_fuse=[0.00454, 0.00367, 0.00277, 0.00215]
[ INFO : 2026-08-06 14:25:57,908 ] - Epoch 110: train==[106.81270 = 0.49296 + 0.84526 + 13.72245 + 0.00306 + 0.00000 + 0.00020 + 613.91246]
[ INFO : 2026-08-06 14:26:04,804 ] - Test_@[5, 10, 20, 50]: Recall=[0.01138, 0.01956, 0.02787, 0.05396],  precision=[0.00228, 0.00196, 0.00139, 0.00108], hit=[0.01138, 0.01956, 0.02787, 0.05396], ndcg=[0.00719, 0.00980, 0.01188, 0.01692], Train Rec Loss=[0.04858], Eval Rec Loss=[0.04902], c=[0.50000], F=[0.87730, 0.76901, 0.70624, 0.82266], F_fuse=[0.00454, 0.00390, 0.00278, 0.00216]
[ INFO : 2026-08-06 14:27:44,733 ] - Epoch 111: train==[106.82120 = 0.49415 + 0.84484 + 13.73043 + 0.00306 + 0.00000 + 0.00019 + 613.90962]
[ INFO : 2026-08-06 14:27:51,730 ] - Test_@[5, 10, 20, 50]: Recall=[0.01125, 0.01816, 0.02736, 0.05409],  precision=[0.00225, 0.00182, 0.00137, 0.00108], hit=[0.01125, 0.01816, 0.02736, 0.05409], ndcg=[0.00719, 0.00942, 0.01173, 0.01690], Train Rec Loss=[0.04860], Eval Rec Loss=[0.04904], c=[0.50000], F=[0.90267, 0.78026, 0.71538, 0.82758], F_fuse=[0.00449, 0.00362, 0.00273, 0.00216]
[ INFO : 2026-08-06 14:29:33,666 ] - Epoch 112: train==[106.73343 = 0.49025 + 0.84434 + 13.64636 + 0.00306 + 0.00000 + 0.00020 + 613.91307]
[ INFO : 2026-08-06 14:29:40,527 ] - Test_@[5, 10, 20, 50]: Recall=[0.01151, 0.01816, 0.02647, 0.05268],  precision=[0.00230, 0.00182, 0.00132, 0.00105], hit=[0.01151, 0.01816, 0.02647, 0.05268], ndcg=[0.00680, 0.00891, 0.01099, 0.01610], Train Rec Loss=[0.04851], Eval Rec Loss=[0.04895], c=[0.50000], F=[0.89151, 0.78862, 0.72157, 0.82813], F_fuse=[0.00459, 0.00362, 0.00264, 0.00210]
[ INFO : 2026-08-06 14:31:23,515 ] - Epoch 113: train==[106.71031 = 0.48742 + 0.84384 + 13.62724 + 0.00309 + 0.00000 + 0.00019 + 613.90707]
[ INFO : 2026-08-06 14:31:30,394 ] - Test_@[5, 10, 20, 50]: Recall=[0.01151, 0.01777, 0.02672, 0.05345],  precision=[0.00230, 0.00178, 0.00134, 0.00107], hit=[0.01151, 0.01777, 0.02672, 0.05345], ndcg=[0.00689, 0.00890, 0.01115, 0.01634], Train Rec Loss=[0.04871], Eval Rec Loss=[0.04908], c=[0.50000], F=[0.88426, 0.78237, 0.72057, 0.82859], F_fuse=[0.00459, 0.00355, 0.00267, 0.00214]
[ INFO : 2026-08-06 14:33:04,549 ] - Epoch 114: train==[106.63133 = 0.48599 + 0.84339 + 13.54962 + 0.00312 + 0.00000 + 0.00019 + 613.90919]
[ INFO : 2026-08-06 14:33:11,360 ] - Test_@[5, 10, 20, 50]: Recall=[0.01189, 0.01803, 0.02685, 0.05383],  precision=[0.00238, 0.00180, 0.00134, 0.00108], hit=[0.01189, 0.01803, 0.02685, 0.05383], ndcg=[0.00708, 0.00901, 0.01123, 0.01645], Train Rec Loss=[0.04865], Eval Rec Loss=[0.04895], c=[0.50000], F=[0.86605, 0.78261, 0.72315, 0.82984], F_fuse=[0.00474, 0.00360, 0.00268, 0.00215]
[ INFO : 2026-08-06 14:34:36,028 ] - Epoch 115: train==[106.56204 = 0.48434 + 0.84281 + 13.48237 + 0.00311 + 0.00000 + 0.00019 + 613.90892]
[ INFO : 2026-08-06 14:34:42,901 ] - Test_@[5, 10, 20, 50]: Recall=[0.01164, 0.01764, 0.02621, 0.05319],  precision=[0.00233, 0.00176, 0.00131, 0.00106], hit=[0.01164, 0.01764, 0.02621, 0.05319], ndcg=[0.00699, 0.00892, 0.01108, 0.01632], Train Rec Loss=[0.04871], Eval Rec Loss=[0.04893], c=[0.50000], F=[0.88091, 0.78130, 0.72478, 0.83351], F_fuse=[0.00464, 0.00352, 0.00262, 0.00212]
[ INFO : 2026-08-06 14:36:08,062 ] - Epoch 116: train==[106.53793 = 0.48223 + 0.84213 + 13.46044 + 0.00311 + 0.00000 + 0.00019 + 613.91111]
[ INFO : 2026-08-06 14:36:14,906 ] - Test_@[5, 10, 20, 50]: Recall=[0.01176, 0.01828, 0.02775, 0.05485],  precision=[0.00235, 0.00183, 0.00139, 0.00110], hit=[0.01176, 0.01828, 0.02775, 0.05485], ndcg=[0.00700, 0.00907, 0.01146, 0.01670], Train Rec Loss=[0.04864], Eval Rec Loss=[0.04911], c=[0.50000], F=[0.87924, 0.78314, 0.72076, 0.83044], F_fuse=[0.00469, 0.00365, 0.00277, 0.00219]
[ INFO : 2026-08-06 14:37:40,103 ] - Epoch 117: train==[106.47447 = 0.48657 + 0.84156 + 13.39285 + 0.00314 + 0.00000 + 0.00019 + 613.91184]
[ INFO : 2026-08-06 14:37:46,951 ] - Test_@[5, 10, 20, 50]: Recall=[0.01138, 0.01816, 0.02660, 0.05447],  precision=[0.00228, 0.00182, 0.00133, 0.00109], hit=[0.01138, 0.01816, 0.02660, 0.05447], ndcg=[0.00691, 0.00908, 0.01120, 0.01660], Train Rec Loss=[0.04869], Eval Rec Loss=[0.04897], c=[0.50000], F=[0.87033, 0.78018, 0.72036, 0.83269], F_fuse=[0.00454, 0.00362, 0.00265, 0.00218]
[ INFO : 2026-08-06 14:39:11,872 ] - Epoch 118: train==[106.45606 = 0.48000 + 0.84075 + 13.38112 + 0.00313 + 0.00000 + 0.00019 + 613.91448]
[ INFO : 2026-08-06 14:39:18,760 ] - Test_@[5, 10, 20, 50]: Recall=[0.01151, 0.01803, 0.02711, 0.05396],  precision=[0.00230, 0.00180, 0.00136, 0.00108], hit=[0.01151, 0.01803, 0.02711, 0.05396], ndcg=[0.00687, 0.00895, 0.01124, 0.01645], Train Rec Loss=[0.04877], Eval Rec Loss=[0.04918], c=[0.50000], F=[0.86458, 0.78215, 0.72454, 0.83297], F_fuse=[0.00459, 0.00360, 0.00271, 0.00216]
[ INFO : 2026-08-06 14:40:44,097 ] - Epoch 119: train==[106.36718 = 0.47761 + 0.84001 + 13.29587 + 0.00318 + 0.00000 + 0.00019 + 613.90883]
[ INFO : 2026-08-06 14:40:50,966 ] - Test_@[5, 10, 20, 50]: Recall=[0.01125, 0.01790, 0.02698, 0.05345],  precision=[0.00225, 0.00179, 0.00135, 0.00107], hit=[0.01125, 0.01790, 0.02698, 0.05345], ndcg=[0.00664, 0.00877, 0.01104, 0.01617], Train Rec Loss=[0.04872], Eval Rec Loss=[0.04917], c=[0.50000], F=[0.86483, 0.78514, 0.72227, 0.83256], F_fuse=[0.00449, 0.00357, 0.00269, 0.00214]
[ INFO : 2026-08-06 14:42:15,687 ] - Epoch 120: train==[106.34860 = 0.47984 + 0.83921 + 13.27574 + 0.00315 + 0.00000 + 0.00019 + 613.90763]
[ INFO : 2026-08-06 14:42:22,506 ] - Test_@[5, 10, 20, 50]: Recall=[0.01138, 0.01777, 0.02736, 0.05242],  precision=[0.00228, 0.00178, 0.00137, 0.00105], hit=[0.01138, 0.01777, 0.02736, 0.05242], ndcg=[0.00664, 0.00870, 0.01111, 0.01598], Train Rec Loss=[0.04883], Eval Rec Loss=[0.04917], c=[0.50000], F=[0.86617, 0.78348, 0.72512, 0.83393], F_fuse=[0.00454, 0.00355, 0.00273, 0.00209]
[ INFO : 2026-08-06 14:43:47,719 ] - Epoch 121: train==[106.25419 = 0.47308 + 0.83829 + 13.18836 + 0.00316 + 0.00000 + 0.00019 + 613.90940]
[ INFO : 2026-08-06 14:43:54,557 ] - Test_@[5, 10, 20, 50]: Recall=[0.01125, 0.01752, 0.02608, 0.05230],  precision=[0.00225, 0.00175, 0.00130, 0.00105], hit=[0.01125, 0.01752, 0.02608, 0.05230], ndcg=[0.00662, 0.00863, 0.01078, 0.01590], Train Rec Loss=[0.04885], Eval Rec Loss=[0.04919], c=[0.50000], F=[0.85598, 0.78675, 0.73095, 0.83602], F_fuse=[0.00449, 0.00350, 0.00260, 0.00209]
[ INFO : 2026-08-06 14:45:19,393 ] - Epoch 122: train==[106.33924 = 0.47925 + 0.83752 + 13.26800 + 0.00318 + 0.00000 + 0.00019 + 613.90732]
[ INFO : 2026-08-06 14:45:26,259 ] - Test_@[5, 10, 20, 50]: Recall=[0.01138, 0.01713, 0.02557, 0.05357],  precision=[0.00228, 0.00171, 0.00128, 0.00107], hit=[0.01138, 0.01713, 0.02557, 0.05357], ndcg=[0.00659, 0.00843, 0.01056, 0.01601], Train Rec Loss=[0.04884], Eval Rec Loss=[0.04936], c=[0.50000], F=[0.85473, 0.78643, 0.73328, 0.83808], F_fuse=[0.00454, 0.00342, 0.00255, 0.00214]
[ INFO : 2026-08-06 14:46:51,483 ] - Epoch 123: train==[106.17912 = 0.47551 + 0.83687 + 13.11193 + 0.00321 + 0.00000 + 0.00019 + 613.90773]
[ INFO : 2026-08-06 14:46:58,364 ] - Test_@[5, 10, 20, 50]: Recall=[0.01112, 0.01752, 0.02698, 0.05306],  precision=[0.00222, 0.00175, 0.00135, 0.00106], hit=[0.01112, 0.01752, 0.02698, 0.05306], ndcg=[0.00647, 0.00853, 0.01091, 0.01597], Train Rec Loss=[0.04888], Eval Rec Loss=[0.04921], c=[0.50000], F=[0.85585, 0.79201, 0.73349, 0.83707], F_fuse=[0.00444, 0.00350, 0.00269, 0.00212]
[ INFO : 2026-08-06 14:48:23,852 ] - Epoch 124: train==[106.11485 = 0.47147 + 0.83599 + 13.05234 + 0.00323 + 0.00000 + 0.00019 + 613.90679]
[ INFO : 2026-08-06 14:48:30,717 ] - Test_@[5, 10, 20, 50]: Recall=[0.01138, 0.01764, 0.02685, 0.05345],  precision=[0.00228, 0.00176, 0.00134, 0.00107], hit=[0.01138, 0.01764, 0.02685, 0.05345], ndcg=[0.00655, 0.00856, 0.01087, 0.01605], Train Rec Loss=[0.04892], Eval Rec Loss=[0.04922], c=[0.50000], F=[0.85492, 0.79089, 0.73261, 0.83743], F_fuse=[0.00454, 0.00352, 0.00268, 0.00214]
[ INFO : 2026-08-06 14:49:55,600 ] - Epoch 125: train==[106.00645 = 0.47123 + 0.83520 + 12.94402 + 0.00323 + 0.00000 + 0.00019 + 613.91101]
[ INFO : 2026-08-06 14:50:02,461 ] - Test_@[5, 10, 20, 50]: Recall=[0.01125, 0.01701, 0.02660, 0.05268],  precision=[0.00225, 0.00170, 0.00133, 0.00105], hit=[0.01125, 0.01701, 0.02660, 0.05268], ndcg=[0.00660, 0.00846, 0.01088, 0.01595], Train Rec Loss=[0.04903], Eval Rec Loss=[0.04935], c=[0.50000], F=[0.86090, 0.79353, 0.73914, 0.84009], F_fuse=[0.00449, 0.00339, 0.00265, 0.00210]
[ INFO : 2026-08-06 14:51:27,060 ] - Epoch 126: train==[106.08878 = 0.47053 + 0.83423 + 13.02784 + 0.00322 + 0.00000 + 0.00019 + 613.90979]
[ INFO : 2026-08-06 14:51:33,899 ] - Test_@[5, 10, 20, 50]: Recall=[0.01125, 0.01713, 0.02698, 0.05370],  precision=[0.00225, 0.00171, 0.00135, 0.00107], hit=[0.01125, 0.01713, 0.02698, 0.05370], ndcg=[0.00648, 0.00835, 0.01081, 0.01598], Train Rec Loss=[0.04913], Eval Rec Loss=[0.04953], c=[0.50000], F=[0.84901, 0.79789, 0.74599, 0.84309], F_fuse=[0.00449, 0.00342, 0.00269, 0.00215]
[ INFO : 2026-08-06 14:52:58,756 ] - Epoch 127: train==[105.95232 = 0.47172 + 0.83319 + 12.89092 + 0.00326 + 0.00000 + 0.00019 + 613.90880]
[ INFO : 2026-08-06 14:53:05,639 ] - Test_@[5, 10, 20, 50]: Recall=[0.01112, 0.01764, 0.02711, 0.05332],  precision=[0.00222, 0.00176, 0.00136, 0.00107], hit=[0.01112, 0.01764, 0.02711, 0.05332], ndcg=[0.00654, 0.00861, 0.01099, 0.01607], Train Rec Loss=[0.04897], Eval Rec Loss=[0.04958], c=[0.50000], F=[0.84869, 0.79378, 0.73872, 0.83980], F_fuse=[0.00444, 0.00352, 0.00271, 0.00213]
[ INFO : 2026-08-06 14:54:31,256 ] - Epoch 128: train==[105.95732 = 0.46873 + 0.83213 + 12.89963 + 0.00327 + 0.00000 + 0.00018 + 613.90816]
[ INFO : 2026-08-06 14:54:38,202 ] - Test_@[5, 10, 20, 50]: Recall=[0.01112, 0.01764, 0.02736, 0.05370],  precision=[0.00222, 0.00176, 0.00137, 0.00107], hit=[0.01112, 0.01764, 0.02736, 0.05370], ndcg=[0.00661, 0.00871, 0.01114, 0.01624], Train Rec Loss=[0.04928], Eval Rec Loss=[0.04939], c=[0.50000], F=[0.85419, 0.79321, 0.73871, 0.83917], F_fuse=[0.00444, 0.00352, 0.00273, 0.00215]
[ INFO : 2026-08-06 14:56:31,630 ] - Epoch 129: train==[105.84740 = 0.46791 + 0.83111 + 12.79107 + 0.00329 + 0.00000 + 0.00019 + 613.90848]
[ INFO : 2026-08-06 14:56:38,503 ] - Test_@[5, 10, 20, 50]: Recall=[0.01061, 0.01726, 0.02698, 0.05345],  precision=[0.00212, 0.00173, 0.00135, 0.00107], hit=[0.01061, 0.01726, 0.02698, 0.05345], ndcg=[0.00619, 0.00831, 0.01074, 0.01589], Train Rec Loss=[0.04922], Eval Rec Loss=[0.04952], c=[0.50000], F=[0.85582, 0.79519, 0.74510, 0.84434], F_fuse=[0.00423, 0.00344, 0.00269, 0.00214]
[ INFO : 2026-08-06 14:58:29,765 ] - Epoch 130: train==[105.82911 = 0.46359 + 0.82989 + 12.77777 + 0.00326 + 0.00000 + 0.00019 + 613.90904]
[ INFO : 2026-08-06 14:58:36,651 ] - Test_@[5, 10, 20, 50]: Recall=[0.01151, 0.01790, 0.02698, 0.05306],  precision=[0.00230, 0.00179, 0.00135, 0.00106], hit=[0.01151, 0.01790, 0.02698, 0.05306], ndcg=[0.00671, 0.00873, 0.01099, 0.01607], Train Rec Loss=[0.04917], Eval Rec Loss=[0.04958], c=[0.50000], F=[0.84971, 0.79003, 0.74171, 0.84243], F_fuse=[0.00459, 0.00357, 0.00269, 0.00212]
[ INFO : 2026-08-06 15:00:27,283 ] - Epoch 131: train==[105.75034 = 0.46514 + 0.82847 + 12.69885 + 0.00329 + 0.00000 + 0.00018 + 613.90526]
[ INFO : 2026-08-06 15:00:34,165 ] - Test_@[5, 10, 20, 50]: Recall=[0.01151, 0.01803, 0.02711, 0.05319],  precision=[0.00230, 0.00180, 0.00136, 0.00106], hit=[0.01151, 0.01803, 0.02711, 0.05319], ndcg=[0.00675, 0.00881, 0.01107, 0.01614], Train Rec Loss=[0.04923], Eval Rec Loss=[0.04972], c=[0.50000], F=[0.84917, 0.79549, 0.74515, 0.84304], F_fuse=[0.00459, 0.00360, 0.00271, 0.00212]
[ INFO : 2026-08-06 15:02:23,644 ] - Epoch 132: train==[105.79277 = 0.46444 + 0.82726 + 12.74249 + 0.00328 + 0.00000 + 0.00018 + 613.90668]
[ INFO : 2026-08-06 15:03:13,321 ] - Test_@[5, 10, 20, 50]: Recall=[0.01100, 0.01662, 0.02672, 0.05421],  precision=[0.00220, 0.00166, 0.00134, 0.00108], hit=[0.01100, 0.01662, 0.02672, 0.05421], ndcg=[0.00627, 0.00807, 0.01061, 0.01593], Train Rec Loss=[0.04951], Eval Rec Loss=[0.04992], c=[0.50000], F=[0.83808, 0.79934, 0.75390, 0.84724], F_fuse=[0.00439, 0.00332, 0.00267, 0.00217]
[ INFO : 2026-08-06 15:05:04,191 ] - Epoch 133: train==[105.66736 = 0.46564 + 0.82609 + 12.61650 + 0.00334 + 0.00000 + 0.00018 + 613.90688]
[ INFO : 2026-08-06 15:05:11,098 ] - Test_@[5, 10, 20, 50]: Recall=[0.01087, 0.01777, 0.02736, 0.05281],  precision=[0.00217, 0.00178, 0.00137, 0.00106], hit=[0.01087, 0.01777, 0.02736, 0.05281], ndcg=[0.00650, 0.00871, 0.01110, 0.01603], Train Rec Loss=[0.04941], Eval Rec Loss=[0.04978], c=[0.50000], F=[0.83332, 0.79472, 0.74731, 0.84396], F_fuse=[0.00434, 0.00355, 0.00273, 0.00211]
[ INFO : 2026-08-06 15:06:53,622 ] - Epoch 134: train==[105.68142 = 0.46332 + 0.82468 + 12.63382 + 0.00332 + 0.00000 + 0.00018 + 613.90646]
[ INFO : 2026-08-06 15:07:00,452 ] - Test_@[5, 10, 20, 50]: Recall=[0.01036, 0.01675, 0.02698, 0.05396],  precision=[0.00207, 0.00167, 0.00135, 0.00108], hit=[0.01036, 0.01675, 0.02698, 0.05396], ndcg=[0.00616, 0.00819, 0.01077, 0.01599], Train Rec Loss=[0.04957], Eval Rec Loss=[0.04989], c=[0.50000], F=[0.83479, 0.79944, 0.75292, 0.84698], F_fuse=[0.00413, 0.00334, 0.00269, 0.00216]
[ INFO : 2026-08-06 15:08:38,119 ] - Epoch 135: train==[105.62649 = 0.46010 + 0.82334 + 12.58283 + 0.00333 + 0.00000 + 0.00018 + 613.90702]
[ INFO : 2026-08-06 15:08:45,132 ] - Test_@[5, 10, 20, 50]: Recall=[0.01036, 0.01726, 0.02775, 0.05319],  precision=[0.00207, 0.00173, 0.00139, 0.00106], hit=[0.01036, 0.01726, 0.02775, 0.05319], ndcg=[0.00610, 0.00826, 0.01090, 0.01583], Train Rec Loss=[0.04939], Eval Rec Loss=[0.04984], c=[0.50000], F=[0.82913, 0.79010, 0.75100, 0.84770], F_fuse=[0.00413, 0.00344, 0.00277, 0.00212]
[ INFO : 2026-08-06 15:10:26,723 ] - Epoch 136: train==[105.58590 = 0.45760 + 0.82218 + 12.54508 + 0.00332 + 0.00000 + 0.00018 + 613.90939]
[ INFO : 2026-08-06 15:10:33,625 ] - Test_@[5, 10, 20, 50]: Recall=[0.01074, 0.01701, 0.02711, 0.05383],  precision=[0.00215, 0.00170, 0.00136, 0.00108], hit=[0.01074, 0.01701, 0.02711, 0.05383], ndcg=[0.00617, 0.00815, 0.01069, 0.01587], Train Rec Loss=[0.04976], Eval Rec Loss=[0.04997], c=[0.50000], F=[0.83725, 0.79966, 0.75156, 0.84801], F_fuse=[0.00429, 0.00339, 0.00271, 0.00215]
[ INFO : 2026-08-06 15:12:15,897 ] - Epoch 137: train==[105.50885 = 0.45989 + 0.82081 + 12.46705 + 0.00336 + 0.00000 + 0.00018 + 613.90583]
[ INFO : 2026-08-06 15:12:22,874 ] - Test_@[5, 10, 20, 50]: Recall=[0.01048, 0.01624, 0.02660, 0.05434],  precision=[0.00210, 0.00162, 0.00133, 0.00109], hit=[0.01048, 0.01624, 0.02660, 0.05434], ndcg=[0.00618, 0.00799, 0.01059, 0.01596], Train Rec Loss=[0.04984], Eval Rec Loss=[0.05006], c=[0.50000], F=[0.82293, 0.79480, 0.75909, 0.85106], F_fuse=[0.00418, 0.00324, 0.00265, 0.00217]
[ INFO : 2026-08-06 15:14:00,842 ] - Epoch 138: train==[105.47711 = 0.45882 + 0.81957 + 12.43693 + 0.00336 + 0.00000 + 0.00018 + 613.90715]
[ INFO : 2026-08-06 15:14:07,762 ] - Test_@[5, 10, 20, 50]: Recall=[0.01048, 0.01713, 0.02736, 0.05332],  precision=[0.00210, 0.00171, 0.00137, 0.00107], hit=[0.01048, 0.01713, 0.02736, 0.05332], ndcg=[0.00616, 0.00826, 0.01082, 0.01586], Train Rec Loss=[0.04994], Eval Rec Loss=[0.05031], c=[0.50000], F=[0.82440, 0.79610, 0.75535, 0.84900], F_fuse=[0.00418, 0.00342, 0.00273, 0.00213]
[ INFO : 2026-08-06 15:15:49,553 ] - Epoch 139: train==[105.40282 = 0.45435 + 0.81815 + 12.36828 + 0.00335 + 0.00000 + 0.00018 + 613.90507]
[ INFO : 2026-08-06 15:15:56,473 ] - Test_@[5, 10, 20, 50]: Recall=[0.00985, 0.01598, 0.02621, 0.05498],  precision=[0.00197, 0.00160, 0.00131, 0.00110], hit=[0.00985, 0.01598, 0.02621, 0.05498], ndcg=[0.00570, 0.00766, 0.01024, 0.01582], Train Rec Loss=[0.04973], Eval Rec Loss=[0.05013], c=[0.50000], F=[0.82494, 0.80011, 0.76159, 0.85162], F_fuse=[0.00393, 0.00319, 0.00262, 0.00220]
[ INFO : 2026-08-06 15:17:37,114 ] - Epoch 140: train==[105.38822 = 0.45622 + 0.81657 + 12.35277 + 0.00337 + 0.00000 + 0.00018 + 613.90480]
[ INFO : 2026-08-06 15:17:44,077 ] - Test_@[5, 10, 20, 50]: Recall=[0.01010, 0.01637, 0.02634, 0.05383],  precision=[0.00202, 0.00164, 0.00132, 0.00108], hit=[0.01010, 0.01637, 0.02634, 0.05383], ndcg=[0.00573, 0.00772, 0.01019, 0.01554], Train Rec Loss=[0.04993], Eval Rec Loss=[0.05020], c=[0.50000], F=[0.82661, 0.80472, 0.76923, 0.85573], F_fuse=[0.00403, 0.00327, 0.00263, 0.00215]
[ INFO : 2026-08-06 15:19:21,913 ] - Epoch 141: train==[105.28819 = 0.45785 + 0.81502 + 12.25198 + 0.00338 + 0.00000 + 0.00018 + 613.90524]
[ INFO : 2026-08-06 15:19:28,783 ] - Test_@[5, 10, 20, 50]: Recall=[0.01074, 0.01688, 0.02685, 0.05511],  precision=[0.00215, 0.00169, 0.00134, 0.00110], hit=[0.01074, 0.01688, 0.02685, 0.05511], ndcg=[0.00627, 0.00822, 0.01075, 0.01624], Train Rec Loss=[0.04995], Eval Rec Loss=[0.05057], c=[0.50000], F=[0.82166, 0.79404, 0.75716, 0.85128], F_fuse=[0.00428, 0.00337, 0.00268, 0.00220]
[ INFO : 2026-08-06 15:21:07,251 ] - Epoch 142: train==[105.32378 = 0.45472 + 0.81369 + 12.29156 + 0.00341 + 0.00000 + 0.00018 + 613.90459]
[ INFO : 2026-08-06 15:21:14,066 ] - Test_@[5, 10, 20, 50]: Recall=[0.01048, 0.01688, 0.02698, 0.05370],  precision=[0.00210, 0.00169, 0.00135, 0.00107], hit=[0.01048, 0.01688, 0.02698, 0.05370], ndcg=[0.00631, 0.00832, 0.01085, 0.01605], Train Rec Loss=[0.05016], Eval Rec Loss=[0.05029], c=[0.50000], F=[0.81341, 0.79304, 0.76499, 0.85531], F_fuse=[0.00418, 0.00337, 0.00269, 0.00215]
[ INFO : 2026-08-06 15:22:40,853 ] - Epoch 143: train==[105.29401 = 0.45465 + 0.81234 + 12.26262 + 0.00340 + 0.00000 + 0.00018 + 613.90506]
[ INFO : 2026-08-06 15:22:47,704 ] - Test_@[5, 10, 20, 50]: Recall=[0.01010, 0.01637, 0.02596, 0.05370],  precision=[0.00202, 0.00164, 0.00130, 0.00107], hit=[0.01010, 0.01637, 0.02596, 0.05370], ndcg=[0.00600, 0.00797, 0.01037, 0.01579], Train Rec Loss=[0.05035], Eval Rec Loss=[0.05059], c=[0.50000], F=[0.81558, 0.80023, 0.77093, 0.85767], F_fuse=[0.00403, 0.00327, 0.00259, 0.00215]
[ INFO : 2026-08-06 15:24:12,512 ] - Epoch 144: train==[105.24258 = 0.45337 + 0.81091 + 12.21299 + 0.00344 + 0.00000 + 0.00018 + 613.90708]
[ INFO : 2026-08-06 15:24:19,364 ] - Test_@[5, 10, 20, 50]: Recall=[0.01074, 0.01662, 0.02596, 0.05306],  precision=[0.00215, 0.00166, 0.00130, 0.00106], hit=[0.01074, 0.01662, 0.02596, 0.05306], ndcg=[0.00614, 0.00802, 0.01035, 0.01564], Train Rec Loss=[0.05028], Eval Rec Loss=[0.05060], c=[0.50000], F=[0.82642, 0.79840, 0.76631, 0.85621], F_fuse=[0.00428, 0.00332, 0.00259, 0.00212]
[ INFO : 2026-08-06 15:25:49,510 ] - Epoch 145: train==[105.19159 = 0.44871 + 0.80932 + 12.16778 + 0.00342 + 0.00000 + 0.00018 + 613.90599]
[ INFO : 2026-08-06 15:25:56,399 ] - Test_@[5, 10, 20, 50]: Recall=[0.01087, 0.01752, 0.02698, 0.05409],  precision=[0.00217, 0.00175, 0.00135, 0.00108], hit=[0.01087, 0.01752, 0.02698, 0.05409], ndcg=[0.00628, 0.00838, 0.01075, 0.01603], Train Rec Loss=[0.05050], Eval Rec Loss=[0.05082], c=[0.50000], F=[0.81926, 0.79578, 0.76650, 0.85707], F_fuse=[0.00434, 0.00350, 0.00269, 0.00216]
[ INFO : 2026-08-06 15:27:48,214 ] - Epoch 146: train==[105.14318 = 0.44908 + 0.80805 + 12.11960 + 0.00341 + 0.00000 + 0.00018 + 613.90716]
[ INFO : 2026-08-06 15:31:52,555 ] - Test_@[5, 10, 20, 50]: Recall=[0.01023, 0.01624, 0.02608, 0.05319],  precision=[0.00205, 0.00162, 0.00130, 0.00106], hit=[0.01023, 0.01624, 0.02608, 0.05319], ndcg=[0.00606, 0.00795, 0.01046, 0.01577], Train Rec Loss=[0.05051], Eval Rec Loss=[0.05102], c=[0.50000], F=[0.82082, 0.80107, 0.77116, 0.85805], F_fuse=[0.00408, 0.00324, 0.00260, 0.00212]
[ INFO : 2026-08-06 15:33:31,334 ] - Epoch 147: train==[105.15432 = 0.45044 + 0.80662 + 12.13048 + 0.00343 + 0.00000 + 0.00018 + 613.90544]
[ INFO : 2026-08-06 15:33:38,307 ] - Test_@[5, 10, 20, 50]: Recall=[0.00921, 0.01573, 0.02544, 0.05268],  precision=[0.00184, 0.00157, 0.00127, 0.00105], hit=[0.00921, 0.01573, 0.02544, 0.05268], ndcg=[0.00559, 0.00770, 0.01011, 0.01545], Train Rec Loss=[0.05058], Eval Rec Loss=[0.05084], c=[0.50000], F=[0.81411, 0.79987, 0.77676, 0.86311], F_fuse=[0.00367, 0.00314, 0.00254, 0.00210]
[ INFO : 2026-08-06 15:35:19,808 ] - Epoch 148: train==[104.96507 = 0.44717 + 0.80531 + 11.94509 + 0.00346 + 0.00000 + 0.00018 + 613.90658]
[ INFO : 2026-08-06 15:35:26,663 ] - Test_@[5, 10, 20, 50]: Recall=[0.01100, 0.01764, 0.02711, 0.05434],  precision=[0.00220, 0.00176, 0.00136, 0.00109], hit=[0.01100, 0.01764, 0.02711, 0.05434], ndcg=[0.00633, 0.00841, 0.01078, 0.01608], Train Rec Loss=[0.05081], Eval Rec Loss=[0.05110], c=[0.50000], F=[0.82354, 0.79912, 0.76520, 0.85495], F_fuse=[0.00439, 0.00352, 0.00271, 0.00217]
[ INFO : 2026-08-06 15:37:05,289 ] - Epoch 149: train==[104.96329 = 0.44729 + 0.80393 + 11.94448 + 0.00346 + 0.00000 + 0.00018 + 613.90349]
[ INFO : 2026-08-06 15:37:12,103 ] - Test_@[5, 10, 20, 50]: Recall=[0.00959, 0.01649, 0.02660, 0.05383],  precision=[0.00192, 0.00165, 0.00133, 0.00108], hit=[0.00959, 0.01649, 0.02660, 0.05383], ndcg=[0.00575, 0.00795, 0.01047, 0.01577], Train Rec Loss=[0.05075], Eval Rec Loss=[0.05125], c=[0.50000], F=[0.81564, 0.80086, 0.77321, 0.86118], F_fuse=[0.00383, 0.00329, 0.00265, 0.00215]
[ INFO : 2026-08-06 15:38:36,107 ] - Epoch 150: train==[104.99180 = 0.44667 + 0.80254 + 11.97433 + 0.00345 + 0.00000 + 0.00018 + 613.90435]
[ INFO : 2026-08-06 15:38:42,886 ] - Test_@[5, 10, 20, 50]: Recall=[0.00921, 0.01585, 0.02570, 0.05268],  precision=[0.00184, 0.00159, 0.00129, 0.00105], hit=[0.00921, 0.01585, 0.02570, 0.05268], ndcg=[0.00558, 0.00770, 0.01014, 0.01541], Train Rec Loss=[0.05082], Eval Rec Loss=[0.05111], c=[0.50000], F=[0.80443, 0.79707, 0.77966, 0.86498], F_fuse=[0.00367, 0.00316, 0.00257, 0.00210]
[ INFO : 2026-08-06 15:40:07,465 ] - Epoch 151: train==[104.95246 = 0.44386 + 0.80111 + 11.93878 + 0.00347 + 0.00000 + 0.00018 + 613.90334]
[ INFO : 2026-08-06 15:40:14,279 ] - Test_@[5, 10, 20, 50]: Recall=[0.00959, 0.01675, 0.02775, 0.05268],  precision=[0.00192, 0.00167, 0.00139, 0.00105], hit=[0.00959, 0.01675, 0.02775, 0.05268], ndcg=[0.00561, 0.00791, 0.01065, 0.01552], Train Rec Loss=[0.05113], Eval Rec Loss=[0.05138], c=[0.50000], F=[0.81555, 0.79744, 0.77251, 0.86130], F_fuse=[0.00383, 0.00334, 0.00277, 0.00210]
[ INFO : 2026-08-06 15:41:38,598 ] - Epoch 152: train==[104.95226 = 0.44133 + 0.79975 + 11.94148 + 0.00348 + 0.00000 + 0.00018 + 613.90626]
[ INFO : 2026-08-06 15:41:45,380 ] - Test_@[5, 10, 20, 50]: Recall=[0.00946, 0.01624, 0.02685, 0.05293],  precision=[0.00189, 0.00162, 0.00134, 0.00106], hit=[0.00946, 0.01624, 0.02685, 0.05293], ndcg=[0.00573, 0.00788, 0.01053, 0.01560], Train Rec Loss=[0.05110], Eval Rec Loss=[0.05144], c=[0.50000], F=[0.81510, 0.80458, 0.78579, 0.86720], F_fuse=[0.00378, 0.00324, 0.00268, 0.00211]
[ INFO : 2026-08-06 15:43:09,882 ] - Epoch 153: train==[104.91078 = 0.44348 + 0.79874 + 11.89853 + 0.00346 + 0.00000 + 0.00017 + 613.90591]
[ INFO : 2026-08-06 15:43:16,657 ] - Test_@[5, 10, 20, 50]: Recall=[0.00908, 0.01560, 0.02634, 0.05409],  precision=[0.00182, 0.00156, 0.00132, 0.00108], hit=[0.00908, 0.01560, 0.02634, 0.05409], ndcg=[0.00574, 0.00782, 0.01050, 0.01589], Train Rec Loss=[0.05145], Eval Rec Loss=[0.05154], c=[0.50000], F=[0.80836, 0.79750, 0.77871, 0.86476], F_fuse=[0.00362, 0.00311, 0.00263, 0.00216]
[ INFO : 2026-08-06 15:44:41,535 ] - Epoch 154: train==[104.78366 = 0.44413 + 0.79745 + 11.77212 + 0.00352 + 0.00000 + 0.00017 + 613.90158]
[ INFO : 2026-08-06 15:44:48,367 ] - Test_@[5, 10, 20, 50]: Recall=[0.01048, 0.01688, 0.02723, 0.05332],  precision=[0.00210, 0.00169, 0.00136, 0.00107], hit=[0.01048, 0.01688, 0.02723, 0.05332], ndcg=[0.00631, 0.00834, 0.01091, 0.01602], Train Rec Loss=[0.05134], Eval Rec Loss=[0.05190], c=[0.50000], F=[0.80964, 0.79582, 0.77243, 0.86249], F_fuse=[0.00418, 0.00337, 0.00272, 0.00213]
[ INFO : 2026-08-06 15:46:13,119 ] - Epoch 155: train==[104.80302 = 0.43846 + 0.79591 + 11.79765 + 0.00351 + 0.00000 + 0.00017 + 613.90453]
[ INFO : 2026-08-06 15:46:19,931 ] - Test_@[5, 10, 20, 50]: Recall=[0.00933, 0.01560, 0.02596, 0.05319],  precision=[0.00187, 0.00156, 0.00130, 0.00106], hit=[0.00933, 0.01560, 0.02596, 0.05319], ndcg=[0.00574, 0.00776, 0.01036, 0.01568], Train Rec Loss=[0.05132], Eval Rec Loss=[0.05173], c=[0.50000], F=[0.80331, 0.79947, 0.78462, 0.86872], F_fuse=[0.00372, 0.00311, 0.00259, 0.00213]
[ INFO : 2026-08-06 15:47:44,300 ] - Epoch 156: train==[104.66504 = 0.44037 + 0.79457 + 11.65892 + 0.00354 + 0.00000 + 0.00017 + 613.90196]
[ INFO : 2026-08-06 15:47:51,103 ] - Test_@[5, 10, 20, 50]: Recall=[0.00908, 0.01598, 0.02532, 0.05255],  precision=[0.00182, 0.00160, 0.00127, 0.00105], hit=[0.00908, 0.01598, 0.02532, 0.05255], ndcg=[0.00561, 0.00785, 0.01017, 0.01551], Train Rec Loss=[0.05158], Eval Rec Loss=[0.05185], c=[0.50000], F=[0.80513, 0.79879, 0.78518, 0.86852], F_fuse=[0.00362, 0.00319, 0.00253, 0.00210]
[ INFO : 2026-08-06 15:49:16,140 ] - Epoch 157: train==[104.67194 = 0.43676 + 0.79345 + 11.66949 + 0.00356 + 0.00000 + 0.00017 + 613.90595]
[ INFO : 2026-08-06 15:49:22,986 ] - Test_@[5, 10, 20, 50]: Recall=[0.00933, 0.01713, 0.02672, 0.05345],  precision=[0.00187, 0.00171, 0.00134, 0.00107], hit=[0.00933, 0.01713, 0.02672, 0.05345], ndcg=[0.00552, 0.00799, 0.01038, 0.01560], Train Rec Loss=[0.05148], Eval Rec Loss=[0.05208], c=[0.50000], F=[0.81245, 0.80516, 0.78775, 0.86924], F_fuse=[0.00372, 0.00342, 0.00267, 0.00214]
[ INFO : 2026-08-06 15:50:48,677 ] - Epoch 158: train==[104.72664 = 0.43467 + 0.79199 + 11.72744 + 0.00354 + 0.00000 + 0.00017 + 613.90416]
[ INFO : 2026-08-06 15:50:55,493 ] - Test_@[5, 10, 20, 50]: Recall=[0.01010, 0.01585, 0.02621, 0.05281],  precision=[0.00202, 0.00159, 0.00131, 0.00106], hit=[0.01010, 0.01585, 0.02621, 0.05281], ndcg=[0.00613, 0.00796, 0.01057, 0.01575], Train Rec Loss=[0.05158], Eval Rec Loss=[0.05206], c=[0.50000], F=[0.79999, 0.79782, 0.78699, 0.87141], F_fuse=[0.00403, 0.00316, 0.00262, 0.00211]
[ INFO : 2026-08-06 15:52:26,162 ] - Epoch 159: train==[104.66314 = 0.43866 + 0.79112 + 11.66055 + 0.00353 + 0.00000 + 0.00017 + 613.90367]
[ INFO : 2026-08-06 15:52:32,991 ] - Test_@[5, 10, 20, 50]: Recall=[0.00997, 0.01598, 0.02596, 0.05345],  precision=[0.00199, 0.00160, 0.00130, 0.00107], hit=[0.00997, 0.01598, 0.02596, 0.05345], ndcg=[0.00593, 0.00787, 0.01035, 0.01572], Train Rec Loss=[0.05196], Eval Rec Loss=[0.05229], c=[0.50000], F=[0.81306, 0.80401, 0.78604, 0.87111], F_fuse=[0.00398, 0.00319, 0.00259, 0.00214]
[ INFO : 2026-08-06 15:54:03,411 ] - Epoch 160: train==[104.53228 = 0.43755 + 0.79001 + 11.53166 + 0.00355 + 0.00000 + 0.00017 + 613.90224]
[ INFO : 2026-08-06 15:54:10,301 ] - Test_@[5, 10, 20, 50]: Recall=[0.00908, 0.01637, 0.02583, 0.05281],  precision=[0.00182, 0.00164, 0.00129, 0.00106], hit=[0.00908, 0.01637, 0.02583, 0.05281], ndcg=[0.00563, 0.00796, 0.01033, 0.01563], Train Rec Loss=[0.05209], Eval Rec Loss=[0.05237], c=[0.50000], F=[0.80663, 0.80084, 0.78868, 0.87276], F_fuse=[0.00362, 0.00327, 0.00258, 0.00211]
[ INFO : 2026-08-06 15:56:05,826 ] - Epoch 161: train==[104.48679 = 0.43423 + 0.78859 + 11.49010 + 0.00359 + 0.00000 + 0.00017 + 613.90355]
[ INFO : 2026-08-06 15:56:12,737 ] - Test_@[5, 10, 20, 50]: Recall=[0.01036, 0.01637, 0.02660, 0.05396],  precision=[0.00207, 0.00164, 0.00133, 0.00108], hit=[0.01036, 0.01637, 0.02660, 0.05396], ndcg=[0.00609, 0.00802, 0.01057, 0.01591], Train Rec Loss=[0.05204], Eval Rec Loss=[0.05274], c=[0.50000], F=[0.80913, 0.79924, 0.78556, 0.87100], F_fuse=[0.00413, 0.00327, 0.00266, 0.00216]
[ INFO : 2026-08-06 15:58:00,108 ] - Epoch 162: train==[104.49892 = 0.43801 + 0.78756 + 11.49916 + 0.00359 + 0.00000 + 0.00017 + 613.90298]
[ INFO : 2026-08-06 15:58:07,028 ] - Test_@[5, 10, 20, 50]: Recall=[0.00882, 0.01585, 0.02647, 0.05332],  precision=[0.00176, 0.00159, 0.00132, 0.00107], hit=[0.00882, 0.01585, 0.02647, 0.05332], ndcg=[0.00531, 0.00756, 0.01021, 0.01545], Train Rec Loss=[0.05217], Eval Rec Loss=[0.05276], c=[0.50000], F=[0.81072, 0.80380, 0.79062, 0.87364], F_fuse=[0.00352, 0.00316, 0.00264, 0.00213]
[ INFO : 2026-08-06 15:59:45,041 ] - Epoch 163: train==[104.51590 = 0.43276 + 0.78637 + 11.52191 + 0.00359 + 0.00000 + 0.00017 + 613.90431]
[ INFO : 2026-08-06 15:59:51,911 ] - Test_@[5, 10, 20, 50]: Recall=[0.00946, 0.01509, 0.02506, 0.05191],  precision=[0.00189, 0.00151, 0.00125, 0.00104], hit=[0.00946, 0.01509, 0.02506, 0.05191], ndcg=[0.00581, 0.00763, 0.01015, 0.01540], Train Rec Loss=[0.05232], Eval Rec Loss=[0.05258], c=[0.50000], F=[0.80836, 0.80990, 0.80210, 0.87838], F_fuse=[0.00378, 0.00301, 0.00250, 0.00207]
[ INFO : 2026-08-06 16:01:33,801 ] - Epoch 164: train==[104.45347 = 0.43293 + 0.78486 + 11.46053 + 0.00359 + 0.00000 + 0.00017 + 613.90226]
[ INFO : 2026-08-06 16:01:40,777 ] - Test_@[5, 10, 20, 50]: Recall=[0.00844, 0.01496, 0.02685, 0.05319],  precision=[0.00169, 0.00150, 0.00134, 0.00106], hit=[0.00844, 0.01496, 0.02685, 0.05319], ndcg=[0.00535, 0.00747, 0.01044, 0.01558], Train Rec Loss=[0.05244], Eval Rec Loss=[0.05248], c=[0.50000], F=[0.79219, 0.79970, 0.79933, 0.87770], F_fuse=[0.00337, 0.00299, 0.00268, 0.00213]
[ INFO : 2026-08-06 16:03:23,281 ] - Epoch 165: train==[104.44232 = 0.42951 + 0.78364 + 11.45369 + 0.00362 + 0.00000 + 0.00017 + 613.90097]
[ INFO : 2026-08-06 16:03:30,182 ] - Test_@[5, 10, 20, 50]: Recall=[0.00921, 0.01611, 0.02596, 0.05319],  precision=[0.00184, 0.00161, 0.00130, 0.00106], hit=[0.00921, 0.01611, 0.02596, 0.05319], ndcg=[0.00565, 0.00788, 0.01034, 0.01567], Train Rec Loss=[0.05244], Eval Rec Loss=[0.05291], c=[0.50000], F=[0.79334, 0.79568, 0.78907, 0.87423], F_fuse=[0.00367, 0.00322, 0.00259, 0.00213]
[ INFO : 2026-08-06 16:05:12,463 ] - Epoch 166: train==[104.39658 = 0.42929 + 0.78266 + 11.40851 + 0.00360 + 0.00000 + 0.00017 + 613.90271]
[ INFO : 2026-08-06 16:05:19,358 ] - Test_@[5, 10, 20, 50]: Recall=[0.00972, 0.01522, 0.02596, 0.05421],  precision=[0.00194, 0.00152, 0.00130, 0.00108], hit=[0.00972, 0.01522, 0.02596, 0.05421], ndcg=[0.00596, 0.00774, 0.01043, 0.01593], Train Rec Loss=[0.05279], Eval Rec Loss=[0.05299], c=[0.50000], F=[0.80082, 0.80384, 0.79667, 0.87699], F_fuse=[0.00388, 0.00304, 0.00259, 0.00217]
[ INFO : 2026-08-06 16:06:57,958 ] - Epoch 167: train==[104.34870 = 0.43190 + 0.78121 + 11.35894 + 0.00364 + 0.00000 + 0.00017 + 613.90211]
[ INFO : 2026-08-06 16:07:04,775 ] - Test_@[5, 10, 20, 50]: Recall=[0.00933, 0.01560, 0.02608, 0.05434],  precision=[0.00187, 0.00156, 0.00130, 0.00109], hit=[0.00933, 0.01560, 0.02608, 0.05434], ndcg=[0.00553, 0.00754, 0.01017, 0.01569], Train Rec Loss=[0.05264], Eval Rec Loss=[0.05320], c=[0.50000], F=[0.80436, 0.80381, 0.79910, 0.87948], F_fuse=[0.00372, 0.00311, 0.00260, 0.00217]
[ INFO : 2026-08-06 16:08:29,895 ] - Epoch 168: train==[104.27169 = 0.42616 + 0.78015 + 11.28822 + 0.00365 + 0.00000 + 0.00017 + 613.90264]
[ INFO : 2026-08-06 16:08:36,734 ] - Test_@[5, 10, 20, 50]: Recall=[0.01010, 0.01637, 0.02621, 0.05472],  precision=[0.00202, 0.00164, 0.00131, 0.00109], hit=[0.01010, 0.01637, 0.02621, 0.05472], ndcg=[0.00619, 0.00818, 0.01065, 0.01619], Train Rec Loss=[0.05282], Eval Rec Loss=[0.05302], c=[0.50000], F=[0.80107, 0.79999, 0.79509, 0.87768], F_fuse=[0.00403, 0.00327, 0.00262, 0.00219]
[ INFO : 2026-08-06 16:10:02,202 ] - Epoch 169: train==[104.29832 = 0.42655 + 0.77899 + 11.31520 + 0.00366 + 0.00000 + 0.00017 + 613.90225]
[ INFO : 2026-08-06 16:10:09,047 ] - Test_@[5, 10, 20, 50]: Recall=[0.00882, 0.01585, 0.02596, 0.05357],  precision=[0.00176, 0.00159, 0.00130, 0.00107], hit=[0.00882, 0.01585, 0.02596, 0.05357], ndcg=[0.00551, 0.00773, 0.01025, 0.01562], Train Rec Loss=[0.05299], Eval Rec Loss=[0.05294], c=[0.50000], F=[0.79982, 0.80432, 0.80509, 0.88240], F_fuse=[0.00352, 0.00316, 0.00259, 0.00214]
[ INFO : 2026-08-06 16:11:34,366 ] - Epoch 170: train==[104.22783 = 0.43154 + 0.77796 + 11.24043 + 0.00364 + 0.00000 + 0.00017 + 613.90183]
[ INFO : 2026-08-06 16:11:41,191 ] - Test_@[5, 10, 20, 50]: Recall=[0.00831, 0.01496, 0.02621, 0.05332],  precision=[0.00166, 0.00150, 0.00131, 0.00107], hit=[0.00831, 0.01496, 0.02621, 0.05332], ndcg=[0.00548, 0.00767, 0.01049, 0.01577], Train Rec Loss=[0.05307], Eval Rec Loss=[0.05337], c=[0.50000], F=[0.79180, 0.80156, 0.80610, 0.88419], F_fuse=[0.00332, 0.00299, 0.00262, 0.00213]
[ INFO : 2026-08-06 16:13:06,730 ] - Epoch 171: train==[104.25919 = 0.42346 + 0.77663 + 11.28071 + 0.00368 + 0.00000 + 0.00017 + 613.90124]
[ INFO : 2026-08-06 16:13:13,577 ] - Test_@[5, 10, 20, 50]: Recall=[0.00908, 0.01573, 0.02544, 0.05332],  precision=[0.00182, 0.00157, 0.00127, 0.00107], hit=[0.00908, 0.01573, 0.02544, 0.05332], ndcg=[0.00564, 0.00780, 0.01026, 0.01572], Train Rec Loss=[0.05297], Eval Rec Loss=[0.05334], c=[0.50000], F=[0.79663, 0.79929, 0.79766, 0.88002], F_fuse=[0.00362, 0.00314, 0.00254, 0.00213]
[ INFO : 2026-08-06 16:14:39,295 ] - Epoch 172: train==[104.22671 = 0.42365 + 0.77531 + 11.24877 + 0.00367 + 0.00000 + 0.00017 + 613.90177]
[ INFO : 2026-08-06 16:14:46,118 ] - Test_@[5, 10, 20, 50]: Recall=[0.00844, 0.01522, 0.02570, 0.05345],  precision=[0.00169, 0.00152, 0.00129, 0.00107], hit=[0.00844, 0.01522, 0.02570, 0.05345], ndcg=[0.00550, 0.00767, 0.01028, 0.01570], Train Rec Loss=[0.05341], Eval Rec Loss=[0.05336], c=[0.50000], F=[0.79187, 0.79748, 0.80546, 0.88443], F_fuse=[0.00337, 0.00304, 0.00257, 0.00214]
[ INFO : 2026-08-06 16:16:12,847 ] - Epoch 173: train==[104.20495 = 0.42567 + 0.77434 + 11.22554 + 0.00368 + 0.00000 + 0.00017 + 613.90188]
[ INFO : 2026-08-06 16:16:19,696 ] - Test_@[5, 10, 20, 50]: Recall=[0.00908, 0.01445, 0.02660, 0.05485],  precision=[0.00182, 0.00144, 0.00133, 0.00110], hit=[0.00908, 0.01445, 0.02660, 0.05485], ndcg=[0.00574, 0.00746, 0.01051, 0.01599], Train Rec Loss=[0.05320], Eval Rec Loss=[0.05358], c=[0.50000], F=[0.79954, 0.81115, 0.81335, 0.88664], F_fuse=[0.00362, 0.00288, 0.00266, 0.00219]
[ INFO : 2026-08-06 16:17:45,670 ] - Epoch 174: train==[104.13686 = 0.42195 + 0.77321 + 11.16165 + 0.00371 + 0.00000 + 0.00017 + 613.90304]
[ INFO : 2026-08-06 16:17:52,521 ] - Test_@[5, 10, 20, 50]: Recall=[0.00895, 0.01560, 0.02698, 0.05357],  precision=[0.00179, 0.00156, 0.00135, 0.00107], hit=[0.00895, 0.01560, 0.02698, 0.05357], ndcg=[0.00551, 0.00767, 0.01054, 0.01572], Train Rec Loss=[0.05349], Eval Rec Loss=[0.05398], c=[0.50000], F=[0.79398, 0.80229, 0.80273, 0.88218], F_fuse=[0.00357, 0.00311, 0.00269, 0.00214]
[ INFO : 2026-08-06 16:19:19,227 ] - Epoch 175: train==[104.06975 = 0.42134 + 0.77195 + 11.09626 + 0.00371 + 0.00000 + 0.00017 + 613.90060]
[ INFO : 2026-08-06 16:19:26,086 ] - Test_@[5, 10, 20, 50]: Recall=[0.00921, 0.01343, 0.02723, 0.05357],  precision=[0.00184, 0.00134, 0.00136, 0.00107], hit=[0.00921, 0.01343, 0.02723, 0.05357], ndcg=[0.00573, 0.00709, 0.01057, 0.01568], Train Rec Loss=[0.05349], Eval Rec Loss=[0.05404], c=[0.50000], F=[0.79065, 0.79939, 0.80560, 0.88573], F_fuse=[0.00367, 0.00268, 0.00272, 0.00214]
[ INFO : 2026-08-06 16:20:55,429 ] - Epoch 176: train==[104.13382 = 0.41888 + 0.77085 + 11.16303 + 0.00371 + 0.00000 + 0.00017 + 613.90351]
[ INFO : 2026-08-06 16:21:02,244 ] - Test_@[5, 10, 20, 50]: Recall=[0.00921, 0.01547, 0.02621, 0.05191],  precision=[0.00184, 0.00155, 0.00131, 0.00104], hit=[0.00921, 0.01547, 0.02621, 0.05191], ndcg=[0.00583, 0.00784, 0.01053, 0.01554], Train Rec Loss=[0.05368], Eval Rec Loss=[0.05442], c=[0.50000], F=[0.79733, 0.80239, 0.80731, 0.88502], F_fuse=[0.00367, 0.00309, 0.00262, 0.00207]
[ INFO : 2026-08-06 16:22:27,702 ] - Epoch 177: train==[104.01401 = 0.41784 + 0.76961 + 11.04523 + 0.00374 + 0.00000 + 0.00017 + 613.90176]
[ INFO : 2026-08-06 16:22:34,579 ] - Test_@[5, 10, 20, 50]: Recall=[0.00921, 0.01534, 0.02672, 0.05383],  precision=[0.00184, 0.00153, 0.00134, 0.00108], hit=[0.00921, 0.01534, 0.02672, 0.05383], ndcg=[0.00588, 0.00785, 0.01072, 0.01599], Train Rec Loss=[0.05380], Eval Rec Loss=[0.05395], c=[0.50000], F=[0.80197, 0.80745, 0.81062, 0.88802], F_fuse=[0.00367, 0.00306, 0.00267, 0.00215]
[ INFO : 2026-08-06 16:24:00,118 ] - Epoch 178: train==[104.00292 = 0.41899 + 0.76813 + 11.03357 + 0.00374 + 0.00000 + 0.00017 + 613.90388]
[ INFO : 2026-08-06 16:24:06,986 ] - Test_@[5, 10, 20, 50]: Recall=[0.00806, 0.01458, 0.02723, 0.05434],  precision=[0.00161, 0.00146, 0.00136, 0.00109], hit=[0.00806, 0.01458, 0.02723, 0.05434], ndcg=[0.00527, 0.00736, 0.01052, 0.01578], Train Rec Loss=[0.05394], Eval Rec Loss=[0.05425], c=[0.50000], F=[0.79605, 0.80558, 0.81071, 0.88730], F_fuse=[0.00322, 0.00291, 0.00272, 0.00217]
[ INFO : 2026-08-06 16:25:32,287 ] - Epoch 179: train==[103.96564 = 0.41745 + 0.76688 + 10.99862 + 0.00373 + 0.00000 + 0.00017 + 613.90363]
[ INFO : 2026-08-06 16:25:39,152 ] - Test_@[5, 10, 20, 50]: Recall=[0.00869, 0.01509, 0.02608, 0.05409],  precision=[0.00174, 0.00151, 0.00130, 0.00108], hit=[0.00869, 0.01509, 0.02608, 0.05409], ndcg=[0.00562, 0.00767, 0.01041, 0.01586], Train Rec Loss=[0.05383], Eval Rec Loss=[0.05427], c=[0.50000], F=[0.79788, 0.80517, 0.81227, 0.88857], F_fuse=[0.00347, 0.00301, 0.00260, 0.00216]
[ INFO : 2026-08-06 16:27:04,813 ] - Epoch 180: train==[103.93446 = 0.41699 + 0.76563 + 10.96884 + 0.00374 + 0.00000 + 0.00017 + 613.90234]
[ INFO : 2026-08-06 16:27:11,714 ] - Test_@[5, 10, 20, 50]: Recall=[0.00869, 0.01406, 0.02660, 0.05383],  precision=[0.00174, 0.00141, 0.00133, 0.00108], hit=[0.00869, 0.01406, 0.02660, 0.05383], ndcg=[0.00554, 0.00727, 0.01040, 0.01572], Train Rec Loss=[0.05405], Eval Rec Loss=[0.05423], c=[0.50000], F=[0.79455, 0.80285, 0.81218, 0.88956], F_fuse=[0.00347, 0.00281, 0.00266, 0.00215]
[ INFO : 2026-08-06 16:28:39,807 ] - Epoch 181: train==[103.90119 = 0.42039 + 0.76471 + 10.93263 + 0.00378 + 0.00000 + 0.00017 + 613.90262]
[ INFO : 2026-08-06 16:28:46,726 ] - Test_@[5, 10, 20, 50]: Recall=[0.00933, 0.01509, 0.02660, 0.05242],  precision=[0.00187, 0.00151, 0.00133, 0.00105], hit=[0.00933, 0.01509, 0.02660, 0.05242], ndcg=[0.00576, 0.00758, 0.01045, 0.01548], Train Rec Loss=[0.05412], Eval Rec Loss=[0.05433], c=[0.50000], F=[0.79062, 0.80646, 0.81874, 0.89244], F_fuse=[0.00372, 0.00301, 0.00266, 0.00209]
[ INFO : 2026-08-06 16:30:40,792 ] - Epoch 182: train==[103.84473 = 0.41703 + 0.76341 + 10.88056 + 0.00377 + 0.00000 + 0.00017 + 613.90097]
[ INFO : 2026-08-06 16:30:47,663 ] - Test_@[5, 10, 20, 50]: Recall=[0.00806, 0.01381, 0.02685, 0.05472],  precision=[0.00161, 0.00138, 0.00134, 0.00109], hit=[0.00806, 0.01381, 0.02685, 0.05472], ndcg=[0.00538, 0.00725, 0.01053, 0.01595], Train Rec Loss=[0.05398], Eval Rec Loss=[0.05484], c=[0.50000], F=[0.78241, 0.79737, 0.81200, 0.89042], F_fuse=[0.00322, 0.00276, 0.00268, 0.00219]
[ INFO : 2026-08-06 16:32:42,289 ] - Epoch 183: train==[103.87412 = 0.41697 + 0.76235 + 10.90899 + 0.00379 + 0.00000 + 0.00017 + 613.91187]
[ INFO : 2026-08-06 16:36:40,888 ] - Test_@[5, 10, 20, 50]: Recall=[0.00895, 0.01445, 0.02544, 0.05204],  precision=[0.00179, 0.00144, 0.00127, 0.00104], hit=[0.00895, 0.01445, 0.02544, 0.05204], ndcg=[0.00573, 0.00752, 0.01028, 0.01549], Train Rec Loss=[0.05447], Eval Rec Loss=[0.05495], c=[0.50000], F=[0.79679, 0.80809, 0.81613, 0.89177], F_fuse=[0.00357, 0.00288, 0.00254, 0.00208]
[ INFO : 2026-08-06 16:38:20,018 ] - Epoch 184: train==[103.83470 = 0.41806 + 0.76109 + 10.87074 + 0.00381 + 0.00000 + 0.00016 + 613.90180]
[ INFO : 2026-08-06 16:38:26,937 ] - Test_@[5, 10, 20, 50]: Recall=[0.00869, 0.01470, 0.02660, 0.05319],  precision=[0.00174, 0.00147, 0.00133, 0.00106], hit=[0.00869, 0.01470, 0.02660, 0.05319], ndcg=[0.00558, 0.00749, 0.01045, 0.01563], Train Rec Loss=[0.05443], Eval Rec Loss=[0.05459], c=[0.50000], F=[0.78781, 0.80375, 0.81754, 0.89351], F_fuse=[0.00347, 0.00294, 0.00266, 0.00213]
[ INFO : 2026-08-06 16:40:11,846 ] - Epoch 185: train==[103.77104 = 0.41389 + 0.75980 + 10.81177 + 0.00381 + 0.00000 + 0.00017 + 613.90355]
[ INFO : 2026-08-06 16:40:18,740 ] - Test_@[5, 10, 20, 50]: Recall=[0.00831, 0.01381, 0.02634, 0.05319],  precision=[0.00166, 0.00138, 0.00132, 0.00106], hit=[0.00831, 0.01381, 0.02634, 0.05319], ndcg=[0.00539, 0.00716, 0.01032, 0.01555], Train Rec Loss=[0.05420], Eval Rec Loss=[0.05477], c=[0.50000], F=[0.79963, 0.81039, 0.82084, 0.89613], F_fuse=[0.00332, 0.00276, 0.00263, 0.00213]
[ INFO : 2026-08-06 16:41:45,413 ] - Epoch 186: train==[103.78808 = 0.41591 + 0.75821 + 10.82766 + 0.00379 + 0.00000 + 0.00017 + 613.90412]
[ INFO : 2026-08-06 16:41:52,240 ] - Test_@[5, 10, 20, 50]: Recall=[0.00869, 0.01470, 0.02608, 0.05281],  precision=[0.00174, 0.00147, 0.00130, 0.00106], hit=[0.00869, 0.01470, 0.02608, 0.05281], ndcg=[0.00554, 0.00748, 0.01034, 0.01558], Train Rec Loss=[0.05497], Eval Rec Loss=[0.05513], c=[0.50000], F=[0.78688, 0.80533, 0.81928, 0.89505], F_fuse=[0.00347, 0.00294, 0.00260, 0.00211]
[ INFO : 2026-08-06 16:43:17,718 ] - Epoch 187: train==[103.71526 = 0.41081 + 0.75710 + 10.76045 + 0.00385 + 0.00000 + 0.00017 + 613.90478]
[ INFO : 2026-08-06 16:43:24,524 ] - Test_@[5, 10, 20, 50]: Recall=[0.00895, 0.01432, 0.02621, 0.05319],  precision=[0.00179, 0.00143, 0.00131, 0.00106], hit=[0.00895, 0.01432, 0.02621, 0.05319], ndcg=[0.00571, 0.00742, 0.01039, 0.01563], Train Rec Loss=[0.05492], Eval Rec Loss=[0.05536], c=[0.50000], F=[0.79385, 0.80352, 0.81760, 0.89545], F_fuse=[0.00357, 0.00286, 0.00262, 0.00213]
[ INFO : 2026-08-06 16:44:49,708 ] - Epoch 188: train==[103.72228 = 0.41320 + 0.75558 + 10.76500 + 0.00384 + 0.00000 + 0.00017 + 613.91146]
[ INFO : 2026-08-06 16:44:56,591 ] - Test_@[5, 10, 20, 50]: Recall=[0.00869, 0.01573, 0.02570, 0.05357],  precision=[0.00174, 0.00157, 0.00129, 0.00107], hit=[0.00869, 0.01573, 0.02570, 0.05357], ndcg=[0.00576, 0.00800, 0.01049, 0.01593], Train Rec Loss=[0.05504], Eval Rec Loss=[0.05517], c=[0.50000], F=[0.78825, 0.80653, 0.82305, 0.89726], F_fuse=[0.00347, 0.00314, 0.00257, 0.00214]
[ INFO : 2026-08-06 16:46:22,609 ] - Epoch 189: train==[103.73251 = 0.40892 + 0.75415 + 10.78146 + 0.00382 + 0.00000 + 0.00017 + 613.90435]
[ INFO : 2026-08-06 16:46:29,430 ] - Test_@[5, 10, 20, 50]: Recall=[0.00818, 0.01445, 0.02608, 0.05153],  precision=[0.00164, 0.00144, 0.00130, 0.00103], hit=[0.00818, 0.01445, 0.02608, 0.05153], ndcg=[0.00540, 0.00742, 0.01033, 0.01531], Train Rec Loss=[0.05518], Eval Rec Loss=[0.05537], c=[0.50000], F=[0.78535, 0.80651, 0.82286, 0.89765], F_fuse=[0.00327, 0.00288, 0.00260, 0.00206]
[ INFO : 2026-08-06 16:47:55,575 ] - Epoch 190: train==[103.69216 = 0.40866 + 0.75275 + 10.74218 + 0.00387 + 0.00000 + 0.00017 + 613.90419]
[ INFO : 2026-08-06 16:48:02,385 ] - Test_@[5, 10, 20, 50]: Recall=[0.00831, 0.01406, 0.02519, 0.05230],  precision=[0.00166, 0.00141, 0.00126, 0.00105], hit=[0.00831, 0.01406, 0.02519, 0.05230], ndcg=[0.00524, 0.00711, 0.00991, 0.01522], Train Rec Loss=[0.05502], Eval Rec Loss=[0.05562], c=[0.50000], F=[0.79532, 0.81086, 0.82859, 0.90040], F_fuse=[0.00332, 0.00281, 0.00252, 0.00209]
[ INFO : 2026-08-06 16:49:28,659 ] - Epoch 191: train==[103.67774 = 0.40805 + 0.75125 + 10.72909 + 0.00387 + 0.00000 + 0.00016 + 613.90543]
[ INFO : 2026-08-06 16:49:35,512 ] - Test_@[5, 10, 20, 50]: Recall=[0.00921, 0.01458, 0.02506, 0.05230],  precision=[0.00184, 0.00146, 0.00125, 0.00105], hit=[0.00921, 0.01458, 0.02506, 0.05230], ndcg=[0.00582, 0.00755, 0.01019, 0.01553], Train Rec Loss=[0.05561], Eval Rec Loss=[0.05550], c=[0.50000], F=[0.77979, 0.79946, 0.82049, 0.89756], F_fuse=[0.00367, 0.00291, 0.00250, 0.00209]
[ INFO : 2026-08-06 16:51:00,482 ] - Epoch 192: train==[103.58499 = 0.40951 + 0.74976 + 10.63601 + 0.00389 + 0.00000 + 0.00016 + 613.90369]
[ INFO : 2026-08-06 16:51:07,320 ] - Test_@[5, 10, 20, 50]: Recall=[0.00869, 0.01547, 0.02570, 0.05242],  precision=[0.00174, 0.00155, 0.00129, 0.00105], hit=[0.00869, 0.01547, 0.02570, 0.05242], ndcg=[0.00551, 0.00766, 0.01019, 0.01543], Train Rec Loss=[0.05575], Eval Rec Loss=[0.05625], c=[0.50000], F=[0.79263, 0.80686, 0.82489, 0.89907], F_fuse=[0.00347, 0.00309, 0.00257, 0.00209]
[ INFO : 2026-08-06 16:52:32,251 ] - Epoch 193: train==[103.57314 = 0.40765 + 0.74893 + 10.62656 + 0.00388 + 0.00000 + 0.00016 + 613.90342]
[ INFO : 2026-08-06 16:52:39,082 ] - Test_@[5, 10, 20, 50]: Recall=[0.00895, 0.01547, 0.02621, 0.05345],  precision=[0.00179, 0.00155, 0.00131, 0.00107], hit=[0.00895, 0.01547, 0.02621, 0.05345], ndcg=[0.00588, 0.00797, 0.01068, 0.01602], Train Rec Loss=[0.05534], Eval Rec Loss=[0.05588], c=[0.50000], F=[0.79538, 0.81040, 0.82561, 0.90012], F_fuse=[0.00357, 0.00309, 0.00262, 0.00214]
[ INFO : 2026-08-06 16:54:04,745 ] - Epoch 194: train==[103.59036 = 0.40757 + 0.74716 + 10.64319 + 0.00390 + 0.00000 + 0.00017 + 613.91483]
[ INFO : 2026-08-06 16:54:11,567 ] - Test_@[5, 10, 20, 50]: Recall=[0.00844, 0.01381, 0.02493, 0.05191],  precision=[0.00169, 0.00138, 0.00125, 0.00104], hit=[0.00844, 0.01381, 0.02493, 0.05191], ndcg=[0.00525, 0.00699, 0.00976, 0.01504], Train Rec Loss=[0.05556], Eval Rec Loss=[0.05575], c=[0.50000], F=[0.78678, 0.81198, 0.83538, 0.90443], F_fuse=[0.00337, 0.00276, 0.00249, 0.00207]
[ INFO : 2026-08-06 16:55:38,667 ] - Epoch 195: train==[103.50599 = 0.40848 + 0.74591 + 10.56038 + 0.00391 + 0.00000 + 0.00016 + 613.90336]
[ INFO : 2026-08-06 16:55:45,518 ] - Test_@[5, 10, 20, 50]: Recall=[0.00844, 0.01432, 0.02621, 0.05255],  precision=[0.00169, 0.00143, 0.00131, 0.00105], hit=[0.00844, 0.01432, 0.02621, 0.05255], ndcg=[0.00573, 0.00761, 0.01056, 0.01571], Train Rec Loss=[0.05585], Eval Rec Loss=[0.05589], c=[0.50000], F=[0.77825, 0.79999, 0.82272, 0.90116], F_fuse=[0.00337, 0.00286, 0.00262, 0.00210]
[ INFO : 2026-08-06 16:57:13,400 ] - Epoch 196: train==[103.52815 = 0.40998 + 0.74457 + 10.58166 + 0.00390 + 0.00000 + 0.00016 + 613.90473]
[ INFO : 2026-08-06 16:57:20,232 ] - Test_@[5, 10, 20, 50]: Recall=[0.00857, 0.01458, 0.02532, 0.05230],  precision=[0.00171, 0.00146, 0.00127, 0.00105], hit=[0.00857, 0.01458, 0.02532, 0.05230], ndcg=[0.00555, 0.00750, 0.01018, 0.01544], Train Rec Loss=[0.05558], Eval Rec Loss=[0.05628], c=[0.50000], F=[0.78218, 0.81190, 0.83657, 0.90413], F_fuse=[0.00342, 0.00291, 0.00253, 0.00209]
[ INFO : 2026-08-06 16:58:50,936 ] - Epoch 197: train==[103.54322 = 0.41023 + 0.74306 + 10.59773 + 0.00392 + 0.00000 + 0.00016 + 613.90229]
[ INFO : 2026-08-06 16:58:57,887 ] - Test_@[5, 10, 20, 50]: Recall=[0.00818, 0.01432, 0.02506, 0.05370],  precision=[0.00164, 0.00143, 0.00125, 0.00107], hit=[0.00818, 0.01432, 0.02506, 0.05370], ndcg=[0.00533, 0.00731, 0.01000, 0.01563], Train Rec Loss=[0.05594], Eval Rec Loss=[0.05592], c=[0.50000], F=[0.78688, 0.80523, 0.82854, 0.90234], F_fuse=[0.00327, 0.00286, 0.00250, 0.00215]
[ INFO : 2026-08-06 17:00:49,809 ] - Epoch 198: train==[103.43168 = 0.40215 + 0.74156 + 10.49495 + 0.00394 + 0.00000 + 0.00016 + 613.90355]
[ INFO : 2026-08-06 17:04:30,252 ] - Test_@[5, 10, 20, 50]: Recall=[0.00882, 0.01330, 0.02455, 0.05255],  precision=[0.00176, 0.00133, 0.00123, 0.00105], hit=[0.00882, 0.01330, 0.02455, 0.05255], ndcg=[0.00579, 0.00726, 0.01006, 0.01555], Train Rec Loss=[0.05608], Eval Rec Loss=[0.05653], c=[0.50000], F=[0.78017, 0.81332, 0.84184, 0.90763], F_fuse=[0.00352, 0.00266, 0.00245, 0.00210]
[ INFO : 2026-08-06 17:06:08,227 ] - Epoch 199: train==[103.44915 = 0.40668 + 0.74061 + 10.50864 + 0.00395 + 0.00000 + 0.00016 + 613.90225]
[ INFO : 2026-08-06 17:06:15,080 ] - Test_@[5, 10, 20, 50]: Recall=[0.00857, 0.01483, 0.02493, 0.05421],  precision=[0.00171, 0.00148, 0.00125, 0.00108], hit=[0.00857, 0.01483, 0.02493, 0.05421], ndcg=[0.00575, 0.00778, 0.01030, 0.01604], Train Rec Loss=[0.05668], Eval Rec Loss=[0.05670], c=[0.50000], F=[0.78340, 0.81038, 0.83331, 0.90518], F_fuse=[0.00342, 0.00296, 0.00249, 0.00217]
[ INFO : 2026-08-06 17:07:56,791 ] - Epoch 200: train==[103.45122 = 0.40393 + 0.73938 + 10.51455 + 0.00396 + 0.00000 + 0.00016 + 613.89988]
[ INFO : 2026-08-06 17:08:03,720 ] - Test_@[5, 10, 20, 50]: Recall=[0.00818, 0.01381, 0.02493, 0.05383],  precision=[0.00164, 0.00138, 0.00125, 0.00108], hit=[0.00818, 0.01381, 0.02493, 0.05383], ndcg=[0.00539, 0.00720, 0.00995, 0.01561], Train Rec Loss=[0.05624], Eval Rec Loss=[0.05629], c=[0.50000], F=[0.78177, 0.80376, 0.82890, 0.90567], F_fuse=[0.00327, 0.00276, 0.00249, 0.00215]
[ INFO : 2026-08-06 17:09:42,021 ] - Epoch 201: train==[103.38732 = 0.39951 + 0.73798 + 10.45350 + 0.00398 + 0.00000 + 0.00017 + 613.91577]
[ INFO : 2026-08-06 17:09:48,829 ] - Test_@[5, 10, 20, 50]: Recall=[0.00831, 0.01432, 0.02455, 0.05063],  precision=[0.00166, 0.00143, 0.00123, 0.00101], hit=[0.00831, 0.01432, 0.02455, 0.05063], ndcg=[0.00541, 0.00737, 0.00990, 0.01504], Train Rec Loss=[0.05634], Eval Rec Loss=[0.05635], c=[0.50000], F=[0.79682, 0.82273, 0.84576, 0.90963], F_fuse=[0.00332, 0.00286, 0.00245, 0.00202]
[ INFO : 2026-08-06 17:11:13,828 ] - Epoch 202: train==[103.36592 = 0.39923 + 0.73669 + 10.43498 + 0.00398 + 0.00000 + 0.00016 + 613.90363]
[ INFO : 2026-08-06 17:11:20,669 ] - Test_@[5, 10, 20, 50]: Recall=[0.00806, 0.01445, 0.02608, 0.05498],  precision=[0.00161, 0.00144, 0.00130, 0.00110], hit=[0.00806, 0.01445, 0.02608, 0.05498], ndcg=[0.00547, 0.00757, 0.01045, 0.01610], Train Rec Loss=[0.05638], Eval Rec Loss=[0.05668], c=[0.50000], F=[0.78215, 0.80431, 0.82938, 0.90445], F_fuse=[0.00322, 0.00288, 0.00260, 0.00220]
[ INFO : 2026-08-06 17:12:45,677 ] - Epoch 203: train==[103.35921 = 0.39798 + 0.73554 + 10.42997 + 0.00399 + 0.00000 + 0.00016 + 613.90519]
[ INFO : 2026-08-06 17:12:52,523 ] - Test_@[5, 10, 20, 50]: Recall=[0.00844, 0.01483, 0.02596, 0.05306],  precision=[0.00169, 0.00148, 0.00130, 0.00106], hit=[0.00844, 0.01483, 0.02596, 0.05306], ndcg=[0.00562, 0.00768, 0.01042, 0.01574], Train Rec Loss=[0.05676], Eval Rec Loss=[0.05708], c=[0.50000], F=[0.77317, 0.80263, 0.83445, 0.90778], F_fuse=[0.00337, 0.00296, 0.00259, 0.00212]
[ INFO : 2026-08-06 17:14:17,734 ] - Epoch 204: train==[103.29972 = 0.39724 + 0.73448 + 10.37236 + 0.00400 + 0.00000 + 0.00016 + 613.90178]
[ INFO : 2026-08-06 17:14:24,632 ] - Test_@[5, 10, 20, 50]: Recall=[0.00844, 0.01368, 0.02404, 0.05306],  precision=[0.00169, 0.00137, 0.00120, 0.00106], hit=[0.00844, 0.01368, 0.02404, 0.05306], ndcg=[0.00571, 0.00739, 0.00998, 0.01570], Train Rec Loss=[0.05699], Eval Rec Loss=[0.05721], c=[0.50000], F=[0.78087, 0.80768, 0.83453, 0.90836], F_fuse=[0.00337, 0.00273, 0.00240, 0.00212]
[ INFO : 2026-08-06 17:16:15,237 ] - Epoch 205: train==[103.29282 = 0.39861 + 0.73311 + 10.36414 + 0.00402 + 0.00000 + 0.00017 + 613.90678]
[ INFO : 2026-08-06 17:16:22,127 ] - Test_@[5, 10, 20, 50]: Recall=[0.00895, 0.01432, 0.02468, 0.05281],  precision=[0.00179, 0.00143, 0.00123, 0.00106], hit=[0.00895, 0.01432, 0.02468, 0.05281], ndcg=[0.00571, 0.00744, 0.01002, 0.01555], Train Rec Loss=[0.05675], Eval Rec Loss=[0.05729], c=[0.50000], F=[0.79327, 0.81635, 0.84235, 0.91116], F_fuse=[0.00357, 0.00286, 0.00246, 0.00211]
[ INFO : 2026-08-06 17:18:13,949 ] - Epoch 206: train==[103.24258 = 0.40069 + 0.73197 + 10.31279 + 0.00401 + 0.00000 + 0.00016 + 613.90497]
[ INFO : 2026-08-06 17:18:20,945 ] - Test_@[5, 10, 20, 50]: Recall=[0.00844, 0.01509, 0.02570, 0.05306],  precision=[0.00169, 0.00151, 0.00129, 0.00106], hit=[0.00844, 0.01509, 0.02570, 0.05306], ndcg=[0.00562, 0.00778, 0.01042, 0.01579], Train Rec Loss=[0.05717], Eval Rec Loss=[0.05754], c=[0.50000], F=[0.77601, 0.80330, 0.83650, 0.90982], F_fuse=[0.00337, 0.00301, 0.00257, 0.00212]
[ INFO : 2026-08-06 17:20:11,872 ] - Epoch 207: train==[103.23700 = 0.39909 + 0.73070 + 10.30891 + 0.00402 + 0.00000 + 0.00017 + 613.90923]
[ INFO : 2026-08-06 17:20:18,805 ] - Test_@[5, 10, 20, 50]: Recall=[0.00882, 0.01470, 0.02634, 0.05281],  precision=[0.00176, 0.00147, 0.00132, 0.00106], hit=[0.00882, 0.01470, 0.02634, 0.05281], ndcg=[0.00577, 0.00768, 0.01059, 0.01579], Train Rec Loss=[0.05702], Eval Rec Loss=[0.05764], c=[0.50000], F=[0.77748, 0.80851, 0.83774, 0.90920], F_fuse=[0.00352, 0.00294, 0.00263, 0.00211]
[ INFO : 2026-08-06 17:22:09,037 ] - Epoch 208: train==[103.23584 = 0.39546 + 0.72989 + 10.31259 + 0.00402 + 0.00000 + 0.00016 + 613.90441]
[ INFO : 2026-08-06 17:22:15,986 ] - Test_@[5, 10, 20, 50]: Recall=[0.00921, 0.01458, 0.02468, 0.05255],  precision=[0.00184, 0.00146, 0.00123, 0.00105], hit=[0.00921, 0.01458, 0.02468, 0.05255], ndcg=[0.00573, 0.00746, 0.00999, 0.01552], Train Rec Loss=[0.05739], Eval Rec Loss=[0.05827], c=[0.50000], F=[0.78758, 0.81255, 0.83756, 0.90999], F_fuse=[0.00367, 0.00291, 0.00246, 0.00210]
[ INFO : 2026-08-06 17:23:54,280 ] - Epoch 209: train==[103.18815 = 0.39490 + 0.72841 + 10.26519 + 0.00405 + 0.00000 + 0.00017 + 613.91193]
[ INFO : 2026-08-06 17:24:01,175 ] - Test_@[5, 10, 20, 50]: Recall=[0.00857, 0.01458, 0.02481, 0.05370],  precision=[0.00171, 0.00146, 0.00124, 0.00107], hit=[0.00857, 0.01458, 0.02481, 0.05370], ndcg=[0.00557, 0.00749, 0.01005, 0.01570], Train Rec Loss=[0.05765], Eval Rec Loss=[0.05756], c=[0.50000], F=[0.77672, 0.80745, 0.84116, 0.91121], F_fuse=[0.00342, 0.00291, 0.00248, 0.00215]
[ INFO : 2026-08-06 17:25:43,589 ] - Epoch 210: train==[103.20299 = 0.39465 + 0.72728 + 10.28219 + 0.00403 + 0.00000 + 0.00016 + 613.90388]
[ INFO : 2026-08-06 17:25:50,506 ] - Test_@[5, 10, 20, 50]: Recall=[0.00793, 0.01343, 0.02442, 0.05230],  precision=[0.00159, 0.00134, 0.00122, 0.00105], hit=[0.00793, 0.01343, 0.02442, 0.05230], ndcg=[0.00497, 0.00676, 0.00950, 0.01498], Train Rec Loss=[0.05768], Eval Rec Loss=[0.05807], c=[0.50000], F=[0.78483, 0.81231, 0.83967, 0.91088], F_fuse=[0.00316, 0.00268, 0.00244, 0.00209]
[ INFO : 2026-08-06 17:27:16,768 ] - Epoch 211: train==[103.18823 = 0.39286 + 0.72613 + 10.26988 + 0.00403 + 0.00000 + 0.00016 + 613.90415]
[ INFO : 2026-08-06 17:27:23,644 ] - Test_@[5, 10, 20, 50]: Recall=[0.00806, 0.01368, 0.02429, 0.05268],  precision=[0.00161, 0.00137, 0.00121, 0.00105], hit=[0.00806, 0.01368, 0.02429, 0.05268], ndcg=[0.00538, 0.00724, 0.00990, 0.01552], Train Rec Loss=[0.05746], Eval Rec Loss=[0.05814], c=[0.50000], F=[0.78305, 0.81167, 0.84082, 0.91223], F_fuse=[0.00322, 0.00273, 0.00243, 0.00210]
[ INFO : 2026-08-06 17:28:50,580 ] - Epoch 212: train==[103.16468 = 0.39646 + 0.72507 + 10.24199 + 0.00405 + 0.00000 + 0.00017 + 613.91305]
[ INFO : 2026-08-06 17:28:57,446 ] - Test_@[5, 10, 20, 50]: Recall=[0.00818, 0.01458, 0.02506, 0.05127],  precision=[0.00164, 0.00146, 0.00125, 0.00103], hit=[0.00818, 0.01458, 0.02506, 0.05127], ndcg=[0.00532, 0.00736, 0.01001, 0.01517], Train Rec Loss=[0.05819], Eval Rec Loss=[0.05828], c=[0.50000], F=[0.78666, 0.81305, 0.84429, 0.91380], F_fuse=[0.00327, 0.00291, 0.00250, 0.00205]
[ INFO : 2026-08-06 17:30:23,916 ] - Epoch 213: train==[103.16161 = 0.38934 + 0.72407 + 10.24728 + 0.00406 + 0.00000 + 0.00016 + 613.90886]
[ INFO : 2026-08-06 17:30:30,809 ] - Test_@[5, 10, 20, 50]: Recall=[0.00767, 0.01304, 0.02519, 0.05357],  precision=[0.00153, 0.00130, 0.00126, 0.00107], hit=[0.00767, 0.01304, 0.02519, 0.05357], ndcg=[0.00560, 0.00737, 0.01039, 0.01594], Train Rec Loss=[0.05816], Eval Rec Loss=[0.05809], c=[0.50000], F=[0.77442, 0.80745, 0.83994, 0.91297], F_fuse=[0.00306, 0.00260, 0.00252, 0.00214]
[ INFO : 2026-08-06 17:31:56,192 ] - Epoch 214: train==[103.04119 = 0.38957 + 0.72278 + 10.12739 + 0.00411 + 0.00000 + 0.00016 + 613.90861]
[ INFO : 2026-08-06 17:32:03,043 ] - Test_@[5, 10, 20, 50]: Recall=[0.00793, 0.01343, 0.02442, 0.05063],  precision=[0.00159, 0.00134, 0.00122, 0.00101], hit=[0.00793, 0.01343, 0.02442, 0.05063], ndcg=[0.00522, 0.00698, 0.00974, 0.01486], Train Rec Loss=[0.05825], Eval Rec Loss=[0.05828], c=[0.50000], F=[0.78656, 0.82009, 0.85176, 0.91645], F_fuse=[0.00316, 0.00268, 0.00244, 0.00202]
[ INFO : 2026-08-06 17:33:28,927 ] - Epoch 215: train==[103.07601 = 0.39347 + 0.72140 + 10.15966 + 0.00410 + 0.00000 + 0.00016 + 613.90516]
[ INFO : 2026-08-06 17:33:35,805 ] - Test_@[5, 10, 20, 50]: Recall=[0.00844, 0.01419, 0.02544, 0.05127],  precision=[0.00169, 0.00142, 0.00127, 0.00103], hit=[0.00844, 0.01419, 0.02544, 0.05127], ndcg=[0.00581, 0.00766, 0.01047, 0.01556], Train Rec Loss=[0.05839], Eval Rec Loss=[0.05868], c=[0.50000], F=[0.77822, 0.80991, 0.84455, 0.91514], F_fuse=[0.00337, 0.00283, 0.00254, 0.00205]
[ INFO : 2026-08-06 17:35:00,892 ] - Epoch 216: train==[103.06994 = 0.39114 + 0.72075 + 10.15642 + 0.00410 + 0.00000 + 0.00016 + 613.90446]
[ INFO : 2026-08-06 17:35:07,779 ] - Test_@[5, 10, 20, 50]: Recall=[0.00754, 0.01355, 0.02455, 0.05281],  precision=[0.00151, 0.00136, 0.00123, 0.00106], hit=[0.00754, 0.01355, 0.02455, 0.05281], ndcg=[0.00509, 0.00702, 0.00979, 0.01535], Train Rec Loss=[0.05868], Eval Rec Loss=[0.05893], c=[0.50000], F=[0.78033, 0.81180, 0.84392, 0.91490], F_fuse=[0.00301, 0.00271, 0.00245, 0.00211]
[ INFO : 2026-08-06 17:36:32,321 ] - Epoch 217: train==[103.00898 = 0.38612 + 0.71910 + 10.10140 + 0.00413 + 0.00000 + 0.00016 + 613.90470]
[ INFO : 2026-08-06 17:36:39,139 ] - Test_@[5, 10, 20, 50]: Recall=[0.00844, 0.01368, 0.02468, 0.05089],  precision=[0.00169, 0.00137, 0.00123, 0.00102], hit=[0.00844, 0.01368, 0.02468, 0.05089], ndcg=[0.00565, 0.00735, 0.01010, 0.01525], Train Rec Loss=[0.05874], Eval Rec Loss=[0.05863], c=[0.50000], F=[0.78678, 0.81886, 0.85017, 0.91621], F_fuse=[0.00337, 0.00273, 0.00246, 0.00203]
[ INFO : 2026-08-06 17:38:03,473 ] - Epoch 218: train==[102.92475 = 0.38862 + 0.71833 + 10.01427 + 0.00415 + 0.00000 + 0.00016 + 613.91035]
[ INFO : 2026-08-06 17:38:10,291 ] - Test_@[5, 10, 20, 50]: Recall=[0.00831, 0.01419, 0.02544, 0.05204],  precision=[0.00166, 0.00142, 0.00127, 0.00104], hit=[0.00831, 0.01419, 0.02544, 0.05204], ndcg=[0.00559, 0.00751, 0.01033, 0.01555], Train Rec Loss=[0.05858], Eval Rec Loss=[0.05917], c=[0.50000], F=[0.76528, 0.80304, 0.84047, 0.91451], F_fuse=[0.00332, 0.00283, 0.00254, 0.00208]
[ INFO : 2026-08-06 17:39:43,005 ] - Epoch 219: train==[102.99080 = 0.38596 + 0.71704 + 10.08457 + 0.00414 + 0.00000 + 0.00016 + 613.90489]
[ INFO : 2026-08-06 17:39:49,794 ] - Test_@[5, 10, 20, 50]: Recall=[0.00767, 0.01355, 0.02378, 0.05114],  precision=[0.00153, 0.00136, 0.00119, 0.00102], hit=[0.00767, 0.01355, 0.02378, 0.05114], ndcg=[0.00510, 0.00701, 0.00956, 0.01496], Train Rec Loss=[0.05882], Eval Rec Loss=[0.05874], c=[0.50000], F=[0.79155, 0.82044, 0.85051, 0.91825], F_fuse=[0.00306, 0.00271, 0.00237, 0.00204]
[ INFO : 2026-08-06 17:41:14,109 ] - Epoch 220: train==[102.98716 = 0.38601 + 0.71588 + 10.08155 + 0.00413 + 0.00000 + 0.00016 + 613.90519]
[ INFO : 2026-08-06 17:41:20,950 ] - Test_@[5, 10, 20, 50]: Recall=[0.00844, 0.01458, 0.02570, 0.05383],  precision=[0.00169, 0.00146, 0.00129, 0.00108], hit=[0.00844, 0.01458, 0.02570, 0.05383], ndcg=[0.00546, 0.00746, 0.01024, 0.01572], Train Rec Loss=[0.05894], Eval Rec Loss=[0.05907], c=[0.50000], F=[0.78758, 0.81976, 0.85109, 0.91924], F_fuse=[0.00337, 0.00291, 0.00257, 0.00215]
[ INFO : 2026-08-06 17:42:45,849 ] - Epoch 221: train==[102.96661 = 0.38450 + 0.71489 + 10.06316 + 0.00417 + 0.00000 + 0.00016 + 613.90454]
[ INFO : 2026-08-06 17:42:52,706 ] - Test_@[5, 10, 20, 50]: Recall=[0.00806, 0.01458, 0.02468, 0.05204],  precision=[0.00161, 0.00146, 0.00123, 0.00104], hit=[0.00806, 0.01458, 0.02468, 0.05204], ndcg=[0.00535, 0.00745, 0.00998, 0.01536], Train Rec Loss=[0.05970], Eval Rec Loss=[0.05977], c=[0.50000], F=[0.77512, 0.80977, 0.84616, 0.91778], F_fuse=[0.00322, 0.00291, 0.00246, 0.00208]
[ INFO : 2026-08-06 17:44:23,272 ] - Epoch 222: train==[102.94726 = 0.39296 + 0.71394 + 10.03391 + 0.00419 + 0.00000 + 0.00017 + 613.91782]
[ INFO : 2026-08-06 17:44:30,164 ] - Test_@[5, 10, 20, 50]: Recall=[0.00729, 0.01330, 0.02481, 0.05089],  precision=[0.00146, 0.00133, 0.00124, 0.00102], hit=[0.00729, 0.01330, 0.02481, 0.05089], ndcg=[0.00481, 0.00677, 0.00963, 0.01475], Train Rec Loss=[0.05936], Eval Rec Loss=[0.05984], c=[0.50000], F=[0.79247, 0.82171, 0.85099, 0.91972], F_fuse=[0.00291, 0.00266, 0.00248, 0.00203]
[ INFO : 2026-08-06 17:46:12,189 ] - Epoch 223: train==[102.88509 = 0.38310 + 0.71284 + 9.98341 + 0.00418 + 0.00000 + 0.00016 + 613.91018]
[ INFO : 2026-08-06 17:46:19,054 ] - Test_@[5, 10, 20, 50]: Recall=[0.00844, 0.01330, 0.02481, 0.05127],  precision=[0.00169, 0.00133, 0.00124, 0.00103], hit=[0.00844, 0.01330, 0.02481, 0.05127], ndcg=[0.00581, 0.00736, 0.01024, 0.01541], Train Rec Loss=[0.05922], Eval Rec Loss=[0.05964], c=[0.50000], F=[0.77173, 0.81492, 0.85433, 0.92144], F_fuse=[0.00337, 0.00266, 0.00248, 0.00205]
[ INFO : 2026-08-06 17:47:59,450 ] - Epoch 224: train==[102.86885 = 0.38255 + 0.71196 + 9.96916 + 0.00420 + 0.00000 + 0.00016 + 613.90399]
[ INFO : 2026-08-06 17:48:06,342 ] - Test_@[5, 10, 20, 50]: Recall=[0.00818, 0.01368, 0.02468, 0.05268],  precision=[0.00164, 0.00137, 0.00123, 0.00105], hit=[0.00818, 0.01368, 0.02468, 0.05268], ndcg=[0.00537, 0.00715, 0.00993, 0.01543], Train Rec Loss=[0.05892], Eval Rec Loss=[0.06003], c=[0.50000], F=[0.77803, 0.81305, 0.84850, 0.91816], F_fuse=[0.00327, 0.00273, 0.00246, 0.00210]
[ INFO : 2026-08-06 17:49:50,911 ] - Epoch 225: train==[102.89363 = 0.38231 + 0.71091 + 9.99332 + 0.00422 + 0.00000 + 0.00016 + 613.91379]
[ INFO : 2026-08-06 17:49:57,825 ] - Test_@[5, 10, 20, 50]: Recall=[0.00793, 0.01406, 0.02468, 0.05306],  precision=[0.00159, 0.00141, 0.00123, 0.00106], hit=[0.00793, 0.01406, 0.02468, 0.05306], ndcg=[0.00547, 0.00742, 0.01005, 0.01556], Train Rec Loss=[0.05998], Eval Rec Loss=[0.06007], c=[0.50000], F=[0.77847, 0.81738, 0.85342, 0.92171], F_fuse=[0.00316, 0.00281, 0.00246, 0.00212]
[ INFO : 2026-08-06 17:51:41,757 ] - Epoch 226: train==[102.88218 = 0.38164 + 0.71010 + 9.98380 + 0.00420 + 0.00000 + 0.00016 + 613.90878]
[ INFO : 2026-08-06 17:51:48,628 ] - Test_@[5, 10, 20, 50]: Recall=[0.00882, 0.01406, 0.02327, 0.05114],  precision=[0.00176, 0.00141, 0.00116, 0.00102], hit=[0.00882, 0.01406, 0.02327, 0.05114], ndcg=[0.00589, 0.00754, 0.00984, 0.01528], Train Rec Loss=[0.05984], Eval Rec Loss=[0.05991], c=[0.50000], F=[0.78570, 0.82343, 0.86040, 0.92440], F_fuse=[0.00352, 0.00281, 0.00232, 0.00204]
[ INFO : 2026-08-06 17:53:29,385 ] - Epoch 227: train==[102.86658 = 0.37956 + 0.70903 + 9.97135 + 0.00419 + 0.00000 + 0.00016 + 613.90602]
[ INFO : 2026-08-06 17:53:36,215 ] - Test_@[5, 10, 20, 50]: Recall=[0.00921, 0.01330, 0.02468, 0.05140],  precision=[0.00184, 0.00133, 0.00123, 0.00103], hit=[0.00921, 0.01330, 0.02468, 0.05140], ndcg=[0.00593, 0.00724, 0.01007, 0.01532], Train Rec Loss=[0.05995], Eval Rec Loss=[0.05974], c=[0.50000], F=[0.78036, 0.81458, 0.84956, 0.92023], F_fuse=[0.00367, 0.00266, 0.00246, 0.00205]
[ INFO : 2026-08-06 17:55:18,629 ] - Epoch 228: train==[102.84299 = 0.38044 + 0.70809 + 9.94683 + 0.00424 + 0.00000 + 0.00016 + 613.90973]
[ INFO : 2026-08-06 17:55:25,428 ] - Test_@[5, 10, 20, 50]: Recall=[0.00908, 0.01458, 0.02481, 0.05281],  precision=[0.00182, 0.00146, 0.00124, 0.00106], hit=[0.00908, 0.01458, 0.02481, 0.05281], ndcg=[0.00598, 0.00776, 0.01031, 0.01580], Train Rec Loss=[0.05989], Eval Rec Loss=[0.06055], c=[0.50000], F=[0.78036, 0.81151, 0.84960, 0.91942], F_fuse=[0.00362, 0.00291, 0.00248, 0.00211]
[ INFO : 2026-08-06 17:56:55,208 ] - Epoch 229: train==[102.82880 = 0.38021 + 0.70712 + 9.93360 + 0.00425 + 0.00000 + 0.00016 + 613.90865]
[ INFO : 2026-08-06 17:57:02,074 ] - Test_@[5, 10, 20, 50]: Recall=[0.00844, 0.01343, 0.02353, 0.04974],  precision=[0.00169, 0.00134, 0.00118, 0.00099], hit=[0.00844, 0.01343, 0.02353, 0.04974], ndcg=[0.00537, 0.00696, 0.00946, 0.01457], Train Rec Loss=[0.06038], Eval Rec Loss=[0.06000], c=[0.50000], F=[0.78883, 0.83032, 0.86591, 0.92673], F_fuse=[0.00337, 0.00268, 0.00235, 0.00199]
[ INFO : 2026-08-06 17:58:29,784 ] - Epoch 230: train==[102.82863 = 0.37801 + 0.70630 + 9.93690 + 0.00425 + 0.00000 + 0.00016 + 613.90354]
[ INFO : 2026-08-06 17:58:36,703 ] - Test_@[5, 10, 20, 50]: Recall=[0.00767, 0.01483, 0.02532, 0.05293],  precision=[0.00153, 0.00148, 0.00127, 0.00106], hit=[0.00767, 0.01483, 0.02532, 0.05293], ndcg=[0.00526, 0.00754, 0.01014, 0.01553], Train Rec Loss=[0.06031], Eval Rec Loss=[0.06042], c=[0.50000], F=[0.77317, 0.80742, 0.84743, 0.92130], F_fuse=[0.00306, 0.00296, 0.00253, 0.00211]
[ INFO : 2026-08-06 18:00:03,986 ] - Epoch 231: train==[102.76320 = 0.38286 + 0.70535 + 9.86560 + 0.00428 + 0.00000 + 0.00016 + 613.91390]
[ INFO : 2026-08-06 18:00:10,980 ] - Test_@[5, 10, 20, 50]: Recall=[0.00806, 0.01419, 0.02455, 0.04961],  precision=[0.00161, 0.00142, 0.00123, 0.00099], hit=[0.00806, 0.01419, 0.02455, 0.04961], ndcg=[0.00557, 0.00755, 0.01015, 0.01506], Train Rec Loss=[0.06037], Eval Rec Loss=[0.06087], c=[0.50000], F=[0.78429, 0.82292, 0.85963, 0.92520], F_fuse=[0.00322, 0.00283, 0.00245, 0.00198]
[ INFO : 2026-08-06 18:01:41,488 ] - Epoch 232: train==[102.72425 = 0.38075 + 0.70469 + 9.83030 + 0.00427 + 0.00000 + 0.00016 + 613.90635]
[ INFO : 2026-08-06 18:01:48,362 ] - Test_@[5, 10, 20, 50]: Recall=[0.00742, 0.01343, 0.02493, 0.05178],  precision=[0.00148, 0.00134, 0.00125, 0.00104], hit=[0.00742, 0.01343, 0.02493, 0.05178], ndcg=[0.00496, 0.00691, 0.00980, 0.01507], Train Rec Loss=[0.06022], Eval Rec Loss=[0.06103], c=[0.50000], F=[0.77470, 0.81402, 0.85291, 0.92276], F_fuse=[0.00296, 0.00268, 0.00249, 0.00207]
[ INFO : 2026-08-06 18:03:32,370 ] - Epoch 233: train==[102.74529 = 0.37863 + 0.70367 + 9.85270 + 0.00428 + 0.00000 + 0.00016 + 613.91542]
[ INFO : 2026-08-06 18:03:39,301 ] - Test_@[5, 10, 20, 50]: Recall=[0.00754, 0.01381, 0.02660, 0.05153],  precision=[0.00151, 0.00138, 0.00133, 0.00103], hit=[0.00754, 0.01381, 0.02660, 0.05153], ndcg=[0.00514, 0.00712, 0.01031, 0.01510], Train Rec Loss=[0.06069], Eval Rec Loss=[0.06114], c=[0.50000], F=[0.79072, 0.82835, 0.86485, 0.92654], F_fuse=[0.00301, 0.00276, 0.00266, 0.00206]
[ INFO : 2026-08-06 18:05:21,930 ] - Epoch 234: train==[102.71675 = 0.37663 + 0.70288 + 9.82728 + 0.00431 + 0.00000 + 0.00016 + 613.91096]
[ INFO : 2026-08-06 18:05:28,903 ] - Test_@[5, 10, 20, 50]: Recall=[0.00742, 0.01368, 0.02481, 0.05153],  precision=[0.00148, 0.00137, 0.00124, 0.00103], hit=[0.00742, 0.01368, 0.02481, 0.05153], ndcg=[0.00496, 0.00696, 0.00970, 0.01489], Train Rec Loss=[0.06073], Eval Rec Loss=[0.06076], c=[0.50000], F=[0.77630, 0.81659, 0.85844, 0.92549], F_fuse=[0.00296, 0.00273, 0.00248, 0.00206]
[ INFO : 2026-08-06 18:07:16,664 ] - Epoch 235: train==[102.67336 = 0.37510 + 0.70199 + 9.78656 + 0.00430 + 0.00000 + 0.00016 + 613.90698]
[ INFO : 2026-08-06 18:07:26,743 ] - Test_@[5, 10, 20, 50]: Recall=[0.00806, 0.01317, 0.02417, 0.05140],  precision=[0.00161, 0.00132, 0.00121, 0.00103], hit=[0.00806, 0.01317, 0.02417, 0.05140], ndcg=[0.00537, 0.00700, 0.00976, 0.01503], Train Rec Loss=[0.06086], Eval Rec Loss=[0.06120], c=[0.50000], F=[0.78180, 0.81942, 0.85783, 0.92525], F_fuse=[0.00322, 0.00263, 0.00241, 0.00205]
[ INFO : 2026-08-06 18:09:07,181 ] - Epoch 236: train==[102.70937 = 0.37843 + 0.70135 + 9.81954 + 0.00433 + 0.00000 + 0.00016 + 613.90739]
[ INFO : 2026-08-06 18:09:14,158 ] - Test_@[5, 10, 20, 50]: Recall=[0.00754, 0.01381, 0.02429, 0.04974],  precision=[0.00151, 0.00138, 0.00121, 0.00099], hit=[0.00754, 0.01381, 0.02429, 0.04974], ndcg=[0.00503, 0.00703, 0.00965, 0.01463], Train Rec Loss=[0.06093], Eval Rec Loss=[0.06144], c=[0.50000], F=[0.77748, 0.82045, 0.86113, 0.92603], F_fuse=[0.00301, 0.00276, 0.00243, 0.00199]
[ INFO : 2026-08-06 18:10:56,750 ] - Epoch 237: train==[102.59578 = 0.37451 + 0.70030 + 9.71006 + 0.00432 + 0.00000 + 0.00016 + 613.91035]
[ INFO : 2026-08-06 18:11:03,644 ] - Test_@[5, 10, 20, 50]: Recall=[0.00729, 0.01317, 0.02442, 0.05191],  precision=[0.00146, 0.00132, 0.00122, 0.00104], hit=[0.00729, 0.01317, 0.02442, 0.05191], ndcg=[0.00494, 0.00684, 0.00963, 0.01499], Train Rec Loss=[0.06109], Eval Rec Loss=[0.06089], c=[0.50000], F=[0.78490, 0.82166, 0.86106, 0.92575], F_fuse=[0.00291, 0.00263, 0.00244, 0.00207]
[ INFO : 2026-08-06 18:12:42,648 ] - Epoch 238: train==[102.59694 = 0.37481 + 0.69950 + 9.71145 + 0.00436 + 0.00000 + 0.00016 + 613.90968]
[ INFO : 2026-08-06 18:12:49,609 ] - Test_@[5, 10, 20, 50]: Recall=[0.00831, 0.01406, 0.02583, 0.05102],  precision=[0.00166, 0.00141, 0.00129, 0.00102], hit=[0.00831, 0.01406, 0.02583, 0.05102], ndcg=[0.00575, 0.00760, 0.01054, 0.01543], Train Rec Loss=[0.06115], Eval Rec Loss=[0.06138], c=[0.50000], F=[0.77483, 0.81567, 0.85762, 0.92517], F_fuse=[0.00332, 0.00281, 0.00258, 0.00204]
[ INFO : 2026-08-06 18:14:15,350 ] - Epoch 239: train==[102.62523 = 0.37117 + 0.69879 + 9.74375 + 0.00436 + 0.00000 + 0.00016 + 613.91002]
[ INFO : 2026-08-06 18:14:22,230 ] - Test_@[5, 10, 20, 50]: Recall=[0.00806, 0.01381, 0.02532, 0.05038],  precision=[0.00161, 0.00138, 0.00127, 0.00101], hit=[0.00806, 0.01381, 0.02532, 0.05038], ndcg=[0.00513, 0.00697, 0.00982, 0.01469], Train Rec Loss=[0.06156], Eval Rec Loss=[0.06191], c=[0.50000], F=[0.77994, 0.81786, 0.85875, 0.92707], F_fuse=[0.00322, 0.00276, 0.00253, 0.00201]
[ INFO : 2026-08-06 18:15:47,809 ] - Epoch 240: train==[102.60145 = 0.37322 + 0.69830 + 9.71876 + 0.00437 + 0.00000 + 0.00016 + 613.90640]
[ INFO : 2026-08-06 18:15:54,693 ] - Test_@[5, 10, 20, 50]: Recall=[0.00882, 0.01381, 0.02442, 0.05281],  precision=[0.00176, 0.00138, 0.00122, 0.00106], hit=[0.00882, 0.01381, 0.02442, 0.05281], ndcg=[0.00593, 0.00754, 0.01021, 0.01573], Train Rec Loss=[0.06126], Eval Rec Loss=[0.06125], c=[0.50000], F=[0.78116, 0.82112, 0.86225, 0.92815], F_fuse=[0.00352, 0.00276, 0.00244, 0.00211]
[ INFO : 2026-08-06 18:17:20,713 ] - Epoch 241: train==[102.59686 = 0.37054 + 0.69722 + 9.71727 + 0.00437 + 0.00000 + 0.00016 + 613.90789]
[ INFO : 2026-08-06 18:17:27,553 ] - Test_@[5, 10, 20, 50]: Recall=[0.00818, 0.01394, 0.02378, 0.05076],  precision=[0.00164, 0.00139, 0.00119, 0.00102], hit=[0.00818, 0.01394, 0.02378, 0.05076], ndcg=[0.00555, 0.00743, 0.00988, 0.01520], Train Rec Loss=[0.06163], Eval Rec Loss=[0.06211], c=[0.50000], F=[0.77883, 0.81803, 0.85903, 0.92590], F_fuse=[0.00327, 0.00278, 0.00237, 0.00203]
[ INFO : 2026-08-06 18:18:52,785 ] - Epoch 242: train==[102.58009 = 0.37188 + 0.69653 + 9.69973 + 0.00436 + 0.00000 + 0.00016 + 613.90692]
[ INFO : 2026-08-06 18:18:59,674 ] - Test_@[5, 10, 20, 50]: Recall=[0.00818, 0.01355, 0.02353, 0.05217],  precision=[0.00164, 0.00136, 0.00118, 0.00104], hit=[0.00818, 0.01355, 0.02353, 0.05217], ndcg=[0.00558, 0.00729, 0.00977, 0.01538], Train Rec Loss=[0.06153], Eval Rec Loss=[0.06205], c=[0.50000], F=[0.78052, 0.81829, 0.85939, 0.92638], F_fuse=[0.00327, 0.00271, 0.00235, 0.00208]
[ INFO : 2026-08-06 18:20:25,637 ] - Epoch 243: train==[102.58049 = 0.36964 + 0.69579 + 9.70285 + 0.00438 + 0.00000 + 0.00016 + 613.90656]
[ INFO : 2026-08-06 18:20:32,526 ] - Test_@[5, 10, 20, 50]: Recall=[0.00818, 0.01394, 0.02481, 0.05204],  precision=[0.00164, 0.00139, 0.00124, 0.00104], hit=[0.00818, 0.01394, 0.02481, 0.05204], ndcg=[0.00554, 0.00738, 0.01009, 0.01542], Train Rec Loss=[0.06126], Eval Rec Loss=[0.06196], c=[0.50000], F=[0.77068, 0.81480, 0.85858, 0.92744], F_fuse=[0.00327, 0.00278, 0.00248, 0.00208]
[ INFO : 2026-08-06 18:21:58,288 ] - Epoch 244: train==[102.61198 = 0.36859 + 0.69487 + 9.73503 + 0.00440 + 0.00000 + 0.00017 + 613.91255]
[ INFO : 2026-08-06 18:22:05,160 ] - Test_@[5, 10, 20, 50]: Recall=[0.00818, 0.01304, 0.02353, 0.04948],  precision=[0.00164, 0.00130, 0.00118, 0.00099], hit=[0.00818, 0.01304, 0.02353, 0.04948], ndcg=[0.00517, 0.00673, 0.00937, 0.01448], Train Rec Loss=[0.06176], Eval Rec Loss=[0.06204], c=[0.50000], F=[0.78966, 0.82851, 0.86636, 0.92924], F_fuse=[0.00327, 0.00260, 0.00235, 0.00198]
[ INFO : 2026-08-06 18:23:29,897 ] - Epoch 245: train==[102.53542 = 0.37041 + 0.69424 + 9.65822 + 0.00441 + 0.00000 + 0.00016 + 613.90448]
[ INFO : 2026-08-06 18:23:36,736 ] - Test_@[5, 10, 20, 50]: Recall=[0.00793, 0.01304, 0.02353, 0.05038],  precision=[0.00159, 0.00130, 0.00118, 0.00101], hit=[0.00793, 0.01304, 0.02353, 0.05038], ndcg=[0.00534, 0.00699, 0.00960, 0.01483], Train Rec Loss=[0.06161], Eval Rec Loss=[0.06245], c=[0.50000], F=[0.78122, 0.82345, 0.86901, 0.92995], F_fuse=[0.00316, 0.00260, 0.00235, 0.00201]
[ INFO : 2026-08-06 18:25:01,812 ] - Epoch 246: train==[102.58010 = 0.36906 + 0.69349 + 9.70442 + 0.00443 + 0.00000 + 0.00016 + 613.90625]
[ INFO : 2026-08-06 18:25:08,667 ] - Test_@[5, 10, 20, 50]: Recall=[0.00831, 0.01394, 0.02442, 0.05012],  precision=[0.00166, 0.00139, 0.00122, 0.00100], hit=[0.00831, 0.01394, 0.02442, 0.05012], ndcg=[0.00567, 0.00747, 0.01006, 0.01508], Train Rec Loss=[0.06160], Eval Rec Loss=[0.06235], c=[0.50000], F=[0.78020, 0.82150, 0.86487, 0.92929], F_fuse=[0.00332, 0.00278, 0.00244, 0.00200]
[ INFO : 2026-08-06 18:26:34,022 ] - Epoch 247: train==[102.49839 = 0.36809 + 0.69263 + 9.62258 + 0.00443 + 0.00000 + 0.00017 + 613.91699]
[ INFO : 2026-08-06 18:26:40,884 ] - Test_@[5, 10, 20, 50]: Recall=[0.00729, 0.01291, 0.02365, 0.05038],  precision=[0.00146, 0.00129, 0.00118, 0.00101], hit=[0.00729, 0.01291, 0.02365, 0.05038], ndcg=[0.00476, 0.00656, 0.00923, 0.01442], Train Rec Loss=[0.06213], Eval Rec Loss=[0.06291], c=[0.50000], F=[0.78844, 0.83248, 0.86855, 0.92885], F_fuse=[0.00291, 0.00258, 0.00236, 0.00201]
[ INFO : 2026-08-06 18:28:06,549 ] - Epoch 248: train==[102.53728 = 0.36520 + 0.69213 + 9.66615 + 0.00443 + 0.00000 + 0.00016 + 613.90715]
[ INFO : 2026-08-06 18:28:13,413 ] - Test_@[5, 10, 20, 50]: Recall=[0.00716, 0.01343, 0.02442, 0.05076],  precision=[0.00143, 0.00134, 0.00122, 0.00102], hit=[0.00716, 0.01343, 0.02442, 0.05076], ndcg=[0.00494, 0.00698, 0.00972, 0.01479], Train Rec Loss=[0.06224], Eval Rec Loss=[0.06290], c=[0.50000], F=[0.77397, 0.82255, 0.86755, 0.93058], F_fuse=[0.00286, 0.00268, 0.00244, 0.00203]
[ INFO : 2026-08-06 18:29:38,991 ] - Epoch 249: train==[102.47355 = 0.36553 + 0.69129 + 9.60280 + 0.00446 + 0.00000 + 0.00015 + 613.90551]
[ INFO : 2026-08-06 18:29:45,890 ] - Test_@[5, 10, 20, 50]: Recall=[0.00857, 0.01470, 0.02493, 0.04961],  precision=[0.00171, 0.00147, 0.00125, 0.00099], hit=[0.00857, 0.01470, 0.02493, 0.04961], ndcg=[0.00579, 0.00774, 0.01029, 0.01511], Train Rec Loss=[0.06272], Eval Rec Loss=[0.06325], c=[0.50000], F=[0.77713, 0.82150, 0.86618, 0.93042], F_fuse=[0.00342, 0.00294, 0.00249, 0.00198]
[ INFO : 2026-08-06 18:31:11,674 ] - Epoch 250: train==[102.50814 = 0.36779 + 0.69077 + 9.63521 + 0.00446 + 0.00000 + 0.00016 + 613.90703]
[ INFO : 2026-08-06 18:31:18,594 ] - Test_@[5, 10, 20, 50]: Recall=[0.00793, 0.01291, 0.02365, 0.04833],  precision=[0.00159, 0.00129, 0.00118, 0.00097], hit=[0.00793, 0.01291, 0.02365, 0.04833], ndcg=[0.00520, 0.00678, 0.00946, 0.01427], Train Rec Loss=[0.06280], Eval Rec Loss=[0.06271], c=[0.50000], F=[0.78349, 0.82810, 0.87119, 0.93125], F_fuse=[0.00316, 0.00258, 0.00236, 0.00193]
[ INFO : 2026-08-06 18:32:44,097 ] - Epoch 251: train==[102.38294 = 0.36079 + 0.68985 + 9.51758 + 0.00448 + 0.00000 + 0.00016 + 613.90678]
[ INFO : 2026-08-06 18:32:50,923 ] - Test_@[5, 10, 20, 50]: Recall=[0.00818, 0.01419, 0.02493, 0.05242],  precision=[0.00164, 0.00142, 0.00125, 0.00105], hit=[0.00818, 0.01419, 0.02493, 0.05242], ndcg=[0.00547, 0.00738, 0.01004, 0.01540], Train Rec Loss=[0.06273], Eval Rec Loss=[0.06354], c=[0.50000], F=[0.77723, 0.81937, 0.86138, 0.92883], F_fuse=[0.00327, 0.00283, 0.00249, 0.00209]
[ INFO : 2026-08-06 18:34:20,088 ] - Epoch 252: train==[102.46813 = 0.36052 + 0.68905 + 9.60199 + 0.00449 + 0.00000 + 0.00017 + 613.91681]
[ INFO : 2026-08-06 18:34:27,085 ] - Test_@[5, 10, 20, 50]: Recall=[0.00933, 0.01445, 0.02519, 0.04974],  precision=[0.00187, 0.00144, 0.00126, 0.00099], hit=[0.00933, 0.01445, 0.02519, 0.04974], ndcg=[0.00594, 0.00758, 0.01025, 0.01502], Train Rec Loss=[0.06214], Eval Rec Loss=[0.06281], c=[0.50000], F=[0.78256, 0.82602, 0.86742, 0.92993], F_fuse=[0.00372, 0.00288, 0.00252, 0.00199]
[ INFO : 2026-08-06 18:36:15,724 ] - Epoch 253: train==[102.41137 = 0.36336 + 0.68856 + 9.54324 + 0.00447 + 0.00000 + 0.00016 + 613.91330]
[ INFO : 2026-08-06 18:36:22,679 ] - Test_@[5, 10, 20, 50]: Recall=[0.00780, 0.01279, 0.02468, 0.04935],  precision=[0.00156, 0.00128, 0.00123, 0.00099], hit=[0.00780, 0.01279, 0.02468, 0.04935], ndcg=[0.00524, 0.00686, 0.00983, 0.01464], Train Rec Loss=[0.06314], Eval Rec Loss=[0.06245], c=[0.50000], F=[0.78202, 0.82831, 0.87064, 0.93227], F_fuse=[0.00311, 0.00255, 0.00246, 0.00197]
[ INFO : 2026-08-06 18:38:15,637 ] - Epoch 254: train==[102.36232 = 0.36511 + 0.68790 + 9.49363 + 0.00451 + 0.00000 + 0.00016 + 613.90775]
[ INFO : 2026-08-06 18:38:22,621 ] - Test_@[5, 10, 20, 50]: Recall=[0.00793, 0.01317, 0.02353, 0.04987],  precision=[0.00159, 0.00132, 0.00118, 0.00100], hit=[0.00793, 0.01317, 0.02353, 0.04987], ndcg=[0.00516, 0.00683, 0.00942, 0.01458], Train Rec Loss=[0.06265], Eval Rec Loss=[0.06323], c=[0.50000], F=[0.78093, 0.82792, 0.87180, 0.93306], F_fuse=[0.00316, 0.00263, 0.00235, 0.00199]
[ INFO : 2026-08-06 18:46:41,097 ] - Epoch 255: train==[102.38079 = 0.36296 + 0.68717 + 9.51368 + 0.00454 + 0.00000 + 0.00016 + 613.91431]
[ INFO : 2026-08-06 18:46:47,888 ] - Test_@[5, 10, 20, 50]: Recall=[0.00806, 0.01279, 0.02493, 0.04974],  precision=[0.00161, 0.00128, 0.00125, 0.00099], hit=[0.00806, 0.01279, 0.02493, 0.04974], ndcg=[0.00543, 0.00696, 0.00999, 0.01483], Train Rec Loss=[0.06273], Eval Rec Loss=[0.06356], c=[0.50000], F=[0.78598, 0.82960, 0.87028, 0.93314], F_fuse=[0.00322, 0.00255, 0.00249, 0.00199]
[ INFO : 2026-08-06 18:48:12,404 ] - Epoch 256: train==[102.39405 = 0.36377 + 0.68654 + 9.52649 + 0.00452 + 0.00000 + 0.00016 + 613.91453]
[ INFO : 2026-08-06 18:48:19,222 ] - Test_@[5, 10, 20, 50]: Recall=[0.00767, 0.01368, 0.02429, 0.04935],  precision=[0.00153, 0.00137, 0.00121, 0.00099], hit=[0.00767, 0.01368, 0.02429, 0.04935], ndcg=[0.00531, 0.00726, 0.00990, 0.01481], Train Rec Loss=[0.06304], Eval Rec Loss=[0.06359], c=[0.50000], F=[0.78317, 0.82720, 0.87052, 0.93224], F_fuse=[0.00306, 0.00273, 0.00243, 0.00197]
[ INFO : 2026-08-06 18:49:43,685 ] - Epoch 257: train==[102.31600 = 0.35754 + 0.68582 + 9.45518 + 0.00456 + 0.00000 + 0.00016 + 613.91374]
[ INFO : 2026-08-06 18:49:50,427 ] - Test_@[5, 10, 20, 50]: Recall=[0.00818, 0.01291, 0.02365, 0.04910],  precision=[0.00164, 0.00129, 0.00118, 0.00098], hit=[0.00818, 0.01291, 0.02365, 0.04910], ndcg=[0.00560, 0.00713, 0.00980, 0.01474], Train Rec Loss=[0.06293], Eval Rec Loss=[0.06319], c=[0.50000], F=[0.79225, 0.84082, 0.88139, 0.93527], F_fuse=[0.00327, 0.00258, 0.00236, 0.00196]
[ INFO : 2026-08-06 18:51:14,980 ] - Epoch 258: train==[102.38913 = 0.35877 + 0.68492 + 9.52890 + 0.00455 + 0.00000 + 0.00016 + 613.90526]
[ INFO : 2026-08-06 18:51:21,802 ] - Test_@[5, 10, 20, 50]: Recall=[0.00818, 0.01330, 0.02391, 0.04948],  precision=[0.00164, 0.00133, 0.00120, 0.00099], hit=[0.00818, 0.01330, 0.02391, 0.04948], ndcg=[0.00539, 0.00706, 0.00970, 0.01469], Train Rec Loss=[0.06259], Eval Rec Loss=[0.06374], c=[0.50000], F=[0.77688, 0.82703, 0.87308, 0.93290], F_fuse=[0.00327, 0.00266, 0.00239, 0.00198]
[ INFO : 2026-08-06 18:52:46,449 ] - Epoch 259: train==[102.32264 = 0.36149 + 0.68432 + 9.45897 + 0.00457 + 0.00000 + 0.00016 + 613.91240]
[ INFO : 2026-08-06 18:52:53,267 ] - Test_@[5, 10, 20, 50]: Recall=[0.00818, 0.01355, 0.02378, 0.04884],  precision=[0.00164, 0.00136, 0.00119, 0.00098], hit=[0.00818, 0.01355, 0.02378, 0.04884], ndcg=[0.00556, 0.00728, 0.00984, 0.01474], Train Rec Loss=[0.06338], Eval Rec Loss=[0.06368], c=[0.50000], F=[0.78125, 0.82738, 0.87156, 0.93293], F_fuse=[0.00327, 0.00271, 0.00237, 0.00195]
[ INFO : 2026-08-06 18:54:18,126 ] - Epoch 260: train==[102.29216 = 0.35663 + 0.68328 + 9.43139 + 0.00459 + 0.00000 + 0.00018 + 613.92933]
[ INFO : 2026-08-06 18:54:24,941 ] - Test_@[5, 10, 20, 50]: Recall=[0.00857, 0.01304, 0.02263, 0.04795],  precision=[0.00171, 0.00130, 0.00113, 0.00096], hit=[0.00857, 0.01304, 0.02263, 0.04795], ndcg=[0.00561, 0.00705, 0.00943, 0.01437], Train Rec Loss=[0.06330], Eval Rec Loss=[0.06408], c=[0.50000], F=[0.78646, 0.83227, 0.87322, 0.93325], F_fuse=[0.00342, 0.00260, 0.00226, 0.00192]
[ INFO : 2026-08-06 18:55:49,405 ] - Epoch 261: train==[102.29807 = 0.35915 + 0.68236 + 9.43790 + 0.00457 + 0.00000 + 0.00016 + 613.91238]
[ INFO : 2026-08-06 18:55:56,240 ] - Test_@[5, 10, 20, 50]: Recall=[0.00806, 0.01343, 0.02519, 0.05153],  precision=[0.00161, 0.00134, 0.00126, 0.00103], hit=[0.00806, 0.01343, 0.02519, 0.05153], ndcg=[0.00559, 0.00730, 0.01026, 0.01537], Train Rec Loss=[0.06403], Eval Rec Loss=[0.06435], c=[0.50000], F=[0.77825, 0.82624, 0.87211, 0.93492], F_fuse=[0.00322, 0.00268, 0.00252, 0.00206]
[ INFO : 2026-08-06 18:57:20,946 ] - Epoch 262: train==[102.36017 = 0.35634 + 0.68145 + 9.50250 + 0.00458 + 0.00000 + 0.00017 + 613.91808]
[ INFO : 2026-08-06 18:57:27,762 ] - Test_@[5, 10, 20, 50]: Recall=[0.00806, 0.01253, 0.02365, 0.04718],  precision=[0.00161, 0.00125, 0.00118, 0.00094], hit=[0.00806, 0.01253, 0.02365, 0.04718], ndcg=[0.00541, 0.00684, 0.00960, 0.01418], Train Rec Loss=[0.06374], Eval Rec Loss=[0.06480], c=[0.50000], F=[0.79682, 0.84286, 0.88159, 0.93473], F_fuse=[0.00322, 0.00250, 0.00236, 0.00189]
[ INFO : 2026-08-06 18:58:52,575 ] - Epoch 263: train==[102.27027 = 0.36179 + 0.68072 + 9.40904 + 0.00461 + 0.00000 + 0.00015 + 613.90831]
[ INFO : 2026-08-06 18:58:59,376 ] - Test_@[5, 10, 20, 50]: Recall=[0.00806, 0.01381, 0.02519, 0.05089],  precision=[0.00161, 0.00138, 0.00126, 0.00102], hit=[0.00806, 0.01381, 0.02519, 0.05089], ndcg=[0.00549, 0.00733, 0.01013, 0.01514], Train Rec Loss=[0.06391], Eval Rec Loss=[0.06368], c=[0.50000], F=[0.78023, 0.82885, 0.86893, 0.93168], F_fuse=[0.00322, 0.00276, 0.00252, 0.00203]
[ INFO : 2026-08-06 19:00:23,794 ] - Epoch 264: train==[102.20750 = 0.35519 + 0.67949 + 9.35361 + 0.00462 + 0.00000 + 0.00016 + 613.90814]
[ INFO : 2026-08-06 19:00:30,602 ] - Test_@[5, 10, 20, 50]: Recall=[0.00844, 0.01202, 0.02468, 0.04859],  precision=[0.00169, 0.00120, 0.00123, 0.00097], hit=[0.00844, 0.01202, 0.02468, 0.04859], ndcg=[0.00564, 0.00681, 0.00998, 0.01464], Train Rec Loss=[0.06422], Eval Rec Loss=[0.06438], c=[0.50000], F=[0.77445, 0.82634, 0.87513, 0.93491], F_fuse=[0.00337, 0.00240, 0.00246, 0.00194]
[ INFO : 2026-08-06 19:01:55,221 ] - Epoch 265: train==[102.21522 = 0.35277 + 0.67852 + 9.36327 + 0.00468 + 0.00000 + 0.00016 + 613.91485]
[ INFO : 2026-08-06 19:02:02,026 ] - Test_@[5, 10, 20, 50]: Recall=[0.00818, 0.01343, 0.02442, 0.04820],  precision=[0.00164, 0.00134, 0.00122, 0.00096], hit=[0.00818, 0.01343, 0.02442, 0.04820], ndcg=[0.00551, 0.00721, 0.00994, 0.01459], Train Rec Loss=[0.06417], Eval Rec Loss=[0.06479], c=[0.50000], F=[0.78017, 0.82851, 0.87455, 0.93385], F_fuse=[0.00327, 0.00268, 0.00244, 0.00193]
[ INFO : 2026-08-06 19:03:27,381 ] - Epoch 266: train==[102.23255 = 0.35563 + 0.67746 + 9.37955 + 0.00464 + 0.00000 + 0.00016 + 613.90726]
[ INFO : 2026-08-06 19:03:34,171 ] - Test_@[5, 10, 20, 50]: Recall=[0.00793, 0.01279, 0.02378, 0.04744],  precision=[0.00159, 0.00128, 0.00119, 0.00095], hit=[0.00793, 0.01279, 0.02378, 0.04744], ndcg=[0.00561, 0.00717, 0.00990, 0.01452], Train Rec Loss=[0.06427], Eval Rec Loss=[0.06424], c=[0.50000], F=[0.78100, 0.82819, 0.87521, 0.93473], F_fuse=[0.00316, 0.00255, 0.00237, 0.00190]
[ INFO : 2026-08-06 19:04:58,949 ] - Epoch 267: train==[102.19466 = 0.35517 + 0.67668 + 9.34132 + 0.00467 + 0.00000 + 0.00016 + 613.91553]
[ INFO : 2026-08-06 19:05:05,776 ] - Test_@[5, 10, 20, 50]: Recall=[0.00793, 0.01304, 0.02442, 0.04987],  precision=[0.00159, 0.00130, 0.00122, 0.00100], hit=[0.00793, 0.01304, 0.02442, 0.04987], ndcg=[0.00512, 0.00675, 0.00960, 0.01457], Train Rec Loss=[0.06351], Eval Rec Loss=[0.06426], c=[0.50000], F=[0.78522, 0.83466, 0.87752, 0.93653], F_fuse=[0.00316, 0.00260, 0.00244, 0.00199]
[ INFO : 2026-08-06 19:06:30,516 ] - Epoch 268: train==[102.24223 = 0.35488 + 0.67585 + 9.39015 + 0.00466 + 0.00000 + 0.00016 + 613.91245]
[ INFO : 2026-08-06 19:06:37,327 ] - Test_@[5, 10, 20, 50]: Recall=[0.00793, 0.01343, 0.02276, 0.04961],  precision=[0.00159, 0.00134, 0.00114, 0.00099], hit=[0.00793, 0.01343, 0.02276, 0.04961], ndcg=[0.00535, 0.00714, 0.00950, 0.01474], Train Rec Loss=[0.06464], Eval Rec Loss=[0.06534], c=[0.50000], F=[0.77020, 0.82413, 0.87275, 0.93506], F_fuse=[0.00316, 0.00268, 0.00227, 0.00198]
[ INFO : 2026-08-06 19:08:07,186 ] - Epoch 269: train==[102.21665 = 0.35378 + 0.67505 + 9.36522 + 0.00466 + 0.00000 + 0.00017 + 613.91851]
[ INFO : 2026-08-06 19:08:14,053 ] - Test_@[5, 10, 20, 50]: Recall=[0.00729, 0.01202, 0.02301, 0.04782],  precision=[0.00146, 0.00120, 0.00115, 0.00096], hit=[0.00729, 0.01202, 0.02301, 0.04782], ndcg=[0.00496, 0.00650, 0.00930, 0.01415], Train Rec Loss=[0.06460], Eval Rec Loss=[0.06431], c=[0.50000], F=[0.78777, 0.83462, 0.87677, 0.93544], F_fuse=[0.00291, 0.00240, 0.00230, 0.00191]
[ INFO : 2026-08-06 19:10:05,397 ] - Epoch 270: train==[102.15374 = 0.35237 + 0.67405 + 9.30451 + 0.00469 + 0.00000 + 0.00016 + 613.91711]
[ INFO : 2026-08-06 19:10:12,339 ] - Test_@[5, 10, 20, 50]: Recall=[0.00831, 0.01304, 0.02314, 0.04808],  precision=[0.00166, 0.00130, 0.00116, 0.00096], hit=[0.00831, 0.01304, 0.02314, 0.04808], ndcg=[0.00549, 0.00700, 0.00954, 0.01440], Train Rec Loss=[0.06523], Eval Rec Loss=[0.06551], c=[0.50000], F=[0.77470, 0.82543, 0.87251, 0.93459], F_fuse=[0.00332, 0.00260, 0.00231, 0.00192]
[ INFO : 2026-08-06 19:11:51,545 ] - Epoch 271: train==[102.24465 = 0.35330 + 0.67324 + 9.39487 + 0.00470 + 0.00000 + 0.00016 + 613.91780]
[ INFO : 2026-08-06 19:11:58,392 ] - Test_@[5, 10, 20, 50]: Recall=[0.00844, 0.01253, 0.02391, 0.04654],  precision=[0.00169, 0.00125, 0.00120, 0.00093], hit=[0.00844, 0.01253, 0.02391, 0.04654], ndcg=[0.00550, 0.00683, 0.00966, 0.01405], Train Rec Loss=[0.06508], Eval Rec Loss=[0.06566], c=[0.50000], F=[0.79023, 0.84093, 0.88219, 0.93643], F_fuse=[0.00337, 0.00250, 0.00239, 0.00186]
[ INFO : 2026-08-06 19:13:39,305 ] - Epoch 272: train==[102.17156 = 0.34946 + 0.67213 + 9.32753 + 0.00470 + 0.00000 + 0.00015 + 613.90950]
[ INFO : 2026-08-06 19:13:46,198 ] - Test_@[5, 10, 20, 50]: Recall=[0.00857, 0.01304, 0.02391, 0.04859],  precision=[0.00171, 0.00130, 0.00120, 0.00097], hit=[0.00857, 0.01304, 0.02391, 0.04859], ndcg=[0.00597, 0.00741, 0.01015, 0.01496], Train Rec Loss=[0.06503], Eval Rec Loss=[0.06563], c=[0.50000], F=[0.77317, 0.82532, 0.87565, 0.93571], F_fuse=[0.00342, 0.00260, 0.00239, 0.00194]
[ INFO : 2026-08-06 19:15:28,739 ] - Epoch 273: train==[102.20920 = 0.35226 + 0.67133 + 9.36121 + 0.00472 + 0.00000 + 0.00016 + 613.92022]
[ INFO : 2026-08-06 19:15:35,703 ] - Test_@[5, 10, 20, 50]: Recall=[0.00729, 0.01240, 0.02276, 0.04744],  precision=[0.00146, 0.00124, 0.00114, 0.00095], hit=[0.00729, 0.01240, 0.02276, 0.04744], ndcg=[0.00510, 0.00675, 0.00935, 0.01419], Train Rec Loss=[0.06505], Eval Rec Loss=[0.06519], c=[0.50000], F=[0.78659, 0.83708, 0.87974, 0.93528], F_fuse=[0.00291, 0.00248, 0.00227, 0.00190]
[ INFO : 2026-08-06 19:17:17,343 ] - Epoch 274: train==[102.14647 = 0.35561 + 0.67042 + 9.29701 + 0.00473 + 0.00000 + 0.00015 + 613.91140]
[ INFO : 2026-08-06 19:17:24,239 ] - Test_@[5, 10, 20, 50]: Recall=[0.00793, 0.01202, 0.02365, 0.04935],  precision=[0.00159, 0.00120, 0.00118, 0.00099], hit=[0.00793, 0.01202, 0.02365, 0.04935], ndcg=[0.00544, 0.00677, 0.00968, 0.01466], Train Rec Loss=[0.06589], Eval Rec Loss=[0.06542], c=[0.50000], F=[0.77771, 0.83118, 0.87969, 0.93685], F_fuse=[0.00316, 0.00240, 0.00236, 0.00197]
[ INFO : 2026-08-06 19:19:02,434 ] - Epoch 275: train==[102.15120 = 0.35527 + 0.66930 + 9.30179 + 0.00475 + 0.00000 + 0.00016 + 613.91769]
[ INFO : 2026-08-06 19:19:09,277 ] - Test_@[5, 10, 20, 50]: Recall=[0.00844, 0.01317, 0.02378, 0.04859],  precision=[0.00169, 0.00132, 0.00119, 0.00097], hit=[0.00844, 0.01317, 0.02378, 0.04859], ndcg=[0.00562, 0.00716, 0.00984, 0.01466], Train Rec Loss=[0.06555], Eval Rec Loss=[0.06627], c=[0.50000], F=[0.78202, 0.83300, 0.87808, 0.93672], F_fuse=[0.00337, 0.00263, 0.00237, 0.00194]
[ INFO : 2026-08-06 19:20:34,109 ] - Epoch 276: train==[102.11682 = 0.35449 + 0.66829 + 9.26785 + 0.00477 + 0.00000 + 0.00017 + 613.92378]
[ INFO : 2026-08-06 19:20:40,913 ] - Test_@[5, 10, 20, 50]: Recall=[0.00895, 0.01394, 0.02481, 0.04820],  precision=[0.00179, 0.00139, 0.00124, 0.00096], hit=[0.00895, 0.01394, 0.02481, 0.04820], ndcg=[0.00586, 0.00743, 0.01014, 0.01470], Train Rec Loss=[0.06538], Eval Rec Loss=[0.06609], c=[0.50000], F=[0.77966, 0.82968, 0.87719, 0.93502], F_fuse=[0.00357, 0.00278, 0.00248, 0.00193]
[ INFO : 2026-08-06 19:22:05,827 ] - Epoch 277: train==[102.14610 = 0.34690 + 0.66711 + 9.30673 + 0.00476 + 0.00000 + 0.00016 + 613.91520]
[ INFO : 2026-08-06 19:22:12,599 ] - Test_@[5, 10, 20, 50]: Recall=[0.00831, 0.01304, 0.02429, 0.04935],  precision=[0.00166, 0.00130, 0.00121, 0.00099], hit=[0.00831, 0.01304, 0.02429, 0.04935], ndcg=[0.00566, 0.00720, 0.01003, 0.01490], Train Rec Loss=[0.06574], Eval Rec Loss=[0.06669], c=[0.50000], F=[0.78244, 0.83337, 0.87828, 0.93560], F_fuse=[0.00332, 0.00260, 0.00243, 0.00197]
[ INFO : 2026-08-06 19:23:37,850 ] - Epoch 278: train==[102.05639 = 0.34431 + 0.66605 + 9.22095 + 0.00477 + 0.00000 + 0.00016 + 613.91045]
[ INFO : 2026-08-06 19:23:44,638 ] - Test_@[5, 10, 20, 50]: Recall=[0.00831, 0.01394, 0.02340, 0.05012],  precision=[0.00166, 0.00139, 0.00117, 0.00100], hit=[0.00831, 0.01394, 0.02340, 0.05012], ndcg=[0.00567, 0.00747, 0.00982, 0.01503], Train Rec Loss=[0.06561], Eval Rec Loss=[0.06667], c=[0.50000], F=[0.76735, 0.82004, 0.87264, 0.93694], F_fuse=[0.00332, 0.00278, 0.00234, 0.00200]
[ INFO : 2026-08-06 19:25:09,310 ] - Epoch 279: train==[102.11182 = 0.34746 + 0.66524 + 9.27103 + 0.00478 + 0.00000 + 0.00018 + 613.92818]
[ INFO : 2026-08-06 19:25:16,094 ] - Test_@[5, 10, 20, 50]: Recall=[0.00818, 0.01291, 0.02378, 0.04769],  precision=[0.00164, 0.00129, 0.00119, 0.00095], hit=[0.00818, 0.01291, 0.02378, 0.04769], ndcg=[0.00537, 0.00688, 0.00959, 0.01427], Train Rec Loss=[0.06579], Eval Rec Loss=[0.06612], c=[0.50000], F=[0.79509, 0.84235, 0.88224, 0.93680], F_fuse=[0.00327, 0.00258, 0.00238, 0.00191]
[ INFO : 2026-08-06 19:26:41,324 ] - Epoch 280: train==[102.10698 = 0.34747 + 0.66424 + 9.26858 + 0.00476 + 0.00000 + 0.00017 + 613.91633]
[ INFO : 2026-08-06 19:26:48,157 ] - Test_@[5, 10, 20, 50]: Recall=[0.00780, 0.01279, 0.02353, 0.04846],  precision=[0.00156, 0.00128, 0.00118, 0.00097], hit=[0.00780, 0.01279, 0.02353, 0.04846], ndcg=[0.00517, 0.00681, 0.00948, 0.01435], Train Rec Loss=[0.06609], Eval Rec Loss=[0.06692], c=[0.50000], F=[0.77592, 0.82909, 0.87682, 0.93498], F_fuse=[0.00311, 0.00255, 0.00235, 0.00194]
[ INFO : 2026-08-06 19:28:13,453 ] - Epoch 281: train==[102.09219 = 0.34967 + 0.66321 + 9.25219 + 0.00478 + 0.00000 + 0.00016 + 613.91641]
[ INFO : 2026-08-06 19:28:20,238 ] - Test_@[5, 10, 20, 50]: Recall=[0.00818, 0.01317, 0.02353, 0.04923],  precision=[0.00164, 0.00132, 0.00118, 0.00098], hit=[0.00818, 0.01317, 0.02353, 0.04923], ndcg=[0.00557, 0.00717, 0.00978, 0.01479], Train Rec Loss=[0.06658], Eval Rec Loss=[0.06731], c=[0.50000], F=[0.78873, 0.83728, 0.88080, 0.93727], F_fuse=[0.00327, 0.00263, 0.00235, 0.00197]
[ INFO : 2026-08-06 19:29:45,191 ] - Epoch 282: train==[102.06628 = 0.34431 + 0.66236 + 9.23278 + 0.00482 + 0.00000 + 0.00016 + 613.91198]
[ INFO : 2026-08-06 19:29:51,960 ] - Test_@[5, 10, 20, 50]: Recall=[0.00780, 0.01266, 0.02276, 0.04590],  precision=[0.00156, 0.00127, 0.00114, 0.00092], hit=[0.00780, 0.01266, 0.02276, 0.04590], ndcg=[0.00532, 0.00690, 0.00943, 0.01396], Train Rec Loss=[0.06614], Eval Rec Loss=[0.06636], c=[0.50000], F=[0.78231, 0.83452, 0.88378, 0.93896], F_fuse=[0.00311, 0.00253, 0.00227, 0.00183]
[ INFO : 2026-08-06 19:31:16,609 ] - Epoch 283: train==[102.05306 = 0.34336 + 0.66115 + 9.22069 + 0.00480 + 0.00000 + 0.00016 + 613.91567]
[ INFO : 2026-08-06 19:31:23,445 ] - Test_@[5, 10, 20, 50]: Recall=[0.00793, 0.01176, 0.02301, 0.04629],  precision=[0.00159, 0.00118, 0.00115, 0.00093], hit=[0.00793, 0.01176, 0.02301, 0.04629], ndcg=[0.00515, 0.00636, 0.00921, 0.01376], Train Rec Loss=[0.06678], Eval Rec Loss=[0.06686], c=[0.50000], F=[0.78765, 0.83805, 0.88632, 0.93899], F_fuse=[0.00316, 0.00235, 0.00230, 0.00185]
[ INFO : 2026-08-06 19:32:48,797 ] - Epoch 284: train==[102.05594 = 0.34740 + 0.66041 + 9.22044 + 0.00484 + 0.00000 + 0.00016 + 613.91236]
[ INFO : 2026-08-06 19:32:55,627 ] - Test_@[5, 10, 20, 50]: Recall=[0.00767, 0.01202, 0.02289, 0.04731],  precision=[0.00153, 0.00120, 0.00114, 0.00095], hit=[0.00767, 0.01202, 0.02289, 0.04731], ndcg=[0.00518, 0.00661, 0.00931, 0.01408], Train Rec Loss=[0.06724], Eval Rec Loss=[0.06703], c=[0.50000], F=[0.78132, 0.83450, 0.88152, 0.93786], F_fuse=[0.00306, 0.00240, 0.00229, 0.00189]
[ INFO : 2026-08-06 19:34:20,659 ] - Epoch 285: train==[102.04548 = 0.34581 + 0.65959 + 9.21236 + 0.00484 + 0.00000 + 0.00015 + 613.91038]
[ INFO : 2026-08-06 19:34:27,468 ] - Test_@[5, 10, 20, 50]: Recall=[0.00767, 0.01240, 0.02276, 0.04552],  precision=[0.00153, 0.00124, 0.00114, 0.00091], hit=[0.00767, 0.01240, 0.02276, 0.04552], ndcg=[0.00523, 0.00677, 0.00936, 0.01384], Train Rec Loss=[0.06705], Eval Rec Loss=[0.06793], c=[0.50000], F=[0.78007, 0.83286, 0.88282, 0.93711], F_fuse=[0.00306, 0.00248, 0.00227, 0.00182]
[ INFO : 2026-08-06 19:35:52,696 ] - Epoch 286: train==[101.96316 = 0.34255 + 0.65853 + 9.13379 + 0.00484 + 0.00000 + 0.00015 + 613.91129]
[ INFO : 2026-08-06 19:35:59,528 ] - Test_@[5, 10, 20, 50]: Recall=[0.00742, 0.01215, 0.02301, 0.04871],  precision=[0.00148, 0.00121, 0.00115, 0.00097], hit=[0.00742, 0.01215, 0.02301, 0.04871], ndcg=[0.00507, 0.00661, 0.00932, 0.01434], Train Rec Loss=[0.06701], Eval Rec Loss=[0.06780], c=[0.50000], F=[0.77304, 0.83171, 0.88069, 0.93797], F_fuse=[0.00296, 0.00243, 0.00230, 0.00195]
[ INFO : 2026-08-06 19:37:24,877 ] - Epoch 287: train==[102.00588 = 0.34165 + 0.65735 + 9.17787 + 0.00484 + 0.00000 + 0.00016 + 613.91293]
[ INFO : 2026-08-06 19:37:31,697 ] - Test_@[5, 10, 20, 50]: Recall=[0.00742, 0.01279, 0.02263, 0.04552],  precision=[0.00148, 0.00128, 0.00113, 0.00091], hit=[0.00742, 0.01279, 0.02263, 0.04552], ndcg=[0.00516, 0.00687, 0.00933, 0.01380], Train Rec Loss=[0.06702], Eval Rec Loss=[0.06818], c=[0.50000], F=[0.78828, 0.83888, 0.88597, 0.93920], F_fuse=[0.00296, 0.00255, 0.00226, 0.00182]
[ INFO : 2026-08-06 19:38:57,042 ] - Epoch 288: train==[101.95529 = 0.34177 + 0.65639 + 9.12670 + 0.00486 + 0.00000 + 0.00016 + 613.91972]
[ INFO : 2026-08-06 19:39:03,904 ] - Test_@[5, 10, 20, 50]: Recall=[0.00806, 0.01164, 0.02391, 0.04667],  precision=[0.00161, 0.00116, 0.00120, 0.00093], hit=[0.00806, 0.01164, 0.02391, 0.04667], ndcg=[0.00543, 0.00660, 0.00968, 0.01414], Train Rec Loss=[0.06750], Eval Rec Loss=[0.06820], c=[0.50000], F=[0.78007, 0.83657, 0.88225, 0.93744], F_fuse=[0.00322, 0.00232, 0.00239, 0.00186]
[ INFO : 2026-08-06 19:40:29,865 ] - Epoch 289: train==[102.01086 = 0.34414 + 0.65513 + 9.18123 + 0.00489 + 0.00000 + 0.00016 + 613.91571]
[ INFO : 2026-08-06 19:40:36,761 ] - Test_@[5, 10, 20, 50]: Recall=[0.00806, 0.01253, 0.02365, 0.04744],  precision=[0.00161, 0.00125, 0.00118, 0.00095], hit=[0.00806, 0.01253, 0.02365, 0.04744], ndcg=[0.00546, 0.00690, 0.00968, 0.01432], Train Rec Loss=[0.06745], Eval Rec Loss=[0.06783], c=[0.50000], F=[0.78199, 0.83439, 0.88219, 0.93866], F_fuse=[0.00322, 0.00250, 0.00236, 0.00190]
[ INFO : 2026-08-06 19:42:28,310 ] - Epoch 290: train==[101.96631 = 0.34432 + 0.65400 + 9.13665 + 0.00493 + 0.00000 + 0.00016 + 613.91901]
[ INFO : 2026-08-06 19:42:35,611 ] - Test_@[5, 10, 20, 50]: Recall=[0.00831, 0.01330, 0.02429, 0.04808],  precision=[0.00166, 0.00133, 0.00121, 0.00096], hit=[0.00831, 0.01330, 0.02429, 0.04808], ndcg=[0.00588, 0.00751, 0.01028, 0.01494], Train Rec Loss=[0.06739], Eval Rec Loss=[0.06824], c=[0.50000], F=[0.77269, 0.82546, 0.87428, 0.93471], F_fuse=[0.00332, 0.00266, 0.00243, 0.00192]
[ INFO : 2026-08-06 19:44:26,681 ] - Epoch 291: train==[102.00778 = 0.34332 + 0.65305 + 9.17925 + 0.00489 + 0.00000 + 0.00017 + 613.92213]
[ INFO : 2026-08-06 19:44:33,635 ] - Test_@[5, 10, 20, 50]: Recall=[0.00806, 0.01266, 0.02263, 0.04488],  precision=[0.00161, 0.00127, 0.00113, 0.00090], hit=[0.00806, 0.01266, 0.02263, 0.04488], ndcg=[0.00537, 0.00686, 0.00935, 0.01370], Train Rec Loss=[0.06759], Eval Rec Loss=[0.06878], c=[0.50000], F=[0.78077, 0.83601, 0.88347, 0.93896], F_fuse=[0.00322, 0.00253, 0.00226, 0.00179]
[ INFO : 2026-08-06 19:46:20,851 ] - Epoch 292: train==[101.92919 = 0.34090 + 0.65185 + 9.10447 + 0.00495 + 0.00000 + 0.00016 + 613.91723]
[ INFO : 2026-08-06 19:46:27,779 ] - Test_@[5, 10, 20, 50]: Recall=[0.00780, 0.01279, 0.02391, 0.04910],  precision=[0.00156, 0.00128, 0.00120, 0.00098], hit=[0.00780, 0.01279, 0.02391, 0.04910], ndcg=[0.00554, 0.00713, 0.00991, 0.01487], Train Rec Loss=[0.06783], Eval Rec Loss=[0.06817], c=[0.50000], F=[0.78148, 0.83522, 0.88117, 0.93942], F_fuse=[0.00311, 0.00255, 0.00239, 0.00196]
[ INFO : 2026-08-06 19:48:06,859 ] - Epoch 293: train==[101.97508 = 0.34198 + 0.65096 + 9.14931 + 0.00492 + 0.00000 + 0.00017 + 613.92079]
[ INFO : 2026-08-06 19:48:13,781 ] - Test_@[5, 10, 20, 50]: Recall=[0.00754, 0.01176, 0.02250, 0.04526],  precision=[0.00151, 0.00118, 0.00113, 0.00091], hit=[0.00754, 0.01176, 0.02250, 0.04526], ndcg=[0.00513, 0.00650, 0.00919, 0.01366], Train Rec Loss=[0.06839], Eval Rec Loss=[0.06871], c=[0.50000], F=[0.78765, 0.84024, 0.88449, 0.93792], F_fuse=[0.00301, 0.00235, 0.00225, 0.00181]
[ INFO : 2026-08-06 19:49:56,483 ] - Epoch 294: train==[101.93087 = 0.34430 + 0.64994 + 9.10415 + 0.00496 + 0.00000 + 0.00016 + 613.91556]
[ INFO : 2026-08-06 19:50:03,420 ] - Test_@[5, 10, 20, 50]: Recall=[0.00793, 0.01189, 0.02174, 0.04667],  precision=[0.00159, 0.00119, 0.00109, 0.00093], hit=[0.00793, 0.01189, 0.02174, 0.04667], ndcg=[0.00524, 0.00652, 0.00898, 0.01389], Train Rec Loss=[0.06865], Eval Rec Loss=[0.06855], c=[0.50000], F=[0.78234, 0.83832, 0.88771, 0.93930], F_fuse=[0.00316, 0.00237, 0.00217, 0.00186]
[ INFO : 2026-08-06 19:51:45,280 ] - Epoch 295: train==[101.94475 = 0.33798 + 0.64900 + 9.12430 + 0.00496 + 0.00000 + 0.00016 + 613.91969]
[ INFO : 2026-08-06 19:51:52,252 ] - Test_@[5, 10, 20, 50]: Recall=[0.00767, 0.01330, 0.02404, 0.04629],  precision=[0.00153, 0.00133, 0.00120, 0.00093], hit=[0.00767, 0.01330, 0.02404, 0.04629], ndcg=[0.00550, 0.00731, 0.00999, 0.01434], Train Rec Loss=[0.06847], Eval Rec Loss=[0.06912], c=[0.50000], F=[0.77515, 0.83236, 0.87937, 0.93663], F_fuse=[0.00306, 0.00266, 0.00240, 0.00185]
[ INFO : 2026-08-06 19:53:17,424 ] - Epoch 296: train==[101.90374 = 0.33789 + 0.64791 + 9.08408 + 0.00499 + 0.00000 + 0.00016 + 613.91916]
[ INFO : 2026-08-06 19:53:24,233 ] - Test_@[5, 10, 20, 50]: Recall=[0.00793, 0.01279, 0.02353, 0.04641],  precision=[0.00159, 0.00128, 0.00118, 0.00093], hit=[0.00793, 0.01279, 0.02353, 0.04641], ndcg=[0.00528, 0.00682, 0.00950, 0.01394], Train Rec Loss=[0.06910], Eval Rec Loss=[0.06924], c=[0.50000], F=[0.78531, 0.84045, 0.88709, 0.93857], F_fuse=[0.00316, 0.00255, 0.00235, 0.00185]
[ INFO : 2026-08-06 19:54:49,140 ] - Epoch 297: train==[101.89055 = 0.33765 + 0.64686 + 9.07176 + 0.00498 + 0.00000 + 0.00016 + 613.91921]
[ INFO : 2026-08-06 19:54:55,974 ] - Test_@[5, 10, 20, 50]: Recall=[0.00818, 0.01355, 0.02429, 0.05089],  precision=[0.00164, 0.00136, 0.00121, 0.00102], hit=[0.00818, 0.01355, 0.02429, 0.05089], ndcg=[0.00566, 0.00741, 0.01010, 0.01530], Train Rec Loss=[0.06911], Eval Rec Loss=[0.06988], c=[0.50000], F=[0.76406, 0.82215, 0.87568, 0.93789], F_fuse=[0.00327, 0.00271, 0.00243, 0.00203]
[ INFO : 2026-08-06 19:56:22,314 ] - Epoch 298: train==[101.88301 = 0.33628 + 0.64597 + 9.06513 + 0.00499 + 0.00000 + 0.00017 + 613.92571]
[ INFO : 2026-08-06 19:56:29,160 ] - Test_@[5, 10, 20, 50]: Recall=[0.00754, 0.01202, 0.02212, 0.04488],  precision=[0.00151, 0.00120, 0.00111, 0.00090], hit=[0.00754, 0.01202, 0.02212, 0.04488], ndcg=[0.00515, 0.00659, 0.00913, 0.01357], Train Rec Loss=[0.06898], Eval Rec Loss=[0.06847], c=[0.50000], F=[0.80222, 0.85222, 0.89216, 0.93973], F_fuse=[0.00301, 0.00240, 0.00221, 0.00179]
[ INFO : 2026-08-06 19:57:54,248 ] - Epoch 299: train==[101.88569 = 0.33534 + 0.64487 + 9.07118 + 0.00498 + 0.00000 + 0.00015 + 613.91404]
[ INFO : 2026-08-06 19:58:01,052 ] - Test_@[5, 10, 20, 50]: Recall=[0.00831, 0.01279, 0.02417, 0.04846],  precision=[0.00166, 0.00128, 0.00121, 0.00097], hit=[0.00831, 0.01279, 0.02417, 0.04846], ndcg=[0.00568, 0.00713, 0.00997, 0.01472], Train Rec Loss=[0.06953], Eval Rec Loss=[0.06931], c=[0.50000], F=[0.75751, 0.81766, 0.87344, 0.93633], F_fuse=[0.00332, 0.00255, 0.00241, 0.00194]
[ INFO : 2026-08-06 19:59:25,805 ] - Epoch 300: train==[101.87609 = 0.33807 + 0.64385 + 9.05731 + 0.00500 + 0.00000 + 0.00017 + 613.92808]
[ INFO : 2026-08-06 19:59:32,604 ] - Test_@[5, 10, 20, 50]: Recall=[0.00780, 0.01253, 0.02301, 0.04654],  precision=[0.00156, 0.00125, 0.00115, 0.00093], hit=[0.00780, 0.01253, 0.02301, 0.04654], ndcg=[0.00526, 0.00676, 0.00941, 0.01400], Train Rec Loss=[0.06928], Eval Rec Loss=[0.06956], c=[0.50000], F=[0.78915, 0.84010, 0.88667, 0.93984], F_fuse=[0.00311, 0.00250, 0.00230, 0.00186]
n_users=19805, n_items=10068
n_interactions=66743
n_train=58922, n_test=7821, sparsity=0.00033
Finished Thu Aug  6 07:59:40 PM +07 2026
