Job 73305 on gpu03; gamma_train=0.5; started Fri Jul  3 02:02:54 AM UTC 2026
Fri Jul  3 02:02:54 2026       
+-----------------------------------------------------------------------------------------+
| NVIDIA-SMI 580.82.07              Driver Version: 580.82.07      CUDA Version: 13.0     |
+-----------------------------------------+------------------------+----------------------+
| GPU  Name                 Persistence-M | Bus-Id          Disp.A | Volatile Uncorr. ECC |
| Fan  Temp   Perf          Pwr:Usage/Cap |           Memory-Usage | GPU-Util  Compute M. |
|                                         |                        |               MIG M. |
|=========================================+========================+======================|
|   0  NVIDIA A100-PCIE-40GB          On  |   00000000:13:00.0 Off |                    0 |
| N/A   39C    P0             35W /  250W |       0MiB /  40960MiB |      0%      Default |
|                                         |                        |             Disabled |
+-----------------------------------------+------------------------+----------------------+

+-----------------------------------------------------------------------------------------+
| Processes:                                                                              |
|  GPU   GI   CI              PID   Type   Process name                        GPU Memory |
|        ID   ID                                                               Usage      |
|=========================================================================================|
|  No running processes found                                                             |
+-----------------------------------------------------------------------------------------+
[ INFO : 2026-07-03 02:03:16,240 ] - Preprocess missing values with zero
[ INFO : 2026-07-03 02:03:18,142 ] - Pretrained diffusion model is loaded from: ./checkpoint/tiktok/best_model.pth
[ INFO : 2026-07-03 02:03:20,025 ] - Completed data loaded from: ./checkpoint/tiktok/completed_data.pkl
/media/lhbac29/raid-cf/main.py:105: DeprecationWarning: Please import `csr_matrix` from the `scipy.sparse` namespace; the `scipy.sparse.csr` namespace is deprecated and will be removed in SciPy 2.0.0.
  self.ui_graph = self.ui_graph_raw = pickle.load(open('./data/' + self.dataset + '/train_mat', 'rb'))
[ INFO : 2026-07-03 02:03:20,228 ] - Missing rate = 0.400000, complete strategy: zero
[ INFO : 2026-07-03 02:04:11,879 ] - Epoch 1: train==[47538.03516 = 2.06249 + 0.96880 + 25.24803 + 0.00072 + 0.00000 + 47457.02686 + 883.65203]
[ INFO : 2026-07-03 02:04:17,249 ] - Test_@[5, 10, 20, 50]: Recall=[0.00098, 0.00310, 0.00653, 0.01517],  precision=[0.00020, 0.00031, 0.00033, 0.00030], hit=[0.00098, 0.00310, 0.00653, 0.01517], ndcg=[0.00047, 0.00116, 0.00201, 0.00369], Train Rec Loss=[0.03382], Eval Rec Loss=[0.03373], c=[0.50000], F=[0.93066, 0.92726, 0.98595, 0.88312], F_fuse=[0.00039, 0.00062, 0.00065, 0.00061]
[ INFO : 2026-07-03 02:05:15,562 ] - Epoch 2: train==[21523.68063 = 1.73525 + 0.96021 + 24.46568 + 0.00052 + 0.00000 + 21443.71014 + 884.94450]
[ INFO : 2026-07-03 02:05:20,955 ] - Test_@[5, 10, 20, 50]: Recall=[0.00147, 0.00326, 0.00653, 0.01419],  precision=[0.00029, 0.00033, 0.00033, 0.00028], hit=[0.00147, 0.00326, 0.00653, 0.01419], ndcg=[0.00058, 0.00118, 0.00202, 0.00359], Train Rec Loss=[0.03362], Eval Rec Loss=[0.03361], c=[0.50000], F=[0.71701, 0.95240, 0.98544, 0.90520], F_fuse=[0.00059, 0.00065, 0.00065, 0.00057]
[ INFO : 2026-07-03 02:06:17,451 ] - Epoch 3: train==[9838.24365 = 1.71163 + 0.95916 + 23.61912 + 0.00065 + 0.00000 + 9759.14403 + 884.94450]
[ INFO : 2026-07-03 02:06:22,799 ] - Test_@[5, 10, 20, 50]: Recall=[0.00196, 0.00261, 0.00636, 0.01387],  precision=[0.00039, 0.00026, 0.00032, 0.00028], hit=[0.00196, 0.00261, 0.00636, 0.01387], ndcg=[0.00098, 0.00121, 0.00212, 0.00363], Train Rec Loss=[0.03362], Eval Rec Loss=[0.03363], c=[0.50000], F=[0.89469, 0.94259, 0.92356, 0.94930], F_fuse=[0.00078, 0.00052, 0.00064, 0.00055]
[ INFO : 2026-07-03 02:07:18,387 ] - Epoch 4: train==[4410.04939 = 1.70448 + 0.95910 + 22.59538 + 0.00080 + 0.00000 + 4331.98077 + 884.94450]
[ INFO : 2026-07-03 02:07:23,755 ] - Test_@[5, 10, 20, 50]: Recall=[0.00196, 0.00343, 0.01044, 0.01680],  precision=[0.00039, 0.00034, 0.00052, 0.00034], hit=[0.00196, 0.00343, 0.01044, 0.01680], ndcg=[0.00096, 0.00141, 0.00317, 0.00440], Train Rec Loss=[0.03361], Eval Rec Loss=[0.03358], c=[0.50000], F=[0.87074, 0.83363, 0.80969, 0.92523], F_fuse=[0.00078, 0.00068, 0.00104, 0.00067]
[ INFO : 2026-07-03 02:08:22,166 ] - Epoch 5: train==[1833.83793 = 1.69281 + 0.95910 + 21.41081 + 0.00110 + 0.00000 + 1756.96514 + 884.94450]
[ INFO : 2026-07-03 02:08:27,554 ] - Test_@[5, 10, 20, 50]: Recall=[0.00147, 0.00832, 0.01517, 0.02757],  precision=[0.00029, 0.00083, 0.00076, 0.00055], hit=[0.00147, 0.00832, 0.01517, 0.02757], ndcg=[0.00063, 0.00280, 0.00453, 0.00695], Train Rec Loss=[0.03359], Eval Rec Loss=[0.03352], c=[0.50000], F=[0.67755, 0.78402, 0.77470, 0.92074], F_fuse=[0.00059, 0.00166, 0.00152, 0.00110]
[ INFO : 2026-07-03 02:09:26,027 ] - Epoch 6: train==[688.06232 = 1.68431 + 0.95910 + 20.18805 + 0.00152 + 0.00000 + 612.42038 + 884.94450]
[ INFO : 2026-07-03 02:09:31,368 ] - Test_@[5, 10, 20, 50]: Recall=[0.01093, 0.01990, 0.03018, 0.04584],  precision=[0.00219, 0.00199, 0.00151, 0.00092], hit=[0.01093, 0.01990, 0.03018, 0.04584], ndcg=[0.00539, 0.00825, 0.01089, 0.01394], Train Rec Loss=[0.03357], Eval Rec Loss=[0.03354], c=[0.50000], F=[0.64422, 0.76743, 0.77842, 0.92262], F_fuse=[0.00436, 0.00397, 0.00301, 0.00183]
[ INFO : 2026-07-03 02:10:29,803 ] - Epoch 7: train==[262.99903 = 1.67138 + 0.95910 + 19.13867 + 0.00211 + 0.00000 + 188.41884 + 884.94450]
[ INFO : 2026-07-03 02:10:35,125 ] - Test_@[5, 10, 20, 50]: Recall=[0.02104, 0.03197, 0.04241, 0.06052],  precision=[0.00421, 0.00320, 0.00212, 0.00121], hit=[0.02104, 0.03197, 0.04241, 0.06052], ndcg=[0.01200, 0.01553, 0.01818, 0.02171], Train Rec Loss=[0.03353], Eval Rec Loss=[0.03358], c=[0.50000], F=[0.67552, 0.79581, 0.80840, 0.92434], F_fuse=[0.00837, 0.00637, 0.00423, 0.00242]
[ INFO : 2026-07-03 02:11:35,262 ] - Epoch 8: train==[140.35603 = 1.66206 + 0.95911 + 18.08744 + 0.00282 + 0.00000 + 66.83566 + 884.94450]
[ INFO : 2026-07-03 02:11:40,598 ] - Test_@[5, 10, 20, 50]: Recall=[0.02741, 0.03670, 0.04910, 0.07765],  precision=[0.00548, 0.00367, 0.00246, 0.00155], hit=[0.02741, 0.03670, 0.04910, 0.07765], ndcg=[0.01682, 0.01984, 0.02296, 0.02855], Train Rec Loss=[0.03352], Eval Rec Loss=[0.03352], c=[0.50000], F=[0.71516, 0.81377, 0.84938, 0.93242], F_fuse=[0.01088, 0.00731, 0.00490, 0.00310]
[ INFO : 2026-07-03 02:12:38,951 ] - Epoch 9: train==[106.87313 = 1.65166 + 0.95910 + 17.08743 + 0.00360 + 0.00000 + 34.36240 + 884.94450]
[ INFO : 2026-07-03 02:12:44,302 ] - Test_@[5, 10, 20, 50]: Recall=[0.02920, 0.03915, 0.05237, 0.08940],  precision=[0.00584, 0.00392, 0.00262, 0.00179], hit=[0.02920, 0.03915, 0.05237, 0.08940], ndcg=[0.01921, 0.02243, 0.02581, 0.03313], Train Rec Loss=[0.03349], Eval Rec Loss=[0.03348], c=[0.50000], F=[0.73927, 0.83278, 0.87628, 0.94037], F_fuse=[0.01159, 0.00779, 0.00522, 0.00357]
[ INFO : 2026-07-03 02:13:43,375 ] - Epoch 10: train==[95.04358 = 1.64462 + 0.95910 + 16.25007 + 0.00453 + 0.00000 + 23.37632 + 884.94450]
[ INFO : 2026-07-03 02:13:48,686 ] - Test_@[5, 10, 20, 50]: Recall=[0.02969, 0.04095, 0.05546, 0.09625],  precision=[0.00594, 0.00409, 0.00277, 0.00192], hit=[0.02969, 0.04095, 0.05546, 0.09625], ndcg=[0.02024, 0.02386, 0.02753, 0.03559], Train Rec Loss=[0.03348], Eval Rec Loss=[0.03346], c=[0.50000], F=[0.74665, 0.84329, 0.89072, 0.94612], F_fuse=[0.01178, 0.00815, 0.00553, 0.00384]
[ INFO : 2026-07-03 02:14:47,304 ] - Epoch 11: train==[88.67455 = 1.63108 + 0.95910 + 15.48533 + 0.00542 + 0.00000 + 17.78467 + 884.94450]
[ INFO : 2026-07-03 02:14:52,675 ] - Test_@[5, 10, 20, 50]: Recall=[0.03100, 0.04160, 0.05840, 0.10000],  precision=[0.00620, 0.00416, 0.00292, 0.00200], hit=[0.03100, 0.04160, 0.05840, 0.10000], ndcg=[0.02115, 0.02455, 0.02878, 0.03699], Train Rec Loss=[0.03348], Eval Rec Loss=[0.03339], c=[0.50000], F=[0.75254, 0.85052, 0.89938, 0.94903], F_fuse=[0.01230, 0.00828, 0.00582, 0.00399]
[ INFO : 2026-07-03 02:15:50,968 ] - Epoch 12: train==[84.46264 = 1.62586 + 0.95910 + 14.80232 + 0.00641 + 0.00000 + 14.26000 + 884.94450]
[ INFO : 2026-07-03 02:15:56,309 ] - Test_@[5, 10, 20, 50]: Recall=[0.03132, 0.04192, 0.06052, 0.10310],  precision=[0.00626, 0.00419, 0.00303, 0.00206], hit=[0.03132, 0.04192, 0.06052, 0.10310], ndcg=[0.02160, 0.02501, 0.02970, 0.03813], Train Rec Loss=[0.03347], Eval Rec Loss=[0.03340], c=[0.50000], F=[0.75610, 0.85587, 0.90672, 0.95618], F_fuse=[0.01243, 0.00834, 0.00603, 0.00412]
[ INFO : 2026-07-03 02:16:54,657 ] - Epoch 13: train==[81.48300 = 1.61064 + 0.95911 + 14.33404 + 0.00737 + 0.00000 + 11.76290 + 884.94450]
[ INFO : 2026-07-03 02:17:00,060 ] - Test_@[5, 10, 20, 50]: Recall=[0.03067, 0.04046, 0.06232, 0.10392],  precision=[0.00613, 0.00405, 0.00312, 0.00208], hit=[0.03067, 0.04046, 0.06232, 0.10392], ndcg=[0.02116, 0.02432, 0.02983, 0.03803], Train Rec Loss=[0.03341], Eval Rec Loss=[0.03335], c=[0.50000], F=[0.75406, 0.86023, 0.91111, 0.96200], F_fuse=[0.01217, 0.00805, 0.00621, 0.00415]
[ INFO : 2026-07-03 02:17:58,324 ] - Epoch 14: train==[79.03161 = 1.59891 + 0.95911 + 13.72290 + 0.00818 + 0.00000 + 9.93357 + 884.94450]
[ INFO : 2026-07-03 02:18:03,719 ] - Test_@[5, 10, 20, 50]: Recall=[0.03132, 0.04176, 0.06427, 0.10783],  precision=[0.00626, 0.00418, 0.00321, 0.00216], hit=[0.03132, 0.04176, 0.06427, 0.10783], ndcg=[0.02206, 0.02546, 0.03116, 0.03971], Train Rec Loss=[0.03340], Eval Rec Loss=[0.03337], c=[0.50000], F=[0.75583, 0.86672, 0.91658, 0.96726], F_fuse=[0.01243, 0.00831, 0.00640, 0.00430]
[ INFO : 2026-07-03 02:19:06,742 ] - Epoch 15: train==[77.11409 = 1.59240 + 0.95910 + 13.23903 + 0.00891 + 0.00000 + 8.50572 + 884.94450]
[ INFO : 2026-07-03 02:19:12,118 ] - Test_@[5, 10, 20, 50]: Recall=[0.03246, 0.04323, 0.06656, 0.10995],  precision=[0.00649, 0.00432, 0.00333, 0.00220], hit=[0.03246, 0.04323, 0.06656, 0.10995], ndcg=[0.02301, 0.02647, 0.03232, 0.04083], Train Rec Loss=[0.03337], Eval Rec Loss=[0.03337], c=[0.50000], F=[0.75945, 0.87252, 0.92037, 0.97038], F_fuse=[0.01288, 0.00860, 0.00663, 0.00439]
[ INFO : 2026-07-03 02:20:17,738 ] - Epoch 16: train==[75.47602 = 1.57951 + 0.95911 + 12.74325 + 0.00984 + 0.00000 + 7.37537 + 884.94450]
[ INFO : 2026-07-03 02:20:23,084 ] - Test_@[5, 10, 20, 50]: Recall=[0.03295, 0.04323, 0.06688, 0.11175],  precision=[0.00659, 0.00432, 0.00334, 0.00223], hit=[0.03295, 0.04323, 0.06688, 0.11175], ndcg=[0.02328, 0.02659, 0.03256, 0.04136], Train Rec Loss=[0.03335], Eval Rec Loss=[0.03332], c=[0.50000], F=[0.76695, 0.87687, 0.92216, 0.97091], F_fuse=[0.01307, 0.00860, 0.00666, 0.00446]
[ INFO : 2026-07-03 02:21:21,527 ] - Epoch 17: train==[74.23282 = 1.56830 + 0.95911 + 12.42121 + 0.01064 + 0.00000 + 6.46462 + 884.94450]
[ INFO : 2026-07-03 02:21:26,890 ] - Test_@[5, 10, 20, 50]: Recall=[0.03491, 0.04551, 0.06868, 0.11697],  precision=[0.00698, 0.00455, 0.00343, 0.00234], hit=[0.03491, 0.04551, 0.06868, 0.11697], ndcg=[0.02479, 0.02815, 0.03404, 0.04354], Train Rec Loss=[0.03332], Eval Rec Loss=[0.03329], c=[0.50000], F=[0.76680, 0.88232, 0.92688, 0.97022], F_fuse=[0.01384, 0.00906, 0.00684, 0.00467]
[ INFO : 2026-07-03 02:22:25,263 ] - Epoch 18: train==[73.13984 = 1.56028 + 0.95911 + 12.08380 + 0.01125 + 0.00000 + 5.71646 + 884.94450]
[ INFO : 2026-07-03 02:22:30,622 ] - Test_@[5, 10, 20, 50]: Recall=[0.03393, 0.04486, 0.06819, 0.11582],  precision=[0.00679, 0.00449, 0.00341, 0.00232], hit=[0.03393, 0.04486, 0.06819, 0.11582], ndcg=[0.02406, 0.02754, 0.03346, 0.04285], Train Rec Loss=[0.03335], Eval Rec Loss=[0.03330], c=[0.50000], F=[0.77268, 0.88338, 0.92746, 0.96927], F_fuse=[0.01345, 0.00893, 0.00679, 0.00462]
[ INFO : 2026-07-03 02:23:28,303 ] - Epoch 19: train==[72.26618 = 1.54605 + 0.95911 + 11.84822 + 0.01180 + 0.00000 + 5.09207 + 884.94450]
[ INFO : 2026-07-03 02:23:33,710 ] - Test_@[5, 10, 20, 50]: Recall=[0.03344, 0.04486, 0.06803, 0.11615],  precision=[0.00669, 0.00449, 0.00340, 0.00232], hit=[0.03344, 0.04486, 0.06803, 0.11615], ndcg=[0.02404, 0.02770, 0.03357, 0.04308], Train Rec Loss=[0.03331], Eval Rec Loss=[0.03328], c=[0.50000], F=[0.77717, 0.88525, 0.93023, 0.96934], F_fuse=[0.01326, 0.00893, 0.00678, 0.00463]
[ INFO : 2026-07-03 02:24:29,171 ] - Epoch 20: train==[71.38634 = 1.53468 + 0.95911 + 11.50264 + 0.01213 + 0.00000 + 4.56884 + 884.94450]
[ INFO : 2026-07-03 02:24:34,498 ] - Test_@[5, 10, 20, 50]: Recall=[0.03279, 0.04372, 0.06688, 0.11501],  precision=[0.00656, 0.00437, 0.00334, 0.00230], hit=[0.03279, 0.04372, 0.06688, 0.11501], ndcg=[0.02330, 0.02682, 0.03270, 0.04221], Train Rec Loss=[0.03330], Eval Rec Loss=[0.03327], c=[0.50000], F=[0.78368, 0.88686, 0.93345, 0.96973], F_fuse=[0.01301, 0.00870, 0.00666, 0.00459]
[ INFO : 2026-07-03 02:25:30,056 ] - Epoch 21: train==[70.67666 = 1.52596 + 0.95911 + 11.24878 + 0.01256 + 0.00000 + 4.12131 + 884.94450]
[ INFO : 2026-07-03 02:25:35,402 ] - Test_@[5, 10, 20, 50]: Recall=[0.03393, 0.04584, 0.06868, 0.11892],  precision=[0.00679, 0.00458, 0.00343, 0.00238], hit=[0.03393, 0.04584, 0.06868, 0.11892], ndcg=[0.02415, 0.02793, 0.03372, 0.04363], Train Rec Loss=[0.03329], Eval Rec Loss=[0.03326], c=[0.50000], F=[0.78244, 0.89181, 0.93964, 0.97008], F_fuse=[0.01346, 0.00912, 0.00684, 0.00475]
[ INFO : 2026-07-03 02:26:30,913 ] - Epoch 22: train==[70.22227 = 1.51731 + 0.95911 + 11.17520 + 0.01280 + 0.00000 + 3.74892 + 884.94450]
[ INFO : 2026-07-03 02:26:36,268 ] - Test_@[5, 10, 20, 50]: Recall=[0.03458, 0.04715, 0.06949, 0.12137],  precision=[0.00692, 0.00471, 0.00347, 0.00243], hit=[0.03458, 0.04715, 0.06949, 0.12137], ndcg=[0.02495, 0.02891, 0.03459, 0.04483], Train Rec Loss=[0.03326], Eval Rec Loss=[0.03326], c=[0.50000], F=[0.78016, 0.89512, 0.94269, 0.97026], F_fuse=[0.01371, 0.00938, 0.00692, 0.00484]
[ INFO : 2026-07-03 02:27:34,824 ] - Epoch 23: train==[69.49626 = 1.50499 + 0.95911 + 10.78786 + 0.01291 + 0.00000 + 3.42246 + 884.94450]
[ INFO : 2026-07-03 02:27:40,184 ] - Test_@[5, 10, 20, 50]: Recall=[0.03426, 0.04617, 0.06884, 0.12055],  precision=[0.00685, 0.00462, 0.00344, 0.00241], hit=[0.03426, 0.04617, 0.06884, 0.12055], ndcg=[0.02434, 0.02812, 0.03389, 0.04408], Train Rec Loss=[0.03327], Eval Rec Loss=[0.03325], c=[0.50000], F=[0.78214, 0.89636, 0.94387, 0.96982], F_fuse=[0.01358, 0.00919, 0.00686, 0.00481]
[ INFO : 2026-07-03 02:28:38,234 ] - Epoch 24: train==[68.99978 = 1.49261 + 0.95911 + 10.58363 + 0.01305 + 0.00000 + 3.14244 + 884.94450]
[ INFO : 2026-07-03 02:28:43,571 ] - Test_@[5, 10, 20, 50]: Recall=[0.03573, 0.04861, 0.07096, 0.12300],  precision=[0.00715, 0.00486, 0.00355, 0.00246], hit=[0.03573, 0.04861, 0.07096, 0.12300], ndcg=[0.02570, 0.02976, 0.03538, 0.04565], Train Rec Loss=[0.03323], Eval Rec Loss=[0.03319], c=[0.50000], F=[0.78093, 0.89985, 0.94653, 0.96977], F_fuse=[0.01416, 0.00967, 0.00707, 0.00491]
[ INFO : 2026-07-03 02:29:42,169 ] - Epoch 25: train==[68.43002 = 1.48332 + 0.95911 + 10.27084 + 0.01328 + 0.00000 + 2.89454 + 884.94450]
[ INFO : 2026-07-03 02:29:47,504 ] - Test_@[5, 10, 20, 50]: Recall=[0.03442, 0.04551, 0.06868, 0.12104],  precision=[0.00688, 0.00455, 0.00343, 0.00242], hit=[0.03442, 0.04551, 0.06868, 0.12104], ndcg=[0.02429, 0.02782, 0.03370, 0.04401], Train Rec Loss=[0.03326], Eval Rec Loss=[0.03319], c=[0.50000], F=[0.78310, 0.90132, 0.94806, 0.96986], F_fuse=[0.01365, 0.00906, 0.00684, 0.00483]
[ INFO : 2026-07-03 02:30:43,137 ] - Epoch 26: train==[68.11180 = 1.47507 + 0.95911 + 10.18150 + 0.01346 + 0.00000 + 2.67372 + 884.94450]
[ INFO : 2026-07-03 02:30:48,525 ] - Test_@[5, 10, 20, 50]: Recall=[0.03556, 0.04894, 0.07162, 0.12414],  precision=[0.00711, 0.00489, 0.00358, 0.00248], hit=[0.03556, 0.04894, 0.07162, 0.12414], ndcg=[0.02571, 0.02995, 0.03567, 0.04604], Train Rec Loss=[0.03321], Eval Rec Loss=[0.03317], c=[0.50000], F=[0.77988, 0.90387, 0.94884, 0.96977], F_fuse=[0.01410, 0.00974, 0.00713, 0.00495]
[ INFO : 2026-07-03 02:31:54,257 ] - Epoch 27: train==[67.79737 = 1.46181 + 0.95911 + 10.07046 + 0.01356 + 0.00000 + 2.48349 + 884.94450]
[ INFO : 2026-07-03 02:31:59,631 ] - Test_@[5, 10, 20, 50]: Recall=[0.03524, 0.04747, 0.07031, 0.12365],  precision=[0.00705, 0.00475, 0.00352, 0.00247], hit=[0.03524, 0.04747, 0.07031, 0.12365], ndcg=[0.02519, 0.02909, 0.03486, 0.04537], Train Rec Loss=[0.03315], Eval Rec Loss=[0.03315], c=[0.50000], F=[0.78105, 0.90456, 0.94845, 0.96967], F_fuse=[0.01397, 0.00944, 0.00701, 0.00493]
[ INFO : 2026-07-03 02:32:55,244 ] - Epoch 28: train==[67.31860 = 1.45504 + 0.95911 + 9.76571 + 0.01363 + 0.00000 + 2.31616 + 884.94450]
[ INFO : 2026-07-03 02:33:00,619 ] - Test_@[5, 10, 20, 50]: Recall=[0.03605, 0.05008, 0.07194, 0.12594],  precision=[0.00721, 0.00501, 0.00360, 0.00252], hit=[0.03605, 0.05008, 0.07194, 0.12594], ndcg=[0.02605, 0.03049, 0.03598, 0.04663], Train Rec Loss=[0.03316], Eval Rec Loss=[0.03315], c=[0.50000], F=[0.77709, 0.90743, 0.94818, 0.96981], F_fuse=[0.01429, 0.00996, 0.00717, 0.00502]
[ INFO : 2026-07-03 02:34:00,417 ] - Epoch 29: train==[67.06195 = 1.44215 + 0.95911 + 9.66959 + 0.01377 + 0.00000 + 2.16840 + 884.94450]
[ INFO : 2026-07-03 02:34:05,829 ] - Test_@[5, 10, 20, 50]: Recall=[0.03556, 0.04763, 0.06966, 0.12496],  precision=[0.00711, 0.00476, 0.00348, 0.00250], hit=[0.03556, 0.04763, 0.06966, 0.12496], ndcg=[0.02528, 0.02912, 0.03469, 0.04557], Train Rec Loss=[0.03319], Eval Rec Loss=[0.03311], c=[0.50000], F=[0.77911, 0.90615, 0.94780, 0.97068], F_fuse=[0.01410, 0.00948, 0.00694, 0.00499]
[ INFO : 2026-07-03 02:35:01,384 ] - Epoch 30: train==[66.84107 = 1.43406 + 0.95911 + 9.59565 + 0.01370 + 0.00000 + 2.02961 + 884.94450]
[ INFO : 2026-07-03 02:35:06,743 ] - Test_@[5, 10, 20, 50]: Recall=[0.03573, 0.04747, 0.06884, 0.12365],  precision=[0.00715, 0.00475, 0.00344, 0.00247], hit=[0.03573, 0.04747, 0.06884, 0.12365], ndcg=[0.02522, 0.02892, 0.03434, 0.04516], Train Rec Loss=[0.03313], Eval Rec Loss=[0.03313], c=[0.50000], F=[0.78002, 0.90736, 0.94787, 0.97081], F_fuse=[0.01416, 0.00944, 0.00686, 0.00493]
[ INFO : 2026-07-03 02:36:02,502 ] - Epoch 31: train==[66.50450 = 1.42015 + 0.95911 + 9.39766 + 0.01358 + 0.00000 + 1.90507 + 884.94450]
[ INFO : 2026-07-03 02:36:07,812 ] - Test_@[5, 10, 20, 50]: Recall=[0.03605, 0.05057, 0.07194, 0.12610],  precision=[0.00721, 0.00506, 0.00360, 0.00252], hit=[0.03605, 0.05057, 0.07194, 0.12610], ndcg=[0.02615, 0.03076, 0.03612, 0.04679], Train Rec Loss=[0.03314], Eval Rec Loss=[0.03311], c=[0.50000], F=[0.77467, 0.91190, 0.94892, 0.97025], F_fuse=[0.01429, 0.01006, 0.00717, 0.00503]
[ INFO : 2026-07-03 02:37:03,503 ] - Epoch 32: train==[66.09667 = 1.41206 + 0.95911 + 9.11046 + 0.01350 + 0.00000 + 1.79260 + 884.94450]
[ INFO : 2026-07-03 02:37:08,891 ] - Test_@[5, 10, 20, 50]: Recall=[0.03573, 0.04959, 0.06966, 0.12463],  precision=[0.00715, 0.00496, 0.00348, 0.00249], hit=[0.03573, 0.04959, 0.06966, 0.12463], ndcg=[0.02601, 0.03042, 0.03550, 0.04637], Train Rec Loss=[0.03311], Eval Rec Loss=[0.03309], c=[0.50000], F=[0.77632, 0.91138, 0.94883, 0.97013], F_fuse=[0.01416, 0.00986, 0.00694, 0.00497]
[ INFO : 2026-07-03 02:38:04,529 ] - Epoch 33: train==[65.86716 = 1.40060 + 0.95912 + 8.98863 + 0.01364 + 0.00000 + 1.69624 + 884.94450]
[ INFO : 2026-07-03 02:38:09,927 ] - Test_@[5, 10, 20, 50]: Recall=[0.03605, 0.04943, 0.07015, 0.12480],  precision=[0.00721, 0.00494, 0.00351, 0.00250], hit=[0.03605, 0.04943, 0.07015, 0.12480], ndcg=[0.02611, 0.03037, 0.03560, 0.04641], Train Rec Loss=[0.03309], Eval Rec Loss=[0.03304], c=[0.50000], F=[0.77499, 0.91259, 0.94840, 0.96965], F_fuse=[0.01429, 0.00983, 0.00699, 0.00498]
[ INFO : 2026-07-03 02:39:10,140 ] - Epoch 34: train==[65.68259 = 1.39210 + 0.95911 + 8.90870 + 0.01377 + 0.00000 + 1.59998 + 884.94450]
[ INFO : 2026-07-03 02:39:15,480 ] - Test_@[5, 10, 20, 50]: Recall=[0.03605, 0.04861, 0.06949, 0.12431],  precision=[0.00721, 0.00486, 0.00347, 0.00249], hit=[0.03605, 0.04861, 0.06949, 0.12431], ndcg=[0.02636, 0.03036, 0.03565, 0.04648], Train Rec Loss=[0.03310], Eval Rec Loss=[0.03305], c=[0.50000], F=[0.77451, 0.91291, 0.94887, 0.96964], F_fuse=[0.01429, 0.00967, 0.00692, 0.00496]
[ INFO : 2026-07-03 02:40:11,398 ] - Epoch 35: train==[65.44544 = 1.38287 + 0.95911 + 8.76112 + 0.01383 + 0.00000 + 1.51958 + 884.94450]
[ INFO : 2026-07-03 02:40:16,728 ] - Test_@[5, 10, 20, 50]: Recall=[0.03605, 0.04910, 0.06998, 0.12447],  precision=[0.00721, 0.00491, 0.00350, 0.00249], hit=[0.03605, 0.04910, 0.06998, 0.12447], ndcg=[0.02652, 0.03067, 0.03594, 0.04672], Train Rec Loss=[0.03306], Eval Rec Loss=[0.03308], c=[0.50000], F=[0.77189, 0.91377, 0.94956, 0.96954], F_fuse=[0.01429, 0.00977, 0.00697, 0.00497]
[ INFO : 2026-07-03 02:41:12,674 ] - Epoch 36: train==[65.28976 = 1.37580 + 0.95911 + 8.69124 + 0.01380 + 0.00000 + 1.44087 + 884.94450]
[ INFO : 2026-07-03 02:41:18,031 ] - Test_@[5, 10, 20, 50]: Recall=[0.03622, 0.04861, 0.07031, 0.12382],  precision=[0.00724, 0.00486, 0.00352, 0.00248], hit=[0.03622, 0.04861, 0.07031, 0.12382], ndcg=[0.02640, 0.03036, 0.03586, 0.04643], Train Rec Loss=[0.03305], Eval Rec Loss=[0.03306], c=[0.50000], F=[0.77212, 0.91426, 0.94949, 0.96956], F_fuse=[0.01435, 0.00967, 0.00701, 0.00494]
[ INFO : 2026-07-03 02:42:14,244 ] - Epoch 37: train==[65.00601 = 1.37006 + 0.95911 + 8.48425 + 0.01388 + 0.00000 + 1.36977 + 884.94450]
[ INFO : 2026-07-03 02:42:19,567 ] - Test_@[5, 10, 20, 50]: Recall=[0.03752, 0.05073, 0.07276, 0.12545],  precision=[0.00750, 0.00507, 0.00364, 0.00251], hit=[0.03752, 0.05073, 0.07276, 0.12545], ndcg=[0.02702, 0.03118, 0.03670, 0.04709], Train Rec Loss=[0.03304], Eval Rec Loss=[0.03302], c=[0.50000], F=[0.76810, 0.91476, 0.94982, 0.96901], F_fuse=[0.01486, 0.01009, 0.00725, 0.00500]
[ INFO : 2026-07-03 02:43:17,822 ] - Epoch 38: train==[64.90670 = 1.35354 + 0.95913 + 8.46447 + 0.01379 + 0.00000 + 1.30685 + 884.94450]
[ INFO : 2026-07-03 02:43:23,158 ] - Test_@[5, 10, 20, 50]: Recall=[0.03785, 0.05106, 0.07325, 0.12708],  precision=[0.00757, 0.00511, 0.00366, 0.00254], hit=[0.03785, 0.05106, 0.07325, 0.12708], ndcg=[0.02725, 0.03141, 0.03698, 0.04758], Train Rec Loss=[0.03304], Eval Rec Loss=[0.03300], c=[0.50000], F=[0.76626, 0.91560, 0.94927, 0.96976], F_fuse=[0.01499, 0.01016, 0.00730, 0.00507]
[ INFO : 2026-07-03 02:44:47,856 ] - Epoch 39: train==[64.73144 = 1.34334 + 0.95912 + 8.36413 + 0.01375 + 0.00000 + 1.24217 + 884.94450]
[ INFO : 2026-07-03 02:44:53,202 ] - Test_@[5, 10, 20, 50]: Recall=[0.03785, 0.05057, 0.07276, 0.12610],  precision=[0.00757, 0.00506, 0.00364, 0.00252], hit=[0.03785, 0.05057, 0.07276, 0.12610], ndcg=[0.02711, 0.03111, 0.03670, 0.04721], Train Rec Loss=[0.03300], Eval Rec Loss=[0.03299], c=[0.50000], F=[0.76672, 0.91533, 0.94904, 0.96992], F_fuse=[0.01499, 0.01006, 0.00725, 0.00503]
[ INFO : 2026-07-03 02:45:59,316 ] - Epoch 40: train==[64.44523 = 1.33669 + 0.95911 + 8.13634 + 0.01358 + 0.00000 + 1.19057 + 884.94450]
[ INFO : 2026-07-03 02:46:04,704 ] - Test_@[5, 10, 20, 50]: Recall=[0.03719, 0.04861, 0.07096, 0.12480],  precision=[0.00744, 0.00486, 0.00355, 0.00250], hit=[0.03719, 0.04861, 0.07096, 0.12480], ndcg=[0.02668, 0.03033, 0.03600, 0.04663], Train Rec Loss=[0.03299], Eval Rec Loss=[0.03296], c=[0.50000], F=[0.77017, 0.91504, 0.94882, 0.97082], F_fuse=[0.01474, 0.00967, 0.00707, 0.00498]
[ INFO : 2026-07-03 02:47:27,884 ] - Epoch 41: train==[64.37104 = 1.32932 + 0.95911 + 8.13114 + 0.01361 + 0.00000 + 1.12891 + 884.94450]
[ INFO : 2026-07-03 02:47:33,248 ] - Test_@[5, 10, 20, 50]: Recall=[0.03785, 0.05106, 0.07276, 0.12757],  precision=[0.00757, 0.00511, 0.00364, 0.00255], hit=[0.03785, 0.05106, 0.07276, 0.12757], ndcg=[0.02734, 0.03148, 0.03695, 0.04774], Train Rec Loss=[0.03299], Eval Rec Loss=[0.03294], c=[0.50000], F=[0.76720, 0.91603, 0.94914, 0.97061], F_fuse=[0.01499, 0.01016, 0.00725, 0.00509]
[ INFO : 2026-07-03 02:48:39,285 ] - Epoch 42: train==[64.20888 = 1.32174 + 0.95913 + 8.02833 + 0.01372 + 0.00000 + 1.07703 + 884.94450]
[ INFO : 2026-07-03 02:48:44,659 ] - Test_@[5, 10, 20, 50]: Recall=[0.03801, 0.05073, 0.07308, 0.12610],  precision=[0.00760, 0.00507, 0.00365, 0.00252], hit=[0.03801, 0.05073, 0.07308, 0.12610], ndcg=[0.02719, 0.03119, 0.03682, 0.04726], Train Rec Loss=[0.03298], Eval Rec Loss=[0.03298], c=[0.50000], F=[0.76911, 0.91483, 0.94985, 0.97044], F_fuse=[0.01506, 0.01009, 0.00728, 0.00503]
[ INFO : 2026-07-03 02:49:50,461 ] - Epoch 43: train==[64.00774 = 1.30857 + 0.95913 + 7.88760 + 0.01366 + 0.00000 + 1.02985 + 884.94450]
[ INFO : 2026-07-03 02:49:55,855 ] - Test_@[5, 10, 20, 50]: Recall=[0.03834, 0.05171, 0.07390, 0.12920],  precision=[0.00767, 0.00517, 0.00369, 0.00258], hit=[0.03834, 0.05171, 0.07390, 0.12920], ndcg=[0.02775, 0.03198, 0.03757, 0.04845], Train Rec Loss=[0.03296], Eval Rec Loss=[0.03295], c=[0.50000], F=[0.76450, 0.91499, 0.95012, 0.97100], F_fuse=[0.01518, 0.01028, 0.00736, 0.00515]
[ INFO : 2026-07-03 02:51:07,960 ] - Epoch 44: train==[63.90552 = 1.29997 + 0.95911 + 7.84046 + 0.01353 + 0.00000 + 0.98351 + 884.94450]
[ INFO : 2026-07-03 02:51:13,320 ] - Test_@[5, 10, 20, 50]: Recall=[0.03801, 0.05139, 0.07390, 0.12757],  precision=[0.00760, 0.00514, 0.00369, 0.00255], hit=[0.03801, 0.05139, 0.07390, 0.12757], ndcg=[0.02728, 0.03150, 0.03715, 0.04769], Train Rec Loss=[0.03295], Eval Rec Loss=[0.03291], c=[0.50000], F=[0.76610, 0.91457, 0.94995, 0.97048], F_fuse=[0.01505, 0.01022, 0.00736, 0.00509]
[ INFO : 2026-07-03 02:52:22,683 ] - Epoch 45: train==[63.82556 = 1.29340 + 0.95913 + 7.81100 + 0.01335 + 0.00000 + 0.93975 + 884.94450]
[ INFO : 2026-07-03 02:52:28,016 ] - Test_@[5, 10, 20, 50]: Recall=[0.03817, 0.05188, 0.07374, 0.12871],  precision=[0.00763, 0.00519, 0.00369, 0.00257], hit=[0.03817, 0.05188, 0.07374, 0.12871], ndcg=[0.02776, 0.03207, 0.03757, 0.04839], Train Rec Loss=[0.03294], Eval Rec Loss=[0.03292], c=[0.50000], F=[0.76333, 0.91314, 0.95046, 0.97116], F_fuse=[0.01512, 0.01032, 0.00735, 0.00513]
[ INFO : 2026-07-03 02:53:33,659 ] - Epoch 46: train==[63.56506 = 1.28073 + 0.95912 + 7.60298 + 0.01336 + 0.00000 + 0.89993 + 884.94450]
[ INFO : 2026-07-03 02:53:39,039 ] - Test_@[5, 10, 20, 50]: Recall=[0.03834, 0.05122, 0.07406, 0.12626],  precision=[0.00767, 0.00512, 0.00370, 0.00253], hit=[0.03834, 0.05122, 0.07406, 0.12626], ndcg=[0.02754, 0.03157, 0.03731, 0.04757], Train Rec Loss=[0.03292], Eval Rec Loss=[0.03290], c=[0.50000], F=[0.76776, 0.91323, 0.95081, 0.97028], F_fuse=[0.01518, 0.01019, 0.00738, 0.00504]
[ INFO : 2026-07-03 02:54:41,313 ] - Epoch 47: train==[63.52219 = 1.27529 + 0.95912 + 7.60092 + 0.01331 + 0.00000 + 0.86461 + 884.94450]
[ INFO : 2026-07-03 02:54:46,677 ] - Test_@[5, 10, 20, 50]: Recall=[0.03801, 0.05122, 0.07439, 0.12659],  precision=[0.00760, 0.00512, 0.00372, 0.00253], hit=[0.03801, 0.05122, 0.07439, 0.12659], ndcg=[0.02739, 0.03155, 0.03736, 0.04762], Train Rec Loss=[0.03289], Eval Rec Loss=[0.03289], c=[0.50000], F=[0.76811, 0.91374, 0.95057, 0.97101], F_fuse=[0.01505, 0.01019, 0.00741, 0.00505]
[ INFO : 2026-07-03 02:55:46,085 ] - Epoch 48: train==[63.30404 = 1.26888 + 0.95912 + 7.42761 + 0.01331 + 0.00000 + 0.82618 + 884.94450]
[ INFO : 2026-07-03 02:55:51,450 ] - Test_@[5, 10, 20, 50]: Recall=[0.03801, 0.05139, 0.07439, 0.12741],  precision=[0.00760, 0.00514, 0.00372, 0.00255], hit=[0.03801, 0.05139, 0.07439, 0.12741], ndcg=[0.02787, 0.03209, 0.03787, 0.04829], Train Rec Loss=[0.03292], Eval Rec Loss=[0.03287], c=[0.50000], F=[0.76697, 0.91226, 0.95053, 0.97116], F_fuse=[0.01505, 0.01022, 0.00741, 0.00508]
[ INFO : 2026-07-03 02:56:47,785 ] - Epoch 49: train==[63.18581 = 1.25837 + 0.95913 + 7.34685 + 0.01338 + 0.00000 + 0.79914 + 884.94450]
[ INFO : 2026-07-03 02:56:53,137 ] - Test_@[5, 10, 20, 50]: Recall=[0.03801, 0.05008, 0.07357, 0.12757],  precision=[0.00760, 0.00501, 0.00368, 0.00255], hit=[0.03801, 0.05008, 0.07357, 0.12757], ndcg=[0.02753, 0.03137, 0.03731, 0.04792], Train Rec Loss=[0.03290], Eval Rec Loss=[0.03288], c=[0.50000], F=[0.77045, 0.91185, 0.95035, 0.97094], F_fuse=[0.01506, 0.00996, 0.00733, 0.00509]
[ INFO : 2026-07-03 02:57:49,402 ] - Epoch 50: train==[63.11790 = 1.25090 + 0.95912 + 7.31815 + 0.01330 + 0.00000 + 0.76750 + 884.94450]
[ INFO : 2026-07-03 02:57:54,774 ] - Test_@[5, 10, 20, 50]: Recall=[0.03834, 0.05155, 0.07406, 0.12822],  precision=[0.00767, 0.00515, 0.00370, 0.00256], hit=[0.03834, 0.05155, 0.07406, 0.12822], ndcg=[0.02837, 0.03256, 0.03825, 0.04891], Train Rec Loss=[0.03288], Eval Rec Loss=[0.03282], c=[0.50000], F=[0.76847, 0.91213, 0.95003, 0.97141], F_fuse=[0.01518, 0.01025, 0.00738, 0.00512]
[ INFO : 2026-07-03 02:58:51,142 ] - Epoch 51: train==[62.93331 = 1.24483 + 0.95912 + 7.17072 + 0.01328 + 0.00000 + 0.73643 + 884.94450]
[ INFO : 2026-07-03 02:58:56,511 ] - Test_@[5, 10, 20, 50]: Recall=[0.03801, 0.05024, 0.07406, 0.12708],  precision=[0.00760, 0.00502, 0.00370, 0.00254], hit=[0.03801, 0.05024, 0.07406, 0.12708], ndcg=[0.02805, 0.03192, 0.03794, 0.04835], Train Rec Loss=[0.03287], Eval Rec Loss=[0.03286], c=[0.50000], F=[0.77277, 0.91212, 0.94998, 0.97099], F_fuse=[0.01506, 0.00999, 0.00738, 0.00507]
[ INFO : 2026-07-03 02:59:53,340 ] - Epoch 52: train==[62.92004 = 1.23641 + 0.95912 + 7.19682 + 0.01317 + 0.00000 + 0.70558 + 884.94450]
[ INFO : 2026-07-03 02:59:58,669 ] - Test_@[5, 10, 20, 50]: Recall=[0.03801, 0.05090, 0.07390, 0.12822],  precision=[0.00760, 0.00509, 0.00369, 0.00256], hit=[0.03801, 0.05090, 0.07390, 0.12822], ndcg=[0.02813, 0.03220, 0.03802, 0.04868], Train Rec Loss=[0.03286], Eval Rec Loss=[0.03285], c=[0.50000], F=[0.77666, 0.91215, 0.95169, 0.97144], F_fuse=[0.01506, 0.01012, 0.00736, 0.00512]
[ INFO : 2026-07-03 03:00:55,037 ] - Epoch 53: train==[62.79228 = 1.23455 + 0.95911 + 7.09957 + 0.01309 + 0.00000 + 0.67702 + 884.94450]
[ INFO : 2026-07-03 03:01:00,381 ] - Test_@[5, 10, 20, 50]: Recall=[0.03736, 0.05090, 0.07390, 0.12708],  precision=[0.00747, 0.00509, 0.00369, 0.00254], hit=[0.03736, 0.05090, 0.07390, 0.12708], ndcg=[0.02775, 0.03204, 0.03785, 0.04830], Train Rec Loss=[0.03286], Eval Rec Loss=[0.03281], c=[0.50000], F=[0.77498, 0.91159, 0.95179, 0.97163], F_fuse=[0.01480, 0.01012, 0.00736, 0.00507]
[ INFO : 2026-07-03 03:01:56,929 ] - Epoch 54: train==[62.67899 = 1.21998 + 0.95912 + 7.02122 + 0.01302 + 0.00000 + 0.65671 + 884.94450]
[ INFO : 2026-07-03 03:02:02,287 ] - Test_@[5, 10, 20, 50]: Recall=[0.03834, 0.05237, 0.07423, 0.12790],  precision=[0.00767, 0.00524, 0.00371, 0.00256], hit=[0.03834, 0.05237, 0.07423, 0.12790], ndcg=[0.02888, 0.03335, 0.03889, 0.04947], Train Rec Loss=[0.03283], Eval Rec Loss=[0.03281], c=[0.50000], F=[0.77257, 0.91169, 0.95213, 0.97213], F_fuse=[0.01518, 0.01041, 0.00739, 0.00510]
[ INFO : 2026-07-03 03:02:58,557 ] - Epoch 55: train==[62.43170 = 1.20944 + 0.95912 + 6.80775 + 0.01291 + 0.00000 + 0.63356 + 884.94450]
[ INFO : 2026-07-03 03:03:03,918 ] - Test_@[5, 10, 20, 50]: Recall=[0.03768, 0.05073, 0.07423, 0.12773],  precision=[0.00754, 0.00507, 0.00371, 0.00255], hit=[0.03768, 0.05073, 0.07423, 0.12773], ndcg=[0.02809, 0.03225, 0.03818, 0.04871], Train Rec Loss=[0.03283], Eval Rec Loss=[0.03281], c=[0.50000], F=[0.77822, 0.91233, 0.95189, 0.97194], F_fuse=[0.01493, 0.01009, 0.00739, 0.00510]
[ INFO : 2026-07-03 03:04:00,043 ] - Epoch 56: train==[62.48665 = 1.21725 + 0.95912 + 6.88168 + 0.01280 + 0.00000 + 0.60687 + 884.94450]
[ INFO : 2026-07-03 03:04:05,376 ] - Test_@[5, 10, 20, 50]: Recall=[0.03817, 0.05204, 0.07406, 0.12822],  precision=[0.00763, 0.00520, 0.00370, 0.00256], hit=[0.03817, 0.05204, 0.07406, 0.12822], ndcg=[0.02860, 0.03301, 0.03859, 0.04927], Train Rec Loss=[0.03281], Eval Rec Loss=[0.03278], c=[0.50000], F=[0.77947, 0.91338, 0.95204, 0.97189], F_fuse=[0.01512, 0.01035, 0.00738, 0.00512]
[ INFO : 2026-07-03 03:05:01,495 ] - Epoch 57: train==[62.36414 = 1.19894 + 0.95912 + 6.80325 + 0.01273 + 0.00000 + 0.58116 + 884.94450]
[ INFO : 2026-07-03 03:05:06,854 ] - Test_@[5, 10, 20, 50]: Recall=[0.03801, 0.05269, 0.07357, 0.12871],  precision=[0.00760, 0.00527, 0.00368, 0.00257], hit=[0.03801, 0.05269, 0.07357, 0.12871], ndcg=[0.02837, 0.03303, 0.03830, 0.04917], Train Rec Loss=[0.03280], Eval Rec Loss=[0.03276], c=[0.50000], F=[0.78022, 0.91339, 0.95262, 0.97246], F_fuse=[0.01506, 0.01048, 0.00733, 0.00513]
[ INFO : 2026-07-03 03:06:02,846 ] - Epoch 58: train==[62.30003 = 1.18641 + 0.95912 + 6.77489 + 0.01262 + 0.00000 + 0.55805 + 884.94450]
[ INFO : 2026-07-03 03:06:08,195 ] - Test_@[5, 10, 20, 50]: Recall=[0.03801, 0.05269, 0.07357, 0.12871],  precision=[0.00760, 0.00527, 0.00368, 0.00257], hit=[0.03801, 0.05269, 0.07357, 0.12871], ndcg=[0.02841, 0.03307, 0.03835, 0.04923], Train Rec Loss=[0.03281], Eval Rec Loss=[0.03274], c=[0.50000], F=[0.78192, 0.91244, 0.95220, 0.97194], F_fuse=[0.01506, 0.01048, 0.00733, 0.00513]
[ INFO : 2026-07-03 03:07:03,821 ] - Epoch 59: train==[62.10304 = 1.18291 + 0.95912 + 6.60106 + 0.01254 + 0.00000 + 0.53848 + 884.94450]
[ INFO : 2026-07-03 03:07:09,143 ] - Test_@[5, 10, 20, 50]: Recall=[0.03834, 0.05237, 0.07374, 0.12904],  precision=[0.00767, 0.00524, 0.00369, 0.00258], hit=[0.03834, 0.05237, 0.07374, 0.12904], ndcg=[0.02813, 0.03259, 0.03798, 0.04889], Train Rec Loss=[0.03279], Eval Rec Loss=[0.03274], c=[0.50000], F=[0.77813, 0.91270, 0.95134, 0.97177], F_fuse=[0.01518, 0.01041, 0.00735, 0.00515]
[ INFO : 2026-07-03 03:08:11,763 ] - Epoch 60: train==[62.00547 = 1.17350 + 0.95912 + 6.53701 + 0.01248 + 0.00000 + 0.51443 + 884.94450]
[ INFO : 2026-07-03 03:08:17,109 ] - Test_@[5, 10, 20, 50]: Recall=[0.03752, 0.05106, 0.07390, 0.12692],  precision=[0.00750, 0.00511, 0.00369, 0.00254], hit=[0.03752, 0.05106, 0.07390, 0.12692], ndcg=[0.02740, 0.03174, 0.03751, 0.04797], Train Rec Loss=[0.03278], Eval Rec Loss=[0.03274], c=[0.50000], F=[0.78061, 0.91156, 0.95088, 0.97215], F_fuse=[0.01487, 0.01016, 0.00736, 0.00506]
[ INFO : 2026-07-03 03:09:13,022 ] - Epoch 61: train==[62.06249 = 1.16702 + 0.95912 + 6.61936 + 0.01241 + 0.00000 + 0.49565 + 884.94450]
[ INFO : 2026-07-03 03:09:18,378 ] - Test_@[5, 10, 20, 50]: Recall=[0.03834, 0.05269, 0.07455, 0.12855],  precision=[0.00767, 0.00527, 0.00373, 0.00257], hit=[0.03834, 0.05269, 0.07455, 0.12855], ndcg=[0.02826, 0.03281, 0.03832, 0.04896], Train Rec Loss=[0.03276], Eval Rec Loss=[0.03276], c=[0.50000], F=[0.77545, 0.91181, 0.94987, 0.97110], F_fuse=[0.01518, 0.01048, 0.00743, 0.00513]
[ INFO : 2026-07-03 03:10:17,859 ] - Epoch 62: train==[61.98224 = 1.16088 + 0.95912 + 6.56437 + 0.01236 + 0.00000 + 0.47657 + 884.94450]
[ INFO : 2026-07-03 03:10:23,209 ] - Test_@[5, 10, 20, 50]: Recall=[0.03736, 0.05073, 0.07406, 0.12659],  precision=[0.00747, 0.00507, 0.00370, 0.00253], hit=[0.03736, 0.05073, 0.07406, 0.12659], ndcg=[0.02699, 0.03129, 0.03720, 0.04757], Train Rec Loss=[0.03273], Eval Rec Loss=[0.03271], c=[0.50000], F=[0.78333, 0.91091, 0.95140, 0.97260], F_fuse=[0.01480, 0.01009, 0.00738, 0.00505]
[ INFO : 2026-07-03 03:11:18,949 ] - Epoch 63: train==[61.92050 = 1.15413 + 0.95912 + 6.52677 + 0.01223 + 0.00000 + 0.45932 + 884.94450]
[ INFO : 2026-07-03 03:11:24,311 ] - Test_@[5, 10, 20, 50]: Recall=[0.03736, 0.05041, 0.07357, 0.12692],  precision=[0.00747, 0.00504, 0.00368, 0.00254], hit=[0.03736, 0.05041, 0.07357, 0.12692], ndcg=[0.02672, 0.03089, 0.03674, 0.04726], Train Rec Loss=[0.03274], Eval Rec Loss=[0.03270], c=[0.50000], F=[0.78406, 0.90987, 0.95082, 0.97189], F_fuse=[0.01480, 0.01003, 0.00733, 0.00506]
[ INFO : 2026-07-03 03:12:20,034 ] - Epoch 64: train==[61.73465 = 1.14568 + 0.95912 + 6.36384 + 0.01209 + 0.00000 + 0.44498 + 884.94450]
[ INFO : 2026-07-03 03:12:25,406 ] - Test_@[5, 10, 20, 50]: Recall=[0.03768, 0.05139, 0.07455, 0.12822],  precision=[0.00754, 0.00514, 0.00373, 0.00256], hit=[0.03768, 0.05139, 0.07455, 0.12822], ndcg=[0.02742, 0.03181, 0.03763, 0.04820], Train Rec Loss=[0.03275], Eval Rec Loss=[0.03271], c=[0.50000], F=[0.78120, 0.91055, 0.95069, 0.97129], F_fuse=[0.01493, 0.01022, 0.00743, 0.00512]
[ INFO : 2026-07-03 03:13:21,004 ] - Epoch 65: train==[61.68479 = 1.14301 + 0.95912 + 6.33645 + 0.01220 + 0.00000 + 0.42507 + 884.94450]
[ INFO : 2026-07-03 03:13:26,354 ] - Test_@[5, 10, 20, 50]: Recall=[0.03817, 0.05253, 0.07423, 0.12838],  precision=[0.00763, 0.00525, 0.00371, 0.00257], hit=[0.03817, 0.05253, 0.07423, 0.12838], ndcg=[0.02800, 0.03256, 0.03804, 0.04874], Train Rec Loss=[0.03273], Eval Rec Loss=[0.03271], c=[0.50000], F=[0.77816, 0.91014, 0.94990, 0.97079], F_fuse=[0.01512, 0.01045, 0.00739, 0.00512]
[ INFO : 2026-07-03 03:14:22,017 ] - Epoch 66: train==[61.65063 = 1.13726 + 0.95912 + 6.32372 + 0.01208 + 0.00000 + 0.40950 + 884.94450]
[ INFO : 2026-07-03 03:14:27,389 ] - Test_@[5, 10, 20, 50]: Recall=[0.03850, 0.05269, 0.07406, 0.12871],  precision=[0.00770, 0.00527, 0.00370, 0.00257], hit=[0.03850, 0.05269, 0.07406, 0.12871], ndcg=[0.02838, 0.03289, 0.03830, 0.04910], Train Rec Loss=[0.03271], Eval Rec Loss=[0.03268], c=[0.50000], F=[0.77964, 0.91077, 0.94986, 0.97030], F_fuse=[0.01525, 0.01048, 0.00738, 0.00513]
[ INFO : 2026-07-03 03:15:23,199 ] - Epoch 67: train==[61.45360 = 1.12730 + 0.95912 + 6.15121 + 0.01201 + 0.00000 + 0.39502 + 884.94450]
[ INFO : 2026-07-03 03:15:28,540 ] - Test_@[5, 10, 20, 50]: Recall=[0.03785, 0.05367, 0.07520, 0.12969],  precision=[0.00757, 0.00537, 0.00376, 0.00259], hit=[0.03785, 0.05367, 0.07520, 0.12969], ndcg=[0.02818, 0.03322, 0.03866, 0.04941], Train Rec Loss=[0.03270], Eval Rec Loss=[0.03269], c=[0.50000], F=[0.78123, 0.91196, 0.94994, 0.96957], F_fuse=[0.01499, 0.01067, 0.00749, 0.00517]
[ INFO : 2026-07-03 03:16:29,751 ] - Epoch 68: train==[61.45561 = 1.12371 + 0.95912 + 6.17331 + 0.01205 + 0.00000 + 0.37850 + 884.94450]
[ INFO : 2026-07-03 03:16:35,114 ] - Test_@[5, 10, 20, 50]: Recall=[0.03931, 0.05530, 0.07618, 0.13312],  precision=[0.00786, 0.00553, 0.00381, 0.00266], hit=[0.03931, 0.05530, 0.07618, 0.13312], ndcg=[0.02984, 0.03491, 0.04018, 0.05137], Train Rec Loss=[0.03269], Eval Rec Loss=[0.03266], c=[0.50000], F=[0.77376, 0.91180, 0.94908, 0.96919], F_fuse=[0.01557, 0.01099, 0.00759, 0.00531]
[ INFO : 2026-07-03 03:17:35,089 ] - Epoch 69: train==[61.36420 = 1.11270 + 0.95912 + 6.10479 + 0.01183 + 0.00000 + 0.36682 + 884.94450]
[ INFO : 2026-07-03 03:17:40,444 ] - Test_@[5, 10, 20, 50]: Recall=[0.03752, 0.05285, 0.07553, 0.12790],  precision=[0.00750, 0.00529, 0.00378, 0.00256], hit=[0.03752, 0.05285, 0.07553, 0.12790], ndcg=[0.02783, 0.03275, 0.03845, 0.04879], Train Rec Loss=[0.03270], Eval Rec Loss=[0.03267], c=[0.50000], F=[0.78226, 0.90884, 0.94902, 0.96950], F_fuse=[0.01487, 0.01051, 0.00752, 0.00510]
[ INFO : 2026-07-03 03:18:36,234 ] - Epoch 70: train==[61.18885 = 1.10373 + 0.95912 + 5.95408 + 0.01181 + 0.00000 + 0.35117 + 884.94450]
[ INFO : 2026-07-03 03:18:41,576 ] - Test_@[5, 10, 20, 50]: Recall=[0.03834, 0.05432, 0.07651, 0.13263],  precision=[0.00767, 0.00543, 0.00383, 0.00265], hit=[0.03834, 0.05432, 0.07651, 0.13263], ndcg=[0.02919, 0.03435, 0.03995, 0.05097], Train Rec Loss=[0.03267], Eval Rec Loss=[0.03266], c=[0.50000], F=[0.78053, 0.91160, 0.94869, 0.96901], F_fuse=[0.01519, 0.01080, 0.00762, 0.00529]
[ INFO : 2026-07-03 03:19:40,307 ] - Epoch 71: train==[61.18258 = 1.09635 + 0.95912 + 5.96682 + 0.01178 + 0.00000 + 0.33958 + 884.94450]
[ INFO : 2026-07-03 03:19:45,700 ] - Test_@[5, 10, 20, 50]: Recall=[0.03817, 0.05285, 0.07602, 0.12887],  precision=[0.00763, 0.00529, 0.00380, 0.00258], hit=[0.03817, 0.05285, 0.07602, 0.12887], ndcg=[0.02818, 0.03291, 0.03875, 0.04918], Train Rec Loss=[0.03268], Eval Rec Loss=[0.03266], c=[0.50000], F=[0.78713, 0.90864, 0.94928, 0.96909], F_fuse=[0.01512, 0.01051, 0.00757, 0.00514]
[ INFO : 2026-07-03 03:20:44,413 ] - Epoch 72: train==[61.07341 = 1.09370 + 0.95913 + 5.87233 + 0.01171 + 0.00000 + 0.32761 + 884.94450]
[ INFO : 2026-07-03 03:20:49,801 ] - Test_@[5, 10, 20, 50]: Recall=[0.03834, 0.05383, 0.07553, 0.13083],  precision=[0.00767, 0.00538, 0.00378, 0.00262], hit=[0.03834, 0.05383, 0.07553, 0.13083], ndcg=[0.02885, 0.03383, 0.03930, 0.05022], Train Rec Loss=[0.03267], Eval Rec Loss=[0.03265], c=[0.50000], F=[0.78197, 0.90955, 0.94877, 0.96847], F_fuse=[0.01519, 0.01070, 0.00752, 0.00522]
[ INFO : 2026-07-03 03:21:45,460 ] - Epoch 73: train==[61.07929 = 1.08989 + 0.95912 + 5.89648 + 0.01166 + 0.00000 + 0.31321 + 884.94450]
[ INFO : 2026-07-03 03:21:50,813 ] - Test_@[5, 10, 20, 50]: Recall=[0.03785, 0.05171, 0.07390, 0.12887],  precision=[0.00757, 0.00517, 0.00369, 0.00258], hit=[0.03785, 0.05171, 0.07390, 0.12887], ndcg=[0.02739, 0.03184, 0.03744, 0.04829], Train Rec Loss=[0.03266], Eval Rec Loss=[0.03264], c=[0.50000], F=[0.78671, 0.90645, 0.94878, 0.96848], F_fuse=[0.01499, 0.01028, 0.00736, 0.00514]
[ INFO : 2026-07-03 03:22:49,514 ] - Epoch 74: train==[60.95731 = 1.08571 + 0.95913 + 5.78951 + 0.01163 + 0.00000 + 0.30240 + 884.94450]
[ INFO : 2026-07-03 03:22:54,874 ] - Test_@[5, 10, 20, 50]: Recall=[0.03834, 0.05416, 0.07618, 0.13034],  precision=[0.00767, 0.00542, 0.00381, 0.00261], hit=[0.03834, 0.05416, 0.07618, 0.13034], ndcg=[0.02824, 0.03333, 0.03888, 0.04958], Train Rec Loss=[0.03264], Eval Rec Loss=[0.03263], c=[0.50000], F=[0.78421, 0.91144, 0.94925, 0.96781], F_fuse=[0.01519, 0.01077, 0.00759, 0.00520]
[ INFO : 2026-07-03 03:23:50,817 ] - Epoch 75: train==[60.99319 = 1.07711 + 0.95912 + 5.84972 + 0.01158 + 0.00000 + 0.28673 + 884.94450]
[ INFO : 2026-07-03 03:23:56,171 ] - Test_@[5, 10, 20, 50]: Recall=[0.03980, 0.05546, 0.07716, 0.13148],  precision=[0.00796, 0.00555, 0.00386, 0.00263], hit=[0.03980, 0.05546, 0.07716, 0.13148], ndcg=[0.02960, 0.03466, 0.04014, 0.05089], Train Rec Loss=[0.03263], Eval Rec Loss=[0.03263], c=[0.50000], F=[0.78065, 0.91106, 0.94799, 0.96723], F_fuse=[0.01576, 0.01103, 0.00768, 0.00525]
[ INFO : 2026-07-03 03:24:54,657 ] - Epoch 76: train==[60.81198 = 1.06850 + 0.95913 + 5.68456 + 0.01148 + 0.00000 + 0.27938 + 884.94450]
[ INFO : 2026-07-03 03:24:59,995 ] - Test_@[5, 10, 20, 50]: Recall=[0.03768, 0.05334, 0.07586, 0.12871],  precision=[0.00754, 0.00533, 0.00379, 0.00257], hit=[0.03768, 0.05334, 0.07586, 0.12871], ndcg=[0.02767, 0.03274, 0.03841, 0.04888], Train Rec Loss=[0.03264], Eval Rec Loss=[0.03261], c=[0.50000], F=[0.78917, 0.90800, 0.94871, 0.96747], F_fuse=[0.01493, 0.01061, 0.00756, 0.00513]
[ INFO : 2026-07-03 03:25:56,912 ] - Epoch 77: train==[60.74085 = 1.06314 + 0.95913 + 5.63052 + 0.01142 + 0.00000 + 0.26770 + 884.94450]
[ INFO : 2026-07-03 03:26:02,238 ] - Test_@[5, 10, 20, 50]: Recall=[0.03850, 0.05432, 0.07651, 0.13132],  precision=[0.00770, 0.00543, 0.00383, 0.00263], hit=[0.03850, 0.05432, 0.07651, 0.13132], ndcg=[0.02809, 0.03320, 0.03881, 0.04963], Train Rec Loss=[0.03263], Eval Rec Loss=[0.03260], c=[0.50000], F=[0.78352, 0.91020, 0.94926, 0.96737], F_fuse=[0.01525, 0.01080, 0.00762, 0.00524]
[ INFO : 2026-07-03 03:26:58,061 ] - Epoch 78: train==[60.63562 = 1.06154 + 0.95912 + 5.53533 + 0.01143 + 0.00000 + 0.25927 + 884.94450]
[ INFO : 2026-07-03 03:27:03,449 ] - Test_@[5, 10, 20, 50]: Recall=[0.03785, 0.05367, 0.07684, 0.13018],  precision=[0.00757, 0.00537, 0.00384, 0.00260], hit=[0.03785, 0.05367, 0.07684, 0.13018], ndcg=[0.02772, 0.03285, 0.03870, 0.04923], Train Rec Loss=[0.03263], Eval Rec Loss=[0.03261], c=[0.50000], F=[0.78317, 0.90682, 0.94923, 0.96718], F_fuse=[0.01499, 0.01067, 0.00765, 0.00519]
[ INFO : 2026-07-03 03:28:06,982 ] - Epoch 79: train==[60.65871 = 1.05466 + 0.95913 + 5.57748 + 0.01134 + 0.00000 + 0.24718 + 884.94450]
[ INFO : 2026-07-03 03:28:12,336 ] - Test_@[5, 10, 20, 50]: Recall=[0.03752, 0.05334, 0.07520, 0.13002],  precision=[0.00750, 0.00533, 0.00376, 0.00260], hit=[0.03752, 0.05334, 0.07520, 0.13002], ndcg=[0.02709, 0.03219, 0.03768, 0.04850], Train Rec Loss=[0.03260], Eval Rec Loss=[0.03259], c=[0.50000], F=[0.79344, 0.90641, 0.94961, 0.96789], F_fuse=[0.01487, 0.01061, 0.00749, 0.00519]
[ INFO : 2026-07-03 03:29:08,662 ] - Epoch 80: train==[60.50435 = 1.04661 + 0.95912 + 5.43914 + 0.01148 + 0.00000 + 0.23907 + 884.94450]
[ INFO : 2026-07-03 03:29:13,967 ] - Test_@[5, 10, 20, 50]: Recall=[0.03866, 0.05481, 0.07781, 0.13197],  precision=[0.00773, 0.00548, 0.00389, 0.00264], hit=[0.03866, 0.05481, 0.07781, 0.13197], ndcg=[0.02819, 0.03344, 0.03922, 0.04989], Train Rec Loss=[0.03263], Eval Rec Loss=[0.03257], c=[0.50000], F=[0.78523, 0.90827, 0.94845, 0.96695], F_fuse=[0.01531, 0.01090, 0.00775, 0.00526]
[ INFO : 2026-07-03 03:30:12,551 ] - Epoch 81: train==[60.54347 = 1.04208 + 0.95912 + 5.49300 + 0.01133 + 0.00000 + 0.22900 + 884.94450]
[ INFO : 2026-07-03 03:30:17,904 ] - Test_@[5, 10, 20, 50]: Recall=[0.03801, 0.05416, 0.07765, 0.13230],  precision=[0.00760, 0.00542, 0.00388, 0.00265], hit=[0.03801, 0.05416, 0.07765, 0.13230], ndcg=[0.02818, 0.03342, 0.03934, 0.05009], Train Rec Loss=[0.03258], Eval Rec Loss=[0.03256], c=[0.50000], F=[0.78658, 0.90384, 0.94758, 0.96635], F_fuse=[0.01506, 0.01077, 0.00773, 0.00528]
[ INFO : 2026-07-03 03:31:13,485 ] - Epoch 82: train==[60.38121 = 1.03649 + 0.95912 + 5.34607 + 0.01131 + 0.00000 + 0.21928 + 884.94450]
[ INFO : 2026-07-03 03:31:18,867 ] - Test_@[5, 10, 20, 50]: Recall=[0.03801, 0.05400, 0.07814, 0.13067],  precision=[0.00760, 0.00540, 0.00391, 0.00261], hit=[0.03801, 0.05400, 0.07814, 0.13067], ndcg=[0.02772, 0.03289, 0.03894, 0.04929], Train Rec Loss=[0.03258], Eval Rec Loss=[0.03257], c=[0.50000], F=[0.78806, 0.90451, 0.94764, 0.96636], F_fuse=[0.01506, 0.01074, 0.00778, 0.00521]
[ INFO : 2026-07-03 03:32:17,416 ] - Epoch 83: train==[60.50604 = 1.03355 + 0.95912 + 5.48281 + 0.01136 + 0.00000 + 0.21025 + 884.94450]
[ INFO : 2026-07-03 03:32:22,788 ] - Test_@[5, 10, 20, 50]: Recall=[0.03834, 0.05351, 0.07716, 0.13067],  precision=[0.00767, 0.00535, 0.00386, 0.00261], hit=[0.03834, 0.05351, 0.07716, 0.13067], ndcg=[0.02754, 0.03245, 0.03840, 0.04895], Train Rec Loss=[0.03260], Eval Rec Loss=[0.03257], c=[0.50000], F=[0.79043, 0.90458, 0.94918, 0.96633], F_fuse=[0.01519, 0.01064, 0.00768, 0.00521]
[ INFO : 2026-07-03 03:33:26,652 ] - Epoch 84: train==[60.34774 = 1.02719 + 0.95913 + 5.33463 + 0.01130 + 0.00000 + 0.20656 + 884.94450]
[ INFO : 2026-07-03 03:33:32,008 ] - Test_@[5, 10, 20, 50]: Recall=[0.03883, 0.05383, 0.07814, 0.13279],  precision=[0.00777, 0.00538, 0.00391, 0.00266], hit=[0.03883, 0.05383, 0.07814, 0.13279], ndcg=[0.02786, 0.03275, 0.03886, 0.04962], Train Rec Loss=[0.03257], Eval Rec Loss=[0.03257], c=[0.50000], F=[0.78995, 0.90535, 0.94860, 0.96584], F_fuse=[0.01538, 0.01070, 0.00778, 0.00530]
[ INFO : 2026-07-03 03:34:27,783 ] - Epoch 85: train==[60.23531 = 1.02428 + 0.95914 + 5.23372 + 0.01108 + 0.00000 + 0.19815 + 884.94450]
[ INFO : 2026-07-03 03:34:33,141 ] - Test_@[5, 10, 20, 50]: Recall=[0.03785, 0.05465, 0.07798, 0.13263],  precision=[0.00757, 0.00546, 0.00390, 0.00265], hit=[0.03785, 0.05465, 0.07798, 0.13263], ndcg=[0.02739, 0.03286, 0.03872, 0.04951], Train Rec Loss=[0.03255], Eval Rec Loss=[0.03253], c=[0.50000], F=[0.79636, 0.90812, 0.94883, 0.96581], F_fuse=[0.01500, 0.01086, 0.00777, 0.00529]
[ INFO : 2026-07-03 03:35:29,114 ] - Epoch 86: train==[60.19816 = 1.01971 + 0.95913 + 5.20800 + 0.01099 + 0.00000 + 0.19141 + 884.94450]
[ INFO : 2026-07-03 03:35:34,478 ] - Test_@[5, 10, 20, 50]: Recall=[0.03736, 0.05432, 0.07635, 0.13018],  precision=[0.00747, 0.00543, 0.00382, 0.00260], hit=[0.03736, 0.05432, 0.07635, 0.13018], ndcg=[0.02672, 0.03221, 0.03775, 0.04839], Train Rec Loss=[0.03256], Eval Rec Loss=[0.03253], c=[0.50000], F=[0.79446, 0.90391, 0.94808, 0.96595], F_fuse=[0.01480, 0.01080, 0.00760, 0.00519]
[ INFO : 2026-07-03 03:36:30,310 ] - Epoch 87: train==[60.13389 = 1.01014 + 0.95913 + 5.16340 + 0.01098 + 0.00000 + 0.18131 + 884.94450]
[ INFO : 2026-07-03 03:36:35,678 ] - Test_@[5, 10, 20, 50]: Recall=[0.03817, 0.05530, 0.07879, 0.13344],  precision=[0.00763, 0.00553, 0.00394, 0.00267], hit=[0.03817, 0.05530, 0.07879, 0.13344], ndcg=[0.02725, 0.03279, 0.03868, 0.04944], Train Rec Loss=[0.03257], Eval Rec Loss=[0.03256], c=[0.50000], F=[0.79638, 0.90709, 0.95025, 0.96587], F_fuse=[0.01512, 0.01099, 0.00785, 0.00532]
[ INFO : 2026-07-03 03:37:34,470 ] - Epoch 88: train==[60.18997 = 1.00653 + 0.95913 + 5.22922 + 0.01094 + 0.00000 + 0.17522 + 884.94450]
[ INFO : 2026-07-03 03:37:39,903 ] - Test_@[5, 10, 20, 50]: Recall=[0.03850, 0.05546, 0.07945, 0.13361],  precision=[0.00770, 0.00555, 0.00397, 0.00267], hit=[0.03850, 0.05546, 0.07945, 0.13361], ndcg=[0.02780, 0.03332, 0.03932, 0.04998], Train Rec Loss=[0.03257], Eval Rec Loss=[0.03252], c=[0.50000], F=[0.79288, 0.90528, 0.94948, 0.96506], F_fuse=[0.01525, 0.01103, 0.00791, 0.00533]
[ INFO : 2026-07-03 03:38:39,488 ] - Epoch 89: train==[60.00221 = 0.99739 + 0.95913 + 5.05582 + 0.01093 + 0.00000 + 0.17000 + 884.94450]
[ INFO : 2026-07-03 03:38:44,861 ] - Test_@[5, 10, 20, 50]: Recall=[0.03834, 0.05563, 0.07863, 0.13344],  precision=[0.00767, 0.00556, 0.00393, 0.00267], hit=[0.03834, 0.05563, 0.07863, 0.13344], ndcg=[0.02710, 0.03270, 0.03846, 0.04925], Train Rec Loss=[0.03256], Eval Rec Loss=[0.03250], c=[0.50000], F=[0.80055, 0.90700, 0.94901, 0.96524], F_fuse=[0.01519, 0.01106, 0.00783, 0.00532]
[ INFO : 2026-07-03 03:39:40,918 ] - Epoch 90: train==[60.02182 = 0.99538 + 0.95913 + 5.08446 + 0.01094 + 0.00000 + 0.16298 + 884.94450]
[ INFO : 2026-07-03 03:39:46,292 ] - Test_@[5, 10, 20, 50]: Recall=[0.03915, 0.05595, 0.08026, 0.13377],  precision=[0.00783, 0.00560, 0.00401, 0.00268], hit=[0.03915, 0.05595, 0.08026, 0.13377], ndcg=[0.02815, 0.03359, 0.03968, 0.05024], Train Rec Loss=[0.03253], Eval Rec Loss=[0.03251], c=[0.50000], F=[0.79255, 0.90434, 0.94819, 0.96506], F_fuse=[0.01551, 0.01112, 0.00799, 0.00534]
[ INFO : 2026-07-03 03:40:45,076 ] - Epoch 91: train==[59.83927 = 0.99206 + 0.95912 + 4.90936 + 0.01090 + 0.00000 + 0.15890 + 884.94450]
[ INFO : 2026-07-03 03:40:50,455 ] - Test_@[5, 10, 20, 50]: Recall=[0.03899, 0.05628, 0.08108, 0.13540],  precision=[0.00780, 0.00563, 0.00405, 0.00271], hit=[0.03899, 0.05628, 0.08108, 0.13540], ndcg=[0.02797, 0.03357, 0.03976, 0.05046], Train Rec Loss=[0.03254], Eval Rec Loss=[0.03252], c=[0.50000], F=[0.79708, 0.90631, 0.94971, 0.96600], F_fuse=[0.01544, 0.01119, 0.00807, 0.00540]
[ INFO : 2026-07-03 03:41:48,940 ] - Epoch 92: train==[59.80215 = 0.98431 + 0.95912 + 4.88559 + 0.01093 + 0.00000 + 0.15326 + 884.94450]
[ INFO : 2026-07-03 03:41:54,316 ] - Test_@[5, 10, 20, 50]: Recall=[0.03850, 0.05498, 0.07993, 0.13442],  precision=[0.00770, 0.00550, 0.00400, 0.00269], hit=[0.03850, 0.05498, 0.07993, 0.13442], ndcg=[0.02696, 0.03229, 0.03860, 0.04930], Train Rec Loss=[0.03251], Eval Rec Loss=[0.03247], c=[0.50000], F=[0.80351, 0.90634, 0.94975, 0.96543], F_fuse=[0.01525, 0.01093, 0.00796, 0.00536]
[ INFO : 2026-07-03 03:42:51,911 ] - Epoch 93: train==[59.84009 = 0.98158 + 0.95912 + 4.93265 + 0.01101 + 0.00000 + 0.14679 + 884.94450]
[ INFO : 2026-07-03 03:42:57,281 ] - Test_@[5, 10, 20, 50]: Recall=[0.03834, 0.05465, 0.07977, 0.13393],  precision=[0.00767, 0.00546, 0.00399, 0.00268], hit=[0.03834, 0.05465, 0.07977, 0.13393], ndcg=[0.02695, 0.03226, 0.03859, 0.04923], Train Rec Loss=[0.03253], Eval Rec Loss=[0.03247], c=[0.50000], F=[0.80140, 0.90564, 0.94901, 0.96549], F_fuse=[0.01519, 0.01086, 0.00794, 0.00534]
[ INFO : 2026-07-03 03:43:52,943 ] - Epoch 94: train==[59.77942 = 0.97805 + 0.95913 + 4.88194 + 0.01095 + 0.00000 + 0.14042 + 884.94450]
[ INFO : 2026-07-03 03:43:58,294 ] - Test_@[5, 10, 20, 50]: Recall=[0.03785, 0.05465, 0.08026, 0.13556],  precision=[0.00757, 0.00546, 0.00401, 0.00271], hit=[0.03785, 0.05465, 0.08026, 0.13556], ndcg=[0.02619, 0.03165, 0.03813, 0.04900], Train Rec Loss=[0.03251], Eval Rec Loss=[0.03246], c=[0.50000], F=[0.80756, 0.90524, 0.94854, 0.96495], F_fuse=[0.01500, 0.01086, 0.00799, 0.00541]
[ INFO : 2026-07-03 03:44:54,518 ] - Epoch 95: train==[59.58913 = 0.97325 + 0.95913 + 4.70019 + 0.01098 + 0.00000 + 0.13665 + 884.94450]
[ INFO : 2026-07-03 03:44:59,915 ] - Test_@[5, 10, 20, 50]: Recall=[0.03850, 0.05481, 0.08042, 0.13491],  precision=[0.00770, 0.00548, 0.00402, 0.00270], hit=[0.03850, 0.05481, 0.08042, 0.13491], ndcg=[0.02675, 0.03205, 0.03851, 0.04921], Train Rec Loss=[0.03250], Eval Rec Loss=[0.03249], c=[0.50000], F=[0.80988, 0.90687, 0.94891, 0.96488], F_fuse=[0.01525, 0.01090, 0.00801, 0.00538]
[ INFO : 2026-07-03 03:46:00,541 ] - Epoch 96: train==[59.73396 = 0.96660 + 0.95912 + 4.85884 + 0.01086 + 0.00000 + 0.12961 + 884.94450]
[ INFO : 2026-07-03 03:46:05,922 ] - Test_@[5, 10, 20, 50]: Recall=[0.03931, 0.05563, 0.08059, 0.13785],  precision=[0.00786, 0.00556, 0.00403, 0.00276], hit=[0.03931, 0.05563, 0.08059, 0.13785], ndcg=[0.02701, 0.03226, 0.03855, 0.04978], Train Rec Loss=[0.03251], Eval Rec Loss=[0.03246], c=[0.50000], F=[0.81147, 0.90647, 0.94852, 0.96454], F_fuse=[0.01558, 0.01106, 0.00802, 0.00550]
[ INFO : 2026-07-03 03:47:01,627 ] - Epoch 97: train==[59.53352 = 0.96021 + 0.95913 + 4.66870 + 0.01081 + 0.00000 + 0.12574 + 884.94450]
[ INFO : 2026-07-03 03:47:07,005 ] - Test_@[5, 10, 20, 50]: Recall=[0.03931, 0.05595, 0.08108, 0.13556],  precision=[0.00786, 0.00560, 0.00405, 0.00271], hit=[0.03931, 0.05595, 0.08108, 0.13556], ndcg=[0.02705, 0.03243, 0.03874, 0.04948], Train Rec Loss=[0.03250], Eval Rec Loss=[0.03248], c=[0.50000], F=[0.81269, 0.90532, 0.94656, 0.96360], F_fuse=[0.01558, 0.01112, 0.00807, 0.00541]
[ INFO : 2026-07-03 03:48:04,085 ] - Epoch 98: train==[59.58930 = 0.95901 + 0.95913 + 4.73191 + 0.01089 + 0.00000 + 0.11943 + 884.94450]
[ INFO : 2026-07-03 03:48:09,432 ] - Test_@[5, 10, 20, 50]: Recall=[0.03654, 0.05432, 0.07847, 0.13361],  precision=[0.00731, 0.00543, 0.00392, 0.00267], hit=[0.03654, 0.05432, 0.07847, 0.13361], ndcg=[0.02549, 0.03121, 0.03730, 0.04820], Train Rec Loss=[0.03249], Eval Rec Loss=[0.03248], c=[0.50000], F=[0.81994, 0.90557, 0.94757, 0.96539], F_fuse=[0.01449, 0.01080, 0.00781, 0.00533]
[ INFO : 2026-07-03 03:49:05,871 ] - Epoch 99: train==[59.50763 = 0.96003 + 0.95913 + 4.65299 + 0.01079 + 0.00000 + 0.11576 + 884.94450]
[ INFO : 2026-07-03 03:49:11,230 ] - Test_@[5, 10, 20, 50]: Recall=[0.03768, 0.05465, 0.08075, 0.13638],  precision=[0.00754, 0.00546, 0.00404, 0.00273], hit=[0.03768, 0.05465, 0.08075, 0.13638], ndcg=[0.02620, 0.03166, 0.03826, 0.04920], Train Rec Loss=[0.03248], Eval Rec Loss=[0.03246], c=[0.50000], F=[0.81942, 0.90550, 0.94773, 0.96510], F_fuse=[0.01494, 0.01086, 0.00804, 0.00544]
[ INFO : 2026-07-03 03:50:13,422 ] - Epoch 100: train==[59.38904 = 0.94881 + 0.95913 + 4.54760 + 0.01082 + 0.00000 + 0.11375 + 884.94450]
[ INFO : 2026-07-03 03:50:18,784 ] - Test_@[5, 10, 20, 50]: Recall=[0.04013, 0.05677, 0.08189, 0.14029],  precision=[0.00803, 0.00568, 0.00409, 0.00281], hit=[0.04013, 0.05677, 0.08189, 0.14029], ndcg=[0.02848, 0.03383, 0.04012, 0.05161], Train Rec Loss=[0.03247], Eval Rec Loss=[0.03245], c=[0.50000], F=[0.81378, 0.90713, 0.94796, 0.96475], F_fuse=[0.01590, 0.01128, 0.00815, 0.00560]
[ INFO : 2026-07-03 03:51:17,610 ] - Epoch 101: train==[59.38643 = 0.94237 + 0.95913 + 4.55367 + 0.01075 + 0.00000 + 0.11159 + 884.94450]
[ INFO : 2026-07-03 03:51:22,974 ] - Test_@[5, 10, 20, 50]: Recall=[0.03801, 0.05563, 0.08222, 0.13915],  precision=[0.00760, 0.00556, 0.00411, 0.00278], hit=[0.03801, 0.05563, 0.08222, 0.13915], ndcg=[0.02647, 0.03212, 0.03879, 0.04990], Train Rec Loss=[0.03247], Eval Rec Loss=[0.03245], c=[0.50000], F=[0.82335, 0.90438, 0.94657, 0.96432], F_fuse=[0.01506, 0.01106, 0.00819, 0.00555]
[ INFO : 2026-07-03 03:52:23,748 ] - Epoch 102: train==[59.28006 = 0.94305 + 0.95913 + 4.45300 + 0.01081 + 0.00000 + 0.10513 + 884.94450]
[ INFO : 2026-07-03 03:52:29,180 ] - Test_@[5, 10, 20, 50]: Recall=[0.03785, 0.05449, 0.08124, 0.13850],  precision=[0.00757, 0.00545, 0.00406, 0.00277], hit=[0.03785, 0.05449, 0.08124, 0.13850], ndcg=[0.02664, 0.03198, 0.03877, 0.05000], Train Rec Loss=[0.03247], Eval Rec Loss=[0.03242], c=[0.50000], F=[0.82436, 0.90455, 0.94657, 0.96437], F_fuse=[0.01500, 0.01083, 0.00809, 0.00552]
[ INFO : 2026-07-03 03:53:32,470 ] - Epoch 103: train==[59.28445 = 0.93530 + 0.95913 + 4.46988 + 0.01078 + 0.00000 + 0.10043 + 884.94450]
[ INFO : 2026-07-03 03:53:37,864 ] - Test_@[5, 10, 20, 50]: Recall=[0.03834, 0.05563, 0.08320, 0.14192],  precision=[0.00767, 0.00556, 0.00416, 0.00284], hit=[0.03834, 0.05563, 0.08320, 0.14192], ndcg=[0.02766, 0.03324, 0.04021, 0.05171], Train Rec Loss=[0.03247], Eval Rec Loss=[0.03245], c=[0.50000], F=[0.82679, 0.90984, 0.94665, 0.96398], F_fuse=[0.01519, 0.01106, 0.00828, 0.00566]
[ INFO : 2026-07-03 03:54:43,600 ] - Epoch 104: train==[59.19454 = 0.93472 + 0.95913 + 4.38287 + 0.01077 + 0.00000 + 0.09811 + 884.94450]
[ INFO : 2026-07-03 03:54:48,980 ] - Test_@[5, 10, 20, 50]: Recall=[0.03638, 0.05481, 0.08173, 0.14144],  precision=[0.00728, 0.00548, 0.00409, 0.00283], hit=[0.03638, 0.05481, 0.08173, 0.14144], ndcg=[0.02588, 0.03181, 0.03863, 0.05032], Train Rec Loss=[0.03244], Eval Rec Loss=[0.03244], c=[0.50000], F=[0.83370, 0.90755, 0.94615, 0.96326], F_fuse=[0.01443, 0.01090, 0.00814, 0.00564]
[ INFO : 2026-07-03 03:55:47,810 ] - Epoch 105: train==[59.19656 = 0.92637 + 0.95913 + 4.39600 + 0.01070 + 0.00000 + 0.09543 + 884.94450]
[ INFO : 2026-07-03 03:55:53,169 ] - Test_@[5, 10, 20, 50]: Recall=[0.03801, 0.05530, 0.08173, 0.14029],  precision=[0.00760, 0.00553, 0.00409, 0.00281], hit=[0.03801, 0.05530, 0.08173, 0.14029], ndcg=[0.02629, 0.03180, 0.03849, 0.04998], Train Rec Loss=[0.03245], Eval Rec Loss=[0.03244], c=[0.50000], F=[0.82767, 0.90694, 0.94726, 0.96478], F_fuse=[0.01507, 0.01099, 0.00814, 0.00560]
[ INFO : 2026-07-03 03:56:54,822 ] - Epoch 106: train==[59.00402 = 0.91943 + 0.95913 + 4.21295 + 0.01088 + 0.00000 + 0.09270 + 884.94450]
[ INFO : 2026-07-03 03:57:00,193 ] - Test_@[5, 10, 20, 50]: Recall=[0.03736, 0.05530, 0.08157, 0.13801],  precision=[0.00747, 0.00553, 0.00408, 0.00276], hit=[0.03736, 0.05530, 0.08157, 0.13801], ndcg=[0.02638, 0.03213, 0.03876, 0.04987], Train Rec Loss=[0.03244], Eval Rec Loss=[0.03239], c=[0.50000], F=[0.83042, 0.90644, 0.94651, 0.96440], F_fuse=[0.01481, 0.01099, 0.00812, 0.00550]
[ INFO : 2026-07-03 03:58:04,584 ] - Epoch 107: train==[59.16612 = 0.91821 + 0.95913 + 4.38067 + 0.01084 + 0.00000 + 0.08834 + 884.94450]
[ INFO : 2026-07-03 03:58:09,946 ] - Test_@[5, 10, 20, 50]: Recall=[0.03817, 0.05612, 0.08369, 0.14274],  precision=[0.00763, 0.00561, 0.00418, 0.00285], hit=[0.03817, 0.05612, 0.08369, 0.14274], ndcg=[0.02684, 0.03255, 0.03951, 0.05106], Train Rec Loss=[0.03243], Eval Rec Loss=[0.03241], c=[0.50000], F=[0.83372, 0.90930, 0.94634, 0.96397], F_fuse=[0.01513, 0.01115, 0.00833, 0.00569]
[ INFO : 2026-07-03 03:59:14,012 ] - Epoch 108: train==[59.09867 = 0.91443 + 0.95913 + 4.32060 + 0.01076 + 0.00000 + 0.08483 + 884.94450]
[ INFO : 2026-07-03 03:59:19,386 ] - Test_@[5, 10, 20, 50]: Recall=[0.03785, 0.05514, 0.08206, 0.13964],  precision=[0.00757, 0.00551, 0.00410, 0.00279], hit=[0.03785, 0.05514, 0.08206, 0.13964], ndcg=[0.02650, 0.03205, 0.03889, 0.05021], Train Rec Loss=[0.03243], Eval Rec Loss=[0.03241], c=[0.50000], F=[0.83074, 0.90915, 0.94777, 0.96464], F_fuse=[0.01500, 0.01096, 0.00817, 0.00557]
[ INFO : 2026-07-03 04:00:21,846 ] - Epoch 109: train==[58.99606 = 0.90888 + 0.95913 + 4.22442 + 0.01075 + 0.00000 + 0.08396 + 884.94450]
[ INFO : 2026-07-03 04:00:27,238 ] - Test_@[5, 10, 20, 50]: Recall=[0.03850, 0.05628, 0.08352, 0.14160],  precision=[0.00770, 0.00563, 0.00418, 0.00283], hit=[0.03850, 0.05628, 0.08352, 0.14160], ndcg=[0.02673, 0.03245, 0.03934, 0.05073], Train Rec Loss=[0.03241], Eval Rec Loss=[0.03238], c=[0.50000], F=[0.83460, 0.90969, 0.94682, 0.96298], F_fuse=[0.01526, 0.01119, 0.00832, 0.00565]
[ INFO : 2026-07-03 04:01:23,749 ] - Epoch 110: train==[58.93222 = 0.90996 + 0.95913 + 4.16196 + 0.01077 + 0.00000 + 0.08147 + 884.94450]
[ INFO : 2026-07-03 04:01:29,126 ] - Test_@[5, 10, 20, 50]: Recall=[0.03670, 0.05465, 0.08271, 0.14111],  precision=[0.00734, 0.00546, 0.00414, 0.00282], hit=[0.03670, 0.05465, 0.08271, 0.14111], ndcg=[0.02585, 0.03162, 0.03870, 0.05018], Train Rec Loss=[0.03241], Eval Rec Loss=[0.03240], c=[0.50000], F=[0.84007, 0.90971, 0.94589, 0.96404], F_fuse=[0.01455, 0.01086, 0.00823, 0.00563]
[ INFO : 2026-07-03 04:02:29,961 ] - Epoch 111: train==[58.85671 = 0.90361 + 0.95913 + 4.09549 + 0.01070 + 0.00000 + 0.07885 + 884.94450]
[ INFO : 2026-07-03 04:02:35,405 ] - Test_@[5, 10, 20, 50]: Recall=[0.03752, 0.05465, 0.08157, 0.13834],  precision=[0.00750, 0.00546, 0.00408, 0.00277], hit=[0.03752, 0.05465, 0.08157, 0.13834], ndcg=[0.02624, 0.03174, 0.03860, 0.04981], Train Rec Loss=[0.03242], Eval Rec Loss=[0.03238], c=[0.50000], F=[0.83824, 0.91008, 0.94579, 0.96439], F_fuse=[0.01487, 0.01086, 0.00812, 0.00552]
[ INFO : 2026-07-03 04:03:34,918 ] - Epoch 112: train==[58.92019 = 0.89733 + 0.95913 + 4.16709 + 0.01072 + 0.00000 + 0.07699 + 884.94450]
[ INFO : 2026-07-03 04:03:40,318 ] - Test_@[5, 10, 20, 50]: Recall=[0.03703, 0.05530, 0.08206, 0.14013],  precision=[0.00741, 0.00553, 0.00410, 0.00280], hit=[0.03703, 0.05530, 0.08206, 0.14013], ndcg=[0.02583, 0.03169, 0.03846, 0.04993], Train Rec Loss=[0.03241], Eval Rec Loss=[0.03238], c=[0.50000], F=[0.83859, 0.90979, 0.94537, 0.96368], F_fuse=[0.01468, 0.01099, 0.00817, 0.00559]
[ INFO : 2026-07-03 04:04:36,198 ] - Epoch 113: train==[58.88856 = 0.89349 + 0.95913 + 4.14365 + 0.01057 + 0.00000 + 0.07278 + 884.94450]
[ INFO : 2026-07-03 04:04:41,568 ] - Test_@[5, 10, 20, 50]: Recall=[0.03785, 0.05661, 0.08467, 0.14454],  precision=[0.00757, 0.00566, 0.00423, 0.00289], hit=[0.03785, 0.05661, 0.08467, 0.14454], ndcg=[0.02649, 0.03250, 0.03956, 0.05129], Train Rec Loss=[0.03241], Eval Rec Loss=[0.03238], c=[0.50000], F=[0.84297, 0.90893, 0.94378, 0.96096], F_fuse=[0.01500, 0.01125, 0.00843, 0.00576]
[ INFO : 2026-07-03 04:05:40,276 ] - Epoch 114: train==[58.82800 = 0.89162 + 0.95913 + 4.08757 + 0.01062 + 0.00000 + 0.07013 + 884.94450]
[ INFO : 2026-07-03 04:05:45,628 ] - Test_@[5, 10, 20, 50]: Recall=[0.03605, 0.05514, 0.08140, 0.13866],  precision=[0.00721, 0.00551, 0.00407, 0.00277], hit=[0.03605, 0.05514, 0.08140, 0.13866], ndcg=[0.02493, 0.03107, 0.03767, 0.04895], Train Rec Loss=[0.03239], Eval Rec Loss=[0.03238], c=[0.50000], F=[0.84010, 0.90646, 0.94384, 0.96201], F_fuse=[0.01430, 0.01096, 0.00811, 0.00553]
[ INFO : 2026-07-03 04:06:41,736 ] - Epoch 115: train==[58.69474 = 0.88307 + 0.95913 + 3.96507 + 0.01066 + 0.00000 + 0.06789 + 884.94450]
[ INFO : 2026-07-03 04:06:47,107 ] - Test_@[5, 10, 20, 50]: Recall=[0.03670, 0.05546, 0.08271, 0.14160],  precision=[0.00734, 0.00555, 0.00414, 0.00283], hit=[0.03670, 0.05546, 0.08271, 0.14160], ndcg=[0.02549, 0.03149, 0.03833, 0.04991], Train Rec Loss=[0.03240], Eval Rec Loss=[0.03237], c=[0.50000], F=[0.83945, 0.90700, 0.94339, 0.96302], F_fuse=[0.01455, 0.01103, 0.00823, 0.00565]
[ INFO : 2026-07-03 04:07:43,582 ] - Epoch 116: train==[58.70029 = 0.88543 + 0.95913 + 3.97023 + 0.01059 + 0.00000 + 0.06599 + 884.94450]
[ INFO : 2026-07-03 04:07:48,977 ] - Test_@[5, 10, 20, 50]: Recall=[0.03834, 0.05612, 0.08238, 0.14502],  precision=[0.00767, 0.00561, 0.00412, 0.00290], hit=[0.03834, 0.05612, 0.08238, 0.14502], ndcg=[0.02639, 0.03205, 0.03868, 0.05098], Train Rec Loss=[0.03240], Eval Rec Loss=[0.03237], c=[0.50000], F=[0.84006, 0.90779, 0.94375, 0.96302], F_fuse=[0.01520, 0.01115, 0.00820, 0.00578]
[ INFO : 2026-07-03 04:08:46,934 ] - Epoch 117: train==[58.64130 = 0.88173 + 0.95913 + 3.91719 + 0.01065 + 0.00000 + 0.06367 + 884.94450]
[ INFO : 2026-07-03 04:08:52,291 ] - Test_@[5, 10, 20, 50]: Recall=[0.03768, 0.05579, 0.08499, 0.14568],  precision=[0.00754, 0.00558, 0.00425, 0.00291], hit=[0.03768, 0.05579, 0.08499, 0.14568], ndcg=[0.02626, 0.03208, 0.03943, 0.05134], Train Rec Loss=[0.03239], Eval Rec Loss=[0.03235], c=[0.50000], F=[0.84032, 0.90806, 0.94343, 0.96390], F_fuse=[0.01494, 0.01109, 0.00846, 0.00581]
[ INFO : 2026-07-03 04:09:51,154 ] - Epoch 118: train==[58.69936 = 0.87230 + 0.95913 + 3.98677 + 0.01069 + 0.00000 + 0.06154 + 884.94450]
[ INFO : 2026-07-03 04:09:56,529 ] - Test_@[5, 10, 20, 50]: Recall=[0.03834, 0.05644, 0.08450, 0.14698],  precision=[0.00767, 0.00564, 0.00423, 0.00294], hit=[0.03834, 0.05644, 0.08450, 0.14698], ndcg=[0.02656, 0.03231, 0.03936, 0.05163], Train Rec Loss=[0.03239], Eval Rec Loss=[0.03235], c=[0.50000], F=[0.84887, 0.90897, 0.94239, 0.96148], F_fuse=[0.01520, 0.01122, 0.00841, 0.00586]
[ INFO : 2026-07-03 04:10:52,594 ] - Epoch 119: train==[58.63577 = 0.87321 + 0.95913 + 3.92395 + 0.01069 + 0.00000 + 0.05985 + 884.94450]
[ INFO : 2026-07-03 04:10:57,952 ] - Test_@[5, 10, 20, 50]: Recall=[0.03573, 0.05432, 0.08287, 0.14127],  precision=[0.00715, 0.00543, 0.00414, 0.00283], hit=[0.03573, 0.05432, 0.08287, 0.14127], ndcg=[0.02478, 0.03082, 0.03798, 0.04947], Train Rec Loss=[0.03238], Eval Rec Loss=[0.03235], c=[0.50000], F=[0.84421, 0.90595, 0.94180, 0.96311], F_fuse=[0.01417, 0.01080, 0.00825, 0.00563]
[ INFO : 2026-07-03 04:11:53,752 ] - Epoch 120: train==[58.55052 = 0.87129 + 0.95913 + 3.84269 + 0.01065 + 0.00000 + 0.05783 + 884.94450]
[ INFO : 2026-07-03 04:11:59,072 ] - Test_@[5, 10, 20, 50]: Recall=[0.03752, 0.05644, 0.08352, 0.14633],  precision=[0.00750, 0.00564, 0.00418, 0.00293], hit=[0.03752, 0.05644, 0.08352, 0.14633], ndcg=[0.02576, 0.03180, 0.03861, 0.05097], Train Rec Loss=[0.03237], Eval Rec Loss=[0.03235], c=[0.50000], F=[0.84259, 0.90906, 0.94374, 0.96303], F_fuse=[0.01488, 0.01122, 0.00832, 0.00584]
[ INFO : 2026-07-03 04:12:55,364 ] - Epoch 121: train==[58.50796 = 0.86431 + 0.95913 + 3.80939 + 0.01065 + 0.00000 + 0.05555 + 884.94450]
[ INFO : 2026-07-03 04:13:00,832 ] - Test_@[5, 10, 20, 50]: Recall=[0.03752, 0.05514, 0.08467, 0.14731],  precision=[0.00750, 0.00551, 0.00423, 0.00295], hit=[0.03752, 0.05514, 0.08467, 0.14731], ndcg=[0.02584, 0.03150, 0.03892, 0.05120], Train Rec Loss=[0.03236], Eval Rec Loss=[0.03233], c=[0.50000], F=[0.84508, 0.90687, 0.94291, 0.96187], F_fuse=[0.01488, 0.01096, 0.00843, 0.00587]
[ INFO : 2026-07-03 04:13:58,031 ] - Epoch 122: train==[58.49795 = 0.86018 + 0.95913 + 3.80610 + 0.01072 + 0.00000 + 0.05289 + 884.94450]
[ INFO : 2026-07-03 04:14:03,535 ] - Test_@[5, 10, 20, 50]: Recall=[0.03801, 0.05579, 0.08450, 0.14666],  precision=[0.00760, 0.00558, 0.00423, 0.00293], hit=[0.03801, 0.05579, 0.08450, 0.14666], ndcg=[0.02604, 0.03171, 0.03893, 0.05113], Train Rec Loss=[0.03236], Eval Rec Loss=[0.03234], c=[0.50000], F=[0.84340, 0.90540, 0.94213, 0.96217], F_fuse=[0.01507, 0.01109, 0.00841, 0.00585]
[ INFO : 2026-07-03 04:14:59,457 ] - Epoch 123: train==[58.51027 = 0.85620 + 0.95913 + 3.82355 + 0.01073 + 0.00000 + 0.05174 + 884.94450]
[ INFO : 2026-07-03 04:15:04,841 ] - Test_@[5, 10, 20, 50]: Recall=[0.03964, 0.05759, 0.08760, 0.15106],  precision=[0.00793, 0.00576, 0.00438, 0.00302], hit=[0.03964, 0.05759, 0.08760, 0.15106], ndcg=[0.02780, 0.03354, 0.04108, 0.05354], Train Rec Loss=[0.03235], Eval Rec Loss=[0.03233], c=[0.50000], F=[0.84618, 0.90890, 0.94280, 0.96201], F_fuse=[0.01571, 0.01144, 0.00872, 0.00602]
[ INFO : 2026-07-03 04:16:03,602 ] - Epoch 124: train==[58.35894 = 0.85199 + 0.95914 + 3.67870 + 0.01073 + 0.00000 + 0.04946 + 884.94450]
[ INFO : 2026-07-03 04:16:08,940 ] - Test_@[5, 10, 20, 50]: Recall=[0.03883, 0.05661, 0.08483, 0.14845],  precision=[0.00777, 0.00566, 0.00424, 0.00297], hit=[0.03883, 0.05661, 0.08483, 0.14845], ndcg=[0.02674, 0.03240, 0.03951, 0.05201], Train Rec Loss=[0.03235], Eval Rec Loss=[0.03233], c=[0.50000], F=[0.84560, 0.90706, 0.94250, 0.96155], F_fuse=[0.01539, 0.01125, 0.00844, 0.00592]
[ INFO : 2026-07-03 04:17:05,480 ] - Epoch 125: train==[58.42290 = 0.85256 + 0.95914 + 3.74304 + 0.01077 + 0.00000 + 0.04847 + 884.94450]
[ INFO : 2026-07-03 04:17:10,871 ] - Test_@[5, 10, 20, 50]: Recall=[0.03687, 0.05563, 0.08434, 0.14388],  precision=[0.00737, 0.00556, 0.00422, 0.00288], hit=[0.03687, 0.05563, 0.08434, 0.14388], ndcg=[0.02552, 0.03156, 0.03874, 0.05044], Train Rec Loss=[0.03236], Eval Rec Loss=[0.03234], c=[0.50000], F=[0.84392, 0.90747, 0.94362, 0.96215], F_fuse=[0.01462, 0.01106, 0.00840, 0.00574]
[ INFO : 2026-07-03 04:18:07,993 ] - Epoch 126: train==[58.33549 = 0.84390 + 0.95914 + 3.66572 + 0.01069 + 0.00000 + 0.04711 + 884.94450]
[ INFO : 2026-07-03 04:18:13,440 ] - Test_@[5, 10, 20, 50]: Recall=[0.03638, 0.05546, 0.08320, 0.14388],  precision=[0.00728, 0.00555, 0.00416, 0.00288], hit=[0.03638, 0.05546, 0.08320, 0.14388], ndcg=[0.02501, 0.03115, 0.03815, 0.05012], Train Rec Loss=[0.03235], Eval Rec Loss=[0.03231], c=[0.50000], F=[0.84642, 0.90620, 0.94316, 0.96097], F_fuse=[0.01443, 0.01103, 0.00828, 0.00574]
[ INFO : 2026-07-03 04:19:10,901 ] - Epoch 127: train==[58.42144 = 0.84558 + 0.95914 + 3.75152 + 0.01064 + 0.00000 + 0.04564 + 884.94450]
[ INFO : 2026-07-03 04:19:16,326 ] - Test_@[5, 10, 20, 50]: Recall=[0.03899, 0.05644, 0.08630, 0.15008],  precision=[0.00780, 0.00564, 0.00431, 0.00300], hit=[0.03899, 0.05644, 0.08630, 0.15008], ndcg=[0.02651, 0.03207, 0.03957, 0.05210], Train Rec Loss=[0.03233], Eval Rec Loss=[0.03231], c=[0.50000], F=[0.84900, 0.90813, 0.94198, 0.96074], F_fuse=[0.01545, 0.01122, 0.00859, 0.00598]
[ INFO : 2026-07-03 04:20:13,495 ] - Epoch 128: train==[58.34783 = 0.84138 + 0.95913 + 3.68440 + 0.01067 + 0.00000 + 0.04333 + 884.94450]
[ INFO : 2026-07-03 04:20:19,077 ] - Test_@[5, 10, 20, 50]: Recall=[0.03768, 0.05661, 0.08548, 0.14829],  precision=[0.00754, 0.00566, 0.00427, 0.00297], hit=[0.03768, 0.05661, 0.08548, 0.14829], ndcg=[0.02585, 0.03194, 0.03923, 0.05156], Train Rec Loss=[0.03232], Eval Rec Loss=[0.03230], c=[0.50000], F=[0.84433, 0.90735, 0.94196, 0.96041], F_fuse=[0.01494, 0.01125, 0.00851, 0.00591]
[ INFO : 2026-07-03 04:21:16,121 ] - Epoch 129: train==[58.28631 = 0.83362 + 0.95913 + 3.63251 + 0.01065 + 0.00000 + 0.04147 + 884.94450]
[ INFO : 2026-07-03 04:21:21,513 ] - Test_@[5, 10, 20, 50]: Recall=[0.03899, 0.05661, 0.08581, 0.15106],  precision=[0.00780, 0.00566, 0.00429, 0.00302], hit=[0.03899, 0.05661, 0.08581, 0.15106], ndcg=[0.02700, 0.03264, 0.03998, 0.05278], Train Rec Loss=[0.03234], Eval Rec Loss=[0.03231], c=[0.50000], F=[0.84353, 0.90615, 0.94177, 0.96060], F_fuse=[0.01545, 0.01125, 0.00854, 0.00602]
[ INFO : 2026-07-03 04:22:18,409 ] - Epoch 130: train==[58.23651 = 0.83635 + 0.95913 + 3.58169 + 0.01070 + 0.00000 + 0.03970 + 884.94450]
[ INFO : 2026-07-03 04:22:23,874 ] - Test_@[5, 10, 20, 50]: Recall=[0.03768, 0.05628, 0.08564, 0.15024],  precision=[0.00754, 0.00563, 0.00428, 0.00300], hit=[0.03768, 0.05628, 0.08564, 0.15024], ndcg=[0.02615, 0.03217, 0.03956, 0.05221], Train Rec Loss=[0.03234], Eval Rec Loss=[0.03230], c=[0.50000], F=[0.84494, 0.90400, 0.94136, 0.95928], F_fuse=[0.01494, 0.01119, 0.00853, 0.00599]
[ INFO : 2026-07-03 04:23:20,703 ] - Epoch 131: train==[58.26488 = 0.83094 + 0.95914 + 3.61801 + 0.01065 + 0.00000 + 0.03721 + 884.94450]
[ INFO : 2026-07-03 04:23:26,131 ] - Test_@[5, 10, 20, 50]: Recall=[0.03948, 0.05710, 0.08809, 0.15334],  precision=[0.00790, 0.00571, 0.00440, 0.00307], hit=[0.03948, 0.05710, 0.08809, 0.15334], ndcg=[0.02707, 0.03272, 0.04050, 0.05329], Train Rec Loss=[0.03233], Eval Rec Loss=[0.03230], c=[0.50000], F=[0.84521, 0.90550, 0.94117, 0.95948], F_fuse=[0.01565, 0.01135, 0.00877, 0.00611]
[ INFO : 2026-07-03 04:24:26,185 ] - Epoch 132: train==[58.18127 = 0.82478 + 0.95913 + 3.54037 + 0.01076 + 0.00000 + 0.03731 + 884.94450]
[ INFO : 2026-07-03 04:24:31,620 ] - Test_@[5, 10, 20, 50]: Recall=[0.03834, 0.05644, 0.08630, 0.15334],  precision=[0.00767, 0.00564, 0.00431, 0.00307], hit=[0.03834, 0.05644, 0.08630, 0.15334], ndcg=[0.02626, 0.03210, 0.03967, 0.05283], Train Rec Loss=[0.03232], Eval Rec Loss=[0.03229], c=[0.50000], F=[0.84479, 0.90253, 0.93868, 0.95852], F_fuse=[0.01520, 0.01122, 0.00859, 0.00611]
[ INFO : 2026-07-03 04:25:29,009 ] - Epoch 133: train==[58.08339 = 0.82162 + 0.95913 + 3.44698 + 0.01070 + 0.00000 + 0.03603 + 884.94450]
[ INFO : 2026-07-03 04:25:34,432 ] - Test_@[5, 10, 20, 50]: Recall=[0.03622, 0.05677, 0.08483, 0.14829],  precision=[0.00724, 0.00568, 0.00424, 0.00297], hit=[0.03622, 0.05677, 0.08483, 0.14829], ndcg=[0.02507, 0.03167, 0.03870, 0.05116], Train Rec Loss=[0.03231], Eval Rec Loss=[0.03228], c=[0.50000], F=[0.84196, 0.90326, 0.94006, 0.95866], F_fuse=[0.01436, 0.01128, 0.00844, 0.00591]
[ INFO : 2026-07-03 04:26:49,918 ] - Epoch 134: train==[58.08699 = 0.81674 + 0.95913 + 3.45643 + 0.01074 + 0.00000 + 0.03502 + 884.94450]
[ INFO : 2026-07-03 04:26:55,335 ] - Test_@[5, 10, 20, 50]: Recall=[0.03866, 0.05693, 0.08695, 0.15449],  precision=[0.00773, 0.00569, 0.00435, 0.00309], hit=[0.03866, 0.05693, 0.08695, 0.15449], ndcg=[0.02662, 0.03251, 0.04008, 0.05333], Train Rec Loss=[0.03230], Eval Rec Loss=[0.03228], c=[0.50000], F=[0.84687, 0.90375, 0.94047, 0.95866], F_fuse=[0.01532, 0.01132, 0.00865, 0.00616]
[ INFO : 2026-07-03 04:28:04,339 ] - Epoch 135: train==[58.04704 = 0.81498 + 0.95913 + 3.41940 + 0.01075 + 0.00000 + 0.03384 + 884.94450]
[ INFO : 2026-07-03 04:28:09,739 ] - Test_@[5, 10, 20, 50]: Recall=[0.03899, 0.05775, 0.08711, 0.15595],  precision=[0.00780, 0.00577, 0.00436, 0.00312], hit=[0.03899, 0.05775, 0.08711, 0.15595], ndcg=[0.02683, 0.03289, 0.04030, 0.05376], Train Rec Loss=[0.03230], Eval Rec Loss=[0.03228], c=[0.50000], F=[0.84385, 0.90372, 0.93944, 0.95780], F_fuse=[0.01545, 0.01148, 0.00867, 0.00622]
[ INFO : 2026-07-03 04:29:18,479 ] - Epoch 136: train==[58.02468 = 0.81339 + 0.95913 + 3.39976 + 0.01086 + 0.00000 + 0.03261 + 884.94450]
[ INFO : 2026-07-03 04:29:23,887 ] - Test_@[5, 10, 20, 50]: Recall=[0.03883, 0.05856, 0.08744, 0.15677],  precision=[0.00777, 0.00586, 0.00437, 0.00314], hit=[0.03883, 0.05856, 0.08744, 0.15677], ndcg=[0.02685, 0.03320, 0.04047, 0.05404], Train Rec Loss=[0.03231], Eval Rec Loss=[0.03227], c=[0.50000], F=[0.84670, 0.90372, 0.93980, 0.95793], F_fuse=[0.01539, 0.01164, 0.00870, 0.00625]
[ INFO : 2026-07-03 04:30:31,474 ] - Epoch 137: train==[58.00836 = 0.81429 + 0.95913 + 3.38282 + 0.01089 + 0.00000 + 0.03231 + 884.94450]
[ INFO : 2026-07-03 04:30:36,903 ] - Test_@[5, 10, 20, 50]: Recall=[0.03605, 0.05693, 0.08434, 0.15090],  precision=[0.00721, 0.00569, 0.00422, 0.00302], hit=[0.03605, 0.05693, 0.08434, 0.15090], ndcg=[0.02527, 0.03200, 0.03891, 0.05199], Train Rec Loss=[0.03230], Eval Rec Loss=[0.03228], c=[0.50000], F=[0.84204, 0.90168, 0.93869, 0.95799], F_fuse=[0.01430, 0.01132, 0.00840, 0.00602]
[ INFO : 2026-07-03 04:31:52,042 ] - Epoch 138: train==[57.96576 = 0.80891 + 0.95913 + 3.34666 + 0.01094 + 0.00000 + 0.03120 + 884.94450]
[ INFO : 2026-07-03 04:31:57,448 ] - Test_@[5, 10, 20, 50]: Recall=[0.03817, 0.05873, 0.08695, 0.15563],  precision=[0.00763, 0.00587, 0.00435, 0.00311], hit=[0.03817, 0.05873, 0.08695, 0.15563], ndcg=[0.02641, 0.03301, 0.04012, 0.05360], Train Rec Loss=[0.03230], Eval Rec Loss=[0.03227], c=[0.50000], F=[0.84367, 0.90449, 0.94037, 0.95816], F_fuse=[0.01513, 0.01167, 0.00865, 0.00620]
[ INFO : 2026-07-03 04:33:05,427 ] - Epoch 139: train==[58.00096 = 0.80119 + 0.95913 + 3.39073 + 0.01088 + 0.00000 + 0.03009 + 884.94450]
[ INFO : 2026-07-03 04:33:10,890 ] - Test_@[5, 10, 20, 50]: Recall=[0.03654, 0.05628, 0.08630, 0.15024],  precision=[0.00731, 0.00563, 0.00431, 0.00300], hit=[0.03654, 0.05628, 0.08630, 0.15024], ndcg=[0.02549, 0.03185, 0.03941, 0.05196], Train Rec Loss=[0.03229], Eval Rec Loss=[0.03227], c=[0.50000], F=[0.84527, 0.90138, 0.93784, 0.95719], F_fuse=[0.01449, 0.01119, 0.00859, 0.00599]
[ INFO : 2026-07-03 04:34:18,158 ] - Epoch 140: train==[57.95176 = 0.80069 + 0.95913 + 3.34308 + 0.01091 + 0.00000 + 0.02902 + 884.94450]
[ INFO : 2026-07-03 04:34:23,545 ] - Test_@[5, 10, 20, 50]: Recall=[0.03850, 0.05856, 0.08728, 0.15775],  precision=[0.00770, 0.00586, 0.00436, 0.00315], hit=[0.03850, 0.05856, 0.08728, 0.15775], ndcg=[0.02663, 0.03311, 0.04035, 0.05420], Train Rec Loss=[0.03229], Eval Rec Loss=[0.03226], c=[0.50000], F=[0.84919, 0.90477, 0.93946, 0.95868], F_fuse=[0.01526, 0.01164, 0.00869, 0.00629]
[ INFO : 2026-07-03 04:35:34,785 ] - Epoch 141: train==[57.95214 = 0.79885 + 0.95913 + 3.34596 + 0.01092 + 0.00000 + 0.02835 + 884.94450]
[ INFO : 2026-07-03 04:35:40,236 ] - Test_@[5, 10, 20, 50]: Recall=[0.03801, 0.05775, 0.08825, 0.15546],  precision=[0.00760, 0.00577, 0.00441, 0.00311], hit=[0.03801, 0.05775, 0.08825, 0.15546], ndcg=[0.02643, 0.03283, 0.04053, 0.05377], Train Rec Loss=[0.03227], Eval Rec Loss=[0.03226], c=[0.50000], F=[0.84870, 0.90240, 0.93763, 0.95822], F_fuse=[0.01507, 0.01148, 0.00878, 0.00620]
[ INFO : 2026-07-03 04:36:54,719 ] - Epoch 142: train==[57.90688 = 0.79487 + 0.95913 + 3.30524 + 0.01086 + 0.00000 + 0.02784 + 884.94450]
[ INFO : 2026-07-03 04:37:00,163 ] - Test_@[5, 10, 20, 50]: Recall=[0.03899, 0.05824, 0.08842, 0.15840],  precision=[0.00780, 0.00582, 0.00442, 0.00317], hit=[0.03899, 0.05824, 0.08842, 0.15840], ndcg=[0.02667, 0.03289, 0.04053, 0.05429], Train Rec Loss=[0.03228], Eval Rec Loss=[0.03226], c=[0.50000], F=[0.84871, 0.90251, 0.93830, 0.95884], F_fuse=[0.01545, 0.01157, 0.00880, 0.00632]
[ INFO : 2026-07-03 04:38:33,083 ] - Epoch 143: train==[57.82327 = 0.79202 + 0.95913 + 3.22538 + 0.01091 + 0.00000 + 0.02689 + 884.94450]
[ INFO : 2026-07-03 04:38:38,525 ] - Test_@[5, 10, 20, 50]: Recall=[0.03768, 0.05824, 0.08809, 0.15693],  precision=[0.00754, 0.00582, 0.00440, 0.00314], hit=[0.03768, 0.05824, 0.08809, 0.15693], ndcg=[0.02603, 0.03270, 0.04025, 0.05377], Train Rec Loss=[0.03228], Eval Rec Loss=[0.03225], c=[0.50000], F=[0.84452, 0.90198, 0.93719, 0.95635], F_fuse=[0.01494, 0.01157, 0.00877, 0.00626]
[ INFO : 2026-07-03 04:39:46,684 ] - Epoch 144: train==[57.83435 = 0.79365 + 0.95913 + 3.23589 + 0.01100 + 0.00000 + 0.02575 + 884.94450]
[ INFO : 2026-07-03 04:39:52,081 ] - Test_@[5, 10, 20, 50]: Recall=[0.03703, 0.05808, 0.08760, 0.15400],  precision=[0.00741, 0.00581, 0.00438, 0.00308], hit=[0.03703, 0.05808, 0.08760, 0.15400], ndcg=[0.02609, 0.03288, 0.04032, 0.05340], Train Rec Loss=[0.03227], Eval Rec Loss=[0.03225], c=[0.50000], F=[0.84502, 0.90147, 0.93814, 0.95817], F_fuse=[0.01468, 0.01154, 0.00872, 0.00614]
[ INFO : 2026-07-03 04:41:04,299 ] - Epoch 145: train==[57.82462 = 0.78573 + 0.95913 + 3.23397 + 0.01096 + 0.00000 + 0.02589 + 884.94450]
[ INFO : 2026-07-03 04:41:09,732 ] - Test_@[5, 10, 20, 50]: Recall=[0.03556, 0.05628, 0.08679, 0.15122],  precision=[0.00711, 0.00563, 0.00434, 0.00302], hit=[0.03556, 0.05628, 0.08679, 0.15122], ndcg=[0.02526, 0.03195, 0.03961, 0.05227], Train Rec Loss=[0.03228], Eval Rec Loss=[0.03224], c=[0.50000], F=[0.84246, 0.90199, 0.93866, 0.95871], F_fuse=[0.01411, 0.01119, 0.00864, 0.00603]
[ INFO : 2026-07-03 04:42:17,369 ] - Epoch 146: train==[57.84203 = 0.78343 + 0.95913 + 3.25389 + 0.01093 + 0.00000 + 0.02571 + 884.94450]
[ INFO : 2026-07-03 04:42:22,790 ] - Test_@[5, 10, 20, 50]: Recall=[0.03622, 0.05824, 0.08695, 0.15449],  precision=[0.00724, 0.00582, 0.00435, 0.00309], hit=[0.03622, 0.05824, 0.08695, 0.15449], ndcg=[0.02537, 0.03246, 0.03969, 0.05299], Train Rec Loss=[0.03226], Eval Rec Loss=[0.03224], c=[0.50000], F=[0.84702, 0.89980, 0.93583, 0.95622], F_fuse=[0.01436, 0.01157, 0.00865, 0.00616]
[ INFO : 2026-07-03 04:43:25,806 ] - Epoch 147: train==[57.74471 = 0.78129 + 0.95913 + 3.16019 + 0.01094 + 0.00000 + 0.02424 + 884.94450]
[ INFO : 2026-07-03 04:43:31,239 ] - Test_@[5, 10, 20, 50]: Recall=[0.03687, 0.05726, 0.08744, 0.15546],  precision=[0.00737, 0.00573, 0.00437, 0.00311], hit=[0.03687, 0.05726, 0.08744, 0.15546], ndcg=[0.02564, 0.03225, 0.03986, 0.05322], Train Rec Loss=[0.03225], Eval Rec Loss=[0.03224], c=[0.50000], F=[0.84458, 0.89957, 0.93580, 0.95781], F_fuse=[0.01462, 0.01138, 0.00870, 0.00620]
[ INFO : 2026-07-03 04:44:37,890 ] - Epoch 148: train==[57.74886 = 0.78141 + 0.95913 + 3.16424 + 0.01088 + 0.00000 + 0.02426 + 884.94450]
[ INFO : 2026-07-03 04:44:43,362 ] - Test_@[5, 10, 20, 50]: Recall=[0.03997, 0.06020, 0.08956, 0.15905],  precision=[0.00799, 0.00602, 0.00448, 0.00318], hit=[0.03997, 0.06020, 0.08956, 0.15905], ndcg=[0.02790, 0.03438, 0.04175, 0.05541], Train Rec Loss=[0.03226], Eval Rec Loss=[0.03223], c=[0.50000], F=[0.84853, 0.90290, 0.93854, 0.95736], F_fuse=[0.01584, 0.01196, 0.00891, 0.00634]
[ INFO : 2026-07-03 04:45:57,757 ] - Epoch 149: train==[57.77389 = 0.77627 + 0.95913 + 3.19562 + 0.01091 + 0.00000 + 0.02302 + 884.94450]
[ INFO : 2026-07-03 04:46:03,148 ] - Test_@[5, 10, 20, 50]: Recall=[0.03817, 0.05856, 0.08923, 0.15775],  precision=[0.00763, 0.00586, 0.00446, 0.00315], hit=[0.03817, 0.05856, 0.08923, 0.15775], ndcg=[0.02609, 0.03265, 0.04035, 0.05381], Train Rec Loss=[0.03226], Eval Rec Loss=[0.03223], c=[0.50000], F=[0.84741, 0.89946, 0.93562, 0.95678], F_fuse=[0.01513, 0.01164, 0.00888, 0.00629]
[ INFO : 2026-07-03 04:47:18,562 ] - Epoch 150: train==[57.68792 = 0.77498 + 0.95913 + 3.11163 + 0.01102 + 0.00000 + 0.02222 + 884.94450]
[ INFO : 2026-07-03 04:47:24,013 ] - Test_@[5, 10, 20, 50]: Recall=[0.03817, 0.05856, 0.08809, 0.15514],  precision=[0.00763, 0.00586, 0.00440, 0.00310], hit=[0.03817, 0.05856, 0.08809, 0.15514], ndcg=[0.02633, 0.03292, 0.04032, 0.05353], Train Rec Loss=[0.03225], Eval Rec Loss=[0.03223], c=[0.50000], F=[0.84790, 0.90238, 0.93879, 0.95699], F_fuse=[0.01513, 0.01164, 0.00877, 0.00619]
[ INFO : 2026-07-03 04:48:31,654 ] - Epoch 151: train==[57.62268 = 0.76919 + 0.95913 + 3.05302 + 0.01103 + 0.00000 + 0.02138 + 884.94450]
[ INFO : 2026-07-03 04:48:37,105 ] - Test_@[5, 10, 20, 50]: Recall=[0.03622, 0.05693, 0.08777, 0.15400],  precision=[0.00724, 0.00569, 0.00439, 0.00308], hit=[0.03622, 0.05693, 0.08777, 0.15400], ndcg=[0.02531, 0.03202, 0.03978, 0.05282], Train Rec Loss=[0.03224], Eval Rec Loss=[0.03223], c=[0.50000], F=[0.84659, 0.89754, 0.93553, 0.95677], F_fuse=[0.01436, 0.01131, 0.00874, 0.00614]
[ INFO : 2026-07-03 04:50:04,689 ] - Epoch 152: train==[57.63966 = 0.76419 + 0.95913 + 3.07549 + 0.01109 + 0.00000 + 0.02083 + 884.94450]
[ INFO : 2026-07-03 04:50:10,122 ] - Test_@[5, 10, 20, 50]: Recall=[0.03948, 0.06036, 0.08972, 0.16052],  precision=[0.00790, 0.00604, 0.00449, 0.00321], hit=[0.03948, 0.06036, 0.08972, 0.16052], ndcg=[0.02699, 0.03368, 0.04109, 0.05504], Train Rec Loss=[0.03225], Eval Rec Loss=[0.03222], c=[0.50000], F=[0.85104, 0.90260, 0.93818, 0.95773], F_fuse=[0.01565, 0.01199, 0.00893, 0.00640]
[ INFO : 2026-07-03 04:51:22,523 ] - Epoch 153: train==[57.63892 = 0.76167 + 0.95913 + 3.07811 + 0.01110 + 0.00000 + 0.01998 + 884.94450]
[ INFO : 2026-07-03 04:51:27,975 ] - Test_@[5, 10, 20, 50]: Recall=[0.03719, 0.05612, 0.08630, 0.15334],  precision=[0.00744, 0.00561, 0.00431, 0.00307], hit=[0.03719, 0.05612, 0.08630, 0.15334], ndcg=[0.02535, 0.03148, 0.03909, 0.05230], Train Rec Loss=[0.03226], Eval Rec Loss=[0.03220], c=[0.50000], F=[0.84590, 0.89945, 0.93750, 0.95490], F_fuse=[0.01475, 0.01115, 0.00859, 0.00611]
[ INFO : 2026-07-03 04:52:39,820 ] - Epoch 154: train==[57.59054 = 0.75967 + 0.95914 + 3.03133 + 0.01117 + 0.00000 + 0.02030 + 884.94450]
[ INFO : 2026-07-03 04:52:45,267 ] - Test_@[5, 10, 20, 50]: Recall=[0.03915, 0.05922, 0.08891, 0.15938],  precision=[0.00783, 0.00592, 0.00445, 0.00319], hit=[0.03915, 0.05922, 0.08891, 0.15938], ndcg=[0.02682, 0.03328, 0.04079, 0.05470], Train Rec Loss=[0.03225], Eval Rec Loss=[0.03223], c=[0.50000], F=[0.85239, 0.89965, 0.93640, 0.95571], F_fuse=[0.01552, 0.01177, 0.00885, 0.00635]
[ INFO : 2026-07-03 04:53:52,659 ] - Epoch 155: train==[57.58159 = 0.75702 + 0.95913 + 3.02669 + 0.01114 + 0.00000 + 0.01868 + 884.94450]
[ INFO : 2026-07-03 04:53:58,043 ] - Test_@[5, 10, 20, 50]: Recall=[0.03948, 0.06003, 0.09054, 0.16150],  precision=[0.00790, 0.00600, 0.00453, 0.00323], hit=[0.03948, 0.06003, 0.09054, 0.16150], ndcg=[0.02677, 0.03340, 0.04108, 0.05502], Train Rec Loss=[0.03224], Eval Rec Loss=[0.03221], c=[0.50000], F=[0.85305, 0.90259, 0.93945, 0.95506], F_fuse=[0.01565, 0.01193, 0.00901, 0.00644]
[ INFO : 2026-07-03 04:55:20,420 ] - Epoch 156: train==[57.53132 = 0.75735 + 0.95913 + 2.97639 + 0.01118 + 0.00000 + 0.01834 + 884.94450]
[ INFO : 2026-07-03 04:55:25,873 ] - Test_@[5, 10, 20, 50]: Recall=[0.03801, 0.05824, 0.08972, 0.15661],  precision=[0.00760, 0.00582, 0.00449, 0.00313], hit=[0.03801, 0.05824, 0.08972, 0.15661], ndcg=[0.02561, 0.03211, 0.04002, 0.05319], Train Rec Loss=[0.03225], Eval Rec Loss=[0.03220], c=[0.50000], F=[0.84906, 0.89869, 0.93580, 0.95575], F_fuse=[0.01507, 0.01157, 0.00893, 0.00624]
[ INFO : 2026-07-03 04:56:32,585 ] - Epoch 157: train==[57.52893 = 0.75297 + 0.95913 + 2.97826 + 0.01127 + 0.00000 + 0.01836 + 884.94450]
[ INFO : 2026-07-03 04:56:38,019 ] - Test_@[5, 10, 20, 50]: Recall=[0.03703, 0.05742, 0.08630, 0.15416],  precision=[0.00741, 0.00574, 0.00431, 0.00308], hit=[0.03703, 0.05742, 0.08630, 0.15416], ndcg=[0.02518, 0.03173, 0.03897, 0.05237], Train Rec Loss=[0.03224], Eval Rec Loss=[0.03221], c=[0.50000], F=[0.85167, 0.89663, 0.93531, 0.95612], F_fuse=[0.01468, 0.01141, 0.00859, 0.00615]
[ INFO : 2026-07-03 04:57:41,752 ] - Epoch 158: train==[57.57416 = 0.74893 + 0.95914 + 3.02980 + 0.01121 + 0.00000 + 0.01616 + 884.94450]
[ INFO : 2026-07-03 04:57:47,225 ] - Test_@[5, 10, 20, 50]: Recall=[0.03997, 0.06183, 0.09184, 0.16003],  precision=[0.00799, 0.00618, 0.00459, 0.00320], hit=[0.03997, 0.06183, 0.09184, 0.16003], ndcg=[0.02745, 0.03448, 0.04202, 0.05551], Train Rec Loss=[0.03223], Eval Rec Loss=[0.03220], c=[0.50000], F=[0.85094, 0.90027, 0.93643, 0.95569], F_fuse=[0.01584, 0.01228, 0.00914, 0.00638]
[ INFO : 2026-07-03 04:58:46,826 ] - Epoch 159: train==[57.46404 = 0.74692 + 0.95913 + 2.92179 + 0.01125 + 0.00000 + 0.01601 + 884.94450]
[ INFO : 2026-07-03 04:58:52,256 ] - Test_@[5, 10, 20, 50]: Recall=[0.03964, 0.06052, 0.09038, 0.15938],  precision=[0.00793, 0.00605, 0.00452, 0.00319], hit=[0.03964, 0.06052, 0.09038, 0.15938], ndcg=[0.02717, 0.03388, 0.04136, 0.05498], Train Rec Loss=[0.03222], Eval Rec Loss=[0.03219], c=[0.50000], F=[0.84990, 0.90117, 0.93735, 0.95649], F_fuse=[0.01571, 0.01202, 0.00899, 0.00635]
[ INFO : 2026-07-03 04:59:48,960 ] - Epoch 160: train==[57.50326 = 0.74433 + 0.95913 + 2.96440 + 0.01124 + 0.00000 + 0.01523 + 884.94450]
[ INFO : 2026-07-03 04:59:54,360 ] - Test_@[5, 10, 20, 50]: Recall=[0.03931, 0.06085, 0.09103, 0.16003],  precision=[0.00786, 0.00608, 0.00455, 0.00320], hit=[0.03931, 0.06085, 0.09103, 0.16003], ndcg=[0.02703, 0.03396, 0.04153, 0.05517], Train Rec Loss=[0.03222], Eval Rec Loss=[0.03218], c=[0.50000], F=[0.85371, 0.90092, 0.93793, 0.95701], F_fuse=[0.01558, 0.01209, 0.00906, 0.00638]
[ INFO : 2026-07-03 05:00:59,860 ] - Epoch 161: train==[57.47820 = 0.73972 + 0.95913 + 2.94454 + 0.01119 + 0.00000 + 0.01469 + 884.94450]
[ INFO : 2026-07-03 05:01:05,292 ] - Test_@[5, 10, 20, 50]: Recall=[0.03850, 0.06117, 0.08891, 0.15971],  precision=[0.00770, 0.00612, 0.00445, 0.00319], hit=[0.03850, 0.06117, 0.08891, 0.15971], ndcg=[0.02593, 0.03319, 0.04013, 0.05411], Train Rec Loss=[0.03222], Eval Rec Loss=[0.03219], c=[0.50000], F=[0.85139, 0.89672, 0.93489, 0.95499], F_fuse=[0.01526, 0.01215, 0.00885, 0.00637]
[ INFO : 2026-07-03 05:02:02,032 ] - Epoch 162: train==[57.44567 = 0.74111 + 0.95913 + 2.91172 + 0.01115 + 0.00000 + 0.01362 + 884.94450]
[ INFO : 2026-07-03 05:02:07,422 ] - Test_@[5, 10, 20, 50]: Recall=[0.04013, 0.06362, 0.09233, 0.16134],  precision=[0.00803, 0.00636, 0.00462, 0.00323], hit=[0.04013, 0.06362, 0.09233, 0.16134], ndcg=[0.02737, 0.03488, 0.04205, 0.05573], Train Rec Loss=[0.03222], Eval Rec Loss=[0.03220], c=[0.50000], F=[0.85067, 0.90112, 0.93767, 0.95519], F_fuse=[0.01590, 0.01264, 0.00919, 0.00643]
[ INFO : 2026-07-03 05:03:19,641 ] - Epoch 163: train==[57.39641 = 0.73496 + 0.95913 + 2.86896 + 0.01114 + 0.00000 + 0.01328 + 884.94450]
[ INFO : 2026-07-03 05:03:25,048 ] - Test_@[5, 10, 20, 50]: Recall=[0.03883, 0.06085, 0.08972, 0.16020],  precision=[0.00777, 0.00608, 0.00449, 0.00320], hit=[0.03883, 0.06085, 0.08972, 0.16020], ndcg=[0.02609, 0.03323, 0.04050, 0.05445], Train Rec Loss=[0.03221], Eval Rec Loss=[0.03219], c=[0.50000], F=[0.85382, 0.89838, 0.93630, 0.95579], F_fuse=[0.01539, 0.01209, 0.00893, 0.00639]
[ INFO : 2026-07-03 05:04:30,914 ] - Epoch 164: train==[57.39072 = 0.73536 + 0.95913 + 2.86345 + 0.01115 + 0.00000 + 0.01271 + 884.94450]
[ INFO : 2026-07-03 05:04:36,356 ] - Test_@[5, 10, 20, 50]: Recall=[0.03931, 0.06215, 0.09152, 0.16117],  precision=[0.00786, 0.00622, 0.00458, 0.00322], hit=[0.03931, 0.06215, 0.09152, 0.16117], ndcg=[0.02658, 0.03394, 0.04129, 0.05508], Train Rec Loss=[0.03222], Eval Rec Loss=[0.03218], c=[0.50000], F=[0.85238, 0.89631, 0.93510, 0.95573], F_fuse=[0.01558, 0.01235, 0.00911, 0.00643]
[ INFO : 2026-07-03 05:05:51,655 ] - Epoch 165: train==[57.36798 = 0.73166 + 0.95913 + 2.84486 + 0.01114 + 0.00000 + 0.01225 + 884.94450]
[ INFO : 2026-07-03 05:05:57,077 ] - Test_@[5, 10, 20, 50]: Recall=[0.03687, 0.06085, 0.08972, 0.15922],  precision=[0.00737, 0.00608, 0.00449, 0.00318], hit=[0.03687, 0.06085, 0.08972, 0.15922], ndcg=[0.02557, 0.03335, 0.04059, 0.05438], Train Rec Loss=[0.03220], Eval Rec Loss=[0.03218], c=[0.50000], F=[0.85185, 0.89795, 0.93500, 0.95572], F_fuse=[0.01462, 0.01209, 0.00893, 0.00635]
[ INFO : 2026-07-03 05:07:03,951 ] - Epoch 166: train==[57.37796 = 0.72856 + 0.95913 + 2.85807 + 0.01118 + 0.00000 + 0.01209 + 884.94450]
[ INFO : 2026-07-03 05:07:09,372 ] - Test_@[5, 10, 20, 50]: Recall=[0.04029, 0.06330, 0.09217, 0.16183],  precision=[0.00806, 0.00633, 0.00461, 0.00324], hit=[0.04029, 0.06330, 0.09217, 0.16183], ndcg=[0.02745, 0.03491, 0.04218, 0.05601], Train Rec Loss=[0.03221], Eval Rec Loss=[0.03218], c=[0.50000], F=[0.85204, 0.89708, 0.93425, 0.95534], F_fuse=[0.01597, 0.01257, 0.00917, 0.00645]
[ INFO : 2026-07-03 05:08:17,327 ] - Epoch 167: train==[57.34130 = 0.72679 + 0.95913 + 2.82361 + 0.01120 + 0.00000 + 0.01164 + 884.94450]
[ INFO : 2026-07-03 05:08:22,751 ] - Test_@[5, 10, 20, 50]: Recall=[0.03850, 0.06069, 0.09021, 0.15775],  precision=[0.00770, 0.00607, 0.00451, 0.00315], hit=[0.03850, 0.06069, 0.09021, 0.15775], ndcg=[0.02605, 0.03318, 0.04058, 0.05394], Train Rec Loss=[0.03220], Eval Rec Loss=[0.03217], c=[0.50000], F=[0.85031, 0.89618, 0.93410, 0.95399], F_fuse=[0.01526, 0.01206, 0.00898, 0.00629]
[ INFO : 2026-07-03 05:09:34,098 ] - Epoch 168: train==[57.26535 = 0.72343 + 0.95913 + 2.75145 + 0.01129 + 0.00000 + 0.01112 + 884.94450]
[ INFO : 2026-07-03 05:09:39,537 ] - Test_@[5, 10, 20, 50]: Recall=[0.03817, 0.06052, 0.09005, 0.15742],  precision=[0.00763, 0.00605, 0.00450, 0.00315], hit=[0.03817, 0.06052, 0.09005, 0.15742], ndcg=[0.02577, 0.03296, 0.04033, 0.05367], Train Rec Loss=[0.03220], Eval Rec Loss=[0.03217], c=[0.50000], F=[0.85134, 0.89601, 0.93501, 0.95447], F_fuse=[0.01513, 0.01202, 0.00896, 0.00628]
[ INFO : 2026-07-03 05:10:47,423 ] - Epoch 169: train==[57.32907 = 0.72384 + 0.95913 + 2.81503 + 0.01134 + 0.00000 + 0.01079 + 884.94450]
[ INFO : 2026-07-03 05:10:52,855 ] - Test_@[5, 10, 20, 50]: Recall=[0.03850, 0.06134, 0.09168, 0.15938],  precision=[0.00770, 0.00613, 0.00458, 0.00319], hit=[0.03850, 0.06134, 0.09168, 0.15938], ndcg=[0.02617, 0.03357, 0.04120, 0.05458], Train Rec Loss=[0.03221], Eval Rec Loss=[0.03218], c=[0.50000], F=[0.84970, 0.89695, 0.93292, 0.95391], F_fuse=[0.01526, 0.01218, 0.00912, 0.00635]
[ INFO : 2026-07-03 05:12:07,187 ] - Epoch 170: train==[57.29969 = 0.71912 + 0.95914 + 2.79089 + 0.01124 + 0.00000 + 0.01038 + 884.94450]
[ INFO : 2026-07-03 05:12:12,618 ] - Test_@[5, 10, 20, 50]: Recall=[0.03948, 0.06264, 0.09168, 0.16150],  precision=[0.00790, 0.00626, 0.00458, 0.00323], hit=[0.03948, 0.06264, 0.09168, 0.16150], ndcg=[0.02704, 0.03457, 0.04187, 0.05565], Train Rec Loss=[0.03220], Eval Rec Loss=[0.03216], c=[0.50000], F=[0.85041, 0.89927, 0.93562, 0.95389], F_fuse=[0.01565, 0.01244, 0.00912, 0.00644]
[ INFO : 2026-07-03 05:13:20,753 ] - Epoch 171: train==[57.23805 = 0.71502 + 0.95914 + 2.73326 + 0.01136 + 0.00000 + 0.01034 + 884.94450]
[ INFO : 2026-07-03 05:13:26,162 ] - Test_@[5, 10, 20, 50]: Recall=[0.04062, 0.06444, 0.09282, 0.16378],  precision=[0.00812, 0.00644, 0.00464, 0.00328], hit=[0.04062, 0.06444, 0.09282, 0.16378], ndcg=[0.02708, 0.03473, 0.04185, 0.05589], Train Rec Loss=[0.03220], Eval Rec Loss=[0.03216], c=[0.50000], F=[0.85105, 0.89757, 0.93427, 0.95429], F_fuse=[0.01609, 0.01280, 0.00924, 0.00653]
[ INFO : 2026-07-03 05:14:38,153 ] - Epoch 172: train==[57.25600 = 0.71839 + 0.95914 + 2.74826 + 0.01136 + 0.00000 + 0.00992 + 884.94450]
[ INFO : 2026-07-03 05:14:43,560 ] - Test_@[5, 10, 20, 50]: Recall=[0.03817, 0.06215, 0.09184, 0.16150],  precision=[0.00763, 0.00622, 0.00459, 0.00323], hit=[0.03817, 0.06215, 0.09184, 0.16150], ndcg=[0.02586, 0.03366, 0.04110, 0.05485], Train Rec Loss=[0.03219], Eval Rec Loss=[0.03216], c=[0.50000], F=[0.85304, 0.89630, 0.93282, 0.95426], F_fuse=[0.01513, 0.01235, 0.00914, 0.00644]
[ INFO : 2026-07-03 05:15:50,583 ] - Epoch 173: train==[57.28376 = 0.71216 + 0.95913 + 2.78243 + 0.01141 + 0.00000 + 0.00969 + 884.94450]
[ INFO : 2026-07-03 05:15:56,045 ] - Test_@[5, 10, 20, 50]: Recall=[0.03801, 0.05873, 0.08874, 0.15253],  precision=[0.00760, 0.00587, 0.00444, 0.00305], hit=[0.03801, 0.05873, 0.08874, 0.15253], ndcg=[0.02512, 0.03178, 0.03927, 0.05190], Train Rec Loss=[0.03218], Eval Rec Loss=[0.03216], c=[0.50000], F=[0.85036, 0.89506, 0.93116, 0.95381], F_fuse=[0.01507, 0.01167, 0.00883, 0.00608]
[ INFO : 2026-07-03 05:17:07,126 ] - Epoch 174: train==[57.20084 = 0.70798 + 0.95913 + 2.70348 + 0.01141 + 0.00000 + 0.00990 + 884.94450]
[ INFO : 2026-07-03 05:17:12,539 ] - Test_@[5, 10, 20, 50]: Recall=[0.03931, 0.06020, 0.09152, 0.16003],  precision=[0.00786, 0.00602, 0.00458, 0.00320], hit=[0.03931, 0.06020, 0.09152, 0.16003], ndcg=[0.02599, 0.03272, 0.04053, 0.05405], Train Rec Loss=[0.03218], Eval Rec Loss=[0.03216], c=[0.50000], F=[0.85093, 0.89403, 0.93182, 0.95447], F_fuse=[0.01558, 0.01196, 0.00911, 0.00638]
[ INFO : 2026-07-03 05:18:17,834 ] - Epoch 175: train==[57.23317 = 0.71024 + 0.95913 + 2.73353 + 0.01130 + 0.00000 + 0.01004 + 884.94450]
[ INFO : 2026-07-03 05:18:23,225 ] - Test_@[5, 10, 20, 50]: Recall=[0.03915, 0.06183, 0.09233, 0.15873],  precision=[0.00783, 0.00618, 0.00462, 0.00317], hit=[0.03915, 0.06183, 0.09233, 0.15873], ndcg=[0.02649, 0.03382, 0.04147, 0.05461], Train Rec Loss=[0.03219], Eval Rec Loss=[0.03216], c=[0.50000], F=[0.84656, 0.89235, 0.93014, 0.95224], F_fuse=[0.01552, 0.01228, 0.00919, 0.00633]
[ INFO : 2026-07-03 05:19:30,045 ] - Epoch 176: train==[57.18285 = 0.70682 + 0.95913 + 2.68790 + 0.01130 + 0.00000 + 0.00877 + 884.94450]
[ INFO : 2026-07-03 05:19:35,465 ] - Test_@[5, 10, 20, 50]: Recall=[0.03915, 0.06199, 0.09250, 0.16248],  precision=[0.00783, 0.00620, 0.00462, 0.00325], hit=[0.03915, 0.06199, 0.09250, 0.16248], ndcg=[0.02701, 0.03440, 0.04208, 0.05585], Train Rec Loss=[0.03218], Eval Rec Loss=[0.03215], c=[0.50000], F=[0.85283, 0.89752, 0.93580, 0.95251], F_fuse=[0.01552, 0.01231, 0.00920, 0.00648]
[ INFO : 2026-07-03 05:20:59,817 ] - Epoch 177: train==[57.18301 = 0.70413 + 0.95913 + 2.69060 + 0.01130 + 0.00000 + 0.00892 + 884.94450]
[ INFO : 2026-07-03 05:21:05,254 ] - Test_@[5, 10, 20, 50]: Recall=[0.03915, 0.06101, 0.09331, 0.15677],  precision=[0.00783, 0.00610, 0.00467, 0.00314], hit=[0.03915, 0.06101, 0.09331, 0.15677], ndcg=[0.02616, 0.03323, 0.04129, 0.05382], Train Rec Loss=[0.03218], Eval Rec Loss=[0.03216], c=[0.50000], F=[0.85037, 0.89178, 0.93013, 0.95303], F_fuse=[0.01552, 0.01212, 0.00928, 0.00625]
[ INFO : 2026-07-03 05:22:16,347 ] - Epoch 178: train==[57.11648 = 0.70190 + 0.95913 + 2.62723 + 0.01139 + 0.00000 + 0.00790 + 884.94450]
[ INFO : 2026-07-03 05:22:21,790 ] - Test_@[5, 10, 20, 50]: Recall=[0.03883, 0.06264, 0.09184, 0.16036],  precision=[0.00777, 0.00626, 0.00459, 0.00321], hit=[0.03883, 0.06264, 0.09184, 0.16036], ndcg=[0.02628, 0.03396, 0.04129, 0.05480], Train Rec Loss=[0.03218], Eval Rec Loss=[0.03214], c=[0.50000], F=[0.84640, 0.89538, 0.93270, 0.95257], F_fuse=[0.01539, 0.01244, 0.00914, 0.00639]
[ INFO : 2026-07-03 05:23:27,838 ] - Epoch 179: train==[57.10968 = 0.70074 + 0.95913 + 2.62278 + 0.01142 + 0.00000 + 0.00668 + 884.94450]
[ INFO : 2026-07-03 05:23:33,245 ] - Test_@[5, 10, 20, 50]: Recall=[0.03915, 0.06232, 0.09560, 0.15971],  precision=[0.00783, 0.00623, 0.00478, 0.00319], hit=[0.03915, 0.06232, 0.09560, 0.15971], ndcg=[0.02654, 0.03406, 0.04236, 0.05503], Train Rec Loss=[0.03217], Eval Rec Loss=[0.03214], c=[0.50000], F=[0.85208, 0.89371, 0.93108, 0.95397], F_fuse=[0.01552, 0.01238, 0.00951, 0.00637]
[ INFO : 2026-07-03 05:24:47,245 ] - Epoch 180: train==[57.08196 = 0.69766 + 0.95914 + 2.59809 + 0.01141 + 0.00000 + 0.00674 + 884.94450]
[ INFO : 2026-07-03 05:24:52,680 ] - Test_@[5, 10, 20, 50]: Recall=[0.03997, 0.06330, 0.09478, 0.16248],  precision=[0.00799, 0.00633, 0.00474, 0.00325], hit=[0.03997, 0.06330, 0.09478, 0.16248], ndcg=[0.02713, 0.03467, 0.04258, 0.05591], Train Rec Loss=[0.03217], Eval Rec Loss=[0.03214], c=[0.50000], F=[0.84636, 0.89526, 0.93263, 0.95173], F_fuse=[0.01584, 0.01257, 0.00943, 0.00648]
[ INFO : 2026-07-03 05:25:59,674 ] - Epoch 181: train==[57.02509 = 0.69878 + 0.95914 + 2.54010 + 0.01151 + 0.00000 + 0.00664 + 884.94450]
[ INFO : 2026-07-03 05:26:05,090 ] - Test_@[5, 10, 20, 50]: Recall=[0.03980, 0.06330, 0.09543, 0.16183],  precision=[0.00796, 0.00633, 0.00477, 0.00324], hit=[0.03980, 0.06330, 0.09543, 0.16183], ndcg=[0.02702, 0.03461, 0.04262, 0.05572], Train Rec Loss=[0.03216], Eval Rec Loss=[0.03214], c=[0.50000], F=[0.84910, 0.89420, 0.93063, 0.95367], F_fuse=[0.01577, 0.01257, 0.00949, 0.00645]
[ INFO : 2026-07-03 05:27:05,855 ] - Epoch 182: train==[57.11504 = 0.69188 + 0.95914 + 2.63714 + 0.01143 + 0.00000 + 0.00652 + 884.94450]
[ INFO : 2026-07-03 05:27:11,283 ] - Test_@[5, 10, 20, 50]: Recall=[0.04013, 0.06215, 0.09641, 0.16183],  precision=[0.00803, 0.00622, 0.00482, 0.00324], hit=[0.04013, 0.06215, 0.09641, 0.16183], ndcg=[0.02689, 0.03404, 0.04262, 0.05549], Train Rec Loss=[0.03217], Eval Rec Loss=[0.03214], c=[0.50000], F=[0.84857, 0.89503, 0.93158, 0.95367], F_fuse=[0.01590, 0.01234, 0.00959, 0.00645]
[ INFO : 2026-07-03 05:28:33,056 ] - Epoch 183: train==[57.06913 = 0.68846 + 0.95914 + 2.59489 + 0.01144 + 0.00000 + 0.00627 + 884.94450]
[ INFO : 2026-07-03 05:28:38,480 ] - Test_@[5, 10, 20, 50]: Recall=[0.03768, 0.05905, 0.08972, 0.15188],  precision=[0.00754, 0.00591, 0.00449, 0.00304], hit=[0.03768, 0.05905, 0.08972, 0.15188], ndcg=[0.02522, 0.03217, 0.03985, 0.05210], Train Rec Loss=[0.03216], Eval Rec Loss=[0.03215], c=[0.50000], F=[0.85058, 0.89305, 0.92967, 0.95240], F_fuse=[0.01494, 0.01173, 0.00893, 0.00606]
[ INFO : 2026-07-03 05:29:45,563 ] - Epoch 184: train==[57.02154 = 0.69176 + 0.95913 + 2.54417 + 0.01150 + 0.00000 + 0.00604 + 884.94450]
[ INFO : 2026-07-03 05:29:51,006 ] - Test_@[5, 10, 20, 50]: Recall=[0.04046, 0.06378, 0.09429, 0.16509],  precision=[0.00809, 0.00638, 0.00471, 0.00330], hit=[0.04046, 0.06378, 0.09429, 0.16509], ndcg=[0.02721, 0.03475, 0.04242, 0.05643], Train Rec Loss=[0.03216], Eval Rec Loss=[0.03214], c=[0.50000], F=[0.85052, 0.89680, 0.93378, 0.95331], F_fuse=[0.01603, 0.01267, 0.00938, 0.00658]
[ INFO : 2026-07-03 05:30:57,381 ] - Epoch 185: train==[57.04913 = 0.68349 + 0.95913 + 2.58024 + 0.01150 + 0.00000 + 0.00583 + 884.94450]
[ INFO : 2026-07-03 05:31:02,769 ] - Test_@[5, 10, 20, 50]: Recall=[0.03785, 0.05987, 0.09103, 0.15856],  precision=[0.00757, 0.00599, 0.00455, 0.00317], hit=[0.03785, 0.05987, 0.09103, 0.15856], ndcg=[0.02545, 0.03257, 0.04035, 0.05369], Train Rec Loss=[0.03216], Eval Rec Loss=[0.03213], c=[0.50000], F=[0.84865, 0.89297, 0.93081, 0.95570], F_fuse=[0.01500, 0.01189, 0.00906, 0.00632]
[ INFO : 2026-07-03 05:32:18,467 ] - Epoch 186: train==[57.05848 = 0.68467 + 0.95913 + 2.58830 + 0.01153 + 0.00000 + 0.00592 + 884.94450]
[ INFO : 2026-07-03 05:32:23,864 ] - Test_@[5, 10, 20, 50]: Recall=[0.04127, 0.06411, 0.09445, 0.16150],  precision=[0.00825, 0.00641, 0.00472, 0.00323], hit=[0.04127, 0.06411, 0.09445, 0.16150], ndcg=[0.02809, 0.03543, 0.04302, 0.05625], Train Rec Loss=[0.03216], Eval Rec Loss=[0.03213], c=[0.50000], F=[0.84716, 0.89464, 0.93119, 0.95272], F_fuse=[0.01635, 0.01273, 0.00940, 0.00644]
[ INFO : 2026-07-03 05:33:20,506 ] - Epoch 187: train==[57.01700 = 0.68222 + 0.95913 + 2.55009 + 0.01146 + 0.00000 + 0.00516 + 884.94450]
[ INFO : 2026-07-03 05:33:25,882 ] - Test_@[5, 10, 20, 50]: Recall=[0.04029, 0.06281, 0.09511, 0.15938],  precision=[0.00806, 0.00628, 0.00476, 0.00319], hit=[0.04029, 0.06281, 0.09511, 0.15938], ndcg=[0.02706, 0.03430, 0.04243, 0.05514], Train Rec Loss=[0.03216], Eval Rec Loss=[0.03212], c=[0.50000], F=[0.85032, 0.89333, 0.93045, 0.95380], F_fuse=[0.01597, 0.01247, 0.00946, 0.00635]
[ INFO : 2026-07-03 05:34:22,513 ] - Epoch 188: train==[56.99719 = 0.68239 + 0.95913 + 2.53051 + 0.01152 + 0.00000 + 0.00470 + 884.94450]
[ INFO : 2026-07-03 05:34:27,940 ] - Test_@[5, 10, 20, 50]: Recall=[0.04144, 0.06427, 0.09592, 0.16493],  precision=[0.00829, 0.00643, 0.00480, 0.00330], hit=[0.04144, 0.06427, 0.09592, 0.16493], ndcg=[0.02733, 0.03471, 0.04266, 0.05632], Train Rec Loss=[0.03216], Eval Rec Loss=[0.03213], c=[0.50000], F=[0.85109, 0.89532, 0.93183, 0.95320], F_fuse=[0.01641, 0.01276, 0.00954, 0.00657]
[ INFO : 2026-07-03 05:35:25,418 ] - Epoch 189: train==[57.02687 = 0.67761 + 0.95913 + 2.56536 + 0.01157 + 0.00000 + 0.00427 + 884.94450]
[ INFO : 2026-07-03 05:35:30,898 ] - Test_@[5, 10, 20, 50]: Recall=[0.04127, 0.06493, 0.09821, 0.16362],  precision=[0.00825, 0.00649, 0.00491, 0.00327], hit=[0.04127, 0.06493, 0.09821, 0.16362], ndcg=[0.02763, 0.03526, 0.04360, 0.05650], Train Rec Loss=[0.03215], Eval Rec Loss=[0.03213], c=[0.50000], F=[0.84562, 0.89409, 0.93038, 0.95276], F_fuse=[0.01635, 0.01289, 0.00977, 0.00652]
[ INFO : 2026-07-03 05:36:31,214 ] - Epoch 190: train==[56.95568 = 0.67416 + 0.95914 + 2.49738 + 0.01158 + 0.00000 + 0.00450 + 884.94450]
[ INFO : 2026-07-03 05:36:38,892 ] - Test_@[5, 10, 20, 50]: Recall=[0.04062, 0.06476, 0.09657, 0.16509],  precision=[0.00812, 0.00648, 0.00483, 0.00330], hit=[0.04062, 0.06476, 0.09657, 0.16509], ndcg=[0.02733, 0.03513, 0.04312, 0.05662], Train Rec Loss=[0.03215], Eval Rec Loss=[0.03213], c=[0.50000], F=[0.84688, 0.89434, 0.93124, 0.95239], F_fuse=[0.01609, 0.01286, 0.00961, 0.00658]
[ INFO : 2026-07-03 05:37:36,121 ] - Epoch 191: train==[56.97314 = 0.67385 + 0.95913 + 2.51326 + 0.01156 + 0.00000 + 0.00641 + 884.94450]
[ INFO : 2026-07-03 05:37:41,550 ] - Test_@[5, 10, 20, 50]: Recall=[0.03899, 0.06232, 0.09560, 0.16297],  precision=[0.00780, 0.00623, 0.00478, 0.00326], hit=[0.03899, 0.06232, 0.09560, 0.16297], ndcg=[0.02661, 0.03422, 0.04261, 0.05593], Train Rec Loss=[0.03215], Eval Rec Loss=[0.03213], c=[0.50000], F=[0.85012, 0.89622, 0.93226, 0.95304], F_fuse=[0.01545, 0.01238, 0.00951, 0.00650]
[ INFO : 2026-07-03 05:38:38,018 ] - Epoch 192: train==[56.94674 = 0.67006 + 0.95913 + 2.49262 + 0.01169 + 0.00000 + 0.00430 + 884.94450]
[ INFO : 2026-07-03 05:38:43,421 ] - Test_@[5, 10, 20, 50]: Recall=[0.04111, 0.06362, 0.09690, 0.16248],  precision=[0.00822, 0.00636, 0.00485, 0.00325], hit=[0.04111, 0.06362, 0.09690, 0.16248], ndcg=[0.02755, 0.03480, 0.04317, 0.05605], Train Rec Loss=[0.03214], Eval Rec Loss=[0.03211], c=[0.50000], F=[0.84727, 0.89296, 0.92868, 0.95069], F_fuse=[0.01629, 0.01263, 0.00964, 0.00648]
[ INFO : 2026-07-03 05:39:40,091 ] - Epoch 193: train==[56.93947 = 0.67017 + 0.95913 + 2.48492 + 0.01176 + 0.00000 + 0.00456 + 884.94450]
[ INFO : 2026-07-03 05:39:45,517 ] - Test_@[5, 10, 20, 50]: Recall=[0.04144, 0.06411, 0.09755, 0.16297],  precision=[0.00829, 0.00641, 0.00488, 0.00326], hit=[0.04144, 0.06411, 0.09755, 0.16297], ndcg=[0.02794, 0.03523, 0.04360, 0.05653], Train Rec Loss=[0.03214], Eval Rec Loss=[0.03211], c=[0.50000], F=[0.84934, 0.89373, 0.92998, 0.95394], F_fuse=[0.01641, 0.01273, 0.00970, 0.00650]
[ INFO : 2026-07-03 05:40:42,142 ] - Epoch 194: train==[56.93478 = 0.66597 + 0.95913 + 2.48394 + 0.01185 + 0.00000 + 0.00496 + 884.94450]
[ INFO : 2026-07-03 05:40:47,550 ] - Test_@[5, 10, 20, 50]: Recall=[0.04192, 0.06395, 0.09739, 0.16330],  precision=[0.00838, 0.00639, 0.00487, 0.00327], hit=[0.04192, 0.06395, 0.09739, 0.16330], ndcg=[0.02791, 0.03501, 0.04339, 0.05642], Train Rec Loss=[0.03214], Eval Rec Loss=[0.03210], c=[0.50000], F=[0.84930, 0.89304, 0.92842, 0.95260], F_fuse=[0.01661, 0.01270, 0.00969, 0.00651]
[ INFO : 2026-07-03 05:41:47,966 ] - Epoch 195: train==[56.98274 = 0.66557 + 0.95913 + 2.53304 + 0.01165 + 0.00000 + 0.00442 + 884.94450]
[ INFO : 2026-07-03 05:41:53,397 ] - Test_@[5, 10, 20, 50]: Recall=[0.04209, 0.06770, 0.10033, 0.16754],  precision=[0.00842, 0.00677, 0.00502, 0.00335], hit=[0.04209, 0.06770, 0.10033, 0.16754], ndcg=[0.02868, 0.03695, 0.04517, 0.05845], Train Rec Loss=[0.03214], Eval Rec Loss=[0.03211], c=[0.50000], F=[0.84505, 0.89350, 0.92949, 0.95169], F_fuse=[0.01667, 0.01344, 0.00998, 0.00668]
[ INFO : 2026-07-03 05:42:53,081 ] - Epoch 196: train==[56.95080 = 0.66131 + 0.95914 + 2.50461 + 0.01160 + 0.00000 + 0.00522 + 884.94450]
[ INFO : 2026-07-03 05:42:58,508 ] - Test_@[5, 10, 20, 50]: Recall=[0.04029, 0.06313, 0.09657, 0.16395],  precision=[0.00806, 0.00631, 0.00483, 0.00328], hit=[0.04029, 0.06313, 0.09657, 0.16395], ndcg=[0.02678, 0.03418, 0.04258, 0.05589], Train Rec Loss=[0.03213], Eval Rec Loss=[0.03212], c=[0.50000], F=[0.84741, 0.89308, 0.92963, 0.95198], F_fuse=[0.01597, 0.01254, 0.00961, 0.00654]
[ INFO : 2026-07-03 05:43:55,680 ] - Epoch 197: train==[56.87015 = 0.66385 + 0.95913 + 2.42190 + 0.01167 + 0.00000 + 0.00467 + 884.94450]
[ INFO : 2026-07-03 05:44:01,113 ] - Test_@[5, 10, 20, 50]: Recall=[0.03948, 0.06362, 0.09560, 0.15954],  precision=[0.00790, 0.00636, 0.00478, 0.00319], hit=[0.03948, 0.06362, 0.09560, 0.15954], ndcg=[0.02665, 0.03436, 0.04238, 0.05499], Train Rec Loss=[0.03214], Eval Rec Loss=[0.03211], c=[0.50000], F=[0.84970, 0.89296, 0.92687, 0.95278], F_fuse=[0.01565, 0.01263, 0.00951, 0.00636]
[ INFO : 2026-07-03 05:45:07,383 ] - Epoch 198: train==[56.92327 = 0.66176 + 0.95913 + 2.47732 + 0.01174 + 0.00000 + 0.00439 + 884.94450]
[ INFO : 2026-07-03 05:45:12,804 ] - Test_@[5, 10, 20, 50]: Recall=[0.04274, 0.06444, 0.09804, 0.16639],  precision=[0.00855, 0.00644, 0.00490, 0.00333], hit=[0.04274, 0.06444, 0.09804, 0.16639], ndcg=[0.02828, 0.03528, 0.04375, 0.05724], Train Rec Loss=[0.03213], Eval Rec Loss=[0.03210], c=[0.50000], F=[0.84853, 0.89336, 0.93072, 0.95356], F_fuse=[0.01693, 0.01280, 0.00975, 0.00663]
[ INFO : 2026-07-03 05:46:09,524 ] - Epoch 199: train==[56.89493 = 0.65430 + 0.95913 + 2.45535 + 0.01173 + 0.00000 + 0.00548 + 884.94450]
[ INFO : 2026-07-03 05:46:14,938 ] - Test_@[5, 10, 20, 50]: Recall=[0.03915, 0.06117, 0.09494, 0.15824],  precision=[0.00783, 0.00612, 0.00475, 0.00316], hit=[0.03915, 0.06117, 0.09494, 0.15824], ndcg=[0.02642, 0.03352, 0.04197, 0.05445], Train Rec Loss=[0.03213], Eval Rec Loss=[0.03211], c=[0.50000], F=[0.84885, 0.89159, 0.92768, 0.95169], F_fuse=[0.01552, 0.01215, 0.00945, 0.00631]
[ INFO : 2026-07-03 05:47:11,874 ] - Epoch 200: train==[56.84977 = 0.65209 + 0.95914 + 2.41305 + 0.01172 + 0.00000 + 0.00484 + 884.94450]
[ INFO : 2026-07-03 05:47:17,312 ] - Test_@[5, 10, 20, 50]: Recall=[0.04046, 0.06330, 0.09837, 0.16460],  precision=[0.00809, 0.00633, 0.00492, 0.00329], hit=[0.04046, 0.06330, 0.09837, 0.16460], ndcg=[0.02712, 0.03454, 0.04336, 0.05642], Train Rec Loss=[0.03213], Eval Rec Loss=[0.03210], c=[0.50000], F=[0.85092, 0.89298, 0.92866, 0.95279], F_fuse=[0.01603, 0.01257, 0.00979, 0.00656]
[ INFO : 2026-07-03 05:48:13,725 ] - Epoch 201: train==[56.84183 = 0.65378 + 0.95914 + 2.40461 + 0.01169 + 0.00000 + 0.00369 + 884.94450]
[ INFO : 2026-07-03 05:48:19,154 ] - Test_@[5, 10, 20, 50]: Recall=[0.04160, 0.06427, 0.09821, 0.16297],  precision=[0.00832, 0.00643, 0.00491, 0.00326], hit=[0.04160, 0.06427, 0.09821, 0.16297], ndcg=[0.02773, 0.03501, 0.04355, 0.05635], Train Rec Loss=[0.03213], Eval Rec Loss=[0.03210], c=[0.50000], F=[0.84638, 0.88988, 0.92720, 0.95169], F_fuse=[0.01648, 0.01276, 0.00977, 0.00650]
[ INFO : 2026-07-03 05:49:15,938 ] - Epoch 202: train==[56.88522 = 0.65407 + 0.95913 + 2.44768 + 0.01175 + 0.00000 + 0.00366 + 884.94450]
[ INFO : 2026-07-03 05:49:21,357 ] - Test_@[5, 10, 20, 50]: Recall=[0.04209, 0.06542, 0.09853, 0.16362],  precision=[0.00842, 0.00654, 0.00493, 0.00327], hit=[0.04209, 0.06542, 0.09853, 0.16362], ndcg=[0.02842, 0.03586, 0.04422, 0.05704], Train Rec Loss=[0.03212], Eval Rec Loss=[0.03210], c=[0.50000], F=[0.84632, 0.89186, 0.92858, 0.94962], F_fuse=[0.01667, 0.01299, 0.00980, 0.00652]
[ INFO : 2026-07-03 05:50:17,904 ] - Epoch 203: train==[56.85262 = 0.65147 + 0.95913 + 2.41685 + 0.01181 + 0.00000 + 0.00443 + 884.94450]
[ INFO : 2026-07-03 05:50:23,296 ] - Test_@[5, 10, 20, 50]: Recall=[0.04160, 0.06509, 0.10016, 0.16786],  precision=[0.00832, 0.00651, 0.00501, 0.00336], hit=[0.04160, 0.06509, 0.10016, 0.16786], ndcg=[0.02745, 0.03502, 0.04384, 0.05724], Train Rec Loss=[0.03212], Eval Rec Loss=[0.03209], c=[0.50000], F=[0.85060, 0.89632, 0.92982, 0.95345], F_fuse=[0.01648, 0.01292, 0.00996, 0.00669]
[ INFO : 2026-07-03 05:51:19,824 ] - Epoch 204: train==[56.78550 = 0.64808 + 0.95913 + 2.35380 + 0.01177 + 0.00000 + 0.00379 + 884.94450]
[ INFO : 2026-07-03 05:51:25,265 ] - Test_@[5, 10, 20, 50]: Recall=[0.04111, 0.06150, 0.09804, 0.15808],  precision=[0.00822, 0.00615, 0.00490, 0.00316], hit=[0.04111, 0.06150, 0.09804, 0.15808], ndcg=[0.02751, 0.03412, 0.04333, 0.05518], Train Rec Loss=[0.03213], Eval Rec Loss=[0.03209], c=[0.50000], F=[0.84581, 0.89209, 0.92761, 0.95093], F_fuse=[0.01629, 0.01222, 0.00975, 0.00630]
[ INFO : 2026-07-03 05:52:23,087 ] - Epoch 205: train==[56.82652 = 0.64540 + 0.95914 + 2.39714 + 0.01191 + 0.00000 + 0.00400 + 884.94450]
[ INFO : 2026-07-03 05:52:28,523 ] - Test_@[5, 10, 20, 50]: Recall=[0.04144, 0.06281, 0.09837, 0.16003],  precision=[0.00829, 0.00628, 0.00492, 0.00320], hit=[0.04144, 0.06281, 0.09837, 0.16003], ndcg=[0.02766, 0.03446, 0.04338, 0.05547], Train Rec Loss=[0.03211], Eval Rec Loss=[0.03209], c=[0.50000], F=[0.84875, 0.89316, 0.92953, 0.94959], F_fuse=[0.01641, 0.01247, 0.00979, 0.00638]
[ INFO : 2026-07-03 05:53:25,272 ] - Epoch 206: train==[56.79944 = 0.64283 + 0.95913 + 2.37227 + 0.01180 + 0.00000 + 0.00446 + 884.94450]
[ INFO : 2026-07-03 05:53:30,659 ] - Test_@[5, 10, 20, 50]: Recall=[0.04323, 0.06737, 0.10261, 0.16607],  precision=[0.00865, 0.00674, 0.00513, 0.00332], hit=[0.04323, 0.06737, 0.10261, 0.16607], ndcg=[0.02915, 0.03688, 0.04570, 0.05818], Train Rec Loss=[0.03212], Eval Rec Loss=[0.03209], c=[0.50000], F=[0.85084, 0.89415, 0.92909, 0.95157], F_fuse=[0.01712, 0.01337, 0.01020, 0.00662]
[ INFO : 2026-07-03 05:54:30,349 ] - Epoch 207: train==[56.83023 = 0.64489 + 0.95913 + 2.40131 + 0.01186 + 0.00000 + 0.00410 + 884.94450]
[ INFO : 2026-07-03 05:54:35,815 ] - Test_@[5, 10, 20, 50]: Recall=[0.04437, 0.06607, 0.10163, 0.16639],  precision=[0.00887, 0.00661, 0.00508, 0.00333], hit=[0.04437, 0.06607, 0.10163, 0.16639], ndcg=[0.02950, 0.03649, 0.04545, 0.05823], Train Rec Loss=[0.03212], Eval Rec Loss=[0.03209], c=[0.50000], F=[0.84761, 0.89266, 0.92754, 0.95182], F_fuse=[0.01756, 0.01312, 0.01011, 0.00663]
[ INFO : 2026-07-03 05:55:32,637 ] - Epoch 208: train==[56.78668 = 0.63800 + 0.95914 + 2.36444 + 0.01198 + 0.00000 + 0.00418 + 884.94450]
[ INFO : 2026-07-03 05:55:38,054 ] - Test_@[5, 10, 20, 50]: Recall=[0.04372, 0.06411, 0.09951, 0.16281],  precision=[0.00874, 0.00641, 0.00498, 0.00326], hit=[0.04372, 0.06411, 0.09951, 0.16281], ndcg=[0.02909, 0.03563, 0.04457, 0.05703], Train Rec Loss=[0.03212], Eval Rec Loss=[0.03208], c=[0.50000], F=[0.84631, 0.89111, 0.92601, 0.94973], F_fuse=[0.01731, 0.01273, 0.00990, 0.00649]
[ INFO : 2026-07-03 05:56:34,931 ] - Epoch 209: train==[56.72764 = 0.63980 + 0.95914 + 2.30355 + 0.01210 + 0.00000 + 0.00413 + 884.94450]
[ INFO : 2026-07-03 05:56:40,363 ] - Test_@[5, 10, 20, 50]: Recall=[0.04160, 0.06395, 0.09788, 0.15759],  precision=[0.00832, 0.00639, 0.00489, 0.00315], hit=[0.04160, 0.06395, 0.09788, 0.15759], ndcg=[0.02755, 0.03472, 0.04325, 0.05505], Train Rec Loss=[0.03212], Eval Rec Loss=[0.03208], c=[0.50000], F=[0.84872, 0.89265, 0.92772, 0.95185], F_fuse=[0.01648, 0.01270, 0.00974, 0.00628]
[ INFO : 2026-07-03 05:57:36,958 ] - Epoch 210: train==[56.74992 = 0.63717 + 0.95914 + 2.32933 + 0.01210 + 0.00000 + 0.00325 + 884.94450]
[ INFO : 2026-07-03 05:57:42,375 ] - Test_@[5, 10, 20, 50]: Recall=[0.04339, 0.06656, 0.10033, 0.16264],  precision=[0.00868, 0.00666, 0.00502, 0.00325], hit=[0.04339, 0.06656, 0.10033, 0.16264], ndcg=[0.02890, 0.03629, 0.04477, 0.05707], Train Rec Loss=[0.03210], Eval Rec Loss=[0.03208], c=[0.50000], F=[0.84549, 0.89166, 0.92630, 0.95042], F_fuse=[0.01718, 0.01321, 0.00998, 0.00648]
[ INFO : 2026-07-03 05:58:39,395 ] - Epoch 211: train==[56.72409 = 0.63305 + 0.95914 + 2.30658 + 0.01202 + 0.00000 + 0.00438 + 884.94450]
[ INFO : 2026-07-03 05:58:44,792 ] - Test_@[5, 10, 20, 50]: Recall=[0.04405, 0.06656, 0.09967, 0.16574],  precision=[0.00881, 0.00666, 0.00498, 0.00331], hit=[0.04405, 0.06656, 0.09967, 0.16574], ndcg=[0.02908, 0.03628, 0.04459, 0.05756], Train Rec Loss=[0.03212], Eval Rec Loss=[0.03208], c=[0.50000], F=[0.84566, 0.89135, 0.92859, 0.94946], F_fuse=[0.01744, 0.01321, 0.00991, 0.00661]
[ INFO : 2026-07-03 05:59:41,679 ] - Epoch 212: train==[56.72258 = 0.63223 + 0.95914 + 2.30599 + 0.01203 + 0.00000 + 0.00426 + 884.94450]
[ INFO : 2026-07-03 05:59:47,134 ] - Test_@[5, 10, 20, 50]: Recall=[0.04258, 0.06411, 0.10016, 0.16215],  precision=[0.00852, 0.00641, 0.00501, 0.00324], hit=[0.04258, 0.06411, 0.10016, 0.16215], ndcg=[0.02853, 0.03552, 0.04463, 0.05682], Train Rec Loss=[0.03211], Eval Rec Loss=[0.03208], c=[0.50000], F=[0.84685, 0.89095, 0.92720, 0.95136], F_fuse=[0.01686, 0.01273, 0.00996, 0.00646]
[ INFO : 2026-07-03 06:00:43,950 ] - Epoch 213: train==[56.70262 = 0.62928 + 0.95913 + 2.28933 + 0.01211 + 0.00000 + 0.00385 + 884.94450]
[ INFO : 2026-07-03 06:00:49,361 ] - Test_@[5, 10, 20, 50]: Recall=[0.04144, 0.06297, 0.09853, 0.15824],  precision=[0.00829, 0.00630, 0.00493, 0.00316], hit=[0.04144, 0.06297, 0.09853, 0.15824], ndcg=[0.02766, 0.03455, 0.04350, 0.05529], Train Rec Loss=[0.03210], Eval Rec Loss=[0.03209], c=[0.50000], F=[0.85010, 0.89139, 0.92657, 0.95192], F_fuse=[0.01641, 0.01251, 0.00980, 0.00631]
[ INFO : 2026-07-03 06:01:46,153 ] - Epoch 214: train==[56.74307 = 0.62668 + 0.95914 + 2.33254 + 0.01207 + 0.00000 + 0.00371 + 884.94450]
[ INFO : 2026-07-03 06:01:51,648 ] - Test_@[5, 10, 20, 50]: Recall=[0.04029, 0.06232, 0.09560, 0.15628],  precision=[0.00806, 0.00623, 0.00478, 0.00313], hit=[0.04029, 0.06232, 0.09560, 0.15628], ndcg=[0.02645, 0.03352, 0.04188, 0.05389], Train Rec Loss=[0.03210], Eval Rec Loss=[0.03208], c=[0.50000], F=[0.84828, 0.88946, 0.92565, 0.95212], F_fuse=[0.01597, 0.01238, 0.00951, 0.00623]
[ INFO : 2026-07-03 06:02:48,494 ] - Epoch 215: train==[56.71203 = 0.62645 + 0.95913 + 2.30047 + 0.01199 + 0.00000 + 0.00505 + 884.94450]
[ INFO : 2026-07-03 06:02:53,919 ] - Test_@[5, 10, 20, 50]: Recall=[0.03915, 0.06069, 0.09364, 0.15481],  precision=[0.00783, 0.00607, 0.00468, 0.00310], hit=[0.03915, 0.06069, 0.09364, 0.15481], ndcg=[0.02562, 0.03251, 0.04079, 0.05282], Train Rec Loss=[0.03210], Eval Rec Loss=[0.03206], c=[0.50000], F=[0.84734, 0.88932, 0.92590, 0.95196], F_fuse=[0.01552, 0.01205, 0.00932, 0.00617]
[ INFO : 2026-07-03 06:03:50,761 ] - Epoch 216: train==[56.67128 = 0.62536 + 0.95914 + 2.26072 + 0.01207 + 0.00000 + 0.00507 + 884.94450]
[ INFO : 2026-07-03 06:03:56,178 ] - Test_@[5, 10, 20, 50]: Recall=[0.04192, 0.06362, 0.10065, 0.16117],  precision=[0.00838, 0.00636, 0.00503, 0.00322], hit=[0.04192, 0.06362, 0.10065, 0.16117], ndcg=[0.02820, 0.03512, 0.04440, 0.05633], Train Rec Loss=[0.03211], Eval Rec Loss=[0.03208], c=[0.50000], F=[0.84964, 0.89188, 0.92749, 0.95136], F_fuse=[0.01661, 0.01263, 0.01001, 0.00643]
[ INFO : 2026-07-03 06:04:53,515 ] - Epoch 217: train==[56.67241 = 0.62442 + 0.95913 + 2.26406 + 0.01209 + 0.00000 + 0.00379 + 884.94450]
[ INFO : 2026-07-03 06:04:58,927 ] - Test_@[5, 10, 20, 50]: Recall=[0.04307, 0.06427, 0.10000, 0.15905],  precision=[0.00861, 0.00643, 0.00500, 0.00318], hit=[0.04307, 0.06427, 0.10000, 0.15905], ndcg=[0.02807, 0.03484, 0.04376, 0.05540], Train Rec Loss=[0.03211], Eval Rec Loss=[0.03207], c=[0.50000], F=[0.84879, 0.89274, 0.92700, 0.95158], F_fuse=[0.01705, 0.01276, 0.00995, 0.00634]
[ INFO : 2026-07-03 06:05:55,686 ] - Epoch 218: train==[56.65948 = 0.62278 + 0.95914 + 2.25251 + 0.01202 + 0.00000 + 0.00411 + 884.94450]
[ INFO : 2026-07-03 06:06:01,115 ] - Test_@[5, 10, 20, 50]: Recall=[0.04062, 0.06101, 0.09478, 0.15171],  precision=[0.00812, 0.00610, 0.00474, 0.00303], hit=[0.04062, 0.06101, 0.09478, 0.15171], ndcg=[0.02664, 0.03316, 0.04171, 0.05295], Train Rec Loss=[0.03210], Eval Rec Loss=[0.03208], c=[0.50000], F=[0.84884, 0.89253, 0.92514, 0.95018], F_fuse=[0.01609, 0.01212, 0.00943, 0.00605]
[ INFO : 2026-07-03 06:06:57,656 ] - Epoch 219: train==[56.68670 = 0.62070 + 0.95914 + 2.28149 + 0.01205 + 0.00000 + 0.00439 + 884.94450]
[ INFO : 2026-07-03 06:07:03,092 ] - Test_@[5, 10, 20, 50]: Recall=[0.04339, 0.06558, 0.10065, 0.16297],  precision=[0.00868, 0.00656, 0.00503, 0.00326], hit=[0.04339, 0.06558, 0.10065, 0.16297], ndcg=[0.02868, 0.03574, 0.04459, 0.05691], Train Rec Loss=[0.03210], Eval Rec Loss=[0.03207], c=[0.50000], F=[0.84692, 0.88946, 0.92559, 0.95060], F_fuse=[0.01718, 0.01302, 0.01001, 0.00650]
[ INFO : 2026-07-03 06:07:59,625 ] - Epoch 220: train==[56.60768 = 0.62133 + 0.95914 + 2.20246 + 0.01199 + 0.00000 + 0.00384 + 884.94450]
[ INFO : 2026-07-03 06:08:05,065 ] - Test_@[5, 10, 20, 50]: Recall=[0.04258, 0.06330, 0.09967, 0.16346],  precision=[0.00852, 0.00633, 0.00498, 0.00327], hit=[0.04258, 0.06330, 0.09967, 0.16346], ndcg=[0.02824, 0.03489, 0.04407, 0.05669], Train Rec Loss=[0.03210], Eval Rec Loss=[0.03207], c=[0.50000], F=[0.84712, 0.89049, 0.92589, 0.95031], F_fuse=[0.01686, 0.01257, 0.00991, 0.00652]
[ INFO : 2026-07-03 06:09:01,414 ] - Epoch 221: train==[56.63061 = 0.61516 + 0.95914 + 2.23101 + 0.01199 + 0.00000 + 0.00439 + 884.94450]
[ INFO : 2026-07-03 06:09:06,852 ] - Test_@[5, 10, 20, 50]: Recall=[0.04111, 0.06183, 0.09772, 0.15889],  precision=[0.00822, 0.00618, 0.00489, 0.00318], hit=[0.04111, 0.06183, 0.09772, 0.15889], ndcg=[0.02697, 0.03359, 0.04260, 0.05463], Train Rec Loss=[0.03210], Eval Rec Loss=[0.03207], c=[0.50000], F=[0.84930, 0.89227, 0.92673, 0.94967], F_fuse=[0.01629, 0.01228, 0.00972, 0.00633]
[ INFO : 2026-07-03 06:10:03,320 ] - Epoch 222: train==[56.67399 = 0.61456 + 0.95913 + 2.27505 + 0.01187 + 0.00000 + 0.00444 + 884.94450]
[ INFO : 2026-07-03 06:10:08,736 ] - Test_@[5, 10, 20, 50]: Recall=[0.03997, 0.06166, 0.09543, 0.15563],  precision=[0.00799, 0.00617, 0.00477, 0.00311], hit=[0.03997, 0.06166, 0.09543, 0.15563], ndcg=[0.02638, 0.03340, 0.04188, 0.05375], Train Rec Loss=[0.03209], Eval Rec Loss=[0.03207], c=[0.50000], F=[0.84835, 0.89092, 0.92536, 0.95085], F_fuse=[0.01584, 0.01225, 0.00949, 0.00620]
[ INFO : 2026-07-03 06:11:05,588 ] - Epoch 223: train==[56.62384 = 0.61379 + 0.95914 + 2.22599 + 0.01195 + 0.00000 + 0.00405 + 884.94450]
[ INFO : 2026-07-03 06:11:11,024 ] - Test_@[5, 10, 20, 50]: Recall=[0.04405, 0.06688, 0.10179, 0.16493],  precision=[0.00881, 0.00669, 0.00509, 0.00330], hit=[0.04405, 0.06688, 0.10179, 0.16493], ndcg=[0.02892, 0.03622, 0.04500, 0.05746], Train Rec Loss=[0.03209], Eval Rec Loss=[0.03206], c=[0.50000], F=[0.84659, 0.89165, 0.92636, 0.94984], F_fuse=[0.01744, 0.01328, 0.01012, 0.00657]
[ INFO : 2026-07-03 06:12:07,541 ] - Epoch 224: train==[56.61555 = 0.61051 + 0.95914 + 2.22084 + 0.01205 + 0.00000 + 0.00409 + 884.94450]
[ INFO : 2026-07-03 06:12:12,980 ] - Test_@[5, 10, 20, 50]: Recall=[0.04176, 0.06313, 0.09886, 0.16085],  precision=[0.00835, 0.00631, 0.00494, 0.00322], hit=[0.04176, 0.06313, 0.09886, 0.16085], ndcg=[0.02742, 0.03427, 0.04329, 0.05559], Train Rec Loss=[0.03208], Eval Rec Loss=[0.03206], c=[0.50000], F=[0.85001, 0.89098, 0.92606, 0.95049], F_fuse=[0.01654, 0.01254, 0.00983, 0.00641]
[ INFO : 2026-07-03 06:13:10,621 ] - Epoch 225: train==[56.61049 = 0.61158 + 0.95913 + 2.21508 + 0.01208 + 0.00000 + 0.00369 + 884.94450]
[ INFO : 2026-07-03 06:13:16,034 ] - Test_@[5, 10, 20, 50]: Recall=[0.04144, 0.06476, 0.09918, 0.16069],  precision=[0.00829, 0.00648, 0.00496, 0.00321], hit=[0.04144, 0.06476, 0.09918, 0.16069], ndcg=[0.02735, 0.03487, 0.04349, 0.05565], Train Rec Loss=[0.03208], Eval Rec Loss=[0.03206], c=[0.50000], F=[0.84788, 0.89344, 0.92865, 0.95047], F_fuse=[0.01641, 0.01286, 0.00987, 0.00641]
[ INFO : 2026-07-03 06:14:12,556 ] - Epoch 226: train==[56.57733 = 0.60881 + 0.95914 + 2.18461 + 0.01201 + 0.00000 + 0.00384 + 884.94450]
[ INFO : 2026-07-03 06:14:17,966 ] - Test_@[5, 10, 20, 50]: Recall=[0.04372, 0.06770, 0.10212, 0.16362],  precision=[0.00874, 0.00677, 0.00511, 0.00327], hit=[0.04372, 0.06770, 0.10212, 0.16362], ndcg=[0.02898, 0.03665, 0.04530, 0.05743], Train Rec Loss=[0.03208], Eval Rec Loss=[0.03207], c=[0.50000], F=[0.84500, 0.88923, 0.92427, 0.95020], F_fuse=[0.01731, 0.01344, 0.01016, 0.00652]
[ INFO : 2026-07-03 06:15:14,839 ] - Epoch 227: train==[56.62209 = 0.60686 + 0.95913 + 2.23155 + 0.01198 + 0.00000 + 0.00363 + 884.94450]
[ INFO : 2026-07-03 06:15:20,244 ] - Test_@[5, 10, 20, 50]: Recall=[0.04388, 0.06639, 0.10277, 0.16558],  precision=[0.00878, 0.00664, 0.00514, 0.00331], hit=[0.04388, 0.06639, 0.10277, 0.16558], ndcg=[0.02881, 0.03600, 0.04506, 0.05743], Train Rec Loss=[0.03209], Eval Rec Loss=[0.03205], c=[0.50000], F=[0.84760, 0.89043, 0.92596, 0.95147], F_fuse=[0.01737, 0.01318, 0.01022, 0.00660]
[ INFO : 2026-07-03 06:16:20,064 ] - Epoch 228: train==[56.59993 = 0.60723 + 0.95914 + 2.20781 + 0.01208 + 0.00000 + 0.00474 + 884.94450]
[ INFO : 2026-07-03 06:16:25,484 ] - Test_@[5, 10, 20, 50]: Recall=[0.04111, 0.06232, 0.09967, 0.16134],  precision=[0.00822, 0.00623, 0.00498, 0.00323], hit=[0.04111, 0.06232, 0.09967, 0.16134], ndcg=[0.02691, 0.03378, 0.04315, 0.05533], Train Rec Loss=[0.03209], Eval Rec Loss=[0.03206], c=[0.50000], F=[0.84958, 0.89057, 0.92568, 0.95191], F_fuse=[0.01629, 0.01238, 0.00991, 0.00643]
[ INFO : 2026-07-03 06:17:29,589 ] - Epoch 229: train==[56.57044 = 0.60215 + 0.95914 + 2.18350 + 0.01200 + 0.00000 + 0.00472 + 884.94450]
[ INFO : 2026-07-03 06:17:35,043 ] - Test_@[5, 10, 20, 50]: Recall=[0.04095, 0.06232, 0.09592, 0.15644],  precision=[0.00819, 0.00623, 0.00480, 0.00313], hit=[0.04095, 0.06232, 0.09592, 0.15644], ndcg=[0.02686, 0.03376, 0.04223, 0.05420], Train Rec Loss=[0.03209], Eval Rec Loss=[0.03205], c=[0.50000], F=[0.84714, 0.88904, 0.92464, 0.94892], F_fuse=[0.01622, 0.01238, 0.00954, 0.00624]
[ INFO : 2026-07-03 06:18:34,079 ] - Epoch 230: train==[56.61450 = 0.60495 + 0.95913 + 2.22603 + 0.01199 + 0.00000 + 0.00346 + 884.94450]
[ INFO : 2026-07-03 06:18:39,517 ] - Test_@[5, 10, 20, 50]: Recall=[0.04372, 0.06966, 0.10408, 0.16427],  precision=[0.00874, 0.00697, 0.00520, 0.00329], hit=[0.04372, 0.06966, 0.10408, 0.16427], ndcg=[0.02926, 0.03758, 0.04619, 0.05810], Train Rec Loss=[0.03209], Eval Rec Loss=[0.03206], c=[0.50000], F=[0.84826, 0.89110, 0.92543, 0.95039], F_fuse=[0.01731, 0.01382, 0.01035, 0.00655]
[ INFO : 2026-07-03 06:19:39,869 ] - Epoch 231: train==[56.55373 = 0.59784 + 0.95914 + 2.17252 + 0.01201 + 0.00000 + 0.00329 + 884.94450]
[ INFO : 2026-07-03 06:19:45,303 ] - Test_@[5, 10, 20, 50]: Recall=[0.04062, 0.06134, 0.09788, 0.15628],  precision=[0.00812, 0.00613, 0.00489, 0.00313], hit=[0.04062, 0.06134, 0.09788, 0.15628], ndcg=[0.02655, 0.03323, 0.04240, 0.05394], Train Rec Loss=[0.03208], Eval Rec Loss=[0.03205], c=[0.50000], F=[0.84670, 0.89185, 0.92660, 0.95157], F_fuse=[0.01609, 0.01218, 0.00974, 0.00623]
[ INFO : 2026-07-03 06:20:42,059 ] - Epoch 232: train==[56.53731 = 0.59944 + 0.95914 + 2.15288 + 0.01212 + 0.00000 + 0.00481 + 884.94450]
[ INFO : 2026-07-03 06:20:47,500 ] - Test_@[5, 10, 20, 50]: Recall=[0.04323, 0.06460, 0.10082, 0.16215],  precision=[0.00865, 0.00646, 0.00504, 0.00324], hit=[0.04323, 0.06460, 0.10082, 0.16215], ndcg=[0.02817, 0.03499, 0.04410, 0.05618], Train Rec Loss=[0.03208], Eval Rec Loss=[0.03205], c=[0.50000], F=[0.84621, 0.88864, 0.92404, 0.95039], F_fuse=[0.01712, 0.01283, 0.01003, 0.00646]
[ INFO : 2026-07-03 06:21:44,380 ] - Epoch 233: train==[56.50599 = 0.59966 + 0.95914 + 2.12241 + 0.01215 + 0.00000 + 0.00371 + 884.94450]
[ INFO : 2026-07-03 06:21:49,800 ] - Test_@[5, 10, 20, 50]: Recall=[0.04192, 0.06558, 0.09935, 0.16117],  precision=[0.00838, 0.00656, 0.00497, 0.00322], hit=[0.04192, 0.06558, 0.09935, 0.16117], ndcg=[0.02740, 0.03498, 0.04348, 0.05568], Train Rec Loss=[0.03208], Eval Rec Loss=[0.03204], c=[0.50000], F=[0.84755, 0.88934, 0.92509, 0.95037], F_fuse=[0.01661, 0.01302, 0.00988, 0.00643]
[ INFO : 2026-07-03 06:22:46,877 ] - Epoch 234: train==[56.53574 = 0.59495 + 0.95914 + 2.15649 + 0.01225 + 0.00000 + 0.00398 + 884.94450]
[ INFO : 2026-07-03 06:22:52,305 ] - Test_@[5, 10, 20, 50]: Recall=[0.04323, 0.06558, 0.10261, 0.16215],  precision=[0.00865, 0.00656, 0.00513, 0.00324], hit=[0.04323, 0.06558, 0.10261, 0.16215], ndcg=[0.02842, 0.03556, 0.04487, 0.05660], Train Rec Loss=[0.03208], Eval Rec Loss=[0.03204], c=[0.50000], F=[0.84470, 0.88865, 0.92426, 0.94928], F_fuse=[0.01712, 0.01302, 0.01020, 0.00646]
[ INFO : 2026-07-03 06:23:49,385 ] - Epoch 235: train==[56.55690 = 0.59319 + 0.95914 + 2.17969 + 0.01219 + 0.00000 + 0.00376 + 884.94450]
[ INFO : 2026-07-03 06:23:54,834 ] - Test_@[5, 10, 20, 50]: Recall=[0.04307, 0.06656, 0.10261, 0.16444],  precision=[0.00861, 0.00666, 0.00513, 0.00329], hit=[0.04307, 0.06656, 0.10261, 0.16444], ndcg=[0.02852, 0.03602, 0.04507, 0.05723], Train Rec Loss=[0.03207], Eval Rec Loss=[0.03205], c=[0.50000], F=[0.84815, 0.88982, 0.92470, 0.95181], F_fuse=[0.01705, 0.01321, 0.01020, 0.00655]
[ INFO : 2026-07-03 06:24:51,659 ] - Epoch 236: train==[56.54256 = 0.59592 + 0.95914 + 2.16241 + 0.01217 + 0.00000 + 0.00400 + 884.94450]
[ INFO : 2026-07-03 06:24:57,105 ] - Test_@[5, 10, 20, 50]: Recall=[0.04290, 0.06623, 0.10049, 0.15824],  precision=[0.00858, 0.00662, 0.00502, 0.00316], hit=[0.04290, 0.06623, 0.10049, 0.15824], ndcg=[0.02805, 0.03549, 0.04412, 0.05561], Train Rec Loss=[0.03208], Eval Rec Loss=[0.03205], c=[0.50000], F=[0.84787, 0.89045, 0.92547, 0.95084], F_fuse=[0.01699, 0.01315, 0.00999, 0.00631]
[ INFO : 2026-07-03 06:25:54,202 ] - Epoch 237: train==[56.48723 = 0.58997 + 0.95914 + 2.11311 + 0.01230 + 0.00000 + 0.00379 + 884.94450]
[ INFO : 2026-07-03 06:25:59,612 ] - Test_@[5, 10, 20, 50]: Recall=[0.04290, 0.06574, 0.10114, 0.16215],  precision=[0.00858, 0.00657, 0.00506, 0.00324], hit=[0.04290, 0.06574, 0.10114, 0.16215], ndcg=[0.02780, 0.03511, 0.04401, 0.05607], Train Rec Loss=[0.03207], Eval Rec Loss=[0.03204], c=[0.50000], F=[0.84827, 0.89115, 0.92581, 0.95044], F_fuse=[0.01699, 0.01305, 0.01006, 0.00646]
[ INFO : 2026-07-03 06:26:56,392 ] - Epoch 238: train==[56.50437 = 0.58919 + 0.95914 + 2.12968 + 0.01221 + 0.00000 + 0.00522 + 884.94450]
[ INFO : 2026-07-03 06:27:01,810 ] - Test_@[5, 10, 20, 50]: Recall=[0.04160, 0.06346, 0.09984, 0.15971],  precision=[0.00832, 0.00635, 0.00499, 0.00319], hit=[0.04160, 0.06346, 0.09984, 0.15971], ndcg=[0.02713, 0.03414, 0.04332, 0.05511], Train Rec Loss=[0.03207], Eval Rec Loss=[0.03205], c=[0.50000], F=[0.84460, 0.88832, 0.92477, 0.95041], F_fuse=[0.01648, 0.01260, 0.00993, 0.00637]
[ INFO : 2026-07-03 06:27:58,699 ] - Epoch 239: train==[56.46651 = 0.58836 + 0.95914 + 2.09354 + 0.01234 + 0.00000 + 0.00421 + 884.94450]
[ INFO : 2026-07-03 06:28:04,119 ] - Test_@[5, 10, 20, 50]: Recall=[0.04127, 0.06427, 0.10033, 0.16101],  precision=[0.00825, 0.00643, 0.00502, 0.00322], hit=[0.04127, 0.06427, 0.10033, 0.16101], ndcg=[0.02675, 0.03412, 0.04320, 0.05517], Train Rec Loss=[0.03207], Eval Rec Loss=[0.03204], c=[0.50000], F=[0.84869, 0.88842, 0.92345, 0.95000], F_fuse=[0.01635, 0.01276, 0.00998, 0.00642]
[ INFO : 2026-07-03 06:29:01,137 ] - Epoch 240: train==[56.51481 = 0.58527 + 0.95913 + 2.14507 + 0.01238 + 0.00000 + 0.00401 + 884.94450]
[ INFO : 2026-07-03 06:29:06,558 ] - Test_@[5, 10, 20, 50]: Recall=[0.04274, 0.06542, 0.10098, 0.16003],  precision=[0.00855, 0.00654, 0.00505, 0.00320], hit=[0.04274, 0.06542, 0.10098, 0.16003], ndcg=[0.02812, 0.03539, 0.04438, 0.05609], Train Rec Loss=[0.03207], Eval Rec Loss=[0.03204], c=[0.50000], F=[0.84962, 0.89211, 0.92614, 0.94982], F_fuse=[0.01693, 0.01299, 0.01004, 0.00638]
[ INFO : 2026-07-03 06:30:02,941 ] - Epoch 241: train==[56.48048 = 0.58510 + 0.95914 + 2.11119 + 0.01245 + 0.00000 + 0.00368 + 884.94450]
[ INFO : 2026-07-03 06:30:08,480 ] - Test_@[5, 10, 20, 50]: Recall=[0.04323, 0.06607, 0.10147, 0.15938],  precision=[0.00865, 0.00661, 0.00507, 0.00319], hit=[0.04323, 0.06607, 0.10147, 0.15938], ndcg=[0.02800, 0.03526, 0.04410, 0.05559], Train Rec Loss=[0.03207], Eval Rec Loss=[0.03204], c=[0.50000], F=[0.84686, 0.88982, 0.92431, 0.95147], F_fuse=[0.01712, 0.01312, 0.01009, 0.00635]
[ INFO : 2026-07-03 06:31:11,386 ] - Epoch 242: train==[56.50080 = 0.58511 + 0.95914 + 2.13118 + 0.01236 + 0.00000 + 0.00409 + 884.94450]
[ INFO : 2026-07-03 06:31:16,790 ] - Test_@[5, 10, 20, 50]: Recall=[0.04470, 0.06852, 0.10587, 0.16933],  precision=[0.00894, 0.00685, 0.00529, 0.00339], hit=[0.04470, 0.06852, 0.10587, 0.16933], ndcg=[0.02925, 0.03695, 0.04630, 0.05882], Train Rec Loss=[0.03207], Eval Rec Loss=[0.03203], c=[0.50000], F=[0.84481, 0.88769, 0.92374, 0.95070], F_fuse=[0.01769, 0.01360, 0.01053, 0.00675]
[ INFO : 2026-07-03 06:32:17,703 ] - Epoch 243: train==[56.47275 = 0.58374 + 0.95914 + 2.10321 + 0.01231 + 0.00000 + 0.00541 + 884.94450]
[ INFO : 2026-07-03 06:32:23,191 ] - Test_@[5, 10, 20, 50]: Recall=[0.04176, 0.06558, 0.10082, 0.15938],  precision=[0.00835, 0.00656, 0.00504, 0.00319], hit=[0.04176, 0.06558, 0.10082, 0.15938], ndcg=[0.02725, 0.03488, 0.04374, 0.05531], Train Rec Loss=[0.03207], Eval Rec Loss=[0.03204], c=[0.50000], F=[0.84719, 0.88994, 0.92513, 0.94967], F_fuse=[0.01654, 0.01302, 0.01003, 0.00635]
[ INFO : 2026-07-03 06:33:20,562 ] - Epoch 244: train==[56.45666 = 0.57751 + 0.95914 + 2.09512 + 0.01242 + 0.00000 + 0.00355 + 884.94450]
[ INFO : 2026-07-03 06:33:25,955 ] - Test_@[5, 10, 20, 50]: Recall=[0.04290, 0.06868, 0.10294, 0.16656],  precision=[0.00858, 0.00687, 0.00515, 0.00333], hit=[0.04290, 0.06868, 0.10294, 0.16656], ndcg=[0.02783, 0.03613, 0.04473, 0.05738], Train Rec Loss=[0.03207], Eval Rec Loss=[0.03203], c=[0.50000], F=[0.84816, 0.89045, 0.92504, 0.95059], F_fuse=[0.01699, 0.01363, 0.01024, 0.00664]
[ INFO : 2026-07-03 06:34:22,857 ] - Epoch 245: train==[56.42397 = 0.58026 + 0.95914 + 2.05928 + 0.01240 + 0.00000 + 0.00398 + 884.94450]
[ INFO : 2026-07-03 06:34:28,246 ] - Test_@[5, 10, 20, 50]: Recall=[0.03964, 0.06281, 0.09625, 0.15710],  precision=[0.00793, 0.00628, 0.00481, 0.00314], hit=[0.03964, 0.06281, 0.09625, 0.15710], ndcg=[0.02591, 0.03339, 0.04179, 0.05383], Train Rec Loss=[0.03207], Eval Rec Loss=[0.03204], c=[0.50000], F=[0.84590, 0.88997, 0.92347, 0.94740], F_fuse=[0.01571, 0.01247, 0.00957, 0.00626]
[ INFO : 2026-07-03 06:35:25,321 ] - Epoch 246: train==[56.46103 = 0.57509 + 0.95914 + 2.09968 + 0.01240 + 0.00000 + 0.00580 + 884.94450]
[ INFO : 2026-07-03 06:35:30,813 ] - Test_@[5, 10, 20, 50]: Recall=[0.04209, 0.06444, 0.10065, 0.16166],  precision=[0.00842, 0.00644, 0.00503, 0.00323], hit=[0.04209, 0.06444, 0.10065, 0.16166], ndcg=[0.02778, 0.03502, 0.04419, 0.05623], Train Rec Loss=[0.03206], Eval Rec Loss=[0.03203], c=[0.50000], F=[0.84401, 0.88915, 0.92418, 0.95014], F_fuse=[0.01667, 0.01279, 0.01001, 0.00644]
[ INFO : 2026-07-03 06:36:35,180 ] - Epoch 247: train==[56.41117 = 0.57677 + 0.95914 + 2.04998 + 0.01243 + 0.00000 + 0.00392 + 884.94450]
[ INFO : 2026-07-03 06:36:40,595 ] - Test_@[5, 10, 20, 50]: Recall=[0.04454, 0.06884, 0.10604, 0.16623],  precision=[0.00891, 0.00688, 0.00530, 0.00332], hit=[0.04454, 0.06884, 0.10604, 0.16623], ndcg=[0.02962, 0.03745, 0.04681, 0.05867], Train Rec Loss=[0.03207], Eval Rec Loss=[0.03203], c=[0.50000], F=[0.84336, 0.88766, 0.92384, 0.95051], F_fuse=[0.01763, 0.01366, 0.01054, 0.00663]
[ INFO : 2026-07-03 06:37:41,457 ] - Epoch 248: train==[56.44474 = 0.57716 + 0.95914 + 2.08353 + 0.01250 + 0.00000 + 0.00348 + 884.94450]
[ INFO : 2026-07-03 06:37:46,841 ] - Test_@[5, 10, 20, 50]: Recall=[0.04519, 0.06998, 0.10506, 0.16460],  precision=[0.00904, 0.00700, 0.00525, 0.00329], hit=[0.04519, 0.06998, 0.10506, 0.16460], ndcg=[0.02972, 0.03768, 0.04647, 0.05821], Train Rec Loss=[0.03206], Eval Rec Loss=[0.03203], c=[0.50000], F=[0.84603, 0.89045, 0.92360, 0.94945], F_fuse=[0.01788, 0.01389, 0.01045, 0.00656]
[ INFO : 2026-07-03 06:38:43,928 ] - Epoch 249: train==[56.41970 = 0.57277 + 0.95914 + 2.06279 + 0.01257 + 0.00000 + 0.00352 + 884.94450]
[ INFO : 2026-07-03 06:38:49,349 ] - Test_@[5, 10, 20, 50]: Recall=[0.04454, 0.06900, 0.10343, 0.16607],  precision=[0.00891, 0.00690, 0.00517, 0.00332], hit=[0.04454, 0.06900, 0.10343, 0.16607], ndcg=[0.02919, 0.03705, 0.04571, 0.05813], Train Rec Loss=[0.03206], Eval Rec Loss=[0.03202], c=[0.50000], F=[0.84949, 0.89026, 0.92362, 0.95011], F_fuse=[0.01763, 0.01369, 0.01028, 0.00662]
[ INFO : 2026-07-03 06:39:46,836 ] - Epoch 250: train==[56.44177 = 0.56991 + 0.95914 + 2.08722 + 0.01253 + 0.00000 + 0.00405 + 884.94450]
[ INFO : 2026-07-03 06:39:52,241 ] - Test_@[5, 10, 20, 50]: Recall=[0.04127, 0.06411, 0.09853, 0.15905],  precision=[0.00825, 0.00641, 0.00493, 0.00318], hit=[0.04127, 0.06411, 0.09853, 0.15905], ndcg=[0.02674, 0.03406, 0.04273, 0.05467], Train Rec Loss=[0.03206], Eval Rec Loss=[0.03203], c=[0.50000], F=[0.84731, 0.88890, 0.92474, 0.94941], F_fuse=[0.01635, 0.01273, 0.00980, 0.00634]
[ INFO : 2026-07-03 06:40:50,472 ] - Epoch 251: train==[56.42706 = 0.57045 + 0.95914 + 2.07242 + 0.01255 + 0.00000 + 0.00357 + 884.94450]
[ INFO : 2026-07-03 06:40:55,912 ] - Test_@[5, 10, 20, 50]: Recall=[0.04095, 0.06330, 0.10033, 0.16036],  precision=[0.00819, 0.00633, 0.00502, 0.00321], hit=[0.04095, 0.06330, 0.10033, 0.16036], ndcg=[0.02659, 0.03382, 0.04321, 0.05509], Train Rec Loss=[0.03206], Eval Rec Loss=[0.03202], c=[0.50000], F=[0.84729, 0.88825, 0.92425, 0.94793], F_fuse=[0.01622, 0.01257, 0.00998, 0.00639]
[ INFO : 2026-07-03 06:41:54,125 ] - Epoch 252: train==[56.40693 = 0.56816 + 0.95914 + 2.05424 + 0.01262 + 0.00000 + 0.00384 + 884.94450]
[ INFO : 2026-07-03 06:41:59,530 ] - Test_@[5, 10, 20, 50]: Recall=[0.04274, 0.06786, 0.10375, 0.16362],  precision=[0.00855, 0.00679, 0.00519, 0.00327], hit=[0.04274, 0.06786, 0.10375, 0.16362], ndcg=[0.02816, 0.03624, 0.04527, 0.05714], Train Rec Loss=[0.03206], Eval Rec Loss=[0.03202], c=[0.50000], F=[0.84597, 0.88857, 0.92300, 0.94945], F_fuse=[0.01693, 0.01347, 0.01032, 0.00652]
[ INFO : 2026-07-03 06:42:57,172 ] - Epoch 253: train==[56.40634 = 0.56669 + 0.95914 + 2.05532 + 0.01270 + 0.00000 + 0.00356 + 884.94450]
[ INFO : 2026-07-03 06:43:02,662 ] - Test_@[5, 10, 20, 50]: Recall=[0.04209, 0.06623, 0.10310, 0.16362],  precision=[0.00842, 0.00662, 0.00515, 0.00327], hit=[0.04209, 0.06623, 0.10310, 0.16362], ndcg=[0.02746, 0.03519, 0.04447, 0.05643], Train Rec Loss=[0.03205], Eval Rec Loss=[0.03202], c=[0.50000], F=[0.84685, 0.88855, 0.92367, 0.94980], F_fuse=[0.01667, 0.01315, 0.01025, 0.00652]
[ INFO : 2026-07-03 06:44:07,972 ] - Epoch 254: train==[56.37585 = 0.56659 + 0.95914 + 2.02477 + 0.01256 + 0.00000 + 0.00386 + 884.94450]
[ INFO : 2026-07-03 06:44:13,421 ] - Test_@[5, 10, 20, 50]: Recall=[0.04176, 0.06476, 0.09853, 0.15873],  precision=[0.00835, 0.00648, 0.00493, 0.00317], hit=[0.04176, 0.06476, 0.09853, 0.15873], ndcg=[0.02701, 0.03439, 0.04286, 0.05475], Train Rec Loss=[0.03205], Eval Rec Loss=[0.03202], c=[0.50000], F=[0.84693, 0.88977, 0.92371, 0.95073], F_fuse=[0.01654, 0.01286, 0.00980, 0.00633]
[ INFO : 2026-07-03 06:45:09,998 ] - Epoch 255: train==[56.40648 = 0.56504 + 0.95914 + 2.05562 + 0.01270 + 0.00000 + 0.00505 + 884.94450]
[ INFO : 2026-07-03 06:45:15,444 ] - Test_@[5, 10, 20, 50]: Recall=[0.04307, 0.06998, 0.10424, 0.16672],  precision=[0.00861, 0.00700, 0.00521, 0.00333], hit=[0.04307, 0.06998, 0.10424, 0.16672], ndcg=[0.02803, 0.03669, 0.04534, 0.05769], Train Rec Loss=[0.03205], Eval Rec Loss=[0.03203], c=[0.50000], F=[0.84870, 0.88813, 0.92396, 0.95074], F_fuse=[0.01705, 0.01389, 0.01037, 0.00665]
[ INFO : 2026-07-03 06:46:12,105 ] - Epoch 256: train==[56.39713 = 0.56937 + 0.95914 + 2.04274 + 0.01254 + 0.00000 + 0.00442 + 884.94450]
[ INFO : 2026-07-03 06:46:17,523 ] - Test_@[5, 10, 20, 50]: Recall=[0.04339, 0.06917, 0.10392, 0.16362],  precision=[0.00868, 0.00692, 0.00520, 0.00327], hit=[0.04339, 0.06917, 0.10392, 0.16362], ndcg=[0.02836, 0.03660, 0.04532, 0.05709], Train Rec Loss=[0.03205], Eval Rec Loss=[0.03202], c=[0.50000], F=[0.84192, 0.88932, 0.92537, 0.94873], F_fuse=[0.01718, 0.01373, 0.01033, 0.00652]
[ INFO : 2026-07-03 06:47:14,487 ] - Epoch 257: train==[56.37614 = 0.56333 + 0.95914 + 2.02800 + 0.01264 + 0.00000 + 0.00411 + 884.94450]
[ INFO : 2026-07-03 06:47:19,956 ] - Test_@[5, 10, 20, 50]: Recall=[0.04307, 0.06803, 0.10147, 0.16183],  precision=[0.00861, 0.00680, 0.00507, 0.00324], hit=[0.04307, 0.06803, 0.10147, 0.16183], ndcg=[0.02765, 0.03561, 0.04404, 0.05601], Train Rec Loss=[0.03205], Eval Rec Loss=[0.03202], c=[0.50000], F=[0.84638, 0.88768, 0.92248, 0.94948], F_fuse=[0.01705, 0.01350, 0.01009, 0.00645]
[ INFO : 2026-07-03 06:48:16,718 ] - Epoch 258: train==[56.36960 = 0.55969 + 0.95914 + 2.02473 + 0.01259 + 0.00000 + 0.00452 + 884.94450]
[ INFO : 2026-07-03 06:48:22,125 ] - Test_@[5, 10, 20, 50]: Recall=[0.04225, 0.06803, 0.10147, 0.16183],  precision=[0.00845, 0.00680, 0.00507, 0.00324], hit=[0.04225, 0.06803, 0.10147, 0.16183], ndcg=[0.02715, 0.03541, 0.04380, 0.05584], Train Rec Loss=[0.03205], Eval Rec Loss=[0.03202], c=[0.50000], F=[0.84985, 0.88889, 0.92403, 0.94927], F_fuse=[0.01673, 0.01350, 0.01009, 0.00645]
[ INFO : 2026-07-03 06:49:29,235 ] - Epoch 259: train==[56.40011 = 0.55632 + 0.95914 + 2.05877 + 0.01254 + 0.00000 + 0.00442 + 884.94450]
[ INFO : 2026-07-03 06:49:34,655 ] - Test_@[5, 10, 20, 50]: Recall=[0.04307, 0.06688, 0.10179, 0.16460],  precision=[0.00861, 0.00669, 0.00509, 0.00329], hit=[0.04307, 0.06688, 0.10179, 0.16460], ndcg=[0.02807, 0.03576, 0.04456, 0.05703], Train Rec Loss=[0.03205], Eval Rec Loss=[0.03202], c=[0.50000], F=[0.84765, 0.88732, 0.92174, 0.95031], F_fuse=[0.01705, 0.01328, 0.01012, 0.00656]
[ INFO : 2026-07-03 06:50:31,654 ] - Epoch 260: train==[56.39561 = 0.55762 + 0.95914 + 2.05357 + 0.01263 + 0.00000 + 0.00373 + 884.94450]
[ INFO : 2026-07-03 06:50:37,076 ] - Test_@[5, 10, 20, 50]: Recall=[0.04127, 0.06656, 0.09984, 0.16052],  precision=[0.00825, 0.00666, 0.00499, 0.00321], hit=[0.04127, 0.06656, 0.09984, 0.16052], ndcg=[0.02677, 0.03488, 0.04326, 0.05524], Train Rec Loss=[0.03204], Eval Rec Loss=[0.03202], c=[0.50000], F=[0.84602, 0.88904, 0.92401, 0.94835], F_fuse=[0.01635, 0.01321, 0.00993, 0.00640]
[ INFO : 2026-07-03 06:51:33,879 ] - Epoch 261: train==[56.37010 = 0.55690 + 0.95914 + 2.02906 + 0.01267 + 0.00000 + 0.00341 + 884.94450]
[ INFO : 2026-07-03 06:51:39,290 ] - Test_@[5, 10, 20, 50]: Recall=[0.04029, 0.06444, 0.09886, 0.15905],  precision=[0.00806, 0.00644, 0.00494, 0.00318], hit=[0.04029, 0.06444, 0.09886, 0.15905], ndcg=[0.02636, 0.03412, 0.04280, 0.05468], Train Rec Loss=[0.03205], Eval Rec Loss=[0.03202], c=[0.50000], F=[0.84521, 0.88748, 0.92348, 0.94863], F_fuse=[0.01597, 0.01279, 0.00983, 0.00634]
[ INFO : 2026-07-03 06:52:36,147 ] - Epoch 262: train==[56.37646 = 0.55215 + 0.95914 + 2.03802 + 0.01246 + 0.00000 + 0.00575 + 884.94450]
[ INFO : 2026-07-03 06:52:41,581 ] - Test_@[5, 10, 20, 50]: Recall=[0.04290, 0.06754, 0.10326, 0.16444],  precision=[0.00858, 0.00675, 0.00516, 0.00329], hit=[0.04290, 0.06754, 0.10326, 0.16444], ndcg=[0.02844, 0.03638, 0.04538, 0.05742], Train Rec Loss=[0.03205], Eval Rec Loss=[0.03201], c=[0.50000], F=[0.84793, 0.88664, 0.92265, 0.94910], F_fuse=[0.01699, 0.01341, 0.01027, 0.00655]
[ INFO : 2026-07-03 06:53:38,675 ] - Epoch 263: train==[56.36172 = 0.55044 + 0.95914 + 2.02692 + 0.01252 + 0.00000 + 0.00378 + 884.94450]
[ INFO : 2026-07-03 06:53:44,107 ] - Test_@[5, 10, 20, 50]: Recall=[0.04633, 0.07015, 0.10685, 0.16754],  precision=[0.00927, 0.00701, 0.00534, 0.00335], hit=[0.04633, 0.07015, 0.10685, 0.16754], ndcg=[0.03024, 0.03790, 0.04717, 0.05915], Train Rec Loss=[0.03204], Eval Rec Loss=[0.03202], c=[0.50000], F=[0.84780, 0.88928, 0.92400, 0.94959], F_fuse=[0.01833, 0.01392, 0.01062, 0.00668]
[ INFO : 2026-07-03 06:54:50,619 ] - Epoch 264: train==[56.36355 = 0.55376 + 0.95914 + 2.02354 + 0.01264 + 0.00000 + 0.00554 + 884.94450]
[ INFO : 2026-07-03 06:54:56,057 ] - Test_@[5, 10, 20, 50]: Recall=[0.04176, 0.06672, 0.10082, 0.16330],  precision=[0.00835, 0.00667, 0.00504, 0.00327], hit=[0.04176, 0.06672, 0.10082, 0.16330], ndcg=[0.02672, 0.03478, 0.04330, 0.05559], Train Rec Loss=[0.03205], Eval Rec Loss=[0.03201], c=[0.50000], F=[0.84195, 0.88687, 0.92229, 0.94776], F_fuse=[0.01654, 0.01324, 0.01003, 0.00651]
[ INFO : 2026-07-03 06:55:52,639 ] - Epoch 265: train==[56.34032 = 0.55157 + 0.95914 + 2.00278 + 0.01255 + 0.00000 + 0.00536 + 884.94450]
[ INFO : 2026-07-03 06:55:58,074 ] - Test_@[5, 10, 20, 50]: Recall=[0.04062, 0.06558, 0.09853, 0.15938],  precision=[0.00812, 0.00656, 0.00493, 0.00319], hit=[0.04062, 0.06558, 0.09853, 0.15938], ndcg=[0.02610, 0.03406, 0.04234, 0.05430], Train Rec Loss=[0.03204], Eval Rec Loss=[0.03202], c=[0.50000], F=[0.84555, 0.88685, 0.92275, 0.94920], F_fuse=[0.01609, 0.01302, 0.00980, 0.00635]
[ INFO : 2026-07-03 06:56:54,857 ] - Epoch 266: train==[56.36489 = 0.55103 + 0.95914 + 2.02830 + 0.01259 + 0.00000 + 0.00491 + 884.94450]
[ INFO : 2026-07-03 06:57:00,275 ] - Test_@[5, 10, 20, 50]: Recall=[0.04323, 0.06900, 0.10522, 0.16150],  precision=[0.00865, 0.00690, 0.00526, 0.00323], hit=[0.04323, 0.06900, 0.10522, 0.16150], ndcg=[0.02779, 0.03605, 0.04513, 0.05623], Train Rec Loss=[0.03204], Eval Rec Loss=[0.03201], c=[0.50000], F=[0.84789, 0.88758, 0.92291, 0.94924], F_fuse=[0.01712, 0.01369, 0.01046, 0.00644]
[ INFO : 2026-07-03 06:57:57,338 ] - Epoch 267: train==[56.35937 = 0.54689 + 0.95914 + 2.02648 + 0.01257 + 0.00000 + 0.00537 + 884.94450]
[ INFO : 2026-07-03 06:58:02,719 ] - Test_@[5, 10, 20, 50]: Recall=[0.04388, 0.06884, 0.10473, 0.16427],  precision=[0.00878, 0.00688, 0.00524, 0.00329], hit=[0.04388, 0.06884, 0.10473, 0.16427], ndcg=[0.02879, 0.03680, 0.04582, 0.05753], Train Rec Loss=[0.03204], Eval Rec Loss=[0.03202], c=[0.50000], F=[0.84129, 0.88579, 0.92176, 0.94705], F_fuse=[0.01737, 0.01366, 0.01041, 0.00655]
[ INFO : 2026-07-03 06:58:59,494 ] - Epoch 268: train==[56.36768 = 0.54767 + 0.95914 + 2.03482 + 0.01260 + 0.00000 + 0.00453 + 884.94450]
[ INFO : 2026-07-03 06:59:04,905 ] - Test_@[5, 10, 20, 50]: Recall=[0.04323, 0.06852, 0.10261, 0.16134],  precision=[0.00865, 0.00685, 0.00513, 0.00323], hit=[0.04323, 0.06852, 0.10261, 0.16134], ndcg=[0.02747, 0.03556, 0.04410, 0.05569], Train Rec Loss=[0.03204], Eval Rec Loss=[0.03201], c=[0.50000], F=[0.84366, 0.88640, 0.92178, 0.94758], F_fuse=[0.01712, 0.01360, 0.01020, 0.00643]
[ INFO : 2026-07-03 07:00:01,656 ] - Epoch 269: train==[56.32316 = 0.54652 + 0.95914 + 1.99151 + 0.01256 + 0.00000 + 0.00451 + 884.94450]
[ INFO : 2026-07-03 07:00:07,064 ] - Test_@[5, 10, 20, 50]: Recall=[0.04323, 0.06737, 0.10343, 0.16183],  precision=[0.00865, 0.00674, 0.00517, 0.00324], hit=[0.04323, 0.06737, 0.10343, 0.16183], ndcg=[0.02751, 0.03518, 0.04427, 0.05581], Train Rec Loss=[0.03203], Eval Rec Loss=[0.03201], c=[0.50000], F=[0.85003, 0.88747, 0.92309, 0.95035], F_fuse=[0.01712, 0.01337, 0.01028, 0.00645]
[ INFO : 2026-07-03 07:01:03,603 ] - Epoch 270: train==[56.29816 = 0.54439 + 0.95914 + 1.96837 + 0.01273 + 0.00000 + 0.00460 + 884.94450]
[ INFO : 2026-07-03 07:01:09,076 ] - Test_@[5, 10, 20, 50]: Recall=[0.04192, 0.06754, 0.10261, 0.16297],  precision=[0.00838, 0.00675, 0.00513, 0.00326], hit=[0.04192, 0.06754, 0.10261, 0.16297], ndcg=[0.02748, 0.03568, 0.04452, 0.05644], Train Rec Loss=[0.03204], Eval Rec Loss=[0.03201], c=[0.50000], F=[0.84236, 0.88734, 0.92193, 0.94802], F_fuse=[0.01660, 0.01341, 0.01020, 0.00650]
[ INFO : 2026-07-03 07:02:07,743 ] - Epoch 271: train==[56.24041 = 0.54098 + 0.95914 + 1.91459 + 0.01276 + 0.00000 + 0.00401 + 884.94450]
[ INFO : 2026-07-03 07:02:13,189 ] - Test_@[5, 10, 20, 50]: Recall=[0.04192, 0.06656, 0.10147, 0.16476],  precision=[0.00838, 0.00666, 0.00507, 0.00330], hit=[0.04192, 0.06656, 0.10147, 0.16476], ndcg=[0.02684, 0.03472, 0.04353, 0.05606], Train Rec Loss=[0.03204], Eval Rec Loss=[0.03201], c=[0.50000], F=[0.84920, 0.88642, 0.92310, 0.95058], F_fuse=[0.01661, 0.01321, 0.01009, 0.00657]
[ INFO : 2026-07-03 07:03:09,967 ] - Epoch 272: train==[56.33448 = 0.54189 + 0.95914 + 2.00660 + 0.01261 + 0.00000 + 0.00532 + 884.94450]
[ INFO : 2026-07-03 07:03:15,388 ] - Test_@[5, 10, 20, 50]: Recall=[0.04258, 0.06803, 0.10392, 0.16476],  precision=[0.00852, 0.00680, 0.00520, 0.00330], hit=[0.04258, 0.06803, 0.10392, 0.16476], ndcg=[0.02766, 0.03583, 0.04490, 0.05695], Train Rec Loss=[0.03204], Eval Rec Loss=[0.03201], c=[0.50000], F=[0.84636, 0.88648, 0.92225, 0.94899], F_fuse=[0.01686, 0.01350, 0.01033, 0.00657]
[ INFO : 2026-07-03 07:04:13,375 ] - Epoch 273: train==[56.29862 = 0.54280 + 0.95914 + 1.97082 + 0.01266 + 0.00000 + 0.00427 + 884.94450]
[ INFO : 2026-07-03 07:04:18,787 ] - Test_@[5, 10, 20, 50]: Recall=[0.04437, 0.06884, 0.10489, 0.16411],  precision=[0.00887, 0.00688, 0.00524, 0.00328], hit=[0.04437, 0.06884, 0.10489, 0.16411], ndcg=[0.02870, 0.03648, 0.04556, 0.05726], Train Rec Loss=[0.03204], Eval Rec Loss=[0.03201], c=[0.50000], F=[0.84764, 0.88589, 0.92267, 0.94975], F_fuse=[0.01756, 0.01366, 0.01043, 0.00654]
[ INFO : 2026-07-03 07:05:15,456 ] - Epoch 274: train==[56.28585 = 0.53765 + 0.95914 + 1.96243 + 0.01260 + 0.00000 + 0.00511 + 884.94450]
[ INFO : 2026-07-03 07:05:20,912 ] - Test_@[5, 10, 20, 50]: Recall=[0.04323, 0.06574, 0.10131, 0.16297],  precision=[0.00865, 0.00657, 0.00507, 0.00326], hit=[0.04323, 0.06574, 0.10131, 0.16297], ndcg=[0.02750, 0.03470, 0.04370, 0.05589], Train Rec Loss=[0.03203], Eval Rec Loss=[0.03201], c=[0.50000], F=[0.84580, 0.88823, 0.92304, 0.94923], F_fuse=[0.01712, 0.01305, 0.01008, 0.00650]
[ INFO : 2026-07-03 07:06:17,555 ] - Epoch 275: train==[56.24523 = 0.53851 + 0.95914 + 1.92178 + 0.01267 + 0.00000 + 0.00420 + 884.94450]
[ INFO : 2026-07-03 07:06:22,974 ] - Test_@[5, 10, 20, 50]: Recall=[0.04356, 0.06835, 0.10310, 0.16591],  precision=[0.00871, 0.00684, 0.00515, 0.00332], hit=[0.04356, 0.06835, 0.10310, 0.16591], ndcg=[0.02786, 0.03576, 0.04455, 0.05695], Train Rec Loss=[0.03204], Eval Rec Loss=[0.03201], c=[0.50000], F=[0.84665, 0.88701, 0.92271, 0.94982], F_fuse=[0.01725, 0.01357, 0.01025, 0.00661]
[ INFO : 2026-07-03 07:07:26,889 ] - Epoch 276: train==[56.24596 = 0.53675 + 0.95914 + 1.92402 + 0.01277 + 0.00000 + 0.00435 + 884.94450]
[ INFO : 2026-07-03 07:07:32,310 ] - Test_@[5, 10, 20, 50]: Recall=[0.04192, 0.06656, 0.10392, 0.16362],  precision=[0.00838, 0.00666, 0.00520, 0.00327], hit=[0.04192, 0.06656, 0.10392, 0.16362], ndcg=[0.02686, 0.03472, 0.04410, 0.05588], Train Rec Loss=[0.03204], Eval Rec Loss=[0.03201], c=[0.50000], F=[0.84450, 0.88481, 0.92168, 0.94859], F_fuse=[0.01661, 0.01321, 0.01033, 0.00652]
[ INFO : 2026-07-03 07:08:29,014 ] - Epoch 277: train==[56.28735 = 0.53718 + 0.95914 + 1.96488 + 0.01265 + 0.00000 + 0.00457 + 884.94450]
[ INFO : 2026-07-03 07:08:34,430 ] - Test_@[5, 10, 20, 50]: Recall=[0.04241, 0.06607, 0.09788, 0.15889],  precision=[0.00848, 0.00661, 0.00489, 0.00318], hit=[0.04241, 0.06607, 0.09788, 0.15889], ndcg=[0.02695, 0.03457, 0.04258, 0.05460], Train Rec Loss=[0.03204], Eval Rec Loss=[0.03201], c=[0.50000], F=[0.83819, 0.88620, 0.92295, 0.94744], F_fuse=[0.01680, 0.01312, 0.00974, 0.00633]
[ INFO : 2026-07-03 07:09:35,207 ] - Epoch 278: train==[56.28021 = 0.53600 + 0.95914 + 1.95866 + 0.01263 + 0.00000 + 0.00485 + 884.94450]
[ INFO : 2026-07-03 07:09:40,670 ] - Test_@[5, 10, 20, 50]: Recall=[0.04241, 0.06770, 0.10359, 0.16101],  precision=[0.00848, 0.00677, 0.00518, 0.00322], hit=[0.04241, 0.06770, 0.10359, 0.16101], ndcg=[0.02723, 0.03532, 0.04433, 0.05563], Train Rec Loss=[0.03204], Eval Rec Loss=[0.03201], c=[0.50000], F=[0.84286, 0.88809, 0.92609, 0.94762], F_fuse=[0.01680, 0.01344, 0.01030, 0.00642]
[ INFO : 2026-07-03 07:10:37,371 ] - Epoch 279: train==[56.27695 = 0.53062 + 0.95914 + 1.96147 + 0.01268 + 0.00000 + 0.00412 + 884.94450]
[ INFO : 2026-07-03 07:10:42,825 ] - Test_@[5, 10, 20, 50]: Recall=[0.04160, 0.06558, 0.10049, 0.16020],  precision=[0.00832, 0.00656, 0.00502, 0.00320], hit=[0.04160, 0.06558, 0.10049, 0.16020], ndcg=[0.02663, 0.03436, 0.04311, 0.05490], Train Rec Loss=[0.03203], Eval Rec Loss=[0.03201], c=[0.50000], F=[0.84262, 0.88653, 0.92240, 0.94744], F_fuse=[0.01648, 0.01302, 0.00999, 0.00639]
[ INFO : 2026-07-03 07:11:39,632 ] - Epoch 280: train==[56.30712 = 0.53279 + 0.95914 + 1.98874 + 0.01264 + 0.00000 + 0.00489 + 884.94450]
[ INFO : 2026-07-03 07:11:45,078 ] - Test_@[5, 10, 20, 50]: Recall=[0.04209, 0.06656, 0.10408, 0.16362],  precision=[0.00842, 0.00666, 0.00520, 0.00327], hit=[0.04209, 0.06656, 0.10408, 0.16362], ndcg=[0.02709, 0.03495, 0.04445, 0.05622], Train Rec Loss=[0.03203], Eval Rec Loss=[0.03201], c=[0.50000], F=[0.84652, 0.88663, 0.92164, 0.94962], F_fuse=[0.01667, 0.01321, 0.01035, 0.00652]
[ INFO : 2026-07-03 07:12:41,945 ] - Epoch 281: train==[56.20234 = 0.52752 + 0.95914 + 1.88997 + 0.01277 + 0.00000 + 0.00401 + 884.94450]
[ INFO : 2026-07-03 07:12:47,364 ] - Test_@[5, 10, 20, 50]: Recall=[0.04339, 0.07031, 0.10587, 0.16623],  precision=[0.00868, 0.00703, 0.00529, 0.00332], hit=[0.04339, 0.07031, 0.10587, 0.16623], ndcg=[0.02804, 0.03665, 0.04558, 0.05743], Train Rec Loss=[0.03203], Eval Rec Loss=[0.03200], c=[0.50000], F=[0.84405, 0.88654, 0.92188, 0.94940], F_fuse=[0.01718, 0.01395, 0.01053, 0.00663]
[ INFO : 2026-07-03 07:13:43,932 ] - Epoch 282: train==[56.22984 = 0.52763 + 0.95914 + 1.91700 + 0.01278 + 0.00000 + 0.00436 + 884.94450]
[ INFO : 2026-07-03 07:13:49,374 ] - Test_@[5, 10, 20, 50]: Recall=[0.04274, 0.06917, 0.10196, 0.16281],  precision=[0.00855, 0.00692, 0.00510, 0.00326], hit=[0.04274, 0.06917, 0.10196, 0.16281], ndcg=[0.02716, 0.03557, 0.04384, 0.05589], Train Rec Loss=[0.03203], Eval Rec Loss=[0.03200], c=[0.50000], F=[0.84455, 0.88731, 0.92223, 0.94933], F_fuse=[0.01692, 0.01373, 0.01014, 0.00649]
[ INFO : 2026-07-03 07:14:49,897 ] - Epoch 283: train==[56.27140 = 0.52541 + 0.95914 + 1.96051 + 0.01266 + 0.00000 + 0.00475 + 884.94450]
[ INFO : 2026-07-03 07:14:55,324 ] - Test_@[5, 10, 20, 50]: Recall=[0.04078, 0.06509, 0.09886, 0.16117],  precision=[0.00816, 0.00651, 0.00494, 0.00322], hit=[0.04078, 0.06509, 0.09886, 0.16117], ndcg=[0.02619, 0.03402, 0.04258, 0.05489], Train Rec Loss=[0.03203], Eval Rec Loss=[0.03200], c=[0.50000], F=[0.84360, 0.88608, 0.92352, 0.94756], F_fuse=[0.01616, 0.01292, 0.00983, 0.00643]
[ INFO : 2026-07-03 07:15:52,259 ] - Epoch 284: train==[56.27457 = 0.53090 + 0.95914 + 1.95642 + 0.01271 + 0.00000 + 0.00648 + 884.94450]
[ INFO : 2026-07-03 07:15:57,692 ] - Test_@[5, 10, 20, 50]: Recall=[0.04095, 0.06427, 0.09935, 0.16215],  precision=[0.00819, 0.00643, 0.00497, 0.00324], hit=[0.04095, 0.06427, 0.09935, 0.16215], ndcg=[0.02618, 0.03369, 0.04256, 0.05501], Train Rec Loss=[0.03203], Eval Rec Loss=[0.03200], c=[0.50000], F=[0.84586, 0.88620, 0.92271, 0.94981], F_fuse=[0.01622, 0.01276, 0.00988, 0.00646]
[ INFO : 2026-07-03 07:16:54,427 ] - Epoch 285: train==[56.26440 = 0.52501 + 0.95914 + 1.95370 + 0.01273 + 0.00000 + 0.00490 + 884.94450]
[ INFO : 2026-07-03 07:16:59,858 ] - Test_@[5, 10, 20, 50]: Recall=[0.04372, 0.06852, 0.10375, 0.16215],  precision=[0.00874, 0.00685, 0.00519, 0.00324], hit=[0.04372, 0.06852, 0.10375, 0.16215], ndcg=[0.02761, 0.03550, 0.04440, 0.05595], Train Rec Loss=[0.03203], Eval Rec Loss=[0.03200], c=[0.50000], F=[0.84617, 0.88690, 0.92158, 0.94952], F_fuse=[0.01731, 0.01360, 0.01032, 0.00646]
[ INFO : 2026-07-03 07:17:56,971 ] - Epoch 286: train==[56.24494 = 0.52244 + 0.95914 + 1.93689 + 0.01275 + 0.00000 + 0.00480 + 884.94450]
[ INFO : 2026-07-03 07:18:02,411 ] - Test_@[5, 10, 20, 50]: Recall=[0.04258, 0.06574, 0.10277, 0.16183],  precision=[0.00852, 0.00657, 0.00514, 0.00324], hit=[0.04258, 0.06574, 0.10277, 0.16183], ndcg=[0.02709, 0.03447, 0.04381, 0.05546], Train Rec Loss=[0.03203], Eval Rec Loss=[0.03200], c=[0.50000], F=[0.84550, 0.88649, 0.92323, 0.94881], F_fuse=[0.01686, 0.01305, 0.01022, 0.00645]
[ INFO : 2026-07-03 07:18:59,466 ] - Epoch 287: train==[56.25891 = 0.52461 + 0.95914 + 1.94871 + 0.01273 + 0.00000 + 0.00478 + 884.94450]
[ INFO : 2026-07-03 07:19:04,885 ] - Test_@[5, 10, 20, 50]: Recall=[0.04111, 0.06672, 0.09886, 0.16183],  precision=[0.00822, 0.00667, 0.00494, 0.00324], hit=[0.04111, 0.06672, 0.09886, 0.16183], ndcg=[0.02600, 0.03417, 0.04228, 0.05478], Train Rec Loss=[0.03203], Eval Rec Loss=[0.03200], c=[0.50000], F=[0.84463, 0.88639, 0.92200, 0.95038], F_fuse=[0.01629, 0.01324, 0.00983, 0.00645]
[ INFO : 2026-07-03 07:20:09,460 ] - Epoch 288: train==[56.26014 = 0.52146 + 0.95914 + 1.95292 + 0.01279 + 0.00000 + 0.00491 + 884.94450]
[ INFO : 2026-07-03 07:20:14,895 ] - Test_@[5, 10, 20, 50]: Recall=[0.04078, 0.06460, 0.09967, 0.16020],  precision=[0.00816, 0.00646, 0.00498, 0.00320], hit=[0.04078, 0.06460, 0.09967, 0.16020], ndcg=[0.02593, 0.03353, 0.04237, 0.05433], Train Rec Loss=[0.03202], Eval Rec Loss=[0.03200], c=[0.50000], F=[0.84580, 0.88765, 0.92401, 0.94974], F_fuse=[0.01616, 0.01283, 0.00991, 0.00639]
[ INFO : 2026-07-03 07:21:11,842 ] - Epoch 289: train==[56.18360 = 0.51872 + 0.95914 + 1.87915 + 0.01276 + 0.00000 + 0.00491 + 884.94450]
[ INFO : 2026-07-03 07:21:17,239 ] - Test_@[5, 10, 20, 50]: Recall=[0.04176, 0.06770, 0.10033, 0.16558],  precision=[0.00835, 0.00677, 0.00502, 0.00331], hit=[0.04176, 0.06770, 0.10033, 0.16558], ndcg=[0.02704, 0.03544, 0.04371, 0.05659], Train Rec Loss=[0.03203], Eval Rec Loss=[0.03199], c=[0.50000], F=[0.84833, 0.88959, 0.92584, 0.94808], F_fuse=[0.01654, 0.01344, 0.00998, 0.00660]
[ INFO : 2026-07-03 07:22:13,821 ] - Epoch 290: train==[56.23110 = 0.51801 + 0.95914 + 1.92749 + 0.01273 + 0.00000 + 0.00480 + 884.94450]
[ INFO : 2026-07-03 07:22:19,244 ] - Test_@[5, 10, 20, 50]: Recall=[0.04274, 0.06998, 0.10718, 0.16900],  precision=[0.00855, 0.00700, 0.00536, 0.00338], hit=[0.04274, 0.06998, 0.10718, 0.16900], ndcg=[0.02748, 0.03622, 0.04556, 0.05773], Train Rec Loss=[0.03202], Eval Rec Loss=[0.03200], c=[0.50000], F=[0.84766, 0.88488, 0.92114, 0.95019], F_fuse=[0.01693, 0.01389, 0.01066, 0.00674]
[ INFO : 2026-07-03 07:23:19,074 ] - Epoch 291: train==[56.22585 = 0.51912 + 0.95914 + 1.92129 + 0.01282 + 0.00000 + 0.00455 + 884.94450]
[ INFO : 2026-07-03 07:23:24,477 ] - Test_@[5, 10, 20, 50]: Recall=[0.04160, 0.06558, 0.10163, 0.16411],  precision=[0.00832, 0.00656, 0.00508, 0.00328], hit=[0.04160, 0.06558, 0.10163, 0.16411], ndcg=[0.02609, 0.03375, 0.04286, 0.05514], Train Rec Loss=[0.03203], Eval Rec Loss=[0.03199], c=[0.50000], F=[0.84532, 0.88558, 0.92253, 0.94920], F_fuse=[0.01648, 0.01302, 0.01011, 0.00654]
[ INFO : 2026-07-03 07:24:21,400 ] - Epoch 292: train==[56.23135 = 0.51704 + 0.95914 + 1.92924 + 0.01281 + 0.00000 + 0.00420 + 884.94450]
[ INFO : 2026-07-03 07:24:26,823 ] - Test_@[5, 10, 20, 50]: Recall=[0.04290, 0.06819, 0.10669, 0.16656],  precision=[0.00858, 0.00682, 0.00533, 0.00333], hit=[0.04290, 0.06819, 0.10669, 0.16656], ndcg=[0.02707, 0.03516, 0.04484, 0.05663], Train Rec Loss=[0.03203], Eval Rec Loss=[0.03200], c=[0.50000], F=[0.84552, 0.88434, 0.92080, 0.95033], F_fuse=[0.01699, 0.01353, 0.01061, 0.00664]
[ INFO : 2026-07-03 07:25:28,804 ] - Epoch 293: train==[56.18361 = 0.51660 + 0.95914 + 1.88087 + 0.01279 + 0.00000 + 0.00528 + 884.94450]
[ INFO : 2026-07-03 07:25:34,264 ] - Test_@[5, 10, 20, 50]: Recall=[0.04144, 0.06639, 0.10326, 0.16248],  precision=[0.00829, 0.00664, 0.00516, 0.00325], hit=[0.04144, 0.06639, 0.10326, 0.16248], ndcg=[0.02651, 0.03449, 0.04377, 0.05544], Train Rec Loss=[0.03203], Eval Rec Loss=[0.03200], c=[0.50000], F=[0.84734, 0.88847, 0.92358, 0.95050], F_fuse=[0.01641, 0.01318, 0.01027, 0.00648]
[ INFO : 2026-07-03 07:26:30,902 ] - Epoch 294: train==[56.16427 = 0.51462 + 0.95914 + 1.86400 + 0.01291 + 0.00000 + 0.00467 + 884.94450]
[ INFO : 2026-07-03 07:26:36,320 ] - Test_@[5, 10, 20, 50]: Recall=[0.04013, 0.06574, 0.10294, 0.16411],  precision=[0.00803, 0.00657, 0.00515, 0.00328], hit=[0.04013, 0.06574, 0.10294, 0.16411], ndcg=[0.02614, 0.03440, 0.04381, 0.05585], Train Rec Loss=[0.03202], Eval Rec Loss=[0.03200], c=[0.50000], F=[0.84524, 0.88639, 0.92367, 0.94906], F_fuse=[0.01590, 0.01305, 0.01024, 0.00654]
[ INFO : 2026-07-03 07:27:32,514 ] - Epoch 295: train==[56.18343 = 0.51390 + 0.95914 + 1.88399 + 0.01289 + 0.00000 + 0.00459 + 884.94450]
[ INFO : 2026-07-03 07:27:37,972 ] - Test_@[5, 10, 20, 50]: Recall=[0.03964, 0.06297, 0.09576, 0.16020],  precision=[0.00793, 0.00630, 0.00479, 0.00320], hit=[0.03964, 0.06297, 0.09576, 0.16020], ndcg=[0.02486, 0.03234, 0.04062, 0.05326], Train Rec Loss=[0.03202], Eval Rec Loss=[0.03199], c=[0.50000], F=[0.84337, 0.88542, 0.92257, 0.94773], F_fuse=[0.01571, 0.01250, 0.00953, 0.00639]
[ INFO : 2026-07-03 07:28:34,955 ] - Epoch 296: train==[56.19736 = 0.51391 + 0.95914 + 1.89683 + 0.01292 + 0.00000 + 0.00563 + 884.94450]
[ INFO : 2026-07-03 07:28:40,425 ] - Test_@[5, 10, 20, 50]: Recall=[0.04209, 0.06754, 0.10196, 0.16460],  precision=[0.00842, 0.00675, 0.00510, 0.00329], hit=[0.04209, 0.06754, 0.10196, 0.16460], ndcg=[0.02724, 0.03540, 0.04407, 0.05647], Train Rec Loss=[0.03202], Eval Rec Loss=[0.03199], c=[0.50000], F=[0.84554, 0.88328, 0.91945, 0.94830], F_fuse=[0.01667, 0.01340, 0.01014, 0.00656]
[ INFO : 2026-07-03 07:29:37,026 ] - Epoch 297: train==[56.18953 = 0.50667 + 0.95914 + 1.89585 + 0.01296 + 0.00000 + 0.00598 + 884.94450]
[ INFO : 2026-07-03 07:29:42,490 ] - Test_@[5, 10, 20, 50]: Recall=[0.04095, 0.06509, 0.09902, 0.15954],  precision=[0.00819, 0.00651, 0.00495, 0.00319], hit=[0.04095, 0.06509, 0.09902, 0.15954], ndcg=[0.02589, 0.03368, 0.04224, 0.05415], Train Rec Loss=[0.03202], Eval Rec Loss=[0.03199], c=[0.50000], F=[0.84311, 0.88528, 0.92222, 0.94929], F_fuse=[0.01622, 0.01292, 0.00985, 0.00636]
[ INFO : 2026-07-03 07:30:43,363 ] - Epoch 298: train==[56.18818 = 0.51094 + 0.95914 + 1.88888 + 0.01296 + 0.00000 + 0.00733 + 884.94450]
[ INFO : 2026-07-03 07:30:48,843 ] - Test_@[5, 10, 20, 50]: Recall=[0.04209, 0.07031, 0.10489, 0.16509],  precision=[0.00842, 0.00703, 0.00524, 0.00330], hit=[0.04209, 0.07031, 0.10489, 0.16509], ndcg=[0.02703, 0.03610, 0.04478, 0.05667], Train Rec Loss=[0.03202], Eval Rec Loss=[0.03199], c=[0.50000], F=[0.84546, 0.88495, 0.92210, 0.94957], F_fuse=[0.01667, 0.01395, 0.01043, 0.00658]
[ INFO : 2026-07-03 07:31:45,989 ] - Epoch 299: train==[56.17681 = 0.51310 + 0.95914 + 1.87779 + 0.01296 + 0.00000 + 0.00489 + 884.94450]
[ INFO : 2026-07-03 07:31:51,464 ] - Test_@[5, 10, 20, 50]: Recall=[0.04241, 0.06770, 0.10212, 0.16264],  precision=[0.00848, 0.00677, 0.00511, 0.00325], hit=[0.04241, 0.06770, 0.10212, 0.16264], ndcg=[0.02697, 0.03505, 0.04370, 0.05568], Train Rec Loss=[0.03202], Eval Rec Loss=[0.03200], c=[0.50000], F=[0.84504, 0.88673, 0.92298, 0.94912], F_fuse=[0.01680, 0.01344, 0.01016, 0.00648]
[ INFO : 2026-07-03 07:32:48,610 ] - Epoch 300: train==[56.13848 = 0.50665 + 0.95914 + 1.84578 + 0.01292 + 0.00000 + 0.00507 + 884.94450]
[ INFO : 2026-07-03 07:32:54,037 ] - Test_@[5, 10, 20, 50]: Recall=[0.04192, 0.06672, 0.10049, 0.16281],  precision=[0.00838, 0.00667, 0.00502, 0.00326], hit=[0.04192, 0.06672, 0.10049, 0.16281], ndcg=[0.02678, 0.03472, 0.04325, 0.05557], Train Rec Loss=[0.03202], Eval Rec Loss=[0.03199], c=[0.50000], F=[0.84360, 0.88732, 0.92262, 0.94864], F_fuse=[0.01660, 0.01324, 0.00999, 0.00649]
n_users=9308, n_items=6710
n_interactions=65671
n_train=59541, n_test=6130, sparsity=0.00105
Finished Fri Jul  3 07:33:04 AM UTC 2026
