Job 74772 on gpu02; lambda_cf=1.0; group_k=10; seed=7; started Thu Aug  6 03:45:35 AM +07 2026
Thu Aug  6 03:45:35 2026       
+-----------------------------------------------------------------------------------------+
| NVIDIA-SMI 555.42.02              Driver Version: 555.42.02      CUDA Version: 12.5     |
|-----------------------------------------+------------------------+----------------------+
| GPU  Name                 Persistence-M | Bus-Id          Disp.A | Volatile Uncorr. ECC |
| Fan  Temp   Perf          Pwr:Usage/Cap |           Memory-Usage | GPU-Util  Compute M. |
|                                         |                        |               MIG M. |
|=========================================+========================+======================|
|   0  NVIDIA A100-PCIE-40GB          Off |   00000000:14:00.0 Off |                    0 |
| N/A   37C    P0             33W /  250W |       1MiB /  40960MiB |      0%      Default |
|                                         |                        |             Disabled |
+-----------------------------------------+------------------------+----------------------+
                                                                                         
+-----------------------------------------------------------------------------------------+
| Processes:                                                                              |
|  GPU   GI   CI        PID   Type   Process name                              GPU Memory |
|        ID   ID                                                               Usage      |
|=========================================================================================|
|  No running processes found                                                             |
+-----------------------------------------------------------------------------------------+
[ INFO : 2026-08-06 03:48:21,213 ] - Preprocess missing values with zero
[ INFO : 2026-08-06 03:48:27,950 ] - Pretrained diffusion model is loaded from: ./checkpoint/allrecipes/best_model.pth
[ INFO : 2026-08-06 03:48:29,721 ] - Completed data loaded from: ./checkpoint/allrecipes/completed_data.pkl
/media/lhbac29/raid-cf/main.py:106: DeprecationWarning: Please import `csr_matrix` from the `scipy.sparse` namespace; the `scipy.sparse.csr` namespace is deprecated and will be removed in SciPy 2.0.0.
  self.ui_graph = self.ui_graph_raw = pickle.load(open('./data/' + self.dataset + '/train_mat', 'rb'))
[ INFO : 2026-08-06 03:48:30,217 ] - Missing rate = 0.400000, complete strategy: zero
[ INFO : 2026-08-06 03:50:56,444 ] - Epoch 1: train==[128.84990 = 1.24187 + 0.85588 + 29.34935 + 0.00022 + 0.00000 + 5.70810 + 613.57888]
[ INFO : 2026-08-06 03:51:03,681 ] - Test_@[5, 10, 20, 50]: Recall=[0.01573, 0.02148, 0.03197, 0.05677],  precision=[0.00315, 0.00215, 0.00160, 0.00114], hit=[0.01573, 0.02148, 0.03197, 0.05677], ndcg=[0.01130, 0.01322, 0.01582, 0.02084], Train Rec Loss=[0.05075], Eval Rec Loss=[0.05083], c=[0.50000], F=[0.86724, 0.90794, 0.97280, 0.95262], F_fuse=[0.00627, 0.00429, 0.00319, 0.00227]
[ INFO : 2026-08-06 03:52:27,973 ] - Epoch 2: train==[125.83814 = 0.81841 + 0.84782 + 29.08407 + 0.00023 + 0.00000 + 3.31278 + 614.09301]
[ INFO : 2026-08-06 03:52:34,643 ] - Test_@[5, 10, 20, 50]: Recall=[0.01854, 0.02263, 0.02992, 0.05626],  precision=[0.00371, 0.00226, 0.00150, 0.00113], hit=[0.01854, 0.02263, 0.02992, 0.05626], ndcg=[0.01244, 0.01378, 0.01560, 0.02082], Train Rec Loss=[0.05057], Eval Rec Loss=[0.05055], c=[0.50000], F=[0.96831, 0.85495, 0.93899, 0.96753], F_fuse=[0.00739, 0.00451, 0.00299, 0.00225]
[ INFO : 2026-08-06 03:53:57,381 ] - Epoch 3: train==[124.31864 = 0.78572 + 0.84715 + 28.70195 + 0.00025 + 0.00000 + 2.21164 + 614.07191]
[ INFO : 2026-08-06 03:54:04,049 ] - Test_@[5, 10, 20, 50]: Recall=[0.01534, 0.02493, 0.03248, 0.06009],  precision=[0.00307, 0.00249, 0.00162, 0.00120], hit=[0.01534, 0.02493, 0.03248, 0.06009], ndcg=[0.01135, 0.01444, 0.01631, 0.02165], Train Rec Loss=[0.05038], Eval Rec Loss=[0.05048], c=[0.50000], F=[0.85814, 0.74817, 0.88063, 0.97413], F_fuse=[0.00612, 0.00497, 0.00324, 0.00240]
[ INFO : 2026-08-06 03:55:28,607 ] - Epoch 4: train==[123.32694 = 0.77784 + 0.84712 + 28.25841 + 0.00028 + 0.00000 + 1.67546 + 614.04441]
[ INFO : 2026-08-06 03:55:35,275 ] - Test_@[5, 10, 20, 50]: Recall=[0.01432, 0.02468, 0.03363, 0.05613],  precision=[0.00286, 0.00247, 0.00168, 0.00112], hit=[0.01432, 0.02468, 0.03363, 0.05613], ndcg=[0.01099, 0.01435, 0.01659, 0.02099], Train Rec Loss=[0.05041], Eval Rec Loss=[0.05035], c=[0.50000], F=[0.76435, 0.72358, 0.87984, 0.99302], F_fuse=[0.00571, 0.00492, 0.00336, 0.00224]
[ INFO : 2026-08-06 03:56:59,815 ] - Epoch 5: train==[122.43692 = 0.77341 + 0.84720 + 27.67146 + 0.00033 + 0.00000 + 1.38034 + 614.02037]
[ INFO : 2026-08-06 03:57:06,480 ] - Test_@[5, 10, 20, 50]: Recall=[0.01432, 0.02557, 0.03388, 0.05472],  precision=[0.00286, 0.00256, 0.00169, 0.00109], hit=[0.01432, 0.02557, 0.03388, 0.05472], ndcg=[0.01076, 0.01440, 0.01647, 0.02057], Train Rec Loss=[0.05037], Eval Rec Loss=[0.05046], c=[0.50000], F=[0.76253, 0.69681, 0.87985, 0.98579], F_fuse=[0.00571, 0.00510, 0.00338, 0.00219]
[ INFO : 2026-08-06 03:58:30,674 ] - Epoch 6: train==[121.57194 = 0.77303 + 0.84716 + 27.01464 + 0.00038 + 0.00000 + 1.17601 + 613.99712]
[ INFO : 2026-08-06 03:58:37,399 ] - Test_@[5, 10, 20, 50]: Recall=[0.01432, 0.02544, 0.03439, 0.05677],  precision=[0.00286, 0.00254, 0.00172, 0.00114], hit=[0.01432, 0.02544, 0.03439, 0.05677], ndcg=[0.01095, 0.01456, 0.01678, 0.02113], Train Rec Loss=[0.05036], Eval Rec Loss=[0.05047], c=[0.50000], F=[0.77573, 0.70442, 0.87985, 0.97716], F_fuse=[0.00571, 0.00507, 0.00343, 0.00227]
[ INFO : 2026-08-06 04:00:02,204 ] - Epoch 7: train==[120.75364 = 0.76803 + 0.84719 + 26.36522 + 0.00044 + 0.00000 + 1.01525 + 613.97597]
[ INFO : 2026-08-06 04:00:08,887 ] - Test_@[5, 10, 20, 50]: Recall=[0.01394, 0.02596, 0.03478, 0.06329],  precision=[0.00279, 0.00260, 0.00174, 0.00127], hit=[0.01394, 0.02596, 0.03478, 0.06329], ndcg=[0.01084, 0.01474, 0.01691, 0.02234], Train Rec Loss=[0.05037], Eval Rec Loss=[0.05044], c=[0.50000], F=[0.82973, 0.67221, 0.87985, 0.97757], F_fuse=[0.00556, 0.00517, 0.00347, 0.00253]
[ INFO : 2026-08-06 04:01:32,676 ] - Epoch 8: train==[119.93409 = 0.76316 + 0.84718 + 25.66920 + 0.00049 + 0.00000 + 0.89894 + 613.95996]
[ INFO : 2026-08-06 04:01:39,311 ] - Test_@[5, 10, 20, 50]: Recall=[0.01419, 0.02660, 0.03465, 0.06662],  precision=[0.00284, 0.00266, 0.00173, 0.00133], hit=[0.01419, 0.02660, 0.03465, 0.06662], ndcg=[0.01092, 0.01486, 0.01683, 0.02294], Train Rec Loss=[0.05034], Eval Rec Loss=[0.05043], c=[0.50000], F=[0.96058, 0.63248, 0.87985, 0.97809], F_fuse=[0.00566, 0.00530, 0.00346, 0.00266]
[ INFO : 2026-08-06 04:03:01,708 ] - Epoch 9: train==[119.10354 = 0.76403 + 0.84719 + 24.91708 + 0.00054 + 0.00000 + 0.82133 + 613.94830]
[ INFO : 2026-08-06 04:03:08,351 ] - Test_@[5, 10, 20, 50]: Recall=[0.01419, 0.02647, 0.03503, 0.06751],  precision=[0.00284, 0.00265, 0.00175, 0.00135], hit=[0.01419, 0.02647, 0.03503, 0.06751], ndcg=[0.01083, 0.01471, 0.01681, 0.02298], Train Rec Loss=[0.05042], Eval Rec Loss=[0.05038], c=[0.50000], F=[0.97445, 0.63281, 0.87965, 0.97832], F_fuse=[0.00566, 0.00527, 0.00350, 0.00270]
[ INFO : 2026-08-06 04:04:32,645 ] - Epoch 10: train==[118.35719 = 0.76063 + 0.84719 + 24.22530 + 0.00059 + 0.00000 + 0.77032 + 613.94688]
[ INFO : 2026-08-06 04:04:39,333 ] - Test_@[5, 10, 20, 50]: Recall=[0.01419, 0.02621, 0.03491, 0.06725],  precision=[0.00284, 0.00262, 0.00175, 0.00135], hit=[0.01419, 0.02621, 0.03491, 0.06725], ndcg=[0.01097, 0.01478, 0.01693, 0.02307], Train Rec Loss=[0.05030], Eval Rec Loss=[0.05042], c=[0.50000], F=[0.98119, 0.63459, 0.88026, 0.98099], F_fuse=[0.00566, 0.00522, 0.00348, 0.00269]
[ INFO : 2026-08-06 04:06:02,448 ] - Epoch 11: train==[117.77687 = 0.75684 + 0.84722 + 23.69202 + 0.00063 + 0.00000 + 0.72807 + 613.93973]
[ INFO : 2026-08-06 04:06:09,187 ] - Test_@[5, 10, 20, 50]: Recall=[0.01406, 0.02608, 0.03478, 0.06636],  precision=[0.00281, 0.00261, 0.00174, 0.00133], hit=[0.01406, 0.02608, 0.03478, 0.06636], ndcg=[0.01090, 0.01471, 0.01687, 0.02287], Train Rec Loss=[0.05033], Eval Rec Loss=[0.05035], c=[0.50000], F=[0.97969, 0.64419, 0.88035, 0.98391], F_fuse=[0.00561, 0.00520, 0.00347, 0.00265]
[ INFO : 2026-08-06 04:07:31,375 ] - Epoch 12: train==[117.29603 = 0.75064 + 0.84720 + 23.25861 + 0.00068 + 0.00000 + 0.68755 + 613.93484]
[ INFO : 2026-08-06 04:07:38,016 ] - Test_@[5, 10, 20, 50]: Recall=[0.01406, 0.02634, 0.03478, 0.06687],  precision=[0.00281, 0.00263, 0.00174, 0.00134], hit=[0.01406, 0.02634, 0.03478, 0.06687], ndcg=[0.01108, 0.01496, 0.01706, 0.02315], Train Rec Loss=[0.05035], Eval Rec Loss=[0.05040], c=[0.50000], F=[0.97918, 0.64013, 0.88031, 0.98684], F_fuse=[0.00561, 0.00525, 0.00347, 0.00267]
[ INFO : 2026-08-06 04:09:00,537 ] - Epoch 13: train==[116.79523 = 0.74822 + 0.84721 + 22.80505 + 0.00074 + 0.00000 + 0.64325 + 613.93092]
[ INFO : 2026-08-06 04:09:07,235 ] - Test_@[5, 10, 20, 50]: Recall=[0.01406, 0.02647, 0.03465, 0.06674],  precision=[0.00281, 0.00265, 0.00173, 0.00133], hit=[0.01406, 0.02647, 0.03465, 0.06674], ndcg=[0.01101, 0.01493, 0.01696, 0.02306], Train Rec Loss=[0.05032], Eval Rec Loss=[0.05029], c=[0.50000], F=[0.98017, 0.63882, 0.88022, 0.98590], F_fuse=[0.00561, 0.00527, 0.00346, 0.00267]
[ INFO : 2026-08-06 04:10:30,478 ] - Epoch 14: train==[116.47398 = 0.74439 + 0.84722 + 22.52829 + 0.00080 + 0.00000 + 0.60296 + 613.92801]
[ INFO : 2026-08-06 04:10:37,170 ] - Test_@[5, 10, 20, 50]: Recall=[0.01394, 0.02634, 0.03465, 0.06662],  precision=[0.00279, 0.00263, 0.00173, 0.00133], hit=[0.01394, 0.02634, 0.03465, 0.06662], ndcg=[0.01083, 0.01476, 0.01682, 0.02290], Train Rec Loss=[0.05025], Eval Rec Loss=[0.05032], c=[0.50000], F=[0.97726, 0.63339, 0.88032, 0.98662], F_fuse=[0.00556, 0.00525, 0.00346, 0.00266]
[ INFO : 2026-08-06 04:12:00,087 ] - Epoch 15: train==[116.14773 = 0.74013 + 0.84718 + 22.25000 + 0.00086 + 0.00000 + 0.55949 + 613.92625]
[ INFO : 2026-08-06 04:12:06,780 ] - Test_@[5, 10, 20, 50]: Recall=[0.01394, 0.02634, 0.03465, 0.06662],  precision=[0.00279, 0.00263, 0.00173, 0.00133], hit=[0.01394, 0.02634, 0.03465, 0.06662], ndcg=[0.01103, 0.01496, 0.01702, 0.02311], Train Rec Loss=[0.05021], Eval Rec Loss=[0.05031], c=[0.50000], F=[0.97822, 0.63219, 0.88030, 0.98664], F_fuse=[0.00556, 0.00525, 0.00346, 0.00266]
[ INFO : 2026-08-06 04:13:29,425 ] - Epoch 16: train==[115.82343 = 0.73606 + 0.84718 + 21.96965 + 0.00091 + 0.00000 + 0.51963 + 613.92576]
[ INFO : 2026-08-06 04:13:36,148 ] - Test_@[5, 10, 20, 50]: Recall=[0.01394, 0.02621, 0.03452, 0.06674],  precision=[0.00279, 0.00262, 0.00173, 0.00133], hit=[0.01394, 0.02621, 0.03452, 0.06674], ndcg=[0.01070, 0.01459, 0.01665, 0.02279], Train Rec Loss=[0.05030], Eval Rec Loss=[0.05024], c=[0.50000], F=[0.97467, 0.63547, 0.88013, 0.98659], F_fuse=[0.00556, 0.00522, 0.00345, 0.00267]
[ INFO : 2026-08-06 04:14:58,091 ] - Epoch 17: train==[115.54945 = 0.73451 + 0.84719 + 21.73651 + 0.00097 + 0.00000 + 0.48050 + 613.92428]
[ INFO : 2026-08-06 04:15:04,814 ] - Test_@[5, 10, 20, 50]: Recall=[0.01419, 0.02647, 0.03439, 0.06674],  precision=[0.00284, 0.00265, 0.00172, 0.00133], hit=[0.01419, 0.02647, 0.03439, 0.06674], ndcg=[0.01070, 0.01457, 0.01654, 0.02270], Train Rec Loss=[0.05015], Eval Rec Loss=[0.05018], c=[0.50000], F=[0.97030, 0.63326, 0.88019, 0.98758], F_fuse=[0.00566, 0.00527, 0.00343, 0.00267]
[ INFO : 2026-08-06 04:16:26,942 ] - Epoch 18: train==[115.29675 = 0.72961 + 0.84718 + 21.52837 + 0.00102 + 0.00000 + 0.44098 + 613.92305]
[ INFO : 2026-08-06 04:16:33,621 ] - Test_@[5, 10, 20, 50]: Recall=[0.01432, 0.02647, 0.03427, 0.06674],  precision=[0.00286, 0.00265, 0.00171, 0.00133], hit=[0.01432, 0.02647, 0.03427, 0.06674], ndcg=[0.01088, 0.01470, 0.01664, 0.02282], Train Rec Loss=[0.05009], Eval Rec Loss=[0.05027], c=[0.50000], F=[0.96582, 0.63379, 0.88005, 0.98830], F_fuse=[0.00571, 0.00527, 0.00342, 0.00267]
[ INFO : 2026-08-06 04:17:56,092 ] - Epoch 19: train==[115.04781 = 0.72477 + 0.84717 + 21.31936 + 0.00107 + 0.00000 + 0.40609 + 613.92137]
[ INFO : 2026-08-06 04:18:02,788 ] - Test_@[5, 10, 20, 50]: Recall=[0.01419, 0.02647, 0.03427, 0.06725],  precision=[0.00284, 0.00265, 0.00171, 0.00135], hit=[0.01419, 0.02647, 0.03427, 0.06725], ndcg=[0.01078, 0.01465, 0.01659, 0.02287], Train Rec Loss=[0.05014], Eval Rec Loss=[0.05013], c=[0.50000], F=[0.97266, 0.63508, 0.87997, 0.98824], F_fuse=[0.00566, 0.00527, 0.00342, 0.00269]
[ INFO : 2026-08-06 04:19:26,006 ] - Epoch 20: train==[114.72899 = 0.72153 + 0.84716 + 21.03766 + 0.00113 + 0.00000 + 0.37239 + 613.91993]
[ INFO : 2026-08-06 04:19:32,723 ] - Test_@[5, 10, 20, 50]: Recall=[0.01406, 0.02647, 0.03427, 0.06725],  precision=[0.00281, 0.00265, 0.00171, 0.00135], hit=[0.01406, 0.02647, 0.03427, 0.06725], ndcg=[0.01063, 0.01455, 0.01650, 0.02279], Train Rec Loss=[0.05025], Eval Rec Loss=[0.05030], c=[0.50000], F=[0.96966, 0.63430, 0.87997, 0.98948], F_fuse=[0.00561, 0.00527, 0.00342, 0.00269]
[ INFO : 2026-08-06 04:20:54,450 ] - Epoch 21: train==[114.56230 = 0.71756 + 0.84716 + 20.90714 + 0.00117 + 0.00000 + 0.34020 + 613.91947]
[ INFO : 2026-08-06 04:21:01,083 ] - Test_@[5, 10, 20, 50]: Recall=[0.01419, 0.02634, 0.03427, 0.06777],  precision=[0.00284, 0.00263, 0.00171, 0.00136], hit=[0.01419, 0.02634, 0.03427, 0.06777], ndcg=[0.01073, 0.01457, 0.01655, 0.02294], Train Rec Loss=[0.05011], Eval Rec Loss=[0.05007], c=[0.50000], F=[0.97161, 0.63727, 0.88017, 0.98922], F_fuse=[0.00566, 0.00525, 0.00342, 0.00271]
[ INFO : 2026-08-06 04:22:24,417 ] - Epoch 22: train==[114.34462 = 0.71721 + 0.84714 + 20.72198 + 0.00123 + 0.00000 + 0.30808 + 613.91888]
[ INFO : 2026-08-06 04:22:31,154 ] - Test_@[5, 10, 20, 50]: Recall=[0.01432, 0.02647, 0.03427, 0.06725],  precision=[0.00286, 0.00265, 0.00171, 0.00135], hit=[0.01432, 0.02647, 0.03427, 0.06725], ndcg=[0.01073, 0.01456, 0.01651, 0.02280], Train Rec Loss=[0.05014], Eval Rec Loss=[0.05013], c=[0.50000], F=[0.96982, 0.63993, 0.88000, 0.98820], F_fuse=[0.00571, 0.00527, 0.00342, 0.00269]
[ INFO : 2026-08-06 04:23:54,650 ] - Epoch 23: train==[114.06427 = 0.71417 + 0.84715 + 20.47559 + 0.00128 + 0.00000 + 0.27703 + 613.91928]
[ INFO : 2026-08-06 04:24:01,344 ] - Test_@[5, 10, 20, 50]: Recall=[0.01432, 0.02647, 0.03439, 0.06713],  precision=[0.00286, 0.00265, 0.00172, 0.00134], hit=[0.01432, 0.02647, 0.03439, 0.06713], ndcg=[0.01073, 0.01456, 0.01653, 0.02277], Train Rec Loss=[0.05013], Eval Rec Loss=[0.05014], c=[0.50000], F=[0.97113, 0.63796, 0.87986, 0.98743], F_fuse=[0.00571, 0.00527, 0.00343, 0.00268]
[ INFO : 2026-08-06 04:25:24,549 ] - Epoch 24: train==[113.96908 = 0.70882 + 0.84714 + 20.41347 + 0.00132 + 0.00000 + 0.24945 + 613.91814]
[ INFO : 2026-08-06 04:25:31,232 ] - Test_@[5, 10, 20, 50]: Recall=[0.01406, 0.02621, 0.03427, 0.06713],  precision=[0.00281, 0.00262, 0.00171, 0.00134], hit=[0.01406, 0.02621, 0.03427, 0.06713], ndcg=[0.01068, 0.01452, 0.01655, 0.02281], Train Rec Loss=[0.05005], Eval Rec Loss=[0.05002], c=[0.50000], F=[0.97528, 0.63721, 0.87966, 0.98598], F_fuse=[0.00561, 0.00522, 0.00342, 0.00268]
[ INFO : 2026-08-06 04:26:54,282 ] - Epoch 25: train==[113.78784 = 0.70299 + 0.84710 + 20.26550 + 0.00137 + 0.00000 + 0.22199 + 613.91816]
[ INFO : 2026-08-06 04:27:00,987 ] - Test_@[5, 10, 20, 50]: Recall=[0.01406, 0.02621, 0.03427, 0.06700],  precision=[0.00281, 0.00262, 0.00171, 0.00134], hit=[0.01406, 0.02621, 0.03427, 0.06700], ndcg=[0.01063, 0.01448, 0.01649, 0.02273], Train Rec Loss=[0.05002], Eval Rec Loss=[0.05007], c=[0.50000], F=[0.97471, 0.63545, 0.87985, 0.98522], F_fuse=[0.00561, 0.00522, 0.00342, 0.00268]
[ INFO : 2026-08-06 04:28:22,810 ] - Epoch 26: train==[113.68128 = 0.70161 + 0.84709 + 20.18556 + 0.00141 + 0.00000 + 0.19674 + 613.91791]
[ INFO : 2026-08-06 04:28:29,513 ] - Test_@[5, 10, 20, 50]: Recall=[0.01419, 0.02608, 0.03427, 0.06674],  precision=[0.00284, 0.00261, 0.00171, 0.00133], hit=[0.01419, 0.02608, 0.03427, 0.06674], ndcg=[0.01060, 0.01436, 0.01642, 0.02261], Train Rec Loss=[0.05002], Eval Rec Loss=[0.05007], c=[0.50000], F=[0.97515, 0.63937, 0.87969, 0.98466], F_fuse=[0.00566, 0.00520, 0.00342, 0.00267]
[ INFO : 2026-08-06 04:29:51,901 ] - Epoch 27: train==[113.50899 = 0.69543 + 0.84707 + 20.04298 + 0.00145 + 0.00000 + 0.17326 + 613.91745]
[ INFO : 2026-08-06 04:29:58,597 ] - Test_@[5, 10, 20, 50]: Recall=[0.01419, 0.02596, 0.03427, 0.06687],  precision=[0.00284, 0.00260, 0.00171, 0.00134], hit=[0.01419, 0.02596, 0.03427, 0.06687], ndcg=[0.01064, 0.01437, 0.01646, 0.02267], Train Rec Loss=[0.04999], Eval Rec Loss=[0.05005], c=[0.50000], F=[0.97400, 0.63997, 0.87965, 0.98470], F_fuse=[0.00566, 0.00517, 0.00342, 0.00267]
[ INFO : 2026-08-06 04:31:21,777 ] - Epoch 28: train==[113.34615 = 0.69184 + 0.84704 + 19.90669 + 0.00150 + 0.00000 + 0.15037 + 613.91676]
[ INFO : 2026-08-06 04:31:28,510 ] - Test_@[5, 10, 20, 50]: Recall=[0.01406, 0.02621, 0.03427, 0.06713],  precision=[0.00281, 0.00262, 0.00171, 0.00134], hit=[0.01406, 0.02621, 0.03427, 0.06713], ndcg=[0.01055, 0.01439, 0.01641, 0.02267], Train Rec Loss=[0.04999], Eval Rec Loss=[0.04991], c=[0.50000], F=[0.97432, 0.64979, 0.87938, 0.98615], F_fuse=[0.00561, 0.00522, 0.00342, 0.00268]
[ INFO : 2026-08-06 04:32:50,702 ] - Epoch 29: train==[113.10955 = 0.68878 + 0.84704 + 19.69318 + 0.00154 + 0.00000 + 0.13004 + 613.91851]
[ INFO : 2026-08-06 04:32:57,390 ] - Test_@[5, 10, 20, 50]: Recall=[0.01406, 0.02608, 0.03427, 0.06662],  precision=[0.00281, 0.00261, 0.00171, 0.00133], hit=[0.01406, 0.02608, 0.03427, 0.06662], ndcg=[0.01055, 0.01436, 0.01641, 0.02258], Train Rec Loss=[0.05004], Eval Rec Loss=[0.05005], c=[0.50000], F=[0.97218, 0.65866, 0.87935, 0.98485], F_fuse=[0.00561, 0.00520, 0.00342, 0.00266]
[ INFO : 2026-08-06 04:34:19,204 ] - Epoch 30: train==[113.18343 = 0.68857 + 0.84703 + 19.78851 + 0.00157 + 0.00000 + 0.10894 + 613.91747]
[ INFO : 2026-08-06 04:34:25,856 ] - Test_@[5, 10, 20, 50]: Recall=[0.01406, 0.02608, 0.03427, 0.06713],  precision=[0.00281, 0.00261, 0.00171, 0.00134], hit=[0.01406, 0.02608, 0.03427, 0.06713], ndcg=[0.01055, 0.01435, 0.01641, 0.02266], Train Rec Loss=[0.05001], Eval Rec Loss=[0.05008], c=[0.50000], F=[0.97336, 0.65150, 0.87953, 0.98528], F_fuse=[0.00561, 0.00520, 0.00342, 0.00268]
[ INFO : 2026-08-06 04:35:47,998 ] - Epoch 31: train==[112.90330 = 0.68522 + 0.84703 + 19.53014 + 0.00161 + 0.00000 + 0.09063 + 613.91660]
[ INFO : 2026-08-06 04:35:54,684 ] - Test_@[5, 10, 20, 50]: Recall=[0.01419, 0.02621, 0.03414, 0.06713],  precision=[0.00284, 0.00262, 0.00171, 0.00134], hit=[0.01419, 0.02621, 0.03414, 0.06713], ndcg=[0.01060, 0.01440, 0.01639, 0.02268], Train Rec Loss=[0.05000], Eval Rec Loss=[0.05004], c=[0.50000], F=[0.97445, 0.64675, 0.87957, 0.98449], F_fuse=[0.00566, 0.00522, 0.00341, 0.00268]
[ INFO : 2026-08-06 04:37:17,204 ] - Epoch 32: train==[112.89314 = 0.67858 + 0.84702 + 19.54410 + 0.00164 + 0.00000 + 0.07322 + 613.91589]
[ INFO : 2026-08-06 04:37:23,873 ] - Test_@[5, 10, 20, 50]: Recall=[0.01406, 0.02608, 0.03427, 0.06674],  precision=[0.00281, 0.00261, 0.00171, 0.00133], hit=[0.01406, 0.02608, 0.03427, 0.06674], ndcg=[0.01061, 0.01441, 0.01647, 0.02266], Train Rec Loss=[0.04998], Eval Rec Loss=[0.05005], c=[0.50000], F=[0.97196, 0.63953, 0.87917, 0.98464], F_fuse=[0.00561, 0.00520, 0.00342, 0.00267]
[ INFO : 2026-08-06 04:38:47,247 ] - Epoch 33: train==[112.72419 = 0.67561 + 0.84698 + 19.39515 + 0.00168 + 0.00000 + 0.05607 + 613.91658]
[ INFO : 2026-08-06 04:38:54,004 ] - Test_@[5, 10, 20, 50]: Recall=[0.01458, 0.02621, 0.03414, 0.06713],  precision=[0.00292, 0.00262, 0.00171, 0.00134], hit=[0.01458, 0.02621, 0.03414, 0.06713], ndcg=[0.01075, 0.01443, 0.01642, 0.02270], Train Rec Loss=[0.04996], Eval Rec Loss=[0.04992], c=[0.50000], F=[0.95553, 0.65177, 0.87903, 0.98367], F_fuse=[0.00581, 0.00522, 0.00341, 0.00268]
[ INFO : 2026-08-06 04:40:17,436 ] - Epoch 34: train==[112.58365 = 0.67477 + 0.84697 + 19.27166 + 0.00172 + 0.00000 + 0.03983 + 613.91655]
[ INFO : 2026-08-06 04:40:24,176 ] - Test_@[5, 10, 20, 50]: Recall=[0.01419, 0.02621, 0.03439, 0.06674],  precision=[0.00284, 0.00262, 0.00172, 0.00133], hit=[0.01419, 0.02621, 0.03439, 0.06674], ndcg=[0.01064, 0.01444, 0.01649, 0.02264], Train Rec Loss=[0.04988], Eval Rec Loss=[0.04997], c=[0.50000], F=[0.96228, 0.65540, 0.87873, 0.98259], F_fuse=[0.00566, 0.00522, 0.00343, 0.00267]
[ INFO : 2026-08-06 04:41:46,970 ] - Epoch 35: train==[112.41022 = 0.66904 + 0.84697 + 19.11865 + 0.00176 + 0.00000 + 0.02497 + 613.91740]
[ INFO : 2026-08-06 04:41:53,676 ] - Test_@[5, 10, 20, 50]: Recall=[0.01445, 0.02608, 0.03452, 0.06610],  precision=[0.00289, 0.00261, 0.00173, 0.00132], hit=[0.01445, 0.02608, 0.03452, 0.06610], ndcg=[0.01074, 0.01441, 0.01654, 0.02255], Train Rec Loss=[0.04990], Eval Rec Loss=[0.04995], c=[0.50000], F=[0.95902, 0.66454, 0.87809, 0.98297], F_fuse=[0.00576, 0.00520, 0.00345, 0.00264]
[ INFO : 2026-08-06 04:43:17,262 ] - Epoch 36: train==[112.28871 = 0.66429 + 0.84694 + 19.01503 + 0.00178 + 0.00000 + 0.01197 + 613.91649]
[ INFO : 2026-08-06 04:43:23,982 ] - Test_@[5, 10, 20, 50]: Recall=[0.01483, 0.02608, 0.03427, 0.06610],  precision=[0.00297, 0.00261, 0.00171, 0.00132], hit=[0.01483, 0.02608, 0.03427, 0.06610], ndcg=[0.01091, 0.01445, 0.01651, 0.02256], Train Rec Loss=[0.04990], Eval Rec Loss=[0.04993], c=[0.50000], F=[0.94122, 0.67694, 0.87707, 0.98265], F_fuse=[0.00591, 0.00520, 0.00342, 0.00264]
[ INFO : 2026-08-06 04:44:47,125 ] - Epoch 37: train==[112.20844 = 0.66088 + 0.84693 + 18.94572 + 0.00180 + 0.00000 + 0.00442 + 613.91643]
[ INFO : 2026-08-06 04:44:53,833 ] - Test_@[5, 10, 20, 50]: Recall=[0.01458, 0.02583, 0.03350, 0.06610],  precision=[0.00292, 0.00258, 0.00167, 0.00132], hit=[0.01458, 0.02583, 0.03350, 0.06610], ndcg=[0.01085, 0.01440, 0.01634, 0.02258], Train Rec Loss=[0.04994], Eval Rec Loss=[0.04990], c=[0.50000], F=[0.94901, 0.71393, 0.87372, 0.98126], F_fuse=[0.00581, 0.00515, 0.00334, 0.00264]
[ INFO : 2026-08-06 04:46:16,248 ] - Epoch 38: train==[112.10057 = 0.66273 + 0.84691 + 18.83786 + 0.00183 + 0.00000 + 0.00211 + 613.91927]
[ INFO : 2026-08-06 04:46:22,920 ] - Test_@[5, 10, 20, 50]: Recall=[0.01445, 0.02570, 0.03337, 0.06585],  precision=[0.00289, 0.00257, 0.00167, 0.00132], hit=[0.01445, 0.02570, 0.03337, 0.06585], ndcg=[0.01072, 0.01429, 0.01623, 0.02244], Train Rec Loss=[0.04990], Eval Rec Loss=[0.04991], c=[0.50000], F=[0.91859, 0.71201, 0.87141, 0.98052], F_fuse=[0.00576, 0.00512, 0.00333, 0.00263]
[ INFO : 2026-08-06 04:47:45,387 ] - Epoch 39: train==[111.92965 = 0.65752 + 0.84691 + 18.67298 + 0.00186 + 0.00000 + 0.00155 + 613.91726]
[ INFO : 2026-08-06 04:47:52,123 ] - Test_@[5, 10, 20, 50]: Recall=[0.01458, 0.02519, 0.03299, 0.06572],  precision=[0.00292, 0.00252, 0.00165, 0.00131], hit=[0.01458, 0.02519, 0.03299, 0.06572], ndcg=[0.01077, 0.01414, 0.01613, 0.02239], Train Rec Loss=[0.04985], Eval Rec Loss=[0.04983], c=[0.50000], F=[0.88092, 0.71823, 0.87200, 0.97958], F_fuse=[0.00581, 0.00502, 0.00329, 0.00263]
[ INFO : 2026-08-06 04:49:14,581 ] - Epoch 40: train==[111.89961 = 0.65027 + 0.84686 + 18.65027 + 0.00188 + 0.00000 + 0.00127 + 613.91868]
[ INFO : 2026-08-06 04:49:21,243 ] - Test_@[5, 10, 20, 50]: Recall=[0.01458, 0.02468, 0.03312, 0.06534],  precision=[0.00292, 0.00247, 0.00166, 0.00131], hit=[0.01458, 0.02468, 0.03312, 0.06534], ndcg=[0.01071, 0.01393, 0.01607, 0.02223], Train Rec Loss=[0.04981], Eval Rec Loss=[0.04991], c=[0.50000], F=[0.84165, 0.72112, 0.87252, 0.97942], F_fuse=[0.00581, 0.00492, 0.00331, 0.00261]
[ INFO : 2026-08-06 04:50:43,561 ] - Epoch 41: train==[111.77118 = 0.65127 + 0.84688 + 18.52124 + 0.00191 + 0.00000 + 0.00110 + 613.91685]
[ INFO : 2026-08-06 04:50:50,229 ] - Test_@[5, 10, 20, 50]: Recall=[0.01458, 0.02506, 0.03312, 0.06598],  precision=[0.00292, 0.00251, 0.00166, 0.00132], hit=[0.01458, 0.02506, 0.03312, 0.06598], ndcg=[0.01074, 0.01407, 0.01612, 0.02240], Train Rec Loss=[0.04979], Eval Rec Loss=[0.04991], c=[0.50000], F=[0.86663, 0.71508, 0.87182, 0.97972], F_fuse=[0.00581, 0.00499, 0.00331, 0.00264]
[ INFO : 2026-08-06 04:52:12,737 ] - Epoch 42: train==[111.56588 = 0.64430 + 0.84682 + 18.32228 + 0.00194 + 0.00000 + 0.00099 + 613.92187]
[ INFO : 2026-08-06 04:52:19,480 ] - Test_@[5, 10, 20, 50]: Recall=[0.01458, 0.02493, 0.03299, 0.06559],  precision=[0.00292, 0.00249, 0.00165, 0.00131], hit=[0.01458, 0.02493, 0.03299, 0.06559], ndcg=[0.01069, 0.01398, 0.01603, 0.02226], Train Rec Loss=[0.04982], Eval Rec Loss=[0.04984], c=[0.50000], F=[0.83014, 0.71203, 0.87223, 0.97926], F_fuse=[0.00581, 0.00497, 0.00329, 0.00262]
[ INFO : 2026-08-06 04:53:42,013 ] - Epoch 43: train==[111.56897 = 0.64357 + 0.84681 + 18.32665 + 0.00196 + 0.00000 + 0.00090 + 613.91867]
[ INFO : 2026-08-06 04:53:48,741 ] - Test_@[5, 10, 20, 50]: Recall=[0.01419, 0.02481, 0.03312, 0.06572],  precision=[0.00284, 0.00248, 0.00166, 0.00131], hit=[0.01419, 0.02481, 0.03312, 0.06572], ndcg=[0.01054, 0.01395, 0.01605, 0.02227], Train Rec Loss=[0.04986], Eval Rec Loss=[0.04982], c=[0.50000], F=[0.85558, 0.71581, 0.87426, 0.97813], F_fuse=[0.00566, 0.00494, 0.00331, 0.00263]
[ INFO : 2026-08-06 04:55:10,782 ] - Epoch 44: train==[111.49601 = 0.64137 + 0.84676 + 18.25577 + 0.00198 + 0.00000 + 0.00080 + 613.92021]
[ INFO : 2026-08-06 04:55:17,437 ] - Test_@[5, 10, 20, 50]: Recall=[0.01394, 0.02493, 0.03299, 0.06559],  precision=[0.00279, 0.00249, 0.00165, 0.00131], hit=[0.01394, 0.02493, 0.03299, 0.06559], ndcg=[0.01039, 0.01392, 0.01596, 0.02220], Train Rec Loss=[0.04985], Eval Rec Loss=[0.04980], c=[0.50000], F=[0.92409, 0.70768, 0.87327, 0.97709], F_fuse=[0.00556, 0.00497, 0.00329, 0.00262]
[ INFO : 2026-08-06 04:56:40,563 ] - Epoch 45: train==[111.35385 = 0.63561 + 0.84677 + 18.11946 + 0.00202 + 0.00000 + 0.00072 + 613.91973]
[ INFO : 2026-08-06 04:56:47,262 ] - Test_@[5, 10, 20, 50]: Recall=[0.01483, 0.02404, 0.03337, 0.06585],  precision=[0.00297, 0.00240, 0.00167, 0.00132], hit=[0.01483, 0.02404, 0.03337, 0.06585], ndcg=[0.01070, 0.01369, 0.01604, 0.02224], Train Rec Loss=[0.04977], Eval Rec Loss=[0.04975], c=[0.50000], F=[0.77537, 0.72842, 0.87444, 0.97715], F_fuse=[0.00591, 0.00479, 0.00333, 0.00263]
[ INFO : 2026-08-06 04:58:10,282 ] - Epoch 46: train==[111.21993 = 0.63241 + 0.84670 + 17.98862 + 0.00204 + 0.00000 + 0.00065 + 613.92122]
[ INFO : 2026-08-06 04:58:17,006 ] - Test_@[5, 10, 20, 50]: Recall=[0.01432, 0.02481, 0.03312, 0.06534],  precision=[0.00286, 0.00248, 0.00166, 0.00131], hit=[0.01432, 0.02481, 0.03312, 0.06534], ndcg=[0.01053, 0.01389, 0.01599, 0.02215], Train Rec Loss=[0.04985], Eval Rec Loss=[0.04985], c=[0.50000], F=[0.85107, 0.71786, 0.87540, 0.97667], F_fuse=[0.00571, 0.00494, 0.00331, 0.00261]
[ INFO : 2026-08-06 04:59:39,168 ] - Epoch 47: train==[111.21154 = 0.62750 + 0.84671 + 17.98516 + 0.00204 + 0.00000 + 0.00059 + 613.92146]
[ INFO : 2026-08-06 04:59:45,835 ] - Test_@[5, 10, 20, 50]: Recall=[0.01547, 0.02417, 0.03388, 0.06521],  precision=[0.00309, 0.00242, 0.00169, 0.00130], hit=[0.01547, 0.02417, 0.03388, 0.06521], ndcg=[0.01091, 0.01376, 0.01618, 0.02215], Train Rec Loss=[0.04972], Eval Rec Loss=[0.04981], c=[0.50000], F=[0.81084, 0.73935, 0.87845, 0.97643], F_fuse=[0.00616, 0.00482, 0.00338, 0.00260]
[ INFO : 2026-08-06 05:01:08,622 ] - Epoch 48: train==[111.05680 = 0.62825 + 0.84668 + 17.82943 + 0.00208 + 0.00000 + 0.00054 + 613.92330]
[ INFO : 2026-08-06 05:01:15,322 ] - Test_@[5, 10, 20, 50]: Recall=[0.01445, 0.02455, 0.03350, 0.06508],  precision=[0.00289, 0.00245, 0.00167, 0.00130], hit=[0.01445, 0.02455, 0.03350, 0.06508], ndcg=[0.01056, 0.01383, 0.01608, 0.02210], Train Rec Loss=[0.04980], Eval Rec Loss=[0.04984], c=[0.50000], F=[0.77444, 0.72793, 0.87535, 0.97612], F_fuse=[0.00576, 0.00489, 0.00334, 0.00260]
[ INFO : 2026-08-06 05:02:37,016 ] - Epoch 49: train==[111.03390 = 0.62689 + 0.84664 + 17.80810 + 0.00212 + 0.00000 + 0.00049 + 613.92206]
[ INFO : 2026-08-06 05:02:43,672 ] - Test_@[5, 10, 20, 50]: Recall=[0.01445, 0.02417, 0.03363, 0.06521],  precision=[0.00289, 0.00242, 0.00168, 0.00130], hit=[0.01445, 0.02417, 0.03363, 0.06521], ndcg=[0.01048, 0.01367, 0.01603, 0.02204], Train Rec Loss=[0.04976], Eval Rec Loss=[0.04982], c=[0.50000], F=[0.77940, 0.73685, 0.87573, 0.97625], F_fuse=[0.00576, 0.00482, 0.00336, 0.00260]
[ INFO : 2026-08-06 05:04:05,904 ] - Epoch 50: train==[110.95474 = 0.62026 + 0.84662 + 17.73516 + 0.00212 + 0.00000 + 0.00044 + 613.92516]
[ INFO : 2026-08-06 05:04:12,552 ] - Test_@[5, 10, 20, 50]: Recall=[0.01419, 0.02442, 0.03350, 0.06483],  precision=[0.00284, 0.00244, 0.00167, 0.00130], hit=[0.01419, 0.02442, 0.03350, 0.06483], ndcg=[0.01037, 0.01367, 0.01593, 0.02187], Train Rec Loss=[0.04975], Eval Rec Loss=[0.04978], c=[0.50000], F=[0.77323, 0.73071, 0.87462, 0.97655], F_fuse=[0.00566, 0.00487, 0.00334, 0.00259]
[ INFO : 2026-08-06 05:05:35,086 ] - Epoch 51: train==[110.84699 = 0.62165 + 0.84660 + 17.62640 + 0.00215 + 0.00000 + 0.00043 + 613.92271]
[ INFO : 2026-08-06 05:05:41,765 ] - Test_@[5, 10, 20, 50]: Recall=[0.01470, 0.02417, 0.03324, 0.06508],  precision=[0.00294, 0.00242, 0.00166, 0.00130], hit=[0.01470, 0.02417, 0.03324, 0.06508], ndcg=[0.01057, 0.01364, 0.01590, 0.02196], Train Rec Loss=[0.04980], Eval Rec Loss=[0.04975], c=[0.50000], F=[0.78761, 0.74744, 0.87677, 0.97632], F_fuse=[0.00586, 0.00482, 0.00332, 0.00260]
[ INFO : 2026-08-06 05:07:04,183 ] - Epoch 52: train==[110.71576 = 0.61553 + 0.84656 + 17.50121 + 0.00216 + 0.00000 + 0.00040 + 613.92338]
[ INFO : 2026-08-06 05:07:10,831 ] - Test_@[5, 10, 20, 50]: Recall=[0.01496, 0.02327, 0.03299, 0.06495],  precision=[0.00299, 0.00233, 0.00165, 0.00130], hit=[0.01496, 0.02327, 0.03299, 0.06495], ndcg=[0.01061, 0.01334, 0.01577, 0.02187], Train Rec Loss=[0.04967], Eval Rec Loss=[0.04978], c=[0.50000], F=[0.80033, 0.75236, 0.87845, 0.97526], F_fuse=[0.00596, 0.00464, 0.00329, 0.00259]
[ INFO : 2026-08-06 05:08:33,319 ] - Epoch 53: train==[110.58495 = 0.61014 + 0.84651 + 17.37571 + 0.00219 + 0.00000 + 0.00038 + 613.92410]
[ INFO : 2026-08-06 05:08:40,004 ] - Test_@[5, 10, 20, 50]: Recall=[0.01509, 0.02353, 0.03248, 0.06508],  precision=[0.00302, 0.00235, 0.00162, 0.00130], hit=[0.01509, 0.02353, 0.03248, 0.06508], ndcg=[0.01066, 0.01341, 0.01564, 0.02187], Train Rec Loss=[0.04968], Eval Rec Loss=[0.04969], c=[0.50000], F=[0.81103, 0.75249, 0.87870, 0.97403], F_fuse=[0.00601, 0.00469, 0.00324, 0.00260]
[ INFO : 2026-08-06 05:10:02,974 ] - Epoch 54: train==[110.54570 = 0.61104 + 0.84648 + 17.33547 + 0.00220 + 0.00000 + 0.00035 + 613.92501]
[ INFO : 2026-08-06 05:10:09,681 ] - Test_@[5, 10, 20, 50]: Recall=[0.01509, 0.02327, 0.03235, 0.06431],  precision=[0.00302, 0.00233, 0.00162, 0.00129], hit=[0.01509, 0.02327, 0.03235, 0.06431], ndcg=[0.01056, 0.01326, 0.01553, 0.02163], Train Rec Loss=[0.04964], Eval Rec Loss=[0.04974], c=[0.50000], F=[0.81375, 0.77153, 0.88379, 0.97322], F_fuse=[0.00601, 0.00464, 0.00323, 0.00257]
[ INFO : 2026-08-06 05:11:31,847 ] - Epoch 55: train==[110.45440 = 0.60683 + 0.84649 + 17.24828 + 0.00224 + 0.00000 + 0.00033 + 613.92551]
[ INFO : 2026-08-06 05:11:38,544 ] - Test_@[5, 10, 20, 50]: Recall=[0.01509, 0.02353, 0.03222, 0.06444],  precision=[0.00302, 0.00235, 0.00161, 0.00129], hit=[0.01509, 0.02353, 0.03222, 0.06444], ndcg=[0.01059, 0.01333, 0.01549, 0.02164], Train Rec Loss=[0.04971], Eval Rec Loss=[0.04976], c=[0.50000], F=[0.83206, 0.77720, 0.88545, 0.97284], F_fuse=[0.00601, 0.00469, 0.00322, 0.00257]
[ INFO : 2026-08-06 05:13:01,254 ] - Epoch 56: train==[110.36617 = 0.60561 + 0.84644 + 17.16187 + 0.00224 + 0.00000 + 0.00032 + 613.92167]
[ INFO : 2026-08-06 05:13:07,989 ] - Test_@[5, 10, 20, 50]: Recall=[0.01470, 0.02314, 0.03209, 0.06444],  precision=[0.00294, 0.00231, 0.00160, 0.00129], hit=[0.01470, 0.02314, 0.03209, 0.06444], ndcg=[0.01033, 0.01308, 0.01530, 0.02147], Train Rec Loss=[0.04968], Eval Rec Loss=[0.04958], c=[0.50000], F=[0.81247, 0.76834, 0.88152, 0.97249], F_fuse=[0.00586, 0.00461, 0.00320, 0.00257]
[ INFO : 2026-08-06 05:14:29,919 ] - Epoch 57: train==[110.31416 = 0.60138 + 0.84639 + 17.11373 + 0.00228 + 0.00000 + 0.00031 + 613.92412]
[ INFO : 2026-08-06 05:14:36,612 ] - Test_@[5, 10, 20, 50]: Recall=[0.01496, 0.02340, 0.03209, 0.06419],  precision=[0.00299, 0.00234, 0.00160, 0.00128], hit=[0.01496, 0.02340, 0.03209, 0.06419], ndcg=[0.01050, 0.01328, 0.01546, 0.02157], Train Rec Loss=[0.04972], Eval Rec Loss=[0.04970], c=[0.50000], F=[0.80943, 0.77218, 0.88182, 0.97230], F_fuse=[0.00596, 0.00467, 0.00320, 0.00256]
[ INFO : 2026-08-06 05:15:59,078 ] - Epoch 58: train==[110.22311 = 0.59987 + 0.84637 + 17.02438 + 0.00228 + 0.00000 + 0.00029 + 613.92309]
[ INFO : 2026-08-06 05:16:05,758 ] - Test_@[5, 10, 20, 50]: Recall=[0.01432, 0.02340, 0.03197, 0.06406],  precision=[0.00286, 0.00234, 0.00160, 0.00128], hit=[0.01432, 0.02340, 0.03197, 0.06406], ndcg=[0.01029, 0.01328, 0.01542, 0.02155], Train Rec Loss=[0.04964], Eval Rec Loss=[0.04970], c=[0.50000], F=[0.83052, 0.77902, 0.88315, 0.97182], F_fuse=[0.00571, 0.00467, 0.00319, 0.00256]
[ INFO : 2026-08-06 05:17:27,527 ] - Epoch 59: train==[110.14995 = 0.59676 + 0.84634 + 16.95465 + 0.00232 + 0.00000 + 0.00029 + 613.92079]
[ INFO : 2026-08-06 05:17:34,188 ] - Test_@[5, 10, 20, 50]: Recall=[0.01458, 0.02314, 0.03133, 0.06393],  precision=[0.00292, 0.00231, 0.00157, 0.00128], hit=[0.01458, 0.02314, 0.03133, 0.06393], ndcg=[0.01036, 0.01316, 0.01522, 0.02145], Train Rec Loss=[0.04969], Eval Rec Loss=[0.04972], c=[0.50000], F=[0.81889, 0.78554, 0.88713, 0.97166], F_fuse=[0.00581, 0.00461, 0.00313, 0.00255]
[ INFO : 2026-08-06 05:18:57,578 ] - Epoch 60: train==[110.02283 = 0.59701 + 0.84628 + 16.82695 + 0.00233 + 0.00000 + 0.00029 + 613.92319]
[ INFO : 2026-08-06 05:19:04,233 ] - Test_@[5, 10, 20, 50]: Recall=[0.01445, 0.02301, 0.03145, 0.06342],  precision=[0.00289, 0.00230, 0.00157, 0.00127], hit=[0.01445, 0.02301, 0.03145, 0.06342], ndcg=[0.01032, 0.01312, 0.01524, 0.02135], Train Rec Loss=[0.04966], Eval Rec Loss=[0.04956], c=[0.50000], F=[0.82014, 0.78655, 0.88901, 0.97123], F_fuse=[0.00576, 0.00459, 0.00314, 0.00253]
[ INFO : 2026-08-06 05:20:26,129 ] - Epoch 61: train==[110.03593 = 0.58934 + 0.84624 + 16.84832 + 0.00235 + 0.00000 + 0.00028 + 613.91936]
[ INFO : 2026-08-06 05:20:32,796 ] - Test_@[5, 10, 20, 50]: Recall=[0.01534, 0.02225, 0.03094, 0.06304],  precision=[0.00307, 0.00222, 0.00155, 0.00126], hit=[0.01534, 0.02225, 0.03094, 0.06304], ndcg=[0.01046, 0.01271, 0.01491, 0.02107], Train Rec Loss=[0.04959], Eval Rec Loss=[0.04969], c=[0.50000], F=[0.85241, 0.80310, 0.89543, 0.97168], F_fuse=[0.00612, 0.00444, 0.00309, 0.00252]
[ INFO : 2026-08-06 05:21:55,142 ] - Epoch 62: train==[109.93190 = 0.58703 + 0.84617 + 16.74593 + 0.00235 + 0.00000 + 0.00027 + 613.92405]
[ INFO : 2026-08-06 05:22:01,835 ] - Test_@[5, 10, 20, 50]: Recall=[0.01432, 0.02225, 0.03069, 0.06355],  precision=[0.00286, 0.00222, 0.00153, 0.00127], hit=[0.01432, 0.02225, 0.03069, 0.06355], ndcg=[0.01013, 0.01271, 0.01484, 0.02115], Train Rec Loss=[0.04966], Eval Rec Loss=[0.04971], c=[0.50000], F=[0.79806, 0.78682, 0.89017, 0.97119], F_fuse=[0.00571, 0.00444, 0.00306, 0.00254]
[ INFO : 2026-08-06 05:23:23,488 ] - Epoch 63: train==[109.76538 = 0.58937 + 0.84613 + 16.57688 + 0.00241 + 0.00000 + 0.00026 + 613.92517]
[ INFO : 2026-08-06 05:23:30,152 ] - Test_@[5, 10, 20, 50]: Recall=[0.01458, 0.02186, 0.03120, 0.06304],  precision=[0.00292, 0.00219, 0.00156, 0.00126], hit=[0.01458, 0.02186, 0.03120, 0.06304], ndcg=[0.01012, 0.01251, 0.01489, 0.02099], Train Rec Loss=[0.04966], Eval Rec Loss=[0.04964], c=[0.50000], F=[0.86571, 0.81261, 0.89453, 0.97159], F_fuse=[0.00581, 0.00436, 0.00311, 0.00252]
[ INFO : 2026-08-06 05:24:52,265 ] - Epoch 64: train==[109.80716 = 0.58753 + 0.84617 + 16.62099 + 0.00241 + 0.00000 + 0.00026 + 613.92174]
[ INFO : 2026-08-06 05:24:58,965 ] - Test_@[5, 10, 20, 50]: Recall=[0.01483, 0.02186, 0.03030, 0.06240],  precision=[0.00297, 0.00219, 0.00152, 0.00125], hit=[0.01483, 0.02186, 0.03030, 0.06240], ndcg=[0.01026, 0.01254, 0.01468, 0.02086], Train Rec Loss=[0.04963], Eval Rec Loss=[0.04965], c=[0.50000], F=[0.84599, 0.81322, 0.89598, 0.97173], F_fuse=[0.00591, 0.00436, 0.00303, 0.00249]
[ INFO : 2026-08-06 05:26:21,510 ] - Epoch 65: train==[109.73409 = 0.57976 + 0.84607 + 16.55526 + 0.00243 + 0.00000 + 0.00025 + 613.92490]
[ INFO : 2026-08-06 05:26:28,220 ] - Test_@[5, 10, 20, 50]: Recall=[0.01458, 0.02135, 0.03081, 0.06201],  precision=[0.00292, 0.00214, 0.00154, 0.00124], hit=[0.01458, 0.02135, 0.03081, 0.06201], ndcg=[0.01027, 0.01248, 0.01489, 0.02090], Train Rec Loss=[0.04956], Eval Rec Loss=[0.04968], c=[0.50000], F=[0.85369, 0.82124, 0.89661, 0.97187], F_fuse=[0.00581, 0.00426, 0.00308, 0.00248]
[ INFO : 2026-08-06 05:27:49,914 ] - Epoch 66: train==[109.59956 = 0.57837 + 0.84603 + 16.42256 + 0.00244 + 0.00000 + 0.00025 + 613.92204]
[ INFO : 2026-08-06 05:27:56,609 ] - Test_@[5, 10, 20, 50]: Recall=[0.01445, 0.02212, 0.03107, 0.06227],  precision=[0.00289, 0.00221, 0.00155, 0.00125], hit=[0.01445, 0.02212, 0.03107, 0.06227], ndcg=[0.01025, 0.01277, 0.01504, 0.02101], Train Rec Loss=[0.04963], Eval Rec Loss=[0.04959], c=[0.50000], F=[0.83947, 0.80876, 0.89253, 0.97195], F_fuse=[0.00576, 0.00441, 0.00310, 0.00249]
[ INFO : 2026-08-06 05:29:19,078 ] - Epoch 67: train==[109.55043 = 0.57586 + 0.84593 + 16.37623 + 0.00247 + 0.00000 + 0.00025 + 613.92043]
[ INFO : 2026-08-06 05:29:25,727 ] - Test_@[5, 10, 20, 50]: Recall=[0.01445, 0.02135, 0.03056, 0.06163],  precision=[0.00289, 0.00214, 0.00153, 0.00123], hit=[0.01445, 0.02135, 0.03056, 0.06163], ndcg=[0.01014, 0.01241, 0.01475, 0.02072], Train Rec Loss=[0.04964], Eval Rec Loss=[0.04964], c=[0.50000], F=[0.84468, 0.82792, 0.90091, 0.97186], F_fuse=[0.00576, 0.00426, 0.00305, 0.00246]
[ INFO : 2026-08-06 05:30:48,308 ] - Epoch 68: train==[109.45017 = 0.57207 + 0.84590 + 16.27916 + 0.00247 + 0.00000 + 0.00025 + 613.92452]
[ INFO : 2026-08-06 05:30:54,980 ] - Test_@[5, 10, 20, 50]: Recall=[0.01458, 0.02148, 0.03043, 0.06150],  precision=[0.00292, 0.00215, 0.00152, 0.00123], hit=[0.01458, 0.02148, 0.03043, 0.06150], ndcg=[0.01011, 0.01234, 0.01459, 0.02056], Train Rec Loss=[0.04949], Eval Rec Loss=[0.04963], c=[0.50000], F=[0.84430, 0.82520, 0.90101, 0.97218], F_fuse=[0.00581, 0.00428, 0.00304, 0.00246]
[ INFO : 2026-08-06 05:32:18,104 ] - Epoch 69: train==[109.33206 = 0.57127 + 0.84581 + 16.16219 + 0.00250 + 0.00000 + 0.00024 + 613.92246]
[ INFO : 2026-08-06 05:32:24,798 ] - Test_@[5, 10, 20, 50]: Recall=[0.01432, 0.02148, 0.03043, 0.06163],  precision=[0.00286, 0.00215, 0.00152, 0.00123], hit=[0.01432, 0.02148, 0.03043, 0.06163], ndcg=[0.01002, 0.01233, 0.01460, 0.02060], Train Rec Loss=[0.04954], Eval Rec Loss=[0.04961], c=[0.50000], F=[0.82250, 0.81387, 0.89803, 0.97229], F_fuse=[0.00571, 0.00428, 0.00304, 0.00246]
[ INFO : 2026-08-06 05:33:47,660 ] - Epoch 70: train==[109.35536 = 0.56821 + 0.84581 + 16.18874 + 0.00252 + 0.00000 + 0.00024 + 613.92108]
[ INFO : 2026-08-06 05:33:54,333 ] - Test_@[5, 10, 20, 50]: Recall=[0.01432, 0.02071, 0.03043, 0.06112],  precision=[0.00286, 0.00207, 0.00152, 0.00122], hit=[0.01432, 0.02071, 0.03043, 0.06112], ndcg=[0.01011, 0.01218, 0.01463, 0.02052], Train Rec Loss=[0.04957], Eval Rec Loss=[0.04954], c=[0.50000], F=[0.85864, 0.82765, 0.90009, 0.97225], F_fuse=[0.00571, 0.00413, 0.00304, 0.00244]
[ INFO : 2026-08-06 05:35:16,438 ] - Epoch 71: train==[109.25433 = 0.56582 + 0.84572 + 16.08976 + 0.00255 + 0.00000 + 0.00023 + 613.92360]
[ INFO : 2026-08-06 05:35:23,132 ] - Test_@[5, 10, 20, 50]: Recall=[0.01355, 0.02097, 0.03081, 0.06163],  precision=[0.00271, 0.00210, 0.00154, 0.00123], hit=[0.01355, 0.02097, 0.03081, 0.06163], ndcg=[0.00986, 0.01225, 0.01471, 0.02062], Train Rec Loss=[0.04955], Eval Rec Loss=[0.04961], c=[0.50000], F=[0.85810, 0.82776, 0.90140, 0.97209], F_fuse=[0.00540, 0.00418, 0.00308, 0.00246]
[ INFO : 2026-08-06 05:36:45,016 ] - Epoch 72: train==[109.20689 = 0.56748 + 0.84569 + 16.04050 + 0.00257 + 0.00000 + 0.00023 + 613.92463]
[ INFO : 2026-08-06 05:36:51,690 ] - Test_@[5, 10, 20, 50]: Recall=[0.01381, 0.02122, 0.02928, 0.06022],  precision=[0.00276, 0.00212, 0.00146, 0.00120], hit=[0.01381, 0.02122, 0.02928, 0.06022], ndcg=[0.00968, 0.01204, 0.01409, 0.02007], Train Rec Loss=[0.04952], Eval Rec Loss=[0.04947], c=[0.50000], F=[0.85807, 0.83925, 0.90555, 0.97174], F_fuse=[0.00551, 0.00423, 0.00292, 0.00241]
[ INFO : 2026-08-06 05:38:14,095 ] - Epoch 73: train==[109.13827 = 0.56011 + 0.84561 + 15.97946 + 0.00258 + 0.00000 + 0.00023 + 613.92353]
[ INFO : 2026-08-06 05:38:20,791 ] - Test_@[5, 10, 20, 50]: Recall=[0.01445, 0.02071, 0.03043, 0.06137],  precision=[0.00289, 0.00207, 0.00152, 0.00123], hit=[0.01445, 0.02071, 0.03043, 0.06137], ndcg=[0.01007, 0.01208, 0.01454, 0.02049], Train Rec Loss=[0.04953], Eval Rec Loss=[0.04948], c=[0.50000], F=[0.86046, 0.83546, 0.90310, 0.97184], F_fuse=[0.00576, 0.00413, 0.00304, 0.00245]
[ INFO : 2026-08-06 05:39:42,960 ] - Epoch 74: train==[109.02695 = 0.55759 + 0.84549 + 15.87139 + 0.00260 + 0.00000 + 0.00023 + 613.91896]
[ INFO : 2026-08-06 05:39:49,706 ] - Test_@[5, 10, 20, 50]: Recall=[0.01432, 0.02059, 0.03018, 0.06022],  precision=[0.00286, 0.00206, 0.00151, 0.00120], hit=[0.01432, 0.02059, 0.03018, 0.06022], ndcg=[0.01002, 0.01201, 0.01445, 0.02025], Train Rec Loss=[0.04958], Eval Rec Loss=[0.04951], c=[0.50000], F=[0.86775, 0.83583, 0.90497, 0.97125], F_fuse=[0.00571, 0.00411, 0.00301, 0.00241]
[ INFO : 2026-08-06 05:41:11,665 ] - Epoch 75: train==[108.99221 = 0.55627 + 0.84547 + 15.83743 + 0.00260 + 0.00000 + 0.00023 + 613.92269]
[ INFO : 2026-08-06 05:41:18,342 ] - Test_@[5, 10, 20, 50]: Recall=[0.01381, 0.02059, 0.02992, 0.06086],  precision=[0.00276, 0.00206, 0.00150, 0.00122], hit=[0.01381, 0.02059, 0.02992, 0.06086], ndcg=[0.00980, 0.01195, 0.01431, 0.02027], Train Rec Loss=[0.04953], Eval Rec Loss=[0.04958], c=[0.50000], F=[0.85318, 0.83352, 0.90556, 0.97135], F_fuse=[0.00551, 0.00411, 0.00299, 0.00243]
[ INFO : 2026-08-06 05:42:40,856 ] - Epoch 76: train==[108.92930 = 0.55668 + 0.84539 + 15.77427 + 0.00262 + 0.00000 + 0.00023 + 613.92179]
[ INFO : 2026-08-06 05:42:47,514 ] - Test_@[5, 10, 20, 50]: Recall=[0.01406, 0.02071, 0.02954, 0.06061],  precision=[0.00281, 0.00207, 0.00148, 0.00121], hit=[0.01406, 0.02071, 0.02954, 0.06061], ndcg=[0.00973, 0.01186, 0.01409, 0.02009], Train Rec Loss=[0.04961], Eval Rec Loss=[0.04952], c=[0.50000], F=[0.86794, 0.84551, 0.90835, 0.97060], F_fuse=[0.00561, 0.00413, 0.00295, 0.00242]
[ INFO : 2026-08-06 05:44:09,449 ] - Epoch 77: train==[108.87835 = 0.55232 + 0.84533 + 15.72758 + 0.00263 + 0.00000 + 0.00022 + 613.92266]
[ INFO : 2026-08-06 05:44:16,067 ] - Test_@[5, 10, 20, 50]: Recall=[0.01406, 0.02046, 0.02928, 0.06048],  precision=[0.00281, 0.00205, 0.00146, 0.00121], hit=[0.01406, 0.02046, 0.02928, 0.06048], ndcg=[0.00985, 0.01191, 0.01416, 0.02018], Train Rec Loss=[0.04952], Eval Rec Loss=[0.04959], c=[0.50000], F=[0.85912, 0.83682, 0.90389, 0.97072], F_fuse=[0.00561, 0.00408, 0.00292, 0.00242]
[ INFO : 2026-08-06 05:45:37,724 ] - Epoch 78: train==[108.82394 = 0.54878 + 0.84528 + 15.67707 + 0.00264 + 0.00000 + 0.00022 + 613.92042]
[ INFO : 2026-08-06 05:45:44,368 ] - Test_@[5, 10, 20, 50]: Recall=[0.01355, 0.01995, 0.02902, 0.06035],  precision=[0.00271, 0.00199, 0.00145, 0.00121], hit=[0.01355, 0.01995, 0.02902, 0.06035], ndcg=[0.00962, 0.01168, 0.01400, 0.02003], Train Rec Loss=[0.04946], Eval Rec Loss=[0.04957], c=[0.50000], F=[0.85733, 0.83584, 0.90596, 0.97054], F_fuse=[0.00540, 0.00398, 0.00290, 0.00241]
[ INFO : 2026-08-06 05:47:06,768 ] - Epoch 79: train==[108.68254 = 0.55891 + 0.84517 + 15.52572 + 0.00266 + 0.00000 + 0.00022 + 613.91949]
[ INFO : 2026-08-06 05:47:13,463 ] - Test_@[5, 10, 20, 50]: Recall=[0.01394, 0.02046, 0.02928, 0.06022],  precision=[0.00279, 0.00205, 0.00146, 0.00120], hit=[0.01394, 0.02046, 0.02928, 0.06022], ndcg=[0.00964, 0.01174, 0.01397, 0.01993], Train Rec Loss=[0.04952], Eval Rec Loss=[0.04959], c=[0.50000], F=[0.85899, 0.83541, 0.90487, 0.97107], F_fuse=[0.00556, 0.00408, 0.00292, 0.00241]
[ INFO : 2026-08-06 05:48:36,749 ] - Epoch 80: train==[108.63986 = 0.54595 + 0.84513 + 15.49561 + 0.00268 + 0.00000 + 0.00022 + 613.92211]
[ INFO : 2026-08-06 05:48:43,440 ] - Test_@[5, 10, 20, 50]: Recall=[0.01343, 0.02020, 0.02826, 0.05946],  precision=[0.00269, 0.00202, 0.00141, 0.00119], hit=[0.01343, 0.02020, 0.02826, 0.05946], ndcg=[0.00951, 0.01166, 0.01371, 0.01973], Train Rec Loss=[0.04955], Eval Rec Loss=[0.04962], c=[0.50000], F=[0.85458, 0.83972, 0.90847, 0.97000], F_fuse=[0.00535, 0.00403, 0.00282, 0.00238]
[ INFO : 2026-08-06 05:50:06,355 ] - Epoch 81: train==[108.66811 = 0.54208 + 0.84504 + 15.52808 + 0.00268 + 0.00000 + 0.00021 + 613.92013]
[ INFO : 2026-08-06 05:50:13,053 ] - Test_@[5, 10, 20, 50]: Recall=[0.01343, 0.02059, 0.02890, 0.05984],  precision=[0.00269, 0.00206, 0.00144, 0.00120], hit=[0.01343, 0.02059, 0.02890, 0.05984], ndcg=[0.00951, 0.01181, 0.01392, 0.01987], Train Rec Loss=[0.04951], Eval Rec Loss=[0.04947], c=[0.50000], F=[0.87197, 0.85127, 0.90896, 0.96961], F_fuse=[0.00535, 0.00411, 0.00289, 0.00239]
[ INFO : 2026-08-06 05:51:35,751 ] - Epoch 82: train==[108.46962 = 0.54109 + 0.84489 + 15.33092 + 0.00271 + 0.00000 + 0.00021 + 613.91832]
[ INFO : 2026-08-06 05:51:42,468 ] - Test_@[5, 10, 20, 50]: Recall=[0.01304, 0.02059, 0.02890, 0.06009],  precision=[0.00261, 0.00206, 0.00144, 0.00120], hit=[0.01304, 0.02059, 0.02890, 0.06009], ndcg=[0.00922, 0.01162, 0.01373, 0.01973], Train Rec Loss=[0.04954], Eval Rec Loss=[0.04956], c=[0.50000], F=[0.85525, 0.83306, 0.90349, 0.96999], F_fuse=[0.00520, 0.00411, 0.00289, 0.00240]
[ INFO : 2026-08-06 05:53:05,498 ] - Epoch 83: train==[108.41954 = 0.54167 + 0.84486 + 15.28062 + 0.00273 + 0.00000 + 0.00022 + 613.91584]
[ INFO : 2026-08-06 05:53:12,225 ] - Test_@[5, 10, 20, 50]: Recall=[0.01381, 0.01995, 0.02851, 0.06022],  precision=[0.00276, 0.00199, 0.00143, 0.00120], hit=[0.01381, 0.01995, 0.02851, 0.06022], ndcg=[0.00979, 0.01175, 0.01393, 0.02003], Train Rec Loss=[0.04954], Eval Rec Loss=[0.04945], c=[0.50000], F=[0.85915, 0.84850, 0.90951, 0.96976], F_fuse=[0.00551, 0.00398, 0.00285, 0.00241]
[ INFO : 2026-08-06 05:54:34,219 ] - Epoch 84: train==[108.38768 = 0.53940 + 0.84470 + 15.25032 + 0.00276 + 0.00000 + 0.00021 + 613.92108]
[ INFO : 2026-08-06 05:54:40,904 ] - Test_@[5, 10, 20, 50]: Recall=[0.01343, 0.01969, 0.02851, 0.06035],  precision=[0.00269, 0.00197, 0.00143, 0.00121], hit=[0.01343, 0.01969, 0.02851, 0.06035], ndcg=[0.00957, 0.01155, 0.01379, 0.01990], Train Rec Loss=[0.04948], Eval Rec Loss=[0.04953], c=[0.50000], F=[0.86554, 0.85148, 0.91142, 0.96944], F_fuse=[0.00535, 0.00393, 0.00285, 0.00241]
[ INFO : 2026-08-06 05:56:03,749 ] - Epoch 85: train==[108.29468 = 0.53496 + 0.84465 + 15.16185 + 0.00277 + 0.00000 + 0.00021 + 613.92059]
[ INFO : 2026-08-06 05:56:10,428 ] - Test_@[5, 10, 20, 50]: Recall=[0.01304, 0.01931, 0.02775, 0.06022],  precision=[0.00261, 0.00193, 0.00139, 0.00120], hit=[0.01304, 0.01931, 0.02775, 0.06022], ndcg=[0.00920, 0.01121, 0.01337, 0.01963], Train Rec Loss=[0.04945], Eval Rec Loss=[0.04956], c=[0.50000], F=[0.86906, 0.85466, 0.91216, 0.96863], F_fuse=[0.00520, 0.00385, 0.00277, 0.00241]
[ INFO : 2026-08-06 05:57:32,215 ] - Epoch 86: train==[108.30011 = 0.53274 + 0.84448 + 15.16911 + 0.00277 + 0.00000 + 0.00021 + 613.92398]
[ INFO : 2026-08-06 05:57:38,857 ] - Test_@[5, 10, 20, 50]: Recall=[0.01304, 0.01995, 0.02813, 0.05997],  precision=[0.00261, 0.00199, 0.00141, 0.00120], hit=[0.01304, 0.01995, 0.02813, 0.05997], ndcg=[0.00913, 0.01131, 0.01339, 0.01953], Train Rec Loss=[0.04950], Eval Rec Loss=[0.04951], c=[0.50000], F=[0.86407, 0.85225, 0.91112, 0.96879], F_fuse=[0.00520, 0.00398, 0.00281, 0.00240]
[ INFO : 2026-08-06 05:59:01,832 ] - Epoch 87: train==[108.21545 = 0.53546 + 0.84434 + 15.08279 + 0.00278 + 0.00000 + 0.00020 + 613.91735]
[ INFO : 2026-08-06 05:59:08,524 ] - Test_@[5, 10, 20, 50]: Recall=[0.01317, 0.02020, 0.02839, 0.05984],  precision=[0.00263, 0.00202, 0.00142, 0.00120], hit=[0.01317, 0.02020, 0.02839, 0.05984], ndcg=[0.00933, 0.01157, 0.01364, 0.01969], Train Rec Loss=[0.04946], Eval Rec Loss=[0.04956], c=[0.50000], F=[0.86589, 0.85536, 0.91124, 0.96802], F_fuse=[0.00525, 0.00403, 0.00283, 0.00239]
[ INFO : 2026-08-06 06:00:31,020 ] - Epoch 88: train==[108.13801 = 0.52962 + 0.84418 + 15.01172 + 0.00281 + 0.00000 + 0.00021 + 613.91428]
[ INFO : 2026-08-06 06:00:37,708 ] - Test_@[5, 10, 20, 50]: Recall=[0.01304, 0.01982, 0.02864, 0.06009],  precision=[0.00261, 0.00198, 0.00143, 0.00120], hit=[0.01304, 0.01982, 0.02864, 0.06009], ndcg=[0.00917, 0.01132, 0.01357, 0.01961], Train Rec Loss=[0.04947], Eval Rec Loss=[0.04956], c=[0.50000], F=[0.85851, 0.84423, 0.90832, 0.96783], F_fuse=[0.00520, 0.00395, 0.00286, 0.00240]
[ INFO : 2026-08-06 06:02:00,164 ] - Epoch 89: train==[108.06326 = 0.52909 + 0.84412 + 14.93661 + 0.00283 + 0.00000 + 0.00020 + 613.92027]
[ INFO : 2026-08-06 06:02:06,856 ] - Test_@[5, 10, 20, 50]: Recall=[0.01330, 0.01969, 0.02787, 0.05997],  precision=[0.00266, 0.00197, 0.00139, 0.00120], hit=[0.01330, 0.01969, 0.02787, 0.05997], ndcg=[0.00923, 0.01127, 0.01336, 0.01954], Train Rec Loss=[0.04955], Eval Rec Loss=[0.04955], c=[0.50000], F=[0.86800, 0.85747, 0.91252, 0.96732], F_fuse=[0.00530, 0.00393, 0.00278, 0.00240]
[ INFO : 2026-08-06 06:03:28,623 ] - Epoch 90: train==[108.04716 = 0.53175 + 0.84399 + 14.91852 + 0.00283 + 0.00000 + 0.00020 + 613.91639]
[ INFO : 2026-08-06 06:03:35,248 ] - Test_@[5, 10, 20, 50]: Recall=[0.01355, 0.01905, 0.02787, 0.05907],  precision=[0.00271, 0.00191, 0.00139, 0.00118], hit=[0.01355, 0.01905, 0.02787, 0.05907], ndcg=[0.00918, 0.01091, 0.01319, 0.01919], Train Rec Loss=[0.04953], Eval Rec Loss=[0.04959], c=[0.50000], F=[0.86797, 0.85695, 0.91231, 0.96725], F_fuse=[0.00540, 0.00380, 0.00278, 0.00236]
[ INFO : 2026-08-06 06:04:57,966 ] - Epoch 91: train==[107.94489 = 0.52423 + 0.84383 + 14.82364 + 0.00284 + 0.00000 + 0.00020 + 613.91789]
[ INFO : 2026-08-06 06:05:04,638 ] - Test_@[5, 10, 20, 50]: Recall=[0.01317, 0.01943, 0.02813, 0.05958],  precision=[0.00263, 0.00194, 0.00141, 0.00119], hit=[0.01317, 0.01943, 0.02813, 0.05958], ndcg=[0.00908, 0.01106, 0.01329, 0.01934], Train Rec Loss=[0.04946], Eval Rec Loss=[0.04951], c=[0.50000], F=[0.85234, 0.84531, 0.90815, 0.96741], F_fuse=[0.00525, 0.00388, 0.00281, 0.00238]
[ INFO : 2026-08-06 06:06:26,482 ] - Epoch 92: train==[107.90467 = 0.52036 + 0.84376 + 14.78761 + 0.00285 + 0.00000 + 0.00020 + 613.91603]
[ INFO : 2026-08-06 06:06:33,100 ] - Test_@[5, 10, 20, 50]: Recall=[0.01317, 0.01841, 0.02787, 0.05946],  precision=[0.00263, 0.00184, 0.00139, 0.00119], hit=[0.01317, 0.01841, 0.02787, 0.05946], ndcg=[0.00903, 0.01070, 0.01311, 0.01916], Train Rec Loss=[0.04952], Eval Rec Loss=[0.04957], c=[0.50000], F=[0.86561, 0.85800, 0.91330, 0.96718], F_fuse=[0.00525, 0.00367, 0.00278, 0.00238]
[ INFO : 2026-08-06 06:07:56,127 ] - Epoch 93: train==[107.83936 = 0.51671 + 0.84357 + 14.72634 + 0.00286 + 0.00000 + 0.00020 + 613.91394]
[ INFO : 2026-08-06 06:08:02,817 ] - Test_@[5, 10, 20, 50]: Recall=[0.01330, 0.01931, 0.02813, 0.05971],  precision=[0.00266, 0.00193, 0.00141, 0.00119], hit=[0.01330, 0.01931, 0.02813, 0.05971], ndcg=[0.00909, 0.01099, 0.01325, 0.01932], Train Rec Loss=[0.04943], Eval Rec Loss=[0.04956], c=[0.50000], F=[0.85912, 0.84702, 0.90756, 0.96713], F_fuse=[0.00530, 0.00385, 0.00281, 0.00239]
[ INFO : 2026-08-06 06:09:24,542 ] - Epoch 94: train==[107.77597 = 0.51865 + 0.84347 + 14.66046 + 0.00289 + 0.00000 + 0.00020 + 613.91797]
[ INFO : 2026-08-06 06:09:31,194 ] - Test_@[5, 10, 20, 50]: Recall=[0.01304, 0.01892, 0.02775, 0.06009],  precision=[0.00261, 0.00189, 0.00139, 0.00120], hit=[0.01304, 0.01892, 0.02775, 0.06009], ndcg=[0.00911, 0.01098, 0.01324, 0.01945], Train Rec Loss=[0.04946], Eval Rec Loss=[0.04948], c=[0.50000], F=[0.86615, 0.85546, 0.91081, 0.96716], F_fuse=[0.00520, 0.00378, 0.00277, 0.00240]
[ INFO : 2026-08-06 06:10:53,225 ] - Epoch 95: train==[107.76865 = 0.51752 + 0.84330 + 14.65453 + 0.00290 + 0.00000 + 0.00020 + 613.91674]
[ INFO : 2026-08-06 06:10:59,937 ] - Test_@[5, 10, 20, 50]: Recall=[0.01330, 0.01880, 0.02775, 0.05933],  precision=[0.00266, 0.00188, 0.00139, 0.00119], hit=[0.01330, 0.01880, 0.02775, 0.05933], ndcg=[0.00902, 0.01078, 0.01309, 0.01916], Train Rec Loss=[0.04950], Eval Rec Loss=[0.04950], c=[0.50000], F=[0.86618, 0.85586, 0.90970, 0.96700], F_fuse=[0.00530, 0.00375, 0.00277, 0.00237]
[ INFO : 2026-08-06 06:12:23,091 ] - Epoch 96: train==[107.72207 = 0.51294 + 0.84314 + 14.61282 + 0.00290 + 0.00000 + 0.00019 + 613.91563]
[ INFO : 2026-08-06 06:12:29,807 ] - Test_@[5, 10, 20, 50]: Recall=[0.01279, 0.01841, 0.02813, 0.05933],  precision=[0.00256, 0.00184, 0.00141, 0.00119], hit=[0.01279, 0.01841, 0.02813, 0.05933], ndcg=[0.00908, 0.01087, 0.01333, 0.01931], Train Rec Loss=[0.04937], Eval Rec Loss=[0.04953], c=[0.50000], F=[0.86404, 0.85774, 0.91232, 0.96622], F_fuse=[0.00510, 0.00367, 0.00281, 0.00237]
[ INFO : 2026-08-06 06:13:52,486 ] - Epoch 97: train==[107.59693 = 0.51132 + 0.84300 + 14.48901 + 0.00293 + 0.00000 + 0.00020 + 613.91777]
[ INFO : 2026-08-06 06:13:59,180 ] - Test_@[5, 10, 20, 50]: Recall=[0.01279, 0.01828, 0.02762, 0.05805],  precision=[0.00256, 0.00183, 0.00138, 0.00116], hit=[0.01279, 0.01828, 0.02762, 0.05805], ndcg=[0.00880, 0.01055, 0.01293, 0.01880], Train Rec Loss=[0.04946], Eval Rec Loss=[0.04959], c=[0.50000], F=[0.86241, 0.85960, 0.91121, 0.96588], F_fuse=[0.00510, 0.00365, 0.00276, 0.00232]
[ INFO : 2026-08-06 06:15:21,808 ] - Epoch 98: train==[107.61206 = 0.51994 + 0.84271 + 14.49612 + 0.00293 + 0.00000 + 0.00019 + 613.91495]
[ INFO : 2026-08-06 06:15:28,504 ] - Test_@[5, 10, 20, 50]: Recall=[0.01279, 0.01841, 0.02749, 0.05830],  precision=[0.00256, 0.00184, 0.00137, 0.00117], hit=[0.01279, 0.01841, 0.02749, 0.05830], ndcg=[0.00900, 0.01078, 0.01310, 0.01903], Train Rec Loss=[0.04954], Eval Rec Loss=[0.04952], c=[0.50000], F=[0.86692, 0.85691, 0.91145, 0.96611], F_fuse=[0.00510, 0.00367, 0.00274, 0.00233]
[ INFO : 2026-08-06 06:16:51,852 ] - Epoch 99: train==[107.42712 = 0.51104 + 0.84245 + 14.32025 + 0.00296 + 0.00000 + 0.00019 + 613.91468]
[ INFO : 2026-08-06 06:16:58,587 ] - Test_@[5, 10, 20, 50]: Recall=[0.01253, 0.01854, 0.02775, 0.05869],  precision=[0.00251, 0.00185, 0.00139, 0.00117], hit=[0.01253, 0.01854, 0.02775, 0.05869], ndcg=[0.00889, 0.01080, 0.01315, 0.01911], Train Rec Loss=[0.04945], Eval Rec Loss=[0.04956], c=[0.50000], F=[0.86321, 0.85835, 0.91243, 0.96568], F_fuse=[0.00500, 0.00370, 0.00277, 0.00234]
[ INFO : 2026-08-06 06:18:21,445 ] - Epoch 100: train==[107.50208 = 0.50625 + 0.84229 + 14.39989 + 0.00294 + 0.00000 + 0.00019 + 613.91622]
[ INFO : 2026-08-06 06:18:28,155 ] - Test_@[5, 10, 20, 50]: Recall=[0.01253, 0.01828, 0.02749, 0.05805],  precision=[0.00251, 0.00183, 0.00137, 0.00116], hit=[0.01253, 0.01828, 0.02749, 0.05805], ndcg=[0.00875, 0.01059, 0.01292, 0.01881], Train Rec Loss=[0.04955], Eval Rec Loss=[0.04947], c=[0.50000], F=[0.86260, 0.85845, 0.91223, 0.96530], F_fuse=[0.00500, 0.00365, 0.00274, 0.00232]
[ INFO : 2026-08-06 06:19:51,332 ] - Epoch 101: train==[107.36876 = 0.50505 + 0.84211 + 14.26804 + 0.00298 + 0.00000 + 0.00019 + 613.91485]
[ INFO : 2026-08-06 06:19:58,013 ] - Test_@[5, 10, 20, 50]: Recall=[0.01266, 0.01828, 0.02736, 0.05805],  precision=[0.00253, 0.00183, 0.00137, 0.00116], hit=[0.01266, 0.01828, 0.02736, 0.05805], ndcg=[0.00873, 0.01051, 0.01283, 0.01877], Train Rec Loss=[0.04946], Eval Rec Loss=[0.04954], c=[0.50000], F=[0.85886, 0.85591, 0.91229, 0.96461], F_fuse=[0.00505, 0.00365, 0.00273, 0.00232]
[ INFO : 2026-08-06 06:21:20,264 ] - Epoch 102: train==[107.35523 = 0.50675 + 0.84177 + 14.25331 + 0.00298 + 0.00000 + 0.00019 + 613.91292]
[ INFO : 2026-08-06 06:21:26,921 ] - Test_@[5, 10, 20, 50]: Recall=[0.01279, 0.01803, 0.02723, 0.05818],  precision=[0.00256, 0.00180, 0.00136, 0.00116], hit=[0.01279, 0.01803, 0.02723, 0.05818], ndcg=[0.00887, 0.01053, 0.01286, 0.01884], Train Rec Loss=[0.04948], Eval Rec Loss=[0.04951], c=[0.50000], F=[0.85464, 0.85688, 0.91235, 0.96493], F_fuse=[0.00510, 0.00360, 0.00272, 0.00232]
[ INFO : 2026-08-06 06:22:49,094 ] - Epoch 103: train==[107.29769 = 0.50054 + 0.84155 + 14.20214 + 0.00301 + 0.00000 + 0.00019 + 613.91253]
[ INFO : 2026-08-06 06:22:55,740 ] - Test_@[5, 10, 20, 50]: Recall=[0.01266, 0.01841, 0.02749, 0.05882],  precision=[0.00253, 0.00184, 0.00137, 0.00118], hit=[0.01266, 0.01841, 0.02749, 0.05882], ndcg=[0.00888, 0.01071, 0.01302, 0.01907], Train Rec Loss=[0.04949], Eval Rec Loss=[0.04960], c=[0.50000], F=[0.85484, 0.85715, 0.91192, 0.96470], F_fuse=[0.00505, 0.00367, 0.00274, 0.00235]
[ INFO : 2026-08-06 06:24:17,680 ] - Epoch 104: train==[107.21484 = 0.50053 + 0.84123 + 14.11904 + 0.00301 + 0.00000 + 0.00019 + 613.91553]
[ INFO : 2026-08-06 06:24:24,365 ] - Test_@[5, 10, 20, 50]: Recall=[0.01215, 0.01790, 0.02736, 0.05728],  precision=[0.00243, 0.00179, 0.00137, 0.00115], hit=[0.01215, 0.01790, 0.02736, 0.05728], ndcg=[0.00839, 0.01021, 0.01260, 0.01836], Train Rec Loss=[0.04956], Eval Rec Loss=[0.04956], c=[0.50000], F=[0.85931, 0.86359, 0.91585, 0.96399], F_fuse=[0.00485, 0.00357, 0.00273, 0.00229]
[ INFO : 2026-08-06 06:25:47,621 ] - Epoch 105: train==[107.16293 = 0.49742 + 0.84092 + 14.07102 + 0.00302 + 0.00000 + 0.00019 + 613.91154]
[ INFO : 2026-08-06 06:25:54,342 ] - Test_@[5, 10, 20, 50]: Recall=[0.01202, 0.01777, 0.02775, 0.05728],  precision=[0.00240, 0.00178, 0.00139, 0.00115], hit=[0.01202, 0.01777, 0.02775, 0.05728], ndcg=[0.00809, 0.00994, 0.01245, 0.01814], Train Rec Loss=[0.04949], Eval Rec Loss=[0.04955], c=[0.50000], F=[0.85413, 0.85958, 0.91406, 0.96432], F_fuse=[0.00479, 0.00355, 0.00277, 0.00229]
[ INFO : 2026-08-06 06:27:17,177 ] - Epoch 106: train==[107.10116 = 0.49619 + 0.84063 + 14.01026 + 0.00304 + 0.00000 + 0.00019 + 613.91402]
[ INFO : 2026-08-06 06:27:23,895 ] - Test_@[5, 10, 20, 50]: Recall=[0.01240, 0.01828, 0.02736, 0.05767],  precision=[0.00248, 0.00183, 0.00137, 0.00115], hit=[0.01240, 0.01828, 0.02736, 0.05767], ndcg=[0.00864, 0.01051, 0.01281, 0.01865], Train Rec Loss=[0.04953], Eval Rec Loss=[0.04942], c=[0.50000], F=[0.85886, 0.86107, 0.91551, 0.96404], F_fuse=[0.00495, 0.00365, 0.00273, 0.00230]
[ INFO : 2026-08-06 06:28:45,823 ] - Epoch 107: train==[107.05083 = 0.49889 + 0.84031 + 13.95767 + 0.00305 + 0.00000 + 0.00018 + 613.91228]
[ INFO : 2026-08-06 06:28:52,490 ] - Test_@[5, 10, 20, 50]: Recall=[0.01215, 0.01764, 0.02723, 0.05741],  precision=[0.00243, 0.00176, 0.00136, 0.00115], hit=[0.01215, 0.01764, 0.02723, 0.05741], ndcg=[0.00801, 0.00975, 0.01217, 0.01800], Train Rec Loss=[0.04954], Eval Rec Loss=[0.04958], c=[0.50000], F=[0.85579, 0.85820, 0.91448, 0.96456], F_fuse=[0.00484, 0.00352, 0.00272, 0.00229]
[ INFO : 2026-08-06 06:30:15,294 ] - Epoch 108: train==[106.96904 = 0.49599 + 0.84005 + 13.87914 + 0.00306 + 0.00000 + 0.00018 + 613.91089]
[ INFO : 2026-08-06 06:30:21,957 ] - Test_@[5, 10, 20, 50]: Recall=[0.01202, 0.01816, 0.02723, 0.05805],  precision=[0.00240, 0.00182, 0.00136, 0.00116], hit=[0.01202, 0.01816, 0.02723, 0.05805], ndcg=[0.00843, 0.01038, 0.01266, 0.01860], Train Rec Loss=[0.04949], Eval Rec Loss=[0.04954], c=[0.50000], F=[0.85346, 0.86132, 0.91556, 0.96436], F_fuse=[0.00479, 0.00362, 0.00272, 0.00232]
[ INFO : 2026-08-06 06:31:45,351 ] - Epoch 109: train==[106.91331 = 0.49443 + 0.83965 + 13.82505 + 0.00308 + 0.00000 + 0.00018 + 613.91177]
[ INFO : 2026-08-06 06:31:52,086 ] - Test_@[5, 10, 20, 50]: Recall=[0.01279, 0.01905, 0.02749, 0.05830],  precision=[0.00256, 0.00191, 0.00137, 0.00117], hit=[0.01279, 0.01905, 0.02749, 0.05830], ndcg=[0.00877, 0.01076, 0.01289, 0.01883], Train Rec Loss=[0.04961], Eval Rec Loss=[0.04965], c=[0.50000], F=[0.85749, 0.86517, 0.91611, 0.96406], F_fuse=[0.00510, 0.00380, 0.00274, 0.00233]
[ INFO : 2026-08-06 06:33:14,309 ] - Epoch 110: train==[106.89875 = 0.49005 + 0.83930 + 13.81491 + 0.00307 + 0.00000 + 0.00018 + 613.91298]
[ INFO : 2026-08-06 06:33:20,946 ] - Test_@[5, 10, 20, 50]: Recall=[0.01227, 0.01803, 0.02775, 0.05779],  precision=[0.00245, 0.00180, 0.00139, 0.00116], hit=[0.01227, 0.01803, 0.02775, 0.05779], ndcg=[0.00844, 0.01027, 0.01272, 0.01852], Train Rec Loss=[0.04958], Eval Rec Loss=[0.04957], c=[0.50000], F=[0.85777, 0.86660, 0.91649, 0.96374], F_fuse=[0.00490, 0.00360, 0.00277, 0.00231]
[ INFO : 2026-08-06 06:34:43,459 ] - Epoch 111: train==[106.92772 = 0.48891 + 0.83888 + 13.84555 + 0.00308 + 0.00000 + 0.00018 + 613.91113]
[ INFO : 2026-08-06 06:34:50,126 ] - Test_@[5, 10, 20, 50]: Recall=[0.01215, 0.01803, 0.02672, 0.05779],  precision=[0.00243, 0.00180, 0.00134, 0.00116], hit=[0.01215, 0.01803, 0.02672, 0.05779], ndcg=[0.00824, 0.01011, 0.01230, 0.01831], Train Rec Loss=[0.04954], Eval Rec Loss=[0.04956], c=[0.50000], F=[0.85554, 0.86637, 0.91755, 0.96313], F_fuse=[0.00484, 0.00360, 0.00267, 0.00231]
[ INFO : 2026-08-06 06:36:13,102 ] - Epoch 112: train==[106.76052 = 0.48884 + 0.83837 + 13.67881 + 0.00309 + 0.00000 + 0.00018 + 613.91051]
[ INFO : 2026-08-06 06:36:19,821 ] - Test_@[5, 10, 20, 50]: Recall=[0.01189, 0.01803, 0.02698, 0.05703],  precision=[0.00238, 0.00180, 0.00135, 0.00114], hit=[0.01189, 0.01803, 0.02698, 0.05703], ndcg=[0.00794, 0.00990, 0.01217, 0.01798], Train Rec Loss=[0.04964], Eval Rec Loss=[0.04957], c=[0.50000], F=[0.85304, 0.85827, 0.91422, 0.96422], F_fuse=[0.00474, 0.00360, 0.00269, 0.00228]
[ INFO : 2026-08-06 06:37:42,028 ] - Epoch 113: train==[106.72262 = 0.48693 + 0.83803 + 13.64286 + 0.00311 + 0.00000 + 0.00018 + 613.91141]
[ INFO : 2026-08-06 06:37:48,783 ] - Test_@[5, 10, 20, 50]: Recall=[0.01176, 0.01764, 0.02647, 0.05741],  precision=[0.00235, 0.00176, 0.00132, 0.00115], hit=[0.01176, 0.01764, 0.02647, 0.05741], ndcg=[0.00821, 0.01006, 0.01230, 0.01826], Train Rec Loss=[0.04958], Eval Rec Loss=[0.04963], c=[0.50000], F=[0.86074, 0.86972, 0.91812, 0.96364], F_fuse=[0.00469, 0.00352, 0.00264, 0.00229]
[ INFO : 2026-08-06 06:39:17,771 ] - Epoch 114: train==[106.72739 = 0.48561 + 0.83755 + 13.64909 + 0.00312 + 0.00000 + 0.00018 + 613.91228]
[ INFO : 2026-08-06 06:39:24,482 ] - Test_@[5, 10, 20, 50]: Recall=[0.01151, 0.01726, 0.02608, 0.05767],  precision=[0.00230, 0.00173, 0.00130, 0.00115], hit=[0.01151, 0.01726, 0.02608, 0.05767], ndcg=[0.00786, 0.00969, 0.01192, 0.01802], Train Rec Loss=[0.04957], Eval Rec Loss=[0.04972], c=[0.50000], F=[0.85595, 0.86813, 0.91777, 0.96315], F_fuse=[0.00459, 0.00345, 0.00260, 0.00230]
[ INFO : 2026-08-06 06:40:47,630 ] - Epoch 115: train==[106.58604 = 0.48495 + 0.83705 + 13.50917 + 0.00316 + 0.00000 + 0.00018 + 613.90901]
[ INFO : 2026-08-06 06:40:54,361 ] - Test_@[5, 10, 20, 50]: Recall=[0.01138, 0.01752, 0.02685, 0.05703],  precision=[0.00228, 0.00175, 0.00134, 0.00114], hit=[0.01138, 0.01752, 0.02685, 0.05703], ndcg=[0.00784, 0.00980, 0.01216, 0.01798], Train Rec Loss=[0.04964], Eval Rec Loss=[0.04964], c=[0.50000], F=[0.85311, 0.86546, 0.91533, 0.96262], F_fuse=[0.00454, 0.00350, 0.00268, 0.00228]
[ INFO : 2026-08-06 06:42:17,670 ] - Epoch 116: train==[106.55535 = 0.48577 + 0.83660 + 13.47819 + 0.00315 + 0.00000 + 0.00018 + 613.90729]
[ INFO : 2026-08-06 06:42:24,383 ] - Test_@[5, 10, 20, 50]: Recall=[0.01176, 0.01713, 0.02672, 0.05703],  precision=[0.00235, 0.00171, 0.00134, 0.00114], hit=[0.01176, 0.01713, 0.02672, 0.05703], ndcg=[0.00809, 0.00980, 0.01225, 0.01811], Train Rec Loss=[0.04965], Eval Rec Loss=[0.04962], c=[0.50000], F=[0.85509, 0.86570, 0.91649, 0.96306], F_fuse=[0.00469, 0.00342, 0.00267, 0.00228]
[ INFO : 2026-08-06 06:43:47,272 ] - Epoch 117: train==[106.57500 = 0.47939 + 0.83607 + 13.50405 + 0.00315 + 0.00000 + 0.00018 + 613.91064]
[ INFO : 2026-08-06 06:43:53,957 ] - Test_@[5, 10, 20, 50]: Recall=[0.01100, 0.01688, 0.02685, 0.05779],  precision=[0.00220, 0.00169, 0.00134, 0.00116], hit=[0.01100, 0.01688, 0.02685, 0.05779], ndcg=[0.00752, 0.00942, 0.01194, 0.01790], Train Rec Loss=[0.04962], Eval Rec Loss=[0.04963], c=[0.50000], F=[0.84582, 0.86377, 0.91677, 0.96271], F_fuse=[0.00439, 0.00337, 0.00268, 0.00231]
[ INFO : 2026-08-06 06:45:16,279 ] - Epoch 118: train==[106.48505 = 0.47821 + 0.83558 + 13.41561 + 0.00317 + 0.00000 + 0.00018 + 613.91023]
[ INFO : 2026-08-06 06:45:22,938 ] - Test_@[5, 10, 20, 50]: Recall=[0.01125, 0.01701, 0.02557, 0.05741],  precision=[0.00225, 0.00170, 0.00128, 0.00115], hit=[0.01125, 0.01701, 0.02557, 0.05741], ndcg=[0.00754, 0.00939, 0.01156, 0.01772], Train Rec Loss=[0.04971], Eval Rec Loss=[0.04979], c=[0.50000], F=[0.85563, 0.87389, 0.92035, 0.96164], F_fuse=[0.00449, 0.00339, 0.00255, 0.00229]
[ INFO : 2026-08-06 06:46:45,011 ] - Epoch 119: train==[106.38733 = 0.47510 + 0.83510 + 13.32113 + 0.00319 + 0.00000 + 0.00018 + 613.91110]
[ INFO : 2026-08-06 06:46:51,688 ] - Test_@[5, 10, 20, 50]: Recall=[0.01189, 0.01777, 0.02711, 0.05767],  precision=[0.00238, 0.00178, 0.00136, 0.00115], hit=[0.01189, 0.01777, 0.02711, 0.05767], ndcg=[0.00797, 0.00982, 0.01217, 0.01805], Train Rec Loss=[0.04968], Eval Rec Loss=[0.04971], c=[0.50000], F=[0.84720, 0.86083, 0.91565, 0.96247], F_fuse=[0.00474, 0.00355, 0.00271, 0.00230]
[ INFO : 2026-08-06 06:48:14,722 ] - Epoch 120: train==[106.32565 = 0.47668 + 0.83437 + 13.25810 + 0.00318 + 0.00000 + 0.00018 + 613.91254]
[ INFO : 2026-08-06 06:48:21,404 ] - Test_@[5, 10, 20, 50]: Recall=[0.01189, 0.01803, 0.02685, 0.05728],  precision=[0.00238, 0.00180, 0.00134, 0.00115], hit=[0.01189, 0.01803, 0.02685, 0.05728], ndcg=[0.00793, 0.00985, 0.01208, 0.01795], Train Rec Loss=[0.04977], Eval Rec Loss=[0.04992], c=[0.50000], F=[0.85298, 0.86637, 0.91646, 0.96149], F_fuse=[0.00474, 0.00360, 0.00268, 0.00229]
[ INFO : 2026-08-06 06:49:44,045 ] - Epoch 121: train==[106.32920 = 0.47625 + 0.83367 + 13.26286 + 0.00320 + 0.00000 + 0.00017 + 613.91004]
[ INFO : 2026-08-06 06:49:50,718 ] - Test_@[5, 10, 20, 50]: Recall=[0.01189, 0.01764, 0.02660, 0.05767],  precision=[0.00238, 0.00176, 0.00133, 0.00115], hit=[0.01189, 0.01764, 0.02660, 0.05767], ndcg=[0.00808, 0.00991, 0.01219, 0.01818], Train Rec Loss=[0.04975], Eval Rec Loss=[0.04987], c=[0.50000], F=[0.85304, 0.86982, 0.91963, 0.96241], F_fuse=[0.00474, 0.00352, 0.00266, 0.00230]
[ INFO : 2026-08-06 06:51:14,213 ] - Epoch 122: train==[106.29258 = 0.47843 + 0.83294 + 13.22459 + 0.00322 + 0.00000 + 0.00017 + 613.90931]
[ INFO : 2026-08-06 06:51:20,945 ] - Test_@[5, 10, 20, 50]: Recall=[0.01138, 0.01713, 0.02583, 0.05715],  precision=[0.00228, 0.00171, 0.00129, 0.00114], hit=[0.01138, 0.01713, 0.02583, 0.05715], ndcg=[0.00759, 0.00942, 0.01163, 0.01768], Train Rec Loss=[0.04969], Eval Rec Loss=[0.04983], c=[0.50000], F=[0.84886, 0.87008, 0.91902, 0.96064], F_fuse=[0.00454, 0.00342, 0.00258, 0.00228]
[ INFO : 2026-08-06 06:52:44,356 ] - Epoch 123: train==[106.17441 = 0.47163 + 0.83225 + 13.11325 + 0.00321 + 0.00000 + 0.00017 + 613.91196]
[ INFO : 2026-08-06 06:52:51,094 ] - Test_@[5, 10, 20, 50]: Recall=[0.01112, 0.01739, 0.02621, 0.05767],  precision=[0.00222, 0.00174, 0.00131, 0.00115], hit=[0.01112, 0.01739, 0.02621, 0.05767], ndcg=[0.00741, 0.00942, 0.01164, 0.01771], Train Rec Loss=[0.04988], Eval Rec Loss=[0.04976], c=[0.50000], F=[0.84342, 0.86544, 0.91922, 0.96131], F_fuse=[0.00444, 0.00347, 0.00262, 0.00230]
[ INFO : 2026-08-06 06:54:14,592 ] - Epoch 124: train==[106.18038 = 0.47250 + 0.83148 + 13.11876 + 0.00323 + 0.00000 + 0.00017 + 613.91214]
[ INFO : 2026-08-06 06:54:21,301 ] - Test_@[5, 10, 20, 50]: Recall=[0.01125, 0.01713, 0.02672, 0.05754],  precision=[0.00225, 0.00171, 0.00134, 0.00115], hit=[0.01125, 0.01713, 0.02672, 0.05754], ndcg=[0.00753, 0.00940, 0.01185, 0.01778], Train Rec Loss=[0.04984], Eval Rec Loss=[0.05002], c=[0.50000], F=[0.84326, 0.86397, 0.91722, 0.96129], F_fuse=[0.00449, 0.00342, 0.00267, 0.00230]
[ INFO : 2026-08-06 06:55:44,217 ] - Epoch 125: train==[106.15971 = 0.47551 + 0.83061 + 13.09645 + 0.00325 + 0.00000 + 0.00017 + 613.90637]
[ INFO : 2026-08-06 06:55:50,869 ] - Test_@[5, 10, 20, 50]: Recall=[0.01112, 0.01777, 0.02621, 0.05779],  precision=[0.00222, 0.00178, 0.00131, 0.00116], hit=[0.01112, 0.01777, 0.02621, 0.05779], ndcg=[0.00738, 0.00949, 0.01163, 0.01772], Train Rec Loss=[0.04987], Eval Rec Loss=[0.04986], c=[0.50000], F=[0.84569, 0.87056, 0.91893, 0.96197], F_fuse=[0.00444, 0.00355, 0.00262, 0.00231]
[ INFO : 2026-08-06 06:57:13,614 ] - Epoch 126: train==[105.99314 = 0.46860 + 0.82976 + 12.93756 + 0.00326 + 0.00000 + 0.00017 + 613.90459]
[ INFO : 2026-08-06 06:57:20,327 ] - Test_@[5, 10, 20, 50]: Recall=[0.01061, 0.01649, 0.02583, 0.05767],  precision=[0.00212, 0.00165, 0.00129, 0.00115], hit=[0.01061, 0.01649, 0.02583, 0.05767], ndcg=[0.00700, 0.00889, 0.01124, 0.01737], Train Rec Loss=[0.04987], Eval Rec Loss=[0.05002], c=[0.50000], F=[0.84828, 0.87476, 0.92124, 0.96104], F_fuse=[0.00423, 0.00329, 0.00258, 0.00230]
[ INFO : 2026-08-06 06:58:42,669 ] - Epoch 127: train==[106.01776 = 0.47180 + 0.82890 + 12.95915 + 0.00326 + 0.00000 + 0.00017 + 613.90690]
[ INFO : 2026-08-06 06:58:49,342 ] - Test_@[5, 10, 20, 50]: Recall=[0.01074, 0.01649, 0.02685, 0.05754],  precision=[0.00215, 0.00165, 0.00134, 0.00115], hit=[0.01074, 0.01649, 0.02685, 0.05754], ndcg=[0.00718, 0.00902, 0.01162, 0.01753], Train Rec Loss=[0.05002], Eval Rec Loss=[0.05005], c=[0.50000], F=[0.83882, 0.86907, 0.91959, 0.96077], F_fuse=[0.00429, 0.00329, 0.00268, 0.00230]
[ INFO : 2026-08-06 07:00:12,026 ] - Epoch 128: train==[105.96727 = 0.46969 + 0.82817 + 12.91095 + 0.00330 + 0.00000 + 0.00017 + 613.90833]
[ INFO : 2026-08-06 07:00:18,683 ] - Test_@[5, 10, 20, 50]: Recall=[0.01100, 0.01701, 0.02621, 0.05741],  precision=[0.00220, 0.00170, 0.00131, 0.00115], hit=[0.01100, 0.01701, 0.02621, 0.05741], ndcg=[0.00720, 0.00913, 0.01146, 0.01749], Train Rec Loss=[0.04996], Eval Rec Loss=[0.05007], c=[0.50000], F=[0.84946, 0.87271, 0.92138, 0.96097], F_fuse=[0.00439, 0.00339, 0.00262, 0.00229]
[ INFO : 2026-08-06 07:01:40,454 ] - Epoch 129: train==[105.96347 = 0.46478 + 0.82714 + 12.91273 + 0.00329 + 0.00000 + 0.00017 + 613.90804]
[ INFO : 2026-08-06 07:01:47,106 ] - Test_@[5, 10, 20, 50]: Recall=[0.01138, 0.01739, 0.02660, 0.05805],  precision=[0.00228, 0.00174, 0.00133, 0.00116], hit=[0.01138, 0.01739, 0.02660, 0.05805], ndcg=[0.00770, 0.00962, 0.01193, 0.01799], Train Rec Loss=[0.05007], Eval Rec Loss=[0.05002], c=[0.50000], F=[0.84486, 0.87286, 0.92127, 0.96099], F_fuse=[0.00454, 0.00347, 0.00266, 0.00232]
[ INFO : 2026-08-06 07:03:09,695 ] - Epoch 130: train==[105.86611 = 0.46455 + 0.82615 + 12.81674 + 0.00329 + 0.00000 + 0.00017 + 613.90443]
[ INFO : 2026-08-06 07:03:16,372 ] - Test_@[5, 10, 20, 50]: Recall=[0.01112, 0.01764, 0.02634, 0.05792],  precision=[0.00222, 0.00176, 0.00132, 0.00116], hit=[0.01112, 0.01764, 0.02634, 0.05792], ndcg=[0.00715, 0.00921, 0.01139, 0.01749], Train Rec Loss=[0.05014], Eval Rec Loss=[0.05023], c=[0.50000], F=[0.83872, 0.86509, 0.91955, 0.96084], F_fuse=[0.00444, 0.00352, 0.00263, 0.00231]
[ INFO : 2026-08-06 07:04:39,410 ] - Epoch 131: train==[105.79213 = 0.46363 + 0.82532 + 12.74431 + 0.00331 + 0.00000 + 0.00017 + 613.90339]
[ INFO : 2026-08-06 07:04:46,142 ] - Test_@[5, 10, 20, 50]: Recall=[0.01074, 0.01688, 0.02596, 0.05754],  precision=[0.00215, 0.00169, 0.00130, 0.00115], hit=[0.01074, 0.01688, 0.02596, 0.05754], ndcg=[0.00690, 0.00886, 0.01113, 0.01723], Train Rec Loss=[0.05022], Eval Rec Loss=[0.05015], c=[0.50000], F=[0.84179, 0.87279, 0.92266, 0.96065], F_fuse=[0.00429, 0.00337, 0.00259, 0.00230]
[ INFO : 2026-08-06 07:06:08,396 ] - Epoch 132: train==[105.83987 = 0.46114 + 0.82429 + 12.79463 + 0.00331 + 0.00000 + 0.00017 + 613.90699]
[ INFO : 2026-08-06 07:06:15,076 ] - Test_@[5, 10, 20, 50]: Recall=[0.01100, 0.01726, 0.02596, 0.05754],  precision=[0.00220, 0.00173, 0.00130, 0.00115], hit=[0.01100, 0.01726, 0.02596, 0.05754], ndcg=[0.00728, 0.00928, 0.01145, 0.01755], Train Rec Loss=[0.05026], Eval Rec Loss=[0.05021], c=[0.50000], F=[0.83045, 0.86656, 0.91976, 0.96068], F_fuse=[0.00439, 0.00345, 0.00259, 0.00230]
[ INFO : 2026-08-06 07:07:38,510 ] - Epoch 133: train==[105.74872 = 0.45888 + 0.82314 + 12.70681 + 0.00333 + 0.00000 + 0.00017 + 613.90424]
[ INFO : 2026-08-06 07:07:45,185 ] - Test_@[5, 10, 20, 50]: Recall=[0.01087, 0.01713, 0.02634, 0.05677],  precision=[0.00217, 0.00171, 0.00132, 0.00114], hit=[0.01087, 0.01713, 0.02634, 0.05677], ndcg=[0.00689, 0.00889, 0.01118, 0.01707], Train Rec Loss=[0.05030], Eval Rec Loss=[0.05037], c=[0.50000], F=[0.84284, 0.87265, 0.92207, 0.96017], F_fuse=[0.00434, 0.00342, 0.00263, 0.00227]
[ INFO : 2026-08-06 07:09:08,104 ] - Epoch 134: train==[105.68226 = 0.46023 + 0.82175 + 12.63901 + 0.00336 + 0.00000 + 0.00017 + 613.90968]
[ INFO : 2026-08-06 07:09:14,831 ] - Test_@[5, 10, 20, 50]: Recall=[0.01061, 0.01637, 0.02596, 0.05613],  precision=[0.00212, 0.00164, 0.00130, 0.00112], hit=[0.01061, 0.01637, 0.02596, 0.05613], ndcg=[0.00665, 0.00849, 0.01089, 0.01672], Train Rec Loss=[0.05043], Eval Rec Loss=[0.05047], c=[0.50000], F=[0.83965, 0.87091, 0.92136, 0.95985], F_fuse=[0.00423, 0.00327, 0.00259, 0.00224]
[ INFO : 2026-08-06 07:10:37,187 ] - Epoch 135: train==[105.66395 = 0.46075 + 0.82076 + 12.62128 + 0.00334 + 0.00000 + 0.00017 + 613.90642]
[ INFO : 2026-08-06 07:10:43,884 ] - Test_@[5, 10, 20, 50]: Recall=[0.01074, 0.01598, 0.02557, 0.05639],  precision=[0.00215, 0.00160, 0.00128, 0.00113], hit=[0.01074, 0.01598, 0.02557, 0.05639], ndcg=[0.00676, 0.00844, 0.01083, 0.01677], Train Rec Loss=[0.05028], Eval Rec Loss=[0.05038], c=[0.50000], F=[0.83719, 0.87170, 0.92134, 0.95924], F_fuse=[0.00429, 0.00319, 0.00255, 0.00225]
[ INFO : 2026-08-06 07:12:06,549 ] - Epoch 136: train==[105.54091 = 0.46093 + 0.81948 + 12.49889 + 0.00336 + 0.00000 + 0.00017 + 613.90584]
[ INFO : 2026-08-06 07:12:13,298 ] - Test_@[5, 10, 20, 50]: Recall=[0.01125, 0.01649, 0.02621, 0.05677],  precision=[0.00225, 0.00165, 0.00131, 0.00114], hit=[0.01125, 0.01649, 0.02621, 0.05677], ndcg=[0.00716, 0.00885, 0.01129, 0.01722], Train Rec Loss=[0.05045], Eval Rec Loss=[0.05039], c=[0.50000], F=[0.83770, 0.86966, 0.92098, 0.95995], F_fuse=[0.00449, 0.00329, 0.00262, 0.00227]
[ INFO : 2026-08-06 07:13:36,112 ] - Epoch 137: train==[105.55459 = 0.45555 + 0.81814 + 12.51910 + 0.00337 + 0.00000 + 0.00017 + 613.90337]
[ INFO : 2026-08-06 07:13:42,761 ] - Test_@[5, 10, 20, 50]: Recall=[0.01048, 0.01611, 0.02570, 0.05536],  precision=[0.00210, 0.00161, 0.00129, 0.00111], hit=[0.01048, 0.01611, 0.02570, 0.05536], ndcg=[0.00656, 0.00834, 0.01074, 0.01650], Train Rec Loss=[0.05046], Eval Rec Loss=[0.05062], c=[0.50000], F=[0.83878, 0.87169, 0.92112, 0.95905], F_fuse=[0.00418, 0.00322, 0.00257, 0.00221]
[ INFO : 2026-08-06 07:15:05,403 ] - Epoch 138: train==[105.58812 = 0.45783 + 0.81701 + 12.55044 + 0.00338 + 0.00000 + 0.00016 + 613.90731]
[ INFO : 2026-08-06 07:15:12,058 ] - Test_@[5, 10, 20, 50]: Recall=[0.01010, 0.01598, 0.02519, 0.05651],  precision=[0.00202, 0.00160, 0.00126, 0.00113], hit=[0.01010, 0.01598, 0.02519, 0.05651], ndcg=[0.00628, 0.00816, 0.01046, 0.01654], Train Rec Loss=[0.05059], Eval Rec Loss=[0.05061], c=[0.50000], F=[0.82469, 0.86811, 0.91958, 0.95853], F_fuse=[0.00403, 0.00319, 0.00252, 0.00226]
[ INFO : 2026-08-06 07:16:34,638 ] - Epoch 139: train==[105.50100 = 0.45834 + 0.81549 + 12.46396 + 0.00338 + 0.00000 + 0.00016 + 613.90569]
[ INFO : 2026-08-06 07:16:41,324 ] - Test_@[5, 10, 20, 50]: Recall=[0.01048, 0.01649, 0.02544, 0.05651],  precision=[0.00210, 0.00165, 0.00127, 0.00113], hit=[0.01048, 0.01649, 0.02544, 0.05651], ndcg=[0.00660, 0.00848, 0.01072, 0.01673], Train Rec Loss=[0.05072], Eval Rec Loss=[0.05058], c=[0.50000], F=[0.82993, 0.87023, 0.92190, 0.95905], F_fuse=[0.00418, 0.00329, 0.00254, 0.00226]
[ INFO : 2026-08-06 07:18:04,402 ] - Epoch 140: train==[105.48955 = 0.45515 + 0.81424 + 12.45645 + 0.00337 + 0.00000 + 0.00016 + 613.90573]
[ INFO : 2026-08-06 07:18:11,064 ] - Test_@[5, 10, 20, 50]: Recall=[0.01010, 0.01624, 0.02519, 0.05600],  precision=[0.00202, 0.00162, 0.00126, 0.00112], hit=[0.01010, 0.01624, 0.02519, 0.05600], ndcg=[0.00640, 0.00834, 0.01057, 0.01655], Train Rec Loss=[0.05066], Eval Rec Loss=[0.05065], c=[0.50000], F=[0.82849, 0.87362, 0.92188, 0.95844], F_fuse=[0.00403, 0.00324, 0.00252, 0.00224]
[ INFO : 2026-08-06 07:19:33,866 ] - Epoch 141: train==[105.47947 = 0.45277 + 0.81314 + 12.44886 + 0.00339 + 0.00000 + 0.00016 + 613.90926]
[ INFO : 2026-08-06 07:19:40,608 ] - Test_@[5, 10, 20, 50]: Recall=[0.00959, 0.01649, 0.02634, 0.05639],  precision=[0.00192, 0.00165, 0.00132, 0.00113], hit=[0.00959, 0.01649, 0.02634, 0.05639], ndcg=[0.00607, 0.00826, 0.01071, 0.01652], Train Rec Loss=[0.05088], Eval Rec Loss=[0.05098], c=[0.50000], F=[0.81875, 0.86640, 0.91965, 0.95846], F_fuse=[0.00383, 0.00329, 0.00263, 0.00225]
[ INFO : 2026-08-06 07:21:03,356 ] - Epoch 142: train==[105.33251 = 0.45128 + 0.81189 + 12.30446 + 0.00341 + 0.00000 + 0.00016 + 613.90707]
[ INFO : 2026-08-06 07:21:10,055 ] - Test_@[5, 10, 20, 50]: Recall=[0.01048, 0.01649, 0.02621, 0.05677],  precision=[0.00210, 0.00165, 0.00131, 0.00114], hit=[0.01048, 0.01649, 0.02621, 0.05677], ndcg=[0.00643, 0.00833, 0.01076, 0.01669], Train Rec Loss=[0.05087], Eval Rec Loss=[0.05097], c=[0.50000], F=[0.82763, 0.87076, 0.92270, 0.96012], F_fuse=[0.00418, 0.00329, 0.00262, 0.00227]
[ INFO : 2026-08-06 07:22:32,583 ] - Epoch 143: train==[105.28868 = 0.45192 + 0.81023 + 12.26116 + 0.00342 + 0.00000 + 0.00016 + 613.90589]
[ INFO : 2026-08-06 07:22:39,230 ] - Test_@[5, 10, 20, 50]: Recall=[0.01010, 0.01637, 0.02596, 0.05626],  precision=[0.00202, 0.00164, 0.00130, 0.00113], hit=[0.01010, 0.01637, 0.02596, 0.05626], ndcg=[0.00664, 0.00863, 0.01103, 0.01694], Train Rec Loss=[0.05096], Eval Rec Loss=[0.05098], c=[0.50000], F=[0.83156, 0.87530, 0.92158, 0.95849], F_fuse=[0.00403, 0.00327, 0.00259, 0.00225]
[ INFO : 2026-08-06 07:24:02,037 ] - Epoch 144: train==[105.26750 = 0.45193 + 0.80926 + 12.24070 + 0.00343 + 0.00000 + 0.00016 + 613.90481]
[ INFO : 2026-08-06 07:24:08,716 ] - Test_@[5, 10, 20, 50]: Recall=[0.01061, 0.01573, 0.02570, 0.05549],  precision=[0.00212, 0.00157, 0.00129, 0.00111], hit=[0.01061, 0.01573, 0.02570, 0.05549], ndcg=[0.00652, 0.00814, 0.01064, 0.01643], Train Rec Loss=[0.05108], Eval Rec Loss=[0.05101], c=[0.50000], F=[0.82715, 0.87140, 0.92382, 0.95961], F_fuse=[0.00423, 0.00314, 0.00257, 0.00222]
[ INFO : 2026-08-06 07:25:30,758 ] - Epoch 145: train==[105.22949 = 0.45053 + 0.80764 + 12.20484 + 0.00343 + 0.00000 + 0.00016 + 613.90621]
[ INFO : 2026-08-06 07:25:37,368 ] - Test_@[5, 10, 20, 50]: Recall=[0.01023, 0.01560, 0.02608, 0.05651],  precision=[0.00205, 0.00156, 0.00130, 0.00113], hit=[0.01023, 0.01560, 0.02608, 0.05651], ndcg=[0.00639, 0.00806, 0.01071, 0.01661], Train Rec Loss=[0.05111], Eval Rec Loss=[0.05115], c=[0.50000], F=[0.81932, 0.87014, 0.92034, 0.95813], F_fuse=[0.00408, 0.00311, 0.00260, 0.00226]
[ INFO : 2026-08-06 07:27:00,064 ] - Epoch 146: train==[105.21014 = 0.44520 + 0.80625 + 12.19143 + 0.00343 + 0.00000 + 0.00016 + 613.90773]
[ INFO : 2026-08-06 07:27:06,694 ] - Test_@[5, 10, 20, 50]: Recall=[0.00997, 0.01598, 0.02557, 0.05639],  precision=[0.00199, 0.00160, 0.00128, 0.00113], hit=[0.00997, 0.01598, 0.02557, 0.05639], ndcg=[0.00626, 0.00820, 0.01061, 0.01660], Train Rec Loss=[0.05126], Eval Rec Loss=[0.05113], c=[0.50000], F=[0.82859, 0.87012, 0.92136, 0.95863], F_fuse=[0.00398, 0.00319, 0.00255, 0.00225]
[ INFO : 2026-08-06 07:28:30,548 ] - Epoch 147: train==[105.11777 = 0.44588 + 0.80498 + 12.09938 + 0.00345 + 0.00000 + 0.00016 + 613.90604]
[ INFO : 2026-08-06 07:28:37,226 ] - Test_@[5, 10, 20, 50]: Recall=[0.01023, 0.01573, 0.02532, 0.05485],  precision=[0.00205, 0.00157, 0.00127, 0.00110], hit=[0.01023, 0.01573, 0.02532, 0.05485], ndcg=[0.00642, 0.00819, 0.01059, 0.01637], Train Rec Loss=[0.05121], Eval Rec Loss=[0.05128], c=[0.50000], F=[0.82955, 0.87557, 0.92361, 0.95873], F_fuse=[0.00408, 0.00314, 0.00253, 0.00219]
[ INFO : 2026-08-06 07:29:59,519 ] - Epoch 148: train==[105.17639 = 0.44558 + 0.80361 + 12.15927 + 0.00346 + 0.00000 + 0.00016 + 613.90506]
[ INFO : 2026-08-06 07:30:06,206 ] - Test_@[5, 10, 20, 50]: Recall=[0.01087, 0.01649, 0.02570, 0.05626],  precision=[0.00217, 0.00165, 0.00129, 0.00113], hit=[0.01087, 0.01649, 0.02570, 0.05626], ndcg=[0.00672, 0.00851, 0.01080, 0.01677], Train Rec Loss=[0.05145], Eval Rec Loss=[0.05147], c=[0.50000], F=[0.83006, 0.87463, 0.92271, 0.95860], F_fuse=[0.00434, 0.00329, 0.00257, 0.00225]
[ INFO : 2026-08-06 07:31:28,656 ] - Epoch 149: train==[105.09799 = 0.44594 + 0.80235 + 12.08095 + 0.00349 + 0.00000 + 0.00016 + 613.90693]
[ INFO : 2026-08-06 07:31:35,334 ] - Test_@[5, 10, 20, 50]: Recall=[0.01023, 0.01611, 0.02583, 0.05600],  precision=[0.00205, 0.00161, 0.00129, 0.00112], hit=[0.01023, 0.01611, 0.02583, 0.05600], ndcg=[0.00649, 0.00836, 0.01080, 0.01669], Train Rec Loss=[0.05152], Eval Rec Loss=[0.05157], c=[0.50000], F=[0.82984, 0.87631, 0.92301, 0.95779], F_fuse=[0.00408, 0.00322, 0.00258, 0.00224]
[ INFO : 2026-08-06 07:32:57,786 ] - Epoch 150: train==[105.06647 = 0.44908 + 0.80071 + 12.04732 + 0.00348 + 0.00000 + 0.00016 + 613.90665]
[ INFO : 2026-08-06 07:33:04,461 ] - Test_@[5, 10, 20, 50]: Recall=[0.00997, 0.01509, 0.02468, 0.05549],  precision=[0.00199, 0.00151, 0.00123, 0.00111], hit=[0.00997, 0.01509, 0.02468, 0.05549], ndcg=[0.00589, 0.00750, 0.00993, 0.01595], Train Rec Loss=[0.05148], Eval Rec Loss=[0.05145], c=[0.50000], F=[0.81788, 0.87185, 0.92218, 0.95825], F_fuse=[0.00398, 0.00301, 0.00246, 0.00222]
[ INFO : 2026-08-06 07:34:27,023 ] - Epoch 151: train==[105.08049 = 0.44311 + 0.79967 + 12.06850 + 0.00348 + 0.00000 + 0.00016 + 613.90285]
[ INFO : 2026-08-06 07:34:33,658 ] - Test_@[5, 10, 20, 50]: Recall=[0.01100, 0.01598, 0.02557, 0.05575],  precision=[0.00220, 0.00160, 0.00128, 0.00111], hit=[0.01100, 0.01598, 0.02557, 0.05575], ndcg=[0.00681, 0.00840, 0.01082, 0.01672], Train Rec Loss=[0.05179], Eval Rec Loss=[0.05162], c=[0.50000], F=[0.82415, 0.86849, 0.92163, 0.95849], F_fuse=[0.00439, 0.00319, 0.00255, 0.00223]
[ INFO : 2026-08-06 07:35:56,385 ] - Epoch 152: train==[105.00705 = 0.44542 + 0.79799 + 11.99328 + 0.00350 + 0.00000 + 0.00016 + 613.90593]
[ INFO : 2026-08-06 07:36:03,060 ] - Test_@[5, 10, 20, 50]: Recall=[0.01048, 0.01637, 0.02455, 0.05524],  precision=[0.00210, 0.00164, 0.00123, 0.00110], hit=[0.01048, 0.01637, 0.02455, 0.05524], ndcg=[0.00645, 0.00829, 0.01034, 0.01635], Train Rec Loss=[0.05195], Eval Rec Loss=[0.05185], c=[0.50000], F=[0.83431, 0.88017, 0.92365, 0.95743], F_fuse=[0.00418, 0.00327, 0.00245, 0.00221]
[ INFO : 2026-08-06 07:37:25,283 ] - Epoch 153: train==[104.93863 = 0.44099 + 0.79685 + 11.92979 + 0.00350 + 0.00000 + 0.00016 + 613.90719]
[ INFO : 2026-08-06 07:37:31,948 ] - Test_@[5, 10, 20, 50]: Recall=[0.01036, 0.01611, 0.02468, 0.05549],  precision=[0.00207, 0.00161, 0.00123, 0.00111], hit=[0.01036, 0.01611, 0.02468, 0.05549], ndcg=[0.00606, 0.00788, 0.01003, 0.01607], Train Rec Loss=[0.05185], Eval Rec Loss=[0.05195], c=[0.50000], F=[0.82108, 0.87348, 0.92276, 0.95770], F_fuse=[0.00413, 0.00322, 0.00246, 0.00222]
[ INFO : 2026-08-06 07:38:53,910 ] - Epoch 154: train==[104.92096 = 0.44026 + 0.79588 + 11.91359 + 0.00352 + 0.00000 + 0.00016 + 613.90597]
[ INFO : 2026-08-06 07:39:00,585 ] - Test_@[5, 10, 20, 50]: Recall=[0.00959, 0.01547, 0.02481, 0.05447],  precision=[0.00192, 0.00155, 0.00124, 0.00109], hit=[0.00959, 0.01547, 0.02481, 0.05447], ndcg=[0.00592, 0.00780, 0.01015, 0.01599], Train Rec Loss=[0.05176], Eval Rec Loss=[0.05184], c=[0.50000], F=[0.82175, 0.87528, 0.92309, 0.95736], F_fuse=[0.00383, 0.00309, 0.00248, 0.00218]
[ INFO : 2026-08-06 07:40:22,303 ] - Epoch 155: train==[104.79285 = 0.43982 + 0.79453 + 11.78686 + 0.00354 + 0.00000 + 0.00016 + 613.90506]
[ INFO : 2026-08-06 07:40:28,960 ] - Test_@[5, 10, 20, 50]: Recall=[0.00997, 0.01534, 0.02493, 0.05485],  precision=[0.00199, 0.00153, 0.00125, 0.00110], hit=[0.00997, 0.01534, 0.02493, 0.05485], ndcg=[0.00611, 0.00782, 0.01025, 0.01612], Train Rec Loss=[0.05226], Eval Rec Loss=[0.05206], c=[0.50000], F=[0.82475, 0.87424, 0.92349, 0.95778], F_fuse=[0.00398, 0.00306, 0.00249, 0.00219]
[ INFO : 2026-08-06 07:41:51,150 ] - Epoch 156: train==[104.78528 = 0.43862 + 0.79327 + 11.78117 + 0.00355 + 0.00000 + 0.00016 + 613.90547]
[ INFO : 2026-08-06 07:41:57,818 ] - Test_@[5, 10, 20, 50]: Recall=[0.01036, 0.01573, 0.02544, 0.05421],  precision=[0.00207, 0.00157, 0.00127, 0.00108], hit=[0.01036, 0.01573, 0.02544, 0.05421], ndcg=[0.00647, 0.00819, 0.01063, 0.01627], Train Rec Loss=[0.05238], Eval Rec Loss=[0.05236], c=[0.50000], F=[0.82670, 0.87661, 0.92479, 0.95775], F_fuse=[0.00413, 0.00314, 0.00254, 0.00217]
[ INFO : 2026-08-06 07:43:20,636 ] - Epoch 157: train==[104.79614 = 0.43543 + 0.79177 + 11.79617 + 0.00354 + 0.00000 + 0.00016 + 613.90518]
[ INFO : 2026-08-06 07:43:27,363 ] - Test_@[5, 10, 20, 50]: Recall=[0.00985, 0.01573, 0.02544, 0.05511],  precision=[0.00197, 0.00157, 0.00127, 0.00110], hit=[0.00985, 0.01573, 0.02544, 0.05511], ndcg=[0.00583, 0.00770, 0.01014, 0.01594], Train Rec Loss=[0.05227], Eval Rec Loss=[0.05219], c=[0.50000], F=[0.82060, 0.87375, 0.92316, 0.95763], F_fuse=[0.00393, 0.00314, 0.00254, 0.00220]
[ INFO : 2026-08-06 07:44:49,992 ] - Epoch 158: train==[104.72499 = 0.43762 + 0.79094 + 11.72361 + 0.00357 + 0.00000 + 0.00016 + 613.90311]
[ INFO : 2026-08-06 07:44:56,673 ] - Test_@[5, 10, 20, 50]: Recall=[0.00933, 0.01470, 0.02468, 0.05421],  precision=[0.00187, 0.00147, 0.00123, 0.00108], hit=[0.00933, 0.01470, 0.02468, 0.05421], ndcg=[0.00555, 0.00725, 0.00975, 0.01554], Train Rec Loss=[0.05250], Eval Rec Loss=[0.05266], c=[0.50000], F=[0.81539, 0.87221, 0.92298, 0.95708], F_fuse=[0.00373, 0.00294, 0.00246, 0.00217]
[ INFO : 2026-08-06 07:46:24,893 ] - Epoch 159: train==[104.66243 = 0.43682 + 0.78944 + 11.66221 + 0.00358 + 0.00000 + 0.00016 + 613.90670]
[ INFO : 2026-08-06 07:46:31,544 ] - Test_@[5, 10, 20, 50]: Recall=[0.01023, 0.01534, 0.02519, 0.05472],  precision=[0.00205, 0.00153, 0.00126, 0.00109], hit=[0.01023, 0.01534, 0.02519, 0.05472], ndcg=[0.00595, 0.00755, 0.01001, 0.01582], Train Rec Loss=[0.05246], Eval Rec Loss=[0.05260], c=[0.50000], F=[0.81526, 0.87415, 0.92340, 0.95667], F_fuse=[0.00408, 0.00306, 0.00252, 0.00219]
[ INFO : 2026-08-06 07:47:54,738 ] - Epoch 160: train==[104.66479 = 0.43178 + 0.78851 + 11.67032 + 0.00357 + 0.00000 + 0.00015 + 613.90566]
[ INFO : 2026-08-06 07:48:01,444 ] - Test_@[5, 10, 20, 50]: Recall=[0.00985, 0.01522, 0.02455, 0.05421],  precision=[0.00197, 0.00152, 0.00123, 0.00108], hit=[0.00985, 0.01522, 0.02455, 0.05421], ndcg=[0.00587, 0.00757, 0.00991, 0.01574], Train Rec Loss=[0.05255], Eval Rec Loss=[0.05257], c=[0.50000], F=[0.82482, 0.87779, 0.92378, 0.95654], F_fuse=[0.00393, 0.00304, 0.00245, 0.00217]
[ INFO : 2026-08-06 07:49:24,199 ] - Epoch 161: train==[104.70583 = 0.43331 + 0.78741 + 11.71065 + 0.00357 + 0.00000 + 0.00015 + 613.90464]
[ INFO : 2026-08-06 07:49:30,906 ] - Test_@[5, 10, 20, 50]: Recall=[0.00997, 0.01534, 0.02621, 0.05434],  precision=[0.00199, 0.00153, 0.00131, 0.00109], hit=[0.00997, 0.01534, 0.02621, 0.05434], ndcg=[0.00599, 0.00771, 0.01044, 0.01595], Train Rec Loss=[0.05287], Eval Rec Loss=[0.05298], c=[0.50000], F=[0.82111, 0.87429, 0.92334, 0.95735], F_fuse=[0.00398, 0.00306, 0.00262, 0.00217]
[ INFO : 2026-08-06 07:50:52,990 ] - Epoch 162: train==[104.56264 = 0.43421 + 0.78636 + 11.56695 + 0.00360 + 0.00000 + 0.00016 + 613.90596]
[ INFO : 2026-08-06 07:50:59,669 ] - Test_@[5, 10, 20, 50]: Recall=[0.00985, 0.01585, 0.02481, 0.05396],  precision=[0.00197, 0.00159, 0.00124, 0.00108], hit=[0.00985, 0.01585, 0.02481, 0.05396], ndcg=[0.00561, 0.00751, 0.00975, 0.01551], Train Rec Loss=[0.05263], Eval Rec Loss=[0.05277], c=[0.50000], F=[0.81520, 0.87495, 0.92341, 0.95679], F_fuse=[0.00393, 0.00317, 0.00248, 0.00216]
[ INFO : 2026-08-06 07:52:22,212 ] - Epoch 163: train==[104.68398 = 0.43177 + 0.78522 + 11.69149 + 0.00360 + 0.00000 + 0.00015 + 613.90545]
[ INFO : 2026-08-06 07:52:28,901 ] - Test_@[5, 10, 20, 50]: Recall=[0.00972, 0.01509, 0.02519, 0.05409],  precision=[0.00194, 0.00151, 0.00126, 0.00108], hit=[0.00972, 0.01509, 0.02519, 0.05409], ndcg=[0.00581, 0.00753, 0.01008, 0.01576], Train Rec Loss=[0.05290], Eval Rec Loss=[0.05266], c=[0.50000], F=[0.81401, 0.87515, 0.92448, 0.95736], F_fuse=[0.00388, 0.00301, 0.00252, 0.00216]
[ INFO : 2026-08-06 07:53:51,698 ] - Epoch 164: train==[104.46965 = 0.43143 + 0.78384 + 11.47838 + 0.00363 + 0.00000 + 0.00016 + 613.90498]
[ INFO : 2026-08-06 07:53:58,362 ] - Test_@[5, 10, 20, 50]: Recall=[0.00933, 0.01509, 0.02455, 0.05383],  precision=[0.00187, 0.00151, 0.00123, 0.00108], hit=[0.00933, 0.01509, 0.02455, 0.05383], ndcg=[0.00530, 0.00712, 0.00949, 0.01525], Train Rec Loss=[0.05297], Eval Rec Loss=[0.05303], c=[0.50000], F=[0.81861, 0.87587, 0.92333, 0.95644], F_fuse=[0.00373, 0.00301, 0.00245, 0.00215]
[ INFO : 2026-08-06 07:55:20,726 ] - Epoch 165: train==[104.46923 = 0.42974 + 0.78281 + 11.48022 + 0.00365 + 0.00000 + 0.00015 + 613.90518]
[ INFO : 2026-08-06 07:55:27,386 ] - Test_@[5, 10, 20, 50]: Recall=[0.00895, 0.01560, 0.02442, 0.05421],  precision=[0.00179, 0.00156, 0.00122, 0.00108], hit=[0.00895, 0.01560, 0.02442, 0.05421], ndcg=[0.00565, 0.00777, 0.00998, 0.01585], Train Rec Loss=[0.05311], Eval Rec Loss=[0.05312], c=[0.50000], F=[0.81031, 0.87188, 0.92248, 0.95609], F_fuse=[0.00357, 0.00311, 0.00244, 0.00217]
[ INFO : 2026-08-06 07:56:50,444 ] - Epoch 166: train==[104.43767 = 0.42546 + 0.78140 + 11.45346 + 0.00363 + 0.00000 + 0.00016 + 613.90752]
[ INFO : 2026-08-06 07:56:57,155 ] - Test_@[5, 10, 20, 50]: Recall=[0.00972, 0.01585, 0.02519, 0.05472],  precision=[0.00194, 0.00159, 0.00126, 0.00109], hit=[0.00972, 0.01585, 0.02519, 0.05472], ndcg=[0.00573, 0.00766, 0.01002, 0.01583], Train Rec Loss=[0.05337], Eval Rec Loss=[0.05338], c=[0.50000], F=[0.81951, 0.87876, 0.92474, 0.95580], F_fuse=[0.00388, 0.00317, 0.00252, 0.00219]
[ INFO : 2026-08-06 07:58:18,870 ] - Epoch 167: train==[104.44378 = 0.42599 + 0.78079 + 11.45971 + 0.00365 + 0.00000 + 0.00015 + 613.90541]
[ INFO : 2026-08-06 07:58:25,518 ] - Test_@[5, 10, 20, 50]: Recall=[0.00972, 0.01547, 0.02481, 0.05409],  precision=[0.00194, 0.00155, 0.00124, 0.00108], hit=[0.00972, 0.01547, 0.02481, 0.05409], ndcg=[0.00556, 0.00738, 0.00972, 0.01550], Train Rec Loss=[0.05323], Eval Rec Loss=[0.05366], c=[0.50000], F=[0.82187, 0.87763, 0.92318, 0.95514], F_fuse=[0.00388, 0.00309, 0.00248, 0.00216]
[ INFO : 2026-08-06 07:59:48,679 ] - Epoch 168: train==[104.46950 = 0.42639 + 0.77939 + 11.48614 + 0.00366 + 0.00000 + 0.00015 + 613.90350]
[ INFO : 2026-08-06 07:59:55,392 ] - Test_@[5, 10, 20, 50]: Recall=[0.00959, 0.01534, 0.02506, 0.05409],  precision=[0.00192, 0.00153, 0.00125, 0.00108], hit=[0.00959, 0.01534, 0.02506, 0.05409], ndcg=[0.00570, 0.00753, 0.00997, 0.01570], Train Rec Loss=[0.05338], Eval Rec Loss=[0.05315], c=[0.50000], F=[0.82504, 0.88019, 0.92477, 0.95528], F_fuse=[0.00383, 0.00306, 0.00250, 0.00216]
[ INFO : 2026-08-06 08:01:18,224 ] - Epoch 169: train==[104.28780 = 0.42664 + 0.77830 + 11.30509 + 0.00368 + 0.00000 + 0.00015 + 613.90172]
[ INFO : 2026-08-06 08:01:24,970 ] - Test_@[5, 10, 20, 50]: Recall=[0.00921, 0.01522, 0.02481, 0.05396],  precision=[0.00184, 0.00152, 0.00124, 0.00108], hit=[0.00921, 0.01522, 0.02481, 0.05396], ndcg=[0.00537, 0.00730, 0.00968, 0.01542], Train Rec Loss=[0.05368], Eval Rec Loss=[0.05365], c=[0.50000], F=[0.81503, 0.87530, 0.92442, 0.95458], F_fuse=[0.00367, 0.00304, 0.00248, 0.00216]
[ INFO : 2026-08-06 08:02:47,144 ] - Epoch 170: train==[104.26409 = 0.42588 + 0.77738 + 11.28299 + 0.00367 + 0.00000 + 0.00015 + 613.89980]
[ INFO : 2026-08-06 08:02:53,843 ] - Test_@[5, 10, 20, 50]: Recall=[0.00946, 0.01483, 0.02570, 0.05409],  precision=[0.00189, 0.00148, 0.00129, 0.00108], hit=[0.00946, 0.01483, 0.02570, 0.05409], ndcg=[0.00554, 0.00727, 0.00999, 0.01557], Train Rec Loss=[0.05358], Eval Rec Loss=[0.05350], c=[0.50000], F=[0.81414, 0.87480, 0.92512, 0.95554], F_fuse=[0.00378, 0.00296, 0.00257, 0.00216]
[ INFO : 2026-08-06 08:04:16,264 ] - Epoch 171: train==[104.33250 = 0.42192 + 0.77632 + 11.35521 + 0.00367 + 0.00000 + 0.00015 + 613.90497]
[ INFO : 2026-08-06 08:04:22,932 ] - Test_@[5, 10, 20, 50]: Recall=[0.00882, 0.01394, 0.02442, 0.05409],  precision=[0.00176, 0.00139, 0.00122, 0.00108], hit=[0.00882, 0.01394, 0.02442, 0.05409], ndcg=[0.00514, 0.00678, 0.00938, 0.01522], Train Rec Loss=[0.05355], Eval Rec Loss=[0.05381], c=[0.50000], F=[0.81145, 0.87363, 0.92258, 0.95459], F_fuse=[0.00352, 0.00278, 0.00244, 0.00216]
[ INFO : 2026-08-06 08:05:45,209 ] - Epoch 172: train==[104.27390 = 0.42698 + 0.77490 + 11.29264 + 0.00368 + 0.00000 + 0.00015 + 613.90344]
[ INFO : 2026-08-06 08:05:51,871 ] - Test_@[5, 10, 20, 50]: Recall=[0.00908, 0.01534, 0.02442, 0.05370],  precision=[0.00182, 0.00153, 0.00122, 0.00107], hit=[0.00908, 0.01534, 0.02442, 0.05370], ndcg=[0.00512, 0.00711, 0.00937, 0.01515], Train Rec Loss=[0.05397], Eval Rec Loss=[0.05369], c=[0.50000], F=[0.81689, 0.87415, 0.92411, 0.95547], F_fuse=[0.00362, 0.00306, 0.00244, 0.00215]
[ INFO : 2026-08-06 08:07:14,498 ] - Epoch 173: train==[104.23958 = 0.42398 + 0.77392 + 11.26161 + 0.00370 + 0.00000 + 0.00015 + 613.90529]
[ INFO : 2026-08-06 08:07:21,199 ] - Test_@[5, 10, 20, 50]: Recall=[0.00921, 0.01483, 0.02608, 0.05460],  precision=[0.00184, 0.00148, 0.00130, 0.00109], hit=[0.00921, 0.01483, 0.02608, 0.05460], ndcg=[0.00545, 0.00724, 0.01005, 0.01564], Train Rec Loss=[0.05392], Eval Rec Loss=[0.05423], c=[0.50000], F=[0.82510, 0.88133, 0.92497, 0.95387], F_fuse=[0.00367, 0.00296, 0.00260, 0.00218]
[ INFO : 2026-08-06 08:08:44,292 ] - Epoch 174: train==[104.17453 = 0.42053 + 0.77278 + 11.20114 + 0.00372 + 0.00000 + 0.00015 + 613.90215]
[ INFO : 2026-08-06 08:08:50,978 ] - Test_@[5, 10, 20, 50]: Recall=[0.00908, 0.01419, 0.02506, 0.05409],  precision=[0.00182, 0.00142, 0.00125, 0.00108], hit=[0.00908, 0.01419, 0.02506, 0.05409], ndcg=[0.00520, 0.00682, 0.00953, 0.01522], Train Rec Loss=[0.05390], Eval Rec Loss=[0.05367], c=[0.50000], F=[0.81612, 0.87595, 0.92390, 0.95392], F_fuse=[0.00362, 0.00283, 0.00250, 0.00216]
[ INFO : 2026-08-06 08:10:13,582 ] - Epoch 175: train==[104.18760 = 0.42149 + 0.77146 + 11.21402 + 0.00373 + 0.00000 + 0.00015 + 613.90226]
[ INFO : 2026-08-06 08:10:20,212 ] - Test_@[5, 10, 20, 50]: Recall=[0.00908, 0.01509, 0.02481, 0.05472],  precision=[0.00182, 0.00151, 0.00124, 0.00109], hit=[0.00908, 0.01509, 0.02481, 0.05472], ndcg=[0.00509, 0.00699, 0.00942, 0.01529], Train Rec Loss=[0.05409], Eval Rec Loss=[0.05410], c=[0.50000], F=[0.81765, 0.87673, 0.92391, 0.95414], F_fuse=[0.00362, 0.00301, 0.00248, 0.00219]
[ INFO : 2026-08-06 08:11:42,713 ] - Epoch 176: train==[104.18970 = 0.41843 + 0.77033 + 11.22012 + 0.00372 + 0.00000 + 0.00015 + 613.90053]
[ INFO : 2026-08-06 08:11:49,366 ] - Test_@[5, 10, 20, 50]: Recall=[0.00921, 0.01522, 0.02506, 0.05524],  precision=[0.00184, 0.00152, 0.00125, 0.00110], hit=[0.00921, 0.01522, 0.02506, 0.05524], ndcg=[0.00526, 0.00718, 0.00963, 0.01555], Train Rec Loss=[0.05405], Eval Rec Loss=[0.05416], c=[0.50000], F=[0.81436, 0.87725, 0.92512, 0.95455], F_fuse=[0.00367, 0.00304, 0.00250, 0.00221]
[ INFO : 2026-08-06 08:13:10,865 ] - Epoch 177: train==[104.07575 = 0.42094 + 0.76925 + 11.10378 + 0.00374 + 0.00000 + 0.00015 + 613.90394]
[ INFO : 2026-08-06 08:13:17,508 ] - Test_@[5, 10, 20, 50]: Recall=[0.00895, 0.01483, 0.02583, 0.05460],  precision=[0.00179, 0.00148, 0.00129, 0.00109], hit=[0.00895, 0.01483, 0.02583, 0.05460], ndcg=[0.00535, 0.00721, 0.00994, 0.01556], Train Rec Loss=[0.05420], Eval Rec Loss=[0.05430], c=[0.50000], F=[0.81893, 0.87804, 0.92340, 0.95336], F_fuse=[0.00357, 0.00296, 0.00258, 0.00218]
[ INFO : 2026-08-06 08:14:39,293 ] - Epoch 178: train==[104.07159 = 0.42315 + 0.76875 + 11.09749 + 0.00375 + 0.00000 + 0.00015 + 613.90531]
[ INFO : 2026-08-06 08:14:45,932 ] - Test_@[5, 10, 20, 50]: Recall=[0.00908, 0.01432, 0.02429, 0.05409],  precision=[0.00182, 0.00143, 0.00121, 0.00108], hit=[0.00908, 0.01432, 0.02429, 0.05409], ndcg=[0.00522, 0.00687, 0.00938, 0.01526], Train Rec Loss=[0.05456], Eval Rec Loss=[0.05450], c=[0.50000], F=[0.81622, 0.87667, 0.92492, 0.95305], F_fuse=[0.00362, 0.00286, 0.00243, 0.00216]
[ INFO : 2026-08-06 08:16:09,197 ] - Epoch 179: train==[103.99078 = 0.41511 + 0.76736 + 11.02583 + 0.00378 + 0.00000 + 0.00015 + 613.90332]
[ INFO : 2026-08-06 08:16:15,921 ] - Test_@[5, 10, 20, 50]: Recall=[0.00908, 0.01406, 0.02481, 0.05306],  precision=[0.00182, 0.00141, 0.00124, 0.00106], hit=[0.00908, 0.01406, 0.02481, 0.05306], ndcg=[0.00528, 0.00685, 0.00953, 0.01510], Train Rec Loss=[0.05438], Eval Rec Loss=[0.05474], c=[0.50000], F=[0.81235, 0.87510, 0.92361, 0.95334], F_fuse=[0.00362, 0.00281, 0.00248, 0.00212]
[ INFO : 2026-08-06 08:17:37,796 ] - Epoch 180: train==[104.04651 = 0.41276 + 0.76590 + 11.08479 + 0.00378 + 0.00000 + 0.00015 + 613.90327]
[ INFO : 2026-08-06 08:17:44,454 ] - Test_@[5, 10, 20, 50]: Recall=[0.00895, 0.01445, 0.02532, 0.05472],  precision=[0.00179, 0.00144, 0.00127, 0.00109], hit=[0.00895, 0.01445, 0.02532, 0.05472], ndcg=[0.00512, 0.00688, 0.00963, 0.01539], Train Rec Loss=[0.05470], Eval Rec Loss=[0.05480], c=[0.50000], F=[0.81586, 0.87675, 0.92383, 0.95270], F_fuse=[0.00357, 0.00288, 0.00253, 0.00219]
[ INFO : 2026-08-06 08:19:05,990 ] - Epoch 181: train==[104.05462 = 0.41684 + 0.76548 + 11.08897 + 0.00376 + 0.00000 + 0.00015 + 613.90406]
[ INFO : 2026-08-06 08:19:12,639 ] - Test_@[5, 10, 20, 50]: Recall=[0.00844, 0.01394, 0.02340, 0.05319],  precision=[0.00169, 0.00139, 0.00117, 0.00106], hit=[0.00844, 0.01394, 0.02340, 0.05319], ndcg=[0.00499, 0.00671, 0.00907, 0.01496], Train Rec Loss=[0.05504], Eval Rec Loss=[0.05483], c=[0.50000], F=[0.80394, 0.86939, 0.92223, 0.95375], F_fuse=[0.00337, 0.00278, 0.00234, 0.00213]
[ INFO : 2026-08-06 08:20:34,946 ] - Epoch 182: train==[103.96321 = 0.41495 + 0.76445 + 10.99815 + 0.00378 + 0.00000 + 0.00016 + 613.91667]
[ INFO : 2026-08-06 08:20:41,599 ] - Test_@[5, 10, 20, 50]: Recall=[0.00882, 0.01470, 0.02506, 0.05575],  precision=[0.00176, 0.00147, 0.00125, 0.00111], hit=[0.00882, 0.01470, 0.02506, 0.05575], ndcg=[0.00531, 0.00720, 0.00977, 0.01582], Train Rec Loss=[0.05484], Eval Rec Loss=[0.05493], c=[0.50000], F=[0.82804, 0.88343, 0.92634, 0.95201], F_fuse=[0.00352, 0.00294, 0.00250, 0.00223]
[ INFO : 2026-08-06 08:22:03,933 ] - Epoch 183: train==[103.95125 = 0.41381 + 0.76309 + 10.98925 + 0.00382 + 0.00000 + 0.00015 + 613.90910]
[ INFO : 2026-08-06 08:22:10,620 ] - Test_@[5, 10, 20, 50]: Recall=[0.00831, 0.01368, 0.02417, 0.05370],  precision=[0.00166, 0.00137, 0.00121, 0.00107], hit=[0.00831, 0.01368, 0.02417, 0.05370], ndcg=[0.00487, 0.00658, 0.00922, 0.01505], Train Rec Loss=[0.05511], Eval Rec Loss=[0.05491], c=[0.50000], F=[0.81609, 0.87779, 0.92431, 0.95282], F_fuse=[0.00332, 0.00273, 0.00241, 0.00215]
[ INFO : 2026-08-06 08:23:33,214 ] - Epoch 184: train==[103.88865 = 0.41362 + 0.76211 + 10.92835 + 0.00382 + 0.00000 + 0.00015 + 613.90298]
[ INFO : 2026-08-06 08:23:39,901 ] - Test_@[5, 10, 20, 50]: Recall=[0.00818, 0.01419, 0.02532, 0.05370],  precision=[0.00164, 0.00142, 0.00127, 0.00107], hit=[0.00818, 0.01419, 0.02532, 0.05370], ndcg=[0.00491, 0.00688, 0.00966, 0.01525], Train Rec Loss=[0.05505], Eval Rec Loss=[0.05497], c=[0.50000], F=[0.81622, 0.87740, 0.92452, 0.95256], F_fuse=[0.00327, 0.00283, 0.00253, 0.00215]
[ INFO : 2026-08-06 08:25:02,036 ] - Epoch 185: train==[103.85708 = 0.41183 + 0.76102 + 10.89900 + 0.00384 + 0.00000 + 0.00015 + 613.90430]
[ INFO : 2026-08-06 08:25:08,720 ] - Test_@[5, 10, 20, 50]: Recall=[0.00869, 0.01432, 0.02493, 0.05472],  precision=[0.00174, 0.00143, 0.00125, 0.00109], hit=[0.00869, 0.01432, 0.02493, 0.05472], ndcg=[0.00519, 0.00698, 0.00963, 0.01549], Train Rec Loss=[0.05485], Eval Rec Loss=[0.05525], c=[0.50000], F=[0.82027, 0.87990, 0.92534, 0.95192], F_fuse=[0.00347, 0.00286, 0.00249, 0.00219]
[ INFO : 2026-08-06 08:26:30,821 ] - Epoch 186: train==[103.83994 = 0.41402 + 0.75944 + 10.88048 + 0.00381 + 0.00000 + 0.00015 + 613.90546]
[ INFO : 2026-08-06 08:26:37,484 ] - Test_@[5, 10, 20, 50]: Recall=[0.00895, 0.01445, 0.02481, 0.05396],  precision=[0.00179, 0.00144, 0.00124, 0.00108], hit=[0.00895, 0.01445, 0.02481, 0.05396], ndcg=[0.00531, 0.00708, 0.00968, 0.01539], Train Rec Loss=[0.05528], Eval Rec Loss=[0.05479], c=[0.50000], F=[0.81912, 0.87961, 0.92384, 0.95197], F_fuse=[0.00357, 0.00288, 0.00248, 0.00216]
[ INFO : 2026-08-06 08:28:00,281 ] - Epoch 187: train==[103.80527 = 0.41390 + 0.75877 + 10.84638 + 0.00385 + 0.00000 + 0.00015 + 613.90484]
[ INFO : 2026-08-06 08:28:06,943 ] - Test_@[5, 10, 20, 50]: Recall=[0.00895, 0.01381, 0.02481, 0.05511],  precision=[0.00179, 0.00138, 0.00124, 0.00110], hit=[0.00895, 0.01381, 0.02481, 0.05511], ndcg=[0.00511, 0.00669, 0.00943, 0.01537], Train Rec Loss=[0.05555], Eval Rec Loss=[0.05529], c=[0.50000], F=[0.81641, 0.87876, 0.92507, 0.95226], F_fuse=[0.00357, 0.00276, 0.00248, 0.00220]
[ INFO : 2026-08-06 08:29:29,489 ] - Epoch 188: train==[103.81834 = 0.40747 + 0.75738 + 10.86645 + 0.00383 + 0.00000 + 0.00015 + 613.90677]
[ INFO : 2026-08-06 08:29:36,199 ] - Test_@[5, 10, 20, 50]: Recall=[0.00908, 0.01368, 0.02429, 0.05434],  precision=[0.00182, 0.00137, 0.00121, 0.00109], hit=[0.00908, 0.01368, 0.02429, 0.05434], ndcg=[0.00519, 0.00666, 0.00933, 0.01526], Train Rec Loss=[0.05533], Eval Rec Loss=[0.05566], c=[0.50000], F=[0.81657, 0.87843, 0.92497, 0.95095], F_fuse=[0.00362, 0.00273, 0.00243, 0.00217]
[ INFO : 2026-08-06 08:30:58,361 ] - Epoch 189: train==[103.80222 = 0.40703 + 0.75609 + 10.85233 + 0.00384 + 0.00000 + 0.00015 + 613.90144]
[ INFO : 2026-08-06 08:31:05,041 ] - Test_@[5, 10, 20, 50]: Recall=[0.00844, 0.01419, 0.02404, 0.05485],  precision=[0.00169, 0.00142, 0.00120, 0.00110], hit=[0.00844, 0.01419, 0.02404, 0.05485], ndcg=[0.00503, 0.00688, 0.00935, 0.01540], Train Rec Loss=[0.05563], Eval Rec Loss=[0.05512], c=[0.50000], F=[0.81401, 0.87649, 0.92535, 0.95176], F_fuse=[0.00337, 0.00283, 0.00240, 0.00219]
[ INFO : 2026-08-06 08:32:27,599 ] - Epoch 190: train==[103.70758 = 0.41028 + 0.75491 + 10.75479 + 0.00390 + 0.00000 + 0.00015 + 613.90335]
[ INFO : 2026-08-06 08:32:34,238 ] - Test_@[5, 10, 20, 50]: Recall=[0.00831, 0.01343, 0.02532, 0.05447],  precision=[0.00166, 0.00134, 0.00127, 0.00109], hit=[0.00831, 0.01343, 0.02532, 0.05447], ndcg=[0.00498, 0.00662, 0.00960, 0.01531], Train Rec Loss=[0.05580], Eval Rec Loss=[0.05550], c=[0.50000], F=[0.81468, 0.87908, 0.92437, 0.95060], F_fuse=[0.00332, 0.00268, 0.00253, 0.00218]
[ INFO : 2026-08-06 08:33:57,024 ] - Epoch 191: train==[103.75232 = 0.40806 + 0.75367 + 10.80224 + 0.00388 + 0.00000 + 0.00014 + 613.90528]
[ INFO : 2026-08-06 08:34:03,699 ] - Test_@[5, 10, 20, 50]: Recall=[0.00844, 0.01432, 0.02557, 0.05383],  precision=[0.00169, 0.00143, 0.00128, 0.00108], hit=[0.00844, 0.01432, 0.02557, 0.05383], ndcg=[0.00472, 0.00661, 0.00941, 0.01497], Train Rec Loss=[0.05597], Eval Rec Loss=[0.05640], c=[0.50000], F=[0.81347, 0.87781, 0.92634, 0.95206], F_fuse=[0.00337, 0.00286, 0.00255, 0.00215]
[ INFO : 2026-08-06 08:35:26,185 ] - Epoch 192: train==[103.66320 = 0.40494 + 0.75243 + 10.71701 + 0.00389 + 0.00000 + 0.00015 + 613.90501]
[ INFO : 2026-08-06 08:35:32,825 ] - Test_@[5, 10, 20, 50]: Recall=[0.00844, 0.01330, 0.02429, 0.05472],  precision=[0.00169, 0.00133, 0.00121, 0.00109], hit=[0.00844, 0.01330, 0.02429, 0.05472], ndcg=[0.00499, 0.00655, 0.00930, 0.01527], Train Rec Loss=[0.05599], Eval Rec Loss=[0.05586], c=[0.50000], F=[0.82203, 0.88055, 0.92456, 0.95072], F_fuse=[0.00337, 0.00266, 0.00243, 0.00219]
[ INFO : 2026-08-06 08:36:56,256 ] - Epoch 193: train==[103.62088 = 0.40762 + 0.75085 + 10.67303 + 0.00391 + 0.00000 + 0.00015 + 613.90443]
[ INFO : 2026-08-06 08:37:02,974 ] - Test_@[5, 10, 20, 50]: Recall=[0.00869, 0.01394, 0.02455, 0.05613],  precision=[0.00174, 0.00139, 0.00123, 0.00112], hit=[0.00869, 0.01394, 0.02455, 0.05613], ndcg=[0.00504, 0.00672, 0.00937, 0.01559], Train Rec Loss=[0.05580], Eval Rec Loss=[0.05602], c=[0.50000], F=[0.81685, 0.87926, 0.92536, 0.95196], F_fuse=[0.00347, 0.00278, 0.00245, 0.00224]
[ INFO : 2026-08-06 08:38:25,380 ] - Epoch 194: train==[103.70050 = 0.40394 + 0.74987 + 10.75566 + 0.00391 + 0.00000 + 0.00015 + 613.91282]
[ INFO : 2026-08-06 08:38:32,065 ] - Test_@[5, 10, 20, 50]: Recall=[0.00831, 0.01330, 0.02404, 0.05472],  precision=[0.00166, 0.00133, 0.00120, 0.00109], hit=[0.00831, 0.01330, 0.02404, 0.05472], ndcg=[0.00485, 0.00645, 0.00912, 0.01515], Train Rec Loss=[0.05581], Eval Rec Loss=[0.05601], c=[0.50000], F=[0.81708, 0.87999, 0.92385, 0.94961], F_fuse=[0.00332, 0.00266, 0.00240, 0.00219]
[ INFO : 2026-08-06 08:39:55,267 ] - Epoch 195: train==[103.61636 = 0.40292 + 0.74832 + 10.67423 + 0.00390 + 0.00000 + 0.00014 + 613.90774]
[ INFO : 2026-08-06 08:40:01,984 ] - Test_@[5, 10, 20, 50]: Recall=[0.00806, 0.01368, 0.02404, 0.05472],  precision=[0.00161, 0.00137, 0.00120, 0.00109], hit=[0.00806, 0.01368, 0.02404, 0.05472], ndcg=[0.00463, 0.00645, 0.00904, 0.01506], Train Rec Loss=[0.05623], Eval Rec Loss=[0.05635], c=[0.50000], F=[0.80621, 0.87487, 0.92378, 0.95116], F_fuse=[0.00322, 0.00273, 0.00240, 0.00219]
[ INFO : 2026-08-06 08:41:24,489 ] - Epoch 196: train==[103.57775 = 0.40113 + 0.74703 + 10.63882 + 0.00394 + 0.00000 + 0.00014 + 613.90329]
[ INFO : 2026-08-06 08:41:31,195 ] - Test_@[5, 10, 20, 50]: Recall=[0.00767, 0.01343, 0.02314, 0.05370],  precision=[0.00153, 0.00134, 0.00116, 0.00107], hit=[0.00767, 0.01343, 0.02314, 0.05370], ndcg=[0.00464, 0.00649, 0.00890, 0.01492], Train Rec Loss=[0.05596], Eval Rec Loss=[0.05633], c=[0.50000], F=[0.82229, 0.88049, 0.92387, 0.94901], F_fuse=[0.00306, 0.00268, 0.00231, 0.00215]
[ INFO : 2026-08-06 08:42:53,533 ] - Epoch 197: train==[103.57039 = 0.40295 + 0.74557 + 10.63015 + 0.00391 + 0.00000 + 0.00014 + 613.90596]
[ INFO : 2026-08-06 08:43:00,215 ] - Test_@[5, 10, 20, 50]: Recall=[0.00857, 0.01343, 0.02314, 0.05434],  precision=[0.00171, 0.00134, 0.00116, 0.00109], hit=[0.00857, 0.01343, 0.02314, 0.05434], ndcg=[0.00515, 0.00671, 0.00913, 0.01525], Train Rec Loss=[0.05651], Eval Rec Loss=[0.05690], c=[0.50000], F=[0.82126, 0.87868, 0.92359, 0.94955], F_fuse=[0.00342, 0.00268, 0.00231, 0.00217]
[ INFO : 2026-08-06 08:44:22,470 ] - Epoch 198: train==[103.48600 = 0.40159 + 0.74435 + 10.54815 + 0.00396 + 0.00000 + 0.00014 + 613.90357]
[ INFO : 2026-08-06 08:44:29,175 ] - Test_@[5, 10, 20, 50]: Recall=[0.00933, 0.01496, 0.02532, 0.05396],  precision=[0.00187, 0.00150, 0.00127, 0.00108], hit=[0.00933, 0.01496, 0.02532, 0.05396], ndcg=[0.00537, 0.00714, 0.00971, 0.01533], Train Rec Loss=[0.05677], Eval Rec Loss=[0.05645], c=[0.50000], F=[0.81695, 0.87939, 0.92404, 0.95027], F_fuse=[0.00373, 0.00299, 0.00253, 0.00216]
[ INFO : 2026-08-06 08:45:50,723 ] - Epoch 199: train==[103.50580 = 0.40194 + 0.74304 + 10.56821 + 0.00393 + 0.00000 + 0.00014 + 613.90503]
[ INFO : 2026-08-06 08:45:57,371 ] - Test_@[5, 10, 20, 50]: Recall=[0.00857, 0.01406, 0.02544, 0.05498],  precision=[0.00171, 0.00141, 0.00127, 0.00110], hit=[0.00857, 0.01406, 0.02544, 0.05498], ndcg=[0.00512, 0.00686, 0.00969, 0.01548], Train Rec Loss=[0.05690], Eval Rec Loss=[0.05668], c=[0.50000], F=[0.81344, 0.87693, 0.92408, 0.95110], F_fuse=[0.00342, 0.00281, 0.00254, 0.00220]
[ INFO : 2026-08-06 08:47:18,864 ] - Epoch 200: train==[103.46524 = 0.40630 + 0.74210 + 10.52385 + 0.00396 + 0.00000 + 0.00014 + 613.90479]
[ INFO : 2026-08-06 08:47:25,514 ] - Test_@[5, 10, 20, 50]: Recall=[0.00831, 0.01266, 0.02404, 0.05498],  precision=[0.00166, 0.00127, 0.00120, 0.00110], hit=[0.00831, 0.01266, 0.02404, 0.05498], ndcg=[0.00478, 0.00618, 0.00902, 0.01509], Train Rec Loss=[0.05657], Eval Rec Loss=[0.05678], c=[0.50000], F=[0.82414, 0.88092, 0.92415, 0.94866], F_fuse=[0.00332, 0.00253, 0.00240, 0.00220]
[ INFO : 2026-08-06 08:48:47,744 ] - Epoch 201: train==[103.45155 = 0.40275 + 0.74084 + 10.51444 + 0.00397 + 0.00000 + 0.00014 + 613.90497]
[ INFO : 2026-08-06 08:48:54,483 ] - Test_@[5, 10, 20, 50]: Recall=[0.00857, 0.01381, 0.02378, 0.05306],  precision=[0.00171, 0.00138, 0.00119, 0.00106], hit=[0.00857, 0.01381, 0.02378, 0.05306], ndcg=[0.00535, 0.00701, 0.00950, 0.01526], Train Rec Loss=[0.05680], Eval Rec Loss=[0.05725], c=[0.50000], F=[0.81078, 0.87469, 0.92236, 0.94979], F_fuse=[0.00342, 0.00276, 0.00238, 0.00212]
[ INFO : 2026-08-06 08:50:16,539 ] - Epoch 202: train==[103.42135 = 0.39819 + 0.73943 + 10.48873 + 0.00399 + 0.00000 + 0.00014 + 613.91082]
[ INFO : 2026-08-06 08:50:23,206 ] - Test_@[5, 10, 20, 50]: Recall=[0.00831, 0.01381, 0.02378, 0.05306],  precision=[0.00166, 0.00138, 0.00119, 0.00106], hit=[0.00831, 0.01381, 0.02378, 0.05306], ndcg=[0.00505, 0.00680, 0.00930, 0.01508], Train Rec Loss=[0.05710], Eval Rec Loss=[0.05691], c=[0.50000], F=[0.81737, 0.87699, 0.92178, 0.94985], F_fuse=[0.00332, 0.00276, 0.00238, 0.00212]
[ INFO : 2026-08-06 08:51:45,060 ] - Epoch 203: train==[103.30752 = 0.39919 + 0.73809 + 10.37527 + 0.00400 + 0.00000 + 0.00015 + 613.90699]
[ INFO : 2026-08-06 08:51:51,730 ] - Test_@[5, 10, 20, 50]: Recall=[0.00806, 0.01394, 0.02455, 0.05498],  precision=[0.00161, 0.00139, 0.00123, 0.00110], hit=[0.00806, 0.01394, 0.02455, 0.05498], ndcg=[0.00477, 0.00663, 0.00927, 0.01524], Train Rec Loss=[0.05724], Eval Rec Loss=[0.05716], c=[0.50000], F=[0.81491, 0.87675, 0.92215, 0.94911], F_fuse=[0.00322, 0.00278, 0.00245, 0.00220]
[ INFO : 2026-08-06 08:53:14,433 ] - Epoch 204: train==[103.39714 = 0.39833 + 0.73644 + 10.46701 + 0.00399 + 0.00000 + 0.00014 + 613.90533]
[ INFO : 2026-08-06 08:53:21,171 ] - Test_@[5, 10, 20, 50]: Recall=[0.00844, 0.01330, 0.02327, 0.05409],  precision=[0.00169, 0.00133, 0.00116, 0.00108], hit=[0.00844, 0.01330, 0.02327, 0.05409], ndcg=[0.00497, 0.00653, 0.00901, 0.01505], Train Rec Loss=[0.05711], Eval Rec Loss=[0.05713], c=[0.50000], F=[0.82289, 0.87970, 0.92357, 0.94881], F_fuse=[0.00337, 0.00266, 0.00232, 0.00216]
[ INFO : 2026-08-06 08:54:43,531 ] - Epoch 205: train==[103.40610 = 0.40099 + 0.73533 + 10.47382 + 0.00401 + 0.00000 + 0.00014 + 613.90620]
[ INFO : 2026-08-06 08:54:50,249 ] - Test_@[5, 10, 20, 50]: Recall=[0.00857, 0.01419, 0.02455, 0.05434],  precision=[0.00171, 0.00142, 0.00123, 0.00109], hit=[0.00857, 0.01419, 0.02455, 0.05434], ndcg=[0.00498, 0.00677, 0.00934, 0.01517], Train Rec Loss=[0.05722], Eval Rec Loss=[0.05722], c=[0.50000], F=[0.81161, 0.87509, 0.92177, 0.94914], F_fuse=[0.00342, 0.00283, 0.00245, 0.00217]
[ INFO : 2026-08-06 08:56:13,260 ] - Epoch 206: train==[103.32856 = 0.39513 + 0.73387 + 10.40293 + 0.00404 + 0.00000 + 0.00014 + 613.90671]
[ INFO : 2026-08-06 08:56:19,954 ] - Test_@[5, 10, 20, 50]: Recall=[0.00831, 0.01304, 0.02429, 0.05268],  precision=[0.00166, 0.00130, 0.00121, 0.00105], hit=[0.00831, 0.01304, 0.02429, 0.05268], ndcg=[0.00491, 0.00644, 0.00926, 0.01483], Train Rec Loss=[0.05743], Eval Rec Loss=[0.05754], c=[0.50000], F=[0.81628, 0.87897, 0.92297, 0.94873], F_fuse=[0.00332, 0.00260, 0.00243, 0.00210]
[ INFO : 2026-08-06 08:57:41,791 ] - Epoch 207: train==[103.29452 = 0.39358 + 0.73245 + 10.37124 + 0.00402 + 0.00000 + 0.00014 + 613.90709]
[ INFO : 2026-08-06 08:57:48,434 ] - Test_@[5, 10, 20, 50]: Recall=[0.00780, 0.01227, 0.02365, 0.05293],  precision=[0.00156, 0.00123, 0.00118, 0.00106], hit=[0.00780, 0.01227, 0.02365, 0.05293], ndcg=[0.00483, 0.00628, 0.00912, 0.01487], Train Rec Loss=[0.05716], Eval Rec Loss=[0.05732], c=[0.50000], F=[0.81781, 0.87859, 0.92139, 0.94843], F_fuse=[0.00311, 0.00245, 0.00236, 0.00212]
[ INFO : 2026-08-06 08:59:10,398 ] - Epoch 208: train==[103.32406 = 0.39521 + 0.73154 + 10.40008 + 0.00404 + 0.00000 + 0.00014 + 613.90441]
[ INFO : 2026-08-06 08:59:17,069 ] - Test_@[5, 10, 20, 50]: Recall=[0.00831, 0.01343, 0.02353, 0.05319],  precision=[0.00166, 0.00134, 0.00118, 0.00106], hit=[0.00831, 0.01343, 0.02353, 0.05319], ndcg=[0.00501, 0.00664, 0.00916, 0.01499], Train Rec Loss=[0.05748], Eval Rec Loss=[0.05735], c=[0.50000], F=[0.81433, 0.87731, 0.92214, 0.94758], F_fuse=[0.00332, 0.00268, 0.00235, 0.00213]
[ INFO : 2026-08-06 09:00:39,908 ] - Epoch 209: train==[103.36168 = 0.39558 + 0.73014 + 10.43800 + 0.00399 + 0.00000 + 0.00014 + 613.90582]
[ INFO : 2026-08-06 09:00:46,588 ] - Test_@[5, 10, 20, 50]: Recall=[0.00806, 0.01343, 0.02378, 0.05114],  precision=[0.00161, 0.00134, 0.00119, 0.00102], hit=[0.00806, 0.01343, 0.02378, 0.05114], ndcg=[0.00485, 0.00655, 0.00914, 0.01450], Train Rec Loss=[0.05799], Eval Rec Loss=[0.05797], c=[0.50000], F=[0.81276, 0.87561, 0.92190, 0.94769], F_fuse=[0.00322, 0.00268, 0.00238, 0.00204]
[ INFO : 2026-08-06 09:02:08,571 ] - Epoch 210: train==[103.16857 = 0.39456 + 0.72938 + 10.24650 + 0.00407 + 0.00000 + 0.00014 + 613.90437]
[ INFO : 2026-08-06 09:02:15,186 ] - Test_@[5, 10, 20, 50]: Recall=[0.00818, 0.01330, 0.02404, 0.05242],  precision=[0.00164, 0.00133, 0.00120, 0.00105], hit=[0.00818, 0.01330, 0.02404, 0.05242], ndcg=[0.00477, 0.00640, 0.00908, 0.01465], Train Rec Loss=[0.05803], Eval Rec Loss=[0.05836], c=[0.50000], F=[0.81311, 0.87558, 0.92147, 0.94760], F_fuse=[0.00327, 0.00266, 0.00240, 0.00209]
[ INFO : 2026-08-06 09:03:37,567 ] - Epoch 211: train==[103.19849 = 0.39237 + 0.72802 + 10.27847 + 0.00408 + 0.00000 + 0.00015 + 613.91075]
[ INFO : 2026-08-06 09:03:44,299 ] - Test_@[5, 10, 20, 50]: Recall=[0.00844, 0.01343, 0.02417, 0.05319],  precision=[0.00169, 0.00134, 0.00121, 0.00106], hit=[0.00844, 0.01343, 0.02417, 0.05319], ndcg=[0.00473, 0.00633, 0.00899, 0.01465], Train Rec Loss=[0.05815], Eval Rec Loss=[0.05810], c=[0.50000], F=[0.80743, 0.87545, 0.92265, 0.94955], F_fuse=[0.00337, 0.00268, 0.00241, 0.00213]
[ INFO : 2026-08-06 09:05:07,448 ] - Epoch 212: train==[103.20435 = 0.38984 + 0.72662 + 10.28836 + 0.00410 + 0.00000 + 0.00014 + 613.90624]
[ INFO : 2026-08-06 09:05:14,143 ] - Test_@[5, 10, 20, 50]: Recall=[0.00754, 0.01215, 0.02263, 0.05191],  precision=[0.00151, 0.00121, 0.00113, 0.00104], hit=[0.00754, 0.01215, 0.02263, 0.05191], ndcg=[0.00470, 0.00619, 0.00881, 0.01459], Train Rec Loss=[0.05826], Eval Rec Loss=[0.05847], c=[0.50000], F=[0.82369, 0.87908, 0.92209, 0.94760], F_fuse=[0.00301, 0.00243, 0.00226, 0.00207]
[ INFO : 2026-08-06 09:06:36,259 ] - Epoch 213: train==[103.13714 = 0.39151 + 0.72543 + 10.22056 + 0.00409 + 0.00000 + 0.00014 + 613.90386]
[ INFO : 2026-08-06 09:06:42,904 ] - Test_@[5, 10, 20, 50]: Recall=[0.00857, 0.01419, 0.02442, 0.05319],  precision=[0.00171, 0.00142, 0.00122, 0.00106], hit=[0.00857, 0.01419, 0.02442, 0.05319], ndcg=[0.00473, 0.00653, 0.00907, 0.01473], Train Rec Loss=[0.05838], Eval Rec Loss=[0.05876], c=[0.50000], F=[0.81551, 0.87790, 0.92264, 0.94796], F_fuse=[0.00342, 0.00283, 0.00244, 0.00213]
[ INFO : 2026-08-06 09:08:05,783 ] - Epoch 214: train==[103.18137 = 0.39087 + 0.72432 + 10.26563 + 0.00409 + 0.00000 + 0.00014 + 613.90692]
[ INFO : 2026-08-06 09:08:12,493 ] - Test_@[5, 10, 20, 50]: Recall=[0.00818, 0.01355, 0.02468, 0.05255],  precision=[0.00164, 0.00136, 0.00123, 0.00105], hit=[0.00818, 0.01355, 0.02468, 0.05255], ndcg=[0.00501, 0.00672, 0.00945, 0.01497], Train Rec Loss=[0.05843], Eval Rec Loss=[0.05831], c=[0.50000], F=[0.81586, 0.87964, 0.92337, 0.94833], F_fuse=[0.00327, 0.00271, 0.00246, 0.00210]
[ INFO : 2026-08-06 09:09:34,413 ] - Epoch 215: train==[103.11482 = 0.38799 + 0.72319 + 10.20214 + 0.00411 + 0.00000 + 0.00015 + 613.91008]
[ INFO : 2026-08-06 09:09:41,049 ] - Test_@[5, 10, 20, 50]: Recall=[0.00818, 0.01317, 0.02365, 0.05319],  precision=[0.00164, 0.00132, 0.00118, 0.00106], hit=[0.00818, 0.01317, 0.02365, 0.05319], ndcg=[0.00509, 0.00667, 0.00926, 0.01509], Train Rec Loss=[0.05841], Eval Rec Loss=[0.05867], c=[0.50000], F=[0.82155, 0.87889, 0.92212, 0.94822], F_fuse=[0.00327, 0.00263, 0.00236, 0.00213]
[ INFO : 2026-08-06 09:11:03,018 ] - Epoch 216: train==[103.12810 = 0.38796 + 0.72200 + 10.21667 + 0.00412 + 0.00000 + 0.00014 + 613.90668]
[ INFO : 2026-08-06 09:11:09,673 ] - Test_@[5, 10, 20, 50]: Recall=[0.00895, 0.01317, 0.02468, 0.05345],  precision=[0.00179, 0.00132, 0.00123, 0.00107], hit=[0.00895, 0.01317, 0.02468, 0.05345], ndcg=[0.00522, 0.00657, 0.00942, 0.01505], Train Rec Loss=[0.05909], Eval Rec Loss=[0.05883], c=[0.50000], F=[0.82005, 0.88092, 0.92242, 0.94791], F_fuse=[0.00357, 0.00263, 0.00246, 0.00214]
[ INFO : 2026-08-06 09:12:31,423 ] - Epoch 217: train==[103.07844 = 0.39121 + 0.72075 + 10.16478 + 0.00415 + 0.00000 + 0.00014 + 613.90472]
[ INFO : 2026-08-06 09:12:38,107 ] - Test_@[5, 10, 20, 50]: Recall=[0.00754, 0.01355, 0.02429, 0.05255],  precision=[0.00151, 0.00136, 0.00121, 0.00105], hit=[0.00754, 0.01355, 0.02429, 0.05255], ndcg=[0.00461, 0.00659, 0.00927, 0.01483], Train Rec Loss=[0.05881], Eval Rec Loss=[0.05887], c=[0.50000], F=[0.80992, 0.87504, 0.92197, 0.94915], F_fuse=[0.00301, 0.00271, 0.00243, 0.00210]
[ INFO : 2026-08-06 09:14:00,697 ] - Epoch 218: train==[103.12737 = 0.38475 + 0.71922 + 10.22038 + 0.00413 + 0.00000 + 0.00014 + 613.90951]
[ INFO : 2026-08-06 09:14:07,374 ] - Test_@[5, 10, 20, 50]: Recall=[0.00806, 0.01381, 0.02353, 0.05191],  precision=[0.00161, 0.00138, 0.00118, 0.00104], hit=[0.00806, 0.01381, 0.02353, 0.05191], ndcg=[0.00484, 0.00669, 0.00911, 0.01470], Train Rec Loss=[0.05908], Eval Rec Loss=[0.05921], c=[0.50000], F=[0.82113, 0.88087, 0.92209, 0.94644], F_fuse=[0.00322, 0.00276, 0.00235, 0.00207]
[ INFO : 2026-08-06 09:15:29,119 ] - Epoch 219: train==[103.08381 = 0.38462 + 0.71838 + 10.17757 + 0.00415 + 0.00000 + 0.00014 + 613.90863]
[ INFO : 2026-08-06 09:15:35,765 ] - Test_@[5, 10, 20, 50]: Recall=[0.00857, 0.01368, 0.02404, 0.05281],  precision=[0.00171, 0.00137, 0.00120, 0.00106], hit=[0.00857, 0.01368, 0.02404, 0.05281], ndcg=[0.00530, 0.00693, 0.00950, 0.01518], Train Rec Loss=[0.05883], Eval Rec Loss=[0.05924], c=[0.50000], F=[0.81324, 0.87924, 0.92196, 0.94724], F_fuse=[0.00342, 0.00273, 0.00240, 0.00211]
[ INFO : 2026-08-06 09:16:57,656 ] - Epoch 220: train==[103.11196 = 0.38825 + 0.71723 + 10.20181 + 0.00414 + 0.00000 + 0.00014 + 613.91513]
[ INFO : 2026-08-06 09:17:04,324 ] - Test_@[5, 10, 20, 50]: Recall=[0.00844, 0.01343, 0.02455, 0.05242],  precision=[0.00169, 0.00134, 0.00123, 0.00105], hit=[0.00844, 0.01343, 0.02455, 0.05242], ndcg=[0.00500, 0.00660, 0.00936, 0.01485], Train Rec Loss=[0.05930], Eval Rec Loss=[0.05912], c=[0.50000], F=[0.81915, 0.88029, 0.92279, 0.94736], F_fuse=[0.00337, 0.00268, 0.00245, 0.00209]
[ INFO : 2026-08-06 09:18:26,698 ] - Epoch 221: train==[103.03034 = 0.38815 + 0.71603 + 10.12214 + 0.00416 + 0.00000 + 0.00014 + 613.90751]
[ INFO : 2026-08-06 09:18:33,353 ] - Test_@[5, 10, 20, 50]: Recall=[0.00754, 0.01291, 0.02442, 0.05140],  precision=[0.00151, 0.00129, 0.00122, 0.00103], hit=[0.00754, 0.01291, 0.02442, 0.05140], ndcg=[0.00462, 0.00633, 0.00918, 0.01446], Train Rec Loss=[0.05944], Eval Rec Loss=[0.05942], c=[0.50000], F=[0.81711, 0.87900, 0.92188, 0.94773], F_fuse=[0.00301, 0.00258, 0.00244, 0.00205]
[ INFO : 2026-08-06 09:19:55,599 ] - Epoch 222: train==[102.93751 = 0.38862 + 0.71486 + 10.02953 + 0.00421 + 0.00000 + 0.00014 + 613.90731]
[ INFO : 2026-08-06 09:20:02,260 ] - Test_@[5, 10, 20, 50]: Recall=[0.00831, 0.01355, 0.02481, 0.05166],  precision=[0.00166, 0.00136, 0.00124, 0.00103], hit=[0.00831, 0.01355, 0.02481, 0.05166], ndcg=[0.00494, 0.00662, 0.00939, 0.01465], Train Rec Loss=[0.05933], Eval Rec Loss=[0.06011], c=[0.50000], F=[0.81449, 0.87779, 0.92103, 0.94707], F_fuse=[0.00332, 0.00271, 0.00248, 0.00206]
[ INFO : 2026-08-06 09:21:23,977 ] - Epoch 223: train==[103.01907 = 0.38080 + 0.71392 + 10.11976 + 0.00423 + 0.00000 + 0.00014 + 613.90520]
[ INFO : 2026-08-06 09:21:30,658 ] - Test_@[5, 10, 20, 50]: Recall=[0.00754, 0.01330, 0.02404, 0.05178],  precision=[0.00151, 0.00133, 0.00120, 0.00104], hit=[0.00754, 0.01330, 0.02404, 0.05178], ndcg=[0.00472, 0.00656, 0.00923, 0.01473], Train Rec Loss=[0.05955], Eval Rec Loss=[0.05986], c=[0.50000], F=[0.81852, 0.87842, 0.92099, 0.94668], F_fuse=[0.00301, 0.00266, 0.00240, 0.00207]
[ INFO : 2026-08-06 09:22:53,254 ] - Epoch 224: train==[102.94184 = 0.38437 + 0.71273 + 10.03936 + 0.00422 + 0.00000 + 0.00014 + 613.90736]
[ INFO : 2026-08-06 09:22:59,923 ] - Test_@[5, 10, 20, 50]: Recall=[0.00678, 0.01227, 0.02455, 0.05012],  precision=[0.00136, 0.00123, 0.00123, 0.00100], hit=[0.00678, 0.01227, 0.02455, 0.05012], ndcg=[0.00423, 0.00599, 0.00904, 0.01408], Train Rec Loss=[0.05977], Eval Rec Loss=[0.05991], c=[0.50000], F=[0.81736, 0.87737, 0.91981, 0.94663], F_fuse=[0.00271, 0.00245, 0.00245, 0.00200]
[ INFO : 2026-08-06 09:24:22,721 ] - Epoch 225: train==[102.97718 = 0.37966 + 0.71134 + 10.08029 + 0.00421 + 0.00000 + 0.00014 + 613.90709]
[ INFO : 2026-08-06 09:24:29,414 ] - Test_@[5, 10, 20, 50]: Recall=[0.00754, 0.01330, 0.02353, 0.05063],  precision=[0.00151, 0.00133, 0.00118, 0.00101], hit=[0.00754, 0.01330, 0.02353, 0.05063], ndcg=[0.00460, 0.00647, 0.00900, 0.01433], Train Rec Loss=[0.06006], Eval Rec Loss=[0.05985], c=[0.50000], F=[0.81190, 0.87616, 0.92017, 0.94704], F_fuse=[0.00301, 0.00266, 0.00235, 0.00202]
[ INFO : 2026-08-06 09:26:06,236 ] - Epoch 226: train==[102.93502 = 0.38209 + 0.71050 + 10.03550 + 0.00423 + 0.00000 + 0.00014 + 613.91175]
[ INFO : 2026-08-06 09:26:12,941 ] - Test_@[5, 10, 20, 50]: Recall=[0.00844, 0.01470, 0.02506, 0.05166],  precision=[0.00169, 0.00147, 0.00125, 0.00103], hit=[0.00844, 0.01470, 0.02506, 0.05166], ndcg=[0.00505, 0.00706, 0.00960, 0.01482], Train Rec Loss=[0.06040], Eval Rec Loss=[0.06024], c=[0.50000], F=[0.81158, 0.87750, 0.92261, 0.94823], F_fuse=[0.00337, 0.00294, 0.00250, 0.00206]
[ INFO : 2026-08-06 09:27:35,431 ] - Epoch 227: train==[102.91668 = 0.38090 + 0.70934 + 10.01755 + 0.00421 + 0.00000 + 0.00015 + 613.92180]
[ INFO : 2026-08-06 09:27:42,106 ] - Test_@[5, 10, 20, 50]: Recall=[0.00882, 0.01317, 0.02327, 0.04987],  precision=[0.00176, 0.00132, 0.00116, 0.00100], hit=[0.00882, 0.01317, 0.02327, 0.04987], ndcg=[0.00515, 0.00653, 0.00904, 0.01430], Train Rec Loss=[0.05976], Eval Rec Loss=[0.06038], c=[0.50000], F=[0.82232, 0.87853, 0.92104, 0.94529], F_fuse=[0.00352, 0.00263, 0.00232, 0.00199]
[ INFO : 2026-08-06 09:29:04,479 ] - Epoch 228: train==[102.88628 = 0.38127 + 0.70807 + 9.98991 + 0.00423 + 0.00000 + 0.00014 + 613.90586]
[ INFO : 2026-08-06 09:29:11,150 ] - Test_@[5, 10, 20, 50]: Recall=[0.00818, 0.01419, 0.02442, 0.05268],  precision=[0.00164, 0.00142, 0.00122, 0.00105], hit=[0.00818, 0.01419, 0.02442, 0.05268], ndcg=[0.00506, 0.00696, 0.00950, 0.01507], Train Rec Loss=[0.06043], Eval Rec Loss=[0.06031], c=[0.50000], F=[0.81772, 0.87708, 0.92187, 0.94798], F_fuse=[0.00327, 0.00283, 0.00244, 0.00210]
[ INFO : 2026-08-06 09:30:33,842 ] - Epoch 229: train==[102.86100 = 0.37841 + 0.70683 + 9.96779 + 0.00428 + 0.00000 + 0.00014 + 613.90848]
[ INFO : 2026-08-06 09:30:40,555 ] - Test_@[5, 10, 20, 50]: Recall=[0.00780, 0.01419, 0.02429, 0.05051],  precision=[0.00156, 0.00142, 0.00121, 0.00101], hit=[0.00780, 0.01419, 0.02429, 0.05051], ndcg=[0.00480, 0.00686, 0.00936, 0.01458], Train Rec Loss=[0.06050], Eval Rec Loss=[0.06050], c=[0.50000], F=[0.81273, 0.87705, 0.92074, 0.94772], F_fuse=[0.00311, 0.00283, 0.00243, 0.00202]
[ INFO : 2026-08-06 09:32:02,492 ] - Epoch 230: train==[102.87316 = 0.37939 + 0.70578 + 9.97917 + 0.00430 + 0.00000 + 0.00014 + 613.91124]
[ INFO : 2026-08-06 09:32:09,137 ] - Test_@[5, 10, 20, 50]: Recall=[0.00818, 0.01266, 0.02314, 0.04987],  precision=[0.00164, 0.00127, 0.00116, 0.00100], hit=[0.00818, 0.01266, 0.02314, 0.04987], ndcg=[0.00490, 0.00634, 0.00894, 0.01421], Train Rec Loss=[0.06032], Eval Rec Loss=[0.06067], c=[0.50000], F=[0.82002, 0.87826, 0.91991, 0.94626], F_fuse=[0.00327, 0.00253, 0.00231, 0.00199]
[ INFO : 2026-08-06 09:33:31,144 ] - Epoch 231: train==[102.83877 = 0.37776 + 0.70470 + 9.94795 + 0.00428 + 0.00000 + 0.00014 + 613.90543]
[ INFO : 2026-08-06 09:33:37,812 ] - Test_@[5, 10, 20, 50]: Recall=[0.00742, 0.01317, 0.02455, 0.05166],  precision=[0.00148, 0.00132, 0.00123, 0.00103], hit=[0.00742, 0.01317, 0.02455, 0.05166], ndcg=[0.00459, 0.00641, 0.00924, 0.01456], Train Rec Loss=[0.06063], Eval Rec Loss=[0.06114], c=[0.50000], F=[0.81736, 0.87732, 0.92045, 0.94664], F_fuse=[0.00296, 0.00263, 0.00245, 0.00206]
[ INFO : 2026-08-06 09:35:00,550 ] - Epoch 232: train==[102.81951 = 0.38043 + 0.70363 + 9.92603 + 0.00430 + 0.00000 + 0.00014 + 613.90953]
[ INFO : 2026-08-06 09:35:07,272 ] - Test_@[5, 10, 20, 50]: Recall=[0.00767, 0.01279, 0.02289, 0.04999],  precision=[0.00153, 0.00128, 0.00114, 0.00100], hit=[0.00767, 0.01279, 0.02289, 0.04999], ndcg=[0.00456, 0.00623, 0.00872, 0.01407], Train Rec Loss=[0.06088], Eval Rec Loss=[0.06080], c=[0.50000], F=[0.81471, 0.87615, 0.91937, 0.94511], F_fuse=[0.00306, 0.00255, 0.00229, 0.00200]
[ INFO : 2026-08-06 09:36:29,344 ] - Epoch 233: train==[102.79000 = 0.37736 + 0.70284 + 9.90022 + 0.00427 + 0.00000 + 0.00014 + 613.90871]
[ INFO : 2026-08-06 09:36:36,027 ] - Test_@[5, 10, 20, 50]: Recall=[0.00767, 0.01394, 0.02340, 0.05038],  precision=[0.00153, 0.00139, 0.00117, 0.00101], hit=[0.00767, 0.01394, 0.02340, 0.05038], ndcg=[0.00460, 0.00661, 0.00894, 0.01426], Train Rec Loss=[0.06093], Eval Rec Loss=[0.06122], c=[0.50000], F=[0.81324, 0.87510, 0.91881, 0.94686], F_fuse=[0.00306, 0.00278, 0.00234, 0.00201]
[ INFO : 2026-08-06 09:37:58,387 ] - Epoch 234: train==[102.79487 = 0.37458 + 0.70156 + 9.90814 + 0.00430 + 0.00000 + 0.00014 + 613.91182]
[ INFO : 2026-08-06 09:38:05,027 ] - Test_@[5, 10, 20, 50]: Recall=[0.00716, 0.01317, 0.02391, 0.05063],  precision=[0.00143, 0.00132, 0.00120, 0.00101], hit=[0.00716, 0.01317, 0.02391, 0.05063], ndcg=[0.00440, 0.00631, 0.00896, 0.01420], Train Rec Loss=[0.06089], Eval Rec Loss=[0.06131], c=[0.50000], F=[0.82072, 0.87876, 0.91992, 0.94563], F_fuse=[0.00286, 0.00263, 0.00239, 0.00202]
[ INFO : 2026-08-06 09:39:27,581 ] - Epoch 235: train==[102.80777 = 0.38082 + 0.70060 + 9.91638 + 0.00431 + 0.00000 + 0.00014 + 613.90502]
[ INFO : 2026-08-06 09:39:34,223 ] - Test_@[5, 10, 20, 50]: Recall=[0.00690, 0.01368, 0.02506, 0.05051],  precision=[0.00138, 0.00137, 0.00125, 0.00101], hit=[0.00690, 0.01368, 0.02506, 0.05051], ndcg=[0.00443, 0.00660, 0.00940, 0.01440], Train Rec Loss=[0.06158], Eval Rec Loss=[0.06137], c=[0.50000], F=[0.81561, 0.87590, 0.92000, 0.94696], F_fuse=[0.00276, 0.00273, 0.00250, 0.00202]
[ INFO : 2026-08-06 09:40:56,561 ] - Epoch 236: train==[102.74192 = 0.37160 + 0.69917 + 9.85824 + 0.00430 + 0.00000 + 0.00014 + 613.92085]
[ INFO : 2026-08-06 09:41:03,246 ] - Test_@[5, 10, 20, 50]: Recall=[0.00742, 0.01240, 0.02442, 0.04897],  precision=[0.00148, 0.00124, 0.00122, 0.00098], hit=[0.00742, 0.01240, 0.02442, 0.04897], ndcg=[0.00464, 0.00625, 0.00919, 0.01401], Train Rec Loss=[0.06175], Eval Rec Loss=[0.06121], c=[0.50000], F=[0.81685, 0.87462, 0.91786, 0.94390], F_fuse=[0.00296, 0.00248, 0.00244, 0.00196]
[ INFO : 2026-08-06 09:42:26,444 ] - Epoch 237: train==[102.69877 = 0.37317 + 0.69814 + 9.81636 + 0.00436 + 0.00000 + 0.00014 + 613.90562]
[ INFO : 2026-08-06 09:42:33,169 ] - Test_@[5, 10, 20, 50]: Recall=[0.00754, 0.01317, 0.02391, 0.05025],  precision=[0.00151, 0.00132, 0.00120, 0.00100], hit=[0.00754, 0.01317, 0.02391, 0.05025], ndcg=[0.00439, 0.00620, 0.00887, 0.01408], Train Rec Loss=[0.06163], Eval Rec Loss=[0.06144], c=[0.50000], F=[0.80669, 0.87513, 0.91971, 0.94623], F_fuse=[0.00301, 0.00263, 0.00239, 0.00201]
[ INFO : 2026-08-06 09:43:54,932 ] - Epoch 238: train==[102.71969 = 0.37450 + 0.69697 + 9.83546 + 0.00435 + 0.00000 + 0.00014 + 613.91365]
[ INFO : 2026-08-06 09:44:01,599 ] - Test_@[5, 10, 20, 50]: Recall=[0.00793, 0.01343, 0.02429, 0.04782],  precision=[0.00159, 0.00134, 0.00121, 0.00096], hit=[0.00793, 0.01343, 0.02429, 0.04782], ndcg=[0.00506, 0.00681, 0.00950, 0.01411], Train Rec Loss=[0.06196], Eval Rec Loss=[0.06188], c=[0.50000], F=[0.82280, 0.87801, 0.91891, 0.94568], F_fuse=[0.00316, 0.00268, 0.00243, 0.00191]
[ INFO : 2026-08-06 09:45:23,669 ] - Epoch 239: train==[102.70775 = 0.37191 + 0.69600 + 9.82776 + 0.00435 + 0.00000 + 0.00014 + 613.90659]
[ INFO : 2026-08-06 09:45:30,314 ] - Test_@[5, 10, 20, 50]: Recall=[0.00690, 0.01343, 0.02417, 0.05012],  precision=[0.00138, 0.00134, 0.00121, 0.00100], hit=[0.00690, 0.01343, 0.02417, 0.05012], ndcg=[0.00435, 0.00645, 0.00908, 0.01420], Train Rec Loss=[0.06139], Eval Rec Loss=[0.06141], c=[0.50000], F=[0.81615, 0.87820, 0.92084, 0.94614], F_fuse=[0.00276, 0.00268, 0.00241, 0.00200]
[ INFO : 2026-08-06 09:46:51,827 ] - Epoch 240: train==[102.66686 = 0.36865 + 0.69456 + 9.79092 + 0.00437 + 0.00000 + 0.00014 + 613.90695]
[ INFO : 2026-08-06 09:46:58,471 ] - Test_@[5, 10, 20, 50]: Recall=[0.00703, 0.01253, 0.02404, 0.05102],  precision=[0.00141, 0.00125, 0.00120, 0.00102], hit=[0.00703, 0.01253, 0.02404, 0.05102], ndcg=[0.00411, 0.00590, 0.00876, 0.01404], Train Rec Loss=[0.06210], Eval Rec Loss=[0.06144], c=[0.50000], F=[0.81650, 0.87601, 0.91886, 0.94642], F_fuse=[0.00281, 0.00250, 0.00240, 0.00204]
[ INFO : 2026-08-06 09:48:20,757 ] - Epoch 241: train==[102.63501 = 0.37672 + 0.69371 + 9.75152 + 0.00439 + 0.00000 + 0.00014 + 613.90671]
[ INFO : 2026-08-06 09:48:27,416 ] - Test_@[5, 10, 20, 50]: Recall=[0.00793, 0.01304, 0.02468, 0.05051],  precision=[0.00159, 0.00130, 0.00123, 0.00101], hit=[0.00793, 0.01304, 0.02468, 0.05051], ndcg=[0.00475, 0.00636, 0.00924, 0.01431], Train Rec Loss=[0.06231], Eval Rec Loss=[0.06263], c=[0.50000], F=[0.81740, 0.87833, 0.92003, 0.94605], F_fuse=[0.00316, 0.00260, 0.00246, 0.00202]
[ INFO : 2026-08-06 09:49:50,155 ] - Epoch 242: train==[102.61828 = 0.37363 + 0.69249 + 9.73819 + 0.00440 + 0.00000 + 0.00014 + 613.90946]
[ INFO : 2026-08-06 09:49:56,858 ] - Test_@[5, 10, 20, 50]: Recall=[0.00729, 0.01215, 0.02493, 0.04923],  precision=[0.00146, 0.00121, 0.00125, 0.00098], hit=[0.00729, 0.01215, 0.02493, 0.04923], ndcg=[0.00443, 0.00600, 0.00918, 0.01396], Train Rec Loss=[0.06276], Eval Rec Loss=[0.06254], c=[0.50000], F=[0.82113, 0.87922, 0.91964, 0.94541], F_fuse=[0.00291, 0.00243, 0.00249, 0.00197]
[ INFO : 2026-08-06 09:51:19,666 ] - Epoch 243: train==[102.62472 = 0.36957 + 0.69130 + 9.74922 + 0.00441 + 0.00000 + 0.00014 + 613.91060]
[ INFO : 2026-08-06 09:51:26,365 ] - Test_@[5, 10, 20, 50]: Recall=[0.00806, 0.01304, 0.02481, 0.04961],  precision=[0.00161, 0.00130, 0.00124, 0.00099], hit=[0.00806, 0.01304, 0.02481, 0.04961], ndcg=[0.00488, 0.00649, 0.00939, 0.01425], Train Rec Loss=[0.06250], Eval Rec Loss=[0.06276], c=[0.50000], F=[0.81848, 0.87847, 0.91985, 0.94609], F_fuse=[0.00322, 0.00260, 0.00248, 0.00198]
[ INFO : 2026-08-06 09:52:48,094 ] - Epoch 244: train==[102.71314 = 0.37349 + 0.69030 + 9.83434 + 0.00439 + 0.00000 + 0.00014 + 613.91065]
[ INFO : 2026-08-06 09:52:54,726 ] - Test_@[5, 10, 20, 50]: Recall=[0.00690, 0.01330, 0.02506, 0.04948],  precision=[0.00138, 0.00133, 0.00125, 0.00099], hit=[0.00690, 0.01330, 0.02506, 0.04948], ndcg=[0.00437, 0.00643, 0.00933, 0.01413], Train Rec Loss=[0.06254], Eval Rec Loss=[0.06206], c=[0.50000], F=[0.81733, 0.87764, 0.91873, 0.94546], F_fuse=[0.00276, 0.00266, 0.00250, 0.00198]
[ INFO : 2026-08-06 09:54:16,839 ] - Epoch 245: train==[102.65510 = 0.37302 + 0.68944 + 9.77724 + 0.00441 + 0.00000 + 0.00014 + 613.91080]
[ INFO : 2026-08-06 09:54:23,520 ] - Test_@[5, 10, 20, 50]: Recall=[0.00754, 0.01291, 0.02391, 0.04974],  precision=[0.00151, 0.00129, 0.00120, 0.00099], hit=[0.00754, 0.01291, 0.02391, 0.04974], ndcg=[0.00437, 0.00607, 0.00879, 0.01387], Train Rec Loss=[0.06268], Eval Rec Loss=[0.06230], c=[0.50000], F=[0.81724, 0.87868, 0.91929, 0.94419], F_fuse=[0.00301, 0.00258, 0.00239, 0.00199]
[ INFO : 2026-08-06 09:55:45,710 ] - Epoch 246: train==[102.59893 = 0.37054 + 0.68838 + 9.72466 + 0.00446 + 0.00000 + 0.00014 + 613.90733]
[ INFO : 2026-08-06 09:55:52,366 ] - Test_@[5, 10, 20, 50]: Recall=[0.00716, 0.01291, 0.02468, 0.04808],  precision=[0.00143, 0.00129, 0.00123, 0.00096], hit=[0.00716, 0.01291, 0.02468, 0.04808], ndcg=[0.00437, 0.00622, 0.00915, 0.01375], Train Rec Loss=[0.06259], Eval Rec Loss=[0.06160], c=[0.50000], F=[0.81727, 0.87881, 0.91885, 0.94472], F_fuse=[0.00286, 0.00258, 0.00246, 0.00192]
[ INFO : 2026-08-06 09:57:15,537 ] - Epoch 247: train==[102.54789 = 0.36588 + 0.68716 + 9.67879 + 0.00446 + 0.00000 + 0.00014 + 613.90879]
[ INFO : 2026-08-06 09:57:22,252 ] - Test_@[5, 10, 20, 50]: Recall=[0.00627, 0.01202, 0.02442, 0.05012],  precision=[0.00125, 0.00120, 0.00122, 0.00100], hit=[0.00627, 0.01202, 0.02442, 0.05012], ndcg=[0.00379, 0.00564, 0.00872, 0.01378], Train Rec Loss=[0.06292], Eval Rec Loss=[0.06259], c=[0.50000], F=[0.81519, 0.87651, 0.91849, 0.94551], F_fuse=[0.00250, 0.00240, 0.00244, 0.00200]
[ INFO : 2026-08-06 09:58:45,030 ] - Epoch 248: train==[102.55217 = 0.36449 + 0.68609 + 9.68531 + 0.00446 + 0.00000 + 0.00013 + 613.90744]
[ INFO : 2026-08-06 09:58:51,694 ] - Test_@[5, 10, 20, 50]: Recall=[0.00678, 0.01330, 0.02365, 0.04961],  precision=[0.00136, 0.00133, 0.00118, 0.00099], hit=[0.00678, 0.01330, 0.02365, 0.04961], ndcg=[0.00436, 0.00643, 0.00898, 0.01411], Train Rec Loss=[0.06268], Eval Rec Loss=[0.06273], c=[0.50000], F=[0.81858, 0.87919, 0.91981, 0.94465], F_fuse=[0.00271, 0.00266, 0.00236, 0.00198]
[ INFO : 2026-08-06 10:00:14,353 ] - Epoch 249: train==[102.51623 = 0.36421 + 0.68479 + 9.65031 + 0.00448 + 0.00000 + 0.00014 + 613.90816]
[ INFO : 2026-08-06 10:00:21,097 ] - Test_@[5, 10, 20, 50]: Recall=[0.00652, 0.01240, 0.02327, 0.04910],  precision=[0.00130, 0.00124, 0.00116, 0.00098], hit=[0.00652, 0.01240, 0.02327, 0.04910], ndcg=[0.00400, 0.00586, 0.00857, 0.01367], Train Rec Loss=[0.06307], Eval Rec Loss=[0.06297], c=[0.50000], F=[0.81299, 0.87614, 0.91781, 0.94534], F_fuse=[0.00260, 0.00248, 0.00232, 0.00196]
[ INFO : 2026-08-06 10:01:44,407 ] - Epoch 250: train==[102.54420 = 0.36441 + 0.68369 + 9.67783 + 0.00447 + 0.00000 + 0.00014 + 613.91418]
[ INFO : 2026-08-06 10:01:51,097 ] - Test_@[5, 10, 20, 50]: Recall=[0.00665, 0.01279, 0.02378, 0.04910],  precision=[0.00133, 0.00128, 0.00119, 0.00098], hit=[0.00665, 0.01279, 0.02378, 0.04910], ndcg=[0.00416, 0.00612, 0.00884, 0.01383], Train Rec Loss=[0.06381], Eval Rec Loss=[0.06311], c=[0.50000], F=[0.81522, 0.87738, 0.91908, 0.94595], F_fuse=[0.00266, 0.00255, 0.00238, 0.00196]
[ INFO : 2026-08-06 10:03:13,087 ] - Epoch 251: train==[102.46894 = 0.36435 + 0.68238 + 9.60417 + 0.00450 + 0.00000 + 0.00014 + 613.90895]
[ INFO : 2026-08-06 10:03:19,779 ] - Test_@[5, 10, 20, 50]: Recall=[0.00703, 0.01394, 0.02391, 0.04871],  precision=[0.00141, 0.00139, 0.00120, 0.00097], hit=[0.00703, 0.01394, 0.02391, 0.04871], ndcg=[0.00457, 0.00677, 0.00922, 0.01410], Train Rec Loss=[0.06399], Eval Rec Loss=[0.06365], c=[0.50000], F=[0.82110, 0.87980, 0.91993, 0.94482], F_fuse=[0.00281, 0.00278, 0.00239, 0.00195]
[ INFO : 2026-08-06 10:04:42,189 ] - Epoch 252: train==[102.57612 = 0.36422 + 0.68115 + 9.71058 + 0.00449 + 0.00000 + 0.00014 + 613.91991]
[ INFO : 2026-08-06 10:04:48,835 ] - Test_@[5, 10, 20, 50]: Recall=[0.00716, 0.01164, 0.02353, 0.04935],  precision=[0.00143, 0.00116, 0.00118, 0.00099], hit=[0.00716, 0.01164, 0.02353, 0.04935], ndcg=[0.00437, 0.00580, 0.00877, 0.01384], Train Rec Loss=[0.06372], Eval Rec Loss=[0.06355], c=[0.50000], F=[0.82177, 0.87817, 0.91792, 0.94470], F_fuse=[0.00286, 0.00232, 0.00235, 0.00197]
[ INFO : 2026-08-06 10:06:11,352 ] - Epoch 253: train==[102.48613 = 0.36782 + 0.68028 + 9.61910 + 0.00453 + 0.00000 + 0.00014 + 613.90920]
[ INFO : 2026-08-06 10:06:18,059 ] - Test_@[5, 10, 20, 50]: Recall=[0.00678, 0.01343, 0.02340, 0.04987],  precision=[0.00136, 0.00134, 0.00117, 0.00100], hit=[0.00678, 0.01343, 0.02340, 0.04987], ndcg=[0.00444, 0.00657, 0.00903, 0.01420], Train Rec Loss=[0.06349], Eval Rec Loss=[0.06389], c=[0.50000], F=[0.81574, 0.87774, 0.91818, 0.94511], F_fuse=[0.00271, 0.00268, 0.00234, 0.00199]
[ INFO : 2026-08-06 10:07:39,989 ] - Epoch 254: train==[102.44938 = 0.36320 + 0.67892 + 9.58733 + 0.00451 + 0.00000 + 0.00014 + 613.91235]
[ INFO : 2026-08-06 10:07:46,647 ] - Test_@[5, 10, 20, 50]: Recall=[0.00690, 0.01227, 0.02493, 0.04935],  precision=[0.00138, 0.00123, 0.00125, 0.00099], hit=[0.00690, 0.01227, 0.02493, 0.04935], ndcg=[0.00446, 0.00618, 0.00932, 0.01412], Train Rec Loss=[0.06443], Eval Rec Loss=[0.06412], c=[0.50000], F=[0.81378, 0.87558, 0.91799, 0.94569], F_fuse=[0.00276, 0.00245, 0.00249, 0.00197]
[ INFO : 2026-08-06 10:09:08,933 ] - Epoch 255: train==[102.44119 = 0.36030 + 0.67790 + 9.58226 + 0.00452 + 0.00000 + 0.00014 + 613.91490]
[ INFO : 2026-08-06 10:09:15,624 ] - Test_@[5, 10, 20, 50]: Recall=[0.00678, 0.01343, 0.02353, 0.04987],  precision=[0.00136, 0.00134, 0.00118, 0.00100], hit=[0.00678, 0.01343, 0.02353, 0.04987], ndcg=[0.00422, 0.00634, 0.00884, 0.01401], Train Rec Loss=[0.06465], Eval Rec Loss=[0.06394], c=[0.50000], F=[0.82254, 0.87957, 0.91910, 0.94407], F_fuse=[0.00271, 0.00268, 0.00235, 0.00199]
[ INFO : 2026-08-06 10:10:38,113 ] - Epoch 256: train==[102.43337 = 0.36746 + 0.67679 + 9.56853 + 0.00455 + 0.00000 + 0.00014 + 613.91079]
[ INFO : 2026-08-06 10:10:44,753 ] - Test_@[5, 10, 20, 50]: Recall=[0.00703, 0.01279, 0.02404, 0.04846],  precision=[0.00141, 0.00128, 0.00120, 0.00097], hit=[0.00703, 0.01279, 0.02404, 0.04846], ndcg=[0.00450, 0.00639, 0.00919, 0.01400], Train Rec Loss=[0.06434], Eval Rec Loss=[0.06521], c=[0.50000], F=[0.81756, 0.87797, 0.91838, 0.94419], F_fuse=[0.00281, 0.00255, 0.00240, 0.00194]
[ INFO : 2026-08-06 10:12:07,294 ] - Epoch 257: train==[102.37595 = 0.36172 + 0.67575 + 9.51674 + 0.00456 + 0.00000 + 0.00014 + 613.91553]
[ INFO : 2026-08-06 10:12:13,985 ] - Test_@[5, 10, 20, 50]: Recall=[0.00665, 0.01215, 0.02365, 0.04897],  precision=[0.00133, 0.00121, 0.00118, 0.00098], hit=[0.00665, 0.01215, 0.02365, 0.04897], ndcg=[0.00438, 0.00616, 0.00901, 0.01402], Train Rec Loss=[0.06415], Eval Rec Loss=[0.06373], c=[0.50000], F=[0.81580, 0.87505, 0.91980, 0.94437], F_fuse=[0.00266, 0.00243, 0.00236, 0.00196]
[ INFO : 2026-08-06 10:13:36,563 ] - Epoch 258: train==[102.40269 = 0.36121 + 0.67458 + 9.54568 + 0.00458 + 0.00000 + 0.00014 + 613.90887]
[ INFO : 2026-08-06 10:13:43,332 ] - Test_@[5, 10, 20, 50]: Recall=[0.00627, 0.01266, 0.02455, 0.04884],  precision=[0.00125, 0.00127, 0.00123, 0.00098], hit=[0.00627, 0.01266, 0.02455, 0.04884], ndcg=[0.00405, 0.00612, 0.00907, 0.01383], Train Rec Loss=[0.06473], Eval Rec Loss=[0.06453], c=[0.50000], F=[0.82136, 0.87911, 0.91911, 0.94496], F_fuse=[0.00250, 0.00253, 0.00245, 0.00195]
[ INFO : 2026-08-06 10:15:04,791 ] - Epoch 259: train==[102.41028 = 0.35928 + 0.67349 + 9.55527 + 0.00457 + 0.00000 + 0.00014 + 613.91290]
[ INFO : 2026-08-06 10:15:11,430 ] - Test_@[5, 10, 20, 50]: Recall=[0.00678, 0.01176, 0.02378, 0.04987],  precision=[0.00136, 0.00118, 0.00119, 0.00100], hit=[0.00678, 0.01176, 0.02378, 0.04987], ndcg=[0.00437, 0.00597, 0.00898, 0.01410], Train Rec Loss=[0.06487], Eval Rec Loss=[0.06487], c=[0.50000], F=[0.82251, 0.88011, 0.91861, 0.94406], F_fuse=[0.00271, 0.00235, 0.00238, 0.00199]
[ INFO : 2026-08-06 10:16:33,846 ] - Epoch 260: train==[102.38726 = 0.35751 + 0.67241 + 9.53528 + 0.00459 + 0.00000 + 0.00014 + 613.90858]
[ INFO : 2026-08-06 10:16:40,526 ] - Test_@[5, 10, 20, 50]: Recall=[0.00652, 0.01240, 0.02340, 0.04654],  precision=[0.00130, 0.00124, 0.00117, 0.00093], hit=[0.00652, 0.01240, 0.02340, 0.04654], ndcg=[0.00389, 0.00581, 0.00854, 0.01309], Train Rec Loss=[0.06492], Eval Rec Loss=[0.06456], c=[0.50000], F=[0.81848, 0.87609, 0.91669, 0.94390], F_fuse=[0.00260, 0.00248, 0.00234, 0.00186]
[ INFO : 2026-08-06 10:18:02,975 ] - Epoch 261: train==[102.35864 = 0.35945 + 0.67129 + 9.50457 + 0.00461 + 0.00000 + 0.00014 + 613.91396]
[ INFO : 2026-08-06 10:18:09,629 ] - Test_@[5, 10, 20, 50]: Recall=[0.00729, 0.01266, 0.02404, 0.04859],  precision=[0.00146, 0.00127, 0.00120, 0.00097], hit=[0.00729, 0.01266, 0.02404, 0.04859], ndcg=[0.00442, 0.00613, 0.00896, 0.01379], Train Rec Loss=[0.06457], Eval Rec Loss=[0.06489], c=[0.50000], F=[0.82228, 0.87944, 0.91679, 0.94341], F_fuse=[0.00291, 0.00253, 0.00240, 0.00194]
[ INFO : 2026-08-06 10:19:32,284 ] - Epoch 262: train==[102.33743 = 0.35942 + 0.67021 + 9.48475 + 0.00462 + 0.00000 + 0.00014 + 613.90916]
[ INFO : 2026-08-06 10:19:39,002 ] - Test_@[5, 10, 20, 50]: Recall=[0.00627, 0.01138, 0.02353, 0.04705],  precision=[0.00125, 0.00114, 0.00118, 0.00094], hit=[0.00627, 0.01138, 0.02353, 0.04705], ndcg=[0.00382, 0.00543, 0.00848, 0.01310], Train Rec Loss=[0.06524], Eval Rec Loss=[0.06554], c=[0.50000], F=[0.81711, 0.87553, 0.91855, 0.94494], F_fuse=[0.00250, 0.00227, 0.00235, 0.00188]
[ INFO : 2026-08-06 10:21:01,125 ] - Epoch 263: train==[102.36148 = 0.35556 + 0.66911 + 9.51253 + 0.00461 + 0.00000 + 0.00014 + 613.91448]
[ INFO : 2026-08-06 10:21:07,795 ] - Test_@[5, 10, 20, 50]: Recall=[0.00742, 0.01227, 0.02442, 0.04718],  precision=[0.00148, 0.00123, 0.00122, 0.00094], hit=[0.00742, 0.01227, 0.02442, 0.04718], ndcg=[0.00448, 0.00602, 0.00903, 0.01351], Train Rec Loss=[0.06515], Eval Rec Loss=[0.06550], c=[0.50000], F=[0.81813, 0.87634, 0.91716, 0.94470], F_fuse=[0.00296, 0.00245, 0.00244, 0.00189]
[ INFO : 2026-08-06 10:22:29,702 ] - Epoch 264: train==[102.36768 = 0.35682 + 0.66798 + 9.51841 + 0.00462 + 0.00000 + 0.00013 + 613.91273]
[ INFO : 2026-08-06 10:22:36,385 ] - Test_@[5, 10, 20, 50]: Recall=[0.00678, 0.01304, 0.02365, 0.04769],  precision=[0.00136, 0.00130, 0.00118, 0.00095], hit=[0.00678, 0.01304, 0.02365, 0.04769], ndcg=[0.00428, 0.00630, 0.00893, 0.01369], Train Rec Loss=[0.06580], Eval Rec Loss=[0.06512], c=[0.50000], F=[0.82011, 0.87700, 0.91664, 0.94356], F_fuse=[0.00271, 0.00260, 0.00236, 0.00191]
[ INFO : 2026-08-06 10:24:07,012 ] - Epoch 265: train==[102.34710 = 0.35665 + 0.66701 + 9.49873 + 0.00464 + 0.00000 + 0.00014 + 613.91156]
[ INFO : 2026-08-06 10:24:13,698 ] - Test_@[5, 10, 20, 50]: Recall=[0.00678, 0.01266, 0.02468, 0.04859],  precision=[0.00136, 0.00127, 0.00123, 0.00097], hit=[0.00678, 0.01266, 0.02468, 0.04859], ndcg=[0.00437, 0.00626, 0.00924, 0.01390], Train Rec Loss=[0.06502], Eval Rec Loss=[0.06602], c=[0.50000], F=[0.81410, 0.87766, 0.91861, 0.94488], F_fuse=[0.00271, 0.00253, 0.00246, 0.00194]
[ INFO : 2026-08-06 10:25:40,801 ] - Epoch 266: train==[102.32476 = 0.35781 + 0.66587 + 9.47589 + 0.00463 + 0.00000 + 0.00013 + 613.91182]
[ INFO : 2026-08-06 10:25:47,785 ] - Test_@[5, 10, 20, 50]: Recall=[0.00652, 0.01266, 0.02378, 0.04897],  precision=[0.00130, 0.00127, 0.00119, 0.00098], hit=[0.00652, 0.01266, 0.02378, 0.04897], ndcg=[0.00405, 0.00602, 0.00881, 0.01373], Train Rec Loss=[0.06635], Eval Rec Loss=[0.06588], c=[0.50000], F=[0.81720, 0.87714, 0.91860, 0.94491], F_fuse=[0.00260, 0.00253, 0.00238, 0.00196]
[ INFO : 2026-08-06 10:27:12,445 ] - Epoch 267: train==[102.35010 = 0.35237 + 0.66471 + 9.50653 + 0.00465 + 0.00000 + 0.00014 + 613.91716]
[ INFO : 2026-08-06 10:27:19,133 ] - Test_@[5, 10, 20, 50]: Recall=[0.00601, 0.01164, 0.02340, 0.04731],  precision=[0.00120, 0.00116, 0.00117, 0.00095], hit=[0.00601, 0.01164, 0.02340, 0.04731], ndcg=[0.00382, 0.00561, 0.00852, 0.01320], Train Rec Loss=[0.06645], Eval Rec Loss=[0.06579], c=[0.50000], F=[0.81711, 0.87666, 0.91752, 0.94369], F_fuse=[0.00240, 0.00232, 0.00234, 0.00189]
[ INFO : 2026-08-06 10:28:48,430 ] - Epoch 268: train==[102.24280 = 0.35524 + 0.66371 + 9.39798 + 0.00468 + 0.00000 + 0.00013 + 613.91025]
[ INFO : 2026-08-06 10:28:55,083 ] - Test_@[5, 10, 20, 50]: Recall=[0.00678, 0.01189, 0.02481, 0.04846],  precision=[0.00136, 0.00119, 0.00124, 0.00097], hit=[0.00678, 0.01189, 0.02481, 0.04846], ndcg=[0.00429, 0.00595, 0.00914, 0.01378], Train Rec Loss=[0.06613], Eval Rec Loss=[0.06611], c=[0.50000], F=[0.80893, 0.87429, 0.91733, 0.94483], F_fuse=[0.00271, 0.00237, 0.00248, 0.00194]
[ INFO : 2026-08-06 10:30:29,540 ] - Epoch 269: train==[102.27974 = 0.35572 + 0.66266 + 9.43336 + 0.00467 + 0.00000 + 0.00014 + 613.92172]
[ INFO : 2026-08-06 10:30:36,172 ] - Test_@[5, 10, 20, 50]: Recall=[0.00690, 0.01176, 0.02340, 0.04859],  precision=[0.00138, 0.00118, 0.00117, 0.00097], hit=[0.00690, 0.01176, 0.02340, 0.04859], ndcg=[0.00430, 0.00583, 0.00874, 0.01368], Train Rec Loss=[0.06636], Eval Rec Loss=[0.06639], c=[0.50000], F=[0.82759, 0.88112, 0.91751, 0.94279], F_fuse=[0.00276, 0.00235, 0.00234, 0.00194]
[ INFO : 2026-08-06 10:32:05,335 ] - Epoch 270: train==[102.25159 = 0.35456 + 0.66160 + 9.40901 + 0.00471 + 0.00000 + 0.00013 + 613.90807]
[ INFO : 2026-08-06 10:32:12,005 ] - Test_@[5, 10, 20, 50]: Recall=[0.00627, 0.01291, 0.02417, 0.04731],  precision=[0.00125, 0.00129, 0.00121, 0.00095], hit=[0.00627, 0.01291, 0.02417, 0.04731], ndcg=[0.00403, 0.00615, 0.00897, 0.01351], Train Rec Loss=[0.06640], Eval Rec Loss=[0.06612], c=[0.50000], F=[0.81810, 0.87813, 0.91795, 0.94385], F_fuse=[0.00250, 0.00258, 0.00241, 0.00189]
[ INFO : 2026-08-06 10:33:42,223 ] - Epoch 271: train==[102.31748 = 0.35312 + 0.66057 + 9.47628 + 0.00470 + 0.00000 + 0.00014 + 613.91257]
[ INFO : 2026-08-06 10:33:48,877 ] - Test_@[5, 10, 20, 50]: Recall=[0.00716, 0.01189, 0.02289, 0.04667],  precision=[0.00143, 0.00119, 0.00114, 0.00093], hit=[0.00716, 0.01189, 0.02289, 0.04667], ndcg=[0.00460, 0.00611, 0.00886, 0.01352], Train Rec Loss=[0.06720], Eval Rec Loss=[0.06692], c=[0.50000], F=[0.81797, 0.87654, 0.91676, 0.94324], F_fuse=[0.00286, 0.00237, 0.00229, 0.00186]
[ INFO : 2026-08-06 10:35:15,537 ] - Epoch 272: train==[102.23195 = 0.35031 + 0.65957 + 9.39085 + 0.00471 + 0.00000 + 0.00017 + 613.93449]
[ INFO : 2026-08-06 10:35:22,271 ] - Test_@[5, 10, 20, 50]: Recall=[0.00639, 0.01215, 0.02250, 0.04577],  precision=[0.00128, 0.00121, 0.00113, 0.00092], hit=[0.00639, 0.01215, 0.02250, 0.04577], ndcg=[0.00423, 0.00605, 0.00863, 0.01319], Train Rec Loss=[0.06680], Eval Rec Loss=[0.06663], c=[0.50000], F=[0.81791, 0.87734, 0.91606, 0.94363], F_fuse=[0.00255, 0.00243, 0.00225, 0.00183]
[ INFO : 2026-08-06 10:36:44,685 ] - Epoch 273: train==[102.25590 = 0.35412 + 0.65864 + 9.41539 + 0.00470 + 0.00000 + 0.00013 + 613.90910]
[ INFO : 2026-08-06 10:36:51,345 ] - Test_@[5, 10, 20, 50]: Recall=[0.00665, 0.01240, 0.02391, 0.04769],  precision=[0.00133, 0.00124, 0.00120, 0.00095], hit=[0.00665, 0.01240, 0.02391, 0.04769], ndcg=[0.00412, 0.00594, 0.00880, 0.01347], Train Rec Loss=[0.06677], Eval Rec Loss=[0.06720], c=[0.50000], F=[0.81490, 0.87655, 0.91799, 0.94368], F_fuse=[0.00266, 0.00248, 0.00239, 0.00191]
[ INFO : 2026-08-06 10:38:13,628 ] - Epoch 274: train==[102.24161 = 0.34952 + 0.65745 + 9.40609 + 0.00473 + 0.00000 + 0.00014 + 613.91110]
[ INFO : 2026-08-06 10:38:20,300 ] - Test_@[5, 10, 20, 50]: Recall=[0.00639, 0.01036, 0.02238, 0.04692],  precision=[0.00128, 0.00104, 0.00112, 0.00094], hit=[0.00639, 0.01036, 0.02238, 0.04692], ndcg=[0.00401, 0.00528, 0.00830, 0.01311], Train Rec Loss=[0.06706], Eval Rec Loss=[0.06717], c=[0.50000], F=[0.81966, 0.87762, 0.91596, 0.94287], F_fuse=[0.00255, 0.00207, 0.00223, 0.00188]
[ INFO : 2026-08-06 10:39:42,662 ] - Epoch 275: train==[102.18043 = 0.34910 + 0.65671 + 9.34574 + 0.00474 + 0.00000 + 0.00013 + 613.91122]
[ INFO : 2026-08-06 10:39:49,300 ] - Test_@[5, 10, 20, 50]: Recall=[0.00575, 0.01189, 0.02301, 0.04731],  precision=[0.00115, 0.00119, 0.00115, 0.00095], hit=[0.00575, 0.01189, 0.02301, 0.04731], ndcg=[0.00380, 0.00575, 0.00855, 0.01328], Train Rec Loss=[0.06705], Eval Rec Loss=[0.06756], c=[0.50000], F=[0.82088, 0.88095, 0.91850, 0.94423], F_fuse=[0.00230, 0.00238, 0.00230, 0.00189]
[ INFO : 2026-08-06 10:41:12,310 ] - Epoch 276: train==[102.19886 = 0.34985 + 0.65541 + 9.36427 + 0.00475 + 0.00000 + 0.00014 + 613.91066]
[ INFO : 2026-08-06 10:41:19,000 ] - Test_@[5, 10, 20, 50]: Recall=[0.00652, 0.01189, 0.02301, 0.04718],  precision=[0.00130, 0.00119, 0.00115, 0.00094], hit=[0.00652, 0.01189, 0.02301, 0.04718], ndcg=[0.00418, 0.00594, 0.00871, 0.01346], Train Rec Loss=[0.06771], Eval Rec Loss=[0.06748], c=[0.50000], F=[0.81155, 0.87341, 0.91700, 0.94367], F_fuse=[0.00260, 0.00237, 0.00230, 0.00189]
[ INFO : 2026-08-06 10:42:46,019 ] - Epoch 277: train==[102.21238 = 0.34978 + 0.65455 + 9.37785 + 0.00479 + 0.00000 + 0.00014 + 613.91390]
[ INFO : 2026-08-06 10:42:52,789 ] - Test_@[5, 10, 20, 50]: Recall=[0.00703, 0.01202, 0.02378, 0.04744],  precision=[0.00141, 0.00120, 0.00119, 0.00095], hit=[0.00703, 0.01202, 0.02378, 0.04744], ndcg=[0.00436, 0.00594, 0.00889, 0.01355], Train Rec Loss=[0.06789], Eval Rec Loss=[0.06797], c=[0.50000], F=[0.82618, 0.88096, 0.91779, 0.94288], F_fuse=[0.00281, 0.00240, 0.00238, 0.00190]
[ INFO : 2026-08-06 10:44:18,847 ] - Epoch 278: train==[102.19893 = 0.34772 + 0.65355 + 9.36734 + 0.00475 + 0.00000 + 0.00014 + 613.91236]
[ INFO : 2026-08-06 10:44:25,480 ] - Test_@[5, 10, 20, 50]: Recall=[0.00627, 0.01215, 0.02365, 0.04782],  precision=[0.00125, 0.00121, 0.00118, 0.00096], hit=[0.00627, 0.01215, 0.02365, 0.04782], ndcg=[0.00415, 0.00602, 0.00891, 0.01362], Train Rec Loss=[0.06795], Eval Rec Loss=[0.06761], c=[0.50000], F=[0.81982, 0.87840, 0.91755, 0.94299], F_fuse=[0.00250, 0.00243, 0.00236, 0.00191]
[ INFO : 2026-08-06 10:45:53,620 ] - Epoch 279: train==[102.16008 = 0.34989 + 0.65230 + 9.32694 + 0.00481 + 0.00000 + 0.00013 + 613.91284]
[ INFO : 2026-08-06 10:46:00,299 ] - Test_@[5, 10, 20, 50]: Recall=[0.00601, 0.01112, 0.02314, 0.04667],  precision=[0.00120, 0.00111, 0.00116, 0.00093], hit=[0.00601, 0.01112, 0.02314, 0.04667], ndcg=[0.00391, 0.00552, 0.00852, 0.01313], Train Rec Loss=[0.06810], Eval Rec Loss=[0.06722], c=[0.50000], F=[0.81522, 0.87767, 0.91801, 0.94419], F_fuse=[0.00240, 0.00222, 0.00231, 0.00186]
[ INFO : 2026-08-06 10:47:22,876 ] - Epoch 280: train==[102.15239 = 0.35046 + 0.65143 + 9.31920 + 0.00480 + 0.00000 + 0.00014 + 613.91293]
[ INFO : 2026-08-06 10:47:29,536 ] - Test_@[5, 10, 20, 50]: Recall=[0.00703, 0.01215, 0.02263, 0.04884],  precision=[0.00141, 0.00121, 0.00113, 0.00098], hit=[0.00703, 0.01215, 0.02263, 0.04884], ndcg=[0.00423, 0.00585, 0.00848, 0.01361], Train Rec Loss=[0.06863], Eval Rec Loss=[0.06815], c=[0.50000], F=[0.82315, 0.88080, 0.91656, 0.94162], F_fuse=[0.00281, 0.00243, 0.00226, 0.00195]
[ INFO : 2026-08-06 10:48:51,432 ] - Epoch 281: train==[102.15667 = 0.35233 + 0.65047 + 9.32117 + 0.00481 + 0.00000 + 0.00014 + 613.91951]
[ INFO : 2026-08-06 10:48:58,050 ] - Test_@[5, 10, 20, 50]: Recall=[0.00601, 0.01112, 0.02378, 0.04641],  precision=[0.00120, 0.00111, 0.00119, 0.00093], hit=[0.00601, 0.01112, 0.02378, 0.04641], ndcg=[0.00384, 0.00546, 0.00861, 0.01306], Train Rec Loss=[0.06801], Eval Rec Loss=[0.06751], c=[0.50000], F=[0.81701, 0.87596, 0.91626, 0.94277], F_fuse=[0.00240, 0.00222, 0.00238, 0.00185]
[ INFO : 2026-08-06 10:50:20,740 ] - Epoch 282: train==[102.14830 = 0.34570 + 0.64934 + 9.32164 + 0.00483 + 0.00000 + 0.00013 + 613.90927]
[ INFO : 2026-08-06 10:50:27,414 ] - Test_@[5, 10, 20, 50]: Recall=[0.00639, 0.01253, 0.02353, 0.04782],  precision=[0.00128, 0.00125, 0.00118, 0.00096], hit=[0.00639, 0.01253, 0.02353, 0.04782], ndcg=[0.00400, 0.00594, 0.00870, 0.01346], Train Rec Loss=[0.06850], Eval Rec Loss=[0.06824], c=[0.50000], F=[0.81493, 0.87631, 0.91546, 0.94282], F_fuse=[0.00255, 0.00250, 0.00235, 0.00191]
[ INFO : 2026-08-06 10:51:49,945 ] - Epoch 283: train==[102.12930 = 0.35189 + 0.64847 + 9.29623 + 0.00483 + 0.00000 + 0.00014 + 613.91421]
[ INFO : 2026-08-06 10:51:56,617 ] - Test_@[5, 10, 20, 50]: Recall=[0.00627, 0.01074, 0.02289, 0.04501],  precision=[0.00125, 0.00107, 0.00114, 0.00090], hit=[0.00627, 0.01074, 0.02289, 0.04501], ndcg=[0.00387, 0.00528, 0.00828, 0.01261], Train Rec Loss=[0.06890], Eval Rec Loss=[0.06827], c=[0.50000], F=[0.82363, 0.87751, 0.91295, 0.94078], F_fuse=[0.00250, 0.00215, 0.00229, 0.00180]
[ INFO : 2026-08-06 10:53:19,040 ] - Epoch 284: train==[102.12348 = 0.34496 + 0.64734 + 9.29877 + 0.00484 + 0.00000 + 0.00013 + 613.90916]
[ INFO : 2026-08-06 10:53:25,716 ] - Test_@[5, 10, 20, 50]: Recall=[0.00665, 0.01240, 0.02353, 0.04884],  precision=[0.00133, 0.00124, 0.00118, 0.00098], hit=[0.00665, 0.01240, 0.02353, 0.04884], ndcg=[0.00416, 0.00597, 0.00877, 0.01371], Train Rec Loss=[0.06887], Eval Rec Loss=[0.06775], c=[0.50000], F=[0.81279, 0.87798, 0.91784, 0.94362], F_fuse=[0.00266, 0.00248, 0.00235, 0.00195]
[ INFO : 2026-08-06 10:54:48,277 ] - Epoch 285: train==[102.10853 = 0.34230 + 0.64622 + 9.28680 + 0.00486 + 0.00000 + 0.00014 + 613.91133]
[ INFO : 2026-08-06 10:54:54,930 ] - Test_@[5, 10, 20, 50]: Recall=[0.00614, 0.01125, 0.02301, 0.04488],  precision=[0.00123, 0.00113, 0.00115, 0.00090], hit=[0.00614, 0.01125, 0.02301, 0.04488], ndcg=[0.00390, 0.00551, 0.00846, 0.01275], Train Rec Loss=[0.06900], Eval Rec Loss=[0.06903], c=[0.50000], F=[0.82228, 0.87891, 0.91567, 0.94246], F_fuse=[0.00245, 0.00225, 0.00230, 0.00179]
[ INFO : 2026-08-06 10:56:17,672 ] - Epoch 286: train==[102.03668 = 0.34258 + 0.64518 + 9.21503 + 0.00489 + 0.00000 + 0.00014 + 613.91286]
[ INFO : 2026-08-06 10:56:24,368 ] - Test_@[5, 10, 20, 50]: Recall=[0.00575, 0.01100, 0.02353, 0.04731],  precision=[0.00115, 0.00110, 0.00118, 0.00095], hit=[0.00575, 0.01100, 0.02353, 0.04731], ndcg=[0.00366, 0.00532, 0.00846, 0.01313], Train Rec Loss=[0.06876], Eval Rec Loss=[0.06941], c=[0.50000], F=[0.82577, 0.88046, 0.91502, 0.94115], F_fuse=[0.00230, 0.00220, 0.00235, 0.00189]
[ INFO : 2026-08-06 10:57:47,214 ] - Epoch 287: train==[102.09184 = 0.34144 + 0.64426 + 9.27234 + 0.00490 + 0.00000 + 0.00013 + 613.90975]
[ INFO : 2026-08-06 10:57:53,918 ] - Test_@[5, 10, 20, 50]: Recall=[0.00639, 0.01189, 0.02340, 0.04565],  precision=[0.00128, 0.00119, 0.00117, 0.00091], hit=[0.00639, 0.01189, 0.02340, 0.04565], ndcg=[0.00397, 0.00570, 0.00856, 0.01291], Train Rec Loss=[0.06939], Eval Rec Loss=[0.06864], c=[0.50000], F=[0.81337, 0.87671, 0.91520, 0.94352], F_fuse=[0.00255, 0.00237, 0.00234, 0.00182]
[ INFO : 2026-08-06 10:59:16,301 ] - Epoch 288: train==[102.01515 = 0.34343 + 0.64327 + 9.19407 + 0.00491 + 0.00000 + 0.00013 + 613.91092]
[ INFO : 2026-08-06 10:59:23,024 ] - Test_@[5, 10, 20, 50]: Recall=[0.00614, 0.01023, 0.02301, 0.04667],  precision=[0.00123, 0.00102, 0.00115, 0.00093], hit=[0.00614, 0.01023, 0.02301, 0.04667], ndcg=[0.00386, 0.00513, 0.00834, 0.01292], Train Rec Loss=[0.06914], Eval Rec Loss=[0.06969], c=[0.50000], F=[0.81874, 0.87896, 0.91659, 0.94300], F_fuse=[0.00245, 0.00204, 0.00230, 0.00186]
[ INFO : 2026-08-06 11:00:45,388 ] - Epoch 289: train==[102.00201 = 0.34562 + 0.64228 + 9.17845 + 0.00491 + 0.00000 + 0.00014 + 613.91678]
[ INFO : 2026-08-06 11:00:52,090 ] - Test_@[5, 10, 20, 50]: Recall=[0.00665, 0.01125, 0.02404, 0.04680],  precision=[0.00133, 0.00113, 0.00120, 0.00094], hit=[0.00665, 0.01125, 0.02404, 0.04680], ndcg=[0.00432, 0.00577, 0.00896, 0.01340], Train Rec Loss=[0.06917], Eval Rec Loss=[0.07073], c=[0.50000], F=[0.82452, 0.87912, 0.91501, 0.94233], F_fuse=[0.00266, 0.00225, 0.00240, 0.00187]
[ INFO : 2026-08-06 11:02:15,539 ] - Epoch 290: train==[102.06085 = 0.34301 + 0.64123 + 9.24044 + 0.00490 + 0.00000 + 0.00014 + 613.91749]
[ INFO : 2026-08-06 11:02:22,261 ] - Test_@[5, 10, 20, 50]: Recall=[0.00665, 0.01164, 0.02365, 0.04782],  precision=[0.00133, 0.00116, 0.00118, 0.00096], hit=[0.00665, 0.01164, 0.02365, 0.04782], ndcg=[0.00431, 0.00588, 0.00888, 0.01361], Train Rec Loss=[0.06962], Eval Rec Loss=[0.07002], c=[0.50000], F=[0.81426, 0.87764, 0.91688, 0.94282], F_fuse=[0.00266, 0.00232, 0.00236, 0.00191]
[ INFO : 2026-08-06 11:03:45,117 ] - Epoch 291: train==[102.06952 = 0.34075 + 0.64015 + 9.25282 + 0.00493 + 0.00000 + 0.00013 + 613.91194]
[ INFO : 2026-08-06 11:03:51,799 ] - Test_@[5, 10, 20, 50]: Recall=[0.00652, 0.01164, 0.02340, 0.04577],  precision=[0.00130, 0.00116, 0.00117, 0.00092], hit=[0.00652, 0.01164, 0.02340, 0.04577], ndcg=[0.00404, 0.00564, 0.00858, 0.01295], Train Rec Loss=[0.07075], Eval Rec Loss=[0.07021], c=[0.50000], F=[0.81810, 0.87823, 0.91601, 0.94168], F_fuse=[0.00260, 0.00232, 0.00234, 0.00183]
[ INFO : 2026-08-06 11:05:14,463 ] - Epoch 292: train==[102.01763 = 0.34314 + 0.63924 + 9.19907 + 0.00493 + 0.00000 + 0.00014 + 613.91197]
[ INFO : 2026-08-06 11:05:21,193 ] - Test_@[5, 10, 20, 50]: Recall=[0.00588, 0.01125, 0.02340, 0.04616],  precision=[0.00118, 0.00113, 0.00117, 0.00092], hit=[0.00588, 0.01125, 0.02340, 0.04616], ndcg=[0.00369, 0.00542, 0.00851, 0.01297], Train Rec Loss=[0.07058], Eval Rec Loss=[0.07022], c=[0.50000], F=[0.81960, 0.87714, 0.91554, 0.94230], F_fuse=[0.00235, 0.00225, 0.00234, 0.00184]
[ INFO : 2026-08-06 11:06:44,056 ] - Epoch 293: train==[101.98786 = 0.33857 + 0.63807 + 9.17456 + 0.00496 + 0.00000 + 0.00013 + 613.91196]
[ INFO : 2026-08-06 11:06:50,778 ] - Test_@[5, 10, 20, 50]: Recall=[0.00639, 0.01164, 0.02289, 0.04641],  precision=[0.00128, 0.00116, 0.00114, 0.00093], hit=[0.00639, 0.01164, 0.02289, 0.04641], ndcg=[0.00404, 0.00570, 0.00854, 0.01314], Train Rec Loss=[0.07011], Eval Rec Loss=[0.06959], c=[0.50000], F=[0.81985, 0.87721, 0.91476, 0.94239], F_fuse=[0.00255, 0.00232, 0.00229, 0.00185]
[ INFO : 2026-08-06 11:08:14,859 ] - Epoch 294: train==[102.08703 = 0.34538 + 0.63700 + 9.26779 + 0.00494 + 0.00000 + 0.00013 + 613.91055]
[ INFO : 2026-08-06 11:08:21,601 ] - Test_@[5, 10, 20, 50]: Recall=[0.00627, 0.01112, 0.02238, 0.04437],  precision=[0.00125, 0.00111, 0.00112, 0.00089], hit=[0.00627, 0.01112, 0.02238, 0.04437], ndcg=[0.00400, 0.00554, 0.00837, 0.01269], Train Rec Loss=[0.07047], Eval Rec Loss=[0.06996], c=[0.50000], F=[0.81899, 0.87749, 0.91330, 0.94152], F_fuse=[0.00250, 0.00222, 0.00223, 0.00177]
[ INFO : 2026-08-06 11:09:46,298 ] - Epoch 295: train==[101.98728 = 0.33901 + 0.63587 + 9.17360 + 0.00494 + 0.00000 + 0.00014 + 613.92047]
[ INFO : 2026-08-06 11:09:53,037 ] - Test_@[5, 10, 20, 50]: Recall=[0.00690, 0.01087, 0.02314, 0.04577],  precision=[0.00138, 0.00109, 0.00116, 0.00092], hit=[0.00690, 0.01087, 0.02314, 0.04577], ndcg=[0.00444, 0.00566, 0.00878, 0.01320], Train Rec Loss=[0.07080], Eval Rec Loss=[0.07085], c=[0.50000], F=[0.81787, 0.87673, 0.91549, 0.94213], F_fuse=[0.00276, 0.00217, 0.00231, 0.00183]
[ INFO : 2026-08-06 11:11:16,889 ] - Epoch 296: train==[101.94025 = 0.33966 + 0.63470 + 9.12781 + 0.00497 + 0.00000 + 0.00013 + 613.91234]
[ INFO : 2026-08-06 11:11:23,617 ] - Test_@[5, 10, 20, 50]: Recall=[0.00627, 0.01202, 0.02442, 0.04718],  precision=[0.00125, 0.00120, 0.00122, 0.00094], hit=[0.00627, 0.01202, 0.02442, 0.04718], ndcg=[0.00406, 0.00587, 0.00894, 0.01337], Train Rec Loss=[0.07078], Eval Rec Loss=[0.07018], c=[0.50000], F=[0.82289, 0.88061, 0.91681, 0.94262], F_fuse=[0.00250, 0.00240, 0.00244, 0.00189]
[ INFO : 2026-08-06 11:12:50,041 ] - Epoch 297: train==[101.94433 = 0.33767 + 0.63361 + 9.13433 + 0.00499 + 0.00000 + 0.00013 + 613.91357]
[ INFO : 2026-08-06 11:12:56,876 ] - Test_@[5, 10, 20, 50]: Recall=[0.00588, 0.01036, 0.02276, 0.04539],  precision=[0.00118, 0.00104, 0.00114, 0.00091], hit=[0.00588, 0.01036, 0.02276, 0.04539], ndcg=[0.00395, 0.00538, 0.00849, 0.01290], Train Rec Loss=[0.07153], Eval Rec Loss=[0.07110], c=[0.50000], F=[0.81676, 0.87564, 0.91495, 0.94158], F_fuse=[0.00235, 0.00207, 0.00227, 0.00181]
[ INFO : 2026-08-06 11:14:23,902 ] - Epoch 298: train==[101.95165 = 0.33574 + 0.63263 + 9.14351 + 0.00499 + 0.00000 + 0.00014 + 613.91795]
[ INFO : 2026-08-06 11:14:30,813 ] - Test_@[5, 10, 20, 50]: Recall=[0.00588, 0.01100, 0.02391, 0.04680],  precision=[0.00118, 0.00110, 0.00120, 0.00094], hit=[0.00588, 0.01100, 0.02391, 0.04680], ndcg=[0.00378, 0.00538, 0.00864, 0.01309], Train Rec Loss=[0.07110], Eval Rec Loss=[0.07095], c=[0.50000], F=[0.82513, 0.87920, 0.91548, 0.94130], F_fuse=[0.00235, 0.00220, 0.00239, 0.00187]
[ INFO : 2026-08-06 11:15:59,021 ] - Epoch 299: train==[101.96548 = 0.34064 + 0.63120 + 9.15310 + 0.00500 + 0.00000 + 0.00014 + 613.91926]
[ INFO : 2026-08-06 11:16:05,865 ] - Test_@[5, 10, 20, 50]: Recall=[0.00639, 0.01189, 0.02289, 0.04437],  precision=[0.00128, 0.00119, 0.00114, 0.00089], hit=[0.00639, 0.01189, 0.02289, 0.04437], ndcg=[0.00414, 0.00591, 0.00869, 0.01288], Train Rec Loss=[0.07139], Eval Rec Loss=[0.07063], c=[0.50000], F=[0.82299, 0.87756, 0.91455, 0.94119], F_fuse=[0.00255, 0.00237, 0.00229, 0.00177]
[ INFO : 2026-08-06 11:17:33,694 ] - Epoch 300: train==[101.97918 = 0.33706 + 0.63013 + 9.17144 + 0.00499 + 0.00000 + 0.00014 + 613.91653]
[ INFO : 2026-08-06 11:17:40,591 ] - Test_@[5, 10, 20, 50]: Recall=[0.00627, 0.01087, 0.02289, 0.04590],  precision=[0.00125, 0.00109, 0.00114, 0.00092], hit=[0.00627, 0.01087, 0.02289, 0.04590], ndcg=[0.00390, 0.00534, 0.00836, 0.01285], Train Rec Loss=[0.07157], Eval Rec Loss=[0.07140], c=[0.50000], F=[0.81982, 0.87847, 0.91531, 0.94196], F_fuse=[0.00250, 0.00217, 0.00229, 0.00183]
n_users=19805, n_items=10068
n_interactions=66743
n_train=58922, n_test=7821, sparsity=0.00033
Finished Thu Aug  6 11:18:17 AM +07 2026
