Job 73641 on gpu04; lambda_cf=1.0; group_k=10; started Mon Jul 13 01:42:58 PM +07 2026
Mon Jul 13 13:42:58 2026       
+---------------------------------------------------------------------------------------+
| NVIDIA-SMI 535.216.03             Driver Version: 535.216.03   CUDA Version: 12.2     |
|-----------------------------------------+----------------------+----------------------+
| GPU  Name                 Persistence-M | Bus-Id        Disp.A | Volatile Uncorr. ECC |
| Fan  Temp   Perf          Pwr:Usage/Cap |         Memory-Usage | GPU-Util  Compute M. |
|                                         |                      |               MIG M. |
|=========================================+======================+======================|
|   0  Tesla V100-DGXS-32GB           On  | 00000000:07:00.0 Off |                    0 |
| N/A   49C    P0              40W / 300W |      0MiB / 32768MiB |      0%      Default |
|                                         |                      |                  N/A |
+-----------------------------------------+----------------------+----------------------+
                                                                                         
+---------------------------------------------------------------------------------------+
| Processes:                                                                            |
|  GPU   GI   CI        PID   Type   Process name                            GPU Memory |
|        ID   ID                                                             Usage      |
|=======================================================================================|
|  No running processes found                                                           |
+---------------------------------------------------------------------------------------+
[ INFO : 2026-07-13 13:45:16,073 ] - Preprocess missing values with zero
[ INFO : 2026-07-13 13:45:26,029 ] - Pretrained diffusion model is loaded from: ./checkpoint/allrecipes/best_model.pth
[ INFO : 2026-07-13 13:45:27,709 ] - Completed data loaded from: ./checkpoint/allrecipes/completed_data.pkl
/media/lhbac29/raid-cf/main.py:106: DeprecationWarning: Please import `csr_matrix` from the `scipy.sparse` namespace; the `scipy.sparse.csr` namespace is deprecated and will be removed in SciPy 2.0.0.
  self.ui_graph = self.ui_graph_raw = pickle.load(open('./data/' + self.dataset + '/train_mat', 'rb'))
[ INFO : 2026-07-13 13:45:28,385 ] - Missing rate = 0.400000, complete strategy: zero
[ INFO : 2026-07-13 13:48:29,722 ] - Epoch 1: train==[127.92405 = 1.23673 + 1.37686 + 29.32280 + 0.00021 + 0.00000 + 4.52256 + 613.43756]
[ INFO : 2026-07-13 13:48:39,016 ] - Test_@[5, 10, 20, 50]: Recall=[0.00729, 0.02404, 0.03388, 0.07518],  precision=[0.00146, 0.00240, 0.00169, 0.00150], hit=[0.00729, 0.02404, 0.03388, 0.07518], ndcg=[0.00369, 0.00895, 0.01145, 0.01944], Train Rec Loss=[0.04925], Eval Rec Loss=[0.04899], c=[0.50000], F=[0.75464, 0.99500, 0.99704, 0.88951], F_fuse=[0.00291, 0.00480, 0.00338, 0.00300]
[ INFO : 2026-07-13 13:50:31,505 ] - Epoch 2: train==[125.55611 = 0.81556 + 1.35214 + 29.05390 + 0.00022 + 0.00000 + 2.77335 + 614.01196]
[ INFO : 2026-07-13 13:50:40,813 ] - Test_@[5, 10, 20, 50]: Recall=[0.01355, 0.02122, 0.03887, 0.07480],  precision=[0.00271, 0.00212, 0.00194, 0.00150], hit=[0.01355, 0.02122, 0.03887, 0.07480], ndcg=[0.00872, 0.01114, 0.01563, 0.02275], Train Rec Loss=[0.04881], Eval Rec Loss=[0.04853], c=[0.50000], F=[0.94219, 0.99613, 0.93301, 0.87099], F_fuse=[0.00541, 0.00424, 0.00388, 0.00299]
[ INFO : 2026-07-13 13:52:32,861 ] - Epoch 3: train==[124.34450 = 0.78072 + 1.34428 + 28.65882 + 0.00025 + 0.00000 + 1.99890 + 613.99496]
[ INFO : 2026-07-13 13:52:41,772 ] - Test_@[5, 10, 20, 50]: Recall=[0.01432, 0.02519, 0.03900, 0.07237],  precision=[0.00286, 0.00252, 0.00195, 0.00145], hit=[0.01432, 0.02519, 0.03900, 0.07237], ndcg=[0.01037, 0.01373, 0.01714, 0.02364], Train Rec Loss=[0.04861], Eval Rec Loss=[0.04835], c=[0.50000], F=[0.88654, 0.99613, 0.91999, 0.87948], F_fuse=[0.00571, 0.00503, 0.00389, 0.00289]
[ INFO : 2026-07-13 13:54:34,527 ] - Epoch 4: train==[123.47006 = 0.77853 + 1.34236 + 28.14295 + 0.00029 + 0.00000 + 1.64586 + 613.98009]
[ INFO : 2026-07-13 13:54:43,745 ] - Test_@[5, 10, 20, 50]: Recall=[0.01458, 0.02532, 0.03810, 0.07442],  precision=[0.00292, 0.00253, 0.00191, 0.00149], hit=[0.01458, 0.02532, 0.03810, 0.07442], ndcg=[0.01049, 0.01386, 0.01708, 0.02415], Train Rec Loss=[0.04856], Eval Rec Loss=[0.04830], c=[0.50000], F=[0.76087, 0.99613, 0.88368, 0.87666], F_fuse=[0.00581, 0.00505, 0.00380, 0.00297]
[ INFO : 2026-07-13 13:56:35,738 ] - Epoch 5: train==[122.63606 = 0.77434 + 1.34205 + 27.52879 + 0.00034 + 0.00000 + 1.43221 + 613.96768]
[ INFO : 2026-07-13 13:56:44,665 ] - Test_@[5, 10, 20, 50]: Recall=[0.01458, 0.02532, 0.03849, 0.07301],  precision=[0.00292, 0.00253, 0.00192, 0.00146], hit=[0.01458, 0.02532, 0.03849, 0.07301], ndcg=[0.01051, 0.01388, 0.01721, 0.02387], Train Rec Loss=[0.04849], Eval Rec Loss=[0.04834], c=[0.50000], F=[0.76317, 0.99613, 0.88320, 0.87374], F_fuse=[0.00581, 0.00505, 0.00384, 0.00292]
[ INFO : 2026-07-13 13:58:35,651 ] - Epoch 6: train==[121.75861 = 0.77291 + 1.34201 + 26.82829 + 0.00040 + 0.00000 + 1.25862 + 613.95457]
[ INFO : 2026-07-13 13:58:44,629 ] - Test_@[5, 10, 20, 50]: Recall=[0.01445, 0.02519, 0.03836, 0.07032],  precision=[0.00289, 0.00252, 0.00192, 0.00141], hit=[0.01445, 0.02519, 0.03836, 0.07032], ndcg=[0.01082, 0.01421, 0.01752, 0.02368], Train Rec Loss=[0.04861], Eval Rec Loss=[0.04823], c=[0.50000], F=[0.76739, 0.99613, 0.90228, 0.87373], F_fuse=[0.00576, 0.00503, 0.00383, 0.00281]
[ INFO : 2026-07-13 14:00:37,332 ] - Epoch 7: train==[120.85932 = 0.76945 + 1.34202 + 26.09495 + 0.00045 + 0.00000 + 1.09765 + 613.94404]
[ INFO : 2026-07-13 14:00:46,208 ] - Test_@[5, 10, 20, 50]: Recall=[0.01394, 0.02519, 0.03823, 0.06892],  precision=[0.00279, 0.00252, 0.00191, 0.00138], hit=[0.01394, 0.02519, 0.03823, 0.06892], ndcg=[0.01062, 0.01422, 0.01749, 0.02335], Train Rec Loss=[0.04851], Eval Rec Loss=[0.04832], c=[0.50000], F=[0.77915, 0.99613, 0.90707, 0.87417], F_fuse=[0.00555, 0.00503, 0.00382, 0.00275]
[ INFO : 2026-07-13 14:02:37,749 ] - Epoch 8: train==[119.96303 = 0.76269 + 1.34196 + 25.30635 + 0.00049 + 0.00000 + 0.99815 + 613.93450]
[ INFO : 2026-07-13 14:02:47,026 ] - Test_@[5, 10, 20, 50]: Recall=[0.01406, 0.02468, 0.03810, 0.06636],  precision=[0.00281, 0.00247, 0.00191, 0.00133], hit=[0.01406, 0.02468, 0.03810, 0.06636], ndcg=[0.01065, 0.01402, 0.01739, 0.02270], Train Rec Loss=[0.04846], Eval Rec Loss=[0.04825], c=[0.50000], F=[0.90012, 0.99437, 0.87900, 0.87768], F_fuse=[0.00561, 0.00492, 0.00380, 0.00265]
[ INFO : 2026-07-13 14:04:40,069 ] - Epoch 9: train==[119.21768 = 0.76269 + 1.34197 + 24.62790 + 0.00053 + 0.00000 + 0.93111 + 613.93511]
[ INFO : 2026-07-13 14:04:49,067 ] - Test_@[5, 10, 20, 50]: Recall=[0.01419, 0.02519, 0.03797, 0.06342],  precision=[0.00284, 0.00252, 0.00190, 0.00127], hit=[0.01419, 0.02519, 0.03797, 0.06342], ndcg=[0.01068, 0.01416, 0.01735, 0.02214], Train Rec Loss=[0.04854], Eval Rec Loss=[0.04828], c=[0.50000], F=[0.82094, 0.99447, 0.88223, 0.87886], F_fuse=[0.00566, 0.00502, 0.00379, 0.00253]
[ INFO : 2026-07-13 14:06:42,239 ] - Epoch 10: train==[118.59489 = 0.75693 + 1.34198 + 24.07438 + 0.00058 + 0.00000 + 0.86821 + 613.93058]
[ INFO : 2026-07-13 14:06:51,128 ] - Test_@[5, 10, 20, 50]: Recall=[0.01419, 0.02519, 0.03772, 0.06176],  precision=[0.00284, 0.00252, 0.00189, 0.00124], hit=[0.01419, 0.02519, 0.03772, 0.06176], ndcg=[0.01063, 0.01411, 0.01723, 0.02177], Train Rec Loss=[0.04840], Eval Rec Loss=[0.04820], c=[0.50000], F=[0.80167, 0.99431, 0.88555, 0.87898], F_fuse=[0.00566, 0.00502, 0.00376, 0.00247]
[ INFO : 2026-07-13 14:08:44,105 ] - Epoch 11: train==[118.00592 = 0.75693 + 1.34195 + 23.54843 + 0.00064 + 0.00000 + 0.80556 + 613.92788]
[ INFO : 2026-07-13 14:08:52,929 ] - Test_@[5, 10, 20, 50]: Recall=[0.01406, 0.02544, 0.03746, 0.06278],  precision=[0.00281, 0.00254, 0.00187, 0.00126], hit=[0.01406, 0.02544, 0.03746, 0.06278], ndcg=[0.01053, 0.01414, 0.01712, 0.02189], Train Rec Loss=[0.04847], Eval Rec Loss=[0.04818], c=[0.50000], F=[0.77509, 0.99421, 0.88803, 0.87902], F_fuse=[0.00561, 0.00508, 0.00374, 0.00251]
[ INFO : 2026-07-13 14:10:47,298 ] - Epoch 12: train==[117.53375 = 0.75234 + 1.34191 + 23.15066 + 0.00069 + 0.00000 + 0.73612 + 613.92527]
[ INFO : 2026-07-13 14:10:56,153 ] - Test_@[5, 10, 20, 50]: Recall=[0.01419, 0.02532, 0.03772, 0.06521],  precision=[0.00284, 0.00253, 0.00189, 0.00130], hit=[0.01419, 0.02532, 0.03772, 0.06521], ndcg=[0.01060, 0.01413, 0.01720, 0.02235], Train Rec Loss=[0.04841], Eval Rec Loss=[0.04813], c=[0.50000], F=[0.76582, 0.99423, 0.90097, 0.88098], F_fuse=[0.00566, 0.00505, 0.00376, 0.00260]
[ INFO : 2026-07-13 14:12:49,852 ] - Epoch 13: train==[117.12245 = 0.74716 + 1.34186 + 22.81814 + 0.00075 + 0.00000 + 0.66269 + 613.92399]
[ INFO : 2026-07-13 14:12:58,728 ] - Test_@[5, 10, 20, 50]: Recall=[0.01419, 0.02532, 0.03746, 0.06700],  precision=[0.00284, 0.00253, 0.00187, 0.00134], hit=[0.01419, 0.02532, 0.03746, 0.06700], ndcg=[0.01063, 0.01417, 0.01718, 0.02271], Train Rec Loss=[0.04846], Eval Rec Loss=[0.04811], c=[0.50000], F=[0.76480, 0.99418, 0.91243, 0.88237], F_fuse=[0.00566, 0.00505, 0.00374, 0.00268]
[ INFO : 2026-07-13 14:14:51,239 ] - Epoch 14: train==[116.62017 = 0.74459 + 1.34183 + 22.39466 + 0.00081 + 0.00000 + 0.58660 + 613.92270]
[ INFO : 2026-07-13 14:15:00,128 ] - Test_@[5, 10, 20, 50]: Recall=[0.01432, 0.02519, 0.03746, 0.06802],  precision=[0.00286, 0.00252, 0.00187, 0.00136], hit=[0.01432, 0.02519, 0.03746, 0.06802], ndcg=[0.01066, 0.01411, 0.01715, 0.02289], Train Rec Loss=[0.04846], Eval Rec Loss=[0.04820], c=[0.50000], F=[0.76068, 0.99421, 0.92356, 0.88455], F_fuse=[0.00571, 0.00502, 0.00374, 0.00272]
[ INFO : 2026-07-13 14:16:53,030 ] - Epoch 15: train==[116.31535 = 0.74040 + 1.34179 + 22.16781 + 0.00086 + 0.00000 + 0.51305 + 613.92107]
[ INFO : 2026-07-13 14:17:01,905 ] - Test_@[5, 10, 20, 50]: Recall=[0.01445, 0.02519, 0.03759, 0.06777],  precision=[0.00289, 0.00252, 0.00188, 0.00136], hit=[0.01445, 0.02519, 0.03759, 0.06777], ndcg=[0.01075, 0.01416, 0.01723, 0.02290], Train Rec Loss=[0.04839], Eval Rec Loss=[0.04809], c=[0.50000], F=[0.75863, 0.99421, 0.92826, 0.88521], F_fuse=[0.00576, 0.00502, 0.00375, 0.00271]
[ INFO : 2026-07-13 14:18:53,806 ] - Epoch 16: train==[115.89227 = 0.73524 + 1.34176 + 21.82200 + 0.00092 + 0.00000 + 0.44116 + 613.91930]
[ INFO : 2026-07-13 14:19:02,945 ] - Test_@[5, 10, 20, 50]: Recall=[0.01432, 0.02519, 0.03695, 0.06841],  precision=[0.00286, 0.00252, 0.00185, 0.00137], hit=[0.01432, 0.02519, 0.03695, 0.06841], ndcg=[0.01070, 0.01416, 0.01708, 0.02301], Train Rec Loss=[0.04842], Eval Rec Loss=[0.04815], c=[0.50000], F=[0.75847, 0.99423, 0.93085, 0.88644], F_fuse=[0.00571, 0.00502, 0.00369, 0.00273]
[ INFO : 2026-07-13 14:20:55,112 ] - Epoch 17: train==[115.58072 = 0.73255 + 1.34174 + 21.57904 + 0.00098 + 0.00000 + 0.37522 + 613.91924]
[ INFO : 2026-07-13 14:21:03,996 ] - Test_@[5, 10, 20, 50]: Recall=[0.01445, 0.02544, 0.03708, 0.06777],  precision=[0.00289, 0.00254, 0.00185, 0.00136], hit=[0.01445, 0.02544, 0.03708, 0.06777], ndcg=[0.01076, 0.01425, 0.01713, 0.02291], Train Rec Loss=[0.04839], Eval Rec Loss=[0.04799], c=[0.50000], F=[0.75844, 0.99420, 0.93040, 0.89069], F_fuse=[0.00576, 0.00508, 0.00370, 0.00271]
[ INFO : 2026-07-13 14:22:56,040 ] - Epoch 18: train==[115.31607 = 0.73095 + 1.34166 + 21.37670 + 0.00103 + 0.00000 + 0.31469 + 613.91800]
[ INFO : 2026-07-13 14:23:05,141 ] - Test_@[5, 10, 20, 50]: Recall=[0.01458, 0.02544, 0.03708, 0.06738],  precision=[0.00292, 0.00254, 0.00185, 0.00135], hit=[0.01458, 0.02544, 0.03708, 0.06738], ndcg=[0.01078, 0.01422, 0.01709, 0.02281], Train Rec Loss=[0.04846], Eval Rec Loss=[0.04809], c=[0.50000], F=[0.75815, 0.99424, 0.93219, 0.89260], F_fuse=[0.00581, 0.00508, 0.00370, 0.00269]
[ INFO : 2026-07-13 14:24:57,619 ] - Epoch 19: train==[114.95811 = 0.72672 + 1.34162 + 21.07727 + 0.00109 + 0.00000 + 0.26030 + 613.91828]
[ INFO : 2026-07-13 14:25:06,935 ] - Test_@[5, 10, 20, 50]: Recall=[0.01432, 0.02557, 0.03682, 0.06789],  precision=[0.00286, 0.00256, 0.00184, 0.00136], hit=[0.01432, 0.02557, 0.03682, 0.06789], ndcg=[0.01066, 0.01424, 0.01702, 0.02289], Train Rec Loss=[0.04843], Eval Rec Loss=[0.04807], c=[0.50000], F=[0.75831, 0.99418, 0.93240, 0.89374], F_fuse=[0.00571, 0.00510, 0.00368, 0.00271]
[ INFO : 2026-07-13 14:26:59,518 ] - Epoch 20: train==[114.69703 = 0.72235 + 1.34159 + 20.87035 + 0.00114 + 0.00000 + 0.21061 + 613.91748]
[ INFO : 2026-07-13 14:27:08,667 ] - Test_@[5, 10, 20, 50]: Recall=[0.01432, 0.02532, 0.03631, 0.06802],  precision=[0.00286, 0.00253, 0.00182, 0.00136], hit=[0.01432, 0.02532, 0.03631, 0.06802], ndcg=[0.01064, 0.01414, 0.01687, 0.02288], Train Rec Loss=[0.04843], Eval Rec Loss=[0.04800], c=[0.50000], F=[0.75886, 0.99410, 0.93212, 0.89378], F_fuse=[0.00571, 0.00505, 0.00362, 0.00272]
[ INFO : 2026-07-13 14:28:59,964 ] - Epoch 21: train==[114.50170 = 0.71932 + 1.34155 + 20.72480 + 0.00119 + 0.00000 + 0.16376 + 613.91800]
[ INFO : 2026-07-13 14:29:08,849 ] - Test_@[5, 10, 20, 50]: Recall=[0.01432, 0.02519, 0.03606, 0.06802],  precision=[0.00286, 0.00252, 0.00180, 0.00136], hit=[0.01432, 0.02519, 0.03606, 0.06802], ndcg=[0.01059, 0.01405, 0.01676, 0.02282], Train Rec Loss=[0.04839], Eval Rec Loss=[0.04796], c=[0.50000], F=[0.75825, 0.99402, 0.93246, 0.89471], F_fuse=[0.00571, 0.00502, 0.00360, 0.00272]
[ INFO : 2026-07-13 14:31:00,154 ] - Epoch 22: train==[114.26605 = 0.71583 + 1.34151 + 20.53353 + 0.00124 + 0.00000 + 0.12309 + 613.91631]
[ INFO : 2026-07-13 14:31:09,067 ] - Test_@[5, 10, 20, 50]: Recall=[0.01432, 0.02519, 0.03580, 0.06789],  precision=[0.00286, 0.00252, 0.00179, 0.00136], hit=[0.01432, 0.02519, 0.03580, 0.06789], ndcg=[0.01060, 0.01406, 0.01671, 0.02281], Train Rec Loss=[0.04833], Eval Rec Loss=[0.04788], c=[0.50000], F=[0.75905, 0.99418, 0.93275, 0.89257], F_fuse=[0.00571, 0.00502, 0.00357, 0.00271]
[ INFO : 2026-07-13 14:33:01,899 ] - Epoch 23: train==[114.00765 = 0.70908 + 1.34145 + 20.31630 + 0.00128 + 0.00000 + 0.08878 + 613.91557]
[ INFO : 2026-07-13 14:33:11,082 ] - Test_@[5, 10, 20, 50]: Recall=[0.01445, 0.02519, 0.03567, 0.06789],  precision=[0.00289, 0.00252, 0.00178, 0.00136], hit=[0.01445, 0.02519, 0.03567, 0.06789], ndcg=[0.01062, 0.01403, 0.01665, 0.02279], Train Rec Loss=[0.04828], Eval Rec Loss=[0.04805], c=[0.50000], F=[0.75914, 0.99408, 0.93300, 0.89058], F_fuse=[0.00576, 0.00502, 0.00356, 0.00271]
[ INFO : 2026-07-13 14:35:05,013 ] - Epoch 24: train==[113.89959 = 0.70585 + 1.34140 + 20.24123 + 0.00133 + 0.00000 + 0.05910 + 613.91485]
[ INFO : 2026-07-13 14:35:14,000 ] - Test_@[5, 10, 20, 50]: Recall=[0.01432, 0.02519, 0.03567, 0.06764],  precision=[0.00286, 0.00252, 0.00178, 0.00135], hit=[0.01432, 0.02519, 0.03567, 0.06764], ndcg=[0.01048, 0.01394, 0.01656, 0.02265], Train Rec Loss=[0.04837], Eval Rec Loss=[0.04788], c=[0.50000], F=[0.76017, 0.99402, 0.93301, 0.89081], F_fuse=[0.00571, 0.00502, 0.00356, 0.00270]
[ INFO : 2026-07-13 14:37:06,603 ] - Epoch 25: train==[113.73316 = 0.70737 + 1.34130 + 20.09768 + 0.00137 + 0.00000 + 0.03468 + 613.91521]
[ INFO : 2026-07-13 14:37:15,740 ] - Test_@[5, 10, 20, 50]: Recall=[0.01394, 0.02532, 0.03580, 0.06777],  precision=[0.00279, 0.00253, 0.00179, 0.00136], hit=[0.01394, 0.02532, 0.03580, 0.06777], ndcg=[0.01038, 0.01402, 0.01663, 0.02271], Train Rec Loss=[0.04826], Eval Rec Loss=[0.04800], c=[0.50000], F=[0.76298, 0.99396, 0.93293, 0.89017], F_fuse=[0.00555, 0.00505, 0.00357, 0.00271]
[ INFO : 2026-07-13 14:39:07,935 ] - Epoch 26: train==[113.45694 = 0.70306 + 1.34122 + 19.84357 + 0.00141 + 0.00000 + 0.01678 + 613.91588]
[ INFO : 2026-07-13 14:39:16,808 ] - Test_@[5, 10, 20, 50]: Recall=[0.01419, 0.02493, 0.03567, 0.06687],  precision=[0.00284, 0.00249, 0.00178, 0.00134], hit=[0.01419, 0.02493, 0.03567, 0.06687], ndcg=[0.01047, 0.01390, 0.01657, 0.02251], Train Rec Loss=[0.04833], Eval Rec Loss=[0.04796], c=[0.50000], F=[0.76496, 0.99362, 0.93286, 0.88877], F_fuse=[0.00566, 0.00497, 0.00356, 0.00267]
[ INFO : 2026-07-13 14:41:10,228 ] - Epoch 27: train==[113.34103 = 0.69634 + 1.34120 + 19.74365 + 0.00145 + 0.00000 + 0.00733 + 613.91687]
[ INFO : 2026-07-13 14:41:19,174 ] - Test_@[5, 10, 20, 50]: Recall=[0.01406, 0.02506, 0.03503, 0.06700],  precision=[0.00281, 0.00251, 0.00175, 0.00134], hit=[0.01406, 0.02506, 0.03503, 0.06700], ndcg=[0.01038, 0.01389, 0.01637, 0.02246], Train Rec Loss=[0.04810], Eval Rec Loss=[0.04808], c=[0.50000], F=[0.76969, 0.99245, 0.93200, 0.88612], F_fuse=[0.00561, 0.00500, 0.00350, 0.00268]
[ INFO : 2026-07-13 14:43:11,286 ] - Epoch 28: train==[113.21326 = 0.69445 + 1.34110 + 19.62155 + 0.00148 + 0.00000 + 0.00371 + 613.91597]
[ INFO : 2026-07-13 14:43:20,652 ] - Test_@[5, 10, 20, 50]: Recall=[0.01419, 0.02519, 0.03516, 0.06649],  precision=[0.00284, 0.00252, 0.00176, 0.00133], hit=[0.01419, 0.02519, 0.03516, 0.06649], ndcg=[0.01037, 0.01386, 0.01633, 0.02230], Train Rec Loss=[0.04832], Eval Rec Loss=[0.04797], c=[0.50000], F=[0.76889, 0.99194, 0.93123, 0.88284], F_fuse=[0.00566, 0.00502, 0.00351, 0.00266]
[ INFO : 2026-07-13 14:45:12,865 ] - Epoch 29: train==[112.98486 = 0.68923 + 1.34105 + 19.39958 + 0.00152 + 0.00000 + 0.00220 + 613.91795]
[ INFO : 2026-07-13 14:45:21,705 ] - Test_@[5, 10, 20, 50]: Recall=[0.01419, 0.02506, 0.03516, 0.06598],  precision=[0.00284, 0.00251, 0.00176, 0.00132], hit=[0.01419, 0.02506, 0.03516, 0.06598], ndcg=[0.01038, 0.01383, 0.01632, 0.02219], Train Rec Loss=[0.04816], Eval Rec Loss=[0.04784], c=[0.50000], F=[0.77720, 0.99130, 0.93099, 0.88163], F_fuse=[0.00566, 0.00500, 0.00351, 0.00264]
[ INFO : 2026-07-13 14:47:14,529 ] - Epoch 30: train==[112.89604 = 0.68808 + 1.34093 + 19.31281 + 0.00156 + 0.00000 + 0.00158 + 613.91640]
[ INFO : 2026-07-13 14:47:23,610 ] - Test_@[5, 10, 20, 50]: Recall=[0.01432, 0.02519, 0.03465, 0.06662],  precision=[0.00286, 0.00252, 0.00173, 0.00133], hit=[0.01432, 0.02519, 0.03465, 0.06662], ndcg=[0.01047, 0.01392, 0.01625, 0.02234], Train Rec Loss=[0.04820], Eval Rec Loss=[0.04788], c=[0.50000], F=[0.77521, 0.99100, 0.93091, 0.88249], F_fuse=[0.00571, 0.00502, 0.00346, 0.00266]
[ INFO : 2026-07-13 14:49:16,643 ] - Epoch 31: train==[112.82921 = 0.68582 + 1.34092 + 19.24816 + 0.00157 + 0.00000 + 0.00129 + 613.91874]
[ INFO : 2026-07-13 14:49:25,770 ] - Test_@[5, 10, 20, 50]: Recall=[0.01445, 0.02506, 0.03465, 0.06623],  precision=[0.00289, 0.00251, 0.00173, 0.00132], hit=[0.01445, 0.02506, 0.03465, 0.06623], ndcg=[0.01034, 0.01370, 0.01607, 0.02209], Train Rec Loss=[0.04828], Eval Rec Loss=[0.04781], c=[0.50000], F=[0.78828, 0.99081, 0.93071, 0.88274], F_fuse=[0.00576, 0.00500, 0.00346, 0.00265]
[ INFO : 2026-07-13 14:51:17,940 ] - Epoch 32: train==[112.53129 = 0.67670 + 1.34076 + 18.95947 + 0.00163 + 0.00000 + 0.00119 + 613.91898]
[ INFO : 2026-07-13 14:51:26,859 ] - Test_@[5, 10, 20, 50]: Recall=[0.01432, 0.02493, 0.03452, 0.06610],  precision=[0.00286, 0.00249, 0.00173, 0.00132], hit=[0.01432, 0.02493, 0.03452, 0.06610], ndcg=[0.01021, 0.01358, 0.01595, 0.02196], Train Rec Loss=[0.04813], Eval Rec Loss=[0.04794], c=[0.50000], F=[0.81196, 0.99014, 0.93055, 0.88317], F_fuse=[0.00571, 0.00497, 0.00345, 0.00264]
[ INFO : 2026-07-13 14:53:21,602 ] - Epoch 33: train==[112.53142 = 0.67720 + 1.34064 + 18.95917 + 0.00165 + 0.00000 + 0.00108 + 613.91957]
[ INFO : 2026-07-13 14:53:30,614 ] - Test_@[5, 10, 20, 50]: Recall=[0.01381, 0.02481, 0.03439, 0.06623],  precision=[0.00276, 0.00248, 0.00172, 0.00132], hit=[0.01381, 0.02481, 0.03439, 0.06623], ndcg=[0.00990, 0.01341, 0.01578, 0.02184], Train Rec Loss=[0.04815], Eval Rec Loss=[0.04791], c=[0.50000], F=[0.84740, 0.98963, 0.93037, 0.88332], F_fuse=[0.00551, 0.00495, 0.00343, 0.00265]
[ INFO : 2026-07-13 14:55:24,362 ] - Epoch 34: train==[112.37939 = 0.67448 + 1.34054 + 18.81020 + 0.00169 + 0.00000 + 0.00100 + 613.91793]
[ INFO : 2026-07-13 14:55:33,348 ] - Test_@[5, 10, 20, 50]: Recall=[0.01394, 0.02506, 0.03427, 0.06585],  precision=[0.00279, 0.00251, 0.00171, 0.00132], hit=[0.01394, 0.02506, 0.03427, 0.06585], ndcg=[0.00993, 0.01347, 0.01574, 0.02175], Train Rec Loss=[0.04819], Eval Rec Loss=[0.04780], c=[0.50000], F=[0.84523, 0.98939, 0.92988, 0.88354], F_fuse=[0.00556, 0.00500, 0.00342, 0.00263]
[ INFO : 2026-07-13 14:57:26,955 ] - Epoch 35: train==[112.22736 = 0.66929 + 1.34045 + 18.66353 + 0.00172 + 0.00000 + 0.00091 + 613.91757]
[ INFO : 2026-07-13 14:57:36,235 ] - Test_@[5, 10, 20, 50]: Recall=[0.01406, 0.02506, 0.03439, 0.06559],  precision=[0.00281, 0.00251, 0.00172, 0.00131], hit=[0.01406, 0.02506, 0.03439, 0.06559], ndcg=[0.01007, 0.01357, 0.01586, 0.02179], Train Rec Loss=[0.04814], Eval Rec Loss=[0.04780], c=[0.50000], F=[0.81209, 0.98939, 0.92984, 0.88315], F_fuse=[0.00561, 0.00500, 0.00343, 0.00262]
[ INFO : 2026-07-13 14:59:27,752 ] - Epoch 36: train==[112.15611 = 0.66307 + 1.34023 + 18.59845 + 0.00176 + 0.00000 + 0.00084 + 613.91901]
[ INFO : 2026-07-13 14:59:36,965 ] - Test_@[5, 10, 20, 50]: Recall=[0.01406, 0.02506, 0.03401, 0.06546],  precision=[0.00281, 0.00251, 0.00170, 0.00131], hit=[0.01406, 0.02506, 0.03401, 0.06546], ndcg=[0.01001, 0.01351, 0.01572, 0.02171], Train Rec Loss=[0.04819], Eval Rec Loss=[0.04786], c=[0.50000], F=[0.82573, 0.98903, 0.92947, 0.88398], F_fuse=[0.00561, 0.00500, 0.00339, 0.00261]
[ INFO : 2026-07-13 15:01:30,794 ] - Epoch 37: train==[112.15085 = 0.66301 + 1.34017 + 18.59354 + 0.00178 + 0.00000 + 0.00076 + 613.91773]
[ INFO : 2026-07-13 15:01:39,906 ] - Test_@[5, 10, 20, 50]: Recall=[0.01151, 0.02506, 0.03414, 0.06521],  precision=[0.00230, 0.00251, 0.00171, 0.00130], hit=[0.01151, 0.02506, 0.03414, 0.06521], ndcg=[0.00854, 0.01299, 0.01523, 0.02114], Train Rec Loss=[0.04818], Eval Rec Loss=[0.04785], c=[0.50000], F=[0.92818, 0.98737, 0.92882, 0.88360], F_fuse=[0.00459, 0.00500, 0.00341, 0.00260]
[ INFO : 2026-07-13 15:03:32,912 ] - Epoch 38: train==[111.99489 = 0.66061 + 1.34009 + 18.44012 + 0.00180 + 0.00000 + 0.00073 + 613.91719]
[ INFO : 2026-07-13 15:03:42,013 ] - Test_@[5, 10, 20, 50]: Recall=[0.01227, 0.02481, 0.03414, 0.06508],  precision=[0.00245, 0.00248, 0.00171, 0.00130], hit=[0.01227, 0.02481, 0.03414, 0.06508], ndcg=[0.00880, 0.01290, 0.01521, 0.02109], Train Rec Loss=[0.04807], Eval Rec Loss=[0.04786], c=[0.50000], F=[0.92306, 0.98683, 0.92878, 0.88476], F_fuse=[0.00490, 0.00495, 0.00341, 0.00260]
[ INFO : 2026-07-13 15:05:34,195 ] - Epoch 39: train==[111.91229 = 0.65612 + 1.33990 + 18.36162 + 0.00182 + 0.00000 + 0.00069 + 613.92064]
[ INFO : 2026-07-13 15:05:43,161 ] - Test_@[5, 10, 20, 50]: Recall=[0.01202, 0.02493, 0.03388, 0.06521],  precision=[0.00240, 0.00249, 0.00169, 0.00130], hit=[0.01202, 0.02493, 0.03388, 0.06521], ndcg=[0.00866, 0.01290, 0.01512, 0.02107], Train Rec Loss=[0.04815], Eval Rec Loss=[0.04782], c=[0.50000], F=[0.93616, 0.98667, 0.92845, 0.88503], F_fuse=[0.00480, 0.00497, 0.00338, 0.00260]
[ INFO : 2026-07-13 15:07:35,397 ] - Epoch 40: train==[111.80511 = 0.65233 + 1.33972 + 18.25870 + 0.00186 + 0.00000 + 0.00064 + 613.91827]
[ INFO : 2026-07-13 15:07:44,675 ] - Test_@[5, 10, 20, 50]: Recall=[0.01355, 0.02506, 0.03401, 0.06521],  precision=[0.00271, 0.00251, 0.00170, 0.00130], hit=[0.01355, 0.02506, 0.03401, 0.06521], ndcg=[0.00947, 0.01316, 0.01537, 0.02130], Train Rec Loss=[0.04816], Eval Rec Loss=[0.04772], c=[0.50000], F=[0.85641, 0.98720, 0.92836, 0.88571], F_fuse=[0.00540, 0.00500, 0.00339, 0.00260]
[ INFO : 2026-07-13 15:09:36,102 ] - Epoch 41: train==[111.68417 = 0.64923 + 1.33952 + 18.14071 + 0.00190 + 0.00000 + 0.00062 + 613.91989]
[ INFO : 2026-07-13 15:09:45,074 ] - Test_@[5, 10, 20, 50]: Recall=[0.01240, 0.02481, 0.03401, 0.06431],  precision=[0.00248, 0.00248, 0.00170, 0.00129], hit=[0.01240, 0.02481, 0.03401, 0.06431], ndcg=[0.00880, 0.01286, 0.01514, 0.02091], Train Rec Loss=[0.04812], Eval Rec Loss=[0.04788], c=[0.50000], F=[0.93370, 0.98592, 0.92741, 0.88685], F_fuse=[0.00495, 0.00495, 0.00339, 0.00257]
[ INFO : 2026-07-13 15:11:37,174 ] - Epoch 42: train==[111.57455 = 0.64604 + 1.33932 + 18.03451 + 0.00191 + 0.00000 + 0.00059 + 613.91937]
[ INFO : 2026-07-13 15:11:45,981 ] - Test_@[5, 10, 20, 50]: Recall=[0.01048, 0.02442, 0.03401, 0.06419],  precision=[0.00210, 0.00244, 0.00170, 0.00128], hit=[0.01048, 0.02442, 0.03401, 0.06419], ndcg=[0.00808, 0.01270, 0.01509, 0.02082], Train Rec Loss=[0.04800], Eval Rec Loss=[0.04783], c=[0.50000], F=[0.95239, 0.98496, 0.92733, 0.88671], F_fuse=[0.00418, 0.00487, 0.00339, 0.00256]
[ INFO : 2026-07-13 15:13:39,272 ] - Epoch 43: train==[111.41328 = 0.64497 + 1.33917 + 17.87435 + 0.00196 + 0.00000 + 0.00058 + 613.91943]
[ INFO : 2026-07-13 15:13:48,284 ] - Test_@[5, 10, 20, 50]: Recall=[0.01240, 0.02429, 0.03401, 0.06457],  precision=[0.00248, 0.00243, 0.00170, 0.00129], hit=[0.01240, 0.02429, 0.03401, 0.06457], ndcg=[0.00880, 0.01272, 0.01515, 0.02095], Train Rec Loss=[0.04802], Eval Rec Loss=[0.04774], c=[0.50000], F=[0.92485, 0.98526, 0.92731, 0.88816], F_fuse=[0.00495, 0.00485, 0.00339, 0.00258]
[ INFO : 2026-07-13 15:15:39,692 ] - Epoch 44: train==[111.37328 = 0.63681 + 1.33895 + 17.84269 + 0.00198 + 0.00000 + 0.00054 + 613.91930]
[ INFO : 2026-07-13 15:15:48,567 ] - Test_@[5, 10, 20, 50]: Recall=[0.01176, 0.02429, 0.03376, 0.06431],  precision=[0.00235, 0.00243, 0.00169, 0.00129], hit=[0.01176, 0.02429, 0.03376, 0.06431], ndcg=[0.00849, 0.01260, 0.01495, 0.02076], Train Rec Loss=[0.04809], Eval Rec Loss=[0.04781], c=[0.50000], F=[0.90466, 0.98509, 0.92708, 0.89085], F_fuse=[0.00469, 0.00485, 0.00337, 0.00257]
[ INFO : 2026-07-13 15:17:41,000 ] - Epoch 45: train==[111.21071 = 0.63910 + 1.33874 + 17.67759 + 0.00200 + 0.00000 + 0.00051 + 613.92176]
[ INFO : 2026-07-13 15:17:50,049 ] - Test_@[5, 10, 20, 50]: Recall=[0.01061, 0.02429, 0.03363, 0.06431],  precision=[0.00212, 0.00243, 0.00168, 0.00129], hit=[0.01061, 0.02429, 0.03363, 0.06431], ndcg=[0.00806, 0.01260, 0.01492, 0.02076], Train Rec Loss=[0.04806], Eval Rec Loss=[0.04785], c=[0.50000], F=[0.94214, 0.98448, 0.92704, 0.89043], F_fuse=[0.00424, 0.00485, 0.00336, 0.00257]
[ INFO : 2026-07-13 15:19:42,875 ] - Epoch 46: train==[111.29753 = 0.63409 + 1.33853 + 17.76950 + 0.00202 + 0.00000 + 0.00049 + 613.92209]
[ INFO : 2026-07-13 15:19:51,839 ] - Test_@[5, 10, 20, 50]: Recall=[0.01317, 0.02455, 0.03363, 0.06419],  precision=[0.00263, 0.00245, 0.00168, 0.00128], hit=[0.01317, 0.02455, 0.03363, 0.06419], ndcg=[0.00920, 0.01289, 0.01514, 0.02095], Train Rec Loss=[0.04804], Eval Rec Loss=[0.04778], c=[0.50000], F=[0.90325, 0.98446, 0.92693, 0.88973], F_fuse=[0.00525, 0.00490, 0.00336, 0.00256]
[ INFO : 2026-07-13 15:21:45,172 ] - Epoch 47: train==[111.04402 = 0.63692 + 1.33822 + 17.51332 + 0.00204 + 0.00000 + 0.00048 + 613.92210]
[ INFO : 2026-07-13 15:21:54,126 ] - Test_@[5, 10, 20, 50]: Recall=[0.01240, 0.02455, 0.03350, 0.06406],  precision=[0.00248, 0.00245, 0.00167, 0.00128], hit=[0.01240, 0.02455, 0.03350, 0.06406], ndcg=[0.00884, 0.01284, 0.01507, 0.02088], Train Rec Loss=[0.04812], Eval Rec Loss=[0.04776], c=[0.50000], F=[0.91383, 0.98440, 0.92719, 0.88979], F_fuse=[0.00495, 0.00490, 0.00334, 0.00256]
[ INFO : 2026-07-13 15:23:46,132 ] - Epoch 48: train==[110.94643 = 0.63253 + 1.33794 + 17.42005 + 0.00207 + 0.00000 + 0.00048 + 613.92355]
[ INFO : 2026-07-13 15:23:54,979 ] - Test_@[5, 10, 20, 50]: Recall=[0.01023, 0.02417, 0.03337, 0.06431],  precision=[0.00205, 0.00242, 0.00167, 0.00129], hit=[0.01023, 0.02417, 0.03337, 0.06431], ndcg=[0.00789, 0.01254, 0.01483, 0.02071], Train Rec Loss=[0.04803], Eval Rec Loss=[0.04778], c=[0.50000], F=[0.95041, 0.98216, 0.92635, 0.88856], F_fuse=[0.00408, 0.00482, 0.00333, 0.00257]
[ INFO : 2026-07-13 15:25:47,233 ] - Epoch 49: train==[110.94215 = 0.62292 + 1.33767 + 17.42610 + 0.00210 + 0.00000 + 0.00044 + 613.91981]
[ INFO : 2026-07-13 15:25:56,114 ] - Test_@[5, 10, 20, 50]: Recall=[0.01240, 0.02417, 0.03324, 0.06367],  precision=[0.00248, 0.00242, 0.00166, 0.00127], hit=[0.01240, 0.02417, 0.03324, 0.06367], ndcg=[0.00879, 0.01267, 0.01493, 0.02071], Train Rec Loss=[0.04809], Eval Rec Loss=[0.04780], c=[0.50000], F=[0.91571, 0.98341, 0.92684, 0.88834], F_fuse=[0.00495, 0.00482, 0.00332, 0.00254]
[ INFO : 2026-07-13 15:27:48,645 ] - Epoch 50: train==[110.81396 = 0.61905 + 1.33740 + 17.30195 + 0.00210 + 0.00000 + 0.00043 + 613.91984]
[ INFO : 2026-07-13 15:27:57,502 ] - Test_@[5, 10, 20, 50]: Recall=[0.01189, 0.02417, 0.03337, 0.06329],  precision=[0.00238, 0.00242, 0.00167, 0.00127], hit=[0.01189, 0.02417, 0.03337, 0.06329], ndcg=[0.00857, 0.01265, 0.01494, 0.02062], Train Rec Loss=[0.04809], Eval Rec Loss=[0.04778], c=[0.50000], F=[0.93299, 0.98165, 0.92664, 0.88938], F_fuse=[0.00474, 0.00482, 0.00333, 0.00253]
[ INFO : 2026-07-13 15:29:50,820 ] - Epoch 51: train==[110.64119 = 0.61946 + 1.33712 + 17.12890 + 0.00216 + 0.00000 + 0.00043 + 613.91975]
[ INFO : 2026-07-13 15:29:59,802 ] - Test_@[5, 10, 20, 50]: Recall=[0.01112, 0.02417, 0.03337, 0.06278],  precision=[0.00222, 0.00242, 0.00167, 0.00126], hit=[0.01112, 0.02417, 0.03337, 0.06278], ndcg=[0.00827, 0.01260, 0.01489, 0.02047], Train Rec Loss=[0.04810], Eval Rec Loss=[0.04784], c=[0.50000], F=[0.93386, 0.98247, 0.92673, 0.88871], F_fuse=[0.00444, 0.00482, 0.00333, 0.00251]
[ INFO : 2026-07-13 15:31:52,183 ] - Epoch 52: train==[110.63447 = 0.61464 + 1.33657 + 17.12724 + 0.00219 + 0.00000 + 0.00041 + 613.92028]
[ INFO : 2026-07-13 15:32:01,278 ] - Test_@[5, 10, 20, 50]: Recall=[0.01100, 0.02417, 0.03312, 0.06329],  precision=[0.00220, 0.00242, 0.00166, 0.00127], hit=[0.01100, 0.02417, 0.03312, 0.06329], ndcg=[0.00817, 0.01255, 0.01477, 0.02050], Train Rec Loss=[0.04812], Eval Rec Loss=[0.04776], c=[0.50000], F=[0.93497, 0.98100, 0.92597, 0.88810], F_fuse=[0.00439, 0.00482, 0.00331, 0.00253]
[ INFO : 2026-07-13 15:33:54,449 ] - Epoch 53: train==[110.65088 = 0.61856 + 1.33625 + 17.13985 + 0.00217 + 0.00000 + 0.00040 + 613.92104]
[ INFO : 2026-07-13 15:34:03,584 ] - Test_@[5, 10, 20, 50]: Recall=[0.01036, 0.02365, 0.03299, 0.06265],  precision=[0.00207, 0.00237, 0.00165, 0.00125], hit=[0.01036, 0.02365, 0.03299, 0.06265], ndcg=[0.00789, 0.01234, 0.01467, 0.02031], Train Rec Loss=[0.04806], Eval Rec Loss=[0.04775], c=[0.50000], F=[0.93894, 0.97980, 0.92604, 0.88843], F_fuse=[0.00413, 0.00472, 0.00329, 0.00250]
[ INFO : 2026-07-13 15:35:55,876 ] - Epoch 54: train==[110.45140 = 0.61435 + 1.33586 + 16.94468 + 0.00221 + 0.00000 + 0.00040 + 613.92160]
[ INFO : 2026-07-13 15:36:04,845 ] - Test_@[5, 10, 20, 50]: Recall=[0.01087, 0.02378, 0.03286, 0.06265],  precision=[0.00217, 0.00238, 0.00164, 0.00125], hit=[0.01087, 0.02378, 0.03286, 0.06265], ndcg=[0.00810, 0.01241, 0.01468, 0.02034], Train Rec Loss=[0.04810], Eval Rec Loss=[0.04793], c=[0.50000], F=[0.93628, 0.97975, 0.92582, 0.88828], F_fuse=[0.00434, 0.00474, 0.00328, 0.00250]
[ INFO : 2026-07-13 15:37:57,420 ] - Epoch 55: train==[110.39323 = 0.60929 + 1.33544 + 16.89198 + 0.00222 + 0.00000 + 0.00039 + 613.92060]
[ INFO : 2026-07-13 15:38:06,652 ] - Test_@[5, 10, 20, 50]: Recall=[0.01100, 0.02391, 0.03299, 0.06150],  precision=[0.00220, 0.00239, 0.00165, 0.00123], hit=[0.01100, 0.02391, 0.03299, 0.06150], ndcg=[0.00813, 0.01242, 0.01468, 0.02010], Train Rec Loss=[0.04803], Eval Rec Loss=[0.04794], c=[0.50000], F=[0.92284, 0.98179, 0.92586, 0.88772], F_fuse=[0.00439, 0.00477, 0.00329, 0.00246]
[ INFO : 2026-07-13 15:39:59,015 ] - Epoch 56: train==[110.33156 = 0.60403 + 1.33498 + 16.83587 + 0.00224 + 0.00000 + 0.00038 + 613.92034]
[ INFO : 2026-07-13 15:40:07,885 ] - Test_@[5, 10, 20, 50]: Recall=[0.00997, 0.02353, 0.03299, 0.06099],  precision=[0.00199, 0.00235, 0.00165, 0.00122], hit=[0.00997, 0.02353, 0.03299, 0.06099], ndcg=[0.00775, 0.01227, 0.01464, 0.01997], Train Rec Loss=[0.04818], Eval Rec Loss=[0.04784], c=[0.50000], F=[0.93379, 0.97546, 0.92510, 0.88785], F_fuse=[0.00398, 0.00469, 0.00329, 0.00244]
[ INFO : 2026-07-13 15:41:59,938 ] - Epoch 57: train==[110.15793 = 0.60311 + 1.33439 + 16.66359 + 0.00228 + 0.00000 + 0.00037 + 613.91954]
[ INFO : 2026-07-13 15:42:08,821 ] - Test_@[5, 10, 20, 50]: Recall=[0.01048, 0.02353, 0.03312, 0.06188],  precision=[0.00210, 0.00235, 0.00166, 0.00124], hit=[0.01048, 0.02353, 0.03312, 0.06188], ndcg=[0.00787, 0.01222, 0.01462, 0.02009], Train Rec Loss=[0.04811], Eval Rec Loss=[0.04779], c=[0.50000], F=[0.93760, 0.98004, 0.92629, 0.88812], F_fuse=[0.00418, 0.00469, 0.00331, 0.00247]
[ INFO : 2026-07-13 15:44:00,744 ] - Epoch 58: train==[110.09113 = 0.60300 + 1.33379 + 16.59687 + 0.00230 + 0.00000 + 0.00037 + 613.92207]
[ INFO : 2026-07-13 15:44:09,651 ] - Test_@[5, 10, 20, 50]: Recall=[0.01125, 0.02353, 0.03299, 0.06099],  precision=[0.00225, 0.00235, 0.00165, 0.00122], hit=[0.01125, 0.02353, 0.03299, 0.06099], ndcg=[0.00823, 0.01231, 0.01469, 0.02001], Train Rec Loss=[0.04814], Eval Rec Loss=[0.04785], c=[0.50000], F=[0.92503, 0.97705, 0.92474, 0.88967], F_fuse=[0.00449, 0.00469, 0.00329, 0.00244]
[ INFO : 2026-07-13 15:46:03,713 ] - Epoch 59: train==[109.99949 = 0.59851 + 1.33324 + 16.50969 + 0.00232 + 0.00000 + 0.00036 + 613.92447]
[ INFO : 2026-07-13 15:46:13,002 ] - Test_@[5, 10, 20, 50]: Recall=[0.01023, 0.02404, 0.03312, 0.06163],  precision=[0.00205, 0.00240, 0.00166, 0.00123], hit=[0.01023, 0.02404, 0.03312, 0.06163], ndcg=[0.00773, 0.01231, 0.01456, 0.01998], Train Rec Loss=[0.04810], Eval Rec Loss=[0.04797], c=[0.50000], F=[0.93782, 0.98042, 0.92605, 0.88884], F_fuse=[0.00408, 0.00480, 0.00331, 0.00246]
[ INFO : 2026-07-13 15:48:05,975 ] - Epoch 60: train==[110.02104 = 0.59455 + 1.33251 + 16.53603 + 0.00234 + 0.00000 + 0.00035 + 613.92169]
[ INFO : 2026-07-13 15:48:14,988 ] - Test_@[5, 10, 20, 50]: Recall=[0.00997, 0.02404, 0.03273, 0.06137],  precision=[0.00199, 0.00240, 0.00164, 0.00123], hit=[0.00997, 0.02404, 0.03273, 0.06137], ndcg=[0.00767, 0.01232, 0.01449, 0.01995], Train Rec Loss=[0.04826], Eval Rec Loss=[0.04793], c=[0.50000], F=[0.93638, 0.97563, 0.92435, 0.88927], F_fuse=[0.00398, 0.00480, 0.00327, 0.00245]
[ INFO : 2026-07-13 15:50:07,820 ] - Epoch 61: train==[109.99998 = 0.59382 + 1.33170 + 16.51664 + 0.00235 + 0.00000 + 0.00034 + 613.91869]
[ INFO : 2026-07-13 15:50:17,097 ] - Test_@[5, 10, 20, 50]: Recall=[0.01074, 0.02340, 0.03286, 0.06150],  precision=[0.00215, 0.00234, 0.00164, 0.00123], hit=[0.01074, 0.02340, 0.03286, 0.06150], ndcg=[0.00799, 0.01220, 0.01458, 0.02004], Train Rec Loss=[0.04822], Eval Rec Loss=[0.04792], c=[0.50000], F=[0.92871, 0.97630, 0.92510, 0.88981], F_fuse=[0.00429, 0.00467, 0.00328, 0.00246]
[ INFO : 2026-07-13 15:52:11,045 ] - Epoch 62: train==[109.88272 = 0.59136 + 1.33071 + 16.40209 + 0.00236 + 0.00000 + 0.00034 + 613.92099]
[ INFO : 2026-07-13 15:52:20,360 ] - Test_@[5, 10, 20, 50]: Recall=[0.01023, 0.02365, 0.03286, 0.06125],  precision=[0.00205, 0.00237, 0.00164, 0.00122], hit=[0.01023, 0.02365, 0.03286, 0.06125], ndcg=[0.00771, 0.01216, 0.01446, 0.01987], Train Rec Loss=[0.04827], Eval Rec Loss=[0.04789], c=[0.50000], F=[0.93014, 0.97471, 0.92534, 0.89018], F_fuse=[0.00408, 0.00472, 0.00328, 0.00245]
[ INFO : 2026-07-13 15:54:13,264 ] - Epoch 63: train==[109.76132 = 0.58778 + 1.32973 + 16.28494 + 0.00240 + 0.00000 + 0.00033 + 613.92010]
[ INFO : 2026-07-13 15:54:22,297 ] - Test_@[5, 10, 20, 50]: Recall=[0.01061, 0.02289, 0.03235, 0.06073],  precision=[0.00212, 0.00229, 0.00162, 0.00121], hit=[0.01061, 0.02289, 0.03235, 0.06073], ndcg=[0.00788, 0.01194, 0.01433, 0.01975], Train Rec Loss=[0.04820], Eval Rec Loss=[0.04790], c=[0.50000], F=[0.90776, 0.96963, 0.92290, 0.88947], F_fuse=[0.00424, 0.00457, 0.00323, 0.00243]
[ INFO : 2026-07-13 15:56:17,285 ] - Epoch 64: train==[109.74076 = 0.58981 + 1.32872 + 16.26255 + 0.00240 + 0.00000 + 0.00033 + 613.92286]
[ INFO : 2026-07-13 15:56:26,235 ] - Test_@[5, 10, 20, 50]: Recall=[0.01125, 0.02301, 0.03197, 0.06137],  precision=[0.00225, 0.00230, 0.00160, 0.00123], hit=[0.01125, 0.02301, 0.03197, 0.06137], ndcg=[0.00808, 0.01194, 0.01417, 0.01981], Train Rec Loss=[0.04833], Eval Rec Loss=[0.04802], c=[0.50000], F=[0.89306, 0.96381, 0.92051, 0.89019], F_fuse=[0.00449, 0.00459, 0.00319, 0.00245]
[ INFO : 2026-07-13 15:58:18,508 ] - Epoch 65: train==[109.68573 = 0.58621 + 1.32776 + 16.21238 + 0.00243 + 0.00000 + 0.00032 + 613.91825]
[ INFO : 2026-07-13 15:58:27,468 ] - Test_@[5, 10, 20, 50]: Recall=[0.01023, 0.02314, 0.03235, 0.06048],  precision=[0.00205, 0.00231, 0.00162, 0.00121], hit=[0.01023, 0.02314, 0.03235, 0.06048], ndcg=[0.00773, 0.01200, 0.01430, 0.01969], Train Rec Loss=[0.04829], Eval Rec Loss=[0.04799], c=[0.50000], F=[0.92858, 0.96997, 0.92251, 0.88955], F_fuse=[0.00408, 0.00462, 0.00323, 0.00242]
[ INFO : 2026-07-13 16:00:20,587 ] - Epoch 66: train==[109.47906 = 0.58124 + 1.32646 + 16.01105 + 0.00245 + 0.00000 + 0.00032 + 613.92085]
[ INFO : 2026-07-13 16:00:29,878 ] - Test_@[5, 10, 20, 50]: Recall=[0.01048, 0.02250, 0.03171, 0.06086],  precision=[0.00210, 0.00225, 0.00159, 0.00122], hit=[0.01048, 0.02250, 0.03171, 0.06086], ndcg=[0.00784, 0.01180, 0.01413, 0.01972], Train Rec Loss=[0.04835], Eval Rec Loss=[0.04812], c=[0.50000], F=[0.90927, 0.96699, 0.92240, 0.88904], F_fuse=[0.00418, 0.00449, 0.00317, 0.00243]
[ INFO : 2026-07-13 16:02:21,894 ] - Epoch 67: train==[109.55323 = 0.57976 + 1.32499 + 16.08755 + 0.00246 + 0.00000 + 0.00031 + 613.92104]
[ INFO : 2026-07-13 16:02:30,901 ] - Test_@[5, 10, 20, 50]: Recall=[0.01125, 0.02289, 0.03260, 0.05997],  precision=[0.00225, 0.00229, 0.00163, 0.00120], hit=[0.01125, 0.02289, 0.03260, 0.05997], ndcg=[0.00815, 0.01198, 0.01441, 0.01965], Train Rec Loss=[0.04825], Eval Rec Loss=[0.04805], c=[0.50000], F=[0.88641, 0.96418, 0.92212, 0.89060], F_fuse=[0.00449, 0.00457, 0.00325, 0.00240]
[ INFO : 2026-07-13 16:04:23,424 ] - Epoch 68: train==[109.38161 = 0.57699 + 1.32347 + 15.91982 + 0.00249 + 0.00000 + 0.00031 + 613.91944]
[ INFO : 2026-07-13 16:04:32,276 ] - Test_@[5, 10, 20, 50]: Recall=[0.01087, 0.02314, 0.03260, 0.06125],  precision=[0.00217, 0.00231, 0.00163, 0.00122], hit=[0.01087, 0.02314, 0.03260, 0.06125], ndcg=[0.00794, 0.01197, 0.01435, 0.01982], Train Rec Loss=[0.04837], Eval Rec Loss=[0.04808], c=[0.50000], F=[0.89549, 0.96677, 0.92017, 0.88991], F_fuse=[0.00434, 0.00462, 0.00325, 0.00245]
[ INFO : 2026-07-13 16:06:27,038 ] - Epoch 69: train==[109.42457 = 0.57462 + 1.32167 + 15.96643 + 0.00249 + 0.00000 + 0.00031 + 613.91815]
[ INFO : 2026-07-13 16:06:36,294 ] - Test_@[5, 10, 20, 50]: Recall=[0.01061, 0.02327, 0.03273, 0.06099],  precision=[0.00212, 0.00233, 0.00164, 0.00122], hit=[0.01061, 0.02327, 0.03273, 0.06099], ndcg=[0.00787, 0.01205, 0.01439, 0.01977], Train Rec Loss=[0.04847], Eval Rec Loss=[0.04818], c=[0.50000], F=[0.91240, 0.96471, 0.92087, 0.89056], F_fuse=[0.00424, 0.00464, 0.00327, 0.00244]
[ INFO : 2026-07-13 16:08:28,976 ] - Epoch 70: train==[109.25386 = 0.57816 + 1.31991 + 15.79317 + 0.00252 + 0.00000 + 0.00030 + 613.91845]
[ INFO : 2026-07-13 16:08:38,274 ] - Test_@[5, 10, 20, 50]: Recall=[0.01189, 0.02340, 0.03184, 0.06112],  precision=[0.00238, 0.00234, 0.00159, 0.00122], hit=[0.01189, 0.02340, 0.03184, 0.06112], ndcg=[0.00833, 0.01210, 0.01421, 0.01982], Train Rec Loss=[0.04850], Eval Rec Loss=[0.04819], c=[0.50000], F=[0.89082, 0.96418, 0.91944, 0.88984], F_fuse=[0.00474, 0.00467, 0.00318, 0.00244]
[ INFO : 2026-07-13 16:10:29,715 ] - Epoch 71: train==[109.15368 = 0.57031 + 1.31783 + 15.70159 + 0.00254 + 0.00000 + 0.00030 + 613.92159]
[ INFO : 2026-07-13 16:10:38,561 ] - Test_@[5, 10, 20, 50]: Recall=[0.01061, 0.02327, 0.03248, 0.06099],  precision=[0.00212, 0.00233, 0.00162, 0.00122], hit=[0.01061, 0.02327, 0.03248, 0.06099], ndcg=[0.00786, 0.01203, 0.01434, 0.01978], Train Rec Loss=[0.04868], Eval Rec Loss=[0.04819], c=[0.50000], F=[0.90729, 0.96902, 0.92054, 0.88902], F_fuse=[0.00424, 0.00464, 0.00324, 0.00244]
[ INFO : 2026-07-13 16:12:30,755 ] - Epoch 72: train==[109.06373 = 0.56756 + 1.31567 + 15.61555 + 0.00256 + 0.00000 + 0.00030 + 613.92234]
[ INFO : 2026-07-13 16:12:39,637 ] - Test_@[5, 10, 20, 50]: Recall=[0.01112, 0.02238, 0.03184, 0.06163],  precision=[0.00222, 0.00224, 0.00159, 0.00123], hit=[0.01112, 0.02238, 0.03184, 0.06163], ndcg=[0.00802, 0.01172, 0.01409, 0.01979], Train Rec Loss=[0.04860], Eval Rec Loss=[0.04837], c=[0.50000], F=[0.88682, 0.95784, 0.91927, 0.88902], F_fuse=[0.00444, 0.00446, 0.00318, 0.00246]
[ INFO : 2026-07-13 16:14:31,794 ] - Epoch 73: train==[109.09845 = 0.56847 + 1.31325 + 15.65163 + 0.00257 + 0.00000 + 0.00030 + 613.91687]
[ INFO : 2026-07-13 16:14:41,147 ] - Test_@[5, 10, 20, 50]: Recall=[0.01189, 0.02059, 0.03056, 0.06022],  precision=[0.00238, 0.00206, 0.00153, 0.00120], hit=[0.01189, 0.02059, 0.03056, 0.06022], ndcg=[0.00835, 0.01120, 0.01372, 0.01942], Train Rec Loss=[0.04873], Eval Rec Loss=[0.04845], c=[0.50000], F=[0.84060, 0.93058, 0.91192, 0.88839], F_fuse=[0.00474, 0.00411, 0.00305, 0.00241]
[ INFO : 2026-07-13 16:16:33,785 ] - Epoch 74: train==[109.04298 = 0.56599 + 1.31072 + 15.59978 + 0.00258 + 0.00000 + 0.00029 + 613.91937]
[ INFO : 2026-07-13 16:16:43,068 ] - Test_@[5, 10, 20, 50]: Recall=[0.01112, 0.02135, 0.03030, 0.06061],  precision=[0.00222, 0.00214, 0.00152, 0.00121], hit=[0.01112, 0.02135, 0.03030, 0.06061], ndcg=[0.00797, 0.01136, 0.01362, 0.01946], Train Rec Loss=[0.04887], Eval Rec Loss=[0.04852], c=[0.50000], F=[0.86547, 0.94644, 0.91694, 0.88815], F_fuse=[0.00444, 0.00426, 0.00303, 0.00242]
[ INFO : 2026-07-13 16:18:36,082 ] - Epoch 75: train==[108.84944 = 0.56692 + 1.30792 + 15.40690 + 0.00259 + 0.00000 + 0.00029 + 613.91985]
[ INFO : 2026-07-13 16:18:44,974 ] - Test_@[5, 10, 20, 50]: Recall=[0.01036, 0.02289, 0.03158, 0.06073],  precision=[0.00207, 0.00229, 0.00158, 0.00121], hit=[0.01036, 0.02289, 0.03158, 0.06073], ndcg=[0.00771, 0.01179, 0.01396, 0.01955], Train Rec Loss=[0.04899], Eval Rec Loss=[0.04856], c=[0.50000], F=[0.90441, 0.96273, 0.91863, 0.88798], F_fuse=[0.00413, 0.00457, 0.00315, 0.00243]
[ INFO : 2026-07-13 16:20:37,557 ] - Epoch 76: train==[108.79442 = 0.56452 + 1.30489 + 15.35602 + 0.00261 + 0.00000 + 0.00029 + 613.92027]
[ INFO : 2026-07-13 16:20:46,413 ] - Test_@[5, 10, 20, 50]: Recall=[0.01100, 0.02148, 0.03069, 0.06061],  precision=[0.00220, 0.00215, 0.00153, 0.00121], hit=[0.01100, 0.02148, 0.03069, 0.06061], ndcg=[0.00798, 0.01144, 0.01376, 0.01951], Train Rec Loss=[0.04894], Eval Rec Loss=[0.04879], c=[0.50000], F=[0.86355, 0.94035, 0.91505, 0.88826], F_fuse=[0.00439, 0.00429, 0.00306, 0.00242]
[ INFO : 2026-07-13 16:22:38,917 ] - Epoch 77: train==[108.79443 = 0.56066 + 1.30174 + 15.36219 + 0.00264 + 0.00000 + 0.00028 + 613.91747]
[ INFO : 2026-07-13 16:22:47,862 ] - Test_@[5, 10, 20, 50]: Recall=[0.01125, 0.02186, 0.03043, 0.06009],  precision=[0.00225, 0.00219, 0.00152, 0.00120], hit=[0.01125, 0.02186, 0.03043, 0.06009], ndcg=[0.00801, 0.01150, 0.01367, 0.01938], Train Rec Loss=[0.04908], Eval Rec Loss=[0.04908], c=[0.50000], F=[0.86944, 0.95004, 0.91556, 0.88753], F_fuse=[0.00449, 0.00436, 0.00304, 0.00240]
[ INFO : 2026-07-13 16:24:41,434 ] - Epoch 78: train==[108.64649 = 0.55912 + 1.29806 + 15.21746 + 0.00266 + 0.00000 + 0.00028 + 613.92086]
[ INFO : 2026-07-13 16:24:50,470 ] - Test_@[5, 10, 20, 50]: Recall=[0.01151, 0.02097, 0.03005, 0.05958],  precision=[0.00230, 0.00210, 0.00150, 0.00119], hit=[0.01151, 0.02097, 0.03005, 0.05958], ndcg=[0.00804, 0.01116, 0.01343, 0.01910], Train Rec Loss=[0.04922], Eval Rec Loss=[0.04899], c=[0.50000], F=[0.85818, 0.93476, 0.91306, 0.88694], F_fuse=[0.00459, 0.00418, 0.00300, 0.00238]
[ INFO : 2026-07-13 16:26:41,931 ] - Epoch 79: train==[108.65153 = 0.55909 + 1.29473 + 15.22519 + 0.00266 + 0.00000 + 0.00028 + 613.91648]
[ INFO : 2026-07-13 16:26:50,756 ] - Test_@[5, 10, 20, 50]: Recall=[0.01087, 0.02097, 0.02979, 0.05946],  precision=[0.00217, 0.00210, 0.00149, 0.00119], hit=[0.01087, 0.02097, 0.02979, 0.05946], ndcg=[0.00772, 0.01104, 0.01327, 0.01898], Train Rec Loss=[0.04933], Eval Rec Loss=[0.04908], c=[0.50000], F=[0.88692, 0.93674, 0.91013, 0.88684], F_fuse=[0.00434, 0.00418, 0.00297, 0.00238]
[ INFO : 2026-07-13 16:28:43,832 ] - Epoch 80: train==[108.55207 = 0.55853 + 1.29049 + 15.12830 + 0.00268 + 0.00000 + 0.00028 + 613.91986]
[ INFO : 2026-07-13 16:28:52,762 ] - Test_@[5, 10, 20, 50]: Recall=[0.01151, 0.02238, 0.03043, 0.05971],  precision=[0.00230, 0.00224, 0.00152, 0.00119], hit=[0.01151, 0.02238, 0.03043, 0.05971], ndcg=[0.00799, 0.01155, 0.01357, 0.01919], Train Rec Loss=[0.04971], Eval Rec Loss=[0.04919], c=[0.50000], F=[0.88331, 0.95641, 0.91507, 0.88846], F_fuse=[0.00459, 0.00446, 0.00304, 0.00239]
[ INFO : 2026-07-13 16:30:45,831 ] - Epoch 81: train==[108.53915 = 0.55356 + 1.28615 + 15.12309 + 0.00268 + 0.00000 + 0.00027 + 613.91898]
[ INFO : 2026-07-13 16:30:54,767 ] - Test_@[5, 10, 20, 50]: Recall=[0.01087, 0.02110, 0.02941, 0.05920],  precision=[0.00217, 0.00211, 0.00147, 0.00118], hit=[0.01087, 0.02110, 0.02941, 0.05920], ndcg=[0.00783, 0.01120, 0.01328, 0.01902], Train Rec Loss=[0.04959], Eval Rec Loss=[0.04947], c=[0.50000], F=[0.87087, 0.92982, 0.91039, 0.88694], F_fuse=[0.00434, 0.00421, 0.00294, 0.00236]
[ INFO : 2026-07-13 16:32:47,499 ] - Epoch 82: train==[108.39066 = 0.55666 + 1.28279 + 14.97380 + 0.00271 + 0.00000 + 0.00028 + 613.91692]
[ INFO : 2026-07-13 16:32:56,368 ] - Test_@[5, 10, 20, 50]: Recall=[0.01202, 0.02186, 0.03043, 0.05882],  precision=[0.00240, 0.00219, 0.00152, 0.00118], hit=[0.01202, 0.02186, 0.03043, 0.05882], ndcg=[0.00822, 0.01142, 0.01357, 0.01903], Train Rec Loss=[0.04989], Eval Rec Loss=[0.04948], c=[0.50000], F=[0.87193, 0.94123, 0.90967, 0.88682], F_fuse=[0.00479, 0.00436, 0.00304, 0.00235]
[ INFO : 2026-07-13 16:34:48,509 ] - Epoch 83: train==[108.32691 = 0.55439 + 1.27803 + 14.91515 + 0.00272 + 0.00000 + 0.00027 + 613.91701]
[ INFO : 2026-07-13 16:34:57,797 ] - Test_@[5, 10, 20, 50]: Recall=[0.01151, 0.02135, 0.02941, 0.05818],  precision=[0.00230, 0.00214, 0.00147, 0.00116], hit=[0.01151, 0.02135, 0.02941, 0.05818], ndcg=[0.00809, 0.01132, 0.01334, 0.01890], Train Rec Loss=[0.05016], Eval Rec Loss=[0.04983], c=[0.50000], F=[0.84150, 0.92044, 0.90581, 0.88564], F_fuse=[0.00459, 0.00426, 0.00294, 0.00232]
[ INFO : 2026-07-13 16:36:50,239 ] - Epoch 84: train==[108.31108 = 0.55359 + 1.27384 + 14.90221 + 0.00274 + 0.00000 + 0.00027 + 613.91973]
[ INFO : 2026-07-13 16:36:59,396 ] - Test_@[5, 10, 20, 50]: Recall=[0.01112, 0.02059, 0.02902, 0.05792],  precision=[0.00222, 0.00206, 0.00145, 0.00116], hit=[0.01112, 0.02059, 0.02902, 0.05792], ndcg=[0.00787, 0.01098, 0.01310, 0.01868], Train Rec Loss=[0.05021], Eval Rec Loss=[0.04980], c=[0.50000], F=[0.83964, 0.91401, 0.90426, 0.88643], F_fuse=[0.00444, 0.00411, 0.00290, 0.00231]
[ INFO : 2026-07-13 16:38:52,482 ] - Epoch 85: train==[108.27072 = 0.55536 + 1.26982 + 14.86298 + 0.00276 + 0.00000 + 0.00027 + 613.91641]
[ INFO : 2026-07-13 16:39:01,395 ] - Test_@[5, 10, 20, 50]: Recall=[0.01138, 0.02161, 0.02979, 0.05830],  precision=[0.00228, 0.00216, 0.00149, 0.00117], hit=[0.01138, 0.02161, 0.02979, 0.05830], ndcg=[0.00802, 0.01138, 0.01342, 0.01890], Train Rec Loss=[0.05025], Eval Rec Loss=[0.04997], c=[0.50000], F=[0.86678, 0.93738, 0.91156, 0.88710], F_fuse=[0.00454, 0.00431, 0.00297, 0.00233]
[ INFO : 2026-07-13 16:40:54,544 ] - Epoch 86: train==[108.08431 = 0.54869 + 1.26548 + 14.68586 + 0.00277 + 0.00000 + 0.00027 + 613.91623]
[ INFO : 2026-07-13 16:41:03,763 ] - Test_@[5, 10, 20, 50]: Recall=[0.01087, 0.02135, 0.02954, 0.05703],  precision=[0.00217, 0.00214, 0.00148, 0.00114], hit=[0.01087, 0.02135, 0.02954, 0.05703], ndcg=[0.00784, 0.01126, 0.01331, 0.01862], Train Rec Loss=[0.05035], Eval Rec Loss=[0.05042], c=[0.50000], F=[0.84802, 0.92242, 0.90380, 0.88635], F_fuse=[0.00434, 0.00426, 0.00295, 0.00228]
[ INFO : 2026-07-13 16:42:57,518 ] - Epoch 87: train==[108.02139 = 0.55034 + 1.26072 + 14.62429 + 0.00279 + 0.00000 + 0.00027 + 613.91517]
[ INFO : 2026-07-13 16:43:06,379 ] - Test_@[5, 10, 20, 50]: Recall=[0.01100, 0.02059, 0.02902, 0.05728],  precision=[0.00220, 0.00206, 0.00145, 0.00115], hit=[0.01100, 0.02059, 0.02902, 0.05728], ndcg=[0.00778, 0.01092, 0.01306, 0.01853], Train Rec Loss=[0.05082], Eval Rec Loss=[0.05053], c=[0.50000], F=[0.86231, 0.92560, 0.90935, 0.88833], F_fuse=[0.00439, 0.00411, 0.00290, 0.00229]
[ INFO : 2026-07-13 16:44:58,657 ] - Epoch 88: train==[108.00058 = 0.54718 + 1.25578 + 14.60929 + 0.00279 + 0.00000 + 0.00026 + 613.91720]
[ INFO : 2026-07-13 16:45:07,932 ] - Test_@[5, 10, 20, 50]: Recall=[0.01189, 0.02097, 0.02902, 0.05741],  precision=[0.00238, 0.00210, 0.00145, 0.00115], hit=[0.01189, 0.02097, 0.02902, 0.05741], ndcg=[0.00812, 0.01107, 0.01309, 0.01858], Train Rec Loss=[0.05094], Eval Rec Loss=[0.05084], c=[0.50000], F=[0.82804, 0.90792, 0.90057, 0.88704], F_fuse=[0.00474, 0.00418, 0.00290, 0.00229]
[ INFO : 2026-07-13 16:46:59,713 ] - Epoch 89: train==[107.93871 = 0.54775 + 1.25136 + 14.54962 + 0.00282 + 0.00000 + 0.00026 + 613.91622]
[ INFO : 2026-07-13 16:47:08,597 ] - Test_@[5, 10, 20, 50]: Recall=[0.01151, 0.02020, 0.02915, 0.05818],  precision=[0.00230, 0.00202, 0.00146, 0.00116], hit=[0.01151, 0.02020, 0.02915, 0.05818], ndcg=[0.00794, 0.01079, 0.01303, 0.01861], Train Rec Loss=[0.05117], Eval Rec Loss=[0.05093], c=[0.50000], F=[0.81557, 0.88842, 0.89398, 0.88676], F_fuse=[0.00459, 0.00403, 0.00291, 0.00232]
[ INFO : 2026-07-13 16:49:01,343 ] - Epoch 90: train==[107.93560 = 0.54947 + 1.24639 + 14.54777 + 0.00281 + 0.00000 + 0.00026 + 613.91644]
[ INFO : 2026-07-13 16:49:10,331 ] - Test_@[5, 10, 20, 50]: Recall=[0.01138, 0.02135, 0.02928, 0.05805],  precision=[0.00228, 0.00214, 0.00146, 0.00116], hit=[0.01138, 0.02135, 0.02928, 0.05805], ndcg=[0.00781, 0.01111, 0.01310, 0.01865], Train Rec Loss=[0.05135], Eval Rec Loss=[0.05124], c=[0.50000], F=[0.86372, 0.94053, 0.90898, 0.88892], F_fuse=[0.00454, 0.00426, 0.00292, 0.00232]
[ INFO : 2026-07-13 16:51:02,528 ] - Epoch 91: train==[107.81957 = 0.54711 + 1.24226 + 14.43696 + 0.00283 + 0.00000 + 0.00026 + 613.91365]
[ INFO : 2026-07-13 16:51:11,410 ] - Test_@[5, 10, 20, 50]: Recall=[0.01215, 0.01982, 0.02813, 0.05703],  precision=[0.00243, 0.00198, 0.00141, 0.00114], hit=[0.01215, 0.01982, 0.02813, 0.05703], ndcg=[0.00814, 0.01061, 0.01271, 0.01830], Train Rec Loss=[0.05146], Eval Rec Loss=[0.05134], c=[0.50000], F=[0.82065, 0.89208, 0.89465, 0.88814], F_fuse=[0.00484, 0.00395, 0.00281, 0.00228]
[ INFO : 2026-07-13 16:53:03,367 ] - Epoch 92: train==[107.78636 = 0.54336 + 1.23722 + 14.41049 + 0.00285 + 0.00000 + 0.00026 + 613.91375]
[ INFO : 2026-07-13 16:53:12,429 ] - Test_@[5, 10, 20, 50]: Recall=[0.01112, 0.02110, 0.02992, 0.05805],  precision=[0.00222, 0.00211, 0.00150, 0.00116], hit=[0.01112, 0.02110, 0.02992, 0.05805], ndcg=[0.00787, 0.01112, 0.01332, 0.01873], Train Rec Loss=[0.05190], Eval Rec Loss=[0.05189], c=[0.50000], F=[0.86589, 0.92124, 0.90357, 0.88903], F_fuse=[0.00444, 0.00421, 0.00299, 0.00232]
[ INFO : 2026-07-13 16:55:04,791 ] - Epoch 93: train==[107.72398 = 0.54186 + 1.23258 + 14.35218 + 0.00285 + 0.00000 + 0.00026 + 613.91511]
[ INFO : 2026-07-13 16:55:14,060 ] - Test_@[5, 10, 20, 50]: Recall=[0.01074, 0.02084, 0.02890, 0.05779],  precision=[0.00215, 0.00208, 0.00144, 0.00116], hit=[0.01074, 0.02084, 0.02890, 0.05779], ndcg=[0.00763, 0.01093, 0.01294, 0.01850], Train Rec Loss=[0.05205], Eval Rec Loss=[0.05177], c=[0.50000], F=[0.84159, 0.90962, 0.89753, 0.88866], F_fuse=[0.00429, 0.00416, 0.00289, 0.00231]
[ INFO : 2026-07-13 16:57:07,545 ] - Epoch 94: train==[107.58822 = 0.54336 + 1.22805 + 14.21749 + 0.00288 + 0.00000 + 0.00026 + 613.91600]
[ INFO : 2026-07-13 16:57:16,678 ] - Test_@[5, 10, 20, 50]: Recall=[0.01138, 0.02059, 0.02890, 0.05767],  precision=[0.00228, 0.00206, 0.00144, 0.00115], hit=[0.01138, 0.02059, 0.02890, 0.05767], ndcg=[0.00790, 0.01088, 0.01297, 0.01852], Train Rec Loss=[0.05232], Eval Rec Loss=[0.05209], c=[0.50000], F=[0.85543, 0.90848, 0.90111, 0.88989], F_fuse=[0.00454, 0.00411, 0.00289, 0.00230]
[ INFO : 2026-07-13 16:59:08,321 ] - Epoch 95: train==[107.55561 = 0.53756 + 1.22350 + 14.19362 + 0.00289 + 0.00000 + 0.00025 + 613.91455]
[ INFO : 2026-07-13 16:59:17,171 ] - Test_@[5, 10, 20, 50]: Recall=[0.01074, 0.02071, 0.02902, 0.05754],  precision=[0.00215, 0.00207, 0.00145, 0.00115], hit=[0.01074, 0.02071, 0.02902, 0.05754], ndcg=[0.00767, 0.01092, 0.01300, 0.01849], Train Rec Loss=[0.05275], Eval Rec Loss=[0.05254], c=[0.50000], F=[0.84939, 0.91377, 0.89945, 0.88950], F_fuse=[0.00429, 0.00413, 0.00290, 0.00230]
[ INFO : 2026-07-13 17:01:08,728 ] - Epoch 96: train==[107.47492 = 0.53997 + 1.21907 + 14.11338 + 0.00291 + 0.00000 + 0.00025 + 613.91308]
[ INFO : 2026-07-13 17:01:17,818 ] - Test_@[5, 10, 20, 50]: Recall=[0.01125, 0.02084, 0.02902, 0.05805],  precision=[0.00225, 0.00208, 0.00145, 0.00116], hit=[0.01125, 0.02084, 0.02902, 0.05805], ndcg=[0.00780, 0.01093, 0.01300, 0.01860], Train Rec Loss=[0.05294], Eval Rec Loss=[0.05260], c=[0.50000], F=[0.83741, 0.91045, 0.90086, 0.88958], F_fuse=[0.00449, 0.00416, 0.00290, 0.00232]
[ INFO : 2026-07-13 17:03:10,123 ] - Epoch 97: train==[107.42833 = 0.53670 + 1.21355 + 14.07343 + 0.00291 + 0.00000 + 0.00025 + 613.91268]
[ INFO : 2026-07-13 17:03:19,396 ] - Test_@[5, 10, 20, 50]: Recall=[0.01112, 0.01943, 0.02826, 0.05715],  precision=[0.00222, 0.00194, 0.00141, 0.00114], hit=[0.01112, 0.01943, 0.02826, 0.05715], ndcg=[0.00771, 0.01042, 0.01265, 0.01823], Train Rec Loss=[0.05303], Eval Rec Loss=[0.05244], c=[0.50000], F=[0.82366, 0.88484, 0.89254, 0.88844], F_fuse=[0.00444, 0.00388, 0.00282, 0.00228]
[ INFO : 2026-07-13 17:05:11,715 ] - Epoch 98: train==[107.44290 = 0.53625 + 1.20853 + 14.09089 + 0.00293 + 0.00000 + 0.00025 + 613.91638]
[ INFO : 2026-07-13 17:05:20,997 ] - Test_@[5, 10, 20, 50]: Recall=[0.01074, 0.01982, 0.02839, 0.05703],  precision=[0.00215, 0.00198, 0.00142, 0.00114], hit=[0.01074, 0.01982, 0.02839, 0.05703], ndcg=[0.00752, 0.01045, 0.01261, 0.01814], Train Rec Loss=[0.05335], Eval Rec Loss=[0.05307], c=[0.50000], F=[0.82993, 0.88844, 0.89464, 0.88818], F_fuse=[0.00429, 0.00395, 0.00283, 0.00228]
[ INFO : 2026-07-13 17:07:14,349 ] - Epoch 99: train==[107.40632 = 0.53542 + 1.20418 + 14.05837 + 0.00293 + 0.00000 + 0.00024 + 613.91233]
[ INFO : 2026-07-13 17:07:23,671 ] - Test_@[5, 10, 20, 50]: Recall=[0.01112, 0.01956, 0.02928, 0.05690],  precision=[0.00222, 0.00196, 0.00146, 0.00114], hit=[0.01112, 0.01956, 0.02928, 0.05690], ndcg=[0.00759, 0.01035, 0.01276, 0.01809], Train Rec Loss=[0.05353], Eval Rec Loss=[0.05306], c=[0.50000], F=[0.82257, 0.88519, 0.88875, 0.88858], F_fuse=[0.00444, 0.00390, 0.00292, 0.00227]
[ INFO : 2026-07-13 17:09:17,868 ] - Epoch 100: train==[107.25074 = 0.54197 + 1.20016 + 13.89857 + 0.00296 + 0.00000 + 0.00025 + 613.91265]
[ INFO : 2026-07-13 17:09:26,696 ] - Test_@[5, 10, 20, 50]: Recall=[0.01112, 0.02084, 0.02864, 0.05805],  precision=[0.00222, 0.00208, 0.00143, 0.00116], hit=[0.01112, 0.02084, 0.02864, 0.05805], ndcg=[0.00768, 0.01085, 0.01280, 0.01849], Train Rec Loss=[0.05388], Eval Rec Loss=[0.05379], c=[0.50000], F=[0.85119, 0.91689, 0.90056, 0.89062], F_fuse=[0.00444, 0.00416, 0.00286, 0.00232]
[ INFO : 2026-07-13 17:11:18,315 ] - Epoch 101: train==[107.18450 = 0.53928 + 1.19519 + 13.83748 + 0.00296 + 0.00000 + 0.00024 + 613.91607]
[ INFO : 2026-07-13 17:11:27,158 ] - Test_@[5, 10, 20, 50]: Recall=[0.01176, 0.02020, 0.02864, 0.05754],  precision=[0.00235, 0.00202, 0.00143, 0.00115], hit=[0.01176, 0.02020, 0.02864, 0.05754], ndcg=[0.00787, 0.01061, 0.01273, 0.01828], Train Rec Loss=[0.05422], Eval Rec Loss=[0.05398], c=[0.50000], F=[0.84335, 0.90580, 0.89639, 0.89025], F_fuse=[0.00469, 0.00403, 0.00286, 0.00230]
[ INFO : 2026-07-13 17:13:20,363 ] - Epoch 102: train==[107.14313 = 0.53706 + 1.19042 + 13.80191 + 0.00295 + 0.00000 + 0.00024 + 613.91146]
[ INFO : 2026-07-13 17:13:29,488 ] - Test_@[5, 10, 20, 50]: Recall=[0.01112, 0.02033, 0.02851, 0.05715],  precision=[0.00222, 0.00203, 0.00143, 0.00114], hit=[0.01112, 0.02033, 0.02851, 0.05715], ndcg=[0.00779, 0.01077, 0.01284, 0.01837], Train Rec Loss=[0.05455], Eval Rec Loss=[0.05414], c=[0.50000], F=[0.83996, 0.90169, 0.89810, 0.88945], F_fuse=[0.00444, 0.00406, 0.00285, 0.00228]
[ INFO : 2026-07-13 17:15:22,155 ] - Epoch 103: train==[107.00557 = 0.52937 + 1.18638 + 13.67423 + 0.00298 + 0.00000 + 0.00024 + 613.91267]
[ INFO : 2026-07-13 17:15:30,982 ] - Test_@[5, 10, 20, 50]: Recall=[0.01048, 0.02033, 0.02800, 0.05779],  precision=[0.00210, 0.00203, 0.00140, 0.00116], hit=[0.01048, 0.02033, 0.02800, 0.05779], ndcg=[0.00740, 0.01055, 0.01247, 0.01825], Train Rec Loss=[0.05499], Eval Rec Loss=[0.05433], c=[0.50000], F=[0.84809, 0.90464, 0.89545, 0.89010], F_fuse=[0.00418, 0.00406, 0.00280, 0.00231]
[ INFO : 2026-07-13 17:17:23,455 ] - Epoch 104: train==[106.98587 = 0.52991 + 1.18235 + 13.65660 + 0.00299 + 0.00000 + 0.00024 + 613.91148]
[ INFO : 2026-07-13 17:17:32,526 ] - Test_@[5, 10, 20, 50]: Recall=[0.01112, 0.02020, 0.02826, 0.05805],  precision=[0.00222, 0.00202, 0.00141, 0.00116], hit=[0.01112, 0.02020, 0.02826, 0.05805], ndcg=[0.00756, 0.01050, 0.01252, 0.01828], Train Rec Loss=[0.05510], Eval Rec Loss=[0.05470], c=[0.50000], F=[0.83022, 0.90092, 0.89740, 0.89032], F_fuse=[0.00444, 0.00403, 0.00282, 0.00232]
[ INFO : 2026-07-13 17:19:25,153 ] - Epoch 105: train==[106.94611 = 0.52941 + 1.17799 + 13.62023 + 0.00299 + 0.00000 + 0.00024 + 613.90957]
[ INFO : 2026-07-13 17:19:34,050 ] - Test_@[5, 10, 20, 50]: Recall=[0.01087, 0.02059, 0.02787, 0.05767],  precision=[0.00217, 0.00206, 0.00139, 0.00115], hit=[0.01087, 0.02059, 0.02787, 0.05767], ndcg=[0.00747, 0.01063, 0.01246, 0.01822], Train Rec Loss=[0.05537], Eval Rec Loss=[0.05519], c=[0.50000], F=[0.83766, 0.89784, 0.89547, 0.89117], F_fuse=[0.00434, 0.00411, 0.00278, 0.00230]
[ INFO : 2026-07-13 17:21:25,921 ] - Epoch 106: train==[106.94291 = 0.52524 + 1.17432 + 13.62267 + 0.00301 + 0.00000 + 0.00024 + 613.91434]
[ INFO : 2026-07-13 17:21:34,828 ] - Test_@[5, 10, 20, 50]: Recall=[0.01048, 0.01956, 0.02800, 0.05779],  precision=[0.00210, 0.00196, 0.00140, 0.00116], hit=[0.01048, 0.01956, 0.02800, 0.05779], ndcg=[0.00733, 0.01027, 0.01237, 0.01813], Train Rec Loss=[0.05579], Eval Rec Loss=[0.05556], c=[0.50000], F=[0.83290, 0.88313, 0.88977, 0.88945], F_fuse=[0.00418, 0.00390, 0.00280, 0.00231]
[ INFO : 2026-07-13 17:23:26,613 ] - Epoch 107: train==[106.92709 = 0.52740 + 1.17040 + 13.60763 + 0.00302 + 0.00000 + 0.00024 + 613.91037]
[ INFO : 2026-07-13 17:23:35,518 ] - Test_@[5, 10, 20, 50]: Recall=[0.01048, 0.02020, 0.02864, 0.05779],  precision=[0.00210, 0.00202, 0.00143, 0.00116], hit=[0.01048, 0.02020, 0.02864, 0.05779], ndcg=[0.00726, 0.01042, 0.01254, 0.01817], Train Rec Loss=[0.05617], Eval Rec Loss=[0.05561], c=[0.50000], F=[0.83082, 0.89723, 0.89451, 0.88975], F_fuse=[0.00418, 0.00403, 0.00286, 0.00231]
[ INFO : 2026-07-13 17:25:28,060 ] - Epoch 108: train==[106.80371 = 0.52575 + 1.16675 + 13.48808 + 0.00302 + 0.00000 + 0.00024 + 613.91043]
[ INFO : 2026-07-13 17:25:36,901 ] - Test_@[5, 10, 20, 50]: Recall=[0.01125, 0.02110, 0.02775, 0.05690],  precision=[0.00225, 0.00211, 0.00139, 0.00114], hit=[0.01125, 0.02110, 0.02775, 0.05690], ndcg=[0.00759, 0.01077, 0.01243, 0.01808], Train Rec Loss=[0.05656], Eval Rec Loss=[0.05595], c=[0.50000], F=[0.84528, 0.91045, 0.89724, 0.89097], F_fuse=[0.00449, 0.00421, 0.00277, 0.00227]
[ INFO : 2026-07-13 17:27:31,153 ] - Epoch 109: train==[106.80656 = 0.52371 + 1.16309 + 13.49475 + 0.00305 + 0.00000 + 0.00024 + 613.91312]
[ INFO : 2026-07-13 17:27:40,042 ] - Test_@[5, 10, 20, 50]: Recall=[0.01074, 0.01918, 0.02723, 0.05703],  precision=[0.00215, 0.00192, 0.00136, 0.00114], hit=[0.01074, 0.01918, 0.02723, 0.05703], ndcg=[0.00731, 0.01004, 0.01206, 0.01784], Train Rec Loss=[0.05670], Eval Rec Loss=[0.05618], c=[0.50000], F=[0.82951, 0.88697, 0.89062, 0.89139], F_fuse=[0.00429, 0.00383, 0.00272, 0.00228]
[ INFO : 2026-07-13 17:29:32,715 ] - Epoch 110: train==[106.74113 = 0.52315 + 1.15920 + 13.43220 + 0.00306 + 0.00000 + 0.00023 + 613.91320]
[ INFO : 2026-07-13 17:29:41,970 ] - Test_@[5, 10, 20, 50]: Recall=[0.01087, 0.01918, 0.02762, 0.05626],  precision=[0.00217, 0.00192, 0.00138, 0.00113], hit=[0.01087, 0.01918, 0.02762, 0.05626], ndcg=[0.00745, 0.01017, 0.01231, 0.01788], Train Rec Loss=[0.05693], Eval Rec Loss=[0.05686], c=[0.50000], F=[0.82926, 0.88751, 0.88858, 0.89074], F_fuse=[0.00434, 0.00383, 0.00276, 0.00225]
[ INFO : 2026-07-13 17:31:35,006 ] - Epoch 111: train==[106.64303 = 0.51703 + 1.15542 + 13.34297 + 0.00307 + 0.00000 + 0.00024 + 613.90965]
[ INFO : 2026-07-13 17:31:43,848 ] - Test_@[5, 10, 20, 50]: Recall=[0.00985, 0.01905, 0.02749, 0.05754],  precision=[0.00197, 0.00191, 0.00137, 0.00115], hit=[0.00985, 0.01905, 0.02749, 0.05754], ndcg=[0.00716, 0.01014, 0.01226, 0.01808], Train Rec Loss=[0.05747], Eval Rec Loss=[0.05685], c=[0.50000], F=[0.83319, 0.88722, 0.88916, 0.88896], F_fuse=[0.00393, 0.00380, 0.00274, 0.00230]
[ INFO : 2026-07-13 17:33:37,950 ] - Epoch 112: train==[106.48774 = 0.51785 + 1.15212 + 13.18898 + 0.00309 + 0.00000 + 0.00023 + 613.90872]
[ INFO : 2026-07-13 17:33:46,801 ] - Test_@[5, 10, 20, 50]: Recall=[0.01138, 0.01995, 0.02723, 0.05677],  precision=[0.00228, 0.00199, 0.00136, 0.00114], hit=[0.01138, 0.01995, 0.02723, 0.05677], ndcg=[0.00777, 0.01055, 0.01237, 0.01809], Train Rec Loss=[0.05735], Eval Rec Loss=[0.05769], c=[0.50000], F=[0.82910, 0.88703, 0.88986, 0.89071], F_fuse=[0.00454, 0.00398, 0.00272, 0.00227]
[ INFO : 2026-07-13 17:35:39,625 ] - Epoch 113: train==[106.57245 = 0.52045 + 1.14849 + 13.27281 + 0.00307 + 0.00000 + 0.00023 + 613.91193]
[ INFO : 2026-07-13 17:35:48,442 ] - Test_@[5, 10, 20, 50]: Recall=[0.01048, 0.01918, 0.02749, 0.05626],  precision=[0.00210, 0.00192, 0.00137, 0.00113], hit=[0.01048, 0.01918, 0.02749, 0.05626], ndcg=[0.00732, 0.01013, 0.01222, 0.01780], Train Rec Loss=[0.05823], Eval Rec Loss=[0.05758], c=[0.50000], F=[0.84016, 0.88703, 0.88851, 0.88982], F_fuse=[0.00418, 0.00383, 0.00274, 0.00225]
[ INFO : 2026-07-13 17:37:39,930 ] - Epoch 114: train==[106.44007 = 0.52016 + 1.14522 + 13.14310 + 0.00312 + 0.00000 + 0.00023 + 613.90883]
[ INFO : 2026-07-13 17:37:48,851 ] - Test_@[5, 10, 20, 50]: Recall=[0.01048, 0.01969, 0.02762, 0.05511],  precision=[0.00210, 0.00197, 0.00138, 0.00110], hit=[0.01048, 0.01969, 0.02762, 0.05511], ndcg=[0.00745, 0.01042, 0.01239, 0.01773], Train Rec Loss=[0.05829], Eval Rec Loss=[0.05784], c=[0.50000], F=[0.84179, 0.89817, 0.89574, 0.89275], F_fuse=[0.00418, 0.00393, 0.00276, 0.00220]
[ INFO : 2026-07-13 17:39:40,417 ] - Epoch 115: train==[106.41784 = 0.51068 + 1.14149 + 13.13235 + 0.00310 + 0.00000 + 0.00023 + 613.91049]
[ INFO : 2026-07-13 17:39:49,358 ] - Test_@[5, 10, 20, 50]: Recall=[0.01112, 0.01854, 0.02749, 0.05664],  precision=[0.00222, 0.00185, 0.00137, 0.00113], hit=[0.01112, 0.01854, 0.02749, 0.05664], ndcg=[0.00755, 0.00996, 0.01220, 0.01784], Train Rec Loss=[0.05842], Eval Rec Loss=[0.05844], c=[0.50000], F=[0.82331, 0.87938, 0.88905, 0.89230], F_fuse=[0.00444, 0.00370, 0.00274, 0.00226]
[ INFO : 2026-07-13 17:41:41,455 ] - Epoch 116: train==[106.30496 = 0.51085 + 1.13844 + 13.02054 + 0.00314 + 0.00000 + 0.00023 + 613.91430]
[ INFO : 2026-07-13 17:41:50,470 ] - Test_@[5, 10, 20, 50]: Recall=[0.01112, 0.01867, 0.02813, 0.05588],  precision=[0.00222, 0.00187, 0.00141, 0.00112], hit=[0.01112, 0.01867, 0.02813, 0.05588], ndcg=[0.00769, 0.01014, 0.01250, 0.01789], Train Rec Loss=[0.05906], Eval Rec Loss=[0.05823], c=[0.50000], F=[0.83517, 0.88627, 0.88747, 0.89303], F_fuse=[0.00444, 0.00373, 0.00281, 0.00223]
[ INFO : 2026-07-13 17:43:43,683 ] - Epoch 117: train==[106.27031 = 0.51169 + 1.13515 + 12.98724 + 0.00313 + 0.00000 + 0.00023 + 613.91284]
[ INFO : 2026-07-13 17:43:52,911 ] - Test_@[5, 10, 20, 50]: Recall=[0.00997, 0.01892, 0.02723, 0.05575],  precision=[0.00199, 0.00189, 0.00136, 0.00111], hit=[0.00997, 0.01892, 0.02723, 0.05575], ndcg=[0.00714, 0.01005, 0.01214, 0.01766], Train Rec Loss=[0.05890], Eval Rec Loss=[0.05849], c=[0.50000], F=[0.84713, 0.90279, 0.89446, 0.89325], F_fuse=[0.00398, 0.00378, 0.00272, 0.00223]
[ INFO : 2026-07-13 17:45:46,610 ] - Epoch 118: train==[106.27756 = 0.50710 + 1.13204 + 13.00146 + 0.00313 + 0.00000 + 0.00023 + 613.90942]
[ INFO : 2026-07-13 17:45:55,854 ] - Test_@[5, 10, 20, 50]: Recall=[0.01227, 0.02110, 0.02813, 0.05767],  precision=[0.00245, 0.00211, 0.00141, 0.00115], hit=[0.01227, 0.02110, 0.02813, 0.05767], ndcg=[0.00802, 0.01086, 0.01261, 0.01833], Train Rec Loss=[0.05913], Eval Rec Loss=[0.05876], c=[0.50000], F=[0.84563, 0.91428, 0.89990, 0.89334], F_fuse=[0.00490, 0.00421, 0.00281, 0.00230]
[ INFO : 2026-07-13 17:47:47,868 ] - Epoch 119: train==[106.27767 = 0.50839 + 1.12875 + 13.00132 + 0.00313 + 0.00000 + 0.00023 + 613.91566]
[ INFO : 2026-07-13 17:47:56,822 ] - Test_@[5, 10, 20, 50]: Recall=[0.01112, 0.01969, 0.02660, 0.05600],  precision=[0.00222, 0.00197, 0.00133, 0.00112], hit=[0.01112, 0.01969, 0.02660, 0.05600], ndcg=[0.00766, 0.01042, 0.01216, 0.01789], Train Rec Loss=[0.05960], Eval Rec Loss=[0.05994], c=[0.50000], F=[0.84029, 0.89878, 0.89442, 0.89309], F_fuse=[0.00444, 0.00393, 0.00266, 0.00224]
[ INFO : 2026-07-13 17:49:48,810 ] - Epoch 120: train==[106.03345 = 0.50873 + 1.12614 + 12.75963 + 0.00318 + 0.00000 + 0.00023 + 613.90667]
[ INFO : 2026-07-13 17:49:57,800 ] - Test_@[5, 10, 20, 50]: Recall=[0.01023, 0.01918, 0.02762, 0.05600],  precision=[0.00205, 0.00192, 0.00138, 0.00112], hit=[0.01023, 0.01918, 0.02762, 0.05600], ndcg=[0.00700, 0.00993, 0.01204, 0.01755], Train Rec Loss=[0.06009], Eval Rec Loss=[0.05999], c=[0.50000], F=[0.84006, 0.89865, 0.89597, 0.89482], F_fuse=[0.00408, 0.00383, 0.00276, 0.00224]
[ INFO : 2026-07-13 17:51:50,822 ] - Epoch 121: train==[106.16150 = 0.50433 + 1.12317 + 12.89328 + 0.00318 + 0.00000 + 0.00023 + 613.91048]
[ INFO : 2026-07-13 17:51:59,694 ] - Test_@[5, 10, 20, 50]: Recall=[0.01125, 0.01816, 0.02672, 0.05549],  precision=[0.00225, 0.00182, 0.00134, 0.00111], hit=[0.01125, 0.01816, 0.02672, 0.05549], ndcg=[0.00770, 0.00995, 0.01209, 0.01769], Train Rec Loss=[0.06044], Eval Rec Loss=[0.06026], c=[0.50000], F=[0.82766, 0.87887, 0.88731, 0.89404], F_fuse=[0.00449, 0.00362, 0.00267, 0.00222]
[ INFO : 2026-07-13 17:53:52,934 ] - Epoch 122: train==[106.07742 = 0.50462 + 1.12026 + 12.81032 + 0.00318 + 0.00000 + 0.00022 + 613.91288]
[ INFO : 2026-07-13 17:54:01,833 ] - Test_@[5, 10, 20, 50]: Recall=[0.01189, 0.01956, 0.02660, 0.05677],  precision=[0.00238, 0.00196, 0.00133, 0.00114], hit=[0.01189, 0.01956, 0.02660, 0.05677], ndcg=[0.00792, 0.01042, 0.01219, 0.01806], Train Rec Loss=[0.06049], Eval Rec Loss=[0.06017], c=[0.50000], F=[0.84138, 0.90556, 0.89669, 0.89729], F_fuse=[0.00474, 0.00390, 0.00266, 0.00227]
[ INFO : 2026-07-13 17:55:55,285 ] - Epoch 123: train==[106.03231 = 0.50591 + 1.11798 + 12.76518 + 0.00317 + 0.00000 + 0.00023 + 613.91352]
[ INFO : 2026-07-13 17:56:04,193 ] - Test_@[5, 10, 20, 50]: Recall=[0.01189, 0.01892, 0.02698, 0.05370],  precision=[0.00238, 0.00189, 0.00135, 0.00107], hit=[0.01189, 0.01892, 0.02698, 0.05370], ndcg=[0.00774, 0.01002, 0.01203, 0.01724], Train Rec Loss=[0.06111], Eval Rec Loss=[0.06089], c=[0.50000], F=[0.83031, 0.88985, 0.89216, 0.89571], F_fuse=[0.00474, 0.00378, 0.00269, 0.00215]
[ INFO : 2026-07-13 17:57:56,196 ] - Epoch 124: train==[105.97853 = 0.49707 + 1.11513 + 12.72241 + 0.00320 + 0.00000 + 0.00023 + 613.91029]
[ INFO : 2026-07-13 17:58:05,102 ] - Test_@[5, 10, 20, 50]: Recall=[0.01176, 0.01982, 0.02749, 0.05460],  precision=[0.00235, 0.00198, 0.00137, 0.00109], hit=[0.01176, 0.01982, 0.02749, 0.05460], ndcg=[0.00772, 0.01031, 0.01222, 0.01749], Train Rec Loss=[0.06149], Eval Rec Loss=[0.06129], c=[0.50000], F=[0.84361, 0.89968, 0.89571, 0.89755], F_fuse=[0.00469, 0.00395, 0.00274, 0.00218]
[ INFO : 2026-07-13 17:59:57,302 ] - Epoch 125: train==[105.96618 = 0.50136 + 1.11274 + 12.70707 + 0.00321 + 0.00000 + 0.00022 + 613.91115]
[ INFO : 2026-07-13 18:00:06,265 ] - Test_@[5, 10, 20, 50]: Recall=[0.01176, 0.01828, 0.02608, 0.05357],  precision=[0.00235, 0.00183, 0.00130, 0.00107], hit=[0.01176, 0.01828, 0.02608, 0.05357], ndcg=[0.00771, 0.00983, 0.01178, 0.01715], Train Rec Loss=[0.06185], Eval Rec Loss=[0.06113], c=[0.50000], F=[0.84355, 0.89945, 0.89469, 0.89630], F_fuse=[0.00469, 0.00365, 0.00260, 0.00214]
[ INFO : 2026-07-13 18:01:57,836 ] - Epoch 126: train==[105.87941 = 0.50252 + 1.11020 + 12.62050 + 0.00322 + 0.00000 + 0.00022 + 613.91217]
[ INFO : 2026-07-13 18:02:07,098 ] - Test_@[5, 10, 20, 50]: Recall=[0.00908, 0.01816, 0.02723, 0.05651],  precision=[0.00182, 0.00182, 0.00136, 0.00113], hit=[0.00908, 0.01816, 0.02723, 0.05651], ndcg=[0.00664, 0.00963, 0.01191, 0.01762], Train Rec Loss=[0.06173], Eval Rec Loss=[0.06143], c=[0.50000], F=[0.83268, 0.88611, 0.88971, 0.89514], F_fuse=[0.00362, 0.00362, 0.00272, 0.00226]
[ INFO : 2026-07-13 18:04:00,133 ] - Epoch 127: train==[105.81974 = 0.49725 + 1.10763 + 12.56690 + 0.00324 + 0.00000 + 0.00024 + 613.91687]
[ INFO : 2026-07-13 18:04:08,978 ] - Test_@[5, 10, 20, 50]: Recall=[0.01036, 0.01790, 0.02749, 0.05524],  precision=[0.00207, 0.00179, 0.00137, 0.00110], hit=[0.01036, 0.01790, 0.02749, 0.05524], ndcg=[0.00721, 0.00964, 0.01204, 0.01744], Train Rec Loss=[0.06260], Eval Rec Loss=[0.06218], c=[0.50000], F=[0.83102, 0.88296, 0.88988, 0.89626], F_fuse=[0.00413, 0.00357, 0.00274, 0.00221]
[ INFO : 2026-07-13 18:06:02,712 ] - Epoch 128: train==[105.73151 = 0.49654 + 1.10534 + 12.48028 + 0.00328 + 0.00000 + 0.00024 + 613.91976]
[ INFO : 2026-07-13 18:06:11,978 ] - Test_@[5, 10, 20, 50]: Recall=[0.01125, 0.01803, 0.02557, 0.05434],  precision=[0.00225, 0.00180, 0.00128, 0.00109], hit=[0.01125, 0.01803, 0.02557, 0.05434], ndcg=[0.00735, 0.00953, 0.01141, 0.01702], Train Rec Loss=[0.06311], Eval Rec Loss=[0.06217], c=[0.50000], F=[0.82977, 0.87652, 0.88702, 0.89847], F_fuse=[0.00449, 0.00360, 0.00255, 0.00217]
[ INFO : 2026-07-13 18:08:05,742 ] - Epoch 129: train==[105.71711 = 0.49210 + 1.10313 + 12.47279 + 0.00325 + 0.00000 + 0.00022 + 613.91241]
[ INFO : 2026-07-13 18:08:14,678 ] - Test_@[5, 10, 20, 50]: Recall=[0.01125, 0.01969, 0.02685, 0.05575],  precision=[0.00225, 0.00197, 0.00134, 0.00111], hit=[0.01125, 0.01969, 0.02685, 0.05575], ndcg=[0.00735, 0.01005, 0.01185, 0.01748], Train Rec Loss=[0.06310], Eval Rec Loss=[0.06319], c=[0.50000], F=[0.84314, 0.90545, 0.89506, 0.89686], F_fuse=[0.00449, 0.00393, 0.00268, 0.00223]
[ INFO : 2026-07-13 18:10:06,514 ] - Epoch 130: train==[105.61464 = 0.49490 + 1.10067 + 12.36895 + 0.00326 + 0.00000 + 0.00022 + 613.91269]
[ INFO : 2026-07-13 18:10:15,431 ] - Test_@[5, 10, 20, 50]: Recall=[0.01215, 0.01880, 0.02698, 0.05409],  precision=[0.00243, 0.00188, 0.00135, 0.00108], hit=[0.01215, 0.01880, 0.02698, 0.05409], ndcg=[0.00810, 0.01026, 0.01230, 0.01756], Train Rec Loss=[0.06304], Eval Rec Loss=[0.06348], c=[0.50000], F=[0.83156, 0.87891, 0.88650, 0.89725], F_fuse=[0.00484, 0.00375, 0.00269, 0.00216]
[ INFO : 2026-07-13 18:12:07,622 ] - Epoch 131: train==[105.67575 = 0.49095 + 1.09872 + 12.43469 + 0.00325 + 0.00000 + 0.00022 + 613.91608]
[ INFO : 2026-07-13 18:12:16,547 ] - Test_@[5, 10, 20, 50]: Recall=[0.01100, 0.01892, 0.02800, 0.05600],  precision=[0.00220, 0.00189, 0.00140, 0.00112], hit=[0.01100, 0.01892, 0.02800, 0.05600], ndcg=[0.00732, 0.00988, 0.01212, 0.01752], Train Rec Loss=[0.06294], Eval Rec Loss=[0.06298], c=[0.50000], F=[0.83741, 0.89463, 0.89437, 0.89979], F_fuse=[0.00439, 0.00378, 0.00280, 0.00224]
[ INFO : 2026-07-13 18:14:07,838 ] - Epoch 132: train==[105.61388 = 0.49292 + 1.09653 + 12.37264 + 0.00326 + 0.00000 + 0.00022 + 613.91283]
[ INFO : 2026-07-13 18:14:17,195 ] - Test_@[5, 10, 20, 50]: Recall=[0.00933, 0.01739, 0.02596, 0.05421],  precision=[0.00187, 0.00174, 0.00130, 0.00108], hit=[0.00933, 0.01739, 0.02596, 0.05421], ndcg=[0.00662, 0.00922, 0.01140, 0.01687], Train Rec Loss=[0.06379], Eval Rec Loss=[0.06323], c=[0.50000], F=[0.83856, 0.88983, 0.89228, 0.89958], F_fuse=[0.00373, 0.00347, 0.00259, 0.00217]
[ INFO : 2026-07-13 18:16:09,035 ] - Epoch 133: train==[105.56102 = 0.48768 + 1.09397 + 12.32653 + 0.00328 + 0.00000 + 0.00022 + 613.91289]
[ INFO : 2026-07-13 18:16:18,270 ] - Test_@[5, 10, 20, 50]: Recall=[0.01112, 0.01854, 0.02608, 0.05447],  precision=[0.00222, 0.00185, 0.00130, 0.00109], hit=[0.01112, 0.01854, 0.02608, 0.05447], ndcg=[0.00722, 0.00962, 0.01152, 0.01703], Train Rec Loss=[0.06440], Eval Rec Loss=[0.06354], c=[0.50000], F=[0.83399, 0.88828, 0.89284, 0.90077], F_fuse=[0.00444, 0.00370, 0.00260, 0.00218]
[ INFO : 2026-07-13 18:18:11,737 ] - Epoch 134: train==[105.48644 = 0.48418 + 1.09190 + 12.25658 + 0.00330 + 0.00000 + 0.00022 + 613.91345]
[ INFO : 2026-07-13 18:18:21,098 ] - Test_@[5, 10, 20, 50]: Recall=[0.01151, 0.01841, 0.02685, 0.05447],  precision=[0.00230, 0.00184, 0.00134, 0.00109], hit=[0.01151, 0.01841, 0.02685, 0.05447], ndcg=[0.00754, 0.00975, 0.01188, 0.01724], Train Rec Loss=[0.06478], Eval Rec Loss=[0.06353], c=[0.50000], F=[0.83457, 0.88452, 0.88801, 0.89838], F_fuse=[0.00459, 0.00367, 0.00268, 0.00218]
[ INFO : 2026-07-13 18:20:15,363 ] - Epoch 135: train==[105.46567 = 0.48737 + 1.08998 + 12.23359 + 0.00329 + 0.00000 + 0.00023 + 613.91465]
[ INFO : 2026-07-13 18:20:24,615 ] - Test_@[5, 10, 20, 50]: Recall=[0.01227, 0.01892, 0.02647, 0.05383],  precision=[0.00245, 0.00189, 0.00132, 0.00108], hit=[0.01227, 0.01892, 0.02647, 0.05383], ndcg=[0.00799, 0.01013, 0.01201, 0.01730], Train Rec Loss=[0.06488], Eval Rec Loss=[0.06413], c=[0.50000], F=[0.83393, 0.89074, 0.89190, 0.90027], F_fuse=[0.00490, 0.00378, 0.00264, 0.00215]
[ INFO : 2026-07-13 18:22:18,029 ] - Epoch 136: train==[105.40375 = 0.48791 + 1.08795 + 12.17258 + 0.00333 + 0.00000 + 0.00023 + 613.91289]
[ INFO : 2026-07-13 18:22:26,873 ] - Test_@[5, 10, 20, 50]: Recall=[0.01240, 0.01931, 0.02775, 0.05293],  precision=[0.00248, 0.00193, 0.00139, 0.00106], hit=[0.01240, 0.01931, 0.02775, 0.05293], ndcg=[0.00785, 0.01008, 0.01220, 0.01709], Train Rec Loss=[0.06454], Eval Rec Loss=[0.06534], c=[0.50000], F=[0.84179, 0.89643, 0.89602, 0.90450], F_fuse=[0.00495, 0.00385, 0.00277, 0.00211]
[ INFO : 2026-07-13 18:24:20,385 ] - Epoch 137: train==[105.29517 = 0.48229 + 1.08566 + 12.07113 + 0.00333 + 0.00000 + 0.00022 + 613.91207]
[ INFO : 2026-07-13 18:24:29,727 ] - Test_@[5, 10, 20, 50]: Recall=[0.01227, 0.01969, 0.02685, 0.05332],  precision=[0.00245, 0.00197, 0.00134, 0.00107], hit=[0.01227, 0.01969, 0.02685, 0.05332], ndcg=[0.00795, 0.01036, 0.01217, 0.01731], Train Rec Loss=[0.06555], Eval Rec Loss=[0.06550], c=[0.50000], F=[0.84438, 0.90358, 0.89456, 0.90101], F_fuse=[0.00490, 0.00393, 0.00268, 0.00213]
[ INFO : 2026-07-13 18:26:22,078 ] - Epoch 138: train==[105.36401 = 0.48038 + 1.08359 + 12.14321 + 0.00335 + 0.00000 + 0.00022 + 613.91135]
[ INFO : 2026-07-13 18:26:30,983 ] - Test_@[5, 10, 20, 50]: Recall=[0.01112, 0.01854, 0.02634, 0.05357],  precision=[0.00222, 0.00185, 0.00132, 0.00107], hit=[0.01112, 0.01854, 0.02634, 0.05357], ndcg=[0.00745, 0.00985, 0.01181, 0.01711], Train Rec Loss=[0.06545], Eval Rec Loss=[0.06496], c=[0.50000], F=[0.83783, 0.88694, 0.89086, 0.90193], F_fuse=[0.00444, 0.00370, 0.00263, 0.00214]
[ INFO : 2026-07-13 18:28:23,157 ] - Epoch 139: train==[105.31139 = 0.48416 + 1.08162 + 12.08766 + 0.00335 + 0.00000 + 0.00023 + 613.91343]
[ INFO : 2026-07-13 18:28:32,032 ] - Test_@[5, 10, 20, 50]: Recall=[0.01036, 0.01726, 0.02544, 0.05089],  precision=[0.00207, 0.00173, 0.00127, 0.00102], hit=[0.01036, 0.01726, 0.02544, 0.05089], ndcg=[0.00697, 0.00921, 0.01128, 0.01623], Train Rec Loss=[0.06653], Eval Rec Loss=[0.06495], c=[0.50000], F=[0.84285, 0.89311, 0.89464, 0.90510], F_fuse=[0.00413, 0.00345, 0.00254, 0.00203]
[ INFO : 2026-07-13 18:30:24,565 ] - Epoch 140: train==[105.19094 = 0.48088 + 1.07981 + 11.97194 + 0.00335 + 0.00000 + 0.00022 + 613.91106]
[ INFO : 2026-07-13 18:30:33,875 ] - Test_@[5, 10, 20, 50]: Recall=[0.01036, 0.01867, 0.02570, 0.05255],  precision=[0.00207, 0.00187, 0.00129, 0.00105], hit=[0.01036, 0.01867, 0.02570, 0.05255], ndcg=[0.00703, 0.00971, 0.01148, 0.01671], Train Rec Loss=[0.06642], Eval Rec Loss=[0.06569], c=[0.50000], F=[0.84224, 0.89488, 0.89502, 0.90483], F_fuse=[0.00413, 0.00373, 0.00257, 0.00210]
[ INFO : 2026-07-13 18:32:26,060 ] - Epoch 141: train==[105.18799 = 0.47768 + 1.07767 + 11.97375 + 0.00338 + 0.00000 + 0.00021 + 613.90906]
[ INFO : 2026-07-13 18:32:35,369 ] - Test_@[5, 10, 20, 50]: Recall=[0.00997, 0.01752, 0.02660, 0.05383],  precision=[0.00199, 0.00175, 0.00133, 0.00108], hit=[0.00997, 0.01752, 0.02660, 0.05383], ndcg=[0.00668, 0.00909, 0.01136, 0.01662], Train Rec Loss=[0.06672], Eval Rec Loss=[0.06630], c=[0.50000], F=[0.83540, 0.88818, 0.89068, 0.90270], F_fuse=[0.00398, 0.00350, 0.00266, 0.00215]
[ INFO : 2026-07-13 18:34:28,639 ] - Epoch 142: train==[105.18213 = 0.47353 + 1.07574 + 11.97243 + 0.00340 + 0.00000 + 0.00022 + 613.91403]
[ INFO : 2026-07-13 18:34:37,939 ] - Test_@[5, 10, 20, 50]: Recall=[0.01100, 0.01918, 0.02672, 0.05268],  precision=[0.00220, 0.00192, 0.00134, 0.00105], hit=[0.01100, 0.01918, 0.02672, 0.05268], ndcg=[0.00750, 0.01014, 0.01203, 0.01707], Train Rec Loss=[0.06674], Eval Rec Loss=[0.06659], c=[0.50000], F=[0.83377, 0.87866, 0.88928, 0.90639], F_fuse=[0.00439, 0.00383, 0.00267, 0.00210]
[ INFO : 2026-07-13 18:36:30,928 ] - Epoch 143: train==[105.10630 = 0.48131 + 1.07388 + 11.88982 + 0.00340 + 0.00000 + 0.00023 + 613.91475]
[ INFO : 2026-07-13 18:36:39,878 ] - Test_@[5, 10, 20, 50]: Recall=[0.00997, 0.01764, 0.02468, 0.05242],  precision=[0.00199, 0.00176, 0.00123, 0.00105], hit=[0.00997, 0.01764, 0.02468, 0.05242], ndcg=[0.00676, 0.00920, 0.01096, 0.01634], Train Rec Loss=[0.06731], Eval Rec Loss=[0.06682], c=[0.50000], F=[0.83438, 0.88221, 0.89180, 0.90541], F_fuse=[0.00398, 0.00352, 0.00246, 0.00209]
[ INFO : 2026-07-13 18:38:32,314 ] - Epoch 144: train==[105.01800 = 0.47413 + 1.07174 + 11.81031 + 0.00339 + 0.00000 + 0.00022 + 613.91271]
[ INFO : 2026-07-13 18:38:41,221 ] - Test_@[5, 10, 20, 50]: Recall=[0.01176, 0.01931, 0.02660, 0.05281],  precision=[0.00235, 0.00193, 0.00133, 0.00106], hit=[0.01176, 0.01931, 0.02660, 0.05281], ndcg=[0.00748, 0.00991, 0.01173, 0.01681], Train Rec Loss=[0.06812], Eval Rec Loss=[0.06732], c=[0.50000], F=[0.85270, 0.91445, 0.89787, 0.90518], F_fuse=[0.00469, 0.00385, 0.00266, 0.00211]
[ INFO : 2026-07-13 18:40:35,469 ] - Epoch 145: train==[105.06113 = 0.47133 + 1.07037 + 11.85756 + 0.00340 + 0.00000 + 0.00021 + 613.90934]
[ INFO : 2026-07-13 18:40:44,317 ] - Test_@[5, 10, 20, 50]: Recall=[0.01036, 0.01726, 0.02519, 0.05038],  precision=[0.00207, 0.00173, 0.00126, 0.00101], hit=[0.01036, 0.01726, 0.02519, 0.05038], ndcg=[0.00711, 0.00935, 0.01134, 0.01623], Train Rec Loss=[0.06759], Eval Rec Loss=[0.06742], c=[0.50000], F=[0.83495, 0.87748, 0.88898, 0.90622], F_fuse=[0.00413, 0.00345, 0.00252, 0.00201]
[ INFO : 2026-07-13 18:42:35,833 ] - Epoch 146: train==[104.98794 = 0.47326 + 1.06817 + 11.78318 + 0.00340 + 0.00000 + 0.00021 + 613.91321]
[ INFO : 2026-07-13 18:42:45,079 ] - Test_@[5, 10, 20, 50]: Recall=[0.00997, 0.01828, 0.02634, 0.05217],  precision=[0.00199, 0.00183, 0.00132, 0.00104], hit=[0.00997, 0.01828, 0.02634, 0.05217], ndcg=[0.00680, 0.00946, 0.01146, 0.01647], Train Rec Loss=[0.06896], Eval Rec Loss=[0.06827], c=[0.50000], F=[0.83316, 0.88079, 0.88949, 0.90527], F_fuse=[0.00398, 0.00365, 0.00263, 0.00208]
[ INFO : 2026-07-13 18:44:36,491 ] - Epoch 147: train==[104.89717 = 0.46889 + 1.06618 + 11.69835 + 0.00344 + 0.00000 + 0.00022 + 613.91033]
[ INFO : 2026-07-13 18:44:45,348 ] - Test_@[5, 10, 20, 50]: Recall=[0.01048, 0.01713, 0.02429, 0.05242],  precision=[0.00210, 0.00171, 0.00121, 0.00105], hit=[0.01048, 0.01713, 0.02429, 0.05242], ndcg=[0.00681, 0.00895, 0.01075, 0.01622], Train Rec Loss=[0.06869], Eval Rec Loss=[0.06805], c=[0.50000], F=[0.83879, 0.88222, 0.88891, 0.90433], F_fuse=[0.00418, 0.00342, 0.00243, 0.00209]
[ INFO : 2026-07-13 18:46:38,031 ] - Epoch 148: train==[104.89500 = 0.46942 + 1.06429 + 11.69640 + 0.00342 + 0.00000 + 0.00021 + 613.91302]
[ INFO : 2026-07-13 18:46:46,898 ] - Test_@[5, 10, 20, 50]: Recall=[0.01036, 0.01828, 0.02621, 0.05242],  precision=[0.00207, 0.00183, 0.00131, 0.00105], hit=[0.01036, 0.01828, 0.02621, 0.05242], ndcg=[0.00677, 0.00936, 0.01133, 0.01639], Train Rec Loss=[0.06851], Eval Rec Loss=[0.06795], c=[0.50000], F=[0.83543, 0.88198, 0.89069, 0.90833], F_fuse=[0.00413, 0.00365, 0.00262, 0.00209]
[ INFO : 2026-07-13 18:48:39,563 ] - Epoch 149: train==[104.83796 = 0.47248 + 1.06223 + 11.63708 + 0.00345 + 0.00000 + 0.00021 + 613.91595]
[ INFO : 2026-07-13 18:48:48,866 ] - Test_@[5, 10, 20, 50]: Recall=[0.00959, 0.01752, 0.02519, 0.05191],  precision=[0.00192, 0.00175, 0.00126, 0.00104], hit=[0.00959, 0.01752, 0.02519, 0.05191], ndcg=[0.00622, 0.00879, 0.01070, 0.01587], Train Rec Loss=[0.06929], Eval Rec Loss=[0.06769], c=[0.50000], F=[0.83924, 0.88918, 0.89306, 0.90559], F_fuse=[0.00383, 0.00350, 0.00252, 0.00207]
[ INFO : 2026-07-13 18:50:42,237 ] - Epoch 150: train==[104.81101 = 0.47242 + 1.06047 + 11.61221 + 0.00345 + 0.00000 + 0.00022 + 613.90946]
[ INFO : 2026-07-13 18:50:51,117 ] - Test_@[5, 10, 20, 50]: Recall=[0.01036, 0.01854, 0.02621, 0.05281],  precision=[0.00207, 0.00185, 0.00131, 0.00106], hit=[0.01036, 0.01854, 0.02621, 0.05281], ndcg=[0.00667, 0.00934, 0.01126, 0.01644], Train Rec Loss=[0.06972], Eval Rec Loss=[0.06891], c=[0.50000], F=[0.83562, 0.88190, 0.89110, 0.90744], F_fuse=[0.00413, 0.00370, 0.00262, 0.00211]
[ INFO : 2026-07-13 18:52:45,222 ] - Epoch 151: train==[104.78709 = 0.46907 + 1.05847 + 11.59238 + 0.00345 + 0.00000 + 0.00021 + 613.91268]
[ INFO : 2026-07-13 18:52:54,115 ] - Test_@[5, 10, 20, 50]: Recall=[0.01036, 0.01752, 0.02481, 0.05051],  precision=[0.00207, 0.00175, 0.00124, 0.00101], hit=[0.01036, 0.01752, 0.02481, 0.05051], ndcg=[0.00704, 0.00933, 0.01119, 0.01620], Train Rec Loss=[0.07005], Eval Rec Loss=[0.06871], c=[0.50000], F=[0.83265, 0.87494, 0.88700, 0.90777], F_fuse=[0.00413, 0.00350, 0.00248, 0.00202]
[ INFO : 2026-07-13 18:54:46,537 ] - Epoch 152: train==[104.76279 = 0.46681 + 1.05580 + 11.57201 + 0.00345 + 0.00000 + 0.00022 + 613.91213]
[ INFO : 2026-07-13 18:54:55,416 ] - Test_@[5, 10, 20, 50]: Recall=[0.00997, 0.01790, 0.02634, 0.05114],  precision=[0.00199, 0.00179, 0.00132, 0.00102], hit=[0.00997, 0.01790, 0.02634, 0.05114], ndcg=[0.00677, 0.00936, 0.01147, 0.01628], Train Rec Loss=[0.07025], Eval Rec Loss=[0.06975], c=[0.50000], F=[0.84234, 0.88986, 0.89321, 0.90976], F_fuse=[0.00398, 0.00357, 0.00263, 0.00204]
[ INFO : 2026-07-13 18:56:48,924 ] - Epoch 153: train==[104.67632 = 0.46110 + 1.05318 + 11.49157 + 0.00347 + 0.00000 + 0.00022 + 613.92034]
[ INFO : 2026-07-13 18:56:57,875 ] - Test_@[5, 10, 20, 50]: Recall=[0.00933, 0.01726, 0.02608, 0.05281],  precision=[0.00187, 0.00173, 0.00130, 0.00106], hit=[0.00933, 0.01726, 0.02608, 0.05281], ndcg=[0.00617, 0.00870, 0.01091, 0.01610], Train Rec Loss=[0.07009], Eval Rec Loss=[0.07024], c=[0.50000], F=[0.84170, 0.89018, 0.89630, 0.90989], F_fuse=[0.00373, 0.00345, 0.00260, 0.00211]
[ INFO : 2026-07-13 18:58:51,620 ] - Epoch 154: train==[104.69735 = 0.46107 + 1.05057 + 11.51466 + 0.00348 + 0.00000 + 0.00022 + 613.91716]
[ INFO : 2026-07-13 18:59:00,522 ] - Test_@[5, 10, 20, 50]: Recall=[0.00882, 0.01764, 0.02557, 0.05268],  precision=[0.00176, 0.00176, 0.00128, 0.00105], hit=[0.00882, 0.01764, 0.02557, 0.05268], ndcg=[0.00614, 0.00897, 0.01096, 0.01623], Train Rec Loss=[0.07009], Eval Rec Loss=[0.06950], c=[0.50000], F=[0.83965, 0.88155, 0.89163, 0.90823], F_fuse=[0.00352, 0.00352, 0.00255, 0.00210]
[ INFO : 2026-07-13 19:00:52,336 ] - Epoch 155: train==[104.67642 = 0.46151 + 1.04801 + 11.49458 + 0.00347 + 0.00000 + 0.00024 + 613.91869]
[ INFO : 2026-07-13 19:01:01,260 ] - Test_@[5, 10, 20, 50]: Recall=[0.01048, 0.01624, 0.02506, 0.05051],  precision=[0.00210, 0.00162, 0.00125, 0.00101], hit=[0.01048, 0.01624, 0.02506, 0.05051], ndcg=[0.00683, 0.00869, 0.01091, 0.01584], Train Rec Loss=[0.07058], Eval Rec Loss=[0.06942], c=[0.50000], F=[0.82961, 0.87052, 0.88723, 0.91033], F_fuse=[0.00418, 0.00324, 0.00250, 0.00202]
[ INFO : 2026-07-13 19:02:53,083 ] - Epoch 156: train==[104.57302 = 0.45829 + 1.04555 + 11.39641 + 0.00349 + 0.00000 + 0.00022 + 613.91522]
[ INFO : 2026-07-13 19:03:02,222 ] - Test_@[5, 10, 20, 50]: Recall=[0.00959, 0.01752, 0.02570, 0.05217],  precision=[0.00192, 0.00175, 0.00129, 0.00104], hit=[0.00959, 0.01752, 0.02570, 0.05217], ndcg=[0.00648, 0.00905, 0.01111, 0.01626], Train Rec Loss=[0.07120], Eval Rec Loss=[0.07063], c=[0.50000], F=[0.84573, 0.89081, 0.89370, 0.90917], F_fuse=[0.00383, 0.00350, 0.00257, 0.00208]
[ INFO : 2026-07-13 19:04:54,898 ] - Epoch 157: train==[104.58416 = 0.46440 + 1.04284 + 11.40309 + 0.00348 + 0.00000 + 0.00022 + 613.91504]
[ INFO : 2026-07-13 19:05:03,788 ] - Test_@[5, 10, 20, 50]: Recall=[0.00946, 0.01688, 0.02519, 0.05102],  precision=[0.00189, 0.00169, 0.00126, 0.00102], hit=[0.00946, 0.01688, 0.02519, 0.05102], ndcg=[0.00630, 0.00872, 0.01080, 0.01582], Train Rec Loss=[0.07120], Eval Rec Loss=[0.07075], c=[0.50000], F=[0.83633, 0.88077, 0.89388, 0.91047], F_fuse=[0.00378, 0.00337, 0.00252, 0.00204]
[ INFO : 2026-07-13 19:06:56,582 ] - Epoch 158: train==[104.53664 = 0.46339 + 1.03992 + 11.35840 + 0.00350 + 0.00000 + 0.00021 + 613.91455]
[ INFO : 2026-07-13 19:07:05,470 ] - Test_@[5, 10, 20, 50]: Recall=[0.00933, 0.01918, 0.02685, 0.05332],  precision=[0.00187, 0.00192, 0.00134, 0.00107], hit=[0.00933, 0.01918, 0.02685, 0.05332], ndcg=[0.00611, 0.00930, 0.01122, 0.01635], Train Rec Loss=[0.07135], Eval Rec Loss=[0.07203], c=[0.50000], F=[0.84423, 0.89547, 0.89444, 0.90846], F_fuse=[0.00373, 0.00383, 0.00268, 0.00213]
[ INFO : 2026-07-13 19:08:59,217 ] - Epoch 159: train==[104.43356 = 0.45808 + 1.03758 + 11.26149 + 0.00354 + 0.00000 + 0.00022 + 613.91785]
[ INFO : 2026-07-13 19:09:08,547 ] - Test_@[5, 10, 20, 50]: Recall=[0.00933, 0.01637, 0.02417, 0.04897],  precision=[0.00187, 0.00164, 0.00121, 0.00098], hit=[0.00933, 0.01637, 0.02417, 0.04897], ndcg=[0.00621, 0.00845, 0.01045, 0.01527], Train Rec Loss=[0.07113], Eval Rec Loss=[0.07173], c=[0.50000], F=[0.82709, 0.86770, 0.88475, 0.90934], F_fuse=[0.00373, 0.00327, 0.00241, 0.00196]
[ INFO : 2026-07-13 19:11:02,831 ] - Epoch 160: train==[104.43117 = 0.45448 + 1.03518 + 11.26574 + 0.00353 + 0.00000 + 0.00021 + 613.90731]
[ INFO : 2026-07-13 19:11:12,226 ] - Test_@[5, 10, 20, 50]: Recall=[0.01048, 0.01854, 0.02596, 0.05242],  precision=[0.00210, 0.00185, 0.00130, 0.00105], hit=[0.01048, 0.01854, 0.02596, 0.05242], ndcg=[0.00670, 0.00931, 0.01118, 0.01634], Train Rec Loss=[0.07297], Eval Rec Loss=[0.07216], c=[0.50000], F=[0.84835, 0.89675, 0.89751, 0.91117], F_fuse=[0.00418, 0.00370, 0.00259, 0.00209]
[ INFO : 2026-07-13 19:13:04,922 ] - Epoch 161: train==[104.35126 = 0.45670 + 1.03272 + 11.18486 + 0.00355 + 0.00000 + 0.00022 + 613.90862]
[ INFO : 2026-07-13 19:13:13,818 ] - Test_@[5, 10, 20, 50]: Recall=[0.00985, 0.01713, 0.02519, 0.04999],  precision=[0.00197, 0.00171, 0.00126, 0.00100], hit=[0.00985, 0.01713, 0.02519, 0.04999], ndcg=[0.00633, 0.00867, 0.01071, 0.01554], Train Rec Loss=[0.07270], Eval Rec Loss=[0.07193], c=[0.50000], F=[0.83274, 0.87307, 0.88956, 0.91082], F_fuse=[0.00393, 0.00342, 0.00252, 0.00200]
[ INFO : 2026-07-13 19:15:05,659 ] - Epoch 162: train==[104.40317 = 0.45364 + 1.03020 + 11.24060 + 0.00354 + 0.00000 + 0.00021 + 613.91374]
[ INFO : 2026-07-13 19:15:14,969 ] - Test_@[5, 10, 20, 50]: Recall=[0.00997, 0.01803, 0.02647, 0.05178],  precision=[0.00199, 0.00180, 0.00132, 0.00104], hit=[0.00997, 0.01803, 0.02647, 0.05178], ndcg=[0.00679, 0.00937, 0.01150, 0.01640], Train Rec Loss=[0.07320], Eval Rec Loss=[0.07348], c=[0.50000], F=[0.84333, 0.89349, 0.89501, 0.91001], F_fuse=[0.00398, 0.00360, 0.00264, 0.00207]
[ INFO : 2026-07-13 19:17:07,287 ] - Epoch 163: train==[104.29975 = 0.45891 + 1.02783 + 11.13244 + 0.00358 + 0.00000 + 0.00022 + 613.91936]
[ INFO : 2026-07-13 19:17:16,111 ] - Test_@[5, 10, 20, 50]: Recall=[0.00921, 0.01547, 0.02429, 0.04999],  precision=[0.00184, 0.00155, 0.00121, 0.00100], hit=[0.00921, 0.01547, 0.02429, 0.04999], ndcg=[0.00596, 0.00800, 0.01021, 0.01520], Train Rec Loss=[0.07428], Eval Rec Loss=[0.07406], c=[0.50000], F=[0.82926, 0.86702, 0.88926, 0.91402], F_fuse=[0.00367, 0.00309, 0.00243, 0.00200]
[ INFO : 2026-07-13 19:19:07,521 ] - Epoch 164: train==[104.26672 = 0.45944 + 1.02567 + 11.10028 + 0.00357 + 0.00000 + 0.00022 + 613.91866]
[ INFO : 2026-07-13 19:19:16,414 ] - Test_@[5, 10, 20, 50]: Recall=[0.00997, 0.01624, 0.02519, 0.05153],  precision=[0.00199, 0.00162, 0.00126, 0.00103], hit=[0.00997, 0.01624, 0.02519, 0.05153], ndcg=[0.00628, 0.00828, 0.01054, 0.01566], Train Rec Loss=[0.07364], Eval Rec Loss=[0.07417], c=[0.50000], F=[0.84096, 0.88840, 0.89377, 0.91216], F_fuse=[0.00398, 0.00324, 0.00252, 0.00206]
[ INFO : 2026-07-13 19:21:09,205 ] - Epoch 165: train==[104.23283 = 0.45403 + 1.02303 + 11.07322 + 0.00359 + 0.00000 + 0.00023 + 613.91963]
[ INFO : 2026-07-13 19:21:18,164 ] - Test_@[5, 10, 20, 50]: Recall=[0.00908, 0.01726, 0.02596, 0.05025],  precision=[0.00182, 0.00173, 0.00130, 0.00100], hit=[0.00908, 0.01726, 0.02596, 0.05025], ndcg=[0.00603, 0.00867, 0.01086, 0.01559], Train Rec Loss=[0.07341], Eval Rec Loss=[0.07321], c=[0.50000], F=[0.84381, 0.88983, 0.89509, 0.91216], F_fuse=[0.00362, 0.00345, 0.00259, 0.00201]
[ INFO : 2026-07-13 19:23:10,135 ] - Epoch 166: train==[104.18013 = 0.45060 + 1.02059 + 11.02644 + 0.00358 + 0.00000 + 0.00021 + 613.91292]
[ INFO : 2026-07-13 19:23:19,471 ] - Test_@[5, 10, 20, 50]: Recall=[0.00985, 0.01713, 0.02583, 0.05332],  precision=[0.00197, 0.00171, 0.00129, 0.00107], hit=[0.00985, 0.01713, 0.02583, 0.05332], ndcg=[0.00646, 0.00885, 0.01105, 0.01639], Train Rec Loss=[0.07423], Eval Rec Loss=[0.07547], c=[0.50000], F=[0.84534, 0.88569, 0.89364, 0.91307], F_fuse=[0.00393, 0.00342, 0.00258, 0.00213]
[ INFO : 2026-07-13 19:25:11,350 ] - Epoch 167: train==[104.17546 = 0.44769 + 1.01809 + 11.02516 + 0.00361 + 0.00000 + 0.00022 + 613.91946]
[ INFO : 2026-07-13 19:25:20,637 ] - Test_@[5, 10, 20, 50]: Recall=[0.00882, 0.01611, 0.02468, 0.05281],  precision=[0.00176, 0.00161, 0.00123, 0.00106], hit=[0.00882, 0.01611, 0.02468, 0.05281], ndcg=[0.00600, 0.00835, 0.01051, 0.01600], Train Rec Loss=[0.07478], Eval Rec Loss=[0.07430], c=[0.50000], F=[0.83799, 0.87710, 0.89198, 0.91216], F_fuse=[0.00352, 0.00322, 0.00246, 0.00211]
[ INFO : 2026-07-13 19:27:12,939 ] - Epoch 168: train==[104.18041 = 0.45433 + 1.01542 + 11.02544 + 0.00360 + 0.00000 + 0.00022 + 613.91712]
[ INFO : 2026-07-13 19:27:21,775 ] - Test_@[5, 10, 20, 50]: Recall=[0.00933, 0.01637, 0.02596, 0.05153],  precision=[0.00187, 0.00164, 0.00130, 0.00103], hit=[0.00933, 0.01637, 0.02596, 0.05153], ndcg=[0.00602, 0.00829, 0.01072, 0.01570], Train Rec Loss=[0.07512], Eval Rec Loss=[0.07494], c=[0.50000], F=[0.84841, 0.89290, 0.89958, 0.91495], F_fuse=[0.00373, 0.00327, 0.00259, 0.00206]
[ INFO : 2026-07-13 19:29:15,176 ] - Epoch 169: train==[104.15412 = 0.44819 + 1.01287 + 11.00657 + 0.00360 + 0.00000 + 0.00022 + 613.91873]
[ INFO : 2026-07-13 19:29:24,253 ] - Test_@[5, 10, 20, 50]: Recall=[0.00933, 0.01701, 0.02455, 0.05089],  precision=[0.00187, 0.00170, 0.00123, 0.00102], hit=[0.00933, 0.01701, 0.02455, 0.05089], ndcg=[0.00592, 0.00837, 0.01028, 0.01540], Train Rec Loss=[0.07562], Eval Rec Loss=[0.07546], c=[0.50000], F=[0.84150, 0.88211, 0.89584, 0.91676], F_fuse=[0.00373, 0.00339, 0.00245, 0.00203]
[ INFO : 2026-07-13 19:31:17,197 ] - Epoch 170: train==[104.03277 = 0.44257 + 1.01053 + 10.89365 + 0.00362 + 0.00000 + 0.00021 + 613.90934]
[ INFO : 2026-07-13 19:31:26,056 ] - Test_@[5, 10, 20, 50]: Recall=[0.00908, 0.01892, 0.02634, 0.05217],  precision=[0.00182, 0.00189, 0.00132, 0.00104], hit=[0.00908, 0.01892, 0.02634, 0.05217], ndcg=[0.00590, 0.00908, 0.01096, 0.01599], Train Rec Loss=[0.07616], Eval Rec Loss=[0.07575], c=[0.50000], F=[0.85756, 0.89986, 0.90010, 0.91266], F_fuse=[0.00362, 0.00378, 0.00263, 0.00208]
[ INFO : 2026-07-13 19:33:20,154 ] - Epoch 171: train==[104.03924 = 0.44242 + 1.00827 + 10.89789 + 0.00363 + 0.00000 + 0.00031 + 613.93346]
[ INFO : 2026-07-13 19:33:29,485 ] - Test_@[5, 10, 20, 50]: Recall=[0.00869, 0.01662, 0.02583, 0.05178],  precision=[0.00174, 0.00166, 0.00129, 0.00104], hit=[0.00869, 0.01662, 0.02583, 0.05178], ndcg=[0.00604, 0.00858, 0.01090, 0.01592], Train Rec Loss=[0.07689], Eval Rec Loss=[0.07607], c=[0.50000], F=[0.84042, 0.88061, 0.89445, 0.91302], F_fuse=[0.00347, 0.00332, 0.00258, 0.00207]
[ INFO : 2026-07-13 19:35:22,107 ] - Epoch 172: train==[103.99104 = 0.44147 + 1.00577 + 10.85529 + 0.00364 + 0.00000 + 0.00022 + 613.91307]
[ INFO : 2026-07-13 19:35:31,097 ] - Test_@[5, 10, 20, 50]: Recall=[0.00844, 0.01483, 0.02365, 0.05089],  precision=[0.00169, 0.00148, 0.00118, 0.00102], hit=[0.00844, 0.01483, 0.02365, 0.05089], ndcg=[0.00572, 0.00777, 0.01001, 0.01532], Train Rec Loss=[0.07682], Eval Rec Loss=[0.07599], c=[0.50000], F=[0.83818, 0.87927, 0.89272, 0.91288], F_fuse=[0.00337, 0.00296, 0.00236, 0.00203]
[ INFO : 2026-07-13 19:37:24,149 ] - Epoch 173: train==[103.95082 = 0.44536 + 1.00333 + 10.81064 + 0.00367 + 0.00000 + 0.00024 + 613.92609]
[ INFO : 2026-07-13 19:37:33,406 ] - Test_@[5, 10, 20, 50]: Recall=[0.00831, 0.01534, 0.02365, 0.05012],  precision=[0.00166, 0.00153, 0.00118, 0.00100], hit=[0.00831, 0.01534, 0.02365, 0.05012], ndcg=[0.00547, 0.00776, 0.00987, 0.01503], Train Rec Loss=[0.07625], Eval Rec Loss=[0.07629], c=[0.50000], F=[0.83469, 0.87460, 0.89061, 0.91461], F_fuse=[0.00332, 0.00306, 0.00236, 0.00200]
[ INFO : 2026-07-13 19:39:26,499 ] - Epoch 174: train==[103.88498 = 0.44416 + 1.00074 + 10.74962 + 0.00368 + 0.00000 + 0.00021 + 613.91242]
[ INFO : 2026-07-13 19:39:35,365 ] - Test_@[5, 10, 20, 50]: Recall=[0.00997, 0.01624, 0.02544, 0.05102],  precision=[0.00199, 0.00162, 0.00127, 0.00102], hit=[0.00997, 0.01624, 0.02544, 0.05102], ndcg=[0.00609, 0.00813, 0.01046, 0.01545], Train Rec Loss=[0.07808], Eval Rec Loss=[0.07767], c=[0.50000], F=[0.84563, 0.88763, 0.89778, 0.91678], F_fuse=[0.00398, 0.00324, 0.00254, 0.00204]
[ INFO : 2026-07-13 19:41:27,650 ] - Epoch 175: train==[103.83688 = 0.43751 + 0.99830 + 10.70943 + 0.00368 + 0.00000 + 0.00021 + 613.91371]
[ INFO : 2026-07-13 19:41:36,934 ] - Test_@[5, 10, 20, 50]: Recall=[0.00933, 0.01764, 0.02583, 0.05306],  precision=[0.00187, 0.00176, 0.00129, 0.00106], hit=[0.00933, 0.01764, 0.02583, 0.05306], ndcg=[0.00637, 0.00907, 0.01112, 0.01641], Train Rec Loss=[0.07825], Eval Rec Loss=[0.07713], c=[0.50000], F=[0.84816, 0.89017, 0.89642, 0.91325], F_fuse=[0.00373, 0.00352, 0.00258, 0.00212]
[ INFO : 2026-07-13 19:43:30,314 ] - Epoch 176: train==[103.90816 = 0.44186 + 0.99599 + 10.77608 + 0.00367 + 0.00000 + 0.00024 + 613.92476]
[ INFO : 2026-07-13 19:43:39,520 ] - Test_@[5, 10, 20, 50]: Recall=[0.01010, 0.01662, 0.02442, 0.04987],  precision=[0.00202, 0.00166, 0.00122, 0.00100], hit=[0.01010, 0.01662, 0.02442, 0.04987], ndcg=[0.00672, 0.00883, 0.01081, 0.01573], Train Rec Loss=[0.07860], Eval Rec Loss=[0.07768], c=[0.50000], F=[0.84233, 0.87515, 0.89152, 0.91351], F_fuse=[0.00403, 0.00332, 0.00244, 0.00199]
[ INFO : 2026-07-13 19:45:34,407 ] - Epoch 177: train==[103.82590 = 0.44029 + 0.99350 + 10.69857 + 0.00367 + 0.00000 + 0.00021 + 613.91370]
[ INFO : 2026-07-13 19:45:43,297 ] - Test_@[5, 10, 20, 50]: Recall=[0.00972, 0.01726, 0.02583, 0.05255],  precision=[0.00194, 0.00173, 0.00129, 0.00105], hit=[0.00972, 0.01726, 0.02583, 0.05255], ndcg=[0.00646, 0.00891, 0.01110, 0.01631], Train Rec Loss=[0.07863], Eval Rec Loss=[0.07847], c=[0.50000], F=[0.84937, 0.89308, 0.90014, 0.91614], F_fuse=[0.00388, 0.00345, 0.00258, 0.00210]
[ INFO : 2026-07-13 19:47:36,862 ] - Epoch 178: train==[103.76453 = 0.44175 + 0.99075 + 10.63622 + 0.00371 + 0.00000 + 0.00023 + 613.92111]
[ INFO : 2026-07-13 19:47:45,795 ] - Test_@[5, 10, 20, 50]: Recall=[0.00831, 0.01624, 0.02583, 0.05089],  precision=[0.00166, 0.00162, 0.00129, 0.00102], hit=[0.00831, 0.01624, 0.02583, 0.05089], ndcg=[0.00565, 0.00818, 0.01060, 0.01542], Train Rec Loss=[0.07968], Eval Rec Loss=[0.07844], c=[0.50000], F=[0.84301, 0.88338, 0.89394, 0.91548], F_fuse=[0.00332, 0.00324, 0.00258, 0.00203]
[ INFO : 2026-07-13 19:49:38,757 ] - Epoch 179: train==[103.75938 = 0.43517 + 0.98767 + 10.64005 + 0.00369 + 0.00000 + 0.00021 + 613.91773]
[ INFO : 2026-07-13 19:49:48,111 ] - Test_@[5, 10, 20, 50]: Recall=[0.00869, 0.01598, 0.02493, 0.05076],  precision=[0.00174, 0.00160, 0.00125, 0.00102], hit=[0.00869, 0.01598, 0.02493, 0.05076], ndcg=[0.00614, 0.00850, 0.01079, 0.01582], Train Rec Loss=[0.07904], Eval Rec Loss=[0.07887], c=[0.50000], F=[0.84266, 0.88079, 0.89321, 0.91739], F_fuse=[0.00347, 0.00319, 0.00249, 0.00203]
[ INFO : 2026-07-13 19:51:39,283 ] - Epoch 180: train==[103.77158 = 0.44007 + 0.98410 + 10.65027 + 0.00370 + 0.00000 + 0.00021 + 613.91248]
[ INFO : 2026-07-13 19:51:48,525 ] - Test_@[5, 10, 20, 50]: Recall=[0.00882, 0.01573, 0.02429, 0.05012],  precision=[0.00176, 0.00157, 0.00121, 0.00100], hit=[0.00882, 0.01573, 0.02429, 0.05012], ndcg=[0.00600, 0.00822, 0.01040, 0.01543], Train Rec Loss=[0.07993], Eval Rec Loss=[0.08053], c=[0.50000], F=[0.84672, 0.89134, 0.89876, 0.91472], F_fuse=[0.00352, 0.00314, 0.00243, 0.00200]
[ INFO : 2026-07-13 19:53:40,233 ] - Epoch 181: train==[103.74370 = 0.43642 + 0.98094 + 10.62686 + 0.00375 + 0.00000 + 0.00022 + 613.91919]
[ INFO : 2026-07-13 19:53:49,413 ] - Test_@[5, 10, 20, 50]: Recall=[0.00972, 0.01585, 0.02468, 0.05038],  precision=[0.00194, 0.00159, 0.00123, 0.00101], hit=[0.00972, 0.01585, 0.02468, 0.05038], ndcg=[0.00621, 0.00820, 0.01042, 0.01544], Train Rec Loss=[0.08080], Eval Rec Loss=[0.08017], c=[0.50000], F=[0.84742, 0.88402, 0.89651, 0.91590], F_fuse=[0.00388, 0.00317, 0.00246, 0.00201]
[ INFO : 2026-07-13 19:55:43,343 ] - Epoch 182: train==[103.62183 = 0.43184 + 0.97777 + 10.51205 + 0.00374 + 0.00000 + 0.00021 + 613.91546]
[ INFO : 2026-07-13 19:55:52,617 ] - Test_@[5, 10, 20, 50]: Recall=[0.00818, 0.01560, 0.02417, 0.05038],  precision=[0.00164, 0.00156, 0.00121, 0.00101], hit=[0.00818, 0.01560, 0.02417, 0.05038], ndcg=[0.00547, 0.00786, 0.01002, 0.01512], Train Rec Loss=[0.08145], Eval Rec Loss=[0.08080], c=[0.50000], F=[0.83706, 0.87475, 0.89241, 0.91765], F_fuse=[0.00327, 0.00311, 0.00241, 0.00201]
[ INFO : 2026-07-13 19:57:45,000 ] - Epoch 183: train==[103.64164 = 0.43324 + 0.97478 + 10.53216 + 0.00373 + 0.00000 + 0.00022 + 613.91611]
[ INFO : 2026-07-13 19:57:54,052 ] - Test_@[5, 10, 20, 50]: Recall=[0.00959, 0.01649, 0.02698, 0.05153],  precision=[0.00192, 0.00165, 0.00135, 0.00103], hit=[0.00959, 0.01649, 0.02698, 0.05153], ndcg=[0.00598, 0.00821, 0.01084, 0.01562], Train Rec Loss=[0.08201], Eval Rec Loss=[0.08134], c=[0.50000], F=[0.84774, 0.89207, 0.89764, 0.91580], F_fuse=[0.00383, 0.00329, 0.00269, 0.00206]
[ INFO : 2026-07-13 19:59:46,481 ] - Epoch 184: train==[103.59055 = 0.43626 + 0.97181 + 10.47999 + 0.00376 + 0.00000 + 0.00021 + 613.91499]
[ INFO : 2026-07-13 19:59:55,699 ] - Test_@[5, 10, 20, 50]: Recall=[0.00869, 0.01534, 0.02544, 0.04987],  precision=[0.00174, 0.00153, 0.00127, 0.00100], hit=[0.00869, 0.01534, 0.02544, 0.04987], ndcg=[0.00574, 0.00789, 0.01042, 0.01517], Train Rec Loss=[0.08154], Eval Rec Loss=[0.08099], c=[0.50000], F=[0.83300, 0.86829, 0.88784, 0.91442], F_fuse=[0.00347, 0.00306, 0.00254, 0.00199]
[ INFO : 2026-07-13 20:01:48,591 ] - Epoch 185: train==[103.58356 = 0.43127 + 0.96863 + 10.47876 + 0.00375 + 0.00000 + 0.00022 + 613.92255]
[ INFO : 2026-07-13 20:01:57,834 ] - Test_@[5, 10, 20, 50]: Recall=[0.01074, 0.01828, 0.02621, 0.05204],  precision=[0.00215, 0.00183, 0.00131, 0.00104], hit=[0.01074, 0.01828, 0.02621, 0.05204], ndcg=[0.00696, 0.00939, 0.01135, 0.01636], Train Rec Loss=[0.08349], Eval Rec Loss=[0.08214], c=[0.50000], F=[0.85468, 0.90176, 0.90171, 0.91418], F_fuse=[0.00429, 0.00365, 0.00262, 0.00208]
[ INFO : 2026-07-13 20:03:51,617 ] - Epoch 186: train==[103.55605 = 0.43459 + 0.96552 + 10.44906 + 0.00378 + 0.00000 + 0.00023 + 613.92713]
[ INFO : 2026-07-13 20:04:00,456 ] - Test_@[5, 10, 20, 50]: Recall=[0.00831, 0.01483, 0.02481, 0.05102],  precision=[0.00166, 0.00148, 0.00124, 0.00102], hit=[0.00831, 0.01483, 0.02481, 0.05102], ndcg=[0.00539, 0.00747, 0.00996, 0.01509], Train Rec Loss=[0.08427], Eval Rec Loss=[0.08264], c=[0.50000], F=[0.83652, 0.86979, 0.89000, 0.91717], F_fuse=[0.00332, 0.00296, 0.00248, 0.00204]
[ INFO : 2026-07-13 20:05:52,470 ] - Epoch 187: train==[103.59972 = 0.42869 + 0.96183 + 10.50080 + 0.00377 + 0.00000 + 0.00023 + 613.92756]
[ INFO : 2026-07-13 20:06:01,399 ] - Test_@[5, 10, 20, 50]: Recall=[0.00882, 0.01573, 0.02442, 0.04935],  precision=[0.00176, 0.00157, 0.00122, 0.00099], hit=[0.00882, 0.01573, 0.02442, 0.04935], ndcg=[0.00581, 0.00805, 0.01024, 0.01507], Train Rec Loss=[0.08365], Eval Rec Loss=[0.08393], c=[0.50000], F=[0.83956, 0.87850, 0.89572, 0.92032], F_fuse=[0.00352, 0.00314, 0.00244, 0.00197]
[ INFO : 2026-07-13 20:07:55,422 ] - Epoch 188: train==[103.52063 = 0.43094 + 0.95830 + 10.42391 + 0.00379 + 0.00000 + 0.00021 + 613.91212]
[ INFO : 2026-07-13 20:08:04,691 ] - Test_@[5, 10, 20, 50]: Recall=[0.00946, 0.01585, 0.02519, 0.05242],  precision=[0.00189, 0.00159, 0.00126, 0.00105], hit=[0.00946, 0.01585, 0.02519, 0.05242], ndcg=[0.00596, 0.00802, 0.01036, 0.01567], Train Rec Loss=[0.08296], Eval Rec Loss=[0.08430], c=[0.50000], F=[0.85641, 0.90190, 0.90460, 0.91880], F_fuse=[0.00378, 0.00317, 0.00252, 0.00209]
[ INFO : 2026-07-13 20:09:58,537 ] - Epoch 189: train==[103.48613 = 0.43633 + 0.95460 + 10.38386 + 0.00380 + 0.00000 + 0.00024 + 613.92759]
[ INFO : 2026-07-13 20:10:07,919 ] - Test_@[5, 10, 20, 50]: Recall=[0.00997, 0.01637, 0.02647, 0.05038],  precision=[0.00199, 0.00164, 0.00132, 0.00101], hit=[0.00997, 0.01637, 0.02647, 0.05038], ndcg=[0.00669, 0.00878, 0.01130, 0.01593], Train Rec Loss=[0.08542], Eval Rec Loss=[0.08496], c=[0.50000], F=[0.84438, 0.88162, 0.89619, 0.91647], F_fuse=[0.00398, 0.00327, 0.00264, 0.00201]
[ INFO : 2026-07-13 20:12:01,752 ] - Epoch 190: train==[103.37824 = 0.43151 + 0.95083 + 10.28308 + 0.00379 + 0.00000 + 0.00026 + 613.92731]
[ INFO : 2026-07-13 20:12:11,047 ] - Test_@[5, 10, 20, 50]: Recall=[0.00921, 0.01573, 0.02365, 0.04859],  precision=[0.00184, 0.00157, 0.00118, 0.00097], hit=[0.00921, 0.01573, 0.02365, 0.04859], ndcg=[0.00614, 0.00823, 0.01021, 0.01506], Train Rec Loss=[0.08433], Eval Rec Loss=[0.08538], c=[0.50000], F=[0.84058, 0.87366, 0.89071, 0.91440], F_fuse=[0.00367, 0.00314, 0.00236, 0.00194]
[ INFO : 2026-07-13 20:14:04,477 ] - Epoch 191: train==[103.34298 = 0.42613 + 0.94640 + 10.25844 + 0.00382 + 0.00000 + 0.00021 + 613.91021]
[ INFO : 2026-07-13 20:14:13,334 ] - Test_@[5, 10, 20, 50]: Recall=[0.01048, 0.01611, 0.02442, 0.05102],  precision=[0.00210, 0.00161, 0.00122, 0.00102], hit=[0.01048, 0.01611, 0.02442, 0.05102], ndcg=[0.00670, 0.00852, 0.01061, 0.01579], Train Rec Loss=[0.08501], Eval Rec Loss=[0.08650], c=[0.50000], F=[0.84825, 0.88658, 0.89531, 0.91765], F_fuse=[0.00418, 0.00322, 0.00244, 0.00204]
[ INFO : 2026-07-13 20:16:06,576 ] - Epoch 192: train==[103.37112 = 0.42674 + 0.94250 + 10.28528 + 0.00380 + 0.00000 + 0.00024 + 613.93040]
[ INFO : 2026-07-13 20:16:15,408 ] - Test_@[5, 10, 20, 50]: Recall=[0.00921, 0.01534, 0.02391, 0.05038],  precision=[0.00184, 0.00153, 0.00120, 0.00101], hit=[0.00921, 0.01534, 0.02391, 0.05038], ndcg=[0.00602, 0.00801, 0.01017, 0.01532], Train Rec Loss=[0.08590], Eval Rec Loss=[0.08521], c=[0.50000], F=[0.84956, 0.88701, 0.90008, 0.92037], F_fuse=[0.00367, 0.00306, 0.00239, 0.00201]
[ INFO : 2026-07-13 20:18:09,935 ] - Epoch 193: train==[103.36103 = 0.42221 + 0.93816 + 10.28333 + 0.00382 + 0.00000 + 0.00024 + 613.92350]
[ INFO : 2026-07-13 20:18:19,203 ] - Test_@[5, 10, 20, 50]: Recall=[0.00869, 0.01522, 0.02468, 0.05255],  precision=[0.00174, 0.00152, 0.00123, 0.00105], hit=[0.00869, 0.01522, 0.02468, 0.05255], ndcg=[0.00563, 0.00776, 0.01011, 0.01553], Train Rec Loss=[0.08691], Eval Rec Loss=[0.08748], c=[0.50000], F=[0.84506, 0.88835, 0.90252, 0.92140], F_fuse=[0.00347, 0.00304, 0.00246, 0.00210]
[ INFO : 2026-07-13 20:20:11,793 ] - Epoch 194: train==[103.28284 = 0.42516 + 0.93412 + 10.20488 + 0.00386 + 0.00000 + 0.00023 + 613.92158]
[ INFO : 2026-07-13 20:20:21,152 ] - Test_@[5, 10, 20, 50]: Recall=[0.00921, 0.01534, 0.02455, 0.05025],  precision=[0.00184, 0.00153, 0.00123, 0.00100], hit=[0.00921, 0.01534, 0.02455, 0.05025], ndcg=[0.00591, 0.00789, 0.01019, 0.01518], Train Rec Loss=[0.08747], Eval Rec Loss=[0.08625], c=[0.50000], F=[0.84397, 0.87847, 0.89325, 0.91936], F_fuse=[0.00367, 0.00306, 0.00245, 0.00201]
[ INFO : 2026-07-13 20:22:13,225 ] - Epoch 195: train==[103.33648 = 0.42257 + 0.93016 + 10.26461 + 0.00386 + 0.00000 + 0.00022 + 613.91417]
[ INFO : 2026-07-13 20:22:22,384 ] - Test_@[5, 10, 20, 50]: Recall=[0.00985, 0.01739, 0.02544, 0.05127],  precision=[0.00197, 0.00174, 0.00127, 0.00103], hit=[0.00985, 0.01739, 0.02544, 0.05127], ndcg=[0.00650, 0.00896, 0.01098, 0.01602], Train Rec Loss=[0.08831], Eval Rec Loss=[0.08783], c=[0.50000], F=[0.85637, 0.89439, 0.90284, 0.92119], F_fuse=[0.00393, 0.00347, 0.00254, 0.00205]
[ INFO : 2026-07-13 20:24:15,259 ] - Epoch 196: train==[103.32001 = 0.42185 + 0.92599 + 10.24929 + 0.00388 + 0.00000 + 0.00025 + 613.92766]
[ INFO : 2026-07-13 20:24:24,574 ] - Test_@[5, 10, 20, 50]: Recall=[0.00933, 0.01496, 0.02417, 0.04910],  precision=[0.00187, 0.00150, 0.00121, 0.00098], hit=[0.00933, 0.01496, 0.02417, 0.04910], ndcg=[0.00626, 0.00807, 0.01038, 0.01528], Train Rec Loss=[0.08809], Eval Rec Loss=[0.08811], c=[0.50000], F=[0.84240, 0.87822, 0.89275, 0.91885], F_fuse=[0.00373, 0.00299, 0.00241, 0.00196]
[ INFO : 2026-07-13 20:26:17,125 ] - Epoch 197: train==[103.26212 = 0.42301 + 0.92173 + 10.19495 + 0.00386 + 0.00000 + 0.00021 + 613.91358]
[ INFO : 2026-07-13 20:26:26,391 ] - Test_@[5, 10, 20, 50]: Recall=[0.00972, 0.01585, 0.02455, 0.04871],  precision=[0.00194, 0.00159, 0.00123, 0.00097], hit=[0.00972, 0.01585, 0.02455, 0.04871], ndcg=[0.00658, 0.00858, 0.01075, 0.01546], Train Rec Loss=[0.08912], Eval Rec Loss=[0.08868], c=[0.50000], F=[0.84848, 0.88407, 0.89733, 0.92213], F_fuse=[0.00388, 0.00317, 0.00245, 0.00195]
[ INFO : 2026-07-13 20:28:19,041 ] - Epoch 198: train==[103.22867 = 0.42244 + 0.91761 + 10.16247 + 0.00388 + 0.00000 + 0.00022 + 613.92731]
[ INFO : 2026-07-13 20:28:28,346 ] - Test_@[5, 10, 20, 50]: Recall=[0.00921, 0.01470, 0.02301, 0.05025],  precision=[0.00184, 0.00147, 0.00115, 0.00100], hit=[0.00921, 0.01470, 0.02301, 0.05025], ndcg=[0.00584, 0.00762, 0.00966, 0.01498], Train Rec Loss=[0.08856], Eval Rec Loss=[0.09003], c=[0.50000], F=[0.85247, 0.88886, 0.90040, 0.92254], F_fuse=[0.00367, 0.00294, 0.00230, 0.00201]
[ INFO : 2026-07-13 20:30:20,639 ] - Epoch 199: train==[103.18894 = 0.41540 + 0.91342 + 10.13351 + 0.00389 + 0.00000 + 0.00023 + 613.91903]
[ INFO : 2026-07-13 20:30:29,986 ] - Test_@[5, 10, 20, 50]: Recall=[0.00882, 0.01496, 0.02289, 0.04654],  precision=[0.00176, 0.00150, 0.00114, 0.00093], hit=[0.00882, 0.01496, 0.02289, 0.04654], ndcg=[0.00598, 0.00796, 0.00994, 0.01457], Train Rec Loss=[0.08981], Eval Rec Loss=[0.08936], c=[0.50000], F=[0.84384, 0.88349, 0.89916, 0.92213], F_fuse=[0.00352, 0.00299, 0.00229, 0.00186]
[ INFO : 2026-07-13 20:32:22,982 ] - Epoch 200: train==[103.11501 = 0.42282 + 0.90933 + 10.05522 + 0.00390 + 0.00000 + 0.00021 + 613.91507]
[ INFO : 2026-07-13 20:32:32,110 ] - Test_@[5, 10, 20, 50]: Recall=[0.01048, 0.01828, 0.02634, 0.05242],  precision=[0.00210, 0.00183, 0.00132, 0.00105], hit=[0.01048, 0.01828, 0.02634, 0.05242], ndcg=[0.00681, 0.00929, 0.01130, 0.01639], Train Rec Loss=[0.08993], Eval Rec Loss=[0.09059], c=[0.50000], F=[0.85695, 0.90600, 0.90533, 0.91944], F_fuse=[0.00418, 0.00365, 0.00263, 0.00209]
[ INFO : 2026-07-13 20:34:26,626 ] - Epoch 201: train==[103.14645 = 0.41566 + 0.90521 + 10.09542 + 0.00392 + 0.00000 + 0.00022 + 613.92065]
[ INFO : 2026-07-13 20:34:35,525 ] - Test_@[5, 10, 20, 50]: Recall=[0.01087, 0.01739, 0.02608, 0.05217],  precision=[0.00217, 0.00174, 0.00130, 0.00104], hit=[0.01087, 0.01739, 0.02608, 0.05217], ndcg=[0.00708, 0.00918, 0.01133, 0.01643], Train Rec Loss=[0.09079], Eval Rec Loss=[0.08982], c=[0.50000], F=[0.85129, 0.88753, 0.89811, 0.91822], F_fuse=[0.00434, 0.00347, 0.00260, 0.00208]
[ INFO : 2026-07-13 20:36:29,813 ] - Epoch 202: train==[103.08040 = 0.41294 + 0.90089 + 10.03430 + 0.00395 + 0.00000 + 0.00023 + 613.92288]
[ INFO : 2026-07-13 20:36:38,773 ] - Test_@[5, 10, 20, 50]: Recall=[0.00882, 0.01419, 0.02365, 0.04846],  precision=[0.00176, 0.00142, 0.00118, 0.00097], hit=[0.00882, 0.01419, 0.02365, 0.04846], ndcg=[0.00599, 0.00772, 0.01008, 0.01492], Train Rec Loss=[0.09152], Eval Rec Loss=[0.09136], c=[0.50000], F=[0.84758, 0.87932, 0.89579, 0.92243], F_fuse=[0.00352, 0.00283, 0.00236, 0.00194]
[ INFO : 2026-07-13 20:38:33,028 ] - Epoch 203: train==[103.05031 = 0.41333 + 0.89681 + 10.00571 + 0.00392 + 0.00000 + 0.00023 + 613.92691]
[ INFO : 2026-07-13 20:38:41,896 ] - Test_@[5, 10, 20, 50]: Recall=[0.00921, 0.01649, 0.02519, 0.05230],  precision=[0.00184, 0.00165, 0.00126, 0.00105], hit=[0.00921, 0.01649, 0.02519, 0.05230], ndcg=[0.00607, 0.00841, 0.01058, 0.01589], Train Rec Loss=[0.09279], Eval Rec Loss=[0.09212], c=[0.50000], F=[0.85391, 0.89096, 0.90280, 0.92251], F_fuse=[0.00367, 0.00329, 0.00252, 0.00209]
[ INFO : 2026-07-13 20:40:34,503 ] - Epoch 204: train==[103.05575 = 0.41320 + 0.89247 + 10.01449 + 0.00393 + 0.00000 + 0.00023 + 613.92277]
[ INFO : 2026-07-13 20:40:43,523 ] - Test_@[5, 10, 20, 50]: Recall=[0.00857, 0.01445, 0.02250, 0.05191],  precision=[0.00171, 0.00144, 0.00113, 0.00104], hit=[0.00857, 0.01445, 0.02250, 0.05191], ndcg=[0.00533, 0.00721, 0.00920, 0.01494], Train Rec Loss=[0.09184], Eval Rec Loss=[0.09237], c=[0.50000], F=[0.84700, 0.88271, 0.89976, 0.92364], F_fuse=[0.00342, 0.00288, 0.00225, 0.00207]
[ INFO : 2026-07-13 20:42:35,873 ] - Epoch 205: train==[103.03222 = 0.41202 + 0.88791 + 9.99273 + 0.00391 + 0.00000 + 0.00031 + 613.93664]
[ INFO : 2026-07-13 20:42:45,185 ] - Test_@[5, 10, 20, 50]: Recall=[0.00985, 0.01611, 0.02468, 0.04884],  precision=[0.00197, 0.00161, 0.00123, 0.00098], hit=[0.00985, 0.01611, 0.02468, 0.04884], ndcg=[0.00663, 0.00867, 0.01080, 0.01551], Train Rec Loss=[0.09484], Eval Rec Loss=[0.09442], c=[0.50000], F=[0.85129, 0.88957, 0.90013, 0.92049], F_fuse=[0.00393, 0.00322, 0.00246, 0.00195]
[ INFO : 2026-07-13 20:44:37,808 ] - Epoch 206: train==[102.94889 = 0.40443 + 0.88378 + 9.92180 + 0.00394 + 0.00000 + 0.00021 + 613.92163]
[ INFO : 2026-07-13 20:44:47,005 ] - Test_@[5, 10, 20, 50]: Recall=[0.00946, 0.01560, 0.02365, 0.04999],  precision=[0.00189, 0.00156, 0.00118, 0.00100], hit=[0.00946, 0.01560, 0.02365, 0.04999], ndcg=[0.00609, 0.00808, 0.01006, 0.01519], Train Rec Loss=[0.09426], Eval Rec Loss=[0.09380], c=[0.50000], F=[0.84154, 0.88025, 0.89637, 0.92095], F_fuse=[0.00378, 0.00311, 0.00236, 0.00200]
[ INFO : 2026-07-13 20:46:39,270 ] - Epoch 207: train==[102.93039 = 0.41313 + 0.87946 + 9.89735 + 0.00398 + 0.00000 + 0.00021 + 613.92029]
[ INFO : 2026-07-13 20:46:48,188 ] - Test_@[5, 10, 20, 50]: Recall=[0.00933, 0.01560, 0.02442, 0.05012],  precision=[0.00187, 0.00156, 0.00122, 0.00100], hit=[0.00933, 0.01560, 0.02442, 0.05012], ndcg=[0.00585, 0.00788, 0.01010, 0.01511], Train Rec Loss=[0.09453], Eval Rec Loss=[0.09536], c=[0.50000], F=[0.85542, 0.89646, 0.90402, 0.92320], F_fuse=[0.00373, 0.00311, 0.00244, 0.00200]
[ INFO : 2026-07-13 20:48:39,812 ] - Epoch 208: train==[102.93107 = 0.40623 + 0.87514 + 9.90724 + 0.00399 + 0.00000 + 0.00021 + 613.92205]
[ INFO : 2026-07-13 20:48:48,707 ] - Test_@[5, 10, 20, 50]: Recall=[0.00946, 0.01509, 0.02506, 0.04910],  precision=[0.00189, 0.00151, 0.00125, 0.00098], hit=[0.00946, 0.01509, 0.02506, 0.04910], ndcg=[0.00587, 0.00768, 0.01014, 0.01484], Train Rec Loss=[0.09487], Eval Rec Loss=[0.09553], c=[0.50000], F=[0.84688, 0.88295, 0.89920, 0.92275], F_fuse=[0.00378, 0.00301, 0.00250, 0.00196]
[ INFO : 2026-07-13 20:50:39,642 ] - Epoch 209: train==[102.88106 = 0.40558 + 0.87101 + 9.86052 + 0.00399 + 0.00000 + 0.00023 + 613.92085]
[ INFO : 2026-07-13 20:50:49,013 ] - Test_@[5, 10, 20, 50]: Recall=[0.00997, 0.01547, 0.02506, 0.04935],  precision=[0.00199, 0.00155, 0.00125, 0.00099], hit=[0.00997, 0.01547, 0.02506, 0.04935], ndcg=[0.00666, 0.00841, 0.01078, 0.01550], Train Rec Loss=[0.09464], Eval Rec Loss=[0.09560], c=[0.50000], F=[0.84563, 0.87815, 0.89692, 0.92271], F_fuse=[0.00398, 0.00309, 0.00250, 0.00197]
[ INFO : 2026-07-13 20:52:39,849 ] - Epoch 210: train==[102.90048 = 0.40483 + 0.86692 + 9.88333 + 0.00400 + 0.00000 + 0.00022 + 613.91968]
[ INFO : 2026-07-13 20:52:48,718 ] - Test_@[5, 10, 20, 50]: Recall=[0.00959, 0.01649, 0.02442, 0.05242],  precision=[0.00192, 0.00165, 0.00122, 0.00105], hit=[0.00959, 0.01649, 0.02442, 0.05242], ndcg=[0.00576, 0.00796, 0.00994, 0.01543], Train Rec Loss=[0.09555], Eval Rec Loss=[0.09504], c=[0.50000], F=[0.85407, 0.89650, 0.90546, 0.92493], F_fuse=[0.00383, 0.00329, 0.00244, 0.00209]
[ INFO : 2026-07-13 20:54:40,898 ] - Epoch 211: train==[102.84821 = 0.40218 + 0.86293 + 9.83473 + 0.00400 + 0.00000 + 0.00026 + 613.92845]
[ INFO : 2026-07-13 20:54:50,033 ] - Test_@[5, 10, 20, 50]: Recall=[0.00997, 0.01522, 0.02327, 0.04629],  precision=[0.00199, 0.00152, 0.00116, 0.00093], hit=[0.00997, 0.01522, 0.02327, 0.04629], ndcg=[0.00618, 0.00787, 0.00989, 0.01437], Train Rec Loss=[0.09580], Eval Rec Loss=[0.09597], c=[0.50000], F=[0.84323, 0.87584, 0.89423, 0.92182], F_fuse=[0.00398, 0.00304, 0.00232, 0.00185]
[ INFO : 2026-07-13 20:56:42,009 ] - Epoch 212: train==[102.88360 = 0.40339 + 0.85926 + 9.87336 + 0.00401 + 0.00000 + 0.00020 + 613.91385]
[ INFO : 2026-07-13 20:56:50,936 ] - Test_@[5, 10, 20, 50]: Recall=[0.00997, 0.01560, 0.02442, 0.05012],  precision=[0.00199, 0.00156, 0.00122, 0.00100], hit=[0.00997, 0.01560, 0.02442, 0.05012], ndcg=[0.00664, 0.00848, 0.01066, 0.01568], Train Rec Loss=[0.09631], Eval Rec Loss=[0.09634], c=[0.50000], F=[0.85209, 0.89628, 0.90652, 0.92549], F_fuse=[0.00398, 0.00311, 0.00244, 0.00200]
[ INFO : 2026-07-13 20:58:43,007 ] - Epoch 213: train==[102.77491 = 0.40078 + 0.85544 + 9.76863 + 0.00401 + 0.00000 + 0.00022 + 613.92001]
[ INFO : 2026-07-13 20:58:51,904 ] - Test_@[5, 10, 20, 50]: Recall=[0.01010, 0.01585, 0.02481, 0.05051],  precision=[0.00202, 0.00159, 0.00124, 0.00101], hit=[0.01010, 0.01585, 0.02481, 0.05051], ndcg=[0.00630, 0.00816, 0.01038, 0.01537], Train Rec Loss=[0.09705], Eval Rec Loss=[0.09604], c=[0.50000], F=[0.84566, 0.88097, 0.89738, 0.92184], F_fuse=[0.00403, 0.00317, 0.00248, 0.00202]
[ INFO : 2026-07-13 21:00:44,565 ] - Epoch 214: train==[102.78960 = 0.39580 + 0.85184 + 9.78868 + 0.00406 + 0.00000 + 0.00025 + 613.93136]
[ INFO : 2026-07-13 21:00:53,594 ] - Test_@[5, 10, 20, 50]: Recall=[0.00908, 0.01355, 0.02314, 0.05089],  precision=[0.00182, 0.00136, 0.00116, 0.00102], hit=[0.00908, 0.01355, 0.02314, 0.05089], ndcg=[0.00579, 0.00724, 0.00963, 0.01504], Train Rec Loss=[0.09599], Eval Rec Loss=[0.09635], c=[0.50000], F=[0.84336, 0.87841, 0.89772, 0.92457], F_fuse=[0.00362, 0.00271, 0.00231, 0.00203]
[ INFO : 2026-07-13 21:02:45,677 ] - Epoch 215: train==[102.81753 = 0.39772 + 0.84808 + 9.81888 + 0.00403 + 0.00000 + 0.00022 + 613.91882]
[ INFO : 2026-07-13 21:02:54,913 ] - Test_@[5, 10, 20, 50]: Recall=[0.00985, 0.01560, 0.02429, 0.05038],  precision=[0.00197, 0.00156, 0.00121, 0.00101], hit=[0.00985, 0.01560, 0.02429, 0.05038], ndcg=[0.00651, 0.00838, 0.01056, 0.01568], Train Rec Loss=[0.09630], Eval Rec Loss=[0.09667], c=[0.50000], F=[0.85420, 0.89730, 0.90430, 0.92367], F_fuse=[0.00393, 0.00311, 0.00243, 0.00201]
[ INFO : 2026-07-13 21:04:48,238 ] - Epoch 216: train==[102.75219 = 0.39212 + 0.84459 + 9.75849 + 0.00408 + 0.00000 + 0.00024 + 613.93666]
[ INFO : 2026-07-13 21:04:57,235 ] - Test_@[5, 10, 20, 50]: Recall=[0.00908, 0.01483, 0.02289, 0.04782],  precision=[0.00182, 0.00148, 0.00114, 0.00096], hit=[0.00908, 0.01483, 0.02289, 0.04782], ndcg=[0.00605, 0.00793, 0.00990, 0.01478], Train Rec Loss=[0.09597], Eval Rec Loss=[0.09707], c=[0.50000], F=[0.83610, 0.87031, 0.89598, 0.92422], F_fuse=[0.00362, 0.00296, 0.00229, 0.00191]
[ INFO : 2026-07-13 21:06:49,416 ] - Epoch 217: train==[102.70176 = 0.39629 + 0.84106 + 9.70850 + 0.00407 + 0.00000 + 0.00022 + 613.92019]
[ INFO : 2026-07-13 21:06:58,617 ] - Test_@[5, 10, 20, 50]: Recall=[0.00985, 0.01509, 0.02353, 0.04897],  precision=[0.00197, 0.00151, 0.00118, 0.00098], hit=[0.00985, 0.01509, 0.02353, 0.04897], ndcg=[0.00640, 0.00809, 0.01019, 0.01514], Train Rec Loss=[0.09684], Eval Rec Loss=[0.09652], c=[0.50000], F=[0.85084, 0.88928, 0.90045, 0.92328], F_fuse=[0.00393, 0.00301, 0.00235, 0.00196]
[ INFO : 2026-07-13 21:08:52,967 ] - Epoch 218: train==[102.68670 = 0.39460 + 0.83756 + 9.69696 + 0.00404 + 0.00000 + 0.00021 + 613.92223]
[ INFO : 2026-07-13 21:09:02,009 ] - Test_@[5, 10, 20, 50]: Recall=[0.01010, 0.01624, 0.02481, 0.05051],  precision=[0.00202, 0.00162, 0.00124, 0.00101], hit=[0.01010, 0.01624, 0.02481, 0.05051], ndcg=[0.00669, 0.00865, 0.01077, 0.01578], Train Rec Loss=[0.09703], Eval Rec Loss=[0.09645], c=[0.50000], F=[0.85500, 0.89361, 0.90405, 0.92374], F_fuse=[0.00403, 0.00324, 0.00248, 0.00202]
[ INFO : 2026-07-13 21:10:54,069 ] - Epoch 219: train==[102.72043 = 0.39005 + 0.83401 + 9.73551 + 0.00408 + 0.00000 + 0.00025 + 613.93430]
[ INFO : 2026-07-13 21:11:02,943 ] - Test_@[5, 10, 20, 50]: Recall=[0.00921, 0.01406, 0.02340, 0.04935],  precision=[0.00184, 0.00141, 0.00117, 0.00099], hit=[0.00921, 0.01406, 0.02340, 0.04935], ndcg=[0.00589, 0.00746, 0.00977, 0.01483], Train Rec Loss=[0.09684], Eval Rec Loss=[0.09660], c=[0.50000], F=[0.84604, 0.88034, 0.89821, 0.92506], F_fuse=[0.00367, 0.00281, 0.00234, 0.00197]
[ INFO : 2026-07-13 21:12:55,354 ] - Epoch 220: train==[102.57053 = 0.39169 + 0.83055 + 9.58818 + 0.00411 + 0.00000 + 0.00021 + 613.92000]
[ INFO : 2026-07-13 21:13:04,612 ] - Test_@[5, 10, 20, 50]: Recall=[0.00997, 0.01713, 0.02417, 0.05089],  precision=[0.00199, 0.00171, 0.00121, 0.00102], hit=[0.00997, 0.01713, 0.02417, 0.05089], ndcg=[0.00649, 0.00880, 0.01055, 0.01578], Train Rec Loss=[0.09814], Eval Rec Loss=[0.09769], c=[0.50000], F=[0.85599, 0.89302, 0.90289, 0.92431], F_fuse=[0.00398, 0.00342, 0.00241, 0.00203]
[ INFO : 2026-07-13 21:14:57,026 ] - Epoch 221: train==[102.60606 = 0.38754 + 0.82710 + 9.62753 + 0.00410 + 0.00000 + 0.00023 + 613.93592]
[ INFO : 2026-07-13 21:15:05,875 ] - Test_@[5, 10, 20, 50]: Recall=[0.00869, 0.01432, 0.02404, 0.04923],  precision=[0.00174, 0.00143, 0.00120, 0.00098], hit=[0.00869, 0.01432, 0.02404, 0.04923], ndcg=[0.00552, 0.00735, 0.00976, 0.01466], Train Rec Loss=[0.09719], Eval Rec Loss=[0.09762], c=[0.50000], F=[0.84819, 0.88129, 0.90085, 0.92677], F_fuse=[0.00347, 0.00286, 0.00240, 0.00197]
[ INFO : 2026-07-13 21:16:57,401 ] - Epoch 222: train==[102.58878 = 0.38932 + 0.82362 + 9.61188 + 0.00411 + 0.00000 + 0.00023 + 613.92707]
[ INFO : 2026-07-13 21:17:06,764 ] - Test_@[5, 10, 20, 50]: Recall=[0.01023, 0.01534, 0.02314, 0.04718],  precision=[0.00205, 0.00153, 0.00116, 0.00094], hit=[0.01023, 0.01534, 0.02314, 0.04718], ndcg=[0.00660, 0.00824, 0.01018, 0.01490], Train Rec Loss=[0.09725], Eval Rec Loss=[0.09662], c=[0.50000], F=[0.84991, 0.88442, 0.90105, 0.92629], F_fuse=[0.00408, 0.00306, 0.00231, 0.00189]
[ INFO : 2026-07-13 21:18:58,920 ] - Epoch 223: train==[102.51512 = 0.38756 + 0.82033 + 9.54374 + 0.00415 + 0.00000 + 0.00020 + 613.91506]
[ INFO : 2026-07-13 21:19:07,983 ] - Test_@[5, 10, 20, 50]: Recall=[0.00959, 0.01534, 0.02378, 0.04667],  precision=[0.00192, 0.00153, 0.00119, 0.00093], hit=[0.00959, 0.01534, 0.02378, 0.04667], ndcg=[0.00612, 0.00799, 0.01007, 0.01456], Train Rec Loss=[0.09746], Eval Rec Loss=[0.09657], c=[0.50000], F=[0.84723, 0.88525, 0.90144, 0.92568], F_fuse=[0.00383, 0.00306, 0.00238, 0.00186]
[ INFO : 2026-07-13 21:20:58,675 ] - Epoch 224: train==[102.58475 = 0.38697 + 0.81724 + 9.61576 + 0.00413 + 0.00000 + 0.00021 + 613.91555]
[ INFO : 2026-07-13 21:21:07,486 ] - Test_@[5, 10, 20, 50]: Recall=[0.00997, 0.01649, 0.02596, 0.05051],  precision=[0.00199, 0.00165, 0.00130, 0.00101], hit=[0.00997, 0.01649, 0.02596, 0.05051], ndcg=[0.00615, 0.00830, 0.01067, 0.01550], Train Rec Loss=[0.09668], Eval Rec Loss=[0.09644], c=[0.50000], F=[0.85321, 0.90256, 0.90654, 0.92419], F_fuse=[0.00398, 0.00329, 0.00259, 0.00202]
[ INFO : 2026-07-13 21:22:59,086 ] - Epoch 225: train==[102.53738 = 0.38767 + 0.81410 + 9.56627 + 0.00414 + 0.00000 + 0.00027 + 613.93713]
[ INFO : 2026-07-13 21:23:07,976 ] - Test_@[5, 10, 20, 50]: Recall=[0.00806, 0.01317, 0.02238, 0.04692],  precision=[0.00161, 0.00132, 0.00112, 0.00094], hit=[0.00806, 0.01317, 0.02238, 0.04692], ndcg=[0.00521, 0.00690, 0.00918, 0.01398], Train Rec Loss=[0.09686], Eval Rec Loss=[0.09533], c=[0.50000], F=[0.83540, 0.86864, 0.89550, 0.92692], F_fuse=[0.00322, 0.00263, 0.00223, 0.00188]
[ INFO : 2026-07-13 21:25:01,060 ] - Epoch 226: train==[102.46007 = 0.38547 + 0.81108 + 9.49490 + 0.00415 + 0.00000 + 0.00022 + 613.92450]
[ INFO : 2026-07-13 21:25:10,362 ] - Test_@[5, 10, 20, 50]: Recall=[0.01087, 0.01598, 0.02493, 0.04923],  precision=[0.00217, 0.00160, 0.00125, 0.00098], hit=[0.01087, 0.01598, 0.02493, 0.04923], ndcg=[0.00700, 0.00866, 0.01089, 0.01564], Train Rec Loss=[0.09720], Eval Rec Loss=[0.09594], c=[0.50000], F=[0.85478, 0.89799, 0.90642, 0.92614], F_fuse=[0.00434, 0.00319, 0.00249, 0.00197]
[ INFO : 2026-07-13 21:27:02,620 ] - Epoch 227: train==[102.46973 = 0.38522 + 0.80811 + 9.50673 + 0.00420 + 0.00000 + 0.00021 + 613.92327]
[ INFO : 2026-07-13 21:27:11,957 ] - Test_@[5, 10, 20, 50]: Recall=[0.00831, 0.01432, 0.02263, 0.04769],  precision=[0.00166, 0.00143, 0.00113, 0.00095], hit=[0.00831, 0.01432, 0.02263, 0.04769], ndcg=[0.00537, 0.00732, 0.00938, 0.01432], Train Rec Loss=[0.09691], Eval Rec Loss=[0.09561], c=[0.50000], F=[0.83872, 0.87246, 0.89368, 0.92408], F_fuse=[0.00332, 0.00286, 0.00226, 0.00191]
[ INFO : 2026-07-13 21:29:04,646 ] - Epoch 228: train==[102.41256 = 0.37975 + 0.80517 + 9.45776 + 0.00420 + 0.00000 + 0.00020 + 613.91699]
[ INFO : 2026-07-13 21:29:13,470 ] - Test_@[5, 10, 20, 50]: Recall=[0.01048, 0.01688, 0.02570, 0.04820],  precision=[0.00210, 0.00169, 0.00129, 0.00096], hit=[0.01048, 0.01688, 0.02570, 0.04820], ndcg=[0.00658, 0.00862, 0.01082, 0.01523], Train Rec Loss=[0.09782], Eval Rec Loss=[0.09746], c=[0.50000], F=[0.85481, 0.89887, 0.90777, 0.92637], F_fuse=[0.00418, 0.00337, 0.00257, 0.00193]
[ INFO : 2026-07-13 21:31:06,799 ] - Epoch 229: train==[102.49644 = 0.38806 + 0.80230 + 9.53290 + 0.00419 + 0.00000 + 0.00025 + 613.93101]
[ INFO : 2026-07-13 21:31:16,053 ] - Test_@[5, 10, 20, 50]: Recall=[0.00793, 0.01330, 0.02110, 0.04590],  precision=[0.00159, 0.00133, 0.00105, 0.00092], hit=[0.00793, 0.01330, 0.02110, 0.04590], ndcg=[0.00531, 0.00703, 0.00899, 0.01387], Train Rec Loss=[0.09659], Eval Rec Loss=[0.09558], c=[0.50000], F=[0.84157, 0.87291, 0.89575, 0.92394], F_fuse=[0.00316, 0.00266, 0.00211, 0.00183]
[ INFO : 2026-07-13 21:33:09,378 ] - Epoch 230: train==[102.35011 = 0.37933 + 0.79936 + 9.39790 + 0.00422 + 0.00000 + 0.00022 + 613.92549]
[ INFO : 2026-07-13 21:33:18,645 ] - Test_@[5, 10, 20, 50]: Recall=[0.01036, 0.01752, 0.02532, 0.05076],  precision=[0.00207, 0.00175, 0.00127, 0.00102], hit=[0.01036, 0.01752, 0.02532, 0.05076], ndcg=[0.00674, 0.00907, 0.01103, 0.01598], Train Rec Loss=[0.09695], Eval Rec Loss=[0.09700], c=[0.50000], F=[0.86149, 0.89938, 0.90575, 0.92581], F_fuse=[0.00413, 0.00350, 0.00253, 0.00203]
[ INFO : 2026-07-13 21:35:11,049 ] - Epoch 231: train==[102.43547 = 0.37743 + 0.79663 + 9.48549 + 0.00423 + 0.00000 + 0.00025 + 613.93403]
[ INFO : 2026-07-13 21:35:19,888 ] - Test_@[5, 10, 20, 50]: Recall=[0.00869, 0.01406, 0.02161, 0.04654],  precision=[0.00174, 0.00141, 0.00108, 0.00093], hit=[0.00869, 0.01406, 0.02161, 0.04654], ndcg=[0.00564, 0.00737, 0.00928, 0.01415], Train Rec Loss=[0.09602], Eval Rec Loss=[0.09550], c=[0.50000], F=[0.84099, 0.87099, 0.89425, 0.92377], F_fuse=[0.00347, 0.00281, 0.00216, 0.00186]
[ INFO : 2026-07-13 21:37:14,267 ] - Epoch 232: train==[102.35214 = 0.37525 + 0.79377 + 9.40852 + 0.00421 + 0.00000 + 0.00022 + 613.91783]
[ INFO : 2026-07-13 21:37:23,598 ] - Test_@[5, 10, 20, 50]: Recall=[0.00997, 0.01560, 0.02353, 0.04910],  precision=[0.00199, 0.00156, 0.00118, 0.00098], hit=[0.00997, 0.01560, 0.02353, 0.04910], ndcg=[0.00627, 0.00810, 0.01004, 0.01506], Train Rec Loss=[0.09595], Eval Rec Loss=[0.09592], c=[0.50000], F=[0.85551, 0.89209, 0.90406, 0.92739], F_fuse=[0.00398, 0.00311, 0.00235, 0.00196]
[ INFO : 2026-07-13 21:39:17,603 ] - Epoch 233: train==[102.32925 = 0.37378 + 0.79101 + 9.38855 + 0.00422 + 0.00000 + 0.00023 + 613.91903]
[ INFO : 2026-07-13 21:39:26,443 ] - Test_@[5, 10, 20, 50]: Recall=[0.00959, 0.01432, 0.02225, 0.04577],  precision=[0.00192, 0.00143, 0.00111, 0.00092], hit=[0.00959, 0.01432, 0.02225, 0.04577], ndcg=[0.00625, 0.00778, 0.00975, 0.01436], Train Rec Loss=[0.09652], Eval Rec Loss=[0.09594], c=[0.50000], F=[0.84883, 0.88388, 0.90407, 0.92962], F_fuse=[0.00383, 0.00286, 0.00222, 0.00183]
[ INFO : 2026-07-13 21:41:19,644 ] - Epoch 234: train==[102.28529 = 0.37837 + 0.78826 + 9.34244 + 0.00424 + 0.00000 + 0.00020 + 613.91384]
[ INFO : 2026-07-13 21:41:28,569 ] - Test_@[5, 10, 20, 50]: Recall=[0.00946, 0.01547, 0.02378, 0.04884],  precision=[0.00189, 0.00155, 0.00119, 0.00098], hit=[0.00946, 0.01547, 0.02378, 0.04884], ndcg=[0.00597, 0.00793, 0.00999, 0.01493], Train Rec Loss=[0.09618], Eval Rec Loss=[0.09523], c=[0.50000], F=[0.85551, 0.88882, 0.90382, 0.92653], F_fuse=[0.00378, 0.00309, 0.00238, 0.00195]
[ INFO : 2026-07-13 21:43:22,204 ] - Epoch 235: train==[102.25529 = 0.37445 + 0.78560 + 9.31533 + 0.00424 + 0.00000 + 0.00022 + 613.93122]
[ INFO : 2026-07-13 21:43:31,115 ] - Test_@[5, 10, 20, 50]: Recall=[0.00869, 0.01394, 0.02378, 0.04987],  precision=[0.00174, 0.00139, 0.00119, 0.00100], hit=[0.00869, 0.01394, 0.02378, 0.04987], ndcg=[0.00534, 0.00708, 0.00951, 0.01460], Train Rec Loss=[0.09533], Eval Rec Loss=[0.09558], c=[0.50000], F=[0.85190, 0.88620, 0.90080, 0.92636], F_fuse=[0.00347, 0.00278, 0.00238, 0.00199]
[ INFO : 2026-07-13 21:45:24,541 ] - Epoch 236: train==[102.28345 = 0.37152 + 0.78291 + 9.34646 + 0.00426 + 0.00000 + 0.00031 + 613.94095]
[ INFO : 2026-07-13 21:45:33,394 ] - Test_@[5, 10, 20, 50]: Recall=[0.00959, 0.01381, 0.02186, 0.04462],  precision=[0.00192, 0.00138, 0.00109, 0.00089], hit=[0.00959, 0.01381, 0.02186, 0.04462], ndcg=[0.00654, 0.00791, 0.00992, 0.01438], Train Rec Loss=[0.09545], Eval Rec Loss=[0.09542], c=[0.50000], F=[0.84614, 0.87915, 0.89874, 0.92580], F_fuse=[0.00383, 0.00276, 0.00218, 0.00178]
[ INFO : 2026-07-13 21:47:26,173 ] - Epoch 237: train==[102.29364 = 0.37274 + 0.78018 + 9.36114 + 0.00426 + 0.00000 + 0.00020 + 613.91460]
[ INFO : 2026-07-13 21:47:35,425 ] - Test_@[5, 10, 20, 50]: Recall=[0.01023, 0.01585, 0.02429, 0.04769],  precision=[0.00205, 0.00159, 0.00121, 0.00095], hit=[0.01023, 0.01585, 0.02429, 0.04769], ndcg=[0.00646, 0.00830, 0.01041, 0.01503], Train Rec Loss=[0.09613], Eval Rec Loss=[0.09607], c=[0.50000], F=[0.85708, 0.89401, 0.90400, 0.92753], F_fuse=[0.00408, 0.00317, 0.00243, 0.00191]
[ INFO : 2026-07-13 21:49:28,665 ] - Epoch 238: train==[102.21618 = 0.37333 + 0.77752 + 9.28402 + 0.00432 + 0.00000 + 0.00020 + 613.91860]
[ INFO : 2026-07-13 21:49:37,576 ] - Test_@[5, 10, 20, 50]: Recall=[0.00972, 0.01394, 0.02314, 0.04782],  precision=[0.00194, 0.00139, 0.00116, 0.00096], hit=[0.00972, 0.01394, 0.02314, 0.04782], ndcg=[0.00607, 0.00744, 0.00976, 0.01463], Train Rec Loss=[0.09564], Eval Rec Loss=[0.09658], c=[0.50000], F=[0.84509, 0.87795, 0.89960, 0.92903], F_fuse=[0.00388, 0.00278, 0.00231, 0.00191]
[ INFO : 2026-07-13 21:51:31,049 ] - Epoch 239: train==[102.17596 = 0.36790 + 0.77493 + 9.25020 + 0.00432 + 0.00000 + 0.00023 + 613.92239]
[ INFO : 2026-07-13 21:51:40,422 ] - Test_@[5, 10, 20, 50]: Recall=[0.00908, 0.01522, 0.02327, 0.04744],  precision=[0.00182, 0.00152, 0.00116, 0.00095], hit=[0.00908, 0.01522, 0.02327, 0.04744], ndcg=[0.00593, 0.00791, 0.00991, 0.01466], Train Rec Loss=[0.09458], Eval Rec Loss=[0.09500], c=[0.50000], F=[0.84691, 0.88118, 0.89826, 0.92553], F_fuse=[0.00362, 0.00304, 0.00232, 0.00190]
[ INFO : 2026-07-13 21:53:33,341 ] - Epoch 240: train==[102.22193 = 0.36810 + 0.77229 + 9.29608 + 0.00433 + 0.00000 + 0.00023 + 613.93212]
[ INFO : 2026-07-13 21:53:42,229 ] - Test_@[5, 10, 20, 50]: Recall=[0.00895, 0.01585, 0.02404, 0.04923],  precision=[0.00179, 0.00159, 0.00120, 0.00098], hit=[0.00895, 0.01585, 0.02404, 0.04923], ndcg=[0.00556, 0.00778, 0.00984, 0.01479], Train Rec Loss=[0.09508], Eval Rec Loss=[0.09647], c=[0.50000], F=[0.85663, 0.89510, 0.90856, 0.93081], F_fuse=[0.00357, 0.00317, 0.00240, 0.00197]
[ INFO : 2026-07-13 21:55:34,274 ] - Epoch 241: train==[102.14865 = 0.36899 + 0.76965 + 9.22384 + 0.00434 + 0.00000 + 0.00027 + 613.92931]
[ INFO : 2026-07-13 21:55:43,609 ] - Test_@[5, 10, 20, 50]: Recall=[0.00908, 0.01368, 0.02186, 0.04539],  precision=[0.00182, 0.00137, 0.00109, 0.00091], hit=[0.00908, 0.01368, 0.02186, 0.04539], ndcg=[0.00576, 0.00724, 0.00928, 0.01388], Train Rec Loss=[0.09468], Eval Rec Loss=[0.09455], c=[0.50000], F=[0.83652, 0.87007, 0.89449, 0.92533], F_fuse=[0.00362, 0.00273, 0.00218, 0.00181]
[ INFO : 2026-07-13 21:57:35,093 ] - Epoch 242: train==[102.16968 = 0.36581 + 0.76698 + 9.25172 + 0.00433 + 0.00000 + 0.00020 + 613.91615]
[ INFO : 2026-07-13 21:57:43,965 ] - Test_@[5, 10, 20, 50]: Recall=[0.00806, 0.01509, 0.02417, 0.04769],  precision=[0.00161, 0.00151, 0.00121, 0.00095], hit=[0.00806, 0.01509, 0.02417, 0.04769], ndcg=[0.00523, 0.00754, 0.00980, 0.01441], Train Rec Loss=[0.09530], Eval Rec Loss=[0.09467], c=[0.50000], F=[0.85941, 0.89339, 0.90759, 0.93032], F_fuse=[0.00322, 0.00301, 0.00241, 0.00191]
[ INFO : 2026-07-13 21:59:36,329 ] - Epoch 243: train==[102.12459 = 0.37826 + 0.76435 + 9.19445 + 0.00433 + 0.00000 + 0.00022 + 613.92472]
[ INFO : 2026-07-13 21:59:45,302 ] - Test_@[5, 10, 20, 50]: Recall=[0.00933, 0.01419, 0.02314, 0.04769],  precision=[0.00187, 0.00142, 0.00116, 0.00095], hit=[0.00933, 0.01419, 0.02314, 0.04769], ndcg=[0.00599, 0.00755, 0.00977, 0.01458], Train Rec Loss=[0.09537], Eval Rec Loss=[0.09514], c=[0.50000], F=[0.85081, 0.88776, 0.90416, 0.92922], F_fuse=[0.00373, 0.00283, 0.00231, 0.00191]
[ INFO : 2026-07-13 22:01:37,790 ] - Epoch 244: train==[102.10580 = 0.36575 + 0.76172 + 9.19001 + 0.00437 + 0.00000 + 0.00021 + 613.92278]
[ INFO : 2026-07-13 22:01:47,065 ] - Test_@[5, 10, 20, 50]: Recall=[0.00882, 0.01419, 0.02238, 0.04552],  precision=[0.00176, 0.00142, 0.00112, 0.00091], hit=[0.00882, 0.01419, 0.02238, 0.04552], ndcg=[0.00591, 0.00764, 0.00968, 0.01426], Train Rec Loss=[0.09470], Eval Rec Loss=[0.09461], c=[0.50000], F=[0.84672, 0.88198, 0.90062, 0.92780], F_fuse=[0.00352, 0.00283, 0.00223, 0.00182]
[ INFO : 2026-07-13 22:03:40,183 ] - Epoch 245: train==[102.06459 = 0.36295 + 0.75914 + 9.15397 + 0.00439 + 0.00000 + 0.00021 + 613.91721]
[ INFO : 2026-07-13 22:03:49,510 ] - Test_@[5, 10, 20, 50]: Recall=[0.00882, 0.01445, 0.02301, 0.04705],  precision=[0.00176, 0.00144, 0.00115, 0.00094], hit=[0.00882, 0.01445, 0.02301, 0.04705], ndcg=[0.00554, 0.00737, 0.00950, 0.01424], Train Rec Loss=[0.09496], Eval Rec Loss=[0.09553], c=[0.50000], F=[0.85372, 0.88792, 0.90602, 0.93153], F_fuse=[0.00352, 0.00288, 0.00230, 0.00188]
[ INFO : 2026-07-13 22:05:40,622 ] - Epoch 246: train==[102.11327 = 0.36211 + 0.75661 + 9.20277 + 0.00437 + 0.00000 + 0.00021 + 613.93218]
[ INFO : 2026-07-13 22:05:49,921 ] - Test_@[5, 10, 20, 50]: Recall=[0.00959, 0.01509, 0.02301, 0.04692],  precision=[0.00192, 0.00151, 0.00115, 0.00094], hit=[0.00959, 0.01509, 0.02301, 0.04692], ndcg=[0.00614, 0.00790, 0.00988, 0.01458], Train Rec Loss=[0.09510], Eval Rec Loss=[0.09337], c=[0.50000], F=[0.84733, 0.88201, 0.90215, 0.92895], F_fuse=[0.00383, 0.00301, 0.00230, 0.00188]
[ INFO : 2026-07-13 22:07:41,760 ] - Epoch 247: train==[102.09673 = 0.36281 + 0.75403 + 9.18866 + 0.00438 + 0.00000 + 0.00021 + 613.92164]
[ INFO : 2026-07-13 22:07:51,128 ] - Test_@[5, 10, 20, 50]: Recall=[0.00908, 0.01445, 0.02340, 0.04897],  precision=[0.00182, 0.00144, 0.00117, 0.00098], hit=[0.00908, 0.01445, 0.02340, 0.04897], ndcg=[0.00554, 0.00729, 0.00951, 0.01451], Train Rec Loss=[0.09405], Eval Rec Loss=[0.09392], c=[0.50000], F=[0.85474, 0.89045, 0.90781, 0.93143], F_fuse=[0.00362, 0.00288, 0.00234, 0.00196]
[ INFO : 2026-07-13 22:09:42,150 ] - Epoch 248: train==[102.08154 = 0.36203 + 0.75146 + 9.17520 + 0.00443 + 0.00000 + 0.00021 + 613.92521]
[ INFO : 2026-07-13 22:09:51,040 ] - Test_@[5, 10, 20, 50]: Recall=[0.00857, 0.01330, 0.02199, 0.04475],  precision=[0.00171, 0.00133, 0.00110, 0.00090], hit=[0.00857, 0.01330, 0.02199, 0.04475], ndcg=[0.00569, 0.00724, 0.00938, 0.01383], Train Rec Loss=[0.09367], Eval Rec Loss=[0.09397], c=[0.50000], F=[0.84477, 0.87900, 0.90078, 0.92981], F_fuse=[0.00342, 0.00266, 0.00220, 0.00179]
[ INFO : 2026-07-13 22:11:42,208 ] - Epoch 249: train==[101.98288 = 0.36593 + 0.74891 + 9.07611 + 0.00441 + 0.00000 + 0.00020 + 613.91258]
[ INFO : 2026-07-13 22:11:51,037 ] - Test_@[5, 10, 20, 50]: Recall=[0.00972, 0.01445, 0.02340, 0.04999],  precision=[0.00194, 0.00144, 0.00117, 0.00100], hit=[0.00972, 0.01445, 0.02340, 0.04999], ndcg=[0.00593, 0.00747, 0.00970, 0.01488], Train Rec Loss=[0.09360], Eval Rec Loss=[0.09458], c=[0.50000], F=[0.85455, 0.89123, 0.90760, 0.93281], F_fuse=[0.00388, 0.00288, 0.00234, 0.00200]
[ INFO : 2026-07-13 22:13:43,160 ] - Epoch 250: train==[101.99857 = 0.36019 + 0.74649 + 9.09835 + 0.00444 + 0.00000 + 0.00021 + 613.91651]
[ INFO : 2026-07-13 22:13:52,088 ] - Test_@[5, 10, 20, 50]: Recall=[0.00869, 0.01317, 0.02276, 0.04616],  precision=[0.00174, 0.00132, 0.00114, 0.00092], hit=[0.00869, 0.01317, 0.02276, 0.04616], ndcg=[0.00556, 0.00703, 0.00940, 0.01397], Train Rec Loss=[0.09457], Eval Rec Loss=[0.09363], c=[0.50000], F=[0.85212, 0.88589, 0.90535, 0.93050], F_fuse=[0.00347, 0.00263, 0.00227, 0.00184]
[ INFO : 2026-07-13 22:15:43,988 ] - Epoch 251: train==[101.97236 = 0.35710 + 0.74395 + 9.07647 + 0.00443 + 0.00000 + 0.00020 + 613.91862]
[ INFO : 2026-07-13 22:15:52,849 ] - Test_@[5, 10, 20, 50]: Recall=[0.00972, 0.01445, 0.02378, 0.04999],  precision=[0.00194, 0.00144, 0.00119, 0.00100], hit=[0.00972, 0.01445, 0.02378, 0.04999], ndcg=[0.00594, 0.00746, 0.00978, 0.01492], Train Rec Loss=[0.09380], Eval Rec Loss=[0.09222], c=[0.50000], F=[0.84880, 0.88703, 0.90552, 0.93038], F_fuse=[0.00388, 0.00288, 0.00238, 0.00200]
[ INFO : 2026-07-13 22:17:44,296 ] - Epoch 252: train==[101.97783 = 0.35629 + 0.74151 + 9.08150 + 0.00445 + 0.00000 + 0.00024 + 613.93627]
[ INFO : 2026-07-13 22:17:53,182 ] - Test_@[5, 10, 20, 50]: Recall=[0.00985, 0.01279, 0.02186, 0.04488],  precision=[0.00197, 0.00128, 0.00109, 0.00090], hit=[0.00985, 0.01279, 0.02186, 0.04488], ndcg=[0.00622, 0.00715, 0.00943, 0.01392], Train Rec Loss=[0.09356], Eval Rec Loss=[0.09477], c=[0.50000], F=[0.84326, 0.87576, 0.90123, 0.93148], F_fuse=[0.00393, 0.00255, 0.00218, 0.00179]
[ INFO : 2026-07-13 22:19:45,170 ] - Epoch 253: train==[101.95332 = 0.36051 + 0.73908 + 9.05652 + 0.00448 + 0.00000 + 0.00022 + 613.92092]
[ INFO : 2026-07-13 22:19:54,051 ] - Test_@[5, 10, 20, 50]: Recall=[0.01023, 0.01534, 0.02429, 0.04859],  precision=[0.00205, 0.00153, 0.00121, 0.00097], hit=[0.01023, 0.01534, 0.02429, 0.04859], ndcg=[0.00644, 0.00808, 0.01031, 0.01509], Train Rec Loss=[0.09400], Eval Rec Loss=[0.09442], c=[0.50000], F=[0.85235, 0.89133, 0.90702, 0.93142], F_fuse=[0.00408, 0.00306, 0.00243, 0.00194]
[ INFO : 2026-07-13 22:21:46,714 ] - Epoch 254: train==[101.90597 = 0.35526 + 0.73679 + 9.01314 + 0.00449 + 0.00000 + 0.00025 + 613.93838]
[ INFO : 2026-07-13 22:21:55,611 ] - Test_@[5, 10, 20, 50]: Recall=[0.00844, 0.01330, 0.02212, 0.04565],  precision=[0.00169, 0.00133, 0.00111, 0.00091], hit=[0.00844, 0.01330, 0.02212, 0.04565], ndcg=[0.00543, 0.00703, 0.00924, 0.01386], Train Rec Loss=[0.09294], Eval Rec Loss=[0.09377], c=[0.50000], F=[0.84541, 0.87753, 0.90030, 0.92922], F_fuse=[0.00337, 0.00266, 0.00221, 0.00182]
[ INFO : 2026-07-13 22:23:47,696 ] - Epoch 255: train==[101.91161 = 0.35441 + 0.73435 + 9.02388 + 0.00449 + 0.00000 + 0.00021 + 613.92012]
[ INFO : 2026-07-13 22:23:56,590 ] - Test_@[5, 10, 20, 50]: Recall=[0.00972, 0.01496, 0.02378, 0.04999],  precision=[0.00194, 0.00150, 0.00119, 0.00100], hit=[0.00972, 0.01496, 0.02378, 0.04999], ndcg=[0.00589, 0.00762, 0.00981, 0.01494], Train Rec Loss=[0.09343], Eval Rec Loss=[0.09438], c=[0.50000], F=[0.85459, 0.89199, 0.90644, 0.93055], F_fuse=[0.00388, 0.00299, 0.00238, 0.00200]
[ INFO : 2026-07-13 22:25:48,513 ] - Epoch 256: train==[101.91743 = 0.35778 + 0.73201 + 9.02741 + 0.00448 + 0.00000 + 0.00021 + 613.92234]
[ INFO : 2026-07-13 22:25:57,415 ] - Test_@[5, 10, 20, 50]: Recall=[0.00818, 0.01394, 0.02225, 0.04731],  precision=[0.00164, 0.00139, 0.00111, 0.00095], hit=[0.00818, 0.01394, 0.02225, 0.04731], ndcg=[0.00511, 0.00696, 0.00905, 0.01396], Train Rec Loss=[0.09429], Eval Rec Loss=[0.09300], c=[0.50000], F=[0.84956, 0.88428, 0.90313, 0.92952], F_fuse=[0.00327, 0.00278, 0.00222, 0.00189]
[ INFO : 2026-07-13 22:27:49,475 ] - Epoch 257: train==[101.86594 = 0.35332 + 0.72967 + 8.98038 + 0.00447 + 0.00000 + 0.00027 + 613.93129]
[ INFO : 2026-07-13 22:27:58,372 ] - Test_@[5, 10, 20, 50]: Recall=[0.00972, 0.01496, 0.02442, 0.04744],  precision=[0.00194, 0.00150, 0.00122, 0.00095], hit=[0.00972, 0.01496, 0.02442, 0.04744], ndcg=[0.00653, 0.00821, 0.01056, 0.01506], Train Rec Loss=[0.09312], Eval Rec Loss=[0.09317], c=[0.50000], F=[0.85327, 0.88322, 0.90374, 0.93155], F_fuse=[0.00388, 0.00299, 0.00244, 0.00190]
[ INFO : 2026-07-13 22:29:50,020 ] - Epoch 258: train==[101.88963 = 0.35139 + 0.72687 + 9.00976 + 0.00449 + 0.00000 + 0.00020 + 613.91765]
[ INFO : 2026-07-13 22:29:58,867 ] - Test_@[5, 10, 20, 50]: Recall=[0.00806, 0.01279, 0.02122, 0.04552],  precision=[0.00161, 0.00128, 0.00106, 0.00091], hit=[0.00806, 0.01279, 0.02122, 0.04552], ndcg=[0.00500, 0.00652, 0.00863, 0.01337], Train Rec Loss=[0.09334], Eval Rec Loss=[0.09330], c=[0.50000], F=[0.84566, 0.87770, 0.90271, 0.93256], F_fuse=[0.00322, 0.00255, 0.00212, 0.00182]
[ INFO : 2026-07-13 22:31:50,530 ] - Epoch 259: train==[101.89230 = 0.35466 + 0.72429 + 9.00975 + 0.00450 + 0.00000 + 0.00021 + 613.92395]
[ INFO : 2026-07-13 22:31:59,370 ] - Test_@[5, 10, 20, 50]: Recall=[0.00908, 0.01445, 0.02314, 0.04577],  precision=[0.00182, 0.00144, 0.00116, 0.00092], hit=[0.00908, 0.01445, 0.02314, 0.04577], ndcg=[0.00574, 0.00751, 0.00967, 0.01412], Train Rec Loss=[0.09177], Eval Rec Loss=[0.09289], c=[0.50000], F=[0.85219, 0.88732, 0.90670, 0.93239], F_fuse=[0.00362, 0.00288, 0.00231, 0.00183]
[ INFO : 2026-07-13 22:33:51,206 ] - Epoch 260: train==[101.83344 = 0.35414 + 0.72185 + 8.95329 + 0.00452 + 0.00000 + 0.00021 + 613.92121]
[ INFO : 2026-07-13 22:34:00,048 ] - Test_@[5, 10, 20, 50]: Recall=[0.00946, 0.01419, 0.02378, 0.04948],  precision=[0.00189, 0.00142, 0.00119, 0.00099], hit=[0.00946, 0.01419, 0.02378, 0.04948], ndcg=[0.00561, 0.00711, 0.00950, 0.01448], Train Rec Loss=[0.09216], Eval Rec Loss=[0.09188], c=[0.50000], F=[0.85014, 0.88514, 0.90392, 0.92937], F_fuse=[0.00378, 0.00283, 0.00238, 0.00198]
[ INFO : 2026-07-13 22:35:52,141 ] - Epoch 261: train==[101.88116 = 0.34816 + 0.71944 + 9.00792 + 0.00453 + 0.00000 + 0.00022 + 613.92447]
[ INFO : 2026-07-13 22:36:01,050 ] - Test_@[5, 10, 20, 50]: Recall=[0.00997, 0.01509, 0.02455, 0.04744],  precision=[0.00199, 0.00151, 0.00123, 0.00095], hit=[0.00997, 0.01509, 0.02455, 0.04744], ndcg=[0.00628, 0.00794, 0.01030, 0.01480], Train Rec Loss=[0.09256], Eval Rec Loss=[0.09180], c=[0.50000], F=[0.84905, 0.88518, 0.90398, 0.93031], F_fuse=[0.00398, 0.00301, 0.00245, 0.00190]
[ INFO : 2026-07-13 22:37:52,850 ] - Epoch 262: train==[101.79080 = 0.34925 + 0.71704 + 8.91558 + 0.00458 + 0.00000 + 0.00022 + 613.93959]
[ INFO : 2026-07-13 22:38:01,750 ] - Test_@[5, 10, 20, 50]: Recall=[0.00908, 0.01355, 0.02238, 0.04488],  precision=[0.00182, 0.00136, 0.00112, 0.00090], hit=[0.00908, 0.01355, 0.02238, 0.04488], ndcg=[0.00555, 0.00699, 0.00919, 0.01361], Train Rec Loss=[0.09268], Eval Rec Loss=[0.09145], c=[0.50000], F=[0.84982, 0.88532, 0.90500, 0.93121], F_fuse=[0.00362, 0.00271, 0.00223, 0.00179]
[ INFO : 2026-07-13 22:39:53,897 ] - Epoch 263: train==[101.75522 = 0.35214 + 0.71477 + 8.88141 + 0.00457 + 0.00000 + 0.00021 + 613.92010]
[ INFO : 2026-07-13 22:40:02,799 ] - Test_@[5, 10, 20, 50]: Recall=[0.00985, 0.01534, 0.02365, 0.04756],  precision=[0.00197, 0.00153, 0.00118, 0.00095], hit=[0.00985, 0.01534, 0.02365, 0.04756], ndcg=[0.00590, 0.00765, 0.00971, 0.01440], Train Rec Loss=[0.09149], Eval Rec Loss=[0.09204], c=[0.50000], F=[0.85414, 0.88884, 0.90629, 0.92999], F_fuse=[0.00393, 0.00306, 0.00236, 0.00190]
[ INFO : 2026-07-13 22:41:54,412 ] - Epoch 264: train==[101.78287 = 0.34642 + 0.71241 + 8.91541 + 0.00457 + 0.00000 + 0.00023 + 613.92525]
[ INFO : 2026-07-13 22:42:03,273 ] - Test_@[5, 10, 20, 50]: Recall=[0.00844, 0.01343, 0.02186, 0.04603],  precision=[0.00169, 0.00134, 0.00109, 0.00092], hit=[0.00844, 0.01343, 0.02186, 0.04603], ndcg=[0.00533, 0.00696, 0.00908, 0.01382], Train Rec Loss=[0.09171], Eval Rec Loss=[0.09157], c=[0.50000], F=[0.84317, 0.87386, 0.89980, 0.92943], F_fuse=[0.00337, 0.00268, 0.00218, 0.00184]
[ INFO : 2026-07-13 22:43:54,791 ] - Epoch 265: train==[101.75414 = 0.34730 + 0.71004 + 8.88607 + 0.00457 + 0.00000 + 0.00023 + 613.93293]
[ INFO : 2026-07-13 22:44:03,642 ] - Test_@[5, 10, 20, 50]: Recall=[0.00946, 0.01458, 0.02238, 0.04629],  precision=[0.00189, 0.00146, 0.00112, 0.00093], hit=[0.00946, 0.01458, 0.02238, 0.04629], ndcg=[0.00607, 0.00768, 0.00963, 0.01432], Train Rec Loss=[0.09138], Eval Rec Loss=[0.09054], c=[0.50000], F=[0.85136, 0.89029, 0.90939, 0.93410], F_fuse=[0.00378, 0.00291, 0.00223, 0.00185]
[ INFO : 2026-07-13 22:45:55,884 ] - Epoch 266: train==[101.76243 = 0.34719 + 0.70775 + 8.89801 + 0.00456 + 0.00000 + 0.00020 + 613.91879]
[ INFO : 2026-07-13 22:46:04,746 ] - Test_@[5, 10, 20, 50]: Recall=[0.00921, 0.01432, 0.02353, 0.04590],  precision=[0.00184, 0.00143, 0.00118, 0.00092], hit=[0.00921, 0.01432, 0.02353, 0.04590], ndcg=[0.00558, 0.00725, 0.00956, 0.01396], Train Rec Loss=[0.09129], Eval Rec Loss=[0.09116], c=[0.50000], F=[0.85017, 0.88348, 0.90300, 0.92953], F_fuse=[0.00367, 0.00286, 0.00235, 0.00183]
[ INFO : 2026-07-13 22:47:56,468 ] - Epoch 267: train==[101.71337 = 0.34681 + 0.70545 + 8.85091 + 0.00460 + 0.00000 + 0.00020 + 613.91719]
[ INFO : 2026-07-13 22:48:05,315 ] - Test_@[5, 10, 20, 50]: Recall=[0.00908, 0.01406, 0.02186, 0.04501],  precision=[0.00182, 0.00141, 0.00109, 0.00090], hit=[0.00908, 0.01406, 0.02186, 0.04501], ndcg=[0.00574, 0.00729, 0.00925, 0.01380], Train Rec Loss=[0.09130], Eval Rec Loss=[0.09045], c=[0.50000], F=[0.84781, 0.88121, 0.90196, 0.93025], F_fuse=[0.00362, 0.00281, 0.00218, 0.00180]
[ INFO : 2026-07-13 22:49:57,327 ] - Epoch 268: train==[101.76264 = 0.34479 + 0.70316 + 8.90324 + 0.00462 + 0.00000 + 0.00020 + 613.91925]
[ INFO : 2026-07-13 22:50:06,206 ] - Test_@[5, 10, 20, 50]: Recall=[0.00869, 0.01445, 0.02161, 0.04552],  precision=[0.00174, 0.00144, 0.00108, 0.00091], hit=[0.00869, 0.01445, 0.02161, 0.04552], ndcg=[0.00520, 0.00703, 0.00880, 0.01352], Train Rec Loss=[0.09166], Eval Rec Loss=[0.09224], c=[0.50000], F=[0.85113, 0.88433, 0.90637, 0.93361], F_fuse=[0.00347, 0.00288, 0.00216, 0.00182]
[ INFO : 2026-07-13 22:51:57,790 ] - Epoch 269: train==[101.71583 = 0.34622 + 0.70099 + 8.85644 + 0.00463 + 0.00000 + 0.00020 + 613.91827]
[ INFO : 2026-07-13 22:52:06,622 ] - Test_@[5, 10, 20, 50]: Recall=[0.00857, 0.01368, 0.02148, 0.04692],  precision=[0.00171, 0.00137, 0.00107, 0.00094], hit=[0.00857, 0.01368, 0.02148, 0.04692], ndcg=[0.00543, 0.00710, 0.00903, 0.01402], Train Rec Loss=[0.09155], Eval Rec Loss=[0.09105], c=[0.50000], F=[0.84953, 0.88361, 0.90309, 0.92999], F_fuse=[0.00342, 0.00273, 0.00215, 0.00188]
[ INFO : 2026-07-13 22:53:58,921 ] - Epoch 270: train==[101.70860 = 0.34426 + 0.69884 + 8.85251 + 0.00464 + 0.00000 + 0.00019 + 613.91781]
[ INFO : 2026-07-13 22:54:07,785 ] - Test_@[5, 10, 20, 50]: Recall=[0.00985, 0.01432, 0.02301, 0.04731],  precision=[0.00197, 0.00143, 0.00115, 0.00095], hit=[0.00985, 0.01432, 0.02301, 0.04731], ndcg=[0.00589, 0.00731, 0.00950, 0.01425], Train Rec Loss=[0.09017], Eval Rec Loss=[0.09045], c=[0.50000], F=[0.85500, 0.88671, 0.90502, 0.93110], F_fuse=[0.00393, 0.00286, 0.00230, 0.00189]
[ INFO : 2026-07-13 22:55:59,620 ] - Epoch 271: train==[101.67079 = 0.33995 + 0.69674 + 8.81957 + 0.00464 + 0.00000 + 0.00021 + 613.92254]
[ INFO : 2026-07-13 22:56:08,486 ] - Test_@[5, 10, 20, 50]: Recall=[0.00844, 0.01355, 0.02212, 0.04539],  precision=[0.00169, 0.00136, 0.00111, 0.00091], hit=[0.00844, 0.01355, 0.02212, 0.04539], ndcg=[0.00525, 0.00689, 0.00902, 0.01362], Train Rec Loss=[0.09061], Eval Rec Loss=[0.09089], c=[0.50000], F=[0.84758, 0.88275, 0.90478, 0.93261], F_fuse=[0.00337, 0.00271, 0.00221, 0.00181]
[ INFO : 2026-07-13 22:58:01,160 ] - Epoch 272: train==[101.66626 = 0.34586 + 0.69463 + 8.81026 + 0.00467 + 0.00000 + 0.00020 + 613.92328]
[ INFO : 2026-07-13 22:58:10,057 ] - Test_@[5, 10, 20, 50]: Recall=[0.00869, 0.01522, 0.02353, 0.04744],  precision=[0.00174, 0.00152, 0.00118, 0.00095], hit=[0.00869, 0.01522, 0.02353, 0.04744], ndcg=[0.00562, 0.00772, 0.00980, 0.01450], Train Rec Loss=[0.09084], Eval Rec Loss=[0.09075], c=[0.50000], F=[0.85075, 0.88951, 0.90712, 0.93289], F_fuse=[0.00347, 0.00304, 0.00235, 0.00190]
[ INFO : 2026-07-13 23:00:02,444 ] - Epoch 273: train==[101.63410 = 0.34192 + 0.69249 + 8.78356 + 0.00467 + 0.00000 + 0.00020 + 613.92170]
[ INFO : 2026-07-13 23:00:11,344 ] - Test_@[5, 10, 20, 50]: Recall=[0.00857, 0.01317, 0.02174, 0.04705],  precision=[0.00171, 0.00132, 0.00109, 0.00094], hit=[0.00857, 0.01317, 0.02174, 0.04705], ndcg=[0.00543, 0.00690, 0.00907, 0.01407], Train Rec Loss=[0.08997], Eval Rec Loss=[0.09077], c=[0.50000], F=[0.84688, 0.87907, 0.90182, 0.93003], F_fuse=[0.00342, 0.00263, 0.00217, 0.00188]
[ INFO : 2026-07-13 23:02:03,829 ] - Epoch 274: train==[101.60900 = 0.33708 + 0.69044 + 8.76325 + 0.00469 + 0.00000 + 0.00023 + 613.92995]
[ INFO : 2026-07-13 23:02:12,763 ] - Test_@[5, 10, 20, 50]: Recall=[0.00806, 0.01317, 0.02148, 0.04552],  precision=[0.00161, 0.00132, 0.00107, 0.00091], hit=[0.00806, 0.01317, 0.02148, 0.04552], ndcg=[0.00514, 0.00679, 0.00885, 0.01352], Train Rec Loss=[0.09060], Eval Rec Loss=[0.09037], c=[0.50000], F=[0.84423, 0.87914, 0.90364, 0.93230], F_fuse=[0.00322, 0.00263, 0.00215, 0.00182]
[ INFO : 2026-07-13 23:04:05,049 ] - Epoch 275: train==[101.60664 = 0.33827 + 0.68842 + 8.76253 + 0.00467 + 0.00000 + 0.00020 + 613.91948]
[ INFO : 2026-07-13 23:04:13,912 ] - Test_@[5, 10, 20, 50]: Recall=[0.00895, 0.01368, 0.02199, 0.04629],  precision=[0.00179, 0.00137, 0.00110, 0.00093], hit=[0.00895, 0.01368, 0.02199, 0.04629], ndcg=[0.00570, 0.00723, 0.00932, 0.01409], Train Rec Loss=[0.08961], Eval Rec Loss=[0.09043], c=[0.50000], F=[0.84924, 0.88342, 0.90519, 0.93053], F_fuse=[0.00357, 0.00273, 0.00220, 0.00185]
[ INFO : 2026-07-13 23:06:07,480 ] - Epoch 276: train==[101.58323 = 0.34314 + 0.68636 + 8.73608 + 0.00471 + 0.00000 + 0.00020 + 613.91517]
[ INFO : 2026-07-13 23:06:16,384 ] - Test_@[5, 10, 20, 50]: Recall=[0.00972, 0.01496, 0.02391, 0.04692],  precision=[0.00194, 0.00150, 0.00120, 0.00094], hit=[0.00972, 0.01496, 0.02391, 0.04692], ndcg=[0.00610, 0.00778, 0.01001, 0.01453], Train Rec Loss=[0.09045], Eval Rec Loss=[0.08941], c=[0.50000], F=[0.85980, 0.89336, 0.90978, 0.93293], F_fuse=[0.00388, 0.00299, 0.00239, 0.00188]
[ INFO : 2026-07-13 23:08:09,861 ] - Epoch 277: train==[101.57222 = 0.34258 + 0.68436 + 8.72436 + 0.00473 + 0.00000 + 0.00022 + 613.93150]
[ INFO : 2026-07-13 23:08:18,744 ] - Test_@[5, 10, 20, 50]: Recall=[0.00921, 0.01343, 0.02238, 0.04539],  precision=[0.00184, 0.00134, 0.00112, 0.00091], hit=[0.00921, 0.01343, 0.02238, 0.04539], ndcg=[0.00563, 0.00699, 0.00923, 0.01376], Train Rec Loss=[0.09046], Eval Rec Loss=[0.08973], c=[0.50000], F=[0.84541, 0.88153, 0.90285, 0.93027], F_fuse=[0.00367, 0.00268, 0.00223, 0.00181]
[ INFO : 2026-07-13 23:10:12,223 ] - Epoch 278: train==[101.60764 = 0.33713 + 0.68235 + 8.76723 + 0.00472 + 0.00000 + 0.00020 + 613.92628]
[ INFO : 2026-07-13 23:10:21,090 ] - Test_@[5, 10, 20, 50]: Recall=[0.00754, 0.01279, 0.02199, 0.04590],  precision=[0.00151, 0.00128, 0.00110, 0.00092], hit=[0.00754, 0.01279, 0.02199, 0.04590], ndcg=[0.00500, 0.00668, 0.00897, 0.01363], Train Rec Loss=[0.08909], Eval Rec Loss=[0.09038], c=[0.50000], F=[0.84713, 0.88045, 0.90499, 0.93259], F_fuse=[0.00301, 0.00255, 0.00220, 0.00183]
[ INFO : 2026-07-13 23:12:13,923 ] - Epoch 279: train==[101.52770 = 0.33808 + 0.68034 + 8.68873 + 0.00474 + 0.00000 + 0.00020 + 613.91831]
[ INFO : 2026-07-13 23:12:22,775 ] - Test_@[5, 10, 20, 50]: Recall=[0.00857, 0.01432, 0.02276, 0.04692],  precision=[0.00171, 0.00143, 0.00114, 0.00094], hit=[0.00857, 0.01432, 0.02276, 0.04692], ndcg=[0.00574, 0.00760, 0.00972, 0.01446], Train Rec Loss=[0.08931], Eval Rec Loss=[0.08942], c=[0.50000], F=[0.85369, 0.88335, 0.90458, 0.93166], F_fuse=[0.00342, 0.00286, 0.00227, 0.00188]
[ INFO : 2026-07-13 23:14:16,121 ] - Epoch 280: train==[101.45378 = 0.33466 + 0.67837 + 8.61868 + 0.00476 + 0.00000 + 0.00021 + 613.92298]
[ INFO : 2026-07-13 23:14:25,014 ] - Test_@[5, 10, 20, 50]: Recall=[0.00806, 0.01368, 0.02122, 0.04462],  precision=[0.00161, 0.00137, 0.00106, 0.00089], hit=[0.00806, 0.01368, 0.02122, 0.04462], ndcg=[0.00512, 0.00693, 0.00883, 0.01343], Train Rec Loss=[0.08956], Eval Rec Loss=[0.08913], c=[0.50000], F=[0.84678, 0.88105, 0.90426, 0.93262], F_fuse=[0.00322, 0.00273, 0.00212, 0.00178]
[ INFO : 2026-07-13 23:16:18,263 ] - Epoch 281: train==[101.57470 = 0.33836 + 0.67630 + 8.73708 + 0.00474 + 0.00000 + 0.00020 + 613.92346]
[ INFO : 2026-07-13 23:16:27,152 ] - Test_@[5, 10, 20, 50]: Recall=[0.00857, 0.01304, 0.02212, 0.04667],  precision=[0.00171, 0.00130, 0.00111, 0.00093], hit=[0.00857, 0.01304, 0.02212, 0.04667], ndcg=[0.00529, 0.00672, 0.00899, 0.01380], Train Rec Loss=[0.08874], Eval Rec Loss=[0.08946], c=[0.50000], F=[0.85110, 0.88646, 0.90739, 0.93424], F_fuse=[0.00342, 0.00260, 0.00221, 0.00186]
[ INFO : 2026-07-13 23:18:20,251 ] - Epoch 282: train==[101.52334 = 0.33572 + 0.67380 + 8.69056 + 0.00478 + 0.00000 + 0.00021 + 613.91861]
[ INFO : 2026-07-13 23:18:29,160 ] - Test_@[5, 10, 20, 50]: Recall=[0.00844, 0.01304, 0.02174, 0.04501],  precision=[0.00169, 0.00130, 0.00109, 0.00090], hit=[0.00844, 0.01304, 0.02174, 0.04501], ndcg=[0.00523, 0.00673, 0.00892, 0.01349], Train Rec Loss=[0.08809], Eval Rec Loss=[0.08852], c=[0.50000], F=[0.84918, 0.88409, 0.90544, 0.93224], F_fuse=[0.00337, 0.00260, 0.00217, 0.00180]
[ INFO : 2026-07-13 23:20:21,833 ] - Epoch 283: train==[101.51212 = 0.33452 + 0.67150 + 8.68092 + 0.00478 + 0.00000 + 0.00021 + 613.92524]
[ INFO : 2026-07-13 23:20:30,763 ] - Test_@[5, 10, 20, 50]: Recall=[0.00933, 0.01343, 0.02263, 0.04437],  precision=[0.00187, 0.00134, 0.00113, 0.00089], hit=[0.00933, 0.01343, 0.02263, 0.04437], ndcg=[0.00556, 0.00686, 0.00917, 0.01340], Train Rec Loss=[0.08893], Eval Rec Loss=[0.08904], c=[0.50000], F=[0.84745, 0.88129, 0.90507, 0.93208], F_fuse=[0.00373, 0.00268, 0.00226, 0.00177]
[ INFO : 2026-07-13 23:22:24,217 ] - Epoch 284: train==[101.44507 = 0.33023 + 0.66937 + 8.62016 + 0.00478 + 0.00000 + 0.00020 + 613.92047]
[ INFO : 2026-07-13 23:22:33,073 ] - Test_@[5, 10, 20, 50]: Recall=[0.00908, 0.01381, 0.02314, 0.04577],  precision=[0.00182, 0.00138, 0.00116, 0.00092], hit=[0.00908, 0.01381, 0.02314, 0.04577], ndcg=[0.00576, 0.00726, 0.00956, 0.01402], Train Rec Loss=[0.08864], Eval Rec Loss=[0.08901], c=[0.50000], F=[0.85056, 0.88655, 0.90709, 0.93430], F_fuse=[0.00362, 0.00276, 0.00231, 0.00183]
[ INFO : 2026-07-13 23:24:26,064 ] - Epoch 285: train==[101.50462 = 0.33208 + 0.66723 + 8.67854 + 0.00481 + 0.00000 + 0.00020 + 613.92429]
[ INFO : 2026-07-13 23:24:34,911 ] - Test_@[5, 10, 20, 50]: Recall=[0.00946, 0.01419, 0.02186, 0.04577],  precision=[0.00189, 0.00142, 0.00109, 0.00092], hit=[0.00946, 0.01419, 0.02186, 0.04577], ndcg=[0.00596, 0.00751, 0.00941, 0.01408], Train Rec Loss=[0.08906], Eval Rec Loss=[0.08872], c=[0.50000], F=[0.84733, 0.88171, 0.90509, 0.93354], F_fuse=[0.00378, 0.00283, 0.00218, 0.00183]
[ INFO : 2026-07-13 23:26:27,318 ] - Epoch 286: train==[101.39124 = 0.33179 + 0.66520 + 8.56704 + 0.00486 + 0.00000 + 0.00020 + 613.92149]
[ INFO : 2026-07-13 23:26:36,181 ] - Test_@[5, 10, 20, 50]: Recall=[0.00921, 0.01368, 0.02263, 0.04501],  precision=[0.00184, 0.00137, 0.00113, 0.00090], hit=[0.00921, 0.01368, 0.02263, 0.04501], ndcg=[0.00583, 0.00725, 0.00953, 0.01393], Train Rec Loss=[0.08823], Eval Rec Loss=[0.08858], c=[0.50000], F=[0.85369, 0.88761, 0.90878, 0.93333], F_fuse=[0.00367, 0.00273, 0.00226, 0.00180]
[ INFO : 2026-07-13 23:28:29,146 ] - Epoch 287: train==[101.37812 = 0.32833 + 0.66323 + 8.55612 + 0.00483 + 0.00000 + 0.00023 + 613.93778]
[ INFO : 2026-07-13 23:28:38,022 ] - Test_@[5, 10, 20, 50]: Recall=[0.00780, 0.01202, 0.02059, 0.04411],  precision=[0.00156, 0.00120, 0.00103, 0.00088], hit=[0.00780, 0.01202, 0.02059, 0.04411], ndcg=[0.00501, 0.00635, 0.00851, 0.01313], Train Rec Loss=[0.08809], Eval Rec Loss=[0.08730], c=[0.50000], F=[0.84781, 0.88157, 0.90630, 0.93293], F_fuse=[0.00311, 0.00240, 0.00206, 0.00176]
[ INFO : 2026-07-13 23:30:30,935 ] - Epoch 288: train==[101.39624 = 0.32902 + 0.66130 + 8.57778 + 0.00485 + 0.00000 + 0.00020 + 613.91735]
[ INFO : 2026-07-13 23:30:39,798 ] - Test_@[5, 10, 20, 50]: Recall=[0.00869, 0.01355, 0.02174, 0.04475],  precision=[0.00174, 0.00136, 0.00109, 0.00090], hit=[0.00869, 0.01355, 0.02174, 0.04475], ndcg=[0.00533, 0.00687, 0.00893, 0.01346], Train Rec Loss=[0.08753], Eval Rec Loss=[0.08760], c=[0.50000], F=[0.84998, 0.88705, 0.90804, 0.93375], F_fuse=[0.00347, 0.00271, 0.00217, 0.00179]
[ INFO : 2026-07-13 23:32:32,588 ] - Epoch 289: train==[101.45731 = 0.33287 + 0.65932 + 8.63540 + 0.00484 + 0.00000 + 0.00020 + 613.92266]
[ INFO : 2026-07-13 23:32:41,481 ] - Test_@[5, 10, 20, 50]: Recall=[0.00831, 0.01381, 0.02263, 0.04539],  precision=[0.00166, 0.00138, 0.00113, 0.00091], hit=[0.00831, 0.01381, 0.02263, 0.04539], ndcg=[0.00514, 0.00692, 0.00913, 0.01358], Train Rec Loss=[0.08667], Eval Rec Loss=[0.08813], c=[0.50000], F=[0.84534, 0.87880, 0.90234, 0.93069], F_fuse=[0.00332, 0.00276, 0.00226, 0.00181]
[ INFO : 2026-07-13 23:34:34,340 ] - Epoch 290: train==[101.39963 = 0.33328 + 0.65744 + 8.57913 + 0.00489 + 0.00000 + 0.00019 + 613.91785]
[ INFO : 2026-07-13 23:34:43,250 ] - Test_@[5, 10, 20, 50]: Recall=[0.00754, 0.01355, 0.02148, 0.04424],  precision=[0.00151, 0.00136, 0.00107, 0.00088], hit=[0.00754, 0.01355, 0.02148, 0.04424], ndcg=[0.00507, 0.00706, 0.00904, 0.01349], Train Rec Loss=[0.08741], Eval Rec Loss=[0.08656], c=[0.50000], F=[0.84611, 0.88099, 0.90486, 0.93327], F_fuse=[0.00301, 0.00271, 0.00215, 0.00177]
[ INFO : 2026-07-13 23:36:35,754 ] - Epoch 291: train==[101.37107 = 0.32620 + 0.65551 + 8.55773 + 0.00487 + 0.00000 + 0.00020 + 613.92514]
[ INFO : 2026-07-13 23:36:44,580 ] - Test_@[5, 10, 20, 50]: Recall=[0.00869, 0.01330, 0.02199, 0.04629],  precision=[0.00174, 0.00133, 0.00110, 0.00093], hit=[0.00869, 0.01330, 0.02199, 0.04629], ndcg=[0.00561, 0.00709, 0.00928, 0.01405], Train Rec Loss=[0.08731], Eval Rec Loss=[0.08808], c=[0.50000], F=[0.85075, 0.88590, 0.90635, 0.93345], F_fuse=[0.00347, 0.00266, 0.00220, 0.00185]
[ INFO : 2026-07-13 23:38:37,287 ] - Epoch 292: train==[101.38278 = 0.32781 + 0.65364 + 8.56928 + 0.00490 + 0.00000 + 0.00020 + 613.92266]
[ INFO : 2026-07-13 23:38:46,155 ] - Test_@[5, 10, 20, 50]: Recall=[0.00780, 0.01368, 0.02135, 0.04462],  precision=[0.00156, 0.00137, 0.00107, 0.00089], hit=[0.00780, 0.01368, 0.02135, 0.04462], ndcg=[0.00506, 0.00694, 0.00887, 0.01346], Train Rec Loss=[0.08746], Eval Rec Loss=[0.08625], c=[0.50000], F=[0.84797, 0.88038, 0.90349, 0.93116], F_fuse=[0.00311, 0.00273, 0.00213, 0.00178]
[ INFO : 2026-07-13 23:40:39,416 ] - Epoch 293: train==[101.36053 = 0.32842 + 0.65177 + 8.54779 + 0.00492 + 0.00000 + 0.00019 + 613.92096]
[ INFO : 2026-07-13 23:40:48,314 ] - Test_@[5, 10, 20, 50]: Recall=[0.00869, 0.01330, 0.02263, 0.04590],  precision=[0.00174, 0.00133, 0.00113, 0.00092], hit=[0.00869, 0.01330, 0.02263, 0.04590], ndcg=[0.00539, 0.00687, 0.00922, 0.01379], Train Rec Loss=[0.08819], Eval Rec Loss=[0.08694], c=[0.50000], F=[0.85724, 0.88847, 0.90805, 0.93364], F_fuse=[0.00347, 0.00266, 0.00226, 0.00183]
[ INFO : 2026-07-13 23:42:41,952 ] - Epoch 294: train==[101.37646 = 0.32636 + 0.65004 + 8.56431 + 0.00493 + 0.00000 + 0.00024 + 613.93719]
[ INFO : 2026-07-13 23:42:50,804 ] - Test_@[5, 10, 20, 50]: Recall=[0.00767, 0.01266, 0.02212, 0.04552],  precision=[0.00153, 0.00127, 0.00111, 0.00091], hit=[0.00767, 0.01266, 0.02212, 0.04552], ndcg=[0.00494, 0.00654, 0.00891, 0.01346], Train Rec Loss=[0.08668], Eval Rec Loss=[0.08781], c=[0.50000], F=[0.84940, 0.88276, 0.90548, 0.93231], F_fuse=[0.00306, 0.00253, 0.00221, 0.00182]
[ INFO : 2026-07-13 23:44:44,014 ] - Epoch 295: train==[101.31565 = 0.32559 + 0.64823 + 8.50740 + 0.00491 + 0.00000 + 0.00020 + 613.92398]
[ INFO : 2026-07-13 23:44:52,964 ] - Test_@[5, 10, 20, 50]: Recall=[0.00818, 0.01330, 0.02097, 0.04322],  precision=[0.00164, 0.00133, 0.00105, 0.00086], hit=[0.00818, 0.01330, 0.02097, 0.04322], ndcg=[0.00520, 0.00683, 0.00875, 0.01311], Train Rec Loss=[0.08672], Eval Rec Loss=[0.08629], c=[0.50000], F=[0.84755, 0.87869, 0.90239, 0.93088], F_fuse=[0.00327, 0.00266, 0.00209, 0.00173]
[ INFO : 2026-07-13 23:46:45,434 ] - Epoch 296: train==[101.35388 = 0.32513 + 0.64642 + 8.54786 + 0.00492 + 0.00000 + 0.00020 + 613.91942]
[ INFO : 2026-07-13 23:46:54,290 ] - Test_@[5, 10, 20, 50]: Recall=[0.00780, 0.01279, 0.02225, 0.04705],  precision=[0.00156, 0.00128, 0.00111, 0.00094], hit=[0.00780, 0.01279, 0.02225, 0.04705], ndcg=[0.00501, 0.00662, 0.00901, 0.01386], Train Rec Loss=[0.08627], Eval Rec Loss=[0.08553], c=[0.50000], F=[0.85136, 0.88703, 0.90890, 0.93455], F_fuse=[0.00311, 0.00255, 0.00222, 0.00188]
[ INFO : 2026-07-13 23:48:46,650 ] - Epoch 297: train==[101.34414 = 0.32337 + 0.64463 + 8.54112 + 0.00494 + 0.00000 + 0.00019 + 613.91829]
[ INFO : 2026-07-13 23:48:55,488 ] - Test_@[5, 10, 20, 50]: Recall=[0.00895, 0.01368, 0.02225, 0.04513],  precision=[0.00179, 0.00137, 0.00111, 0.00090], hit=[0.00895, 0.01368, 0.02225, 0.04513], ndcg=[0.00547, 0.00697, 0.00911, 0.01363], Train Rec Loss=[0.08668], Eval Rec Loss=[0.08584], c=[0.50000], F=[0.85084, 0.88618, 0.90702, 0.93267], F_fuse=[0.00357, 0.00273, 0.00222, 0.00180]
[ INFO : 2026-07-13 23:50:48,092 ] - Epoch 298: train==[101.28856 = 0.32202 + 0.64288 + 8.48769 + 0.00497 + 0.00000 + 0.00020 + 613.91973]
[ INFO : 2026-07-13 23:50:57,021 ] - Test_@[5, 10, 20, 50]: Recall=[0.00806, 0.01253, 0.02148, 0.04386],  precision=[0.00161, 0.00125, 0.00107, 0.00088], hit=[0.00806, 0.01253, 0.02148, 0.04386], ndcg=[0.00535, 0.00678, 0.00903, 0.01341], Train Rec Loss=[0.08641], Eval Rec Loss=[0.08570], c=[0.50000], F=[0.84541, 0.88117, 0.90566, 0.93418], F_fuse=[0.00322, 0.00250, 0.00215, 0.00175]
[ INFO : 2026-07-13 23:52:50,216 ] - Epoch 299: train==[101.36049 = 0.31998 + 0.64107 + 8.56267 + 0.00496 + 0.00000 + 0.00021 + 613.92005]
[ INFO : 2026-07-13 23:52:59,079 ] - Test_@[5, 10, 20, 50]: Recall=[0.00933, 0.01458, 0.02212, 0.04539],  precision=[0.00187, 0.00146, 0.00111, 0.00091], hit=[0.00933, 0.01458, 0.02212, 0.04539], ndcg=[0.00611, 0.00779, 0.00970, 0.01424], Train Rec Loss=[0.08614], Eval Rec Loss=[0.08595], c=[0.50000], F=[0.84682, 0.88315, 0.90438, 0.93201], F_fuse=[0.00373, 0.00291, 0.00221, 0.00181]
[ INFO : 2026-07-13 23:54:52,313 ] - Epoch 300: train==[101.30029 = 0.32289 + 0.63938 + 8.49962 + 0.00499 + 0.00000 + 0.00021 + 613.92628]
[ INFO : 2026-07-13 23:55:01,166 ] - Test_@[5, 10, 20, 50]: Recall=[0.00831, 0.01381, 0.02238, 0.04641],  precision=[0.00166, 0.00138, 0.00112, 0.00093], hit=[0.00831, 0.01381, 0.02238, 0.04641], ndcg=[0.00518, 0.00691, 0.00906, 0.01375], Train Rec Loss=[0.08515], Eval Rec Loss=[0.08540], c=[0.50000], F=[0.84915, 0.88435, 0.90895, 0.93493], F_fuse=[0.00332, 0.00276, 0.00223, 0.00185]
n_users=19805, n_items=10068
n_interactions=66743
n_train=58922, n_test=7821, sparsity=0.00033
Finished Mon Jul 13 11:55:56 PM +07 2026
