Job 73304 on gpu03; gamma_train=0.5; started Thu Jul  2 07:27:15 PM UTC 2026
Thu Jul  2 19:27:15 2026       
+-----------------------------------------------------------------------------------------+
| NVIDIA-SMI 580.82.07              Driver Version: 580.82.07      CUDA Version: 13.0     |
+-----------------------------------------+------------------------+----------------------+
| GPU  Name                 Persistence-M | Bus-Id          Disp.A | Volatile Uncorr. ECC |
| Fan  Temp   Perf          Pwr:Usage/Cap |           Memory-Usage | GPU-Util  Compute M. |
|                                         |                        |               MIG M. |
|=========================================+========================+======================|
|   0  NVIDIA A100-PCIE-40GB          On  |   00000000:14:00.0 Off |                    0 |
| N/A   29C    P0             34W /  250W |       0MiB /  40960MiB |      0%      Default |
|                                         |                        |             Disabled |
+-----------------------------------------+------------------------+----------------------+

+-----------------------------------------------------------------------------------------+
| Processes:                                                                              |
|  GPU   GI   CI              PID   Type   Process name                        GPU Memory |
|        ID   ID                                                               Usage      |
|=========================================================================================|
|  No running processes found                                                             |
+-----------------------------------------------------------------------------------------+
[ INFO : 2026-07-02 19:27:50,190 ] - Preprocess missing values with zero
[ INFO : 2026-07-02 19:27:52,024 ] - Pretrained diffusion model is loaded from: ./checkpoint/baby/best_model.pth
[ INFO : 2026-07-02 19:27:54,268 ] - Completed data loaded from: ./checkpoint/baby/completed_data.pkl
/media/lhbac29/raid-cf/main.py:105: DeprecationWarning: Please import `csr_matrix` from the `scipy.sparse` namespace; the `scipy.sparse.csr` namespace is deprecated and will be removed in SciPy 2.0.0.
  self.ui_graph = self.ui_graph_raw = pickle.load(open('./data/' + self.dataset + '/train_mat', 'rb'))
[ INFO : 2026-07-02 19:27:54,601 ] - Missing rate = 0.400000, complete strategy: zero
[ INFO : 2026-07-02 19:30:05,621 ] - Epoch 1: train==[357.03849 = 2.00508 + 1.76336 + 66.35961 + 0.00055 + 0.00000 + 176.66303 + 1224.96500]
[ INFO : 2026-07-02 19:30:14,075 ] - Test_@[5, 10, 20, 50]: Recall=[0.01781, 0.02841, 0.04575, 0.08907],  precision=[0.00371, 0.00298, 0.00243, 0.00188], hit=[0.01857, 0.02978, 0.04829, 0.09339], ndcg=[0.01128, 0.01466, 0.01906, 0.02768], Train Rec Loss=[0.03147], Eval Rec Loss=[0.03153], c=[0.50000], F=[0.75023, 0.92549, 0.87354, 0.99403], F_fuse=[0.00739, 0.00595, 0.00485, 0.00376]
[ INFO : 2026-07-02 19:32:35,501 ] - Epoch 2: train==[217.45961 = 1.61707 + 1.72656 + 63.82596 + 0.00082 + 0.00000 + 39.95847 + 1225.89705]
[ INFO : 2026-07-02 19:32:43,987 ] - Test_@[5, 10, 20, 50]: Recall=[0.01776, 0.02870, 0.04681, 0.08941],  precision=[0.00370, 0.00301, 0.00248, 0.00190], hit=[0.01851, 0.03008, 0.04937, 0.09396], ndcg=[0.01126, 0.01476, 0.01937, 0.02785], Train Rec Loss=[0.03128], Eval Rec Loss=[0.03136], c=[0.50000], F=[0.75163, 0.87364, 0.87354, 0.99341], F_fuse=[0.00737, 0.00601, 0.00495, 0.00378]
[ INFO : 2026-07-02 19:35:06,879 ] - Epoch 3: train==[186.39670 = 1.60264 + 1.72592 + 60.82038 + 0.00131 + 0.00000 + 11.91572 + 1225.89705]
[ INFO : 2026-07-02 19:35:15,377 ] - Test_@[5, 10, 20, 50]: Recall=[0.01786, 0.02871, 0.04681, 0.09034],  precision=[0.00372, 0.00302, 0.00248, 0.00192], hit=[0.01862, 0.03014, 0.04932, 0.09493], ndcg=[0.01130, 0.01481, 0.01942, 0.02809], Train Rec Loss=[0.03128], Eval Rec Loss=[0.03129], c=[0.50000], F=[0.75005, 0.87337, 0.87354, 0.98046], F_fuse=[0.00741, 0.00602, 0.00494, 0.00382]
[ INFO : 2026-07-02 19:37:44,589 ] - Epoch 4: train==[174.32466 = 1.59210 + 1.72590 + 57.52155 + 0.00210 + 0.00000 + 3.15226 + 1225.89705]
[ INFO : 2026-07-02 19:37:53,079 ] - Test_@[5, 10, 20, 50]: Recall=[0.01781, 0.02896, 0.04665, 0.09176],  precision=[0.00371, 0.00304, 0.00248, 0.00194], hit=[0.01857, 0.03039, 0.04922, 0.09627], ndcg=[0.01128, 0.01488, 0.01940, 0.02833], Train Rec Loss=[0.03121], Eval Rec Loss=[0.03124], c=[0.50000], F=[0.75004, 0.87337, 0.87354, 0.96969], F_fuse=[0.00739, 0.00607, 0.00494, 0.00387]
[ INFO : 2026-07-02 19:40:11,332 ] - Epoch 5: train==[169.73077 = 1.57854 + 1.72588 + 55.40636 + 0.00296 + 0.00000 + 0.68629 + 1225.89705]
[ INFO : 2026-07-02 19:40:19,839 ] - Test_@[5, 10, 20, 50]: Recall=[0.01781, 0.02909, 0.04662, 0.09200],  precision=[0.00371, 0.00305, 0.00248, 0.00194], hit=[0.01857, 0.03050, 0.04922, 0.09637], ndcg=[0.01128, 0.01493, 0.01940, 0.02839], Train Rec Loss=[0.03117], Eval Rec Loss=[0.03123], c=[0.50000], F=[0.75004, 0.87339, 0.87354, 0.96154], F_fuse=[0.00739, 0.00609, 0.00494, 0.00388]
[ INFO : 2026-07-02 19:42:37,452 ] - Epoch 6: train==[168.40628 = 1.56373 + 1.72587 + 54.52831 + 0.00349 + 0.00000 + 0.25415 + 1225.89705]
[ INFO : 2026-07-02 19:42:46,015 ] - Test_@[5, 10, 20, 50]: Recall=[0.01790, 0.02882, 0.04677, 0.09203],  precision=[0.00372, 0.00303, 0.00248, 0.00194], hit=[0.01862, 0.03029, 0.04937, 0.09637], ndcg=[0.01133, 0.01490, 0.01947, 0.02845], Train Rec Loss=[0.03115], Eval Rec Loss=[0.03122], c=[0.50000], F=[0.75004, 0.87339, 0.87358, 0.95299], F_fuse=[0.00741, 0.00605, 0.00495, 0.00388]
[ INFO : 2026-07-02 19:45:10,308 ] - Epoch 7: train==[167.56966 = 1.54915 + 1.72587 + 53.82410 + 0.00384 + 0.00000 + 0.13596 + 1225.89705]
[ INFO : 2026-07-02 19:45:18,804 ] - Test_@[5, 10, 20, 50]: Recall=[0.01790, 0.02907, 0.04693, 0.09255],  precision=[0.00372, 0.00307, 0.00249, 0.00196], hit=[0.01862, 0.03060, 0.04952, 0.09704], ndcg=[0.01134, 0.01498, 0.01952, 0.02857], Train Rec Loss=[0.03115], Eval Rec Loss=[0.03118], c=[0.50000], F=[0.75004, 0.87339, 0.87404, 0.96251], F_fuse=[0.00741, 0.00611, 0.00497, 0.00390]
[ INFO : 2026-07-02 19:47:41,091 ] - Epoch 8: train==[166.91743 = 1.53272 + 1.72586 + 53.25043 + 0.00405 + 0.00000 + 0.07364 + 1225.89705]
[ INFO : 2026-07-02 19:47:49,586 ] - Test_@[5, 10, 20, 50]: Recall=[0.01790, 0.02950, 0.04752, 0.09450],  precision=[0.00372, 0.00312, 0.00252, 0.00200], hit=[0.01862, 0.03111, 0.05014, 0.09920], ndcg=[0.01131, 0.01509, 0.01967, 0.02897], Train Rec Loss=[0.03110], Eval Rec Loss=[0.03119], c=[0.50000], F=[0.75004, 0.87276, 0.87479, 0.97295], F_fuse=[0.00741, 0.00621, 0.00503, 0.00399]
[ INFO : 2026-07-02 19:50:12,169 ] - Epoch 9: train==[165.95316 = 1.52418 + 1.72586 + 52.32743 + 0.00419 + 0.00000 + 0.04076 + 1225.89705]
[ INFO : 2026-07-02 19:50:20,768 ] - Test_@[5, 10, 20, 50]: Recall=[0.01813, 0.02998, 0.04909, 0.09706],  precision=[0.00377, 0.00318, 0.00262, 0.00206], hit=[0.01887, 0.03173, 0.05189, 0.10198], ndcg=[0.01144, 0.01532, 0.02019, 0.02971], Train Rec Loss=[0.03109], Eval Rec Loss=[0.03118], c=[0.50000], F=[0.75021, 0.86916, 0.87514, 0.98207], F_fuse=[0.00751, 0.00633, 0.00522, 0.00411]
[ INFO : 2026-07-02 19:52:43,138 ] - Epoch 10: train==[164.98042 = 1.50745 + 1.72586 + 51.38855 + 0.00439 + 0.00000 + 0.02343 + 1225.89705]
[ INFO : 2026-07-02 19:52:51,625 ] - Test_@[5, 10, 20, 50]: Recall=[0.01916, 0.03227, 0.05234, 0.10144],  precision=[0.00400, 0.00343, 0.00279, 0.00216], hit=[0.02001, 0.03410, 0.05534, 0.10687], ndcg=[0.01204, 0.01631, 0.02142, 0.03119], Train Rec Loss=[0.03112], Eval Rec Loss=[0.03117], c=[0.50000], F=[0.75289, 0.86883, 0.87556, 0.98722], F_fuse=[0.00796, 0.00682, 0.00557, 0.00431]
[ INFO : 2026-07-02 19:55:14,556 ] - Epoch 11: train==[163.84952 = 1.49469 + 1.72587 + 50.27817 + 0.00463 + 0.00000 + 0.01543 + 1225.89705]
[ INFO : 2026-07-02 19:55:23,079 ] - Test_@[5, 10, 20, 50]: Recall=[0.02076, 0.03425, 0.05609, 0.10704],  precision=[0.00436, 0.00365, 0.00299, 0.00229], hit=[0.02175, 0.03626, 0.05930, 0.11257], ndcg=[0.01306, 0.01748, 0.02303, 0.03313], Train Rec Loss=[0.03107], Eval Rec Loss=[0.03115], c=[0.50000], F=[0.75548, 0.86971, 0.87697, 0.97890], F_fuse=[0.00867, 0.00726, 0.00596, 0.00456]
[ INFO : 2026-07-02 19:57:45,632 ] - Epoch 12: train==[163.01433 = 1.47761 + 1.72587 + 49.46708 + 0.00491 + 0.00000 + 0.00812 + 1225.89705]
[ INFO : 2026-07-02 19:57:54,095 ] - Test_@[5, 10, 20, 50]: Recall=[0.02208, 0.03564, 0.05838, 0.11020],  precision=[0.00465, 0.00380, 0.00311, 0.00235], hit=[0.02319, 0.03770, 0.06161, 0.11581], ndcg=[0.01389, 0.01833, 0.02410, 0.03436], Train Rec Loss=[0.03110], Eval Rec Loss=[0.03111], c=[0.50000], F=[0.75630, 0.87089, 0.87761, 0.98093], F_fuse=[0.00924, 0.00757, 0.00620, 0.00469]
[ INFO : 2026-07-02 20:00:17,824 ] - Epoch 13: train==[162.05601 = 1.46142 + 1.72587 + 48.52919 + 0.00519 + 0.00000 + 0.00360 + 1225.89705]
[ INFO : 2026-07-02 20:00:26,255 ] - Test_@[5, 10, 20, 50]: Recall=[0.02281, 0.03803, 0.06130, 0.11566],  precision=[0.00480, 0.00404, 0.00326, 0.00247], hit=[0.02391, 0.04006, 0.06454, 0.12152], ndcg=[0.01469, 0.01969, 0.02562, 0.03642], Train Rec Loss=[0.03107], Eval Rec Loss=[0.03113], c=[0.50000], F=[0.76746, 0.87195, 0.87937, 0.97795], F_fuse=[0.00955, 0.00804, 0.00650, 0.00492]
[ INFO : 2026-07-02 20:02:55,030 ] - Epoch 14: train==[161.08854 = 1.45090 + 1.72587 + 47.57358 + 0.00547 + 0.00000 + 0.00199 + 1225.89705]
[ INFO : 2026-07-02 20:03:03,527 ] - Test_@[5, 10, 20, 50]: Recall=[0.02364, 0.03913, 0.06245, 0.11864],  precision=[0.00497, 0.00416, 0.00331, 0.00253], hit=[0.02474, 0.04119, 0.06567, 0.12445], ndcg=[0.01522, 0.02029, 0.02622, 0.03737], Train Rec Loss=[0.03107], Eval Rec Loss=[0.03112], c=[0.50000], F=[0.77346, 0.87278, 0.87972, 0.97341], F_fuse=[0.00987, 0.00827, 0.00660, 0.00504]
[ INFO : 2026-07-02 20:05:25,355 ] - Epoch 15: train==[160.08323 = 1.43586 + 1.72587 + 46.58354 + 0.00582 + 0.00000 + 0.00139 + 1225.89705]
[ INFO : 2026-07-02 20:05:33,811 ] - Test_@[5, 10, 20, 50]: Recall=[0.02454, 0.04053, 0.06417, 0.12070],  precision=[0.00514, 0.00429, 0.00341, 0.00257], hit=[0.02556, 0.04258, 0.06752, 0.12661], ndcg=[0.01579, 0.02101, 0.02703, 0.03827], Train Rec Loss=[0.03104], Eval Rec Loss=[0.03111], c=[0.50000], F=[0.77634, 0.86921, 0.88169, 0.96716], F_fuse=[0.01022, 0.00855, 0.00680, 0.00513]
[ INFO : 2026-07-02 20:07:55,360 ] - Epoch 16: train==[159.39727 = 1.42067 + 1.72587 + 45.91257 + 0.00611 + 0.00000 + 0.00131 + 1225.89705]
[ INFO : 2026-07-02 20:08:03,939 ] - Test_@[5, 10, 20, 50]: Recall=[0.02489, 0.04083, 0.06449, 0.12135],  precision=[0.00520, 0.00433, 0.00343, 0.00258], hit=[0.02587, 0.04299, 0.06783, 0.12713], ndcg=[0.01594, 0.02115, 0.02718, 0.03851], Train Rec Loss=[0.03104], Eval Rec Loss=[0.03109], c=[0.50000], F=[0.77884, 0.86870, 0.88222, 0.96594], F_fuse=[0.01034, 0.00862, 0.00683, 0.00516]
[ INFO : 2026-07-02 20:10:29,604 ] - Epoch 17: train==[158.69980 = 1.40775 + 1.72587 + 45.22783 + 0.00635 + 0.00000 + 0.00126 + 1225.89705]
[ INFO : 2026-07-02 20:10:38,067 ] - Test_@[5, 10, 20, 50]: Recall=[0.02504, 0.04126, 0.06490, 0.12232],  precision=[0.00524, 0.00438, 0.00345, 0.00261], hit=[0.02602, 0.04346, 0.06824, 0.12826], ndcg=[0.01604, 0.02134, 0.02735, 0.03877], Train Rec Loss=[0.03101], Eval Rec Loss=[0.03107], c=[0.50000], F=[0.77746, 0.86970, 0.88242, 0.96394], F_fuse=[0.01040, 0.00871, 0.00687, 0.00520]
[ INFO : 2026-07-02 20:13:00,125 ] - Epoch 18: train==[158.12268 = 1.39184 + 1.72587 + 44.66640 + 0.00660 + 0.00000 + 0.00123 + 1225.89705]
[ INFO : 2026-07-02 20:13:08,587 ] - Test_@[5, 10, 20, 50]: Recall=[0.02530, 0.04145, 0.06607, 0.12313],  precision=[0.00529, 0.00440, 0.00350, 0.00262], hit=[0.02628, 0.04366, 0.06938, 0.12898], ndcg=[0.01626, 0.02154, 0.02779, 0.03915], Train Rec Loss=[0.03102], Eval Rec Loss=[0.03104], c=[0.50000], F=[0.78041, 0.86639, 0.88313, 0.96197], F_fuse=[0.01050, 0.00875, 0.00698, 0.00523]
[ INFO : 2026-07-02 20:15:31,335 ] - Epoch 19: train==[157.36751 = 1.37963 + 1.72588 + 43.92320 + 0.00685 + 0.00000 + 0.00122 + 1225.89705]
[ INFO : 2026-07-02 20:15:39,861 ] - Test_@[5, 10, 20, 50]: Recall=[0.02579, 0.04244, 0.06737, 0.12581],  precision=[0.00540, 0.00451, 0.00357, 0.00267], hit=[0.02684, 0.04479, 0.07071, 0.13155], ndcg=[0.01663, 0.02207, 0.02839, 0.04000], Train Rec Loss=[0.03101], Eval Rec Loss=[0.03106], c=[0.50000], F=[0.78694, 0.86277, 0.88572, 0.95924], F_fuse=[0.01073, 0.00897, 0.00711, 0.00533]
[ INFO : 2026-07-02 20:18:01,293 ] - Epoch 20: train==[156.86725 = 1.36447 + 1.72588 + 43.43791 + 0.00705 + 0.00000 + 0.00120 + 1225.89705]
[ INFO : 2026-07-02 20:18:09,720 ] - Test_@[5, 10, 20, 50]: Recall=[0.02630, 0.04255, 0.06732, 0.12630],  precision=[0.00551, 0.00452, 0.00357, 0.00268], hit=[0.02741, 0.04484, 0.07066, 0.13201], ndcg=[0.01689, 0.02219, 0.02849, 0.04023], Train Rec Loss=[0.03100], Eval Rec Loss=[0.03107], c=[0.50000], F=[0.79280, 0.86715, 0.88569, 0.95583], F_fuse=[0.01095, 0.00898, 0.00711, 0.00535]
[ INFO : 2026-07-02 20:20:27,661 ] - Epoch 21: train==[156.24928 = 1.35228 + 1.72588 + 42.83197 + 0.00723 + 0.00000 + 0.00118 + 1225.89705]
[ INFO : 2026-07-02 20:20:36,130 ] - Test_@[5, 10, 20, 50]: Recall=[0.02594, 0.04243, 0.06718, 0.12530],  precision=[0.00542, 0.00451, 0.00356, 0.00266], hit=[0.02695, 0.04474, 0.07056, 0.13104], ndcg=[0.01675, 0.02215, 0.02843, 0.04001], Train Rec Loss=[0.03096], Eval Rec Loss=[0.03103], c=[0.50000], F=[0.78320, 0.86686, 0.88401, 0.95536], F_fuse=[0.01077, 0.00896, 0.00710, 0.00531]
[ INFO : 2026-07-02 20:22:54,721 ] - Epoch 22: train==[155.80070 = 1.33858 + 1.72589 + 42.39694 + 0.00738 + 0.00000 + 0.00117 + 1225.89705]
[ INFO : 2026-07-02 20:23:03,200 ] - Test_@[5, 10, 20, 50]: Recall=[0.02674, 0.04292, 0.06814, 0.12775],  precision=[0.00561, 0.00455, 0.00361, 0.00271], hit=[0.02787, 0.04520, 0.07148, 0.13350], ndcg=[0.01720, 0.02247, 0.02887, 0.04075], Train Rec Loss=[0.03096], Eval Rec Loss=[0.03102], c=[0.50000], F=[0.79094, 0.86596, 0.88688, 0.95373], F_fuse=[0.01113, 0.00906, 0.00719, 0.00541]
[ INFO : 2026-07-02 20:25:25,215 ] - Epoch 23: train==[155.17530 = 1.32609 + 1.72589 + 41.78388 + 0.00755 + 0.00000 + 0.00116 + 1225.89705]
[ INFO : 2026-07-02 20:25:33,697 ] - Test_@[5, 10, 20, 50]: Recall=[0.02689, 0.04323, 0.06961, 0.12932],  precision=[0.00566, 0.00458, 0.00368, 0.00275], hit=[0.02813, 0.04551, 0.07292, 0.13505], ndcg=[0.01742, 0.02272, 0.02938, 0.04130], Train Rec Loss=[0.03096], Eval Rec Loss=[0.03098], c=[0.50000], F=[0.79636, 0.86642, 0.88973, 0.95428], F_fuse=[0.01123, 0.00912, 0.00733, 0.00548]
[ INFO : 2026-07-02 20:28:00,713 ] - Epoch 24: train==[154.58136 = 1.31191 + 1.72589 + 41.20399 + 0.00769 + 0.00000 + 0.00114 + 1225.89705]
[ INFO : 2026-07-02 20:28:09,238 ] - Test_@[5, 10, 20, 50]: Recall=[0.02700, 0.04359, 0.06914, 0.12965],  precision=[0.00568, 0.00462, 0.00366, 0.00275], hit=[0.02823, 0.04587, 0.07246, 0.13541], ndcg=[0.01742, 0.02282, 0.02929, 0.04138], Train Rec Loss=[0.03094], Eval Rec Loss=[0.03100], c=[0.50000], F=[0.79096, 0.86288, 0.88796, 0.95208], F_fuse=[0.01127, 0.00919, 0.00729, 0.00549]
[ INFO : 2026-07-02 20:30:27,798 ] - Epoch 25: train==[154.15397 = 1.30356 + 1.72589 + 40.78483 + 0.00781 + 0.00000 + 0.00114 + 1225.89705]
[ INFO : 2026-07-02 20:30:36,294 ] - Test_@[5, 10, 20, 50]: Recall=[0.02737, 0.04357, 0.06935, 0.13027],  precision=[0.00575, 0.00461, 0.00367, 0.00277], hit=[0.02859, 0.04582, 0.07267, 0.13613], ndcg=[0.01769, 0.02296, 0.02949, 0.04165], Train Rec Loss=[0.03091], Eval Rec Loss=[0.03098], c=[0.50000], F=[0.79277, 0.86579, 0.88858, 0.95114], F_fuse=[0.01142, 0.00918, 0.00731, 0.00552]
[ INFO : 2026-07-02 20:32:55,540 ] - Epoch 26: train==[153.77152 = 1.28629 + 1.72589 + 40.41952 + 0.00796 + 0.00000 + 0.00113 + 1225.89705]
[ INFO : 2026-07-02 20:33:04,108 ] - Test_@[5, 10, 20, 50]: Recall=[0.02774, 0.04422, 0.07134, 0.13238],  precision=[0.00586, 0.00468, 0.00377, 0.00281], hit=[0.02916, 0.04649, 0.07462, 0.13824], ndcg=[0.01792, 0.02327, 0.03013, 0.04233], Train Rec Loss=[0.03089], Eval Rec Loss=[0.03096], c=[0.50000], F=[0.80742, 0.87028, 0.89433, 0.95074], F_fuse=[0.01164, 0.00931, 0.00750, 0.00560]
[ INFO : 2026-07-02 20:35:34,924 ] - Epoch 27: train==[153.33316 = 1.28087 + 1.72588 + 39.98654 + 0.00802 + 0.00000 + 0.00111 + 1225.89705]
[ INFO : 2026-07-02 20:35:43,424 ] - Test_@[5, 10, 20, 50]: Recall=[0.02841, 0.04524, 0.07204, 0.13304],  precision=[0.00600, 0.00478, 0.00381, 0.00282], hit=[0.02983, 0.04752, 0.07539, 0.13890], ndcg=[0.01828, 0.02372, 0.03048, 0.04268], Train Rec Loss=[0.03087], Eval Rec Loss=[0.03097], c=[0.50000], F=[0.80955, 0.86945, 0.89499, 0.94836], F_fuse=[0.01190, 0.00951, 0.00758, 0.00563]
[ INFO : 2026-07-02 20:38:05,256 ] - Epoch 28: train==[152.69380 = 1.26110 + 1.72588 + 39.36682 + 0.00815 + 0.00000 + 0.00111 + 1225.89705]
[ INFO : 2026-07-02 20:38:13,752 ] - Test_@[5, 10, 20, 50]: Recall=[0.02867, 0.04479, 0.07277, 0.13367],  precision=[0.00605, 0.00474, 0.00384, 0.00284], hit=[0.03008, 0.04706, 0.07611, 0.13957], ndcg=[0.01839, 0.02361, 0.03067, 0.04285], Train Rec Loss=[0.03090], Eval Rec Loss=[0.03093], c=[0.50000], F=[0.80514, 0.86761, 0.89477, 0.94754], F_fuse=[0.01201, 0.00942, 0.00765, 0.00566]
[ INFO : 2026-07-02 20:40:35,716 ] - Epoch 29: train==[152.25846 = 1.25206 + 1.72588 + 38.94043 + 0.00825 + 0.00000 + 0.00110 + 1225.89705]
[ INFO : 2026-07-02 20:40:44,225 ] - Test_@[5, 10, 20, 50]: Recall=[0.02837, 0.04548, 0.07382, 0.13510],  precision=[0.00598, 0.00481, 0.00390, 0.00287], hit=[0.02972, 0.04783, 0.07719, 0.14106], ndcg=[0.01826, 0.02382, 0.03098, 0.04323], Train Rec Loss=[0.03086], Eval Rec Loss=[0.03096], c=[0.50000], F=[0.81364, 0.87198, 0.89906, 0.94740], F_fuse=[0.01186, 0.00957, 0.00776, 0.00572]
[ INFO : 2026-07-02 20:43:07,273 ] - Epoch 30: train==[151.91446 = 1.23977 + 1.72588 + 38.60864 + 0.00832 + 0.00000 + 0.00111 + 1225.89705]
[ INFO : 2026-07-02 20:43:15,745 ] - Test_@[5, 10, 20, 50]: Recall=[0.02862, 0.04589, 0.07421, 0.13547],  precision=[0.00603, 0.00485, 0.00392, 0.00287], hit=[0.02998, 0.04824, 0.07760, 0.14142], ndcg=[0.01842, 0.02402, 0.03116, 0.04340], Train Rec Loss=[0.03088], Eval Rec Loss=[0.03093], c=[0.50000], F=[0.81052, 0.87044, 0.89748, 0.94576], F_fuse=[0.01197, 0.00966, 0.00780, 0.00573]
[ INFO : 2026-07-02 20:45:37,900 ] - Epoch 31: train==[151.59356 = 1.23031 + 1.72588 + 38.29716 + 0.00838 + 0.00000 + 0.00109 + 1225.89705]
[ INFO : 2026-07-02 20:45:46,368 ] - Test_@[5, 10, 20, 50]: Recall=[0.02834, 0.04611, 0.07499, 0.13578],  precision=[0.00597, 0.00489, 0.00396, 0.00288], hit=[0.02967, 0.04850, 0.07837, 0.14173], ndcg=[0.01849, 0.02429, 0.03160, 0.04374], Train Rec Loss=[0.03086], Eval Rec Loss=[0.03092], c=[0.50000], F=[0.81947, 0.87489, 0.90310, 0.94631], F_fuse=[0.01184, 0.00973, 0.00788, 0.00574]
[ INFO : 2026-07-02 20:48:10,924 ] - Epoch 32: train==[151.02309 = 1.21893 + 1.72588 + 37.73795 + 0.00851 + 0.00000 + 0.00109 + 1225.89705]
[ INFO : 2026-07-02 20:48:19,413 ] - Test_@[5, 10, 20, 50]: Recall=[0.02855, 0.04638, 0.07551, 0.13652],  precision=[0.00601, 0.00491, 0.00398, 0.00289], hit=[0.02988, 0.04875, 0.07889, 0.14240], ndcg=[0.01864, 0.02446, 0.03182, 0.04400], Train Rec Loss=[0.03085], Eval Rec Loss=[0.03090], c=[0.50000], F=[0.81045, 0.87045, 0.90164, 0.94465], F_fuse=[0.01192, 0.00976, 0.00793, 0.00577]
[ INFO : 2026-07-02 20:50:41,594 ] - Epoch 33: train==[150.54836 = 1.20849 + 1.72588 + 37.27358 + 0.00859 + 0.00000 + 0.00109 + 1225.89705]
[ INFO : 2026-07-02 20:50:50,126 ] - Test_@[5, 10, 20, 50]: Recall=[0.02878, 0.04638, 0.07618, 0.13727],  precision=[0.00606, 0.00490, 0.00402, 0.00291], hit=[0.03014, 0.04865, 0.07956, 0.14312], ndcg=[0.01872, 0.02445, 0.03197, 0.04418], Train Rec Loss=[0.03083], Eval Rec Loss=[0.03089], c=[0.50000], F=[0.81021, 0.86969, 0.90324, 0.94388], F_fuse=[0.01203, 0.00975, 0.00800, 0.00580]
[ INFO : 2026-07-02 20:53:18,378 ] - Epoch 34: train==[150.09993 = 1.19581 + 1.72588 + 36.83772 + 0.00870 + 0.00000 + 0.00108 + 1225.89705]
[ INFO : 2026-07-02 20:53:26,826 ] - Test_@[5, 10, 20, 50]: Recall=[0.02960, 0.04686, 0.07607, 0.13818],  precision=[0.00622, 0.00496, 0.00401, 0.00293], hit=[0.03096, 0.04916, 0.07945, 0.14415], ndcg=[0.01913, 0.02473, 0.03212, 0.04454], Train Rec Loss=[0.03083], Eval Rec Loss=[0.03088], c=[0.50000], F=[0.81340, 0.87335, 0.90534, 0.94431], F_fuse=[0.01235, 0.00986, 0.00799, 0.00584]
[ INFO : 2026-07-02 20:55:45,551 ] - Epoch 35: train==[149.75146 = 1.18905 + 1.72589 + 36.49599 + 0.00873 + 0.00000 + 0.00107 + 1225.89705]
[ INFO : 2026-07-02 20:55:54,065 ] - Test_@[5, 10, 20, 50]: Recall=[0.02983, 0.04769, 0.07659, 0.13870],  precision=[0.00626, 0.00504, 0.00404, 0.00294], hit=[0.03116, 0.04999, 0.07997, 0.14477], ndcg=[0.01921, 0.02503, 0.03234, 0.04477], Train Rec Loss=[0.03082], Eval Rec Loss=[0.03088], c=[0.50000], F=[0.82380, 0.87928, 0.90807, 0.94388], F_fuse=[0.01243, 0.01002, 0.00804, 0.00587]
[ INFO : 2026-07-02 20:58:15,871 ] - Epoch 36: train==[149.28408 = 1.17608 + 1.72588 + 36.04152 + 0.00881 + 0.00000 + 0.00106 + 1225.89705]
[ INFO : 2026-07-02 20:58:24,406 ] - Test_@[5, 10, 20, 50]: Recall=[0.03004, 0.04836, 0.07670, 0.14054],  precision=[0.00633, 0.00511, 0.00405, 0.00298], hit=[0.03147, 0.05066, 0.08012, 0.14646], ndcg=[0.01935, 0.02533, 0.03252, 0.04528], Train Rec Loss=[0.03082], Eval Rec Loss=[0.03087], c=[0.50000], F=[0.82442, 0.88074, 0.91068, 0.94439], F_fuse=[0.01255, 0.01015, 0.00806, 0.00594]
[ INFO : 2026-07-02 21:00:47,576 ] - Epoch 37: train==[148.93481 = 1.16457 + 1.72588 + 35.70373 + 0.00883 + 0.00000 + 0.00106 + 1225.89705]
[ INFO : 2026-07-02 21:00:56,061 ] - Test_@[5, 10, 20, 50]: Recall=[0.02989, 0.04868, 0.07760, 0.14048],  precision=[0.00630, 0.00515, 0.00410, 0.00298], hit=[0.03137, 0.05112, 0.08110, 0.14652], ndcg=[0.01927, 0.02540, 0.03273, 0.04532], Train Rec Loss=[0.03079], Eval Rec Loss=[0.03088], c=[0.50000], F=[0.82827, 0.88161, 0.91296, 0.94558], F_fuse=[0.01251, 0.01025, 0.00816, 0.00595]
[ INFO : 2026-07-02 21:03:17,980 ] - Epoch 38: train==[148.57483 = 1.15782 + 1.72588 + 35.35042 + 0.00892 + 0.00000 + 0.00106 + 1225.89705]
[ INFO : 2026-07-02 21:03:26,482 ] - Test_@[5, 10, 20, 50]: Recall=[0.03036, 0.04896, 0.07858, 0.14026],  precision=[0.00640, 0.00518, 0.00415, 0.00298], hit=[0.03183, 0.05138, 0.08203, 0.14626], ndcg=[0.01954, 0.02561, 0.03309, 0.04544], Train Rec Loss=[0.03079], Eval Rec Loss=[0.03083], c=[0.50000], F=[0.82692, 0.88145, 0.91374, 0.94380], F_fuse=[0.01270, 0.01031, 0.00825, 0.00594]
[ INFO : 2026-07-02 21:05:50,743 ] - Epoch 39: train==[148.26481 = 1.14474 + 1.72588 + 35.05342 + 0.00898 + 0.00000 + 0.00105 + 1225.89705]
[ INFO : 2026-07-02 21:05:59,244 ] - Test_@[5, 10, 20, 50]: Recall=[0.03039, 0.04912, 0.07907, 0.14152],  precision=[0.00640, 0.00520, 0.00417, 0.00300], hit=[0.03183, 0.05153, 0.08249, 0.14754], ndcg=[0.01953, 0.02566, 0.03321, 0.04569], Train Rec Loss=[0.03079], Eval Rec Loss=[0.03083], c=[0.50000], F=[0.82828, 0.88223, 0.91308, 0.94245], F_fuse=[0.01270, 0.01034, 0.00830, 0.00599]
[ INFO : 2026-07-02 21:08:21,011 ] - Epoch 40: train==[147.83344 = 1.13865 + 1.72588 + 34.62809 + 0.00904 + 0.00000 + 0.00105 + 1225.89705]
[ INFO : 2026-07-02 21:08:29,481 ] - Test_@[5, 10, 20, 50]: Recall=[0.03033, 0.05012, 0.07926, 0.14224],  precision=[0.00641, 0.00530, 0.00419, 0.00302], hit=[0.03188, 0.05251, 0.08275, 0.14842], ndcg=[0.01968, 0.02611, 0.03347, 0.04603], Train Rec Loss=[0.03075], Eval Rec Loss=[0.03082], c=[0.50000], F=[0.82639, 0.88039, 0.91181, 0.93819], F_fuse=[0.01272, 0.01053, 0.00833, 0.00602]
[ INFO : 2026-07-02 21:10:55,942 ] - Epoch 41: train==[147.51686 = 1.12759 + 1.72588 + 34.32251 + 0.00909 + 0.00000 + 0.00104 + 1225.89705]
[ INFO : 2026-07-02 21:11:04,460 ] - Test_@[5, 10, 20, 50]: Recall=[0.03074, 0.04956, 0.07968, 0.14349],  precision=[0.00650, 0.00524, 0.00421, 0.00305], hit=[0.03230, 0.05189, 0.08321, 0.14960], ndcg=[0.01980, 0.02588, 0.03350, 0.04624], Train Rec Loss=[0.03076], Eval Rec Loss=[0.03082], c=[0.50000], F=[0.83239, 0.88407, 0.91228, 0.93703], F_fuse=[0.01290, 0.01041, 0.00838, 0.00607]
[ INFO : 2026-07-02 21:13:26,867 ] - Epoch 42: train==[147.04045 = 1.11545 + 1.72590 + 33.85815 + 0.00918 + 0.00000 + 0.00104 + 1225.89705]
[ INFO : 2026-07-02 21:13:35,350 ] - Test_@[5, 10, 20, 50]: Recall=[0.03040, 0.04960, 0.07999, 0.14370],  precision=[0.00643, 0.00525, 0.00422, 0.00305], hit=[0.03199, 0.05199, 0.08352, 0.14991], ndcg=[0.01982, 0.02606, 0.03375, 0.04647], Train Rec Loss=[0.03074], Eval Rec Loss=[0.03081], c=[0.50000], F=[0.83273, 0.88200, 0.91229, 0.93733], F_fuse=[0.01276, 0.01043, 0.00841, 0.00609]
[ INFO : 2026-07-02 21:15:58,341 ] - Epoch 43: train==[146.72783 = 1.10972 + 1.72590 + 33.55115 + 0.00930 + 0.00000 + 0.00103 + 1225.89705]
[ INFO : 2026-07-02 21:16:06,922 ] - Test_@[5, 10, 20, 50]: Recall=[0.03083, 0.05019, 0.08056, 0.14314],  precision=[0.00652, 0.00531, 0.00425, 0.00304], hit=[0.03245, 0.05261, 0.08408, 0.14929], ndcg=[0.01995, 0.02625, 0.03393, 0.04646], Train Rec Loss=[0.03075], Eval Rec Loss=[0.03077], c=[0.50000], F=[0.83383, 0.88576, 0.91863, 0.94127], F_fuse=[0.01294, 0.01055, 0.00846, 0.00606]
[ INFO : 2026-07-02 21:18:32,357 ] - Epoch 44: train==[146.36527 = 1.10211 + 1.72591 + 33.19611 + 0.00937 + 0.00000 + 0.00103 + 1225.89705]
[ INFO : 2026-07-02 21:18:40,753 ] - Test_@[5, 10, 20, 50]: Recall=[0.03034, 0.05052, 0.08098, 0.14329],  precision=[0.00643, 0.00534, 0.00427, 0.00304], hit=[0.03199, 0.05292, 0.08449, 0.14960], ndcg=[0.01989, 0.02645, 0.03413, 0.04660], Train Rec Loss=[0.03072], Eval Rec Loss=[0.03078], c=[0.50000], F=[0.83248, 0.88313, 0.91351, 0.93613], F_fuse=[0.01276, 0.01061, 0.00850, 0.00607]
[ INFO : 2026-07-02 21:21:02,722 ] - Epoch 45: train==[145.97086 = 1.09012 + 1.72589 + 32.81365 + 0.00943 + 0.00000 + 0.00103 + 1225.89705]
[ INFO : 2026-07-02 21:21:11,223 ] - Test_@[5, 10, 20, 50]: Recall=[0.03112, 0.05111, 0.08105, 0.14429],  precision=[0.00659, 0.00540, 0.00428, 0.00307], hit=[0.03276, 0.05354, 0.08460, 0.15063], ndcg=[0.02033, 0.02679, 0.03434, 0.04699], Train Rec Loss=[0.03072], Eval Rec Loss=[0.03076], c=[0.50000], F=[0.83624, 0.88471, 0.91633, 0.93931], F_fuse=[0.01308, 0.01073, 0.00852, 0.00611]
[ INFO : 2026-07-02 21:23:35,072 ] - Epoch 46: train==[145.69116 = 1.08383 + 1.72589 + 32.54018 + 0.00950 + 0.00000 + 0.00102 + 1225.89705]
[ INFO : 2026-07-02 21:23:43,588 ] - Test_@[5, 10, 20, 50]: Recall=[0.03127, 0.05070, 0.08104, 0.14366],  precision=[0.00661, 0.00536, 0.00428, 0.00305], hit=[0.03291, 0.05312, 0.08455, 0.14986], ndcg=[0.02043, 0.02673, 0.03439, 0.04694], Train Rec Loss=[0.03070], Eval Rec Loss=[0.03074], c=[0.50000], F=[0.83699, 0.88723, 0.91691, 0.93707], F_fuse=[0.01312, 0.01065, 0.00852, 0.00608]
[ INFO : 2026-07-02 21:26:02,220 ] - Epoch 47: train==[145.35381 = 1.07377 + 1.72588 + 32.21288 + 0.00953 + 0.00000 + 0.00101 + 1225.89705]
[ INFO : 2026-07-02 21:26:10,701 ] - Test_@[5, 10, 20, 50]: Recall=[0.03167, 0.05124, 0.08137, 0.14500],  precision=[0.00671, 0.00543, 0.00430, 0.00308], hit=[0.03332, 0.05379, 0.08491, 0.15125], ndcg=[0.02054, 0.02686, 0.03447, 0.04720], Train Rec Loss=[0.03068], Eval Rec Loss=[0.03074], c=[0.50000], F=[0.83352, 0.88359, 0.91431, 0.93519], F_fuse=[0.01331, 0.01078, 0.00855, 0.00614]
[ INFO : 2026-07-02 21:28:33,363 ] - Epoch 48: train==[145.01903 = 1.06465 + 1.72589 + 31.88712 + 0.00962 + 0.00000 + 0.00101 + 1225.89705]
[ INFO : 2026-07-02 21:28:41,864 ] - Test_@[5, 10, 20, 50]: Recall=[0.03098, 0.05132, 0.08151, 0.14584],  precision=[0.00657, 0.00544, 0.00431, 0.00309], hit=[0.03260, 0.05390, 0.08516, 0.15207], ndcg=[0.02046, 0.02706, 0.03470, 0.04756], Train Rec Loss=[0.03067], Eval Rec Loss=[0.03075], c=[0.50000], F=[0.83739, 0.89013, 0.91887, 0.93737], F_fuse=[0.01304, 0.01081, 0.00857, 0.00617]
[ INFO : 2026-07-02 21:31:09,341 ] - Epoch 49: train==[144.71892 = 1.05838 + 1.72589 + 31.59321 + 0.00970 + 0.00000 + 0.00100 + 1225.89705]
[ INFO : 2026-07-02 21:31:17,828 ] - Test_@[5, 10, 20, 50]: Recall=[0.03118, 0.05071, 0.08238, 0.14611],  precision=[0.00661, 0.00537, 0.00436, 0.00310], hit=[0.03281, 0.05323, 0.08614, 0.15243], ndcg=[0.02047, 0.02683, 0.03487, 0.04759], Train Rec Loss=[0.03067], Eval Rec Loss=[0.03072], c=[0.50000], F=[0.83683, 0.88731, 0.91700, 0.93609], F_fuse=[0.01312, 0.01067, 0.00867, 0.00619]
[ INFO : 2026-07-02 21:33:39,990 ] - Epoch 50: train==[144.35906 = 1.04845 + 1.72589 + 31.24327 + 0.00972 + 0.00000 + 0.00100 + 1225.89705]
[ INFO : 2026-07-02 21:33:48,559 ] - Test_@[5, 10, 20, 50]: Recall=[0.03099, 0.05155, 0.08312, 0.14677],  precision=[0.00658, 0.00545, 0.00439, 0.00312], hit=[0.03266, 0.05405, 0.08681, 0.15310], ndcg=[0.02049, 0.02715, 0.03513, 0.04784], Train Rec Loss=[0.03067], Eval Rec Loss=[0.03071], c=[0.50000], F=[0.84106, 0.89006, 0.91902, 0.93767], F_fuse=[0.01306, 0.01084, 0.00874, 0.00621]
[ INFO : 2026-07-02 21:36:17,081 ] - Epoch 51: train==[144.09867 = 1.04301 + 1.72588 + 30.98824 + 0.00982 + 0.00000 + 0.00099 + 1225.89705]
[ INFO : 2026-07-02 21:36:25,604 ] - Test_@[5, 10, 20, 50]: Recall=[0.03077, 0.05197, 0.08325, 0.14699],  precision=[0.00653, 0.00550, 0.00440, 0.00312], hit=[0.03240, 0.05451, 0.08696, 0.15320], ndcg=[0.02035, 0.02724, 0.03516, 0.04786], Train Rec Loss=[0.03065], Eval Rec Loss=[0.03069], c=[0.50000], F=[0.84277, 0.89106, 0.91943, 0.93810], F_fuse=[0.01296, 0.01093, 0.00876, 0.00622]
[ INFO : 2026-07-02 21:38:47,353 ] - Epoch 52: train==[143.85981 = 1.03157 + 1.72589 + 30.76076 + 0.00987 + 0.00000 + 0.00099 + 1225.89705]
[ INFO : 2026-07-02 21:38:55,843 ] - Test_@[5, 10, 20, 50]: Recall=[0.03126, 0.05192, 0.08365, 0.14719],  precision=[0.00663, 0.00550, 0.00443, 0.00312], hit=[0.03291, 0.05451, 0.08743, 0.15341], ndcg=[0.02065, 0.02733, 0.03538, 0.04804], Train Rec Loss=[0.03062], Eval Rec Loss=[0.03070], c=[0.50000], F=[0.84379, 0.89168, 0.91939, 0.93659], F_fuse=[0.01316, 0.01093, 0.00881, 0.00623]
[ INFO : 2026-07-02 21:41:18,587 ] - Epoch 53: train==[143.53538 = 1.02775 + 1.72588 + 30.44008 + 0.00993 + 0.00000 + 0.00099 + 1225.89705]
[ INFO : 2026-07-02 21:41:27,194 ] - Test_@[5, 10, 20, 50]: Recall=[0.03126, 0.05221, 0.08378, 0.14801],  precision=[0.00663, 0.00553, 0.00443, 0.00314], hit=[0.03291, 0.05487, 0.08753, 0.15418], ndcg=[0.02054, 0.02733, 0.03533, 0.04812], Train Rec Loss=[0.03064], Eval Rec Loss=[0.03067], c=[0.50000], F=[0.84487, 0.89049, 0.91908, 0.93843], F_fuse=[0.01316, 0.01099, 0.00882, 0.00626]
[ INFO : 2026-07-02 21:43:49,244 ] - Epoch 54: train==[143.18818 = 1.02006 + 1.72589 + 30.10050 + 0.01001 + 0.00000 + 0.00098 + 1225.89705]
[ INFO : 2026-07-02 21:43:57,746 ] - Test_@[5, 10, 20, 50]: Recall=[0.03167, 0.05242, 0.08360, 0.14792],  precision=[0.00672, 0.00555, 0.00442, 0.00314], hit=[0.03332, 0.05508, 0.08737, 0.15428], ndcg=[0.02083, 0.02755, 0.03545, 0.04829], Train Rec Loss=[0.03062], Eval Rec Loss=[0.03068], c=[0.50000], F=[0.84601, 0.89216, 0.92011, 0.93703], F_fuse=[0.01333, 0.01103, 0.00880, 0.00626]
[ INFO : 2026-07-02 21:46:16,225 ] - Epoch 55: train==[143.01857 = 1.01257 + 1.72588 + 29.93840 + 0.01001 + 0.00000 + 0.00098 + 1225.89705]
[ INFO : 2026-07-02 21:46:24,716 ] - Test_@[5, 10, 20, 50]: Recall=[0.03205, 0.05252, 0.08393, 0.14858],  precision=[0.00679, 0.00555, 0.00444, 0.00315], hit=[0.03368, 0.05508, 0.08768, 0.15495], ndcg=[0.02104, 0.02766, 0.03563, 0.04853], Train Rec Loss=[0.03059], Eval Rec Loss=[0.03065], c=[0.50000], F=[0.84722, 0.89319, 0.92092, 0.93777], F_fuse=[0.01347, 0.01103, 0.00883, 0.00629]
[ INFO : 2026-07-02 21:48:47,185 ] - Epoch 56: train==[142.68565 = 1.00181 + 1.72589 + 29.61614 + 0.01010 + 0.00000 + 0.00097 + 1225.89705]
[ INFO : 2026-07-02 21:48:55,688 ] - Test_@[5, 10, 20, 50]: Recall=[0.03169, 0.05237, 0.08352, 0.14885],  precision=[0.00672, 0.00554, 0.00442, 0.00316], hit=[0.03332, 0.05503, 0.08732, 0.15516], ndcg=[0.02094, 0.02764, 0.03556, 0.04860], Train Rec Loss=[0.03061], Eval Rec Loss=[0.03065], c=[0.50000], F=[0.84366, 0.88998, 0.91841, 0.93599], F_fuse=[0.01333, 0.01102, 0.00879, 0.00630]
[ INFO : 2026-07-02 21:51:14,489 ] - Epoch 57: train==[142.58466 = 0.99941 + 1.72588 + 29.51749 + 0.01017 + 0.00000 + 0.00096 + 1225.89705]
[ INFO : 2026-07-02 21:51:22,947 ] - Test_@[5, 10, 20, 50]: Recall=[0.03175, 0.05273, 0.08398, 0.14910],  precision=[0.00673, 0.00557, 0.00444, 0.00316], hit=[0.03338, 0.05534, 0.08779, 0.15552], ndcg=[0.02089, 0.02770, 0.03564, 0.04864], Train Rec Loss=[0.03061], Eval Rec Loss=[0.03064], c=[0.50000], F=[0.84659, 0.89346, 0.92011, 0.93552], F_fuse=[0.01335, 0.01108, 0.00884, 0.00631]
[ INFO : 2026-07-02 21:53:47,216 ] - Epoch 58: train==[142.18712 = 0.98725 + 1.72589 + 29.13205 + 0.01023 + 0.00000 + 0.00096 + 1225.89705]
[ INFO : 2026-07-02 21:53:55,710 ] - Test_@[5, 10, 20, 50]: Recall=[0.03218, 0.05242, 0.08448, 0.14920],  precision=[0.00681, 0.00554, 0.00447, 0.00317], hit=[0.03379, 0.05503, 0.08835, 0.15562], ndcg=[0.02101, 0.02756, 0.03571, 0.04862], Train Rec Loss=[0.03058], Eval Rec Loss=[0.03065], c=[0.50000], F=[0.84572, 0.89110, 0.91816, 0.93510], F_fuse=[0.01351, 0.01102, 0.00890, 0.00631]
[ INFO : 2026-07-02 21:56:18,049 ] - Epoch 59: train==[142.06257 = 0.98408 + 1.72589 + 29.01063 + 0.01028 + 0.00000 + 0.00096 + 1225.89705]
[ INFO : 2026-07-02 21:56:26,568 ] - Test_@[5, 10, 20, 50]: Recall=[0.03229, 0.05274, 0.08466, 0.14935],  precision=[0.00683, 0.00557, 0.00448, 0.00317], hit=[0.03389, 0.05528, 0.08856, 0.15577], ndcg=[0.02114, 0.02777, 0.03590, 0.04882], Train Rec Loss=[0.03057], Eval Rec Loss=[0.03063], c=[0.50000], F=[0.84577, 0.89042, 0.91851, 0.93589], F_fuse=[0.01355, 0.01107, 0.00892, 0.00631]
[ INFO : 2026-07-02 21:58:48,702 ] - Epoch 60: train==[141.74059 = 0.97407 + 1.72589 + 28.69859 + 0.01035 + 0.00000 + 0.00095 + 1225.89705]
[ INFO : 2026-07-02 21:58:57,203 ] - Test_@[5, 10, 20, 50]: Recall=[0.03205, 0.05253, 0.08442, 0.15040],  precision=[0.00679, 0.00555, 0.00446, 0.00319], hit=[0.03368, 0.05508, 0.08809, 0.15680], ndcg=[0.02105, 0.02770, 0.03581, 0.04900], Train Rec Loss=[0.03058], Eval Rec Loss=[0.03063], c=[0.50000], F=[0.84564, 0.89247, 0.91908, 0.93550], F_fuse=[0.01347, 0.01103, 0.00887, 0.00636]
[ INFO : 2026-07-02 22:01:21,935 ] - Epoch 61: train==[141.51114 = 0.96980 + 1.72589 + 28.47336 + 0.01040 + 0.00000 + 0.00095 + 1225.89705]
[ INFO : 2026-07-02 22:01:30,393 ] - Test_@[5, 10, 20, 50]: Recall=[0.03229, 0.05390, 0.08471, 0.14983],  precision=[0.00683, 0.00568, 0.00448, 0.00318], hit=[0.03389, 0.05636, 0.08856, 0.15624], ndcg=[0.02111, 0.02811, 0.03595, 0.04896], Train Rec Loss=[0.03055], Eval Rec Loss=[0.03061], c=[0.50000], F=[0.84520, 0.88955, 0.91743, 0.93415], F_fuse=[0.01355, 0.01128, 0.00892, 0.00633]
[ INFO : 2026-07-02 22:03:53,919 ] - Epoch 62: train==[141.27714 = 0.96292 + 1.72590 + 28.24615 + 0.01049 + 0.00000 + 0.00095 + 1225.89705]
[ INFO : 2026-07-02 22:04:02,418 ] - Test_@[5, 10, 20, 50]: Recall=[0.03257, 0.05333, 0.08547, 0.15069],  precision=[0.00689, 0.00562, 0.00452, 0.00320], hit=[0.03420, 0.05580, 0.08928, 0.15711], ndcg=[0.02126, 0.02796, 0.03614, 0.04914], Train Rec Loss=[0.03055], Eval Rec Loss=[0.03059], c=[0.50000], F=[0.84486, 0.88795, 0.91671, 0.93376], F_fuse=[0.01367, 0.01117, 0.00899, 0.00637]
[ INFO : 2026-07-02 22:06:24,521 ] - Epoch 63: train==[141.13862 = 0.95784 + 1.72590 + 28.11267 + 0.01053 + 0.00000 + 0.00094 + 1225.89705]
[ INFO : 2026-07-02 22:06:33,131 ] - Test_@[5, 10, 20, 50]: Recall=[0.03216, 0.05296, 0.08548, 0.15063],  precision=[0.00682, 0.00559, 0.00452, 0.00320], hit=[0.03384, 0.05549, 0.08933, 0.15711], ndcg=[0.02119, 0.02793, 0.03623, 0.04924], Train Rec Loss=[0.03054], Eval Rec Loss=[0.03058], c=[0.50000], F=[0.84406, 0.88914, 0.91811, 0.93548], F_fuse=[0.01353, 0.01111, 0.00900, 0.00637]
[ INFO : 2026-07-02 22:08:56,860 ] - Epoch 64: train==[140.85096 = 0.94624 + 1.72592 + 27.83651 + 0.01062 + 0.00000 + 0.00093 + 1225.89705]
[ INFO : 2026-07-02 22:09:05,345 ] - Test_@[5, 10, 20, 50]: Recall=[0.03259, 0.05359, 0.08502, 0.15090],  precision=[0.00691, 0.00566, 0.00450, 0.00320], hit=[0.03430, 0.05611, 0.08881, 0.15747], ndcg=[0.02131, 0.02810, 0.03612, 0.04929], Train Rec Loss=[0.03053], Eval Rec Loss=[0.03058], c=[0.50000], F=[0.84654, 0.89030, 0.91768, 0.93418], F_fuse=[0.01371, 0.01124, 0.00895, 0.00638]
[ INFO : 2026-07-02 22:11:23,883 ] - Epoch 65: train==[140.90212 = 0.94547 + 1.72590 + 27.88844 + 0.01064 + 0.00000 + 0.00093 + 1225.89705]
[ INFO : 2026-07-02 22:11:32,353 ] - Test_@[5, 10, 20, 50]: Recall=[0.03270, 0.05406, 0.08505, 0.15063],  precision=[0.00693, 0.00570, 0.00449, 0.00319], hit=[0.03440, 0.05657, 0.08887, 0.15711], ndcg=[0.02132, 0.02823, 0.03613, 0.04924], Train Rec Loss=[0.03053], Eval Rec Loss=[0.03060], c=[0.50000], F=[0.84456, 0.88775, 0.91661, 0.93499], F_fuse=[0.01375, 0.01133, 0.00894, 0.00637]
[ INFO : 2026-07-02 22:13:53,233 ] - Epoch 66: train==[140.47610 = 0.93624 + 1.72591 + 27.47156 + 0.01073 + 0.00000 + 0.00093 + 1225.89705]
[ INFO : 2026-07-02 22:14:01,755 ] - Test_@[5, 10, 20, 50]: Recall=[0.03275, 0.05391, 0.08561, 0.15122],  precision=[0.00693, 0.00569, 0.00452, 0.00321], hit=[0.03440, 0.05642, 0.08928, 0.15778], ndcg=[0.02142, 0.02827, 0.03636, 0.04947], Train Rec Loss=[0.03051], Eval Rec Loss=[0.03059], c=[0.50000], F=[0.84712, 0.89099, 0.91913, 0.93595], F_fuse=[0.01375, 0.01130, 0.00899, 0.00639]
[ INFO : 2026-07-02 22:16:23,679 ] - Epoch 67: train==[140.22977 = 0.93093 + 1.72590 + 27.23048 + 0.01079 + 0.00000 + 0.00092 + 1225.89705]
[ INFO : 2026-07-02 22:16:32,201 ] - Test_@[5, 10, 20, 50]: Recall=[0.03253, 0.05409, 0.08585, 0.15175],  precision=[0.00689, 0.00570, 0.00453, 0.00322], hit=[0.03425, 0.05657, 0.08953, 0.15834], ndcg=[0.02123, 0.02823, 0.03633, 0.04949], Train Rec Loss=[0.03050], Eval Rec Loss=[0.03058], c=[0.50000], F=[0.84655, 0.88957, 0.91840, 0.93496], F_fuse=[0.01367, 0.01133, 0.00902, 0.00641]
[ INFO : 2026-07-02 22:18:58,236 ] - Epoch 68: train==[140.08331 = 0.92407 + 1.72589 + 27.09086 + 0.01084 + 0.00000 + 0.00092 + 1225.89705]
[ INFO : 2026-07-02 22:19:06,728 ] - Test_@[5, 10, 20, 50]: Recall=[0.03282, 0.05496, 0.08560, 0.15078],  precision=[0.00695, 0.00580, 0.00452, 0.00320], hit=[0.03451, 0.05760, 0.08938, 0.15721], ndcg=[0.02143, 0.02857, 0.03636, 0.04937], Train Rec Loss=[0.03050], Eval Rec Loss=[0.03057], c=[0.50000], F=[0.84670, 0.88816, 0.91632, 0.93470], F_fuse=[0.01379, 0.01153, 0.00900, 0.00637]
[ INFO : 2026-07-02 22:21:24,891 ] - Epoch 69: train==[139.76399 = 0.91619 + 1.72589 + 26.77935 + 0.01091 + 0.00000 + 0.00092 + 1225.89705]
[ INFO : 2026-07-02 22:21:33,346 ] - Test_@[5, 10, 20, 50]: Recall=[0.03297, 0.05501, 0.08605, 0.15178],  precision=[0.00699, 0.00580, 0.00454, 0.00322], hit=[0.03471, 0.05760, 0.08979, 0.15850], ndcg=[0.02146, 0.02859, 0.03650, 0.04963], Train Rec Loss=[0.03050], Eval Rec Loss=[0.03058], c=[0.50000], F=[0.84758, 0.88961, 0.91793, 0.93441], F_fuse=[0.01387, 0.01152, 0.00904, 0.00641]
[ INFO : 2026-07-02 22:23:55,374 ] - Epoch 70: train==[139.67403 = 0.91705 + 1.72589 + 26.68848 + 0.01097 + 0.00000 + 0.00091 + 1225.89705]
[ INFO : 2026-07-02 22:24:03,926 ] - Test_@[5, 10, 20, 50]: Recall=[0.03325, 0.05574, 0.08650, 0.15071],  precision=[0.00705, 0.00588, 0.00456, 0.00320], hit=[0.03497, 0.05847, 0.09025, 0.15726], ndcg=[0.02169, 0.02893, 0.03673, 0.04954], Train Rec Loss=[0.03049], Eval Rec Loss=[0.03055], c=[0.50000], F=[0.84745, 0.88903, 0.91677, 0.93530], F_fuse=[0.01397, 0.01169, 0.00908, 0.00637]
[ INFO : 2026-07-02 22:26:31,921 ] - Epoch 71: train==[139.53170 = 0.90685 + 1.72589 + 26.55630 + 0.01101 + 0.00000 + 0.00090 + 1225.89705]
[ INFO : 2026-07-02 22:26:40,432 ] - Test_@[5, 10, 20, 50]: Recall=[0.03369, 0.05573, 0.08641, 0.15107],  precision=[0.00713, 0.00588, 0.00456, 0.00320], hit=[0.03538, 0.05842, 0.09015, 0.15773], ndcg=[0.02189, 0.02899, 0.03679, 0.04970], Train Rec Loss=[0.03048], Eval Rec Loss=[0.03056], c=[0.50000], F=[0.84838, 0.89014, 0.91838, 0.93688], F_fuse=[0.01414, 0.01168, 0.00907, 0.00639]
[ INFO : 2026-07-02 22:28:58,832 ] - Epoch 72: train==[139.32003 = 0.90120 + 1.72589 + 26.35021 + 0.01108 + 0.00000 + 0.00090 + 1225.89705]
[ INFO : 2026-07-02 22:29:07,326 ] - Test_@[5, 10, 20, 50]: Recall=[0.03393, 0.05533, 0.08661, 0.15081],  precision=[0.00717, 0.00584, 0.00457, 0.00320], hit=[0.03564, 0.05806, 0.09036, 0.15742], ndcg=[0.02200, 0.02892, 0.03685, 0.04965], Train Rec Loss=[0.03047], Eval Rec Loss=[0.03055], c=[0.50000], F=[0.84925, 0.89004, 0.91684, 0.93414], F_fuse=[0.01422, 0.01161, 0.00909, 0.00637]
[ INFO : 2026-07-02 22:31:29,228 ] - Epoch 73: train==[139.27823 = 0.90035 + 1.72590 + 26.30921 + 0.01115 + 0.00000 + 0.00089 + 1225.89705]
[ INFO : 2026-07-02 22:31:37,804 ] - Test_@[5, 10, 20, 50]: Recall=[0.03367, 0.05567, 0.08634, 0.15053],  precision=[0.00712, 0.00588, 0.00455, 0.00319], hit=[0.03533, 0.05837, 0.09010, 0.15706], ndcg=[0.02194, 0.02906, 0.03682, 0.04964], Train Rec Loss=[0.03047], Eval Rec Loss=[0.03051], c=[0.50000], F=[0.84843, 0.88907, 0.91807, 0.93634], F_fuse=[0.01412, 0.01168, 0.00906, 0.00636]
[ INFO : 2026-07-02 22:33:58,024 ] - Epoch 74: train==[139.15313 = 0.88738 + 1.72590 + 26.19699 + 0.01123 + 0.00000 + 0.00089 + 1225.89705]
[ INFO : 2026-07-02 22:34:06,543 ] - Test_@[5, 10, 20, 50]: Recall=[0.03397, 0.05590, 0.08659, 0.15163],  precision=[0.00718, 0.00589, 0.00457, 0.00321], hit=[0.03564, 0.05858, 0.09036, 0.15824], ndcg=[0.02200, 0.02906, 0.03685, 0.04984], Train Rec Loss=[0.03046], Eval Rec Loss=[0.03051], c=[0.50000], F=[0.84576, 0.88772, 0.91536, 0.93492], F_fuse=[0.01424, 0.01171, 0.00909, 0.00641]
[ INFO : 2026-07-02 22:36:25,030 ] - Epoch 75: train==[138.91934 = 0.88596 + 1.72590 + 25.96453 + 0.01132 + 0.00000 + 0.00089 + 1225.89705]
[ INFO : 2026-07-02 22:36:33,556 ] - Test_@[5, 10, 20, 50]: Recall=[0.03403, 0.05570, 0.08718, 0.15062],  precision=[0.00718, 0.00588, 0.00460, 0.00320], hit=[0.03569, 0.05837, 0.09092, 0.15726], ndcg=[0.02201, 0.02903, 0.03701, 0.04968], Train Rec Loss=[0.03044], Eval Rec Loss=[0.03050], c=[0.50000], F=[0.84892, 0.89085, 0.91831, 0.93647], F_fuse=[0.01424, 0.01169, 0.00915, 0.00637]
[ INFO : 2026-07-02 22:38:55,480 ] - Epoch 76: train==[138.80322 = 0.88232 + 1.72589 + 25.85205 + 0.01133 + 0.00000 + 0.00089 + 1225.89705]
[ INFO : 2026-07-02 22:39:03,940 ] - Test_@[5, 10, 20, 50]: Recall=[0.03424, 0.05562, 0.08619, 0.15075],  precision=[0.00722, 0.00587, 0.00454, 0.00319], hit=[0.03590, 0.05832, 0.08989, 0.15721], ndcg=[0.02210, 0.02900, 0.03676, 0.04965], Train Rec Loss=[0.03044], Eval Rec Loss=[0.03048], c=[0.50000], F=[0.84769, 0.88880, 0.91719, 0.93576], F_fuse=[0.01432, 0.01166, 0.00904, 0.00637]
[ INFO : 2026-07-02 22:41:22,015 ] - Epoch 77: train==[138.55907 = 0.87336 + 1.72589 + 25.61681 + 0.01140 + 0.00000 + 0.00088 + 1225.89705]
[ INFO : 2026-07-02 22:41:30,555 ] - Test_@[5, 10, 20, 50]: Recall=[0.03470, 0.05540, 0.08707, 0.15114],  precision=[0.00732, 0.00584, 0.00458, 0.00320], hit=[0.03641, 0.05801, 0.09072, 0.15778], ndcg=[0.02238, 0.02907, 0.03712, 0.04993], Train Rec Loss=[0.03043], Eval Rec Loss=[0.03047], c=[0.50000], F=[0.85027, 0.89005, 0.91679, 0.93452], F_fuse=[0.01452, 0.01161, 0.00912, 0.00639]
[ INFO : 2026-07-02 22:43:49,568 ] - Epoch 78: train==[138.40145 = 0.86875 + 1.72589 + 25.46372 + 0.01147 + 0.00000 + 0.00088 + 1225.89705]
[ INFO : 2026-07-02 22:43:58,089 ] - Test_@[5, 10, 20, 50]: Recall=[0.03427, 0.05541, 0.08695, 0.15121],  precision=[0.00723, 0.00585, 0.00458, 0.00321], hit=[0.03595, 0.05806, 0.09061, 0.15778], ndcg=[0.02217, 0.02903, 0.03704, 0.04987], Train Rec Loss=[0.03042], Eval Rec Loss=[0.03048], c=[0.50000], F=[0.84882, 0.88906, 0.91759, 0.93626], F_fuse=[0.01434, 0.01162, 0.00911, 0.00639]
[ INFO : 2026-07-02 22:46:16,577 ] - Epoch 79: train==[138.23340 = 0.86371 + 1.72589 + 25.30066 + 0.01152 + 0.00000 + 0.00088 + 1225.89705]
[ INFO : 2026-07-02 22:46:25,073 ] - Test_@[5, 10, 20, 50]: Recall=[0.03450, 0.05562, 0.08714, 0.15210],  precision=[0.00728, 0.00587, 0.00459, 0.00322], hit=[0.03620, 0.05837, 0.09082, 0.15855], ndcg=[0.02225, 0.02911, 0.03710, 0.05007], Train Rec Loss=[0.03043], Eval Rec Loss=[0.03048], c=[0.50000], F=[0.84751, 0.88700, 0.91548, 0.93374], F_fuse=[0.01444, 0.01167, 0.00913, 0.00642]
[ INFO : 2026-07-02 22:48:43,355 ] - Epoch 80: train==[138.09204 = 0.85824 + 1.72589 + 25.16472 + 0.01159 + 0.00000 + 0.00087 + 1225.89705]
[ INFO : 2026-07-02 22:48:51,851 ] - Test_@[5, 10, 20, 50]: Recall=[0.03408, 0.05611, 0.08722, 0.15107],  precision=[0.00720, 0.00592, 0.00460, 0.00320], hit=[0.03579, 0.05878, 0.09097, 0.15762], ndcg=[0.02213, 0.02929, 0.03716, 0.04992], Train Rec Loss=[0.03041], Eval Rec Loss=[0.03047], c=[0.50000], F=[0.84819, 0.88835, 0.91645, 0.93584], F_fuse=[0.01428, 0.01177, 0.00914, 0.00639]
[ INFO : 2026-07-02 22:51:13,896 ] - Epoch 81: train==[138.06022 = 0.85433 + 1.72589 + 25.13674 + 0.01166 + 0.00000 + 0.00087 + 1225.89705]
[ INFO : 2026-07-02 22:51:22,374 ] - Test_@[5, 10, 20, 50]: Recall=[0.03451, 0.05582, 0.08745, 0.15167],  precision=[0.00729, 0.00589, 0.00461, 0.00322], hit=[0.03626, 0.05847, 0.09133, 0.15819], ndcg=[0.02237, 0.02928, 0.03730, 0.05010], Train Rec Loss=[0.03043], Eval Rec Loss=[0.03047], c=[0.50000], F=[0.85099, 0.89026, 0.91649, 0.93512], F_fuse=[0.01446, 0.01170, 0.00917, 0.00641]
[ INFO : 2026-07-02 22:53:46,233 ] - Epoch 82: train==[138.02496 = 0.84967 + 1.72589 + 25.10615 + 0.01165 + 0.00000 + 0.00086 + 1225.89705]
[ INFO : 2026-07-02 22:53:54,783 ] - Test_@[5, 10, 20, 50]: Recall=[0.03497, 0.05604, 0.08739, 0.15158],  precision=[0.00738, 0.00591, 0.00461, 0.00321], hit=[0.03672, 0.05868, 0.09118, 0.15809], ndcg=[0.02261, 0.02943, 0.03737, 0.05018], Train Rec Loss=[0.03041], Eval Rec Loss=[0.03045], c=[0.50000], F=[0.85179, 0.89026, 0.91801, 0.93680], F_fuse=[0.01464, 0.01174, 0.00916, 0.00640]
[ INFO : 2026-07-02 22:56:13,733 ] - Epoch 83: train==[137.70912 = 0.84198 + 1.72589 + 24.79784 + 0.01181 + 0.00000 + 0.00086 + 1225.89705]
[ INFO : 2026-07-02 22:56:22,215 ] - Test_@[5, 10, 20, 50]: Recall=[0.03474, 0.05576, 0.08753, 0.15075],  precision=[0.00732, 0.00588, 0.00461, 0.00319], hit=[0.03641, 0.05837, 0.09139, 0.15721], ndcg=[0.02241, 0.02921, 0.03729, 0.04992], Train Rec Loss=[0.03040], Eval Rec Loss=[0.03047], c=[0.50000], F=[0.84911, 0.88880, 0.91644, 0.93558], F_fuse=[0.01452, 0.01168, 0.00917, 0.00637]
[ INFO : 2026-07-02 22:58:50,273 ] - Epoch 84: train==[137.65573 = 0.84049 + 1.72589 + 24.74595 + 0.01181 + 0.00000 + 0.00086 + 1225.89705]
[ INFO : 2026-07-02 22:58:58,805 ] - Test_@[5, 10, 20, 50]: Recall=[0.03511, 0.05617, 0.08765, 0.15143],  precision=[0.00741, 0.00593, 0.00462, 0.00321], hit=[0.03682, 0.05894, 0.09149, 0.15778], ndcg=[0.02264, 0.02946, 0.03744, 0.05017], Train Rec Loss=[0.03039], Eval Rec Loss=[0.03045], c=[0.50000], F=[0.84832, 0.88836, 0.91578, 0.93585], F_fuse=[0.01468, 0.01179, 0.00918, 0.00639]
[ INFO : 2026-07-02 23:01:21,085 ] - Epoch 85: train==[137.57216 = 0.83613 + 1.72589 + 24.66668 + 0.01187 + 0.00000 + 0.00086 + 1225.89705]
[ INFO : 2026-07-02 23:01:29,601 ] - Test_@[5, 10, 20, 50]: Recall=[0.03517, 0.05644, 0.08741, 0.15214],  precision=[0.00743, 0.00596, 0.00461, 0.00322], hit=[0.03692, 0.05914, 0.09123, 0.15860], ndcg=[0.02265, 0.02955, 0.03741, 0.05034], Train Rec Loss=[0.03038], Eval Rec Loss=[0.03046], c=[0.50000], F=[0.84769, 0.88685, 0.91410, 0.93358], F_fuse=[0.01472, 0.01184, 0.00917, 0.00642]
[ INFO : 2026-07-02 23:03:47,930 ] - Epoch 86: train==[137.42268 = 0.82801 + 1.72589 + 24.52527 + 0.01192 + 0.00000 + 0.00085 + 1225.89705]
[ INFO : 2026-07-02 23:03:56,517 ] - Test_@[5, 10, 20, 50]: Recall=[0.03520, 0.05618, 0.08762, 0.15122],  precision=[0.00745, 0.00593, 0.00462, 0.00320], hit=[0.03703, 0.05888, 0.09149, 0.15768], ndcg=[0.02278, 0.02956, 0.03755, 0.05023], Train Rec Loss=[0.03039], Eval Rec Loss=[0.03044], c=[0.50000], F=[0.84727, 0.88746, 0.91463, 0.93537], F_fuse=[0.01476, 0.01178, 0.00918, 0.00638]
[ INFO : 2026-07-02 23:06:19,076 ] - Epoch 87: train==[137.30909 = 0.82613 + 1.72589 + 24.41348 + 0.01201 + 0.00000 + 0.00085 + 1225.89705]
[ INFO : 2026-07-02 23:06:27,511 ] - Test_@[5, 10, 20, 50]: Recall=[0.03513, 0.05640, 0.08686, 0.14998],  precision=[0.00744, 0.00594, 0.00458, 0.00318], hit=[0.03692, 0.05904, 0.09067, 0.15654], ndcg=[0.02274, 0.02961, 0.03734, 0.04994], Train Rec Loss=[0.03036], Eval Rec Loss=[0.03042], c=[0.50000], F=[0.84983, 0.88898, 0.91757, 0.93749], F_fuse=[0.01474, 0.01181, 0.00911, 0.00634]
[ INFO : 2026-07-02 23:08:47,305 ] - Epoch 88: train==[137.11093 = 0.82268 + 1.72589 + 24.21869 + 0.01209 + 0.00000 + 0.00085 + 1225.89705]
[ INFO : 2026-07-02 23:08:55,749 ] - Test_@[5, 10, 20, 50]: Recall=[0.03504, 0.05635, 0.08809, 0.15123],  precision=[0.00742, 0.00594, 0.00464, 0.00320], hit=[0.03682, 0.05899, 0.09195, 0.15778], ndcg=[0.02264, 0.02956, 0.03760, 0.05020], Train Rec Loss=[0.03036], Eval Rec Loss=[0.03042], c=[0.50000], F=[0.84787, 0.88781, 0.91472, 0.93506], F_fuse=[0.01470, 0.01180, 0.00923, 0.00639]
[ INFO : 2026-07-02 23:11:17,648 ] - Epoch 89: train==[137.04609 = 0.81670 + 1.72589 + 24.15978 + 0.01214 + 0.00000 + 0.00085 + 1225.89705]
[ INFO : 2026-07-02 23:11:26,156 ] - Test_@[5, 10, 20, 50]: Recall=[0.03530, 0.05664, 0.08785, 0.15093],  precision=[0.00746, 0.00599, 0.00462, 0.00319], hit=[0.03708, 0.05945, 0.09164, 0.15732], ndcg=[0.02283, 0.02974, 0.03765, 0.05024], Train Rec Loss=[0.03036], Eval Rec Loss=[0.03042], c=[0.50000], F=[0.84738, 0.88748, 0.91486, 0.93555], F_fuse=[0.01478, 0.01189, 0.00920, 0.00637]
[ INFO : 2026-07-02 23:13:44,725 ] - Epoch 90: train==[136.91303 = 0.81242 + 1.72590 + 24.03092 + 0.01223 + 0.00000 + 0.00084 + 1225.89705]
[ INFO : 2026-07-02 23:13:53,208 ] - Test_@[5, 10, 20, 50]: Recall=[0.03528, 0.05654, 0.08710, 0.14904],  precision=[0.00747, 0.00598, 0.00459, 0.00316], hit=[0.03708, 0.05935, 0.09092, 0.15552], ndcg=[0.02297, 0.02985, 0.03760, 0.04995], Train Rec Loss=[0.03035], Eval Rec Loss=[0.03041], c=[0.50000], F=[0.84934, 0.88819, 0.91723, 0.93799], F_fuse=[0.01480, 0.01187, 0.00913, 0.00629]
[ INFO : 2026-07-02 23:16:12,135 ] - Epoch 91: train==[136.88358 = 0.80924 + 1.72589 + 24.00464 + 0.01224 + 0.00000 + 0.00084 + 1225.89705]
[ INFO : 2026-07-02 23:16:20,634 ] - Test_@[5, 10, 20, 50]: Recall=[0.03519, 0.05708, 0.08805, 0.15076],  precision=[0.00745, 0.00602, 0.00464, 0.00319], hit=[0.03698, 0.05981, 0.09185, 0.15726], ndcg=[0.02291, 0.03000, 0.03783, 0.05034], Train Rec Loss=[0.03034], Eval Rec Loss=[0.03042], c=[0.50000], F=[0.84832, 0.88755, 0.91496, 0.93523], F_fuse=[0.01476, 0.01196, 0.00923, 0.00636]
[ INFO : 2026-07-02 23:18:39,153 ] - Epoch 92: train==[136.79222 = 0.80128 + 1.72590 + 23.92115 + 0.01232 + 0.00000 + 0.00083 + 1225.89705]
[ INFO : 2026-07-02 23:18:47,674 ] - Test_@[5, 10, 20, 50]: Recall=[0.03595, 0.05678, 0.08792, 0.15012],  precision=[0.00761, 0.00600, 0.00464, 0.00318], hit=[0.03780, 0.05960, 0.09175, 0.15649], ndcg=[0.02325, 0.03000, 0.03788, 0.05029], Train Rec Loss=[0.03034], Eval Rec Loss=[0.03040], c=[0.50000], F=[0.84853, 0.88847, 0.91633, 0.93652], F_fuse=[0.01509, 0.01192, 0.00923, 0.00633]
[ INFO : 2026-07-02 23:21:06,157 ] - Epoch 93: train==[136.70284 = 0.80021 + 1.72589 + 23.83278 + 0.01239 + 0.00000 + 0.00083 + 1225.89705]
[ INFO : 2026-07-02 23:21:14,660 ] - Test_@[5, 10, 20, 50]: Recall=[0.03620, 0.05708, 0.08797, 0.15057],  precision=[0.00765, 0.00603, 0.00463, 0.00319], hit=[0.03800, 0.05986, 0.09185, 0.15701], ndcg=[0.02323, 0.03000, 0.03781, 0.05031], Train Rec Loss=[0.03032], Eval Rec Loss=[0.03037], c=[0.50000], F=[0.84666, 0.88670, 0.91477, 0.93484], F_fuse=[0.01517, 0.01198, 0.00922, 0.00636]
[ INFO : 2026-07-02 23:23:33,354 ] - Epoch 94: train==[136.60002 = 0.79393 + 1.72589 + 23.73617 + 0.01246 + 0.00000 + 0.00083 + 1225.89705]
[ INFO : 2026-07-02 23:23:41,849 ] - Test_@[5, 10, 20, 50]: Recall=[0.03601, 0.05785, 0.08852, 0.15083],  precision=[0.00762, 0.00611, 0.00466, 0.00320], hit=[0.03790, 0.06063, 0.09226, 0.15737], ndcg=[0.02325, 0.03029, 0.03801, 0.05047], Train Rec Loss=[0.03033], Eval Rec Loss=[0.03039], c=[0.50000], F=[0.84893, 0.88617, 0.91321, 0.93303], F_fuse=[0.01511, 0.01214, 0.00927, 0.00637]
[ INFO : 2026-07-02 23:26:04,244 ] - Epoch 95: train==[136.51012 = 0.79084 + 1.72589 + 23.64928 + 0.01255 + 0.00000 + 0.00082 + 1225.89705]
[ INFO : 2026-07-02 23:26:12,731 ] - Test_@[5, 10, 20, 50]: Recall=[0.03687, 0.05676, 0.08879, 0.15078],  precision=[0.00778, 0.00600, 0.00467, 0.00319], hit=[0.03867, 0.05960, 0.09252, 0.15737], ndcg=[0.02368, 0.03012, 0.03822, 0.05061], Train Rec Loss=[0.03031], Eval Rec Loss=[0.03038], c=[0.50000], F=[0.84653, 0.88539, 0.91379, 0.93460], F_fuse=[0.01541, 0.01192, 0.00929, 0.00637]
[ INFO : 2026-07-02 23:28:34,629 ] - Epoch 96: train==[136.38869 = 0.78909 + 1.72589 + 23.52958 + 0.01256 + 0.00000 + 0.00083 + 1225.89705]
[ INFO : 2026-07-02 23:28:43,100 ] - Test_@[5, 10, 20, 50]: Recall=[0.03612, 0.05698, 0.08832, 0.14962],  precision=[0.00764, 0.00603, 0.00465, 0.00317], hit=[0.03795, 0.05986, 0.09195, 0.15624], ndcg=[0.02352, 0.03028, 0.03819, 0.05045], Train Rec Loss=[0.03030], Eval Rec Loss=[0.03037], c=[0.50000], F=[0.84952, 0.88821, 0.91558, 0.93661], F_fuse=[0.01515, 0.01198, 0.00925, 0.00632]
[ INFO : 2026-07-02 23:31:01,560 ] - Epoch 97: train==[136.28550 = 0.78117 + 1.72589 + 23.43424 + 0.01265 + 0.00000 + 0.00082 + 1225.89705]
[ INFO : 2026-07-02 23:31:10,050 ] - Test_@[5, 10, 20, 50]: Recall=[0.03657, 0.05712, 0.08856, 0.15010],  precision=[0.00774, 0.00604, 0.00466, 0.00318], hit=[0.03847, 0.05991, 0.09231, 0.15660], ndcg=[0.02370, 0.03035, 0.03829, 0.05060], Train Rec Loss=[0.03030], Eval Rec Loss=[0.03036], c=[0.50000], F=[0.84631, 0.88511, 0.91312, 0.93444], F_fuse=[0.01535, 0.01200, 0.00927, 0.00633]
[ INFO : 2026-07-02 23:33:37,780 ] - Epoch 98: train==[136.29938 = 0.77768 + 1.72589 + 23.45155 + 0.01271 + 0.00000 + 0.00082 + 1225.89705]
[ INFO : 2026-07-02 23:33:46,295 ] - Test_@[5, 10, 20, 50]: Recall=[0.03598, 0.05667, 0.08851, 0.14926],  precision=[0.00762, 0.00600, 0.00466, 0.00316], hit=[0.03785, 0.05950, 0.09231, 0.15572], ndcg=[0.02345, 0.03017, 0.03820, 0.05032], Train Rec Loss=[0.03029], Eval Rec Loss=[0.03035], c=[0.50000], F=[0.84635, 0.88403, 0.91259, 0.93405], F_fuse=[0.01511, 0.01191, 0.00927, 0.00630]
[ INFO : 2026-07-02 23:36:05,176 ] - Epoch 99: train==[136.06706 = 0.77787 + 1.72589 + 23.21895 + 0.01279 + 0.00000 + 0.00082 + 1225.89705]
[ INFO : 2026-07-02 23:36:13,671 ] - Test_@[5, 10, 20, 50]: Recall=[0.03642, 0.05687, 0.08791, 0.14994],  precision=[0.00769, 0.00602, 0.00463, 0.00318], hit=[0.03821, 0.05971, 0.09175, 0.15665], ndcg=[0.02363, 0.03026, 0.03811, 0.05052], Train Rec Loss=[0.03028], Eval Rec Loss=[0.03036], c=[0.50000], F=[0.84739, 0.88597, 0.91394, 0.93393], F_fuse=[0.01525, 0.01196, 0.00921, 0.00633]
[ INFO : 2026-07-02 23:38:33,250 ] - Epoch 100: train==[135.98326 = 0.77133 + 1.72589 + 23.14163 + 0.01286 + 0.00000 + 0.00081 + 1225.89705]
[ INFO : 2026-07-02 23:38:41,743 ] - Test_@[5, 10, 20, 50]: Recall=[0.03626, 0.05689, 0.08806, 0.14990],  precision=[0.00766, 0.00602, 0.00464, 0.00318], hit=[0.03806, 0.05966, 0.09185, 0.15654], ndcg=[0.02356, 0.03024, 0.03813, 0.05051], Train Rec Loss=[0.03027], Eval Rec Loss=[0.03033], c=[0.50000], F=[0.84661, 0.88500, 0.91291, 0.93381], F_fuse=[0.01519, 0.01195, 0.00923, 0.00633]
[ INFO : 2026-07-02 23:41:01,721 ] - Epoch 101: train==[135.91642 = 0.76470 + 1.72589 + 23.08143 + 0.01285 + 0.00000 + 0.00081 + 1225.89705]
[ INFO : 2026-07-02 23:41:10,232 ] - Test_@[5, 10, 20, 50]: Recall=[0.03589, 0.05641, 0.08755, 0.14796],  precision=[0.00760, 0.00596, 0.00461, 0.00314], hit=[0.03780, 0.05919, 0.09133, 0.15444], ndcg=[0.02350, 0.03017, 0.03805, 0.05014], Train Rec Loss=[0.03029], Eval Rec Loss=[0.03032], c=[0.50000], F=[0.84594, 0.88431, 0.91344, 0.93538], F_fuse=[0.01507, 0.01184, 0.00916, 0.00625]
[ INFO : 2026-07-02 23:43:29,325 ] - Epoch 102: train==[135.84912 = 0.76224 + 1.72589 + 23.01651 + 0.01293 + 0.00000 + 0.00081 + 1225.89705]
[ INFO : 2026-07-02 23:43:37,919 ] - Test_@[5, 10, 20, 50]: Recall=[0.03613, 0.05671, 0.08797, 0.14970],  precision=[0.00764, 0.00600, 0.00463, 0.00317], hit=[0.03795, 0.05950, 0.09185, 0.15624], ndcg=[0.02350, 0.03017, 0.03808, 0.05043], Train Rec Loss=[0.03028], Eval Rec Loss=[0.03033], c=[0.50000], F=[0.84697, 0.88455, 0.91350, 0.93500], F_fuse=[0.01515, 0.01192, 0.00922, 0.00632]
[ INFO : 2026-07-02 23:45:57,035 ] - Epoch 103: train==[135.80763 = 0.76003 + 1.72589 + 22.97715 + 0.01301 + 0.00000 + 0.00081 + 1225.89705]
[ INFO : 2026-07-02 23:46:05,534 ] - Test_@[5, 10, 20, 50]: Recall=[0.03668, 0.05662, 0.08803, 0.14964],  precision=[0.00774, 0.00599, 0.00463, 0.00317], hit=[0.03847, 0.05940, 0.09185, 0.15639], ndcg=[0.02376, 0.03025, 0.03821, 0.05056], Train Rec Loss=[0.03026], Eval Rec Loss=[0.03032], c=[0.50000], F=[0.84612, 0.88502, 0.91369, 0.93484], F_fuse=[0.01535, 0.01189, 0.00922, 0.00633]
[ INFO : 2026-07-02 23:48:24,024 ] - Epoch 104: train==[135.70834 = 0.75553 + 1.72589 + 22.88233 + 0.01305 + 0.00000 + 0.00081 + 1225.89705]
[ INFO : 2026-07-02 23:48:32,445 ] - Test_@[5, 10, 20, 50]: Recall=[0.03617, 0.05717, 0.08754, 0.14907],  precision=[0.00765, 0.00605, 0.00461, 0.00316], hit=[0.03806, 0.06002, 0.09139, 0.15567], ndcg=[0.02335, 0.03017, 0.03785, 0.05018], Train Rec Loss=[0.03026], Eval Rec Loss=[0.03031], c=[0.50000], F=[0.84562, 0.88306, 0.91138, 0.93253], F_fuse=[0.01517, 0.01201, 0.00917, 0.00630]
[ INFO : 2026-07-02 23:50:51,864 ] - Epoch 105: train==[135.65829 = 0.75268 + 1.72589 + 22.83509 + 0.01310 + 0.00000 + 0.00080 + 1225.89705]
[ INFO : 2026-07-02 23:51:00,409 ] - Test_@[5, 10, 20, 50]: Recall=[0.03656, 0.05763, 0.08857, 0.14968],  precision=[0.00773, 0.00610, 0.00466, 0.00317], hit=[0.03847, 0.06053, 0.09231, 0.15639], ndcg=[0.02378, 0.03061, 0.03841, 0.05065], Train Rec Loss=[0.03024], Eval Rec Loss=[0.03032], c=[0.50000], F=[0.84700, 0.88570, 0.91252, 0.93327], F_fuse=[0.01533, 0.01213, 0.00927, 0.00632]
[ INFO : 2026-07-02 23:53:19,719 ] - Epoch 106: train==[135.63117 = 0.74898 + 1.72589 + 22.81158 + 0.01319 + 0.00000 + 0.00080 + 1225.89705]
[ INFO : 2026-07-02 23:53:28,192 ] - Test_@[5, 10, 20, 50]: Recall=[0.03692, 0.05678, 0.08906, 0.14815],  precision=[0.00781, 0.00601, 0.00469, 0.00314], hit=[0.03883, 0.05955, 0.09293, 0.15480], ndcg=[0.02381, 0.03027, 0.03843, 0.05023], Train Rec Loss=[0.03024], Eval Rec Loss=[0.03031], c=[0.50000], F=[0.84585, 0.88599, 0.91502, 0.93559], F_fuse=[0.01547, 0.01193, 0.00933, 0.00626]
[ INFO : 2026-07-02 23:55:52,355 ] - Epoch 107: train==[135.53051 = 0.74517 + 1.72589 + 22.71467 + 0.01323 + 0.00000 + 0.00080 + 1225.89705]
[ INFO : 2026-07-02 23:56:00,840 ] - Test_@[5, 10, 20, 50]: Recall=[0.03735, 0.05714, 0.08902, 0.14855],  precision=[0.00789, 0.00604, 0.00469, 0.00315], hit=[0.03919, 0.05991, 0.09288, 0.15521], ndcg=[0.02406, 0.03049, 0.03854, 0.05048], Train Rec Loss=[0.03024], Eval Rec Loss=[0.03031], c=[0.50000], F=[0.84783, 0.88566, 0.91400, 0.93588], F_fuse=[0.01563, 0.01200, 0.00932, 0.00628]
[ INFO : 2026-07-02 23:58:19,677 ] - Epoch 108: train==[135.50248 = 0.73887 + 1.72590 + 22.69291 + 0.01328 + 0.00000 + 0.00079 + 1225.89705]
[ INFO : 2026-07-02 23:58:28,176 ] - Test_@[5, 10, 20, 50]: Recall=[0.03696, 0.05730, 0.08847, 0.14893],  precision=[0.00780, 0.00606, 0.00466, 0.00316], hit=[0.03872, 0.06017, 0.09236, 0.15546], ndcg=[0.02388, 0.03048, 0.03834, 0.05044], Train Rec Loss=[0.03024], Eval Rec Loss=[0.03029], c=[0.50000], F=[0.84730, 0.88557, 0.91310, 0.93433], F_fuse=[0.01545, 0.01204, 0.00928, 0.00629]
[ INFO : 2026-07-03 00:00:54,261 ] - Epoch 109: train==[135.32564 = 0.73811 + 1.72590 + 22.51671 + 0.01339 + 0.00000 + 0.00079 + 1225.89705]
[ INFO : 2026-07-03 00:01:02,751 ] - Test_@[5, 10, 20, 50]: Recall=[0.03603, 0.05686, 0.08835, 0.14856],  precision=[0.00761, 0.00602, 0.00465, 0.00315], hit=[0.03785, 0.05976, 0.09216, 0.15526], ndcg=[0.02346, 0.03028, 0.03824, 0.05031], Train Rec Loss=[0.03022], Eval Rec Loss=[0.03028], c=[0.50000], F=[0.84828, 0.88626, 0.91412, 0.93490], F_fuse=[0.01509, 0.01196, 0.00926, 0.00628]
[ INFO : 2026-07-03 00:03:21,349 ] - Epoch 110: train==[135.13952 = 0.73401 + 1.72589 + 22.33463 + 0.01346 + 0.00000 + 0.00079 + 1225.89705]
[ INFO : 2026-07-03 00:03:29,874 ] - Test_@[5, 10, 20, 50]: Recall=[0.03672, 0.05740, 0.08947, 0.14878],  precision=[0.00774, 0.00606, 0.00471, 0.00315], hit=[0.03852, 0.06017, 0.09334, 0.15526], ndcg=[0.02382, 0.03054, 0.03862, 0.05050], Train Rec Loss=[0.03021], Eval Rec Loss=[0.03027], c=[0.50000], F=[0.84499, 0.88273, 0.91051, 0.93199], F_fuse=[0.01535, 0.01204, 0.00937, 0.00629]
[ INFO : 2026-07-03 00:05:52,642 ] - Epoch 111: train==[135.16719 = 0.72957 + 1.72589 + 22.36668 + 0.01353 + 0.00000 + 0.00079 + 1225.89705]
[ INFO : 2026-07-03 00:06:01,192 ] - Test_@[5, 10, 20, 50]: Recall=[0.03671, 0.05698, 0.08869, 0.14831],  precision=[0.00774, 0.00603, 0.00467, 0.00314], hit=[0.03852, 0.05981, 0.09257, 0.15485], ndcg=[0.02384, 0.03045, 0.03845, 0.05041], Train Rec Loss=[0.03022], Eval Rec Loss=[0.03027], c=[0.50000], F=[0.84573, 0.88318, 0.91241, 0.93451], F_fuse=[0.01535, 0.01197, 0.00929, 0.00627]
[ INFO : 2026-07-03 00:08:25,217 ] - Epoch 112: train==[135.18771 = 0.72748 + 1.72589 + 22.38925 + 0.01356 + 0.00000 + 0.00079 + 1225.89705]
[ INFO : 2026-07-03 00:08:33,732 ] - Test_@[5, 10, 20, 50]: Recall=[0.03658, 0.05731, 0.08935, 0.14861],  precision=[0.00772, 0.00606, 0.00470, 0.00315], hit=[0.03842, 0.06012, 0.09319, 0.15510], ndcg=[0.02373, 0.03048, 0.03855, 0.05041], Train Rec Loss=[0.03022], Eval Rec Loss=[0.03027], c=[0.50000], F=[0.84522, 0.88311, 0.91075, 0.93308], F_fuse=[0.01531, 0.01203, 0.00936, 0.00628]
[ INFO : 2026-07-03 00:10:54,456 ] - Epoch 113: train==[135.11265 = 0.72584 + 1.72589 + 22.31579 + 0.01360 + 0.00000 + 0.00078 + 1225.89705]
[ INFO : 2026-07-03 00:11:02,911 ] - Test_@[5, 10, 20, 50]: Recall=[0.03664, 0.05742, 0.08879, 0.14934],  precision=[0.00774, 0.00606, 0.00467, 0.00316], hit=[0.03847, 0.06017, 0.09257, 0.15593], ndcg=[0.02372, 0.03048, 0.03840, 0.05054], Train Rec Loss=[0.03021], Eval Rec Loss=[0.03027], c=[0.50000], F=[0.84709, 0.88424, 0.91220, 0.93353], F_fuse=[0.01535, 0.01203, 0.00930, 0.00630]
[ INFO : 2026-07-03 00:13:21,901 ] - Epoch 114: train==[135.12385 = 0.71932 + 1.72590 + 22.33346 + 0.01366 + 0.00000 + 0.00078 + 1225.89705]
[ INFO : 2026-07-03 00:13:30,395 ] - Test_@[5, 10, 20, 50]: Recall=[0.03646, 0.05781, 0.08933, 0.14915],  precision=[0.00769, 0.00611, 0.00470, 0.00316], hit=[0.03826, 0.06068, 0.09308, 0.15567], ndcg=[0.02362, 0.03060, 0.03855, 0.05053], Train Rec Loss=[0.03020], Eval Rec Loss=[0.03026], c=[0.50000], F=[0.84664, 0.88464, 0.91265, 0.93558], F_fuse=[0.01525, 0.01214, 0.00935, 0.00630]
[ INFO : 2026-07-03 00:15:49,879 ] - Epoch 115: train==[135.02342 = 0.71802 + 1.72589 + 22.23427 + 0.01373 + 0.00000 + 0.00078 + 1225.89705]
[ INFO : 2026-07-03 00:15:58,378 ] - Test_@[5, 10, 20, 50]: Recall=[0.03704, 0.05764, 0.08939, 0.14948],  precision=[0.00782, 0.00609, 0.00471, 0.00317], hit=[0.03893, 0.06043, 0.09319, 0.15603], ndcg=[0.02388, 0.03060, 0.03861, 0.05063], Train Rec Loss=[0.03020], Eval Rec Loss=[0.03027], c=[0.50000], F=[0.84609, 0.88491, 0.91258, 0.93455], F_fuse=[0.01549, 0.01209, 0.00936, 0.00631]
[ INFO : 2026-07-03 00:18:17,204 ] - Epoch 116: train==[134.94988 = 0.71438 + 1.72589 + 22.16430 + 0.01379 + 0.00000 + 0.00077 + 1225.89705]
[ INFO : 2026-07-03 00:18:25,638 ] - Test_@[5, 10, 20, 50]: Recall=[0.03659, 0.05739, 0.08939, 0.14847],  precision=[0.00771, 0.00605, 0.00471, 0.00315], hit=[0.03847, 0.06012, 0.09329, 0.15500], ndcg=[0.02366, 0.03045, 0.03854, 0.05038], Train Rec Loss=[0.03018], Eval Rec Loss=[0.03025], c=[0.50000], F=[0.84613, 0.88322, 0.91128, 0.93419], F_fuse=[0.01529, 0.01201, 0.00937, 0.00627]
[ INFO : 2026-07-03 00:20:45,003 ] - Epoch 117: train==[134.86406 = 0.71006 + 1.72589 + 22.08279 + 0.01381 + 0.00000 + 0.00077 + 1225.89705]
[ INFO : 2026-07-03 00:20:53,603 ] - Test_@[5, 10, 20, 50]: Recall=[0.03610, 0.05689, 0.08889, 0.14558],  precision=[0.00762, 0.00600, 0.00468, 0.00308], hit=[0.03795, 0.05955, 0.09283, 0.15207], ndcg=[0.02355, 0.03028, 0.03836, 0.04969], Train Rec Loss=[0.03019], Eval Rec Loss=[0.03026], c=[0.50000], F=[0.84657, 0.88512, 0.91395, 0.93710], F_fuse=[0.01511, 0.01192, 0.00932, 0.00615]
[ INFO : 2026-07-03 00:23:13,052 ] - Epoch 118: train==[134.72581 = 0.71097 + 1.72589 + 21.94358 + 0.01386 + 0.00000 + 0.00077 + 1225.89705]
[ INFO : 2026-07-03 00:23:21,536 ] - Test_@[5, 10, 20, 50]: Recall=[0.03615, 0.05732, 0.08906, 0.14717],  precision=[0.00761, 0.00605, 0.00469, 0.00312], hit=[0.03790, 0.06012, 0.09293, 0.15372], ndcg=[0.02373, 0.03062, 0.03864, 0.05027], Train Rec Loss=[0.03019], Eval Rec Loss=[0.03024], c=[0.50000], F=[0.84756, 0.88576, 0.91393, 0.93672], F_fuse=[0.01509, 0.01201, 0.00934, 0.00622]
[ INFO : 2026-07-03 00:25:41,464 ] - Epoch 119: train==[134.74832 = 0.70218 + 1.72589 + 21.97482 + 0.01391 + 0.00000 + 0.00077 + 1225.89705]
[ INFO : 2026-07-03 00:25:49,962 ] - Test_@[5, 10, 20, 50]: Recall=[0.03580, 0.05688, 0.08924, 0.14719],  precision=[0.00755, 0.00601, 0.00470, 0.00312], hit=[0.03754, 0.05971, 0.09298, 0.15366], ndcg=[0.02349, 0.03038, 0.03854, 0.05014], Train Rec Loss=[0.03018], Eval Rec Loss=[0.03024], c=[0.50000], F=[0.84559, 0.88268, 0.91175, 0.93442], F_fuse=[0.01497, 0.01193, 0.00934, 0.00622]
[ INFO : 2026-07-03 00:28:09,906 ] - Epoch 120: train==[134.81752 = 0.70153 + 1.72590 + 22.04457 + 0.01401 + 0.00000 + 0.00077 + 1225.89705]
[ INFO : 2026-07-03 00:28:18,477 ] - Test_@[5, 10, 20, 50]: Recall=[0.03635, 0.05652, 0.08826, 0.14790],  precision=[0.00766, 0.00597, 0.00465, 0.00313], hit=[0.03816, 0.05935, 0.09205, 0.15444], ndcg=[0.02365, 0.03022, 0.03825, 0.05018], Train Rec Loss=[0.03018], Eval Rec Loss=[0.03024], c=[0.50000], F=[0.84577, 0.88395, 0.91295, 0.93569], F_fuse=[0.01519, 0.01186, 0.00926, 0.00625]
[ INFO : 2026-07-03 00:30:37,318 ] - Epoch 121: train==[134.62019 = 0.70073 + 1.72589 + 21.84798 + 0.01408 + 0.00000 + 0.00077 + 1225.89705]
[ INFO : 2026-07-03 00:30:45,827 ] - Test_@[5, 10, 20, 50]: Recall=[0.03589, 0.05729, 0.08993, 0.14738],  precision=[0.00757, 0.00604, 0.00473, 0.00312], hit=[0.03770, 0.06007, 0.09380, 0.15377], ndcg=[0.02349, 0.03047, 0.03868, 0.05015], Train Rec Loss=[0.03016], Eval Rec Loss=[0.03023], c=[0.50000], F=[0.84513, 0.88246, 0.91131, 0.93360], F_fuse=[0.01501, 0.01200, 0.00942, 0.00622]
[ INFO : 2026-07-03 00:33:09,077 ] - Epoch 122: train==[134.41242 = 0.69402 + 1.72589 + 21.64679 + 0.01421 + 0.00000 + 0.00076 + 1225.89705]
[ INFO : 2026-07-03 00:33:17,568 ] - Test_@[5, 10, 20, 50]: Recall=[0.03574, 0.05768, 0.08938, 0.14742],  precision=[0.00752, 0.00608, 0.00471, 0.00313], hit=[0.03744, 0.06048, 0.09329, 0.15402], ndcg=[0.02344, 0.03061, 0.03859, 0.05021], Train Rec Loss=[0.03017], Eval Rec Loss=[0.03023], c=[0.50000], F=[0.84682, 0.88393, 0.91207, 0.93445], F_fuse=[0.01490, 0.01208, 0.00936, 0.00623]
[ INFO : 2026-07-03 00:35:36,858 ] - Epoch 123: train==[134.57921 = 0.69263 + 1.72589 + 21.81497 + 0.01422 + 0.00000 + 0.00076 + 1225.89705]
[ INFO : 2026-07-03 00:35:45,692 ] - Test_@[5, 10, 20, 50]: Recall=[0.03616, 0.05779, 0.08959, 0.14883],  precision=[0.00764, 0.00610, 0.00472, 0.00315], hit=[0.03811, 0.06068, 0.09339, 0.15536], ndcg=[0.02363, 0.03068, 0.03869, 0.05054], Train Rec Loss=[0.03015], Eval Rec Loss=[0.03022], c=[0.50000], F=[0.84477, 0.88260, 0.91068, 0.93394], F_fuse=[0.01515, 0.01212, 0.00939, 0.00629]
[ INFO : 2026-07-03 00:38:04,919 ] - Epoch 124: train==[134.57263 = 0.69080 + 1.72589 + 21.81017 + 0.01427 + 0.00000 + 0.00076 + 1225.89705]
[ INFO : 2026-07-03 00:38:13,446 ] - Test_@[5, 10, 20, 50]: Recall=[0.03599, 0.05696, 0.08899, 0.14653],  precision=[0.00759, 0.00602, 0.00469, 0.00311], hit=[0.03780, 0.05981, 0.09283, 0.15300], ndcg=[0.02350, 0.03037, 0.03845, 0.04997], Train Rec Loss=[0.03014], Eval Rec Loss=[0.03019], c=[0.50000], F=[0.84474, 0.88340, 0.91198, 0.93503], F_fuse=[0.01505, 0.01195, 0.00933, 0.00619]
[ INFO : 2026-07-03 00:40:33,241 ] - Epoch 125: train==[134.48463 = 0.68539 + 1.72589 + 21.72753 + 0.01432 + 0.00000 + 0.00076 + 1225.89705]
[ INFO : 2026-07-03 00:40:41,706 ] - Test_@[5, 10, 20, 50]: Recall=[0.03605, 0.05710, 0.08854, 0.14755],  precision=[0.00760, 0.00603, 0.00466, 0.00312], hit=[0.03785, 0.05991, 0.09247, 0.15397], ndcg=[0.02353, 0.03039, 0.03833, 0.05015], Train Rec Loss=[0.03016], Eval Rec Loss=[0.03020], c=[0.50000], F=[0.84409, 0.88246, 0.91172, 0.93454], F_fuse=[0.01507, 0.01197, 0.00928, 0.00623]
[ INFO : 2026-07-03 00:43:00,852 ] - Epoch 126: train==[134.46195 = 0.68443 + 1.72590 + 21.70573 + 0.01439 + 0.00000 + 0.00076 + 1225.89705]
[ INFO : 2026-07-03 00:43:09,389 ] - Test_@[5, 10, 20, 50]: Recall=[0.03612, 0.05779, 0.08980, 0.14797],  precision=[0.00762, 0.00609, 0.00473, 0.00314], hit=[0.03800, 0.06058, 0.09370, 0.15449], ndcg=[0.02359, 0.03069, 0.03874, 0.05040], Train Rec Loss=[0.03015], Eval Rec Loss=[0.03021], c=[0.50000], F=[0.84459, 0.88289, 0.91066, 0.93369], F_fuse=[0.01511, 0.01210, 0.00941, 0.00625]
[ INFO : 2026-07-03 00:45:40,267 ] - Epoch 127: train==[134.44451 = 0.68158 + 1.72589 + 21.69111 + 0.01443 + 0.00000 + 0.00076 + 1225.89705]
[ INFO : 2026-07-03 00:45:48,757 ] - Test_@[5, 10, 20, 50]: Recall=[0.03564, 0.05694, 0.08823, 0.14664],  precision=[0.00751, 0.00601, 0.00465, 0.00311], hit=[0.03739, 0.05971, 0.09205, 0.15300], ndcg=[0.02340, 0.03035, 0.03825, 0.04995], Train Rec Loss=[0.03012], Eval Rec Loss=[0.03021], c=[0.50000], F=[0.84466, 0.88188, 0.91106, 0.93377], F_fuse=[0.01488, 0.01193, 0.00925, 0.00620]
[ INFO : 2026-07-03 00:48:27,005 ] - Epoch 128: train==[134.37647 = 0.67657 + 1.72590 + 21.62805 + 0.01446 + 0.00000 + 0.00075 + 1225.89705]
[ INFO : 2026-07-03 00:48:35,468 ] - Test_@[5, 10, 20, 50]: Recall=[0.03580, 0.05709, 0.08878, 0.14728],  precision=[0.00753, 0.00602, 0.00468, 0.00312], hit=[0.03749, 0.05986, 0.09267, 0.15361], ndcg=[0.02344, 0.03043, 0.03843, 0.05014], Train Rec Loss=[0.03013], Eval Rec Loss=[0.03020], c=[0.50000], F=[0.84427, 0.88352, 0.91168, 0.93438], F_fuse=[0.01492, 0.01196, 0.00931, 0.00622]
[ INFO : 2026-07-03 00:50:54,385 ] - Epoch 129: train==[134.17929 = 0.67597 + 1.72589 + 21.43138 + 0.01457 + 0.00000 + 0.00075 + 1225.89705]
[ INFO : 2026-07-03 00:51:02,898 ] - Test_@[5, 10, 20, 50]: Recall=[0.03620, 0.05736, 0.08921, 0.14775],  precision=[0.00764, 0.00606, 0.00470, 0.00313], hit=[0.03806, 0.06022, 0.09303, 0.15428], ndcg=[0.02364, 0.03055, 0.03858, 0.05031], Train Rec Loss=[0.03012], Eval Rec Loss=[0.03018], c=[0.50000], F=[0.84424, 0.88224, 0.91110, 0.93415], F_fuse=[0.01515, 0.01203, 0.00934, 0.00625]
[ INFO : 2026-07-03 00:53:21,838 ] - Epoch 130: train==[134.20765 = 0.67267 + 1.72589 + 21.46298 + 0.01461 + 0.00000 + 0.00075 + 1225.89705]
[ INFO : 2026-07-03 00:53:30,409 ] - Test_@[5, 10, 20, 50]: Recall=[0.03610, 0.05756, 0.08954, 0.14903],  precision=[0.00763, 0.00606, 0.00471, 0.00316], hit=[0.03800, 0.06032, 0.09344, 0.15562], ndcg=[0.02361, 0.03060, 0.03867, 0.05058], Train Rec Loss=[0.03012], Eval Rec Loss=[0.03019], c=[0.50000], F=[0.84416, 0.88174, 0.91041, 0.93322], F_fuse=[0.01513, 0.01204, 0.00938, 0.00629]
[ INFO : 2026-07-03 00:55:56,363 ] - Epoch 131: train==[134.17823 = 0.66790 + 1.72589 + 21.43825 + 0.01470 + 0.00000 + 0.00075 + 1225.89705]
[ INFO : 2026-07-03 00:56:04,822 ] - Test_@[5, 10, 20, 50]: Recall=[0.03656, 0.05752, 0.08704, 0.14689],  precision=[0.00770, 0.00606, 0.00460, 0.00312], hit=[0.03836, 0.06022, 0.09103, 0.15325], ndcg=[0.02376, 0.03057, 0.03805, 0.05007], Train Rec Loss=[0.03012], Eval Rec Loss=[0.03018], c=[0.50000], F=[0.84491, 0.88319, 0.91252, 0.93521], F_fuse=[0.01527, 0.01203, 0.00914, 0.00621]
[ INFO : 2026-07-03 00:58:23,442 ] - Epoch 132: train==[134.22979 = 0.66722 + 1.72589 + 21.49046 + 0.01473 + 0.00000 + 0.00075 + 1225.89705]
[ INFO : 2026-07-03 00:58:31,945 ] - Test_@[5, 10, 20, 50]: Recall=[0.03616, 0.05678, 0.08886, 0.14677],  precision=[0.00762, 0.00599, 0.00469, 0.00311], hit=[0.03795, 0.05955, 0.09283, 0.15330], ndcg=[0.02372, 0.03047, 0.03858, 0.05018], Train Rec Loss=[0.03012], Eval Rec Loss=[0.03018], c=[0.50000], F=[0.84479, 0.88312, 0.91208, 0.93531], F_fuse=[0.01511, 0.01189, 0.00932, 0.00620]
[ INFO : 2026-07-03 01:00:51,207 ] - Epoch 133: train==[134.20429 = 0.66546 + 1.72589 + 21.46665 + 0.01481 + 0.00000 + 0.00074 + 1225.89705]
[ INFO : 2026-07-03 01:00:59,778 ] - Test_@[5, 10, 20, 50]: Recall=[0.03621, 0.05704, 0.08829, 0.14610],  precision=[0.00763, 0.00602, 0.00465, 0.00310], hit=[0.03800, 0.05981, 0.09221, 0.15253], ndcg=[0.02369, 0.03048, 0.03837, 0.04994], Train Rec Loss=[0.03012], Eval Rec Loss=[0.03018], c=[0.50000], F=[0.84475, 0.88254, 0.91203, 0.93566], F_fuse=[0.01513, 0.01195, 0.00926, 0.00618]
[ INFO : 2026-07-03 01:03:25,658 ] - Epoch 134: train==[134.13148 = 0.66128 + 1.72589 + 21.39795 + 0.01488 + 0.00000 + 0.00074 + 1225.89705]
[ INFO : 2026-07-03 01:03:34,158 ] - Test_@[5, 10, 20, 50]: Recall=[0.03643, 0.05708, 0.08853, 0.14743],  precision=[0.00768, 0.00602, 0.00466, 0.00313], hit=[0.03826, 0.05986, 0.09236, 0.15382], ndcg=[0.02386, 0.03060, 0.03856, 0.05035], Train Rec Loss=[0.03010], Eval Rec Loss=[0.03017], c=[0.50000], F=[0.84547, 0.88372, 0.91219, 0.93562], F_fuse=[0.01523, 0.01195, 0.00928, 0.00623]
[ INFO : 2026-07-03 01:05:54,927 ] - Epoch 135: train==[134.01738 = 0.65733 + 1.72589 + 21.28777 + 0.01490 + 0.00000 + 0.00075 + 1225.89705]
[ INFO : 2026-07-03 01:06:03,431 ] - Test_@[5, 10, 20, 50]: Recall=[0.03584, 0.05792, 0.08898, 0.14675],  precision=[0.00756, 0.00611, 0.00470, 0.00311], hit=[0.03764, 0.06079, 0.09293, 0.15320], ndcg=[0.02363, 0.03084, 0.03869, 0.05025], Train Rec Loss=[0.03011], Eval Rec Loss=[0.03017], c=[0.50000], F=[0.84567, 0.88401, 0.91221, 0.93570], F_fuse=[0.01499, 0.01214, 0.00934, 0.00621]
[ INFO : 2026-07-03 01:08:22,200 ] - Epoch 136: train==[134.03275 = 0.65992 + 1.72589 + 21.30048 + 0.01498 + 0.00000 + 0.00074 + 1225.89705]
[ INFO : 2026-07-03 01:08:30,755 ] - Test_@[5, 10, 20, 50]: Recall=[0.03608, 0.05804, 0.08906, 0.14828],  precision=[0.00760, 0.00612, 0.00470, 0.00314], hit=[0.03790, 0.06084, 0.09298, 0.15480], ndcg=[0.02360, 0.03078, 0.03861, 0.05045], Train Rec Loss=[0.03011], Eval Rec Loss=[0.03016], c=[0.50000], F=[0.84527, 0.88176, 0.90983, 0.93290], F_fuse=[0.01507, 0.01216, 0.00934, 0.00627]
[ INFO : 2026-07-03 01:10:55,807 ] - Epoch 137: train==[133.95037 = 0.65254 + 1.72589 + 21.22540 + 0.01506 + 0.00000 + 0.00074 + 1225.89705]
[ INFO : 2026-07-03 01:11:04,250 ] - Test_@[5, 10, 20, 50]: Recall=[0.03615, 0.05697, 0.08740, 0.14562],  precision=[0.00761, 0.00600, 0.00461, 0.00309], hit=[0.03795, 0.05971, 0.09133, 0.15207], ndcg=[0.02368, 0.03050, 0.03822, 0.04988], Train Rec Loss=[0.03010], Eval Rec Loss=[0.03016], c=[0.50000], F=[0.84394, 0.88233, 0.91165, 0.93542], F_fuse=[0.01509, 0.01191, 0.00918, 0.00616]
[ INFO : 2026-07-03 01:13:24,353 ] - Epoch 138: train==[133.70111 = 0.64974 + 1.72589 + 20.97887 + 0.01514 + 0.00000 + 0.00074 + 1225.89705]
[ INFO : 2026-07-03 01:13:32,854 ] - Test_@[5, 10, 20, 50]: Recall=[0.03597, 0.05768, 0.08864, 0.14725],  precision=[0.00757, 0.00607, 0.00467, 0.00312], hit=[0.03775, 0.06043, 0.09252, 0.15377], ndcg=[0.02363, 0.03072, 0.03854, 0.05027], Train Rec Loss=[0.03009], Eval Rec Loss=[0.03016], c=[0.50000], F=[0.84294, 0.88203, 0.91115, 0.93522], F_fuse=[0.01501, 0.01206, 0.00930, 0.00622]
[ INFO : 2026-07-03 01:15:51,277 ] - Epoch 139: train==[133.90940 = 0.64811 + 1.72589 + 21.18875 + 0.01517 + 0.00000 + 0.00074 + 1225.89705]
[ INFO : 2026-07-03 01:15:59,788 ] - Test_@[5, 10, 20, 50]: Recall=[0.03634, 0.05755, 0.08789, 0.14669],  precision=[0.00768, 0.00606, 0.00463, 0.00311], hit=[0.03826, 0.06032, 0.09169, 0.15315], ndcg=[0.02385, 0.03075, 0.03844, 0.05021], Train Rec Loss=[0.03008], Eval Rec Loss=[0.03015], c=[0.50000], F=[0.84549, 0.88403, 0.91210, 0.93621], F_fuse=[0.01523, 0.01204, 0.00922, 0.00620]
[ INFO : 2026-07-03 01:18:24,011 ] - Epoch 140: train==[133.94920 = 0.64518 + 1.72589 + 21.23150 + 0.01517 + 0.00000 + 0.00074 + 1225.89705]
[ INFO : 2026-07-03 01:18:32,508 ] - Test_@[5, 10, 20, 50]: Recall=[0.03614, 0.05769, 0.08845, 0.14723],  precision=[0.00763, 0.00608, 0.00466, 0.00313], hit=[0.03806, 0.06053, 0.09216, 0.15377], ndcg=[0.02372, 0.03076, 0.03854, 0.05032], Train Rec Loss=[0.03008], Eval Rec Loss=[0.03015], c=[0.50000], F=[0.84532, 0.88307, 0.91130, 0.93463], F_fuse=[0.01513, 0.01208, 0.00927, 0.00623]
[ INFO : 2026-07-03 01:20:51,538 ] - Epoch 141: train==[134.00219 = 0.64470 + 1.72589 + 21.28488 + 0.01525 + 0.00000 + 0.00073 + 1225.89705]
[ INFO : 2026-07-03 01:20:59,986 ] - Test_@[5, 10, 20, 50]: Recall=[0.03646, 0.05747, 0.08778, 0.14629],  precision=[0.00768, 0.00606, 0.00463, 0.00310], hit=[0.03831, 0.06027, 0.09164, 0.15269], ndcg=[0.02389, 0.03075, 0.03843, 0.05015], Train Rec Loss=[0.03008], Eval Rec Loss=[0.03015], c=[0.50000], F=[0.84353, 0.88163, 0.91084, 0.93526], F_fuse=[0.01523, 0.01203, 0.00921, 0.00618]
[ INFO : 2026-07-03 01:23:18,555 ] - Epoch 142: train==[133.77053 = 0.64000 + 1.72589 + 21.05786 + 0.01532 + 0.00000 + 0.00073 + 1225.89705]
[ INFO : 2026-07-03 01:23:27,099 ] - Test_@[5, 10, 20, 50]: Recall=[0.03619, 0.05772, 0.08820, 0.14697],  precision=[0.00763, 0.00607, 0.00465, 0.00312], hit=[0.03806, 0.06043, 0.09205, 0.15325], ndcg=[0.02386, 0.03088, 0.03860, 0.05035], Train Rec Loss=[0.03008], Eval Rec Loss=[0.03014], c=[0.50000], F=[0.84559, 0.88292, 0.91151, 0.93605], F_fuse=[0.01513, 0.01205, 0.00925, 0.00621]
[ INFO : 2026-07-03 01:25:52,050 ] - Epoch 143: train==[133.71652 = 0.63906 + 1.72589 + 21.00470 + 0.01540 + 0.00000 + 0.00073 + 1225.89705]
[ INFO : 2026-07-03 01:26:00,584 ] - Test_@[5, 10, 20, 50]: Recall=[0.03588, 0.05625, 0.08576, 0.14413],  precision=[0.00756, 0.00590, 0.00453, 0.00306], hit=[0.03770, 0.05878, 0.08969, 0.15048], ndcg=[0.02362, 0.03024, 0.03775, 0.04942], Train Rec Loss=[0.03008], Eval Rec Loss=[0.03014], c=[0.50000], F=[0.84283, 0.88260, 0.91237, 0.93884], F_fuse=[0.01499, 0.01173, 0.00901, 0.00610]
[ INFO : 2026-07-03 01:28:19,687 ] - Epoch 144: train==[133.74763 = 0.63534 + 1.72589 + 21.03955 + 0.01538 + 0.00000 + 0.00073 + 1225.89705]
[ INFO : 2026-07-03 01:28:28,170 ] - Test_@[5, 10, 20, 50]: Recall=[0.03621, 0.05700, 0.08763, 0.14563],  precision=[0.00764, 0.00600, 0.00462, 0.00309], hit=[0.03811, 0.05971, 0.09144, 0.15207], ndcg=[0.02369, 0.03046, 0.03822, 0.04982], Train Rec Loss=[0.03008], Eval Rec Loss=[0.03014], c=[0.50000], F=[0.84505, 0.88274, 0.91171, 0.93635], F_fuse=[0.01515, 0.01192, 0.00919, 0.00616]
[ INFO : 2026-07-03 01:30:46,567 ] - Epoch 145: train==[133.52308 = 0.63213 + 1.72589 + 20.81806 + 0.01554 + 0.00000 + 0.00072 + 1225.89705]
[ INFO : 2026-07-03 01:30:55,136 ] - Test_@[5, 10, 20, 50]: Recall=[0.03618, 0.05715, 0.08750, 0.14634],  precision=[0.00762, 0.00601, 0.00461, 0.00311], hit=[0.03795, 0.05991, 0.09139, 0.15284], ndcg=[0.02377, 0.03062, 0.03830, 0.05010], Train Rec Loss=[0.03007], Eval Rec Loss=[0.03014], c=[0.50000], F=[0.84441, 0.88207, 0.91075, 0.93556], F_fuse=[0.01511, 0.01194, 0.00917, 0.00619]
[ INFO : 2026-07-03 01:33:19,363 ] - Epoch 146: train==[133.61511 = 0.63045 + 1.72589 + 20.91176 + 0.01555 + 0.00000 + 0.00073 + 1225.89705]
[ INFO : 2026-07-03 01:33:27,873 ] - Test_@[5, 10, 20, 50]: Recall=[0.03643, 0.05715, 0.08768, 0.14611],  precision=[0.00767, 0.00601, 0.00462, 0.00310], hit=[0.03826, 0.05986, 0.09149, 0.15264], ndcg=[0.02388, 0.03064, 0.03840, 0.05008], Train Rec Loss=[0.03007], Eval Rec Loss=[0.03013], c=[0.50000], F=[0.84379, 0.88144, 0.90986, 0.93360], F_fuse=[0.01521, 0.01193, 0.00920, 0.00618]
[ INFO : 2026-07-03 01:35:48,428 ] - Epoch 147: train==[133.64416 = 0.63064 + 1.72589 + 20.94055 + 0.01562 + 0.00000 + 0.00073 + 1225.89705]
[ INFO : 2026-07-03 01:35:56,814 ] - Test_@[5, 10, 20, 50]: Recall=[0.03602, 0.05632, 0.08592, 0.14374],  precision=[0.00759, 0.00592, 0.00453, 0.00305], hit=[0.03785, 0.05899, 0.08979, 0.15012], ndcg=[0.02369, 0.03030, 0.03783, 0.04941], Train Rec Loss=[0.03006], Eval Rec Loss=[0.03013], c=[0.50000], F=[0.84497, 0.88325, 0.91187, 0.93676], F_fuse=[0.01505, 0.01176, 0.00902, 0.00608]
[ INFO : 2026-07-03 01:38:15,055 ] - Epoch 148: train==[133.60857 = 0.62716 + 1.72589 + 20.90843 + 0.01565 + 0.00000 + 0.00072 + 1225.89705]
[ INFO : 2026-07-03 01:38:23,666 ] - Test_@[5, 10, 20, 50]: Recall=[0.03581, 0.05690, 0.08740, 0.14617],  precision=[0.00756, 0.00598, 0.00461, 0.00310], hit=[0.03770, 0.05955, 0.09133, 0.15253], ndcg=[0.02367, 0.03055, 0.03830, 0.05006], Train Rec Loss=[0.03006], Eval Rec Loss=[0.03011], c=[0.50000], F=[0.84370, 0.88209, 0.91085, 0.93561], F_fuse=[0.01499, 0.01188, 0.00918, 0.00618]
[ INFO : 2026-07-03 01:40:48,354 ] - Epoch 149: train==[133.62384 = 0.62639 + 1.72589 + 20.92437 + 0.01574 + 0.00000 + 0.00072 + 1225.89705]
[ INFO : 2026-07-03 01:40:56,840 ] - Test_@[5, 10, 20, 50]: Recall=[0.03624, 0.05739, 0.08712, 0.14570],  precision=[0.00763, 0.00604, 0.00460, 0.00309], hit=[0.03806, 0.06022, 0.09097, 0.15212], ndcg=[0.02390, 0.03080, 0.03834, 0.05007], Train Rec Loss=[0.03006], Eval Rec Loss=[0.03012], c=[0.50000], F=[0.84333, 0.88144, 0.90972, 0.93500], F_fuse=[0.01513, 0.01200, 0.00914, 0.00616]
[ INFO : 2026-07-03 01:43:15,579 ] - Epoch 150: train==[133.44470 = 0.62047 + 1.72589 + 20.75109 + 0.01580 + 0.00000 + 0.00072 + 1225.89705]
[ INFO : 2026-07-03 01:43:24,198 ] - Test_@[5, 10, 20, 50]: Recall=[0.03618, 0.05679, 0.08669, 0.14656],  precision=[0.00761, 0.00597, 0.00457, 0.00311], hit=[0.03795, 0.05945, 0.09051, 0.15294], ndcg=[0.02376, 0.03047, 0.03806, 0.05003], Train Rec Loss=[0.03005], Eval Rec Loss=[0.03010], c=[0.50000], F=[0.84304, 0.88102, 0.90973, 0.93430], F_fuse=[0.01509, 0.01186, 0.00910, 0.00620]
[ INFO : 2026-07-03 01:45:43,038 ] - Epoch 151: train==[133.62150 = 0.62133 + 1.72589 + 20.92704 + 0.01578 + 0.00000 + 0.00072 + 1225.89705]
[ INFO : 2026-07-03 01:45:51,554 ] - Test_@[5, 10, 20, 50]: Recall=[0.03595, 0.05735, 0.08745, 0.14615],  precision=[0.00758, 0.00603, 0.00461, 0.00310], hit=[0.03780, 0.06002, 0.09139, 0.15279], ndcg=[0.02381, 0.03078, 0.03844, 0.05019], Train Rec Loss=[0.03005], Eval Rec Loss=[0.03011], c=[0.50000], F=[0.84302, 0.88064, 0.90877, 0.93410], F_fuse=[0.01503, 0.01197, 0.00918, 0.00619]
[ INFO : 2026-07-03 01:48:15,172 ] - Epoch 152: train==[133.43360 = 0.61680 + 1.72589 + 20.74355 + 0.01590 + 0.00000 + 0.00072 + 1225.89705]
[ INFO : 2026-07-03 01:48:23,675 ] - Test_@[5, 10, 20, 50]: Recall=[0.03648, 0.05687, 0.08712, 0.14597],  precision=[0.00768, 0.00598, 0.00460, 0.00310], hit=[0.03831, 0.05955, 0.09097, 0.15243], ndcg=[0.02404, 0.03069, 0.03837, 0.05015], Train Rec Loss=[0.03005], Eval Rec Loss=[0.03011], c=[0.50000], F=[0.84190, 0.87978, 0.90792, 0.93304], F_fuse=[0.01523, 0.01188, 0.00914, 0.00617]
[ INFO : 2026-07-03 01:50:44,172 ] - Epoch 153: train==[133.37436 = 0.61459 + 1.72589 + 20.68646 + 0.01596 + 0.00000 + 0.00072 + 1225.89705]
[ INFO : 2026-07-03 01:50:52,659 ] - Test_@[5, 10, 20, 50]: Recall=[0.03600, 0.05681, 0.08582, 0.14341],  precision=[0.00758, 0.00597, 0.00452, 0.00304], hit=[0.03780, 0.05950, 0.08959, 0.14976], ndcg=[0.02386, 0.03062, 0.03796, 0.04948], Train Rec Loss=[0.03003], Eval Rec Loss=[0.03009], c=[0.50000], F=[0.84331, 0.88219, 0.91067, 0.93667], F_fuse=[0.01503, 0.01186, 0.00900, 0.00607]
[ INFO : 2026-07-03 01:53:11,183 ] - Epoch 154: train==[133.39736 = 0.61338 + 1.72589 + 20.71064 + 0.01599 + 0.00000 + 0.00072 + 1225.89705]
[ INFO : 2026-07-03 01:53:19,688 ] - Test_@[5, 10, 20, 50]: Recall=[0.03603, 0.05652, 0.08673, 0.14440],  precision=[0.00758, 0.00594, 0.00457, 0.00306], hit=[0.03780, 0.05914, 0.09056, 0.15073], ndcg=[0.02363, 0.03030, 0.03798, 0.04950], Train Rec Loss=[0.03004], Eval Rec Loss=[0.03011], c=[0.50000], F=[0.84290, 0.88170, 0.91122, 0.93732], F_fuse=[0.01503, 0.01180, 0.00910, 0.00610]
[ INFO : 2026-07-03 01:55:44,196 ] - Epoch 155: train==[133.46937 = 0.61291 + 1.72589 + 20.78308 + 0.01603 + 0.00000 + 0.00072 + 1225.89705]
[ INFO : 2026-07-03 01:55:52,668 ] - Test_@[5, 10, 20, 50]: Recall=[0.03646, 0.05699, 0.08739, 0.14573],  precision=[0.00768, 0.00600, 0.00461, 0.00309], hit=[0.03831, 0.05971, 0.09118, 0.15212], ndcg=[0.02391, 0.03058, 0.03828, 0.04994], Train Rec Loss=[0.03005], Eval Rec Loss=[0.03010], c=[0.50000], F=[0.84248, 0.88114, 0.91080, 0.93661], F_fuse=[0.01523, 0.01191, 0.00916, 0.00616]
[ INFO : 2026-07-03 01:58:11,608 ] - Epoch 156: train==[133.43298 = 0.60614 + 1.72588 + 20.75333 + 0.01616 + 0.00000 + 0.00071 + 1225.89705]
[ INFO : 2026-07-03 01:58:20,102 ] - Test_@[5, 10, 20, 50]: Recall=[0.03659, 0.05704, 0.08791, 0.14654],  precision=[0.00770, 0.00600, 0.00464, 0.00311], hit=[0.03842, 0.05971, 0.09185, 0.15305], ndcg=[0.02391, 0.03057, 0.03841, 0.05013], Train Rec Loss=[0.03003], Eval Rec Loss=[0.03009], c=[0.50000], F=[0.84290, 0.88048, 0.90883, 0.93411], F_fuse=[0.01527, 0.01191, 0.00923, 0.00620]
[ INFO : 2026-07-03 02:00:38,903 ] - Epoch 157: train==[133.42172 = 0.60596 + 1.72589 + 20.74227 + 0.01614 + 0.00000 + 0.00071 + 1225.89705]
[ INFO : 2026-07-03 02:00:47,506 ] - Test_@[5, 10, 20, 50]: Recall=[0.03626, 0.05661, 0.08531, 0.14391],  precision=[0.00763, 0.00594, 0.00449, 0.00305], hit=[0.03806, 0.05930, 0.08907, 0.15032], ndcg=[0.02385, 0.03044, 0.03776, 0.04948], Train Rec Loss=[0.03003], Eval Rec Loss=[0.03008], c=[0.50000], F=[0.84343, 0.88184, 0.91043, 0.93662], F_fuse=[0.01513, 0.01181, 0.00895, 0.00609]
[ INFO : 2026-07-03 02:03:12,414 ] - Epoch 158: train==[133.36698 = 0.60566 + 1.72589 + 20.68775 + 0.01622 + 0.00000 + 0.00072 + 1225.89705]
[ INFO : 2026-07-03 02:03:20,933 ] - Test_@[5, 10, 20, 50]: Recall=[0.03618, 0.05724, 0.08588, 0.14347],  precision=[0.00761, 0.00601, 0.00452, 0.00304], hit=[0.03795, 0.05986, 0.08959, 0.14981], ndcg=[0.02381, 0.03061, 0.03788, 0.04938], Train Rec Loss=[0.03002], Eval Rec Loss=[0.03008], c=[0.50000], F=[0.84416, 0.88246, 0.91102, 0.93720], F_fuse=[0.01509, 0.01194, 0.00900, 0.00607]
[ INFO : 2026-07-03 02:05:40,138 ] - Epoch 159: train==[133.22329 = 0.60407 + 1.72589 + 20.54554 + 0.01633 + 0.00000 + 0.00072 + 1225.89705]
[ INFO : 2026-07-03 02:05:48,719 ] - Test_@[5, 10, 20, 50]: Recall=[0.03684, 0.05716, 0.08758, 0.14609],  precision=[0.00777, 0.00600, 0.00462, 0.00310], hit=[0.03872, 0.05976, 0.09149, 0.15253], ndcg=[0.02424, 0.03084, 0.03856, 0.05027], Train Rec Loss=[0.03003], Eval Rec Loss=[0.03009], c=[0.50000], F=[0.84214, 0.87999, 0.90900, 0.93379], F_fuse=[0.01539, 0.01192, 0.00919, 0.00618]
[ INFO : 2026-07-03 02:08:07,940 ] - Epoch 160: train==[133.23245 = 0.59846 + 1.72589 + 20.56029 + 0.01635 + 0.00000 + 0.00072 + 1225.89705]
[ INFO : 2026-07-03 02:08:16,503 ] - Test_@[5, 10, 20, 50]: Recall=[0.03654, 0.05728, 0.08787, 0.14550],  precision=[0.00769, 0.00602, 0.00463, 0.00309], hit=[0.03836, 0.05991, 0.09159, 0.15202], ndcg=[0.02387, 0.03061, 0.03837, 0.04990], Train Rec Loss=[0.03002], Eval Rec Loss=[0.03009], c=[0.50000], F=[0.84415, 0.88199, 0.91091, 0.93574], F_fuse=[0.01525, 0.01196, 0.00920, 0.00616]
[ INFO : 2026-07-03 02:10:35,432 ] - Epoch 161: train==[133.33952 = 0.59948 + 1.72589 + 20.66624 + 0.01645 + 0.00000 + 0.00071 + 1225.89705]
[ INFO : 2026-07-03 02:10:44,045 ] - Test_@[5, 10, 20, 50]: Recall=[0.03577, 0.05639, 0.08623, 0.14366],  precision=[0.00754, 0.00593, 0.00455, 0.00305], hit=[0.03759, 0.05904, 0.09010, 0.15001], ndcg=[0.02354, 0.03023, 0.03780, 0.04928], Train Rec Loss=[0.03002], Eval Rec Loss=[0.03008], c=[0.50000], F=[0.84124, 0.88055, 0.90995, 0.93664], F_fuse=[0.01494, 0.01178, 0.00905, 0.00608]
[ INFO : 2026-07-03 02:13:05,455 ] - Epoch 162: train==[133.21122 = 0.59613 + 1.72588 + 20.54128 + 0.01648 + 0.00000 + 0.00071 + 1225.89705]
[ INFO : 2026-07-03 02:13:13,976 ] - Test_@[5, 10, 20, 50]: Recall=[0.03618, 0.05648, 0.08685, 0.14410],  precision=[0.00762, 0.00594, 0.00458, 0.00306], hit=[0.03800, 0.05914, 0.09072, 0.15042], ndcg=[0.02385, 0.03044, 0.03813, 0.04958], Train Rec Loss=[0.03002], Eval Rec Loss=[0.03007], c=[0.50000], F=[0.84263, 0.88141, 0.91054, 0.93644], F_fuse=[0.01511, 0.01180, 0.00911, 0.00610]
[ INFO : 2026-07-03 02:15:34,259 ] - Epoch 163: train==[133.35535 = 0.59387 + 1.72589 + 20.68767 + 0.01646 + 0.00000 + 0.00071 + 1225.89705]
[ INFO : 2026-07-03 02:15:42,787 ] - Test_@[5, 10, 20, 50]: Recall=[0.03637, 0.05786, 0.08659, 0.14437],  precision=[0.00768, 0.00608, 0.00456, 0.00306], hit=[0.03831, 0.06053, 0.09036, 0.15073], ndcg=[0.02380, 0.03073, 0.03800, 0.04956], Train Rec Loss=[0.03002], Eval Rec Loss=[0.03008], c=[0.50000], F=[0.84243, 0.88080, 0.90932, 0.93586], F_fuse=[0.01523, 0.01208, 0.00907, 0.00611]
[ INFO : 2026-07-03 02:18:05,652 ] - Epoch 164: train==[133.22490 = 0.60031 + 1.72588 + 20.55069 + 0.01657 + 0.00000 + 0.00071 + 1225.89705]
[ INFO : 2026-07-03 02:18:14,246 ] - Test_@[5, 10, 20, 50]: Recall=[0.03607, 0.05739, 0.08657, 0.14470],  precision=[0.00759, 0.00603, 0.00456, 0.00307], hit=[0.03785, 0.06002, 0.09031, 0.15130], ndcg=[0.02373, 0.03064, 0.03803, 0.04965], Train Rec Loss=[0.03001], Eval Rec Loss=[0.03008], c=[0.50000], F=[0.84346, 0.88185, 0.91049, 0.93651], F_fuse=[0.01505, 0.01198, 0.00908, 0.00613]
[ INFO : 2026-07-03 02:20:44,217 ] - Epoch 165: train==[133.13380 = 0.58545 + 1.72588 + 20.47435 + 0.01667 + 0.00000 + 0.00071 + 1225.89705]
[ INFO : 2026-07-03 02:20:52,757 ] - Test_@[5, 10, 20, 50]: Recall=[0.03653, 0.05781, 0.08779, 0.14555],  precision=[0.00768, 0.00607, 0.00463, 0.00309], hit=[0.03831, 0.06053, 0.09175, 0.15197], ndcg=[0.02393, 0.03082, 0.03841, 0.04996], Train Rec Loss=[0.03000], Eval Rec Loss=[0.03007], c=[0.50000], F=[0.84262, 0.88104, 0.91005, 0.93514], F_fuse=[0.01523, 0.01206, 0.00921, 0.00616]
[ INFO : 2026-07-03 02:23:12,560 ] - Epoch 166: train==[133.13051 = 0.59378 + 1.72589 + 20.46271 + 0.01668 + 0.00000 + 0.00071 + 1225.89705]
[ INFO : 2026-07-03 02:23:21,083 ] - Test_@[5, 10, 20, 50]: Recall=[0.03648, 0.05731, 0.08684, 0.14442],  precision=[0.00768, 0.00602, 0.00457, 0.00307], hit=[0.03831, 0.05991, 0.09046, 0.15104], ndcg=[0.02390, 0.03064, 0.03813, 0.04966], Train Rec Loss=[0.03000], Eval Rec Loss=[0.03008], c=[0.50000], F=[0.84235, 0.88175, 0.91115, 0.93791], F_fuse=[0.01523, 0.01195, 0.00909, 0.00612]
[ INFO : 2026-07-03 02:25:40,477 ] - Epoch 167: train==[133.11658 = 0.58373 + 1.72589 + 20.45878 + 0.01674 + 0.00000 + 0.00071 + 1225.89705]
[ INFO : 2026-07-03 02:25:48,990 ] - Test_@[5, 10, 20, 50]: Recall=[0.03571, 0.05724, 0.08636, 0.14320],  precision=[0.00754, 0.00602, 0.00455, 0.00304], hit=[0.03759, 0.05991, 0.09010, 0.14955], ndcg=[0.02369, 0.03066, 0.03802, 0.04941], Train Rec Loss=[0.03000], Eval Rec Loss=[0.03006], c=[0.50000], F=[0.84214, 0.88259, 0.91176, 0.93815], F_fuse=[0.01494, 0.01196, 0.00905, 0.00606]
[ INFO : 2026-07-03 02:28:08,717 ] - Epoch 168: train==[133.21894 = 0.58315 + 1.72588 + 20.56163 + 0.01683 + 0.00000 + 0.00070 + 1225.89705]
[ INFO : 2026-07-03 02:28:17,218 ] - Test_@[5, 10, 20, 50]: Recall=[0.03601, 0.05726, 0.08632, 0.14420],  precision=[0.00759, 0.00602, 0.00455, 0.00306], hit=[0.03785, 0.05991, 0.09015, 0.15053], ndcg=[0.02381, 0.03070, 0.03807, 0.04965], Train Rec Loss=[0.03001], Eval Rec Loss=[0.03006], c=[0.50000], F=[0.84166, 0.88005, 0.90901, 0.93583], F_fuse=[0.01505, 0.01196, 0.00906, 0.00610]
[ INFO : 2026-07-03 02:30:37,002 ] - Epoch 169: train==[133.18835 = 0.58261 + 1.72589 + 20.53153 + 0.01687 + 0.00000 + 0.00070 + 1225.89705]
[ INFO : 2026-07-03 02:30:45,566 ] - Test_@[5, 10, 20, 50]: Recall=[0.03638, 0.05706, 0.08709, 0.14584],  precision=[0.00765, 0.00600, 0.00460, 0.00309], hit=[0.03816, 0.05971, 0.09097, 0.15217], ndcg=[0.02396, 0.03066, 0.03827, 0.04999], Train Rec Loss=[0.02999], Eval Rec Loss=[0.03005], c=[0.50000], F=[0.84157, 0.87971, 0.90793, 0.93412], F_fuse=[0.01517, 0.01192, 0.00914, 0.00616]
[ INFO : 2026-07-03 02:33:09,779 ] - Epoch 170: train==[133.05484 = 0.58062 + 1.72589 + 20.39992 + 0.01699 + 0.00000 + 0.00070 + 1225.89705]
[ INFO : 2026-07-03 02:33:18,322 ] - Test_@[5, 10, 20, 50]: Recall=[0.03591, 0.05729, 0.08712, 0.14384],  precision=[0.00757, 0.00603, 0.00458, 0.00305], hit=[0.03775, 0.05996, 0.09087, 0.15012], ndcg=[0.02385, 0.03079, 0.03833, 0.04966], Train Rec Loss=[0.03000], Eval Rec Loss=[0.03005], c=[0.50000], F=[0.84333, 0.88251, 0.91034, 0.93694], F_fuse=[0.01501, 0.01198, 0.00912, 0.00609]
[ INFO : 2026-07-03 02:35:38,356 ] - Epoch 171: train==[133.01392 = 0.57950 + 1.72589 + 20.36013 + 0.01695 + 0.00000 + 0.00071 + 1225.89705]
[ INFO : 2026-07-03 02:35:46,897 ] - Test_@[5, 10, 20, 50]: Recall=[0.03632, 0.05646, 0.08595, 0.14402],  precision=[0.00765, 0.00594, 0.00453, 0.00306], hit=[0.03816, 0.05904, 0.08964, 0.15032], ndcg=[0.02388, 0.03042, 0.03790, 0.04954], Train Rec Loss=[0.02998], Eval Rec Loss=[0.03004], c=[0.50000], F=[0.84343, 0.88197, 0.91000, 0.93635], F_fuse=[0.01517, 0.01180, 0.00901, 0.00610]
[ INFO : 2026-07-03 02:38:06,540 ] - Epoch 172: train==[133.13560 = 0.57593 + 1.72588 + 20.48533 + 0.01701 + 0.00000 + 0.00070 + 1225.89705]
[ INFO : 2026-07-03 02:38:15,161 ] - Test_@[5, 10, 20, 50]: Recall=[0.03558, 0.05617, 0.08620, 0.14284],  precision=[0.00750, 0.00590, 0.00455, 0.00303], hit=[0.03739, 0.05878, 0.09000, 0.14904], ndcg=[0.02359, 0.03027, 0.03790, 0.04923], Train Rec Loss=[0.03000], Eval Rec Loss=[0.03006], c=[0.50000], F=[0.84112, 0.88099, 0.91000, 0.93794], F_fuse=[0.01486, 0.01173, 0.00905, 0.00604]
[ INFO : 2026-07-03 02:40:38,911 ] - Epoch 173: train==[132.98369 = 0.57424 + 1.72588 + 20.33504 + 0.01708 + 0.00000 + 0.00070 + 1225.89705]
[ INFO : 2026-07-03 02:40:47,436 ] - Test_@[5, 10, 20, 50]: Recall=[0.03625, 0.05727, 0.08683, 0.14378],  precision=[0.00764, 0.00602, 0.00458, 0.00305], hit=[0.03811, 0.05991, 0.09072, 0.15017], ndcg=[0.02407, 0.03089, 0.03836, 0.04973], Train Rec Loss=[0.02999], Eval Rec Loss=[0.03004], c=[0.50000], F=[0.84298, 0.88107, 0.90892, 0.93588], F_fuse=[0.01515, 0.01196, 0.00912, 0.00609]
[ INFO : 2026-07-03 02:43:08,767 ] - Epoch 174: train==[132.94966 = 0.57155 + 1.72590 + 20.30361 + 0.01716 + 0.00000 + 0.00070 + 1225.89705]
[ INFO : 2026-07-03 02:43:17,128 ] - Test_@[5, 10, 20, 50]: Recall=[0.03636, 0.05664, 0.08616, 0.14295],  precision=[0.00766, 0.00595, 0.00455, 0.00304], hit=[0.03821, 0.05919, 0.09000, 0.14940], ndcg=[0.02398, 0.03053, 0.03802, 0.04938], Train Rec Loss=[0.02998], Eval Rec Loss=[0.03004], c=[0.50000], F=[0.84298, 0.88309, 0.91177, 0.93877], F_fuse=[0.01519, 0.01182, 0.00905, 0.00606]
[ INFO : 2026-07-03 02:45:51,628 ] - Epoch 175: train==[132.96937 = 0.57173 + 1.72589 + 20.32311 + 0.01720 + 0.00000 + 0.00071 + 1225.89705]
[ INFO : 2026-07-03 02:46:00,184 ] - Test_@[5, 10, 20, 50]: Recall=[0.03620, 0.05694, 0.08590, 0.14429],  precision=[0.00762, 0.00599, 0.00453, 0.00306], hit=[0.03800, 0.05955, 0.08969, 0.15068], ndcg=[0.02385, 0.03057, 0.03788, 0.04952], Train Rec Loss=[0.02999], Eval Rec Loss=[0.03005], c=[0.50000], F=[0.84286, 0.88142, 0.91012, 0.93667], F_fuse=[0.01511, 0.01190, 0.00902, 0.00611]
[ INFO : 2026-07-03 02:49:00,028 ] - Epoch 176: train==[132.92748 = 0.56686 + 1.72589 + 20.28608 + 0.01722 + 0.00000 + 0.00070 + 1225.89705]
[ INFO : 2026-07-03 02:49:08,563 ] - Test_@[5, 10, 20, 50]: Recall=[0.03621, 0.05651, 0.08604, 0.14308],  precision=[0.00764, 0.00593, 0.00453, 0.00304], hit=[0.03811, 0.05909, 0.08979, 0.14940], ndcg=[0.02386, 0.03045, 0.03795, 0.04938], Train Rec Loss=[0.02999], Eval Rec Loss=[0.03003], c=[0.50000], F=[0.84196, 0.88129, 0.90981, 0.93636], F_fuse=[0.01515, 0.01179, 0.00902, 0.00605]
[ INFO : 2026-07-03 02:51:38,945 ] - Epoch 177: train==[132.96628 = 0.56942 + 1.72588 + 20.32229 + 0.01725 + 0.00000 + 0.00070 + 1225.89705]
[ INFO : 2026-07-03 02:51:47,336 ] - Test_@[5, 10, 20, 50]: Recall=[0.03604, 0.05553, 0.08485, 0.14128],  precision=[0.00757, 0.00583, 0.00447, 0.00300], hit=[0.03775, 0.05806, 0.08861, 0.14739], ndcg=[0.02403, 0.03036, 0.03782, 0.04910], Train Rec Loss=[0.02997], Eval Rec Loss=[0.03004], c=[0.50000], F=[0.84235, 0.88295, 0.91206, 0.93953], F_fuse=[0.01501, 0.01158, 0.00890, 0.00598]
[ INFO : 2026-07-03 02:54:23,082 ] - Epoch 178: train==[132.96212 = 0.56707 + 1.72588 + 20.32041 + 0.01732 + 0.00000 + 0.00070 + 1225.89705]
[ INFO : 2026-07-03 02:54:31,610 ] - Test_@[5, 10, 20, 50]: Recall=[0.03552, 0.05620, 0.08563, 0.14220],  precision=[0.00748, 0.00590, 0.00451, 0.00302], hit=[0.03728, 0.05873, 0.08943, 0.14842], ndcg=[0.02365, 0.03037, 0.03781, 0.04909], Train Rec Loss=[0.02997], Eval Rec Loss=[0.03004], c=[0.50000], F=[0.84164, 0.88069, 0.90874, 0.93539], F_fuse=[0.01482, 0.01172, 0.00898, 0.00602]
[ INFO : 2026-07-03 02:56:59,264 ] - Epoch 179: train==[132.85250 = 0.56290 + 1.72588 + 20.21483 + 0.01744 + 0.00000 + 0.00070 + 1225.89705]
[ INFO : 2026-07-03 02:57:07,770 ] - Test_@[5, 10, 20, 50]: Recall=[0.03663, 0.05651, 0.08618, 0.14436],  precision=[0.00771, 0.00594, 0.00455, 0.00307], hit=[0.03847, 0.05919, 0.09005, 0.15078], ndcg=[0.02408, 0.03053, 0.03807, 0.04969], Train Rec Loss=[0.02996], Eval Rec Loss=[0.03003], c=[0.50000], F=[0.84172, 0.88003, 0.90845, 0.93527], F_fuse=[0.01529, 0.01181, 0.00905, 0.00611]
[ INFO : 2026-07-03 02:59:32,574 ] - Epoch 180: train==[132.93399 = 0.56413 + 1.72588 + 20.29512 + 0.01743 + 0.00000 + 0.00070 + 1225.89705]
[ INFO : 2026-07-03 02:59:41,138 ] - Test_@[5, 10, 20, 50]: Recall=[0.03563, 0.05609, 0.08448, 0.14149],  precision=[0.00751, 0.00590, 0.00445, 0.00301], hit=[0.03744, 0.05863, 0.08820, 0.14775], ndcg=[0.02384, 0.03047, 0.03768, 0.04910], Train Rec Loss=[0.02997], Eval Rec Loss=[0.03003], c=[0.50000], F=[0.84121, 0.88044, 0.90907, 0.93624], F_fuse=[0.01488, 0.01172, 0.00886, 0.00599]
[ INFO : 2026-07-03 03:02:03,927 ] - Epoch 181: train==[132.91715 = 0.56680 + 1.72588 + 20.27552 + 0.01752 + 0.00000 + 0.00069 + 1225.89705]
[ INFO : 2026-07-03 03:02:12,503 ] - Test_@[5, 10, 20, 50]: Recall=[0.03585, 0.05639, 0.08534, 0.14240],  precision=[0.00756, 0.00592, 0.00450, 0.00302], hit=[0.03770, 0.05894, 0.08907, 0.14878], ndcg=[0.02389, 0.03053, 0.03786, 0.04926], Train Rec Loss=[0.02997], Eval Rec Loss=[0.03002], c=[0.50000], F=[0.84357, 0.88372, 0.91240, 0.93920], F_fuse=[0.01499, 0.01177, 0.00896, 0.00602]
[ INFO : 2026-07-03 03:04:33,030 ] - Epoch 182: train==[132.80235 = 0.55590 + 1.72588 + 20.17163 + 0.01751 + 0.00000 + 0.00069 + 1225.89705]
[ INFO : 2026-07-03 03:04:41,548 ] - Test_@[5, 10, 20, 50]: Recall=[0.03601, 0.05626, 0.08463, 0.14235],  precision=[0.00758, 0.00592, 0.00446, 0.00302], hit=[0.03780, 0.05899, 0.08835, 0.14862], ndcg=[0.02377, 0.03033, 0.03751, 0.04904], Train Rec Loss=[0.02997], Eval Rec Loss=[0.03002], c=[0.50000], F=[0.84081, 0.87950, 0.90696, 0.93416], F_fuse=[0.01503, 0.01177, 0.00887, 0.00602]
[ INFO : 2026-07-03 03:07:01,223 ] - Epoch 183: train==[132.91058 = 0.56195 + 1.72588 + 20.27374 + 0.01758 + 0.00000 + 0.00069 + 1225.89705]
[ INFO : 2026-07-03 03:07:09,808 ] - Test_@[5, 10, 20, 50]: Recall=[0.03567, 0.05659, 0.08527, 0.14253],  precision=[0.00753, 0.00596, 0.00450, 0.00303], hit=[0.03754, 0.05924, 0.08907, 0.14893], ndcg=[0.02375, 0.03052, 0.03777, 0.04921], Train Rec Loss=[0.02996], Eval Rec Loss=[0.03003], c=[0.50000], F=[0.84272, 0.88175, 0.90928, 0.93528], F_fuse=[0.01492, 0.01183, 0.00895, 0.00603]
[ INFO : 2026-07-03 03:09:37,266 ] - Epoch 184: train==[132.80742 = 0.55322 + 1.72588 + 20.17923 + 0.01766 + 0.00000 + 0.00069 + 1225.89705]
[ INFO : 2026-07-03 03:09:45,803 ] - Test_@[5, 10, 20, 50]: Recall=[0.03574, 0.05583, 0.08412, 0.14100],  precision=[0.00753, 0.00587, 0.00444, 0.00299], hit=[0.03754, 0.05832, 0.08784, 0.14713], ndcg=[0.02366, 0.03017, 0.03737, 0.04874], Train Rec Loss=[0.02996], Eval Rec Loss=[0.03002], c=[0.50000], F=[0.84184, 0.88206, 0.91004, 0.93763], F_fuse=[0.01492, 0.01166, 0.00883, 0.00596]
[ INFO : 2026-07-03 03:12:05,890 ] - Epoch 185: train==[132.89057 = 0.55531 + 1.72588 + 20.26020 + 0.01774 + 0.00000 + 0.00069 + 1225.89705]
[ INFO : 2026-07-03 03:12:14,465 ] - Test_@[5, 10, 20, 50]: Recall=[0.03557, 0.05621, 0.08471, 0.14091],  precision=[0.00749, 0.00590, 0.00447, 0.00299], hit=[0.03734, 0.05878, 0.08851, 0.14718], ndcg=[0.02371, 0.03038, 0.03759, 0.04882], Train Rec Loss=[0.02997], Eval Rec Loss=[0.03001], c=[0.50000], F=[0.84329, 0.88295, 0.91111, 0.93888], F_fuse=[0.01484, 0.01173, 0.00890, 0.00596]
[ INFO : 2026-07-03 03:14:33,852 ] - Epoch 186: train==[132.86668 = 0.55043 + 1.72589 + 20.24123 + 0.01771 + 0.00000 + 0.00069 + 1225.89705]
[ INFO : 2026-07-03 03:14:42,379 ] - Test_@[5, 10, 20, 50]: Recall=[0.03539, 0.05609, 0.08419, 0.14058],  precision=[0.00745, 0.00590, 0.00445, 0.00298], hit=[0.03713, 0.05863, 0.08804, 0.14672], ndcg=[0.02355, 0.03025, 0.03738, 0.04866], Train Rec Loss=[0.02995], Eval Rec Loss=[0.03002], c=[0.50000], F=[0.84261, 0.88265, 0.91056, 0.93752], F_fuse=[0.01476, 0.01172, 0.00885, 0.00595]
[ INFO : 2026-07-03 03:17:02,003 ] - Epoch 187: train==[132.75138 = 0.54855 + 1.72588 + 20.12771 + 0.01781 + 0.00000 + 0.00070 + 1225.89705]
[ INFO : 2026-07-03 03:17:10,537 ] - Test_@[5, 10, 20, 50]: Recall=[0.03557, 0.05632, 0.08352, 0.14101],  precision=[0.00749, 0.00592, 0.00441, 0.00299], hit=[0.03734, 0.05888, 0.08727, 0.14713], ndcg=[0.02373, 0.03045, 0.03734, 0.04885], Train Rec Loss=[0.02996], Eval Rec Loss=[0.03001], c=[0.50000], F=[0.84239, 0.88058, 0.90916, 0.93631], F_fuse=[0.01484, 0.01176, 0.00877, 0.00596]
[ INFO : 2026-07-03 03:19:29,976 ] - Epoch 188: train==[132.73015 = 0.55070 + 1.72588 + 20.10424 + 0.01789 + 0.00000 + 0.00070 + 1225.89705]
[ INFO : 2026-07-03 03:19:38,504 ] - Test_@[5, 10, 20, 50]: Recall=[0.03543, 0.05652, 0.08372, 0.14034],  precision=[0.00746, 0.00594, 0.00441, 0.00298], hit=[0.03718, 0.05909, 0.08732, 0.14667], ndcg=[0.02381, 0.03064, 0.03751, 0.04886], Train Rec Loss=[0.02995], Eval Rec Loss=[0.03001], c=[0.50000], F=[0.84266, 0.88304, 0.91111, 0.93886], F_fuse=[0.01478, 0.01181, 0.00878, 0.00594]
[ INFO : 2026-07-03 03:21:59,996 ] - Epoch 189: train==[132.75311 = 0.54588 + 1.72588 + 20.13207 + 0.01786 + 0.00000 + 0.00069 + 1225.89705]
[ INFO : 2026-07-03 03:22:08,493 ] - Test_@[5, 10, 20, 50]: Recall=[0.03555, 0.05712, 0.08500, 0.14224],  precision=[0.00749, 0.00601, 0.00448, 0.00302], hit=[0.03734, 0.05981, 0.08871, 0.14842], ndcg=[0.02368, 0.03067, 0.03770, 0.04915], Train Rec Loss=[0.02994], Eval Rec Loss=[0.03001], c=[0.50000], F=[0.84357, 0.88336, 0.91075, 0.93764], F_fuse=[0.01484, 0.01193, 0.00892, 0.00601]
[ INFO : 2026-07-03 03:24:28,863 ] - Epoch 190: train==[132.77933 = 0.54573 + 1.72588 + 20.15832 + 0.01797 + 0.00000 + 0.00069 + 1225.89705]
[ INFO : 2026-07-03 03:24:37,385 ] - Test_@[5, 10, 20, 50]: Recall=[0.03556, 0.05622, 0.08408, 0.14049],  precision=[0.00749, 0.00591, 0.00443, 0.00298], hit=[0.03734, 0.05883, 0.08768, 0.14667], ndcg=[0.02376, 0.03045, 0.03750, 0.04879], Train Rec Loss=[0.02995], Eval Rec Loss=[0.03002], c=[0.50000], F=[0.84271, 0.88296, 0.91099, 0.93786], F_fuse=[0.01484, 0.01175, 0.00882, 0.00594]
[ INFO : 2026-07-03 03:26:58,124 ] - Epoch 191: train==[132.77777 = 0.54360 + 1.72588 + 20.15879 + 0.01807 + 0.00000 + 0.00069 + 1225.89705]
[ INFO : 2026-07-03 03:27:06,717 ] - Test_@[5, 10, 20, 50]: Recall=[0.03570, 0.05572, 0.08360, 0.14039],  precision=[0.00753, 0.00586, 0.00441, 0.00298], hit=[0.03754, 0.05827, 0.08732, 0.14641], ndcg=[0.02378, 0.03026, 0.03734, 0.04872], Train Rec Loss=[0.02994], Eval Rec Loss=[0.03001], c=[0.50000], F=[0.84261, 0.88169, 0.91027, 0.93738], F_fuse=[0.01492, 0.01165, 0.00878, 0.00593]
[ INFO : 2026-07-03 03:29:37,703 ] - Epoch 192: train==[132.61892 = 0.54171 + 1.72588 + 20.00186 + 0.01804 + 0.00000 + 0.00068 + 1225.89705]
[ INFO : 2026-07-03 03:29:46,227 ] - Test_@[5, 10, 20, 50]: Recall=[0.03569, 0.05611, 0.08492, 0.14265],  precision=[0.00751, 0.00590, 0.00447, 0.00302], hit=[0.03739, 0.05868, 0.08861, 0.14883], ndcg=[0.02376, 0.03039, 0.03767, 0.04919], Train Rec Loss=[0.02994], Eval Rec Loss=[0.03000], c=[0.50000], F=[0.84097, 0.88025, 0.90856, 0.93572], F_fuse=[0.01488, 0.01172, 0.00890, 0.00603]
[ INFO : 2026-07-03 03:32:11,921 ] - Epoch 193: train==[132.72922 = 0.54276 + 1.72588 + 20.11106 + 0.01809 + 0.00000 + 0.00069 + 1225.89705]
[ INFO : 2026-07-03 03:32:20,445 ] - Test_@[5, 10, 20, 50]: Recall=[0.03580, 0.05628, 0.08446, 0.14151],  precision=[0.00755, 0.00592, 0.00446, 0.00300], hit=[0.03764, 0.05888, 0.08820, 0.14765], ndcg=[0.02381, 0.03045, 0.03759, 0.04902], Train Rec Loss=[0.02994], Eval Rec Loss=[0.03000], c=[0.50000], F=[0.84135, 0.88082, 0.90898, 0.93628], F_fuse=[0.01496, 0.01177, 0.00887, 0.00599]
[ INFO : 2026-07-03 03:34:50,100 ] - Epoch 194: train==[132.72766 = 0.54149 + 1.72588 + 20.11074 + 0.01812 + 0.00000 + 0.00069 + 1225.89705]
[ INFO : 2026-07-03 03:34:58,651 ] - Test_@[5, 10, 20, 50]: Recall=[0.03537, 0.05612, 0.08411, 0.14100],  precision=[0.00746, 0.00589, 0.00444, 0.00299], hit=[0.03718, 0.05863, 0.08789, 0.14708], ndcg=[0.02361, 0.03032, 0.03744, 0.04879], Train Rec Loss=[0.02993], Eval Rec Loss=[0.03000], c=[0.50000], F=[0.84180, 0.88125, 0.90929, 0.93697], F_fuse=[0.01478, 0.01171, 0.00883, 0.00596]
[ INFO : 2026-07-03 03:37:21,604 ] - Epoch 195: train==[132.61239 = 0.53570 + 1.72587 + 20.00113 + 0.01827 + 0.00000 + 0.00069 + 1225.89705]
[ INFO : 2026-07-03 03:37:30,141 ] - Test_@[5, 10, 20, 50]: Recall=[0.03538, 0.05586, 0.08305, 0.13991],  precision=[0.00745, 0.00587, 0.00437, 0.00297], hit=[0.03713, 0.05832, 0.08665, 0.14605], ndcg=[0.02360, 0.03020, 0.03709, 0.04846], Train Rec Loss=[0.02994], Eval Rec Loss=[0.03000], c=[0.50000], F=[0.84303, 0.88336, 0.91144, 0.93865], F_fuse=[0.01476, 0.01166, 0.00871, 0.00592]
[ INFO : 2026-07-03 03:39:49,853 ] - Epoch 196: train==[132.71183 = 0.53585 + 1.72587 + 20.10043 + 0.01825 + 0.00000 + 0.00069 + 1225.89705]
[ INFO : 2026-07-03 03:39:58,442 ] - Test_@[5, 10, 20, 50]: Recall=[0.03601, 0.05626, 0.08392, 0.14168],  precision=[0.00758, 0.00592, 0.00443, 0.00301], hit=[0.03780, 0.05878, 0.08773, 0.14785], ndcg=[0.02390, 0.03046, 0.03748, 0.04903], Train Rec Loss=[0.02995], Eval Rec Loss=[0.02999], c=[0.50000], F=[0.84144, 0.88059, 0.90843, 0.93630], F_fuse=[0.01503, 0.01176, 0.00881, 0.00599]
[ INFO : 2026-07-03 03:42:17,785 ] - Epoch 197: train==[132.58113 = 0.53274 + 1.72587 + 19.97272 + 0.01837 + 0.00000 + 0.00069 + 1225.89705]
[ INFO : 2026-07-03 03:42:26,262 ] - Test_@[5, 10, 20, 50]: Recall=[0.03556, 0.05613, 0.08385, 0.14114],  precision=[0.00750, 0.00589, 0.00443, 0.00299], hit=[0.03734, 0.05852, 0.08768, 0.14724], ndcg=[0.02366, 0.03033, 0.03739, 0.04884], Train Rec Loss=[0.02994], Eval Rec Loss=[0.02999], c=[0.50000], F=[0.84181, 0.88154, 0.90944, 0.93620], F_fuse=[0.01486, 0.01171, 0.00881, 0.00596]
[ INFO : 2026-07-03 03:44:45,777 ] - Epoch 198: train==[132.62412 = 0.53591 + 1.72587 + 20.01260 + 0.01832 + 0.00000 + 0.00068 + 1225.89705]
[ INFO : 2026-07-03 03:44:54,286 ] - Test_@[5, 10, 20, 50]: Recall=[0.03575, 0.05650, 0.08413, 0.14091],  precision=[0.00752, 0.00593, 0.00444, 0.00299], hit=[0.03749, 0.05894, 0.08794, 0.14703], ndcg=[0.02388, 0.03057, 0.03756, 0.04889], Train Rec Loss=[0.02993], Eval Rec Loss=[0.02998], c=[0.50000], F=[0.84218, 0.88136, 0.90947, 0.93671], F_fuse=[0.01490, 0.01178, 0.00883, 0.00596]
[ INFO : 2026-07-03 03:47:17,628 ] - Epoch 199: train==[132.66276 = 0.53281 + 1.72588 + 20.05426 + 0.01840 + 0.00000 + 0.00068 + 1225.89705]
[ INFO : 2026-07-03 03:47:26,154 ] - Test_@[5, 10, 20, 50]: Recall=[0.03577, 0.05609, 0.08432, 0.14011],  precision=[0.00753, 0.00591, 0.00445, 0.00298], hit=[0.03754, 0.05873, 0.08799, 0.14636], ndcg=[0.02378, 0.03036, 0.03750, 0.04867], Train Rec Loss=[0.02994], Eval Rec Loss=[0.02999], c=[0.50000], F=[0.84204, 0.88173, 0.91039, 0.93838], F_fuse=[0.01492, 0.01175, 0.00885, 0.00593]
[ INFO : 2026-07-03 03:49:46,932 ] - Epoch 200: train==[132.67573 = 0.53188 + 1.72587 + 20.06811 + 0.01844 + 0.00000 + 0.00069 + 1225.89705]
[ INFO : 2026-07-03 03:49:55,471 ] - Test_@[5, 10, 20, 50]: Recall=[0.03583, 0.05604, 0.08394, 0.14112],  precision=[0.00755, 0.00589, 0.00443, 0.00299], hit=[0.03764, 0.05847, 0.08768, 0.14729], ndcg=[0.02365, 0.03018, 0.03725, 0.04868], Train Rec Loss=[0.02993], Eval Rec Loss=[0.03000], c=[0.50000], F=[0.84313, 0.88178, 0.91009, 0.93723], F_fuse=[0.01496, 0.01170, 0.00881, 0.00597]
[ INFO : 2026-07-03 03:52:16,085 ] - Epoch 201: train==[132.58803 = 0.52710 + 1.72587 + 19.98512 + 0.01851 + 0.00000 + 0.00069 + 1225.89705]
[ INFO : 2026-07-03 03:52:24,616 ] - Test_@[5, 10, 20, 50]: Recall=[0.03573, 0.05655, 0.08532, 0.14353],  precision=[0.00753, 0.00594, 0.00450, 0.00304], hit=[0.03754, 0.05904, 0.08902, 0.14970], ndcg=[0.02377, 0.03050, 0.03779, 0.04939], Train Rec Loss=[0.02992], Eval Rec Loss=[0.02999], c=[0.50000], F=[0.84276, 0.88001, 0.90813, 0.93516], F_fuse=[0.01492, 0.01181, 0.00896, 0.00606]
[ INFO : 2026-07-03 03:54:53,543 ] - Epoch 202: train==[132.62845 = 0.52966 + 1.72588 + 20.02287 + 0.01862 + 0.00000 + 0.00068 + 1225.89705]
[ INFO : 2026-07-03 03:55:02,112 ] - Test_@[5, 10, 20, 50]: Recall=[0.03562, 0.05565, 0.08288, 0.13783],  precision=[0.00749, 0.00585, 0.00437, 0.00293], hit=[0.03734, 0.05816, 0.08655, 0.14405], ndcg=[0.02386, 0.03034, 0.03727, 0.04829], Train Rec Loss=[0.02993], Eval Rec Loss=[0.02998], c=[0.50000], F=[0.84185, 0.88156, 0.90982, 0.93857], F_fuse=[0.01484, 0.01163, 0.00870, 0.00584]
[ INFO : 2026-07-03 03:57:29,760 ] - Epoch 203: train==[132.51480 = 0.52681 + 1.72587 + 19.91207 + 0.01863 + 0.00000 + 0.00068 + 1225.89705]
[ INFO : 2026-07-03 03:57:38,271 ] - Test_@[5, 10, 20, 50]: Recall=[0.03525, 0.05597, 0.08378, 0.13948],  precision=[0.00744, 0.00588, 0.00441, 0.00296], hit=[0.03703, 0.05847, 0.08753, 0.14564], ndcg=[0.02365, 0.03036, 0.03743, 0.04859], Train Rec Loss=[0.02993], Eval Rec Loss=[0.02999], c=[0.50000], F=[0.84171, 0.88111, 0.91007, 0.93740], F_fuse=[0.01474, 0.01169, 0.00878, 0.00590]
[ INFO : 2026-07-03 04:00:01,828 ] - Epoch 204: train==[132.47361 = 0.52334 + 1.72588 + 19.87438 + 0.01859 + 0.00000 + 0.00069 + 1225.89705]
[ INFO : 2026-07-03 04:00:10,381 ] - Test_@[5, 10, 20, 50]: Recall=[0.03625, 0.05643, 0.08380, 0.14173],  precision=[0.00764, 0.00593, 0.00442, 0.00300], hit=[0.03811, 0.05894, 0.08758, 0.14775], ndcg=[0.02392, 0.03042, 0.03738, 0.04894], Train Rec Loss=[0.02993], Eval Rec Loss=[0.02998], c=[0.50000], F=[0.84176, 0.88089, 0.90847, 0.93587], F_fuse=[0.01515, 0.01178, 0.00880, 0.00598]
[ INFO : 2026-07-03 04:02:32,320 ] - Epoch 205: train==[132.63375 = 0.51980 + 1.72587 + 20.03796 + 0.01869 + 0.00000 + 0.00068 + 1225.89705]
[ INFO : 2026-07-03 04:02:40,932 ] - Test_@[5, 10, 20, 50]: Recall=[0.03469, 0.05594, 0.08298, 0.13961],  precision=[0.00730, 0.00587, 0.00437, 0.00297], hit=[0.03641, 0.05837, 0.08660, 0.14590], ndcg=[0.02337, 0.03024, 0.03709, 0.04842], Train Rec Loss=[0.02993], Eval Rec Loss=[0.02997], c=[0.50000], F=[0.84333, 0.88343, 0.91179, 0.93957], F_fuse=[0.01448, 0.01167, 0.00871, 0.00591]
[ INFO : 2026-07-03 04:05:03,941 ] - Epoch 206: train==[132.42808 = 0.52158 + 1.72587 + 19.83041 + 0.01879 + 0.00000 + 0.00068 + 1225.89705]
[ INFO : 2026-07-03 04:05:12,457 ] - Test_@[5, 10, 20, 50]: Recall=[0.03496, 0.05578, 0.08372, 0.13946],  precision=[0.00736, 0.00586, 0.00442, 0.00296], hit=[0.03672, 0.05832, 0.08748, 0.14554], ndcg=[0.02344, 0.03018, 0.03727, 0.04840], Train Rec Loss=[0.02992], Eval Rec Loss=[0.02998], c=[0.50000], F=[0.84198, 0.88278, 0.91155, 0.93954], F_fuse=[0.01460, 0.01164, 0.00879, 0.00589]
[ INFO : 2026-07-03 04:07:31,976 ] - Epoch 207: train==[132.41980 = 0.52386 + 1.72587 + 19.81981 + 0.01883 + 0.00000 + 0.00069 + 1225.89705]
[ INFO : 2026-07-03 04:07:40,476 ] - Test_@[5, 10, 20, 50]: Recall=[0.03507, 0.05602, 0.08383, 0.13933],  precision=[0.00741, 0.00587, 0.00442, 0.00296], hit=[0.03692, 0.05837, 0.08753, 0.14564], ndcg=[0.02339, 0.03016, 0.03723, 0.04834], Train Rec Loss=[0.02992], Eval Rec Loss=[0.02999], c=[0.50000], F=[0.84315, 0.88278, 0.91154, 0.93815], F_fuse=[0.01468, 0.01167, 0.00879, 0.00590]
[ INFO : 2026-07-03 04:10:06,089 ] - Epoch 208: train==[132.53420 = 0.51896 + 1.72587 + 19.93903 + 0.01892 + 0.00000 + 0.00068 + 1225.89705]
[ INFO : 2026-07-03 04:10:14,649 ] - Test_@[5, 10, 20, 50]: Recall=[0.03525, 0.05631, 0.08357, 0.13957],  precision=[0.00742, 0.00591, 0.00441, 0.00296], hit=[0.03698, 0.05873, 0.08727, 0.14580], ndcg=[0.02353, 0.03033, 0.03725, 0.04844], Train Rec Loss=[0.02992], Eval Rec Loss=[0.02998], c=[0.50000], F=[0.84202, 0.88197, 0.91015, 0.93794], F_fuse=[0.01470, 0.01174, 0.00878, 0.00591]
[ INFO : 2026-07-03 04:12:38,148 ] - Epoch 209: train==[132.64323 = 0.51769 + 1.72588 + 20.04936 + 0.01889 + 0.00000 + 0.00068 + 1225.89705]
[ INFO : 2026-07-03 04:12:46,787 ] - Test_@[5, 10, 20, 50]: Recall=[0.03579, 0.05644, 0.08334, 0.13987],  precision=[0.00753, 0.00594, 0.00440, 0.00297], hit=[0.03754, 0.05904, 0.08712, 0.14605], ndcg=[0.02387, 0.03054, 0.03735, 0.04865], Train Rec Loss=[0.02992], Eval Rec Loss=[0.02997], c=[0.50000], F=[0.84136, 0.88033, 0.90844, 0.93664], F_fuse=[0.01492, 0.01180, 0.00875, 0.00592]
[ INFO : 2026-07-03 04:15:14,461 ] - Epoch 210: train==[132.53978 = 0.51660 + 1.72587 + 19.94701 + 0.01888 + 0.00000 + 0.00068 + 1225.89705]
[ INFO : 2026-07-03 04:15:22,980 ] - Test_@[5, 10, 20, 50]: Recall=[0.03512, 0.05477, 0.08317, 0.13778],  precision=[0.00740, 0.00575, 0.00438, 0.00292], hit=[0.03687, 0.05714, 0.08686, 0.14394], ndcg=[0.02354, 0.02987, 0.03711, 0.04802], Train Rec Loss=[0.02992], Eval Rec Loss=[0.02998], c=[0.50000], F=[0.84355, 0.88275, 0.91172, 0.93959], F_fuse=[0.01466, 0.01142, 0.00873, 0.00583]
[ INFO : 2026-07-03 04:17:46,494 ] - Epoch 211: train==[132.39273 = 0.51466 + 1.72587 + 19.80176 + 0.01902 + 0.00000 + 0.00068 + 1225.89705]
[ INFO : 2026-07-03 04:17:55,232 ] - Test_@[5, 10, 20, 50]: Recall=[0.03550, 0.05547, 0.08305, 0.13854],  precision=[0.00745, 0.00583, 0.00437, 0.00294], hit=[0.03713, 0.05801, 0.08660, 0.14466], ndcg=[0.02365, 0.03010, 0.03711, 0.04821], Train Rec Loss=[0.02992], Eval Rec Loss=[0.02997], c=[0.50000], F=[0.84061, 0.87944, 0.90743, 0.93573], F_fuse=[0.01476, 0.01159, 0.00870, 0.00586]
[ INFO : 2026-07-03 04:20:22,598 ] - Epoch 212: train==[132.39602 = 0.51628 + 1.72587 + 19.80339 + 0.01907 + 0.00000 + 0.00068 + 1225.89705]
[ INFO : 2026-07-03 04:20:31,341 ] - Test_@[5, 10, 20, 50]: Recall=[0.03522, 0.05596, 0.08342, 0.13975],  precision=[0.00741, 0.00589, 0.00440, 0.00296], hit=[0.03692, 0.05852, 0.08707, 0.14574], ndcg=[0.02362, 0.03034, 0.03731, 0.04857], Train Rec Loss=[0.02991], Eval Rec Loss=[0.02998], c=[0.50000], F=[0.84229, 0.88217, 0.91035, 0.93805], F_fuse=[0.01468, 0.01170, 0.00876, 0.00590]
[ INFO : 2026-07-03 04:22:54,809 ] - Epoch 213: train==[132.45389 = 0.51140 + 1.72587 + 19.86608 + 0.01913 + 0.00000 + 0.00068 + 1225.89705]
[ INFO : 2026-07-03 04:23:03,568 ] - Test_@[5, 10, 20, 50]: Recall=[0.03551, 0.05599, 0.08297, 0.13955],  precision=[0.00747, 0.00589, 0.00438, 0.00296], hit=[0.03723, 0.05852, 0.08676, 0.14569], ndcg=[0.02355, 0.03015, 0.03700, 0.04831], Train Rec Loss=[0.02991], Eval Rec Loss=[0.02998], c=[0.50000], F=[0.84181, 0.88014, 0.90792, 0.93594], F_fuse=[0.01480, 0.01170, 0.00871, 0.00590]
[ INFO : 2026-07-03 04:25:27,856 ] - Epoch 214: train==[132.56633 = 0.50700 + 1.72587 + 19.98288 + 0.01917 + 0.00000 + 0.00068 + 1225.89705]
[ INFO : 2026-07-03 04:25:36,490 ] - Test_@[5, 10, 20, 50]: Recall=[0.03508, 0.05558, 0.08300, 0.13975],  precision=[0.00738, 0.00584, 0.00437, 0.00296], hit=[0.03682, 0.05801, 0.08655, 0.14590], ndcg=[0.02347, 0.03009, 0.03704, 0.04840], Train Rec Loss=[0.02990], Eval Rec Loss=[0.02997], c=[0.50000], F=[0.84168, 0.88093, 0.90928, 0.93746], F_fuse=[0.01464, 0.01161, 0.00871, 0.00591]
[ INFO : 2026-07-03 04:28:23,564 ] - Epoch 215: train==[132.48581 = 0.50934 + 1.72586 + 19.90004 + 0.01914 + 0.00000 + 0.00069 + 1225.89705]
[ INFO : 2026-07-03 04:28:32,187 ] - Test_@[5, 10, 20, 50]: Recall=[0.03448, 0.05488, 0.08224, 0.13792],  precision=[0.00726, 0.00578, 0.00433, 0.00293], hit=[0.03620, 0.05744, 0.08568, 0.14415], ndcg=[0.02336, 0.02996, 0.03690, 0.04803], Train Rec Loss=[0.02992], Eval Rec Loss=[0.02997], c=[0.50000], F=[0.84301, 0.88254, 0.91095, 0.93830], F_fuse=[0.01440, 0.01148, 0.00861, 0.00583]
[ INFO : 2026-07-03 04:31:12,164 ] - Epoch 216: train==[132.40035 = 0.50942 + 1.72586 + 19.81442 + 0.01922 + 0.00000 + 0.00069 + 1225.89705]
[ INFO : 2026-07-03 04:31:20,853 ] - Test_@[5, 10, 20, 50]: Recall=[0.03533, 0.05484, 0.08242, 0.13905],  precision=[0.00743, 0.00576, 0.00434, 0.00295], hit=[0.03703, 0.05724, 0.08609, 0.14544], ndcg=[0.02361, 0.02993, 0.03697, 0.04830], Train Rec Loss=[0.02991], Eval Rec Loss=[0.02996], c=[0.50000], F=[0.84000, 0.88005, 0.90889, 0.93754], F_fuse=[0.01472, 0.01144, 0.00864, 0.00589]
[ INFO : 2026-07-03 04:33:58,548 ] - Epoch 217: train==[132.50633 = 0.50563 + 1.72586 + 19.92416 + 0.01924 + 0.00000 + 0.00070 + 1225.89705]
[ INFO : 2026-07-03 04:34:07,130 ] - Test_@[5, 10, 20, 50]: Recall=[0.03497, 0.05457, 0.08208, 0.13555],  precision=[0.00735, 0.00574, 0.00433, 0.00288], hit=[0.03667, 0.05708, 0.08573, 0.14163], ndcg=[0.02339, 0.02973, 0.03674, 0.04745], Train Rec Loss=[0.02990], Eval Rec Loss=[0.02997], c=[0.50000], F=[0.84131, 0.88105, 0.90954, 0.93888], F_fuse=[0.01458, 0.01141, 0.00861, 0.00574]
[ INFO : 2026-07-03 04:36:49,147 ] - Epoch 218: train==[132.47343 = 0.51101 + 1.72586 + 19.88586 + 0.01928 + 0.00000 + 0.00069 + 1225.89705]
[ INFO : 2026-07-03 04:36:57,875 ] - Test_@[5, 10, 20, 50]: Recall=[0.03556, 0.05531, 0.08219, 0.13765],  precision=[0.00748, 0.00582, 0.00433, 0.00292], hit=[0.03728, 0.05780, 0.08588, 0.14369], ndcg=[0.02365, 0.03002, 0.03685, 0.04795], Train Rec Loss=[0.02991], Eval Rec Loss=[0.02996], c=[0.50000], F=[0.84265, 0.88228, 0.91039, 0.93854], F_fuse=[0.01482, 0.01156, 0.00862, 0.00582]
[ INFO : 2026-07-03 04:39:56,782 ] - Epoch 219: train==[132.38318 = 0.50050 + 1.72586 + 19.80605 + 0.01936 + 0.00000 + 0.00068 + 1225.89705]
[ INFO : 2026-07-03 04:40:05,349 ] - Test_@[5, 10, 20, 50]: Recall=[0.03564, 0.05544, 0.08338, 0.13891],  precision=[0.00749, 0.00583, 0.00441, 0.00294], hit=[0.03734, 0.05791, 0.08727, 0.14487], ndcg=[0.02363, 0.03005, 0.03716, 0.04824], Train Rec Loss=[0.02990], Eval Rec Loss=[0.02996], c=[0.50000], F=[0.84151, 0.88100, 0.90931, 0.93681], F_fuse=[0.01484, 0.01159, 0.00877, 0.00587]
[ INFO : 2026-07-03 04:42:45,737 ] - Epoch 220: train==[132.46443 = 0.50482 + 1.72586 + 19.88295 + 0.01939 + 0.00000 + 0.00068 + 1225.89705]
[ INFO : 2026-07-03 04:42:54,405 ] - Test_@[5, 10, 20, 50]: Recall=[0.03506, 0.05506, 0.08237, 0.13865],  precision=[0.00735, 0.00579, 0.00434, 0.00295], hit=[0.03667, 0.05755, 0.08588, 0.14487], ndcg=[0.02355, 0.03003, 0.03698, 0.04824], Train Rec Loss=[0.02990], Eval Rec Loss=[0.02997], c=[0.50000], F=[0.84193, 0.88134, 0.90952, 0.93754], F_fuse=[0.01458, 0.01150, 0.00863, 0.00587]
[ INFO : 2026-07-03 04:45:39,207 ] - Epoch 221: train==[132.33764 = 0.50415 + 1.72586 + 19.75668 + 0.01952 + 0.00000 + 0.00068 + 1225.89705]
[ INFO : 2026-07-03 04:45:47,898 ] - Test_@[5, 10, 20, 50]: Recall=[0.03521, 0.05553, 0.08224, 0.13732],  precision=[0.00740, 0.00583, 0.00433, 0.00291], hit=[0.03687, 0.05796, 0.08583, 0.14338], ndcg=[0.02362, 0.03019, 0.03699, 0.04804], Train Rec Loss=[0.02991], Eval Rec Loss=[0.02996], c=[0.50000], F=[0.84244, 0.88281, 0.91059, 0.93866], F_fuse=[0.01466, 0.01159, 0.00862, 0.00581]
[ INFO : 2026-07-03 04:48:31,151 ] - Epoch 222: train==[132.41525 = 0.50436 + 1.72586 + 19.83412 + 0.01951 + 0.00000 + 0.00068 + 1225.89705]
[ INFO : 2026-07-03 04:48:39,869 ] - Test_@[5, 10, 20, 50]: Recall=[0.03483, 0.05393, 0.08081, 0.13776],  precision=[0.00732, 0.00567, 0.00427, 0.00292], hit=[0.03651, 0.05636, 0.08449, 0.14379], ndcg=[0.02353, 0.02973, 0.03659, 0.04799], Train Rec Loss=[0.02991], Eval Rec Loss=[0.02996], c=[0.50000], F=[0.84117, 0.88039, 0.90876, 0.93745], F_fuse=[0.01452, 0.01126, 0.00850, 0.00582]
[ INFO : 2026-07-03 04:51:33,566 ] - Epoch 223: train==[132.38344 = 0.50438 + 1.72586 + 19.80217 + 0.01961 + 0.00000 + 0.00069 + 1225.89705]
[ INFO : 2026-07-03 04:51:42,150 ] - Test_@[5, 10, 20, 50]: Recall=[0.03481, 0.05500, 0.08162, 0.13636],  precision=[0.00730, 0.00578, 0.00430, 0.00290], hit=[0.03646, 0.05744, 0.08527, 0.14240], ndcg=[0.02351, 0.03006, 0.03682, 0.04780], Train Rec Loss=[0.02990], Eval Rec Loss=[0.02996], c=[0.50000], F=[0.84177, 0.88060, 0.90905, 0.93749], F_fuse=[0.01448, 0.01149, 0.00856, 0.00577]
[ INFO : 2026-07-03 04:54:28,834 ] - Epoch 224: train==[132.41668 = 0.49648 + 1.72586 + 19.84327 + 0.01967 + 0.00000 + 0.00067 + 1225.89705]
[ INFO : 2026-07-03 04:54:38,279 ] - Test_@[5, 10, 20, 50]: Recall=[0.03560, 0.05560, 0.08258, 0.13922],  precision=[0.00748, 0.00585, 0.00435, 0.00295], hit=[0.03728, 0.05816, 0.08624, 0.14533], ndcg=[0.02369, 0.03017, 0.03704, 0.04838], Train Rec Loss=[0.02990], Eval Rec Loss=[0.02996], c=[0.50000], F=[0.84202, 0.88196, 0.90913, 0.93746], F_fuse=[0.01482, 0.01163, 0.00867, 0.00588]
[ INFO : 2026-07-03 04:57:12,695 ] - Epoch 225: train==[132.35210 = 0.49525 + 1.72586 + 19.77985 + 0.01973 + 0.00000 + 0.00068 + 1225.89705]
[ INFO : 2026-07-03 04:57:21,377 ] - Test_@[5, 10, 20, 50]: Recall=[0.03524, 0.05558, 0.08221, 0.13824],  precision=[0.00742, 0.00585, 0.00433, 0.00293], hit=[0.03698, 0.05811, 0.08583, 0.14430], ndcg=[0.02353, 0.03011, 0.03686, 0.04808], Train Rec Loss=[0.02990], Eval Rec Loss=[0.02996], c=[0.50000], F=[0.84199, 0.88057, 0.90917, 0.93759], F_fuse=[0.01470, 0.01163, 0.00862, 0.00585]
[ INFO : 2026-07-03 04:59:43,855 ] - Epoch 226: train==[132.39072 = 0.49592 + 1.72586 + 19.81778 + 0.01975 + 0.00000 + 0.00067 + 1225.89705]
[ INFO : 2026-07-03 04:59:52,651 ] - Test_@[5, 10, 20, 50]: Recall=[0.03538, 0.05608, 0.08236, 0.13860],  precision=[0.00746, 0.00590, 0.00434, 0.00294], hit=[0.03718, 0.05863, 0.08609, 0.14472], ndcg=[0.02367, 0.03037, 0.03706, 0.04833], Train Rec Loss=[0.02990], Eval Rec Loss=[0.02996], c=[0.50000], F=[0.84193, 0.88095, 0.90916, 0.93746], F_fuse=[0.01478, 0.01172, 0.00864, 0.00586]
[ INFO : 2026-07-03 05:02:22,660 ] - Epoch 227: train==[132.35224 = 0.49591 + 1.72585 + 19.77922 + 0.01985 + 0.00000 + 0.00067 + 1225.89705]
[ INFO : 2026-07-03 05:02:31,346 ] - Test_@[5, 10, 20, 50]: Recall=[0.03542, 0.05490, 0.08178, 0.13707],  precision=[0.00745, 0.00576, 0.00431, 0.00291], hit=[0.03713, 0.05729, 0.08552, 0.14307], ndcg=[0.02363, 0.02993, 0.03679, 0.04784], Train Rec Loss=[0.02990], Eval Rec Loss=[0.02996], c=[0.50000], F=[0.84288, 0.88157, 0.91074, 0.93868], F_fuse=[0.01476, 0.01146, 0.00858, 0.00580]
[ INFO : 2026-07-03 05:05:15,851 ] - Epoch 228: train==[132.39558 = 0.49210 + 1.72586 + 19.82638 + 0.01983 + 0.00000 + 0.00068 + 1225.89705]
[ INFO : 2026-07-03 05:05:24,574 ] - Test_@[5, 10, 20, 50]: Recall=[0.03520, 0.05537, 0.08285, 0.13739],  precision=[0.00740, 0.00582, 0.00436, 0.00291], hit=[0.03692, 0.05786, 0.08645, 0.14353], ndcg=[0.02370, 0.03021, 0.03718, 0.04808], Train Rec Loss=[0.02990], Eval Rec Loss=[0.02996], c=[0.50000], F=[0.84094, 0.88087, 0.90924, 0.93834], F_fuse=[0.01466, 0.01156, 0.00868, 0.00581]
[ INFO : 2026-07-03 05:07:58,360 ] - Epoch 229: train==[132.26221 = 0.48972 + 1.72585 + 19.69530 + 0.01993 + 0.00000 + 0.00067 + 1225.89705]
[ INFO : 2026-07-03 05:08:07,056 ] - Test_@[5, 10, 20, 50]: Recall=[0.03510, 0.05411, 0.08167, 0.13552],  precision=[0.00736, 0.00569, 0.00430, 0.00287], hit=[0.03677, 0.05662, 0.08532, 0.14153], ndcg=[0.02367, 0.02983, 0.03683, 0.04762], Train Rec Loss=[0.02989], Eval Rec Loss=[0.02996], c=[0.50000], F=[0.84205, 0.88126, 0.91024, 0.93866], F_fuse=[0.01460, 0.01131, 0.00856, 0.00573]
[ INFO : 2026-07-03 05:10:57,449 ] - Epoch 230: train==[132.40983 = 0.49059 + 1.72585 + 19.84211 + 0.01986 + 0.00000 + 0.00069 + 1225.89705]
[ INFO : 2026-07-03 05:11:06,099 ] - Test_@[5, 10, 20, 50]: Recall=[0.03511, 0.05557, 0.08277, 0.13741],  precision=[0.00736, 0.00584, 0.00436, 0.00292], hit=[0.03677, 0.05806, 0.08645, 0.14343], ndcg=[0.02356, 0.03020, 0.03709, 0.04804], Train Rec Loss=[0.02989], Eval Rec Loss=[0.02996], c=[0.50000], F=[0.84082, 0.88067, 0.90878, 0.93732], F_fuse=[0.01460, 0.01160, 0.00868, 0.00582]
[ INFO : 2026-07-03 05:13:52,267 ] - Epoch 231: train==[132.39249 = 0.49192 + 1.72585 + 19.82341 + 0.01990 + 0.00000 + 0.00068 + 1225.89705]
[ INFO : 2026-07-03 05:14:01,014 ] - Test_@[5, 10, 20, 50]: Recall=[0.03565, 0.05557, 0.08273, 0.13921],  precision=[0.00748, 0.00584, 0.00436, 0.00295], hit=[0.03734, 0.05801, 0.08640, 0.14538], ndcg=[0.02373, 0.03017, 0.03707, 0.04837], Train Rec Loss=[0.02990], Eval Rec Loss=[0.02996], c=[0.50000], F=[0.84145, 0.88064, 0.90811, 0.93654], F_fuse=[0.01482, 0.01160, 0.00869, 0.00589]
[ INFO : 2026-07-03 05:16:41,492 ] - Epoch 232: train==[132.22819 = 0.48791 + 1.72585 + 19.66301 + 0.02002 + 0.00000 + 0.00067 + 1225.89705]
[ INFO : 2026-07-03 05:16:50,174 ] - Test_@[5, 10, 20, 50]: Recall=[0.03511, 0.05545, 0.08240, 0.13775],  precision=[0.00735, 0.00584, 0.00434, 0.00292], hit=[0.03672, 0.05806, 0.08609, 0.14374], ndcg=[0.02370, 0.03033, 0.03718, 0.04827], Train Rec Loss=[0.02989], Eval Rec Loss=[0.02996], c=[0.50000], F=[0.84106, 0.88032, 0.90813, 0.93669], F_fuse=[0.01458, 0.01161, 0.00864, 0.00583]
[ INFO : 2026-07-03 05:19:24,264 ] - Epoch 233: train==[132.27517 = 0.48953 + 1.72584 + 19.70830 + 0.02009 + 0.00000 + 0.00067 + 1225.89705]
[ INFO : 2026-07-03 05:19:33,007 ] - Test_@[5, 10, 20, 50]: Recall=[0.03481, 0.05500, 0.08166, 0.13707],  precision=[0.00730, 0.00579, 0.00430, 0.00291], hit=[0.03646, 0.05744, 0.08532, 0.14312], ndcg=[0.02350, 0.03005, 0.03684, 0.04795], Train Rec Loss=[0.02990], Eval Rec Loss=[0.02995], c=[0.50000], F=[0.84261, 0.88181, 0.91002, 0.93795], F_fuse=[0.01448, 0.01150, 0.00857, 0.00580]
[ INFO : 2026-07-03 05:22:30,526 ] - Epoch 234: train==[132.24790 = 0.48188 + 1.72584 + 19.68869 + 0.02007 + 0.00000 + 0.00067 + 1225.89705]
[ INFO : 2026-07-03 05:22:39,121 ] - Test_@[5, 10, 20, 50]: Recall=[0.03522, 0.05551, 0.08223, 0.13788],  precision=[0.00738, 0.00584, 0.00434, 0.00293], hit=[0.03687, 0.05796, 0.08593, 0.14394], ndcg=[0.02359, 0.03016, 0.03697, 0.04811], Train Rec Loss=[0.02990], Eval Rec Loss=[0.02996], c=[0.50000], F=[0.84214, 0.88152, 0.90900, 0.93716], F_fuse=[0.01464, 0.01160, 0.00863, 0.00583]
[ INFO : 2026-07-03 05:25:13,605 ] - Epoch 235: train==[132.29688 = 0.48490 + 1.72584 + 19.73459 + 0.02013 + 0.00000 + 0.00068 + 1225.89705]
[ INFO : 2026-07-03 05:25:22,263 ] - Test_@[5, 10, 20, 50]: Recall=[0.03500, 0.05355, 0.08179, 0.13604],  precision=[0.00734, 0.00563, 0.00431, 0.00289], hit=[0.03667, 0.05590, 0.08547, 0.14214], ndcg=[0.02362, 0.02966, 0.03682, 0.04768], Train Rec Loss=[0.02989], Eval Rec Loss=[0.02995], c=[0.50000], F=[0.84302, 0.88287, 0.91112, 0.93924], F_fuse=[0.01456, 0.01118, 0.00858, 0.00575]
[ INFO : 2026-07-03 05:28:00,534 ] - Epoch 236: train==[132.31982 = 0.48730 + 1.72584 + 19.75507 + 0.02019 + 0.00000 + 0.00068 + 1225.89705]
[ INFO : 2026-07-03 05:28:09,153 ] - Test_@[5, 10, 20, 50]: Recall=[0.03508, 0.05604, 0.08310, 0.13798],  precision=[0.00735, 0.00589, 0.00438, 0.00293], hit=[0.03672, 0.05847, 0.08696, 0.14415], ndcg=[0.02356, 0.03035, 0.03721, 0.04819], Train Rec Loss=[0.02990], Eval Rec Loss=[0.02995], c=[0.50000], F=[0.84182, 0.88114, 0.90919, 0.93750], F_fuse=[0.01458, 0.01170, 0.00873, 0.00584]
[ INFO : 2026-07-03 05:30:41,765 ] - Epoch 237: train==[132.16867 = 0.48112 + 1.72584 + 19.61008 + 0.02019 + 0.00000 + 0.00069 + 1225.89705]
[ INFO : 2026-07-03 05:30:50,492 ] - Test_@[5, 10, 20, 50]: Recall=[0.03452, 0.05380, 0.08104, 0.13459],  precision=[0.00724, 0.00567, 0.00427, 0.00286], hit=[0.03615, 0.05631, 0.08465, 0.14065], ndcg=[0.02338, 0.02965, 0.03657, 0.04729], Train Rec Loss=[0.02989], Eval Rec Loss=[0.02995], c=[0.50000], F=[0.84158, 0.88225, 0.91118, 0.94008], F_fuse=[0.01436, 0.01126, 0.00850, 0.00570]
[ INFO : 2026-07-03 05:33:44,779 ] - Epoch 238: train==[132.30731 = 0.48154 + 1.72584 + 19.74833 + 0.02018 + 0.00000 + 0.00069 + 1225.89705]
[ INFO : 2026-07-03 05:33:53,443 ] - Test_@[5, 10, 20, 50]: Recall=[0.03482, 0.05462, 0.08203, 0.13479],  precision=[0.00730, 0.00573, 0.00433, 0.00286], hit=[0.03646, 0.05693, 0.08578, 0.14091], ndcg=[0.02343, 0.02983, 0.03680, 0.04738], Train Rec Loss=[0.02989], Eval Rec Loss=[0.02994], c=[0.50000], F=[0.84259, 0.88225, 0.91040, 0.93869], F_fuse=[0.01448, 0.01138, 0.00862, 0.00570]
[ INFO : 2026-07-03 05:36:20,110 ] - Epoch 239: train==[132.26600 = 0.48107 + 1.72583 + 19.70739 + 0.02030 + 0.00000 + 0.00067 + 1225.89705]
[ INFO : 2026-07-03 05:36:28,809 ] - Test_@[5, 10, 20, 50]: Recall=[0.03479, 0.05419, 0.08017, 0.13423],  precision=[0.00730, 0.00570, 0.00423, 0.00285], hit=[0.03646, 0.05662, 0.08372, 0.14040], ndcg=[0.02361, 0.02990, 0.03649, 0.04734], Train Rec Loss=[0.02989], Eval Rec Loss=[0.02994], c=[0.50000], F=[0.84261, 0.88284, 0.91185, 0.94006], F_fuse=[0.01448, 0.01132, 0.00842, 0.00568]
[ INFO : 2026-07-03 05:38:50,161 ] - Epoch 240: train==[132.35215 = 0.47868 + 1.72583 + 19.79599 + 0.02023 + 0.00000 + 0.00068 + 1225.89705]
[ INFO : 2026-07-03 05:38:58,844 ] - Test_@[5, 10, 20, 50]: Recall=[0.03538, 0.05515, 0.08201, 0.13742],  precision=[0.00742, 0.00580, 0.00432, 0.00291], hit=[0.03703, 0.05755, 0.08568, 0.14348], ndcg=[0.02383, 0.03023, 0.03705, 0.04813], Train Rec Loss=[0.02988], Eval Rec Loss=[0.02995], c=[0.50000], F=[0.84295, 0.88232, 0.91010, 0.93814], F_fuse=[0.01470, 0.01152, 0.00860, 0.00581]
[ INFO : 2026-07-03 05:41:20,534 ] - Epoch 241: train==[132.22702 = 0.47855 + 1.72584 + 19.67085 + 0.02036 + 0.00000 + 0.00068 + 1225.89705]
[ INFO : 2026-07-03 05:41:29,223 ] - Test_@[5, 10, 20, 50]: Recall=[0.03518, 0.05377, 0.08246, 0.13503],  precision=[0.00737, 0.00566, 0.00434, 0.00287], hit=[0.03682, 0.05626, 0.08604, 0.14106], ndcg=[0.02368, 0.02968, 0.03695, 0.04746], Train Rec Loss=[0.02989], Eval Rec Loss=[0.02995], c=[0.50000], F=[0.84087, 0.88035, 0.90898, 0.93742], F_fuse=[0.01462, 0.01124, 0.00864, 0.00572]
[ INFO : 2026-07-03 05:43:50,866 ] - Epoch 242: train==[132.27870 = 0.47589 + 1.72583 + 19.72525 + 0.02032 + 0.00000 + 0.00068 + 1225.89705]
[ INFO : 2026-07-03 05:43:59,562 ] - Test_@[5, 10, 20, 50]: Recall=[0.03492, 0.05382, 0.08070, 0.13428],  precision=[0.00733, 0.00566, 0.00425, 0.00285], hit=[0.03662, 0.05626, 0.08429, 0.14029], ndcg=[0.02376, 0.02991, 0.03675, 0.04752], Train Rec Loss=[0.02989], Eval Rec Loss=[0.02995], c=[0.50000], F=[0.84254, 0.88233, 0.91094, 0.93965], F_fuse=[0.01454, 0.01125, 0.00846, 0.00567]
[ INFO : 2026-07-03 05:46:29,923 ] - Epoch 243: train==[132.21928 = 0.47546 + 1.72583 + 19.66605 + 0.02054 + 0.00000 + 0.00067 + 1225.89705]
[ INFO : 2026-07-03 05:46:38,593 ] - Test_@[5, 10, 20, 50]: Recall=[0.03519, 0.05313, 0.08157, 0.13387],  precision=[0.00737, 0.00559, 0.00430, 0.00284], hit=[0.03682, 0.05549, 0.08521, 0.14004], ndcg=[0.02371, 0.02955, 0.03677, 0.04725], Train Rec Loss=[0.02988], Eval Rec Loss=[0.02995], c=[0.50000], F=[0.84148, 0.88220, 0.91028, 0.93921], F_fuse=[0.01462, 0.01111, 0.00856, 0.00567]
[ INFO : 2026-07-03 05:49:00,972 ] - Epoch 244: train==[132.26149 = 0.47193 + 1.72582 + 19.71184 + 0.02048 + 0.00000 + 0.00067 + 1225.89705]
[ INFO : 2026-07-03 05:49:09,686 ] - Test_@[5, 10, 20, 50]: Recall=[0.03509, 0.05342, 0.08076, 0.13447],  precision=[0.00734, 0.00562, 0.00425, 0.00285], hit=[0.03667, 0.05580, 0.08434, 0.14040], ndcg=[0.02362, 0.02959, 0.03654, 0.04730], Train Rec Loss=[0.02989], Eval Rec Loss=[0.02994], c=[0.50000], F=[0.84164, 0.88043, 0.90882, 0.93753], F_fuse=[0.01456, 0.01116, 0.00847, 0.00568]
[ INFO : 2026-07-03 05:51:31,293 ] - Epoch 245: train==[132.22766 = 0.47327 + 1.72582 + 19.67663 + 0.02053 + 0.00000 + 0.00067 + 1225.89705]
[ INFO : 2026-07-03 05:51:39,967 ] - Test_@[5, 10, 20, 50]: Recall=[0.03482, 0.05449, 0.08200, 0.13469],  precision=[0.00731, 0.00573, 0.00432, 0.00286], hit=[0.03651, 0.05698, 0.08568, 0.14076], ndcg=[0.02343, 0.02983, 0.03681, 0.04739], Train Rec Loss=[0.02989], Eval Rec Loss=[0.02995], c=[0.50000], F=[0.84285, 0.88217, 0.91012, 0.93812], F_fuse=[0.01450, 0.01139, 0.00860, 0.00571]
[ INFO : 2026-07-03 05:54:04,371 ] - Epoch 246: train==[132.20422 = 0.47486 + 1.72582 + 19.65150 + 0.02062 + 0.00000 + 0.00067 + 1225.89705]
[ INFO : 2026-07-03 05:54:13,053 ] - Test_@[5, 10, 20, 50]: Recall=[0.03499, 0.05449, 0.08178, 0.13650],  precision=[0.00733, 0.00573, 0.00431, 0.00290], hit=[0.03662, 0.05693, 0.08552, 0.14266], ndcg=[0.02347, 0.02980, 0.03676, 0.04772], Train Rec Loss=[0.02988], Eval Rec Loss=[0.02995], c=[0.50000], F=[0.84195, 0.88125, 0.91016, 0.93890], F_fuse=[0.01454, 0.01138, 0.00858, 0.00577]
[ INFO : 2026-07-03 05:56:40,723 ] - Epoch 247: train==[132.21182 = 0.47504 + 1.72582 + 19.65896 + 0.02057 + 0.00000 + 0.00069 + 1225.89705]
[ INFO : 2026-07-03 05:56:49,400 ] - Test_@[5, 10, 20, 50]: Recall=[0.03508, 0.05498, 0.08176, 0.13681],  precision=[0.00736, 0.00576, 0.00431, 0.00290], hit=[0.03672, 0.05724, 0.08542, 0.14286], ndcg=[0.02363, 0.03006, 0.03685, 0.04788], Train Rec Loss=[0.02989], Eval Rec Loss=[0.02995], c=[0.50000], F=[0.84150, 0.88035, 0.90882, 0.93643], F_fuse=[0.01460, 0.01144, 0.00858, 0.00579]
[ INFO : 2026-07-03 05:59:13,446 ] - Epoch 248: train==[132.31053 = 0.47128 + 1.72582 + 19.76139 + 0.02064 + 0.00000 + 0.00068 + 1225.89705]
[ INFO : 2026-07-03 05:59:22,066 ] - Test_@[5, 10, 20, 50]: Recall=[0.03457, 0.05385, 0.08126, 0.13455],  precision=[0.00725, 0.00567, 0.00427, 0.00286], hit=[0.03620, 0.05631, 0.08485, 0.14050], ndcg=[0.02335, 0.02963, 0.03658, 0.04729], Train Rec Loss=[0.02988], Eval Rec Loss=[0.02995], c=[0.50000], F=[0.84119, 0.88107, 0.91058, 0.93905], F_fuse=[0.01438, 0.01127, 0.00851, 0.00569]
[ INFO : 2026-07-03 06:01:49,286 ] - Epoch 249: train==[132.11831 = 0.47058 + 1.72581 + 19.56979 + 0.02071 + 0.00000 + 0.00068 + 1225.89705]
[ INFO : 2026-07-03 06:01:57,900 ] - Test_@[5, 10, 20, 50]: Recall=[0.03491, 0.05420, 0.08148, 0.13553],  precision=[0.00733, 0.00569, 0.00429, 0.00288], hit=[0.03662, 0.05657, 0.08511, 0.14163], ndcg=[0.02355, 0.02980, 0.03672, 0.04754], Train Rec Loss=[0.02989], Eval Rec Loss=[0.02995], c=[0.50000], F=[0.84239, 0.88169, 0.91003, 0.93885], F_fuse=[0.01454, 0.01131, 0.00855, 0.00574]
[ INFO : 2026-07-03 06:04:28,300 ] - Epoch 250: train==[132.24723 = 0.46714 + 1.72581 + 19.70214 + 0.02071 + 0.00000 + 0.00070 + 1225.89705]
[ INFO : 2026-07-03 06:04:37,016 ] - Test_@[5, 10, 20, 50]: Recall=[0.03447, 0.05464, 0.08072, 0.13526],  precision=[0.00723, 0.00574, 0.00426, 0.00287], hit=[0.03610, 0.05698, 0.08439, 0.14132], ndcg=[0.02339, 0.02995, 0.03658, 0.04752], Train Rec Loss=[0.02989], Eval Rec Loss=[0.02994], c=[0.50000], F=[0.84271, 0.88154, 0.91014, 0.93853], F_fuse=[0.01434, 0.01140, 0.00847, 0.00572]
[ INFO : 2026-07-03 06:07:04,723 ] - Epoch 251: train==[132.19946 = 0.46576 + 1.72581 + 19.65569 + 0.02076 + 0.00000 + 0.00070 + 1225.89705]
[ INFO : 2026-07-03 06:07:15,901 ] - Test_@[5, 10, 20, 50]: Recall=[0.03509, 0.05457, 0.08125, 0.13524],  precision=[0.00734, 0.00573, 0.00428, 0.00287], hit=[0.03672, 0.05698, 0.08480, 0.14127], ndcg=[0.02349, 0.02980, 0.03655, 0.04735], Train Rec Loss=[0.02988], Eval Rec Loss=[0.02994], c=[0.50000], F=[0.84235, 0.88153, 0.91009, 0.93917], F_fuse=[0.01456, 0.01139, 0.00852, 0.00572]
[ INFO : 2026-07-03 06:09:40,669 ] - Epoch 252: train==[132.22352 = 0.46667 + 1.72581 + 19.67881 + 0.02083 + 0.00000 + 0.00067 + 1225.89705]
[ INFO : 2026-07-03 06:09:49,414 ] - Test_@[5, 10, 20, 50]: Recall=[0.03522, 0.05368, 0.08225, 0.13547],  precision=[0.00737, 0.00564, 0.00434, 0.00287], hit=[0.03682, 0.05600, 0.08599, 0.14137], ndcg=[0.02364, 0.02961, 0.03685, 0.04748], Train Rec Loss=[0.02990], Eval Rec Loss=[0.02995], c=[0.50000], F=[0.84142, 0.88143, 0.91005, 0.93865], F_fuse=[0.01462, 0.01120, 0.00864, 0.00573]
[ INFO : 2026-07-03 06:12:12,110 ] - Epoch 253: train==[132.17717 = 0.46281 + 1.72580 + 19.63625 + 0.02090 + 0.00000 + 0.00067 + 1225.89705]
[ INFO : 2026-07-03 06:12:20,782 ] - Test_@[5, 10, 20, 50]: Recall=[0.03501, 0.05278, 0.08183, 0.13492],  precision=[0.00733, 0.00554, 0.00431, 0.00286], hit=[0.03662, 0.05508, 0.08552, 0.14081], ndcg=[0.02367, 0.02946, 0.03683, 0.04745], Train Rec Loss=[0.02988], Eval Rec Loss=[0.02995], c=[0.50000], F=[0.84140, 0.88170, 0.91038, 0.93915], F_fuse=[0.01454, 0.01101, 0.00858, 0.00571]
[ INFO : 2026-07-03 06:14:44,425 ] - Epoch 254: train==[132.10160 = 0.46407 + 1.72580 + 19.55935 + 0.02097 + 0.00000 + 0.00067 + 1225.89705]
[ INFO : 2026-07-03 06:14:53,122 ] - Test_@[5, 10, 20, 50]: Recall=[0.03479, 0.05308, 0.08020, 0.13290],  precision=[0.00729, 0.00557, 0.00423, 0.00282], hit=[0.03641, 0.05544, 0.08377, 0.13880], ndcg=[0.02350, 0.02946, 0.03632, 0.04686], Train Rec Loss=[0.02988], Eval Rec Loss=[0.02994], c=[0.50000], F=[0.84274, 0.88223, 0.91051, 0.93947], F_fuse=[0.01446, 0.01108, 0.00842, 0.00562]
[ INFO : 2026-07-03 06:17:15,118 ] - Epoch 255: train==[132.27623 = 0.46320 + 1.72579 + 19.73481 + 0.02101 + 0.00000 + 0.00067 + 1225.89705]
[ INFO : 2026-07-03 06:17:24,606 ] - Test_@[5, 10, 20, 50]: Recall=[0.03479, 0.05380, 0.08047, 0.13534],  precision=[0.00728, 0.00565, 0.00424, 0.00288], hit=[0.03636, 0.05606, 0.08403, 0.14153], ndcg=[0.02348, 0.02964, 0.03641, 0.04738], Train Rec Loss=[0.02988], Eval Rec Loss=[0.02995], c=[0.50000], F=[0.84187, 0.88160, 0.91021, 0.93847], F_fuse=[0.01444, 0.01122, 0.00845, 0.00573]
[ INFO : 2026-07-03 06:19:49,829 ] - Epoch 256: train==[132.16213 = 0.46245 + 1.72579 + 19.62153 + 0.02092 + 0.00000 + 0.00070 + 1225.89705]
[ INFO : 2026-07-03 06:19:58,482 ] - Test_@[5, 10, 20, 50]: Recall=[0.03472, 0.05298, 0.08112, 0.13512],  precision=[0.00730, 0.00557, 0.00428, 0.00287], hit=[0.03641, 0.05539, 0.08475, 0.14112], ndcg=[0.02324, 0.02917, 0.03632, 0.04712], Train Rec Loss=[0.02988], Eval Rec Loss=[0.02994], c=[0.50000], F=[0.84236, 0.88153, 0.90969, 0.93809], F_fuse=[0.01448, 0.01108, 0.00851, 0.00572]
[ INFO : 2026-07-03 06:22:22,856 ] - Epoch 257: train==[132.18364 = 0.46308 + 1.72579 + 19.64239 + 0.02097 + 0.00000 + 0.00068 + 1225.89705]
[ INFO : 2026-07-03 06:22:31,593 ] - Test_@[5, 10, 20, 50]: Recall=[0.03483, 0.05379, 0.08076, 0.13368],  precision=[0.00730, 0.00565, 0.00425, 0.00284], hit=[0.03646, 0.05611, 0.08434, 0.13973], ndcg=[0.02363, 0.02977, 0.03659, 0.04719], Train Rec Loss=[0.02989], Eval Rec Loss=[0.02994], c=[0.50000], F=[0.84204, 0.88096, 0.90941, 0.93806], F_fuse=[0.01448, 0.01122, 0.00846, 0.00566]
[ INFO : 2026-07-03 06:24:56,298 ] - Epoch 258: train==[132.15303 = 0.46184 + 1.72578 + 19.61294 + 0.02106 + 0.00000 + 0.00068 + 1225.89705]
[ INFO : 2026-07-03 06:25:04,948 ] - Test_@[5, 10, 20, 50]: Recall=[0.03463, 0.05396, 0.08050, 0.13452],  precision=[0.00726, 0.00567, 0.00424, 0.00286], hit=[0.03626, 0.05631, 0.08408, 0.14050], ndcg=[0.02331, 0.02961, 0.03633, 0.04716], Train Rec Loss=[0.02988], Eval Rec Loss=[0.02995], c=[0.50000], F=[0.84229, 0.88156, 0.90984, 0.93809], F_fuse=[0.01440, 0.01127, 0.00844, 0.00569]
[ INFO : 2026-07-03 06:27:30,533 ] - Epoch 259: train==[132.00265 = 0.45913 + 1.72578 + 19.46515 + 0.02116 + 0.00000 + 0.00069 + 1225.89705]
[ INFO : 2026-07-03 06:27:39,237 ] - Test_@[5, 10, 20, 50]: Recall=[0.03429, 0.05289, 0.07866, 0.13146],  precision=[0.00721, 0.00556, 0.00415, 0.00279], hit=[0.03595, 0.05523, 0.08228, 0.13762], ndcg=[0.02335, 0.02939, 0.03595, 0.04656], Train Rec Loss=[0.02989], Eval Rec Loss=[0.02995], c=[0.50000], F=[0.84166, 0.88196, 0.91185, 0.94097], F_fuse=[0.01430, 0.01105, 0.00827, 0.00557]
[ INFO : 2026-07-03 06:30:03,845 ] - Epoch 260: train==[132.13996 = 0.45621 + 1.72578 + 19.60543 + 0.02111 + 0.00000 + 0.00068 + 1225.89705]
[ INFO : 2026-07-03 06:30:12,549 ] - Test_@[5, 10, 20, 50]: Recall=[0.03469, 0.05279, 0.08027, 0.13388],  precision=[0.00728, 0.00556, 0.00424, 0.00284], hit=[0.03631, 0.05523, 0.08398, 0.13978], ndcg=[0.02347, 0.02938, 0.03635, 0.04708], Train Rec Loss=[0.02989], Eval Rec Loss=[0.02995], c=[0.50000], F=[0.84274, 0.88186, 0.91075, 0.93913], F_fuse=[0.01444, 0.01105, 0.00844, 0.00566]
[ INFO : 2026-07-03 06:32:43,354 ] - Epoch 261: train==[132.14020 = 0.45983 + 1.72577 + 19.60201 + 0.02116 + 0.00000 + 0.00069 + 1225.89705]
[ INFO : 2026-07-03 06:32:52,176 ] - Test_@[5, 10, 20, 50]: Recall=[0.03488, 0.05402, 0.08117, 0.13451],  precision=[0.00731, 0.00568, 0.00427, 0.00286], hit=[0.03651, 0.05636, 0.08470, 0.14065], ndcg=[0.02345, 0.02964, 0.03652, 0.04721], Train Rec Loss=[0.02989], Eval Rec Loss=[0.02995], c=[0.50000], F=[0.84225, 0.88001, 0.90894, 0.93694], F_fuse=[0.01450, 0.01128, 0.00851, 0.00569]
[ INFO : 2026-07-03 06:35:18,126 ] - Epoch 262: train==[132.24527 = 0.45893 + 1.72577 + 19.70788 + 0.02127 + 0.00000 + 0.00068 + 1225.89705]
[ INFO : 2026-07-03 06:35:26,790 ] - Test_@[5, 10, 20, 50]: Recall=[0.03418, 0.05269, 0.07935, 0.13129],  precision=[0.00719, 0.00554, 0.00418, 0.00279], hit=[0.03590, 0.05508, 0.08280, 0.13726], ndcg=[0.02311, 0.02913, 0.03590, 0.04632], Train Rec Loss=[0.02989], Eval Rec Loss=[0.02995], c=[0.50000], F=[0.84262, 0.88181, 0.91151, 0.94105], F_fuse=[0.01426, 0.01102, 0.00832, 0.00555]
[ INFO : 2026-07-03 06:37:54,622 ] - Epoch 263: train==[132.10245 = 0.45559 + 1.72576 + 19.56839 + 0.02127 + 0.00000 + 0.00069 + 1225.89705]
[ INFO : 2026-07-03 06:38:03,287 ] - Test_@[5, 10, 20, 50]: Recall=[0.03503, 0.05347, 0.08101, 0.13351],  precision=[0.00735, 0.00562, 0.00427, 0.00284], hit=[0.03667, 0.05580, 0.08465, 0.13952], ndcg=[0.02364, 0.02964, 0.03663, 0.04718], Train Rec Loss=[0.02989], Eval Rec Loss=[0.02995], c=[0.50000], F=[0.84016, 0.87949, 0.90800, 0.93710], F_fuse=[0.01458, 0.01117, 0.00850, 0.00566]
[ INFO : 2026-07-03 06:40:27,387 ] - Epoch 264: train==[132.16806 = 0.45278 + 1.72576 + 19.63678 + 0.02133 + 0.00000 + 0.00068 + 1225.89705]
[ INFO : 2026-07-03 06:40:36,065 ] - Test_@[5, 10, 20, 50]: Recall=[0.03495, 0.05382, 0.08203, 0.13493],  precision=[0.00733, 0.00567, 0.00433, 0.00287], hit=[0.03656, 0.05631, 0.08578, 0.14106], ndcg=[0.02355, 0.02966, 0.03680, 0.04739], Train Rec Loss=[0.02990], Eval Rec Loss=[0.02996], c=[0.50000], F=[0.84212, 0.88156, 0.90955, 0.93842], F_fuse=[0.01454, 0.01127, 0.00861, 0.00571]
[ INFO : 2026-07-03 06:42:58,638 ] - Epoch 265: train==[132.16159 = 0.45370 + 1.72576 + 19.62936 + 0.02138 + 0.00000 + 0.00066 + 1225.89705]
[ INFO : 2026-07-03 06:43:07,287 ] - Test_@[5, 10, 20, 50]: Recall=[0.03403, 0.05305, 0.08079, 0.13310],  precision=[0.00714, 0.00557, 0.00426, 0.00282], hit=[0.03564, 0.05539, 0.08434, 0.13901], ndcg=[0.02311, 0.02930, 0.03635, 0.04684], Train Rec Loss=[0.02989], Eval Rec Loss=[0.02994], c=[0.50000], F=[0.84087, 0.88053, 0.90921, 0.93915], F_fuse=[0.01416, 0.01108, 0.00847, 0.00563]
[ INFO : 2026-07-03 06:45:37,403 ] - Epoch 266: train==[132.12866 = 0.45370 + 1.72575 + 19.59646 + 0.02134 + 0.00000 + 0.00068 + 1225.89705]
[ INFO : 2026-07-03 06:45:46,141 ] - Test_@[5, 10, 20, 50]: Recall=[0.03441, 0.05401, 0.08024, 0.13334],  precision=[0.00722, 0.00569, 0.00422, 0.00283], hit=[0.03600, 0.05652, 0.08372, 0.13942], ndcg=[0.02317, 0.02956, 0.03621, 0.04688], Train Rec Loss=[0.02989], Eval Rec Loss=[0.02995], c=[0.50000], F=[0.84217, 0.88196, 0.91019, 0.93955], F_fuse=[0.01432, 0.01130, 0.00841, 0.00565]
[ INFO : 2026-07-03 06:48:12,862 ] - Epoch 267: train==[132.15405 = 0.45008 + 1.72574 + 19.62543 + 0.02138 + 0.00000 + 0.00068 + 1225.89705]
[ INFO : 2026-07-03 06:48:21,671 ] - Test_@[5, 10, 20, 50]: Recall=[0.03445, 0.05362, 0.08058, 0.13388],  precision=[0.00722, 0.00564, 0.00425, 0.00284], hit=[0.03605, 0.05606, 0.08413, 0.13993], ndcg=[0.02335, 0.02956, 0.03642, 0.04711], Train Rec Loss=[0.02989], Eval Rec Loss=[0.02995], c=[0.50000], F=[0.84095, 0.88059, 0.90885, 0.93890], F_fuse=[0.01432, 0.01121, 0.00845, 0.00566]
[ INFO : 2026-07-03 06:50:54,258 ] - Epoch 268: train==[132.06141 = 0.45032 + 1.72574 + 19.53259 + 0.02130 + 0.00000 + 0.00072 + 1225.89705]
[ INFO : 2026-07-03 06:51:02,941 ] - Test_@[5, 10, 20, 50]: Recall=[0.03436, 0.05300, 0.08013, 0.13295],  precision=[0.00721, 0.00557, 0.00422, 0.00282], hit=[0.03600, 0.05539, 0.08357, 0.13901], ndcg=[0.02327, 0.02934, 0.03621, 0.04678], Train Rec Loss=[0.02989], Eval Rec Loss=[0.02995], c=[0.50000], F=[0.84141, 0.88093, 0.90927, 0.93841], F_fuse=[0.01430, 0.01108, 0.00840, 0.00563]
[ INFO : 2026-07-03 06:53:30,654 ] - Epoch 269: train==[132.06347 = 0.44783 + 1.72573 + 19.53694 + 0.02157 + 0.00000 + 0.00067 + 1225.89705]
[ INFO : 2026-07-03 06:53:39,368 ] - Test_@[5, 10, 20, 50]: Recall=[0.03455, 0.05383, 0.08011, 0.13260],  precision=[0.00723, 0.00565, 0.00422, 0.00282], hit=[0.03610, 0.05616, 0.08362, 0.13880], ndcg=[0.02343, 0.02971, 0.03639, 0.04691], Train Rec Loss=[0.02989], Eval Rec Loss=[0.02995], c=[0.50000], F=[0.84166, 0.88104, 0.90978, 0.93929], F_fuse=[0.01434, 0.01123, 0.00841, 0.00562]
[ INFO : 2026-07-03 06:56:04,553 ] - Epoch 270: train==[132.03427 = 0.45277 + 1.72572 + 19.50276 + 0.02161 + 0.00000 + 0.00067 + 1225.89705]
[ INFO : 2026-07-03 06:56:13,189 ] - Test_@[5, 10, 20, 50]: Recall=[0.03467, 0.05377, 0.07964, 0.13330],  precision=[0.00728, 0.00565, 0.00420, 0.00283], hit=[0.03636, 0.05611, 0.08321, 0.13942], ndcg=[0.02334, 0.02952, 0.03609, 0.04685], Train Rec Loss=[0.02988], Eval Rec Loss=[0.02995], c=[0.50000], F=[0.84166, 0.88013, 0.90824, 0.93644], F_fuse=[0.01444, 0.01122, 0.00835, 0.00564]
[ INFO : 2026-07-03 06:58:35,280 ] - Epoch 271: train==[132.10813 = 0.44755 + 1.72571 + 19.58195 + 0.02148 + 0.00000 + 0.00069 + 1225.89705]
[ INFO : 2026-07-03 06:58:43,992 ] - Test_@[5, 10, 20, 50]: Recall=[0.03398, 0.05316, 0.07781, 0.12996],  precision=[0.00714, 0.00558, 0.00411, 0.00276], hit=[0.03559, 0.05549, 0.08136, 0.13587], ndcg=[0.02302, 0.02924, 0.03552, 0.04597], Train Rec Loss=[0.02990], Eval Rec Loss=[0.02995], c=[0.50000], F=[0.84164, 0.88200, 0.91101, 0.94062], F_fuse=[0.01416, 0.01110, 0.00818, 0.00551]
[ INFO : 2026-07-03 07:01:05,646 ] - Epoch 272: train==[132.08149 = 0.44746 + 1.72571 + 19.55536 + 0.02152 + 0.00000 + 0.00071 + 1225.89705]
[ INFO : 2026-07-03 07:01:14,295 ] - Test_@[5, 10, 20, 50]: Recall=[0.03442, 0.05403, 0.08060, 0.13312],  precision=[0.00721, 0.00567, 0.00424, 0.00283], hit=[0.03595, 0.05631, 0.08398, 0.13921], ndcg=[0.02328, 0.02962, 0.03634, 0.04687], Train Rec Loss=[0.02990], Eval Rec Loss=[0.02995], c=[0.50000], F=[0.84182, 0.88195, 0.91034, 0.93905], F_fuse=[0.01430, 0.01126, 0.00844, 0.00563]
[ INFO : 2026-07-03 07:03:40,192 ] - Epoch 273: train==[132.04622 = 0.44469 + 1.72570 + 19.52268 + 0.02174 + 0.00000 + 0.00067 + 1225.89705]
[ INFO : 2026-07-03 07:03:48,896 ] - Test_@[5, 10, 20, 50]: Recall=[0.03470, 0.05307, 0.07933, 0.13240],  precision=[0.00727, 0.00558, 0.00417, 0.00281], hit=[0.03631, 0.05544, 0.08275, 0.13844], ndcg=[0.02339, 0.02937, 0.03602, 0.04667], Train Rec Loss=[0.02990], Eval Rec Loss=[0.02995], c=[0.50000], F=[0.84177, 0.88192, 0.90961, 0.93867], F_fuse=[0.01442, 0.01109, 0.00830, 0.00561]
[ INFO : 2026-07-03 07:06:11,154 ] - Epoch 274: train==[132.15154 = 0.44519 + 1.72569 + 19.62762 + 0.02160 + 0.00000 + 0.00070 + 1225.89705]
[ INFO : 2026-07-03 07:06:19,878 ] - Test_@[5, 10, 20, 50]: Recall=[0.03408, 0.05381, 0.08109, 0.13352],  precision=[0.00715, 0.00566, 0.00427, 0.00284], hit=[0.03574, 0.05626, 0.08460, 0.13968], ndcg=[0.02323, 0.02963, 0.03653, 0.04702], Train Rec Loss=[0.02989], Eval Rec Loss=[0.02996], c=[0.50000], F=[0.84065, 0.87998, 0.90896, 0.93765], F_fuse=[0.01418, 0.01125, 0.00850, 0.00566]
[ INFO : 2026-07-03 07:08:47,665 ] - Epoch 275: train==[132.09028 = 0.44598 + 1.72568 + 19.56539 + 0.02180 + 0.00000 + 0.00068 + 1225.89705]
[ INFO : 2026-07-03 07:08:56,322 ] - Test_@[5, 10, 20, 50]: Recall=[0.03505, 0.05369, 0.08118, 0.13423],  precision=[0.00735, 0.00565, 0.00428, 0.00285], hit=[0.03667, 0.05616, 0.08480, 0.14019], ndcg=[0.02340, 0.02945, 0.03640, 0.04701], Train Rec Loss=[0.02991], Eval Rec Loss=[0.02997], c=[0.50000], F=[0.84131, 0.88031, 0.90945, 0.93838], F_fuse=[0.01458, 0.01123, 0.00852, 0.00568]
[ INFO : 2026-07-03 07:11:18,454 ] - Epoch 276: train==[132.05065 = 0.44200 + 1.72567 + 19.52977 + 0.02178 + 0.00000 + 0.00070 + 1225.89705]
[ INFO : 2026-07-03 07:11:27,157 ] - Test_@[5, 10, 20, 50]: Recall=[0.03483, 0.05421, 0.08049, 0.13299],  precision=[0.00729, 0.00570, 0.00425, 0.00283], hit=[0.03641, 0.05662, 0.08408, 0.13916], ndcg=[0.02338, 0.02965, 0.03630, 0.04682], Train Rec Loss=[0.02990], Eval Rec Loss=[0.02995], c=[0.50000], F=[0.84130, 0.88036, 0.90892, 0.93861], F_fuse=[0.01446, 0.01132, 0.00845, 0.00564]
[ INFO : 2026-07-03 07:13:49,372 ] - Epoch 277: train==[132.07516 = 0.44246 + 1.72566 + 19.55385 + 0.02176 + 0.00000 + 0.00068 + 1225.89705]
[ INFO : 2026-07-03 07:13:57,995 ] - Test_@[5, 10, 20, 50]: Recall=[0.03482, 0.05340, 0.07988, 0.13266],  precision=[0.00730, 0.00562, 0.00421, 0.00282], hit=[0.03651, 0.05585, 0.08347, 0.13854], ndcg=[0.02348, 0.02953, 0.03626, 0.04684], Train Rec Loss=[0.02990], Eval Rec Loss=[0.02996], c=[0.50000], F=[0.84033, 0.88068, 0.90930, 0.93957], F_fuse=[0.01448, 0.01116, 0.00839, 0.00561]
[ INFO : 2026-07-03 07:16:21,438 ] - Epoch 278: train==[132.06458 = 0.44507 + 1.72565 + 19.54059 + 0.02183 + 0.00000 + 0.00070 + 1225.89705]
[ INFO : 2026-07-03 07:16:30,143 ] - Test_@[5, 10, 20, 50]: Recall=[0.03413, 0.05261, 0.07945, 0.13153],  precision=[0.00716, 0.00553, 0.00418, 0.00280], hit=[0.03569, 0.05498, 0.08300, 0.13777], ndcg=[0.02307, 0.02908, 0.03587, 0.04632], Train Rec Loss=[0.02990], Eval Rec Loss=[0.02997], c=[0.50000], F=[0.84097, 0.88149, 0.91042, 0.94013], F_fuse=[0.01420, 0.01100, 0.00833, 0.00557]
[ INFO : 2026-07-03 07:18:53,458 ] - Epoch 279: train==[131.98474 = 0.44012 + 1.72564 + 19.46569 + 0.02185 + 0.00000 + 0.00070 + 1225.89705]
[ INFO : 2026-07-03 07:19:02,202 ] - Test_@[5, 10, 20, 50]: Recall=[0.03435, 0.05234, 0.07875, 0.13101],  precision=[0.00722, 0.00551, 0.00415, 0.00278], hit=[0.03605, 0.05472, 0.08233, 0.13700], ndcg=[0.02326, 0.02912, 0.03583, 0.04632], Train Rec Loss=[0.02990], Eval Rec Loss=[0.02997], c=[0.50000], F=[0.84068, 0.88083, 0.90893, 0.93849], F_fuse=[0.01432, 0.01095, 0.00827, 0.00555]
[ INFO : 2026-07-03 07:21:34,590 ] - Epoch 280: train==[132.00255 = 0.44179 + 1.72563 + 19.48174 + 0.02196 + 0.00000 + 0.00068 + 1225.89705]
[ INFO : 2026-07-03 07:21:43,300 ] - Test_@[5, 10, 20, 50]: Recall=[0.03429, 0.05247, 0.07987, 0.13213],  precision=[0.00719, 0.00550, 0.00421, 0.00281], hit=[0.03590, 0.05467, 0.08352, 0.13818], ndcg=[0.02307, 0.02898, 0.03594, 0.04642], Train Rec Loss=[0.02991], Eval Rec Loss=[0.02998], c=[0.50000], F=[0.84141, 0.88160, 0.91041, 0.93971], F_fuse=[0.01426, 0.01094, 0.00839, 0.00560]
[ INFO : 2026-07-03 07:24:12,786 ] - Epoch 281: train==[132.12938 = 0.43568 + 1.72562 + 19.61461 + 0.02207 + 0.00000 + 0.00066 + 1225.89705]
[ INFO : 2026-07-03 07:24:21,504 ] - Test_@[5, 10, 20, 50]: Recall=[0.03449, 0.05330, 0.08000, 0.13293],  precision=[0.00723, 0.00560, 0.00422, 0.00282], hit=[0.03610, 0.05564, 0.08362, 0.13896], ndcg=[0.02325, 0.02935, 0.03613, 0.04675], Train Rec Loss=[0.02990], Eval Rec Loss=[0.02997], c=[0.50000], F=[0.84055, 0.88132, 0.90962, 0.93901], F_fuse=[0.01434, 0.01112, 0.00840, 0.00563]
[ INFO : 2026-07-03 07:26:57,194 ] - Epoch 282: train==[132.06467 = 0.44253 + 1.72560 + 19.54301 + 0.02213 + 0.00000 + 0.00066 + 1225.89705]
[ INFO : 2026-07-03 07:27:05,871 ] - Test_@[5, 10, 20, 50]: Recall=[0.03415, 0.05391, 0.07985, 0.13338],  precision=[0.00716, 0.00566, 0.00421, 0.00283], hit=[0.03574, 0.05626, 0.08352, 0.13932], ndcg=[0.02311, 0.02953, 0.03612, 0.04686], Train Rec Loss=[0.02991], Eval Rec Loss=[0.02997], c=[0.50000], F=[0.84121, 0.88005, 0.90786, 0.93579], F_fuse=[0.01420, 0.01125, 0.00838, 0.00564]
[ INFO : 2026-07-03 07:29:34,745 ] - Epoch 283: train==[132.01226 = 0.43632 + 1.72559 + 19.49692 + 0.02201 + 0.00000 + 0.00069 + 1225.89705]
[ INFO : 2026-07-03 07:29:43,480 ] - Test_@[5, 10, 20, 50]: Recall=[0.03490, 0.05289, 0.08034, 0.13239],  precision=[0.00731, 0.00556, 0.00425, 0.00281], hit=[0.03646, 0.05518, 0.08398, 0.13849], ndcg=[0.02362, 0.02945, 0.03643, 0.04686], Train Rec Loss=[0.02991], Eval Rec Loss=[0.02998], c=[0.50000], F=[0.84293, 0.88206, 0.90977, 0.93877], F_fuse=[0.01450, 0.01105, 0.00845, 0.00561]
[ INFO : 2026-07-03 07:32:14,183 ] - Epoch 284: train==[132.11227 = 0.43497 + 1.72558 + 19.59816 + 0.02215 + 0.00000 + 0.00068 + 1225.89705]
[ INFO : 2026-07-03 07:32:22,895 ] - Test_@[5, 10, 20, 50]: Recall=[0.03454, 0.05332, 0.07977, 0.13268],  precision=[0.00725, 0.00560, 0.00420, 0.00282], hit=[0.03615, 0.05564, 0.08326, 0.13875], ndcg=[0.02319, 0.02928, 0.03597, 0.04656], Train Rec Loss=[0.02991], Eval Rec Loss=[0.02998], c=[0.50000], F=[0.84193, 0.88181, 0.91028, 0.93899], F_fuse=[0.01438, 0.01113, 0.00836, 0.00562]
[ INFO : 2026-07-03 07:34:44,184 ] - Epoch 285: train==[132.04560 = 0.43469 + 1.72556 + 19.53186 + 0.02205 + 0.00000 + 0.00071 + 1225.89705]
[ INFO : 2026-07-03 07:34:52,695 ] - Test_@[5, 10, 20, 50]: Recall=[0.03463, 0.05352, 0.07921, 0.13289],  precision=[0.00725, 0.00563, 0.00418, 0.00282], hit=[0.03626, 0.05590, 0.08280, 0.13870], ndcg=[0.02336, 0.02945, 0.03597, 0.04673], Train Rec Loss=[0.02992], Eval Rec Loss=[0.02998], c=[0.50000], F=[0.84109, 0.88172, 0.90981, 0.93831], F_fuse=[0.01438, 0.01118, 0.00832, 0.00562]
[ INFO : 2026-07-03 07:37:12,885 ] - Epoch 286: train==[131.96085 = 0.43789 + 1.72554 + 19.44379 + 0.02221 + 0.00000 + 0.00068 + 1225.89705]
[ INFO : 2026-07-03 07:37:21,426 ] - Test_@[5, 10, 20, 50]: Recall=[0.03378, 0.05345, 0.07933, 0.13308],  precision=[0.00708, 0.00562, 0.00419, 0.00282], hit=[0.03538, 0.05580, 0.08290, 0.13901], ndcg=[0.02281, 0.02925, 0.03584, 0.04662], Train Rec Loss=[0.02992], Eval Rec Loss=[0.02998], c=[0.50000], F=[0.84168, 0.88143, 0.90880, 0.93697], F_fuse=[0.01403, 0.01116, 0.00833, 0.00563]
[ INFO : 2026-07-03 07:39:41,787 ] - Epoch 287: train==[132.06017 = 0.43462 + 1.72552 + 19.54642 + 0.02218 + 0.00000 + 0.00069 + 1225.89705]
[ INFO : 2026-07-03 07:39:50,360 ] - Test_@[5, 10, 20, 50]: Recall=[0.03431, 0.05366, 0.07927, 0.13282],  precision=[0.00720, 0.00563, 0.00418, 0.00282], hit=[0.03595, 0.05590, 0.08285, 0.13870], ndcg=[0.02322, 0.02949, 0.03601, 0.04676], Train Rec Loss=[0.02992], Eval Rec Loss=[0.02998], c=[0.50000], F=[0.84002, 0.88021, 0.90733, 0.93637], F_fuse=[0.01428, 0.01118, 0.00832, 0.00562]
[ INFO : 2026-07-03 07:42:12,113 ] - Epoch 288: train==[131.97015 = 0.43462 + 1.72550 + 19.45633 + 0.02230 + 0.00000 + 0.00067 + 1225.89705]
[ INFO : 2026-07-03 07:42:20,704 ] - Test_@[5, 10, 20, 50]: Recall=[0.03406, 0.05301, 0.07998, 0.13170],  precision=[0.00714, 0.00556, 0.00420, 0.00280], hit=[0.03559, 0.05528, 0.08331, 0.13772], ndcg=[0.02291, 0.02908, 0.03589, 0.04628], Train Rec Loss=[0.02993], Eval Rec Loss=[0.02999], c=[0.50000], F=[0.84109, 0.88234, 0.91079, 0.93982], F_fuse=[0.01416, 0.01106, 0.00837, 0.00558]
[ INFO : 2026-07-03 07:44:40,936 ] - Epoch 289: train==[132.02074 = 0.43356 + 1.72548 + 19.50801 + 0.02226 + 0.00000 + 0.00068 + 1225.89705]
[ INFO : 2026-07-03 07:44:49,510 ] - Test_@[5, 10, 20, 50]: Recall=[0.03451, 0.05288, 0.07962, 0.13177],  precision=[0.00723, 0.00556, 0.00420, 0.00280], hit=[0.03610, 0.05523, 0.08316, 0.13782], ndcg=[0.02307, 0.02902, 0.03578, 0.04624], Train Rec Loss=[0.02994], Eval Rec Loss=[0.02999], c=[0.50000], F=[0.84254, 0.88170, 0.91034, 0.93867], F_fuse=[0.01434, 0.01105, 0.00835, 0.00558]
[ INFO : 2026-07-03 07:47:10,084 ] - Epoch 290: train==[131.94643 = 0.43090 + 1.72546 + 19.43632 + 0.02234 + 0.00000 + 0.00067 + 1225.89705]
[ INFO : 2026-07-03 07:47:18,602 ] - Test_@[5, 10, 20, 50]: Recall=[0.03418, 0.05204, 0.07769, 0.13107],  precision=[0.00720, 0.00547, 0.00409, 0.00278], hit=[0.03584, 0.05436, 0.08095, 0.13705], ndcg=[0.02297, 0.02878, 0.03529, 0.04600], Train Rec Loss=[0.02994], Eval Rec Loss=[0.02999], c=[0.50000], F=[0.84202, 0.88278, 0.91141, 0.94065], F_fuse=[0.01428, 0.01088, 0.00814, 0.00555]
[ INFO : 2026-07-03 07:49:40,353 ] - Epoch 291: train==[131.95715 = 0.43436 + 1.72543 + 19.44356 + 0.02236 + 0.00000 + 0.00071 + 1225.89705]
[ INFO : 2026-07-03 07:49:48,894 ] - Test_@[5, 10, 20, 50]: Recall=[0.03466, 0.05289, 0.07904, 0.13098],  precision=[0.00728, 0.00555, 0.00417, 0.00278], hit=[0.03636, 0.05518, 0.08264, 0.13700], ndcg=[0.02325, 0.02913, 0.03577, 0.04621], Train Rec Loss=[0.02994], Eval Rec Loss=[0.03000], c=[0.50000], F=[0.84139, 0.88119, 0.90973, 0.93945], F_fuse=[0.01444, 0.01104, 0.00830, 0.00555]
[ INFO : 2026-07-03 07:52:14,008 ] - Epoch 292: train==[131.98490 = 0.45565 + 1.72540 + 19.44999 + 0.02244 + 0.00000 + 0.00067 + 1225.89705]
[ INFO : 2026-07-03 07:52:22,573 ] - Test_@[5, 10, 20, 50]: Recall=[0.03461, 0.05258, 0.07830, 0.12988],  precision=[0.00727, 0.00553, 0.00413, 0.00276], hit=[0.03631, 0.05503, 0.08182, 0.13587], ndcg=[0.02311, 0.02894, 0.03545, 0.04575], Train Rec Loss=[0.02995], Eval Rec Loss=[0.03001], c=[0.50000], F=[0.84166, 0.88221, 0.91192, 0.94084], F_fuse=[0.01442, 0.01100, 0.00822, 0.00550]
[ INFO : 2026-07-03 07:54:45,462 ] - Epoch 293: train==[132.05532 = 0.43480 + 1.72539 + 19.54134 + 0.02236 + 0.00000 + 0.00069 + 1225.89705]
[ INFO : 2026-07-03 07:54:54,021 ] - Test_@[5, 10, 20, 50]: Recall=[0.03419, 0.05270, 0.07876, 0.13171],  precision=[0.00718, 0.00553, 0.00415, 0.00280], hit=[0.03590, 0.05508, 0.08223, 0.13772], ndcg=[0.02317, 0.02919, 0.03579, 0.04641], Train Rec Loss=[0.02995], Eval Rec Loss=[0.03000], c=[0.50000], F=[0.84038, 0.87963, 0.90786, 0.93741], F_fuse=[0.01424, 0.01100, 0.00826, 0.00558]
[ INFO : 2026-07-03 07:57:14,413 ] - Epoch 294: train==[131.98330 = 0.42474 + 1.72535 + 19.47929 + 0.02248 + 0.00000 + 0.00070 + 1225.89705]
[ INFO : 2026-07-03 07:57:22,950 ] - Test_@[5, 10, 20, 50]: Recall=[0.03421, 0.05223, 0.07898, 0.13010],  precision=[0.00717, 0.00547, 0.00416, 0.00276], hit=[0.03574, 0.05436, 0.08239, 0.13597], ndcg=[0.02309, 0.02896, 0.03576, 0.04602], Train Rec Loss=[0.02996], Eval Rec Loss=[0.03002], c=[0.50000], F=[0.84171, 0.88147, 0.90925, 0.93920], F_fuse=[0.01422, 0.01087, 0.00828, 0.00551]
[ INFO : 2026-07-03 07:59:43,443 ] - Epoch 295: train==[131.87593 = 0.42636 + 1.72531 + 19.37029 + 0.02256 + 0.00000 + 0.00068 + 1225.89705]
[ INFO : 2026-07-03 07:59:52,004 ] - Test_@[5, 10, 20, 50]: Recall=[0.03364, 0.05266, 0.07733, 0.13004],  precision=[0.00708, 0.00554, 0.00408, 0.00276], hit=[0.03528, 0.05508, 0.08074, 0.13582], ndcg=[0.02269, 0.02891, 0.03517, 0.04574], Train Rec Loss=[0.02996], Eval Rec Loss=[0.03003], c=[0.50000], F=[0.84052, 0.88194, 0.91003, 0.93891], F_fuse=[0.01403, 0.01102, 0.00811, 0.00551]
[ INFO : 2026-07-03 08:02:12,489 ] - Epoch 296: train==[131.91846 = 0.42695 + 1.72528 + 19.41228 + 0.02252 + 0.00000 + 0.00069 + 1225.89705]
[ INFO : 2026-07-03 08:02:21,047 ] - Test_@[5, 10, 20, 50]: Recall=[0.03443, 0.05282, 0.07724, 0.12954],  precision=[0.00723, 0.00556, 0.00407, 0.00275], hit=[0.03605, 0.05523, 0.08074, 0.13541], ndcg=[0.02325, 0.02920, 0.03541, 0.04591], Train Rec Loss=[0.02997], Eval Rec Loss=[0.03003], c=[0.50000], F=[0.84150, 0.88121, 0.90995, 0.93938], F_fuse=[0.01434, 0.01105, 0.00811, 0.00548]
[ INFO : 2026-07-03 08:04:43,926 ] - Epoch 297: train==[132.06347 = 0.42553 + 1.72523 + 19.55878 + 0.02249 + 0.00000 + 0.00070 + 1225.89705]
[ INFO : 2026-07-03 08:04:52,498 ] - Test_@[5, 10, 20, 50]: Recall=[0.03435, 0.05270, 0.07837, 0.13094],  precision=[0.00721, 0.00553, 0.00413, 0.00278], hit=[0.03600, 0.05492, 0.08187, 0.13695], ndcg=[0.02320, 0.02918, 0.03569, 0.04625], Train Rec Loss=[0.02997], Eval Rec Loss=[0.03003], c=[0.50000], F=[0.84019, 0.87999, 0.90898, 0.93813], F_fuse=[0.01430, 0.01100, 0.00823, 0.00555]
[ INFO : 2026-07-03 08:08:34,745 ] - Epoch 298: train==[131.90049 = 0.42671 + 1.72519 + 19.39454 + 0.02261 + 0.00000 + 0.00070 + 1225.89705]
[ INFO : 2026-07-03 08:08:43,315 ] - Test_@[5, 10, 20, 50]: Recall=[0.03394, 0.05216, 0.07845, 0.13158],  precision=[0.00712, 0.00549, 0.00413, 0.00279], hit=[0.03554, 0.05451, 0.08197, 0.13757], ndcg=[0.02301, 0.02894, 0.03565, 0.04630], Train Rec Loss=[0.02997], Eval Rec Loss=[0.03006], c=[0.50000], F=[0.84133, 0.88149, 0.90882, 0.93736], F_fuse=[0.01412, 0.01091, 0.00823, 0.00557]
[ INFO : 2026-07-03 08:11:03,327 ] - Epoch 299: train==[131.87308 = 0.42684 + 1.72514 + 19.36700 + 0.02266 + 0.00000 + 0.00070 + 1225.89705]
[ INFO : 2026-07-03 08:11:11,884 ] - Test_@[5, 10, 20, 50]: Recall=[0.03413, 0.05246, 0.07879, 0.13042],  precision=[0.00716, 0.00550, 0.00416, 0.00277], hit=[0.03574, 0.05467, 0.08233, 0.13644], ndcg=[0.02303, 0.02897, 0.03565, 0.04600], Train Rec Loss=[0.02999], Eval Rec Loss=[0.03005], c=[0.50000], F=[0.83959, 0.88061, 0.90840, 0.93788], F_fuse=[0.01420, 0.01093, 0.00827, 0.00552]
[ INFO : 2026-07-03 08:13:31,631 ] - Epoch 300: train==[131.99887 = 0.42154 + 1.72509 + 19.49808 + 0.02276 + 0.00000 + 0.00067 + 1225.89705]
[ INFO : 2026-07-03 08:13:40,216 ] - Test_@[5, 10, 20, 50]: Recall=[0.03395, 0.05297, 0.07835, 0.13031],  precision=[0.00712, 0.00557, 0.00413, 0.00277], hit=[0.03554, 0.05539, 0.08182, 0.13623], ndcg=[0.02294, 0.02911, 0.03555, 0.04597], Train Rec Loss=[0.03000], Eval Rec Loss=[0.03006], c=[0.50000], F=[0.84105, 0.88030, 0.90943, 0.93894], F_fuse=[0.01412, 0.01108, 0.00822, 0.00552]
n_users=19445, n_items=7050
n_interactions=139110
n_train=118551, n_test=20559, sparsity=0.00101
Finished Fri Jul  3 08:13:52 AM UTC 2026
