Job 74448 on gpu01; lambda_cf=1.0; group_k=10; seed=0; started Mon Jul 27 04:48:37 PM UTC 2026
Mon Jul 27 16:48:37 2026       
+-----------------------------------------------------------------------------+
| NVIDIA-SMI 525.147.05   Driver Version: 525.147.05   CUDA Version: 12.0     |
|-------------------------------+----------------------+----------------------+
| GPU  Name        Persistence-M| Bus-Id        Disp.A | Volatile Uncorr. ECC |
| Fan  Temp  Perf  Pwr:Usage/Cap|         Memory-Usage | GPU-Util  Compute M. |
|                               |                      |               MIG M. |
|===============================+======================+======================|
|   0  NVIDIA A100-SXM...  On   | 00000000:BD:00.0 Off |                    0 |
| N/A   32C    P0    55W / 400W |      0MiB / 40960MiB |      0%      Default |
|                               |                      |             Disabled |
+-------------------------------+----------------------+----------------------+
                                                                               
+-----------------------------------------------------------------------------+
| Processes:                                                                  |
|  GPU   GI   CI        PID   Type   Process name                  GPU Memory |
|        ID   ID                                                   Usage      |
|=============================================================================|
|  No running processes found                                                 |
+-----------------------------------------------------------------------------+
[ INFO : 2026-07-27 16:49:13,207 ] - Preprocess missing values with zero
[ INFO : 2026-07-27 16:49:15,553 ] - Pretrained diffusion model is loaded from: ./checkpoint/baby/best_model.pth
[ INFO : 2026-07-27 16:49:16,657 ] - Completed data loaded from: ./checkpoint/baby/completed_data.pkl
/media/lhbac29/raid-cf/main.py:106: DeprecationWarning: Please import `csr_matrix` from the `scipy.sparse` namespace; the `scipy.sparse.csr` namespace is deprecated and will be removed in SciPy 2.0.0.
  self.ui_graph = self.ui_graph_raw = pickle.load(open('./data/' + self.dataset + '/train_mat', 'rb'))
[ INFO : 2026-07-27 16:49:16,765 ] - Missing rate = 0.400000, complete strategy: zero
[ INFO : 2026-07-27 16:51:47,622 ] - Epoch 1: train==[357.06597 = 2.00508 + 1.76336 + 66.38756 + 0.00055 + 0.00000 + 176.66253 + 1224.96542]
[ INFO : 2026-07-27 16:51:59,046 ] - Test_@[5, 10, 20, 50]: Recall=[0.01781, 0.02853, 0.04620, 0.08856],  precision=[0.00371, 0.00300, 0.00246, 0.00187], hit=[0.01857, 0.02993, 0.04880, 0.09293], ndcg=[0.01126, 0.01469, 0.01916, 0.02758], Train Rec Loss=[0.03147], Eval Rec Loss=[0.03153], c=[0.50000], F=[0.75021, 0.91981, 0.87355, 0.99103], F_fuse=[0.00739, 0.00598, 0.00490, 0.00374]
[ INFO : 2026-07-27 16:54:26,706 ] - Epoch 2: train==[217.43157 = 1.61707 + 1.72656 + 63.79833 + 0.00082 + 0.00000 + 39.95805 + 1225.89705]
[ INFO : 2026-07-27 16:54:38,709 ] - Test_@[5, 10, 20, 50]: Recall=[0.01781, 0.02874, 0.04683, 0.08902],  precision=[0.00371, 0.00303, 0.00249, 0.00189], hit=[0.01857, 0.03024, 0.04947, 0.09355], ndcg=[0.01128, 0.01481, 0.01942, 0.02782], Train Rec Loss=[0.03128], Eval Rec Loss=[0.03136], c=[0.50000], F=[0.75005, 0.87377, 0.87354, 0.99373], F_fuse=[0.00739, 0.00604, 0.00496, 0.00377]
[ INFO : 2026-07-27 16:57:06,175 ] - Epoch 3: train==[186.31077 = 1.60262 + 1.72592 + 60.73426 + 0.00132 + 0.00000 + 11.91591 + 1225.89705]
[ INFO : 2026-07-27 16:57:18,321 ] - Test_@[5, 10, 20, 50]: Recall=[0.01781, 0.02865, 0.04705, 0.09093],  precision=[0.00371, 0.00302, 0.00250, 0.00192], hit=[0.01857, 0.03014, 0.04963, 0.09540], ndcg=[0.01128, 0.01479, 0.01948, 0.02818], Train Rec Loss=[0.03128], Eval Rec Loss=[0.03129], c=[0.50000], F=[0.75004, 0.87337, 0.87354, 0.99131], F_fuse=[0.00739, 0.00602, 0.00498, 0.00384]
[ INFO : 2026-07-27 16:59:46,187 ] - Epoch 4: train==[174.33991 = 1.59209 + 1.72590 + 57.53709 + 0.00211 + 0.00000 + 3.15200 + 1225.89705]
[ INFO : 2026-07-27 16:59:58,250 ] - Test_@[5, 10, 20, 50]: Recall=[0.01781, 0.02907, 0.04674, 0.09176],  precision=[0.00371, 0.00305, 0.00248, 0.00194], hit=[0.01857, 0.03050, 0.04932, 0.09627], ndcg=[0.01128, 0.01491, 0.01942, 0.02834], Train Rec Loss=[0.03121], Eval Rec Loss=[0.03124], c=[0.50000], F=[0.75004, 0.87337, 0.87354, 0.96733], F_fuse=[0.00739, 0.00609, 0.00495, 0.00387]
[ INFO : 2026-07-27 17:02:24,898 ] - Epoch 5: train==[169.80617 = 1.57855 + 1.72588 + 55.48240 + 0.00296 + 0.00000 + 0.68564 + 1225.89705]
[ INFO : 2026-07-27 17:02:37,172 ] - Test_@[5, 10, 20, 50]: Recall=[0.01786, 0.02899, 0.04664, 0.09187],  precision=[0.00372, 0.00304, 0.00248, 0.00194], hit=[0.01862, 0.03039, 0.04922, 0.09632], ndcg=[0.01130, 0.01490, 0.01941, 0.02837], Train Rec Loss=[0.03117], Eval Rec Loss=[0.03123], c=[0.50000], F=[0.75004, 0.87337, 0.87354, 0.95308], F_fuse=[0.00741, 0.00607, 0.00494, 0.00388]
[ INFO : 2026-07-27 17:05:03,884 ] - Epoch 6: train==[168.36426 = 1.56372 + 1.72587 + 54.48588 + 0.00350 + 0.00000 + 0.25455 + 1225.89705]
[ INFO : 2026-07-27 17:05:13,512 ] - Test_@[5, 10, 20, 50]: Recall=[0.01781, 0.02894, 0.04703, 0.09188],  precision=[0.00371, 0.00304, 0.00250, 0.00194], hit=[0.01857, 0.03034, 0.04963, 0.09637], ndcg=[0.01129, 0.01490, 0.01951, 0.02841], Train Rec Loss=[0.03115], Eval Rec Loss=[0.03122], c=[0.50000], F=[0.75004, 0.87339, 0.87357, 0.95270], F_fuse=[0.00739, 0.00606, 0.00498, 0.00388]
[ INFO : 2026-07-27 17:07:39,202 ] - Epoch 7: train==[167.55288 = 1.54918 + 1.72587 + 53.80638 + 0.00385 + 0.00000 + 0.13687 + 1225.89705]
[ INFO : 2026-07-27 17:07:48,510 ] - Test_@[5, 10, 20, 50]: Recall=[0.01790, 0.02899, 0.04749, 0.09214],  precision=[0.00372, 0.00305, 0.00252, 0.00195], hit=[0.01862, 0.03050, 0.05009, 0.09653], ndcg=[0.01133, 0.01495, 0.01965, 0.02849], Train Rec Loss=[0.03115], Eval Rec Loss=[0.03118], c=[0.50000], F=[0.75004, 0.87341, 0.87380, 0.95364], F_fuse=[0.00741, 0.00609, 0.00503, 0.00389]
[ INFO : 2026-07-27 17:10:14,995 ] - Epoch 8: train==[166.96923 = 1.53269 + 1.72586 + 53.30238 + 0.00406 + 0.00000 + 0.07350 + 1225.89705]
[ INFO : 2026-07-27 17:10:24,275 ] - Test_@[5, 10, 20, 50]: Recall=[0.01795, 0.02944, 0.04796, 0.09408],  precision=[0.00373, 0.00310, 0.00254, 0.00199], hit=[0.01867, 0.03086, 0.05055, 0.09869], ndcg=[0.01135, 0.01509, 0.01979, 0.02890], Train Rec Loss=[0.03110], Eval Rec Loss=[0.03119], c=[0.50000], F=[0.75036, 0.87371, 0.87468, 0.96250], F_fuse=[0.00743, 0.00617, 0.00507, 0.00397]
[ INFO : 2026-07-27 17:12:50,111 ] - Epoch 9: train==[165.86673 = 1.52428 + 1.72586 + 52.24012 + 0.00423 + 0.00000 + 0.04151 + 1225.89705]
[ INFO : 2026-07-27 17:12:59,418 ] - Test_@[5, 10, 20, 50]: Recall=[0.01813, 0.03057, 0.04937, 0.09684],  precision=[0.00377, 0.00323, 0.00263, 0.00206], hit=[0.01887, 0.03224, 0.05215, 0.10172], ndcg=[0.01148, 0.01554, 0.02032, 0.02972], Train Rec Loss=[0.03109], Eval Rec Loss=[0.03118], c=[0.50000], F=[0.75136, 0.87046, 0.87502, 0.97719], F_fuse=[0.00751, 0.00644, 0.00525, 0.00410]
[ INFO : 2026-07-27 17:15:26,024 ] - Epoch 10: train==[165.15729 = 1.50749 + 1.72586 + 51.56561 + 0.00439 + 0.00000 + 0.02320 + 1225.89705]
[ INFO : 2026-07-27 17:15:35,099 ] - Test_@[5, 10, 20, 50]: Recall=[0.01999, 0.03287, 0.05251, 0.10212],  precision=[0.00419, 0.00348, 0.00281, 0.00217], hit=[0.02088, 0.03461, 0.05564, 0.10743], ndcg=[0.01268, 0.01687, 0.02189, 0.03173], Train Rec Loss=[0.03112], Eval Rec Loss=[0.03117], c=[0.50000], F=[0.76062, 0.87152, 0.87519, 0.98196], F_fuse=[0.00833, 0.00693, 0.00560, 0.00434]
[ INFO : 2026-07-27 17:18:01,533 ] - Epoch 11: train==[163.76325 = 1.49442 + 1.72587 + 50.19229 + 0.00467 + 0.00000 + 0.01526 + 1225.89705]
[ INFO : 2026-07-27 17:18:10,732 ] - Test_@[5, 10, 20, 50]: Recall=[0.02128, 0.03470, 0.05569, 0.10653],  precision=[0.00448, 0.00368, 0.00298, 0.00227], hit=[0.02237, 0.03662, 0.05899, 0.11185], ndcg=[0.01346, 0.01785, 0.02320, 0.03326], Train Rec Loss=[0.03107], Eval Rec Loss=[0.03114], c=[0.50000], F=[0.77015, 0.87091, 0.87652, 0.98077], F_fuse=[0.00892, 0.00733, 0.00593, 0.00453]
[ INFO : 2026-07-27 17:20:36,546 ] - Epoch 12: train==[162.93199 = 1.47766 + 1.72587 + 49.38472 + 0.00495 + 0.00000 + 0.00805 + 1225.89705]
[ INFO : 2026-07-27 17:20:45,673 ] - Test_@[5, 10, 20, 50]: Recall=[0.02248, 0.03642, 0.05885, 0.11114],  precision=[0.00475, 0.00387, 0.00313, 0.00237], hit=[0.02366, 0.03842, 0.06207, 0.11674], ndcg=[0.01451, 0.01906, 0.02478, 0.03515], Train Rec Loss=[0.03110], Eval Rec Loss=[0.03111], c=[0.50000], F=[0.78251, 0.87230, 0.87833, 0.98146], F_fuse=[0.00945, 0.00771, 0.00625, 0.00473]
[ INFO : 2026-07-27 17:23:11,818 ] - Epoch 13: train==[161.96661 = 1.46244 + 1.72587 + 48.43868 + 0.00524 + 0.00000 + 0.00364 + 1225.89705]
[ INFO : 2026-07-27 17:23:20,908 ] - Test_@[5, 10, 20, 50]: Recall=[0.02310, 0.03826, 0.06079, 0.11504],  precision=[0.00487, 0.00406, 0.00323, 0.00245], hit=[0.02422, 0.04027, 0.06398, 0.12065], ndcg=[0.01539, 0.02035, 0.02610, 0.03686], Train Rec Loss=[0.03107], Eval Rec Loss=[0.03113], c=[0.50000], F=[0.80832, 0.87510, 0.87915, 0.98063], F_fuse=[0.00967, 0.00808, 0.00645, 0.00488]
[ INFO : 2026-07-27 17:25:46,975 ] - Epoch 14: train==[161.09148 = 1.45013 + 1.72587 + 47.57718 + 0.00553 + 0.00000 + 0.00203 + 1225.89705]
[ INFO : 2026-07-27 17:25:56,149 ] - Test_@[5, 10, 20, 50]: Recall=[0.02375, 0.03979, 0.06250, 0.11909],  precision=[0.00499, 0.00422, 0.00332, 0.00254], hit=[0.02479, 0.04186, 0.06567, 0.12497], ndcg=[0.01566, 0.02093, 0.02672, 0.03796], Train Rec Loss=[0.03107], Eval Rec Loss=[0.03112], c=[0.50000], F=[0.81311, 0.87634, 0.88025, 0.97291], F_fuse=[0.00992, 0.00840, 0.00661, 0.00506]
[ INFO : 2026-07-27 17:28:22,648 ] - Epoch 15: train==[160.04212 = 1.43516 + 1.72587 + 46.54310 + 0.00586 + 0.00000 + 0.00139 + 1225.89705]
[ INFO : 2026-07-27 17:28:31,893 ] - Test_@[5, 10, 20, 50]: Recall=[0.02406, 0.04022, 0.06375, 0.12048],  precision=[0.00504, 0.00425, 0.00339, 0.00257], hit=[0.02504, 0.04222, 0.06706, 0.12641], ndcg=[0.01589, 0.02119, 0.02719, 0.03846], Train Rec Loss=[0.03103], Eval Rec Loss=[0.03111], c=[0.50000], F=[0.78722, 0.86799, 0.88081, 0.96630], F_fuse=[0.01002, 0.00846, 0.00675, 0.00512]
[ INFO : 2026-07-27 17:30:58,401 ] - Epoch 16: train==[159.28058 = 1.42072 + 1.72587 + 45.79578 + 0.00617 + 0.00000 + 0.00131 + 1225.89705]
[ INFO : 2026-07-27 17:31:07,637 ] - Test_@[5, 10, 20, 50]: Recall=[0.02507, 0.04086, 0.06471, 0.12213],  precision=[0.00525, 0.00432, 0.00344, 0.00260], hit=[0.02607, 0.04289, 0.06809, 0.12805], ndcg=[0.01650, 0.02164, 0.02773, 0.03914], Train Rec Loss=[0.03104], Eval Rec Loss=[0.03109], c=[0.50000], F=[0.81718, 0.87145, 0.88248, 0.96014], F_fuse=[0.01042, 0.00860, 0.00685, 0.00519]
[ INFO : 2026-07-27 17:33:33,697 ] - Epoch 17: train==[158.63927 = 1.40722 + 1.72587 + 45.16777 + 0.00641 + 0.00000 + 0.00126 + 1225.89705]
[ INFO : 2026-07-27 17:33:42,921 ] - Test_@[5, 10, 20, 50]: Recall=[0.02530, 0.04150, 0.06548, 0.12307],  precision=[0.00529, 0.00439, 0.00348, 0.00262], hit=[0.02628, 0.04356, 0.06886, 0.12903], ndcg=[0.01645, 0.02175, 0.02786, 0.03930], Train Rec Loss=[0.03101], Eval Rec Loss=[0.03107], c=[0.50000], F=[0.78915, 0.86606, 0.88234, 0.95765], F_fuse=[0.01050, 0.00873, 0.00693, 0.00523]
[ INFO : 2026-07-27 17:36:08,423 ] - Epoch 18: train==[158.01391 = 1.39303 + 1.72588 + 44.55634 + 0.00669 + 0.00000 + 0.00124 + 1225.89705]
[ INFO : 2026-07-27 17:36:17,623 ] - Test_@[5, 10, 20, 50]: Recall=[0.02520, 0.04118, 0.06602, 0.12387],  precision=[0.00527, 0.00437, 0.00351, 0.00264], hit=[0.02618, 0.04335, 0.06943, 0.12975], ndcg=[0.01639, 0.02164, 0.02798, 0.03948], Train Rec Loss=[0.03102], Eval Rec Loss=[0.03104], c=[0.50000], F=[0.79484, 0.86955, 0.88296, 0.95283], F_fuse=[0.01046, 0.00869, 0.00699, 0.00526]
[ INFO : 2026-07-27 17:38:43,216 ] - Epoch 19: train==[157.34495 = 1.37900 + 1.72588 + 43.90123 + 0.00690 + 0.00000 + 0.00120 + 1225.89705]
[ INFO : 2026-07-27 17:38:52,558 ] - Test_@[5, 10, 20, 50]: Recall=[0.02522, 0.04172, 0.06630, 0.12385],  precision=[0.00528, 0.00441, 0.00352, 0.00264], hit=[0.02623, 0.04382, 0.06968, 0.12980], ndcg=[0.01665, 0.02202, 0.02828, 0.03972], Train Rec Loss=[0.03101], Eval Rec Loss=[0.03107], c=[0.50000], F=[0.79673, 0.86347, 0.88283, 0.95426], F_fuse=[0.01048, 0.00878, 0.00701, 0.00526]
[ INFO : 2026-07-27 17:41:19,039 ] - Epoch 20: train==[156.88965 = 1.36412 + 1.72588 + 43.46066 + 0.00706 + 0.00000 + 0.00119 + 1225.89705]
[ INFO : 2026-07-27 17:41:28,271 ] - Test_@[5, 10, 20, 50]: Recall=[0.02623, 0.04150, 0.06664, 0.12501],  precision=[0.00550, 0.00440, 0.00354, 0.00266], hit=[0.02736, 0.04366, 0.06999, 0.13088], ndcg=[0.01721, 0.02217, 0.02858, 0.04019], Train Rec Loss=[0.03100], Eval Rec Loss=[0.03106], c=[0.50000], F=[0.81949, 0.86653, 0.88433, 0.95254], F_fuse=[0.01093, 0.00875, 0.00704, 0.00530]
[ INFO : 2026-07-27 17:43:54,460 ] - Epoch 21: train==[156.15326 = 1.35207 + 1.72588 + 42.73609 + 0.00731 + 0.00000 + 0.00117 + 1225.89705]
[ INFO : 2026-07-27 17:44:03,667 ] - Test_@[5, 10, 20, 50]: Recall=[0.02689, 0.04279, 0.06758, 0.12721],  precision=[0.00564, 0.00454, 0.00358, 0.00271], hit=[0.02803, 0.04510, 0.07092, 0.13304], ndcg=[0.01773, 0.02287, 0.02915, 0.04103], Train Rec Loss=[0.03096], Eval Rec Loss=[0.03103], c=[0.50000], F=[0.84324, 0.87546, 0.88661, 0.94902], F_fuse=[0.01120, 0.00904, 0.00713, 0.00539]
[ INFO : 2026-07-27 17:46:29,513 ] - Epoch 22: train==[155.69935 = 1.33892 + 1.72588 + 42.29525 + 0.00741 + 0.00000 + 0.00115 + 1225.89705]
[ INFO : 2026-07-27 17:46:38,780 ] - Test_@[5, 10, 20, 50]: Recall=[0.02680, 0.04267, 0.06791, 0.12723],  precision=[0.00563, 0.00453, 0.00360, 0.00271], hit=[0.02798, 0.04495, 0.07123, 0.13314], ndcg=[0.01766, 0.02281, 0.02921, 0.04102], Train Rec Loss=[0.03096], Eval Rec Loss=[0.03102], c=[0.50000], F=[0.79751, 0.86050, 0.88492, 0.94791], F_fuse=[0.01117, 0.00900, 0.00717, 0.00539]
[ INFO : 2026-07-27 17:49:04,887 ] - Epoch 23: train==[155.19664 = 1.32597 + 1.72588 + 41.80531 + 0.00759 + 0.00000 + 0.00115 + 1225.89705]
[ INFO : 2026-07-27 17:49:14,170 ] - Test_@[5, 10, 20, 50]: Recall=[0.02685, 0.04323, 0.06878, 0.12911],  precision=[0.00566, 0.00459, 0.00364, 0.00274], hit=[0.02813, 0.04556, 0.07210, 0.13489], ndcg=[0.01765, 0.02295, 0.02943, 0.04146], Train Rec Loss=[0.03095], Eval Rec Loss=[0.03098], c=[0.50000], F=[0.81553, 0.86887, 0.88902, 0.94703], F_fuse=[0.01124, 0.00913, 0.00725, 0.00547]
[ INFO : 2026-07-27 17:51:40,864 ] - Epoch 24: train==[154.67954 = 1.31090 + 1.72589 + 41.30314 + 0.00774 + 0.00000 + 0.00113 + 1225.89705]
[ INFO : 2026-07-27 17:51:50,074 ] - Test_@[5, 10, 20, 50]: Recall=[0.02691, 0.04348, 0.07007, 0.13066],  precision=[0.00567, 0.00461, 0.00371, 0.00278], hit=[0.02818, 0.04582, 0.07344, 0.13659], ndcg=[0.01774, 0.02312, 0.02985, 0.04196], Train Rec Loss=[0.03094], Eval Rec Loss=[0.03101], c=[0.50000], F=[0.84104, 0.87416, 0.89223, 0.95026], F_fuse=[0.01126, 0.00918, 0.00738, 0.00554]
[ INFO : 2026-07-27 17:54:16,055 ] - Epoch 25: train==[154.14932 = 1.30421 + 1.72589 + 40.77947 + 0.00789 + 0.00000 + 0.00113 + 1225.89705]
[ INFO : 2026-07-27 17:54:25,282 ] - Test_@[5, 10, 20, 50]: Recall=[0.02686, 0.04395, 0.07001, 0.12990],  precision=[0.00567, 0.00466, 0.00370, 0.00276], hit=[0.02818, 0.04628, 0.07328, 0.13587], ndcg=[0.01762, 0.02316, 0.02975, 0.04172], Train Rec Loss=[0.03091], Eval Rec Loss=[0.03097], c=[0.50000], F=[0.80795, 0.85750, 0.89108, 0.94745], F_fuse=[0.01126, 0.00927, 0.00737, 0.00551]
[ INFO : 2026-07-27 17:56:50,774 ] - Epoch 26: train==[153.75101 = 1.28520 + 1.72589 + 40.40004 + 0.00802 + 0.00000 + 0.00111 + 1225.89705]
[ INFO : 2026-07-27 17:57:00,001 ] - Test_@[5, 10, 20, 50]: Recall=[0.02751, 0.04429, 0.07049, 0.13188],  precision=[0.00581, 0.00470, 0.00372, 0.00280], hit=[0.02890, 0.04664, 0.07375, 0.13788], ndcg=[0.01815, 0.02358, 0.03022, 0.04251], Train Rec Loss=[0.03089], Eval Rec Loss=[0.03096], c=[0.50000], F=[0.82439, 0.86606, 0.89332, 0.94810], F_fuse=[0.01154, 0.00934, 0.00741, 0.00559]
[ INFO : 2026-07-27 17:59:26,108 ] - Epoch 27: train==[153.16658 = 1.28097 + 1.72588 + 39.81980 + 0.00809 + 0.00000 + 0.00111 + 1225.89705]
[ INFO : 2026-07-27 17:59:35,213 ] - Test_@[5, 10, 20, 50]: Recall=[0.02731, 0.04479, 0.07207, 0.13294],  precision=[0.00576, 0.00474, 0.00380, 0.00283], hit=[0.02864, 0.04706, 0.07534, 0.13901], ndcg=[0.01791, 0.02360, 0.03050, 0.04266], Train Rec Loss=[0.03087], Eval Rec Loss=[0.03097], c=[0.50000], F=[0.81941, 0.86185, 0.89480, 0.94654], F_fuse=[0.01144, 0.00942, 0.00757, 0.00564]
[ INFO : 2026-07-27 18:02:01,653 ] - Epoch 28: train==[152.60943 = 1.26068 + 1.72588 + 39.28276 + 0.00825 + 0.00000 + 0.00111 + 1225.89705]
[ INFO : 2026-07-27 18:02:10,915 ] - Test_@[5, 10, 20, 50]: Recall=[0.02752, 0.04554, 0.07171, 0.13360],  precision=[0.00580, 0.00481, 0.00379, 0.00284], hit=[0.02885, 0.04783, 0.07498, 0.13957], ndcg=[0.01788, 0.02374, 0.03036, 0.04272], Train Rec Loss=[0.03090], Eval Rec Loss=[0.03093], c=[0.50000], F=[0.81885, 0.86648, 0.89611, 0.94390], F_fuse=[0.01152, 0.00957, 0.00754, 0.00566]
[ INFO : 2026-07-27 18:04:36,260 ] - Epoch 29: train==[152.11987 = 1.25401 + 1.72588 + 38.79976 + 0.00838 + 0.00000 + 0.00110 + 1225.89705]
[ INFO : 2026-07-27 18:04:45,433 ] - Test_@[5, 10, 20, 50]: Recall=[0.02788, 0.04515, 0.07259, 0.13413],  precision=[0.00587, 0.00478, 0.00383, 0.00285], hit=[0.02921, 0.04742, 0.07591, 0.14014], ndcg=[0.01810, 0.02374, 0.03069, 0.04300], Train Rec Loss=[0.03086], Eval Rec Loss=[0.03096], c=[0.50000], F=[0.83646, 0.87868, 0.90079, 0.94384], F_fuse=[0.01166, 0.00950, 0.00763, 0.00568]
[ INFO : 2026-07-27 18:07:11,361 ] - Epoch 30: train==[151.67551 = 1.23775 + 1.72588 + 38.37162 + 0.00843 + 0.00000 + 0.00109 + 1225.89705]
[ INFO : 2026-07-27 18:07:20,617 ] - Test_@[5, 10, 20, 50]: Recall=[0.02793, 0.04576, 0.07351, 0.13454],  precision=[0.00588, 0.00484, 0.00388, 0.00286], hit=[0.02926, 0.04803, 0.07678, 0.14050], ndcg=[0.01812, 0.02390, 0.03093, 0.04315], Train Rec Loss=[0.03088], Eval Rec Loss=[0.03093], c=[0.50000], F=[0.82921, 0.87289, 0.90393, 0.94497], F_fuse=[0.01168, 0.00963, 0.00773, 0.00570]
[ INFO : 2026-07-27 18:09:46,948 ] - Epoch 31: train==[151.31543 = 1.23160 + 1.72588 + 38.01759 + 0.00855 + 0.00000 + 0.00109 + 1225.89705]
[ INFO : 2026-07-27 18:09:56,217 ] - Test_@[5, 10, 20, 50]: Recall=[0.02844, 0.04672, 0.07430, 0.13564],  precision=[0.00600, 0.00493, 0.00392, 0.00288], hit=[0.02983, 0.04891, 0.07765, 0.14173], ndcg=[0.01828, 0.02420, 0.03120, 0.04348], Train Rec Loss=[0.03086], Eval Rec Loss=[0.03092], c=[0.50000], F=[0.83941, 0.87978, 0.90788, 0.94460], F_fuse=[0.01191, 0.00981, 0.00781, 0.00574]
[ INFO : 2026-07-27 18:12:22,223 ] - Epoch 32: train==[150.91243 = 1.21808 + 1.72588 + 37.62802 + 0.00862 + 0.00000 + 0.00108 + 1225.89705]
[ INFO : 2026-07-27 18:12:31,535 ] - Test_@[5, 10, 20, 50]: Recall=[0.02872, 0.04644, 0.07559, 0.13633],  precision=[0.00606, 0.00491, 0.00399, 0.00289], hit=[0.03014, 0.04870, 0.07894, 0.14235], ndcg=[0.01844, 0.02417, 0.03158, 0.04370], Train Rec Loss=[0.03085], Eval Rec Loss=[0.03090], c=[0.50000], F=[0.83034, 0.87573, 0.90634, 0.94280], F_fuse=[0.01203, 0.00976, 0.00794, 0.00577]
[ INFO : 2026-07-27 18:14:58,038 ] - Epoch 33: train==[150.39402 = 1.20824 + 1.72588 + 37.11938 + 0.00872 + 0.00000 + 0.00107 + 1225.89705]
[ INFO : 2026-07-27 18:15:07,281 ] - Test_@[5, 10, 20, 50]: Recall=[0.02897, 0.04677, 0.07599, 0.13692],  precision=[0.00610, 0.00494, 0.00401, 0.00290], hit=[0.03034, 0.04901, 0.07935, 0.14286], ndcg=[0.01871, 0.02449, 0.03189, 0.04405], Train Rec Loss=[0.03083], Eval Rec Loss=[0.03089], c=[0.50000], F=[0.83555, 0.88144, 0.90885, 0.94358], F_fuse=[0.01211, 0.00982, 0.00798, 0.00579]
[ INFO : 2026-07-27 18:17:33,949 ] - Epoch 34: train==[150.07435 = 1.19580 + 1.72588 + 36.81205 + 0.00881 + 0.00000 + 0.00107 + 1225.89705]
[ INFO : 2026-07-27 18:17:43,253 ] - Test_@[5, 10, 20, 50]: Recall=[0.02878, 0.04711, 0.07672, 0.13714],  precision=[0.00608, 0.00497, 0.00404, 0.00291], hit=[0.03024, 0.04937, 0.08007, 0.14317], ndcg=[0.01868, 0.02463, 0.03215, 0.04420], Train Rec Loss=[0.03083], Eval Rec Loss=[0.03088], c=[0.50000], F=[0.84036, 0.88070, 0.90976, 0.94369], F_fuse=[0.01207, 0.00989, 0.00805, 0.00580]
[ INFO : 2026-07-27 18:20:09,383 ] - Epoch 35: train==[149.76281 = 1.18829 + 1.72589 + 36.50800 + 0.00884 + 0.00000 + 0.00107 + 1225.89705]
[ INFO : 2026-07-27 18:20:18,511 ] - Test_@[5, 10, 20, 50]: Recall=[0.02836, 0.04725, 0.07628, 0.13741],  precision=[0.00600, 0.00499, 0.00402, 0.00292], hit=[0.02983, 0.04947, 0.07966, 0.14348], ndcg=[0.01859, 0.02474, 0.03211, 0.04433], Train Rec Loss=[0.03082], Eval Rec Loss=[0.03088], c=[0.50000], F=[0.84119, 0.88529, 0.91257, 0.94357], F_fuse=[0.01191, 0.00992, 0.00801, 0.00582]
[ INFO : 2026-07-27 18:22:43,776 ] - Epoch 36: train==[149.14994 = 1.17451 + 1.72588 + 35.90883 + 0.00893 + 0.00000 + 0.00106 + 1225.89705]
[ INFO : 2026-07-27 18:22:53,107 ] - Test_@[5, 10, 20, 50]: Recall=[0.02851, 0.04724, 0.07685, 0.13943],  precision=[0.00603, 0.00499, 0.00405, 0.00296], hit=[0.02998, 0.04947, 0.08023, 0.14554], ndcg=[0.01873, 0.02485, 0.03234, 0.04482], Train Rec Loss=[0.03081], Eval Rec Loss=[0.03087], c=[0.50000], F=[0.83614, 0.88162, 0.91095, 0.94206], F_fuse=[0.01197, 0.00993, 0.00806, 0.00590]
[ INFO : 2026-07-27 18:25:19,357 ] - Epoch 37: train==[148.80578 = 1.16659 + 1.72588 + 35.57249 + 0.00903 + 0.00000 + 0.00106 + 1225.89705]
[ INFO : 2026-07-27 18:25:28,636 ] - Test_@[5, 10, 20, 50]: Recall=[0.02900, 0.04864, 0.07600, 0.13944],  precision=[0.00613, 0.00515, 0.00401, 0.00296], hit=[0.03050, 0.05096, 0.07935, 0.14554], ndcg=[0.01914, 0.02551, 0.03242, 0.04512], Train Rec Loss=[0.03080], Eval Rec Loss=[0.03088], c=[0.50000], F=[0.83937, 0.88491, 0.91640, 0.94467], F_fuse=[0.01217, 0.01024, 0.00799, 0.00590]
[ INFO : 2026-07-27 18:27:53,991 ] - Epoch 38: train==[148.48919 = 1.15697 + 1.72589 + 35.26551 + 0.00903 + 0.00000 + 0.00105 + 1225.89705]
[ INFO : 2026-07-27 18:28:03,199 ] - Test_@[5, 10, 20, 50]: Recall=[0.02963, 0.04876, 0.07710, 0.14075],  precision=[0.00625, 0.00515, 0.00407, 0.00299], hit=[0.03111, 0.05107, 0.08053, 0.14688], ndcg=[0.01953, 0.02573, 0.03292, 0.04566], Train Rec Loss=[0.03079], Eval Rec Loss=[0.03083], c=[0.50000], F=[0.83469, 0.88071, 0.91239, 0.94196], F_fuse=[0.01241, 0.01025, 0.00810, 0.00596]
[ INFO : 2026-07-27 18:30:29,735 ] - Epoch 39: train==[148.00312 = 1.14310 + 1.72589 + 34.79324 + 0.00911 + 0.00000 + 0.00104 + 1225.89705]
[ INFO : 2026-07-27 18:30:38,978 ] - Test_@[5, 10, 20, 50]: Recall=[0.03014, 0.04949, 0.07724, 0.14127],  precision=[0.00637, 0.00523, 0.00408, 0.00300], hit=[0.03168, 0.05179, 0.08069, 0.14734], ndcg=[0.02013, 0.02641, 0.03340, 0.04621], Train Rec Loss=[0.03079], Eval Rec Loss=[0.03084], c=[0.50000], F=[0.83869, 0.88576, 0.91542, 0.94188], F_fuse=[0.01264, 0.01040, 0.00812, 0.00598]
[ INFO : 2026-07-27 18:33:04,498 ] - Epoch 40: train==[147.72209 = 1.14274 + 1.72591 + 34.51247 + 0.00920 + 0.00000 + 0.00103 + 1225.89705]
[ INFO : 2026-07-27 18:33:13,779 ] - Test_@[5, 10, 20, 50]: Recall=[0.02908, 0.04925, 0.07746, 0.14149],  precision=[0.00616, 0.00522, 0.00409, 0.00300], hit=[0.03065, 0.05168, 0.08089, 0.14744], ndcg=[0.01955, 0.02613, 0.03326, 0.04608], Train Rec Loss=[0.03076], Eval Rec Loss=[0.03083], c=[0.50000], F=[0.83890, 0.88694, 0.91887, 0.94386], F_fuse=[0.01223, 0.01038, 0.00815, 0.00599]
[ INFO : 2026-07-27 18:35:39,412 ] - Epoch 41: train==[147.23286 = 1.12308 + 1.72589 + 34.04287 + 0.00924 + 0.00000 + 0.00103 + 1225.89705]
[ INFO : 2026-07-27 18:35:48,553 ] - Test_@[5, 10, 20, 50]: Recall=[0.02996, 0.04952, 0.07727, 0.14263],  precision=[0.00634, 0.00524, 0.00408, 0.00302], hit=[0.03152, 0.05189, 0.08074, 0.14868], ndcg=[0.01974, 0.02612, 0.03315, 0.04622], Train Rec Loss=[0.03076], Eval Rec Loss=[0.03082], c=[0.50000], F=[0.83663, 0.88431, 0.91554, 0.94067], F_fuse=[0.01258, 0.01041, 0.00813, 0.00603]
[ INFO : 2026-07-27 18:38:14,162 ] - Epoch 42: train==[146.84699 = 1.11694 + 1.72590 + 33.66302 + 0.00936 + 0.00000 + 0.00103 + 1225.89705]
[ INFO : 2026-07-27 18:38:23,492 ] - Test_@[5, 10, 20, 50]: Recall=[0.03051, 0.05079, 0.07858, 0.14233],  precision=[0.00646, 0.00536, 0.00415, 0.00302], hit=[0.03214, 0.05318, 0.08213, 0.14847], ndcg=[0.02042, 0.02699, 0.03399, 0.04676], Train Rec Loss=[0.03073], Eval Rec Loss=[0.03081], c=[0.50000], F=[0.84000, 0.88799, 0.91839, 0.94200], F_fuse=[0.01282, 0.01066, 0.00826, 0.00602]
[ INFO : 2026-07-27 18:40:49,592 ] - Epoch 43: train==[146.64674 = 1.10863 + 1.72589 + 33.47108 + 0.00938 + 0.00000 + 0.00102 + 1225.89705]
[ INFO : 2026-07-27 18:40:58,735 ] - Test_@[5, 10, 20, 50]: Recall=[0.02977, 0.05020, 0.07935, 0.14292],  precision=[0.00632, 0.00531, 0.00419, 0.00303], hit=[0.03142, 0.05261, 0.08290, 0.14904], ndcg=[0.01981, 0.02646, 0.03380, 0.04652], Train Rec Loss=[0.03075], Eval Rec Loss=[0.03077], c=[0.50000], F=[0.83581, 0.88660, 0.91923, 0.94257], F_fuse=[0.01254, 0.01056, 0.00834, 0.00605]
[ INFO : 2026-07-27 18:43:25,147 ] - Epoch 44: train==[146.43680 = 1.09999 + 1.72590 + 33.26977 + 0.00939 + 0.00000 + 0.00101 + 1225.89705]
[ INFO : 2026-07-27 18:43:34,311 ] - Test_@[5, 10, 20, 50]: Recall=[0.03078, 0.05046, 0.08006, 0.14299],  precision=[0.00654, 0.00534, 0.00422, 0.00304], hit=[0.03250, 0.05297, 0.08357, 0.14914], ndcg=[0.02036, 0.02674, 0.03420, 0.04682], Train Rec Loss=[0.03073], Eval Rec Loss=[0.03078], c=[0.50000], F=[0.83826, 0.88550, 0.91943, 0.94351], F_fuse=[0.01298, 0.01062, 0.00841, 0.00606]
[ INFO : 2026-07-27 18:46:00,694 ] - Epoch 45: train==[146.02573 = 1.09147 + 1.72589 + 32.86723 + 0.00940 + 0.00000 + 0.00101 + 1225.89705]
[ INFO : 2026-07-27 18:46:10,107 ] - Test_@[5, 10, 20, 50]: Recall=[0.03098, 0.05055, 0.08064, 0.14357],  precision=[0.00657, 0.00534, 0.00426, 0.00305], hit=[0.03266, 0.05302, 0.08424, 0.14981], ndcg=[0.02040, 0.02671, 0.03429, 0.04690], Train Rec Loss=[0.03072], Eval Rec Loss=[0.03076], c=[0.50000], F=[0.83266, 0.88598, 0.91887, 0.94175], F_fuse=[0.01304, 0.01062, 0.00847, 0.00608]
[ INFO : 2026-07-27 18:48:36,518 ] - Epoch 46: train==[145.60492 = 1.08157 + 1.72589 + 32.45623 + 0.00949 + 0.00000 + 0.00101 + 1225.89705]
[ INFO : 2026-07-27 18:48:45,769 ] - Test_@[5, 10, 20, 50]: Recall=[0.03026, 0.04983, 0.08066, 0.14372],  precision=[0.00643, 0.00527, 0.00426, 0.00305], hit=[0.03194, 0.05225, 0.08429, 0.14996], ndcg=[0.02003, 0.02640, 0.03418, 0.04680], Train Rec Loss=[0.03070], Eval Rec Loss=[0.03074], c=[0.50000], F=[0.83483, 0.88488, 0.91832, 0.94138], F_fuse=[0.01276, 0.01048, 0.00849, 0.00608]
[ INFO : 2026-07-27 18:51:12,499 ] - Epoch 47: train==[145.18000 = 1.07429 + 1.72588 + 32.03851 + 0.00957 + 0.00000 + 0.00101 + 1225.89705]
[ INFO : 2026-07-27 18:51:21,800 ] - Test_@[5, 10, 20, 50]: Recall=[0.03063, 0.04917, 0.08154, 0.14510],  precision=[0.00650, 0.00521, 0.00431, 0.00308], hit=[0.03230, 0.05168, 0.08521, 0.15140], ndcg=[0.02023, 0.02629, 0.03449, 0.04718], Train Rec Loss=[0.03069], Eval Rec Loss=[0.03074], c=[0.50000], F=[0.84304, 0.89110, 0.92140, 0.94271], F_fuse=[0.01290, 0.01036, 0.00858, 0.00614]
[ INFO : 2026-07-27 18:53:48,314 ] - Epoch 48: train==[144.80146 = 1.06552 + 1.72589 + 31.66867 + 0.00965 + 0.00000 + 0.00100 + 1225.89705]
[ INFO : 2026-07-27 18:53:57,588 ] - Test_@[5, 10, 20, 50]: Recall=[0.03080, 0.05035, 0.08120, 0.14496],  precision=[0.00654, 0.00532, 0.00429, 0.00308], hit=[0.03250, 0.05276, 0.08485, 0.15120], ndcg=[0.02022, 0.02654, 0.03434, 0.04710], Train Rec Loss=[0.03067], Eval Rec Loss=[0.03075], c=[0.50000], F=[0.83677, 0.88639, 0.91811, 0.94054], F_fuse=[0.01298, 0.01057, 0.00854, 0.00614]
[ INFO : 2026-07-27 18:56:24,055 ] - Epoch 49: train==[144.67614 = 1.05729 + 1.72588 + 31.55152 + 0.00971 + 0.00000 + 0.00099 + 1225.89705]
[ INFO : 2026-07-27 18:56:33,269 ] - Test_@[5, 10, 20, 50]: Recall=[0.03040, 0.05018, 0.08094, 0.14528],  precision=[0.00645, 0.00530, 0.00428, 0.00308], hit=[0.03204, 0.05256, 0.08460, 0.15150], ndcg=[0.01982, 0.02628, 0.03406, 0.04693], Train Rec Loss=[0.03067], Eval Rec Loss=[0.03072], c=[0.50000], F=[0.83650, 0.88602, 0.91736, 0.93859], F_fuse=[0.01280, 0.01053, 0.00852, 0.00615]
[ INFO : 2026-07-27 18:58:59,018 ] - Epoch 50: train==[144.37596 = 1.04716 + 1.72588 + 31.26146 + 0.00974 + 0.00000 + 0.00098 + 1225.89705]
[ INFO : 2026-07-27 18:59:08,311 ] - Test_@[5, 10, 20, 50]: Recall=[0.03163, 0.05087, 0.08200, 0.14681],  precision=[0.00671, 0.00538, 0.00433, 0.00312], hit=[0.03332, 0.05343, 0.08557, 0.15305], ndcg=[0.02090, 0.02712, 0.03500, 0.04796], Train Rec Loss=[0.03067], Eval Rec Loss=[0.03072], c=[0.50000], F=[0.84289, 0.89147, 0.92144, 0.94155], F_fuse=[0.01331, 0.01070, 0.00862, 0.00621]
[ INFO : 2026-07-27 19:01:34,766 ] - Epoch 51: train==[144.13081 = 1.04212 + 1.72588 + 31.02130 + 0.00978 + 0.00000 + 0.00098 + 1225.89705]
[ INFO : 2026-07-27 19:01:44,031 ] - Test_@[5, 10, 20, 50]: Recall=[0.03165, 0.05005, 0.08284, 0.14716],  precision=[0.00670, 0.00530, 0.00438, 0.00312], hit=[0.03327, 0.05256, 0.08650, 0.15341], ndcg=[0.02065, 0.02661, 0.03493, 0.04776], Train Rec Loss=[0.03065], Eval Rec Loss=[0.03070], c=[0.50000], F=[0.84064, 0.89018, 0.92075, 0.94224], F_fuse=[0.01329, 0.01053, 0.00871, 0.00623]
[ INFO : 2026-07-27 19:04:10,498 ] - Epoch 52: train==[143.80869 = 1.03365 + 1.72589 + 30.70760 + 0.00984 + 0.00000 + 0.00097 + 1225.89705]
[ INFO : 2026-07-27 19:04:19,787 ] - Test_@[5, 10, 20, 50]: Recall=[0.03130, 0.05035, 0.08246, 0.14735],  precision=[0.00662, 0.00533, 0.00436, 0.00313], hit=[0.03291, 0.05292, 0.08614, 0.15366], ndcg=[0.02071, 0.02689, 0.03503, 0.04800], Train Rec Loss=[0.03063], Eval Rec Loss=[0.03071], c=[0.50000], F=[0.84133, 0.88822, 0.91959, 0.94249], F_fuse=[0.01314, 0.01060, 0.00868, 0.00624]
[ INFO : 2026-07-27 19:06:46,143 ] - Epoch 53: train==[143.32926 = 1.02494 + 1.72588 + 30.23680 + 0.00992 + 0.00000 + 0.00098 + 1225.89705]
[ INFO : 2026-07-27 19:06:55,306 ] - Test_@[5, 10, 20, 50]: Recall=[0.03107, 0.05038, 0.08313, 0.14838],  precision=[0.00658, 0.00533, 0.00439, 0.00315], hit=[0.03271, 0.05287, 0.08686, 0.15459], ndcg=[0.02041, 0.02667, 0.03495, 0.04795], Train Rec Loss=[0.03064], Eval Rec Loss=[0.03067], c=[0.50000], F=[0.83938, 0.88819, 0.91893, 0.94178], F_fuse=[0.01306, 0.01059, 0.00875, 0.00628]
[ INFO : 2026-07-27 19:09:21,820 ] - Epoch 54: train==[143.23756 = 1.01985 + 1.72589 + 30.15017 + 0.00995 + 0.00000 + 0.00097 + 1225.89705]
[ INFO : 2026-07-27 19:09:31,007 ] - Test_@[5, 10, 20, 50]: Recall=[0.03246, 0.05163, 0.08395, 0.14889],  precision=[0.00686, 0.00546, 0.00444, 0.00316], hit=[0.03410, 0.05420, 0.08763, 0.15516], ndcg=[0.02120, 0.02737, 0.03556, 0.04850], Train Rec Loss=[0.03062], Eval Rec Loss=[0.03068], c=[0.50000], F=[0.83911, 0.88763, 0.91785, 0.94064], F_fuse=[0.01361, 0.01085, 0.00883, 0.00630]
[ INFO : 2026-07-27 19:11:57,982 ] - Epoch 55: train==[142.84345 = 1.01130 + 1.72588 + 29.76455 + 0.01003 + 0.00000 + 0.00096 + 1225.89705]
[ INFO : 2026-07-27 19:12:07,241 ] - Test_@[5, 10, 20, 50]: Recall=[0.03181, 0.05064, 0.08424, 0.14809],  precision=[0.00674, 0.00535, 0.00445, 0.00314], hit=[0.03348, 0.05312, 0.08784, 0.15438], ndcg=[0.02093, 0.02704, 0.03555, 0.04831], Train Rec Loss=[0.03060], Eval Rec Loss=[0.03065], c=[0.50000], F=[0.83799, 0.88728, 0.91765, 0.93826], F_fuse=[0.01337, 0.01064, 0.00885, 0.00626]
[ INFO : 2026-07-27 19:14:34,073 ] - Epoch 56: train==[142.62068 = 1.00351 + 1.72588 + 29.54950 + 0.01008 + 0.00000 + 0.00096 + 1225.89705]
[ INFO : 2026-07-27 19:14:43,306 ] - Test_@[5, 10, 20, 50]: Recall=[0.03197, 0.05118, 0.08359, 0.14880],  precision=[0.00676, 0.00540, 0.00442, 0.00315], hit=[0.03358, 0.05364, 0.08732, 0.15495], ndcg=[0.02081, 0.02701, 0.03525, 0.04827], Train Rec Loss=[0.03061], Eval Rec Loss=[0.03066], c=[0.50000], F=[0.84288, 0.88887, 0.91759, 0.93900], F_fuse=[0.01341, 0.01074, 0.00879, 0.00629]
[ INFO : 2026-07-27 19:17:09,676 ] - Epoch 57: train==[142.53047 = 0.99561 + 1.72588 + 29.46714 + 0.01014 + 0.00000 + 0.00096 + 1225.89705]
[ INFO : 2026-07-27 19:17:18,893 ] - Test_@[5, 10, 20, 50]: Recall=[0.03169, 0.05091, 0.08432, 0.14970],  precision=[0.00673, 0.00538, 0.00446, 0.00318], hit=[0.03338, 0.05343, 0.08820, 0.15603], ndcg=[0.02084, 0.02704, 0.03552, 0.04855], Train Rec Loss=[0.03061], Eval Rec Loss=[0.03064], c=[0.50000], F=[0.84033, 0.88883, 0.91934, 0.94037], F_fuse=[0.01335, 0.01070, 0.00887, 0.00633]
[ INFO : 2026-07-27 19:19:45,887 ] - Epoch 58: train==[142.28314 = 0.98889 + 1.72589 + 29.22649 + 0.01019 + 0.00000 + 0.00095 + 1225.89705]
[ INFO : 2026-07-27 19:19:55,316 ] - Test_@[5, 10, 20, 50]: Recall=[0.03161, 0.05163, 0.08447, 0.14997],  precision=[0.00670, 0.00545, 0.00446, 0.00318], hit=[0.03322, 0.05415, 0.08825, 0.15624], ndcg=[0.02088, 0.02733, 0.03566, 0.04872], Train Rec Loss=[0.03058], Eval Rec Loss=[0.03065], c=[0.50000], F=[0.84303, 0.88932, 0.91782, 0.93922], F_fuse=[0.01329, 0.01084, 0.00888, 0.00634]
[ INFO : 2026-07-27 19:22:21,965 ] - Epoch 59: train==[142.06634 = 0.98372 + 1.72589 + 29.01485 + 0.01020 + 0.00000 + 0.00094 + 1225.89705]
[ INFO : 2026-07-27 19:22:31,210 ] - Test_@[5, 10, 20, 50]: Recall=[0.03081, 0.05196, 0.08306, 0.14941],  precision=[0.00654, 0.00548, 0.00439, 0.00317], hit=[0.03250, 0.05436, 0.08696, 0.15588], ndcg=[0.02031, 0.02714, 0.03504, 0.04829], Train Rec Loss=[0.03057], Eval Rec Loss=[0.03063], c=[0.50000], F=[0.84405, 0.88921, 0.91862, 0.93983], F_fuse=[0.01298, 0.01090, 0.00875, 0.00632]
[ INFO : 2026-07-27 19:24:57,276 ] - Epoch 60: train==[141.71447 = 0.97185 + 1.72589 + 28.67478 + 0.01028 + 0.00000 + 0.00094 + 1225.89705]
[ INFO : 2026-07-27 19:25:06,549 ] - Test_@[5, 10, 20, 50]: Recall=[0.03127, 0.05187, 0.08394, 0.14989],  precision=[0.00664, 0.00548, 0.00444, 0.00318], hit=[0.03296, 0.05436, 0.08784, 0.15618], ndcg=[0.02045, 0.02709, 0.03522, 0.04836], Train Rec Loss=[0.03058], Eval Rec Loss=[0.03063], c=[0.50000], F=[0.84578, 0.88876, 0.91767, 0.93988], F_fuse=[0.01319, 0.01089, 0.00884, 0.00633]
[ INFO : 2026-07-27 19:27:32,287 ] - Epoch 61: train==[141.48532 = 0.97228 + 1.72589 + 28.44514 + 0.01033 + 0.00000 + 0.00094 + 1225.89705]
[ INFO : 2026-07-27 19:27:41,532 ] - Test_@[5, 10, 20, 50]: Recall=[0.03161, 0.05227, 0.08455, 0.15001],  precision=[0.00671, 0.00552, 0.00447, 0.00318], hit=[0.03327, 0.05472, 0.08840, 0.15639], ndcg=[0.02077, 0.02742, 0.03561, 0.04869], Train Rec Loss=[0.03055], Eval Rec Loss=[0.03061], c=[0.50000], F=[0.84281, 0.88737, 0.91592, 0.93785], F_fuse=[0.01331, 0.01097, 0.00889, 0.00634]
[ INFO : 2026-07-27 19:30:07,453 ] - Epoch 62: train==[141.35317 = 0.96128 + 1.72590 + 28.32395 + 0.01037 + 0.00000 + 0.00093 + 1225.89705]
[ INFO : 2026-07-27 19:30:16,647 ] - Test_@[5, 10, 20, 50]: Recall=[0.03160, 0.05222, 0.08419, 0.14965],  precision=[0.00671, 0.00551, 0.00445, 0.00317], hit=[0.03332, 0.05472, 0.08799, 0.15598], ndcg=[0.02073, 0.02738, 0.03548, 0.04856], Train Rec Loss=[0.03055], Eval Rec Loss=[0.03059], c=[0.50000], F=[0.84468, 0.88994, 0.91786, 0.93850], F_fuse=[0.01331, 0.01096, 0.00885, 0.00633]
[ INFO : 2026-07-27 19:32:43,070 ] - Epoch 63: train==[141.13179 = 0.95781 + 1.72589 + 28.10593 + 0.01050 + 0.00000 + 0.00093 + 1225.89705]
[ INFO : 2026-07-27 19:32:52,313 ] - Test_@[5, 10, 20, 50]: Recall=[0.03205, 0.05247, 0.08356, 0.14873],  precision=[0.00681, 0.00553, 0.00441, 0.00316], hit=[0.03384, 0.05482, 0.08732, 0.15516], ndcg=[0.02088, 0.02745, 0.03533, 0.04836], Train Rec Loss=[0.03054], Eval Rec Loss=[0.03058], c=[0.50000], F=[0.84650, 0.89102, 0.91912, 0.94062], F_fuse=[0.01351, 0.01100, 0.00878, 0.00630]
[ INFO : 2026-07-27 19:35:18,487 ] - Epoch 64: train==[140.85646 = 0.94705 + 1.72591 + 27.84131 + 0.01054 + 0.00000 + 0.00092 + 1225.89705]
[ INFO : 2026-07-27 19:35:27,775 ] - Test_@[5, 10, 20, 50]: Recall=[0.03184, 0.05211, 0.08412, 0.14966],  precision=[0.00677, 0.00550, 0.00444, 0.00318], hit=[0.03358, 0.05456, 0.08784, 0.15618], ndcg=[0.02086, 0.02738, 0.03550, 0.04862], Train Rec Loss=[0.03053], Eval Rec Loss=[0.03058], c=[0.50000], F=[0.84465, 0.88799, 0.91704, 0.93907], F_fuse=[0.01343, 0.01093, 0.00883, 0.00633]
[ INFO : 2026-07-27 19:37:53,924 ] - Epoch 65: train==[140.92176 = 0.94488 + 1.72590 + 27.90876 + 0.01057 + 0.00000 + 0.00092 + 1225.89705]
[ INFO : 2026-07-27 19:38:03,150 ] - Test_@[5, 10, 20, 50]: Recall=[0.03258, 0.05229, 0.08400, 0.14956],  precision=[0.00693, 0.00552, 0.00444, 0.00318], hit=[0.03440, 0.05472, 0.08779, 0.15608], ndcg=[0.02127, 0.02758, 0.03565, 0.04876], Train Rec Loss=[0.03053], Eval Rec Loss=[0.03060], c=[0.50000], F=[0.84817, 0.89171, 0.91852, 0.93868], F_fuse=[0.01375, 0.01097, 0.00883, 0.00633]
[ INFO : 2026-07-27 19:40:28,745 ] - Epoch 66: train==[140.51331 = 0.93512 + 1.72591 + 27.50997 + 0.01066 + 0.00000 + 0.00092 + 1225.89705]
[ INFO : 2026-07-27 19:40:37,914 ] - Test_@[5, 10, 20, 50]: Recall=[0.03235, 0.05273, 0.08428, 0.14939],  precision=[0.00687, 0.00556, 0.00444, 0.00317], hit=[0.03410, 0.05513, 0.08794, 0.15598], ndcg=[0.02103, 0.02757, 0.03558, 0.04864], Train Rec Loss=[0.03051], Eval Rec Loss=[0.03059], c=[0.50000], F=[0.84387, 0.88840, 0.91728, 0.93811], F_fuse=[0.01363, 0.01105, 0.00884, 0.00632]
[ INFO : 2026-07-27 19:43:04,128 ] - Epoch 67: train==[140.40436 = 0.92954 + 1.72590 + 27.40662 + 0.01065 + 0.00000 + 0.00091 + 1225.89705]
[ INFO : 2026-07-27 19:43:13,401 ] - Test_@[5, 10, 20, 50]: Recall=[0.03173, 0.05293, 0.08372, 0.14942],  precision=[0.00674, 0.00560, 0.00442, 0.00318], hit=[0.03348, 0.05549, 0.08748, 0.15618], ndcg=[0.02069, 0.02752, 0.03533, 0.04849], Train Rec Loss=[0.03050], Eval Rec Loss=[0.03058], c=[0.50000], F=[0.84763, 0.89140, 0.91867, 0.93918], F_fuse=[0.01337, 0.01113, 0.00880, 0.00633]
[ INFO : 2026-07-27 19:45:39,924 ] - Epoch 68: train==[139.98250 = 0.92389 + 1.72589 + 26.99034 + 0.01073 + 0.00000 + 0.00091 + 1225.89705]
[ INFO : 2026-07-27 19:45:49,262 ] - Test_@[5, 10, 20, 50]: Recall=[0.03241, 0.05276, 0.08376, 0.14813],  precision=[0.00687, 0.00557, 0.00442, 0.00315], hit=[0.03415, 0.05523, 0.08753, 0.15464], ndcg=[0.02103, 0.02759, 0.03544, 0.04832], Train Rec Loss=[0.03050], Eval Rec Loss=[0.03057], c=[0.50000], F=[0.84680, 0.88961, 0.91733, 0.93942], F_fuse=[0.01363, 0.01108, 0.00880, 0.00627]
[ INFO : 2026-07-27 19:48:15,633 ] - Epoch 69: train==[139.90565 = 0.91923 + 1.72589 + 26.91809 + 0.01080 + 0.00000 + 0.00090 + 1225.89705]
[ INFO : 2026-07-27 19:48:24,797 ] - Test_@[5, 10, 20, 50]: Recall=[0.03188, 0.05299, 0.08400, 0.14880],  precision=[0.00675, 0.00561, 0.00443, 0.00316], hit=[0.03358, 0.05564, 0.08784, 0.15546], ndcg=[0.02078, 0.02763, 0.03550, 0.04845], Train Rec Loss=[0.03050], Eval Rec Loss=[0.03058], c=[0.50000], F=[0.84572, 0.88835, 0.91685, 0.93881], F_fuse=[0.01339, 0.01115, 0.00882, 0.00630]
[ INFO : 2026-07-27 19:50:50,905 ] - Epoch 70: train==[139.71062 = 0.91478 + 1.72589 + 26.72749 + 0.01083 + 0.00000 + 0.00090 + 1225.89705]
[ INFO : 2026-07-27 19:51:00,084 ] - Test_@[5, 10, 20, 50]: Recall=[0.03255, 0.05359, 0.08446, 0.15031],  precision=[0.00691, 0.00567, 0.00446, 0.00319], hit=[0.03430, 0.05616, 0.08825, 0.15685], ndcg=[0.02108, 0.02789, 0.03574, 0.04890], Train Rec Loss=[0.03049], Eval Rec Loss=[0.03054], c=[0.50000], F=[0.84663, 0.88831, 0.91676, 0.93837], F_fuse=[0.01371, 0.01126, 0.00887, 0.00636]
[ INFO : 2026-07-27 19:53:26,145 ] - Epoch 71: train==[139.51011 = 0.90580 + 1.72589 + 26.53589 + 0.01091 + 0.00000 + 0.00089 + 1225.89705]
[ INFO : 2026-07-27 19:53:35,466 ] - Test_@[5, 10, 20, 50]: Recall=[0.03220, 0.05361, 0.08430, 0.14990],  precision=[0.00679, 0.00567, 0.00445, 0.00318], hit=[0.03379, 0.05616, 0.08809, 0.15660], ndcg=[0.02069, 0.02761, 0.03542, 0.04853], Train Rec Loss=[0.03048], Eval Rec Loss=[0.03056], c=[0.50000], F=[0.84761, 0.88867, 0.91713, 0.93880], F_fuse=[0.01347, 0.01127, 0.00885, 0.00635]
[ INFO : 2026-07-27 19:56:01,316 ] - Epoch 72: train==[139.28945 = 0.90232 + 1.72589 + 26.31867 + 0.01095 + 0.00000 + 0.00089 + 1225.89705]
[ INFO : 2026-07-27 19:56:10,675 ] - Test_@[5, 10, 20, 50]: Recall=[0.03226, 0.05383, 0.08458, 0.15016],  precision=[0.00681, 0.00569, 0.00447, 0.00319], hit=[0.03379, 0.05652, 0.08845, 0.15685], ndcg=[0.02072, 0.02769, 0.03549, 0.04858], Train Rec Loss=[0.03046], Eval Rec Loss=[0.03055], c=[0.50000], F=[0.84445, 0.88574, 0.91476, 0.93650], F_fuse=[0.01351, 0.01131, 0.00889, 0.00635]
[ INFO : 2026-07-27 19:58:36,885 ] - Epoch 73: train==[139.25340 = 0.89763 + 1.72589 + 26.28718 + 0.01107 + 0.00000 + 0.00088 + 1225.89705]
[ INFO : 2026-07-27 19:58:46,202 ] - Test_@[5, 10, 20, 50]: Recall=[0.03273, 0.05322, 0.08464, 0.14874],  precision=[0.00690, 0.00564, 0.00446, 0.00316], hit=[0.03435, 0.05590, 0.08845, 0.15541], ndcg=[0.02109, 0.02773, 0.03570, 0.04849], Train Rec Loss=[0.03047], Eval Rec Loss=[0.03051], c=[0.50000], F=[0.84571, 0.88710, 0.91583, 0.93806], F_fuse=[0.01369, 0.01120, 0.00888, 0.00629]
[ INFO : 2026-07-27 20:01:12,972 ] - Epoch 74: train==[139.01978 = 0.88815 + 1.72589 + 26.06299 + 0.01113 + 0.00000 + 0.00088 + 1225.89705]
[ INFO : 2026-07-27 20:01:22,098 ] - Test_@[5, 10, 20, 50]: Recall=[0.03231, 0.05397, 0.08430, 0.14889],  precision=[0.00682, 0.00571, 0.00445, 0.00316], hit=[0.03389, 0.05657, 0.08815, 0.15541], ndcg=[0.02091, 0.02795, 0.03566, 0.04856], Train Rec Loss=[0.03045], Eval Rec Loss=[0.03050], c=[0.50000], F=[0.84954, 0.88790, 0.91698, 0.93891], F_fuse=[0.01353, 0.01134, 0.00886, 0.00630]
[ INFO : 2026-07-27 20:03:48,182 ] - Epoch 75: train==[138.96800 = 0.88623 + 1.72590 + 26.01306 + 0.01119 + 0.00000 + 0.00088 + 1225.89705]
[ INFO : 2026-07-27 20:03:57,416 ] - Test_@[5, 10, 20, 50]: Recall=[0.03240, 0.05394, 0.08454, 0.15028],  precision=[0.00685, 0.00572, 0.00446, 0.00319], hit=[0.03399, 0.05672, 0.08835, 0.15706], ndcg=[0.02091, 0.02789, 0.03566, 0.04880], Train Rec Loss=[0.03044], Eval Rec Loss=[0.03050], c=[0.50000], F=[0.84582, 0.88566, 0.91359, 0.93580], F_fuse=[0.01359, 0.01136, 0.00888, 0.00636]
[ INFO : 2026-07-27 20:06:24,113 ] - Epoch 76: train==[138.78675 = 0.88264 + 1.72589 + 25.83541 + 0.01120 + 0.00000 + 0.00088 + 1225.89705]
[ INFO : 2026-07-27 20:06:33,263 ] - Test_@[5, 10, 20, 50]: Recall=[0.03292, 0.05379, 0.08401, 0.14993],  precision=[0.00694, 0.00570, 0.00443, 0.00318], hit=[0.03451, 0.05636, 0.08779, 0.15670], ndcg=[0.02093, 0.02766, 0.03534, 0.04851], Train Rec Loss=[0.03044], Eval Rec Loss=[0.03048], c=[0.50000], F=[0.84662, 0.88602, 0.91407, 0.93626], F_fuse=[0.01377, 0.01132, 0.00882, 0.00635]
[ INFO : 2026-07-27 20:08:59,316 ] - Epoch 77: train==[138.56358 = 0.87223 + 1.72589 + 25.62254 + 0.01131 + 0.00000 + 0.00088 + 1225.89705]
[ INFO : 2026-07-27 20:09:08,557 ] - Test_@[5, 10, 20, 50]: Recall=[0.03259, 0.05396, 0.08518, 0.14969],  precision=[0.00686, 0.00571, 0.00449, 0.00318], hit=[0.03420, 0.05657, 0.08897, 0.15634], ndcg=[0.02088, 0.02782, 0.03574, 0.04860], Train Rec Loss=[0.03043], Eval Rec Loss=[0.03047], c=[0.50000], F=[0.84607, 0.88658, 0.91414, 0.93637], F_fuse=[0.01361, 0.01135, 0.00894, 0.00633]
[ INFO : 2026-07-27 20:11:35,347 ] - Epoch 78: train==[138.35844 = 0.86715 + 1.72589 + 25.42240 + 0.01139 + 0.00000 + 0.00087 + 1225.89705]
[ INFO : 2026-07-27 20:11:44,618 ] - Test_@[5, 10, 20, 50]: Recall=[0.03294, 0.05437, 0.08522, 0.15002],  precision=[0.00695, 0.00575, 0.00450, 0.00318], hit=[0.03466, 0.05698, 0.08907, 0.15675], ndcg=[0.02113, 0.02808, 0.03591, 0.04883], Train Rec Loss=[0.03042], Eval Rec Loss=[0.03048], c=[0.50000], F=[0.84783, 0.88714, 0.91526, 0.93715], F_fuse=[0.01379, 0.01144, 0.00895, 0.00635]
[ INFO : 2026-07-27 20:14:11,304 ] - Epoch 79: train==[138.26927 = 0.86520 + 1.72589 + 25.33514 + 0.01143 + 0.00000 + 0.00087 + 1225.89705]
[ INFO : 2026-07-27 20:14:20,525 ] - Test_@[5, 10, 20, 50]: Recall=[0.03356, 0.05456, 0.08496, 0.15033],  precision=[0.00708, 0.00577, 0.00449, 0.00319], hit=[0.03523, 0.05724, 0.08887, 0.15716], ndcg=[0.02138, 0.02816, 0.03588, 0.04892], Train Rec Loss=[0.03043], Eval Rec Loss=[0.03048], c=[0.50000], F=[0.84547, 0.88500, 0.91337, 0.93604], F_fuse=[0.01404, 0.01147, 0.00893, 0.00636]
[ INFO : 2026-07-27 20:16:46,724 ] - Epoch 80: train==[138.23345 = 0.85878 + 1.72590 + 25.30565 + 0.01152 + 0.00000 + 0.00086 + 1225.89705]
[ INFO : 2026-07-27 20:16:56,044 ] - Test_@[5, 10, 20, 50]: Recall=[0.03283, 0.05389, 0.08500, 0.14940],  precision=[0.00694, 0.00570, 0.00448, 0.00317], hit=[0.03451, 0.05657, 0.08876, 0.15613], ndcg=[0.02128, 0.02813, 0.03606, 0.04889], Train Rec Loss=[0.03041], Eval Rec Loss=[0.03047], c=[0.50000], F=[0.84793, 0.88694, 0.91581, 0.93844], F_fuse=[0.01377, 0.01133, 0.00892, 0.00632]
[ INFO : 2026-07-27 20:19:22,339 ] - Epoch 81: train==[138.16077 = 0.85319 + 1.72590 + 25.23854 + 0.01156 + 0.00000 + 0.00086 + 1225.89705]
[ INFO : 2026-07-27 20:19:31,712 ] - Test_@[5, 10, 20, 50]: Recall=[0.03412, 0.05421, 0.08585, 0.15058],  precision=[0.00717, 0.00573, 0.00453, 0.00320], hit=[0.03569, 0.05688, 0.08969, 0.15742], ndcg=[0.02172, 0.02823, 0.03625, 0.04915], Train Rec Loss=[0.03043], Eval Rec Loss=[0.03047], c=[0.50000], F=[0.84661, 0.88568, 0.91345, 0.93555], F_fuse=[0.01422, 0.01139, 0.00901, 0.00637]
[ INFO : 2026-07-27 20:21:58,246 ] - Epoch 82: train==[137.93336 = 0.84967 + 1.72589 + 25.01458 + 0.01163 + 0.00000 + 0.00086 + 1225.89705]
[ INFO : 2026-07-27 20:22:07,416 ] - Test_@[5, 10, 20, 50]: Recall=[0.03306, 0.05453, 0.08505, 0.14918],  precision=[0.00696, 0.00576, 0.00449, 0.00317], hit=[0.03471, 0.05724, 0.08887, 0.15598], ndcg=[0.02137, 0.02832, 0.03608, 0.04886], Train Rec Loss=[0.03040], Eval Rec Loss=[0.03044], c=[0.50000], F=[0.84761, 0.88567, 0.91417, 0.93623], F_fuse=[0.01381, 0.01146, 0.00894, 0.00631]
[ INFO : 2026-07-27 20:24:34,096 ] - Epoch 83: train==[137.66093 = 0.84253 + 1.72589 + 24.74921 + 0.01171 + 0.00000 + 0.00085 + 1225.89705]
[ INFO : 2026-07-27 20:24:43,363 ] - Test_@[5, 10, 20, 50]: Recall=[0.03330, 0.05436, 0.08554, 0.15155],  precision=[0.00701, 0.00575, 0.00451, 0.00322], hit=[0.03492, 0.05703, 0.08933, 0.15834], ndcg=[0.02158, 0.02841, 0.03634, 0.04951], Train Rec Loss=[0.03040], Eval Rec Loss=[0.03047], c=[0.50000], F=[0.84770, 0.88521, 0.91334, 0.93471], F_fuse=[0.01391, 0.01142, 0.00898, 0.00641]
[ INFO : 2026-07-27 20:27:09,912 ] - Epoch 84: train==[137.70348 = 0.83939 + 1.72589 + 24.79489 + 0.01172 + 0.00000 + 0.00085 + 1225.89705]
[ INFO : 2026-07-27 20:27:19,175 ] - Test_@[5, 10, 20, 50]: Recall=[0.03286, 0.05448, 0.08528, 0.14937],  precision=[0.00692, 0.00577, 0.00450, 0.00317], hit=[0.03451, 0.05724, 0.08907, 0.15613], ndcg=[0.02122, 0.02821, 0.03603, 0.04879], Train Rec Loss=[0.03039], Eval Rec Loss=[0.03044], c=[0.50000], F=[0.84733, 0.88558, 0.91397, 0.93598], F_fuse=[0.01373, 0.01147, 0.00896, 0.00632]
[ INFO : 2026-07-27 20:29:46,629 ] - Epoch 85: train==[137.58444 = 0.83625 + 1.72589 + 24.67897 + 0.01176 + 0.00000 + 0.00084 + 1225.89705]
[ INFO : 2026-07-27 20:29:55,956 ] - Test_@[5, 10, 20, 50]: Recall=[0.03381, 0.05474, 0.08566, 0.14869],  precision=[0.00712, 0.00580, 0.00452, 0.00316], hit=[0.03548, 0.05750, 0.08943, 0.15546], ndcg=[0.02153, 0.02829, 0.03613, 0.04869], Train Rec Loss=[0.03038], Eval Rec Loss=[0.03046], c=[0.50000], F=[0.84830, 0.88473, 0.91316, 0.93539], F_fuse=[0.01412, 0.01152, 0.00900, 0.00630]
[ INFO : 2026-07-27 20:32:22,768 ] - Epoch 86: train==[137.44210 = 0.82949 + 1.72589 + 24.54329 + 0.01185 + 0.00000 + 0.00084 + 1225.89705]
[ INFO : 2026-07-27 20:32:31,981 ] - Test_@[5, 10, 20, 50]: Recall=[0.03353, 0.05528, 0.08572, 0.15066],  precision=[0.00708, 0.00584, 0.00452, 0.00320], hit=[0.03528, 0.05796, 0.08953, 0.15742], ndcg=[0.02160, 0.02863, 0.03636, 0.04933], Train Rec Loss=[0.03039], Eval Rec Loss=[0.03044], c=[0.50000], F=[0.84904, 0.88742, 0.91529, 0.93691], F_fuse=[0.01404, 0.01161, 0.00900, 0.00637]
[ INFO : 2026-07-27 20:34:58,764 ] - Epoch 87: train==[137.35143 = 0.82711 + 1.72589 + 24.45498 + 0.01187 + 0.00000 + 0.00084 + 1225.89705]
[ INFO : 2026-07-27 20:35:07,994 ] - Test_@[5, 10, 20, 50]: Recall=[0.03341, 0.05485, 0.08542, 0.14801],  precision=[0.00701, 0.00580, 0.00451, 0.00314], hit=[0.03502, 0.05755, 0.08923, 0.15485], ndcg=[0.02160, 0.02854, 0.03630, 0.04878], Train Rec Loss=[0.03036], Eval Rec Loss=[0.03042], c=[0.50000], F=[0.84810, 0.88572, 0.91438, 0.93714], F_fuse=[0.01391, 0.01153, 0.00897, 0.00627]
[ INFO : 2026-07-27 20:37:34,252 ] - Epoch 88: train==[137.15570 = 0.82138 + 1.72589 + 24.26487 + 0.01200 + 0.00000 + 0.00083 + 1225.89705]
[ INFO : 2026-07-27 20:37:43,475 ] - Test_@[5, 10, 20, 50]: Recall=[0.03357, 0.05513, 0.08601, 0.14880],  precision=[0.00707, 0.00585, 0.00453, 0.00316], hit=[0.03518, 0.05796, 0.08979, 0.15562], ndcg=[0.02177, 0.02878, 0.03659, 0.04914], Train Rec Loss=[0.03036], Eval Rec Loss=[0.03042], c=[0.50000], F=[0.85041, 0.88622, 0.91425, 0.93673], F_fuse=[0.01402, 0.01162, 0.00902, 0.00630]
[ INFO : 2026-07-27 20:40:10,109 ] - Epoch 89: train==[137.03887 = 0.81596 + 1.72589 + 24.15345 + 0.01200 + 0.00000 + 0.00083 + 1225.89705]
[ INFO : 2026-07-27 20:40:19,503 ] - Test_@[5, 10, 20, 50]: Recall=[0.03413, 0.05512, 0.08583, 0.14989],  precision=[0.00715, 0.00584, 0.00453, 0.00318], hit=[0.03564, 0.05796, 0.08964, 0.15665], ndcg=[0.02174, 0.02855, 0.03634, 0.04910], Train Rec Loss=[0.03036], Eval Rec Loss=[0.03042], c=[0.50000], F=[0.84826, 0.88406, 0.91214, 0.93441], F_fuse=[0.01418, 0.01161, 0.00901, 0.00634]
[ INFO : 2026-07-27 20:42:45,477 ] - Epoch 90: train==[137.01040 = 0.80992 + 1.72590 + 24.13092 + 0.01209 + 0.00000 + 0.00083 + 1225.89705]
[ INFO : 2026-07-27 20:42:54,741 ] - Test_@[5, 10, 20, 50]: Recall=[0.03405, 0.05515, 0.08612, 0.14907],  precision=[0.00714, 0.00584, 0.00455, 0.00316], hit=[0.03559, 0.05796, 0.09000, 0.15588], ndcg=[0.02173, 0.02855, 0.03641, 0.04896], Train Rec Loss=[0.03035], Eval Rec Loss=[0.03041], c=[0.50000], F=[0.84672, 0.88343, 0.91155, 0.93391], F_fuse=[0.01416, 0.01161, 0.00905, 0.00631]
[ INFO : 2026-07-27 20:45:21,196 ] - Epoch 91: train==[136.89504 = 0.80844 + 1.72590 + 24.01703 + 0.01210 + 0.00000 + 0.00083 + 1225.89705]
[ INFO : 2026-07-27 20:45:30,481 ] - Test_@[5, 10, 20, 50]: Recall=[0.03350, 0.05485, 0.08586, 0.14886],  precision=[0.00704, 0.00579, 0.00453, 0.00316], hit=[0.03512, 0.05744, 0.08974, 0.15577], ndcg=[0.02152, 0.02844, 0.03633, 0.04889], Train Rec Loss=[0.03034], Eval Rec Loss=[0.03042], c=[0.50000], F=[0.84927, 0.88552, 0.91364, 0.93648], F_fuse=[0.01395, 0.01150, 0.00902, 0.00630]
[ INFO : 2026-07-27 20:47:56,956 ] - Epoch 92: train==[136.82039 = 0.80420 + 1.72590 + 23.94653 + 0.01220 + 0.00000 + 0.00082 + 1225.89705]
[ INFO : 2026-07-27 20:48:06,171 ] - Test_@[5, 10, 20, 50]: Recall=[0.03349, 0.05460, 0.08593, 0.14928],  precision=[0.00704, 0.00577, 0.00453, 0.00317], hit=[0.03512, 0.05734, 0.08979, 0.15603], ndcg=[0.02159, 0.02842, 0.03638, 0.04899], Train Rec Loss=[0.03034], Eval Rec Loss=[0.03040], c=[0.50000], F=[0.84816, 0.88399, 0.91182, 0.93499], F_fuse=[0.01395, 0.01147, 0.00902, 0.00631]
[ INFO : 2026-07-27 20:50:32,730 ] - Epoch 93: train==[136.71033 = 0.80025 + 1.72589 + 23.84038 + 0.01226 + 0.00000 + 0.00082 + 1225.89705]
[ INFO : 2026-07-27 20:50:42,051 ] - Test_@[5, 10, 20, 50]: Recall=[0.03322, 0.05488, 0.08600, 0.14893],  precision=[0.00700, 0.00582, 0.00453, 0.00316], hit=[0.03497, 0.05770, 0.08984, 0.15577], ndcg=[0.02156, 0.02860, 0.03651, 0.04907], Train Rec Loss=[0.03032], Eval Rec Loss=[0.03037], c=[0.50000], F=[0.84780, 0.88520, 0.91275, 0.93519], F_fuse=[0.01389, 0.01157, 0.00902, 0.00630]
[ INFO : 2026-07-27 20:53:08,284 ] - Epoch 94: train==[136.57555 = 0.79420 + 1.72589 + 23.71157 + 0.01234 + 0.00000 + 0.00082 + 1225.89705]
[ INFO : 2026-07-27 20:53:17,570 ] - Test_@[5, 10, 20, 50]: Recall=[0.03363, 0.05497, 0.08637, 0.14754],  precision=[0.00707, 0.00581, 0.00455, 0.00313], hit=[0.03528, 0.05770, 0.09015, 0.15438], ndcg=[0.02171, 0.02865, 0.03662, 0.04882], Train Rec Loss=[0.03033], Eval Rec Loss=[0.03039], c=[0.50000], F=[0.84555, 0.88325, 0.91143, 0.93482], F_fuse=[0.01402, 0.01155, 0.00906, 0.00624]
[ INFO : 2026-07-27 20:55:44,038 ] - Epoch 95: train==[136.58682 = 0.79053 + 1.72589 + 23.72643 + 0.01241 + 0.00000 + 0.00082 + 1225.89705]
[ INFO : 2026-07-27 20:55:53,306 ] - Test_@[5, 10, 20, 50]: Recall=[0.03369, 0.05501, 0.08569, 0.14760],  precision=[0.00708, 0.00582, 0.00452, 0.00313], hit=[0.03533, 0.05775, 0.08938, 0.15444], ndcg=[0.02174, 0.02864, 0.03642, 0.04878], Train Rec Loss=[0.03031], Eval Rec Loss=[0.03037], c=[0.50000], F=[0.84906, 0.88470, 0.91317, 0.93554], F_fuse=[0.01404, 0.01157, 0.00899, 0.00625]
[ INFO : 2026-07-27 20:58:20,015 ] - Epoch 96: train==[136.47574 = 0.78778 + 1.72590 + 23.61812 + 0.01239 + 0.00000 + 0.00081 + 1225.89705]
[ INFO : 2026-07-27 20:58:29,362 ] - Test_@[5, 10, 20, 50]: Recall=[0.03381, 0.05514, 0.08721, 0.14784],  precision=[0.00710, 0.00583, 0.00460, 0.00314], hit=[0.03543, 0.05791, 0.09103, 0.15469], ndcg=[0.02203, 0.02897, 0.03709, 0.04919], Train Rec Loss=[0.03030], Eval Rec Loss=[0.03038], c=[0.50000], F=[0.84745, 0.88374, 0.91167, 0.93447], F_fuse=[0.01408, 0.01158, 0.00914, 0.00626]
[ INFO : 2026-07-27 21:00:56,745 ] - Epoch 97: train==[136.26281 = 0.78308 + 1.72589 + 23.40982 + 0.01248 + 0.00000 + 0.00081 + 1225.89705]
[ INFO : 2026-07-27 21:01:06,030 ] - Test_@[5, 10, 20, 50]: Recall=[0.03413, 0.05460, 0.08697, 0.14674],  precision=[0.00718, 0.00579, 0.00458, 0.00311], hit=[0.03579, 0.05739, 0.09077, 0.15341], ndcg=[0.02220, 0.02883, 0.03701, 0.04892], Train Rec Loss=[0.03030], Eval Rec Loss=[0.03036], c=[0.50000], F=[0.84783, 0.88415, 0.91204, 0.93441], F_fuse=[0.01424, 0.01150, 0.00912, 0.00620]
[ INFO : 2026-07-27 21:03:32,845 ] - Epoch 98: train==[136.21897 = 0.77538 + 1.72589 + 23.37358 + 0.01258 + 0.00000 + 0.00080 + 1225.89705]
[ INFO : 2026-07-27 21:03:42,006 ] - Test_@[5, 10, 20, 50]: Recall=[0.03349, 0.05491, 0.08673, 0.14749],  precision=[0.00706, 0.00582, 0.00457, 0.00313], hit=[0.03512, 0.05770, 0.09056, 0.15449], ndcg=[0.02182, 0.02876, 0.03681, 0.04894], Train Rec Loss=[0.03029], Eval Rec Loss=[0.03035], c=[0.50000], F=[0.84864, 0.88662, 0.91476, 0.93767], F_fuse=[0.01400, 0.01156, 0.00909, 0.00624]
[ INFO : 2026-07-27 21:06:08,450 ] - Epoch 99: train==[136.15910 = 0.78045 + 1.72589 + 23.30859 + 0.01264 + 0.00000 + 0.00080 + 1225.89705]
[ INFO : 2026-07-27 21:06:17,722 ] - Test_@[5, 10, 20, 50]: Recall=[0.03443, 0.05524, 0.08699, 0.14733],  precision=[0.00723, 0.00584, 0.00458, 0.00313], hit=[0.03600, 0.05796, 0.09077, 0.15408], ndcg=[0.02235, 0.02909, 0.03712, 0.04916], Train Rec Loss=[0.03028], Eval Rec Loss=[0.03036], c=[0.50000], F=[0.84538, 0.88273, 0.91160, 0.93507], F_fuse=[0.01434, 0.01160, 0.00912, 0.00623]
[ INFO : 2026-07-27 21:08:44,200 ] - Epoch 100: train==[135.91962 = 0.77025 + 1.72589 + 23.07924 + 0.01271 + 0.00000 + 0.00080 + 1225.89705]
[ INFO : 2026-07-27 21:08:53,374 ] - Test_@[5, 10, 20, 50]: Recall=[0.03411, 0.05526, 0.08652, 0.14745],  precision=[0.00715, 0.00583, 0.00456, 0.00313], hit=[0.03569, 0.05786, 0.09031, 0.15413], ndcg=[0.02212, 0.02896, 0.03689, 0.04904], Train Rec Loss=[0.03027], Eval Rec Loss=[0.03033], c=[0.50000], F=[0.84688, 0.88222, 0.91076, 0.93390], F_fuse=[0.01418, 0.01158, 0.00908, 0.00623]
[ INFO : 2026-07-27 21:11:20,441 ] - Epoch 101: train==[135.88657 = 0.76435 + 1.72590 + 23.05204 + 0.01275 + 0.00000 + 0.00080 + 1225.89705]
[ INFO : 2026-07-27 21:11:29,767 ] - Test_@[5, 10, 20, 50]: Recall=[0.03406, 0.05516, 0.08771, 0.14875],  precision=[0.00715, 0.00584, 0.00463, 0.00315], hit=[0.03569, 0.05791, 0.09159, 0.15552], ndcg=[0.02196, 0.02880, 0.03705, 0.04918], Train Rec Loss=[0.03029], Eval Rec Loss=[0.03032], c=[0.50000], F=[0.84834, 0.88423, 0.91195, 0.93399], F_fuse=[0.01418, 0.01160, 0.00921, 0.00629]
[ INFO : 2026-07-27 21:13:57,194 ] - Epoch 102: train==[135.87076 = 0.76253 + 1.72589 + 23.03798 + 0.01282 + 0.00000 + 0.00080 + 1225.89705]
[ INFO : 2026-07-27 21:14:06,463 ] - Test_@[5, 10, 20, 50]: Recall=[0.03367, 0.05509, 0.08646, 0.14592],  precision=[0.00710, 0.00581, 0.00456, 0.00309], hit=[0.03538, 0.05775, 0.09025, 0.15264], ndcg=[0.02202, 0.02894, 0.03690, 0.04878], Train Rec Loss=[0.03028], Eval Rec Loss=[0.03033], c=[0.50000], F=[0.84649, 0.88283, 0.91143, 0.93489], F_fuse=[0.01408, 0.01155, 0.00907, 0.00617]
[ INFO : 2026-07-27 21:16:33,403 ] - Epoch 103: train==[135.78924 = 0.75848 + 1.72589 + 22.96049 + 0.01285 + 0.00000 + 0.00079 + 1225.89705]
[ INFO : 2026-07-27 21:16:42,535 ] - Test_@[5, 10, 20, 50]: Recall=[0.03430, 0.05545, 0.08768, 0.14777],  precision=[0.00719, 0.00586, 0.00462, 0.00313], hit=[0.03590, 0.05816, 0.09144, 0.15449], ndcg=[0.02223, 0.02908, 0.03723, 0.04922], Train Rec Loss=[0.03026], Eval Rec Loss=[0.03032], c=[0.50000], F=[0.84621, 0.88125, 0.91019, 0.93293], F_fuse=[0.01426, 0.01164, 0.00918, 0.00624]
[ INFO : 2026-07-27 21:19:09,825 ] - Epoch 104: train==[135.65892 = 0.75560 + 1.72589 + 22.83303 + 0.01287 + 0.00000 + 0.00080 + 1225.89705]
[ INFO : 2026-07-27 21:19:19,031 ] - Test_@[5, 10, 20, 50]: Recall=[0.03375, 0.05509, 0.08782, 0.14712],  precision=[0.00710, 0.00582, 0.00463, 0.00312], hit=[0.03543, 0.05780, 0.09154, 0.15392], ndcg=[0.02213, 0.02906, 0.03734, 0.04915], Train Rec Loss=[0.03026], Eval Rec Loss=[0.03031], c=[0.50000], F=[0.84734, 0.88367, 0.91190, 0.93417], F_fuse=[0.01408, 0.01156, 0.00921, 0.00622]
[ INFO : 2026-07-27 21:21:46,101 ] - Epoch 105: train==[135.81808 = 0.75543 + 1.72589 + 22.99228 + 0.01295 + 0.00000 + 0.00079 + 1225.89705]
[ INFO : 2026-07-27 21:21:55,406 ] - Test_@[5, 10, 20, 50]: Recall=[0.03391, 0.05489, 0.08716, 0.14617],  precision=[0.00714, 0.00580, 0.00458, 0.00310], hit=[0.03559, 0.05760, 0.09077, 0.15294], ndcg=[0.02232, 0.02915, 0.03731, 0.04908], Train Rec Loss=[0.03024], Eval Rec Loss=[0.03032], c=[0.50000], F=[0.84825, 0.88450, 0.91325, 0.93605], F_fuse=[0.01416, 0.01153, 0.00912, 0.00618]
[ INFO : 2026-07-27 21:24:22,262 ] - Epoch 106: train==[135.59318 = 0.74881 + 1.72589 + 22.77388 + 0.01308 + 0.00000 + 0.00079 + 1225.89705]
[ INFO : 2026-07-27 21:24:31,542 ] - Test_@[5, 10, 20, 50]: Recall=[0.03394, 0.05534, 0.08694, 0.14612],  precision=[0.00713, 0.00584, 0.00458, 0.00310], hit=[0.03554, 0.05806, 0.09082, 0.15279], ndcg=[0.02205, 0.02899, 0.03701, 0.04883], Train Rec Loss=[0.03024], Eval Rec Loss=[0.03031], c=[0.50000], F=[0.84519, 0.88173, 0.91005, 0.93356], F_fuse=[0.01414, 0.01161, 0.00912, 0.00618]
[ INFO : 2026-07-27 21:26:58,165 ] - Epoch 107: train==[135.45478 = 0.74312 + 1.72590 + 22.64110 + 0.01313 + 0.00000 + 0.00078 + 1225.89705]
[ INFO : 2026-07-27 21:27:07,429 ] - Test_@[5, 10, 20, 50]: Recall=[0.03397, 0.05523, 0.08683, 0.14615],  precision=[0.00717, 0.00584, 0.00458, 0.00310], hit=[0.03574, 0.05801, 0.09061, 0.15300], ndcg=[0.02230, 0.02917, 0.03716, 0.04900], Train Rec Loss=[0.03025], Eval Rec Loss=[0.03031], c=[0.50000], F=[0.84709, 0.88318, 0.91167, 0.93494], F_fuse=[0.01422, 0.01161, 0.00911, 0.00618]
[ INFO : 2026-07-27 21:29:34,403 ] - Epoch 108: train==[135.39345 = 0.73778 + 1.72589 + 22.58507 + 0.01318 + 0.00000 + 0.00078 + 1225.89705]
[ INFO : 2026-07-27 21:29:43,800 ] - Test_@[5, 10, 20, 50]: Recall=[0.03381, 0.05524, 0.08723, 0.14619],  precision=[0.00713, 0.00584, 0.00459, 0.00310], hit=[0.03554, 0.05811, 0.09092, 0.15300], ndcg=[0.02203, 0.02899, 0.03708, 0.04885], Train Rec Loss=[0.03024], Eval Rec Loss=[0.03029], c=[0.50000], F=[0.84711, 0.88333, 0.91216, 0.93481], F_fuse=[0.01414, 0.01161, 0.00913, 0.00619]
[ INFO : 2026-07-27 21:32:10,086 ] - Epoch 109: train==[135.40628 = 0.73887 + 1.72589 + 22.59681 + 0.01319 + 0.00000 + 0.00078 + 1225.89705]
[ INFO : 2026-07-27 21:32:19,352 ] - Test_@[5, 10, 20, 50]: Recall=[0.03383, 0.05543, 0.08737, 0.14735],  precision=[0.00713, 0.00586, 0.00460, 0.00312], hit=[0.03554, 0.05816, 0.09118, 0.15413], ndcg=[0.02215, 0.02916, 0.03726, 0.04923], Train Rec Loss=[0.03023], Eval Rec Loss=[0.03028], c=[0.50000], F=[0.84451, 0.88149, 0.91053, 0.93390], F_fuse=[0.01414, 0.01164, 0.00916, 0.00623]
[ INFO : 2026-07-27 21:34:46,332 ] - Epoch 110: train==[135.31534 = 0.73380 + 1.72589 + 22.51084 + 0.01329 + 0.00000 + 0.00078 + 1225.89705]
[ INFO : 2026-07-27 21:34:55,539 ] - Test_@[5, 10, 20, 50]: Recall=[0.03350, 0.05506, 0.08735, 0.14659],  precision=[0.00707, 0.00580, 0.00460, 0.00311], hit=[0.03523, 0.05760, 0.09113, 0.15336], ndcg=[0.02219, 0.02916, 0.03734, 0.04916], Train Rec Loss=[0.03021], Eval Rec Loss=[0.03027], c=[0.50000], F=[0.84571, 0.88256, 0.91161, 0.93474], F_fuse=[0.01402, 0.01152, 0.00915, 0.00620]
[ INFO : 2026-07-27 21:37:22,268 ] - Epoch 111: train==[135.13644 = 0.73230 + 1.72589 + 22.33336 + 0.01338 + 0.00000 + 0.00078 + 1225.89705]
[ INFO : 2026-07-27 21:37:31,650 ] - Test_@[5, 10, 20, 50]: Recall=[0.03425, 0.05501, 0.08675, 0.14573],  precision=[0.00723, 0.00581, 0.00457, 0.00309], hit=[0.03605, 0.05770, 0.09041, 0.15243], ndcg=[0.02229, 0.02898, 0.03703, 0.04883], Train Rec Loss=[0.03022], Eval Rec Loss=[0.03028], c=[0.50000], F=[0.84573, 0.88257, 0.91132, 0.93512], F_fuse=[0.01434, 0.01154, 0.00909, 0.00616]
[ INFO : 2026-07-27 21:39:58,533 ] - Epoch 112: train==[135.18313 = 0.72637 + 1.72589 + 22.38589 + 0.01347 + 0.00000 + 0.00077 + 1225.89705]
[ INFO : 2026-07-27 21:40:07,691 ] - Test_@[5, 10, 20, 50]: Recall=[0.03342, 0.05537, 0.08742, 0.14697],  precision=[0.00706, 0.00585, 0.00461, 0.00312], hit=[0.03518, 0.05811, 0.09128, 0.15366], ndcg=[0.02217, 0.02930, 0.03740, 0.04928], Train Rec Loss=[0.03023], Eval Rec Loss=[0.03027], c=[0.50000], F=[0.84515, 0.88153, 0.91100, 0.93398], F_fuse=[0.01399, 0.01163, 0.00916, 0.00621]
[ INFO : 2026-07-27 21:42:34,556 ] - Epoch 113: train==[135.14584 = 0.72528 + 1.72589 + 22.34968 + 0.01348 + 0.00000 + 0.00077 + 1225.89705]
[ INFO : 2026-07-27 21:42:43,584 ] - Test_@[5, 10, 20, 50]: Recall=[0.03337, 0.05486, 0.08682, 0.14578],  precision=[0.00702, 0.00578, 0.00458, 0.00309], hit=[0.03502, 0.05744, 0.09067, 0.15248], ndcg=[0.02222, 0.02919, 0.03729, 0.04905], Train Rec Loss=[0.03021], Eval Rec Loss=[0.03027], c=[0.50000], F=[0.84428, 0.88152, 0.91082, 0.93449], F_fuse=[0.01393, 0.01149, 0.00911, 0.00617]
[ INFO : 2026-07-27 21:45:10,456 ] - Epoch 114: train==[134.96175 = 0.72069 + 1.72589 + 22.17012 + 0.01354 + 0.00000 + 0.00077 + 1225.89705]
[ INFO : 2026-07-27 21:45:19,722 ] - Test_@[5, 10, 20, 50]: Recall=[0.03358, 0.05421, 0.08603, 0.14454],  precision=[0.00710, 0.00571, 0.00454, 0.00307], hit=[0.03538, 0.05678, 0.08979, 0.15125], ndcg=[0.02201, 0.02869, 0.03678, 0.04848], Train Rec Loss=[0.03020], Eval Rec Loss=[0.03026], c=[0.50000], F=[0.84493, 0.88374, 0.91286, 0.93639], F_fuse=[0.01408, 0.01135, 0.00903, 0.00611]
[ INFO : 2026-07-27 21:47:46,647 ] - Epoch 115: train==[135.09629 = 0.71683 + 1.72589 + 22.30850 + 0.01356 + 0.00000 + 0.00077 + 1225.89705]
[ INFO : 2026-07-27 21:47:55,927 ] - Test_@[5, 10, 20, 50]: Recall=[0.03309, 0.05527, 0.08737, 0.14558],  precision=[0.00696, 0.00583, 0.00461, 0.00309], hit=[0.03482, 0.05786, 0.09123, 0.15233], ndcg=[0.02196, 0.02916, 0.03729, 0.04891], Train Rec Loss=[0.03021], Eval Rec Loss=[0.03028], c=[0.50000], F=[0.84427, 0.88128, 0.91070, 0.93454], F_fuse=[0.01381, 0.01158, 0.00917, 0.00616]
[ INFO : 2026-07-27 21:50:22,976 ] - Epoch 116: train==[134.87231 = 0.71346 + 1.72589 + 22.08778 + 0.01367 + 0.00000 + 0.00077 + 1225.89705]
[ INFO : 2026-07-27 21:50:32,324 ] - Test_@[5, 10, 20, 50]: Recall=[0.03390, 0.05567, 0.08782, 0.14622],  precision=[0.00713, 0.00587, 0.00464, 0.00310], hit=[0.03559, 0.05832, 0.09175, 0.15279], ndcg=[0.02243, 0.02947, 0.03762, 0.04926], Train Rec Loss=[0.03018], Eval Rec Loss=[0.03026], c=[0.50000], F=[0.84477, 0.88161, 0.91000, 0.93322], F_fuse=[0.01414, 0.01166, 0.00923, 0.00618]
[ INFO : 2026-07-27 21:52:59,077 ] - Epoch 117: train==[134.79674 = 0.70911 + 1.72589 + 22.01646 + 0.01378 + 0.00000 + 0.00076 + 1225.89705]
[ INFO : 2026-07-27 21:53:08,382 ] - Test_@[5, 10, 20, 50]: Recall=[0.03366, 0.05494, 0.08740, 0.14542],  precision=[0.00709, 0.00579, 0.00461, 0.00308], hit=[0.03538, 0.05760, 0.09123, 0.15207], ndcg=[0.02205, 0.02895, 0.03720, 0.04879], Train Rec Loss=[0.03019], Eval Rec Loss=[0.03026], c=[0.50000], F=[0.84409, 0.88211, 0.91105, 0.93465], F_fuse=[0.01406, 0.01151, 0.00916, 0.00615]
[ INFO : 2026-07-27 21:55:34,885 ] - Epoch 118: train==[134.69918 = 0.71116 + 1.72589 + 21.91684 + 0.01380 + 0.00000 + 0.00076 + 1225.89705]
[ INFO : 2026-07-27 21:55:44,019 ] - Test_@[5, 10, 20, 50]: Recall=[0.03382, 0.05449, 0.08709, 0.14569],  precision=[0.00715, 0.00575, 0.00459, 0.00309], hit=[0.03564, 0.05714, 0.09092, 0.15243], ndcg=[0.02224, 0.02895, 0.03722, 0.04891], Train Rec Loss=[0.03019], Eval Rec Loss=[0.03024], c=[0.50000], F=[0.84438, 0.88242, 0.91120, 0.93532], F_fuse=[0.01418, 0.01142, 0.00913, 0.00617]
[ INFO : 2026-07-27 21:58:10,752 ] - Epoch 119: train==[134.77363 = 0.70323 + 1.72589 + 21.99915 + 0.01386 + 0.00000 + 0.00076 + 1225.89705]
[ INFO : 2026-07-27 21:58:19,906 ] - Test_@[5, 10, 20, 50]: Recall=[0.03382, 0.05537, 0.08766, 0.14624],  precision=[0.00714, 0.00585, 0.00462, 0.00310], hit=[0.03564, 0.05811, 0.09154, 0.15300], ndcg=[0.02248, 0.02950, 0.03766, 0.04937], Train Rec Loss=[0.03018], Eval Rec Loss=[0.03024], c=[0.50000], F=[0.84370, 0.87926, 0.90872, 0.93198], F_fuse=[0.01416, 0.01163, 0.00919, 0.00619]
[ INFO : 2026-07-27 22:00:46,832 ] - Epoch 120: train==[134.79658 = 0.70401 + 1.72589 + 22.02131 + 0.01387 + 0.00000 + 0.00076 + 1225.89705]
[ INFO : 2026-07-27 22:00:56,119 ] - Test_@[5, 10, 20, 50]: Recall=[0.03374, 0.05394, 0.08667, 0.14425],  precision=[0.00712, 0.00568, 0.00456, 0.00306], hit=[0.03543, 0.05652, 0.09046, 0.15089], ndcg=[0.02260, 0.02913, 0.03744, 0.04894], Train Rec Loss=[0.03018], Eval Rec Loss=[0.03024], c=[0.50000], F=[0.84378, 0.88212, 0.91124, 0.93535], F_fuse=[0.01412, 0.01128, 0.00908, 0.00610]
[ INFO : 2026-07-27 22:03:22,983 ] - Epoch 121: train==[134.67341 = 0.69791 + 1.72589 + 21.90411 + 0.01400 + 0.00000 + 0.00075 + 1225.89705]
[ INFO : 2026-07-27 22:03:32,168 ] - Test_@[5, 10, 20, 50]: Recall=[0.03374, 0.05508, 0.08732, 0.14612],  precision=[0.00712, 0.00581, 0.00461, 0.00310], hit=[0.03554, 0.05775, 0.09118, 0.15300], ndcg=[0.02238, 0.02930, 0.03749, 0.04924], Train Rec Loss=[0.03016], Eval Rec Loss=[0.03024], c=[0.50000], F=[0.84492, 0.88286, 0.91087, 0.93453], F_fuse=[0.01412, 0.01154, 0.00916, 0.00619]
[ INFO : 2026-07-27 22:05:59,119 ] - Epoch 122: train==[134.64740 = 0.69449 + 1.72589 + 21.88147 + 0.01406 + 0.00000 + 0.00076 + 1225.89705]
[ INFO : 2026-07-27 22:06:08,428 ] - Test_@[5, 10, 20, 50]: Recall=[0.03387, 0.05504, 0.08722, 0.14492],  precision=[0.00715, 0.00580, 0.00460, 0.00308], hit=[0.03559, 0.05770, 0.09113, 0.15161], ndcg=[0.02238, 0.02926, 0.03743, 0.04896], Train Rec Loss=[0.03018], Eval Rec Loss=[0.03024], c=[0.50000], F=[0.84225, 0.88028, 0.90899, 0.93331], F_fuse=[0.01418, 0.01153, 0.00915, 0.00613]
[ INFO : 2026-07-27 22:08:35,415 ] - Epoch 123: train==[134.60914 = 0.69389 + 1.72590 + 21.84377 + 0.01409 + 0.00000 + 0.00075 + 1225.89705]
[ INFO : 2026-07-27 22:08:44,670 ] - Test_@[5, 10, 20, 50]: Recall=[0.03470, 0.05364, 0.08720, 0.14334],  precision=[0.00730, 0.00564, 0.00459, 0.00304], hit=[0.03646, 0.05611, 0.09103, 0.14986], ndcg=[0.02266, 0.02879, 0.03732, 0.04854], Train Rec Loss=[0.03015], Eval Rec Loss=[0.03022], c=[0.50000], F=[0.84369, 0.88183, 0.91068, 0.93487], F_fuse=[0.01448, 0.01121, 0.00914, 0.00607]
[ INFO : 2026-07-27 22:11:12,041 ] - Epoch 124: train==[134.59733 = 0.68853 + 1.72589 + 21.83728 + 0.01415 + 0.00000 + 0.00075 + 1225.89705]
[ INFO : 2026-07-27 22:11:21,233 ] - Test_@[5, 10, 20, 50]: Recall=[0.03415, 0.05497, 0.08716, 0.14457],  precision=[0.00722, 0.00579, 0.00459, 0.00307], hit=[0.03595, 0.05755, 0.09103, 0.15109], ndcg=[0.02237, 0.02911, 0.03729, 0.04876], Train Rec Loss=[0.03015], Eval Rec Loss=[0.03020], c=[0.50000], F=[0.84499, 0.88183, 0.91158, 0.93579], F_fuse=[0.01432, 0.01150, 0.00914, 0.00611]
[ INFO : 2026-07-27 22:13:47,878 ] - Epoch 125: train==[134.35370 = 0.68669 + 1.72589 + 21.59539 + 0.01423 + 0.00000 + 0.00075 + 1225.89705]
[ INFO : 2026-07-27 22:13:57,163 ] - Test_@[5, 10, 20, 50]: Recall=[0.03443, 0.05450, 0.08673, 0.14440],  precision=[0.00726, 0.00573, 0.00457, 0.00306], hit=[0.03615, 0.05703, 0.09051, 0.15094], ndcg=[0.02282, 0.02927, 0.03747, 0.04900], Train Rec Loss=[0.03016], Eval Rec Loss=[0.03021], c=[0.50000], F=[0.84436, 0.88320, 0.91102, 0.93505], F_fuse=[0.01440, 0.01139, 0.00909, 0.00611]
[ INFO : 2026-07-27 22:16:24,464 ] - Epoch 126: train==[134.39303 = 0.68259 + 1.72590 + 21.63880 + 0.01426 + 0.00000 + 0.00075 + 1225.89705]
[ INFO : 2026-07-27 22:16:33,609 ] - Test_@[5, 10, 20, 50]: Recall=[0.03395, 0.05431, 0.08569, 0.14259],  precision=[0.00715, 0.00570, 0.00451, 0.00302], hit=[0.03559, 0.05672, 0.08938, 0.14914], ndcg=[0.02247, 0.02908, 0.03705, 0.04843], Train Rec Loss=[0.03015], Eval Rec Loss=[0.03022], c=[0.50000], F=[0.84254, 0.88302, 0.91250, 0.93786], F_fuse=[0.01418, 0.01133, 0.00897, 0.00603]
[ INFO : 2026-07-27 22:19:00,638 ] - Epoch 127: train==[134.34621 = 0.68238 + 1.72589 + 21.59213 + 0.01433 + 0.00000 + 0.00075 + 1225.89705]
[ INFO : 2026-07-27 22:19:09,945 ] - Test_@[5, 10, 20, 50]: Recall=[0.03448, 0.05418, 0.08742, 0.14508],  precision=[0.00725, 0.00570, 0.00460, 0.00308], hit=[0.03610, 0.05678, 0.09118, 0.15166], ndcg=[0.02266, 0.02904, 0.03747, 0.04900], Train Rec Loss=[0.03013], Eval Rec Loss=[0.03022], c=[0.50000], F=[0.84124, 0.88026, 0.90942, 0.93396], F_fuse=[0.01438, 0.01133, 0.00915, 0.00614]
[ INFO : 2026-07-27 22:21:37,464 ] - Epoch 128: train==[134.31125 = 0.67517 + 1.72589 + 21.56434 + 0.01437 + 0.00000 + 0.00074 + 1225.89705]
[ INFO : 2026-07-27 22:21:46,538 ] - Test_@[5, 10, 20, 50]: Recall=[0.03427, 0.05439, 0.08693, 0.14511],  precision=[0.00723, 0.00572, 0.00458, 0.00308], hit=[0.03610, 0.05693, 0.09077, 0.15161], ndcg=[0.02276, 0.02929, 0.03757, 0.04920], Train Rec Loss=[0.03013], Eval Rec Loss=[0.03021], c=[0.50000], F=[0.84472, 0.88329, 0.91167, 0.93604], F_fuse=[0.01434, 0.01136, 0.00911, 0.00613]
[ INFO : 2026-07-27 22:24:14,210 ] - Epoch 129: train==[134.11475 = 0.67679 + 1.72589 + 21.36613 + 0.01446 + 0.00000 + 0.00075 + 1225.89705]
[ INFO : 2026-07-27 22:24:23,472 ] - Test_@[5, 10, 20, 50]: Recall=[0.03345, 0.05422, 0.08600, 0.14330],  precision=[0.00706, 0.00571, 0.00453, 0.00304], hit=[0.03523, 0.05683, 0.08974, 0.14981], ndcg=[0.02217, 0.02892, 0.03698, 0.04847], Train Rec Loss=[0.03012], Eval Rec Loss=[0.03019], c=[0.50000], F=[0.84299, 0.88185, 0.91109, 0.93617], F_fuse=[0.01399, 0.01135, 0.00901, 0.00606]
[ INFO : 2026-07-27 22:26:50,742 ] - Epoch 130: train==[134.22053 = 0.67129 + 1.72589 + 21.47736 + 0.01452 + 0.00000 + 0.00074 + 1225.89705]
[ INFO : 2026-07-27 22:27:00,047 ] - Test_@[5, 10, 20, 50]: Recall=[0.03455, 0.05441, 0.08798, 0.14578],  precision=[0.00727, 0.00573, 0.00464, 0.00310], hit=[0.03631, 0.05698, 0.09195, 0.15243], ndcg=[0.02274, 0.02917, 0.03768, 0.04921], Train Rec Loss=[0.03012], Eval Rec Loss=[0.03019], c=[0.50000], F=[0.84400, 0.88147, 0.90958, 0.93372], F_fuse=[0.01442, 0.01139, 0.00924, 0.00617]
[ INFO : 2026-07-27 22:29:27,540 ] - Epoch 131: train==[134.20956 = 0.66809 + 1.72589 + 21.46948 + 0.01462 + 0.00000 + 0.00074 + 1225.89705]
[ INFO : 2026-07-27 22:29:36,772 ] - Test_@[5, 10, 20, 50]: Recall=[0.03462, 0.05460, 0.08739, 0.14546],  precision=[0.00729, 0.00573, 0.00461, 0.00309], hit=[0.03641, 0.05703, 0.09133, 0.15192], ndcg=[0.02282, 0.02931, 0.03765, 0.04925], Train Rec Loss=[0.03012], Eval Rec Loss=[0.03018], c=[0.50000], F=[0.84182, 0.88088, 0.90999, 0.93423], F_fuse=[0.01446, 0.01139, 0.00916, 0.00615]
[ INFO : 2026-07-27 22:32:04,216 ] - Epoch 132: train==[134.07570 = 0.66921 + 1.72589 + 21.33445 + 0.01468 + 0.00000 + 0.00074 + 1225.89705]
[ INFO : 2026-07-27 22:32:13,555 ] - Test_@[5, 10, 20, 50]: Recall=[0.03387, 0.05377, 0.08726, 0.14466],  precision=[0.00715, 0.00566, 0.00460, 0.00307], hit=[0.03564, 0.05631, 0.09103, 0.15125], ndcg=[0.02256, 0.02902, 0.03751, 0.04896], Train Rec Loss=[0.03012], Eval Rec Loss=[0.03018], c=[0.50000], F=[0.84298, 0.88127, 0.91102, 0.93545], F_fuse=[0.01418, 0.01124, 0.00914, 0.00612]
[ INFO : 2026-07-27 22:34:41,376 ] - Epoch 133: train==[134.12106 = 0.66502 + 1.72589 + 21.38394 + 0.01473 + 0.00000 + 0.00074 + 1225.89705]
[ INFO : 2026-07-27 22:34:50,560 ] - Test_@[5, 10, 20, 50]: Recall=[0.03451, 0.05435, 0.08724, 0.14581],  precision=[0.00726, 0.00571, 0.00460, 0.00309], hit=[0.03626, 0.05678, 0.09108, 0.15238], ndcg=[0.02284, 0.02927, 0.03761, 0.04929], Train Rec Loss=[0.03013], Eval Rec Loss=[0.03018], c=[0.50000], F=[0.84396, 0.88213, 0.91119, 0.93528], F_fuse=[0.01440, 0.01134, 0.00914, 0.00617]
[ INFO : 2026-07-27 22:37:18,343 ] - Epoch 134: train==[134.09736 = 0.66145 + 1.72589 + 21.36373 + 0.01482 + 0.00000 + 0.00073 + 1225.89705]
[ INFO : 2026-07-27 22:37:27,498 ] - Test_@[5, 10, 20, 50]: Recall=[0.03391, 0.05440, 0.08694, 0.14499],  precision=[0.00713, 0.00571, 0.00457, 0.00308], hit=[0.03559, 0.05672, 0.09067, 0.15156], ndcg=[0.02232, 0.02896, 0.03722, 0.04881], Train Rec Loss=[0.03011], Eval Rec Loss=[0.03017], c=[0.50000], F=[0.84385, 0.88065, 0.91008, 0.93427], F_fuse=[0.01414, 0.01134, 0.00910, 0.00613]
[ INFO : 2026-07-27 22:39:54,611 ] - Epoch 135: train==[134.07070 = 0.65919 + 1.72589 + 21.33935 + 0.01480 + 0.00000 + 0.00073 + 1225.89705]
[ INFO : 2026-07-27 22:40:03,739 ] - Test_@[5, 10, 20, 50]: Recall=[0.03374, 0.05396, 0.08646, 0.14402],  precision=[0.00714, 0.00568, 0.00456, 0.00306], hit=[0.03559, 0.05647, 0.09025, 0.15053], ndcg=[0.02236, 0.02891, 0.03716, 0.04866], Train Rec Loss=[0.03011], Eval Rec Loss=[0.03017], c=[0.50000], F=[0.84297, 0.88141, 0.91023, 0.93538], F_fuse=[0.01416, 0.01129, 0.00907, 0.00610]
[ INFO : 2026-07-27 22:42:31,009 ] - Epoch 136: train==[134.00724 = 0.65583 + 1.72589 + 21.27911 + 0.01493 + 0.00000 + 0.00073 + 1225.89705]
[ INFO : 2026-07-27 22:42:40,244 ] - Test_@[5, 10, 20, 50]: Recall=[0.03402, 0.05455, 0.08664, 0.14436],  precision=[0.00716, 0.00575, 0.00457, 0.00307], hit=[0.03574, 0.05714, 0.09046, 0.15094], ndcg=[0.02257, 0.02924, 0.03738, 0.04891], Train Rec Loss=[0.03011], Eval Rec Loss=[0.03016], c=[0.50000], F=[0.84348, 0.88098, 0.91058, 0.93575], F_fuse=[0.01420, 0.01142, 0.00909, 0.00611]
[ INFO : 2026-07-27 22:45:07,151 ] - Epoch 137: train==[133.94453 = 0.65351 + 1.72589 + 21.21873 + 0.01494 + 0.00000 + 0.00073 + 1225.89705]
[ INFO : 2026-07-27 22:45:16,410 ] - Test_@[5, 10, 20, 50]: Recall=[0.03375, 0.05380, 0.08591, 0.14521],  precision=[0.00711, 0.00566, 0.00453, 0.00309], hit=[0.03543, 0.05621, 0.08969, 0.15197], ndcg=[0.02245, 0.02895, 0.03714, 0.04900], Train Rec Loss=[0.03010], Eval Rec Loss=[0.03016], c=[0.50000], F=[0.84324, 0.88163, 0.91010, 0.93435], F_fuse=[0.01410, 0.01124, 0.00901, 0.00615]
[ INFO : 2026-07-27 22:47:43,062 ] - Epoch 138: train==[133.82877 = 0.65004 + 1.72589 + 21.10638 + 0.01499 + 0.00000 + 0.00073 + 1225.89705]
[ INFO : 2026-07-27 22:47:52,319 ] - Test_@[5, 10, 20, 50]: Recall=[0.03399, 0.05369, 0.08653, 0.14601],  precision=[0.00716, 0.00565, 0.00455, 0.00310], hit=[0.03574, 0.05611, 0.09025, 0.15264], ndcg=[0.02261, 0.02897, 0.03734, 0.04923], Train Rec Loss=[0.03009], Eval Rec Loss=[0.03016], c=[0.50000], F=[0.84560, 0.88192, 0.91008, 0.93443], F_fuse=[0.01420, 0.01122, 0.00906, 0.00618]
[ INFO : 2026-07-27 22:50:19,613 ] - Epoch 139: train==[133.82839 = 0.64870 + 1.72589 + 21.10726 + 0.01507 + 0.00000 + 0.00073 + 1225.89705]
[ INFO : 2026-07-27 22:50:28,795 ] - Test_@[5, 10, 20, 50]: Recall=[0.03393, 0.05499, 0.08556, 0.14420],  precision=[0.00714, 0.00578, 0.00451, 0.00306], hit=[0.03554, 0.05750, 0.08928, 0.15068], ndcg=[0.02242, 0.02923, 0.03698, 0.04870], Train Rec Loss=[0.03008], Eval Rec Loss=[0.03015], c=[0.50000], F=[0.84279, 0.88158, 0.91144, 0.93708], F_fuse=[0.01416, 0.01149, 0.00897, 0.00611]
[ INFO : 2026-07-27 22:52:56,385 ] - Epoch 140: train==[133.96176 = 0.64744 + 1.72589 + 21.24186 + 0.01511 + 0.00000 + 0.00072 + 1225.89705]
[ INFO : 2026-07-27 22:53:05,725 ] - Test_@[5, 10, 20, 50]: Recall=[0.03402, 0.05461, 0.08611, 0.14472],  precision=[0.00718, 0.00573, 0.00454, 0.00308], hit=[0.03584, 0.05703, 0.09000, 0.15120], ndcg=[0.02246, 0.02911, 0.03713, 0.04884], Train Rec Loss=[0.03008], Eval Rec Loss=[0.03016], c=[0.50000], F=[0.84348, 0.88068, 0.90956, 0.93481], F_fuse=[0.01424, 0.01139, 0.00904, 0.00613]
[ INFO : 2026-07-27 22:55:32,277 ] - Epoch 141: train==[133.83607 = 0.64094 + 1.72589 + 21.12256 + 0.01523 + 0.00000 + 0.00072 + 1225.89705]
[ INFO : 2026-07-27 22:55:41,486 ] - Test_@[5, 10, 20, 50]: Recall=[0.03380, 0.05428, 0.08517, 0.14334],  precision=[0.00716, 0.00571, 0.00449, 0.00304], hit=[0.03569, 0.05688, 0.08897, 0.14970], ndcg=[0.02230, 0.02894, 0.03679, 0.04844], Train Rec Loss=[0.03008], Eval Rec Loss=[0.03015], c=[0.50000], F=[0.84352, 0.88006, 0.90906, 0.93449], F_fuse=[0.01420, 0.01134, 0.00894, 0.00607]
[ INFO : 2026-07-27 22:58:08,873 ] - Epoch 142: train==[133.78506 = 0.64048 + 1.72589 + 21.07200 + 0.01523 + 0.00000 + 0.00072 + 1225.89705]
[ INFO : 2026-07-27 22:58:18,281 ] - Test_@[5, 10, 20, 50]: Recall=[0.03415, 0.05335, 0.08515, 0.14461],  precision=[0.00718, 0.00560, 0.00448, 0.00307], hit=[0.03584, 0.05575, 0.08881, 0.15104], ndcg=[0.02247, 0.02866, 0.03676, 0.04864], Train Rec Loss=[0.03008], Eval Rec Loss=[0.03014], c=[0.50000], F=[0.84387, 0.88172, 0.91052, 0.93555], F_fuse=[0.01424, 0.01113, 0.00892, 0.00612]
[ INFO : 2026-07-27 23:00:45,444 ] - Epoch 143: train==[133.59971 = 0.64126 + 1.72589 + 20.88574 + 0.01535 + 0.00000 + 0.00072 + 1225.89705]
[ INFO : 2026-07-27 23:00:54,780 ] - Test_@[5, 10, 20, 50]: Recall=[0.03396, 0.05398, 0.08587, 0.14415],  precision=[0.00716, 0.00568, 0.00453, 0.00306], hit=[0.03569, 0.05642, 0.08969, 0.15068], ndcg=[0.02264, 0.02910, 0.03722, 0.04887], Train Rec Loss=[0.03009], Eval Rec Loss=[0.03015], c=[0.50000], F=[0.84297, 0.88040, 0.90906, 0.93509], F_fuse=[0.01420, 0.01129, 0.00901, 0.00610]
[ INFO : 2026-07-27 23:03:21,514 ] - Epoch 144: train==[133.74171 = 0.63408 + 1.72589 + 21.03493 + 0.01534 + 0.00000 + 0.00072 + 1225.89705]
[ INFO : 2026-07-27 23:03:30,781 ] - Test_@[5, 10, 20, 50]: Recall=[0.03392, 0.05393, 0.08506, 0.14405],  precision=[0.00714, 0.00567, 0.00448, 0.00306], hit=[0.03564, 0.05631, 0.08881, 0.15042], ndcg=[0.02242, 0.02889, 0.03682, 0.04862], Train Rec Loss=[0.03008], Eval Rec Loss=[0.03014], c=[0.50000], F=[0.84295, 0.87992, 0.90926, 0.93488], F_fuse=[0.01416, 0.01126, 0.00892, 0.00610]
[ INFO : 2026-07-27 23:05:57,660 ] - Epoch 145: train==[133.69539 = 0.63499 + 1.72589 + 20.98763 + 0.01542 + 0.00000 + 0.00072 + 1225.89705]
[ INFO : 2026-07-27 23:06:06,708 ] - Test_@[5, 10, 20, 50]: Recall=[0.03412, 0.05512, 0.08630, 0.14364],  precision=[0.00721, 0.00580, 0.00455, 0.00305], hit=[0.03595, 0.05770, 0.09005, 0.15001], ndcg=[0.02249, 0.02928, 0.03718, 0.04864], Train Rec Loss=[0.03007], Eval Rec Loss=[0.03014], c=[0.50000], F=[0.84313, 0.88158, 0.91078, 0.93602], F_fuse=[0.01430, 0.01153, 0.00905, 0.00608]
[ INFO : 2026-07-27 23:08:33,825 ] - Epoch 146: train==[133.63671 = 0.62865 + 1.72589 + 20.93521 + 0.01550 + 0.00000 + 0.00072 + 1225.89705]
[ INFO : 2026-07-27 23:08:42,987 ] - Test_@[5, 10, 20, 50]: Recall=[0.03386, 0.05424, 0.08544, 0.14352],  precision=[0.00714, 0.00569, 0.00450, 0.00305], hit=[0.03559, 0.05667, 0.08917, 0.14986], ndcg=[0.02229, 0.02888, 0.03682, 0.04842], Train Rec Loss=[0.03007], Eval Rec Loss=[0.03013], c=[0.50000], F=[0.84177, 0.87968, 0.90894, 0.93456], F_fuse=[0.01416, 0.01131, 0.00896, 0.00608]
[ INFO : 2026-07-27 23:11:10,089 ] - Epoch 147: train==[133.61631 = 0.63175 + 1.72589 + 20.91167 + 0.01554 + 0.00000 + 0.00072 + 1225.89705]
[ INFO : 2026-07-27 23:11:19,436 ] - Test_@[5, 10, 20, 50]: Recall=[0.03395, 0.05440, 0.08533, 0.14537],  precision=[0.00717, 0.00572, 0.00450, 0.00309], hit=[0.03574, 0.05688, 0.08907, 0.15192], ndcg=[0.02252, 0.02913, 0.03700, 0.04901], Train Rec Loss=[0.03006], Eval Rec Loss=[0.03013], c=[0.50000], F=[0.84216, 0.88072, 0.90932, 0.93433], F_fuse=[0.01422, 0.01137, 0.00895, 0.00616]
[ INFO : 2026-07-27 23:13:46,828 ] - Epoch 148: train==[133.53483 = 0.62482 + 1.72589 + 20.83711 + 0.01555 + 0.00000 + 0.00072 + 1225.89705]
[ INFO : 2026-07-27 23:13:56,100 ] - Test_@[5, 10, 20, 50]: Recall=[0.03398, 0.05404, 0.08560, 0.14395],  precision=[0.00714, 0.00568, 0.00451, 0.00306], hit=[0.03564, 0.05647, 0.08928, 0.15037], ndcg=[0.02258, 0.02906, 0.03707, 0.04871], Train Rec Loss=[0.03006], Eval Rec Loss=[0.03011], c=[0.50000], F=[0.84321, 0.88097, 0.90967, 0.93532], F_fuse=[0.01416, 0.01129, 0.00897, 0.00610]
[ INFO : 2026-07-27 23:16:23,111 ] - Epoch 149: train==[133.71373 = 0.62612 + 1.72589 + 21.01463 + 0.01565 + 0.00000 + 0.00072 + 1225.89705]
[ INFO : 2026-07-27 23:16:32,360 ] - Test_@[5, 10, 20, 50]: Recall=[0.03405, 0.05458, 0.08458, 0.14276],  precision=[0.00718, 0.00574, 0.00446, 0.00303], hit=[0.03579, 0.05698, 0.08835, 0.14898], ndcg=[0.02262, 0.02922, 0.03685, 0.04849], Train Rec Loss=[0.03006], Eval Rec Loss=[0.03012], c=[0.50000], F=[0.84398, 0.88181, 0.91051, 0.93681], F_fuse=[0.01424, 0.01140, 0.00888, 0.00604]
[ INFO : 2026-07-27 23:18:59,643 ] - Epoch 150: train==[133.45530 = 0.61930 + 1.72588 + 20.76296 + 0.01570 + 0.00000 + 0.00071 + 1225.89705]
[ INFO : 2026-07-27 23:19:08,869 ] - Test_@[5, 10, 20, 50]: Recall=[0.03483, 0.05433, 0.08506, 0.14390],  precision=[0.00733, 0.00572, 0.00448, 0.00306], hit=[0.03656, 0.05693, 0.08876, 0.15027], ndcg=[0.02311, 0.02940, 0.03724, 0.04903], Train Rec Loss=[0.03006], Eval Rec Loss=[0.03010], c=[0.50000], F=[0.84254, 0.88037, 0.90986, 0.93587], F_fuse=[0.01454, 0.01136, 0.00892, 0.00609]
[ INFO : 2026-07-27 23:21:35,628 ] - Epoch 151: train==[133.57447 = 0.62304 + 1.72589 + 20.87826 + 0.01583 + 0.00000 + 0.00071 + 1225.89705]
[ INFO : 2026-07-27 23:21:44,791 ] - Test_@[5, 10, 20, 50]: Recall=[0.03459, 0.05388, 0.08428, 0.14509],  precision=[0.00727, 0.00567, 0.00444, 0.00308], hit=[0.03631, 0.05636, 0.08799, 0.15166], ndcg=[0.02292, 0.02915, 0.03692, 0.04911], Train Rec Loss=[0.03005], Eval Rec Loss=[0.03011], c=[0.50000], F=[0.84302, 0.87984, 0.90857, 0.93350], F_fuse=[0.01442, 0.01127, 0.00884, 0.00615]
[ INFO : 2026-07-27 23:24:12,268 ] - Epoch 152: train==[133.52613 = 0.61657 + 1.72589 + 20.83636 + 0.01586 + 0.00000 + 0.00072 + 1225.89705]
[ INFO : 2026-07-27 23:24:21,377 ] - Test_@[5, 10, 20, 50]: Recall=[0.03417, 0.05318, 0.08481, 0.14396],  precision=[0.00718, 0.00559, 0.00447, 0.00306], hit=[0.03584, 0.05564, 0.08856, 0.15048], ndcg=[0.02275, 0.02889, 0.03696, 0.04882], Train Rec Loss=[0.03005], Eval Rec Loss=[0.03011], c=[0.50000], F=[0.84245, 0.87969, 0.90876, 0.93435], F_fuse=[0.01424, 0.01111, 0.00889, 0.00610]
[ INFO : 2026-07-27 23:26:48,700 ] - Epoch 153: train==[133.44686 = 0.61566 + 1.72589 + 20.75802 + 0.01584 + 0.00000 + 0.00071 + 1225.89705]
[ INFO : 2026-07-27 23:26:58,014 ] - Test_@[5, 10, 20, 50]: Recall=[0.03358, 0.05417, 0.08446, 0.14367],  precision=[0.00708, 0.00570, 0.00445, 0.00305], hit=[0.03528, 0.05667, 0.08815, 0.14996], ndcg=[0.02240, 0.02906, 0.03677, 0.04865], Train Rec Loss=[0.03004], Eval Rec Loss=[0.03009], c=[0.50000], F=[0.84185, 0.87909, 0.90789, 0.93342], F_fuse=[0.01403, 0.01132, 0.00885, 0.00609]
[ INFO : 2026-07-27 23:29:24,979 ] - Epoch 154: train==[133.45729 = 0.61159 + 1.72589 + 20.77243 + 0.01594 + 0.00000 + 0.00071 + 1225.89705]
[ INFO : 2026-07-27 23:29:34,105 ] - Test_@[5, 10, 20, 50]: Recall=[0.03363, 0.05359, 0.08440, 0.14350],  precision=[0.00706, 0.00564, 0.00445, 0.00305], hit=[0.03523, 0.05611, 0.08809, 0.14986], ndcg=[0.02242, 0.02887, 0.03672, 0.04851], Train Rec Loss=[0.03004], Eval Rec Loss=[0.03011], c=[0.50000], F=[0.84168, 0.88001, 0.90943, 0.93521], F_fuse=[0.01399, 0.01120, 0.00885, 0.00608]
[ INFO : 2026-07-27 23:32:01,141 ] - Epoch 155: train==[133.48701 = 0.61506 + 1.72589 + 20.79865 + 0.01598 + 0.00000 + 0.00071 + 1225.89705]
[ INFO : 2026-07-27 23:32:10,435 ] - Test_@[5, 10, 20, 50]: Recall=[0.03414, 0.05356, 0.08313, 0.14296],  precision=[0.00717, 0.00565, 0.00438, 0.00303], hit=[0.03579, 0.05606, 0.08671, 0.14929], ndcg=[0.02266, 0.02891, 0.03644, 0.04840], Train Rec Loss=[0.03005], Eval Rec Loss=[0.03010], c=[0.50000], F=[0.84146, 0.88074, 0.91009, 0.93645], F_fuse=[0.01422, 0.01122, 0.00871, 0.00605]
[ INFO : 2026-07-27 23:34:37,868 ] - Epoch 156: train==[133.28904 = 0.60554 + 1.72589 + 20.61007 + 0.01609 + 0.00000 + 0.00071 + 1225.89705]
[ INFO : 2026-07-27 23:34:47,096 ] - Test_@[5, 10, 20, 50]: Recall=[0.03514, 0.05530, 0.08532, 0.14351],  precision=[0.00738, 0.00580, 0.00451, 0.00305], hit=[0.03682, 0.05765, 0.08923, 0.14991], ndcg=[0.02300, 0.02949, 0.03714, 0.04878], Train Rec Loss=[0.03003], Eval Rec Loss=[0.03009], c=[0.50000], F=[0.84297, 0.88085, 0.90938, 0.93548], F_fuse=[0.01464, 0.01153, 0.00897, 0.00608]
[ INFO : 2026-07-27 23:37:14,293 ] - Epoch 157: train==[133.42619 = 0.60668 + 1.72589 + 20.74609 + 0.01608 + 0.00000 + 0.00071 + 1225.89705]
[ INFO : 2026-07-27 23:37:23,561 ] - Test_@[5, 10, 20, 50]: Recall=[0.03436, 0.05423, 0.08443, 0.14335],  precision=[0.00721, 0.00570, 0.00445, 0.00304], hit=[0.03600, 0.05667, 0.08809, 0.14965], ndcg=[0.02283, 0.02925, 0.03694, 0.04871], Train Rec Loss=[0.03003], Eval Rec Loss=[0.03009], c=[0.50000], F=[0.84259, 0.88049, 0.90981, 0.93604], F_fuse=[0.01430, 0.01132, 0.00885, 0.00607]
[ INFO : 2026-07-27 23:39:50,969 ] - Epoch 158: train==[133.34714 = 0.60587 + 1.72589 + 20.66775 + 0.01619 + 0.00000 + 0.00071 + 1225.89705]
[ INFO : 2026-07-27 23:40:00,240 ] - Test_@[5, 10, 20, 50]: Recall=[0.03382, 0.05394, 0.08442, 0.14218],  precision=[0.00713, 0.00567, 0.00445, 0.00302], hit=[0.03554, 0.05642, 0.08825, 0.14873], ndcg=[0.02234, 0.02881, 0.03656, 0.04810], Train Rec Loss=[0.03002], Eval Rec Loss=[0.03008], c=[0.50000], F=[0.84360, 0.88181, 0.91114, 0.93760], F_fuse=[0.01414, 0.01126, 0.00886, 0.00603]
[ INFO : 2026-07-27 23:42:27,796 ] - Epoch 159: train==[133.21067 = 0.60213 + 1.72588 + 20.53497 + 0.01624 + 0.00000 + 0.00070 + 1225.89705]
[ INFO : 2026-07-27 23:42:37,040 ] - Test_@[5, 10, 20, 50]: Recall=[0.03446, 0.05394, 0.08321, 0.14262],  precision=[0.00724, 0.00567, 0.00438, 0.00303], hit=[0.03615, 0.05636, 0.08681, 0.14888], ndcg=[0.02269, 0.02899, 0.03645, 0.04833], Train Rec Loss=[0.03003], Eval Rec Loss=[0.03009], c=[0.50000], F=[0.84153, 0.87949, 0.90935, 0.93635], F_fuse=[0.01436, 0.01127, 0.00872, 0.00604]
[ INFO : 2026-07-27 23:45:04,136 ] - Epoch 160: train==[133.19690 = 0.59850 + 1.72588 + 20.52480 + 0.01627 + 0.00000 + 0.00071 + 1225.89705]
[ INFO : 2026-07-27 23:45:13,433 ] - Test_@[5, 10, 20, 50]: Recall=[0.03353, 0.05361, 0.08308, 0.14298],  precision=[0.00704, 0.00563, 0.00438, 0.00303], hit=[0.03512, 0.05595, 0.08676, 0.14909], ndcg=[0.02201, 0.02848, 0.03600, 0.04796], Train Rec Loss=[0.03002], Eval Rec Loss=[0.03009], c=[0.50000], F=[0.84141, 0.87920, 0.90860, 0.93533], F_fuse=[0.01395, 0.01118, 0.00871, 0.00605]
[ INFO : 2026-07-27 23:47:40,462 ] - Epoch 161: train==[133.19513 = 0.59587 + 1.72589 + 20.52560 + 0.01633 + 0.00000 + 0.00070 + 1225.89705]
[ INFO : 2026-07-27 23:47:49,730 ] - Test_@[5, 10, 20, 50]: Recall=[0.03435, 0.05567, 0.08470, 0.14305],  precision=[0.00722, 0.00584, 0.00446, 0.00304], hit=[0.03605, 0.05816, 0.08845, 0.14929], ndcg=[0.02251, 0.02937, 0.03672, 0.04837], Train Rec Loss=[0.03002], Eval Rec Loss=[0.03008], c=[0.50000], F=[0.84207, 0.88088, 0.90948, 0.93537], F_fuse=[0.01432, 0.01161, 0.00888, 0.00605]
[ INFO : 2026-07-27 23:50:16,945 ] - Epoch 162: train==[133.28985 = 0.59733 + 1.72588 + 20.61879 + 0.01641 + 0.00000 + 0.00070 + 1225.89705]
[ INFO : 2026-07-27 23:50:26,231 ] - Test_@[5, 10, 20, 50]: Recall=[0.03412, 0.05402, 0.08354, 0.14276],  precision=[0.00717, 0.00567, 0.00440, 0.00303], hit=[0.03579, 0.05647, 0.08732, 0.14909], ndcg=[0.02249, 0.02891, 0.03642, 0.04826], Train Rec Loss=[0.03003], Eval Rec Loss=[0.03007], c=[0.50000], F=[0.84235, 0.88000, 0.90878, 0.93561], F_fuse=[0.01422, 0.01127, 0.00877, 0.00604]
[ INFO : 2026-07-27 23:52:53,197 ] - Epoch 163: train==[133.25039 = 0.59453 + 1.72589 + 20.58208 + 0.01645 + 0.00000 + 0.00070 + 1225.89705]
[ INFO : 2026-07-27 23:53:02,526 ] - Test_@[5, 10, 20, 50]: Recall=[0.03360, 0.05351, 0.08292, 0.14136],  precision=[0.00707, 0.00563, 0.00437, 0.00300], hit=[0.03528, 0.05590, 0.08655, 0.14754], ndcg=[0.02214, 0.02859, 0.03606, 0.04775], Train Rec Loss=[0.03002], Eval Rec Loss=[0.03008], c=[0.50000], F=[0.84166, 0.87992, 0.91007, 0.93670], F_fuse=[0.01401, 0.01118, 0.00869, 0.00599]
[ INFO : 2026-07-27 23:55:29,338 ] - Epoch 164: train==[133.21733 = 0.59332 + 1.72588 + 20.55016 + 0.01652 + 0.00000 + 0.00070 + 1225.89705]
[ INFO : 2026-07-27 23:55:38,639 ] - Test_@[5, 10, 20, 50]: Recall=[0.03393, 0.05345, 0.08369, 0.14152],  precision=[0.00712, 0.00561, 0.00441, 0.00301], hit=[0.03554, 0.05570, 0.08743, 0.14775], ndcg=[0.02237, 0.02867, 0.03638, 0.04795], Train Rec Loss=[0.03001], Eval Rec Loss=[0.03008], c=[0.50000], F=[0.84374, 0.88059, 0.90978, 0.93636], F_fuse=[0.01412, 0.01114, 0.00878, 0.00599]
[ INFO : 2026-07-27 23:58:06,453 ] - Epoch 165: train==[133.14445 = 0.58918 + 1.72588 + 20.48138 + 0.01658 + 0.00000 + 0.00070 + 1225.89705]
[ INFO : 2026-07-27 23:58:15,753 ] - Test_@[5, 10, 20, 50]: Recall=[0.03410, 0.05472, 0.08472, 0.14285],  precision=[0.00716, 0.00574, 0.00446, 0.00303], hit=[0.03574, 0.05714, 0.08845, 0.14919], ndcg=[0.02233, 0.02897, 0.03656, 0.04816], Train Rec Loss=[0.03000], Eval Rec Loss=[0.03007], c=[0.50000], F=[0.84149, 0.88021, 0.90975, 0.93637], F_fuse=[0.01420, 0.01141, 0.00888, 0.00605]
[ INFO : 2026-07-28 00:00:42,863 ] - Epoch 166: train==[133.07319 = 0.58766 + 1.72589 + 20.41159 + 0.01662 + 0.00000 + 0.00070 + 1225.89705]
[ INFO : 2026-07-28 00:00:52,148 ] - Test_@[5, 10, 20, 50]: Recall=[0.03476, 0.05406, 0.08401, 0.14382],  precision=[0.00730, 0.00568, 0.00443, 0.00305], hit=[0.03646, 0.05642, 0.08773, 0.15022], ndcg=[0.02277, 0.02899, 0.03663, 0.04860], Train Rec Loss=[0.03000], Eval Rec Loss=[0.03008], c=[0.50000], F=[0.84262, 0.88075, 0.90884, 0.93519], F_fuse=[0.01448, 0.01128, 0.00882, 0.00609]
[ INFO : 2026-07-28 00:03:19,045 ] - Epoch 167: train==[133.18843 = 0.58544 + 1.72589 + 20.52902 + 0.01664 + 0.00000 + 0.00070 + 1225.89705]
[ INFO : 2026-07-28 00:03:28,168 ] - Test_@[5, 10, 20, 50]: Recall=[0.03401, 0.05458, 0.08232, 0.14201],  precision=[0.00713, 0.00572, 0.00434, 0.00301], hit=[0.03559, 0.05703, 0.08599, 0.14821], ndcg=[0.02247, 0.02907, 0.03613, 0.04807], Train Rec Loss=[0.03000], Eval Rec Loss=[0.03006], c=[0.50000], F=[0.84163, 0.87974, 0.90938, 0.93649], F_fuse=[0.01414, 0.01137, 0.00863, 0.00601]
[ INFO : 2026-07-28 00:05:55,436 ] - Epoch 168: train==[133.15828 = 0.58336 + 1.72588 + 20.50083 + 0.01676 + 0.00000 + 0.00070 + 1225.89705]
[ INFO : 2026-07-28 00:06:04,525 ] - Test_@[5, 10, 20, 50]: Recall=[0.03430, 0.05427, 0.08337, 0.14155],  precision=[0.00721, 0.00569, 0.00439, 0.00301], hit=[0.03600, 0.05667, 0.08696, 0.14780], ndcg=[0.02223, 0.02862, 0.03603, 0.04765], Train Rec Loss=[0.03001], Eval Rec Loss=[0.03006], c=[0.50000], F=[0.84077, 0.87940, 0.90899, 0.93587], F_fuse=[0.01430, 0.01131, 0.00873, 0.00599]
[ INFO : 2026-07-28 00:08:31,188 ] - Epoch 169: train==[133.19492 = 0.59682 + 1.72590 + 20.52392 + 0.01684 + 0.00000 + 0.00070 + 1225.89705]
[ INFO : 2026-07-28 00:08:40,340 ] - Test_@[5, 10, 20, 50]: Recall=[0.03421, 0.05410, 0.08366, 0.14173],  precision=[0.00719, 0.00568, 0.00440, 0.00301], hit=[0.03584, 0.05652, 0.08722, 0.14816], ndcg=[0.02265, 0.02907, 0.03658, 0.04818], Train Rec Loss=[0.02999], Eval Rec Loss=[0.03005], c=[0.50000], F=[0.84315, 0.88160, 0.91063, 0.93732], F_fuse=[0.01426, 0.01128, 0.00876, 0.00600]
[ INFO : 2026-07-28 00:11:07,323 ] - Epoch 170: train==[133.09008 = 0.57919 + 1.72589 + 20.43670 + 0.01688 + 0.00000 + 0.00069 + 1225.89705]
[ INFO : 2026-07-28 00:11:16,726 ] - Test_@[5, 10, 20, 50]: Recall=[0.03454, 0.05367, 0.08443, 0.14231],  precision=[0.00725, 0.00564, 0.00444, 0.00302], hit=[0.03620, 0.05600, 0.08799, 0.14852], ndcg=[0.02269, 0.02885, 0.03666, 0.04821], Train Rec Loss=[0.03000], Eval Rec Loss=[0.03005], c=[0.50000], F=[0.84025, 0.87926, 0.90828, 0.93536], F_fuse=[0.01438, 0.01121, 0.00884, 0.00602]
[ INFO : 2026-07-28 00:13:43,886 ] - Epoch 171: train==[133.06130 = 0.57577 + 1.72589 + 20.41127 + 0.01694 + 0.00000 + 0.00069 + 1225.89705]
[ INFO : 2026-07-28 00:13:53,197 ] - Test_@[5, 10, 20, 50]: Recall=[0.03364, 0.05305, 0.08099, 0.13938],  precision=[0.00705, 0.00557, 0.00427, 0.00296], hit=[0.03518, 0.05539, 0.08455, 0.14549], ndcg=[0.02238, 0.02864, 0.03578, 0.04748], Train Rec Loss=[0.02998], Eval Rec Loss=[0.03004], c=[0.50000], F=[0.84258, 0.88121, 0.91134, 0.93855], F_fuse=[0.01397, 0.01107, 0.00850, 0.00590]
[ INFO : 2026-07-28 00:16:20,740 ] - Epoch 172: train==[133.11317 = 0.57507 + 1.72588 + 20.46379 + 0.01699 + 0.00000 + 0.00069 + 1225.89705]
[ INFO : 2026-07-28 00:16:30,078 ] - Test_@[5, 10, 20, 50]: Recall=[0.03423, 0.05403, 0.08351, 0.14182],  precision=[0.00718, 0.00566, 0.00439, 0.00301], hit=[0.03584, 0.05631, 0.08712, 0.14806], ndcg=[0.02262, 0.02899, 0.03652, 0.04817], Train Rec Loss=[0.03000], Eval Rec Loss=[0.03006], c=[0.50000], F=[0.84203, 0.88003, 0.91033, 0.93698], F_fuse=[0.01424, 0.01125, 0.00875, 0.00600]
[ INFO : 2026-07-28 00:18:57,439 ] - Epoch 173: train==[132.89324 = 0.57355 + 1.72588 + 20.24534 + 0.01703 + 0.00000 + 0.00069 + 1225.89705]
[ INFO : 2026-07-28 00:19:06,714 ] - Test_@[5, 10, 20, 50]: Recall=[0.03407, 0.05398, 0.08391, 0.14228],  precision=[0.00717, 0.00566, 0.00442, 0.00302], hit=[0.03579, 0.05631, 0.08758, 0.14857], ndcg=[0.02251, 0.02895, 0.03656, 0.04821], Train Rec Loss=[0.02999], Eval Rec Loss=[0.03004], c=[0.50000], F=[0.84148, 0.87966, 0.90989, 0.93689], F_fuse=[0.01422, 0.01125, 0.00879, 0.00602]
[ INFO : 2026-07-28 00:21:34,003 ] - Epoch 174: train==[132.97170 = 0.57165 + 1.72589 + 20.32573 + 0.01700 + 0.00000 + 0.00069 + 1225.89705]
[ INFO : 2026-07-28 00:21:43,203 ] - Test_@[5, 10, 20, 50]: Recall=[0.03395, 0.05367, 0.08359, 0.14215],  precision=[0.00713, 0.00564, 0.00441, 0.00302], hit=[0.03559, 0.05606, 0.08737, 0.14852], ndcg=[0.02238, 0.02876, 0.03638, 0.04807], Train Rec Loss=[0.02998], Eval Rec Loss=[0.03004], c=[0.50000], F=[0.84097, 0.87974, 0.90880, 0.93564], F_fuse=[0.01414, 0.01120, 0.00877, 0.00602]
[ INFO : 2026-07-28 00:24:09,926 ] - Epoch 175: train==[132.96943 = 0.57203 + 1.72588 + 20.32292 + 0.01715 + 0.00000 + 0.00070 + 1225.89705]
[ INFO : 2026-07-28 00:24:19,225 ] - Test_@[5, 10, 20, 50]: Recall=[0.03375, 0.05410, 0.08389, 0.14077],  precision=[0.00708, 0.00567, 0.00442, 0.00299], hit=[0.03533, 0.05652, 0.08753, 0.14708], ndcg=[0.02249, 0.02906, 0.03663, 0.04802], Train Rec Loss=[0.02999], Eval Rec Loss=[0.03005], c=[0.50000], F=[0.84122, 0.88005, 0.90881, 0.93638], F_fuse=[0.01403, 0.01127, 0.00879, 0.00596]
[ INFO : 2026-07-28 00:26:46,097 ] - Epoch 176: train==[133.02519 = 0.56638 + 1.72589 + 20.38438 + 0.01711 + 0.00000 + 0.00069 + 1225.89705]
[ INFO : 2026-07-28 00:26:55,372 ] - Test_@[5, 10, 20, 50]: Recall=[0.03406, 0.05465, 0.08303, 0.14083],  precision=[0.00713, 0.00572, 0.00437, 0.00299], hit=[0.03559, 0.05698, 0.08655, 0.14703], ndcg=[0.02235, 0.02903, 0.03624, 0.04780], Train Rec Loss=[0.02999], Eval Rec Loss=[0.03003], c=[0.50000], F=[0.84178, 0.88088, 0.91077, 0.93798], F_fuse=[0.01414, 0.01137, 0.00870, 0.00596]
[ INFO : 2026-07-28 00:29:22,220 ] - Epoch 177: train==[132.97327 = 0.57368 + 1.72588 + 20.32505 + 0.01724 + 0.00000 + 0.00069 + 1225.89705]
[ INFO : 2026-07-28 00:29:31,495 ] - Test_@[5, 10, 20, 50]: Recall=[0.03426, 0.05340, 0.08319, 0.14006],  precision=[0.00720, 0.00560, 0.00438, 0.00297], hit=[0.03595, 0.05570, 0.08671, 0.14621], ndcg=[0.02250, 0.02867, 0.03626, 0.04763], Train Rec Loss=[0.02997], Eval Rec Loss=[0.03004], c=[0.50000], F=[0.84297, 0.88128, 0.91107, 0.93835], F_fuse=[0.01428, 0.01112, 0.00872, 0.00592]
[ INFO : 2026-07-28 00:31:58,571 ] - Epoch 178: train==[132.92060 = 0.56363 + 1.72588 + 20.28241 + 0.01725 + 0.00000 + 0.00070 + 1225.89705]
[ INFO : 2026-07-28 00:32:07,915 ] - Test_@[5, 10, 20, 50]: Recall=[0.03406, 0.05418, 0.08234, 0.13923],  precision=[0.00716, 0.00568, 0.00433, 0.00295], hit=[0.03574, 0.05657, 0.08583, 0.14533], ndcg=[0.02265, 0.02910, 0.03624, 0.04762], Train Rec Loss=[0.02997], Eval Rec Loss=[0.03004], c=[0.50000], F=[0.84155, 0.87874, 0.90909, 0.93653], F_fuse=[0.01420, 0.01129, 0.00862, 0.00589]
[ INFO : 2026-07-28 00:34:35,111 ] - Epoch 179: train==[132.91169 = 0.56384 + 1.72588 + 20.27320 + 0.01735 + 0.00000 + 0.00068 + 1225.89705]
[ INFO : 2026-07-28 00:34:44,257 ] - Test_@[5, 10, 20, 50]: Recall=[0.03367, 0.05515, 0.08409, 0.14076],  precision=[0.00707, 0.00579, 0.00443, 0.00299], hit=[0.03528, 0.05755, 0.08773, 0.14713], ndcg=[0.02239, 0.02932, 0.03667, 0.04798], Train Rec Loss=[0.02996], Eval Rec Loss=[0.03003], c=[0.50000], F=[0.84207, 0.88012, 0.90997, 0.93704], F_fuse=[0.01401, 0.01151, 0.00882, 0.00596]
[ INFO : 2026-07-28 00:37:11,853 ] - Epoch 180: train==[132.87543 = 0.56172 + 1.72588 + 20.23907 + 0.01734 + 0.00000 + 0.00069 + 1225.89705]
[ INFO : 2026-07-28 00:37:21,130 ] - Test_@[5, 10, 20, 50]: Recall=[0.03394, 0.05377, 0.08393, 0.14004],  precision=[0.00712, 0.00563, 0.00442, 0.00297], hit=[0.03554, 0.05606, 0.08753, 0.14626], ndcg=[0.02243, 0.02882, 0.03649, 0.04771], Train Rec Loss=[0.02997], Eval Rec Loss=[0.03003], c=[0.50000], F=[0.84173, 0.87968, 0.90964, 0.93687], F_fuse=[0.01412, 0.01119, 0.00879, 0.00592]
[ INFO : 2026-07-28 00:39:48,032 ] - Epoch 181: train==[132.84930 = 0.56004 + 1.72588 + 20.21454 + 0.01742 + 0.00000 + 0.00069 + 1225.89705]
[ INFO : 2026-07-28 00:39:57,298 ] - Test_@[5, 10, 20, 50]: Recall=[0.03392, 0.05405, 0.08269, 0.14091],  precision=[0.00712, 0.00568, 0.00436, 0.00299], hit=[0.03554, 0.05642, 0.08629, 0.14698], ndcg=[0.02238, 0.02887, 0.03615, 0.04777], Train Rec Loss=[0.02997], Eval Rec Loss=[0.03002], c=[0.50000], F=[0.84311, 0.88032, 0.91045, 0.93735], F_fuse=[0.01412, 0.01128, 0.00867, 0.00596]
[ INFO : 2026-07-28 00:42:24,033 ] - Epoch 182: train==[132.90187 = 0.55898 + 1.72588 + 20.26810 + 0.01748 + 0.00000 + 0.00069 + 1225.89705]
[ INFO : 2026-07-28 00:42:33,255 ] - Test_@[5, 10, 20, 50]: Recall=[0.03347, 0.05409, 0.08378, 0.14100],  precision=[0.00701, 0.00567, 0.00441, 0.00299], hit=[0.03502, 0.05647, 0.08743, 0.14729], ndcg=[0.02232, 0.02900, 0.03654, 0.04796], Train Rec Loss=[0.02997], Eval Rec Loss=[0.03002], c=[0.50000], F=[0.84328, 0.88036, 0.90970, 0.93724], F_fuse=[0.01391, 0.01127, 0.00878, 0.00597]
[ INFO : 2026-07-28 00:45:00,183 ] - Epoch 183: train==[132.87835 = 0.55948 + 1.72588 + 20.24401 + 0.01754 + 0.00000 + 0.00069 + 1225.89705]
[ INFO : 2026-07-28 00:45:09,411 ] - Test_@[5, 10, 20, 50]: Recall=[0.03365, 0.05348, 0.08382, 0.14062],  precision=[0.00707, 0.00562, 0.00442, 0.00299], hit=[0.03528, 0.05585, 0.08748, 0.14688], ndcg=[0.02231, 0.02872, 0.03646, 0.04779], Train Rec Loss=[0.02996], Eval Rec Loss=[0.03003], c=[0.50000], F=[0.84149, 0.87899, 0.90933, 0.93659], F_fuse=[0.01401, 0.01116, 0.00879, 0.00596]
[ INFO : 2026-07-28 00:47:37,270 ] - Epoch 184: train==[132.77170 = 0.55464 + 1.72589 + 20.14213 + 0.01762 + 0.00000 + 0.00069 + 1225.89705]
[ INFO : 2026-07-28 00:47:46,554 ] - Test_@[5, 10, 20, 50]: Recall=[0.03324, 0.05305, 0.08237, 0.13940],  precision=[0.00698, 0.00557, 0.00434, 0.00296], hit=[0.03487, 0.05539, 0.08604, 0.14574], ndcg=[0.02190, 0.02830, 0.03577, 0.04715], Train Rec Loss=[0.02996], Eval Rec Loss=[0.03002], c=[0.50000], F=[0.84293, 0.88111, 0.91042, 0.93763], F_fuse=[0.01385, 0.01108, 0.00864, 0.00590]
[ INFO : 2026-07-28 00:50:13,399 ] - Epoch 185: train==[132.99001 = 0.55419 + 1.72588 + 20.36089 + 0.01762 + 0.00000 + 0.00069 + 1225.89705]
[ INFO : 2026-07-28 00:50:22,645 ] - Test_@[5, 10, 20, 50]: Recall=[0.03376, 0.05259, 0.08246, 0.13910],  precision=[0.00711, 0.00552, 0.00435, 0.00295], hit=[0.03548, 0.05492, 0.08609, 0.14523], ndcg=[0.02237, 0.02848, 0.03612, 0.04743], Train Rec Loss=[0.02997], Eval Rec Loss=[0.03001], c=[0.50000], F=[0.84217, 0.88088, 0.91050, 0.93813], F_fuse=[0.01410, 0.01097, 0.00865, 0.00589]
[ INFO : 2026-07-28 00:52:49,610 ] - Epoch 186: train==[132.75903 = 0.55180 + 1.72589 + 20.13216 + 0.01775 + 0.00000 + 0.00069 + 1225.89705]
[ INFO : 2026-07-28 00:52:58,987 ] - Test_@[5, 10, 20, 50]: Recall=[0.03373, 0.05376, 0.08300, 0.14022],  precision=[0.00708, 0.00563, 0.00437, 0.00297], hit=[0.03533, 0.05606, 0.08655, 0.14636], ndcg=[0.02235, 0.02879, 0.03623, 0.04765], Train Rec Loss=[0.02995], Eval Rec Loss=[0.03002], c=[0.50000], F=[0.84257, 0.88034, 0.91054, 0.93823], F_fuse=[0.01403, 0.01119, 0.00870, 0.00592]
[ INFO : 2026-07-28 00:55:26,338 ] - Epoch 187: train==[132.76908 = 0.54994 + 1.72588 + 20.14409 + 0.01775 + 0.00000 + 0.00069 + 1225.89705]
[ INFO : 2026-07-28 00:55:35,615 ] - Test_@[5, 10, 20, 50]: Recall=[0.03361, 0.05387, 0.08358, 0.14005],  precision=[0.00707, 0.00565, 0.00440, 0.00297], hit=[0.03528, 0.05626, 0.08722, 0.14636], ndcg=[0.02223, 0.02878, 0.03634, 0.04762], Train Rec Loss=[0.02996], Eval Rec Loss=[0.03001], c=[0.50000], F=[0.84159, 0.87897, 0.90796, 0.93570], F_fuse=[0.01401, 0.01123, 0.00876, 0.00593]
[ INFO : 2026-07-28 00:58:02,524 ] - Epoch 188: train==[132.64364 = 0.54852 + 1.72588 + 20.01997 + 0.01785 + 0.00000 + 0.00068 + 1225.89705]
[ INFO : 2026-07-28 00:58:11,789 ] - Test_@[5, 10, 20, 50]: Recall=[0.03481, 0.05354, 0.08250, 0.13943],  precision=[0.00730, 0.00563, 0.00435, 0.00296], hit=[0.03646, 0.05595, 0.08614, 0.14569], ndcg=[0.02279, 0.02881, 0.03616, 0.04753], Train Rec Loss=[0.02995], Eval Rec Loss=[0.03001], c=[0.50000], F=[0.84175, 0.88099, 0.91089, 0.93840], F_fuse=[0.01448, 0.01119, 0.00866, 0.00590]
[ INFO : 2026-07-28 01:00:38,823 ] - Epoch 189: train==[132.70542 = 0.54624 + 1.72588 + 20.08404 + 0.01785 + 0.00000 + 0.00068 + 1225.89705]
[ INFO : 2026-07-28 01:00:48,038 ] - Test_@[5, 10, 20, 50]: Recall=[0.03372, 0.05351, 0.08373, 0.14112],  precision=[0.00708, 0.00562, 0.00442, 0.00299], hit=[0.03533, 0.05585, 0.08753, 0.14724], ndcg=[0.02259, 0.02905, 0.03673, 0.04817], Train Rec Loss=[0.02994], Eval Rec Loss=[0.03000], c=[0.50000], F=[0.84213, 0.88050, 0.90960, 0.93734], F_fuse=[0.01403, 0.01116, 0.00879, 0.00597]
[ INFO : 2026-07-28 01:03:14,525 ] - Epoch 190: train==[132.62374 = 0.55641 + 1.72588 + 19.99207 + 0.01795 + 0.00000 + 0.00068 + 1225.89705]
[ INFO : 2026-07-28 01:03:23,949 ] - Test_@[5, 10, 20, 50]: Recall=[0.03370, 0.05317, 0.08090, 0.13888],  precision=[0.00707, 0.00559, 0.00426, 0.00295], hit=[0.03528, 0.05559, 0.08444, 0.14508], ndcg=[0.02241, 0.02867, 0.03570, 0.04728], Train Rec Loss=[0.02995], Eval Rec Loss=[0.03002], c=[0.50000], F=[0.84022, 0.87875, 0.90953, 0.93718], F_fuse=[0.01401, 0.01111, 0.00849, 0.00588]
[ INFO : 2026-07-28 01:05:50,716 ] - Epoch 191: train==[132.66401 = 0.54219 + 1.72588 + 20.04659 + 0.01794 + 0.00000 + 0.00068 + 1225.89705]
[ INFO : 2026-07-28 01:05:59,966 ] - Test_@[5, 10, 20, 50]: Recall=[0.03389, 0.05296, 0.08213, 0.13978],  precision=[0.00711, 0.00555, 0.00432, 0.00297], hit=[0.03548, 0.05523, 0.08563, 0.14595], ndcg=[0.02247, 0.02863, 0.03608, 0.04762], Train Rec Loss=[0.02994], Eval Rec Loss=[0.03001], c=[0.50000], F=[0.84199, 0.88017, 0.90997, 0.93769], F_fuse=[0.01410, 0.01104, 0.00860, 0.00592]
[ INFO : 2026-07-28 01:08:27,298 ] - Epoch 192: train==[132.69194 = 0.54401 + 1.72588 + 20.07259 + 0.01804 + 0.00000 + 0.00068 + 1225.89705]
[ INFO : 2026-07-28 01:08:36,633 ] - Test_@[5, 10, 20, 50]: Recall=[0.03371, 0.05329, 0.08305, 0.14022],  precision=[0.00708, 0.00559, 0.00437, 0.00297], hit=[0.03533, 0.05564, 0.08665, 0.14636], ndcg=[0.02225, 0.02858, 0.03615, 0.04755], Train Rec Loss=[0.02994], Eval Rec Loss=[0.03000], c=[0.50000], F=[0.84163, 0.87995, 0.90930, 0.93694], F_fuse=[0.01403, 0.01111, 0.00871, 0.00593]
[ INFO : 2026-07-28 01:11:04,156 ] - Epoch 193: train==[132.72597 = 0.53903 + 1.72588 + 20.11159 + 0.01804 + 0.00000 + 0.00069 + 1225.89705]
[ INFO : 2026-07-28 01:11:13,399 ] - Test_@[5, 10, 20, 50]: Recall=[0.03383, 0.05280, 0.08247, 0.13936],  precision=[0.00708, 0.00555, 0.00435, 0.00296], hit=[0.03533, 0.05518, 0.08609, 0.14549], ndcg=[0.02244, 0.02856, 0.03610, 0.04746], Train Rec Loss=[0.02994], Eval Rec Loss=[0.03000], c=[0.50000], F=[0.84244, 0.88071, 0.91038, 0.93838], F_fuse=[0.01403, 0.01103, 0.00865, 0.00590]
[ INFO : 2026-07-28 01:13:40,845 ] - Epoch 194: train==[132.63654 = 0.53959 + 1.72588 + 20.02152 + 0.01813 + 0.00000 + 0.00068 + 1225.89705]
[ INFO : 2026-07-28 01:13:50,142 ] - Test_@[5, 10, 20, 50]: Recall=[0.03397, 0.05325, 0.08210, 0.13900],  precision=[0.00713, 0.00560, 0.00433, 0.00296], hit=[0.03559, 0.05564, 0.08563, 0.14528], ndcg=[0.02243, 0.02865, 0.03596, 0.04734], Train Rec Loss=[0.02993], Eval Rec Loss=[0.03000], c=[0.50000], F=[0.84187, 0.88016, 0.90958, 0.93741], F_fuse=[0.01414, 0.01112, 0.00861, 0.00589]
[ INFO : 2026-07-28 01:16:17,089 ] - Epoch 195: train==[132.63375 = 0.53531 + 1.72588 + 20.02291 + 0.01823 + 0.00000 + 0.00068 + 1225.89705]
[ INFO : 2026-07-28 01:16:26,267 ] - Test_@[5, 10, 20, 50]: Recall=[0.03442, 0.05328, 0.08261, 0.13974],  precision=[0.00721, 0.00560, 0.00435, 0.00296], hit=[0.03600, 0.05564, 0.08619, 0.14600], ndcg=[0.02257, 0.02865, 0.03613, 0.04756], Train Rec Loss=[0.02994], Eval Rec Loss=[0.03000], c=[0.50000], F=[0.84366, 0.88113, 0.91021, 0.93728], F_fuse=[0.01430, 0.01113, 0.00866, 0.00591]
[ INFO : 2026-07-28 01:18:53,322 ] - Epoch 196: train==[132.70629 = 0.53718 + 1.72587 + 20.09359 + 0.01822 + 0.00000 + 0.00069 + 1225.89705]
[ INFO : 2026-07-28 01:19:02,592 ] - Test_@[5, 10, 20, 50]: Recall=[0.03410, 0.05286, 0.08137, 0.13894],  precision=[0.00716, 0.00556, 0.00428, 0.00294], hit=[0.03574, 0.05534, 0.08485, 0.14513], ndcg=[0.02255, 0.02860, 0.03585, 0.04734], Train Rec Loss=[0.02995], Eval Rec Loss=[0.02999], c=[0.50000], F=[0.84136, 0.88036, 0.91034, 0.93814], F_fuse=[0.01420, 0.01106, 0.00852, 0.00587]
[ INFO : 2026-07-28 01:21:30,230 ] - Epoch 197: train==[132.65843 = 0.53494 + 1.72587 + 20.04790 + 0.01829 + 0.00000 + 0.00068 + 1225.89705]
[ INFO : 2026-07-28 01:21:39,306 ] - Test_@[5, 10, 20, 50]: Recall=[0.03425, 0.05343, 0.08298, 0.14027],  precision=[0.00718, 0.00561, 0.00437, 0.00298], hit=[0.03584, 0.05575, 0.08655, 0.14641], ndcg=[0.02256, 0.02873, 0.03625, 0.04768], Train Rec Loss=[0.02994], Eval Rec Loss=[0.02999], c=[0.50000], F=[0.84211, 0.88053, 0.91063, 0.93778], F_fuse=[0.01424, 0.01115, 0.00870, 0.00593]
[ INFO : 2026-07-28 01:24:06,081 ] - Epoch 198: train==[132.65497 = 0.53230 + 1.72588 + 20.04704 + 0.01833 + 0.00000 + 0.00069 + 1225.89705]
[ INFO : 2026-07-28 01:24:15,375 ] - Test_@[5, 10, 20, 50]: Recall=[0.03505, 0.05361, 0.08339, 0.14010],  precision=[0.00735, 0.00563, 0.00440, 0.00298], hit=[0.03672, 0.05611, 0.08717, 0.14652], ndcg=[0.02311, 0.02911, 0.03670, 0.04804], Train Rec Loss=[0.02992], Eval Rec Loss=[0.02998], c=[0.50000], F=[0.84207, 0.88039, 0.90831, 0.93604], F_fuse=[0.01458, 0.01119, 0.00876, 0.00594]
[ INFO : 2026-07-28 01:26:42,746 ] - Epoch 199: train==[132.51866 = 0.53239 + 1.72587 + 19.91060 + 0.01836 + 0.00000 + 0.00069 + 1225.89705]
[ INFO : 2026-07-28 01:26:52,099 ] - Test_@[5, 10, 20, 50]: Recall=[0.03430, 0.05249, 0.08121, 0.13884],  precision=[0.00719, 0.00551, 0.00428, 0.00294], hit=[0.03590, 0.05482, 0.08491, 0.14482], ndcg=[0.02237, 0.02827, 0.03559, 0.04710], Train Rec Loss=[0.02994], Eval Rec Loss=[0.02999], c=[0.50000], F=[0.84339, 0.88174, 0.90986, 0.93688], F_fuse=[0.01426, 0.01095, 0.00852, 0.00587]
[ INFO : 2026-07-28 01:29:18,818 ] - Epoch 200: train==[132.62337 = 0.52984 + 1.72587 + 20.01778 + 0.01846 + 0.00000 + 0.00068 + 1225.89705]
[ INFO : 2026-07-28 01:29:28,108 ] - Test_@[5, 10, 20, 50]: Recall=[0.03454, 0.05275, 0.08274, 0.14020],  precision=[0.00723, 0.00554, 0.00436, 0.00298], hit=[0.03610, 0.05508, 0.08629, 0.14657], ndcg=[0.02273, 0.02861, 0.03624, 0.04770], Train Rec Loss=[0.02993], Eval Rec Loss=[0.03000], c=[0.50000], F=[0.84100, 0.87953, 0.90951, 0.93628], F_fuse=[0.01434, 0.01102, 0.00867, 0.00593]
[ INFO : 2026-07-28 01:31:55,602 ] - Epoch 201: train==[132.55429 = 0.53014 + 1.72587 + 19.94832 + 0.01854 + 0.00000 + 0.00068 + 1225.89705]
[ INFO : 2026-07-28 01:32:04,914 ] - Test_@[5, 10, 20, 50]: Recall=[0.03434, 0.05346, 0.08217, 0.13895],  precision=[0.00719, 0.00562, 0.00433, 0.00295], hit=[0.03590, 0.05590, 0.08578, 0.14508], ndcg=[0.02271, 0.02887, 0.03616, 0.04751], Train Rec Loss=[0.02992], Eval Rec Loss=[0.02999], c=[0.50000], F=[0.84149, 0.87992, 0.90874, 0.93655], F_fuse=[0.01426, 0.01116, 0.00862, 0.00588]
[ INFO : 2026-07-28 01:34:32,365 ] - Epoch 202: train==[132.50225 = 0.52758 + 1.72588 + 19.89876 + 0.01861 + 0.00000 + 0.00067 + 1225.89705]
[ INFO : 2026-07-28 01:34:41,448 ] - Test_@[5, 10, 20, 50]: Recall=[0.03375, 0.05210, 0.08098, 0.13788],  precision=[0.00710, 0.00549, 0.00427, 0.00292], hit=[0.03543, 0.05451, 0.08449, 0.14400], ndcg=[0.02232, 0.02827, 0.03562, 0.04700], Train Rec Loss=[0.02993], Eval Rec Loss=[0.02998], c=[0.50000], F=[0.84176, 0.88097, 0.91018, 0.93837], F_fuse=[0.01408, 0.01091, 0.00849, 0.00583]
[ INFO : 2026-07-28 01:37:08,419 ] - Epoch 203: train==[132.49478 = 0.52473 + 1.72587 + 19.89419 + 0.01857 + 0.00000 + 0.00068 + 1225.89705]
[ INFO : 2026-07-28 01:37:17,612 ] - Test_@[5, 10, 20, 50]: Recall=[0.03411, 0.05272, 0.08195, 0.13955],  precision=[0.00714, 0.00554, 0.00432, 0.00296], hit=[0.03564, 0.05513, 0.08552, 0.14580], ndcg=[0.02254, 0.02858, 0.03602, 0.04753], Train Rec Loss=[0.02993], Eval Rec Loss=[0.02999], c=[0.50000], F=[0.84208, 0.88027, 0.90975, 0.93733], F_fuse=[0.01416, 0.01102, 0.00859, 0.00590]
[ INFO : 2026-07-28 01:39:44,987 ] - Epoch 204: train==[132.35887 = 0.52296 + 1.72587 + 19.75995 + 0.01866 + 0.00000 + 0.00068 + 1225.89705]
[ INFO : 2026-07-28 01:39:54,239 ] - Test_@[5, 10, 20, 50]: Recall=[0.03334, 0.05235, 0.07991, 0.13767],  precision=[0.00699, 0.00550, 0.00421, 0.00292], hit=[0.03492, 0.05477, 0.08341, 0.14389], ndcg=[0.02209, 0.02822, 0.03525, 0.04681], Train Rec Loss=[0.02993], Eval Rec Loss=[0.02998], c=[0.50000], F=[0.83992, 0.88001, 0.90966, 0.93756], F_fuse=[0.01387, 0.01094, 0.00838, 0.00583]
[ INFO : 2026-07-28 01:42:21,761 ] - Epoch 205: train==[132.62875 = 0.52289 + 1.72587 + 20.02992 + 0.01865 + 0.00000 + 0.00068 + 1225.89705]
[ INFO : 2026-07-28 01:42:30,982 ] - Test_@[5, 10, 20, 50]: Recall=[0.03360, 0.05199, 0.08012, 0.13741],  precision=[0.00706, 0.00547, 0.00422, 0.00292], hit=[0.03523, 0.05436, 0.08357, 0.14364], ndcg=[0.02222, 0.02817, 0.03530, 0.04676], Train Rec Loss=[0.02993], Eval Rec Loss=[0.02997], c=[0.50000], F=[0.84250, 0.88158, 0.91109, 0.93936], F_fuse=[0.01399, 0.01088, 0.00840, 0.00581]
[ INFO : 2026-07-28 01:44:58,198 ] - Epoch 206: train==[132.45664 = 0.52381 + 1.72587 + 19.85683 + 0.01871 + 0.00000 + 0.00068 + 1225.89705]
[ INFO : 2026-07-28 01:45:07,479 ] - Test_@[5, 10, 20, 50]: Recall=[0.03362, 0.05278, 0.08154, 0.13819],  precision=[0.00706, 0.00554, 0.00429, 0.00293], hit=[0.03518, 0.05523, 0.08516, 0.14436], ndcg=[0.02232, 0.02853, 0.03585, 0.04720], Train Rec Loss=[0.02992], Eval Rec Loss=[0.02998], c=[0.50000], F=[0.84162, 0.88089, 0.90991, 0.93769], F_fuse=[0.01399, 0.01102, 0.00854, 0.00584]
[ INFO : 2026-07-28 01:47:34,186 ] - Epoch 207: train==[132.49528 = 0.52027 + 1.72587 + 19.89896 + 0.01876 + 0.00000 + 0.00068 + 1225.89705]
[ INFO : 2026-07-28 01:47:43,532 ] - Test_@[5, 10, 20, 50]: Recall=[0.03447, 0.05294, 0.08199, 0.13917],  precision=[0.00724, 0.00557, 0.00432, 0.00295], hit=[0.03615, 0.05549, 0.08563, 0.14538], ndcg=[0.02275, 0.02871, 0.03609, 0.04750], Train Rec Loss=[0.02992], Eval Rec Loss=[0.02999], c=[0.50000], F=[0.84231, 0.88036, 0.90934, 0.93724], F_fuse=[0.01436, 0.01108, 0.00860, 0.00589]
[ INFO : 2026-07-28 01:50:10,989 ] - Epoch 208: train==[132.56591 = 0.52100 + 1.72587 + 19.96880 + 0.01884 + 0.00000 + 0.00068 + 1225.89705]
[ INFO : 2026-07-28 01:50:20,030 ] - Test_@[5, 10, 20, 50]: Recall=[0.03361, 0.05244, 0.08147, 0.13843],  precision=[0.00706, 0.00551, 0.00429, 0.00293], hit=[0.03523, 0.05482, 0.08511, 0.14446], ndcg=[0.02243, 0.02853, 0.03591, 0.04727], Train Rec Loss=[0.02992], Eval Rec Loss=[0.02998], c=[0.50000], F=[0.84226, 0.88134, 0.90959, 0.93754], F_fuse=[0.01399, 0.01096, 0.00855, 0.00585]
[ INFO : 2026-07-28 01:52:47,234 ] - Epoch 209: train==[132.49306 = 0.51648 + 1.72587 + 19.90037 + 0.01893 + 0.00000 + 0.00067 + 1225.89705]
[ INFO : 2026-07-28 01:52:56,468 ] - Test_@[5, 10, 20, 50]: Recall=[0.03373, 0.05245, 0.08170, 0.13880],  precision=[0.00707, 0.00551, 0.00430, 0.00295], hit=[0.03523, 0.05477, 0.08527, 0.14508], ndcg=[0.02223, 0.02828, 0.03574, 0.04716], Train Rec Loss=[0.02992], Eval Rec Loss=[0.02997], c=[0.50000], F=[0.84236, 0.88025, 0.90929, 0.93685], F_fuse=[0.01401, 0.01095, 0.00857, 0.00588]
[ INFO : 2026-07-28 01:55:23,506 ] - Epoch 210: train==[132.50441 = 0.51732 + 1.72587 + 19.91084 + 0.01897 + 0.00000 + 0.00067 + 1225.89705]
[ INFO : 2026-07-28 01:55:32,798 ] - Test_@[5, 10, 20, 50]: Recall=[0.03445, 0.05262, 0.08142, 0.13845],  precision=[0.00721, 0.00553, 0.00429, 0.00294], hit=[0.03600, 0.05503, 0.08496, 0.14466], ndcg=[0.02276, 0.02863, 0.03596, 0.04736], Train Rec Loss=[0.02992], Eval Rec Loss=[0.02998], c=[0.50000], F=[0.84271, 0.88194, 0.91069, 0.93854], F_fuse=[0.01430, 0.01099, 0.00854, 0.00586]
[ INFO : 2026-07-28 01:57:59,743 ] - Epoch 211: train==[132.40561 = 0.51261 + 1.72587 + 19.81671 + 0.01902 + 0.00000 + 0.00067 + 1225.89705]
[ INFO : 2026-07-28 01:58:08,966 ] - Test_@[5, 10, 20, 50]: Recall=[0.03397, 0.05230, 0.08000, 0.13643],  precision=[0.00713, 0.00549, 0.00422, 0.00289], hit=[0.03559, 0.05462, 0.08357, 0.14256], ndcg=[0.02250, 0.02846, 0.03552, 0.04681], Train Rec Loss=[0.02992], Eval Rec Loss=[0.02997], c=[0.50000], F=[0.84141, 0.88131, 0.91018, 0.93830], F_fuse=[0.01414, 0.01091, 0.00840, 0.00577]
[ INFO : 2026-07-28 02:00:35,737 ] - Epoch 212: train==[132.46076 = 0.51564 + 1.72587 + 19.86879 + 0.01907 + 0.00000 + 0.00067 + 1225.89705]
[ INFO : 2026-07-28 02:00:44,972 ] - Test_@[5, 10, 20, 50]: Recall=[0.03451, 0.05273, 0.08133, 0.13795],  precision=[0.00723, 0.00553, 0.00429, 0.00293], hit=[0.03605, 0.05503, 0.08491, 0.14420], ndcg=[0.02266, 0.02855, 0.03584, 0.04717], Train Rec Loss=[0.02991], Eval Rec Loss=[0.02998], c=[0.50000], F=[0.84301, 0.88156, 0.91057, 0.93788], F_fuse=[0.01434, 0.01100, 0.00853, 0.00584]
[ INFO : 2026-07-28 02:03:11,716 ] - Epoch 213: train==[132.57510 = 0.51025 + 1.72587 + 19.98843 + 0.01915 + 0.00000 + 0.00067 + 1225.89705]
[ INFO : 2026-07-28 02:03:20,949 ] - Test_@[5, 10, 20, 50]: Recall=[0.03368, 0.05286, 0.08064, 0.13681],  precision=[0.00708, 0.00555, 0.00425, 0.00290], hit=[0.03533, 0.05528, 0.08424, 0.14302], ndcg=[0.02220, 0.02840, 0.03546, 0.04672], Train Rec Loss=[0.02991], Eval Rec Loss=[0.02998], c=[0.50000], F=[0.84238, 0.88167, 0.91084, 0.93935], F_fuse=[0.01403, 0.01104, 0.00845, 0.00579]
[ INFO : 2026-07-28 02:05:47,831 ] - Epoch 214: train==[132.42323 = 0.51030 + 1.72586 + 19.83651 + 0.01914 + 0.00000 + 0.00068 + 1225.89705]
[ INFO : 2026-07-28 02:05:57,135 ] - Test_@[5, 10, 20, 50]: Recall=[0.03369, 0.05320, 0.08104, 0.13694],  precision=[0.00706, 0.00560, 0.00428, 0.00291], hit=[0.03523, 0.05570, 0.08480, 0.14312], ndcg=[0.02229, 0.02859, 0.03566, 0.04683], Train Rec Loss=[0.02990], Eval Rec Loss=[0.02997], c=[0.50000], F=[0.84218, 0.88154, 0.91121, 0.93904], F_fuse=[0.01399, 0.01113, 0.00852, 0.00580]
[ INFO : 2026-07-28 02:08:24,115 ] - Epoch 215: train==[132.30803 = 0.50871 + 1.72586 + 19.72279 + 0.01925 + 0.00000 + 0.00067 + 1225.89705]
[ INFO : 2026-07-28 02:08:33,377 ] - Test_@[5, 10, 20, 50]: Recall=[0.03306, 0.05287, 0.08042, 0.13804],  precision=[0.00694, 0.00555, 0.00424, 0.00293], hit=[0.03461, 0.05518, 0.08413, 0.14425], ndcg=[0.02217, 0.02861, 0.03563, 0.04718], Train Rec Loss=[0.02992], Eval Rec Loss=[0.02997], c=[0.50000], F=[0.84191, 0.88057, 0.90999, 0.93804], F_fuse=[0.01377, 0.01103, 0.00844, 0.00584]
[ INFO : 2026-07-28 02:11:00,380 ] - Epoch 216: train==[132.40348 = 0.50704 + 1.72586 + 19.81998 + 0.01918 + 0.00000 + 0.00067 + 1225.89705]
[ INFO : 2026-07-28 02:11:09,611 ] - Test_@[5, 10, 20, 50]: Recall=[0.03391, 0.05259, 0.08022, 0.13640],  precision=[0.00712, 0.00552, 0.00424, 0.00289], hit=[0.03554, 0.05492, 0.08388, 0.14240], ndcg=[0.02242, 0.02844, 0.03544, 0.04667], Train Rec Loss=[0.02991], Eval Rec Loss=[0.02996], c=[0.50000], F=[0.84085, 0.88058, 0.91054, 0.93898], F_fuse=[0.01412, 0.01097, 0.00843, 0.00577]
[ INFO : 2026-07-28 02:13:36,334 ] - Epoch 217: train==[132.35517 = 0.50387 + 1.72586 + 19.77478 + 0.01925 + 0.00000 + 0.00068 + 1225.89705]
[ INFO : 2026-07-28 02:13:46,131 ] - Test_@[5, 10, 20, 50]: Recall=[0.03409, 0.05278, 0.08132, 0.13688],  precision=[0.00714, 0.00554, 0.00429, 0.00290], hit=[0.03559, 0.05513, 0.08501, 0.14281], ndcg=[0.02267, 0.02871, 0.03596, 0.04708], Train Rec Loss=[0.02990], Eval Rec Loss=[0.02997], c=[0.50000], F=[0.84117, 0.88017, 0.90870, 0.93701], F_fuse=[0.01416, 0.01102, 0.00854, 0.00579]
[ INFO : 2026-07-28 02:16:12,713 ] - Epoch 218: train==[132.45199 = 0.51340 + 1.72586 + 19.86205 + 0.01928 + 0.00000 + 0.00067 + 1225.89705]
[ INFO : 2026-07-28 02:16:22,533 ] - Test_@[5, 10, 20, 50]: Recall=[0.03249, 0.05187, 0.07969, 0.13489],  precision=[0.00683, 0.00546, 0.00420, 0.00287], hit=[0.03404, 0.05431, 0.08321, 0.14117], ndcg=[0.02173, 0.02800, 0.03504, 0.04611], Train Rec Loss=[0.02991], Eval Rec Loss=[0.02996], c=[0.50000], F=[0.84303, 0.88160, 0.91099, 0.93898], F_fuse=[0.01355, 0.01085, 0.00835, 0.00572]
[ INFO : 2026-07-28 02:18:49,272 ] - Epoch 219: train==[132.45420 = 0.50067 + 1.72586 + 19.87688 + 0.01937 + 0.00000 + 0.00067 + 1225.89705]
[ INFO : 2026-07-28 02:18:58,531 ] - Test_@[5, 10, 20, 50]: Recall=[0.03385, 0.05340, 0.08149, 0.13815],  precision=[0.00710, 0.00561, 0.00430, 0.00294], hit=[0.03538, 0.05580, 0.08516, 0.14451], ndcg=[0.02275, 0.02910, 0.03624, 0.04759], Train Rec Loss=[0.02990], Eval Rec Loss=[0.02996], c=[0.50000], F=[0.84167, 0.87970, 0.90825, 0.93614], F_fuse=[0.01408, 0.01114, 0.00855, 0.00585]
[ INFO : 2026-07-28 02:21:26,090 ] - Epoch 220: train==[132.44543 = 0.50320 + 1.72586 + 19.86554 + 0.01942 + 0.00000 + 0.00067 + 1225.89705]
[ INFO : 2026-07-28 02:21:35,325 ] - Test_@[5, 10, 20, 50]: Recall=[0.03440, 0.05266, 0.08116, 0.13813],  precision=[0.00722, 0.00552, 0.00428, 0.00293], hit=[0.03600, 0.05492, 0.08475, 0.14446], ndcg=[0.02278, 0.02869, 0.03595, 0.04736], Train Rec Loss=[0.02990], Eval Rec Loss=[0.02997], c=[0.50000], F=[0.84083, 0.87915, 0.90778, 0.93570], F_fuse=[0.01432, 0.01098, 0.00851, 0.00585]
[ INFO : 2026-07-28 02:24:01,796 ] - Epoch 221: train==[132.36631 = 0.50617 + 1.72586 + 19.78340 + 0.01946 + 0.00000 + 0.00067 + 1225.89705]
[ INFO : 2026-07-28 02:24:11,011 ] - Test_@[5, 10, 20, 50]: Recall=[0.03318, 0.05189, 0.07965, 0.13632],  precision=[0.00696, 0.00545, 0.00420, 0.00289], hit=[0.03471, 0.05420, 0.08321, 0.14245], ndcg=[0.02212, 0.02813, 0.03520, 0.04651], Train Rec Loss=[0.02991], Eval Rec Loss=[0.02996], c=[0.50000], F=[0.84259, 0.88116, 0.90993, 0.93834], F_fuse=[0.01381, 0.01083, 0.00835, 0.00577]
[ INFO : 2026-07-28 02:26:37,803 ] - Epoch 222: train==[132.40045 = 0.51137 + 1.72586 + 19.81231 + 0.01950 + 0.00000 + 0.00068 + 1225.89705]
[ INFO : 2026-07-28 02:26:47,171 ] - Test_@[5, 10, 20, 50]: Recall=[0.03408, 0.05271, 0.08132, 0.13815],  precision=[0.00712, 0.00554, 0.00429, 0.00293], hit=[0.03548, 0.05498, 0.08491, 0.14415], ndcg=[0.02287, 0.02890, 0.03617, 0.04752], Train Rec Loss=[0.02991], Eval Rec Loss=[0.02996], c=[0.50000], F=[0.84241, 0.88134, 0.90969, 0.93814], F_fuse=[0.01412, 0.01101, 0.00853, 0.00584]
[ INFO : 2026-07-28 02:29:13,970 ] - Epoch 223: train==[132.33252 = 0.50025 + 1.72586 + 19.75541 + 0.01959 + 0.00000 + 0.00067 + 1225.89705]
[ INFO : 2026-07-28 02:29:23,181 ] - Test_@[5, 10, 20, 50]: Recall=[0.03316, 0.05212, 0.07939, 0.13660],  precision=[0.00696, 0.00548, 0.00419, 0.00290], hit=[0.03476, 0.05456, 0.08300, 0.14276], ndcg=[0.02214, 0.02829, 0.03525, 0.04672], Train Rec Loss=[0.02990], Eval Rec Loss=[0.02996], c=[0.50000], F=[0.84060, 0.87920, 0.90902, 0.93774], F_fuse=[0.01381, 0.01090, 0.00833, 0.00579]
[ INFO : 2026-07-28 02:31:50,369 ] - Epoch 224: train==[132.41920 = 0.49670 + 1.72586 + 19.84567 + 0.01956 + 0.00000 + 0.00066 + 1225.89705]
[ INFO : 2026-07-28 02:31:59,684 ] - Test_@[5, 10, 20, 50]: Recall=[0.03379, 0.05227, 0.07979, 0.13610],  precision=[0.00707, 0.00549, 0.00421, 0.00289], hit=[0.03528, 0.05456, 0.08341, 0.14214], ndcg=[0.02249, 0.02847, 0.03545, 0.04669], Train Rec Loss=[0.02990], Eval Rec Loss=[0.02996], c=[0.50000], F=[0.84083, 0.88082, 0.91020, 0.93944], F_fuse=[0.01401, 0.01092, 0.00837, 0.00575]
[ INFO : 2026-07-28 02:34:26,955 ] - Epoch 225: train==[132.47059 = 0.49416 + 1.72585 + 19.89951 + 0.01967 + 0.00000 + 0.00066 + 1225.89705]
[ INFO : 2026-07-28 02:34:36,287 ] - Test_@[5, 10, 20, 50]: Recall=[0.03353, 0.05266, 0.08107, 0.13656],  precision=[0.00705, 0.00554, 0.00428, 0.00290], hit=[0.03518, 0.05503, 0.08475, 0.14261], ndcg=[0.02238, 0.02861, 0.03581, 0.04690], Train Rec Loss=[0.02990], Eval Rec Loss=[0.02996], c=[0.50000], F=[0.84076, 0.87959, 0.90839, 0.93632], F_fuse=[0.01397, 0.01101, 0.00852, 0.00578]
[ INFO : 2026-07-28 02:37:02,587 ] - Epoch 226: train==[132.19028 = 0.49272 + 1.72585 + 19.62055 + 0.01974 + 0.00000 + 0.00067 + 1225.89705]
[ INFO : 2026-07-28 02:37:11,712 ] - Test_@[5, 10, 20, 50]: Recall=[0.03443, 0.05319, 0.08164, 0.13858],  precision=[0.00723, 0.00560, 0.00430, 0.00294], hit=[0.03605, 0.05570, 0.08521, 0.14482], ndcg=[0.02271, 0.02878, 0.03598, 0.04737], Train Rec Loss=[0.02990], Eval Rec Loss=[0.02996], c=[0.50000], F=[0.84063, 0.87927, 0.90874, 0.93597], F_fuse=[0.01434, 0.01112, 0.00856, 0.00587]
[ INFO : 2026-07-28 02:39:38,684 ] - Epoch 227: train==[132.31843 = 0.49792 + 1.72585 + 19.74354 + 0.01970 + 0.00000 + 0.00068 + 1225.89705]
[ INFO : 2026-07-28 02:39:48,022 ] - Test_@[5, 10, 20, 50]: Recall=[0.03251, 0.05222, 0.07946, 0.13578],  precision=[0.00682, 0.00548, 0.00419, 0.00288], hit=[0.03399, 0.05441, 0.08295, 0.14194], ndcg=[0.02203, 0.02837, 0.03529, 0.04655], Train Rec Loss=[0.02990], Eval Rec Loss=[0.02996], c=[0.50000], F=[0.84130, 0.88099, 0.90936, 0.93752], F_fuse=[0.01353, 0.01090, 0.00833, 0.00575]
[ INFO : 2026-07-28 02:42:14,868 ] - Epoch 228: train==[132.38018 = 0.49309 + 1.72585 + 19.81008 + 0.01974 + 0.00000 + 0.00067 + 1225.89705]
[ INFO : 2026-07-28 02:42:24,811 ] - Test_@[5, 10, 20, 50]: Recall=[0.03447, 0.05234, 0.08076, 0.13795],  precision=[0.00722, 0.00551, 0.00425, 0.00293], hit=[0.03605, 0.05477, 0.08424, 0.14405], ndcg=[0.02286, 0.02864, 0.03584, 0.04728], Train Rec Loss=[0.02990], Eval Rec Loss=[0.02996], c=[0.50000], F=[0.84106, 0.87967, 0.90818, 0.93612], F_fuse=[0.01432, 0.01095, 0.00846, 0.00583]
[ INFO : 2026-07-28 02:44:52,256 ] - Epoch 229: train==[132.35625 = 0.48934 + 1.72585 + 19.78984 + 0.01981 + 0.00000 + 0.00068 + 1225.89705]
[ INFO : 2026-07-28 02:45:01,441 ] - Test_@[5, 10, 20, 50]: Recall=[0.03373, 0.05236, 0.08071, 0.13538],  precision=[0.00706, 0.00549, 0.00425, 0.00287], hit=[0.03518, 0.05467, 0.08419, 0.14148], ndcg=[0.02232, 0.02833, 0.03552, 0.04647], Train Rec Loss=[0.02989], Eval Rec Loss=[0.02996], c=[0.50000], F=[0.84099, 0.88021, 0.90880, 0.93748], F_fuse=[0.01399, 0.01092, 0.00845, 0.00573]
[ INFO : 2026-07-28 02:47:28,721 ] - Epoch 230: train==[132.35512 = 0.48958 + 1.72585 + 19.78840 + 0.01989 + 0.00000 + 0.00067 + 1225.89705]
[ INFO : 2026-07-28 02:47:37,966 ] - Test_@[5, 10, 20, 50]: Recall=[0.03365, 0.05190, 0.08021, 0.13638],  precision=[0.00706, 0.00545, 0.00423, 0.00289], hit=[0.03518, 0.05415, 0.08383, 0.14235], ndcg=[0.02238, 0.02831, 0.03549, 0.04673], Train Rec Loss=[0.02989], Eval Rec Loss=[0.02995], c=[0.50000], F=[0.84204, 0.88091, 0.91018, 0.93846], F_fuse=[0.01399, 0.01083, 0.00842, 0.00577]
[ INFO : 2026-07-28 02:50:05,077 ] - Epoch 231: train==[132.36760 = 0.49156 + 1.72585 + 19.79885 + 0.01993 + 0.00000 + 0.00067 + 1225.89705]
[ INFO : 2026-07-28 02:50:14,296 ] - Test_@[5, 10, 20, 50]: Recall=[0.03376, 0.05252, 0.08128, 0.13728],  precision=[0.00708, 0.00551, 0.00429, 0.00291], hit=[0.03528, 0.05477, 0.08506, 0.14322], ndcg=[0.02256, 0.02864, 0.03596, 0.04715], Train Rec Loss=[0.02990], Eval Rec Loss=[0.02996], c=[0.50000], F=[0.84047, 0.87914, 0.90839, 0.93664], F_fuse=[0.01403, 0.01096, 0.00854, 0.00580]
[ INFO : 2026-07-28 02:52:40,914 ] - Epoch 232: train==[132.13750 = 0.48786 + 1.72585 + 19.57232 + 0.02006 + 0.00000 + 0.00067 + 1225.89705]
[ INFO : 2026-07-28 02:52:50,172 ] - Test_@[5, 10, 20, 50]: Recall=[0.03352, 0.05257, 0.07985, 0.13545],  precision=[0.00702, 0.00551, 0.00421, 0.00288], hit=[0.03497, 0.05487, 0.08352, 0.14173], ndcg=[0.02235, 0.02852, 0.03545, 0.04657], Train Rec Loss=[0.02989], Eval Rec Loss=[0.02996], c=[0.50000], F=[0.84038, 0.88057, 0.91008, 0.93903], F_fuse=[0.01393, 0.01096, 0.00838, 0.00574]
[ INFO : 2026-07-28 02:55:17,355 ] - Epoch 233: train==[132.22147 = 0.48726 + 1.72584 + 19.65689 + 0.02006 + 0.00000 + 0.00068 + 1225.89705]
[ INFO : 2026-07-28 02:55:26,595 ] - Test_@[5, 10, 20, 50]: Recall=[0.03330, 0.05113, 0.07991, 0.13453],  precision=[0.00699, 0.00536, 0.00420, 0.00286], hit=[0.03487, 0.05333, 0.08336, 0.14070], ndcg=[0.02224, 0.02800, 0.03530, 0.04625], Train Rec Loss=[0.02990], Eval Rec Loss=[0.02995], c=[0.50000], F=[0.84186, 0.88145, 0.90982, 0.93814], F_fuse=[0.01387, 0.01066, 0.00837, 0.00570]
[ INFO : 2026-07-28 02:57:54,109 ] - Epoch 234: train==[132.25663 = 0.48285 + 1.72584 + 19.69640 + 0.02013 + 0.00000 + 0.00066 + 1225.89705]
[ INFO : 2026-07-28 02:58:03,219 ] - Test_@[5, 10, 20, 50]: Recall=[0.03323, 0.05182, 0.07913, 0.13505],  precision=[0.00695, 0.00546, 0.00417, 0.00286], hit=[0.03466, 0.05426, 0.08264, 0.14106], ndcg=[0.02227, 0.02833, 0.03527, 0.04648], Train Rec Loss=[0.02990], Eval Rec Loss=[0.02996], c=[0.50000], F=[0.84110, 0.88104, 0.90983, 0.93891], F_fuse=[0.01379, 0.01085, 0.00830, 0.00571]
[ INFO : 2026-07-28 03:00:30,125 ] - Epoch 235: train==[132.22374 = 0.48755 + 1.72584 + 19.65876 + 0.02019 + 0.00000 + 0.00066 + 1225.89705]
[ INFO : 2026-07-28 03:00:39,376 ] - Test_@[5, 10, 20, 50]: Recall=[0.03341, 0.05263, 0.07905, 0.13375],  precision=[0.00699, 0.00552, 0.00416, 0.00284], hit=[0.03492, 0.05503, 0.08249, 0.13983], ndcg=[0.02220, 0.02842, 0.03514, 0.04612], Train Rec Loss=[0.02988], Eval Rec Loss=[0.02995], c=[0.50000], F=[0.84270, 0.88208, 0.91061, 0.93939], F_fuse=[0.01387, 0.01098, 0.00829, 0.00566]
[ INFO : 2026-07-28 03:03:06,634 ] - Epoch 236: train==[132.24363 = 0.48413 + 1.72584 + 19.68206 + 0.02019 + 0.00000 + 0.00066 + 1225.89705]
[ INFO : 2026-07-28 03:03:15,859 ] - Test_@[5, 10, 20, 50]: Recall=[0.03348, 0.05192, 0.08119, 0.13559],  precision=[0.00701, 0.00547, 0.00428, 0.00287], hit=[0.03502, 0.05431, 0.08485, 0.14132], ndcg=[0.02244, 0.02847, 0.03591, 0.04677], Train Rec Loss=[0.02989], Eval Rec Loss=[0.02995], c=[0.50000], F=[0.83948, 0.87830, 0.90795, 0.93631], F_fuse=[0.01391, 0.01087, 0.00853, 0.00573]
[ INFO : 2026-07-28 03:05:43,217 ] - Epoch 237: train==[132.24283 = 0.48141 + 1.72584 + 19.68398 + 0.02019 + 0.00000 + 0.00068 + 1225.89705]
[ INFO : 2026-07-28 03:05:52,506 ] - Test_@[5, 10, 20, 50]: Recall=[0.03286, 0.05205, 0.07959, 0.13503],  precision=[0.00688, 0.00545, 0.00419, 0.00286], hit=[0.03430, 0.05420, 0.08300, 0.14096], ndcg=[0.02221, 0.02841, 0.03539, 0.04649], Train Rec Loss=[0.02989], Eval Rec Loss=[0.02995], c=[0.50000], F=[0.84149, 0.88158, 0.90998, 0.93813], F_fuse=[0.01365, 0.01084, 0.00834, 0.00571]
[ INFO : 2026-07-28 03:08:18,820 ] - Epoch 238: train==[132.19052 = 0.48142 + 1.72584 + 19.63165 + 0.02021 + 0.00000 + 0.00067 + 1225.89705]
[ INFO : 2026-07-28 03:08:28,130 ] - Test_@[5, 10, 20, 50]: Recall=[0.03298, 0.05103, 0.07916, 0.13380],  precision=[0.00692, 0.00536, 0.00417, 0.00284], hit=[0.03446, 0.05328, 0.08264, 0.13993], ndcg=[0.02206, 0.02792, 0.03506, 0.04604], Train Rec Loss=[0.02989], Eval Rec Loss=[0.02994], c=[0.50000], F=[0.84087, 0.88018, 0.90962, 0.93881], F_fuse=[0.01373, 0.01065, 0.00829, 0.00567]
[ INFO : 2026-07-28 03:10:55,234 ] - Epoch 239: train==[132.24568 = 0.47825 + 1.72583 + 19.68991 + 0.02028 + 0.00000 + 0.00067 + 1225.89705]
[ INFO : 2026-07-28 03:11:04,388 ] - Test_@[5, 10, 20, 50]: Recall=[0.03299, 0.05232, 0.07941, 0.13388],  precision=[0.00691, 0.00550, 0.00418, 0.00284], hit=[0.03446, 0.05462, 0.08295, 0.13988], ndcg=[0.02217, 0.02845, 0.03534, 0.04628], Train Rec Loss=[0.02989], Eval Rec Loss=[0.02994], c=[0.50000], F=[0.84037, 0.88038, 0.90947, 0.93812], F_fuse=[0.01371, 0.01093, 0.00833, 0.00567]
[ INFO : 2026-07-28 03:13:31,272 ] - Epoch 240: train==[132.33477 = 0.48062 + 1.72583 + 19.77662 + 0.02029 + 0.00000 + 0.00066 + 1225.89705]
[ INFO : 2026-07-28 03:13:40,421 ] - Test_@[5, 10, 20, 50]: Recall=[0.03325, 0.05161, 0.07985, 0.13384],  precision=[0.00695, 0.00543, 0.00421, 0.00284], hit=[0.03471, 0.05395, 0.08336, 0.13998], ndcg=[0.02239, 0.02839, 0.03556, 0.04639], Train Rec Loss=[0.02988], Eval Rec Loss=[0.02995], c=[0.50000], F=[0.84151, 0.88112, 0.91035, 0.93872], F_fuse=[0.01379, 0.01079, 0.00837, 0.00567]
[ INFO : 2026-07-28 03:16:07,592 ] - Epoch 241: train==[132.22859 = 0.48017 + 1.72584 + 19.67076 + 0.02042 + 0.00000 + 0.00067 + 1225.89705]
[ INFO : 2026-07-28 03:16:16,775 ] - Test_@[5, 10, 20, 50]: Recall=[0.03295, 0.05179, 0.08049, 0.13470],  precision=[0.00692, 0.00544, 0.00424, 0.00286], hit=[0.03451, 0.05400, 0.08388, 0.14070], ndcg=[0.02219, 0.02829, 0.03557, 0.04643], Train Rec Loss=[0.02989], Eval Rec Loss=[0.02995], c=[0.50000], F=[0.84193, 0.88039, 0.90939, 0.93702], F_fuse=[0.01373, 0.01082, 0.00843, 0.00570]
[ INFO : 2026-07-28 03:18:43,914 ] - Epoch 242: train==[132.31021 = 0.47498 + 1.72583 + 19.75751 + 0.02050 + 0.00000 + 0.00066 + 1225.89705]
[ INFO : 2026-07-28 03:18:53,596 ] - Test_@[5, 10, 20, 50]: Recall=[0.03306, 0.05208, 0.08081, 0.13413],  precision=[0.00692, 0.00548, 0.00426, 0.00285], hit=[0.03446, 0.05441, 0.08449, 0.14034], ndcg=[0.02227, 0.02846, 0.03571, 0.04639], Train Rec Loss=[0.02989], Eval Rec Loss=[0.02995], c=[0.50000], F=[0.84100, 0.88105, 0.90901, 0.93835], F_fuse=[0.01373, 0.01089, 0.00848, 0.00568]
[ INFO : 2026-07-28 03:21:20,416 ] - Epoch 243: train==[132.17237 = 0.47656 + 1.72583 + 19.61815 + 0.02042 + 0.00000 + 0.00067 + 1225.89705]
[ INFO : 2026-07-28 03:21:29,662 ] - Test_@[5, 10, 20, 50]: Recall=[0.03351, 0.05138, 0.07963, 0.13383],  precision=[0.00702, 0.00539, 0.00420, 0.00284], hit=[0.03502, 0.05364, 0.08326, 0.13978], ndcg=[0.02248, 0.02830, 0.03549, 0.04634], Train Rec Loss=[0.02988], Eval Rec Loss=[0.02995], c=[0.50000], F=[0.84142, 0.88051, 0.91059, 0.93946], F_fuse=[0.01393, 0.01071, 0.00837, 0.00566]
[ INFO : 2026-07-28 03:23:56,696 ] - Epoch 244: train==[132.27372 = 0.47425 + 1.72582 + 19.72174 + 0.02049 + 0.00000 + 0.00067 + 1225.89705]
[ INFO : 2026-07-28 03:24:05,946 ] - Test_@[5, 10, 20, 50]: Recall=[0.03332, 0.05239, 0.08060, 0.13600],  precision=[0.00696, 0.00550, 0.00425, 0.00289], hit=[0.03476, 0.05462, 0.08424, 0.14189], ndcg=[0.02239, 0.02858, 0.03576, 0.04682], Train Rec Loss=[0.02989], Eval Rec Loss=[0.02994], c=[0.50000], F=[0.84205, 0.88052, 0.90891, 0.93687], F_fuse=[0.01381, 0.01094, 0.00847, 0.00575]
[ INFO : 2026-07-28 03:26:32,806 ] - Epoch 245: train==[132.16205 = 0.47353 + 1.72582 + 19.61078 + 0.02048 + 0.00000 + 0.00069 + 1225.89705]
[ INFO : 2026-07-28 03:26:42,084 ] - Test_@[5, 10, 20, 50]: Recall=[0.03247, 0.05086, 0.07860, 0.13402],  precision=[0.00681, 0.00534, 0.00414, 0.00284], hit=[0.03394, 0.05297, 0.08208, 0.13998], ndcg=[0.02191, 0.02788, 0.03495, 0.04606], Train Rec Loss=[0.02989], Eval Rec Loss=[0.02995], c=[0.50000], F=[0.84118, 0.88125, 0.91010, 0.93898], F_fuse=[0.01351, 0.01061, 0.00824, 0.00567]
[ INFO : 2026-07-28 03:29:09,452 ] - Epoch 246: train==[132.21676 = 0.47148 + 1.72582 + 19.66749 + 0.02055 + 0.00000 + 0.00068 + 1225.89705]
[ INFO : 2026-07-28 03:29:18,771 ] - Test_@[5, 10, 20, 50]: Recall=[0.03284, 0.05102, 0.07867, 0.13395],  precision=[0.00691, 0.00536, 0.00415, 0.00284], hit=[0.03446, 0.05338, 0.08223, 0.14004], ndcg=[0.02200, 0.02790, 0.03494, 0.04602], Train Rec Loss=[0.02988], Eval Rec Loss=[0.02995], c=[0.50000], F=[0.84137, 0.88096, 0.91010, 0.93955], F_fuse=[0.01371, 0.01065, 0.00826, 0.00566]
[ INFO : 2026-07-28 03:31:45,416 ] - Epoch 247: train==[132.22712 = 0.47589 + 1.72582 + 19.67345 + 0.02054 + 0.00000 + 0.00068 + 1225.89705]
[ INFO : 2026-07-28 03:31:54,682 ] - Test_@[5, 10, 20, 50]: Recall=[0.03370, 0.05183, 0.07936, 0.13372],  precision=[0.00706, 0.00544, 0.00419, 0.00284], hit=[0.03523, 0.05405, 0.08295, 0.13968], ndcg=[0.02246, 0.02835, 0.03535, 0.04627], Train Rec Loss=[0.02989], Eval Rec Loss=[0.02995], c=[0.50000], F=[0.84073, 0.88027, 0.90938, 0.93843], F_fuse=[0.01399, 0.01080, 0.00833, 0.00566]
[ INFO : 2026-07-28 03:34:21,588 ] - Epoch 248: train==[132.19561 = 0.50637 + 1.72582 + 19.61134 + 0.02067 + 0.00000 + 0.00067 + 1225.89705]
[ INFO : 2026-07-28 03:34:30,804 ] - Test_@[5, 10, 20, 50]: Recall=[0.03396, 0.05087, 0.07910, 0.13257],  precision=[0.00711, 0.00533, 0.00417, 0.00281], hit=[0.03543, 0.05302, 0.08259, 0.13860], ndcg=[0.02274, 0.02820, 0.03539, 0.04611], Train Rec Loss=[0.02988], Eval Rec Loss=[0.02995], c=[0.50000], F=[0.84117, 0.88018, 0.90973, 0.93836], F_fuse=[0.01410, 0.01059, 0.00830, 0.00561]
[ INFO : 2026-07-28 03:36:57,406 ] - Epoch 249: train==[132.15160 = 0.46862 + 1.72581 + 19.60507 + 0.02069 + 0.00000 + 0.00066 + 1225.89705]
[ INFO : 2026-07-28 03:37:06,780 ] - Test_@[5, 10, 20, 50]: Recall=[0.03286, 0.05158, 0.07930, 0.13396],  precision=[0.00691, 0.00542, 0.00418, 0.00284], hit=[0.03446, 0.05390, 0.08280, 0.13983], ndcg=[0.02227, 0.02838, 0.03540, 0.04634], Train Rec Loss=[0.02989], Eval Rec Loss=[0.02995], c=[0.50000], F=[0.84131, 0.88103, 0.90940, 0.93742], F_fuse=[0.01371, 0.01077, 0.00832, 0.00567]
[ INFO : 2026-07-28 03:39:34,193 ] - Epoch 250: train==[132.17662 = 0.46325 + 1.72581 + 19.63538 + 0.02079 + 0.00000 + 0.00066 + 1225.89705]
[ INFO : 2026-07-28 03:39:43,513 ] - Test_@[5, 10, 20, 50]: Recall=[0.03388, 0.05181, 0.08053, 0.13527],  precision=[0.00710, 0.00544, 0.00425, 0.00287], hit=[0.03538, 0.05395, 0.08413, 0.14127], ndcg=[0.02272, 0.02855, 0.03585, 0.04682], Train Rec Loss=[0.02989], Eval Rec Loss=[0.02994], c=[0.50000], F=[0.84085, 0.87899, 0.90815, 0.93679], F_fuse=[0.01408, 0.01080, 0.00845, 0.00572]
[ INFO : 2026-07-28 03:42:10,554 ] - Epoch 251: train==[132.21982 = 0.46661 + 1.72581 + 19.67518 + 0.02080 + 0.00000 + 0.00068 + 1225.89705]
[ INFO : 2026-07-28 03:42:20,011 ] - Test_@[5, 10, 20, 50]: Recall=[0.03295, 0.05010, 0.07734, 0.13166],  precision=[0.00689, 0.00527, 0.00408, 0.00280], hit=[0.03440, 0.05246, 0.08100, 0.13777], ndcg=[0.02206, 0.02766, 0.03461, 0.04551], Train Rec Loss=[0.02988], Eval Rec Loss=[0.02994], c=[0.50000], F=[0.84016, 0.87937, 0.90853, 0.93748], F_fuse=[0.01367, 0.01048, 0.00813, 0.00558]
[ INFO : 2026-07-28 03:44:47,365 ] - Epoch 252: train==[132.20182 = 0.46270 + 1.72581 + 19.66107 + 0.02083 + 0.00000 + 0.00068 + 1225.89705]
[ INFO : 2026-07-28 03:44:56,704 ] - Test_@[5, 10, 20, 50]: Recall=[0.03366, 0.05055, 0.07745, 0.13279],  precision=[0.00708, 0.00530, 0.00409, 0.00283], hit=[0.03533, 0.05276, 0.08084, 0.13901], ndcg=[0.02271, 0.02819, 0.03503, 0.04614], Train Rec Loss=[0.02990], Eval Rec Loss=[0.02995], c=[0.50000], F=[0.84146, 0.88114, 0.91072, 0.94004], F_fuse=[0.01403, 0.01054, 0.00814, 0.00563]
[ INFO : 2026-07-28 03:47:24,232 ] - Epoch 253: train==[132.15877 = 0.46392 + 1.72580 + 19.61676 + 0.02085 + 0.00000 + 0.00070 + 1225.89705]
[ INFO : 2026-07-28 03:47:33,510 ] - Test_@[5, 10, 20, 50]: Recall=[0.03437, 0.05254, 0.08079, 0.13559],  precision=[0.00719, 0.00552, 0.00426, 0.00288], hit=[0.03590, 0.05492, 0.08434, 0.14168], ndcg=[0.02289, 0.02882, 0.03600, 0.04696], Train Rec Loss=[0.02988], Eval Rec Loss=[0.02995], c=[0.50000], F=[0.83991, 0.87858, 0.90727, 0.93564], F_fuse=[0.01426, 0.01097, 0.00848, 0.00574]
[ INFO : 2026-07-28 03:50:00,515 ] - Epoch 254: train==[132.22147 = 0.46255 + 1.72580 + 19.68072 + 0.02100 + 0.00000 + 0.00067 + 1225.89705]
[ INFO : 2026-07-28 03:50:09,734 ] - Test_@[5, 10, 20, 50]: Recall=[0.03289, 0.05076, 0.07864, 0.13225],  precision=[0.00688, 0.00532, 0.00415, 0.00281], hit=[0.03430, 0.05287, 0.08228, 0.13824], ndcg=[0.02201, 0.02786, 0.03496, 0.04572], Train Rec Loss=[0.02988], Eval Rec Loss=[0.02994], c=[0.50000], F=[0.84220, 0.88144, 0.91011, 0.93875], F_fuse=[0.01365, 0.01058, 0.00826, 0.00560]
[ INFO : 2026-07-28 03:52:36,975 ] - Epoch 255: train==[132.14912 = 0.46496 + 1.72579 + 19.60596 + 0.02099 + 0.00000 + 0.00067 + 1225.89705]
[ INFO : 2026-07-28 03:52:46,194 ] - Test_@[5, 10, 20, 50]: Recall=[0.03350, 0.05078, 0.07736, 0.13313],  precision=[0.00700, 0.00533, 0.00408, 0.00283], hit=[0.03492, 0.05287, 0.08084, 0.13926], ndcg=[0.02230, 0.02789, 0.03463, 0.04583], Train Rec Loss=[0.02989], Eval Rec Loss=[0.02995], c=[0.50000], F=[0.84087, 0.87962, 0.90883, 0.93781], F_fuse=[0.01389, 0.01060, 0.00811, 0.00564]
[ INFO : 2026-07-28 03:55:13,273 ] - Epoch 256: train==[132.17728 = 0.46206 + 1.72579 + 19.63716 + 0.02085 + 0.00000 + 0.00069 + 1225.89705]
[ INFO : 2026-07-28 03:55:22,534 ] - Test_@[5, 10, 20, 50]: Recall=[0.03333, 0.05157, 0.07849, 0.13023],  precision=[0.00701, 0.00542, 0.00413, 0.00277], hit=[0.03502, 0.05379, 0.08177, 0.13628], ndcg=[0.02224, 0.02814, 0.03496, 0.04535], Train Rec Loss=[0.02988], Eval Rec Loss=[0.02994], c=[0.50000], F=[0.84225, 0.88346, 0.91138, 0.94049], F_fuse=[0.01391, 0.01076, 0.00823, 0.00552]
[ INFO : 2026-07-28 03:57:49,465 ] - Epoch 257: train==[132.09731 = 0.46397 + 1.72579 + 19.55512 + 0.02102 + 0.00000 + 0.00068 + 1225.89705]
[ INFO : 2026-07-28 03:57:58,775 ] - Test_@[5, 10, 20, 50]: Recall=[0.03399, 0.05115, 0.07861, 0.13220],  precision=[0.00713, 0.00537, 0.00415, 0.00280], hit=[0.03559, 0.05333, 0.08218, 0.13808], ndcg=[0.02270, 0.02830, 0.03529, 0.04604], Train Rec Loss=[0.02989], Eval Rec Loss=[0.02994], c=[0.50000], F=[0.83932, 0.87938, 0.90876, 0.93843], F_fuse=[0.01414, 0.01067, 0.00825, 0.00559]
[ INFO : 2026-07-28 04:00:25,807 ] - Epoch 258: train==[132.11018 = 0.46021 + 1.72578 + 19.57170 + 0.02109 + 0.00000 + 0.00066 + 1225.89705]
[ INFO : 2026-07-28 04:00:35,150 ] - Test_@[5, 10, 20, 50]: Recall=[0.03415, 0.05247, 0.08038, 0.13302],  precision=[0.00717, 0.00552, 0.00423, 0.00283], hit=[0.03574, 0.05492, 0.08383, 0.13916], ndcg=[0.02311, 0.02903, 0.03609, 0.04665], Train Rec Loss=[0.02988], Eval Rec Loss=[0.02995], c=[0.50000], F=[0.84023, 0.87957, 0.90874, 0.93789], F_fuse=[0.01422, 0.01097, 0.00843, 0.00564]
[ INFO : 2026-07-28 04:03:01,839 ] - Epoch 259: train==[132.14952 = 0.46002 + 1.72578 + 19.61122 + 0.02109 + 0.00000 + 0.00068 + 1225.89705]
[ INFO : 2026-07-28 04:03:11,048 ] - Test_@[5, 10, 20, 50]: Recall=[0.03369, 0.05062, 0.07874, 0.13169],  precision=[0.00706, 0.00532, 0.00415, 0.00280], hit=[0.03523, 0.05292, 0.08228, 0.13777], ndcg=[0.02254, 0.02805, 0.03518, 0.04578], Train Rec Loss=[0.02989], Eval Rec Loss=[0.02995], c=[0.50000], F=[0.83998, 0.87990, 0.90899, 0.93880], F_fuse=[0.01399, 0.01057, 0.00827, 0.00558]
[ INFO : 2026-07-28 04:05:38,035 ] - Epoch 260: train==[132.10361 = 0.45771 + 1.72578 + 19.56757 + 0.02115 + 0.00000 + 0.00066 + 1225.89705]
[ INFO : 2026-07-28 04:05:47,259 ] - Test_@[5, 10, 20, 50]: Recall=[0.03425, 0.05146, 0.07882, 0.13283],  precision=[0.00717, 0.00541, 0.00416, 0.00282], hit=[0.03569, 0.05374, 0.08244, 0.13901], ndcg=[0.02281, 0.02842, 0.03536, 0.04620], Train Rec Loss=[0.02989], Eval Rec Loss=[0.02995], c=[0.50000], F=[0.84169, 0.88106, 0.90893, 0.93793], F_fuse=[0.01422, 0.01075, 0.00827, 0.00562]
[ INFO : 2026-07-28 04:08:14,152 ] - Epoch 261: train==[132.14033 = 0.45856 + 1.72577 + 19.60337 + 0.02121 + 0.00000 + 0.00068 + 1225.89705]
[ INFO : 2026-07-28 04:08:23,449 ] - Test_@[5, 10, 20, 50]: Recall=[0.03251, 0.05005, 0.07764, 0.13073],  precision=[0.00682, 0.00526, 0.00410, 0.00278], hit=[0.03399, 0.05220, 0.08125, 0.13664], ndcg=[0.02184, 0.02756, 0.03458, 0.04524], Train Rec Loss=[0.02989], Eval Rec Loss=[0.02995], c=[0.50000], F=[0.84083, 0.88120, 0.91068, 0.93955], F_fuse=[0.01353, 0.01046, 0.00816, 0.00554]
[ INFO : 2026-07-28 04:10:50,216 ] - Epoch 262: train==[132.14650 = 0.45713 + 1.72577 + 19.61093 + 0.02125 + 0.00000 + 0.00068 + 1225.89705]
[ INFO : 2026-07-28 04:10:59,516 ] - Test_@[5, 10, 20, 50]: Recall=[0.03318, 0.05125, 0.07889, 0.13240],  precision=[0.00695, 0.00539, 0.00417, 0.00281], hit=[0.03466, 0.05354, 0.08259, 0.13860], ndcg=[0.02229, 0.02818, 0.03520, 0.04596], Train Rec Loss=[0.02989], Eval Rec Loss=[0.02995], c=[0.50000], F=[0.84007, 0.87897, 0.90815, 0.93755], F_fuse=[0.01379, 0.01072, 0.00829, 0.00561]
[ INFO : 2026-07-28 04:13:26,579 ] - Epoch 263: train==[132.08566 = 0.45431 + 1.72576 + 19.55293 + 0.02124 + 0.00000 + 0.00068 + 1225.89705]
[ INFO : 2026-07-28 04:13:35,831 ] - Test_@[5, 10, 20, 50]: Recall=[0.03246, 0.05002, 0.07681, 0.12830],  precision=[0.00682, 0.00527, 0.00406, 0.00273], hit=[0.03404, 0.05235, 0.08053, 0.13422], ndcg=[0.02206, 0.02778, 0.03459, 0.04494], Train Rec Loss=[0.02989], Eval Rec Loss=[0.02995], c=[0.50000], F=[0.84203, 0.88144, 0.91092, 0.94012], F_fuse=[0.01353, 0.01047, 0.00808, 0.00544]
[ INFO : 2026-07-28 04:16:03,364 ] - Epoch 264: train==[132.00553 = 0.45280 + 1.72575 + 19.47431 + 0.02126 + 0.00000 + 0.00068 + 1225.89705]
[ INFO : 2026-07-28 04:16:12,687 ] - Test_@[5, 10, 20, 50]: Recall=[0.03364, 0.05091, 0.07902, 0.13357],  precision=[0.00705, 0.00534, 0.00417, 0.00284], hit=[0.03512, 0.05302, 0.08239, 0.13957], ndcg=[0.02259, 0.02821, 0.03535, 0.04628], Train Rec Loss=[0.02990], Eval Rec Loss=[0.02996], c=[0.50000], F=[0.84079, 0.88047, 0.91025, 0.93923], F_fuse=[0.01397, 0.01061, 0.00829, 0.00565]
[ INFO : 2026-07-28 04:18:39,698 ] - Epoch 265: train==[132.04589 = 0.45574 + 1.72575 + 19.51164 + 0.02134 + 0.00000 + 0.00067 + 1225.89705]
[ INFO : 2026-07-28 04:18:48,892 ] - Test_@[5, 10, 20, 50]: Recall=[0.03310, 0.05036, 0.07903, 0.13239],  precision=[0.00696, 0.00528, 0.00416, 0.00281], hit=[0.03471, 0.05246, 0.08244, 0.13829], ndcg=[0.02211, 0.02772, 0.03500, 0.04568], Train Rec Loss=[0.02989], Eval Rec Loss=[0.02994], c=[0.50000], F=[0.84069, 0.88025, 0.90975, 0.93902], F_fuse=[0.01381, 0.01050, 0.00828, 0.00561]
[ INFO : 2026-07-28 04:21:15,997 ] - Epoch 266: train==[132.09325 = 0.45283 + 1.72574 + 19.56180 + 0.02148 + 0.00000 + 0.00066 + 1225.89705]
[ INFO : 2026-07-28 04:21:25,363 ] - Test_@[5, 10, 20, 50]: Recall=[0.03298, 0.05039, 0.07817, 0.13124],  precision=[0.00693, 0.00531, 0.00412, 0.00279], hit=[0.03461, 0.05266, 0.08177, 0.13716], ndcg=[0.02207, 0.02778, 0.03483, 0.04545], Train Rec Loss=[0.02990], Eval Rec Loss=[0.02995], c=[0.50000], F=[0.84058, 0.87947, 0.90937, 0.93875], F_fuse=[0.01375, 0.01055, 0.00821, 0.00555]
[ INFO : 2026-07-28 04:23:52,208 ] - Epoch 267: train==[132.01283 = 0.45166 + 1.72574 + 19.48260 + 0.02141 + 0.00000 + 0.00068 + 1225.89705]
[ INFO : 2026-07-28 04:24:01,419 ] - Test_@[5, 10, 20, 50]: Recall=[0.03314, 0.05017, 0.07710, 0.13107],  precision=[0.00696, 0.00527, 0.00407, 0.00279], hit=[0.03471, 0.05235, 0.08059, 0.13710], ndcg=[0.02221, 0.02776, 0.03462, 0.04545], Train Rec Loss=[0.02989], Eval Rec Loss=[0.02995], c=[0.50000], F=[0.84050, 0.88053, 0.91027, 0.93983], F_fuse=[0.01381, 0.01048, 0.00810, 0.00555]
[ INFO : 2026-07-28 04:26:28,748 ] - Epoch 268: train==[132.11531 = 0.45093 + 1.72574 + 19.58575 + 0.02149 + 0.00000 + 0.00067 + 1225.89705]
[ INFO : 2026-07-28 04:26:37,987 ] - Test_@[5, 10, 20, 50]: Recall=[0.03284, 0.05026, 0.07757, 0.13148],  precision=[0.00689, 0.00528, 0.00409, 0.00279], hit=[0.03435, 0.05240, 0.08105, 0.13741], ndcg=[0.02216, 0.02785, 0.03480, 0.04560], Train Rec Loss=[0.02989], Eval Rec Loss=[0.02995], c=[0.50000], F=[0.83988, 0.87914, 0.90916, 0.93889], F_fuse=[0.01367, 0.01050, 0.00815, 0.00556]
[ INFO : 2026-07-28 04:29:05,226 ] - Epoch 269: train==[132.10611 = 0.44741 + 1.72572 + 19.58004 + 0.02155 + 0.00000 + 0.00065 + 1225.89705]
[ INFO : 2026-07-28 04:29:14,390 ] - Test_@[5, 10, 20, 50]: Recall=[0.03281, 0.05078, 0.07775, 0.13096],  precision=[0.00687, 0.00532, 0.00409, 0.00278], hit=[0.03425, 0.05287, 0.08115, 0.13695], ndcg=[0.02210, 0.02790, 0.03472, 0.04542], Train Rec Loss=[0.02989], Eval Rec Loss=[0.02995], c=[0.50000], F=[0.84023, 0.88010, 0.90890, 0.93811], F_fuse=[0.01363, 0.01057, 0.00815, 0.00555]
[ INFO : 2026-07-28 04:31:42,136 ] - Epoch 270: train==[131.89532 = 0.45439 + 1.72572 + 19.36224 + 0.02158 + 0.00000 + 0.00066 + 1225.89705]
[ INFO : 2026-07-28 04:31:51,368 ] - Test_@[5, 10, 20, 50]: Recall=[0.03319, 0.05087, 0.07802, 0.13093],  precision=[0.00695, 0.00535, 0.00411, 0.00278], hit=[0.03471, 0.05312, 0.08146, 0.13705], ndcg=[0.02213, 0.02791, 0.03478, 0.04541], Train Rec Loss=[0.02988], Eval Rec Loss=[0.02995], c=[0.50000], F=[0.84020, 0.87897, 0.90841, 0.93812], F_fuse=[0.01379, 0.01063, 0.00819, 0.00555]
[ INFO : 2026-07-28 04:34:18,164 ] - Epoch 271: train==[132.10946 = 0.44693 + 1.72571 + 19.58379 + 0.02162 + 0.00000 + 0.00067 + 1225.89705]
[ INFO : 2026-07-28 04:34:27,370 ] - Test_@[5, 10, 20, 50]: Recall=[0.03315, 0.05115, 0.07799, 0.13216],  precision=[0.00695, 0.00537, 0.00411, 0.00280], hit=[0.03471, 0.05338, 0.08125, 0.13793], ndcg=[0.02229, 0.02818, 0.03499, 0.04585], Train Rec Loss=[0.02990], Eval Rec Loss=[0.02995], c=[0.50000], F=[0.84022, 0.87940, 0.90786, 0.93640], F_fuse=[0.01379, 0.01068, 0.00818, 0.00559]
[ INFO : 2026-07-28 04:36:54,831 ] - Epoch 272: train==[132.10806 = 0.44410 + 1.72570 + 19.58531 + 0.02150 + 0.00000 + 0.00070 + 1225.89705]
[ INFO : 2026-07-28 04:37:04,097 ] - Test_@[5, 10, 20, 50]: Recall=[0.03328, 0.05094, 0.07606, 0.12972],  precision=[0.00698, 0.00534, 0.00401, 0.00276], hit=[0.03482, 0.05307, 0.07945, 0.13556], ndcg=[0.02240, 0.02811, 0.03448, 0.04526], Train Rec Loss=[0.02990], Eval Rec Loss=[0.02995], c=[0.50000], F=[0.84058, 0.87964, 0.90876, 0.93809], F_fuse=[0.01385, 0.01062, 0.00798, 0.00549]
[ INFO : 2026-07-28 04:39:31,110 ] - Epoch 273: train==[131.98464 = 0.44856 + 1.72570 + 19.45731 + 0.02166 + 0.00000 + 0.00067 + 1225.89705]
[ INFO : 2026-07-28 04:39:40,387 ] - Test_@[5, 10, 20, 50]: Recall=[0.03312, 0.05063, 0.07840, 0.13051],  precision=[0.00696, 0.00531, 0.00413, 0.00277], hit=[0.03466, 0.05271, 0.08187, 0.13659], ndcg=[0.02213, 0.02780, 0.03484, 0.04532], Train Rec Loss=[0.02990], Eval Rec Loss=[0.02995], c=[0.50000], F=[0.84095, 0.88098, 0.91008, 0.93960], F_fuse=[0.01381, 0.01056, 0.00822, 0.00553]
[ INFO : 2026-07-28 04:42:07,694 ] - Epoch 274: train==[131.96898 = 0.44905 + 1.72569 + 19.44103 + 0.02181 + 0.00000 + 0.00066 + 1225.89705]
[ INFO : 2026-07-28 04:42:16,894 ] - Test_@[5, 10, 20, 50]: Recall=[0.03301, 0.05100, 0.07903, 0.13080],  precision=[0.00693, 0.00535, 0.00416, 0.00278], hit=[0.03456, 0.05318, 0.08254, 0.13659], ndcg=[0.02224, 0.02809, 0.03517, 0.04557], Train Rec Loss=[0.02989], Eval Rec Loss=[0.02996], c=[0.50000], F=[0.84061, 0.87969, 0.90878, 0.93830], F_fuse=[0.01375, 0.01063, 0.00829, 0.00554]
[ INFO : 2026-07-28 04:44:43,452 ] - Epoch 275: train==[132.10293 = 0.44538 + 1.72568 + 19.57865 + 0.02182 + 0.00000 + 0.00066 + 1225.89705]
[ INFO : 2026-07-28 04:44:52,592 ] - Test_@[5, 10, 20, 50]: Recall=[0.03305, 0.05036, 0.07709, 0.13093],  precision=[0.00693, 0.00528, 0.00407, 0.00278], hit=[0.03456, 0.05251, 0.08053, 0.13700], ndcg=[0.02218, 0.02781, 0.03460, 0.04541], Train Rec Loss=[0.02991], Eval Rec Loss=[0.02997], c=[0.50000], F=[0.84149, 0.88025, 0.90929, 0.93850], F_fuse=[0.01375, 0.01050, 0.00809, 0.00555]
[ INFO : 2026-07-28 04:47:19,783 ] - Epoch 276: train==[132.02401 = 0.44007 + 1.72567 + 19.50507 + 0.02179 + 0.00000 + 0.00067 + 1225.89705]
[ INFO : 2026-07-28 04:47:29,060 ] - Test_@[5, 10, 20, 50]: Recall=[0.03324, 0.05105, 0.07817, 0.13160],  precision=[0.00698, 0.00535, 0.00413, 0.00279], hit=[0.03476, 0.05312, 0.08167, 0.13752], ndcg=[0.02232, 0.02811, 0.03502, 0.04572], Train Rec Loss=[0.02990], Eval Rec Loss=[0.02995], c=[0.50000], F=[0.84023, 0.87949, 0.90834, 0.93836], F_fuse=[0.01385, 0.01063, 0.00822, 0.00557]
[ INFO : 2026-07-28 04:49:56,540 ] - Epoch 277: train==[132.03460 = 0.44130 + 1.72566 + 19.51439 + 0.02179 + 0.00000 + 0.00072 + 1225.89705]
[ INFO : 2026-07-28 04:50:05,821 ] - Test_@[5, 10, 20, 50]: Recall=[0.03266, 0.05056, 0.07660, 0.12974],  precision=[0.00684, 0.00531, 0.00404, 0.00275], hit=[0.03410, 0.05271, 0.08002, 0.13561], ndcg=[0.02201, 0.02783, 0.03445, 0.04512], Train Rec Loss=[0.02990], Eval Rec Loss=[0.02996], c=[0.50000], F=[0.84099, 0.88039, 0.91079, 0.94022], F_fuse=[0.01357, 0.01055, 0.00804, 0.00549]
[ INFO : 2026-07-28 04:52:33,434 ] - Epoch 278: train==[131.94301 = 0.44478 + 1.72565 + 19.41934 + 0.02180 + 0.00000 + 0.00069 + 1225.89705]
[ INFO : 2026-07-28 04:52:42,648 ] - Test_@[5, 10, 20, 50]: Recall=[0.03313, 0.05078, 0.07703, 0.12912],  precision=[0.00697, 0.00533, 0.00406, 0.00274], hit=[0.03476, 0.05292, 0.08038, 0.13494], ndcg=[0.02232, 0.02807, 0.03474, 0.04517], Train Rec Loss=[0.02990], Eval Rec Loss=[0.02997], c=[0.50000], F=[0.84032, 0.88015, 0.90938, 0.93862], F_fuse=[0.01383, 0.01059, 0.00809, 0.00547]
[ INFO : 2026-07-28 04:55:09,967 ] - Epoch 279: train==[132.05368 = 0.44203 + 1.72564 + 19.53278 + 0.02180 + 0.00000 + 0.00070 + 1225.89705]
[ INFO : 2026-07-28 04:55:19,300 ] - Test_@[5, 10, 20, 50]: Recall=[0.03351, 0.05162, 0.07843, 0.13113],  precision=[0.00702, 0.00541, 0.00413, 0.00278], hit=[0.03502, 0.05384, 0.08187, 0.13716], ndcg=[0.02259, 0.02845, 0.03527, 0.04584], Train Rec Loss=[0.02990], Eval Rec Loss=[0.02997], c=[0.50000], F=[0.84106, 0.87902, 0.90790, 0.93756], F_fuse=[0.01393, 0.01075, 0.00823, 0.00555]
[ INFO : 2026-07-28 04:57:46,483 ] - Epoch 280: train==[131.95469 = 0.43842 + 1.72563 + 19.43725 + 0.02198 + 0.00000 + 0.00068 + 1225.89705]
[ INFO : 2026-07-28 04:57:55,800 ] - Test_@[5, 10, 20, 50]: Recall=[0.03193, 0.05003, 0.07651, 0.12964],  precision=[0.00671, 0.00525, 0.00403, 0.00276], hit=[0.03343, 0.05220, 0.07997, 0.13572], ndcg=[0.02169, 0.02756, 0.03430, 0.04498], Train Rec Loss=[0.02991], Eval Rec Loss=[0.02998], c=[0.50000], F=[0.84033, 0.88061, 0.91011, 0.94014], F_fuse=[0.01331, 0.01044, 0.00803, 0.00550]
[ INFO : 2026-07-28 05:00:23,287 ] - Epoch 281: train==[131.92527 = 0.44183 + 1.72561 + 19.40440 + 0.02201 + 0.00000 + 0.00068 + 1225.89705]
[ INFO : 2026-07-28 05:00:32,546 ] - Test_@[5, 10, 20, 50]: Recall=[0.03295, 0.05095, 0.07803, 0.13068],  precision=[0.00691, 0.00534, 0.00412, 0.00278], hit=[0.03446, 0.05307, 0.08151, 0.13649], ndcg=[0.02226, 0.02810, 0.03500, 0.04557], Train Rec Loss=[0.02991], Eval Rec Loss=[0.02998], c=[0.50000], F=[0.84036, 0.87947, 0.90880, 0.93851], F_fuse=[0.01371, 0.01062, 0.00820, 0.00553]
[ INFO : 2026-07-28 05:03:00,433 ] - Epoch 282: train==[131.97674 = 0.43785 + 1.72560 + 19.45988 + 0.02200 + 0.00000 + 0.00067 + 1225.89705]
[ INFO : 2026-07-28 05:03:09,622 ] - Test_@[5, 10, 20, 50]: Recall=[0.03252, 0.05010, 0.07577, 0.12839],  precision=[0.00682, 0.00526, 0.00399, 0.00272], hit=[0.03399, 0.05225, 0.07899, 0.13417], ndcg=[0.02194, 0.02763, 0.03413, 0.04467], Train Rec Loss=[0.02991], Eval Rec Loss=[0.02997], c=[0.50000], F=[0.84136, 0.88120, 0.90990, 0.93961], F_fuse=[0.01353, 0.01045, 0.00795, 0.00543]
[ INFO : 2026-07-28 05:05:36,618 ] - Epoch 283: train==[132.07042 = 0.44199 + 1.72559 + 19.54932 + 0.02212 + 0.00000 + 0.00067 + 1225.89705]
[ INFO : 2026-07-28 05:05:45,867 ] - Test_@[5, 10, 20, 50]: Recall=[0.03338, 0.05091, 0.07873, 0.13119],  precision=[0.00701, 0.00534, 0.00415, 0.00278], hit=[0.03497, 0.05307, 0.08218, 0.13710], ndcg=[0.02234, 0.02802, 0.03509, 0.04560], Train Rec Loss=[0.02991], Eval Rec Loss=[0.02998], c=[0.50000], F=[0.84020, 0.87997, 0.91037, 0.94017], F_fuse=[0.01391, 0.01062, 0.00826, 0.00555]
[ INFO : 2026-07-28 05:08:13,276 ] - Epoch 284: train==[131.99498 = 0.43347 + 1.72557 + 19.48244 + 0.02206 + 0.00000 + 0.00071 + 1225.89705]
[ INFO : 2026-07-28 05:08:22,613 ] - Test_@[5, 10, 20, 50]: Recall=[0.03278, 0.05067, 0.07709, 0.13002],  precision=[0.00689, 0.00532, 0.00406, 0.00276], hit=[0.03435, 0.05287, 0.08053, 0.13587], ndcg=[0.02211, 0.02792, 0.03460, 0.04521], Train Rec Loss=[0.02991], Eval Rec Loss=[0.02998], c=[0.50000], F=[0.84090, 0.87949, 0.90907, 0.93897], F_fuse=[0.01367, 0.01057, 0.00809, 0.00550]
[ INFO : 2026-07-28 05:10:49,986 ] - Epoch 285: train==[132.03075 = 0.43632 + 1.72556 + 19.51531 + 0.02216 + 0.00000 + 0.00066 + 1225.89705]
[ INFO : 2026-07-28 05:10:59,312 ] - Test_@[5, 10, 20, 50]: Recall=[0.03275, 0.05047, 0.07754, 0.12982],  precision=[0.00687, 0.00529, 0.00409, 0.00276], hit=[0.03425, 0.05256, 0.08089, 0.13577], ndcg=[0.02197, 0.02775, 0.03463, 0.04511], Train Rec Loss=[0.02992], Eval Rec Loss=[0.02998], c=[0.50000], F=[0.84101, 0.88130, 0.91073, 0.94059], F_fuse=[0.01363, 0.01052, 0.00814, 0.00549]
[ INFO : 2026-07-28 05:13:26,709 ] - Epoch 286: train==[131.96576 = 0.43447 + 1.72553 + 19.45223 + 0.02209 + 0.00000 + 0.00070 + 1225.89705]
[ INFO : 2026-07-28 05:13:36,045 ] - Test_@[5, 10, 20, 50]: Recall=[0.03325, 0.05029, 0.07691, 0.12877],  precision=[0.00699, 0.00527, 0.00405, 0.00273], hit=[0.03492, 0.05246, 0.08028, 0.13453], ndcg=[0.02237, 0.02789, 0.03464, 0.04506], Train Rec Loss=[0.02992], Eval Rec Loss=[0.02999], c=[0.50000], F=[0.83934, 0.87866, 0.90881, 0.93842], F_fuse=[0.01387, 0.01048, 0.00807, 0.00545]
[ INFO : 2026-07-28 05:16:03,485 ] - Epoch 287: train==[132.01350 = 0.43644 + 1.72552 + 19.49790 + 0.02223 + 0.00000 + 0.00068 + 1225.89705]
[ INFO : 2026-07-28 05:16:12,801 ] - Test_@[5, 10, 20, 50]: Recall=[0.03255, 0.05004, 0.07677, 0.12908],  precision=[0.00684, 0.00525, 0.00405, 0.00274], hit=[0.03410, 0.05215, 0.08012, 0.13494], ndcg=[0.02193, 0.02763, 0.03442, 0.04493], Train Rec Loss=[0.02992], Eval Rec Loss=[0.02998], c=[0.50000], F=[0.83992, 0.88039, 0.90940, 0.93907], F_fuse=[0.01357, 0.01043, 0.00806, 0.00546]
[ INFO : 2026-07-28 05:18:40,732 ] - Epoch 288: train==[131.96703 = 0.43175 + 1.72549 + 19.45612 + 0.02226 + 0.00000 + 0.00067 + 1225.89705]
[ INFO : 2026-07-28 05:18:50,065 ] - Test_@[5, 10, 20, 50]: Recall=[0.03323, 0.05093, 0.07780, 0.12927],  precision=[0.00697, 0.00534, 0.00410, 0.00274], hit=[0.03476, 0.05297, 0.08131, 0.13515], ndcg=[0.02227, 0.02803, 0.03486, 0.04517], Train Rec Loss=[0.02993], Eval Rec Loss=[0.02999], c=[0.50000], F=[0.84015, 0.87941, 0.90848, 0.93828], F_fuse=[0.01383, 0.01061, 0.00817, 0.00547]
[ INFO : 2026-07-28 05:21:17,572 ] - Epoch 289: train==[131.93234 = 0.43429 + 1.72548 + 19.41887 + 0.02228 + 0.00000 + 0.00068 + 1225.89705]
[ INFO : 2026-07-28 05:21:26,903 ] - Test_@[5, 10, 20, 50]: Recall=[0.03322, 0.05043, 0.07685, 0.12964],  precision=[0.00697, 0.00530, 0.00406, 0.00275], hit=[0.03476, 0.05261, 0.08023, 0.13551], ndcg=[0.02218, 0.02780, 0.03451, 0.04512], Train Rec Loss=[0.02994], Eval Rec Loss=[0.02999], c=[0.50000], F=[0.83987, 0.87896, 0.90802, 0.93662], F_fuse=[0.01383, 0.01053, 0.00808, 0.00548]
[ INFO : 2026-07-28 05:23:54,267 ] - Epoch 290: train==[131.88216 = 0.43174 + 1.72545 + 19.37126 + 0.02229 + 0.00000 + 0.00069 + 1225.89705]
[ INFO : 2026-07-28 05:24:03,445 ] - Test_@[5, 10, 20, 50]: Recall=[0.03213, 0.04965, 0.07661, 0.12891],  precision=[0.00673, 0.00520, 0.00404, 0.00274], hit=[0.03353, 0.05174, 0.08012, 0.13489], ndcg=[0.02187, 0.02757, 0.03443, 0.04493], Train Rec Loss=[0.02994], Eval Rec Loss=[0.02999], c=[0.50000], F=[0.84133, 0.88002, 0.90937, 0.93937], F_fuse=[0.01335, 0.01035, 0.00805, 0.00546]
[ INFO : 2026-07-28 05:26:31,018 ] - Epoch 291: train==[131.99909 = 0.43063 + 1.72542 + 19.48920 + 0.02241 + 0.00000 + 0.00068 + 1225.89705]
[ INFO : 2026-07-28 05:26:40,284 ] - Test_@[5, 10, 20, 50]: Recall=[0.03274, 0.04962, 0.07682, 0.12860],  precision=[0.00687, 0.00519, 0.00405, 0.00273], hit=[0.03420, 0.05168, 0.08017, 0.13428], ndcg=[0.02223, 0.02770, 0.03460, 0.04500], Train Rec Loss=[0.02994], Eval Rec Loss=[0.03000], c=[0.50000], F=[0.83984, 0.87940, 0.90847, 0.93736], F_fuse=[0.01363, 0.01033, 0.00806, 0.00544]
[ INFO : 2026-07-28 05:29:07,167 ] - Epoch 292: train==[131.97139 = 0.46186 + 1.72540 + 19.43031 + 0.02240 + 0.00000 + 0.00069 + 1225.89705]
[ INFO : 2026-07-28 05:29:16,504 ] - Test_@[5, 10, 20, 50]: Recall=[0.03214, 0.05029, 0.07642, 0.12960],  precision=[0.00673, 0.00527, 0.00403, 0.00276], hit=[0.03353, 0.05235, 0.07981, 0.13556], ndcg=[0.02153, 0.02745, 0.03408, 0.04477], Train Rec Loss=[0.02995], Eval Rec Loss=[0.03001], c=[0.50000], F=[0.84178, 0.88081, 0.91006, 0.93924], F_fuse=[0.01335, 0.01047, 0.00802, 0.00550]
[ INFO : 2026-07-28 05:31:43,759 ] - Epoch 293: train==[131.96962 = 0.44292 + 1.72538 + 19.44753 + 0.02234 + 0.00000 + 0.00072 + 1225.89705]
[ INFO : 2026-07-28 05:31:53,062 ] - Test_@[5, 10, 20, 50]: Recall=[0.03333, 0.04991, 0.07693, 0.12986],  precision=[0.00698, 0.00525, 0.00406, 0.00276], hit=[0.03482, 0.05215, 0.08033, 0.13572], ndcg=[0.02232, 0.02774, 0.03457, 0.04519], Train Rec Loss=[0.02995], Eval Rec Loss=[0.03000], c=[0.50000], F=[0.83988, 0.87908, 0.90840, 0.93828], F_fuse=[0.01385, 0.01043, 0.00808, 0.00550]
[ INFO : 2026-07-28 05:34:20,583 ] - Epoch 294: train==[131.93983 = 0.42342 + 1.72533 + 19.43715 + 0.02251 + 0.00000 + 0.00068 + 1225.89705]
[ INFO : 2026-07-28 05:34:29,871 ] - Test_@[5, 10, 20, 50]: Recall=[0.03333, 0.04980, 0.07762, 0.12963],  precision=[0.00698, 0.00523, 0.00409, 0.00275], hit=[0.03487, 0.05194, 0.08100, 0.13561], ndcg=[0.02246, 0.02782, 0.03486, 0.04529], Train Rec Loss=[0.02996], Eval Rec Loss=[0.03002], c=[0.50000], F=[0.83953, 0.87991, 0.90971, 0.93947], F_fuse=[0.01385, 0.01040, 0.00815, 0.00549]
[ INFO : 2026-07-28 05:36:57,250 ] - Epoch 295: train==[131.86890 = 0.42867 + 1.72530 + 19.36097 + 0.02255 + 0.00000 + 0.00067 + 1225.89705]
[ INFO : 2026-07-28 05:37:06,523 ] - Test_@[5, 10, 20, 50]: Recall=[0.03216, 0.04995, 0.07558, 0.12871],  precision=[0.00675, 0.00524, 0.00400, 0.00273], hit=[0.03363, 0.05204, 0.07915, 0.13448], ndcg=[0.02192, 0.02769, 0.03422, 0.04488], Train Rec Loss=[0.02996], Eval Rec Loss=[0.03003], c=[0.50000], F=[0.84011, 0.88046, 0.90968, 0.93954], F_fuse=[0.01339, 0.01042, 0.00796, 0.00545]
[ INFO : 2026-07-28 05:39:33,795 ] - Epoch 296: train==[132.05905 = 0.42544 + 1.72527 + 19.55439 + 0.02251 + 0.00000 + 0.00071 + 1225.89705]
[ INFO : 2026-07-28 05:39:42,959 ] - Test_@[5, 10, 20, 50]: Recall=[0.03290, 0.04898, 0.07578, 0.12902],  precision=[0.00689, 0.00514, 0.00399, 0.00274], hit=[0.03435, 0.05102, 0.07915, 0.13510], ndcg=[0.02231, 0.02754, 0.03435, 0.04501], Train Rec Loss=[0.02997], Eval Rec Loss=[0.03004], c=[0.50000], F=[0.84106, 0.88080, 0.91030, 0.94004], F_fuse=[0.01367, 0.01022, 0.00795, 0.00547]
[ INFO : 2026-07-28 05:42:10,072 ] - Epoch 297: train==[131.92626 = 0.42807 + 1.72522 + 19.41905 + 0.02248 + 0.00000 + 0.00069 + 1225.89705]
[ INFO : 2026-07-28 05:42:19,393 ] - Test_@[5, 10, 20, 50]: Recall=[0.03289, 0.04978, 0.07778, 0.12987],  precision=[0.00689, 0.00521, 0.00409, 0.00275], hit=[0.03430, 0.05184, 0.08110, 0.13582], ndcg=[0.02235, 0.02781, 0.03489, 0.04534], Train Rec Loss=[0.02997], Eval Rec Loss=[0.03004], c=[0.50000], F=[0.83995, 0.88042, 0.91033, 0.94050], F_fuse=[0.01367, 0.01036, 0.00815, 0.00549]
[ INFO : 2026-07-28 05:44:46,894 ] - Epoch 298: train==[131.89551 = 0.42693 + 1.72518 + 19.38935 + 0.02264 + 0.00000 + 0.00068 + 1225.89705]
[ INFO : 2026-07-28 05:44:56,178 ] - Test_@[5, 10, 20, 50]: Recall=[0.03285, 0.04989, 0.07594, 0.12691],  precision=[0.00692, 0.00524, 0.00401, 0.00269], hit=[0.03456, 0.05204, 0.07925, 0.13263], ndcg=[0.02202, 0.02756, 0.03417, 0.04436], Train Rec Loss=[0.02997], Eval Rec Loss=[0.03006], c=[0.50000], F=[0.84005, 0.88082, 0.91033, 0.93979], F_fuse=[0.01373, 0.01042, 0.00798, 0.00537]
[ INFO : 2026-07-28 05:47:23,645 ] - Epoch 299: train==[131.88538 = 0.42613 + 1.72513 + 19.38014 + 0.02254 + 0.00000 + 0.00071 + 1225.89705]
[ INFO : 2026-07-28 05:47:32,983 ] - Test_@[5, 10, 20, 50]: Recall=[0.03236, 0.05020, 0.07653, 0.12894],  precision=[0.00678, 0.00527, 0.00404, 0.00274], hit=[0.03379, 0.05235, 0.07981, 0.13489], ndcg=[0.02174, 0.02751, 0.03419, 0.04470], Train Rec Loss=[0.02999], Eval Rec Loss=[0.03005], c=[0.50000], F=[0.84117, 0.88212, 0.91148, 0.94051], F_fuse=[0.01345, 0.01047, 0.00804, 0.00546]
[ INFO : 2026-07-28 05:50:00,687 ] - Epoch 300: train==[131.97053 = 0.42194 + 1.72507 + 19.46953 + 0.02253 + 0.00000 + 0.00072 + 1225.89705]
[ INFO : 2026-07-28 05:50:09,914 ] - Test_@[5, 10, 20, 50]: Recall=[0.03289, 0.05089, 0.07603, 0.12969],  precision=[0.00690, 0.00536, 0.00402, 0.00275], hit=[0.03446, 0.05318, 0.07951, 0.13541], ndcg=[0.02231, 0.02815, 0.03453, 0.04530], Train Rec Loss=[0.03001], Eval Rec Loss=[0.03006], c=[0.50000], F=[0.83997, 0.87936, 0.90832, 0.93855], F_fuse=[0.01369, 0.01065, 0.00801, 0.00548]
n_users=19445, n_items=7050
n_interactions=139110
n_train=118551, n_test=20559, sparsity=0.00101
Finished Tue Jul 28 05:50:13 AM UTC 2026
