Job 75192 on gpu01; lambda_cf=1.0; group_k=10; seed=9; started Tue Aug 18 01:36:53 AM UTC 2026
Tue Aug 18 01:36:53 2026       
+-----------------------------------------------------------------------------+
| NVIDIA-SMI 525.147.05   Driver Version: 525.147.05   CUDA Version: 12.0     |
|-------------------------------+----------------------+----------------------+
| GPU  Name        Persistence-M| Bus-Id        Disp.A | Volatile Uncorr. ECC |
| Fan  Temp  Perf  Pwr:Usage/Cap|         Memory-Usage | GPU-Util  Compute M. |
|                               |                      |               MIG M. |
|===============================+======================+======================|
|   0  NVIDIA A100-SXM...  On   | 00000000:BD:00.0 Off |                    0 |
| N/A   37C    P0    56W / 400W |      0MiB / 40960MiB |      0%      Default |
|                               |                      |             Disabled |
+-------------------------------+----------------------+----------------------+
                                                                               
+-----------------------------------------------------------------------------+
| Processes:                                                                  |
|  GPU   GI   CI        PID   Type   Process name                  GPU Memory |
|        ID   ID                                                   Usage      |
|=============================================================================|
|  No running processes found                                                 |
+-----------------------------------------------------------------------------+
[ INFO : 2026-08-18 01:37:06,917 ] - Preprocess missing values with zero
[ INFO : 2026-08-18 01:37:08,547 ] - Modality mask sampled with data_seed=9; model seeded with seed=9
[ INFO : 2026-08-18 01:37:08,815 ] - Pretrained diffusion model is loaded from: ./checkpoint/tiktok/best_model.pth
[ INFO : 2026-08-18 01:37:09,330 ] - Completed data loaded from: ./checkpoint/tiktok/completed_data.pkl
/media/lhbac29/raid-cf/main.py:106: DeprecationWarning: Please import `csr_matrix` from the `scipy.sparse` namespace; the `scipy.sparse.csr` namespace is deprecated and will be removed in SciPy 2.0.0.
  self.ui_graph = self.ui_graph_raw = pickle.load(open('./data/' + self.dataset + '/train_mat', 'rb'))
[ INFO : 2026-08-18 01:37:09,628 ] - Missing rate = 0.400000, complete strategy: zero
[ INFO : 2026-08-18 01:38:06,811 ] - Epoch 1: train==[37426.53149 = 2.03945 + 0.59900 + 25.25380 + 0.00073 + 0.00000 + 37345.80212 + 883.59788]
[ INFO : 2026-08-18 01:38:12,475 ] - Test_@[5, 10, 20, 50]: Recall=[0.00359, 0.00571, 0.00865, 0.01419],  precision=[0.00072, 0.00057, 0.00043, 0.00028], hit=[0.00359, 0.00571, 0.00865, 0.01419], ndcg=[0.00195, 0.00260, 0.00331, 0.00447], Train Rec Loss=[0.03444], Eval Rec Loss=[0.03451], c=[0.50000], F=[0.84280, 0.93572, 0.87447, 0.91438], F_fuse=[0.00143, 0.00114, 0.00086, 0.00057]
[ INFO : 2026-08-18 01:39:07,792 ] - Epoch 2: train==[15988.22147 = 1.73076 + 0.59672 + 24.49663 + 0.00050 + 0.00000 + 15908.47885 + 884.94450]
[ INFO : 2026-08-18 01:39:13,387 ] - Test_@[5, 10, 20, 50]: Recall=[0.00065, 0.00571, 0.00653, 0.01436],  precision=[0.00013, 0.00057, 0.00033, 0.00029], hit=[0.00065, 0.00571, 0.00653, 0.01436], ndcg=[0.00029, 0.00185, 0.00206, 0.00369], Train Rec Loss=[0.03428], Eval Rec Loss=[0.03431], c=[0.50000], F=[0.72068, 0.83622, 0.89561, 0.86484], F_fuse=[0.00026, 0.00114, 0.00065, 0.00057]
[ INFO : 2026-08-18 01:40:08,022 ] - Epoch 3: train==[7261.30856 = 1.70813 + 0.59669 + 23.59392 + 0.00062 + 0.00000 + 7182.49152 + 884.94450]
[ INFO : 2026-08-18 01:40:13,695 ] - Test_@[5, 10, 20, 50]: Recall=[0.00147, 0.00750, 0.01028, 0.01680],  precision=[0.00029, 0.00075, 0.00051, 0.00034], hit=[0.00147, 0.00750, 0.01028, 0.01680], ndcg=[0.00066, 0.00252, 0.00324, 0.00446], Train Rec Loss=[0.03425], Eval Rec Loss=[0.03431], c=[0.50000], F=[0.80991, 0.91984, 0.82916, 0.88130], F_fuse=[0.00059, 0.00150, 0.00103, 0.00067]
[ INFO : 2026-08-18 01:41:08,596 ] - Epoch 4: train==[3502.07064 = 1.70095 + 0.59668 + 22.56538 + 0.00078 + 0.00000 + 3424.28924 + 884.94450]
[ INFO : 2026-08-18 01:41:14,325 ] - Test_@[5, 10, 20, 50]: Recall=[0.00082, 0.00571, 0.00995, 0.01762],  precision=[0.00016, 0.00057, 0.00050, 0.00035], hit=[0.00082, 0.00571, 0.00995, 0.01762], ndcg=[0.00040, 0.00193, 0.00301, 0.00450], Train Rec Loss=[0.03423], Eval Rec Loss=[0.03432], c=[0.50000], F=[0.95201, 0.93220, 0.92096, 0.91361], F_fuse=[0.00033, 0.00114, 0.00099, 0.00070]
[ INFO : 2026-08-18 01:42:08,983 ] - Epoch 5: train==[1612.75422 = 1.69328 + 0.59669 + 21.48602 + 0.00103 + 0.00000 + 1536.05952 + 884.94450]
[ INFO : 2026-08-18 01:42:14,608 ] - Test_@[5, 10, 20, 50]: Recall=[0.00359, 0.00995, 0.01778, 0.03377],  precision=[0.00072, 0.00100, 0.00089, 0.00068], hit=[0.00359, 0.00995, 0.01778, 0.03377], ndcg=[0.00231, 0.00432, 0.00630, 0.00948], Train Rec Loss=[0.03422], Eval Rec Loss=[0.03434], c=[0.50000], F=[0.90440, 0.91514, 0.96783, 0.96577], F_fuse=[0.00143, 0.00199, 0.00178, 0.00135]
[ INFO : 2026-08-18 01:43:10,283 ] - Epoch 6: train==[680.47156 = 1.68404 + 0.59670 + 20.49829 + 0.00139 + 0.00000 + 604.77346 + 884.94450]
[ INFO : 2026-08-18 01:43:15,993 ] - Test_@[5, 10, 20, 50]: Recall=[0.01533, 0.02398, 0.03556, 0.05122],  precision=[0.00307, 0.00240, 0.00178, 0.00102], hit=[0.01533, 0.02398, 0.03556, 0.05122], ndcg=[0.01087, 0.01362, 0.01655, 0.01963], Train Rec Loss=[0.03419], Eval Rec Loss=[0.03428], c=[0.50000], F=[0.73291, 0.85183, 0.93264, 0.96658], F_fuse=[0.00611, 0.00478, 0.00355, 0.00205]
[ INFO : 2026-08-18 01:44:10,901 ] - Epoch 7: train==[276.03941 = 1.67308 + 0.59668 + 19.58069 + 0.00189 + 0.00000 + 201.26941 + 884.94450]
[ INFO : 2026-08-18 01:44:16,757 ] - Test_@[5, 10, 20, 50]: Recall=[0.02235, 0.03263, 0.04372, 0.06330],  precision=[0.00447, 0.00326, 0.00219, 0.00127], hit=[0.02235, 0.03263, 0.04372, 0.06330], ndcg=[0.01647, 0.01981, 0.02259, 0.02646], Train Rec Loss=[0.03418], Eval Rec Loss=[0.03431], c=[0.50000], F=[0.66871, 0.80727, 0.90193, 0.96476], F_fuse=[0.00888, 0.00650, 0.00436, 0.00253]
[ INFO : 2026-08-18 01:45:11,866 ] - Epoch 8: train==[139.46941 = 1.66117 + 0.59669 + 18.60692 + 0.00254 + 0.00000 + 65.68442 + 884.94450]
[ INFO : 2026-08-18 01:45:18,411 ] - Test_@[5, 10, 20, 50]: Recall=[0.02822, 0.03834, 0.05041, 0.07602],  precision=[0.00564, 0.00383, 0.00252, 0.00152], hit=[0.02822, 0.03834, 0.05041, 0.07602], ndcg=[0.02125, 0.02451, 0.02753, 0.03255], Train Rec Loss=[0.03416], Eval Rec Loss=[0.03426], c=[0.50000], F=[0.65400, 0.76033, 0.87890, 0.95442], F_fuse=[0.01119, 0.00763, 0.00503, 0.00304]
[ INFO : 2026-08-18 01:46:13,016 ] - Epoch 9: train==[99.36749 = 1.65276 + 0.59670 + 17.53602 + 0.00332 + 0.00000 + 26.66102 + 884.94450]
[ INFO : 2026-08-18 01:46:18,635 ] - Test_@[5, 10, 20, 50]: Recall=[0.03100, 0.04127, 0.05432, 0.08728],  precision=[0.00620, 0.00413, 0.00272, 0.00175], hit=[0.03100, 0.04127, 0.05432, 0.08728], ndcg=[0.02330, 0.02667, 0.02996, 0.03649], Train Rec Loss=[0.03416], Eval Rec Loss=[0.03423], c=[0.50000], F=[0.65242, 0.73483, 0.86090, 0.94207], F_fuse=[0.01228, 0.00821, 0.00542, 0.00348]
[ INFO : 2026-08-18 01:47:14,157 ] - Epoch 10: train==[87.10046 = 1.64572 + 0.59669 + 16.50131 + 0.00421 + 0.00000 + 15.43487 + 884.94450]
[ INFO : 2026-08-18 01:47:20,440 ] - Test_@[5, 10, 20, 50]: Recall=[0.03393, 0.04372, 0.06069, 0.09755],  precision=[0.00679, 0.00437, 0.00303, 0.00195], hit=[0.03393, 0.04372, 0.06069, 0.09755], ndcg=[0.02540, 0.02856, 0.03279, 0.04010], Train Rec Loss=[0.03414], Eval Rec Loss=[0.03423], c=[0.50000], F=[0.61913, 0.71608, 0.84438, 0.93389], F_fuse=[0.01343, 0.00869, 0.00605, 0.00389]
[ INFO : 2026-08-18 01:48:15,112 ] - Epoch 11: train==[82.55170 = 1.63106 + 0.59669 + 15.69836 + 0.00518 + 0.00000 + 11.70275 + 884.94450]
[ INFO : 2026-08-18 01:48:20,893 ] - Test_@[5, 10, 20, 50]: Recall=[0.03540, 0.04535, 0.06509, 0.10163],  precision=[0.00708, 0.00454, 0.00325, 0.00203], hit=[0.03540, 0.04535, 0.06509, 0.10163], ndcg=[0.02660, 0.02979, 0.03474, 0.04197], Train Rec Loss=[0.03415], Eval Rec Loss=[0.03417], c=[0.50000], F=[0.60193, 0.71345, 0.83383, 0.92910], F_fuse=[0.01400, 0.00901, 0.00648, 0.00406]
[ INFO : 2026-08-18 01:49:16,318 ] - Epoch 12: train==[79.99969 = 1.61723 + 0.59669 + 15.09244 + 0.00612 + 0.00000 + 9.76955 + 884.94450]
[ INFO : 2026-08-18 01:49:22,100 ] - Test_@[5, 10, 20, 50]: Recall=[0.03507, 0.04551, 0.06770, 0.10734],  precision=[0.00701, 0.00455, 0.00338, 0.00215], hit=[0.03507, 0.04551, 0.06770, 0.10734], ndcg=[0.02656, 0.02991, 0.03551, 0.04329], Train Rec Loss=[0.03411], Eval Rec Loss=[0.03415], c=[0.50000], F=[0.59563, 0.71621, 0.82380, 0.92610], F_fuse=[0.01387, 0.00905, 0.00674, 0.00428]
[ INFO : 2026-08-18 01:50:17,394 ] - Epoch 13: train==[78.02235 = 1.60751 + 0.59670 + 14.44664 + 0.00700 + 0.00000 + 8.44685 + 884.94450]
[ INFO : 2026-08-18 01:50:23,023 ] - Test_@[5, 10, 20, 50]: Recall=[0.03507, 0.04682, 0.07064, 0.11272],  precision=[0.00701, 0.00468, 0.00353, 0.00225], hit=[0.03507, 0.04682, 0.07064, 0.11272], ndcg=[0.02687, 0.03064, 0.03665, 0.04486], Train Rec Loss=[0.03412], Eval Rec Loss=[0.03415], c=[0.50000], F=[0.59022, 0.71894, 0.81272, 0.92631], F_fuse=[0.01386, 0.00930, 0.00703, 0.00450]
[ INFO : 2026-08-18 01:51:17,772 ] - Epoch 14: train==[76.42190 = 1.59673 + 0.59670 + 13.86954 + 0.00786 + 0.00000 + 7.43341 + 884.94450]
[ INFO : 2026-08-18 01:51:23,917 ] - Test_@[5, 10, 20, 50]: Recall=[0.03426, 0.04600, 0.07096, 0.11305],  precision=[0.00685, 0.00460, 0.00355, 0.00226], hit=[0.03426, 0.04600, 0.07096, 0.11305], ndcg=[0.02637, 0.03013, 0.03640, 0.04461], Train Rec Loss=[0.03407], Eval Rec Loss=[0.03423], c=[0.50000], F=[0.59701, 0.72725, 0.80393, 0.92559], F_fuse=[0.01355, 0.00914, 0.00707, 0.00451]
[ INFO : 2026-08-18 01:52:18,842 ] - Epoch 15: train==[75.25130 = 1.58715 + 0.59670 + 13.51199 + 0.00888 + 0.00000 + 6.62891 + 884.94450]
[ INFO : 2026-08-18 01:52:24,596 ] - Test_@[5, 10, 20, 50]: Recall=[0.03475, 0.04666, 0.07259, 0.11729],  precision=[0.00695, 0.00467, 0.00363, 0.00235], hit=[0.03475, 0.04666, 0.07259, 0.11729], ndcg=[0.02684, 0.03064, 0.03715, 0.04585], Train Rec Loss=[0.03411], Eval Rec Loss=[0.03414], c=[0.50000], F=[0.59415, 0.72843, 0.79850, 0.92557], F_fuse=[0.01374, 0.00927, 0.00723, 0.00468]
[ INFO : 2026-08-18 01:53:19,202 ] - Epoch 16: train==[74.20156 = 1.57499 + 0.59670 + 13.13143 + 0.00959 + 0.00000 + 5.97120 + 884.94450]
[ INFO : 2026-08-18 01:53:25,255 ] - Test_@[5, 10, 20, 50]: Recall=[0.03540, 0.04666, 0.07243, 0.11729],  precision=[0.00708, 0.00467, 0.00362, 0.00235], hit=[0.03540, 0.04666, 0.07243, 0.11729], ndcg=[0.02707, 0.03067, 0.03716, 0.04595], Train Rec Loss=[0.03407], Eval Rec Loss=[0.03412], c=[0.50000], F=[0.59732, 0.73063, 0.79542, 0.92555], F_fuse=[0.01399, 0.00927, 0.00721, 0.00468]
[ INFO : 2026-08-18 01:54:19,802 ] - Epoch 17: train==[73.18192 = 1.56604 + 0.59670 + 12.68375 + 0.01027 + 0.00000 + 5.40750 + 884.94450]
[ INFO : 2026-08-18 01:54:25,705 ] - Test_@[5, 10, 20, 50]: Recall=[0.03589, 0.04763, 0.07325, 0.11843],  precision=[0.00718, 0.00476, 0.00366, 0.00237], hit=[0.03589, 0.04763, 0.07325, 0.11843], ndcg=[0.02759, 0.03135, 0.03785, 0.04674], Train Rec Loss=[0.03403], Eval Rec Loss=[0.03405], c=[0.50000], F=[0.59240, 0.72980, 0.79215, 0.92483], F_fuse=[0.01418, 0.00947, 0.00729, 0.00473]
[ INFO : 2026-08-18 01:55:20,344 ] - Epoch 18: train==[72.34467 = 1.55511 + 0.59670 + 12.32669 + 0.01090 + 0.00000 + 4.93761 + 884.94450]
[ INFO : 2026-08-18 01:55:25,992 ] - Test_@[5, 10, 20, 50]: Recall=[0.03540, 0.04812, 0.07259, 0.11860],  precision=[0.00708, 0.00481, 0.00363, 0.00237], hit=[0.03540, 0.04812, 0.07259, 0.11860], ndcg=[0.02699, 0.03103, 0.03720, 0.04626], Train Rec Loss=[0.03405], Eval Rec Loss=[0.03413], c=[0.50000], F=[0.60355, 0.73566, 0.79404, 0.92239], F_fuse=[0.01400, 0.00956, 0.00723, 0.00473]
[ INFO : 2026-08-18 01:56:20,457 ] - Epoch 19: train==[71.67836 = 1.54494 + 0.59670 + 12.07957 + 0.01159 + 0.00000 + 4.52790 + 884.94450]
[ INFO : 2026-08-18 01:56:26,118 ] - Test_@[5, 10, 20, 50]: Recall=[0.03540, 0.04845, 0.07292, 0.11990],  precision=[0.00708, 0.00485, 0.00365, 0.00240], hit=[0.03540, 0.04845, 0.07292, 0.11990], ndcg=[0.02699, 0.03113, 0.03730, 0.04653], Train Rec Loss=[0.03399], Eval Rec Loss=[0.03409], c=[0.50000], F=[0.60629, 0.73721, 0.79233, 0.92123], F_fuse=[0.01400, 0.00963, 0.00726, 0.00478]
[ INFO : 2026-08-18 01:57:20,763 ] - Epoch 20: train==[71.02528 = 1.53018 + 0.59671 + 11.79819 + 0.01203 + 0.00000 + 4.17051 + 884.94450]
[ INFO : 2026-08-18 01:57:26,876 ] - Test_@[5, 10, 20, 50]: Recall=[0.03507, 0.04812, 0.07292, 0.12088],  precision=[0.00701, 0.00481, 0.00365, 0.00242], hit=[0.03507, 0.04812, 0.07292, 0.12088], ndcg=[0.02702, 0.03118, 0.03747, 0.04689], Train Rec Loss=[0.03399], Eval Rec Loss=[0.03408], c=[0.50000], F=[0.60619, 0.73848, 0.79102, 0.92071], F_fuse=[0.01387, 0.00956, 0.00726, 0.00482]
[ INFO : 2026-08-18 01:58:21,246 ] - Epoch 21: train==[70.34817 = 1.52512 + 0.59670 + 11.43735 + 0.01238 + 0.00000 + 3.85896 + 884.94450]
[ INFO : 2026-08-18 01:58:27,181 ] - Test_@[5, 10, 20, 50]: Recall=[0.03589, 0.04943, 0.07325, 0.12316],  precision=[0.00718, 0.00494, 0.00366, 0.00246], hit=[0.03589, 0.04943, 0.07325, 0.12316], ndcg=[0.02798, 0.03230, 0.03835, 0.04817], Train Rec Loss=[0.03402], Eval Rec Loss=[0.03405], c=[0.50000], F=[0.59803, 0.73438, 0.78799, 0.92007], F_fuse=[0.01419, 0.00982, 0.00729, 0.00491]
[ INFO : 2026-08-18 01:59:23,121 ] - Epoch 22: train==[69.98033 = 1.51169 + 0.59671 + 11.35753 + 0.01277 + 0.00000 + 3.58398 + 884.94450]
[ INFO : 2026-08-18 01:59:28,859 ] - Test_@[5, 10, 20, 50]: Recall=[0.03573, 0.04959, 0.07374, 0.12382],  precision=[0.00715, 0.00496, 0.00369, 0.00248], hit=[0.03573, 0.04959, 0.07374, 0.12382], ndcg=[0.02788, 0.03230, 0.03840, 0.04822], Train Rec Loss=[0.03395], Eval Rec Loss=[0.03404], c=[0.50000], F=[0.60064, 0.73577, 0.78781, 0.91929], F_fuse=[0.01412, 0.00985, 0.00734, 0.00494]
[ INFO : 2026-08-18 02:00:24,413 ] - Epoch 23: train==[69.36243 = 1.49724 + 0.59670 + 10.99821 + 0.01306 + 0.00000 + 3.33956 + 884.94450]
[ INFO : 2026-08-18 02:00:30,213 ] - Test_@[5, 10, 20, 50]: Recall=[0.03573, 0.05008, 0.07308, 0.12463],  precision=[0.00715, 0.00501, 0.00365, 0.00249], hit=[0.03573, 0.05008, 0.07308, 0.12463], ndcg=[0.02794, 0.03252, 0.03835, 0.04845], Train Rec Loss=[0.03400], Eval Rec Loss=[0.03404], c=[0.50000], F=[0.60086, 0.73543, 0.78888, 0.91876], F_fuse=[0.01412, 0.00995, 0.00727, 0.00497]
[ INFO : 2026-08-18 02:01:24,655 ] - Epoch 24: train==[68.99764 = 1.48980 + 0.59670 + 10.86290 + 0.01325 + 0.00000 + 3.11733 + 884.94450]
[ INFO : 2026-08-18 02:01:30,612 ] - Test_@[5, 10, 20, 50]: Recall=[0.03670, 0.05073, 0.07325, 0.12480],  precision=[0.00734, 0.00507, 0.00366, 0.00250], hit=[0.03670, 0.05073, 0.07325, 0.12480], ndcg=[0.02867, 0.03317, 0.03886, 0.04901], Train Rec Loss=[0.03391], Eval Rec Loss=[0.03400], c=[0.50000], F=[0.59396, 0.73190, 0.78371, 0.91796], F_fuse=[0.01450, 0.01008, 0.00729, 0.00498]
[ INFO : 2026-08-18 02:02:25,282 ] - Epoch 25: train==[68.63396 = 1.47520 + 0.59672 + 10.71406 + 0.01349 + 0.00000 + 2.91684 + 884.94450]
[ INFO : 2026-08-18 02:02:31,067 ] - Test_@[5, 10, 20, 50]: Recall=[0.03573, 0.04943, 0.07276, 0.12463],  precision=[0.00715, 0.00494, 0.00364, 0.00249], hit=[0.03573, 0.04943, 0.07276, 0.12463], ndcg=[0.02783, 0.03222, 0.03813, 0.04831], Train Rec Loss=[0.03392], Eval Rec Loss=[0.03399], c=[0.50000], F=[0.60378, 0.73612, 0.78603, 0.91900], F_fuse=[0.01412, 0.00982, 0.00724, 0.00497]
[ INFO : 2026-08-18 02:03:25,590 ] - Epoch 26: train==[68.21720 = 1.46914 + 0.59670 + 10.48081 + 0.01356 + 0.00000 + 2.73933 + 884.94450]
[ INFO : 2026-08-18 02:03:31,506 ] - Test_@[5, 10, 20, 50]: Recall=[0.03589, 0.04910, 0.07259, 0.12447],  precision=[0.00718, 0.00491, 0.00363, 0.00249], hit=[0.03589, 0.04910, 0.07259, 0.12447], ndcg=[0.02785, 0.03209, 0.03804, 0.04823], Train Rec Loss=[0.03392], Eval Rec Loss=[0.03401], c=[0.50000], F=[0.60449, 0.73588, 0.78469, 0.92052], F_fuse=[0.01419, 0.00976, 0.00723, 0.00497]
[ INFO : 2026-08-18 02:04:26,169 ] - Epoch 27: train==[67.91942 = 1.45649 + 0.59671 + 10.35917 + 0.01361 + 0.00000 + 2.57579 + 884.94450]
[ INFO : 2026-08-18 02:04:32,275 ] - Test_@[5, 10, 20, 50]: Recall=[0.03670, 0.05057, 0.07325, 0.12512],  precision=[0.00734, 0.00506, 0.00366, 0.00250], hit=[0.03670, 0.05057, 0.07325, 0.12512], ndcg=[0.02867, 0.03315, 0.03885, 0.04906], Train Rec Loss=[0.03391], Eval Rec Loss=[0.03395], c=[0.50000], F=[0.59465, 0.73084, 0.78178, 0.92016], F_fuse=[0.01450, 0.01004, 0.00729, 0.00499]
[ INFO : 2026-08-18 02:05:26,883 ] - Epoch 28: train==[67.59717 = 1.44930 + 0.59670 + 10.19319 + 0.01360 + 0.00000 + 2.42673 + 884.94450]
[ INFO : 2026-08-18 02:05:32,514 ] - Test_@[5, 10, 20, 50]: Recall=[0.03654, 0.05073, 0.07341, 0.12561],  precision=[0.00731, 0.00507, 0.00367, 0.00251], hit=[0.03654, 0.05073, 0.07341, 0.12561], ndcg=[0.02861, 0.03319, 0.03888, 0.04916], Train Rec Loss=[0.03391], Eval Rec Loss=[0.03395], c=[0.50000], F=[0.59271, 0.72916, 0.78163, 0.91854], F_fuse=[0.01444, 0.01008, 0.00731, 0.00501]
[ INFO : 2026-08-18 02:06:27,802 ] - Epoch 29: train==[67.34103 = 1.43478 + 0.59671 + 10.08978 + 0.01375 + 0.00000 + 2.28835 + 884.94450]
[ INFO : 2026-08-18 02:06:34,076 ] - Test_@[5, 10, 20, 50]: Recall=[0.03638, 0.05090, 0.07341, 0.12512],  precision=[0.00728, 0.00509, 0.00367, 0.00250], hit=[0.03638, 0.05090, 0.07341, 0.12512], ndcg=[0.02854, 0.03323, 0.03886, 0.04904], Train Rec Loss=[0.03390], Eval Rec Loss=[0.03392], c=[0.50000], F=[0.59347, 0.72887, 0.78180, 0.91727], F_fuse=[0.01438, 0.01011, 0.00731, 0.00499]
[ INFO : 2026-08-18 02:07:29,314 ] - Epoch 30: train==[67.15062 = 1.42592 + 0.59671 + 10.03154 + 0.01377 + 0.00000 + 2.16503 + 884.94450]
[ INFO : 2026-08-18 02:07:34,993 ] - Test_@[5, 10, 20, 50]: Recall=[0.03719, 0.05220, 0.07439, 0.12577],  precision=[0.00744, 0.00522, 0.00372, 0.00252], hit=[0.03719, 0.05220, 0.07439, 0.12577], ndcg=[0.02933, 0.03413, 0.03965, 0.04979], Train Rec Loss=[0.03386], Eval Rec Loss=[0.03392], c=[0.50000], F=[0.58541, 0.72330, 0.77861, 0.91667], F_fuse=[0.01469, 0.01037, 0.00740, 0.00502]
[ INFO : 2026-08-18 02:08:30,518 ] - Epoch 31: train==[66.71167 = 1.41814 + 0.59670 + 9.71661 + 0.01372 + 0.00000 + 2.04884 + 884.94450]
[ INFO : 2026-08-18 02:08:37,061 ] - Test_@[5, 10, 20, 50]: Recall=[0.03736, 0.05204, 0.07455, 0.12659],  precision=[0.00747, 0.00520, 0.00373, 0.00253], hit=[0.03736, 0.05204, 0.07455, 0.12659], ndcg=[0.02946, 0.03415, 0.03978, 0.05004], Train Rec Loss=[0.03386], Eval Rec Loss=[0.03393], c=[0.50000], F=[0.58414, 0.72280, 0.77881, 0.91665], F_fuse=[0.01475, 0.01033, 0.00742, 0.00505]
[ INFO : 2026-08-18 02:09:32,076 ] - Epoch 32: train==[66.45232 = 1.40520 + 0.59671 + 9.56801 + 0.01383 + 0.00000 + 1.95091 + 884.94450]
[ INFO : 2026-08-18 02:09:37,775 ] - Test_@[5, 10, 20, 50]: Recall=[0.03703, 0.05090, 0.07423, 0.12561],  precision=[0.00741, 0.00509, 0.00371, 0.00251], hit=[0.03703, 0.05090, 0.07423, 0.12561], ndcg=[0.02910, 0.03357, 0.03939, 0.04952], Train Rec Loss=[0.03386], Eval Rec Loss=[0.03389], c=[0.50000], F=[0.58843, 0.72396, 0.78131, 0.91541], F_fuse=[0.01463, 0.01011, 0.00739, 0.00501]
[ INFO : 2026-08-18 02:10:32,285 ] - Epoch 33: train==[66.22252 = 1.39737 + 0.59670 + 9.44540 + 0.01383 + 0.00000 + 1.85156 + 884.94450]
[ INFO : 2026-08-18 02:10:37,882 ] - Test_@[5, 10, 20, 50]: Recall=[0.03703, 0.05122, 0.07439, 0.12594],  precision=[0.00741, 0.00512, 0.00372, 0.00252], hit=[0.03703, 0.05122, 0.07439, 0.12594], ndcg=[0.02905, 0.03361, 0.03938, 0.04951], Train Rec Loss=[0.03381], Eval Rec Loss=[0.03389], c=[0.50000], F=[0.58845, 0.72214, 0.78100, 0.91487], F_fuse=[0.01463, 0.01017, 0.00740, 0.00502]
[ INFO : 2026-08-18 02:11:31,915 ] - Epoch 34: train==[66.06234 = 1.39028 + 0.59670 + 9.38216 + 0.01376 + 0.00000 + 1.76178 + 884.94450]
[ INFO : 2026-08-18 02:11:37,528 ] - Test_@[5, 10, 20, 50]: Recall=[0.03768, 0.05220, 0.07406, 0.12741],  precision=[0.00754, 0.00522, 0.00370, 0.00255], hit=[0.03768, 0.05220, 0.07406, 0.12741], ndcg=[0.02964, 0.03426, 0.03971, 0.05022], Train Rec Loss=[0.03381], Eval Rec Loss=[0.03391], c=[0.50000], F=[0.58354, 0.71813, 0.77892, 0.91467], F_fuse=[0.01488, 0.01037, 0.00737, 0.00508]
[ INFO : 2026-08-18 02:12:32,528 ] - Epoch 35: train==[65.82921 = 1.38024 + 0.59670 + 9.24611 + 0.01374 + 0.00000 + 1.67476 + 884.94450]
[ INFO : 2026-08-18 02:12:38,562 ] - Test_@[5, 10, 20, 50]: Recall=[0.03752, 0.05204, 0.07406, 0.12741],  precision=[0.00750, 0.00520, 0.00370, 0.00255], hit=[0.03752, 0.05204, 0.07406, 0.12741], ndcg=[0.02960, 0.03422, 0.03972, 0.05023], Train Rec Loss=[0.03376], Eval Rec Loss=[0.03385], c=[0.50000], F=[0.58502, 0.71878, 0.78062, 0.91407], F_fuse=[0.01482, 0.01033, 0.00737, 0.00508]
[ INFO : 2026-08-18 02:13:32,455 ] - Epoch 36: train==[65.63863 = 1.36615 + 0.59670 + 9.14575 + 0.01373 + 0.00000 + 1.59863 + 884.94450]
[ INFO : 2026-08-18 02:13:38,122 ] - Test_@[5, 10, 20, 50]: Recall=[0.03752, 0.05171, 0.07406, 0.12708],  precision=[0.00750, 0.00517, 0.00370, 0.00254], hit=[0.03752, 0.05171, 0.07406, 0.12708], ndcg=[0.02966, 0.03418, 0.03976, 0.05018], Train Rec Loss=[0.03379], Eval Rec Loss=[0.03383], c=[0.50000], F=[0.58749, 0.71858, 0.78121, 0.91350], F_fuse=[0.01482, 0.01027, 0.00737, 0.00507]
[ INFO : 2026-08-18 02:14:34,067 ] - Epoch 37: train==[65.35940 = 1.35613 + 0.59672 + 8.94464 + 0.01385 + 0.00000 + 1.53041 + 884.94450]
[ INFO : 2026-08-18 02:14:40,053 ] - Test_@[5, 10, 20, 50]: Recall=[0.03736, 0.05253, 0.07488, 0.12741],  precision=[0.00747, 0.00525, 0.00374, 0.00255], hit=[0.03736, 0.05253, 0.07488, 0.12741], ndcg=[0.02967, 0.03450, 0.04007, 0.05039], Train Rec Loss=[0.03373], Eval Rec Loss=[0.03386], c=[0.50000], F=[0.58354, 0.71531, 0.78007, 0.91346], F_fuse=[0.01475, 0.01043, 0.00745, 0.00508]
[ INFO : 2026-08-18 02:15:35,558 ] - Epoch 38: train==[65.28084 = 1.34651 + 0.59671 + 8.94767 + 0.01388 + 0.00000 + 1.45842 + 884.94450]
[ INFO : 2026-08-18 02:15:41,451 ] - Test_@[5, 10, 20, 50]: Recall=[0.03703, 0.05024, 0.07406, 0.12577],  precision=[0.00741, 0.00502, 0.00370, 0.00252], hit=[0.03703, 0.05024, 0.07406, 0.12577], ndcg=[0.02889, 0.03313, 0.03908, 0.04924], Train Rec Loss=[0.03373], Eval Rec Loss=[0.03380], c=[0.50000], F=[0.58889, 0.71791, 0.78236, 0.91272], F_fuse=[0.01463, 0.00998, 0.00737, 0.00502]
[ INFO : 2026-08-18 02:16:35,569 ] - Epoch 39: train==[64.93533 = 1.34304 + 0.59672 + 8.66299 + 0.01370 + 0.00000 + 1.40123 + 884.94450]
[ INFO : 2026-08-18 02:16:41,566 ] - Test_@[5, 10, 20, 50]: Recall=[0.03785, 0.05188, 0.07488, 0.12773],  precision=[0.00757, 0.00519, 0.00374, 0.00255], hit=[0.03785, 0.05188, 0.07488, 0.12773], ndcg=[0.02973, 0.03418, 0.03992, 0.05030], Train Rec Loss=[0.03373], Eval Rec Loss=[0.03383], c=[0.50000], F=[0.58166, 0.71443, 0.78069, 0.91228], F_fuse=[0.01494, 0.01030, 0.00745, 0.00510]
[ INFO : 2026-08-18 02:17:35,634 ] - Epoch 40: train==[64.84655 = 1.33050 + 0.59671 + 8.65154 + 0.01381 + 0.00000 + 1.33633 + 884.94450]
[ INFO : 2026-08-18 02:17:41,347 ] - Test_@[5, 10, 20, 50]: Recall=[0.03768, 0.05220, 0.07553, 0.12806],  precision=[0.00754, 0.00522, 0.00378, 0.00256], hit=[0.03768, 0.05220, 0.07553, 0.12806], ndcg=[0.02978, 0.03440, 0.04023, 0.05053], Train Rec Loss=[0.03373], Eval Rec Loss=[0.03381], c=[0.50000], F=[0.57793, 0.71087, 0.77962, 0.91218], F_fuse=[0.01488, 0.01036, 0.00752, 0.00511]
[ INFO : 2026-08-18 02:18:35,977 ] - Epoch 41: train==[64.70150 = 1.32011 + 0.59671 + 8.57546 + 0.01382 + 0.00000 + 1.27774 + 884.94450]
[ INFO : 2026-08-18 02:18:41,600 ] - Test_@[5, 10, 20, 50]: Recall=[0.03752, 0.05204, 0.07569, 0.12806],  precision=[0.00750, 0.00520, 0.00378, 0.00256], hit=[0.03752, 0.05204, 0.07569, 0.12806], ndcg=[0.02989, 0.03451, 0.04043, 0.05069], Train Rec Loss=[0.03371], Eval Rec Loss=[0.03378], c=[0.50000], F=[0.57775, 0.70965, 0.77964, 0.91223], F_fuse=[0.01482, 0.01033, 0.00753, 0.00511]
[ INFO : 2026-08-18 02:19:37,107 ] - Epoch 42: train==[64.53850 = 1.31009 + 0.59671 + 8.47118 + 0.01370 + 0.00000 + 1.22917 + 884.94450]
[ INFO : 2026-08-18 02:19:42,716 ] - Test_@[5, 10, 20, 50]: Recall=[0.03752, 0.05171, 0.07471, 0.12790],  precision=[0.00750, 0.00517, 0.00374, 0.00256], hit=[0.03752, 0.05171, 0.07471, 0.12790], ndcg=[0.02972, 0.03424, 0.03998, 0.05043], Train Rec Loss=[0.03371], Eval Rec Loss=[0.03380], c=[0.50000], F=[0.58114, 0.71180, 0.78062, 0.91235], F_fuse=[0.01482, 0.01027, 0.00744, 0.00510]
[ INFO : 2026-08-18 02:20:36,904 ] - Epoch 43: train==[64.34025 = 1.30411 + 0.59670 + 8.33351 + 0.01360 + 0.00000 + 1.17466 + 884.94450]
[ INFO : 2026-08-18 02:20:42,508 ] - Test_@[5, 10, 20, 50]: Recall=[0.03768, 0.05171, 0.07537, 0.12855],  precision=[0.00754, 0.00517, 0.00377, 0.00257], hit=[0.03768, 0.05171, 0.07537, 0.12855], ndcg=[0.02985, 0.03432, 0.04024, 0.05069], Train Rec Loss=[0.03370], Eval Rec Loss=[0.03378], c=[0.50000], F=[0.57668, 0.70826, 0.77910, 0.91263], F_fuse=[0.01488, 0.01027, 0.00750, 0.00513]
[ INFO : 2026-08-18 02:21:36,947 ] - Epoch 44: train==[64.24450 = 1.29601 + 0.59671 + 8.28748 + 0.01363 + 0.00000 + 1.13302 + 884.94450]
[ INFO : 2026-08-18 02:21:42,817 ] - Test_@[5, 10, 20, 50]: Recall=[0.03736, 0.05057, 0.07423, 0.12675],  precision=[0.00747, 0.00506, 0.00371, 0.00254], hit=[0.03736, 0.05057, 0.07423, 0.12675], ndcg=[0.02909, 0.03329, 0.03918, 0.04950], Train Rec Loss=[0.03370], Eval Rec Loss=[0.03375], c=[0.50000], F=[0.58719, 0.71434, 0.78288, 0.91270], F_fuse=[0.01476, 0.01004, 0.00739, 0.00506]
[ INFO : 2026-08-18 02:22:36,906 ] - Epoch 45: train==[64.09348 = 1.28811 + 0.59671 + 8.18853 + 0.01357 + 0.00000 + 1.08890 + 884.94450]
[ INFO : 2026-08-18 02:22:42,508 ] - Test_@[5, 10, 20, 50]: Recall=[0.03801, 0.05188, 0.07569, 0.12790],  precision=[0.00760, 0.00519, 0.00378, 0.00256], hit=[0.03801, 0.05188, 0.07569, 0.12790], ndcg=[0.02999, 0.03439, 0.04034, 0.05058], Train Rec Loss=[0.03369], Eval Rec Loss=[0.03379], c=[0.50000], F=[0.57697, 0.70998, 0.78034, 0.91225], F_fuse=[0.01501, 0.01030, 0.00753, 0.00510]
[ INFO : 2026-08-18 02:23:37,028 ] - Epoch 46: train==[63.98102 = 1.28292 + 0.59671 + 8.12505 + 0.01340 + 0.00000 + 1.04528 + 884.94450]
[ INFO : 2026-08-18 02:23:42,656 ] - Test_@[5, 10, 20, 50]: Recall=[0.03785, 0.05237, 0.07586, 0.12855],  precision=[0.00757, 0.00524, 0.00379, 0.00257], hit=[0.03785, 0.05237, 0.07586, 0.12855], ndcg=[0.02971, 0.03428, 0.04014, 0.05046], Train Rec Loss=[0.03366], Eval Rec Loss=[0.03374], c=[0.50000], F=[0.57307, 0.70809, 0.78207, 0.91242], F_fuse=[0.01494, 0.01040, 0.00755, 0.00513]
[ INFO : 2026-08-18 02:24:37,650 ] - Epoch 47: train==[63.77017 = 1.27077 + 0.59672 + 7.96374 + 0.01330 + 0.00000 + 1.00799 + 884.94450]
[ INFO : 2026-08-18 02:24:43,279 ] - Test_@[5, 10, 20, 50]: Recall=[0.03801, 0.05220, 0.07569, 0.12741],  precision=[0.00760, 0.00522, 0.00378, 0.00255], hit=[0.03801, 0.05220, 0.07569, 0.12741], ndcg=[0.02968, 0.03416, 0.04004, 0.05020], Train Rec Loss=[0.03366], Eval Rec Loss=[0.03375], c=[0.50000], F=[0.57238, 0.70829, 0.78489, 0.91304], F_fuse=[0.01500, 0.01036, 0.00753, 0.00508]
[ INFO : 2026-08-18 02:25:37,888 ] - Epoch 48: train==[63.77952 = 1.26433 + 0.59671 + 8.02273 + 0.01327 + 0.00000 + 0.96483 + 884.94450]
[ INFO : 2026-08-18 02:25:43,486 ] - Test_@[5, 10, 20, 50]: Recall=[0.03785, 0.05139, 0.07520, 0.12692],  precision=[0.00757, 0.00514, 0.00376, 0.00254], hit=[0.03785, 0.05139, 0.07520, 0.12692], ndcg=[0.02988, 0.03416, 0.04011, 0.05027], Train Rec Loss=[0.03368], Eval Rec Loss=[0.03374], c=[0.50000], F=[0.57667, 0.71058, 0.78529, 0.91234], F_fuse=[0.01494, 0.01020, 0.00748, 0.00506]
[ INFO : 2026-08-18 02:26:37,178 ] - Epoch 49: train==[63.72051 = 1.25385 + 0.59672 + 8.00928 + 0.01305 + 0.00000 + 0.92996 + 884.94450]
[ INFO : 2026-08-18 02:26:42,868 ] - Test_@[5, 10, 20, 50]: Recall=[0.03785, 0.05155, 0.07520, 0.12692],  precision=[0.00757, 0.00515, 0.00376, 0.00254], hit=[0.03785, 0.05155, 0.07520, 0.12692], ndcg=[0.02954, 0.03388, 0.03980, 0.04998], Train Rec Loss=[0.03363], Eval Rec Loss=[0.03370], c=[0.50000], F=[0.57550, 0.71001, 0.78774, 0.91334], F_fuse=[0.01494, 0.01024, 0.00748, 0.00506]
[ INFO : 2026-08-18 02:27:37,460 ] - Epoch 50: train==[63.52648 = 1.24593 + 0.59671 + 7.85484 + 0.01286 + 0.00000 + 0.89849 + 884.94450]
[ INFO : 2026-08-18 02:27:43,147 ] - Test_@[5, 10, 20, 50]: Recall=[0.03817, 0.05139, 0.07553, 0.12692],  precision=[0.00763, 0.00514, 0.00378, 0.00254], hit=[0.03817, 0.05139, 0.07553, 0.12692], ndcg=[0.02956, 0.03373, 0.03977, 0.04986], Train Rec Loss=[0.03361], Eval Rec Loss=[0.03371], c=[0.50000], F=[0.57611, 0.71098, 0.78754, 0.91288], F_fuse=[0.01507, 0.01020, 0.00752, 0.00506]
[ INFO : 2026-08-18 02:28:38,693 ] - Epoch 51: train==[63.41593 = 1.23499 + 0.59672 + 7.79094 + 0.01279 + 0.00000 + 0.86284 + 884.94450]
[ INFO : 2026-08-18 02:28:45,107 ] - Test_@[5, 10, 20, 50]: Recall=[0.03752, 0.05106, 0.07390, 0.12675],  precision=[0.00750, 0.00511, 0.00369, 0.00254], hit=[0.03752, 0.05106, 0.07390, 0.12675], ndcg=[0.02851, 0.03280, 0.03850, 0.04890], Train Rec Loss=[0.03362], Eval Rec Loss=[0.03369], c=[0.50000], F=[0.58325, 0.71622, 0.79248, 0.91223], F_fuse=[0.01482, 0.01014, 0.00736, 0.00506]
[ INFO : 2026-08-18 02:29:39,563 ] - Epoch 52: train==[63.19950 = 1.22905 + 0.59671 + 7.60732 + 0.01276 + 0.00000 + 0.83601 + 884.94450]
[ INFO : 2026-08-18 02:29:46,724 ] - Test_@[5, 10, 20, 50]: Recall=[0.03817, 0.05237, 0.07635, 0.12757],  precision=[0.00763, 0.00524, 0.00382, 0.00255], hit=[0.03817, 0.05237, 0.07635, 0.12757], ndcg=[0.02951, 0.03399, 0.03997, 0.05003], Train Rec Loss=[0.03361], Eval Rec Loss=[0.03369], c=[0.50000], F=[0.57509, 0.71137, 0.79029, 0.91324], F_fuse=[0.01507, 0.01040, 0.00760, 0.00509]
[ INFO : 2026-08-18 02:30:41,507 ] - Epoch 53: train==[63.25412 = 1.22133 + 0.59672 + 7.70446 + 0.01267 + 0.00000 + 0.80129 + 884.94450]
[ INFO : 2026-08-18 02:30:47,253 ] - Test_@[5, 10, 20, 50]: Recall=[0.03785, 0.05285, 0.07602, 0.12757],  precision=[0.00757, 0.00529, 0.00380, 0.00255], hit=[0.03785, 0.05285, 0.07602, 0.12757], ndcg=[0.02958, 0.03434, 0.04011, 0.05025], Train Rec Loss=[0.03360], Eval Rec Loss=[0.03365], c=[0.50000], F=[0.57162, 0.70713, 0.79114, 0.91301], F_fuse=[0.01494, 0.01049, 0.00757, 0.00509]
[ INFO : 2026-08-18 02:31:41,643 ] - Epoch 54: train==[63.11131 = 1.21724 + 0.59671 + 7.59107 + 0.01257 + 0.00000 + 0.77607 + 884.94450]
[ INFO : 2026-08-18 02:31:47,634 ] - Test_@[5, 10, 20, 50]: Recall=[0.03801, 0.05171, 0.07537, 0.12773],  precision=[0.00760, 0.00517, 0.00377, 0.00255], hit=[0.03801, 0.05171, 0.07537, 0.12773], ndcg=[0.02944, 0.03378, 0.03971, 0.05001], Train Rec Loss=[0.03361], Eval Rec Loss=[0.03368], c=[0.50000], F=[0.57405, 0.71100, 0.79488, 0.91279], F_fuse=[0.01501, 0.01027, 0.00750, 0.00510]
[ INFO : 2026-08-18 02:32:42,882 ] - Epoch 55: train==[62.92301 = 1.20499 + 0.59671 + 7.43995 + 0.01249 + 0.00000 + 0.75122 + 884.94450]
[ INFO : 2026-08-18 02:32:49,595 ] - Test_@[5, 10, 20, 50]: Recall=[0.03801, 0.05188, 0.07537, 0.12871],  precision=[0.00760, 0.00519, 0.00377, 0.00257], hit=[0.03801, 0.05188, 0.07537, 0.12871], ndcg=[0.02956, 0.03397, 0.03987, 0.05035], Train Rec Loss=[0.03361], Eval Rec Loss=[0.03367], c=[0.50000], F=[0.57154, 0.70871, 0.79739, 0.91203], F_fuse=[0.01500, 0.01030, 0.00750, 0.00513]
[ INFO : 2026-08-18 02:33:44,109 ] - Epoch 56: train==[62.85288 = 1.19766 + 0.59671 + 7.40183 + 0.01236 + 0.00000 + 0.72665 + 884.94450]
[ INFO : 2026-08-18 02:33:49,807 ] - Test_@[5, 10, 20, 50]: Recall=[0.03785, 0.05073, 0.07537, 0.12838],  precision=[0.00757, 0.00507, 0.00377, 0.00257], hit=[0.03785, 0.05073, 0.07537, 0.12838], ndcg=[0.02933, 0.03344, 0.03962, 0.05004], Train Rec Loss=[0.03357], Eval Rec Loss=[0.03362], c=[0.50000], F=[0.57228, 0.70910, 0.79783, 0.91178], F_fuse=[0.01494, 0.01007, 0.00750, 0.00512]
[ INFO : 2026-08-18 02:34:43,782 ] - Epoch 57: train==[62.83013 = 1.19116 + 0.59672 + 7.41145 + 0.01231 + 0.00000 + 0.70083 + 884.94450]
[ INFO : 2026-08-18 02:34:49,445 ] - Test_@[5, 10, 20, 50]: Recall=[0.03801, 0.05122, 0.07520, 0.12822],  precision=[0.00760, 0.00512, 0.00376, 0.00256], hit=[0.03801, 0.05122, 0.07520, 0.12822], ndcg=[0.02933, 0.03353, 0.03955, 0.04998], Train Rec Loss=[0.03359], Eval Rec Loss=[0.03369], c=[0.50000], F=[0.57254, 0.70921, 0.79815, 0.91121], F_fuse=[0.01500, 0.01017, 0.00749, 0.00511]
[ INFO : 2026-08-18 02:35:45,309 ] - Epoch 58: train==[62.79063 = 1.18570 + 0.59671 + 7.40184 + 0.01212 + 0.00000 + 0.67660 + 884.94450]
[ INFO : 2026-08-18 02:35:51,482 ] - Test_@[5, 10, 20, 50]: Recall=[0.03785, 0.05090, 0.07553, 0.12855],  precision=[0.00757, 0.00509, 0.00378, 0.00257], hit=[0.03785, 0.05090, 0.07553, 0.12855], ndcg=[0.02883, 0.03298, 0.03917, 0.04959], Train Rec Loss=[0.03356], Eval Rec Loss=[0.03365], c=[0.50000], F=[0.57196, 0.70912, 0.79978, 0.91164], F_fuse=[0.01494, 0.01011, 0.00752, 0.00513]
[ INFO : 2026-08-18 02:36:45,625 ] - Epoch 59: train==[62.60616 = 1.17675 + 0.59673 + 7.24693 + 0.01191 + 0.00000 + 0.65618 + 884.94450]
[ INFO : 2026-08-18 02:36:51,733 ] - Test_@[5, 10, 20, 50]: Recall=[0.03801, 0.05220, 0.07618, 0.12920],  precision=[0.00760, 0.00522, 0.00381, 0.00258], hit=[0.03801, 0.05220, 0.07618, 0.12920], ndcg=[0.02911, 0.03360, 0.03960, 0.05001], Train Rec Loss=[0.03356], Eval Rec Loss=[0.03362], c=[0.50000], F=[0.56798, 0.70706, 0.80269, 0.91214], F_fuse=[0.01500, 0.01036, 0.00758, 0.00515]
[ INFO : 2026-08-18 02:37:45,567 ] - Epoch 60: train==[62.46575 = 1.17115 + 0.59672 + 7.13107 + 0.01183 + 0.00000 + 0.63734 + 884.94450]
[ INFO : 2026-08-18 02:37:51,270 ] - Test_@[5, 10, 20, 50]: Recall=[0.03736, 0.05057, 0.07553, 0.12838],  precision=[0.00747, 0.00506, 0.00378, 0.00257], hit=[0.03736, 0.05057, 0.07553, 0.12838], ndcg=[0.02872, 0.03295, 0.03923, 0.04963], Train Rec Loss=[0.03355], Eval Rec Loss=[0.03361], c=[0.50000], F=[0.57445, 0.71370, 0.80476, 0.91217], F_fuse=[0.01475, 0.01004, 0.00752, 0.00512]
[ INFO : 2026-08-18 02:38:46,085 ] - Epoch 61: train==[62.43462 = 1.16533 + 0.59671 + 7.12876 + 0.01176 + 0.00000 + 0.61440 + 884.94450]
[ INFO : 2026-08-18 02:38:51,858 ] - Test_@[5, 10, 20, 50]: Recall=[0.03703, 0.04992, 0.07553, 0.12822],  precision=[0.00741, 0.00499, 0.00378, 0.00256], hit=[0.03703, 0.04992, 0.07553, 0.12822], ndcg=[0.02806, 0.03222, 0.03866, 0.04901], Train Rec Loss=[0.03356], Eval Rec Loss=[0.03359], c=[0.50000], F=[0.57825, 0.71653, 0.80586, 0.91191], F_fuse=[0.01463, 0.00991, 0.00752, 0.00511]
[ INFO : 2026-08-18 02:39:46,905 ] - Epoch 62: train==[62.22247 = 1.15833 + 0.59672 + 6.93995 + 0.01181 + 0.00000 + 0.59802 + 884.94450]
[ INFO : 2026-08-18 02:39:52,605 ] - Test_@[5, 10, 20, 50]: Recall=[0.03768, 0.05139, 0.07635, 0.12969],  precision=[0.00754, 0.00514, 0.00382, 0.00259], hit=[0.03768, 0.05139, 0.07635, 0.12969], ndcg=[0.02858, 0.03296, 0.03921, 0.04966], Train Rec Loss=[0.03354], Eval Rec Loss=[0.03361], c=[0.50000], F=[0.57153, 0.71396, 0.80566, 0.91149], F_fuse=[0.01488, 0.01020, 0.00760, 0.00517]
[ INFO : 2026-08-18 02:40:47,041 ] - Epoch 63: train==[62.20104 = 1.14752 + 0.59672 + 6.94814 + 0.01175 + 0.00000 + 0.57926 + 884.94450]
[ INFO : 2026-08-18 02:40:52,758 ] - Test_@[5, 10, 20, 50]: Recall=[0.03801, 0.05302, 0.07716, 0.12904],  precision=[0.00760, 0.00530, 0.00386, 0.00258], hit=[0.03801, 0.05302, 0.07716, 0.12904], ndcg=[0.02842, 0.03316, 0.03917, 0.04936], Train Rec Loss=[0.03352], Eval Rec Loss=[0.03359], c=[0.50000], F=[0.56721, 0.71164, 0.80746, 0.91233], F_fuse=[0.01500, 0.01053, 0.00768, 0.00515]
[ INFO : 2026-08-18 02:41:47,551 ] - Epoch 64: train==[62.17642 = 1.13987 + 0.59672 + 6.95153 + 0.01169 + 0.00000 + 0.55895 + 884.94450]
[ INFO : 2026-08-18 02:41:53,244 ] - Test_@[5, 10, 20, 50]: Recall=[0.03801, 0.05269, 0.07667, 0.12936],  precision=[0.00760, 0.00527, 0.00383, 0.00259], hit=[0.03801, 0.05269, 0.07667, 0.12936], ndcg=[0.02837, 0.03301, 0.03898, 0.04933], Train Rec Loss=[0.03349], Eval Rec Loss=[0.03359], c=[0.50000], F=[0.56663, 0.71100, 0.80783, 0.91310], F_fuse=[0.01500, 0.01046, 0.00763, 0.00516]
[ INFO : 2026-08-18 02:42:47,202 ] - Epoch 65: train==[62.13193 = 1.13747 + 0.59672 + 6.92671 + 0.01163 + 0.00000 + 0.54175 + 884.94450]
[ INFO : 2026-08-18 02:42:52,874 ] - Test_@[5, 10, 20, 50]: Recall=[0.03785, 0.05220, 0.07667, 0.12806],  precision=[0.00757, 0.00522, 0.00383, 0.00256], hit=[0.03785, 0.05220, 0.07667, 0.12806], ndcg=[0.02806, 0.03259, 0.03869, 0.04880], Train Rec Loss=[0.03351], Eval Rec Loss=[0.03356], c=[0.50000], F=[0.57112, 0.71613, 0.81117, 0.91431], F_fuse=[0.01494, 0.01036, 0.00763, 0.00511]
[ INFO : 2026-08-18 02:43:46,341 ] - Epoch 66: train==[62.01800 = 1.12850 + 0.59672 + 6.83928 + 0.01162 + 0.00000 + 0.52422 + 884.94450]
[ INFO : 2026-08-18 02:43:52,099 ] - Test_@[5, 10, 20, 50]: Recall=[0.03785, 0.05253, 0.07667, 0.12790],  precision=[0.00757, 0.00525, 0.00383, 0.00256], hit=[0.03785, 0.05253, 0.07667, 0.12790], ndcg=[0.02823, 0.03289, 0.03890, 0.04898], Train Rec Loss=[0.03350], Eval Rec Loss=[0.03356], c=[0.50000], F=[0.57079, 0.71631, 0.81286, 0.91420], F_fuse=[0.01494, 0.01043, 0.00763, 0.00510]
[ INFO : 2026-08-18 02:44:46,418 ] - Epoch 67: train==[61.75472 = 1.12147 + 0.59671 + 6.59328 + 0.01179 + 0.00000 + 0.51382 + 884.94450]
[ INFO : 2026-08-18 02:44:52,152 ] - Test_@[5, 10, 20, 50]: Recall=[0.03785, 0.05171, 0.07651, 0.12806],  precision=[0.00757, 0.00517, 0.00383, 0.00256], hit=[0.03785, 0.05171, 0.07651, 0.12806], ndcg=[0.02794, 0.03236, 0.03857, 0.04872], Train Rec Loss=[0.03348], Eval Rec Loss=[0.03355], c=[0.50000], F=[0.56898, 0.71446, 0.81392, 0.91407], F_fuse=[0.01494, 0.01027, 0.00762, 0.00511]
[ INFO : 2026-08-18 02:45:46,007 ] - Epoch 68: train==[61.69741 = 1.11360 + 0.59672 + 6.55721 + 0.01179 + 0.00000 + 0.50045 + 884.94450]
[ INFO : 2026-08-18 02:45:51,602 ] - Test_@[5, 10, 20, 50]: Recall=[0.03785, 0.05285, 0.07667, 0.12953],  precision=[0.00757, 0.00529, 0.00383, 0.00259], hit=[0.03785, 0.05285, 0.07667, 0.12953], ndcg=[0.02809, 0.03283, 0.03877, 0.04916], Train Rec Loss=[0.03349], Eval Rec Loss=[0.03356], c=[0.50000], F=[0.56606, 0.71175, 0.81401, 0.91382], F_fuse=[0.01494, 0.01049, 0.00763, 0.00517]
[ INFO : 2026-08-18 02:46:45,762 ] - Epoch 69: train==[61.68321 = 1.10754 + 0.59671 + 6.56681 + 0.01175 + 0.00000 + 0.48273 + 884.94450]
[ INFO : 2026-08-18 02:46:51,988 ] - Test_@[5, 10, 20, 50]: Recall=[0.03785, 0.05334, 0.07700, 0.12936],  precision=[0.00757, 0.00533, 0.00385, 0.00259], hit=[0.03785, 0.05334, 0.07700, 0.12936], ndcg=[0.02821, 0.03313, 0.03905, 0.04935], Train Rec Loss=[0.03347], Eval Rec Loss=[0.03353], c=[0.50000], F=[0.56334, 0.70995, 0.81537, 0.91347], F_fuse=[0.01494, 0.01059, 0.00766, 0.00516]
[ INFO : 2026-08-18 02:47:46,050 ] - Epoch 70: train==[61.59720 = 1.10219 + 0.59672 + 6.49947 + 0.01176 + 0.00000 + 0.46941 + 884.94450]
[ INFO : 2026-08-18 02:47:52,273 ] - Test_@[5, 10, 20, 50]: Recall=[0.03654, 0.05155, 0.07553, 0.12626],  precision=[0.00731, 0.00515, 0.00378, 0.00253], hit=[0.03654, 0.05155, 0.07553, 0.12626], ndcg=[0.02717, 0.03196, 0.03797, 0.04800], Train Rec Loss=[0.03348], Eval Rec Loss=[0.03353], c=[0.50000], F=[0.57314, 0.71886, 0.81889, 0.91456], F_fuse=[0.01443, 0.01024, 0.00752, 0.00504]
[ INFO : 2026-08-18 02:48:46,567 ] - Epoch 71: train==[61.54970 = 1.09539 + 0.59672 + 6.47422 + 0.01171 + 0.00000 + 0.45401 + 884.94450]
[ INFO : 2026-08-18 02:48:52,423 ] - Test_@[5, 10, 20, 50]: Recall=[0.03801, 0.05318, 0.07781, 0.12904],  precision=[0.00760, 0.00532, 0.00389, 0.00258], hit=[0.03801, 0.05318, 0.07781, 0.12904], ndcg=[0.02829, 0.03311, 0.03927, 0.04934], Train Rec Loss=[0.03346], Eval Rec Loss=[0.03352], c=[0.50000], F=[0.56379, 0.71032, 0.81785, 0.91428], F_fuse=[0.01500, 0.01056, 0.00774, 0.00515]
[ INFO : 2026-08-18 02:49:47,308 ] - Epoch 72: train==[61.53435 = 1.09364 + 0.59673 + 6.47138 + 0.01164 + 0.00000 + 0.44331 + 884.94450]
[ INFO : 2026-08-18 02:49:52,964 ] - Test_@[5, 10, 20, 50]: Recall=[0.03801, 0.05302, 0.07781, 0.12887],  precision=[0.00760, 0.00530, 0.00389, 0.00258], hit=[0.03801, 0.05302, 0.07781, 0.12887], ndcg=[0.02827, 0.03305, 0.03924, 0.04930], Train Rec Loss=[0.03346], Eval Rec Loss=[0.03351], c=[0.50000], F=[0.56168, 0.71083, 0.81939, 0.91477], F_fuse=[0.01500, 0.01053, 0.00774, 0.00514]
[ INFO : 2026-08-18 02:50:47,138 ] - Epoch 73: train==[61.34603 = 1.08340 + 0.59672 + 6.30636 + 0.01163 + 0.00000 + 0.43027 + 884.94450]
[ INFO : 2026-08-18 02:50:53,099 ] - Test_@[5, 10, 20, 50]: Recall=[0.03719, 0.05253, 0.07781, 0.12773],  precision=[0.00744, 0.00525, 0.00389, 0.00255], hit=[0.03719, 0.05253, 0.07781, 0.12773], ndcg=[0.02717, 0.03204, 0.03833, 0.04815], Train Rec Loss=[0.03344], Eval Rec Loss=[0.03352], c=[0.50000], F=[0.56821, 0.71926, 0.82370, 0.91509], F_fuse=[0.01469, 0.01043, 0.00774, 0.00510]
[ INFO : 2026-08-18 02:51:47,108 ] - Epoch 74: train==[61.38203 = 1.07746 + 0.59672 + 6.36292 + 0.01164 + 0.00000 + 0.41562 + 884.94450]
[ INFO : 2026-08-18 02:51:52,698 ] - Test_@[5, 10, 20, 50]: Recall=[0.03622, 0.05188, 0.07667, 0.12659],  precision=[0.00724, 0.00519, 0.00383, 0.00253], hit=[0.03622, 0.05188, 0.07667, 0.12659], ndcg=[0.02618, 0.03117, 0.03735, 0.04716], Train Rec Loss=[0.03342], Eval Rec Loss=[0.03348], c=[0.50000], F=[0.57968, 0.72529, 0.82916, 0.91700], F_fuse=[0.01431, 0.01030, 0.00763, 0.00505]
[ INFO : 2026-08-18 02:52:47,218 ] - Epoch 75: train==[61.24069 = 1.07322 + 0.59672 + 6.23508 + 0.01161 + 0.00000 + 0.40641 + 884.94450]
[ INFO : 2026-08-18 02:52:52,796 ] - Test_@[5, 10, 20, 50]: Recall=[0.03785, 0.05302, 0.07765, 0.13018],  precision=[0.00757, 0.00530, 0.00388, 0.00260], hit=[0.03785, 0.05302, 0.07765, 0.13018], ndcg=[0.02804, 0.03289, 0.03906, 0.04941], Train Rec Loss=[0.03342], Eval Rec Loss=[0.03346], c=[0.50000], F=[0.56148, 0.71089, 0.82505, 0.91558], F_fuse=[0.01494, 0.01053, 0.00773, 0.00519]
[ INFO : 2026-08-18 02:53:47,786 ] - Epoch 76: train==[61.11316 = 1.06881 + 0.59672 + 6.12296 + 0.01161 + 0.00000 + 0.39539 + 884.94450]
[ INFO : 2026-08-18 02:53:53,930 ] - Test_@[5, 10, 20, 50]: Recall=[0.03768, 0.05269, 0.07830, 0.12969],  precision=[0.00754, 0.00527, 0.00392, 0.00259], hit=[0.03768, 0.05269, 0.07830, 0.12969], ndcg=[0.02806, 0.03288, 0.03929, 0.04940], Train Rec Loss=[0.03342], Eval Rec Loss=[0.03352], c=[0.50000], F=[0.56442, 0.71433, 0.82515, 0.91581], F_fuse=[0.01487, 0.01046, 0.00779, 0.00517]
[ INFO : 2026-08-18 02:54:48,884 ] - Epoch 77: train==[61.10962 = 1.05953 + 0.59673 + 6.14289 + 0.01163 + 0.00000 + 0.38119 + 884.94450]
[ INFO : 2026-08-18 02:54:54,535 ] - Test_@[5, 10, 20, 50]: Recall=[0.03719, 0.05171, 0.07765, 0.12790],  precision=[0.00744, 0.00517, 0.00388, 0.00256], hit=[0.03719, 0.05171, 0.07765, 0.12790], ndcg=[0.02710, 0.03176, 0.03825, 0.04814], Train Rec Loss=[0.03342], Eval Rec Loss=[0.03347], c=[0.50000], F=[0.57249, 0.71801, 0.82686, 0.91791], F_fuse=[0.01469, 0.01027, 0.00773, 0.00510]
[ INFO : 2026-08-18 02:55:49,837 ] - Epoch 78: train==[61.04039 = 1.05348 + 0.59672 + 6.09157 + 0.01161 + 0.00000 + 0.36937 + 884.94450]
[ INFO : 2026-08-18 02:55:55,488 ] - Test_@[5, 10, 20, 50]: Recall=[0.03670, 0.05237, 0.07781, 0.12838],  precision=[0.00734, 0.00524, 0.00389, 0.00257], hit=[0.03670, 0.05237, 0.07781, 0.12838], ndcg=[0.02673, 0.03176, 0.03812, 0.04806], Train Rec Loss=[0.03339], Eval Rec Loss=[0.03346], c=[0.50000], F=[0.57569, 0.72254, 0.83026, 0.91857], F_fuse=[0.01450, 0.01040, 0.00775, 0.00512]
[ INFO : 2026-08-18 02:56:49,794 ] - Epoch 79: train==[61.07867 = 1.04972 + 0.59672 + 6.14445 + 0.01152 + 0.00000 + 0.35859 + 884.94450]
[ INFO : 2026-08-18 02:56:55,484 ] - Test_@[5, 10, 20, 50]: Recall=[0.03670, 0.05220, 0.07798, 0.12871],  precision=[0.00734, 0.00522, 0.00390, 0.00257], hit=[0.03670, 0.05220, 0.07798, 0.12871], ndcg=[0.02700, 0.03198, 0.03842, 0.04839], Train Rec Loss=[0.03337], Eval Rec Loss=[0.03345], c=[0.50000], F=[0.57350, 0.72149, 0.83091, 0.91805], F_fuse=[0.01450, 0.01037, 0.00776, 0.00513]
[ INFO : 2026-08-18 02:57:49,972 ] - Epoch 80: train==[60.91045 = 1.04512 + 0.59672 + 5.99061 + 0.01142 + 0.00000 + 0.34891 + 884.94450]
[ INFO : 2026-08-18 02:57:56,372 ] - Test_@[5, 10, 20, 50]: Recall=[0.03736, 0.05204, 0.07798, 0.12773],  precision=[0.00747, 0.00520, 0.00390, 0.00255], hit=[0.03736, 0.05204, 0.07798, 0.12773], ndcg=[0.02745, 0.03214, 0.03863, 0.04845], Train Rec Loss=[0.03338], Eval Rec Loss=[0.03349], c=[0.50000], F=[0.57009, 0.71625, 0.82683, 0.91661], F_fuse=[0.01475, 0.01033, 0.00776, 0.00510]
[ INFO : 2026-08-18 02:58:51,399 ] - Epoch 81: train==[60.86357 = 1.03912 + 0.59673 + 5.96088 + 0.01138 + 0.00000 + 0.33781 + 884.94450]
[ INFO : 2026-08-18 02:58:57,212 ] - Test_@[5, 10, 20, 50]: Recall=[0.03687, 0.05237, 0.07765, 0.12871],  precision=[0.00737, 0.00524, 0.00388, 0.00257], hit=[0.03687, 0.05237, 0.07765, 0.12871], ndcg=[0.02694, 0.03193, 0.03826, 0.04832], Train Rec Loss=[0.03339], Eval Rec Loss=[0.03343], c=[0.50000], F=[0.57516, 0.71964, 0.83126, 0.91788], F_fuse=[0.01456, 0.01040, 0.00773, 0.00513]
[ INFO : 2026-08-18 02:59:52,150 ] - Epoch 82: train==[60.82840 = 1.02958 + 0.59672 + 5.94281 + 0.01128 + 0.00000 + 0.33036 + 884.94450]
[ INFO : 2026-08-18 02:59:57,962 ] - Test_@[5, 10, 20, 50]: Recall=[0.03834, 0.05334, 0.07879, 0.13132],  precision=[0.00767, 0.00533, 0.00394, 0.00263], hit=[0.03834, 0.05334, 0.07879, 0.13132], ndcg=[0.02831, 0.03315, 0.03953, 0.04986], Train Rec Loss=[0.03338], Eval Rec Loss=[0.03344], c=[0.50000], F=[0.56088, 0.70790, 0.82764, 0.91787], F_fuse=[0.01513, 0.01059, 0.00784, 0.00524]
[ INFO : 2026-08-18 03:00:52,651 ] - Epoch 83: train==[60.79688 = 1.02641 + 0.59672 + 5.92501 + 0.01111 + 0.00000 + 0.31998 + 884.94450]
[ INFO : 2026-08-18 03:00:59,508 ] - Test_@[5, 10, 20, 50]: Recall=[0.03850, 0.05269, 0.07781, 0.13067],  precision=[0.00770, 0.00527, 0.00389, 0.00261], hit=[0.03850, 0.05269, 0.07781, 0.13067], ndcg=[0.02813, 0.03269, 0.03900, 0.04942], Train Rec Loss=[0.03337], Eval Rec Loss=[0.03344], c=[0.50000], F=[0.56616, 0.71395, 0.83197, 0.91756], F_fuse=[0.01519, 0.01046, 0.00775, 0.00521]
[ INFO : 2026-08-18 03:01:53,877 ] - Epoch 84: train==[60.77463 = 1.01658 + 0.59672 + 5.92243 + 0.01103 + 0.00000 + 0.31023 + 884.94450]
[ INFO : 2026-08-18 03:01:59,948 ] - Test_@[5, 10, 20, 50]: Recall=[0.03801, 0.05285, 0.07700, 0.13051],  precision=[0.00760, 0.00529, 0.00385, 0.00261], hit=[0.03801, 0.05285, 0.07700, 0.13051], ndcg=[0.02793, 0.03271, 0.03876, 0.04934], Train Rec Loss=[0.03336], Eval Rec Loss=[0.03342], c=[0.50000], F=[0.57030, 0.71591, 0.83454, 0.91846], F_fuse=[0.01500, 0.01049, 0.00766, 0.00521]
[ INFO : 2026-08-18 03:02:54,901 ] - Epoch 85: train==[60.63547 = 1.01657 + 0.59672 + 5.79504 + 0.01094 + 0.00000 + 0.29854 + 884.94450]
[ INFO : 2026-08-18 03:03:00,701 ] - Test_@[5, 10, 20, 50]: Recall=[0.03475, 0.05188, 0.07684, 0.12871],  precision=[0.00695, 0.00519, 0.00384, 0.00257], hit=[0.03475, 0.05188, 0.07684, 0.12871], ndcg=[0.02553, 0.03109, 0.03734, 0.04755], Train Rec Loss=[0.03335], Eval Rec Loss=[0.03342], c=[0.50000], F=[0.58848, 0.72913, 0.84222, 0.91808], F_fuse=[0.01374, 0.01030, 0.00765, 0.00513]
[ INFO : 2026-08-18 03:03:54,917 ] - Epoch 86: train==[60.53441 = 1.01313 + 0.59673 + 5.70241 + 0.01084 + 0.00000 + 0.29365 + 884.94450]
[ INFO : 2026-08-18 03:04:00,562 ] - Test_@[5, 10, 20, 50]: Recall=[0.03638, 0.05269, 0.07847, 0.13002],  precision=[0.00728, 0.00527, 0.00392, 0.00260], hit=[0.03638, 0.05269, 0.07847, 0.13002], ndcg=[0.02633, 0.03161, 0.03804, 0.04818], Train Rec Loss=[0.03335], Eval Rec Loss=[0.03344], c=[0.50000], F=[0.57913, 0.72189, 0.83694, 0.91767], F_fuse=[0.01437, 0.01046, 0.00781, 0.00519]
[ INFO : 2026-08-18 03:04:55,337 ] - Epoch 87: train==[60.51493 = 1.00673 + 0.59672 + 5.70012 + 0.01081 + 0.00000 + 0.28289 + 884.94450]
[ INFO : 2026-08-18 03:05:01,430 ] - Test_@[5, 10, 20, 50]: Recall=[0.03850, 0.05351, 0.07879, 0.13279],  precision=[0.00770, 0.00535, 0.00394, 0.00266], hit=[0.03850, 0.05351, 0.07879, 0.13279], ndcg=[0.02794, 0.03276, 0.03909, 0.04971], Train Rec Loss=[0.03336], Eval Rec Loss=[0.03342], c=[0.50000], F=[0.56732, 0.71215, 0.83765, 0.91855], F_fuse=[0.01519, 0.01062, 0.00784, 0.00530]
[ INFO : 2026-08-18 03:05:55,668 ] - Epoch 88: train==[60.46338 = 1.00708 + 0.59674 + 5.65733 + 0.01083 + 0.00000 + 0.27374 + 884.94450]
[ INFO : 2026-08-18 03:06:01,294 ] - Test_@[5, 10, 20, 50]: Recall=[0.03801, 0.05383, 0.07847, 0.13214],  precision=[0.00760, 0.00538, 0.00392, 0.00264], hit=[0.03801, 0.05383, 0.07847, 0.13214], ndcg=[0.02740, 0.03250, 0.03864, 0.04920], Train Rec Loss=[0.03334], Eval Rec Loss=[0.03339], c=[0.50000], F=[0.57525, 0.71541, 0.83921, 0.92037], F_fuse=[0.01501, 0.01069, 0.00781, 0.00527]
[ INFO : 2026-08-18 03:06:56,343 ] - Epoch 89: train==[60.38564 = 0.99738 + 0.59672 + 5.59579 + 0.01073 + 0.00000 + 0.26736 + 884.94450]
[ INFO : 2026-08-18 03:07:01,905 ] - Test_@[5, 10, 20, 50]: Recall=[0.03507, 0.05204, 0.07814, 0.13018],  precision=[0.00701, 0.00520, 0.00391, 0.00260], hit=[0.03507, 0.05204, 0.07814, 0.13018], ndcg=[0.02571, 0.03120, 0.03775, 0.04799], Train Rec Loss=[0.03335], Eval Rec Loss=[0.03339], c=[0.50000], F=[0.59159, 0.73271, 0.84381, 0.91924], F_fuse=[0.01386, 0.01033, 0.00778, 0.00519]
[ INFO : 2026-08-18 03:07:55,600 ] - Epoch 90: train==[60.26431 = 0.99227 + 0.59673 + 5.48922 + 0.01075 + 0.00000 + 0.25769 + 884.94450]
[ INFO : 2026-08-18 03:08:01,204 ] - Test_@[5, 10, 20, 50]: Recall=[0.03801, 0.05269, 0.07928, 0.13246],  precision=[0.00760, 0.00527, 0.00396, 0.00265], hit=[0.03801, 0.05269, 0.07928, 0.13246], ndcg=[0.02788, 0.03264, 0.03930, 0.04974], Train Rec Loss=[0.03333], Eval Rec Loss=[0.03341], c=[0.50000], F=[0.57826, 0.72478, 0.84314, 0.91696], F_fuse=[0.01501, 0.01046, 0.00789, 0.00528]
[ INFO : 2026-08-18 03:08:55,473 ] - Epoch 91: train==[60.22338 = 0.98896 + 0.59672 + 5.45797 + 0.01076 + 0.00000 + 0.25131 + 884.94450]
[ INFO : 2026-08-18 03:09:01,031 ] - Test_@[5, 10, 20, 50]: Recall=[0.03703, 0.05334, 0.07912, 0.13279],  precision=[0.00741, 0.00533, 0.00396, 0.00266], hit=[0.03703, 0.05334, 0.07912, 0.13279], ndcg=[0.02691, 0.03218, 0.03860, 0.04913], Train Rec Loss=[0.03331], Eval Rec Loss=[0.03336], c=[0.50000], F=[0.58519, 0.72759, 0.84880, 0.91975], F_fuse=[0.01463, 0.01059, 0.00788, 0.00530]
[ INFO : 2026-08-18 03:09:54,727 ] - Epoch 92: train==[60.18545 = 0.98094 + 0.59673 + 5.43731 + 0.01084 + 0.00000 + 0.24197 + 884.94450]
[ INFO : 2026-08-18 03:10:00,443 ] - Test_@[5, 10, 20, 50]: Recall=[0.03540, 0.05302, 0.07830, 0.13034],  precision=[0.00708, 0.00530, 0.00392, 0.00261], hit=[0.03540, 0.05302, 0.07830, 0.13034], ndcg=[0.02562, 0.03124, 0.03754, 0.04780], Train Rec Loss=[0.03331], Eval Rec Loss=[0.03340], c=[0.50000], F=[0.59953, 0.73735, 0.85221, 0.91941], F_fuse=[0.01399, 0.01053, 0.00779, 0.00520]
[ INFO : 2026-08-18 03:10:54,803 ] - Epoch 93: train==[60.08580 = 0.97968 + 0.59672 + 5.34597 + 0.01079 + 0.00000 + 0.23499 + 884.94450]
[ INFO : 2026-08-18 03:11:00,660 ] - Test_@[5, 10, 20, 50]: Recall=[0.03670, 0.05302, 0.07847, 0.13083],  precision=[0.00734, 0.00530, 0.00392, 0.00262], hit=[0.03670, 0.05302, 0.07847, 0.13083], ndcg=[0.02628, 0.03152, 0.03789, 0.04821], Train Rec Loss=[0.03329], Eval Rec Loss=[0.03337], c=[0.50000], F=[0.59365, 0.73125, 0.84689, 0.91836], F_fuse=[0.01450, 0.01053, 0.00781, 0.00522]
[ INFO : 2026-08-18 03:11:54,460 ] - Epoch 94: train==[60.05200 = 0.97223 + 0.59673 + 5.32580 + 0.01092 + 0.00000 + 0.22868 + 884.94450]
[ INFO : 2026-08-18 03:12:00,092 ] - Test_@[5, 10, 20, 50]: Recall=[0.03491, 0.05220, 0.07847, 0.13067],  precision=[0.00698, 0.00522, 0.00392, 0.00261], hit=[0.03491, 0.05220, 0.07847, 0.13067], ndcg=[0.02523, 0.03078, 0.03735, 0.04763], Train Rec Loss=[0.03331], Eval Rec Loss=[0.03337], c=[0.50000], F=[0.60791, 0.74344, 0.85526, 0.91888], F_fuse=[0.01381, 0.01037, 0.00781, 0.00521]
[ INFO : 2026-08-18 03:12:54,527 ] - Epoch 95: train==[60.07694 = 0.96870 + 0.59673 + 5.36330 + 0.01077 + 0.00000 + 0.21978 + 884.94450]
[ INFO : 2026-08-18 03:13:00,248 ] - Test_@[5, 10, 20, 50]: Recall=[0.03654, 0.05383, 0.07928, 0.13165],  precision=[0.00731, 0.00538, 0.00396, 0.00263], hit=[0.03654, 0.05383, 0.07928, 0.13165], ndcg=[0.02620, 0.03174, 0.03808, 0.04838], Train Rec Loss=[0.03330], Eval Rec Loss=[0.03337], c=[0.50000], F=[0.60236, 0.73942, 0.85512, 0.91983], F_fuse=[0.01444, 0.01069, 0.00789, 0.00525]
[ INFO : 2026-08-18 03:13:54,683 ] - Epoch 96: train==[59.97980 = 0.96093 + 0.59672 + 5.27905 + 0.01081 + 0.00000 + 0.21464 + 884.94450]
[ INFO : 2026-08-18 03:14:00,418 ] - Test_@[5, 10, 20, 50]: Recall=[0.03491, 0.05285, 0.07847, 0.13034],  precision=[0.00698, 0.00529, 0.00392, 0.00261], hit=[0.03491, 0.05285, 0.07847, 0.13034], ndcg=[0.02517, 0.03094, 0.03735, 0.04760], Train Rec Loss=[0.03328], Eval Rec Loss=[0.03335], c=[0.50000], F=[0.61078, 0.74163, 0.85902, 0.91775], F_fuse=[0.01381, 0.01050, 0.00781, 0.00520]
[ INFO : 2026-08-18 03:14:54,325 ] - Epoch 97: train==[59.81067 = 0.95662 + 0.59673 + 5.12183 + 0.01076 + 0.00000 + 0.20708 + 884.94450]
[ INFO : 2026-08-18 03:15:00,341 ] - Test_@[5, 10, 20, 50]: Recall=[0.03785, 0.05400, 0.07945, 0.13442],  precision=[0.00757, 0.00540, 0.00397, 0.00269], hit=[0.03785, 0.05400, 0.07945, 0.13442], ndcg=[0.02721, 0.03239, 0.03877, 0.04957], Train Rec Loss=[0.03329], Eval Rec Loss=[0.03333], c=[0.50000], F=[0.59647, 0.73296, 0.85396, 0.91907], F_fuse=[0.01495, 0.01072, 0.00791, 0.00536]
[ INFO : 2026-08-18 03:15:54,502 ] - Epoch 98: train==[59.84040 = 0.95164 + 0.59672 + 5.16295 + 0.01077 + 0.00000 + 0.20066 + 884.94450]
[ INFO : 2026-08-18 03:16:00,142 ] - Test_@[5, 10, 20, 50]: Recall=[0.03899, 0.05498, 0.08010, 0.13556],  precision=[0.00780, 0.00550, 0.00400, 0.00271], hit=[0.03899, 0.05498, 0.08010, 0.13556], ndcg=[0.02841, 0.03355, 0.03983, 0.05071], Train Rec Loss=[0.03329], Eval Rec Loss=[0.03334], c=[0.50000], F=[0.59058, 0.72843, 0.85601, 0.91997], F_fuse=[0.01539, 0.01091, 0.00797, 0.00541]
[ INFO : 2026-08-18 03:16:55,186 ] - Epoch 99: train==[59.71059 = 0.94882 + 0.59673 + 5.04209 + 0.01071 + 0.00000 + 0.19459 + 884.94450]
[ INFO : 2026-08-18 03:17:01,404 ] - Test_@[5, 10, 20, 50]: Recall=[0.03866, 0.05514, 0.07993, 0.13670],  precision=[0.00773, 0.00551, 0.00400, 0.00273], hit=[0.03866, 0.05514, 0.07993, 0.13670], ndcg=[0.02789, 0.03320, 0.03943, 0.05058], Train Rec Loss=[0.03327], Eval Rec Loss=[0.03335], c=[0.50000], F=[0.59607, 0.73253, 0.85688, 0.92082], F_fuse=[0.01527, 0.01095, 0.00796, 0.00545]
[ INFO : 2026-08-18 03:17:56,301 ] - Epoch 100: train==[59.78370 = 0.94392 + 0.59672 + 5.12799 + 0.01072 + 0.00000 + 0.18670 + 884.94450]
[ INFO : 2026-08-18 03:18:02,274 ] - Test_@[5, 10, 20, 50]: Recall=[0.03768, 0.05449, 0.07847, 0.13491],  precision=[0.00754, 0.00545, 0.00392, 0.00270], hit=[0.03768, 0.05449, 0.07847, 0.13491], ndcg=[0.02706, 0.03244, 0.03849, 0.04960], Train Rec Loss=[0.03327], Eval Rec Loss=[0.03336], c=[0.50000], F=[0.61269, 0.74281, 0.85762, 0.92151], F_fuse=[0.01489, 0.01082, 0.00781, 0.00538]
[ INFO : 2026-08-18 03:18:56,135 ] - Epoch 101: train==[59.75353 = 0.94266 + 0.59674 + 5.10742 + 0.01067 + 0.00000 + 0.17840 + 884.94450]
[ INFO : 2026-08-18 03:19:01,923 ] - Test_@[5, 10, 20, 50]: Recall=[0.03801, 0.05432, 0.07847, 0.13507],  precision=[0.00760, 0.00543, 0.00392, 0.00270], hit=[0.03801, 0.05432, 0.07847, 0.13507], ndcg=[0.02757, 0.03282, 0.03892, 0.05007], Train Rec Loss=[0.03327], Eval Rec Loss=[0.03332], c=[0.50000], F=[0.60420, 0.73724, 0.85673, 0.91990], F_fuse=[0.01502, 0.01079, 0.00781, 0.00539]
[ INFO : 2026-08-18 03:19:56,386 ] - Epoch 102: train==[59.68817 = 0.93719 + 0.59672 + 5.05201 + 0.01061 + 0.00000 + 0.17398 + 884.94450]
[ INFO : 2026-08-18 03:20:02,113 ] - Test_@[5, 10, 20, 50]: Recall=[0.03801, 0.05432, 0.07945, 0.13605],  precision=[0.00760, 0.00543, 0.00397, 0.00272], hit=[0.03801, 0.05432, 0.07945, 0.13605], ndcg=[0.02720, 0.03242, 0.03874, 0.04985], Train Rec Loss=[0.03325], Eval Rec Loss=[0.03332], c=[0.50000], F=[0.61884, 0.74225, 0.85782, 0.92132], F_fuse=[0.01502, 0.01079, 0.00791, 0.00543]
[ INFO : 2026-08-18 03:20:56,140 ] - Epoch 103: train==[59.62950 = 0.92809 + 0.59673 + 5.00710 + 0.01053 + 0.00000 + 0.16940 + 884.94450]
[ INFO : 2026-08-18 03:21:02,159 ] - Test_@[5, 10, 20, 50]: Recall=[0.03654, 0.05351, 0.07945, 0.13622],  precision=[0.00731, 0.00535, 0.00397, 0.00272], hit=[0.03654, 0.05351, 0.07945, 0.13622], ndcg=[0.02630, 0.03174, 0.03830, 0.04945], Train Rec Loss=[0.03324], Eval Rec Loss=[0.03331], c=[0.50000], F=[0.62688, 0.75253, 0.86314, 0.92020], F_fuse=[0.01445, 0.01063, 0.00791, 0.00543]
[ INFO : 2026-08-18 03:21:56,705 ] - Epoch 104: train==[59.53309 = 0.92480 + 0.59673 + 4.92080 + 0.01047 + 0.00000 + 0.16264 + 884.94450]
[ INFO : 2026-08-18 03:22:02,501 ] - Test_@[5, 10, 20, 50]: Recall=[0.03785, 0.05383, 0.07945, 0.13752],  precision=[0.00757, 0.00538, 0.00397, 0.00275], hit=[0.03785, 0.05383, 0.07945, 0.13752], ndcg=[0.02754, 0.03268, 0.03915, 0.05056], Train Rec Loss=[0.03325], Eval Rec Loss=[0.03330], c=[0.50000], F=[0.61282, 0.74377, 0.86192, 0.92135], F_fuse=[0.01495, 0.01069, 0.00791, 0.00548]
[ INFO : 2026-08-18 03:22:56,572 ] - Epoch 105: train==[59.58240 = 0.92304 + 0.59672 + 4.97827 + 0.01043 + 0.00000 + 0.15628 + 884.94450]
[ INFO : 2026-08-18 03:23:02,127 ] - Test_@[5, 10, 20, 50]: Recall=[0.03687, 0.05318, 0.07896, 0.13622],  precision=[0.00737, 0.00532, 0.00395, 0.00272], hit=[0.03687, 0.05318, 0.07896, 0.13622], ndcg=[0.02671, 0.03193, 0.03843, 0.04972], Train Rec Loss=[0.03323], Eval Rec Loss=[0.03332], c=[0.50000], F=[0.62343, 0.75192, 0.86456, 0.92072], F_fuse=[0.01457, 0.01056, 0.00786, 0.00543]
[ INFO : 2026-08-18 03:23:55,981 ] - Epoch 106: train==[59.47766 = 0.91954 + 0.59672 + 4.88036 + 0.01043 + 0.00000 + 0.15295 + 884.94450]
[ INFO : 2026-08-18 03:24:02,040 ] - Test_@[5, 10, 20, 50]: Recall=[0.03573, 0.05253, 0.07928, 0.13393],  precision=[0.00715, 0.00525, 0.00396, 0.00268], hit=[0.03573, 0.05253, 0.07928, 0.13393], ndcg=[0.02607, 0.03149, 0.03822, 0.04900], Train Rec Loss=[0.03324], Eval Rec Loss=[0.03329], c=[0.50000], F=[0.63330, 0.75416, 0.86603, 0.92064], F_fuse=[0.01413, 0.01043, 0.00789, 0.00534]
[ INFO : 2026-08-18 03:24:56,030 ] - Epoch 107: train==[59.40582 = 0.91599 + 0.59673 + 4.81778 + 0.01042 + 0.00000 + 0.14725 + 884.94450]
[ INFO : 2026-08-18 03:25:02,568 ] - Test_@[5, 10, 20, 50]: Recall=[0.03817, 0.05449, 0.07993, 0.13670],  precision=[0.00763, 0.00545, 0.00400, 0.00273], hit=[0.03817, 0.05449, 0.07993, 0.13670], ndcg=[0.02763, 0.03286, 0.03926, 0.05042], Train Rec Loss=[0.03323], Eval Rec Loss=[0.03329], c=[0.50000], F=[0.62214, 0.74161, 0.86076, 0.92112], F_fuse=[0.01508, 0.01082, 0.00796, 0.00545]
[ INFO : 2026-08-18 03:25:56,697 ] - Epoch 108: train==[59.38104 = 0.91262 + 0.59672 + 4.80175 + 0.01046 + 0.00000 + 0.14183 + 884.94450]
[ INFO : 2026-08-18 03:26:02,501 ] - Test_@[5, 10, 20, 50]: Recall=[0.03703, 0.05481, 0.07977, 0.13801],  precision=[0.00741, 0.00548, 0.00399, 0.00276], hit=[0.03703, 0.05481, 0.07977, 0.13801], ndcg=[0.02686, 0.03255, 0.03880, 0.05025], Train Rec Loss=[0.03323], Eval Rec Loss=[0.03328], c=[0.50000], F=[0.63254, 0.74902, 0.86300, 0.92170], F_fuse=[0.01464, 0.01088, 0.00794, 0.00550]
[ INFO : 2026-08-18 03:26:56,266 ] - Epoch 109: train==[59.30652 = 0.91075 + 0.59673 + 4.73443 + 0.01046 + 0.00000 + 0.13650 + 884.94450]
[ INFO : 2026-08-18 03:27:01,978 ] - Test_@[5, 10, 20, 50]: Recall=[0.03834, 0.05465, 0.08010, 0.13915],  precision=[0.00767, 0.00546, 0.00400, 0.00278], hit=[0.03834, 0.05465, 0.08010, 0.13915], ndcg=[0.02801, 0.03327, 0.03968, 0.05128], Train Rec Loss=[0.03322], Eval Rec Loss=[0.03330], c=[0.50000], F=[0.62473, 0.73939, 0.85904, 0.92286], F_fuse=[0.01515, 0.01085, 0.00797, 0.00555]
[ INFO : 2026-08-18 03:27:56,414 ] - Epoch 110: train==[59.27670 = 0.90163 + 0.59672 + 4.71841 + 0.01052 + 0.00000 + 0.13176 + 884.94450]
[ INFO : 2026-08-18 03:28:02,434 ] - Test_@[5, 10, 20, 50]: Recall=[0.03768, 0.05546, 0.08026, 0.13948],  precision=[0.00754, 0.00555, 0.00401, 0.00279], hit=[0.03768, 0.05546, 0.08026, 0.13948], ndcg=[0.02766, 0.03336, 0.03960, 0.05125], Train Rec Loss=[0.03323], Eval Rec Loss=[0.03329], c=[0.50000], F=[0.62508, 0.74750, 0.86360, 0.92188], F_fuse=[0.01489, 0.01101, 0.00799, 0.00556]
[ INFO : 2026-08-18 03:28:56,891 ] - Epoch 111: train==[59.22982 = 0.89894 + 0.59673 + 4.67771 + 0.01047 + 0.00000 + 0.12831 + 884.94450]
[ INFO : 2026-08-18 03:29:02,764 ] - Test_@[5, 10, 20, 50]: Recall=[0.03687, 0.05400, 0.08075, 0.13768],  precision=[0.00737, 0.00540, 0.00404, 0.00275], hit=[0.03687, 0.05400, 0.08075, 0.13768], ndcg=[0.02689, 0.03239, 0.03915, 0.05035], Train Rec Loss=[0.03322], Eval Rec Loss=[0.03328], c=[0.50000], F=[0.63501, 0.75064, 0.86708, 0.92244], F_fuse=[0.01458, 0.01072, 0.00804, 0.00549]
[ INFO : 2026-08-18 03:29:56,960 ] - Epoch 112: train==[59.16791 = 0.89513 + 0.59672 + 4.62437 + 0.01047 + 0.00000 + 0.12356 + 884.94450]
[ INFO : 2026-08-18 03:30:02,801 ] - Test_@[5, 10, 20, 50]: Recall=[0.03605, 0.05318, 0.07977, 0.13703],  precision=[0.00721, 0.00532, 0.00399, 0.00274], hit=[0.03605, 0.05318, 0.07977, 0.13703], ndcg=[0.02596, 0.03144, 0.03815, 0.04944], Train Rec Loss=[0.03322], Eval Rec Loss=[0.03327], c=[0.50000], F=[0.64016, 0.75711, 0.86772, 0.92252], F_fuse=[0.01426, 0.01056, 0.00794, 0.00547]
[ INFO : 2026-08-18 03:30:57,514 ] - Epoch 113: train==[59.15733 = 0.89396 + 0.59673 + 4.61916 + 0.01052 + 0.00000 + 0.11931 + 884.94450]
[ INFO : 2026-08-18 03:31:03,335 ] - Test_@[5, 10, 20, 50]: Recall=[0.03785, 0.05563, 0.08075, 0.14078],  precision=[0.00757, 0.00556, 0.00404, 0.00282], hit=[0.03785, 0.05563, 0.08075, 0.14078], ndcg=[0.02780, 0.03350, 0.03979, 0.05160], Train Rec Loss=[0.03320], Eval Rec Loss=[0.03328], c=[0.50000], F=[0.62976, 0.74986, 0.86590, 0.92492], F_fuse=[0.01496, 0.01104, 0.00804, 0.00561]
[ INFO : 2026-08-18 03:31:57,382 ] - Epoch 114: train==[59.08651 = 0.88841 + 0.59672 + 4.55831 + 0.01061 + 0.00000 + 0.11482 + 884.94450]
[ INFO : 2026-08-18 03:32:03,008 ] - Test_@[5, 10, 20, 50]: Recall=[0.03752, 0.05530, 0.08075, 0.14013],  precision=[0.00750, 0.00553, 0.00404, 0.00280], hit=[0.03752, 0.05530, 0.08075, 0.14013], ndcg=[0.02768, 0.03344, 0.03984, 0.05154], Train Rec Loss=[0.03320], Eval Rec Loss=[0.03327], c=[0.50000], F=[0.63633, 0.74718, 0.86404, 0.92436], F_fuse=[0.01483, 0.01098, 0.00804, 0.00559]
[ INFO : 2026-08-18 03:32:57,160 ] - Epoch 115: train==[59.06158 = 0.88159 + 0.59673 + 4.54395 + 0.01069 + 0.00000 + 0.11097 + 884.94450]
[ INFO : 2026-08-18 03:33:02,879 ] - Test_@[5, 10, 20, 50]: Recall=[0.03752, 0.05612, 0.08173, 0.14176],  precision=[0.00750, 0.00561, 0.00409, 0.00284], hit=[0.03752, 0.05612, 0.08173, 0.14176], ndcg=[0.02708, 0.03311, 0.03948, 0.05128], Train Rec Loss=[0.03319], Eval Rec Loss=[0.03326], c=[0.50000], F=[0.64545, 0.75324, 0.86817, 0.92657], F_fuse=[0.01484, 0.01114, 0.00813, 0.00565]
[ INFO : 2026-08-18 03:33:58,214 ] - Epoch 116: train==[59.02110 = 0.87774 + 0.59672 + 4.51197 + 0.01072 + 0.00000 + 0.10630 + 884.94450]
[ INFO : 2026-08-18 03:34:03,941 ] - Test_@[5, 10, 20, 50]: Recall=[0.03573, 0.05449, 0.08091, 0.13899],  precision=[0.00715, 0.00545, 0.00405, 0.00278], hit=[0.03573, 0.05449, 0.08091, 0.13899], ndcg=[0.02582, 0.03185, 0.03845, 0.04993], Train Rec Loss=[0.03318], Eval Rec Loss=[0.03325], c=[0.50000], F=[0.65112, 0.76424, 0.87161, 0.92435], F_fuse=[0.01414, 0.01082, 0.00805, 0.00554]
[ INFO : 2026-08-18 03:34:58,253 ] - Epoch 117: train==[58.96790 = 0.87325 + 0.59673 + 4.46651 + 0.01071 + 0.00000 + 0.10304 + 884.94450]
[ INFO : 2026-08-18 03:35:04,444 ] - Test_@[5, 10, 20, 50]: Recall=[0.03768, 0.05579, 0.08157, 0.14241],  precision=[0.00754, 0.00558, 0.00408, 0.00285], hit=[0.03768, 0.05579, 0.08157, 0.14241], ndcg=[0.02769, 0.03355, 0.04002, 0.05200], Train Rec Loss=[0.03318], Eval Rec Loss=[0.03325], c=[0.50000], F=[0.64298, 0.75801, 0.87124, 0.92506], F_fuse=[0.01490, 0.01108, 0.00812, 0.00568]
[ INFO : 2026-08-18 03:35:58,750 ] - Epoch 118: train==[58.86960 = 0.87235 + 0.59672 + 4.37312 + 0.01075 + 0.00000 + 0.09901 + 884.94450]
[ INFO : 2026-08-18 03:36:04,692 ] - Test_@[5, 10, 20, 50]: Recall=[0.03670, 0.05351, 0.08140, 0.14013],  precision=[0.00734, 0.00535, 0.00407, 0.00280], hit=[0.03670, 0.05351, 0.08140, 0.14013], ndcg=[0.02631, 0.03179, 0.03880, 0.05041], Train Rec Loss=[0.03320], Eval Rec Loss=[0.03324], c=[0.50000], F=[0.65873, 0.76781, 0.87243, 0.92497], F_fuse=[0.01452, 0.01063, 0.00810, 0.00559]
[ INFO : 2026-08-18 03:36:59,095 ] - Epoch 119: train==[58.85686 = 0.86973 + 0.59673 + 4.36748 + 0.01072 + 0.00000 + 0.09455 + 884.94450]
[ INFO : 2026-08-18 03:37:04,864 ] - Test_@[5, 10, 20, 50]: Recall=[0.03654, 0.05546, 0.08222, 0.14160],  precision=[0.00731, 0.00555, 0.00411, 0.00283], hit=[0.03654, 0.05546, 0.08222, 0.14160], ndcg=[0.02674, 0.03286, 0.03955, 0.05123], Train Rec Loss=[0.03319], Eval Rec Loss=[0.03326], c=[0.50000], F=[0.65472, 0.76286, 0.87297, 0.92689], F_fuse=[0.01446, 0.01101, 0.00818, 0.00565]
[ INFO : 2026-08-18 03:37:59,617 ] - Epoch 120: train==[58.89881 = 0.86424 + 0.59673 + 4.41830 + 0.01077 + 0.00000 + 0.09113 + 884.94450]
[ INFO : 2026-08-18 03:38:05,510 ] - Test_@[5, 10, 20, 50]: Recall=[0.03573, 0.05383, 0.08124, 0.14144],  precision=[0.00715, 0.00538, 0.00406, 0.00283], hit=[0.03573, 0.05383, 0.08124, 0.14144], ndcg=[0.02591, 0.03176, 0.03866, 0.05054], Train Rec Loss=[0.03318], Eval Rec Loss=[0.03323], c=[0.50000], F=[0.66520, 0.77034, 0.87321, 0.92615], F_fuse=[0.01414, 0.01069, 0.00809, 0.00564]
[ INFO : 2026-08-18 03:38:59,681 ] - Epoch 121: train==[58.81848 = 0.86498 + 0.59673 + 4.34056 + 0.01079 + 0.00000 + 0.08777 + 884.94450]
[ INFO : 2026-08-18 03:39:05,253 ] - Test_@[5, 10, 20, 50]: Recall=[0.03622, 0.05498, 0.08303, 0.14290],  precision=[0.00724, 0.00550, 0.00415, 0.00286], hit=[0.03622, 0.05498, 0.08303, 0.14290], ndcg=[0.02661, 0.03271, 0.03974, 0.05153], Train Rec Loss=[0.03316], Eval Rec Loss=[0.03320], c=[0.50000], F=[0.66137, 0.77413, 0.87614, 0.92649], F_fuse=[0.01433, 0.01092, 0.00826, 0.00570]
[ INFO : 2026-08-18 03:40:00,634 ] - Epoch 122: train==[58.81902 = 0.85602 + 0.59673 + 4.35365 + 0.01081 + 0.00000 + 0.08416 + 884.94450]
[ INFO : 2026-08-18 03:40:06,289 ] - Test_@[5, 10, 20, 50]: Recall=[0.03703, 0.05514, 0.08287, 0.14290],  precision=[0.00741, 0.00551, 0.00414, 0.00286], hit=[0.03703, 0.05514, 0.08287, 0.14290], ndcg=[0.02683, 0.03268, 0.03963, 0.05146], Train Rec Loss=[0.03317], Eval Rec Loss=[0.03323], c=[0.50000], F=[0.65674, 0.76445, 0.87160, 0.92624], F_fuse=[0.01465, 0.01095, 0.00825, 0.00570]
[ INFO : 2026-08-18 03:41:01,964 ] - Epoch 123: train==[58.79924 = 0.85489 + 0.59673 + 4.33790 + 0.01080 + 0.00000 + 0.08128 + 884.94450]
[ INFO : 2026-08-18 03:41:07,816 ] - Test_@[5, 10, 20, 50]: Recall=[0.03540, 0.05449, 0.08189, 0.14241],  precision=[0.00708, 0.00545, 0.00409, 0.00285], hit=[0.03540, 0.05449, 0.08189, 0.14241], ndcg=[0.02561, 0.03179, 0.03863, 0.05058], Train Rec Loss=[0.03316], Eval Rec Loss=[0.03321], c=[0.50000], F=[0.66323, 0.77289, 0.87543, 0.92725], F_fuse=[0.01401, 0.01082, 0.00815, 0.00568]
[ INFO : 2026-08-18 03:42:03,326 ] - Epoch 124: train==[58.69978 = 0.84814 + 0.59674 + 4.24841 + 0.01073 + 0.00000 + 0.07811 + 884.94450]
[ INFO : 2026-08-18 03:42:09,116 ] - Test_@[5, 10, 20, 50]: Recall=[0.03719, 0.05546, 0.08336, 0.14519],  precision=[0.00744, 0.00555, 0.00417, 0.00290], hit=[0.03719, 0.05546, 0.08336, 0.14519], ndcg=[0.02706, 0.03302, 0.04002, 0.05217], Train Rec Loss=[0.03314], Eval Rec Loss=[0.03323], c=[0.50000], F=[0.65664, 0.76207, 0.87123, 0.92570], F_fuse=[0.01471, 0.01101, 0.00830, 0.00579]
[ INFO : 2026-08-18 03:43:03,810 ] - Epoch 125: train==[58.62011 = 0.84657 + 0.59673 + 4.17385 + 0.01077 + 0.00000 + 0.07455 + 884.94450]
[ INFO : 2026-08-18 03:43:09,450 ] - Test_@[5, 10, 20, 50]: Recall=[0.03638, 0.05481, 0.08369, 0.14258],  precision=[0.00728, 0.00548, 0.00418, 0.00285], hit=[0.03638, 0.05481, 0.08369, 0.14258], ndcg=[0.02629, 0.03226, 0.03947, 0.05111], Train Rec Loss=[0.03314], Eval Rec Loss=[0.03320], c=[0.50000], F=[0.66898, 0.77544, 0.87737, 0.92821], F_fuse=[0.01439, 0.01089, 0.00833, 0.00569]
[ INFO : 2026-08-18 03:44:05,400 ] - Epoch 126: train==[58.57325 = 0.84441 + 0.59672 + 4.13221 + 0.01080 + 0.00000 + 0.07145 + 884.94450]
[ INFO : 2026-08-18 03:44:11,069 ] - Test_@[5, 10, 20, 50]: Recall=[0.03687, 0.05579, 0.08418, 0.14502],  precision=[0.00737, 0.00558, 0.00421, 0.00290], hit=[0.03687, 0.05579, 0.08418, 0.14502], ndcg=[0.02728, 0.03341, 0.04051, 0.05249], Train Rec Loss=[0.03312], Eval Rec Loss=[0.03322], c=[0.50000], F=[0.66419, 0.76983, 0.87262, 0.92570], F_fuse=[0.01459, 0.01108, 0.00838, 0.00578]
[ INFO : 2026-08-18 03:45:06,527 ] - Epoch 127: train==[58.56916 = 0.83901 + 0.59673 + 4.13627 + 0.01085 + 0.00000 + 0.06866 + 884.94450]
[ INFO : 2026-08-18 03:45:12,087 ] - Test_@[5, 10, 20, 50]: Recall=[0.03768, 0.05563, 0.08303, 0.14519],  precision=[0.00754, 0.00556, 0.00415, 0.00290], hit=[0.03768, 0.05563, 0.08303, 0.14519], ndcg=[0.02721, 0.03302, 0.03990, 0.05213], Train Rec Loss=[0.03314], Eval Rec Loss=[0.03321], c=[0.50000], F=[0.66855, 0.77268, 0.87605, 0.92687], F_fuse=[0.01491, 0.01105, 0.00826, 0.00579]
[ INFO : 2026-08-18 03:46:06,882 ] - Epoch 128: train==[58.54573 = 0.84042 + 0.59673 + 4.11383 + 0.01082 + 0.00000 + 0.06628 + 884.94450]
[ INFO : 2026-08-18 03:46:13,191 ] - Test_@[5, 10, 20, 50]: Recall=[0.03622, 0.05563, 0.08336, 0.14633],  precision=[0.00724, 0.00556, 0.00417, 0.00293], hit=[0.03622, 0.05563, 0.08336, 0.14633], ndcg=[0.02634, 0.03262, 0.03956, 0.05195], Train Rec Loss=[0.03315], Eval Rec Loss=[0.03322], c=[0.50000], F=[0.67477, 0.77866, 0.87726, 0.92755], F_fuse=[0.01433, 0.01105, 0.00830, 0.00583]
[ INFO : 2026-08-18 03:47:07,663 ] - Epoch 129: train==[58.50941 = 0.83472 + 0.59672 + 4.08749 + 0.01085 + 0.00000 + 0.06198 + 884.94450]
[ INFO : 2026-08-18 03:47:13,327 ] - Test_@[5, 10, 20, 50]: Recall=[0.03458, 0.05530, 0.08303, 0.14323],  precision=[0.00692, 0.00553, 0.00415, 0.00286], hit=[0.03458, 0.05530, 0.08303, 0.14323], ndcg=[0.02511, 0.03177, 0.03866, 0.05055], Train Rec Loss=[0.03314], Eval Rec Loss=[0.03318], c=[0.50000], F=[0.67684, 0.78636, 0.88087, 0.92846], F_fuse=[0.01369, 0.01098, 0.00826, 0.00571]
[ INFO : 2026-08-18 03:48:08,803 ] - Epoch 130: train==[58.51470 = 0.82868 + 0.59673 + 4.10168 + 0.01093 + 0.00000 + 0.05905 + 884.94450]
[ INFO : 2026-08-18 03:48:14,753 ] - Test_@[5, 10, 20, 50]: Recall=[0.03622, 0.05563, 0.08467, 0.14372],  precision=[0.00724, 0.00556, 0.00423, 0.00287], hit=[0.03622, 0.05563, 0.08467, 0.14372], ndcg=[0.02629, 0.03257, 0.03981, 0.05147], Train Rec Loss=[0.03313], Eval Rec Loss=[0.03318], c=[0.50000], F=[0.68387, 0.78607, 0.88057, 0.93028], F_fuse=[0.01433, 0.01105, 0.00843, 0.00573]
[ INFO : 2026-08-18 03:49:10,477 ] - Epoch 131: train==[58.53983 = 0.82493 + 0.59673 + 4.13290 + 0.01086 + 0.00000 + 0.05675 + 884.94450]
[ INFO : 2026-08-18 03:49:16,250 ] - Test_@[5, 10, 20, 50]: Recall=[0.03524, 0.05449, 0.08467, 0.14388],  precision=[0.00705, 0.00545, 0.00423, 0.00288], hit=[0.03524, 0.05449, 0.08467, 0.14388], ndcg=[0.02552, 0.03174, 0.03927, 0.05094], Train Rec Loss=[0.03313], Eval Rec Loss=[0.03317], c=[0.50000], F=[0.69194, 0.79127, 0.88255, 0.92998], F_fuse=[0.01395, 0.01082, 0.00843, 0.00574]
[ INFO : 2026-08-18 03:50:10,767 ] - Epoch 132: train==[58.43847 = 0.82068 + 0.59673 + 4.03699 + 0.01098 + 0.00000 + 0.05545 + 884.94450]
[ INFO : 2026-08-18 03:50:18,009 ] - Test_@[5, 10, 20, 50]: Recall=[0.03573, 0.05546, 0.08434, 0.14437],  precision=[0.00715, 0.00555, 0.00422, 0.00289], hit=[0.03573, 0.05546, 0.08434, 0.14437], ndcg=[0.02592, 0.03230, 0.03950, 0.05137], Train Rec Loss=[0.03312], Eval Rec Loss=[0.03320], c=[0.50000], F=[0.68974, 0.78930, 0.88284, 0.93164], F_fuse=[0.01414, 0.01102, 0.00839, 0.00576]
[ INFO : 2026-08-18 03:51:14,214 ] - Epoch 133: train==[58.43519 = 0.81872 + 0.59672 + 4.03912 + 0.01089 + 0.00000 + 0.05209 + 884.94450]
[ INFO : 2026-08-18 03:51:20,803 ] - Test_@[5, 10, 20, 50]: Recall=[0.03948, 0.05873, 0.08679, 0.14992],  precision=[0.00790, 0.00587, 0.00434, 0.00300], hit=[0.03948, 0.05873, 0.08679, 0.14992], ndcg=[0.02857, 0.03473, 0.04174, 0.05414], Train Rec Loss=[0.03313], Eval Rec Loss=[0.03320], c=[0.50000], F=[0.68412, 0.78183, 0.87836, 0.93013], F_fuse=[0.01561, 0.01166, 0.00864, 0.00598]
[ INFO : 2026-08-18 03:52:16,316 ] - Epoch 134: train==[58.32922 = 0.81901 + 0.59674 + 3.93469 + 0.01089 + 0.00000 + 0.05025 + 884.94450]
[ INFO : 2026-08-18 03:52:21,914 ] - Test_@[5, 10, 20, 50]: Recall=[0.03931, 0.05791, 0.08728, 0.14812],  precision=[0.00786, 0.00579, 0.00436, 0.00296], hit=[0.03931, 0.05791, 0.08728, 0.14812], ndcg=[0.02859, 0.03456, 0.04191, 0.05387], Train Rec Loss=[0.03311], Eval Rec Loss=[0.03318], c=[0.50000], F=[0.67693, 0.78059, 0.87926, 0.93109], F_fuse=[0.01555, 0.01150, 0.00868, 0.00591]
[ INFO : 2026-08-18 03:53:17,623 ] - Epoch 135: train==[58.38108 = 0.81403 + 0.59673 + 3.99408 + 0.01084 + 0.00000 + 0.04775 + 884.94450]
[ INFO : 2026-08-18 03:53:23,530 ] - Test_@[5, 10, 20, 50]: Recall=[0.03605, 0.05498, 0.08564, 0.14600],  precision=[0.00721, 0.00550, 0.00428, 0.00292], hit=[0.03605, 0.05498, 0.08564, 0.14600], ndcg=[0.02620, 0.03236, 0.04000, 0.05190], Train Rec Loss=[0.03310], Eval Rec Loss=[0.03318], c=[0.50000], F=[0.69568, 0.79559, 0.88763, 0.93422], F_fuse=[0.01427, 0.01092, 0.00852, 0.00582]
[ INFO : 2026-08-18 03:54:18,665 ] - Epoch 136: train==[58.28123 = 0.81003 + 0.59673 + 3.90070 + 0.01084 + 0.00000 + 0.04528 + 884.94450]
[ INFO : 2026-08-18 03:54:24,306 ] - Test_@[5, 10, 20, 50]: Recall=[0.03638, 0.05514, 0.08548, 0.14649],  precision=[0.00728, 0.00551, 0.00427, 0.00293], hit=[0.03638, 0.05514, 0.08548, 0.14649], ndcg=[0.02620, 0.03226, 0.03981, 0.05184], Train Rec Loss=[0.03312], Eval Rec Loss=[0.03318], c=[0.50000], F=[0.70350, 0.79623, 0.88329, 0.93273], F_fuse=[0.01440, 0.01095, 0.00851, 0.00584]
[ INFO : 2026-08-18 03:55:19,910 ] - Epoch 137: train==[58.30149 = 0.80514 + 0.59673 + 3.92711 + 0.01083 + 0.00000 + 0.04403 + 884.94450]
[ INFO : 2026-08-18 03:55:26,145 ] - Test_@[5, 10, 20, 50]: Recall=[0.03736, 0.05465, 0.08662, 0.14617],  precision=[0.00747, 0.00546, 0.00433, 0.00292], hit=[0.03736, 0.05465, 0.08662, 0.14617], ndcg=[0.02697, 0.03259, 0.04058, 0.05232], Train Rec Loss=[0.03309], Eval Rec Loss=[0.03315], c=[0.50000], F=[0.70668, 0.79961, 0.88542, 0.93423], F_fuse=[0.01479, 0.01086, 0.00862, 0.00583]
[ INFO : 2026-08-18 03:56:21,789 ] - Epoch 138: train==[58.20449 = 0.80422 + 0.59673 + 3.83261 + 0.01087 + 0.00000 + 0.04241 + 884.94450]
[ INFO : 2026-08-18 03:56:28,508 ] - Test_@[5, 10, 20, 50]: Recall=[0.03573, 0.05465, 0.08597, 0.14617],  precision=[0.00715, 0.00546, 0.00430, 0.00292], hit=[0.03573, 0.05465, 0.08597, 0.14617], ndcg=[0.02612, 0.03228, 0.04010, 0.05198], Train Rec Loss=[0.03310], Eval Rec Loss=[0.03316], c=[0.50000], F=[0.70231, 0.79609, 0.88458, 0.93399], F_fuse=[0.01415, 0.01086, 0.00856, 0.00583]
[ INFO : 2026-08-18 03:57:23,285 ] - Epoch 139: train==[58.18633 = 0.80075 + 0.59673 + 3.82117 + 0.01081 + 0.00000 + 0.03922 + 884.94450]
[ INFO : 2026-08-18 03:57:29,378 ] - Test_@[5, 10, 20, 50]: Recall=[0.03654, 0.05514, 0.08695, 0.14698],  precision=[0.00731, 0.00551, 0.00435, 0.00294], hit=[0.03654, 0.05514, 0.08695, 0.14698], ndcg=[0.02674, 0.03275, 0.04071, 0.05253], Train Rec Loss=[0.03307], Eval Rec Loss=[0.03317], c=[0.50000], F=[0.71853, 0.80234, 0.88636, 0.93450], F_fuse=[0.01447, 0.01095, 0.00865, 0.00586]
[ INFO : 2026-08-18 03:58:23,983 ] - Epoch 140: train==[58.23725 = 0.79925 + 0.59672 + 3.87540 + 0.01079 + 0.00000 + 0.03744 + 884.94450]
[ INFO : 2026-08-18 03:58:30,593 ] - Test_@[5, 10, 20, 50]: Recall=[0.03899, 0.05808, 0.08907, 0.15122],  precision=[0.00780, 0.00581, 0.00445, 0.00302], hit=[0.03899, 0.05808, 0.08907, 0.15122], ndcg=[0.02824, 0.03436, 0.04210, 0.05429], Train Rec Loss=[0.03309], Eval Rec Loss=[0.03315], c=[0.50000], F=[0.71003, 0.79870, 0.88516, 0.93362], F_fuse=[0.01543, 0.01153, 0.00886, 0.00603]
[ INFO : 2026-08-18 03:59:25,883 ] - Epoch 141: train==[58.18017 = 0.79756 + 0.59673 + 3.82109 + 0.01085 + 0.00000 + 0.03629 + 884.94450]
[ INFO : 2026-08-18 03:59:32,214 ] - Test_@[5, 10, 20, 50]: Recall=[0.03785, 0.05693, 0.08711, 0.14894],  precision=[0.00757, 0.00569, 0.00436, 0.00298], hit=[0.03785, 0.05693, 0.08711, 0.14894], ndcg=[0.02753, 0.03363, 0.04116, 0.05334], Train Rec Loss=[0.03307], Eval Rec Loss=[0.03315], c=[0.50000], F=[0.71777, 0.80457, 0.88689, 0.93423], F_fuse=[0.01498, 0.01131, 0.00867, 0.00594]
[ INFO : 2026-08-18 04:00:26,919 ] - Epoch 142: train==[58.14451 = 0.79329 + 0.59672 + 3.79092 + 0.01086 + 0.00000 + 0.03506 + 884.94450]
[ INFO : 2026-08-18 04:00:32,649 ] - Test_@[5, 10, 20, 50]: Recall=[0.03866, 0.05808, 0.08923, 0.15041],  precision=[0.00773, 0.00581, 0.00446, 0.00301], hit=[0.03866, 0.05808, 0.08923, 0.15041], ndcg=[0.02801, 0.03420, 0.04195, 0.05395], Train Rec Loss=[0.03309], Eval Rec Loss=[0.03315], c=[0.50000], F=[0.71354, 0.80331, 0.88770, 0.93457], F_fuse=[0.01530, 0.01153, 0.00888, 0.00600]
[ INFO : 2026-08-18 04:01:27,378 ] - Epoch 143: train==[58.09349 = 0.79177 + 0.59674 + 3.74356 + 0.01087 + 0.00000 + 0.03291 + 884.94450]
[ INFO : 2026-08-18 04:01:33,025 ] - Test_@[5, 10, 20, 50]: Recall=[0.03622, 0.05498, 0.08695, 0.14845],  precision=[0.00724, 0.00550, 0.00435, 0.00297], hit=[0.03622, 0.05498, 0.08695, 0.14845], ndcg=[0.02641, 0.03245, 0.04045, 0.05255], Train Rec Loss=[0.03310], Eval Rec Loss=[0.03316], c=[0.50000], F=[0.73208, 0.81480, 0.89228, 0.93803], F_fuse=[0.01434, 0.01092, 0.00865, 0.00592]
[ INFO : 2026-08-18 04:02:27,535 ] - Epoch 144: train==[58.03885 = 0.79111 + 0.59673 + 3.69082 + 0.01087 + 0.00000 + 0.03166 + 884.94450]
[ INFO : 2026-08-18 04:02:33,825 ] - Test_@[5, 10, 20, 50]: Recall=[0.03883, 0.05808, 0.08809, 0.15171],  precision=[0.00777, 0.00581, 0.00440, 0.00303], hit=[0.03883, 0.05808, 0.08809, 0.15171], ndcg=[0.02829, 0.03445, 0.04197, 0.05447], Train Rec Loss=[0.03306], Eval Rec Loss=[0.03313], c=[0.50000], F=[0.72287, 0.80766, 0.88922, 0.93729], F_fuse=[0.01537, 0.01153, 0.00877, 0.00605]
[ INFO : 2026-08-18 04:03:28,504 ] - Epoch 145: train==[58.00813 = 0.78112 + 0.59673 + 3.67187 + 0.01083 + 0.00000 + 0.02992 + 884.94450]
[ INFO : 2026-08-18 04:03:34,256 ] - Test_@[5, 10, 20, 50]: Recall=[0.03948, 0.06085, 0.09021, 0.15383],  precision=[0.00790, 0.00608, 0.00451, 0.00308], hit=[0.03948, 0.06085, 0.09021, 0.15383], ndcg=[0.02891, 0.03574, 0.04304, 0.05555], Train Rec Loss=[0.03305], Eval Rec Loss=[0.03313], c=[0.50000], F=[0.70636, 0.80098, 0.88543, 0.93505], F_fuse=[0.01562, 0.01208, 0.00898, 0.00613]
[ INFO : 2026-08-18 04:04:29,654 ] - Epoch 146: train==[58.00753 = 0.77801 + 0.59673 + 3.67640 + 0.01082 + 0.00000 + 0.02792 + 884.94450]
[ INFO : 2026-08-18 04:04:35,847 ] - Test_@[5, 10, 20, 50]: Recall=[0.03654, 0.05644, 0.08777, 0.14861],  precision=[0.00731, 0.00564, 0.00439, 0.00297], hit=[0.03654, 0.05644, 0.08777, 0.14861], ndcg=[0.02657, 0.03297, 0.04078, 0.05275], Train Rec Loss=[0.03307], Eval Rec Loss=[0.03313], c=[0.50000], F=[0.73469, 0.81549, 0.89223, 0.93787], F_fuse=[0.01447, 0.01121, 0.00873, 0.00593]
[ INFO : 2026-08-18 04:05:30,681 ] - Epoch 147: train==[57.98042 = 0.77959 + 0.59673 + 3.64944 + 0.01081 + 0.00000 + 0.02620 + 884.94450]
[ INFO : 2026-08-18 04:05:37,233 ] - Test_@[5, 10, 20, 50]: Recall=[0.03899, 0.05873, 0.09103, 0.15285],  precision=[0.00780, 0.00587, 0.00455, 0.00306], hit=[0.03899, 0.05873, 0.09103, 0.15285], ndcg=[0.02841, 0.03475, 0.04278, 0.05490], Train Rec Loss=[0.03306], Eval Rec Loss=[0.03315], c=[0.50000], F=[0.71034, 0.80239, 0.88800, 0.93554], F_fuse=[0.01543, 0.01166, 0.00906, 0.00609]
[ INFO : 2026-08-18 04:06:32,815 ] - Epoch 148: train==[57.96109 = 0.77561 + 0.59673 + 3.63581 + 0.01081 + 0.00000 + 0.02448 + 884.94450]
[ INFO : 2026-08-18 04:06:38,591 ] - Test_@[5, 10, 20, 50]: Recall=[0.03556, 0.05530, 0.08613, 0.14600],  precision=[0.00711, 0.00553, 0.00431, 0.00292], hit=[0.03556, 0.05530, 0.08613, 0.14600], ndcg=[0.02585, 0.03223, 0.03995, 0.05178], Train Rec Loss=[0.03305], Eval Rec Loss=[0.03314], c=[0.50000], F=[0.74825, 0.82662, 0.89896, 0.93939], F_fuse=[0.01409, 0.01099, 0.00857, 0.00582]
[ INFO : 2026-08-18 04:07:33,290 ] - Epoch 149: train==[57.90342 = 0.77383 + 0.59673 + 3.58098 + 0.01091 + 0.00000 + 0.02332 + 884.94450]
[ INFO : 2026-08-18 04:07:39,159 ] - Test_@[5, 10, 20, 50]: Recall=[0.03768, 0.05693, 0.08744, 0.15106],  precision=[0.00754, 0.00569, 0.00437, 0.00302], hit=[0.03768, 0.05693, 0.08744, 0.15106], ndcg=[0.02723, 0.03345, 0.04109, 0.05362], Train Rec Loss=[0.03303], Eval Rec Loss=[0.03312], c=[0.50000], F=[0.74458, 0.82253, 0.89435, 0.93727], F_fuse=[0.01492, 0.01131, 0.00870, 0.00602]
[ INFO : 2026-08-18 04:08:34,446 ] - Epoch 150: train==[57.93114 = 0.77110 + 0.59673 + 3.61302 + 0.01096 + 0.00000 + 0.02168 + 884.94450]
[ INFO : 2026-08-18 04:08:41,067 ] - Test_@[5, 10, 20, 50]: Recall=[0.03622, 0.05644, 0.08777, 0.15122],  precision=[0.00724, 0.00564, 0.00439, 0.00302], hit=[0.03622, 0.05644, 0.08777, 0.15122], ndcg=[0.02619, 0.03276, 0.04057, 0.05301], Train Rec Loss=[0.03304], Eval Rec Loss=[0.03311], c=[0.50000], F=[0.74271, 0.82298, 0.89447, 0.93737], F_fuse=[0.01435, 0.01121, 0.00873, 0.00603]
[ INFO : 2026-08-18 04:09:35,381 ] - Epoch 151: train==[57.90145 = 0.76770 + 0.59674 + 3.58781 + 0.01085 + 0.00000 + 0.02069 + 884.94450]
[ INFO : 2026-08-18 04:09:41,001 ] - Test_@[5, 10, 20, 50]: Recall=[0.03573, 0.05530, 0.08744, 0.14796],  precision=[0.00715, 0.00553, 0.00437, 0.00296], hit=[0.03573, 0.05530, 0.08744, 0.14796], ndcg=[0.02581, 0.03216, 0.04018, 0.05210], Train Rec Loss=[0.03305], Eval Rec Loss=[0.03312], c=[0.50000], F=[0.75308, 0.82764, 0.89744, 0.93937], F_fuse=[0.01416, 0.01099, 0.00870, 0.00590]
[ INFO : 2026-08-18 04:10:36,555 ] - Epoch 152: train==[57.91797 = 0.76368 + 0.59673 + 3.61004 + 0.01096 + 0.00000 + 0.01892 + 884.94450]
[ INFO : 2026-08-18 04:10:42,340 ] - Test_@[5, 10, 20, 50]: Recall=[0.03556, 0.05546, 0.08581, 0.14780],  precision=[0.00711, 0.00555, 0.00429, 0.00296], hit=[0.03556, 0.05546, 0.08581, 0.14780], ndcg=[0.02541, 0.03183, 0.03941, 0.05161], Train Rec Loss=[0.03304], Eval Rec Loss=[0.03311], c=[0.50000], F=[0.75277, 0.82922, 0.89915, 0.94006], F_fuse=[0.01409, 0.01102, 0.00854, 0.00589]
[ INFO : 2026-08-18 04:11:37,556 ] - Epoch 153: train==[57.82111 = 0.76111 + 0.59673 + 3.51700 + 0.01104 + 0.00000 + 0.01758 + 884.94450]
[ INFO : 2026-08-18 04:11:43,738 ] - Test_@[5, 10, 20, 50]: Recall=[0.03866, 0.05808, 0.09070, 0.15481],  precision=[0.00773, 0.00581, 0.00454, 0.00310], hit=[0.03866, 0.05808, 0.09070, 0.15481], ndcg=[0.02803, 0.03432, 0.04251, 0.05512], Train Rec Loss=[0.03303], Eval Rec Loss=[0.03309], c=[0.50000], F=[0.75164, 0.82467, 0.89407, 0.93860], F_fuse=[0.01531, 0.01153, 0.00902, 0.00617]
[ INFO : 2026-08-18 04:12:38,770 ] - Epoch 154: train==[57.83342 = 0.75859 + 0.59674 + 3.53339 + 0.01102 + 0.00000 + 0.01603 + 884.94450]
[ INFO : 2026-08-18 04:12:44,850 ] - Test_@[5, 10, 20, 50]: Recall=[0.03589, 0.05546, 0.08515, 0.14747],  precision=[0.00718, 0.00555, 0.00426, 0.00295], hit=[0.03589, 0.05546, 0.08515, 0.14747], ndcg=[0.02586, 0.03221, 0.03964, 0.05196], Train Rec Loss=[0.03304], Eval Rec Loss=[0.03309], c=[0.50000], F=[0.76198, 0.83249, 0.89907, 0.93956], F_fuse=[0.01422, 0.01102, 0.00848, 0.00588]
[ INFO : 2026-08-18 04:13:39,555 ] - Epoch 155: train==[57.80992 = 0.75610 + 0.59673 + 3.51347 + 0.01105 + 0.00000 + 0.01493 + 884.94450]
[ INFO : 2026-08-18 04:13:45,110 ] - Test_@[5, 10, 20, 50]: Recall=[0.03556, 0.05808, 0.08940, 0.15106],  precision=[0.00711, 0.00581, 0.00447, 0.00302], hit=[0.03556, 0.05808, 0.08940, 0.15106], ndcg=[0.02614, 0.03336, 0.04119, 0.05333], Train Rec Loss=[0.03303], Eval Rec Loss=[0.03311], c=[0.50000], F=[0.75772, 0.83307, 0.89738, 0.93943], F_fuse=[0.01409, 0.01153, 0.00890, 0.00602]
[ INFO : 2026-08-18 04:14:39,939 ] - Epoch 156: train==[57.79498 = 0.75111 + 0.59673 + 3.50434 + 0.01104 + 0.00000 + 0.01410 + 884.94450]
[ INFO : 2026-08-18 04:14:45,641 ] - Test_@[5, 10, 20, 50]: Recall=[0.03524, 0.05726, 0.08744, 0.14878],  precision=[0.00705, 0.00573, 0.00437, 0.00298], hit=[0.03524, 0.05726, 0.08744, 0.14878], ndcg=[0.02563, 0.03275, 0.04028, 0.05236], Train Rec Loss=[0.03304], Eval Rec Loss=[0.03309], c=[0.50000], F=[0.76065, 0.83427, 0.89910, 0.93991], F_fuse=[0.01397, 0.01137, 0.00870, 0.00593]
[ INFO : 2026-08-18 04:15:40,682 ] - Epoch 157: train==[57.71315 = 0.75128 + 0.59673 + 3.42358 + 0.01110 + 0.00000 + 0.01280 + 884.94450]
[ INFO : 2026-08-18 04:15:46,380 ] - Test_@[5, 10, 20, 50]: Recall=[0.03785, 0.05840, 0.09021, 0.15367],  precision=[0.00757, 0.00584, 0.00451, 0.00307], hit=[0.03785, 0.05840, 0.09021, 0.15367], ndcg=[0.02735, 0.03397, 0.04199, 0.05451], Train Rec Loss=[0.03302], Eval Rec Loss=[0.03310], c=[0.50000], F=[0.74679, 0.82563, 0.89713, 0.93989], F_fuse=[0.01499, 0.01160, 0.00898, 0.00613]
[ INFO : 2026-08-18 04:16:41,115 ] - Epoch 158: train==[57.81268 = 0.75179 + 0.59673 + 3.52298 + 0.01106 + 0.00000 + 0.01247 + 884.94450]
[ INFO : 2026-08-18 04:16:47,537 ] - Test_@[5, 10, 20, 50]: Recall=[0.03589, 0.05693, 0.08793, 0.14927],  precision=[0.00718, 0.00569, 0.00440, 0.00299], hit=[0.03589, 0.05693, 0.08793, 0.14927], ndcg=[0.02577, 0.03259, 0.04034, 0.05243], Train Rec Loss=[0.03303], Eval Rec Loss=[0.03309], c=[0.50000], F=[0.75931, 0.83364, 0.89995, 0.94184], F_fuse=[0.01422, 0.01131, 0.00875, 0.00595]
[ INFO : 2026-08-18 04:17:42,119 ] - Epoch 159: train==[57.74741 = 0.74563 + 0.59673 + 3.46546 + 0.01105 + 0.00000 + 0.01088 + 884.94450]
[ INFO : 2026-08-18 04:17:48,027 ] - Test_@[5, 10, 20, 50]: Recall=[0.03752, 0.05987, 0.09184, 0.15432],  precision=[0.00750, 0.00599, 0.00459, 0.00309], hit=[0.03752, 0.05987, 0.09184, 0.15432], ndcg=[0.02706, 0.03425, 0.04230, 0.05460], Train Rec Loss=[0.03303], Eval Rec Loss=[0.03308], c=[0.50000], F=[0.76779, 0.83846, 0.90012, 0.94104], F_fuse=[0.01486, 0.01189, 0.00914, 0.00615]
[ INFO : 2026-08-18 04:18:45,214 ] - Epoch 160: train==[57.69484 = 0.74162 + 0.59674 + 3.41776 + 0.01102 + 0.00000 + 0.01006 + 884.94450]
[ INFO : 2026-08-18 04:18:50,750 ] - Test_@[5, 10, 20, 50]: Recall=[0.03736, 0.05856, 0.08777, 0.15057],  precision=[0.00747, 0.00586, 0.00439, 0.00301], hit=[0.03736, 0.05856, 0.08777, 0.15057], ndcg=[0.02631, 0.03307, 0.04037, 0.05279], Train Rec Loss=[0.03301], Eval Rec Loss=[0.03311], c=[0.50000], F=[0.76876, 0.83831, 0.90240, 0.94201], F_fuse=[0.01480, 0.01163, 0.00873, 0.00600]
[ INFO : 2026-08-18 04:19:45,599 ] - Epoch 161: train==[57.62270 = 0.73904 + 0.59674 + 3.34985 + 0.01109 + 0.00000 + 0.00834 + 884.94450]
[ INFO : 2026-08-18 04:19:51,439 ] - Test_@[5, 10, 20, 50]: Recall=[0.03801, 0.05824, 0.08842, 0.15188],  precision=[0.00760, 0.00582, 0.00442, 0.00304], hit=[0.03801, 0.05824, 0.08842, 0.15188], ndcg=[0.02692, 0.03344, 0.04102, 0.05354], Train Rec Loss=[0.03302], Eval Rec Loss=[0.03307], c=[0.50000], F=[0.77307, 0.84289, 0.90587, 0.94425], F_fuse=[0.01506, 0.01157, 0.00880, 0.00606]
[ INFO : 2026-08-18 04:20:46,598 ] - Epoch 162: train==[57.57398 = 0.73639 + 0.59673 + 3.30401 + 0.01117 + 0.00000 + 0.00803 + 884.94450]
[ INFO : 2026-08-18 04:20:52,418 ] - Test_@[5, 10, 20, 50]: Recall=[0.03817, 0.05791, 0.09152, 0.15661],  precision=[0.00763, 0.00579, 0.00458, 0.00313], hit=[0.03817, 0.05791, 0.09152, 0.15661], ndcg=[0.02745, 0.03384, 0.04231, 0.05510], Train Rec Loss=[0.03300], Eval Rec Loss=[0.03307], c=[0.50000], F=[0.77496, 0.84231, 0.90364, 0.94371], F_fuse=[0.01512, 0.01150, 0.00911, 0.00624]
[ INFO : 2026-08-18 04:21:46,695 ] - Epoch 163: train==[57.61318 = 0.73653 + 0.59673 + 3.34369 + 0.01109 + 0.00000 + 0.00748 + 884.94450]
[ INFO : 2026-08-18 04:21:52,391 ] - Test_@[5, 10, 20, 50]: Recall=[0.03817, 0.05971, 0.09250, 0.15595],  precision=[0.00763, 0.00597, 0.00462, 0.00312], hit=[0.03817, 0.05971, 0.09250, 0.15595], ndcg=[0.02758, 0.03452, 0.04277, 0.05525], Train Rec Loss=[0.03300], Eval Rec Loss=[0.03307], c=[0.50000], F=[0.76542, 0.83739, 0.89997, 0.94240], F_fuse=[0.01512, 0.01186, 0.00920, 0.00622]
[ INFO : 2026-08-18 04:22:47,159 ] - Epoch 164: train==[57.62365 = 0.73650 + 0.59673 + 3.35446 + 0.01114 + 0.00000 + 0.00717 + 884.94450]
[ INFO : 2026-08-18 04:22:53,094 ] - Test_@[5, 10, 20, 50]: Recall=[0.03980, 0.06003, 0.09217, 0.15808],  precision=[0.00796, 0.00600, 0.00461, 0.00316], hit=[0.03980, 0.06003, 0.09217, 0.15808], ndcg=[0.02831, 0.03486, 0.04296, 0.05590], Train Rec Loss=[0.03301], Eval Rec Loss=[0.03308], c=[0.50000], F=[0.76866, 0.83992, 0.90339, 0.94373], F_fuse=[0.01576, 0.01192, 0.00917, 0.00630]
[ INFO : 2026-08-18 04:23:48,205 ] - Epoch 165: train==[57.58636 = 0.72951 + 0.59674 + 3.32461 + 0.01106 + 0.00000 + 0.00680 + 884.94450]
[ INFO : 2026-08-18 04:23:54,284 ] - Test_@[5, 10, 20, 50]: Recall=[0.03948, 0.06117, 0.09380, 0.15710],  precision=[0.00790, 0.00612, 0.00469, 0.00314], hit=[0.03948, 0.06117, 0.09380, 0.15710], ndcg=[0.02789, 0.03483, 0.04297, 0.05538], Train Rec Loss=[0.03299], Eval Rec Loss=[0.03307], c=[0.50000], F=[0.77846, 0.84447, 0.90617, 0.94583], F_fuse=[0.01563, 0.01215, 0.00933, 0.00626]
[ INFO : 2026-08-18 04:24:50,324 ] - Epoch 166: train==[57.60883 = 0.72963 + 0.59673 + 3.34685 + 0.01099 + 0.00000 + 0.00697 + 884.94450]
[ INFO : 2026-08-18 04:24:56,100 ] - Test_@[5, 10, 20, 50]: Recall=[0.03687, 0.05742, 0.08907, 0.15106],  precision=[0.00737, 0.00574, 0.00445, 0.00302], hit=[0.03687, 0.05742, 0.08907, 0.15106], ndcg=[0.02618, 0.03283, 0.04075, 0.05296], Train Rec Loss=[0.03299], Eval Rec Loss=[0.03306], c=[0.50000], F=[0.77875, 0.84631, 0.90511, 0.94354], F_fuse=[0.01461, 0.01141, 0.00886, 0.00602]
[ INFO : 2026-08-18 04:25:50,694 ] - Epoch 167: train==[57.61411 = 0.72450 + 0.59673 + 3.35653 + 0.01099 + 0.00000 + 0.00772 + 884.94450]
[ INFO : 2026-08-18 04:25:56,990 ] - Test_@[5, 10, 20, 50]: Recall=[0.03834, 0.06036, 0.09413, 0.15710],  precision=[0.00767, 0.00604, 0.00471, 0.00314], hit=[0.03834, 0.06036, 0.09413, 0.15710], ndcg=[0.02760, 0.03473, 0.04320, 0.05556], Train Rec Loss=[0.03299], Eval Rec Loss=[0.03306], c=[0.50000], F=[0.76821, 0.84032, 0.90466, 0.94518], F_fuse=[0.01518, 0.01199, 0.00936, 0.00626]
[ INFO : 2026-08-18 04:26:51,536 ] - Epoch 168: train==[57.53587 = 0.72568 + 0.59674 + 3.27843 + 0.01108 + 0.00000 + 0.00630 + 884.94450]
[ INFO : 2026-08-18 04:26:57,105 ] - Test_@[5, 10, 20, 50]: Recall=[0.03931, 0.06166, 0.09331, 0.15644],  precision=[0.00786, 0.00617, 0.00467, 0.00313], hit=[0.03931, 0.06166, 0.09331, 0.15644], ndcg=[0.02771, 0.03487, 0.04281, 0.05523], Train Rec Loss=[0.03300], Eval Rec Loss=[0.03307], c=[0.50000], F=[0.77532, 0.84390, 0.90408, 0.94433], F_fuse=[0.01557, 0.01224, 0.00928, 0.00624]
[ INFO : 2026-08-18 04:27:51,212 ] - Epoch 169: train==[57.54485 = 0.71948 + 0.59673 + 3.29416 + 0.01109 + 0.00000 + 0.00574 + 884.94450]
[ INFO : 2026-08-18 04:27:57,043 ] - Test_@[5, 10, 20, 50]: Recall=[0.03850, 0.06036, 0.09152, 0.15710],  precision=[0.00770, 0.00604, 0.00458, 0.00314], hit=[0.03850, 0.06036, 0.09152, 0.15710], ndcg=[0.02723, 0.03430, 0.04211, 0.05497], Train Rec Loss=[0.03298], Eval Rec Loss=[0.03304], c=[0.50000], F=[0.77662, 0.84465, 0.90590, 0.94566], F_fuse=[0.01525, 0.01199, 0.00911, 0.00626]
[ INFO : 2026-08-18 04:28:51,299 ] - Epoch 170: train==[57.53797 = 0.72186 + 0.59673 + 3.28421 + 0.01109 + 0.00000 + 0.00644 + 884.94450]
[ INFO : 2026-08-18 04:28:57,570 ] - Test_@[5, 10, 20, 50]: Recall=[0.03801, 0.05791, 0.08891, 0.15400],  precision=[0.00760, 0.00579, 0.00445, 0.00308], hit=[0.03801, 0.05791, 0.08891, 0.15400], ndcg=[0.02690, 0.03332, 0.04110, 0.05390], Train Rec Loss=[0.03301], Eval Rec Loss=[0.03304], c=[0.50000], F=[0.78384, 0.85059, 0.90778, 0.94469], F_fuse=[0.01506, 0.01150, 0.00885, 0.00614]
[ INFO : 2026-08-18 04:29:52,618 ] - Epoch 171: train==[57.49360 = 0.71817 + 0.59675 + 3.24388 + 0.01110 + 0.00000 + 0.00605 + 884.94450]
[ INFO : 2026-08-18 04:29:58,837 ] - Test_@[5, 10, 20, 50]: Recall=[0.03850, 0.05873, 0.08989, 0.15269],  precision=[0.00770, 0.00587, 0.00449, 0.00305], hit=[0.03850, 0.05873, 0.08989, 0.15269], ndcg=[0.02671, 0.03323, 0.04100, 0.05335], Train Rec Loss=[0.03299], Eval Rec Loss=[0.03304], c=[0.50000], F=[0.78086, 0.84673, 0.90583, 0.94471], F_fuse=[0.01525, 0.01166, 0.00894, 0.00609]
[ INFO : 2026-08-18 04:30:53,485 ] - Epoch 172: train==[57.51158 = 0.71456 + 0.59673 + 3.26610 + 0.01113 + 0.00000 + 0.00542 + 884.94450]
[ INFO : 2026-08-18 04:30:59,147 ] - Test_@[5, 10, 20, 50]: Recall=[0.03883, 0.06036, 0.09135, 0.15498],  precision=[0.00777, 0.00604, 0.00457, 0.00310], hit=[0.03883, 0.06036, 0.09135, 0.15498], ndcg=[0.02707, 0.03401, 0.04172, 0.05423], Train Rec Loss=[0.03298], Eval Rec Loss=[0.03304], c=[0.50000], F=[0.78335, 0.84828, 0.90550, 0.94543], F_fuse=[0.01538, 0.01199, 0.00909, 0.00618]
[ INFO : 2026-08-18 04:31:53,716 ] - Epoch 173: train==[57.52723 = 0.70917 + 0.59673 + 3.28723 + 0.01109 + 0.00000 + 0.00535 + 884.94450]
[ INFO : 2026-08-18 04:31:59,824 ] - Test_@[5, 10, 20, 50]: Recall=[0.03899, 0.06020, 0.09168, 0.15514],  precision=[0.00780, 0.00602, 0.00458, 0.00310], hit=[0.03899, 0.06020, 0.09168, 0.15514], ndcg=[0.02711, 0.03391, 0.04177, 0.05425], Train Rec Loss=[0.03298], Eval Rec Loss=[0.03304], c=[0.50000], F=[0.79542, 0.85666, 0.91163, 0.94894], F_fuse=[0.01544, 0.01196, 0.00912, 0.00619]
[ INFO : 2026-08-18 04:32:54,736 ] - Epoch 174: train==[57.44809 = 0.70878 + 0.59674 + 3.20801 + 0.01117 + 0.00000 + 0.00574 + 884.94450]
[ INFO : 2026-08-18 04:33:00,473 ] - Test_@[5, 10, 20, 50]: Recall=[0.03785, 0.05987, 0.08989, 0.15253],  precision=[0.00757, 0.00599, 0.00449, 0.00305], hit=[0.03785, 0.05987, 0.08989, 0.15253], ndcg=[0.02624, 0.03331, 0.04081, 0.05312], Train Rec Loss=[0.03297], Eval Rec Loss=[0.03303], c=[0.50000], F=[0.78926, 0.85102, 0.90674, 0.94412], F_fuse=[0.01499, 0.01189, 0.00894, 0.00608]
[ INFO : 2026-08-18 04:33:54,951 ] - Epoch 175: train==[57.38713 = 0.70852 + 0.59673 + 3.14699 + 0.01105 + 0.00000 + 0.00619 + 884.94450]
[ INFO : 2026-08-18 04:34:00,694 ] - Test_@[5, 10, 20, 50]: Recall=[0.03703, 0.05759, 0.08777, 0.15057],  precision=[0.00741, 0.00576, 0.00439, 0.00301], hit=[0.03703, 0.05759, 0.08777, 0.15057], ndcg=[0.02575, 0.03237, 0.03998, 0.05236], Train Rec Loss=[0.03297], Eval Rec Loss=[0.03304], c=[0.50000], F=[0.79149, 0.85491, 0.91103, 0.94622], F_fuse=[0.01468, 0.01144, 0.00873, 0.00600]
[ INFO : 2026-08-18 04:34:56,664 ] - Epoch 176: train==[57.36107 = 0.70592 + 0.59674 + 3.12436 + 0.01105 + 0.00000 + 0.00536 + 884.94450]
[ INFO : 2026-08-18 04:35:02,591 ] - Test_@[5, 10, 20, 50]: Recall=[0.03883, 0.06101, 0.09364, 0.15498],  precision=[0.00777, 0.00610, 0.00468, 0.00310], hit=[0.03883, 0.06101, 0.09364, 0.15498], ndcg=[0.02732, 0.03455, 0.04273, 0.05481], Train Rec Loss=[0.03297], Eval Rec Loss=[0.03302], c=[0.50000], F=[0.78721, 0.85163, 0.90953, 0.94809], F_fuse=[0.01538, 0.01212, 0.00932, 0.00618]
[ INFO : 2026-08-18 04:35:57,880 ] - Epoch 177: train==[57.37868 = 0.70156 + 0.59673 + 3.14718 + 0.01110 + 0.00000 + 0.00446 + 884.94450]
[ INFO : 2026-08-18 04:36:03,801 ] - Test_@[5, 10, 20, 50]: Recall=[0.03866, 0.06052, 0.09135, 0.15302],  precision=[0.00773, 0.00605, 0.00457, 0.00306], hit=[0.03866, 0.06052, 0.09135, 0.15302], ndcg=[0.02662, 0.03371, 0.04142, 0.05357], Train Rec Loss=[0.03297], Eval Rec Loss=[0.03304], c=[0.50000], F=[0.78990, 0.85137, 0.90915, 0.94691], F_fuse=[0.01532, 0.01202, 0.00909, 0.00610]
[ INFO : 2026-08-18 04:36:58,374 ] - Epoch 178: train==[57.37279 = 0.69656 + 0.59675 + 3.14570 + 0.01123 + 0.00000 + 0.00491 + 884.94450]
[ INFO : 2026-08-18 04:37:04,766 ] - Test_@[5, 10, 20, 50]: Recall=[0.03964, 0.06150, 0.09364, 0.15808],  precision=[0.00793, 0.00615, 0.00468, 0.00316], hit=[0.03964, 0.06150, 0.09364, 0.15808], ndcg=[0.02771, 0.03477, 0.04287, 0.05557], Train Rec Loss=[0.03297], Eval Rec Loss=[0.03303], c=[0.50000], F=[0.79400, 0.85444, 0.90972, 0.94820], F_fuse=[0.01570, 0.01221, 0.00932, 0.00630]
[ INFO : 2026-08-18 04:37:59,344 ] - Epoch 179: train==[57.30556 = 0.69656 + 0.59673 + 3.07841 + 0.01123 + 0.00000 + 0.00499 + 884.94450]
[ INFO : 2026-08-18 04:38:05,989 ] - Test_@[5, 10, 20, 50]: Recall=[0.03785, 0.05954, 0.09135, 0.15334],  precision=[0.00757, 0.00595, 0.00457, 0.00307], hit=[0.03785, 0.05954, 0.09135, 0.15334], ndcg=[0.02649, 0.03347, 0.04136, 0.05359], Train Rec Loss=[0.03297], Eval Rec Loss=[0.03302], c=[0.50000], F=[0.79146, 0.85475, 0.91163, 0.94739], F_fuse=[0.01500, 0.01183, 0.00909, 0.00611]
[ INFO : 2026-08-18 04:39:01,931 ] - Epoch 180: train==[57.30722 = 0.69559 + 0.59674 + 3.08084 + 0.01132 + 0.00000 + 0.00508 + 884.94450]
[ INFO : 2026-08-18 04:39:07,677 ] - Test_@[5, 10, 20, 50]: Recall=[0.03899, 0.06003, 0.09103, 0.15514],  precision=[0.00780, 0.00600, 0.00455, 0.00310], hit=[0.03899, 0.06003, 0.09103, 0.15514], ndcg=[0.02698, 0.03374, 0.04148, 0.05411], Train Rec Loss=[0.03296], Eval Rec Loss=[0.03303], c=[0.50000], F=[0.79471, 0.85575, 0.91178, 0.94800], F_fuse=[0.01544, 0.01192, 0.00906, 0.00619]
[ INFO : 2026-08-18 04:40:02,564 ] - Epoch 181: train==[57.36168 = 0.69326 + 0.59673 + 3.13763 + 0.01136 + 0.00000 + 0.00505 + 884.94450]
[ INFO : 2026-08-18 04:40:08,364 ] - Test_@[5, 10, 20, 50]: Recall=[0.03948, 0.06134, 0.09527, 0.15710],  precision=[0.00790, 0.00613, 0.00476, 0.00314], hit=[0.03948, 0.06134, 0.09527, 0.15710], ndcg=[0.02734, 0.03442, 0.04291, 0.05509], Train Rec Loss=[0.03295], Eval Rec Loss=[0.03302], c=[0.50000], F=[0.80006, 0.85648, 0.91169, 0.94735], F_fuse=[0.01564, 0.01218, 0.00948, 0.00626]
[ INFO : 2026-08-18 04:41:03,462 ] - Epoch 182: train==[57.29058 = 0.68807 + 0.59673 + 3.07215 + 0.01128 + 0.00000 + 0.00471 + 884.94450]
[ INFO : 2026-08-18 04:41:09,447 ] - Test_@[5, 10, 20, 50]: Recall=[0.03964, 0.06052, 0.09315, 0.15661],  precision=[0.00793, 0.00605, 0.00466, 0.00313], hit=[0.03964, 0.06052, 0.09315, 0.15661], ndcg=[0.02744, 0.03416, 0.04232, 0.05483], Train Rec Loss=[0.03295], Eval Rec Loss=[0.03303], c=[0.50000], F=[0.80052, 0.85891, 0.91213, 0.94775], F_fuse=[0.01570, 0.01202, 0.00927, 0.00624]
[ INFO : 2026-08-18 04:42:04,742 ] - Epoch 183: train==[57.29842 = 0.68845 + 0.59674 + 3.07968 + 0.01136 + 0.00000 + 0.00453 + 884.94450]
[ INFO : 2026-08-18 04:42:10,373 ] - Test_@[5, 10, 20, 50]: Recall=[0.03768, 0.05987, 0.09103, 0.15106],  precision=[0.00754, 0.00599, 0.00455, 0.00302], hit=[0.03768, 0.05987, 0.09103, 0.15106], ndcg=[0.02608, 0.03325, 0.04102, 0.05283], Train Rec Loss=[0.03295], Eval Rec Loss=[0.03302], c=[0.50000], F=[0.79783, 0.85860, 0.91319, 0.94827], F_fuse=[0.01493, 0.01189, 0.00906, 0.00602]
[ INFO : 2026-08-18 04:43:04,895 ] - Epoch 184: train==[57.25851 = 0.68472 + 0.59673 + 3.04329 + 0.01132 + 0.00000 + 0.00481 + 884.94450]
[ INFO : 2026-08-18 04:43:10,727 ] - Test_@[5, 10, 20, 50]: Recall=[0.03801, 0.05954, 0.09217, 0.15449],  precision=[0.00760, 0.00595, 0.00461, 0.00309], hit=[0.03801, 0.05954, 0.09217, 0.15449], ndcg=[0.02667, 0.03368, 0.04192, 0.05420], Train Rec Loss=[0.03295], Eval Rec Loss=[0.03301], c=[0.50000], F=[0.80090, 0.85871, 0.91348, 0.94969], F_fuse=[0.01506, 0.01183, 0.00917, 0.00616]
[ INFO : 2026-08-18 04:44:05,051 ] - Epoch 185: train==[57.19616 = 0.68526 + 0.59675 + 2.98023 + 0.01138 + 0.00000 + 0.00490 + 884.94450]
[ INFO : 2026-08-18 04:44:10,891 ] - Test_@[5, 10, 20, 50]: Recall=[0.04046, 0.06134, 0.09511, 0.15726],  precision=[0.00809, 0.00613, 0.00476, 0.00315], hit=[0.04046, 0.06134, 0.09511, 0.15726], ndcg=[0.02802, 0.03481, 0.04329, 0.05552], Train Rec Loss=[0.03296], Eval Rec Loss=[0.03302], c=[0.50000], F=[0.79932, 0.85682, 0.91155, 0.94899], F_fuse=[0.01602, 0.01218, 0.00946, 0.00627]
[ INFO : 2026-08-18 04:45:06,027 ] - Epoch 186: train==[57.26867 = 0.68494 + 0.59673 + 3.05362 + 0.01130 + 0.00000 + 0.00444 + 884.94450]
[ INFO : 2026-08-18 04:45:11,712 ] - Test_@[5, 10, 20, 50]: Recall=[0.03915, 0.06085, 0.09347, 0.15563],  precision=[0.00783, 0.00608, 0.00467, 0.00311], hit=[0.03915, 0.06085, 0.09347, 0.15563], ndcg=[0.02714, 0.03413, 0.04228, 0.05450], Train Rec Loss=[0.03294], Eval Rec Loss=[0.03302], c=[0.50000], F=[0.80127, 0.85964, 0.91219, 0.94871], F_fuse=[0.01551, 0.01208, 0.00930, 0.00620]
[ INFO : 2026-08-18 04:46:06,143 ] - Epoch 187: train==[57.24760 = 0.68189 + 0.59675 + 3.03567 + 0.01135 + 0.00000 + 0.00429 + 884.94450]
[ INFO : 2026-08-18 04:46:11,869 ] - Test_@[5, 10, 20, 50]: Recall=[0.03948, 0.06183, 0.09527, 0.15514],  precision=[0.00790, 0.00618, 0.00476, 0.00310], hit=[0.03948, 0.06183, 0.09527, 0.15514], ndcg=[0.02741, 0.03468, 0.04308, 0.05488], Train Rec Loss=[0.03294], Eval Rec Loss=[0.03300], c=[0.50000], F=[0.79889, 0.85588, 0.91090, 0.94787], F_fuse=[0.01564, 0.01228, 0.00948, 0.00619]
[ INFO : 2026-08-18 04:47:07,262 ] - Epoch 188: train==[57.20086 = 0.67677 + 0.59674 + 2.99426 + 0.01144 + 0.00000 + 0.00400 + 884.94450]
[ INFO : 2026-08-18 04:47:13,137 ] - Test_@[5, 10, 20, 50]: Recall=[0.03834, 0.06183, 0.09299, 0.15334],  precision=[0.00767, 0.00618, 0.00465, 0.00307], hit=[0.03834, 0.06183, 0.09299, 0.15334], ndcg=[0.02649, 0.03412, 0.04192, 0.05382], Train Rec Loss=[0.03293], Eval Rec Loss=[0.03302], c=[0.50000], F=[0.80871, 0.86200, 0.91434, 0.94822], F_fuse=[0.01519, 0.01228, 0.00925, 0.00611]
[ INFO : 2026-08-18 04:48:08,637 ] - Epoch 189: train==[57.19250 = 0.67561 + 0.59673 + 2.98684 + 0.01151 + 0.00000 + 0.00416 + 884.94450]
[ INFO : 2026-08-18 04:48:14,301 ] - Test_@[5, 10, 20, 50]: Recall=[0.03622, 0.05775, 0.08842, 0.14976],  precision=[0.00724, 0.00577, 0.00442, 0.00300], hit=[0.03622, 0.05775, 0.08842, 0.14976], ndcg=[0.02493, 0.03191, 0.03964, 0.05175], Train Rec Loss=[0.03294], Eval Rec Loss=[0.03302], c=[0.50000], F=[0.80573, 0.86418, 0.91665, 0.94887], F_fuse=[0.01436, 0.01147, 0.00880, 0.00597]
[ INFO : 2026-08-18 04:49:08,772 ] - Epoch 190: train==[57.26191 = 0.67243 + 0.59674 + 3.05873 + 0.01140 + 0.00000 + 0.00497 + 884.94450]
[ INFO : 2026-08-18 04:49:14,467 ] - Test_@[5, 10, 20, 50]: Recall=[0.03883, 0.06199, 0.09315, 0.15514],  precision=[0.00777, 0.00620, 0.00466, 0.00310], hit=[0.03883, 0.06199, 0.09315, 0.15514], ndcg=[0.02694, 0.03446, 0.04228, 0.05451], Train Rec Loss=[0.03293], Eval Rec Loss=[0.03300], c=[0.50000], F=[0.80637, 0.86327, 0.91532, 0.94980], F_fuse=[0.01538, 0.01231, 0.00927, 0.00619]
[ INFO : 2026-08-18 04:50:08,728 ] - Epoch 191: train==[57.15666 = 0.67251 + 0.59674 + 2.95425 + 0.01140 + 0.00000 + 0.00411 + 884.94450]
[ INFO : 2026-08-18 04:50:14,809 ] - Test_@[5, 10, 20, 50]: Recall=[0.04029, 0.06427, 0.09706, 0.16020],  precision=[0.00806, 0.00643, 0.00485, 0.00320], hit=[0.04029, 0.06427, 0.09706, 0.16020], ndcg=[0.02818, 0.03590, 0.04414, 0.05660], Train Rec Loss=[0.03293], Eval Rec Loss=[0.03300], c=[0.50000], F=[0.80610, 0.86173, 0.91458, 0.95044], F_fuse=[0.01596, 0.01276, 0.00966, 0.00639]
[ INFO : 2026-08-18 04:51:09,888 ] - Epoch 192: train==[57.17217 = 0.67125 + 0.59673 + 2.97152 + 0.01138 + 0.00000 + 0.00363 + 884.94450]
[ INFO : 2026-08-18 04:51:16,440 ] - Test_@[5, 10, 20, 50]: Recall=[0.03931, 0.06248, 0.09576, 0.15808],  precision=[0.00786, 0.00625, 0.00479, 0.00316], hit=[0.03931, 0.06248, 0.09576, 0.15808], ndcg=[0.02744, 0.03498, 0.04332, 0.05561], Train Rec Loss=[0.03293], Eval Rec Loss=[0.03300], c=[0.50000], F=[0.80867, 0.86287, 0.91537, 0.95129], F_fuse=[0.01557, 0.01241, 0.00953, 0.00630]
[ INFO : 2026-08-18 04:52:10,438 ] - Epoch 193: train==[57.11744 = 0.66710 + 0.59674 + 2.92042 + 0.01149 + 0.00000 + 0.00404 + 884.94450]
[ INFO : 2026-08-18 04:52:16,282 ] - Test_@[5, 10, 20, 50]: Recall=[0.03801, 0.06264, 0.09299, 0.15661],  precision=[0.00760, 0.00626, 0.00465, 0.00313], hit=[0.03801, 0.06264, 0.09299, 0.15661], ndcg=[0.02632, 0.03430, 0.04190, 0.05443], Train Rec Loss=[0.03293], Eval Rec Loss=[0.03300], c=[0.50000], F=[0.81035, 0.86495, 0.91774, 0.95207], F_fuse=[0.01506, 0.01244, 0.00925, 0.00624]
[ INFO : 2026-08-18 04:53:10,238 ] - Epoch 194: train==[57.14871 = 0.66378 + 0.59674 + 2.95448 + 0.01144 + 0.00000 + 0.00462 + 884.94450]
[ INFO : 2026-08-18 04:53:15,819 ] - Test_@[5, 10, 20, 50]: Recall=[0.03785, 0.06052, 0.09201, 0.15041],  precision=[0.00757, 0.00605, 0.00460, 0.00301], hit=[0.03785, 0.06052, 0.09201, 0.15041], ndcg=[0.02575, 0.03306, 0.04096, 0.05245], Train Rec Loss=[0.03292], Eval Rec Loss=[0.03302], c=[0.50000], F=[0.81079, 0.86565, 0.91594, 0.94877], F_fuse=[0.01500, 0.01202, 0.00915, 0.00600]
[ INFO : 2026-08-18 04:54:10,094 ] - Epoch 195: train==[57.10757 = 0.66522 + 0.59674 + 2.91252 + 0.01142 + 0.00000 + 0.00403 + 884.94450]
[ INFO : 2026-08-18 04:54:16,188 ] - Test_@[5, 10, 20, 50]: Recall=[0.04029, 0.06346, 0.09576, 0.15971],  precision=[0.00806, 0.00635, 0.00479, 0.00319], hit=[0.04029, 0.06346, 0.09576, 0.15971], ndcg=[0.02809, 0.03561, 0.04380, 0.05642], Train Rec Loss=[0.03291], Eval Rec Loss=[0.03300], c=[0.50000], F=[0.80691, 0.86293, 0.91490, 0.95086], F_fuse=[0.01596, 0.01260, 0.00953, 0.00637]
[ INFO : 2026-08-18 04:55:10,414 ] - Epoch 196: train==[57.16401 = 0.65931 + 0.59674 + 2.97497 + 0.01140 + 0.00000 + 0.00394 + 884.94450]
[ INFO : 2026-08-18 04:55:16,220 ] - Test_@[5, 10, 20, 50]: Recall=[0.03883, 0.06330, 0.09576, 0.15759],  precision=[0.00777, 0.00633, 0.00479, 0.00315], hit=[0.03883, 0.06330, 0.09576, 0.15759], ndcg=[0.02696, 0.03487, 0.04303, 0.05519], Train Rec Loss=[0.03292], Eval Rec Loss=[0.03300], c=[0.50000], F=[0.80664, 0.86318, 0.91488, 0.95000], F_fuse=[0.01538, 0.01257, 0.00953, 0.00628]
[ INFO : 2026-08-18 04:56:10,543 ] - Epoch 197: train==[57.10683 = 0.66372 + 0.59674 + 2.91348 + 0.01144 + 0.00000 + 0.00381 + 884.94450]
[ INFO : 2026-08-18 04:56:16,196 ] - Test_@[5, 10, 20, 50]: Recall=[0.03719, 0.06281, 0.09266, 0.15318],  precision=[0.00744, 0.00628, 0.00463, 0.00306], hit=[0.03719, 0.06281, 0.09266, 0.15318], ndcg=[0.02576, 0.03404, 0.04151, 0.05345], Train Rec Loss=[0.03292], Eval Rec Loss=[0.03299], c=[0.50000], F=[0.80616, 0.86510, 0.91554, 0.94971], F_fuse=[0.01474, 0.01247, 0.00922, 0.00611]
[ INFO : 2026-08-18 04:57:10,483 ] - Epoch 198: train==[57.10667 = 0.65742 + 0.59674 + 2.91944 + 0.01145 + 0.00000 + 0.00397 + 884.94450]
[ INFO : 2026-08-18 04:57:17,519 ] - Test_@[5, 10, 20, 50]: Recall=[0.03931, 0.06297, 0.09462, 0.15563],  precision=[0.00786, 0.00630, 0.00473, 0.00311], hit=[0.03931, 0.06297, 0.09462, 0.15563], ndcg=[0.02699, 0.03461, 0.04250, 0.05450], Train Rec Loss=[0.03292], Eval Rec Loss=[0.03298], c=[0.50000], F=[0.80881, 0.86563, 0.91648, 0.95227], F_fuse=[0.01557, 0.01250, 0.00941, 0.00620]
[ INFO : 2026-08-18 04:58:12,266 ] - Epoch 199: train==[57.06272 = 0.65695 + 0.59674 + 2.87599 + 0.01142 + 0.00000 + 0.00397 + 884.94450]
[ INFO : 2026-08-18 04:58:18,630 ] - Test_@[5, 10, 20, 50]: Recall=[0.04095, 0.06313, 0.09674, 0.15889],  precision=[0.00819, 0.00631, 0.00484, 0.00318], hit=[0.04095, 0.06313, 0.09674, 0.15889], ndcg=[0.02785, 0.03498, 0.04346, 0.05569], Train Rec Loss=[0.03292], Eval Rec Loss=[0.03299], c=[0.50000], F=[0.81295, 0.86708, 0.91817, 0.95175], F_fuse=[0.01622, 0.01254, 0.00962, 0.00633]
[ INFO : 2026-08-18 04:59:13,064 ] - Epoch 200: train==[57.03133 = 0.65401 + 0.59675 + 2.84801 + 0.01148 + 0.00000 + 0.00344 + 884.94450]
[ INFO : 2026-08-18 04:59:18,676 ] - Test_@[5, 10, 20, 50]: Recall=[0.03899, 0.06378, 0.09641, 0.15742],  precision=[0.00780, 0.00638, 0.00482, 0.00315], hit=[0.03899, 0.06378, 0.09641, 0.15742], ndcg=[0.02711, 0.03515, 0.04338, 0.05543], Train Rec Loss=[0.03291], Eval Rec Loss=[0.03297], c=[0.50000], F=[0.81049, 0.86729, 0.91842, 0.95297], F_fuse=[0.01545, 0.01266, 0.00959, 0.00628]
[ INFO : 2026-08-18 05:00:13,506 ] - Epoch 201: train==[57.07841 = 0.65630 + 0.59673 + 2.89240 + 0.01146 + 0.00000 + 0.00387 + 884.94450]
[ INFO : 2026-08-18 05:00:19,732 ] - Test_@[5, 10, 20, 50]: Recall=[0.04078, 0.06362, 0.09608, 0.15873],  precision=[0.00816, 0.00636, 0.00480, 0.00317], hit=[0.04078, 0.06362, 0.09608, 0.15873], ndcg=[0.02776, 0.03515, 0.04334, 0.05572], Train Rec Loss=[0.03291], Eval Rec Loss=[0.03297], c=[0.50000], F=[0.81015, 0.86690, 0.91681, 0.95087], F_fuse=[0.01615, 0.01263, 0.00956, 0.00633]
[ INFO : 2026-08-18 05:01:13,956 ] - Epoch 202: train==[57.05065 = 0.65241 + 0.59674 + 2.86829 + 0.01157 + 0.00000 + 0.00399 + 884.94450]
[ INFO : 2026-08-18 05:01:19,669 ] - Test_@[5, 10, 20, 50]: Recall=[0.04029, 0.06476, 0.09706, 0.15889],  precision=[0.00806, 0.00648, 0.00485, 0.00318], hit=[0.04029, 0.06476, 0.09706, 0.15889], ndcg=[0.02768, 0.03562, 0.04377, 0.05599], Train Rec Loss=[0.03290], Eval Rec Loss=[0.03297], c=[0.50000], F=[0.81587, 0.87212, 0.91951, 0.95387], F_fuse=[0.01596, 0.01286, 0.00966, 0.00633]
[ INFO : 2026-08-18 05:02:13,974 ] - Epoch 203: train==[57.05838 = 0.64854 + 0.59673 + 2.88021 + 0.01167 + 0.00000 + 0.00358 + 884.94450]
[ INFO : 2026-08-18 05:02:19,758 ] - Test_@[5, 10, 20, 50]: Recall=[0.03964, 0.06378, 0.09608, 0.15791],  precision=[0.00793, 0.00638, 0.00480, 0.00316], hit=[0.03964, 0.06378, 0.09608, 0.15791], ndcg=[0.02726, 0.03507, 0.04319, 0.05535], Train Rec Loss=[0.03291], Eval Rec Loss=[0.03295], c=[0.50000], F=[0.80798, 0.86580, 0.91616, 0.95111], F_fuse=[0.01570, 0.01266, 0.00956, 0.00630]
[ INFO : 2026-08-18 05:03:13,783 ] - Epoch 204: train==[57.03160 = 0.64644 + 0.59674 + 2.85540 + 0.01163 + 0.00000 + 0.00374 + 884.94450]
[ INFO : 2026-08-18 05:03:20,436 ] - Test_@[5, 10, 20, 50]: Recall=[0.03997, 0.06411, 0.09788, 0.15726],  precision=[0.00799, 0.00641, 0.00489, 0.00315], hit=[0.03997, 0.06411, 0.09788, 0.15726], ndcg=[0.02733, 0.03516, 0.04360, 0.05530], Train Rec Loss=[0.03290], Eval Rec Loss=[0.03296], c=[0.50000], F=[0.81468, 0.86896, 0.91868, 0.95234], F_fuse=[0.01583, 0.01273, 0.00974, 0.00627]
[ INFO : 2026-08-18 05:04:15,513 ] - Epoch 205: train==[57.01552 = 0.64301 + 0.59674 + 2.84311 + 0.01163 + 0.00000 + 0.00339 + 884.94450]
[ INFO : 2026-08-18 05:04:21,362 ] - Test_@[5, 10, 20, 50]: Recall=[0.04127, 0.06378, 0.09755, 0.16069],  precision=[0.00825, 0.00638, 0.00488, 0.00321], hit=[0.04127, 0.06378, 0.09755, 0.16069], ndcg=[0.02807, 0.03534, 0.04382, 0.05624], Train Rec Loss=[0.03290], Eval Rec Loss=[0.03297], c=[0.50000], F=[0.81006, 0.86603, 0.91633, 0.95125], F_fuse=[0.01634, 0.01266, 0.00970, 0.00641]
[ INFO : 2026-08-18 05:05:15,582 ] - Epoch 206: train==[57.00493 = 0.63961 + 0.59674 + 2.83580 + 0.01177 + 0.00000 + 0.00336 + 884.94450]
[ INFO : 2026-08-18 05:05:21,448 ] - Test_@[5, 10, 20, 50]: Recall=[0.04111, 0.06460, 0.09560, 0.15922],  precision=[0.00822, 0.00646, 0.00478, 0.00318], hit=[0.04111, 0.06460, 0.09560, 0.15922], ndcg=[0.02788, 0.03544, 0.04324, 0.05581], Train Rec Loss=[0.03290], Eval Rec Loss=[0.03296], c=[0.50000], F=[0.81887, 0.87264, 0.91980, 0.95478], F_fuse=[0.01628, 0.01283, 0.00951, 0.00635]
[ INFO : 2026-08-18 05:06:16,300 ] - Epoch 207: train==[56.96551 = 0.63944 + 0.59674 + 2.79625 + 0.01174 + 0.00000 + 0.00369 + 884.94450]
[ INFO : 2026-08-18 05:06:22,006 ] - Test_@[5, 10, 20, 50]: Recall=[0.03980, 0.06313, 0.09674, 0.15922],  precision=[0.00796, 0.00631, 0.00484, 0.00318], hit=[0.03980, 0.06313, 0.09674, 0.15922], ndcg=[0.02727, 0.03480, 0.04325, 0.05556], Train Rec Loss=[0.03290], Eval Rec Loss=[0.03296], c=[0.50000], F=[0.81694, 0.87185, 0.91962, 0.95279], F_fuse=[0.01577, 0.01254, 0.00962, 0.00635]
[ INFO : 2026-08-18 05:07:16,584 ] - Epoch 208: train==[56.99397 = 0.64168 + 0.59674 + 2.82246 + 0.01169 + 0.00000 + 0.00376 + 884.94450]
[ INFO : 2026-08-18 05:07:22,232 ] - Test_@[5, 10, 20, 50]: Recall=[0.03736, 0.06020, 0.09168, 0.15253],  precision=[0.00747, 0.00602, 0.00458, 0.00305], hit=[0.03736, 0.06020, 0.09168, 0.15253], ndcg=[0.02545, 0.03281, 0.04073, 0.05269], Train Rec Loss=[0.03290], Eval Rec Loss=[0.03296], c=[0.50000], F=[0.81633, 0.87220, 0.92157, 0.95355], F_fuse=[0.01481, 0.01196, 0.00912, 0.00608]
[ INFO : 2026-08-18 05:08:16,469 ] - Epoch 209: train==[56.95542 = 0.63678 + 0.59674 + 2.78826 + 0.01176 + 0.00000 + 0.00424 + 884.94450]
[ INFO : 2026-08-18 05:08:22,411 ] - Test_@[5, 10, 20, 50]: Recall=[0.03850, 0.06134, 0.09331, 0.15416],  precision=[0.00770, 0.00613, 0.00467, 0.00308], hit=[0.03850, 0.06134, 0.09331, 0.15416], ndcg=[0.02633, 0.03371, 0.04173, 0.05372], Train Rec Loss=[0.03289], Eval Rec Loss=[0.03295], c=[0.50000], F=[0.81234, 0.87054, 0.91926, 0.95124], F_fuse=[0.01526, 0.01218, 0.00928, 0.00615]
[ INFO : 2026-08-18 05:09:16,847 ] - Epoch 210: train==[56.98610 = 0.63767 + 0.59674 + 2.81859 + 0.01169 + 0.00000 + 0.00376 + 884.94450]
[ INFO : 2026-08-18 05:09:22,809 ] - Test_@[5, 10, 20, 50]: Recall=[0.03997, 0.06166, 0.09608, 0.15873],  precision=[0.00799, 0.00617, 0.00480, 0.00317], hit=[0.03997, 0.06166, 0.09608, 0.15873], ndcg=[0.02700, 0.03403, 0.04272, 0.05505], Train Rec Loss=[0.03290], Eval Rec Loss=[0.03295], c=[0.50000], F=[0.81397, 0.86814, 0.91877, 0.95033], F_fuse=[0.01583, 0.01225, 0.00956, 0.00633]
[ INFO : 2026-08-18 05:10:17,427 ] - Epoch 211: train==[56.93833 = 0.63295 + 0.59673 + 2.77506 + 0.01174 + 0.00000 + 0.00420 + 884.94450]
[ INFO : 2026-08-18 05:10:23,052 ] - Test_@[5, 10, 20, 50]: Recall=[0.03964, 0.06444, 0.09821, 0.15791],  precision=[0.00793, 0.00644, 0.00491, 0.00316], hit=[0.03964, 0.06444, 0.09821, 0.15791], ndcg=[0.02711, 0.03509, 0.04349, 0.05525], Train Rec Loss=[0.03288], Eval Rec Loss=[0.03295], c=[0.50000], F=[0.81917, 0.87427, 0.92078, 0.95314], F_fuse=[0.01570, 0.01279, 0.00977, 0.00630]
[ INFO : 2026-08-18 05:11:18,860 ] - Epoch 212: train==[56.92339 = 0.63122 + 0.59674 + 2.76238 + 0.01170 + 0.00000 + 0.00370 + 884.94450]
[ INFO : 2026-08-18 05:11:24,743 ] - Test_@[5, 10, 20, 50]: Recall=[0.04144, 0.06542, 0.09772, 0.16117],  precision=[0.00829, 0.00654, 0.00489, 0.00322], hit=[0.04144, 0.06542, 0.09772, 0.16117], ndcg=[0.02791, 0.03562, 0.04369, 0.05620], Train Rec Loss=[0.03290], Eval Rec Loss=[0.03296], c=[0.50000], F=[0.82113, 0.87375, 0.91986, 0.95320], F_fuse=[0.01641, 0.01299, 0.00972, 0.00643]
[ INFO : 2026-08-18 05:12:19,541 ] - Epoch 213: train==[56.90719 = 0.63016 + 0.59675 + 2.74733 + 0.01181 + 0.00000 + 0.00349 + 884.94450]
[ INFO : 2026-08-18 05:12:25,270 ] - Test_@[5, 10, 20, 50]: Recall=[0.04029, 0.06493, 0.09853, 0.16117],  precision=[0.00806, 0.00649, 0.00493, 0.00322], hit=[0.04029, 0.06493, 0.09853, 0.16117], ndcg=[0.02761, 0.03552, 0.04392, 0.05623], Train Rec Loss=[0.03288], Eval Rec Loss=[0.03297], c=[0.50000], F=[0.81751, 0.87093, 0.91940, 0.95284], F_fuse=[0.01596, 0.01289, 0.00980, 0.00643]
[ INFO : 2026-08-18 05:13:21,210 ] - Epoch 214: train==[56.88413 = 0.63204 + 0.59673 + 2.72257 + 0.01175 + 0.00000 + 0.00339 + 884.94450]
[ INFO : 2026-08-18 05:13:26,991 ] - Test_@[5, 10, 20, 50]: Recall=[0.04046, 0.06525, 0.09788, 0.16003],  precision=[0.00809, 0.00653, 0.00489, 0.00320], hit=[0.04046, 0.06525, 0.09788, 0.16003], ndcg=[0.02764, 0.03569, 0.04390, 0.05618], Train Rec Loss=[0.03287], Eval Rec Loss=[0.03295], c=[0.50000], F=[0.82009, 0.87397, 0.91925, 0.95252], F_fuse=[0.01602, 0.01295, 0.00974, 0.00638]
[ INFO : 2026-08-18 05:14:21,773 ] - Epoch 215: train==[56.93447 = 0.62651 + 0.59674 + 2.77793 + 0.01182 + 0.00000 + 0.00382 + 884.94450]
[ INFO : 2026-08-18 05:14:27,657 ] - Test_@[5, 10, 20, 50]: Recall=[0.04095, 0.06476, 0.09739, 0.16020],  precision=[0.00819, 0.00648, 0.00487, 0.00320], hit=[0.04095, 0.06476, 0.09739, 0.16020], ndcg=[0.02769, 0.03537, 0.04358, 0.05591], Train Rec Loss=[0.03287], Eval Rec Loss=[0.03293], c=[0.50000], F=[0.82203, 0.87457, 0.92164, 0.95405], F_fuse=[0.01622, 0.01286, 0.00969, 0.00639]
[ INFO : 2026-08-18 05:15:23,268 ] - Epoch 216: train==[56.86737 = 0.62246 + 0.59674 + 2.71481 + 0.01187 + 0.00000 + 0.00385 + 884.94450]
[ INFO : 2026-08-18 05:15:29,077 ] - Test_@[5, 10, 20, 50]: Recall=[0.04062, 0.06444, 0.09429, 0.15726],  precision=[0.00812, 0.00644, 0.00471, 0.00315], hit=[0.04062, 0.06444, 0.09429, 0.15726], ndcg=[0.02716, 0.03485, 0.04236, 0.05479], Train Rec Loss=[0.03288], Eval Rec Loss=[0.03294], c=[0.50000], F=[0.81535, 0.87031, 0.91896, 0.95179], F_fuse=[0.01609, 0.01279, 0.00938, 0.00627]
[ INFO : 2026-08-18 05:16:23,480 ] - Epoch 217: train==[56.83573 = 0.62397 + 0.59674 + 2.68195 + 0.01185 + 0.00000 + 0.00357 + 884.94450]
[ INFO : 2026-08-18 05:16:29,645 ] - Test_@[5, 10, 20, 50]: Recall=[0.03883, 0.06297, 0.09511, 0.15400],  precision=[0.00777, 0.00630, 0.00476, 0.00308], hit=[0.03883, 0.06297, 0.09511, 0.15400], ndcg=[0.02627, 0.03408, 0.04210, 0.05376], Train Rec Loss=[0.03288], Eval Rec Loss=[0.03293], c=[0.50000], F=[0.81411, 0.87176, 0.92120, 0.95286], F_fuse=[0.01538, 0.01250, 0.00946, 0.00614]
[ INFO : 2026-08-18 05:17:24,794 ] - Epoch 218: train==[56.87313 = 0.62484 + 0.59674 + 2.71895 + 0.01189 + 0.00000 + 0.00307 + 884.94450]
[ INFO : 2026-08-18 05:17:30,396 ] - Test_@[5, 10, 20, 50]: Recall=[0.03948, 0.06476, 0.09527, 0.15416],  precision=[0.00790, 0.00648, 0.00476, 0.00308], hit=[0.03948, 0.06476, 0.09527, 0.15416], ndcg=[0.02666, 0.03481, 0.04243, 0.05405], Train Rec Loss=[0.03287], Eval Rec Loss=[0.03292], c=[0.50000], F=[0.81972, 0.87252, 0.91849, 0.95189], F_fuse=[0.01564, 0.01286, 0.00948, 0.00615]
[ INFO : 2026-08-18 05:18:24,455 ] - Epoch 219: train==[56.88484 = 0.61914 + 0.59674 + 2.73548 + 0.01199 + 0.00000 + 0.00383 + 884.94450]
[ INFO : 2026-08-18 05:18:30,564 ] - Test_@[5, 10, 20, 50]: Recall=[0.03980, 0.06362, 0.09608, 0.15465],  precision=[0.00796, 0.00636, 0.00480, 0.00309], hit=[0.03980, 0.06362, 0.09608, 0.15465], ndcg=[0.02715, 0.03482, 0.04293, 0.05445], Train Rec Loss=[0.03286], Eval Rec Loss=[0.03294], c=[0.50000], F=[0.81898, 0.87286, 0.92037, 0.95378], F_fuse=[0.01577, 0.01263, 0.00956, 0.00617]
[ INFO : 2026-08-18 05:19:25,393 ] - Epoch 220: train==[56.90998 = 0.61785 + 0.59674 + 2.76207 + 0.01198 + 0.00000 + 0.00370 + 884.94450]
[ INFO : 2026-08-18 05:19:31,534 ] - Test_@[5, 10, 20, 50]: Recall=[0.03997, 0.06362, 0.09772, 0.15775],  precision=[0.00799, 0.00636, 0.00489, 0.00315], hit=[0.03997, 0.06362, 0.09772, 0.15775], ndcg=[0.02714, 0.03482, 0.04332, 0.05516], Train Rec Loss=[0.03287], Eval Rec Loss=[0.03293], c=[0.50000], F=[0.82445, 0.87699, 0.92394, 0.95629], F_fuse=[0.01583, 0.01263, 0.00972, 0.00629]
[ INFO : 2026-08-18 05:20:26,893 ] - Epoch 221: train==[56.86050 = 0.61633 + 0.59674 + 2.71428 + 0.01201 + 0.00000 + 0.00349 + 884.94450]
[ INFO : 2026-08-18 05:20:32,524 ] - Test_@[5, 10, 20, 50]: Recall=[0.04046, 0.06378, 0.09511, 0.15400],  precision=[0.00809, 0.00638, 0.00476, 0.00308], hit=[0.04046, 0.06378, 0.09511, 0.15400], ndcg=[0.02706, 0.03455, 0.04235, 0.05396], Train Rec Loss=[0.03287], Eval Rec Loss=[0.03293], c=[0.50000], F=[0.82004, 0.87365, 0.92112, 0.95276], F_fuse=[0.01602, 0.01266, 0.00946, 0.00614]
[ INFO : 2026-08-18 05:21:26,618 ] - Epoch 222: train==[56.81697 = 0.61439 + 0.59674 + 2.67316 + 0.01215 + 0.00000 + 0.00288 + 884.94450]
[ INFO : 2026-08-18 05:21:32,274 ] - Test_@[5, 10, 20, 50]: Recall=[0.04192, 0.06591, 0.09967, 0.16313],  precision=[0.00838, 0.00659, 0.00498, 0.00326], hit=[0.04192, 0.06591, 0.09967, 0.16313], ndcg=[0.02849, 0.03628, 0.04476, 0.05727], Train Rec Loss=[0.03286], Eval Rec Loss=[0.03293], c=[0.50000], F=[0.82251, 0.87587, 0.92178, 0.95513], F_fuse=[0.01660, 0.01308, 0.00991, 0.00650]
[ INFO : 2026-08-18 05:22:28,070 ] - Epoch 223: train==[56.79983 = 0.60998 + 0.59674 + 2.66012 + 0.01214 + 0.00000 + 0.00321 + 884.94450]
[ INFO : 2026-08-18 05:22:33,858 ] - Test_@[5, 10, 20, 50]: Recall=[0.04046, 0.06460, 0.09739, 0.15971],  precision=[0.00809, 0.00646, 0.00487, 0.00319], hit=[0.04046, 0.06460, 0.09739, 0.15971], ndcg=[0.02753, 0.03539, 0.04362, 0.05589], Train Rec Loss=[0.03286], Eval Rec Loss=[0.03293], c=[0.50000], F=[0.82284, 0.87460, 0.92107, 0.95476], F_fuse=[0.01603, 0.01283, 0.00969, 0.00637]
[ INFO : 2026-08-18 05:23:28,558 ] - Epoch 224: train==[56.81236 = 0.61050 + 0.59674 + 2.67170 + 0.01205 + 0.00000 + 0.00372 + 884.94450]
[ INFO : 2026-08-18 05:23:34,456 ] - Test_@[5, 10, 20, 50]: Recall=[0.04095, 0.06705, 0.09837, 0.16101],  precision=[0.00819, 0.00670, 0.00492, 0.00322], hit=[0.04095, 0.06705, 0.09837, 0.16101], ndcg=[0.02772, 0.03619, 0.04404, 0.05637], Train Rec Loss=[0.03285], Eval Rec Loss=[0.03292], c=[0.50000], F=[0.82299, 0.87309, 0.92128, 0.95373], F_fuse=[0.01622, 0.01331, 0.00978, 0.00642]
[ INFO : 2026-08-18 05:24:28,364 ] - Epoch 225: train==[56.81662 = 0.60995 + 0.59674 + 2.67721 + 0.01204 + 0.00000 + 0.00303 + 884.94450]
[ INFO : 2026-08-18 05:24:34,035 ] - Test_@[5, 10, 20, 50]: Recall=[0.04127, 0.06411, 0.09706, 0.15628],  precision=[0.00825, 0.00641, 0.00485, 0.00313], hit=[0.04127, 0.06411, 0.09706, 0.15628], ndcg=[0.02712, 0.03450, 0.04274, 0.05440], Train Rec Loss=[0.03285], Eval Rec Loss=[0.03293], c=[0.50000], F=[0.82144, 0.87417, 0.92214, 0.95450], F_fuse=[0.01634, 0.01273, 0.00966, 0.00623]
[ INFO : 2026-08-18 05:25:28,505 ] - Epoch 226: train==[56.82548 = 0.60622 + 0.59675 + 2.68927 + 0.01202 + 0.00000 + 0.00358 + 884.94450]
[ INFO : 2026-08-18 05:25:34,338 ] - Test_@[5, 10, 20, 50]: Recall=[0.04029, 0.06542, 0.09739, 0.15889],  precision=[0.00806, 0.00654, 0.00487, 0.00318], hit=[0.04029, 0.06542, 0.09739, 0.15889], ndcg=[0.02716, 0.03529, 0.04330, 0.05543], Train Rec Loss=[0.03287], Eval Rec Loss=[0.03292], c=[0.50000], F=[0.82592, 0.87719, 0.92287, 0.95474], F_fuse=[0.01596, 0.01299, 0.00969, 0.00633]
[ INFO : 2026-08-18 05:26:28,847 ] - Epoch 227: train==[56.78935 = 0.60625 + 0.59674 + 2.65297 + 0.01207 + 0.00000 + 0.00367 + 884.94450]
[ INFO : 2026-08-18 05:26:34,510 ] - Test_@[5, 10, 20, 50]: Recall=[0.04029, 0.06427, 0.09527, 0.15481],  precision=[0.00806, 0.00643, 0.00476, 0.00310], hit=[0.04029, 0.06427, 0.09527, 0.15481], ndcg=[0.02688, 0.03463, 0.04241, 0.05414], Train Rec Loss=[0.03285], Eval Rec Loss=[0.03293], c=[0.50000], F=[0.81962, 0.87384, 0.91932, 0.95297], F_fuse=[0.01596, 0.01276, 0.00948, 0.00617]
[ INFO : 2026-08-18 05:27:28,653 ] - Epoch 228: train==[56.75866 = 0.60459 + 0.59674 + 2.62391 + 0.01206 + 0.00000 + 0.00371 + 884.94450]
[ INFO : 2026-08-18 05:27:34,253 ] - Test_@[5, 10, 20, 50]: Recall=[0.03948, 0.06346, 0.09478, 0.15318],  precision=[0.00790, 0.00635, 0.00474, 0.00306], hit=[0.03948, 0.06346, 0.09478, 0.15318], ndcg=[0.02667, 0.03443, 0.04227, 0.05382], Train Rec Loss=[0.03286], Eval Rec Loss=[0.03293], c=[0.50000], F=[0.83010, 0.87949, 0.92494, 0.95622], F_fuse=[0.01564, 0.01260, 0.00943, 0.00611]
[ INFO : 2026-08-18 05:28:28,658 ] - Epoch 229: train==[56.71941 = 0.60158 + 0.59674 + 2.58795 + 0.01213 + 0.00000 + 0.00336 + 884.94450]
[ INFO : 2026-08-18 05:28:34,714 ] - Test_@[5, 10, 20, 50]: Recall=[0.04078, 0.06574, 0.09527, 0.16117],  precision=[0.00816, 0.00657, 0.00476, 0.00322], hit=[0.04078, 0.06574, 0.09527, 0.16117], ndcg=[0.02789, 0.03595, 0.04336, 0.05633], Train Rec Loss=[0.03285], Eval Rec Loss=[0.03291], c=[0.50000], F=[0.82406, 0.87619, 0.92299, 0.95488], F_fuse=[0.01615, 0.01305, 0.00948, 0.00643]
[ INFO : 2026-08-18 05:29:29,711 ] - Epoch 230: train==[56.76235 = 0.60283 + 0.59674 + 2.62955 + 0.01225 + 0.00000 + 0.00334 + 884.94450]
[ INFO : 2026-08-18 05:29:35,447 ] - Test_@[5, 10, 20, 50]: Recall=[0.04192, 0.06542, 0.09772, 0.16020],  precision=[0.00838, 0.00654, 0.00489, 0.00320], hit=[0.04192, 0.06542, 0.09772, 0.16020], ndcg=[0.02829, 0.03588, 0.04398, 0.05630], Train Rec Loss=[0.03285], Eval Rec Loss=[0.03292], c=[0.50000], F=[0.82870, 0.87886, 0.92411, 0.95591], F_fuse=[0.01660, 0.01299, 0.00972, 0.00639]
[ INFO : 2026-08-18 05:30:30,429 ] - Epoch 231: train==[56.80590 = 0.60349 + 0.59674 + 2.67243 + 0.01213 + 0.00000 + 0.00346 + 884.94450]
[ INFO : 2026-08-18 05:30:36,092 ] - Test_@[5, 10, 20, 50]: Recall=[0.04258, 0.06770, 0.10000, 0.16281],  precision=[0.00852, 0.00677, 0.00500, 0.00326], hit=[0.04258, 0.06770, 0.10000, 0.16281], ndcg=[0.02863, 0.03673, 0.04487, 0.05725], Train Rec Loss=[0.03284], Eval Rec Loss=[0.03292], c=[0.50000], F=[0.82992, 0.88006, 0.92319, 0.95532], F_fuse=[0.01686, 0.01344, 0.00995, 0.00649]
[ INFO : 2026-08-18 05:31:31,820 ] - Epoch 232: train==[56.76478 = 0.59859 + 0.59675 + 2.63622 + 0.01213 + 0.00000 + 0.00344 + 884.94450]
[ INFO : 2026-08-18 05:31:38,030 ] - Test_@[5, 10, 20, 50]: Recall=[0.04160, 0.06688, 0.09690, 0.15840],  precision=[0.00832, 0.00669, 0.00485, 0.00317], hit=[0.04160, 0.06688, 0.09690, 0.15840], ndcg=[0.02785, 0.03594, 0.04342, 0.05555], Train Rec Loss=[0.03285], Eval Rec Loss=[0.03292], c=[0.50000], F=[0.82349, 0.87520, 0.92002, 0.95312], F_fuse=[0.01647, 0.01328, 0.00964, 0.00632]
[ INFO : 2026-08-18 05:32:33,453 ] - Epoch 233: train==[56.76744 = 0.60127 + 0.59674 + 2.63614 + 0.01212 + 0.00000 + 0.00353 + 884.94450]
[ INFO : 2026-08-18 05:32:40,169 ] - Test_@[5, 10, 20, 50]: Recall=[0.04062, 0.06362, 0.09511, 0.15416],  precision=[0.00812, 0.00636, 0.00476, 0.00308], hit=[0.04062, 0.06362, 0.09511, 0.15416], ndcg=[0.02742, 0.03488, 0.04278, 0.05446], Train Rec Loss=[0.03285], Eval Rec Loss=[0.03291], c=[0.50000], F=[0.82638, 0.87848, 0.92231, 0.95352], F_fuse=[0.01609, 0.01263, 0.00946, 0.00615]
[ INFO : 2026-08-18 05:33:35,047 ] - Epoch 234: train==[56.77953 = 0.59302 + 0.59674 + 2.65625 + 0.01203 + 0.00000 + 0.00383 + 884.94450]
[ INFO : 2026-08-18 05:33:40,714 ] - Test_@[5, 10, 20, 50]: Recall=[0.04095, 0.06427, 0.09462, 0.15351],  precision=[0.00819, 0.00643, 0.00473, 0.00307], hit=[0.04095, 0.06427, 0.09462, 0.15351], ndcg=[0.02732, 0.03488, 0.04245, 0.05407], Train Rec Loss=[0.03285], Eval Rec Loss=[0.03291], c=[0.50000], F=[0.82816, 0.87832, 0.92219, 0.95394], F_fuse=[0.01622, 0.01276, 0.00941, 0.00612]
[ INFO : 2026-08-18 05:34:36,161 ] - Epoch 235: train==[56.73191 = 0.59307 + 0.59674 + 2.60850 + 0.01206 + 0.00000 + 0.00388 + 884.94450]
[ INFO : 2026-08-18 05:34:42,617 ] - Test_@[5, 10, 20, 50]: Recall=[0.04127, 0.06574, 0.09625, 0.15791],  precision=[0.00825, 0.00657, 0.00481, 0.00316], hit=[0.04127, 0.06574, 0.09625, 0.15791], ndcg=[0.02758, 0.03550, 0.04311, 0.05529], Train Rec Loss=[0.03285], Eval Rec Loss=[0.03291], c=[0.50000], F=[0.82230, 0.87493, 0.91931, 0.95138], F_fuse=[0.01634, 0.01305, 0.00957, 0.00630]
[ INFO : 2026-08-18 05:35:37,112 ] - Epoch 236: train==[56.72364 = 0.59113 + 0.59674 + 2.60226 + 0.01200 + 0.00000 + 0.00386 + 884.94450]
[ INFO : 2026-08-18 05:35:42,823 ] - Test_@[5, 10, 20, 50]: Recall=[0.04160, 0.06721, 0.09739, 0.15873],  precision=[0.00832, 0.00672, 0.00487, 0.00317], hit=[0.04160, 0.06721, 0.09739, 0.15873], ndcg=[0.02776, 0.03608, 0.04362, 0.05571], Train Rec Loss=[0.03284], Eval Rec Loss=[0.03290], c=[0.50000], F=[0.82754, 0.87804, 0.92090, 0.95385], F_fuse=[0.01647, 0.01334, 0.00969, 0.00633]
[ INFO : 2026-08-18 05:36:37,221 ] - Epoch 237: train==[56.71978 = 0.58886 + 0.59674 + 2.60115 + 0.01190 + 0.00000 + 0.00348 + 884.94450]
[ INFO : 2026-08-18 05:36:42,860 ] - Test_@[5, 10, 20, 50]: Recall=[0.04078, 0.06525, 0.09592, 0.15498],  precision=[0.00816, 0.00653, 0.00480, 0.00310], hit=[0.04078, 0.06525, 0.09592, 0.15498], ndcg=[0.02711, 0.03498, 0.04267, 0.05435], Train Rec Loss=[0.03283], Eval Rec Loss=[0.03290], c=[0.50000], F=[0.82858, 0.87860, 0.92283, 0.95412], F_fuse=[0.01615, 0.01295, 0.00954, 0.00618]
[ INFO : 2026-08-18 05:37:37,342 ] - Epoch 238: train==[56.67319 = 0.59037 + 0.59675 + 2.55284 + 0.01205 + 0.00000 + 0.00354 + 884.94450]
[ INFO : 2026-08-18 05:37:42,984 ] - Test_@[5, 10, 20, 50]: Recall=[0.04013, 0.06411, 0.09478, 0.15237],  precision=[0.00803, 0.00641, 0.00474, 0.00305], hit=[0.04013, 0.06411, 0.09478, 0.15237], ndcg=[0.02670, 0.03444, 0.04210, 0.05352], Train Rec Loss=[0.03284], Eval Rec Loss=[0.03290], c=[0.50000], F=[0.82931, 0.87920, 0.92236, 0.95418], F_fuse=[0.01590, 0.01273, 0.00943, 0.00608]
[ INFO : 2026-08-18 05:38:38,726 ] - Epoch 239: train==[56.71530 = 0.59369 + 0.59674 + 2.59148 + 0.01202 + 0.00000 + 0.00372 + 884.94450]
[ INFO : 2026-08-18 05:38:44,685 ] - Test_@[5, 10, 20, 50]: Recall=[0.03964, 0.06313, 0.09494, 0.15057],  precision=[0.00793, 0.00631, 0.00475, 0.00301], hit=[0.03964, 0.06313, 0.09494, 0.15057], ndcg=[0.02584, 0.03338, 0.04135, 0.05233], Train Rec Loss=[0.03284], Eval Rec Loss=[0.03289], c=[0.50000], F=[0.82569, 0.87920, 0.92124, 0.95258], F_fuse=[0.01571, 0.01254, 0.00945, 0.00600]
[ INFO : 2026-08-18 05:39:40,055 ] - Epoch 240: train==[56.66331 = 0.58654 + 0.59674 + 2.54692 + 0.01202 + 0.00000 + 0.00344 + 884.94450]
[ INFO : 2026-08-18 05:39:46,475 ] - Test_@[5, 10, 20, 50]: Recall=[0.04307, 0.06737, 0.09788, 0.16085],  precision=[0.00861, 0.00674, 0.00489, 0.00322], hit=[0.04307, 0.06737, 0.09788, 0.16085], ndcg=[0.02882, 0.03664, 0.04431, 0.05680], Train Rec Loss=[0.03282], Eval Rec Loss=[0.03290], c=[0.50000], F=[0.82755, 0.87841, 0.92193, 0.95555], F_fuse=[0.01705, 0.01337, 0.00974, 0.00641]
[ INFO : 2026-08-18 05:40:41,637 ] - Epoch 241: train==[56.64911 = 0.58251 + 0.59674 + 2.53712 + 0.01195 + 0.00000 + 0.00313 + 884.94450]
[ INFO : 2026-08-18 05:40:47,232 ] - Test_@[5, 10, 20, 50]: Recall=[0.04258, 0.06770, 0.09951, 0.16215],  precision=[0.00852, 0.00677, 0.00498, 0.00324], hit=[0.04258, 0.06770, 0.09951, 0.16215], ndcg=[0.02842, 0.03659, 0.04459, 0.05694], Train Rec Loss=[0.03283], Eval Rec Loss=[0.03290], c=[0.50000], F=[0.82899, 0.87773, 0.92056, 0.95340], F_fuse=[0.01686, 0.01344, 0.00990, 0.00646]
[ INFO : 2026-08-18 05:41:41,802 ] - Epoch 242: train==[56.65551 = 0.57995 + 0.59675 + 2.54601 + 0.01205 + 0.00000 + 0.00311 + 884.94450]
[ INFO : 2026-08-18 05:41:47,855 ] - Test_@[5, 10, 20, 50]: Recall=[0.04225, 0.06656, 0.09772, 0.15759],  precision=[0.00845, 0.00666, 0.00489, 0.00315], hit=[0.04225, 0.06656, 0.09772, 0.15759], ndcg=[0.02819, 0.03608, 0.04390, 0.05570], Train Rec Loss=[0.03283], Eval Rec Loss=[0.03289], c=[0.50000], F=[0.83132, 0.88184, 0.92234, 0.95524], F_fuse=[0.01673, 0.01321, 0.00972, 0.00628]
[ INFO : 2026-08-18 05:42:42,766 ] - Epoch 243: train==[56.64694 = 0.58040 + 0.59674 + 2.53680 + 0.01201 + 0.00000 + 0.00335 + 884.94450]
[ INFO : 2026-08-18 05:42:48,410 ] - Test_@[5, 10, 20, 50]: Recall=[0.04323, 0.06835, 0.09804, 0.16052],  precision=[0.00865, 0.00684, 0.00490, 0.00321], hit=[0.04323, 0.06835, 0.09804, 0.16052], ndcg=[0.02873, 0.03683, 0.04433, 0.05667], Train Rec Loss=[0.03284], Eval Rec Loss=[0.03289], c=[0.50000], F=[0.82777, 0.87979, 0.92104, 0.95419], F_fuse=[0.01711, 0.01357, 0.00975, 0.00640]
[ INFO : 2026-08-18 05:43:43,270 ] - Epoch 244: train==[56.64917 = 0.58051 + 0.59674 + 2.53896 + 0.01207 + 0.00000 + 0.00325 + 884.94450]
[ INFO : 2026-08-18 05:43:49,294 ] - Test_@[5, 10, 20, 50]: Recall=[0.04095, 0.06623, 0.09511, 0.15595],  precision=[0.00819, 0.00662, 0.00476, 0.00312], hit=[0.04095, 0.06623, 0.09511, 0.15595], ndcg=[0.02709, 0.03528, 0.04254, 0.05453], Train Rec Loss=[0.03282], Eval Rec Loss=[0.03290], c=[0.50000], F=[0.83137, 0.87984, 0.92266, 0.95489], F_fuse=[0.01622, 0.01315, 0.00946, 0.00622]
[ INFO : 2026-08-18 05:44:43,872 ] - Epoch 245: train==[56.67029 = 0.57779 + 0.59675 + 2.56208 + 0.01202 + 0.00000 + 0.00401 + 884.94450]
[ INFO : 2026-08-18 05:44:49,751 ] - Test_@[5, 10, 20, 50]: Recall=[0.04111, 0.06639, 0.09625, 0.15579],  precision=[0.00822, 0.00664, 0.00481, 0.00312], hit=[0.04111, 0.06639, 0.09625, 0.15579], ndcg=[0.02719, 0.03540, 0.04296, 0.05471], Train Rec Loss=[0.03283], Eval Rec Loss=[0.03290], c=[0.50000], F=[0.82901, 0.88116, 0.92093, 0.95359], F_fuse=[0.01628, 0.01318, 0.00957, 0.00621]
[ INFO : 2026-08-18 05:45:44,591 ] - Epoch 246: train==[56.66364 = 0.57874 + 0.59674 + 2.55418 + 0.01205 + 0.00000 + 0.00427 + 884.94450]
[ INFO : 2026-08-18 05:45:51,258 ] - Test_@[5, 10, 20, 50]: Recall=[0.04258, 0.06770, 0.09755, 0.15856],  precision=[0.00852, 0.00677, 0.00488, 0.00317], hit=[0.04258, 0.06770, 0.09755, 0.15856], ndcg=[0.02840, 0.03653, 0.04402, 0.05607], Train Rec Loss=[0.03283], Eval Rec Loss=[0.03290], c=[0.50000], F=[0.82748, 0.87887, 0.92012, 0.95378], F_fuse=[0.01686, 0.01344, 0.00970, 0.00632]
[ INFO : 2026-08-18 05:46:46,165 ] - Epoch 247: train==[56.58174 = 0.57405 + 0.59674 + 2.47833 + 0.01215 + 0.00000 + 0.00283 + 884.94450]
[ INFO : 2026-08-18 05:46:52,063 ] - Test_@[5, 10, 20, 50]: Recall=[0.04421, 0.06819, 0.09967, 0.16460],  precision=[0.00884, 0.00682, 0.00498, 0.00329], hit=[0.04421, 0.06819, 0.09967, 0.16460], ndcg=[0.02916, 0.03690, 0.04482, 0.05758], Train Rec Loss=[0.03283], Eval Rec Loss=[0.03289], c=[0.50000], F=[0.83361, 0.88457, 0.92469, 0.95671], F_fuse=[0.01750, 0.01353, 0.00991, 0.00656]
[ INFO : 2026-08-18 05:47:48,015 ] - Epoch 248: train==[56.62312 = 0.57259 + 0.59674 + 2.52088 + 0.01212 + 0.00000 + 0.00314 + 884.94450]
[ INFO : 2026-08-18 05:47:53,625 ] - Test_@[5, 10, 20, 50]: Recall=[0.04225, 0.06868, 0.09984, 0.16248],  precision=[0.00845, 0.00687, 0.00499, 0.00325], hit=[0.04225, 0.06868, 0.09984, 0.16248], ndcg=[0.02833, 0.03694, 0.04476, 0.05712], Train Rec Loss=[0.03282], Eval Rec Loss=[0.03288], c=[0.50000], F=[0.83143, 0.88222, 0.92171, 0.95421], F_fuse=[0.01673, 0.01363, 0.00993, 0.00648]
[ INFO : 2026-08-18 05:48:48,244 ] - Epoch 249: train==[56.60335 = 0.57005 + 0.59674 + 2.50317 + 0.01210 + 0.00000 + 0.00364 + 884.94450]
[ INFO : 2026-08-18 05:48:53,789 ] - Test_@[5, 10, 20, 50]: Recall=[0.04241, 0.06705, 0.09821, 0.15808],  precision=[0.00848, 0.00670, 0.00491, 0.00316], hit=[0.04241, 0.06705, 0.09821, 0.15808], ndcg=[0.02787, 0.03589, 0.04372, 0.05549], Train Rec Loss=[0.03281], Eval Rec Loss=[0.03289], c=[0.50000], F=[0.82932, 0.88165, 0.92268, 0.95394], F_fuse=[0.01679, 0.01331, 0.00977, 0.00630]
[ INFO : 2026-08-18 05:49:48,396 ] - Epoch 250: train==[56.62536 = 0.57270 + 0.59674 + 2.52251 + 0.01217 + 0.00000 + 0.00358 + 884.94450]
[ INFO : 2026-08-18 05:49:54,429 ] - Test_@[5, 10, 20, 50]: Recall=[0.04144, 0.06639, 0.09641, 0.15693],  precision=[0.00829, 0.00664, 0.00482, 0.00314], hit=[0.04144, 0.06639, 0.09641, 0.15693], ndcg=[0.02748, 0.03556, 0.04312, 0.05501], Train Rec Loss=[0.03281], Eval Rec Loss=[0.03289], c=[0.50000], F=[0.82916, 0.88004, 0.92056, 0.95349], F_fuse=[0.01641, 0.01318, 0.00959, 0.00626]
[ INFO : 2026-08-18 05:50:49,395 ] - Epoch 251: train==[56.63864 = 0.57312 + 0.59674 + 2.53608 + 0.01217 + 0.00000 + 0.00288 + 884.94450]
[ INFO : 2026-08-18 05:50:55,074 ] - Test_@[5, 10, 20, 50]: Recall=[0.04307, 0.06835, 0.09739, 0.15987],  precision=[0.00861, 0.00684, 0.00487, 0.00320], hit=[0.04307, 0.06835, 0.09739, 0.15987], ndcg=[0.02853, 0.03668, 0.04396, 0.05629], Train Rec Loss=[0.03281], Eval Rec Loss=[0.03287], c=[0.50000], F=[0.83128, 0.88217, 0.92258, 0.95536], F_fuse=[0.01705, 0.01357, 0.00969, 0.00637]
[ INFO : 2026-08-18 05:51:50,677 ] - Epoch 252: train==[56.59333 = 0.56853 + 0.59674 + 2.49474 + 0.01218 + 0.00000 + 0.00350 + 884.94450]
[ INFO : 2026-08-18 05:51:56,447 ] - Test_@[5, 10, 20, 50]: Recall=[0.04144, 0.06705, 0.09608, 0.15612],  precision=[0.00829, 0.00670, 0.00480, 0.00312], hit=[0.04144, 0.06705, 0.09608, 0.15612], ndcg=[0.02697, 0.03529, 0.04261, 0.05446], Train Rec Loss=[0.03281], Eval Rec Loss=[0.03288], c=[0.50000], F=[0.82980, 0.88171, 0.92138, 0.95385], F_fuse=[0.01641, 0.01331, 0.00956, 0.00622]
[ INFO : 2026-08-18 05:52:50,957 ] - Epoch 253: train==[56.62963 = 0.56527 + 0.59674 + 2.53458 + 0.01208 + 0.00000 + 0.00331 + 884.94450]
[ INFO : 2026-08-18 05:52:56,939 ] - Test_@[5, 10, 20, 50]: Recall=[0.04241, 0.06607, 0.09592, 0.15595],  precision=[0.00848, 0.00661, 0.00480, 0.00312], hit=[0.04241, 0.06607, 0.09592, 0.15595], ndcg=[0.02776, 0.03542, 0.04297, 0.05481], Train Rec Loss=[0.03281], Eval Rec Loss=[0.03289], c=[0.50000], F=[0.83279, 0.88141, 0.92201, 0.95388], F_fuse=[0.01679, 0.01312, 0.00954, 0.00622]
[ INFO : 2026-08-18 05:53:52,033 ] - Epoch 254: train==[56.56930 = 0.56592 + 0.59674 + 2.47285 + 0.01215 + 0.00000 + 0.00399 + 884.94450]
[ INFO : 2026-08-18 05:53:58,166 ] - Test_@[5, 10, 20, 50]: Recall=[0.04290, 0.06656, 0.09837, 0.15889],  precision=[0.00858, 0.00666, 0.00492, 0.00318], hit=[0.04290, 0.06656, 0.09837, 0.15889], ndcg=[0.02824, 0.03594, 0.04398, 0.05592], Train Rec Loss=[0.03281], Eval Rec Loss=[0.03288], c=[0.50000], F=[0.83446, 0.88539, 0.92565, 0.95657], F_fuse=[0.01699, 0.01321, 0.00978, 0.00633]
[ INFO : 2026-08-18 05:54:52,875 ] - Epoch 255: train==[56.59337 = 0.56384 + 0.59674 + 2.49998 + 0.01213 + 0.00000 + 0.00304 + 884.94450]
[ INFO : 2026-08-18 05:54:58,777 ] - Test_@[5, 10, 20, 50]: Recall=[0.04078, 0.06558, 0.09527, 0.15514],  precision=[0.00816, 0.00656, 0.00476, 0.00310], hit=[0.04078, 0.06558, 0.09527, 0.15514], ndcg=[0.02676, 0.03479, 0.04229, 0.05412], Train Rec Loss=[0.03281], Eval Rec Loss=[0.03287], c=[0.50000], F=[0.83119, 0.88155, 0.92247, 0.95342], F_fuse=[0.01615, 0.01302, 0.00948, 0.00619]
[ INFO : 2026-08-18 05:55:53,602 ] - Epoch 256: train==[56.60117 = 0.56054 + 0.59674 + 2.51066 + 0.01216 + 0.00000 + 0.00344 + 884.94450]
[ INFO : 2026-08-18 05:55:59,251 ] - Test_@[5, 10, 20, 50]: Recall=[0.04176, 0.06493, 0.09625, 0.15449],  precision=[0.00835, 0.00649, 0.00481, 0.00309], hit=[0.04176, 0.06493, 0.09625, 0.15449], ndcg=[0.02715, 0.03468, 0.04256, 0.05405], Train Rec Loss=[0.03280], Eval Rec Loss=[0.03286], c=[0.50000], F=[0.82815, 0.87968, 0.92108, 0.95211], F_fuse=[0.01654, 0.01289, 0.00957, 0.00616]
[ INFO : 2026-08-18 05:56:54,127 ] - Epoch 257: train==[56.59789 = 0.56459 + 0.59674 + 2.50352 + 0.01225 + 0.00000 + 0.00315 + 884.94450]
[ INFO : 2026-08-18 05:56:59,799 ] - Test_@[5, 10, 20, 50]: Recall=[0.04339, 0.06737, 0.09723, 0.15889],  precision=[0.00868, 0.00674, 0.00486, 0.00318], hit=[0.04339, 0.06737, 0.09723, 0.15889], ndcg=[0.02838, 0.03613, 0.04367, 0.05586], Train Rec Loss=[0.03281], Eval Rec Loss=[0.03286], c=[0.50000], F=[0.83106, 0.88439, 0.92378, 0.95489], F_fuse=[0.01718, 0.01337, 0.00967, 0.00633]
[ INFO : 2026-08-18 05:57:55,173 ] - Epoch 258: train==[56.56091 = 0.56170 + 0.59674 + 2.46911 + 0.01219 + 0.00000 + 0.00351 + 884.94450]
[ INFO : 2026-08-18 05:58:00,817 ] - Test_@[5, 10, 20, 50]: Recall=[0.04290, 0.06835, 0.09951, 0.16150],  precision=[0.00858, 0.00684, 0.00498, 0.00323], hit=[0.04290, 0.06835, 0.09951, 0.16150], ndcg=[0.02828, 0.03652, 0.04433, 0.05652], Train Rec Loss=[0.03280], Eval Rec Loss=[0.03286], c=[0.50000], F=[0.83490, 0.88693, 0.92679, 0.95694], F_fuse=[0.01699, 0.01357, 0.00990, 0.00644]
[ INFO : 2026-08-18 05:58:55,128 ] - Epoch 259: train==[56.55682 = 0.55856 + 0.59674 + 2.46789 + 0.01230 + 0.00000 + 0.00367 + 884.94450]
[ INFO : 2026-08-18 05:59:01,061 ] - Test_@[5, 10, 20, 50]: Recall=[0.04421, 0.06705, 0.09690, 0.16036],  precision=[0.00884, 0.00670, 0.00485, 0.00321], hit=[0.04421, 0.06705, 0.09690, 0.16036], ndcg=[0.02858, 0.03597, 0.04354, 0.05610], Train Rec Loss=[0.03280], Eval Rec Loss=[0.03287], c=[0.50000], F=[0.83167, 0.88306, 0.92207, 0.95485], F_fuse=[0.01750, 0.01331, 0.00964, 0.00639]
[ INFO : 2026-08-18 05:59:55,761 ] - Epoch 260: train==[56.56275 = 0.55781 + 0.59675 + 2.47477 + 0.01223 + 0.00000 + 0.00355 + 884.94450]
[ INFO : 2026-08-18 06:00:02,026 ] - Test_@[5, 10, 20, 50]: Recall=[0.04323, 0.06737, 0.09723, 0.15856],  precision=[0.00865, 0.00674, 0.00486, 0.00317], hit=[0.04323, 0.06737, 0.09723, 0.15856], ndcg=[0.02797, 0.03575, 0.04332, 0.05543], Train Rec Loss=[0.03280], Eval Rec Loss=[0.03287], c=[0.50000], F=[0.82689, 0.88080, 0.91994, 0.95319], F_fuse=[0.01711, 0.01337, 0.00967, 0.00632]
[ INFO : 2026-08-18 06:00:58,138 ] - Epoch 261: train==[56.54300 = 0.55502 + 0.59675 + 2.45743 + 0.01225 + 0.00000 + 0.00391 + 884.94450]
[ INFO : 2026-08-18 06:01:04,074 ] - Test_@[5, 10, 20, 50]: Recall=[0.04519, 0.07015, 0.10000, 0.16444],  precision=[0.00904, 0.00701, 0.00500, 0.00329], hit=[0.04519, 0.07015, 0.10000, 0.16444], ndcg=[0.02980, 0.03785, 0.04541, 0.05814], Train Rec Loss=[0.03281], Eval Rec Loss=[0.03287], c=[0.50000], F=[0.83358, 0.88462, 0.92380, 0.95654], F_fuse=[0.01788, 0.01392, 0.00995, 0.00655]
[ INFO : 2026-08-18 06:01:58,852 ] - Epoch 262: train==[56.55830 = 0.55241 + 0.59674 + 2.47477 + 0.01234 + 0.00000 + 0.00438 + 884.94450]
[ INFO : 2026-08-18 06:02:04,896 ] - Test_@[5, 10, 20, 50]: Recall=[0.04421, 0.06688, 0.09739, 0.15498],  precision=[0.00884, 0.00669, 0.00487, 0.00310], hit=[0.04421, 0.06688, 0.09739, 0.15498], ndcg=[0.02836, 0.03569, 0.04336, 0.05474], Train Rec Loss=[0.03279], Eval Rec Loss=[0.03287], c=[0.50000], F=[0.83447, 0.88383, 0.92305, 0.95560], F_fuse=[0.01750, 0.01328, 0.00969, 0.00618]
[ INFO : 2026-08-18 06:02:59,087 ] - Epoch 263: train==[56.57641 = 0.55330 + 0.59674 + 2.49275 + 0.01227 + 0.00000 + 0.00370 + 884.94450]
[ INFO : 2026-08-18 06:03:04,870 ] - Test_@[5, 10, 20, 50]: Recall=[0.04241, 0.06672, 0.09641, 0.15546],  precision=[0.00848, 0.00667, 0.00482, 0.00311], hit=[0.04241, 0.06672, 0.09641, 0.15546], ndcg=[0.02752, 0.03536, 0.04282, 0.05447], Train Rec Loss=[0.03281], Eval Rec Loss=[0.03286], c=[0.50000], F=[0.83504, 0.88388, 0.92398, 0.95599], F_fuse=[0.01680, 0.01324, 0.00959, 0.00620]
[ INFO : 2026-08-18 06:03:59,550 ] - Epoch 264: train==[56.52795 = 0.55164 + 0.59675 + 2.44609 + 0.01220 + 0.00000 + 0.00362 + 884.94450]
[ INFO : 2026-08-18 06:04:05,634 ] - Test_@[5, 10, 20, 50]: Recall=[0.04388, 0.06933, 0.09853, 0.15971],  precision=[0.00878, 0.00693, 0.00493, 0.00319], hit=[0.04388, 0.06933, 0.09853, 0.15971], ndcg=[0.02822, 0.03647, 0.04385, 0.05599], Train Rec Loss=[0.03280], Eval Rec Loss=[0.03287], c=[0.50000], F=[0.83492, 0.88449, 0.92378, 0.95661], F_fuse=[0.01737, 0.01376, 0.00980, 0.00637]
[ INFO : 2026-08-18 06:05:00,159 ] - Epoch 265: train==[56.51955 = 0.55091 + 0.59674 + 2.43832 + 0.01232 + 0.00000 + 0.00361 + 884.94450]
[ INFO : 2026-08-18 06:05:05,884 ] - Test_@[5, 10, 20, 50]: Recall=[0.04258, 0.06639, 0.09690, 0.15579],  precision=[0.00852, 0.00664, 0.00485, 0.00312], hit=[0.04258, 0.06639, 0.09690, 0.15579], ndcg=[0.02769, 0.03547, 0.04315, 0.05481], Train Rec Loss=[0.03279], Eval Rec Loss=[0.03287], c=[0.50000], F=[0.83579, 0.88436, 0.92394, 0.95554], F_fuse=[0.01686, 0.01318, 0.00964, 0.00621]
[ INFO : 2026-08-18 06:06:01,082 ] - Epoch 266: train==[56.51306 = 0.54782 + 0.59675 + 2.43525 + 0.01230 + 0.00000 + 0.00329 + 884.94450]
[ INFO : 2026-08-18 06:06:07,229 ] - Test_@[5, 10, 20, 50]: Recall=[0.04274, 0.06737, 0.09625, 0.15661],  precision=[0.00855, 0.00674, 0.00481, 0.00313], hit=[0.04274, 0.06737, 0.09625, 0.15661], ndcg=[0.02765, 0.03567, 0.04294, 0.05488], Train Rec Loss=[0.03280], Eval Rec Loss=[0.03286], c=[0.50000], F=[0.83634, 0.88680, 0.92503, 0.95612], F_fuse=[0.01692, 0.01337, 0.00957, 0.00624]
[ INFO : 2026-08-18 06:07:02,394 ] - Epoch 267: train==[56.53584 = 0.54554 + 0.59674 + 2.46022 + 0.01239 + 0.00000 + 0.00330 + 884.94450]
[ INFO : 2026-08-18 06:07:08,759 ] - Test_@[5, 10, 20, 50]: Recall=[0.04241, 0.06591, 0.09723, 0.15530],  precision=[0.00848, 0.00659, 0.00486, 0.00311], hit=[0.04241, 0.06591, 0.09723, 0.15530], ndcg=[0.02771, 0.03533, 0.04323, 0.05472], Train Rec Loss=[0.03279], Eval Rec Loss=[0.03286], c=[0.50000], F=[0.83249, 0.88392, 0.92385, 0.95534], F_fuse=[0.01679, 0.01308, 0.00967, 0.00619]
[ INFO : 2026-08-18 06:08:03,417 ] - Epoch 268: train==[56.52087 = 0.54512 + 0.59675 + 2.44479 + 0.01228 + 0.00000 + 0.00429 + 884.94450]
[ INFO : 2026-08-18 06:08:09,236 ] - Test_@[5, 10, 20, 50]: Recall=[0.04535, 0.07064, 0.10033, 0.16134],  precision=[0.00907, 0.00706, 0.00502, 0.00323], hit=[0.04535, 0.07064, 0.10033, 0.16134], ndcg=[0.02954, 0.03768, 0.04519, 0.05727], Train Rec Loss=[0.03280], Eval Rec Loss=[0.03286], c=[0.50000], F=[0.83910, 0.88757, 0.92538, 0.95742], F_fuse=[0.01795, 0.01402, 0.00998, 0.00643]
[ INFO : 2026-08-18 06:09:04,501 ] - Epoch 269: train==[56.51051 = 0.54552 + 0.59674 + 2.43382 + 0.01233 + 0.00000 + 0.00444 + 884.94450]
[ INFO : 2026-08-18 06:09:10,204 ] - Test_@[5, 10, 20, 50]: Recall=[0.04437, 0.06672, 0.09788, 0.15742],  precision=[0.00887, 0.00667, 0.00489, 0.00315], hit=[0.04437, 0.06672, 0.09788, 0.15742], ndcg=[0.02864, 0.03586, 0.04374, 0.05553], Train Rec Loss=[0.03279], Eval Rec Loss=[0.03285], c=[0.50000], F=[0.83365, 0.88637, 0.92558, 0.95670], F_fuse=[0.01756, 0.01324, 0.00974, 0.00628]
[ INFO : 2026-08-18 06:10:04,330 ] - Epoch 270: train==[56.51924 = 0.54767 + 0.59675 + 2.44082 + 0.01234 + 0.00000 + 0.00403 + 884.94450]
[ INFO : 2026-08-18 06:10:09,971 ] - Test_@[5, 10, 20, 50]: Recall=[0.04225, 0.06623, 0.09674, 0.15563],  precision=[0.00845, 0.00662, 0.00484, 0.00311], hit=[0.04225, 0.06623, 0.09674, 0.15563], ndcg=[0.02741, 0.03526, 0.04296, 0.05461], Train Rec Loss=[0.03279], Eval Rec Loss=[0.03286], c=[0.50000], F=[0.83168, 0.88326, 0.92165, 0.95344], F_fuse=[0.01673, 0.01315, 0.00962, 0.00620]
[ INFO : 2026-08-18 06:11:04,753 ] - Epoch 271: train==[56.49997 = 0.54222 + 0.59675 + 2.42731 + 0.01236 + 0.00000 + 0.00370 + 884.94450]
[ INFO : 2026-08-18 06:11:10,440 ] - Test_@[5, 10, 20, 50]: Recall=[0.04339, 0.06737, 0.09935, 0.15791],  precision=[0.00868, 0.00674, 0.00497, 0.00316], hit=[0.04339, 0.06737, 0.09935, 0.15791], ndcg=[0.02798, 0.03582, 0.04391, 0.05553], Train Rec Loss=[0.03278], Eval Rec Loss=[0.03285], c=[0.50000], F=[0.83618, 0.88697, 0.92553, 0.95764], F_fuse=[0.01718, 0.01337, 0.00988, 0.00630]
[ INFO : 2026-08-18 06:12:05,564 ] - Epoch 272: train==[56.48993 = 0.53911 + 0.59674 + 2.42043 + 0.01241 + 0.00000 + 0.00359 + 884.94450]
[ INFO : 2026-08-18 06:12:11,121 ] - Test_@[5, 10, 20, 50]: Recall=[0.04258, 0.06868, 0.09869, 0.15889],  precision=[0.00852, 0.00687, 0.00493, 0.00318], hit=[0.04258, 0.06868, 0.09869, 0.15889], ndcg=[0.02727, 0.03580, 0.04338, 0.05531], Train Rec Loss=[0.03278], Eval Rec Loss=[0.03284], c=[0.50000], F=[0.83457, 0.88541, 0.92272, 0.95517], F_fuse=[0.01686, 0.01363, 0.00982, 0.00633]
[ INFO : 2026-08-18 06:13:05,808 ] - Epoch 273: train==[56.50700 = 0.54213 + 0.59674 + 2.43456 + 0.01236 + 0.00000 + 0.00357 + 884.94450]
[ INFO : 2026-08-18 06:13:11,670 ] - Test_@[5, 10, 20, 50]: Recall=[0.04356, 0.06835, 0.09641, 0.15514],  precision=[0.00871, 0.00684, 0.00482, 0.00310], hit=[0.04356, 0.06835, 0.09641, 0.15514], ndcg=[0.02760, 0.03562, 0.04267, 0.05431], Train Rec Loss=[0.03279], Eval Rec Loss=[0.03284], c=[0.50000], F=[0.83483, 0.88533, 0.92337, 0.95543], F_fuse=[0.01724, 0.01357, 0.00959, 0.00619]
[ INFO : 2026-08-18 06:14:06,828 ] - Epoch 274: train==[56.45384 = 0.54361 + 0.59675 + 2.37968 + 0.01236 + 0.00000 + 0.00380 + 884.94450]
[ INFO : 2026-08-18 06:14:12,441 ] - Test_@[5, 10, 20, 50]: Recall=[0.04470, 0.06852, 0.09788, 0.15824],  precision=[0.00894, 0.00685, 0.00489, 0.00316], hit=[0.04470, 0.06852, 0.09788, 0.15824], ndcg=[0.02871, 0.03638, 0.04381, 0.05580], Train Rec Loss=[0.03278], Eval Rec Loss=[0.03284], c=[0.50000], F=[0.83466, 0.88647, 0.92394, 0.95617], F_fuse=[0.01769, 0.01360, 0.00974, 0.00631]
[ INFO : 2026-08-18 06:15:07,204 ] - Epoch 275: train==[56.49920 = 0.53572 + 0.59674 + 2.43357 + 0.01243 + 0.00000 + 0.00308 + 884.94450]
[ INFO : 2026-08-18 06:15:13,019 ] - Test_@[5, 10, 20, 50]: Recall=[0.04421, 0.06705, 0.09674, 0.15856],  precision=[0.00884, 0.00670, 0.00484, 0.00317], hit=[0.04421, 0.06705, 0.09674, 0.15856], ndcg=[0.02861, 0.03594, 0.04346, 0.05571], Train Rec Loss=[0.03279], Eval Rec Loss=[0.03285], c=[0.50000], F=[0.83407, 0.88588, 0.92541, 0.95586], F_fuse=[0.01750, 0.01331, 0.00962, 0.00632]
[ INFO : 2026-08-18 06:16:07,544 ] - Epoch 276: train==[56.47711 = 0.53630 + 0.59675 + 2.41065 + 0.01241 + 0.00000 + 0.00337 + 884.94450]
[ INFO : 2026-08-18 06:16:13,197 ] - Test_@[5, 10, 20, 50]: Recall=[0.04356, 0.06966, 0.09984, 0.16036],  precision=[0.00871, 0.00697, 0.00499, 0.00321], hit=[0.04356, 0.06966, 0.09984, 0.16036], ndcg=[0.02841, 0.03679, 0.04440, 0.05637], Train Rec Loss=[0.03278], Eval Rec Loss=[0.03285], c=[0.50000], F=[0.84038, 0.88960, 0.92713, 0.95738], F_fuse=[0.01724, 0.01382, 0.00993, 0.00639]
[ INFO : 2026-08-18 06:17:08,704 ] - Epoch 277: train==[56.51800 = 0.53495 + 0.59674 + 2.45185 + 0.01236 + 0.00000 + 0.00446 + 884.94450]
[ INFO : 2026-08-18 06:17:14,357 ] - Test_@[5, 10, 20, 50]: Recall=[0.04307, 0.06493, 0.09674, 0.15563],  precision=[0.00861, 0.00649, 0.00484, 0.00311], hit=[0.04307, 0.06493, 0.09674, 0.15563], ndcg=[0.02716, 0.03423, 0.04223, 0.05385], Train Rec Loss=[0.03279], Eval Rec Loss=[0.03285], c=[0.50000], F=[0.83706, 0.88619, 0.92691, 0.95783], F_fuse=[0.01705, 0.01289, 0.00962, 0.00620]
[ INFO : 2026-08-18 06:18:09,134 ] - Epoch 278: train==[56.48358 = 0.53847 + 0.59675 + 2.41393 + 0.01237 + 0.00000 + 0.00442 + 884.94450]
[ INFO : 2026-08-18 06:18:14,741 ] - Test_@[5, 10, 20, 50]: Recall=[0.04486, 0.06868, 0.10000, 0.15905],  precision=[0.00897, 0.00687, 0.00500, 0.00318], hit=[0.04486, 0.06868, 0.10000, 0.15905], ndcg=[0.02855, 0.03623, 0.04407, 0.05575], Train Rec Loss=[0.03278], Eval Rec Loss=[0.03284], c=[0.50000], F=[0.83846, 0.88888, 0.92535, 0.95766], F_fuse=[0.01775, 0.01363, 0.00995, 0.00634]
[ INFO : 2026-08-18 06:19:09,133 ] - Epoch 279: train==[56.50679 = 0.53115 + 0.59674 + 2.44489 + 0.01237 + 0.00000 + 0.00398 + 884.94450]
[ INFO : 2026-08-18 06:19:14,959 ] - Test_@[5, 10, 20, 50]: Recall=[0.04388, 0.06574, 0.09788, 0.15644],  precision=[0.00878, 0.00657, 0.00489, 0.00313], hit=[0.04388, 0.06574, 0.09788, 0.15644], ndcg=[0.02777, 0.03481, 0.04289, 0.05447], Train Rec Loss=[0.03277], Eval Rec Loss=[0.03284], c=[0.50000], F=[0.83747, 0.88660, 0.92480, 0.95513], F_fuse=[0.01737, 0.01305, 0.00974, 0.00624]
[ INFO : 2026-08-18 06:20:09,694 ] - Epoch 280: train==[56.43642 = 0.53058 + 0.59674 + 2.37459 + 0.01245 + 0.00000 + 0.00441 + 884.94450]
[ INFO : 2026-08-18 06:20:15,337 ] - Test_@[5, 10, 20, 50]: Recall=[0.04241, 0.06656, 0.09772, 0.15954],  precision=[0.00848, 0.00666, 0.00489, 0.00319], hit=[0.04241, 0.06656, 0.09772, 0.15954], ndcg=[0.02725, 0.03510, 0.04299, 0.05517], Train Rec Loss=[0.03278], Eval Rec Loss=[0.03284], c=[0.50000], F=[0.83262, 0.88351, 0.92284, 0.95476], F_fuse=[0.01679, 0.01321, 0.00972, 0.00636]
[ INFO : 2026-08-18 06:21:09,466 ] - Epoch 281: train==[56.42582 = 0.52808 + 0.59675 + 2.36765 + 0.01247 + 0.00000 + 0.00324 + 884.94450]
[ INFO : 2026-08-18 06:21:15,835 ] - Test_@[5, 10, 20, 50]: Recall=[0.04502, 0.06917, 0.09837, 0.16020],  precision=[0.00900, 0.00692, 0.00492, 0.00320], hit=[0.04502, 0.06917, 0.09837, 0.16020], ndcg=[0.02855, 0.03628, 0.04362, 0.05582], Train Rec Loss=[0.03277], Eval Rec Loss=[0.03284], c=[0.50000], F=[0.83491, 0.88611, 0.92474, 0.95657], F_fuse=[0.01782, 0.01373, 0.00978, 0.00639]
[ INFO : 2026-08-18 06:22:10,875 ] - Epoch 282: train==[56.40309 = 0.52910 + 0.59674 + 2.34300 + 0.01249 + 0.00000 + 0.00411 + 884.94450]
[ INFO : 2026-08-18 06:22:16,529 ] - Test_@[5, 10, 20, 50]: Recall=[0.04323, 0.06574, 0.09625, 0.15530],  precision=[0.00865, 0.00657, 0.00481, 0.00311], hit=[0.04323, 0.06574, 0.09625, 0.15530], ndcg=[0.02741, 0.03474, 0.04246, 0.05416], Train Rec Loss=[0.03277], Eval Rec Loss=[0.03283], c=[0.50000], F=[0.83734, 0.88795, 0.92512, 0.95654], F_fuse=[0.01712, 0.01305, 0.00957, 0.00619]
[ INFO : 2026-08-18 06:23:11,537 ] - Epoch 283: train==[56.36825 = 0.52565 + 0.59675 + 2.31114 + 0.01247 + 0.00000 + 0.00460 + 884.94450]
[ INFO : 2026-08-18 06:23:17,398 ] - Test_@[5, 10, 20, 50]: Recall=[0.04486, 0.06933, 0.10228, 0.16215],  precision=[0.00897, 0.00693, 0.00511, 0.00324], hit=[0.04486, 0.06933, 0.10228, 0.16215], ndcg=[0.02877, 0.03668, 0.04495, 0.05682], Train Rec Loss=[0.03277], Eval Rec Loss=[0.03284], c=[0.50000], F=[0.83725, 0.88871, 0.92505, 0.95706], F_fuse=[0.01775, 0.01376, 0.01017, 0.00646]
[ INFO : 2026-08-18 06:24:12,770 ] - Epoch 284: train==[56.46079 = 0.52544 + 0.59674 + 2.40472 + 0.01251 + 0.00000 + 0.00374 + 884.94450]
[ INFO : 2026-08-18 06:24:18,484 ] - Test_@[5, 10, 20, 50]: Recall=[0.04486, 0.06623, 0.09641, 0.15612],  precision=[0.00897, 0.00662, 0.00482, 0.00312], hit=[0.04486, 0.06623, 0.09641, 0.15612], ndcg=[0.02832, 0.03524, 0.04284, 0.05468], Train Rec Loss=[0.03276], Eval Rec Loss=[0.03284], c=[0.50000], F=[0.83343, 0.88506, 0.92297, 0.95509], F_fuse=[0.01775, 0.01315, 0.00959, 0.00622]
[ INFO : 2026-08-18 06:25:12,808 ] - Epoch 285: train==[56.42447 = 0.52420 + 0.59675 + 2.36950 + 0.01249 + 0.00000 + 0.00388 + 884.94450]
[ INFO : 2026-08-18 06:25:18,610 ] - Test_@[5, 10, 20, 50]: Recall=[0.04372, 0.06786, 0.09837, 0.15612],  precision=[0.00874, 0.00679, 0.00492, 0.00312], hit=[0.04372, 0.06786, 0.09837, 0.15612], ndcg=[0.02801, 0.03588, 0.04359, 0.05507], Train Rec Loss=[0.03277], Eval Rec Loss=[0.03284], c=[0.50000], F=[0.83333, 0.88392, 0.92274, 0.95419], F_fuse=[0.01731, 0.01347, 0.00978, 0.00622]
[ INFO : 2026-08-18 06:26:13,131 ] - Epoch 286: train==[56.41724 = 0.52307 + 0.59674 + 2.36370 + 0.01251 + 0.00000 + 0.00357 + 884.94450]
[ INFO : 2026-08-18 06:26:19,085 ] - Test_@[5, 10, 20, 50]: Recall=[0.04551, 0.06933, 0.10408, 0.16476],  precision=[0.00910, 0.00693, 0.00520, 0.00330], hit=[0.04551, 0.06933, 0.10408, 0.16476], ndcg=[0.02929, 0.03701, 0.04576, 0.05769], Train Rec Loss=[0.03278], Eval Rec Loss=[0.03283], c=[0.50000], F=[0.83752, 0.88892, 0.92590, 0.95743], F_fuse=[0.01801, 0.01376, 0.01035, 0.00657]
[ INFO : 2026-08-18 06:27:15,258 ] - Epoch 287: train==[56.39511 = 0.51971 + 0.59675 + 2.34435 + 0.01245 + 0.00000 + 0.00420 + 884.94450]
[ INFO : 2026-08-18 06:27:21,692 ] - Test_@[5, 10, 20, 50]: Recall=[0.04551, 0.06819, 0.10033, 0.15873],  precision=[0.00910, 0.00682, 0.00502, 0.00317], hit=[0.04551, 0.06819, 0.10033, 0.15873], ndcg=[0.02884, 0.03617, 0.04424, 0.05582], Train Rec Loss=[0.03277], Eval Rec Loss=[0.03284], c=[0.50000], F=[0.84013, 0.88793, 0.92762, 0.95839], F_fuse=[0.01801, 0.01353, 0.00998, 0.00633]
[ INFO : 2026-08-18 06:28:17,407 ] - Epoch 288: train==[56.44056 = 0.51850 + 0.59674 + 2.39104 + 0.01259 + 0.00000 + 0.00405 + 884.94450]
[ INFO : 2026-08-18 06:28:24,134 ] - Test_@[5, 10, 20, 50]: Recall=[0.04568, 0.06982, 0.10016, 0.16134],  precision=[0.00914, 0.00698, 0.00501, 0.00323], hit=[0.04568, 0.06982, 0.10016, 0.16134], ndcg=[0.02906, 0.03684, 0.04447, 0.05658], Train Rec Loss=[0.03276], Eval Rec Loss=[0.03283], c=[0.50000], F=[0.83454, 0.88528, 0.92284, 0.95533], F_fuse=[0.01807, 0.01385, 0.00996, 0.00643]
[ INFO : 2026-08-18 06:29:18,998 ] - Epoch 289: train==[56.42540 = 0.51977 + 0.59675 + 2.37420 + 0.01253 + 0.00000 + 0.00450 + 884.94450]
[ INFO : 2026-08-18 06:29:24,940 ] - Test_@[5, 10, 20, 50]: Recall=[0.04258, 0.06574, 0.09837, 0.15595],  precision=[0.00852, 0.00657, 0.00492, 0.00312], hit=[0.04258, 0.06574, 0.09837, 0.15595], ndcg=[0.02701, 0.03450, 0.04277, 0.05411], Train Rec Loss=[0.03276], Eval Rec Loss=[0.03283], c=[0.50000], F=[0.83458, 0.88462, 0.92550, 0.95692], F_fuse=[0.01686, 0.01305, 0.00978, 0.00622]
[ INFO : 2026-08-18 06:30:20,332 ] - Epoch 290: train==[56.36558 = 0.51942 + 0.59674 + 2.31530 + 0.01249 + 0.00000 + 0.00397 + 884.94450]
[ INFO : 2026-08-18 06:30:26,686 ] - Test_@[5, 10, 20, 50]: Recall=[0.04405, 0.06998, 0.10131, 0.16215],  precision=[0.00881, 0.00700, 0.00507, 0.00324], hit=[0.04405, 0.06998, 0.10131, 0.16215], ndcg=[0.02795, 0.03639, 0.04428, 0.05635], Train Rec Loss=[0.03276], Eval Rec Loss=[0.03283], c=[0.50000], F=[0.83918, 0.88850, 0.92532, 0.95684], F_fuse=[0.01744, 0.01389, 0.01008, 0.00646]
[ INFO : 2026-08-18 06:31:21,066 ] - Epoch 291: train==[56.39836 = 0.51930 + 0.59674 + 2.34766 + 0.01248 + 0.00000 + 0.00453 + 884.94450]
[ INFO : 2026-08-18 06:31:26,854 ] - Test_@[5, 10, 20, 50]: Recall=[0.04486, 0.06900, 0.10033, 0.15938],  precision=[0.00897, 0.00690, 0.00502, 0.00319], hit=[0.04486, 0.06900, 0.10033, 0.15938], ndcg=[0.02790, 0.03575, 0.04365, 0.05536], Train Rec Loss=[0.03276], Eval Rec Loss=[0.03283], c=[0.50000], F=[0.83846, 0.88871, 0.92679, 0.95592], F_fuse=[0.01775, 0.01369, 0.00998, 0.00635]
[ INFO : 2026-08-18 06:32:21,364 ] - Epoch 292: train==[56.43733 = 0.52262 + 0.59675 + 2.38362 + 0.01259 + 0.00000 + 0.00410 + 884.94450]
[ INFO : 2026-08-18 06:32:27,152 ] - Test_@[5, 10, 20, 50]: Recall=[0.04144, 0.06688, 0.09608, 0.15677],  precision=[0.00829, 0.00669, 0.00480, 0.00314], hit=[0.04144, 0.06688, 0.09608, 0.15677], ndcg=[0.02659, 0.03482, 0.04214, 0.05405], Train Rec Loss=[0.03277], Eval Rec Loss=[0.03283], c=[0.50000], F=[0.83591, 0.88461, 0.92411, 0.95389], F_fuse=[0.01641, 0.01328, 0.00956, 0.00625]
[ INFO : 2026-08-18 06:33:21,340 ] - Epoch 293: train==[56.39190 = 0.51488 + 0.59674 + 2.34488 + 0.01261 + 0.00000 + 0.00513 + 884.94450]
[ INFO : 2026-08-18 06:33:26,972 ] - Test_@[5, 10, 20, 50]: Recall=[0.04551, 0.07031, 0.10392, 0.16493],  precision=[0.00910, 0.00703, 0.00520, 0.00330], hit=[0.04551, 0.07031, 0.10392, 0.16493], ndcg=[0.02897, 0.03698, 0.04541, 0.05745], Train Rec Loss=[0.03276], Eval Rec Loss=[0.03282], c=[0.50000], F=[0.83960, 0.88882, 0.92657, 0.95744], F_fuse=[0.01801, 0.01395, 0.01033, 0.00657]
[ INFO : 2026-08-18 06:34:22,195 ] - Epoch 294: train==[56.36069 = 0.51247 + 0.59675 + 2.31819 + 0.01260 + 0.00000 + 0.00305 + 884.94450]
[ INFO : 2026-08-18 06:34:28,187 ] - Test_@[5, 10, 20, 50]: Recall=[0.04388, 0.06705, 0.09886, 0.15530],  precision=[0.00878, 0.00670, 0.00494, 0.00311], hit=[0.04388, 0.06705, 0.09886, 0.15530], ndcg=[0.02822, 0.03572, 0.04372, 0.05491], Train Rec Loss=[0.03275], Eval Rec Loss=[0.03282], c=[0.50000], F=[0.83455, 0.88688, 0.92375, 0.95546], F_fuse=[0.01737, 0.01331, 0.00983, 0.00619]
[ INFO : 2026-08-18 06:35:23,259 ] - Epoch 295: train==[56.36676 = 0.51414 + 0.59674 + 2.32215 + 0.01271 + 0.00000 + 0.00338 + 884.94450]
[ INFO : 2026-08-18 06:35:29,133 ] - Test_@[5, 10, 20, 50]: Recall=[0.04568, 0.07096, 0.10245, 0.16542],  precision=[0.00914, 0.00710, 0.00512, 0.00331], hit=[0.04568, 0.07096, 0.10245, 0.16542], ndcg=[0.02955, 0.03773, 0.04564, 0.05815], Train Rec Loss=[0.03276], Eval Rec Loss=[0.03282], c=[0.50000], F=[0.83410, 0.88604, 0.92598, 0.95644], F_fuse=[0.01807, 0.01408, 0.01019, 0.00659]
[ INFO : 2026-08-18 06:36:23,297 ] - Epoch 296: train==[56.36462 = 0.51309 + 0.59675 + 2.32005 + 0.01271 + 0.00000 + 0.00438 + 884.94450]
[ INFO : 2026-08-18 06:36:29,001 ] - Test_@[5, 10, 20, 50]: Recall=[0.04551, 0.07015, 0.10245, 0.16150],  precision=[0.00910, 0.00701, 0.00512, 0.00323], hit=[0.04551, 0.07015, 0.10245, 0.16150], ndcg=[0.02910, 0.03706, 0.04519, 0.05690], Train Rec Loss=[0.03276], Eval Rec Loss=[0.03282], c=[0.50000], F=[0.83809, 0.88757, 0.92455, 0.95670], F_fuse=[0.01801, 0.01392, 0.01019, 0.00644]
[ INFO : 2026-08-18 06:37:24,160 ] - Epoch 297: train==[56.40411 = 0.51045 + 0.59674 + 2.36269 + 0.01266 + 0.00000 + 0.00391 + 884.94450]
[ INFO : 2026-08-18 06:37:30,137 ] - Test_@[5, 10, 20, 50]: Recall=[0.04470, 0.06933, 0.10277, 0.16101],  precision=[0.00894, 0.00693, 0.00514, 0.00322], hit=[0.04470, 0.06933, 0.10277, 0.16101], ndcg=[0.02853, 0.03651, 0.04493, 0.05644], Train Rec Loss=[0.03275], Eval Rec Loss=[0.03282], c=[0.50000], F=[0.83585, 0.88446, 0.92197, 0.95522], F_fuse=[0.01769, 0.01376, 0.01022, 0.00642]
[ INFO : 2026-08-18 06:38:24,473 ] - Epoch 298: train==[56.39819 = 0.50995 + 0.59675 + 2.35688 + 0.01265 + 0.00000 + 0.00432 + 884.94450]
[ INFO : 2026-08-18 06:38:30,940 ] - Test_@[5, 10, 20, 50]: Recall=[0.04388, 0.06705, 0.10000, 0.15742],  precision=[0.00878, 0.00670, 0.00500, 0.00315], hit=[0.04388, 0.06705, 0.10000, 0.15742], ndcg=[0.02777, 0.03529, 0.04361, 0.05499], Train Rec Loss=[0.03276], Eval Rec Loss=[0.03281], c=[0.50000], F=[0.83318, 0.88485, 0.92262, 0.95593], F_fuse=[0.01737, 0.01331, 0.00995, 0.00628]
[ INFO : 2026-08-18 06:39:25,778 ] - Epoch 299: train==[56.37187 = 0.50948 + 0.59675 + 2.33098 + 0.01274 + 0.00000 + 0.00428 + 884.94450]
[ INFO : 2026-08-18 06:39:31,351 ] - Test_@[5, 10, 20, 50]: Recall=[0.04405, 0.06933, 0.09886, 0.15775],  precision=[0.00881, 0.00693, 0.00494, 0.00315], hit=[0.04405, 0.06933, 0.09886, 0.15775], ndcg=[0.02789, 0.03609, 0.04352, 0.05517], Train Rec Loss=[0.03275], Eval Rec Loss=[0.03282], c=[0.50000], F=[0.83260, 0.88368, 0.92355, 0.95531], F_fuse=[0.01743, 0.01376, 0.00983, 0.00629]
[ INFO : 2026-08-18 06:40:25,773 ] - Epoch 300: train==[56.35379 = 0.50500 + 0.59675 + 2.31804 + 0.01266 + 0.00000 + 0.00370 + 884.94450]
[ INFO : 2026-08-18 06:40:31,820 ] - Test_@[5, 10, 20, 50]: Recall=[0.04405, 0.06900, 0.09984, 0.15873],  precision=[0.00881, 0.00690, 0.00499, 0.00317], hit=[0.04405, 0.06900, 0.09984, 0.15873], ndcg=[0.02748, 0.03558, 0.04336, 0.05502], Train Rec Loss=[0.03275], Eval Rec Loss=[0.03281], c=[0.50000], F=[0.84030, 0.88866, 0.92693, 0.95686], F_fuse=[0.01744, 0.01369, 0.00993, 0.00633]
n_users=9308, n_items=6710
n_interactions=65671
n_train=59541, n_test=6130, sparsity=0.00105
Finished Tue Aug 18 06:40:34 AM UTC 2026
