Job 74454 on gpu01; lambda_cf=1.0; group_k=10; seed=1; started Tue Jul 28 05:50:19 AM UTC 2026
Tue Jul 28 05:50:19 2026       
+-----------------------------------------------------------------------------+
| NVIDIA-SMI 525.147.05   Driver Version: 525.147.05   CUDA Version: 12.0     |
|-------------------------------+----------------------+----------------------+
| GPU  Name        Persistence-M| Bus-Id        Disp.A | Volatile Uncorr. ECC |
| Fan  Temp  Perf  Pwr:Usage/Cap|         Memory-Usage | GPU-Util  Compute M. |
|                               |                      |               MIG M. |
|===============================+======================+======================|
|   0  NVIDIA A100-SXM...  On   | 00000000:BD:00.0 Off |                    0 |
| N/A   36C    P0    55W / 400W |      0MiB / 40960MiB |      0%      Default |
|                               |                      |             Disabled |
+-------------------------------+----------------------+----------------------+
                                                                               
+-----------------------------------------------------------------------------+
| Processes:                                                                  |
|  GPU   GI   CI        PID   Type   Process name                  GPU Memory |
|        ID   ID                                                   Usage      |
|=============================================================================|
|  No running processes found                                                 |
+-----------------------------------------------------------------------------+
[ INFO : 2026-07-28 05:50:43,810 ] - Preprocess missing values with zero
[ INFO : 2026-07-28 05:50:45,815 ] - Pretrained diffusion model is loaded from: ./checkpoint/baby/best_model.pth
[ INFO : 2026-07-28 05:50:47,283 ] - Completed data loaded from: ./checkpoint/baby/completed_data.pkl
/media/lhbac29/raid-cf/main.py:106: DeprecationWarning: Please import `csr_matrix` from the `scipy.sparse` namespace; the `scipy.sparse.csr` namespace is deprecated and will be removed in SciPy 2.0.0.
  self.ui_graph = self.ui_graph_raw = pickle.load(open('./data/' + self.dataset + '/train_mat', 'rb'))
[ INFO : 2026-07-28 05:50:47,522 ] - Missing rate = 0.400000, complete strategy: zero
[ INFO : 2026-07-28 05:53:20,868 ] - Epoch 1: train==[395.70367 = 2.00676 + 1.08811 + 66.44976 + 0.00057 + 0.00000 + 215.90659 + 1225.02087]
[ INFO : 2026-07-28 05:53:30,115 ] - Test_@[5, 10, 20, 50]: Recall=[0.01778, 0.02823, 0.04619, 0.08945],  precision=[0.00373, 0.00297, 0.00245, 0.00190], hit=[0.01867, 0.02967, 0.04870, 0.09406], ndcg=[0.01126, 0.01459, 0.01917, 0.02778], Train Rec Loss=[0.03256], Eval Rec Loss=[0.03263], c=[0.50000], F=[0.51610, 0.85094, 0.90312, 0.93850], F_fuse=[0.00741, 0.00592, 0.00489, 0.00379]
[ INFO : 2026-07-28 05:55:58,250 ] - Epoch 2: train==[226.54226 = 1.61567 + 1.08031 + 64.17439 + 0.00080 + 0.00000 + 49.34035 + 1225.89705]
[ INFO : 2026-07-28 05:56:07,464 ] - Test_@[5, 10, 20, 50]: Recall=[0.01781, 0.02952, 0.04634, 0.09149],  precision=[0.00371, 0.00311, 0.00246, 0.00193], hit=[0.01857, 0.03106, 0.04880, 0.09596], ndcg=[0.01128, 0.01505, 0.01933, 0.02827], Train Rec Loss=[0.03245], Eval Rec Loss=[0.03247], c=[0.50000], F=[0.51599, 0.66874, 0.91835, 0.90574], F_fuse=[0.00737, 0.00619, 0.00490, 0.00386]
[ INFO : 2026-07-28 05:58:35,253 ] - Epoch 3: train==[186.14041 = 1.60437 + 1.08024 + 61.42286 + 0.00122 + 0.00000 + 11.70098 + 1225.89705]
[ INFO : 2026-07-28 05:58:44,358 ] - Test_@[5, 10, 20, 50]: Recall=[0.01781, 0.02913, 0.04656, 0.09199],  precision=[0.00371, 0.00307, 0.00248, 0.00194], hit=[0.01857, 0.03060, 0.04916, 0.09648], ndcg=[0.01128, 0.01491, 0.01937, 0.02836], Train Rec Loss=[0.03238], Eval Rec Loss=[0.03248], c=[0.50000], F=[0.51405, 0.63639, 0.86782, 0.90092], F_fuse=[0.00737, 0.00610, 0.00494, 0.00388]
[ INFO : 2026-07-28 06:01:11,526 ] - Epoch 4: train==[173.19959 = 1.59240 + 1.08023 + 58.05423 + 0.00203 + 0.00000 + 2.13995 + 1225.89705]
[ INFO : 2026-07-28 06:01:20,745 ] - Test_@[5, 10, 20, 50]: Recall=[0.01801, 0.02903, 0.04659, 0.09192],  precision=[0.00374, 0.00305, 0.00248, 0.00194], hit=[0.01872, 0.03044, 0.04916, 0.09637], ndcg=[0.01135, 0.01490, 0.01938, 0.02838], Train Rec Loss=[0.03240], Eval Rec Loss=[0.03242], c=[0.50000], F=[0.50874, 0.63640, 0.86829, 0.90405], F_fuse=[0.00743, 0.00607, 0.00494, 0.00388]
[ INFO : 2026-07-28 06:03:48,627 ] - Epoch 5: train==[169.11214 = 1.57817 + 1.08024 + 55.80608 + 0.00287 + 0.00000 + 0.31403 + 1225.89705]
[ INFO : 2026-07-28 06:03:57,774 ] - Test_@[5, 10, 20, 50]: Recall=[0.01786, 0.02888, 0.04653, 0.09188],  precision=[0.00372, 0.00304, 0.00247, 0.00194], hit=[0.01862, 0.03034, 0.04911, 0.09643], ndcg=[0.01130, 0.01487, 0.01939, 0.02840], Train Rec Loss=[0.03235], Eval Rec Loss=[0.03242], c=[0.50000], F=[0.51579, 0.63690, 0.86524, 0.90447], F_fuse=[0.00739, 0.00605, 0.00493, 0.00388]
[ INFO : 2026-07-28 06:06:25,305 ] - Epoch 6: train==[167.97031 = 1.56539 + 1.08024 + 54.84380 + 0.00340 + 0.00000 + 0.14674 + 1225.89705]
[ INFO : 2026-07-28 06:06:34,580 ] - Test_@[5, 10, 20, 50]: Recall=[0.01786, 0.02898, 0.04659, 0.09184],  precision=[0.00372, 0.00305, 0.00248, 0.00194], hit=[0.01862, 0.03044, 0.04916, 0.09632], ndcg=[0.01130, 0.01490, 0.01940, 0.02839], Train Rec Loss=[0.03235], Eval Rec Loss=[0.03243], c=[0.50000], F=[0.51579, 0.63733, 0.86597, 0.90493], F_fuse=[0.00739, 0.00607, 0.00494, 0.00388]
[ INFO : 2026-07-28 06:09:01,920 ] - Epoch 7: train==[167.36361 = 1.54990 + 1.08024 + 54.31655 + 0.00376 + 0.00000 + 0.08241 + 1225.89705]
[ INFO : 2026-07-28 06:09:11,097 ] - Test_@[5, 10, 20, 50]: Recall=[0.01792, 0.02901, 0.04703, 0.09215],  precision=[0.00373, 0.00304, 0.00250, 0.00195], hit=[0.01867, 0.03039, 0.04963, 0.09663], ndcg=[0.01134, 0.01497, 0.01957, 0.02854], Train Rec Loss=[0.03229], Eval Rec Loss=[0.03237], c=[0.50000], F=[0.51578, 0.63847, 0.87345, 0.90854], F_fuse=[0.00741, 0.00606, 0.00498, 0.00389]
[ INFO : 2026-07-28 06:11:39,558 ] - Epoch 8: train==[166.53781 = 1.53520 + 1.08025 + 53.54806 + 0.00401 + 0.00000 + 0.03955 + 1225.89705]
[ INFO : 2026-07-28 06:11:48,779 ] - Test_@[5, 10, 20, 50]: Recall=[0.01826, 0.02926, 0.04762, 0.09478],  precision=[0.00380, 0.00308, 0.00253, 0.00201], hit=[0.01898, 0.03070, 0.05030, 0.09956], ndcg=[0.01151, 0.01510, 0.01979, 0.02916], Train Rec Loss=[0.03232], Eval Rec Loss=[0.03237], c=[0.50000], F=[0.51606, 0.65081, 0.87728, 0.91222], F_fuse=[0.00754, 0.00612, 0.00504, 0.00401]
[ INFO : 2026-07-28 06:14:17,356 ] - Epoch 9: train==[165.35060 = 1.52124 + 1.08025 + 52.39753 + 0.00418 + 0.00000 + 0.01666 + 1225.89705]
[ INFO : 2026-07-28 06:14:26,455 ] - Test_@[5, 10, 20, 50]: Recall=[0.01959, 0.03217, 0.05152, 0.09970],  precision=[0.00408, 0.00341, 0.00274, 0.00212], hit=[0.02042, 0.03399, 0.05446, 0.10512], ndcg=[0.01235, 0.01644, 0.02137, 0.03095], Train Rec Loss=[0.03231], Eval Rec Loss=[0.03235], c=[0.50000], F=[0.53210, 0.75453, 0.87188, 0.92716], F_fuse=[0.00810, 0.00680, 0.00547, 0.00424]
[ INFO : 2026-07-28 06:16:54,659 ] - Epoch 10: train==[164.24243 = 1.50652 + 1.08025 + 51.31360 + 0.00453 + 0.00000 + 0.00680 + 1225.89705]
[ INFO : 2026-07-28 06:17:03,848 ] - Test_@[5, 10, 20, 50]: Recall=[0.02257, 0.03618, 0.05592, 0.10545],  precision=[0.00472, 0.00383, 0.00298, 0.00225], hit=[0.02355, 0.03811, 0.05909, 0.11108], ndcg=[0.01416, 0.01856, 0.02361, 0.03347], Train Rec Loss=[0.03229], Eval Rec Loss=[0.03236], c=[0.50000], F=[0.54965, 0.77234, 0.89359, 0.93081], F_fuse=[0.00936, 0.00761, 0.00595, 0.00449]
[ INFO : 2026-07-28 06:19:31,529 ] - Epoch 11: train==[163.07840 = 1.49134 + 1.08026 + 50.16934 + 0.00490 + 0.00000 + 0.00183 + 1225.89705]
[ INFO : 2026-07-28 06:19:40,771 ] - Test_@[5, 10, 20, 50]: Recall=[0.02406, 0.03985, 0.06032, 0.11363],  precision=[0.00506, 0.00422, 0.00321, 0.00243], hit=[0.02520, 0.04191, 0.06356, 0.11947], ndcg=[0.01539, 0.02051, 0.02573, 0.03634], Train Rec Loss=[0.03226], Eval Rec Loss=[0.03234], c=[0.50000], F=[0.57265, 0.78824, 0.88740, 0.93460], F_fuse=[0.01003, 0.00840, 0.00639, 0.00484]
[ INFO : 2026-07-28 06:22:08,879 ] - Epoch 12: train==[162.32475 = 1.47941 + 1.08026 + 49.42764 + 0.00526 + 0.00000 + 0.00145 + 1225.89705]
[ INFO : 2026-07-28 06:22:18,139 ] - Test_@[5, 10, 20, 50]: Recall=[0.02367, 0.03965, 0.06123, 0.11536],  precision=[0.00499, 0.00420, 0.00325, 0.00246], hit=[0.02484, 0.04171, 0.06439, 0.12137], ndcg=[0.01530, 0.02049, 0.02601, 0.03681], Train Rec Loss=[0.03227], Eval Rec Loss=[0.03235], c=[0.50000], F=[0.55715, 0.77184, 0.88892, 0.93654], F_fuse=[0.00989, 0.00836, 0.00647, 0.00491]
[ INFO : 2026-07-28 06:24:46,317 ] - Epoch 13: train==[161.52373 = 1.46294 + 1.08025 + 48.64279 + 0.00564 + 0.00000 + 0.00137 + 1225.89705]
[ INFO : 2026-07-28 06:24:55,491 ] - Test_@[5, 10, 20, 50]: Recall=[0.02422, 0.04061, 0.06278, 0.11734],  precision=[0.00510, 0.00429, 0.00333, 0.00251], hit=[0.02535, 0.04263, 0.06598, 0.12343], ndcg=[0.01555, 0.02087, 0.02652, 0.03740], Train Rec Loss=[0.03228], Eval Rec Loss=[0.03232], c=[0.50000], F=[0.58089, 0.77894, 0.88560, 0.93847], F_fuse=[0.01011, 0.00854, 0.00663, 0.00500]
[ INFO : 2026-07-28 06:27:23,819 ] - Epoch 14: train==[160.86068 = 1.45014 + 1.08026 + 47.99232 + 0.00592 + 0.00000 + 0.00131 + 1225.89705]
[ INFO : 2026-07-28 06:27:33,024 ] - Test_@[5, 10, 20, 50]: Recall=[0.02450, 0.04127, 0.06363, 0.11865],  precision=[0.00514, 0.00436, 0.00338, 0.00253], hit=[0.02556, 0.04335, 0.06691, 0.12476], ndcg=[0.01577, 0.02122, 0.02692, 0.03789], Train Rec Loss=[0.03225], Eval Rec Loss=[0.03231], c=[0.50000], F=[0.58298, 0.79629, 0.88183, 0.93915], F_fuse=[0.01020, 0.00867, 0.00673, 0.00506]
[ INFO : 2026-07-28 06:30:00,768 ] - Epoch 15: train==[160.13765 = 1.43555 + 1.08025 + 47.28367 + 0.00618 + 0.00000 + 0.00126 + 1225.89705]
[ INFO : 2026-07-28 06:30:09,982 ] - Test_@[5, 10, 20, 50]: Recall=[0.02438, 0.04187, 0.06394, 0.11893],  precision=[0.00511, 0.00443, 0.00339, 0.00254], hit=[0.02540, 0.04407, 0.06722, 0.12502], ndcg=[0.01565, 0.02135, 0.02694, 0.03791], Train Rec Loss=[0.03222], Eval Rec Loss=[0.03224], c=[0.50000], F=[0.59163, 0.81812, 0.88459, 0.93852], F_fuse=[0.01014, 0.00882, 0.00676, 0.00507]
[ INFO : 2026-07-28 06:32:37,764 ] - Epoch 16: train==[159.58085 = 1.41911 + 1.08025 + 46.74309 + 0.00644 + 0.00000 + 0.00121 + 1225.89705]
[ INFO : 2026-07-28 06:32:46,981 ] - Test_@[5, 10, 20, 50]: Recall=[0.02523, 0.04269, 0.06501, 0.12045],  precision=[0.00528, 0.00453, 0.00345, 0.00257], hit=[0.02623, 0.04500, 0.06840, 0.12666], ndcg=[0.01605, 0.02173, 0.02739, 0.03844], Train Rec Loss=[0.03224], Eval Rec Loss=[0.03228], c=[0.50000], F=[0.60643, 0.81580, 0.88351, 0.93888], F_fuse=[0.01046, 0.00901, 0.00688, 0.00513]
[ INFO : 2026-07-28 06:35:14,642 ] - Epoch 17: train==[158.88712 = 1.40628 + 1.08027 + 46.06199 + 0.00666 + 0.00000 + 0.00117 + 1225.89705]
[ INFO : 2026-07-28 06:35:23,816 ] - Test_@[5, 10, 20, 50]: Recall=[0.02492, 0.04206, 0.06510, 0.12107],  precision=[0.00521, 0.00446, 0.00346, 0.00258], hit=[0.02592, 0.04433, 0.06850, 0.12713], ndcg=[0.01590, 0.02154, 0.02741, 0.03858], Train Rec Loss=[0.03217], Eval Rec Loss=[0.03223], c=[0.50000], F=[0.63591, 0.81817, 0.88409, 0.93740], F_fuse=[0.01034, 0.00888, 0.00689, 0.00515]
[ INFO : 2026-07-28 06:37:51,529 ] - Epoch 18: train==[158.39572 = 1.39223 + 1.08026 + 45.58445 + 0.00689 + 0.00000 + 0.00114 + 1225.89705]
[ INFO : 2026-07-28 06:38:00,570 ] - Test_@[5, 10, 20, 50]: Recall=[0.02483, 0.04261, 0.06533, 0.12166],  precision=[0.00519, 0.00452, 0.00347, 0.00260], hit=[0.02582, 0.04479, 0.06881, 0.12780], ndcg=[0.01597, 0.02178, 0.02756, 0.03880], Train Rec Loss=[0.03220], Eval Rec Loss=[0.03228], c=[0.50000], F=[0.67686, 0.83487, 0.88448, 0.93833], F_fuse=[0.01031, 0.00898, 0.00692, 0.00518]
[ INFO : 2026-07-28 06:40:28,701 ] - Epoch 19: train==[157.71149 = 1.37972 + 1.08026 + 44.91254 + 0.00710 + 0.00000 + 0.00113 + 1225.89705]
[ INFO : 2026-07-28 06:40:38,021 ] - Test_@[5, 10, 20, 50]: Recall=[0.02506, 0.04281, 0.06701, 0.12289],  precision=[0.00526, 0.00454, 0.00356, 0.00262], hit=[0.02612, 0.04505, 0.07046, 0.12893], ndcg=[0.01618, 0.02196, 0.02810, 0.03923], Train Rec Loss=[0.03217], Eval Rec Loss=[0.03226], c=[0.50000], F=[0.66256, 0.83021, 0.88412, 0.93995], F_fuse=[0.01043, 0.00902, 0.00708, 0.00522]
[ INFO : 2026-07-28 06:43:05,935 ] - Epoch 20: train==[157.19886 = 1.36630 + 1.08025 + 44.41320 + 0.00726 + 0.00000 + 0.00111 + 1225.89705]
[ INFO : 2026-07-28 06:43:15,072 ] - Test_@[5, 10, 20, 50]: Recall=[0.02459, 0.04289, 0.06743, 0.12400],  precision=[0.00515, 0.00455, 0.00358, 0.00264], hit=[0.02561, 0.04510, 0.07087, 0.13006], ndcg=[0.01602, 0.02201, 0.02823, 0.03950], Train Rec Loss=[0.03217], Eval Rec Loss=[0.03223], c=[0.50000], F=[0.69442, 0.84642, 0.88563, 0.93995], F_fuse=[0.01023, 0.00904, 0.00713, 0.00527]
[ INFO : 2026-07-28 06:45:43,189 ] - Epoch 21: train==[156.60743 = 1.35068 + 1.08026 + 43.83723 + 0.00744 + 0.00000 + 0.00108 + 1225.89705]
[ INFO : 2026-07-28 06:45:52,409 ] - Test_@[5, 10, 20, 50]: Recall=[0.02502, 0.04256, 0.06684, 0.12382],  precision=[0.00525, 0.00452, 0.00355, 0.00264], hit=[0.02607, 0.04479, 0.07030, 0.12990], ndcg=[0.01624, 0.02196, 0.02814, 0.03950], Train Rec Loss=[0.03215], Eval Rec Loss=[0.03222], c=[0.50000], F=[0.72867, 0.85803, 0.88606, 0.94036], F_fuse=[0.01042, 0.00898, 0.00707, 0.00526]
[ INFO : 2026-07-28 06:48:19,894 ] - Epoch 22: train==[156.14301 = 1.33351 + 1.08026 + 43.38987 + 0.00756 + 0.00000 + 0.00108 + 1225.89705]
[ INFO : 2026-07-28 06:48:29,209 ] - Test_@[5, 10, 20, 50]: Recall=[0.02469, 0.04188, 0.06743, 0.12610],  precision=[0.00524, 0.00444, 0.00358, 0.00268], hit=[0.02602, 0.04402, 0.07087, 0.13222], ndcg=[0.01609, 0.02167, 0.02817, 0.03987], Train Rec Loss=[0.03213], Eval Rec Loss=[0.03220], c=[0.50000], F=[0.81268, 0.88415, 0.89318, 0.93936], F_fuse=[0.01040, 0.00884, 0.00713, 0.00535]
[ INFO : 2026-07-28 06:50:57,036 ] - Epoch 23: train==[155.60395 = 1.32798 + 1.08026 + 42.85618 + 0.00773 + 0.00000 + 0.00106 + 1225.89705]
[ INFO : 2026-07-28 06:51:06,241 ] - Test_@[5, 10, 20, 50]: Recall=[0.02619, 0.04272, 0.06858, 0.12707],  precision=[0.00554, 0.00454, 0.00364, 0.00270], hit=[0.02756, 0.04495, 0.07210, 0.13325], ndcg=[0.01680, 0.02213, 0.02869, 0.04036], Train Rec Loss=[0.03213], Eval Rec Loss=[0.03219], c=[0.50000], F=[0.79018, 0.87571, 0.89770, 0.94174], F_fuse=[0.01101, 0.00902, 0.00725, 0.00539]
[ INFO : 2026-07-28 06:53:33,727 ] - Epoch 24: train==[155.10182 = 1.30879 + 1.08025 + 42.37319 + 0.00781 + 0.00000 + 0.00105 + 1225.89705]
[ INFO : 2026-07-28 06:53:42,891 ] - Test_@[5, 10, 20, 50]: Recall=[0.02538, 0.04214, 0.06850, 0.12751],  precision=[0.00539, 0.00447, 0.00364, 0.00271], hit=[0.02679, 0.04438, 0.07200, 0.13371], ndcg=[0.01643, 0.02188, 0.02859, 0.04037], Train Rec Loss=[0.03212], Eval Rec Loss=[0.03218], c=[0.50000], F=[0.80202, 0.87051, 0.90083, 0.94329], F_fuse=[0.01071, 0.00890, 0.00724, 0.00541]
[ INFO : 2026-07-28 06:56:10,745 ] - Epoch 25: train==[154.39930 = 1.29690 + 1.08026 + 41.68239 + 0.00797 + 0.00000 + 0.00105 + 1225.89705]
[ INFO : 2026-07-28 06:56:20,004 ] - Test_@[5, 10, 20, 50]: Recall=[0.02633, 0.04262, 0.06949, 0.12824],  precision=[0.00557, 0.00453, 0.00368, 0.00273], hit=[0.02772, 0.04490, 0.07292, 0.13438], ndcg=[0.01679, 0.02206, 0.02890, 0.04065], Train Rec Loss=[0.03213], Eval Rec Loss=[0.03218], c=[0.50000], F=[0.81162, 0.87621, 0.89935, 0.94497], F_fuse=[0.01107, 0.00900, 0.00733, 0.00544]
[ INFO : 2026-07-28 06:58:48,274 ] - Epoch 26: train==[153.98516 = 1.28947 + 1.08025 + 41.27557 + 0.00810 + 0.00000 + 0.00103 + 1225.89705]
[ INFO : 2026-07-28 06:58:57,493 ] - Test_@[5, 10, 20, 50]: Recall=[0.02572, 0.04343, 0.07028, 0.12937],  precision=[0.00544, 0.00461, 0.00372, 0.00275], hit=[0.02705, 0.04572, 0.07375, 0.13551], ndcg=[0.01661, 0.02236, 0.02919, 0.04099], Train Rec Loss=[0.03213], Eval Rec Loss=[0.03217], c=[0.50000], F=[0.77519, 0.86000, 0.89378, 0.94527], F_fuse=[0.01081, 0.00917, 0.00742, 0.00549]
[ INFO : 2026-07-28 07:01:25,649 ] - Epoch 27: train==[153.66603 = 1.27407 + 1.08025 + 40.97173 + 0.00823 + 0.00000 + 0.00101 + 1225.89705]
[ INFO : 2026-07-28 07:01:34,842 ] - Test_@[5, 10, 20, 50]: Recall=[0.02609, 0.04321, 0.07108, 0.13012],  precision=[0.00553, 0.00458, 0.00376, 0.00277], hit=[0.02751, 0.04546, 0.07447, 0.13628], ndcg=[0.01686, 0.02240, 0.02947, 0.04126], Train Rec Loss=[0.03209], Eval Rec Loss=[0.03216], c=[0.50000], F=[0.79689, 0.86921, 0.89749, 0.94668], F_fuse=[0.01099, 0.00912, 0.00749, 0.00552]
[ INFO : 2026-07-28 07:04:02,662 ] - Epoch 28: train==[153.13504 = 1.26682 + 1.08027 + 40.44791 + 0.00829 + 0.00000 + 0.00100 + 1225.89705]
[ INFO : 2026-07-28 07:04:11,884 ] - Test_@[5, 10, 20, 50]: Recall=[0.02614, 0.04416, 0.07146, 0.13158],  precision=[0.00554, 0.00468, 0.00379, 0.00280], hit=[0.02756, 0.04639, 0.07493, 0.13777], ndcg=[0.01684, 0.02266, 0.02959, 0.04160], Train Rec Loss=[0.03211], Eval Rec Loss=[0.03218], c=[0.50000], F=[0.81610, 0.87335, 0.90180, 0.94627], F_fuse=[0.01101, 0.00931, 0.00754, 0.00558]
[ INFO : 2026-07-28 07:06:39,661 ] - Epoch 29: train==[152.66501 = 1.25142 + 1.08025 + 39.99319 + 0.00841 + 0.00000 + 0.00100 + 1225.89705]
[ INFO : 2026-07-28 07:06:48,772 ] - Test_@[5, 10, 20, 50]: Recall=[0.02633, 0.04406, 0.07234, 0.13237],  precision=[0.00556, 0.00467, 0.00383, 0.00282], hit=[0.02767, 0.04628, 0.07575, 0.13854], ndcg=[0.01678, 0.02251, 0.02968, 0.04168], Train Rec Loss=[0.03208], Eval Rec Loss=[0.03212], c=[0.50000], F=[0.80386, 0.86840, 0.90195, 0.94758], F_fuse=[0.01105, 0.00929, 0.00762, 0.00561]
[ INFO : 2026-07-28 07:09:16,344 ] - Epoch 30: train==[152.18870 = 1.24061 + 1.08026 + 39.52759 + 0.00850 + 0.00000 + 0.00100 + 1225.89705]
[ INFO : 2026-07-28 07:09:25,628 ] - Test_@[5, 10, 20, 50]: Recall=[0.02596, 0.04464, 0.07249, 0.13353],  precision=[0.00549, 0.00473, 0.00383, 0.00284], hit=[0.02731, 0.04685, 0.07591, 0.13978], ndcg=[0.01683, 0.02288, 0.02995, 0.04218], Train Rec Loss=[0.03205], Eval Rec Loss=[0.03211], c=[0.50000], F=[0.82798, 0.87555, 0.90715, 0.94680], F_fuse=[0.01091, 0.00940, 0.00764, 0.00567]
[ INFO : 2026-07-28 07:11:53,555 ] - Epoch 31: train==[151.85361 = 1.23064 + 1.08026 + 39.20239 + 0.00859 + 0.00000 + 0.00099 + 1225.89705]
[ INFO : 2026-07-28 07:12:02,708 ] - Test_@[5, 10, 20, 50]: Recall=[0.02655, 0.04512, 0.07406, 0.13451],  precision=[0.00562, 0.00479, 0.00391, 0.00286], hit=[0.02792, 0.04747, 0.07750, 0.14076], ndcg=[0.01712, 0.02313, 0.03046, 0.04256], Train Rec Loss=[0.03204], Eval Rec Loss=[0.03212], c=[0.50000], F=[0.81490, 0.87332, 0.90636, 0.94822], F_fuse=[0.01115, 0.00952, 0.00779, 0.00571]
[ INFO : 2026-07-28 07:14:30,821 ] - Epoch 32: train==[151.50209 = 1.21308 + 1.08025 + 38.86839 + 0.00864 + 0.00000 + 0.00098 + 1225.89705]
[ INFO : 2026-07-28 07:14:39,993 ] - Test_@[5, 10, 20, 50]: Recall=[0.02686, 0.04582, 0.07370, 0.13525],  precision=[0.00568, 0.00484, 0.00390, 0.00288], hit=[0.02823, 0.04798, 0.07724, 0.14148], ndcg=[0.01727, 0.02339, 0.03047, 0.04278], Train Rec Loss=[0.03205], Eval Rec Loss=[0.03212], c=[0.50000], F=[0.80765, 0.86688, 0.90617, 0.94921], F_fuse=[0.01128, 0.00962, 0.00777, 0.00574]
[ INFO : 2026-07-28 07:17:07,178 ] - Epoch 33: train==[150.92269 = 1.20669 + 1.08028 + 38.29530 + 0.00871 + 0.00000 + 0.00098 + 1225.89705]
[ INFO : 2026-07-28 07:17:16,526 ] - Test_@[5, 10, 20, 50]: Recall=[0.02659, 0.04518, 0.07404, 0.13551],  precision=[0.00563, 0.00478, 0.00392, 0.00288], hit=[0.02798, 0.04742, 0.07760, 0.14168], ndcg=[0.01722, 0.02322, 0.03054, 0.04284], Train Rec Loss=[0.03206], Eval Rec Loss=[0.03209], c=[0.50000], F=[0.82677, 0.87562, 0.91184, 0.95040], F_fuse=[0.01118, 0.00950, 0.00780, 0.00574]
[ INFO : 2026-07-28 07:19:43,725 ] - Epoch 34: train==[150.53139 = 1.19648 + 1.08024 + 37.91411 + 0.00885 + 0.00000 + 0.00097 + 1225.89705]
[ INFO : 2026-07-28 07:19:52,919 ] - Test_@[5, 10, 20, 50]: Recall=[0.02674, 0.04563, 0.07507, 0.13624],  precision=[0.00567, 0.00483, 0.00397, 0.00290], hit=[0.02818, 0.04788, 0.07863, 0.14235], ndcg=[0.01749, 0.02360, 0.03108, 0.04333], Train Rec Loss=[0.03202], Eval Rec Loss=[0.03209], c=[0.50000], F=[0.84034, 0.88138, 0.91430, 0.95050], F_fuse=[0.01126, 0.00962, 0.00791, 0.00578]
[ INFO : 2026-07-28 07:22:21,230 ] - Epoch 35: train==[150.19753 = 1.18603 + 1.08025 + 37.59068 + 0.00886 + 0.00000 + 0.00096 + 1225.89705]
[ INFO : 2026-07-28 07:22:30,416 ] - Test_@[5, 10, 20, 50]: Recall=[0.02722, 0.04649, 0.07576, 0.13665],  precision=[0.00576, 0.00492, 0.00400, 0.00291], hit=[0.02864, 0.04870, 0.07930, 0.14292], ndcg=[0.01744, 0.02365, 0.03108, 0.04328], Train Rec Loss=[0.03204], Eval Rec Loss=[0.03209], c=[0.50000], F=[0.82388, 0.87179, 0.91115, 0.95030], F_fuse=[0.01144, 0.00978, 0.00797, 0.00580]
[ INFO : 2026-07-28 07:24:58,829 ] - Epoch 36: train==[149.74710 = 1.17476 + 1.08026 + 37.15143 + 0.00895 + 0.00000 + 0.00097 + 1225.89705]
[ INFO : 2026-07-28 07:25:08,047 ] - Test_@[5, 10, 20, 50]: Recall=[0.02771, 0.04675, 0.07638, 0.13788],  precision=[0.00587, 0.00494, 0.00404, 0.00293], hit=[0.02921, 0.04891, 0.07997, 0.14410], ndcg=[0.01769, 0.02384, 0.03135, 0.04364], Train Rec Loss=[0.03200], Eval Rec Loss=[0.03209], c=[0.50000], F=[0.81574, 0.86717, 0.91007, 0.95178], F_fuse=[0.01166, 0.00982, 0.00804, 0.00585]
[ INFO : 2026-07-28 07:27:36,799 ] - Epoch 37: train==[149.36976 = 1.16630 + 1.08025 + 36.78250 + 0.00902 + 0.00000 + 0.00095 + 1225.89705]
[ INFO : 2026-07-28 07:27:46,015 ] - Test_@[5, 10, 20, 50]: Recall=[0.02837, 0.04727, 0.07726, 0.13825],  precision=[0.00601, 0.00498, 0.00408, 0.00294], hit=[0.02988, 0.04942, 0.08084, 0.14451], ndcg=[0.01808, 0.02416, 0.03177, 0.04397], Train Rec Loss=[0.03200], Eval Rec Loss=[0.03208], c=[0.50000], F=[0.81809, 0.86761, 0.91117, 0.95209], F_fuse=[0.01193, 0.00991, 0.00813, 0.00586]
[ INFO : 2026-07-28 07:30:14,146 ] - Epoch 38: train==[148.94434 = 1.15419 + 1.08025 + 36.36911 + 0.00910 + 0.00000 + 0.00095 + 1225.89705]
[ INFO : 2026-07-28 07:30:23,387 ] - Test_@[5, 10, 20, 50]: Recall=[0.02795, 0.04672, 0.07726, 0.13882],  precision=[0.00592, 0.00493, 0.00408, 0.00295], hit=[0.02947, 0.04886, 0.08079, 0.14502], ndcg=[0.01791, 0.02396, 0.03172, 0.04402], Train Rec Loss=[0.03198], Eval Rec Loss=[0.03206], c=[0.50000], F=[0.82780, 0.87308, 0.91396, 0.95129], F_fuse=[0.01176, 0.00980, 0.00812, 0.00588]
[ INFO : 2026-07-28 07:32:51,736 ] - Epoch 39: train==[148.82790 = 1.14739 + 1.08026 + 36.25940 + 0.00917 + 0.00000 + 0.00094 + 1225.89705]
[ INFO : 2026-07-28 07:33:01,008 ] - Test_@[5, 10, 20, 50]: Recall=[0.02697, 0.04684, 0.07701, 0.13965],  precision=[0.00574, 0.00495, 0.00407, 0.00297], hit=[0.02854, 0.04901, 0.08048, 0.14590], ndcg=[0.01741, 0.02380, 0.03146, 0.04399], Train Rec Loss=[0.03199], Eval Rec Loss=[0.03205], c=[0.50000], F=[0.83519, 0.88044, 0.91760, 0.95122], F_fuse=[0.01140, 0.00984, 0.00810, 0.00592]
[ INFO : 2026-07-28 07:35:28,528 ] - Epoch 40: train==[148.24594 = 1.13399 + 1.08026 + 35.69077 + 0.00924 + 0.00000 + 0.00094 + 1225.89705]
[ INFO : 2026-07-28 07:35:37,732 ] - Test_@[5, 10, 20, 50]: Recall=[0.02823, 0.04787, 0.07822, 0.14007],  precision=[0.00600, 0.00506, 0.00413, 0.00298], hit=[0.02983, 0.05009, 0.08177, 0.14636], ndcg=[0.01804, 0.02436, 0.03206, 0.04443], Train Rec Loss=[0.03199], Eval Rec Loss=[0.03204], c=[0.50000], F=[0.83518, 0.87753, 0.91655, 0.95166], F_fuse=[0.01191, 0.01005, 0.00823, 0.00594]
[ INFO : 2026-07-28 07:38:05,938 ] - Epoch 41: train==[148.01860 = 1.12666 + 1.08025 + 35.47070 + 0.00931 + 0.00000 + 0.00094 + 1225.89705]
[ INFO : 2026-07-28 07:38:15,085 ] - Test_@[5, 10, 20, 50]: Recall=[0.02798, 0.04794, 0.07817, 0.14142],  precision=[0.00593, 0.00506, 0.00413, 0.00300], hit=[0.02952, 0.05019, 0.08167, 0.14780], ndcg=[0.01790, 0.02433, 0.03200, 0.04463], Train Rec Loss=[0.03198], Eval Rec Loss=[0.03205], c=[0.50000], F=[0.82548, 0.87301, 0.91547, 0.95100], F_fuse=[0.01178, 0.01006, 0.00822, 0.00599]
[ INFO : 2026-07-28 07:40:43,000 ] - Epoch 42: train==[147.67263 = 1.11881 + 1.08025 + 35.13261 + 0.00930 + 0.00000 + 0.00093 + 1225.89705]
[ INFO : 2026-07-28 07:40:52,153 ] - Test_@[5, 10, 20, 50]: Recall=[0.02788, 0.04819, 0.07891, 0.14230],  precision=[0.00591, 0.00508, 0.00417, 0.00302], hit=[0.02942, 0.05040, 0.08249, 0.14873], ndcg=[0.01781, 0.02436, 0.03216, 0.04481], Train Rec Loss=[0.03195], Eval Rec Loss=[0.03199], c=[0.50000], F=[0.82341, 0.87155, 0.91629, 0.95156], F_fuse=[0.01174, 0.01010, 0.00830, 0.00602]
[ INFO : 2026-07-28 07:43:20,802 ] - Epoch 43: train==[147.18006 = 1.10978 + 1.08026 + 34.64893 + 0.00943 + 0.00000 + 0.00093 + 1225.89705]
[ INFO : 2026-07-28 07:43:30,039 ] - Test_@[5, 10, 20, 50]: Recall=[0.02790, 0.04758, 0.07979, 0.14250],  precision=[0.00592, 0.00503, 0.00422, 0.00303], hit=[0.02947, 0.04988, 0.08336, 0.14883], ndcg=[0.01793, 0.02429, 0.03247, 0.04499], Train Rec Loss=[0.03197], Eval Rec Loss=[0.03199], c=[0.50000], F=[0.83721, 0.87888, 0.91817, 0.95157], F_fuse=[0.01177, 0.01000, 0.00840, 0.00604]
[ INFO : 2026-07-28 07:45:58,584 ] - Epoch 44: train==[146.97505 = 1.09736 + 1.08024 + 34.45633 + 0.00945 + 0.00000 + 0.00093 + 1225.89705]
[ INFO : 2026-07-28 07:46:07,807 ] - Test_@[5, 10, 20, 50]: Recall=[0.02841, 0.04824, 0.07951, 0.14346],  precision=[0.00603, 0.00510, 0.00421, 0.00305], hit=[0.02998, 0.05055, 0.08316, 0.14986], ndcg=[0.01807, 0.02447, 0.03243, 0.04519], Train Rec Loss=[0.03194], Eval Rec Loss=[0.03201], c=[0.50000], F=[0.83107, 0.87602, 0.91818, 0.95141], F_fuse=[0.01197, 0.01013, 0.00838, 0.00608]
[ INFO : 2026-07-28 07:48:35,569 ] - Epoch 45: train==[146.62116 = 1.09033 + 1.08025 + 34.10938 + 0.00954 + 0.00000 + 0.00092 + 1225.89705]
[ INFO : 2026-07-28 07:48:44,792 ] - Test_@[5, 10, 20, 50]: Recall=[0.02801, 0.04902, 0.07947, 0.14349],  precision=[0.00593, 0.00518, 0.00421, 0.00305], hit=[0.02952, 0.05138, 0.08321, 0.14996], ndcg=[0.01802, 0.02482, 0.03255, 0.04532], Train Rec Loss=[0.03193], Eval Rec Loss=[0.03200], c=[0.50000], F=[0.83380, 0.87476, 0.91666, 0.95019], F_fuse=[0.01179, 0.01030, 0.00838, 0.00607]
[ INFO : 2026-07-28 07:51:13,172 ] - Epoch 46: train==[146.19815 = 1.07981 + 1.08026 + 33.69686 + 0.00956 + 0.00000 + 0.00092 + 1225.89705]
[ INFO : 2026-07-28 07:51:22,381 ] - Test_@[5, 10, 20, 50]: Recall=[0.02868, 0.04831, 0.07929, 0.14397],  precision=[0.00609, 0.00510, 0.00419, 0.00306], hit=[0.03029, 0.05060, 0.08295, 0.15048], ndcg=[0.01839, 0.02471, 0.03261, 0.04554], Train Rec Loss=[0.03191], Eval Rec Loss=[0.03196], c=[0.50000], F=[0.82596, 0.87570, 0.91947, 0.95075], F_fuse=[0.01209, 0.01014, 0.00835, 0.00609]
[ INFO : 2026-07-28 07:53:49,930 ] - Epoch 47: train==[146.14171 = 1.07752 + 1.08024 + 33.64265 + 0.00964 + 0.00000 + 0.00092 + 1225.89705]
[ INFO : 2026-07-28 07:53:59,148 ] - Test_@[5, 10, 20, 50]: Recall=[0.02816, 0.04886, 0.08022, 0.14363],  precision=[0.00599, 0.00516, 0.00425, 0.00305], hit=[0.02978, 0.05117, 0.08383, 0.15012], ndcg=[0.01823, 0.02492, 0.03289, 0.04556], Train Rec Loss=[0.03193], Eval Rec Loss=[0.03201], c=[0.50000], F=[0.84104, 0.88284, 0.92001, 0.95140], F_fuse=[0.01189, 0.01026, 0.00845, 0.00608]
[ INFO : 2026-07-28 07:56:27,242 ] - Epoch 48: train==[145.58861 = 1.06304 + 1.08025 + 33.10396 + 0.00970 + 0.00000 + 0.00091 + 1225.89705]
[ INFO : 2026-07-28 07:56:36,429 ] - Test_@[5, 10, 20, 50]: Recall=[0.02810, 0.04915, 0.08008, 0.14456],  precision=[0.00598, 0.00518, 0.00424, 0.00307], hit=[0.02972, 0.05143, 0.08377, 0.15109], ndcg=[0.01813, 0.02494, 0.03281, 0.04568], Train Rec Loss=[0.03190], Eval Rec Loss=[0.03196], c=[0.50000], F=[0.82442, 0.87337, 0.91792, 0.95033], F_fuse=[0.01187, 0.01031, 0.00843, 0.00611]
[ INFO : 2026-07-28 07:59:04,434 ] - Epoch 49: train==[145.33860 = 1.05793 + 1.08025 + 32.85897 + 0.00980 + 0.00000 + 0.00091 + 1225.89705]
[ INFO : 2026-07-28 07:59:13,673 ] - Test_@[5, 10, 20, 50]: Recall=[0.02792, 0.05015, 0.08076, 0.14503],  precision=[0.00593, 0.00530, 0.00427, 0.00308], hit=[0.02952, 0.05256, 0.08444, 0.15161], ndcg=[0.01810, 0.02529, 0.03304, 0.04585], Train Rec Loss=[0.03190], Eval Rec Loss=[0.03197], c=[0.50000], F=[0.83530, 0.88122, 0.92062, 0.95051], F_fuse=[0.01179, 0.01053, 0.00850, 0.00613]
[ INFO : 2026-07-28 08:01:42,459 ] - Epoch 50: train==[145.06788 = 1.04812 + 1.08025 + 32.59801 + 0.00985 + 0.00000 + 0.00091 + 1225.89705]
[ INFO : 2026-07-28 08:01:51,784 ] - Test_@[5, 10, 20, 50]: Recall=[0.02798, 0.04997, 0.08047, 0.14520],  precision=[0.00596, 0.00527, 0.00426, 0.00308], hit=[0.02962, 0.05225, 0.08419, 0.15161], ndcg=[0.01807, 0.02516, 0.03292, 0.04583], Train Rec Loss=[0.03189], Eval Rec Loss=[0.03195], c=[0.50000], F=[0.83046, 0.87827, 0.91950, 0.95053], F_fuse=[0.01183, 0.01047, 0.00848, 0.00614]
[ INFO : 2026-07-28 08:04:19,955 ] - Epoch 51: train==[144.69474 = 1.03834 + 1.08024 + 32.23460 + 0.00992 + 0.00000 + 0.00091 + 1225.89705]
[ INFO : 2026-07-28 08:04:29,234 ] - Test_@[5, 10, 20, 50]: Recall=[0.02846, 0.05017, 0.08123, 0.14556],  precision=[0.00606, 0.00530, 0.00429, 0.00309], hit=[0.03014, 0.05256, 0.08491, 0.15202], ndcg=[0.01844, 0.02546, 0.03335, 0.04619], Train Rec Loss=[0.03188], Eval Rec Loss=[0.03196], c=[0.50000], F=[0.83024, 0.87811, 0.92099, 0.95094], F_fuse=[0.01203, 0.01053, 0.00854, 0.00616]
[ INFO : 2026-07-28 08:06:58,195 ] - Epoch 52: train==[144.50497 = 1.03430 + 1.08026 + 32.04881 + 0.00997 + 0.00000 + 0.00090 + 1225.89705]
[ INFO : 2026-07-28 08:07:07,409 ] - Test_@[5, 10, 20, 50]: Recall=[0.02894, 0.05008, 0.08080, 0.14515],  precision=[0.00616, 0.00529, 0.00428, 0.00308], hit=[0.03060, 0.05256, 0.08455, 0.15171], ndcg=[0.01863, 0.02545, 0.03324, 0.04609], Train Rec Loss=[0.03188], Eval Rec Loss=[0.03196], c=[0.50000], F=[0.83755, 0.87969, 0.91748, 0.94952], F_fuse=[0.01223, 0.01052, 0.00852, 0.00614]
[ INFO : 2026-07-28 08:09:35,819 ] - Epoch 53: train==[144.44526 = 1.02314 + 1.08024 + 32.00022 + 0.01003 + 0.00000 + 0.00090 + 1225.89705]
[ INFO : 2026-07-28 08:09:44,964 ] - Test_@[5, 10, 20, 50]: Recall=[0.02924, 0.05083, 0.08193, 0.14536],  precision=[0.00619, 0.00535, 0.00433, 0.00309], hit=[0.03075, 0.05307, 0.08568, 0.15186], ndcg=[0.01902, 0.02602, 0.03392, 0.04659], Train Rec Loss=[0.03190], Eval Rec Loss=[0.03193], c=[0.50000], F=[0.83608, 0.87899, 0.91704, 0.94898], F_fuse=[0.01229, 0.01063, 0.00862, 0.00616]
[ INFO : 2026-07-28 08:12:13,954 ] - Epoch 54: train==[144.08359 = 1.01826 + 1.08025 + 31.64339 + 0.01005 + 0.00000 + 0.00089 + 1225.89705]
[ INFO : 2026-07-28 08:12:23,228 ] - Test_@[5, 10, 20, 50]: Recall=[0.02961, 0.05110, 0.08291, 0.14630],  precision=[0.00627, 0.00539, 0.00439, 0.00311], hit=[0.03122, 0.05348, 0.08671, 0.15284], ndcg=[0.01921, 0.02611, 0.03418, 0.04681], Train Rec Loss=[0.03185], Eval Rec Loss=[0.03188], c=[0.50000], F=[0.83302, 0.87900, 0.92002, 0.95014], F_fuse=[0.01245, 0.01072, 0.00873, 0.00620]
[ INFO : 2026-07-28 08:14:52,027 ] - Epoch 55: train==[143.98449 = 1.01136 + 1.08024 + 31.55114 + 0.01012 + 0.00000 + 0.00089 + 1225.89705]
[ INFO : 2026-07-28 08:15:01,277 ] - Test_@[5, 10, 20, 50]: Recall=[0.02969, 0.05021, 0.08148, 0.14597],  precision=[0.00630, 0.00529, 0.00431, 0.00310], hit=[0.03132, 0.05251, 0.08521, 0.15248], ndcg=[0.01904, 0.02565, 0.03362, 0.04650], Train Rec Loss=[0.03186], Eval Rec Loss=[0.03192], c=[0.50000], F=[0.83429, 0.88031, 0.91866, 0.94901], F_fuse=[0.01252, 0.01051, 0.00858, 0.00618]
[ INFO : 2026-07-28 08:17:28,991 ] - Epoch 56: train==[143.49989 = 1.00292 + 1.08024 + 31.07486 + 0.01024 + 0.00000 + 0.00089 + 1225.89705]
[ INFO : 2026-07-28 08:17:38,176 ] - Test_@[5, 10, 20, 50]: Recall=[0.02923, 0.05078, 0.08172, 0.14566],  precision=[0.00620, 0.00535, 0.00432, 0.00309], hit=[0.03080, 0.05302, 0.08547, 0.15228], ndcg=[0.01903, 0.02596, 0.03381, 0.04660], Train Rec Loss=[0.03184], Eval Rec Loss=[0.03191], c=[0.50000], F=[0.83208, 0.88119, 0.92015, 0.95026], F_fuse=[0.01231, 0.01063, 0.00860, 0.00617]
[ INFO : 2026-07-28 08:20:05,479 ] - Epoch 57: train==[143.27636 = 0.99629 + 1.08025 + 30.85791 + 0.01029 + 0.00000 + 0.00089 + 1225.89705]
[ INFO : 2026-07-28 08:20:14,815 ] - Test_@[5, 10, 20, 50]: Recall=[0.02966, 0.05160, 0.08303, 0.14712],  precision=[0.00629, 0.00544, 0.00440, 0.00312], hit=[0.03127, 0.05395, 0.08681, 0.15366], ndcg=[0.01927, 0.02637, 0.03432, 0.04708], Train Rec Loss=[0.03184], Eval Rec Loss=[0.03193], c=[0.50000], F=[0.83530, 0.88053, 0.91867, 0.95036], F_fuse=[0.01250, 0.01082, 0.00875, 0.00623]
[ INFO : 2026-07-28 08:22:43,169 ] - Epoch 58: train==[143.00971 = 0.98724 + 1.08024 + 30.60025 + 0.01035 + 0.00000 + 0.00089 + 1225.89705]
[ INFO : 2026-07-28 08:22:52,283 ] - Test_@[5, 10, 20, 50]: Recall=[0.02975, 0.05102, 0.08281, 0.14550],  precision=[0.00630, 0.00538, 0.00438, 0.00309], hit=[0.03132, 0.05333, 0.08655, 0.15212], ndcg=[0.01955, 0.02644, 0.03452, 0.04706], Train Rec Loss=[0.03183], Eval Rec Loss=[0.03190], c=[0.50000], F=[0.83649, 0.88210, 0.91816, 0.94895], F_fuse=[0.01252, 0.01069, 0.00872, 0.00616]
[ INFO : 2026-07-28 08:25:20,306 ] - Epoch 59: train==[142.84991 = 0.98152 + 1.08024 + 30.44618 + 0.01036 + 0.00000 + 0.00088 + 1225.89705]
[ INFO : 2026-07-28 08:25:29,531 ] - Test_@[5, 10, 20, 50]: Recall=[0.02984, 0.05154, 0.08313, 0.14567],  precision=[0.00633, 0.00543, 0.00440, 0.00309], hit=[0.03142, 0.05379, 0.08691, 0.15222], ndcg=[0.01961, 0.02661, 0.03465, 0.04714], Train Rec Loss=[0.03185], Eval Rec Loss=[0.03191], c=[0.50000], F=[0.83384, 0.88143, 0.91877, 0.94967], F_fuse=[0.01256, 0.01078, 0.00876, 0.00617]
[ INFO : 2026-07-28 08:27:59,355 ] - Epoch 60: train==[142.59313 = 0.97564 + 1.08025 + 30.19520 + 0.01043 + 0.00000 + 0.00088 + 1225.89705]
[ INFO : 2026-07-28 08:28:08,570 ] - Test_@[5, 10, 20, 50]: Recall=[0.02942, 0.05130, 0.08348, 0.14651],  precision=[0.00622, 0.00541, 0.00442, 0.00311], hit=[0.03091, 0.05364, 0.08732, 0.15315], ndcg=[0.01936, 0.02644, 0.03460, 0.04718], Train Rec Loss=[0.03181], Eval Rec Loss=[0.03189], c=[0.50000], F=[0.83119, 0.88001, 0.91945, 0.95030], F_fuse=[0.01235, 0.01075, 0.00879, 0.00620]
[ INFO : 2026-07-28 08:30:36,706 ] - Epoch 61: train==[142.37648 = 0.97159 + 1.08023 + 29.98248 + 0.01056 + 0.00000 + 0.00088 + 1225.89705]
[ INFO : 2026-07-28 08:30:45,864 ] - Test_@[5, 10, 20, 50]: Recall=[0.03063, 0.05072, 0.08347, 0.14648],  precision=[0.00648, 0.00535, 0.00441, 0.00311], hit=[0.03219, 0.05302, 0.08732, 0.15315], ndcg=[0.01987, 0.02636, 0.03468, 0.04727], Train Rec Loss=[0.03181], Eval Rec Loss=[0.03186], c=[0.50000], F=[0.83726, 0.88139, 0.91703, 0.94929], F_fuse=[0.01286, 0.01063, 0.00878, 0.00620]
[ INFO : 2026-07-28 08:33:14,064 ] - Epoch 62: train==[142.14737 = 0.96114 + 1.08025 + 29.76380 + 0.01057 + 0.00000 + 0.00087 + 1225.89705]
[ INFO : 2026-07-28 08:33:23,324 ] - Test_@[5, 10, 20, 50]: Recall=[0.02957, 0.05170, 0.08386, 0.14691],  precision=[0.00626, 0.00546, 0.00443, 0.00312], hit=[0.03111, 0.05410, 0.08763, 0.15356], ndcg=[0.01961, 0.02677, 0.03493, 0.04754], Train Rec Loss=[0.03181], Eval Rec Loss=[0.03188], c=[0.50000], F=[0.83440, 0.88257, 0.91955, 0.95001], F_fuse=[0.01243, 0.01086, 0.00882, 0.00622]
[ INFO : 2026-07-28 08:35:52,049 ] - Epoch 63: train==[141.94035 = 0.95382 + 1.08024 + 29.56408 + 0.01060 + 0.00000 + 0.00087 + 1225.89705]
[ INFO : 2026-07-28 08:36:01,189 ] - Test_@[5, 10, 20, 50]: Recall=[0.03033, 0.05174, 0.08382, 0.14786],  precision=[0.00641, 0.00545, 0.00443, 0.00314], hit=[0.03183, 0.05400, 0.08763, 0.15449], ndcg=[0.01977, 0.02668, 0.03483, 0.04762], Train Rec Loss=[0.03181], Eval Rec Loss=[0.03187], c=[0.50000], F=[0.83572, 0.88300, 0.91889, 0.94977], F_fuse=[0.01272, 0.01084, 0.00882, 0.00626]
[ INFO : 2026-07-28 08:38:29,021 ] - Epoch 64: train==[141.90983 = 0.94685 + 1.08025 + 29.54044 + 0.01069 + 0.00000 + 0.00087 + 1225.89705]
[ INFO : 2026-07-28 08:38:38,369 ] - Test_@[5, 10, 20, 50]: Recall=[0.02995, 0.05114, 0.08432, 0.14689],  precision=[0.00632, 0.00539, 0.00446, 0.00312], hit=[0.03132, 0.05348, 0.08815, 0.15346], ndcg=[0.01985, 0.02667, 0.03511, 0.04760], Train Rec Loss=[0.03180], Eval Rec Loss=[0.03187], c=[0.50000], F=[0.83764, 0.88219, 0.91791, 0.94892], F_fuse=[0.01254, 0.01072, 0.00887, 0.00622]
[ INFO : 2026-07-28 08:41:06,480 ] - Epoch 65: train==[141.59983 = 0.94233 + 1.08023 + 29.23488 + 0.01079 + 0.00000 + 0.00087 + 1225.89705]
[ INFO : 2026-07-28 08:41:15,653 ] - Test_@[5, 10, 20, 50]: Recall=[0.02964, 0.05156, 0.08415, 0.14735],  precision=[0.00627, 0.00544, 0.00445, 0.00313], hit=[0.03106, 0.05390, 0.08809, 0.15402], ndcg=[0.01967, 0.02675, 0.03503, 0.04766], Train Rec Loss=[0.03178], Eval Rec Loss=[0.03185], c=[0.50000], F=[0.83514, 0.88134, 0.91828, 0.94974], F_fuse=[0.01245, 0.01082, 0.00886, 0.00624]
[ INFO : 2026-07-28 08:43:43,172 ] - Epoch 66: train==[141.42451 = 0.93739 + 1.08023 + 29.06447 + 0.01082 + 0.00000 + 0.00086 + 1225.89705]
[ INFO : 2026-07-28 08:43:52,306 ] - Test_@[5, 10, 20, 50]: Recall=[0.03035, 0.05105, 0.08375, 0.14805],  precision=[0.00641, 0.00538, 0.00443, 0.00314], hit=[0.03178, 0.05328, 0.08753, 0.15469], ndcg=[0.02033, 0.02701, 0.03533, 0.04818], Train Rec Loss=[0.03177], Eval Rec Loss=[0.03182], c=[0.50000], F=[0.83083, 0.88115, 0.91948, 0.94974], F_fuse=[0.01272, 0.01069, 0.00882, 0.00627]
[ INFO : 2026-07-28 08:46:20,531 ] - Epoch 67: train==[141.18470 = 0.92987 + 1.08023 + 28.83209 + 0.01090 + 0.00000 + 0.00086 + 1225.89705]
[ INFO : 2026-07-28 08:46:29,627 ] - Test_@[5, 10, 20, 50]: Recall=[0.02993, 0.05110, 0.08449, 0.14735],  precision=[0.00634, 0.00540, 0.00446, 0.00313], hit=[0.03137, 0.05348, 0.08840, 0.15413], ndcg=[0.02007, 0.02691, 0.03539, 0.04796], Train Rec Loss=[0.03178], Eval Rec Loss=[0.03182], c=[0.50000], F=[0.83635, 0.88238, 0.91786, 0.94892], F_fuse=[0.01258, 0.01073, 0.00888, 0.00625]
[ INFO : 2026-07-28 08:48:58,401 ] - Epoch 68: train==[141.05160 = 0.92286 + 1.08024 + 28.70596 + 0.01094 + 0.00000 + 0.00086 + 1225.89705]
[ INFO : 2026-07-28 08:49:07,630 ] - Test_@[5, 10, 20, 50]: Recall=[0.03065, 0.05147, 0.08453, 0.14800],  precision=[0.00646, 0.00543, 0.00446, 0.00314], hit=[0.03204, 0.05379, 0.08830, 0.15469], ndcg=[0.02050, 0.02721, 0.03557, 0.04827], Train Rec Loss=[0.03179], Eval Rec Loss=[0.03182], c=[0.50000], F=[0.83122, 0.88091, 0.91793, 0.94852], F_fuse=[0.01282, 0.01079, 0.00888, 0.00627]
[ INFO : 2026-07-28 08:51:36,256 ] - Epoch 69: train==[140.87176 = 0.91760 + 1.08022 + 28.53135 + 0.01099 + 0.00000 + 0.00086 + 1225.89705]
[ INFO : 2026-07-28 08:51:45,388 ] - Test_@[5, 10, 20, 50]: Recall=[0.03013, 0.05083, 0.08496, 0.14775],  precision=[0.00638, 0.00536, 0.00448, 0.00314], hit=[0.03163, 0.05312, 0.08876, 0.15438], ndcg=[0.02012, 0.02680, 0.03546, 0.04800], Train Rec Loss=[0.03176], Eval Rec Loss=[0.03185], c=[0.50000], F=[0.83015, 0.87926, 0.91665, 0.94894], F_fuse=[0.01266, 0.01066, 0.00893, 0.00626]
[ INFO : 2026-07-28 08:54:14,190 ] - Epoch 70: train==[140.75600 = 0.91694 + 1.08026 + 28.41613 + 0.01108 + 0.00000 + 0.00086 + 1225.89705]
[ INFO : 2026-07-28 08:54:23,444 ] - Test_@[5, 10, 20, 50]: Recall=[0.03055, 0.05162, 0.08434, 0.14727],  precision=[0.00648, 0.00546, 0.00446, 0.00313], hit=[0.03209, 0.05400, 0.08825, 0.15397], ndcg=[0.02049, 0.02730, 0.03559, 0.04816], Train Rec Loss=[0.03176], Eval Rec Loss=[0.03186], c=[0.50000], F=[0.83725, 0.88178, 0.91672, 0.94771], F_fuse=[0.01286, 0.01085, 0.00888, 0.00624]
[ INFO : 2026-07-28 08:56:51,836 ] - Epoch 71: train==[140.44695 = 0.90372 + 1.08022 + 28.12031 + 0.01110 + 0.00000 + 0.00086 + 1225.89705]
[ INFO : 2026-07-28 08:57:01,052 ] - Test_@[5, 10, 20, 50]: Recall=[0.03047, 0.05138, 0.08523, 0.14789],  precision=[0.00643, 0.00543, 0.00451, 0.00315], hit=[0.03188, 0.05374, 0.08923, 0.15469], ndcg=[0.02022, 0.02700, 0.03561, 0.04814], Train Rec Loss=[0.03176], Eval Rec Loss=[0.03183], c=[0.50000], F=[0.83206, 0.88079, 0.91732, 0.94846], F_fuse=[0.01276, 0.01078, 0.00897, 0.00627]
[ INFO : 2026-07-28 08:59:29,367 ] - Epoch 72: train==[140.39294 = 0.90026 + 1.08024 + 28.06969 + 0.01115 + 0.00000 + 0.00085 + 1225.89705]
[ INFO : 2026-07-28 08:59:38,654 ] - Test_@[5, 10, 20, 50]: Recall=[0.03049, 0.05216, 0.08538, 0.14729],  precision=[0.00645, 0.00551, 0.00452, 0.00313], hit=[0.03199, 0.05451, 0.08933, 0.15408], ndcg=[0.02052, 0.02751, 0.03590, 0.04827], Train Rec Loss=[0.03175], Eval Rec Loss=[0.03179], c=[0.50000], F=[0.83599, 0.88174, 0.91689, 0.94791], F_fuse=[0.01280, 0.01095, 0.00899, 0.00624]
[ INFO : 2026-07-28 09:02:06,727 ] - Epoch 73: train==[140.32617 = 0.89434 + 1.08023 + 28.00885 + 0.01117 + 0.00000 + 0.00085 + 1225.89705]
[ INFO : 2026-07-28 09:02:15,929 ] - Test_@[5, 10, 20, 50]: Recall=[0.03081, 0.05215, 0.08569, 0.14750],  precision=[0.00652, 0.00551, 0.00454, 0.00314], hit=[0.03230, 0.05456, 0.08964, 0.15433], ndcg=[0.02054, 0.02745, 0.03597, 0.04833], Train Rec Loss=[0.03174], Eval Rec Loss=[0.03180], c=[0.50000], F=[0.83815, 0.88167, 0.91669, 0.94837], F_fuse=[0.01294, 0.01095, 0.00903, 0.00626]
[ INFO : 2026-07-28 09:04:44,959 ] - Epoch 74: train==[140.17410 = 0.88761 + 1.08023 + 27.86344 + 0.01123 + 0.00000 + 0.00085 + 1225.89705]
[ INFO : 2026-07-28 09:04:54,226 ] - Test_@[5, 10, 20, 50]: Recall=[0.03122, 0.05278, 0.08603, 0.14920],  precision=[0.00657, 0.00557, 0.00454, 0.00317], hit=[0.03266, 0.05528, 0.08979, 0.15582], ndcg=[0.02070, 0.02768, 0.03609, 0.04874], Train Rec Loss=[0.03173], Eval Rec Loss=[0.03180], c=[0.50000], F=[0.83485, 0.88396, 0.91849, 0.94881], F_fuse=[0.01304, 0.01108, 0.00903, 0.00632]
[ INFO : 2026-07-28 09:07:23,246 ] - Epoch 75: train==[139.87573 = 0.88559 + 1.08022 + 27.56699 + 0.01135 + 0.00000 + 0.00085 + 1225.89705]
[ INFO : 2026-07-28 09:07:32,430 ] - Test_@[5, 10, 20, 50]: Recall=[0.03104, 0.05194, 0.08483, 0.14848],  precision=[0.00657, 0.00549, 0.00448, 0.00316], hit=[0.03260, 0.05436, 0.08876, 0.15521], ndcg=[0.02074, 0.02748, 0.03584, 0.04859], Train Rec Loss=[0.03171], Eval Rec Loss=[0.03179], c=[0.50000], F=[0.83321, 0.88133, 0.91754, 0.94833], F_fuse=[0.01304, 0.01091, 0.00893, 0.00630]
[ INFO : 2026-07-28 09:10:00,329 ] - Epoch 76: train==[139.92731 = 0.87921 + 1.08023 + 27.62488 + 0.01141 + 0.00000 + 0.00084 + 1225.89705]
[ INFO : 2026-07-28 09:10:09,537 ] - Test_@[5, 10, 20, 50]: Recall=[0.03135, 0.05239, 0.08539, 0.14843],  precision=[0.00660, 0.00553, 0.00452, 0.00316], hit=[0.03276, 0.05482, 0.08933, 0.15516], ndcg=[0.02090, 0.02773, 0.03609, 0.04868], Train Rec Loss=[0.03172], Eval Rec Loss=[0.03178], c=[0.50000], F=[0.83588, 0.88127, 0.91649, 0.94760], F_fuse=[0.01310, 0.01100, 0.00899, 0.00629]
[ INFO : 2026-07-28 09:12:37,509 ] - Epoch 77: train==[139.49436 = 0.87220 + 1.08022 + 27.19888 + 0.01148 + 0.00000 + 0.00084 + 1225.89705]
[ INFO : 2026-07-28 09:12:46,750 ] - Test_@[5, 10, 20, 50]: Recall=[0.03142, 0.05381, 0.08517, 0.15005],  precision=[0.00663, 0.00568, 0.00450, 0.00319], hit=[0.03291, 0.05626, 0.08907, 0.15685], ndcg=[0.02104, 0.02824, 0.03621, 0.04921], Train Rec Loss=[0.03170], Eval Rec Loss=[0.03178], c=[0.50000], F=[0.83642, 0.88323, 0.91792, 0.94799], F_fuse=[0.01316, 0.01128, 0.00896, 0.00636]
[ INFO : 2026-07-28 09:15:14,873 ] - Epoch 78: train==[139.65249 = 0.86554 + 1.08022 + 27.36366 + 0.01150 + 0.00000 + 0.00084 + 1225.89705]
[ INFO : 2026-07-28 09:15:24,197 ] - Test_@[5, 10, 20, 50]: Recall=[0.03161, 0.05311, 0.08631, 0.14887],  precision=[0.00666, 0.00561, 0.00456, 0.00317], hit=[0.03307, 0.05559, 0.09020, 0.15567], ndcg=[0.02110, 0.02805, 0.03645, 0.04896], Train Rec Loss=[0.03172], Eval Rec Loss=[0.03176], c=[0.50000], F=[0.83726, 0.88082, 0.91641, 0.94765], F_fuse=[0.01322, 0.01114, 0.00908, 0.00631]
[ INFO : 2026-07-28 09:17:52,404 ] - Epoch 79: train==[139.42636 = 0.86335 + 1.08022 + 27.13968 + 0.01153 + 0.00000 + 0.00084 + 1225.89705]
[ INFO : 2026-07-28 09:18:01,652 ] - Test_@[5, 10, 20, 50]: Recall=[0.03194, 0.05332, 0.08583, 0.14936],  precision=[0.00674, 0.00564, 0.00454, 0.00318], hit=[0.03348, 0.05585, 0.08989, 0.15629], ndcg=[0.02122, 0.02811, 0.03637, 0.04910], Train Rec Loss=[0.03171], Eval Rec Loss=[0.03177], c=[0.50000], F=[0.83595, 0.88198, 0.91727, 0.94789], F_fuse=[0.01337, 0.01120, 0.00904, 0.00634]
[ INFO : 2026-07-28 09:20:29,308 ] - Epoch 80: train==[139.25591 = 0.85820 + 1.08022 + 26.97427 + 0.01165 + 0.00000 + 0.00084 + 1225.89705]
[ INFO : 2026-07-28 09:20:38,407 ] - Test_@[5, 10, 20, 50]: Recall=[0.03101, 0.05267, 0.08648, 0.14978],  precision=[0.00654, 0.00556, 0.00457, 0.00318], hit=[0.03255, 0.05513, 0.09041, 0.15654], ndcg=[0.02084, 0.02786, 0.03642, 0.04908], Train Rec Loss=[0.03171], Eval Rec Loss=[0.03175], c=[0.50000], F=[0.83529, 0.88135, 0.91655, 0.94795], F_fuse=[0.01298, 0.01105, 0.00909, 0.00635]
[ INFO : 2026-07-28 09:23:06,787 ] - Epoch 81: train==[139.13759 = 0.85184 + 1.08022 + 26.86224 + 0.01171 + 0.00000 + 0.00083 + 1225.89705]
[ INFO : 2026-07-28 09:23:15,932 ] - Test_@[5, 10, 20, 50]: Recall=[0.03158, 0.05300, 0.08611, 0.14967],  precision=[0.00668, 0.00560, 0.00455, 0.00318], hit=[0.03312, 0.05544, 0.09010, 0.15654], ndcg=[0.02108, 0.02799, 0.03639, 0.04911], Train Rec Loss=[0.03170], Eval Rec Loss=[0.03176], c=[0.50000], F=[0.83935, 0.88313, 0.91689, 0.94718], F_fuse=[0.01325, 0.01112, 0.00906, 0.00634]
[ INFO : 2026-07-28 09:25:44,320 ] - Epoch 82: train==[138.93040 = 0.84665 + 1.08021 + 26.66022 + 0.01175 + 0.00000 + 0.00083 + 1225.89705]
[ INFO : 2026-07-28 09:25:53,554 ] - Test_@[5, 10, 20, 50]: Recall=[0.03171, 0.05377, 0.08700, 0.15007],  precision=[0.00669, 0.00568, 0.00460, 0.00319], hit=[0.03322, 0.05626, 0.09087, 0.15685], ndcg=[0.02117, 0.02828, 0.03669, 0.04933], Train Rec Loss=[0.03169], Eval Rec Loss=[0.03178], c=[0.50000], F=[0.83997, 0.88307, 0.91713, 0.94786], F_fuse=[0.01327, 0.01128, 0.00915, 0.00636]
[ INFO : 2026-07-28 09:28:22,619 ] - Epoch 83: train==[138.81564 = 0.84198 + 1.08022 + 26.55001 + 0.01185 + 0.00000 + 0.00083 + 1225.89705]
[ INFO : 2026-07-28 09:28:31,842 ] - Test_@[5, 10, 20, 50]: Recall=[0.03208, 0.05230, 0.08579, 0.14859],  precision=[0.00678, 0.00554, 0.00454, 0.00316], hit=[0.03368, 0.05492, 0.08969, 0.15541], ndcg=[0.02115, 0.02771, 0.03622, 0.04879], Train Rec Loss=[0.03170], Eval Rec Loss=[0.03176], c=[0.50000], F=[0.83948, 0.88139, 0.91564, 0.94763], F_fuse=[0.01345, 0.01101, 0.00904, 0.00630]
[ INFO : 2026-07-28 09:30:59,428 ] - Epoch 84: train==[138.67989 = 0.83939 + 1.08022 + 26.41683 + 0.01189 + 0.00000 + 0.00083 + 1225.89705]
[ INFO : 2026-07-28 09:31:08,695 ] - Test_@[5, 10, 20, 50]: Recall=[0.03252, 0.05282, 0.08597, 0.15013],  precision=[0.00683, 0.00558, 0.00455, 0.00319], hit=[0.03389, 0.05523, 0.08995, 0.15696], ndcg=[0.02139, 0.02799, 0.03640, 0.04924], Train Rec Loss=[0.03170], Eval Rec Loss=[0.03176], c=[0.50000], F=[0.83470, 0.88208, 0.91744, 0.94812], F_fuse=[0.01355, 0.01109, 0.00905, 0.00636]
[ INFO : 2026-07-28 09:33:36,781 ] - Epoch 85: train==[138.63500 = 0.83285 + 1.08022 + 26.37840 + 0.01196 + 0.00000 + 0.00083 + 1225.89705]
[ INFO : 2026-07-28 09:33:46,025 ] - Test_@[5, 10, 20, 50]: Recall=[0.03277, 0.05288, 0.08604, 0.14894],  precision=[0.00692, 0.00561, 0.00455, 0.00316], hit=[0.03435, 0.05549, 0.09000, 0.15567], ndcg=[0.02163, 0.02818, 0.03658, 0.04918], Train Rec Loss=[0.03168], Eval Rec Loss=[0.03175], c=[0.50000], F=[0.83753, 0.88043, 0.91503, 0.94711], F_fuse=[0.01373, 0.01114, 0.00906, 0.00631]
[ INFO : 2026-07-28 09:36:14,320 ] - Epoch 86: train==[138.50577 = 0.82827 + 1.08021 + 26.25372 + 0.01201 + 0.00000 + 0.00082 + 1225.89705]
[ INFO : 2026-07-28 09:36:23,604 ] - Test_@[5, 10, 20, 50]: Recall=[0.03269, 0.05351, 0.08652, 0.15022],  precision=[0.00689, 0.00566, 0.00457, 0.00319], hit=[0.03425, 0.05611, 0.09046, 0.15701], ndcg=[0.02159, 0.02833, 0.03672, 0.04946], Train Rec Loss=[0.03169], Eval Rec Loss=[0.03175], c=[0.50000], F=[0.83839, 0.88244, 0.91645, 0.94753], F_fuse=[0.01367, 0.01125, 0.00910, 0.00636]
[ INFO : 2026-07-28 09:38:51,521 ] - Epoch 87: train==[138.54282 = 0.82788 + 1.08022 + 26.29114 + 0.01202 + 0.00000 + 0.00082 + 1225.89705]
[ INFO : 2026-07-28 09:39:00,644 ] - Test_@[5, 10, 20, 50]: Recall=[0.03317, 0.05326, 0.08634, 0.15028],  precision=[0.00698, 0.00564, 0.00457, 0.00319], hit=[0.03461, 0.05585, 0.09036, 0.15701], ndcg=[0.02162, 0.02815, 0.03653, 0.04931], Train Rec Loss=[0.03166], Eval Rec Loss=[0.03175], c=[0.50000], F=[0.83579, 0.88140, 0.91638, 0.94746], F_fuse=[0.01385, 0.01121, 0.00909, 0.00636]
[ INFO : 2026-07-28 09:41:28,804 ] - Epoch 88: train==[138.38584 = 0.81927 + 1.08021 + 26.14268 + 0.01212 + 0.00000 + 0.00082 + 1225.89705]
[ INFO : 2026-07-28 09:41:37,904 ] - Test_@[5, 10, 20, 50]: Recall=[0.03280, 0.05274, 0.08580, 0.14872],  precision=[0.00691, 0.00558, 0.00454, 0.00316], hit=[0.03435, 0.05539, 0.08989, 0.15546], ndcg=[0.02142, 0.02791, 0.03632, 0.04889], Train Rec Loss=[0.03167], Eval Rec Loss=[0.03170], c=[0.50000], F=[0.83919, 0.88228, 0.91547, 0.94660], F_fuse=[0.01371, 0.01110, 0.00903, 0.00630]
[ INFO : 2026-07-28 09:44:06,779 ] - Epoch 89: train==[138.16330 = 0.81646 + 1.08021 + 25.92289 + 0.01218 + 0.00000 + 0.00082 + 1225.89705]
[ INFO : 2026-07-28 09:44:16,021 ] - Test_@[5, 10, 20, 50]: Recall=[0.03269, 0.05285, 0.08627, 0.15010],  precision=[0.00689, 0.00561, 0.00456, 0.00319], hit=[0.03425, 0.05559, 0.09025, 0.15685], ndcg=[0.02155, 0.02812, 0.03661, 0.04938], Train Rec Loss=[0.03166], Eval Rec Loss=[0.03174], c=[0.50000], F=[0.83785, 0.88195, 0.91551, 0.94701], F_fuse=[0.01367, 0.01114, 0.00908, 0.00635]
[ INFO : 2026-07-28 09:46:43,996 ] - Epoch 90: train==[138.18664 = 0.81075 + 1.08021 + 25.95186 + 0.01226 + 0.00000 + 0.00082 + 1225.89705]
[ INFO : 2026-07-28 09:46:53,226 ] - Test_@[5, 10, 20, 50]: Recall=[0.03273, 0.05301, 0.08611, 0.14879],  precision=[0.00688, 0.00562, 0.00455, 0.00316], hit=[0.03420, 0.05570, 0.09010, 0.15546], ndcg=[0.02159, 0.02820, 0.03658, 0.04912], Train Rec Loss=[0.03167], Eval Rec Loss=[0.03171], c=[0.50000], F=[0.83683, 0.88042, 0.91430, 0.94711], F_fuse=[0.01365, 0.01116, 0.00905, 0.00629]
[ INFO : 2026-07-28 09:49:21,619 ] - Epoch 91: train==[138.03720 = 0.80557 + 1.08021 + 25.80760 + 0.01227 + 0.00000 + 0.00081 + 1225.89705]
[ INFO : 2026-07-28 09:49:30,763 ] - Test_@[5, 10, 20, 50]: Recall=[0.03313, 0.05327, 0.08628, 0.14907],  precision=[0.00698, 0.00563, 0.00456, 0.00316], hit=[0.03471, 0.05580, 0.09020, 0.15567], ndcg=[0.02177, 0.02831, 0.03670, 0.04926], Train Rec Loss=[0.03164], Eval Rec Loss=[0.03171], c=[0.50000], F=[0.84038, 0.88199, 0.91531, 0.94718], F_fuse=[0.01385, 0.01119, 0.00907, 0.00631]
[ INFO : 2026-07-28 09:51:58,902 ] - Epoch 92: train==[137.84747 = 0.79680 + 1.08021 + 25.62654 + 0.01237 + 0.00000 + 0.00082 + 1225.89705]
[ INFO : 2026-07-28 09:52:08,098 ] - Test_@[5, 10, 20, 50]: Recall=[0.03361, 0.05422, 0.08639, 0.15082],  precision=[0.00706, 0.00573, 0.00457, 0.00320], hit=[0.03512, 0.05688, 0.09041, 0.15752], ndcg=[0.02195, 0.02861, 0.03680, 0.04972], Train Rec Loss=[0.03164], Eval Rec Loss=[0.03172], c=[0.50000], F=[0.83865, 0.88376, 0.91735, 0.94783], F_fuse=[0.01399, 0.01138, 0.00909, 0.00638]
[ INFO : 2026-07-28 09:54:35,976 ] - Epoch 93: train==[137.71100 = 0.79556 + 1.08020 + 25.49120 + 0.01248 + 0.00000 + 0.00082 + 1225.89705]
[ INFO : 2026-07-28 09:54:45,200 ] - Test_@[5, 10, 20, 50]: Recall=[0.03367, 0.05407, 0.08700, 0.15096],  precision=[0.00708, 0.00571, 0.00460, 0.00320], hit=[0.03518, 0.05662, 0.09092, 0.15773], ndcg=[0.02194, 0.02857, 0.03692, 0.04971], Train Rec Loss=[0.03164], Eval Rec Loss=[0.03171], c=[0.50000], F=[0.83833, 0.88300, 0.91674, 0.94733], F_fuse=[0.01403, 0.01134, 0.00914, 0.00638]
[ INFO : 2026-07-28 09:57:13,768 ] - Epoch 94: train==[137.72002 = 0.79330 + 1.08022 + 25.50245 + 0.01249 + 0.00000 + 0.00081 + 1225.89705]
[ INFO : 2026-07-28 09:57:22,999 ] - Test_@[5, 10, 20, 50]: Recall=[0.03370, 0.05345, 0.08619, 0.14951],  precision=[0.00710, 0.00565, 0.00455, 0.00317], hit=[0.03523, 0.05606, 0.09015, 0.15629], ndcg=[0.02208, 0.02850, 0.03681, 0.04948], Train Rec Loss=[0.03165], Eval Rec Loss=[0.03170], c=[0.50000], F=[0.83538, 0.87913, 0.91428, 0.94712], F_fuse=[0.01407, 0.01123, 0.00906, 0.00633]
[ INFO : 2026-07-28 09:59:50,900 ] - Epoch 95: train==[137.66112 = 0.79038 + 1.08020 + 25.44645 + 0.01254 + 0.00000 + 0.00081 + 1225.89705]
[ INFO : 2026-07-28 10:00:00,138 ] - Test_@[5, 10, 20, 50]: Recall=[0.03367, 0.05396, 0.08584, 0.14975],  precision=[0.00709, 0.00571, 0.00453, 0.00318], hit=[0.03523, 0.05667, 0.08979, 0.15649], ndcg=[0.02206, 0.02863, 0.03672, 0.04952], Train Rec Loss=[0.03163], Eval Rec Loss=[0.03169], c=[0.50000], F=[0.84168, 0.88352, 0.91626, 0.94686], F_fuse=[0.01405, 0.01134, 0.00902, 0.00634]
[ INFO : 2026-07-28 10:02:28,346 ] - Epoch 96: train==[137.63618 = 0.78510 + 1.08021 + 25.42673 + 0.01259 + 0.00000 + 0.00081 + 1225.89705]
[ INFO : 2026-07-28 10:02:37,527 ] - Test_@[5, 10, 20, 50]: Recall=[0.03436, 0.05454, 0.08724, 0.15054],  precision=[0.00720, 0.00577, 0.00461, 0.00319], hit=[0.03579, 0.05729, 0.09128, 0.15726], ndcg=[0.02235, 0.02892, 0.03720, 0.04986], Train Rec Loss=[0.03165], Eval Rec Loss=[0.03171], c=[0.50000], F=[0.83847, 0.88193, 0.91598, 0.94722], F_fuse=[0.01428, 0.01147, 0.00917, 0.00637]
[ INFO : 2026-07-28 10:05:06,629 ] - Epoch 97: train==[137.47954 = 0.77798 + 1.08020 + 25.27712 + 0.01269 + 0.00000 + 0.00081 + 1225.89705]
[ INFO : 2026-07-28 10:05:15,887 ] - Test_@[5, 10, 20, 50]: Recall=[0.03402, 0.05408, 0.08652, 0.15120],  precision=[0.00716, 0.00572, 0.00457, 0.00321], hit=[0.03559, 0.05678, 0.09067, 0.15793], ndcg=[0.02227, 0.02877, 0.03701, 0.04996], Train Rec Loss=[0.03164], Eval Rec Loss=[0.03170], c=[0.50000], F=[0.83957, 0.88231, 0.91526, 0.94723], F_fuse=[0.01420, 0.01136, 0.00910, 0.00640]
[ INFO : 2026-07-28 10:07:44,433 ] - Epoch 98: train==[137.44648 = 0.77884 + 1.08021 + 25.24317 + 0.01271 + 0.00000 + 0.00081 + 1225.89705]
[ INFO : 2026-07-28 10:07:53,809 ] - Test_@[5, 10, 20, 50]: Recall=[0.03394, 0.05454, 0.08666, 0.15049],  precision=[0.00713, 0.00576, 0.00458, 0.00319], hit=[0.03543, 0.05719, 0.09067, 0.15716], ndcg=[0.02223, 0.02888, 0.03701, 0.04978], Train Rec Loss=[0.03163], Eval Rec Loss=[0.03170], c=[0.50000], F=[0.83626, 0.88104, 0.91518, 0.94738], F_fuse=[0.01414, 0.01144, 0.00911, 0.00637]
[ INFO : 2026-07-28 10:10:21,683 ] - Epoch 99: train==[137.32919 = 0.77193 + 1.08019 + 25.13275 + 0.01278 + 0.00000 + 0.00081 + 1225.89705]
[ INFO : 2026-07-28 10:10:30,813 ] - Test_@[5, 10, 20, 50]: Recall=[0.03435, 0.05471, 0.08730, 0.15120],  precision=[0.00721, 0.00577, 0.00461, 0.00321], hit=[0.03584, 0.05729, 0.09133, 0.15793], ndcg=[0.02242, 0.02901, 0.03728, 0.05006], Train Rec Loss=[0.03161], Eval Rec Loss=[0.03169], c=[0.50000], F=[0.84020, 0.88246, 0.91602, 0.94707], F_fuse=[0.01430, 0.01147, 0.00917, 0.00640]
[ INFO : 2026-07-28 10:13:00,398 ] - Epoch 100: train==[137.29812 = 0.76831 + 1.08020 + 25.10520 + 0.01287 + 0.00000 + 0.00081 + 1225.89705]
[ INFO : 2026-07-28 10:13:09,746 ] - Test_@[5, 10, 20, 50]: Recall=[0.03399, 0.05332, 0.08605, 0.14917],  precision=[0.00715, 0.00564, 0.00454, 0.00317], hit=[0.03559, 0.05590, 0.09000, 0.15577], ndcg=[0.02231, 0.02858, 0.03688, 0.04952], Train Rec Loss=[0.03160], Eval Rec Loss=[0.03166], c=[0.50000], F=[0.83871, 0.88133, 0.91444, 0.94610], F_fuse=[0.01418, 0.01120, 0.00904, 0.00631]
[ INFO : 2026-07-28 10:15:37,737 ] - Epoch 101: train==[137.33882 = 0.76402 + 1.08019 + 25.15015 + 0.01292 + 0.00000 + 0.00080 + 1225.89705]
[ INFO : 2026-07-28 10:15:46,967 ] - Test_@[5, 10, 20, 50]: Recall=[0.03431, 0.05382, 0.08587, 0.14942],  precision=[0.00723, 0.00568, 0.00455, 0.00317], hit=[0.03590, 0.05642, 0.09005, 0.15613], ndcg=[0.02222, 0.02852, 0.03670, 0.04942], Train Rec Loss=[0.03160], Eval Rec Loss=[0.03167], c=[0.50000], F=[0.83910, 0.88125, 0.91469, 0.94645], F_fuse=[0.01434, 0.01129, 0.00905, 0.00632]
[ INFO : 2026-07-28 10:18:15,644 ] - Epoch 102: train==[137.18740 = 0.76076 + 1.08019 + 25.00194 + 0.01297 + 0.00000 + 0.00080 + 1225.89705]
[ INFO : 2026-07-28 10:18:24,937 ] - Test_@[5, 10, 20, 50]: Recall=[0.03471, 0.05452, 0.08606, 0.14930],  precision=[0.00729, 0.00576, 0.00455, 0.00317], hit=[0.03626, 0.05724, 0.09020, 0.15603], ndcg=[0.02283, 0.02922, 0.03723, 0.04988], Train Rec Loss=[0.03159], Eval Rec Loss=[0.03168], c=[0.50000], F=[0.83803, 0.88152, 0.91499, 0.94665], F_fuse=[0.01446, 0.01146, 0.00906, 0.00632]
[ INFO : 2026-07-28 10:20:53,748 ] - Epoch 103: train==[136.92677 = 0.75945 + 1.08019 + 24.74254 + 0.01304 + 0.00000 + 0.00080 + 1225.89705]
[ INFO : 2026-07-28 10:21:03,010 ] - Test_@[5, 10, 20, 50]: Recall=[0.03417, 0.05457, 0.08747, 0.15067],  precision=[0.00718, 0.00575, 0.00462, 0.00320], hit=[0.03569, 0.05714, 0.09154, 0.15737], ndcg=[0.02253, 0.02915, 0.03751, 0.05016], Train Rec Loss=[0.03160], Eval Rec Loss=[0.03167], c=[0.50000], F=[0.83970, 0.88257, 0.91584, 0.94707], F_fuse=[0.01424, 0.01143, 0.00920, 0.00637]
[ INFO : 2026-07-28 10:23:32,197 ] - Epoch 104: train==[136.93504 = 0.75488 + 1.08019 + 24.75534 + 0.01310 + 0.00000 + 0.00079 + 1225.89705]
[ INFO : 2026-07-28 10:23:41,403 ] - Test_@[5, 10, 20, 50]: Recall=[0.03505, 0.05437, 0.08660, 0.15082],  precision=[0.00734, 0.00574, 0.00457, 0.00320], hit=[0.03662, 0.05703, 0.09061, 0.15747], ndcg=[0.02282, 0.02909, 0.03728, 0.05014], Train Rec Loss=[0.03159], Eval Rec Loss=[0.03166], c=[0.50000], F=[0.84059, 0.88275, 0.91581, 0.94694], F_fuse=[0.01456, 0.01141, 0.00910, 0.00638]
[ INFO : 2026-07-28 10:26:09,569 ] - Epoch 105: train==[136.84669 = 0.74738 + 1.08019 + 24.67437 + 0.01322 + 0.00000 + 0.00080 + 1225.89705]
[ INFO : 2026-07-28 10:26:18,842 ] - Test_@[5, 10, 20, 50]: Recall=[0.03449, 0.05371, 0.08562, 0.14883],  precision=[0.00726, 0.00568, 0.00453, 0.00316], hit=[0.03605, 0.05642, 0.08964, 0.15552], ndcg=[0.02250, 0.02874, 0.03684, 0.04951], Train Rec Loss=[0.03157], Eval Rec Loss=[0.03163], c=[0.50000], F=[0.83743, 0.88093, 0.91484, 0.94655], F_fuse=[0.01440, 0.01129, 0.00901, 0.00630]
[ INFO : 2026-07-28 10:28:46,999 ] - Epoch 106: train==[136.75873 = 0.74782 + 1.08019 + 24.58593 + 0.01326 + 0.00000 + 0.00079 + 1225.89705]
[ INFO : 2026-07-28 10:28:56,234 ] - Test_@[5, 10, 20, 50]: Recall=[0.03485, 0.05404, 0.08520, 0.14857],  precision=[0.00730, 0.00571, 0.00451, 0.00315], hit=[0.03631, 0.05667, 0.08923, 0.15526], ndcg=[0.02263, 0.02882, 0.03674, 0.04946], Train Rec Loss=[0.03159], Eval Rec Loss=[0.03166], c=[0.50000], F=[0.83970, 0.88123, 0.91493, 0.94621], F_fuse=[0.01448, 0.01134, 0.00897, 0.00629]
[ INFO : 2026-07-28 10:31:25,296 ] - Epoch 107: train==[136.73120 = 0.74405 + 1.08018 + 24.56217 + 0.01327 + 0.00000 + 0.00079 + 1225.89705]
[ INFO : 2026-07-28 10:31:34,529 ] - Test_@[5, 10, 20, 50]: Recall=[0.03523, 0.05415, 0.08636, 0.14954],  precision=[0.00741, 0.00572, 0.00457, 0.00317], hit=[0.03682, 0.05678, 0.09046, 0.15624], ndcg=[0.02281, 0.02891, 0.03711, 0.04976], Train Rec Loss=[0.03158], Eval Rec Loss=[0.03168], c=[0.50000], F=[0.83761, 0.88168, 0.91542, 0.94690], F_fuse=[0.01468, 0.01136, 0.00909, 0.00632]
[ INFO : 2026-07-28 10:34:02,761 ] - Epoch 108: train==[136.62380 = 0.73744 + 1.08019 + 24.46132 + 0.01333 + 0.00000 + 0.00079 + 1225.89705]
[ INFO : 2026-07-28 10:34:12,057 ] - Test_@[5, 10, 20, 50]: Recall=[0.03448, 0.05352, 0.08541, 0.14781],  precision=[0.00726, 0.00567, 0.00452, 0.00314], hit=[0.03610, 0.05631, 0.08943, 0.15433], ndcg=[0.02254, 0.02870, 0.03679, 0.04929], Train Rec Loss=[0.03160], Eval Rec Loss=[0.03163], c=[0.50000], F=[0.83737, 0.88037, 0.91502, 0.94644], F_fuse=[0.01440, 0.01127, 0.00899, 0.00625]
[ INFO : 2026-07-28 10:36:39,899 ] - Epoch 109: train==[136.66993 = 0.73886 + 1.08018 + 24.50596 + 0.01341 + 0.00000 + 0.00079 + 1225.89705]
[ INFO : 2026-07-28 10:36:49,181 ] - Test_@[5, 10, 20, 50]: Recall=[0.03490, 0.05457, 0.08588, 0.14966],  precision=[0.00734, 0.00576, 0.00454, 0.00317], hit=[0.03646, 0.05724, 0.08995, 0.15624], ndcg=[0.02291, 0.02927, 0.03722, 0.04997], Train Rec Loss=[0.03158], Eval Rec Loss=[0.03165], c=[0.50000], F=[0.83773, 0.88130, 0.91479, 0.94634], F_fuse=[0.01456, 0.01146, 0.00904, 0.00632]
[ INFO : 2026-07-28 10:39:17,356 ] - Epoch 110: train==[136.57157 = 0.73105 + 1.08019 + 24.41536 + 0.01344 + 0.00000 + 0.00079 + 1225.89705]
[ INFO : 2026-07-28 10:39:26,655 ] - Test_@[5, 10, 20, 50]: Recall=[0.03528, 0.05389, 0.08504, 0.14895],  precision=[0.00742, 0.00570, 0.00450, 0.00316], hit=[0.03692, 0.05657, 0.08917, 0.15562], ndcg=[0.02290, 0.02893, 0.03686, 0.04969], Train Rec Loss=[0.03158], Eval Rec Loss=[0.03165], c=[0.50000], F=[0.83970, 0.88147, 0.91498, 0.94653], F_fuse=[0.01470, 0.01132, 0.00896, 0.00630]
[ INFO : 2026-07-28 10:41:55,804 ] - Epoch 111: train==[136.57341 = 0.73141 + 1.08018 + 24.41681 + 0.01348 + 0.00000 + 0.00079 + 1225.89705]
[ INFO : 2026-07-28 10:42:05,046 ] - Test_@[5, 10, 20, 50]: Recall=[0.03439, 0.05418, 0.08584, 0.14881],  precision=[0.00722, 0.00572, 0.00453, 0.00316], hit=[0.03600, 0.05678, 0.08979, 0.15541], ndcg=[0.02265, 0.02908, 0.03711, 0.04972], Train Rec Loss=[0.03156], Eval Rec Loss=[0.03163], c=[0.50000], F=[0.84099, 0.88254, 0.91509, 0.94562], F_fuse=[0.01432, 0.01136, 0.00902, 0.00629]
[ INFO : 2026-07-28 10:44:34,232 ] - Epoch 112: train==[136.49159 = 0.72751 + 1.08017 + 24.33880 + 0.01357 + 0.00000 + 0.00079 + 1225.89705]
[ INFO : 2026-07-28 10:44:43,478 ] - Test_@[5, 10, 20, 50]: Recall=[0.03487, 0.05461, 0.08701, 0.15076],  precision=[0.00732, 0.00576, 0.00461, 0.00320], hit=[0.03636, 0.05724, 0.09128, 0.15737], ndcg=[0.02293, 0.02932, 0.03754, 0.05029], Train Rec Loss=[0.03159], Eval Rec Loss=[0.03162], c=[0.50000], F=[0.83998, 0.88240, 0.91524, 0.94625], F_fuse=[0.01452, 0.01146, 0.00917, 0.00638]
[ INFO : 2026-07-28 10:47:11,875 ] - Epoch 113: train==[136.37172 = 0.72099 + 1.08018 + 24.22539 + 0.01364 + 0.00000 + 0.00079 + 1225.89705]
[ INFO : 2026-07-28 10:47:21,120 ] - Test_@[5, 10, 20, 50]: Recall=[0.03510, 0.05454, 0.08536, 0.14971],  precision=[0.00735, 0.00575, 0.00452, 0.00318], hit=[0.03662, 0.05708, 0.08943, 0.15634], ndcg=[0.02288, 0.02914, 0.03697, 0.04984], Train Rec Loss=[0.03155], Eval Rec Loss=[0.03162], c=[0.50000], F=[0.83916, 0.88084, 0.91477, 0.94604], F_fuse=[0.01458, 0.01142, 0.00899, 0.00634]
[ INFO : 2026-07-28 10:49:49,162 ] - Epoch 114: train==[136.25541 = 0.72452 + 1.08017 + 24.10551 + 0.01368 + 0.00000 + 0.00078 + 1225.89705]
[ INFO : 2026-07-28 10:49:58,365 ] - Test_@[5, 10, 20, 50]: Recall=[0.03477, 0.05510, 0.08612, 0.15051],  precision=[0.00730, 0.00582, 0.00456, 0.00320], hit=[0.03636, 0.05775, 0.09025, 0.15726], ndcg=[0.02306, 0.02966, 0.03755, 0.05046], Train Rec Loss=[0.03158], Eval Rec Loss=[0.03162], c=[0.50000], F=[0.84078, 0.88343, 0.91616, 0.94670], F_fuse=[0.01448, 0.01157, 0.00907, 0.00637]
[ INFO : 2026-07-28 10:52:26,889 ] - Epoch 115: train==[136.26521 = 0.71349 + 1.08018 + 24.12625 + 0.01377 + 0.00000 + 0.00079 + 1225.89705]
[ INFO : 2026-07-28 10:52:36,023 ] - Test_@[5, 10, 20, 50]: Recall=[0.03559, 0.05458, 0.08613, 0.14988],  precision=[0.00748, 0.00576, 0.00456, 0.00318], hit=[0.03723, 0.05724, 0.09020, 0.15639], ndcg=[0.02333, 0.02948, 0.03748, 0.05021], Train Rec Loss=[0.03156], Eval Rec Loss=[0.03161], c=[0.50000], F=[0.83979, 0.88208, 0.91447, 0.94613], F_fuse=[0.01482, 0.01146, 0.00908, 0.00634]
[ INFO : 2026-07-28 10:55:04,825 ] - Epoch 116: train==[136.20426 = 0.71226 + 1.08017 + 24.06649 + 0.01384 + 0.00000 + 0.00078 + 1225.89705]
[ INFO : 2026-07-28 10:55:14,111 ] - Test_@[5, 10, 20, 50]: Recall=[0.03471, 0.05399, 0.08473, 0.14862],  precision=[0.00729, 0.00572, 0.00448, 0.00316], hit=[0.03636, 0.05678, 0.08861, 0.15521], ndcg=[0.02283, 0.02908, 0.03685, 0.04965], Train Rec Loss=[0.03155], Eval Rec Loss=[0.03162], c=[0.50000], F=[0.83651, 0.87935, 0.91398, 0.94606], F_fuse=[0.01446, 0.01136, 0.00891, 0.00629]
[ INFO : 2026-07-28 10:57:42,838 ] - Epoch 117: train==[136.09686 = 0.71107 + 1.08018 + 23.96022 + 0.01387 + 0.00000 + 0.00078 + 1225.89705]
[ INFO : 2026-07-28 10:57:52,062 ] - Test_@[5, 10, 20, 50]: Recall=[0.03445, 0.05437, 0.08555, 0.14907],  precision=[0.00724, 0.00575, 0.00453, 0.00317], hit=[0.03600, 0.05708, 0.08969, 0.15572], ndcg=[0.02280, 0.02928, 0.03721, 0.04995], Train Rec Loss=[0.03155], Eval Rec Loss=[0.03160], c=[0.50000], F=[0.83811, 0.88156, 0.91567, 0.94720], F_fuse=[0.01436, 0.01143, 0.00902, 0.00631]
[ INFO : 2026-07-28 11:00:20,775 ] - Epoch 118: train==[136.16234 = 0.70446 + 1.08016 + 24.03228 + 0.01393 + 0.00000 + 0.00078 + 1225.89705]
[ INFO : 2026-07-28 11:00:30,018 ] - Test_@[5, 10, 20, 50]: Recall=[0.03414, 0.05494, 0.08580, 0.14935],  precision=[0.00717, 0.00581, 0.00455, 0.00317], hit=[0.03569, 0.05770, 0.09000, 0.15588], ndcg=[0.02269, 0.02945, 0.03727, 0.04997], Train Rec Loss=[0.03154], Eval Rec Loss=[0.03161], c=[0.50000], F=[0.83880, 0.88095, 0.91457, 0.94621], F_fuse=[0.01422, 0.01155, 0.00905, 0.00632]
[ INFO : 2026-07-28 11:02:58,409 ] - Epoch 119: train==[136.09653 = 0.70386 + 1.08018 + 23.96697 + 0.01400 + 0.00000 + 0.00077 + 1225.89705]
[ INFO : 2026-07-28 11:03:07,621 ] - Test_@[5, 10, 20, 50]: Recall=[0.03480, 0.05523, 0.08645, 0.14948],  precision=[0.00730, 0.00583, 0.00458, 0.00317], hit=[0.03641, 0.05786, 0.09067, 0.15608], ndcg=[0.02309, 0.02972, 0.03764, 0.05025], Train Rec Loss=[0.03155], Eval Rec Loss=[0.03159], c=[0.50000], F=[0.83912, 0.88206, 0.91548, 0.94645], F_fuse=[0.01448, 0.01158, 0.00911, 0.00632]
[ INFO : 2026-07-28 11:05:36,134 ] - Epoch 120: train==[135.97739 = 0.69897 + 1.08016 + 23.85264 + 0.01410 + 0.00000 + 0.00078 + 1225.89705]
[ INFO : 2026-07-28 11:05:45,458 ] - Test_@[5, 10, 20, 50]: Recall=[0.03498, 0.05431, 0.08639, 0.14954],  precision=[0.00734, 0.00575, 0.00457, 0.00317], hit=[0.03656, 0.05708, 0.09041, 0.15613], ndcg=[0.02282, 0.02910, 0.03723, 0.04985], Train Rec Loss=[0.03153], Eval Rec Loss=[0.03160], c=[0.50000], F=[0.83709, 0.88014, 0.91463, 0.94624], F_fuse=[0.01456, 0.01143, 0.00909, 0.00633]
[ INFO : 2026-07-28 11:08:13,638 ] - Epoch 121: train==[135.95012 = 0.69781 + 1.08017 + 23.82651 + 0.01412 + 0.00000 + 0.00078 + 1225.89705]
[ INFO : 2026-07-28 11:08:22,861 ] - Test_@[5, 10, 20, 50]: Recall=[0.03482, 0.05464, 0.08525, 0.14754],  precision=[0.00733, 0.00579, 0.00452, 0.00313], hit=[0.03651, 0.05744, 0.08938, 0.15413], ndcg=[0.02298, 0.02943, 0.03718, 0.04963], Train Rec Loss=[0.03154], Eval Rec Loss=[0.03159], c=[0.50000], F=[0.83726, 0.87958, 0.91407, 0.94613], F_fuse=[0.01454, 0.01151, 0.00899, 0.00625]
[ INFO : 2026-07-28 11:10:50,993 ] - Epoch 122: train==[135.95302 = 0.69449 + 1.08015 + 23.83271 + 0.01416 + 0.00000 + 0.00078 + 1225.89705]
[ INFO : 2026-07-28 11:11:00,347 ] - Test_@[5, 10, 20, 50]: Recall=[0.03459, 0.05433, 0.08579, 0.14838],  precision=[0.00729, 0.00574, 0.00454, 0.00315], hit=[0.03636, 0.05698, 0.08995, 0.15495], ndcg=[0.02294, 0.02933, 0.03731, 0.04984], Train Rec Loss=[0.03153], Eval Rec Loss=[0.03158], c=[0.50000], F=[0.84055, 0.88295, 0.91534, 0.94625], F_fuse=[0.01446, 0.01140, 0.00904, 0.00628]
[ INFO : 2026-07-28 11:13:28,899 ] - Epoch 123: train==[135.81419 = 0.69087 + 1.08016 + 23.69742 + 0.01422 + 0.00000 + 0.00078 + 1225.89705]
[ INFO : 2026-07-28 11:13:38,095 ] - Test_@[5, 10, 20, 50]: Recall=[0.03517, 0.05504, 0.08552, 0.14703],  precision=[0.00738, 0.00581, 0.00453, 0.00312], hit=[0.03672, 0.05765, 0.08969, 0.15361], ndcg=[0.02308, 0.02952, 0.03725, 0.04959], Train Rec Loss=[0.03154], Eval Rec Loss=[0.03159], c=[0.50000], F=[0.83718, 0.87936, 0.91400, 0.94611], F_fuse=[0.01464, 0.01155, 0.00902, 0.00623]
[ INFO : 2026-07-28 11:16:05,764 ] - Epoch 124: train==[136.01666 = 0.68922 + 1.08016 + 23.90149 + 0.01428 + 0.00000 + 0.00077 + 1225.89705]
[ INFO : 2026-07-28 11:16:14,960 ] - Test_@[5, 10, 20, 50]: Recall=[0.03416, 0.05404, 0.08631, 0.14792],  precision=[0.00719, 0.00572, 0.00457, 0.00314], hit=[0.03579, 0.05672, 0.09046, 0.15464], ndcg=[0.02264, 0.02909, 0.03728, 0.04963], Train Rec Loss=[0.03152], Eval Rec Loss=[0.03160], c=[0.50000], F=[0.83840, 0.88109, 0.91530, 0.94644], F_fuse=[0.01426, 0.01137, 0.00910, 0.00627]
[ INFO : 2026-07-28 11:18:43,338 ] - Epoch 125: train==[135.67010 = 0.68550 + 1.08015 + 23.55861 + 0.01433 + 0.00000 + 0.00077 + 1225.89705]
[ INFO : 2026-07-28 11:18:52,599 ] - Test_@[5, 10, 20, 50]: Recall=[0.03508, 0.05425, 0.08637, 0.14859],  precision=[0.00734, 0.00573, 0.00458, 0.00316], hit=[0.03667, 0.05688, 0.09067, 0.15526], ndcg=[0.02321, 0.02945, 0.03757, 0.05001], Train Rec Loss=[0.03152], Eval Rec Loss=[0.03160], c=[0.50000], F=[0.83888, 0.88201, 0.91504, 0.94588], F_fuse=[0.01456, 0.01139, 0.00911, 0.00629]
[ INFO : 2026-07-28 11:21:20,976 ] - Epoch 126: train==[135.60127 = 0.68093 + 1.08017 + 23.49422 + 0.01444 + 0.00000 + 0.00077 + 1225.89705]
[ INFO : 2026-07-28 11:21:30,120 ] - Test_@[5, 10, 20, 50]: Recall=[0.03492, 0.05415, 0.08571, 0.14672],  precision=[0.00732, 0.00572, 0.00453, 0.00312], hit=[0.03651, 0.05672, 0.08979, 0.15346], ndcg=[0.02309, 0.02934, 0.03735, 0.04957], Train Rec Loss=[0.03154], Eval Rec Loss=[0.03158], c=[0.50000], F=[0.83737, 0.88077, 0.91409, 0.94594], F_fuse=[0.01452, 0.01136, 0.00902, 0.00622]
[ INFO : 2026-07-28 11:23:58,819 ] - Epoch 127: train==[135.73815 = 0.68128 + 1.08015 + 23.63076 + 0.01445 + 0.00000 + 0.00077 + 1225.89705]
[ INFO : 2026-07-28 11:24:08,019 ] - Test_@[5, 10, 20, 50]: Recall=[0.03484, 0.05517, 0.08677, 0.14969],  precision=[0.00731, 0.00583, 0.00460, 0.00318], hit=[0.03646, 0.05786, 0.09097, 0.15624], ndcg=[0.02307, 0.02966, 0.03767, 0.05024], Train Rec Loss=[0.03148], Eval Rec Loss=[0.03159], c=[0.50000], F=[0.84004, 0.88155, 0.91550, 0.94619], F_fuse=[0.01450, 0.01159, 0.00914, 0.00633]
[ INFO : 2026-07-28 11:26:36,662 ] - Epoch 128: train==[135.66784 = 0.67667 + 1.08015 + 23.56498 + 0.01454 + 0.00000 + 0.00077 + 1225.89705]
[ INFO : 2026-07-28 11:26:45,990 ] - Test_@[5, 10, 20, 50]: Recall=[0.03581, 0.05411, 0.08661, 0.14793],  precision=[0.00750, 0.00572, 0.00458, 0.00314], hit=[0.03739, 0.05672, 0.09077, 0.15449], ndcg=[0.02359, 0.02950, 0.03775, 0.05002], Train Rec Loss=[0.03151], Eval Rec Loss=[0.03159], c=[0.50000], F=[0.83590, 0.88032, 0.91475, 0.94659], F_fuse=[0.01486, 0.01136, 0.00912, 0.00627]
[ INFO : 2026-07-28 11:29:15,040 ] - Epoch 129: train==[135.53833 = 0.67342 + 1.08014 + 23.43864 + 0.01462 + 0.00000 + 0.00077 + 1225.89705]
[ INFO : 2026-07-28 11:29:24,262 ] - Test_@[5, 10, 20, 50]: Recall=[0.03581, 0.05491, 0.08586, 0.14830],  precision=[0.00751, 0.00580, 0.00454, 0.00315], hit=[0.03739, 0.05755, 0.08989, 0.15495], ndcg=[0.02358, 0.02975, 0.03760, 0.05009], Train Rec Loss=[0.03150], Eval Rec Loss=[0.03158], c=[0.50000], F=[0.83988, 0.88143, 0.91517, 0.94652], F_fuse=[0.01488, 0.01153, 0.00904, 0.00628]
[ INFO : 2026-07-28 11:31:52,556 ] - Epoch 130: train==[135.53904 = 0.67084 + 1.08015 + 23.44186 + 0.01468 + 0.00000 + 0.00077 + 1225.89705]
[ INFO : 2026-07-28 11:32:01,788 ] - Test_@[5, 10, 20, 50]: Recall=[0.03557, 0.05472, 0.08693, 0.14855],  precision=[0.00745, 0.00577, 0.00461, 0.00315], hit=[0.03718, 0.05724, 0.09118, 0.15516], ndcg=[0.02345, 0.02966, 0.03783, 0.05015], Train Rec Loss=[0.03152], Eval Rec Loss=[0.03158], c=[0.50000], F=[0.83898, 0.88187, 0.91574, 0.94664], F_fuse=[0.01476, 0.01147, 0.00916, 0.00629]
[ INFO : 2026-07-28 11:34:30,997 ] - Epoch 131: train==[135.57114 = 0.67085 + 1.08014 + 23.47390 + 0.01475 + 0.00000 + 0.00077 + 1225.89705]
[ INFO : 2026-07-28 11:34:40,252 ] - Test_@[5, 10, 20, 50]: Recall=[0.03498, 0.05436, 0.08611, 0.14887],  precision=[0.00734, 0.00575, 0.00456, 0.00316], hit=[0.03667, 0.05703, 0.09025, 0.15541], ndcg=[0.02307, 0.02935, 0.03738, 0.04993], Train Rec Loss=[0.03149], Eval Rec Loss=[0.03157], c=[0.50000], F=[0.83960, 0.88186, 0.91466, 0.94572], F_fuse=[0.01456, 0.01143, 0.00907, 0.00630]
[ INFO : 2026-07-28 11:37:08,312 ] - Epoch 132: train==[135.46056 = 0.66625 + 1.08015 + 23.36793 + 0.01472 + 0.00000 + 0.00076 + 1225.89705]
[ INFO : 2026-07-28 11:37:17,669 ] - Test_@[5, 10, 20, 50]: Recall=[0.03479, 0.05437, 0.08679, 0.14851],  precision=[0.00729, 0.00575, 0.00460, 0.00316], hit=[0.03636, 0.05703, 0.09103, 0.15521], ndcg=[0.02298, 0.02933, 0.03756, 0.04990], Train Rec Loss=[0.03149], Eval Rec Loss=[0.03157], c=[0.50000], F=[0.83750, 0.88064, 0.91464, 0.94600], F_fuse=[0.01446, 0.01143, 0.00914, 0.00629]
[ INFO : 2026-07-28 11:39:46,230 ] - Epoch 133: train==[135.50176 = 0.66256 + 1.08014 + 23.41274 + 0.01482 + 0.00000 + 0.00077 + 1225.89705]
[ INFO : 2026-07-28 11:39:55,508 ] - Test_@[5, 10, 20, 50]: Recall=[0.03570, 0.05529, 0.08564, 0.14758],  precision=[0.00749, 0.00583, 0.00453, 0.00313], hit=[0.03734, 0.05791, 0.08979, 0.15423], ndcg=[0.02350, 0.02983, 0.03752, 0.04992], Train Rec Loss=[0.03151], Eval Rec Loss=[0.03158], c=[0.50000], F=[0.83905, 0.88026, 0.91454, 0.94628], F_fuse=[0.01484, 0.01159, 0.00902, 0.00625]
[ INFO : 2026-07-28 11:42:23,687 ] - Epoch 134: train==[135.45123 = 0.65945 + 1.08014 + 23.36524 + 0.01490 + 0.00000 + 0.00076 + 1225.89705]
[ INFO : 2026-07-28 11:42:32,905 ] - Test_@[5, 10, 20, 50]: Recall=[0.03480, 0.05393, 0.08588, 0.14724],  precision=[0.00730, 0.00569, 0.00455, 0.00313], hit=[0.03636, 0.05642, 0.09005, 0.15402], ndcg=[0.02306, 0.02930, 0.03743, 0.04971], Train Rec Loss=[0.03150], Eval Rec Loss=[0.03155], c=[0.50000], F=[0.83644, 0.87992, 0.91434, 0.94635], F_fuse=[0.01448, 0.01130, 0.00905, 0.00623]
[ INFO : 2026-07-28 11:45:01,365 ] - Epoch 135: train==[135.40664 = 0.65892 + 1.08014 + 23.32110 + 0.01499 + 0.00000 + 0.00076 + 1225.89705]
[ INFO : 2026-07-28 11:45:10,646 ] - Test_@[5, 10, 20, 50]: Recall=[0.03490, 0.05361, 0.08438, 0.14469],  precision=[0.00731, 0.00567, 0.00447, 0.00307], hit=[0.03651, 0.05621, 0.08856, 0.15125], ndcg=[0.02303, 0.02912, 0.03696, 0.04903], Train Rec Loss=[0.03147], Eval Rec Loss=[0.03155], c=[0.50000], F=[0.83813, 0.87987, 0.91433, 0.94569], F_fuse=[0.01450, 0.01127, 0.00890, 0.00613]
[ INFO : 2026-07-28 11:47:39,278 ] - Epoch 136: train==[135.29316 = 0.65425 + 1.08013 + 23.21228 + 0.01500 + 0.00000 + 0.00077 + 1225.89705]
[ INFO : 2026-07-28 11:47:48,403 ] - Test_@[5, 10, 20, 50]: Recall=[0.03540, 0.05468, 0.08708, 0.14798],  precision=[0.00743, 0.00578, 0.00461, 0.00314], hit=[0.03698, 0.05729, 0.09133, 0.15469], ndcg=[0.02346, 0.02972, 0.03792, 0.05012], Train Rec Loss=[0.03150], Eval Rec Loss=[0.03156], c=[0.50000], F=[0.84184, 0.88251, 0.91526, 0.94603], F_fuse=[0.01472, 0.01148, 0.00917, 0.00627]
[ INFO : 2026-07-28 11:50:16,736 ] - Epoch 137: train==[135.35529 = 0.64965 + 1.08013 + 23.27897 + 0.01505 + 0.00000 + 0.00076 + 1225.89705]
[ INFO : 2026-07-28 11:50:25,977 ] - Test_@[5, 10, 20, 50]: Recall=[0.03498, 0.05392, 0.08468, 0.14531],  precision=[0.00733, 0.00570, 0.00449, 0.00309], hit=[0.03662, 0.05657, 0.08887, 0.15197], ndcg=[0.02316, 0.02930, 0.03711, 0.04924], Train Rec Loss=[0.03149], Eval Rec Loss=[0.03155], c=[0.50000], F=[0.83734, 0.87946, 0.91354, 0.94576], F_fuse=[0.01454, 0.01133, 0.00893, 0.00615]
[ INFO : 2026-07-28 11:52:54,226 ] - Epoch 138: train==[135.18135 = 0.65385 + 1.08013 + 23.10073 + 0.01514 + 0.00000 + 0.00076 + 1225.89705]
[ INFO : 2026-07-28 11:53:03,402 ] - Test_@[5, 10, 20, 50]: Recall=[0.03442, 0.05381, 0.08589, 0.14676],  precision=[0.00724, 0.00569, 0.00456, 0.00312], hit=[0.03615, 0.05652, 0.09025, 0.15341], ndcg=[0.02294, 0.02926, 0.03743, 0.04958], Train Rec Loss=[0.03148], Eval Rec Loss=[0.03155], c=[0.50000], F=[0.83857, 0.88133, 0.91442, 0.94559], F_fuse=[0.01436, 0.01131, 0.00907, 0.00621]
[ INFO : 2026-07-28 11:55:31,855 ] - Epoch 139: train==[135.24639 = 0.64419 + 1.08012 + 23.17535 + 0.01523 + 0.00000 + 0.00076 + 1225.89705]
[ INFO : 2026-07-28 11:55:41,064 ] - Test_@[5, 10, 20, 50]: Recall=[0.03531, 0.05416, 0.08678, 0.14801],  precision=[0.00743, 0.00572, 0.00460, 0.00314], hit=[0.03708, 0.05678, 0.09103, 0.15459], ndcg=[0.02332, 0.02945, 0.03775, 0.05002], Train Rec Loss=[0.03150], Eval Rec Loss=[0.03155], c=[0.50000], F=[0.84205, 0.88194, 0.91522, 0.94599], F_fuse=[0.01472, 0.01137, 0.00914, 0.00626]
[ INFO : 2026-07-28 11:58:09,956 ] - Epoch 140: train==[135.10452 = 0.64484 + 1.08012 + 23.03278 + 0.01528 + 0.00000 + 0.00076 + 1225.89705]
[ INFO : 2026-07-28 11:58:19,220 ] - Test_@[5, 10, 20, 50]: Recall=[0.03465, 0.05451, 0.08468, 0.14384],  precision=[0.00729, 0.00576, 0.00448, 0.00305], hit=[0.03636, 0.05719, 0.08871, 0.15037], ndcg=[0.02295, 0.02936, 0.03702, 0.04887], Train Rec Loss=[0.03149], Eval Rec Loss=[0.03154], c=[0.50000], F=[0.83514, 0.87938, 0.91353, 0.94579], F_fuse=[0.01446, 0.01145, 0.00892, 0.00609]
[ INFO : 2026-07-28 12:00:47,685 ] - Epoch 141: train==[135.19102 = 0.64333 + 1.08012 + 23.12077 + 0.01531 + 0.00000 + 0.00076 + 1225.89705]
[ INFO : 2026-07-28 12:00:56,963 ] - Test_@[5, 10, 20, 50]: Recall=[0.03436, 0.05502, 0.08519, 0.14529],  precision=[0.00723, 0.00583, 0.00452, 0.00309], hit=[0.03600, 0.05780, 0.08943, 0.15197], ndcg=[0.02292, 0.02962, 0.03731, 0.04935], Train Rec Loss=[0.03147], Eval Rec Loss=[0.03155], c=[0.50000], F=[0.83597, 0.88059, 0.91395, 0.94607], F_fuse=[0.01434, 0.01158, 0.00899, 0.00615]
[ INFO : 2026-07-28 12:03:25,351 ] - Epoch 142: train==[135.07295 = 0.64060 + 1.08011 + 23.00540 + 0.01535 + 0.00000 + 0.00076 + 1225.89705]
[ INFO : 2026-07-28 12:03:34,577 ] - Test_@[5, 10, 20, 50]: Recall=[0.03479, 0.05408, 0.08576, 0.14659],  precision=[0.00730, 0.00572, 0.00454, 0.00311], hit=[0.03646, 0.05678, 0.08989, 0.15320], ndcg=[0.02317, 0.02944, 0.03749, 0.04967], Train Rec Loss=[0.03147], Eval Rec Loss=[0.03155], c=[0.50000], F=[0.84191, 0.88268, 0.91511, 0.94564], F_fuse=[0.01448, 0.01136, 0.00903, 0.00620]
[ INFO : 2026-07-28 12:06:03,293 ] - Epoch 143: train==[135.10736 = 0.63844 + 1.08012 + 23.04188 + 0.01543 + 0.00000 + 0.00075 + 1225.89705]
[ INFO : 2026-07-28 12:06:12,491 ] - Test_@[5, 10, 20, 50]: Recall=[0.03499, 0.05395, 0.08584, 0.14634],  precision=[0.00737, 0.00570, 0.00454, 0.00311], hit=[0.03682, 0.05657, 0.09005, 0.15305], ndcg=[0.02326, 0.02940, 0.03754, 0.04966], Train Rec Loss=[0.03148], Eval Rec Loss=[0.03154], c=[0.50000], F=[0.83842, 0.88110, 0.91477, 0.94629], F_fuse=[0.01462, 0.01132, 0.00904, 0.00619]
[ INFO : 2026-07-28 12:08:40,630 ] - Epoch 144: train==[135.14173 = 0.63533 + 1.08011 + 23.07933 + 0.01547 + 0.00000 + 0.00075 + 1225.89705]
[ INFO : 2026-07-28 12:08:49,859 ] - Test_@[5, 10, 20, 50]: Recall=[0.03464, 0.05486, 0.08536, 0.14579],  precision=[0.00728, 0.00580, 0.00452, 0.00310], hit=[0.03636, 0.05755, 0.08948, 0.15253], ndcg=[0.02306, 0.02962, 0.03736, 0.04948], Train Rec Loss=[0.03147], Eval Rec Loss=[0.03153], c=[0.50000], F=[0.83944, 0.88025, 0.91398, 0.94542], F_fuse=[0.01444, 0.01153, 0.00899, 0.00617]
[ INFO : 2026-07-28 12:11:18,227 ] - Epoch 145: train==[135.02424 = 0.63388 + 1.08012 + 22.96321 + 0.01554 + 0.00000 + 0.00076 + 1225.89705]
[ INFO : 2026-07-28 12:11:27,464 ] - Test_@[5, 10, 20, 50]: Recall=[0.03527, 0.05424, 0.08557, 0.14502],  precision=[0.00741, 0.00574, 0.00454, 0.00308], hit=[0.03698, 0.05698, 0.08984, 0.15176], ndcg=[0.02336, 0.02951, 0.03749, 0.04940], Train Rec Loss=[0.03147], Eval Rec Loss=[0.03152], c=[0.50000], F=[0.83597, 0.88008, 0.91395, 0.94629], F_fuse=[0.01468, 0.01140, 0.00903, 0.00614]
[ INFO : 2026-07-28 12:13:56,016 ] - Epoch 146: train==[135.00227 = 0.63066 + 1.08010 + 22.94440 + 0.01561 + 0.00000 + 0.00075 + 1225.89705]
[ INFO : 2026-07-28 12:14:05,272 ] - Test_@[5, 10, 20, 50]: Recall=[0.03419, 0.05402, 0.08514, 0.14559],  precision=[0.00719, 0.00571, 0.00451, 0.00309], hit=[0.03584, 0.05662, 0.08923, 0.15228], ndcg=[0.02284, 0.02927, 0.03721, 0.04929], Train Rec Loss=[0.03147], Eval Rec Loss=[0.03152], c=[0.50000], F=[0.84018, 0.88288, 0.91518, 0.94597], F_fuse=[0.01426, 0.01134, 0.00897, 0.00616]
[ INFO : 2026-07-28 12:16:32,974 ] - Epoch 147: train==[134.96965 = 0.62586 + 1.08011 + 22.91658 + 0.01562 + 0.00000 + 0.00075 + 1225.89705]
[ INFO : 2026-07-28 12:16:44,515 ] - Test_@[5, 10, 20, 50]: Recall=[0.03408, 0.05344, 0.08518, 0.14564],  precision=[0.00717, 0.00564, 0.00451, 0.00309], hit=[0.03579, 0.05600, 0.08948, 0.15243], ndcg=[0.02274, 0.02904, 0.03714, 0.04925], Train Rec Loss=[0.03148], Eval Rec Loss=[0.03151], c=[0.50000], F=[0.83730, 0.88032, 0.91413, 0.94593], F_fuse=[0.01422, 0.01121, 0.00898, 0.00616]
[ INFO : 2026-07-28 12:19:13,247 ] - Epoch 148: train==[134.97567 = 0.62733 + 1.08010 + 22.92102 + 0.01572 + 0.00000 + 0.00075 + 1225.89705]
[ INFO : 2026-07-28 12:19:22,463 ] - Test_@[5, 10, 20, 50]: Recall=[0.03396, 0.05409, 0.08509, 0.14492],  precision=[0.00715, 0.00571, 0.00451, 0.00308], hit=[0.03564, 0.05672, 0.08943, 0.15161], ndcg=[0.02270, 0.02921, 0.03713, 0.04910], Train Rec Loss=[0.03146], Eval Rec Loss=[0.03151], c=[0.50000], F=[0.83762, 0.87947, 0.91407, 0.94624], F_fuse=[0.01418, 0.01135, 0.00898, 0.00613]
[ INFO : 2026-07-28 12:21:52,352 ] - Epoch 149: train==[135.03725 = 0.62502 + 1.08010 + 22.98490 + 0.01574 + 0.00000 + 0.00075 + 1225.89705]
[ INFO : 2026-07-28 12:22:03,822 ] - Test_@[5, 10, 20, 50]: Recall=[0.03423, 0.05494, 0.08557, 0.14526],  precision=[0.00720, 0.00580, 0.00453, 0.00308], hit=[0.03590, 0.05750, 0.08974, 0.15192], ndcg=[0.02290, 0.02962, 0.03743, 0.04940], Train Rec Loss=[0.03145], Eval Rec Loss=[0.03151], c=[0.50000], F=[0.83898, 0.88181, 0.91497, 0.94619], F_fuse=[0.01428, 0.01152, 0.00901, 0.00614]
[ INFO : 2026-07-28 12:24:33,341 ] - Epoch 150: train==[134.93723 = 0.62079 + 1.08009 + 22.88898 + 0.01587 + 0.00000 + 0.00075 + 1225.89705]
[ INFO : 2026-07-28 12:24:43,172 ] - Test_@[5, 10, 20, 50]: Recall=[0.03431, 0.05350, 0.08619, 0.14607],  precision=[0.00721, 0.00566, 0.00456, 0.00310], hit=[0.03600, 0.05621, 0.09036, 0.15274], ndcg=[0.02305, 0.02930, 0.03762, 0.04962], Train Rec Loss=[0.03146], Eval Rec Loss=[0.03150], c=[0.50000], F=[0.83816, 0.88158, 0.91498, 0.94549], F_fuse=[0.01430, 0.01124, 0.00907, 0.00618]
[ INFO : 2026-07-28 12:27:11,741 ] - Epoch 151: train==[134.94842 = 0.61960 + 1.08009 + 22.90136 + 0.01588 + 0.00000 + 0.00075 + 1225.89705]
[ INFO : 2026-07-28 12:27:20,865 ] - Test_@[5, 10, 20, 50]: Recall=[0.03395, 0.05397, 0.08560, 0.14578],  precision=[0.00716, 0.00570, 0.00453, 0.00310], hit=[0.03569, 0.05657, 0.08979, 0.15248], ndcg=[0.02278, 0.02923, 0.03731, 0.04937], Train Rec Loss=[0.03147], Eval Rec Loss=[0.03152], c=[0.50000], F=[0.83847, 0.88148, 0.91440, 0.94572], F_fuse=[0.01420, 0.01133, 0.00902, 0.00617]
[ INFO : 2026-07-28 12:29:49,617 ] - Epoch 152: train==[134.75856 = 0.61830 + 1.08010 + 22.71271 + 0.01597 + 0.00000 + 0.00074 + 1225.89705]
[ INFO : 2026-07-28 12:29:58,887 ] - Test_@[5, 10, 20, 50]: Recall=[0.03410, 0.05473, 0.08483, 0.14562],  precision=[0.00718, 0.00578, 0.00449, 0.00309], hit=[0.03579, 0.05729, 0.08892, 0.15243], ndcg=[0.02279, 0.02947, 0.03713, 0.04931], Train Rec Loss=[0.03147], Eval Rec Loss=[0.03152], c=[0.50000], F=[0.83984, 0.88246, 0.91507, 0.94601], F_fuse=[0.01424, 0.01148, 0.00894, 0.00616]
[ INFO : 2026-07-28 12:32:28,346 ] - Epoch 153: train==[134.78830 = 0.61247 + 1.08008 + 22.74826 + 0.01601 + 0.00000 + 0.00074 + 1225.89705]
[ INFO : 2026-07-28 12:32:37,564 ] - Test_@[5, 10, 20, 50]: Recall=[0.03385, 0.05410, 0.08567, 0.14622],  precision=[0.00711, 0.00572, 0.00454, 0.00310], hit=[0.03543, 0.05672, 0.08995, 0.15300], ndcg=[0.02276, 0.02933, 0.03739, 0.04953], Train Rec Loss=[0.03145], Eval Rec Loss=[0.03152], c=[0.50000], F=[0.83866, 0.88188, 0.91484, 0.94585], F_fuse=[0.01410, 0.01136, 0.00904, 0.00619]
[ INFO : 2026-07-28 12:35:06,723 ] - Epoch 154: train==[134.82416 = 0.61135 + 1.08009 + 22.78516 + 0.01607 + 0.00000 + 0.00074 + 1225.89705]
[ INFO : 2026-07-28 12:35:15,926 ] - Test_@[5, 10, 20, 50]: Recall=[0.03414, 0.05432, 0.08517, 0.14671],  precision=[0.00719, 0.00575, 0.00451, 0.00311], hit=[0.03584, 0.05708, 0.08938, 0.15346], ndcg=[0.02277, 0.02931, 0.03719, 0.04952], Train Rec Loss=[0.03145], Eval Rec Loss=[0.03150], c=[0.50000], F=[0.83793, 0.88143, 0.91558, 0.94608], F_fuse=[0.01426, 0.01142, 0.00898, 0.00620]
[ INFO : 2026-07-28 12:37:44,631 ] - Epoch 155: train==[134.78945 = 0.60960 + 1.08008 + 22.75221 + 0.01608 + 0.00000 + 0.00075 + 1225.89705]
[ INFO : 2026-07-28 12:37:53,901 ] - Test_@[5, 10, 20, 50]: Recall=[0.03423, 0.05458, 0.08535, 0.14503],  precision=[0.00721, 0.00576, 0.00452, 0.00308], hit=[0.03590, 0.05714, 0.08959, 0.15176], ndcg=[0.02284, 0.02943, 0.03727, 0.04924], Train Rec Loss=[0.03146], Eval Rec Loss=[0.03152], c=[0.50000], F=[0.83723, 0.88093, 0.91427, 0.94601], F_fuse=[0.01430, 0.01144, 0.00899, 0.00614]
[ INFO : 2026-07-28 12:40:22,585 ] - Epoch 156: train==[134.67640 = 0.60796 + 1.08009 + 22.64068 + 0.01619 + 0.00000 + 0.00075 + 1225.89705]
[ INFO : 2026-07-28 12:40:31,866 ] - Test_@[5, 10, 20, 50]: Recall=[0.03422, 0.05467, 0.08600, 0.14552],  precision=[0.00721, 0.00578, 0.00456, 0.00309], hit=[0.03590, 0.05734, 0.09031, 0.15228], ndcg=[0.02293, 0.02954, 0.03754, 0.04948], Train Rec Loss=[0.03146], Eval Rec Loss=[0.03152], c=[0.50000], F=[0.83838, 0.88176, 0.91557, 0.94652], F_fuse=[0.01430, 0.01148, 0.00907, 0.00616]
[ INFO : 2026-07-28 12:43:00,721 ] - Epoch 157: train==[134.68410 = 0.60574 + 1.08006 + 22.65058 + 0.01623 + 0.00000 + 0.00074 + 1225.89705]
[ INFO : 2026-07-28 12:43:09,985 ] - Test_@[5, 10, 20, 50]: Recall=[0.03468, 0.05372, 0.08502, 0.14409],  precision=[0.00728, 0.00568, 0.00451, 0.00306], hit=[0.03631, 0.05647, 0.08928, 0.15063], ndcg=[0.02317, 0.02935, 0.03731, 0.04913], Train Rec Loss=[0.03143], Eval Rec Loss=[0.03150], c=[0.50000], F=[0.83950, 0.88236, 0.91491, 0.94544], F_fuse=[0.01444, 0.01128, 0.00897, 0.00610]
[ INFO : 2026-07-28 12:45:39,595 ] - Epoch 158: train==[134.65299 = 0.60336 + 1.08007 + 22.62177 + 0.01630 + 0.00000 + 0.00074 + 1225.89705]
[ INFO : 2026-07-28 12:45:48,843 ] - Test_@[5, 10, 20, 50]: Recall=[0.03386, 0.05474, 0.08576, 0.14479],  precision=[0.00713, 0.00579, 0.00454, 0.00308], hit=[0.03554, 0.05744, 0.09000, 0.15156], ndcg=[0.02273, 0.02948, 0.03735, 0.04916], Train Rec Loss=[0.03144], Eval Rec Loss=[0.03151], c=[0.50000], F=[0.83740, 0.88037, 0.91423, 0.94600], F_fuse=[0.01414, 0.01151, 0.00904, 0.00613]
[ INFO : 2026-07-28 12:48:17,569 ] - Epoch 159: train==[134.63469 = 0.60141 + 1.08007 + 22.60541 + 0.01632 + 0.00000 + 0.00075 + 1225.89705]
[ INFO : 2026-07-28 12:48:26,736 ] - Test_@[5, 10, 20, 50]: Recall=[0.03423, 0.05447, 0.08557, 0.14577],  precision=[0.00722, 0.00574, 0.00454, 0.00309], hit=[0.03595, 0.05703, 0.08979, 0.15228], ndcg=[0.02274, 0.02927, 0.03721, 0.04924], Train Rec Loss=[0.03144], Eval Rec Loss=[0.03150], c=[0.50000], F=[0.83548, 0.88064, 0.91525, 0.94691], F_fuse=[0.01432, 0.01141, 0.00903, 0.00616]
[ INFO : 2026-07-28 12:50:55,630 ] - Epoch 160: train==[134.66618 = 0.60094 + 1.08007 + 22.63726 + 0.01643 + 0.00000 + 0.00074 + 1225.89705]
[ INFO : 2026-07-28 12:51:04,936 ] - Test_@[5, 10, 20, 50]: Recall=[0.03456, 0.05387, 0.08517, 0.14440],  precision=[0.00728, 0.00570, 0.00451, 0.00307], hit=[0.03631, 0.05667, 0.08933, 0.15114], ndcg=[0.02289, 0.02913, 0.03706, 0.04890], Train Rec Loss=[0.03143], Eval Rec Loss=[0.03149], c=[0.50000], F=[0.83766, 0.88226, 0.91515, 0.94603], F_fuse=[0.01444, 0.01132, 0.00898, 0.00612]
[ INFO : 2026-07-28 12:53:33,873 ] - Epoch 161: train==[134.67392 = 0.60364 + 1.08006 + 22.64228 + 0.01647 + 0.00000 + 0.00074 + 1225.89705]
[ INFO : 2026-07-28 12:53:43,195 ] - Test_@[5, 10, 20, 50]: Recall=[0.03419, 0.05432, 0.08416, 0.14344],  precision=[0.00720, 0.00574, 0.00447, 0.00305], hit=[0.03590, 0.05708, 0.08845, 0.15012], ndcg=[0.02287, 0.02940, 0.03701, 0.04888], Train Rec Loss=[0.03144], Eval Rec Loss=[0.03150], c=[0.50000], F=[0.83795, 0.88224, 0.91474, 0.94561], F_fuse=[0.01428, 0.01141, 0.00889, 0.00608]
[ INFO : 2026-07-28 12:56:11,718 ] - Epoch 162: train==[134.53074 = 0.59495 + 1.08007 + 22.50776 + 0.01649 + 0.00000 + 0.00074 + 1225.89705]
[ INFO : 2026-07-28 12:56:20,984 ] - Test_@[5, 10, 20, 50]: Recall=[0.03470, 0.05384, 0.08444, 0.14386],  precision=[0.00728, 0.00569, 0.00447, 0.00306], hit=[0.03631, 0.05652, 0.08861, 0.15068], ndcg=[0.02308, 0.02927, 0.03706, 0.04897], Train Rec Loss=[0.03144], Eval Rec Loss=[0.03149], c=[0.50000], F=[0.83866, 0.88268, 0.91487, 0.94574], F_fuse=[0.01444, 0.01131, 0.00890, 0.00610]
[ INFO : 2026-07-28 12:58:49,573 ] - Epoch 163: train==[134.68481 = 0.59029 + 1.08005 + 22.66643 + 0.01657 + 0.00000 + 0.00074 + 1225.89705]
[ INFO : 2026-07-28 12:58:58,786 ] - Test_@[5, 10, 20, 50]: Recall=[0.03473, 0.05501, 0.08552, 0.14586],  precision=[0.00730, 0.00581, 0.00454, 0.00310], hit=[0.03641, 0.05770, 0.08989, 0.15258], ndcg=[0.02306, 0.02963, 0.03737, 0.04947], Train Rec Loss=[0.03144], Eval Rec Loss=[0.03153], c=[0.50000], F=[0.83925, 0.88230, 0.91507, 0.94615], F_fuse=[0.01448, 0.01154, 0.00904, 0.00618]
[ INFO : 2026-07-28 13:01:28,054 ] - Epoch 164: train==[134.54573 = 0.59076 + 1.08005 + 22.52675 + 0.01668 + 0.00000 + 0.00074 + 1225.89705]
[ INFO : 2026-07-28 13:01:38,227 ] - Test_@[5, 10, 20, 50]: Recall=[0.03498, 0.05411, 0.08469, 0.14154],  precision=[0.00737, 0.00573, 0.00448, 0.00301], hit=[0.03677, 0.05693, 0.08887, 0.14832], ndcg=[0.02330, 0.02948, 0.03725, 0.04867], Train Rec Loss=[0.03143], Eval Rec Loss=[0.03149], c=[0.50000], F=[0.83779, 0.88130, 0.91448, 0.94572], F_fuse=[0.01462, 0.01139, 0.00893, 0.00601]
[ INFO : 2026-07-28 13:04:06,586 ] - Epoch 165: train==[134.49361 = 0.58974 + 1.08005 + 22.47568 + 0.01666 + 0.00000 + 0.00075 + 1225.89705]
[ INFO : 2026-07-28 13:04:19,606 ] - Test_@[5, 10, 20, 50]: Recall=[0.03432, 0.05515, 0.08526, 0.14411],  precision=[0.00723, 0.00582, 0.00452, 0.00306], hit=[0.03605, 0.05780, 0.08948, 0.15094], ndcg=[0.02319, 0.02990, 0.03757, 0.04935], Train Rec Loss=[0.03141], Eval Rec Loss=[0.03149], c=[0.50000], F=[0.83834, 0.88032, 0.91444, 0.94639], F_fuse=[0.01434, 0.01156, 0.00899, 0.00611]
[ INFO : 2026-07-28 13:06:49,020 ] - Epoch 166: train==[134.48216 = 0.58692 + 1.08004 + 22.46694 + 0.01679 + 0.00000 + 0.00074 + 1225.89705]
[ INFO : 2026-07-28 13:06:59,073 ] - Test_@[5, 10, 20, 50]: Recall=[0.03451, 0.05388, 0.08359, 0.14253],  precision=[0.00725, 0.00569, 0.00443, 0.00303], hit=[0.03615, 0.05657, 0.08768, 0.14919], ndcg=[0.02313, 0.02939, 0.03696, 0.04877], Train Rec Loss=[0.03142], Eval Rec Loss=[0.03148], c=[0.50000], F=[0.83964, 0.88131, 0.91410, 0.94634], F_fuse=[0.01438, 0.01131, 0.00881, 0.00604]
[ INFO : 2026-07-28 13:09:28,092 ] - Epoch 167: train==[134.65557 = 0.58792 + 1.08004 + 22.63935 + 0.01678 + 0.00000 + 0.00074 + 1225.89705]
[ INFO : 2026-07-28 13:09:37,315 ] - Test_@[5, 10, 20, 50]: Recall=[0.03416, 0.05468, 0.08476, 0.14257],  precision=[0.00717, 0.00578, 0.00448, 0.00303], hit=[0.03569, 0.05744, 0.08892, 0.14919], ndcg=[0.02281, 0.02944, 0.03707, 0.04865], Train Rec Loss=[0.03143], Eval Rec Loss=[0.03148], c=[0.50000], F=[0.84256, 0.88337, 0.91489, 0.94531], F_fuse=[0.01422, 0.01148, 0.00892, 0.00604]
[ INFO : 2026-07-28 13:12:05,269 ] - Epoch 168: train==[134.50737 = 0.58241 + 1.08004 + 22.49658 + 0.01687 + 0.00000 + 0.00074 + 1225.89705]
[ INFO : 2026-07-28 13:12:14,806 ] - Test_@[5, 10, 20, 50]: Recall=[0.03423, 0.05494, 0.08632, 0.14458],  precision=[0.00721, 0.00580, 0.00457, 0.00307], hit=[0.03595, 0.05765, 0.09046, 0.15120], ndcg=[0.02284, 0.02949, 0.03744, 0.04910], Train Rec Loss=[0.03143], Eval Rec Loss=[0.03149], c=[0.50000], F=[0.83768, 0.88221, 0.91470, 0.94604], F_fuse=[0.01430, 0.01153, 0.00910, 0.00612]
[ INFO : 2026-07-28 13:14:43,180 ] - Epoch 169: train==[134.44555 = 0.58283 + 1.08002 + 22.43428 + 0.01694 + 0.00000 + 0.00074 + 1225.89705]
[ INFO : 2026-07-28 13:14:52,383 ] - Test_@[5, 10, 20, 50]: Recall=[0.03426, 0.05546, 0.08383, 0.14301],  precision=[0.00722, 0.00585, 0.00444, 0.00304], hit=[0.03595, 0.05806, 0.08794, 0.14965], ndcg=[0.02294, 0.02979, 0.03701, 0.04889], Train Rec Loss=[0.03143], Eval Rec Loss=[0.03150], c=[0.50000], F=[0.83719, 0.88122, 0.91498, 0.94675], F_fuse=[0.01432, 0.01163, 0.00884, 0.00606]
[ INFO : 2026-07-28 13:17:20,808 ] - Epoch 170: train==[134.35756 = 0.57946 + 1.08003 + 22.34963 + 0.01697 + 0.00000 + 0.00074 + 1225.89705]
[ INFO : 2026-07-28 13:17:29,926 ] - Test_@[5, 10, 20, 50]: Recall=[0.03426, 0.05392, 0.08574, 0.14481],  precision=[0.00720, 0.00570, 0.00454, 0.00308], hit=[0.03590, 0.05672, 0.09005, 0.15156], ndcg=[0.02281, 0.02916, 0.03721, 0.04905], Train Rec Loss=[0.03142], Eval Rec Loss=[0.03149], c=[0.50000], F=[0.83899, 0.88242, 0.91479, 0.94604], F_fuse=[0.01428, 0.01132, 0.00904, 0.00613]
[ INFO : 2026-07-28 13:19:58,219 ] - Epoch 171: train==[134.41852 = 0.57611 + 1.08003 + 22.41390 + 0.01701 + 0.00000 + 0.00074 + 1225.89705]
[ INFO : 2026-07-28 13:20:07,520 ] - Test_@[5, 10, 20, 50]: Recall=[0.03383, 0.05448, 0.08392, 0.14028],  precision=[0.00717, 0.00577, 0.00444, 0.00298], hit=[0.03564, 0.05729, 0.08804, 0.14682], ndcg=[0.02263, 0.02931, 0.03678, 0.04810], Train Rec Loss=[0.03140], Eval Rec Loss=[0.03147], c=[0.50000], F=[0.83758, 0.88106, 0.91427, 0.94598], F_fuse=[0.01422, 0.01147, 0.00884, 0.00595]
[ INFO : 2026-07-28 13:22:35,748 ] - Epoch 172: train==[134.47674 = 0.57854 + 1.08001 + 22.46963 + 0.01708 + 0.00000 + 0.00073 + 1225.89705]
[ INFO : 2026-07-28 13:22:44,947 ] - Test_@[5, 10, 20, 50]: Recall=[0.03395, 0.05459, 0.08459, 0.14085],  precision=[0.00714, 0.00576, 0.00447, 0.00299], hit=[0.03554, 0.05724, 0.08856, 0.14754], ndcg=[0.02274, 0.02940, 0.03699, 0.04825], Train Rec Loss=[0.03141], Eval Rec Loss=[0.03151], c=[0.50000], F=[0.83631, 0.88025, 0.91391, 0.94597], F_fuse=[0.01416, 0.01144, 0.00889, 0.00597]
[ INFO : 2026-07-28 13:25:13,936 ] - Epoch 173: train==[134.49596 = 0.57365 + 1.08002 + 22.49370 + 0.01711 + 0.00000 + 0.00074 + 1225.89705]
[ INFO : 2026-07-28 13:25:23,174 ] - Test_@[5, 10, 20, 50]: Recall=[0.03474, 0.05477, 0.08527, 0.14410],  precision=[0.00730, 0.00580, 0.00452, 0.00306], hit=[0.03641, 0.05755, 0.08943, 0.15089], ndcg=[0.02335, 0.02982, 0.03755, 0.04936], Train Rec Loss=[0.03143], Eval Rec Loss=[0.03150], c=[0.50000], F=[0.83965, 0.88202, 0.91488, 0.94638], F_fuse=[0.01448, 0.01152, 0.00899, 0.00610]
[ INFO : 2026-07-28 13:27:51,340 ] - Epoch 174: train==[134.38039 = 0.57072 + 1.08000 + 22.38099 + 0.01721 + 0.00000 + 0.00074 + 1225.89705]
[ INFO : 2026-07-28 13:28:00,557 ] - Test_@[5, 10, 20, 50]: Recall=[0.03431, 0.05402, 0.08486, 0.14252],  precision=[0.00722, 0.00571, 0.00449, 0.00303], hit=[0.03595, 0.05678, 0.08902, 0.14914], ndcg=[0.02307, 0.02949, 0.03733, 0.04888], Train Rec Loss=[0.03141], Eval Rec Loss=[0.03149], c=[0.50000], F=[0.83835, 0.88191, 0.91487, 0.94600], F_fuse=[0.01432, 0.01135, 0.00895, 0.00604]
[ INFO : 2026-07-28 13:30:29,698 ] - Epoch 175: train==[134.35488 = 0.57027 + 1.08001 + 22.35594 + 0.01718 + 0.00000 + 0.00074 + 1225.89705]
[ INFO : 2026-07-28 13:30:38,892 ] - Test_@[5, 10, 20, 50]: Recall=[0.03352, 0.05449, 0.08412, 0.14139],  precision=[0.00706, 0.00574, 0.00446, 0.00301], hit=[0.03518, 0.05714, 0.08825, 0.14821], ndcg=[0.02264, 0.02944, 0.03694, 0.04842], Train Rec Loss=[0.03142], Eval Rec Loss=[0.03149], c=[0.50000], F=[0.83966, 0.88242, 0.91486, 0.94573], F_fuse=[0.01399, 0.01141, 0.00887, 0.00599]
[ INFO : 2026-07-28 13:33:07,341 ] - Epoch 176: train==[134.28252 = 0.57185 + 1.07999 + 22.28191 + 0.01728 + 0.00000 + 0.00074 + 1225.89705]
[ INFO : 2026-07-28 13:33:16,445 ] - Test_@[5, 10, 20, 50]: Recall=[0.03420, 0.05458, 0.08418, 0.14148],  precision=[0.00718, 0.00577, 0.00446, 0.00301], hit=[0.03579, 0.05739, 0.08840, 0.14821], ndcg=[0.02280, 0.02941, 0.03689, 0.04839], Train Rec Loss=[0.03142], Eval Rec Loss=[0.03148], c=[0.50000], F=[0.83610, 0.88111, 0.91424, 0.94600], F_fuse=[0.01424, 0.01147, 0.00887, 0.00600]
[ INFO : 2026-07-28 13:35:44,276 ] - Epoch 177: train==[134.40335 = 0.56613 + 1.07999 + 22.40841 + 0.01736 + 0.00000 + 0.00073 + 1225.89705]
[ INFO : 2026-07-28 13:35:53,550 ] - Test_@[5, 10, 20, 50]: Recall=[0.03524, 0.05591, 0.08408, 0.14089],  precision=[0.00743, 0.00589, 0.00445, 0.00299], hit=[0.03698, 0.05852, 0.08820, 0.14744], ndcg=[0.02364, 0.03031, 0.03744, 0.04884], Train Rec Loss=[0.03141], Eval Rec Loss=[0.03147], c=[0.50000], F=[0.83865, 0.88118, 0.91463, 0.94591], F_fuse=[0.01472, 0.01170, 0.00886, 0.00597]
[ INFO : 2026-07-28 13:38:22,620 ] - Epoch 178: train==[134.29726 = 0.56576 + 1.07999 + 22.30263 + 0.01742 + 0.00000 + 0.00073 + 1225.89705]
[ INFO : 2026-07-28 13:38:31,875 ] - Test_@[5, 10, 20, 50]: Recall=[0.03422, 0.05444, 0.08341, 0.14050],  precision=[0.00721, 0.00574, 0.00442, 0.00299], hit=[0.03595, 0.05714, 0.08758, 0.14713], ndcg=[0.02290, 0.02941, 0.03678, 0.04826], Train Rec Loss=[0.03142], Eval Rec Loss=[0.03147], c=[0.50000], F=[0.83704, 0.88050, 0.91435, 0.94628], F_fuse=[0.01430, 0.01141, 0.00880, 0.00595]
[ INFO : 2026-07-28 13:40:59,712 ] - Epoch 179: train==[134.33794 = 0.56323 + 1.07998 + 22.34579 + 0.01746 + 0.00000 + 0.00074 + 1225.89705]
[ INFO : 2026-07-28 13:41:09,025 ] - Test_@[5, 10, 20, 50]: Recall=[0.03333, 0.05364, 0.08374, 0.14028],  precision=[0.00701, 0.00567, 0.00443, 0.00298], hit=[0.03497, 0.05636, 0.08773, 0.14677], ndcg=[0.02260, 0.02919, 0.03680, 0.04816], Train Rec Loss=[0.03141], Eval Rec Loss=[0.03148], c=[0.50000], F=[0.83744, 0.88106, 0.91426, 0.94611], F_fuse=[0.01391, 0.01126, 0.00881, 0.00594]
[ INFO : 2026-07-28 13:43:37,594 ] - Epoch 180: train==[134.28584 = 0.56329 + 1.07998 + 22.29355 + 0.01755 + 0.00000 + 0.00074 + 1225.89705]
[ INFO : 2026-07-28 13:43:46,862 ] - Test_@[5, 10, 20, 50]: Recall=[0.03468, 0.05489, 0.08431, 0.14102],  precision=[0.00728, 0.00579, 0.00447, 0.00300], hit=[0.03636, 0.05755, 0.08845, 0.14760], ndcg=[0.02329, 0.02983, 0.03727, 0.04866], Train Rec Loss=[0.03140], Eval Rec Loss=[0.03146], c=[0.50000], F=[0.83883, 0.88093, 0.91468, 0.94613], F_fuse=[0.01444, 0.01150, 0.00889, 0.00598]
[ INFO : 2026-07-28 13:46:15,267 ] - Epoch 181: train==[134.36408 = 0.60354 + 1.07997 + 22.33154 + 0.01757 + 0.00000 + 0.00073 + 1225.89705]
[ INFO : 2026-07-28 13:46:24,699 ] - Test_@[5, 10, 20, 50]: Recall=[0.03335, 0.05373, 0.08418, 0.14113],  precision=[0.00700, 0.00567, 0.00446, 0.00300], hit=[0.03497, 0.05647, 0.08835, 0.14780], ndcg=[0.02239, 0.02899, 0.03671, 0.04812], Train Rec Loss=[0.03141], Eval Rec Loss=[0.03145], c=[0.50000], F=[0.83514, 0.88009, 0.91392, 0.94608], F_fuse=[0.01389, 0.01127, 0.00887, 0.00598]
[ INFO : 2026-07-28 13:48:53,584 ] - Epoch 182: train==[134.13478 = 0.55584 + 1.07997 + 22.14991 + 0.01758 + 0.00000 + 0.00074 + 1225.89705]
[ INFO : 2026-07-28 13:49:02,827 ] - Test_@[5, 10, 20, 50]: Recall=[0.03403, 0.05389, 0.08367, 0.14098],  precision=[0.00716, 0.00569, 0.00443, 0.00300], hit=[0.03564, 0.05652, 0.08789, 0.14749], ndcg=[0.02281, 0.02927, 0.03683, 0.04833], Train Rec Loss=[0.03140], Eval Rec Loss=[0.03149], c=[0.50000], F=[0.83892, 0.88176, 0.91473, 0.94613], F_fuse=[0.01420, 0.01131, 0.00882, 0.00597]
[ INFO : 2026-07-28 13:51:32,250 ] - Epoch 183: train==[134.19766 = 0.55114 + 1.07995 + 22.21738 + 0.01771 + 0.00000 + 0.00073 + 1225.89705]
[ INFO : 2026-07-28 13:51:41,452 ] - Test_@[5, 10, 20, 50]: Recall=[0.03352, 0.05524, 0.08412, 0.14072],  precision=[0.00707, 0.00584, 0.00445, 0.00299], hit=[0.03523, 0.05806, 0.08830, 0.14729], ndcg=[0.02258, 0.02958, 0.03687, 0.04821], Train Rec Loss=[0.03140], Eval Rec Loss=[0.03147], c=[0.50000], F=[0.83888, 0.88201, 0.91426, 0.94609], F_fuse=[0.01401, 0.01160, 0.00886, 0.00596]
[ INFO : 2026-07-28 13:54:10,027 ] - Epoch 184: train==[134.28640 = 0.55329 + 1.07996 + 22.30395 + 0.01774 + 0.00000 + 0.00073 + 1225.89705]
[ INFO : 2026-07-28 13:54:19,237 ] - Test_@[5, 10, 20, 50]: Recall=[0.03458, 0.05509, 0.08501, 0.14262],  precision=[0.00726, 0.00581, 0.00451, 0.00303], hit=[0.03620, 0.05780, 0.08912, 0.14919], ndcg=[0.02321, 0.02986, 0.03745, 0.04902], Train Rec Loss=[0.03141], Eval Rec Loss=[0.03146], c=[0.50000], F=[0.83928, 0.88205, 0.91452, 0.94619], F_fuse=[0.01440, 0.01155, 0.00897, 0.00604]
[ INFO : 2026-07-28 13:56:48,091 ] - Epoch 185: train==[134.09422 = 0.55416 + 1.07995 + 22.11087 + 0.01778 + 0.00000 + 0.00073 + 1225.89705]
[ INFO : 2026-07-28 13:56:57,219 ] - Test_@[5, 10, 20, 50]: Recall=[0.03419, 0.05381, 0.08370, 0.14034],  precision=[0.00720, 0.00569, 0.00443, 0.00299], hit=[0.03590, 0.05662, 0.08763, 0.14708], ndcg=[0.02291, 0.02926, 0.03688, 0.04825], Train Rec Loss=[0.03141], Eval Rec Loss=[0.03146], c=[0.50000], F=[0.83650, 0.88076, 0.91388, 0.94618], F_fuse=[0.01428, 0.01131, 0.00881, 0.00595]
[ INFO : 2026-07-28 13:59:26,158 ] - Epoch 186: train==[134.13565 = 0.54982 + 1.07995 + 22.15658 + 0.01783 + 0.00000 + 0.00073 + 1225.89705]
[ INFO : 2026-07-28 13:59:35,507 ] - Test_@[5, 10, 20, 50]: Recall=[0.03405, 0.05439, 0.08283, 0.13982],  precision=[0.00717, 0.00575, 0.00438, 0.00298], hit=[0.03574, 0.05719, 0.08686, 0.14657], ndcg=[0.02286, 0.02947, 0.03667, 0.04813], Train Rec Loss=[0.03142], Eval Rec Loss=[0.03148], c=[0.50000], F=[0.83871, 0.88145, 0.91396, 0.94563], F_fuse=[0.01422, 0.01142, 0.00873, 0.00593]
[ INFO : 2026-07-28 14:02:04,227 ] - Epoch 187: train==[134.16972 = 0.55034 + 1.07994 + 22.19007 + 0.01791 + 0.00000 + 0.00073 + 1225.89705]
[ INFO : 2026-07-28 14:02:13,556 ] - Test_@[5, 10, 20, 50]: Recall=[0.03365, 0.05354, 0.08270, 0.13836],  precision=[0.00710, 0.00566, 0.00437, 0.00294], hit=[0.03533, 0.05621, 0.08671, 0.14513], ndcg=[0.02259, 0.02905, 0.03642, 0.04760], Train Rec Loss=[0.03141], Eval Rec Loss=[0.03147], c=[0.50000], F=[0.83848, 0.88109, 0.91374, 0.94590], F_fuse=[0.01407, 0.01124, 0.00871, 0.00587]
[ INFO : 2026-07-28 14:04:42,197 ] - Epoch 188: train==[134.23654 = 0.54984 + 1.07992 + 22.25740 + 0.01789 + 0.00000 + 0.00074 + 1225.89705]
[ INFO : 2026-07-28 14:04:51,556 ] - Test_@[5, 10, 20, 50]: Recall=[0.03430, 0.05380, 0.08420, 0.14170],  precision=[0.00722, 0.00569, 0.00446, 0.00301], hit=[0.03605, 0.05657, 0.08845, 0.14832], ndcg=[0.02300, 0.02934, 0.03709, 0.04864], Train Rec Loss=[0.03141], Eval Rec Loss=[0.03148], c=[0.50000], F=[0.83623, 0.87988, 0.91399, 0.94565], F_fuse=[0.01432, 0.01131, 0.00888, 0.00600]
[ INFO : 2026-07-28 14:07:19,760 ] - Epoch 189: train==[134.25775 = 0.54608 + 1.07994 + 22.28228 + 0.01798 + 0.00000 + 0.00073 + 1225.89705]
[ INFO : 2026-07-28 14:07:28,949 ] - Test_@[5, 10, 20, 50]: Recall=[0.03445, 0.05459, 0.08425, 0.14151],  precision=[0.00723, 0.00576, 0.00446, 0.00301], hit=[0.03605, 0.05729, 0.08835, 0.14821], ndcg=[0.02329, 0.02980, 0.03733, 0.04885], Train Rec Loss=[0.03140], Eval Rec Loss=[0.03147], c=[0.50000], F=[0.83937, 0.88183, 0.91508, 0.94621], F_fuse=[0.01434, 0.01146, 0.00888, 0.00600]
[ INFO : 2026-07-28 14:09:57,608 ] - Epoch 190: train==[134.17436 = 0.54759 + 1.07991 + 22.19737 + 0.01801 + 0.00000 + 0.00074 + 1225.89705]
[ INFO : 2026-07-28 14:10:06,709 ] - Test_@[5, 10, 20, 50]: Recall=[0.03373, 0.05368, 0.08283, 0.13969],  precision=[0.00712, 0.00568, 0.00437, 0.00297], hit=[0.03543, 0.05647, 0.08665, 0.14621], ndcg=[0.02278, 0.02926, 0.03666, 0.04809], Train Rec Loss=[0.03142], Eval Rec Loss=[0.03147], c=[0.50000], F=[0.83789, 0.88178, 0.91420, 0.94577], F_fuse=[0.01412, 0.01128, 0.00870, 0.00592]
[ INFO : 2026-07-28 14:12:35,348 ] - Epoch 191: train==[134.24929 = 0.54223 + 1.07992 + 22.27758 + 0.01808 + 0.00000 + 0.00074 + 1225.89705]
[ INFO : 2026-07-28 14:12:44,660 ] - Test_@[5, 10, 20, 50]: Recall=[0.03409, 0.05447, 0.08389, 0.13854],  precision=[0.00719, 0.00575, 0.00443, 0.00295], hit=[0.03579, 0.05714, 0.08779, 0.14513], ndcg=[0.02292, 0.02953, 0.03695, 0.04791], Train Rec Loss=[0.03139], Eval Rec Loss=[0.03147], c=[0.50000], F=[0.83655, 0.88036, 0.91374, 0.94588], F_fuse=[0.01426, 0.01142, 0.00882, 0.00588]
[ INFO : 2026-07-28 14:15:13,480 ] - Epoch 192: train==[134.02776 = 0.54348 + 1.07990 + 22.05470 + 0.01820 + 0.00000 + 0.00074 + 1225.89705]
[ INFO : 2026-07-28 14:15:22,750 ] - Test_@[5, 10, 20, 50]: Recall=[0.03265, 0.05399, 0.08406, 0.13982],  precision=[0.00689, 0.00568, 0.00445, 0.00297], hit=[0.03435, 0.05657, 0.08820, 0.14662], ndcg=[0.02215, 0.02906, 0.03668, 0.04786], Train Rec Loss=[0.03141], Eval Rec Loss=[0.03146], c=[0.50000], F=[0.84050, 0.88307, 0.91550, 0.94558], F_fuse=[0.01367, 0.01129, 0.00886, 0.00593]
[ INFO : 2026-07-28 14:17:51,441 ] - Epoch 193: train==[134.07135 = 0.54119 + 1.07990 + 22.10055 + 0.01824 + 0.00000 + 0.00073 + 1225.89705]
[ INFO : 2026-07-28 14:18:00,627 ] - Test_@[5, 10, 20, 50]: Recall=[0.03353, 0.05335, 0.08400, 0.13963],  precision=[0.00707, 0.00563, 0.00444, 0.00297], hit=[0.03518, 0.05595, 0.08799, 0.14626], ndcg=[0.02253, 0.02896, 0.03673, 0.04787], Train Rec Loss=[0.03139], Eval Rec Loss=[0.03147], c=[0.50000], F=[0.83893, 0.88166, 0.91397, 0.94601], F_fuse=[0.01401, 0.01118, 0.00884, 0.00592]
[ INFO : 2026-07-28 14:20:29,588 ] - Epoch 194: train==[134.12822 = 0.53798 + 1.07989 + 22.16063 + 0.01826 + 0.00000 + 0.00073 + 1225.89705]
[ INFO : 2026-07-28 14:20:38,903 ] - Test_@[5, 10, 20, 50]: Recall=[0.03381, 0.05314, 0.08301, 0.13997],  precision=[0.00712, 0.00560, 0.00439, 0.00298], hit=[0.03548, 0.05570, 0.08707, 0.14667], ndcg=[0.02271, 0.02897, 0.03654, 0.04799], Train Rec Loss=[0.03140], Eval Rec Loss=[0.03147], c=[0.50000], F=[0.83779, 0.88138, 0.91435, 0.94574], F_fuse=[0.01412, 0.01113, 0.00873, 0.00594]
[ INFO : 2026-07-28 14:23:07,813 ] - Epoch 195: train==[134.08791 = 0.53777 + 1.07988 + 22.12049 + 0.01829 + 0.00000 + 0.00073 + 1225.89705]
[ INFO : 2026-07-28 14:23:17,304 ] - Test_@[5, 10, 20, 50]: Recall=[0.03381, 0.05393, 0.08325, 0.13871],  precision=[0.00714, 0.00570, 0.00440, 0.00295], hit=[0.03559, 0.05667, 0.08722, 0.14538], ndcg=[0.02279, 0.02933, 0.03677, 0.04790], Train Rec Loss=[0.03139], Eval Rec Loss=[0.03146], c=[0.50000], F=[0.83829, 0.88155, 0.91433, 0.94578], F_fuse=[0.01416, 0.01132, 0.00876, 0.00589]
[ INFO : 2026-07-28 14:25:46,153 ] - Epoch 196: train==[134.06178 = 0.53703 + 1.07988 + 22.09503 + 0.01839 + 0.00000 + 0.00072 + 1225.89705]
[ INFO : 2026-07-28 14:25:55,504 ] - Test_@[5, 10, 20, 50]: Recall=[0.03375, 0.05344, 0.08237, 0.13891],  precision=[0.00711, 0.00564, 0.00435, 0.00295], hit=[0.03543, 0.05606, 0.08624, 0.14554], ndcg=[0.02281, 0.02921, 0.03656, 0.04795], Train Rec Loss=[0.03142], Eval Rec Loss=[0.03148], c=[0.50000], F=[0.83701, 0.88167, 0.91487, 0.94603], F_fuse=[0.01409, 0.01121, 0.00867, 0.00589]
[ INFO : 2026-07-28 14:28:24,487 ] - Epoch 197: train==[134.05037 = 0.53345 + 1.07987 + 22.08717 + 0.01841 + 0.00000 + 0.00074 + 1225.89705]
[ INFO : 2026-07-28 14:28:33,947 ] - Test_@[5, 10, 20, 50]: Recall=[0.03404, 0.05289, 0.08259, 0.13910],  precision=[0.00716, 0.00558, 0.00437, 0.00296], hit=[0.03569, 0.05549, 0.08655, 0.14559], ndcg=[0.02287, 0.02901, 0.03655, 0.04792], Train Rec Loss=[0.03141], Eval Rec Loss=[0.03147], c=[0.50000], F=[0.83503, 0.88058, 0.91326, 0.94553], F_fuse=[0.01420, 0.01109, 0.00869, 0.00590]
[ INFO : 2026-07-28 14:31:03,052 ] - Epoch 198: train==[134.04950 = 0.53215 + 1.07986 + 22.08756 + 0.01846 + 0.00000 + 0.00073 + 1225.89705]
[ INFO : 2026-07-28 14:31:12,239 ] - Test_@[5, 10, 20, 50]: Recall=[0.03433, 0.05358, 0.08333, 0.13903],  precision=[0.00723, 0.00565, 0.00441, 0.00296], hit=[0.03600, 0.05621, 0.08737, 0.14559], ndcg=[0.02283, 0.02907, 0.03660, 0.04774], Train Rec Loss=[0.03140], Eval Rec Loss=[0.03146], c=[0.50000], F=[0.83709, 0.88071, 0.91406, 0.94578], F_fuse=[0.01434, 0.01123, 0.00878, 0.00589]
[ INFO : 2026-07-28 14:33:40,959 ] - Epoch 199: train==[133.96813 = 0.53378 + 1.07985 + 22.00451 + 0.01852 + 0.00000 + 0.00073 + 1225.89705]
[ INFO : 2026-07-28 14:33:50,291 ] - Test_@[5, 10, 20, 50]: Recall=[0.03402, 0.05277, 0.08307, 0.13957],  precision=[0.00716, 0.00556, 0.00440, 0.00297], hit=[0.03569, 0.05534, 0.08722, 0.14616], ndcg=[0.02285, 0.02894, 0.03664, 0.04797], Train Rec Loss=[0.03140], Eval Rec Loss=[0.03147], c=[0.50000], F=[0.84024, 0.88308, 0.91494, 0.94590], F_fuse=[0.01420, 0.01105, 0.00876, 0.00592]
[ INFO : 2026-07-28 14:36:19,438 ] - Epoch 200: train==[134.04514 = 0.53267 + 1.07985 + 22.08256 + 0.01860 + 0.00000 + 0.00072 + 1225.89705]
[ INFO : 2026-07-28 14:36:28,708 ] - Test_@[5, 10, 20, 50]: Recall=[0.03319, 0.05400, 0.08311, 0.14059],  precision=[0.00698, 0.00568, 0.00440, 0.00299], hit=[0.03487, 0.05636, 0.08707, 0.14724], ndcg=[0.02242, 0.02915, 0.03655, 0.04805], Train Rec Loss=[0.03141], Eval Rec Loss=[0.03146], c=[0.50000], F=[0.83669, 0.88091, 0.91410, 0.94583], F_fuse=[0.01385, 0.01128, 0.00875, 0.00596]
[ INFO : 2026-07-28 14:38:57,899 ] - Epoch 201: train==[133.97690 = 0.53086 + 1.07983 + 22.01615 + 0.01857 + 0.00000 + 0.00074 + 1225.89705]
[ INFO : 2026-07-28 14:39:07,007 ] - Test_@[5, 10, 20, 50]: Recall=[0.03389, 0.05354, 0.08166, 0.13662],  precision=[0.00717, 0.00564, 0.00432, 0.00291], hit=[0.03574, 0.05595, 0.08578, 0.14307], ndcg=[0.02274, 0.02912, 0.03623, 0.04722], Train Rec Loss=[0.03141], Eval Rec Loss=[0.03145], c=[0.50000], F=[0.83678, 0.87906, 0.91365, 0.94532], F_fuse=[0.01422, 0.01120, 0.00860, 0.00579]
[ INFO : 2026-07-28 14:41:35,625 ] - Epoch 202: train==[134.03579 = 0.52468 + 1.07983 + 22.08125 + 0.01855 + 0.00000 + 0.00074 + 1225.89705]
[ INFO : 2026-07-28 14:41:44,827 ] - Test_@[5, 10, 20, 50]: Recall=[0.03422, 0.05409, 0.08320, 0.14045],  precision=[0.00719, 0.00571, 0.00440, 0.00299], hit=[0.03584, 0.05678, 0.08712, 0.14698], ndcg=[0.02323, 0.02973, 0.03711, 0.04861], Train Rec Loss=[0.03140], Eval Rec Loss=[0.03146], c=[0.50000], F=[0.83956, 0.88214, 0.91483, 0.94585], F_fuse=[0.01426, 0.01135, 0.00875, 0.00595]
[ INFO : 2026-07-28 14:44:13,479 ] - Epoch 203: train==[133.85749 = 0.52934 + 1.07982 + 21.89814 + 0.01874 + 0.00000 + 0.00072 + 1225.89705]
[ INFO : 2026-07-28 14:44:22,691 ] - Test_@[5, 10, 20, 50]: Recall=[0.03346, 0.05325, 0.08279, 0.13904],  precision=[0.00705, 0.00562, 0.00437, 0.00296], hit=[0.03518, 0.05575, 0.08665, 0.14574], ndcg=[0.02262, 0.02902, 0.03649, 0.04777], Train Rec Loss=[0.03140], Eval Rec Loss=[0.03148], c=[0.50000], F=[0.83740, 0.88103, 0.91425, 0.94588], F_fuse=[0.01397, 0.01116, 0.00870, 0.00590]
[ INFO : 2026-07-28 14:46:51,779 ] - Epoch 204: train==[133.94944 = 0.53349 + 1.07981 + 21.98594 + 0.01874 + 0.00000 + 0.00073 + 1225.89705]
[ INFO : 2026-07-28 14:47:01,086 ] - Test_@[5, 10, 20, 50]: Recall=[0.03423, 0.05266, 0.08091, 0.13627],  precision=[0.00720, 0.00553, 0.00428, 0.00289], hit=[0.03590, 0.05508, 0.08485, 0.14256], ndcg=[0.02271, 0.02869, 0.03588, 0.04694], Train Rec Loss=[0.03140], Eval Rec Loss=[0.03147], c=[0.50000], F=[0.83605, 0.87987, 0.91325, 0.94540], F_fuse=[0.01428, 0.01100, 0.00852, 0.00577]
[ INFO : 2026-07-28 14:49:30,186 ] - Epoch 205: train==[133.95893 = 0.52023 + 1.07979 + 22.00865 + 0.01878 + 0.00000 + 0.00073 + 1225.89705]
[ INFO : 2026-07-28 14:49:39,415 ] - Test_@[5, 10, 20, 50]: Recall=[0.03455, 0.05359, 0.08352, 0.13877],  precision=[0.00724, 0.00564, 0.00442, 0.00295], hit=[0.03620, 0.05611, 0.08763, 0.14528], ndcg=[0.02308, 0.02926, 0.03687, 0.04798], Train Rec Loss=[0.03138], Eval Rec Loss=[0.03147], c=[0.50000], F=[0.83863, 0.88168, 0.91410, 0.94581], F_fuse=[0.01436, 0.01120, 0.00880, 0.00589]
[ INFO : 2026-07-28 14:52:08,401 ] - Epoch 206: train==[134.00552 = 0.52212 + 1.07979 + 22.05331 + 0.01882 + 0.00000 + 0.00073 + 1225.89705]
[ INFO : 2026-07-28 14:52:17,571 ] - Test_@[5, 10, 20, 50]: Recall=[0.03374, 0.05396, 0.08226, 0.13846],  precision=[0.00711, 0.00569, 0.00435, 0.00295], hit=[0.03538, 0.05657, 0.08624, 0.14502], ndcg=[0.02262, 0.02918, 0.03637, 0.04764], Train Rec Loss=[0.03141], Eval Rec Loss=[0.03146], c=[0.50000], F=[0.83815, 0.88133, 0.91469, 0.94587], F_fuse=[0.01409, 0.01130, 0.00867, 0.00587]
[ INFO : 2026-07-28 14:54:46,163 ] - Epoch 207: train==[133.93524 = 0.51961 + 1.07978 + 21.98554 + 0.01883 + 0.00000 + 0.00073 + 1225.89705]
[ INFO : 2026-07-28 14:54:55,351 ] - Test_@[5, 10, 20, 50]: Recall=[0.03389, 0.05309, 0.08182, 0.13694],  precision=[0.00713, 0.00560, 0.00434, 0.00291], hit=[0.03559, 0.05570, 0.08599, 0.14358], ndcg=[0.02286, 0.02909, 0.03638, 0.04743], Train Rec Loss=[0.03139], Eval Rec Loss=[0.03144], c=[0.50000], F=[0.83809, 0.88039, 0.91410, 0.94535], F_fuse=[0.01414, 0.01112, 0.00863, 0.00581]
[ INFO : 2026-07-28 14:57:24,078 ] - Epoch 208: train==[133.91114 = 0.52378 + 1.07977 + 21.95711 + 0.01901 + 0.00000 + 0.00072 + 1225.89705]
[ INFO : 2026-07-28 14:57:33,343 ] - Test_@[5, 10, 20, 50]: Recall=[0.03446, 0.05346, 0.08224, 0.13773],  precision=[0.00725, 0.00563, 0.00435, 0.00292], hit=[0.03620, 0.05590, 0.08619, 0.14400], ndcg=[0.02287, 0.02901, 0.03631, 0.04745], Train Rec Loss=[0.03140], Eval Rec Loss=[0.03145], c=[0.50000], F=[0.83761, 0.88069, 0.91381, 0.94544], F_fuse=[0.01438, 0.01118, 0.00865, 0.00583]
[ INFO : 2026-07-28 15:00:02,247 ] - Epoch 209: train==[133.82669 = 0.51940 + 1.07975 + 21.87699 + 0.01907 + 0.00000 + 0.00073 + 1225.89705]
[ INFO : 2026-07-28 15:00:11,486 ] - Test_@[5, 10, 20, 50]: Recall=[0.03355, 0.05339, 0.08301, 0.13912],  precision=[0.00706, 0.00561, 0.00438, 0.00296], hit=[0.03523, 0.05585, 0.08686, 0.14559], ndcg=[0.02270, 0.02914, 0.03667, 0.04795], Train Rec Loss=[0.03140], Eval Rec Loss=[0.03148], c=[0.50000], F=[0.83768, 0.88127, 0.91438, 0.94580], F_fuse=[0.01399, 0.01115, 0.00872, 0.00589]
[ INFO : 2026-07-28 15:02:40,946 ] - Epoch 210: train==[133.90691 = 0.51631 + 1.07975 + 21.96028 + 0.01911 + 0.00000 + 0.00072 + 1225.89705]
[ INFO : 2026-07-28 15:02:50,823 ] - Test_@[5, 10, 20, 50]: Recall=[0.03380, 0.05376, 0.08250, 0.13809],  precision=[0.00712, 0.00566, 0.00436, 0.00294], hit=[0.03554, 0.05621, 0.08645, 0.14477], ndcg=[0.02273, 0.02918, 0.03647, 0.04763], Train Rec Loss=[0.03141], Eval Rec Loss=[0.03149], c=[0.50000], F=[0.83807, 0.88104, 0.91459, 0.94576], F_fuse=[0.01412, 0.01124, 0.00869, 0.00586]
[ INFO : 2026-07-28 15:05:19,596 ] - Epoch 211: train==[133.92176 = 0.51481 + 1.07973 + 21.97660 + 0.01916 + 0.00000 + 0.00072 + 1225.89705]
[ INFO : 2026-07-28 15:05:28,758 ] - Test_@[5, 10, 20, 50]: Recall=[0.03362, 0.05286, 0.08075, 0.13617],  precision=[0.00709, 0.00557, 0.00427, 0.00290], hit=[0.03533, 0.05534, 0.08465, 0.14276], ndcg=[0.02253, 0.02879, 0.03587, 0.04697], Train Rec Loss=[0.03140], Eval Rec Loss=[0.03146], c=[0.50000], F=[0.83644, 0.88017, 0.91446, 0.94611], F_fuse=[0.01405, 0.01107, 0.00850, 0.00578]
[ INFO : 2026-07-28 15:07:57,621 ] - Epoch 212: train==[133.91949 = 0.51254 + 1.07973 + 21.97664 + 0.01911 + 0.00000 + 0.00072 + 1225.89705]
[ INFO : 2026-07-28 15:08:06,744 ] - Test_@[5, 10, 20, 50]: Recall=[0.03393, 0.05368, 0.08179, 0.13880],  precision=[0.00714, 0.00564, 0.00433, 0.00295], hit=[0.03569, 0.05611, 0.08573, 0.14559], ndcg=[0.02279, 0.02916, 0.03628, 0.04771], Train Rec Loss=[0.03140], Eval Rec Loss=[0.03146], c=[0.50000], F=[0.83930, 0.88172, 0.91446, 0.94576], F_fuse=[0.01416, 0.01121, 0.00861, 0.00589]
[ INFO : 2026-07-28 15:10:35,919 ] - Epoch 213: train==[133.72095 = 0.51474 + 1.07971 + 21.77579 + 0.01925 + 0.00000 + 0.00072 + 1225.89705]
[ INFO : 2026-07-28 15:10:45,387 ] - Test_@[5, 10, 20, 50]: Recall=[0.03444, 0.05375, 0.08209, 0.13804],  precision=[0.00726, 0.00566, 0.00434, 0.00294], hit=[0.03626, 0.05626, 0.08604, 0.14466], ndcg=[0.02292, 0.02917, 0.03636, 0.04756], Train Rec Loss=[0.03141], Eval Rec Loss=[0.03147], c=[0.50000], F=[0.83674, 0.88037, 0.91405, 0.94568], F_fuse=[0.01440, 0.01125, 0.00864, 0.00585]
[ INFO : 2026-07-28 15:13:13,538 ] - Epoch 214: train==[133.80113 = 0.51093 + 1.07971 + 21.85979 + 0.01923 + 0.00000 + 0.00073 + 1225.89705]
[ INFO : 2026-07-28 15:13:22,785 ] - Test_@[5, 10, 20, 50]: Recall=[0.03364, 0.05241, 0.08063, 0.13513],  precision=[0.00709, 0.00552, 0.00427, 0.00288], hit=[0.03533, 0.05492, 0.08465, 0.14178], ndcg=[0.02282, 0.02894, 0.03611, 0.04705], Train Rec Loss=[0.03140], Eval Rec Loss=[0.03146], c=[0.50000], F=[0.83908, 0.88115, 0.91437, 0.94524], F_fuse=[0.01405, 0.01098, 0.00850, 0.00574]
[ INFO : 2026-07-28 15:15:52,001 ] - Epoch 215: train==[133.85284 = 0.50954 + 1.07969 + 21.91282 + 0.01932 + 0.00000 + 0.00074 + 1225.89705]
[ INFO : 2026-07-28 15:16:01,295 ] - Test_@[5, 10, 20, 50]: Recall=[0.03433, 0.05332, 0.08295, 0.13784],  precision=[0.00723, 0.00562, 0.00439, 0.00293], hit=[0.03605, 0.05585, 0.08696, 0.14451], ndcg=[0.02285, 0.02901, 0.03651, 0.04749], Train Rec Loss=[0.03140], Eval Rec Loss=[0.03147], c=[0.50000], F=[0.83862, 0.88196, 0.91472, 0.94565], F_fuse=[0.01434, 0.01116, 0.00874, 0.00585]
[ INFO : 2026-07-28 15:18:29,747 ] - Epoch 216: train==[133.74941 = 0.50794 + 1.07968 + 21.81089 + 0.01944 + 0.00000 + 0.00073 + 1225.89705]
[ INFO : 2026-07-28 15:18:39,608 ] - Test_@[5, 10, 20, 50]: Recall=[0.03403, 0.05335, 0.08262, 0.13697],  precision=[0.00716, 0.00561, 0.00437, 0.00291], hit=[0.03574, 0.05580, 0.08650, 0.14348], ndcg=[0.02293, 0.02919, 0.03659, 0.04750], Train Rec Loss=[0.03140], Eval Rec Loss=[0.03150], c=[0.50000], F=[0.83934, 0.88168, 0.91471, 0.94547], F_fuse=[0.01420, 0.01115, 0.00870, 0.00581]
[ INFO : 2026-07-28 15:21:07,572 ] - Epoch 217: train==[133.81821 = 0.51134 + 1.07967 + 21.87634 + 0.01939 + 0.00000 + 0.00073 + 1225.89705]
[ INFO : 2026-07-28 15:21:16,860 ] - Test_@[5, 10, 20, 50]: Recall=[0.03429, 0.05361, 0.08230, 0.13699],  precision=[0.00724, 0.00563, 0.00436, 0.00291], hit=[0.03615, 0.05600, 0.08640, 0.14343], ndcg=[0.02274, 0.02894, 0.03622, 0.04719], Train Rec Loss=[0.03142], Eval Rec Loss=[0.03147], c=[0.50000], F=[0.83785, 0.88138, 0.91450, 0.94569], F_fuse=[0.01436, 0.01119, 0.00867, 0.00581]
[ INFO : 2026-07-28 15:23:46,095 ] - Epoch 218: train==[133.79537 = 0.50350 + 1.07965 + 21.86125 + 0.01951 + 0.00000 + 0.00073 + 1225.89705]
[ INFO : 2026-07-28 15:23:55,378 ] - Test_@[5, 10, 20, 50]: Recall=[0.03386, 0.05296, 0.08226, 0.13778],  precision=[0.00714, 0.00557, 0.00435, 0.00293], hit=[0.03564, 0.05549, 0.08609, 0.14436], ndcg=[0.02276, 0.02895, 0.03638, 0.04751], Train Rec Loss=[0.03141], Eval Rec Loss=[0.03150], c=[0.50000], F=[0.83907, 0.88168, 0.91419, 0.94556], F_fuse=[0.01416, 0.01108, 0.00866, 0.00584]
[ INFO : 2026-07-28 15:26:24,286 ] - Epoch 219: train==[133.83721 = 0.50339 + 1.07963 + 21.90322 + 0.01952 + 0.00000 + 0.00072 + 1225.89705]
[ INFO : 2026-07-28 15:26:33,508 ] - Test_@[5, 10, 20, 50]: Recall=[0.03430, 0.05263, 0.08103, 0.13506],  precision=[0.00721, 0.00554, 0.00429, 0.00287], hit=[0.03595, 0.05508, 0.08491, 0.14153], ndcg=[0.02268, 0.02861, 0.03583, 0.04664], Train Rec Loss=[0.03142], Eval Rec Loss=[0.03147], c=[0.50000], F=[0.83542, 0.87942, 0.91428, 0.94578], F_fuse=[0.01430, 0.01101, 0.00854, 0.00573]
[ INFO : 2026-07-28 15:29:02,171 ] - Epoch 220: train==[133.81861 = 0.50416 + 1.07962 + 21.88378 + 0.01958 + 0.00000 + 0.00073 + 1225.89705]
[ INFO : 2026-07-28 15:29:11,410 ] - Test_@[5, 10, 20, 50]: Recall=[0.03461, 0.05340, 0.08282, 0.13797],  precision=[0.00729, 0.00562, 0.00439, 0.00293], hit=[0.03641, 0.05590, 0.08701, 0.14441], ndcg=[0.02313, 0.02922, 0.03669, 0.04770], Train Rec Loss=[0.03142], Eval Rec Loss=[0.03151], c=[0.50000], F=[0.83685, 0.88053, 0.91403, 0.94556], F_fuse=[0.01446, 0.01116, 0.00873, 0.00584]
[ INFO : 2026-07-28 15:31:40,056 ] - Epoch 221: train==[133.82587 = 0.50979 + 1.07960 + 21.88539 + 0.01963 + 0.00000 + 0.00072 + 1225.89705]
[ INFO : 2026-07-28 15:31:49,356 ] - Test_@[5, 10, 20, 50]: Recall=[0.03451, 0.05240, 0.08268, 0.13821],  precision=[0.00727, 0.00552, 0.00437, 0.00294], hit=[0.03631, 0.05482, 0.08660, 0.14472], ndcg=[0.02301, 0.02882, 0.03652, 0.04766], Train Rec Loss=[0.03143], Eval Rec Loss=[0.03149], c=[0.50000], F=[0.83807, 0.88250, 0.91445, 0.94553], F_fuse=[0.01442, 0.01097, 0.00870, 0.00586]
[ INFO : 2026-07-28 15:34:18,369 ] - Epoch 222: train==[133.82253 = 0.51553 + 1.07960 + 21.87627 + 0.01967 + 0.00000 + 0.00072 + 1225.89705]
[ INFO : 2026-07-28 15:34:27,997 ] - Test_@[5, 10, 20, 50]: Recall=[0.03319, 0.05213, 0.08021, 0.13386],  precision=[0.00701, 0.00550, 0.00424, 0.00284], hit=[0.03502, 0.05467, 0.08413, 0.14014], ndcg=[0.02240, 0.02857, 0.03572, 0.04645], Train Rec Loss=[0.03142], Eval Rec Loss=[0.03149], c=[0.50000], F=[0.83807, 0.88025, 0.91381, 0.94468], F_fuse=[0.01391, 0.01093, 0.00845, 0.00567]
[ INFO : 2026-07-28 15:36:56,972 ] - Epoch 223: train==[133.75735 = 0.49395 + 1.07957 + 21.83265 + 0.01973 + 0.00000 + 0.00072 + 1225.89705]
[ INFO : 2026-07-28 15:37:06,434 ] - Test_@[5, 10, 20, 50]: Recall=[0.03407, 0.05303, 0.08191, 0.13722],  precision=[0.00717, 0.00557, 0.00433, 0.00292], hit=[0.03579, 0.05544, 0.08588, 0.14358], ndcg=[0.02296, 0.02909, 0.03643, 0.04751], Train Rec Loss=[0.03142], Eval Rec Loss=[0.03148], c=[0.50000], F=[0.83830, 0.88188, 0.91455, 0.94547], F_fuse=[0.01422, 0.01108, 0.00862, 0.00582]
[ INFO : 2026-07-28 15:39:35,168 ] - Epoch 224: train==[133.79973 = 0.49761 + 1.07957 + 21.87143 + 0.01965 + 0.00000 + 0.00073 + 1225.89705]
[ INFO : 2026-07-28 15:39:45,153 ] - Test_@[5, 10, 20, 50]: Recall=[0.03321, 0.05297, 0.08138, 0.13634],  precision=[0.00698, 0.00557, 0.00431, 0.00290], hit=[0.03482, 0.05544, 0.08537, 0.14281], ndcg=[0.02248, 0.02894, 0.03613, 0.04715], Train Rec Loss=[0.03142], Eval Rec Loss=[0.03148], c=[0.50000], F=[0.83650, 0.88034, 0.91400, 0.94570], F_fuse=[0.01385, 0.01108, 0.00857, 0.00579]
[ INFO : 2026-07-28 15:42:14,969 ] - Epoch 225: train==[133.80734 = 0.49940 + 1.07954 + 21.87713 + 0.01980 + 0.00000 + 0.00073 + 1225.89705]
[ INFO : 2026-07-28 15:42:24,199 ] - Test_@[5, 10, 20, 50]: Recall=[0.03371, 0.05305, 0.07950, 0.13590],  precision=[0.00711, 0.00560, 0.00421, 0.00289], hit=[0.03543, 0.05564, 0.08341, 0.14220], ndcg=[0.02250, 0.02879, 0.03550, 0.04682], Train Rec Loss=[0.03144], Eval Rec Loss=[0.03149], c=[0.50000], F=[0.83773, 0.88129, 0.91437, 0.94543], F_fuse=[0.01409, 0.01113, 0.00837, 0.00576]
[ INFO : 2026-07-28 15:44:53,540 ] - Epoch 226: train==[133.82674 = 0.49489 + 1.07953 + 21.90097 + 0.01990 + 0.00000 + 0.00072 + 1225.89705]
[ INFO : 2026-07-28 15:45:02,640 ] - Test_@[5, 10, 20, 50]: Recall=[0.03446, 0.05307, 0.08218, 0.13728],  precision=[0.00726, 0.00558, 0.00435, 0.00292], hit=[0.03626, 0.05559, 0.08635, 0.14374], ndcg=[0.02300, 0.02904, 0.03641, 0.04746], Train Rec Loss=[0.03141], Eval Rec Loss=[0.03149], c=[0.50000], F=[0.83824, 0.88154, 0.91435, 0.94570], F_fuse=[0.01440, 0.01109, 0.00866, 0.00582]
[ INFO : 2026-07-28 15:47:32,450 ] - Epoch 227: train==[133.81152 = 0.49542 + 1.07951 + 21.88526 + 0.01985 + 0.00000 + 0.00073 + 1225.89705]
[ INFO : 2026-07-28 15:47:41,656 ] - Test_@[5, 10, 20, 50]: Recall=[0.03435, 0.05289, 0.08062, 0.13731],  precision=[0.00722, 0.00557, 0.00427, 0.00292], hit=[0.03600, 0.05544, 0.08455, 0.14389], ndcg=[0.02294, 0.02895, 0.03601, 0.04737], Train Rec Loss=[0.03143], Eval Rec Loss=[0.03152], c=[0.50000], F=[0.83767, 0.88097, 0.91409, 0.94516], F_fuse=[0.01432, 0.01108, 0.00849, 0.00582]
[ INFO : 2026-07-28 15:50:12,024 ] - Epoch 228: train==[133.74409 = 0.49263 + 1.07950 + 21.82056 + 0.01994 + 0.00000 + 0.00072 + 1225.89705]
[ INFO : 2026-07-28 15:50:21,229 ] - Test_@[5, 10, 20, 50]: Recall=[0.03357, 0.05338, 0.08215, 0.13507],  precision=[0.00706, 0.00561, 0.00434, 0.00287], hit=[0.03523, 0.05575, 0.08614, 0.14137], ndcg=[0.02252, 0.02893, 0.03620, 0.04675], Train Rec Loss=[0.03144], Eval Rec Loss=[0.03150], c=[0.50000], F=[0.83556, 0.87990, 0.91400, 0.94549], F_fuse=[0.01399, 0.01114, 0.00864, 0.00572]
[ INFO : 2026-07-28 15:52:50,505 ] - Epoch 229: train==[133.76345 = 0.48935 + 1.07948 + 21.84309 + 0.02006 + 0.00000 + 0.00072 + 1225.89705]
[ INFO : 2026-07-28 15:52:59,793 ] - Test_@[5, 10, 20, 50]: Recall=[0.03433, 0.05367, 0.08184, 0.13693],  precision=[0.00722, 0.00564, 0.00434, 0.00292], hit=[0.03600, 0.05606, 0.08593, 0.14358], ndcg=[0.02302, 0.02929, 0.03643, 0.04747], Train Rec Loss=[0.03144], Eval Rec Loss=[0.03149], c=[0.50000], F=[0.83865, 0.88197, 0.91460, 0.94594], F_fuse=[0.01432, 0.01120, 0.00863, 0.00581]
[ INFO : 2026-07-28 15:55:29,906 ] - Epoch 230: train==[133.73886 = 0.49540 + 1.07946 + 21.81255 + 0.01999 + 0.00000 + 0.00073 + 1225.89705]
[ INFO : 2026-07-28 15:55:39,102 ] - Test_@[5, 10, 20, 50]: Recall=[0.03402, 0.05290, 0.08063, 0.13504],  precision=[0.00718, 0.00556, 0.00427, 0.00287], hit=[0.03579, 0.05528, 0.08465, 0.14153], ndcg=[0.02273, 0.02884, 0.03588, 0.04678], Train Rec Loss=[0.03142], Eval Rec Loss=[0.03151], c=[0.50000], F=[0.83714, 0.88001, 0.91448, 0.94578], F_fuse=[0.01424, 0.01105, 0.00850, 0.00572]
[ INFO : 2026-07-28 15:58:07,921 ] - Epoch 231: train==[133.66300 = 0.48934 + 1.07944 + 21.74261 + 0.02015 + 0.00000 + 0.00072 + 1225.89705]
[ INFO : 2026-07-28 15:58:17,009 ] - Test_@[5, 10, 20, 50]: Recall=[0.03411, 0.05356, 0.08048, 0.13714],  precision=[0.00718, 0.00564, 0.00427, 0.00292], hit=[0.03579, 0.05606, 0.08449, 0.14374], ndcg=[0.02297, 0.02927, 0.03612, 0.04747], Train Rec Loss=[0.03143], Eval Rec Loss=[0.03147], c=[0.50000], F=[0.83861, 0.88191, 0.91480, 0.94578], F_fuse=[0.01424, 0.01120, 0.00849, 0.00582]
[ INFO : 2026-07-28 16:00:45,897 ] - Epoch 232: train==[133.69130 = 0.48669 + 1.07941 + 21.77358 + 0.02015 + 0.00000 + 0.00073 + 1225.89705]
[ INFO : 2026-07-28 16:00:55,102 ] - Test_@[5, 10, 20, 50]: Recall=[0.03359, 0.05243, 0.08037, 0.13481],  precision=[0.00708, 0.00552, 0.00426, 0.00287], hit=[0.03528, 0.05492, 0.08439, 0.14117], ndcg=[0.02232, 0.02844, 0.03555, 0.04641], Train Rec Loss=[0.03145], Eval Rec Loss=[0.03153], c=[0.50000], F=[0.83462, 0.87931, 0.91363, 0.94609], F_fuse=[0.01403, 0.01097, 0.00847, 0.00572]
[ INFO : 2026-07-28 16:03:24,181 ] - Epoch 233: train==[133.71450 = 0.48780 + 1.07940 + 21.79572 + 0.02012 + 0.00000 + 0.00073 + 1225.89705]
[ INFO : 2026-07-28 16:03:33,411 ] - Test_@[5, 10, 20, 50]: Recall=[0.03429, 0.05291, 0.08101, 0.13712],  precision=[0.00722, 0.00555, 0.00429, 0.00292], hit=[0.03600, 0.05518, 0.08501, 0.14374], ndcg=[0.02291, 0.02893, 0.03609, 0.04734], Train Rec Loss=[0.03145], Eval Rec Loss=[0.03150], c=[0.50000], F=[0.83626, 0.88019, 0.91397, 0.94600], F_fuse=[0.01432, 0.01103, 0.00854, 0.00582]
[ INFO : 2026-07-28 16:06:02,796 ] - Epoch 234: train==[133.84328 = 0.48723 + 1.07938 + 21.92500 + 0.02021 + 0.00000 + 0.00072 + 1225.89705]
[ INFO : 2026-07-28 16:06:11,995 ] - Test_@[5, 10, 20, 50]: Recall=[0.03365, 0.05330, 0.07987, 0.13541],  precision=[0.00708, 0.00559, 0.00422, 0.00288], hit=[0.03538, 0.05554, 0.08367, 0.14178], ndcg=[0.02248, 0.02885, 0.03561, 0.04675], Train Rec Loss=[0.03146], Eval Rec Loss=[0.03151], c=[0.50000], F=[0.83610, 0.88014, 0.91414, 0.94565], F_fuse=[0.01403, 0.01111, 0.00840, 0.00575]
[ INFO : 2026-07-28 16:08:41,967 ] - Epoch 235: train==[133.76934 = 0.48267 + 1.07934 + 21.85562 + 0.02024 + 0.00000 + 0.00073 + 1225.89705]
[ INFO : 2026-07-28 16:08:51,315 ] - Test_@[5, 10, 20, 50]: Recall=[0.03443, 0.05361, 0.08079, 0.13561],  precision=[0.00725, 0.00563, 0.00427, 0.00288], hit=[0.03620, 0.05606, 0.08470, 0.14220], ndcg=[0.02321, 0.02941, 0.03633, 0.04734], Train Rec Loss=[0.03146], Eval Rec Loss=[0.03152], c=[0.50000], F=[0.83680, 0.88061, 0.91443, 0.94528], F_fuse=[0.01438, 0.01119, 0.00850, 0.00575]
[ INFO : 2026-07-28 16:11:20,265 ] - Epoch 236: train==[133.85558 = 0.48519 + 1.07933 + 21.93927 + 0.02032 + 0.00000 + 0.00072 + 1225.89705]
[ INFO : 2026-07-28 16:11:29,502 ] - Test_@[5, 10, 20, 50]: Recall=[0.03432, 0.05278, 0.08107, 0.13579],  precision=[0.00725, 0.00555, 0.00429, 0.00289], hit=[0.03615, 0.05513, 0.08496, 0.14230], ndcg=[0.02289, 0.02887, 0.03606, 0.04702], Train Rec Loss=[0.03144], Eval Rec Loss=[0.03153], c=[0.50000], F=[0.83858, 0.88190, 0.91468, 0.94548], F_fuse=[0.01438, 0.01103, 0.00854, 0.00576]
[ INFO : 2026-07-28 16:13:58,725 ] - Epoch 237: train==[133.73318 = 0.48214 + 1.07930 + 21.81992 + 0.02037 + 0.00000 + 0.00072 + 1225.89705]
[ INFO : 2026-07-28 16:14:07,986 ] - Test_@[5, 10, 20, 50]: Recall=[0.03403, 0.05432, 0.08114, 0.13703],  precision=[0.00717, 0.00571, 0.00429, 0.00292], hit=[0.03579, 0.05672, 0.08506, 0.14358], ndcg=[0.02275, 0.02932, 0.03611, 0.04733], Train Rec Loss=[0.03145], Eval Rec Loss=[0.03150], c=[0.50000], F=[0.83645, 0.88124, 0.91437, 0.94592], F_fuse=[0.01422, 0.01134, 0.00853, 0.00581]
[ INFO : 2026-07-28 16:16:36,707 ] - Epoch 238: train==[133.66368 = 0.48116 + 1.07928 + 21.75127 + 0.02050 + 0.00000 + 0.00073 + 1225.89705]
[ INFO : 2026-07-28 16:16:45,890 ] - Test_@[5, 10, 20, 50]: Recall=[0.03358, 0.05342, 0.08172, 0.13575],  precision=[0.00709, 0.00560, 0.00432, 0.00289], hit=[0.03533, 0.05585, 0.08568, 0.14225], ndcg=[0.02262, 0.02903, 0.03620, 0.04705], Train Rec Loss=[0.03147], Eval Rec Loss=[0.03151], c=[0.50000], F=[0.83719, 0.88042, 0.91379, 0.94579], F_fuse=[0.01405, 0.01113, 0.00860, 0.00576]
[ INFO : 2026-07-28 16:19:15,020 ] - Epoch 239: train==[133.60872 = 0.48162 + 1.07926 + 21.69588 + 0.02050 + 0.00000 + 0.00072 + 1225.89705]
[ INFO : 2026-07-28 16:19:24,143 ] - Test_@[5, 10, 20, 50]: Recall=[0.03388, 0.05337, 0.07946, 0.13473],  precision=[0.00716, 0.00562, 0.00421, 0.00287], hit=[0.03564, 0.05585, 0.08341, 0.14127], ndcg=[0.02275, 0.02907, 0.03572, 0.04681], Train Rec Loss=[0.03147], Eval Rec Loss=[0.03150], c=[0.50000], F=[0.83791, 0.88010, 0.91452, 0.94588], F_fuse=[0.01420, 0.01116, 0.00838, 0.00572]
[ INFO : 2026-07-28 16:21:53,291 ] - Epoch 240: train==[133.71629 = 0.47986 + 1.07923 + 21.80522 + 0.02051 + 0.00000 + 0.00072 + 1225.89705]
[ INFO : 2026-07-28 16:22:02,580 ] - Test_@[5, 10, 20, 50]: Recall=[0.03412, 0.05310, 0.08024, 0.13536],  precision=[0.00719, 0.00558, 0.00425, 0.00288], hit=[0.03584, 0.05544, 0.08413, 0.14184], ndcg=[0.02264, 0.02879, 0.03571, 0.04674], Train Rec Loss=[0.03148], Eval Rec Loss=[0.03155], c=[0.50000], F=[0.83739, 0.88077, 0.91416, 0.94560], F_fuse=[0.01426, 0.01110, 0.00845, 0.00574]
[ INFO : 2026-07-28 16:24:31,585 ] - Epoch 241: train==[133.59156 = 0.47975 + 1.07920 + 21.68056 + 0.02060 + 0.00000 + 0.00071 + 1225.89705]
[ INFO : 2026-07-28 16:24:40,906 ] - Test_@[5, 10, 20, 50]: Recall=[0.03475, 0.05308, 0.08090, 0.13623],  precision=[0.00731, 0.00557, 0.00428, 0.00290], hit=[0.03646, 0.05549, 0.08491, 0.14292], ndcg=[0.02318, 0.02911, 0.03619, 0.04724], Train Rec Loss=[0.03149], Eval Rec Loss=[0.03154], c=[0.50000], F=[0.83524, 0.87972, 0.91415, 0.94591], F_fuse=[0.01450, 0.01108, 0.00853, 0.00578]
[ INFO : 2026-07-28 16:27:10,182 ] - Epoch 242: train==[133.66766 = 0.51136 + 1.07917 + 21.72507 + 0.02060 + 0.00000 + 0.00072 + 1225.89705]
[ INFO : 2026-07-28 16:27:19,421 ] - Test_@[5, 10, 20, 50]: Recall=[0.03356, 0.05252, 0.07938, 0.13394],  precision=[0.00708, 0.00551, 0.00419, 0.00285], hit=[0.03528, 0.05487, 0.08311, 0.14029], ndcg=[0.02247, 0.02860, 0.03544, 0.04640], Train Rec Loss=[0.03148], Eval Rec Loss=[0.03156], c=[0.50000], F=[0.83759, 0.88041, 0.91409, 0.94560], F_fuse=[0.01403, 0.01096, 0.00834, 0.00568]
[ INFO : 2026-07-28 16:29:48,651 ] - Epoch 243: train==[133.73705 = 0.47327 + 1.07916 + 21.83252 + 0.02063 + 0.00000 + 0.00073 + 1225.89705]
[ INFO : 2026-07-28 16:29:57,795 ] - Test_@[5, 10, 20, 50]: Recall=[0.03449, 0.05249, 0.08116, 0.13380],  precision=[0.00727, 0.00552, 0.00430, 0.00285], hit=[0.03631, 0.05498, 0.08511, 0.14024], ndcg=[0.02302, 0.02884, 0.03614, 0.04664], Train Rec Loss=[0.03149], Eval Rec Loss=[0.03157], c=[0.50000], F=[0.83565, 0.87991, 0.91401, 0.94544], F_fuse=[0.01442, 0.01098, 0.00855, 0.00567]
[ INFO : 2026-07-28 16:32:27,133 ] - Epoch 244: train==[133.67988 = 0.47333 + 1.07911 + 21.77533 + 0.02063 + 0.00000 + 0.00073 + 1225.89705]
[ INFO : 2026-07-28 16:32:36,373 ] - Test_@[5, 10, 20, 50]: Recall=[0.03393, 0.05284, 0.08017, 0.13344],  precision=[0.00714, 0.00555, 0.00424, 0.00284], hit=[0.03554, 0.05523, 0.08393, 0.13983], ndcg=[0.02269, 0.02881, 0.03576, 0.04642], Train Rec Loss=[0.03150], Eval Rec Loss=[0.03155], c=[0.50000], F=[0.83660, 0.87967, 0.91387, 0.94570], F_fuse=[0.01416, 0.01103, 0.00844, 0.00566]
[ INFO : 2026-07-28 16:35:05,345 ] - Epoch 245: train==[133.62043 = 0.47258 + 1.07908 + 21.71659 + 0.02073 + 0.00000 + 0.00072 + 1225.89705]
[ INFO : 2026-07-28 16:35:14,627 ] - Test_@[5, 10, 20, 50]: Recall=[0.03370, 0.05287, 0.08080, 0.13557],  precision=[0.00711, 0.00555, 0.00427, 0.00289], hit=[0.03543, 0.05528, 0.08470, 0.14220], ndcg=[0.02281, 0.02904, 0.03614, 0.04709], Train Rec Loss=[0.03151], Eval Rec Loss=[0.03157], c=[0.50000], F=[0.83781, 0.88107, 0.91446, 0.94561], F_fuse=[0.01409, 0.01104, 0.00851, 0.00576]
[ INFO : 2026-07-28 16:37:44,035 ] - Epoch 246: train==[133.69947 = 0.47227 + 1.07906 + 21.79603 + 0.02061 + 0.00000 + 0.00077 + 1225.89705]
[ INFO : 2026-07-28 16:37:53,298 ] - Test_@[5, 10, 20, 50]: Recall=[0.03421, 0.05326, 0.08173, 0.13540],  precision=[0.00720, 0.00561, 0.00431, 0.00288], hit=[0.03590, 0.05575, 0.08552, 0.14199], ndcg=[0.02296, 0.02912, 0.03632, 0.04708], Train Rec Loss=[0.03150], Eval Rec Loss=[0.03156], c=[0.50000], F=[0.83789, 0.88099, 0.91395, 0.94547], F_fuse=[0.01428, 0.01114, 0.00858, 0.00575]
[ INFO : 2026-07-28 16:40:22,261 ] - Epoch 247: train==[133.63476 = 0.47398 + 1.07902 + 21.72947 + 0.02083 + 0.00000 + 0.00072 + 1225.89705]
[ INFO : 2026-07-28 16:40:31,503 ] - Test_@[5, 10, 20, 50]: Recall=[0.03395, 0.05272, 0.08036, 0.13582],  precision=[0.00717, 0.00554, 0.00425, 0.00289], hit=[0.03569, 0.05508, 0.08413, 0.14225], ndcg=[0.02279, 0.02889, 0.03592, 0.04704], Train Rec Loss=[0.03150], Eval Rec Loss=[0.03156], c=[0.50000], F=[0.83739, 0.88117, 0.91418, 0.94539], F_fuse=[0.01422, 0.01101, 0.00846, 0.00576]
[ INFO : 2026-07-28 16:43:00,508 ] - Epoch 248: train==[133.47382 = 0.47074 + 1.07899 + 21.57176 + 0.02086 + 0.00000 + 0.00073 + 1225.89705]
[ INFO : 2026-07-28 16:43:09,854 ] - Test_@[5, 10, 20, 50]: Recall=[0.03415, 0.05197, 0.08066, 0.13629],  precision=[0.00718, 0.00545, 0.00427, 0.00290], hit=[0.03584, 0.05415, 0.08439, 0.14286], ndcg=[0.02265, 0.02843, 0.03573, 0.04687], Train Rec Loss=[0.03151], Eval Rec Loss=[0.03158], c=[0.50000], F=[0.83640, 0.88122, 0.91421, 0.94555], F_fuse=[0.01424, 0.01083, 0.00849, 0.00578]
[ INFO : 2026-07-28 16:45:39,035 ] - Epoch 249: train==[133.70451 = 0.46957 + 1.07897 + 21.80368 + 0.02083 + 0.00000 + 0.00073 + 1225.89705]
[ INFO : 2026-07-28 16:45:48,243 ] - Test_@[5, 10, 20, 50]: Recall=[0.03366, 0.05251, 0.08027, 0.13517],  precision=[0.00709, 0.00551, 0.00424, 0.00288], hit=[0.03533, 0.05477, 0.08398, 0.14178], ndcg=[0.02253, 0.02865, 0.03572, 0.04673], Train Rec Loss=[0.03154], Eval Rec Loss=[0.03159], c=[0.50000], F=[0.83584, 0.88005, 0.91441, 0.94572], F_fuse=[0.01405, 0.01096, 0.00844, 0.00574]
[ INFO : 2026-07-28 16:48:17,255 ] - Epoch 250: train==[133.68233 = 0.47642 + 1.07893 + 21.77455 + 0.02097 + 0.00000 + 0.00073 + 1225.89705]
[ INFO : 2026-07-28 16:48:26,529 ] - Test_@[5, 10, 20, 50]: Recall=[0.03412, 0.05255, 0.07984, 0.13580],  precision=[0.00719, 0.00551, 0.00423, 0.00289], hit=[0.03590, 0.05482, 0.08372, 0.14230], ndcg=[0.02288, 0.02882, 0.03581, 0.04700], Train Rec Loss=[0.03154], Eval Rec Loss=[0.03161], c=[0.50000], F=[0.83766, 0.87994, 0.91354, 0.94531], F_fuse=[0.01426, 0.01095, 0.00842, 0.00576]
[ INFO : 2026-07-28 16:50:56,168 ] - Epoch 251: train==[133.53053 = 0.46636 + 1.07890 + 21.63283 + 0.02097 + 0.00000 + 0.00073 + 1225.89705]
[ INFO : 2026-07-28 16:51:05,698 ] - Test_@[5, 10, 20, 50]: Recall=[0.03374, 0.05186, 0.07875, 0.13330],  precision=[0.00715, 0.00545, 0.00417, 0.00284], hit=[0.03559, 0.05420, 0.08264, 0.13978], ndcg=[0.02254, 0.02843, 0.03528, 0.04621], Train Rec Loss=[0.03152], Eval Rec Loss=[0.03158], c=[0.50000], F=[0.83691, 0.87981, 0.91392, 0.94569], F_fuse=[0.01418, 0.01084, 0.00830, 0.00566]
[ INFO : 2026-07-28 16:53:34,472 ] - Epoch 252: train==[133.53648 = 0.46366 + 1.07884 + 21.64152 + 0.02099 + 0.00000 + 0.00074 + 1225.89705]
[ INFO : 2026-07-28 16:53:43,695 ] - Test_@[5, 10, 20, 50]: Recall=[0.03352, 0.05198, 0.07847, 0.13254],  precision=[0.00708, 0.00547, 0.00416, 0.00282], hit=[0.03523, 0.05436, 0.08239, 0.13890], ndcg=[0.02245, 0.02845, 0.03520, 0.04602], Train Rec Loss=[0.03154], Eval Rec Loss=[0.03161], c=[0.50000], F=[0.83878, 0.88088, 0.91464, 0.94523], F_fuse=[0.01403, 0.01087, 0.00827, 0.00562]
[ INFO : 2026-07-28 16:56:12,507 ] - Epoch 253: train==[133.52501 = 0.46816 + 1.07881 + 21.62555 + 0.02102 + 0.00000 + 0.00073 + 1225.89705]
[ INFO : 2026-07-28 16:56:21,621 ] - Test_@[5, 10, 20, 50]: Recall=[0.03346, 0.05143, 0.07993, 0.13440],  precision=[0.00707, 0.00541, 0.00421, 0.00286], hit=[0.03523, 0.05379, 0.08362, 0.14086], ndcg=[0.02256, 0.02839, 0.03565, 0.04656], Train Rec Loss=[0.03154], Eval Rec Loss=[0.03162], c=[0.50000], F=[0.83772, 0.88073, 0.91393, 0.94474], F_fuse=[0.01401, 0.01075, 0.00839, 0.00570]
[ INFO : 2026-07-28 16:58:50,590 ] - Epoch 254: train==[133.55092 = 0.46539 + 1.07877 + 21.65413 + 0.02116 + 0.00000 + 0.00073 + 1225.89705]
[ INFO : 2026-07-28 16:58:59,766 ] - Test_@[5, 10, 20, 50]: Recall=[0.03421, 0.05169, 0.07950, 0.13270],  precision=[0.00721, 0.00543, 0.00420, 0.00282], hit=[0.03590, 0.05400, 0.08321, 0.13901], ndcg=[0.02299, 0.02865, 0.03571, 0.04635], Train Rec Loss=[0.03156], Eval Rec Loss=[0.03162], c=[0.50000], F=[0.83572, 0.88008, 0.91443, 0.94552], F_fuse=[0.01430, 0.01078, 0.00836, 0.00563]
[ INFO : 2026-07-28 17:01:29,234 ] - Epoch 255: train==[133.56215 = 0.46158 + 1.07873 + 21.66924 + 0.02112 + 0.00000 + 0.00073 + 1225.89705]
[ INFO : 2026-07-28 17:01:38,520 ] - Test_@[5, 10, 20, 50]: Recall=[0.03402, 0.05224, 0.07899, 0.13341],  precision=[0.00718, 0.00548, 0.00417, 0.00284], hit=[0.03579, 0.05451, 0.08275, 0.13983], ndcg=[0.02290, 0.02881, 0.03565, 0.04656], Train Rec Loss=[0.03158], Eval Rec Loss=[0.03162], c=[0.50000], F=[0.83626, 0.88043, 0.91427, 0.94530], F_fuse=[0.01424, 0.01090, 0.00831, 0.00565]
[ INFO : 2026-07-28 17:04:07,334 ] - Epoch 256: train==[133.62129 = 0.46617 + 1.07868 + 21.72385 + 0.02112 + 0.00000 + 0.00073 + 1225.89705]
[ INFO : 2026-07-28 17:04:16,692 ] - Test_@[5, 10, 20, 50]: Recall=[0.03335, 0.05150, 0.07825, 0.13218],  precision=[0.00702, 0.00539, 0.00413, 0.00281], hit=[0.03497, 0.05359, 0.08187, 0.13839], ndcg=[0.02230, 0.02819, 0.03502, 0.04583], Train Rec Loss=[0.03157], Eval Rec Loss=[0.03166], c=[0.50000], F=[0.83341, 0.87804, 0.91314, 0.94468], F_fuse=[0.01393, 0.01072, 0.00822, 0.00560]
[ INFO : 2026-07-28 17:06:46,453 ] - Epoch 257: train==[133.56699 = 0.46023 + 1.07865 + 21.67548 + 0.02113 + 0.00000 + 0.00075 + 1225.89705]
[ INFO : 2026-07-28 17:06:55,662 ] - Test_@[5, 10, 20, 50]: Recall=[0.03335, 0.05222, 0.08016, 0.13475],  precision=[0.00701, 0.00548, 0.00424, 0.00286], hit=[0.03492, 0.05446, 0.08403, 0.14117], ndcg=[0.02238, 0.02852, 0.03564, 0.04657], Train Rec Loss=[0.03159], Eval Rec Loss=[0.03162], c=[0.50000], F=[0.83907, 0.88257, 0.91502, 0.94566], F_fuse=[0.01391, 0.01090, 0.00844, 0.00571]
[ INFO : 2026-07-28 17:09:24,485 ] - Epoch 258: train==[133.62226 = 0.46354 + 1.07859 + 21.72746 + 0.02120 + 0.00000 + 0.00073 + 1225.89705]
[ INFO : 2026-07-28 17:09:33,613 ] - Test_@[5, 10, 20, 50]: Recall=[0.03386, 0.05166, 0.07761, 0.13135],  precision=[0.00715, 0.00544, 0.00410, 0.00279], hit=[0.03559, 0.05405, 0.08131, 0.13762], ndcg=[0.02275, 0.02852, 0.03514, 0.04591], Train Rec Loss=[0.03159], Eval Rec Loss=[0.03163], c=[0.50000], F=[0.83622, 0.87958, 0.91381, 0.94517], F_fuse=[0.01418, 0.01080, 0.00817, 0.00557]
[ INFO : 2026-07-28 17:12:02,614 ] - Epoch 259: train==[133.53756 = 0.46028 + 1.07855 + 21.64591 + 0.02137 + 0.00000 + 0.00071 + 1225.89705]
[ INFO : 2026-07-28 17:12:11,922 ] - Test_@[5, 10, 20, 50]: Recall=[0.03314, 0.05181, 0.07890, 0.13291],  precision=[0.00696, 0.00544, 0.00416, 0.00283], hit=[0.03471, 0.05400, 0.08249, 0.13901], ndcg=[0.02238, 0.02844, 0.03534, 0.04617], Train Rec Loss=[0.03158], Eval Rec Loss=[0.03164], c=[0.50000], F=[0.83286, 0.87823, 0.91305, 0.94541], F_fuse=[0.01381, 0.01080, 0.00828, 0.00563]
[ INFO : 2026-07-28 17:14:40,913 ] - Epoch 260: train==[133.55113 = 0.45939 + 1.07850 + 21.66039 + 0.02137 + 0.00000 + 0.00073 + 1225.89705]
[ INFO : 2026-07-28 17:14:50,062 ] - Test_@[5, 10, 20, 50]: Recall=[0.03274, 0.05239, 0.07877, 0.13330],  precision=[0.00691, 0.00550, 0.00417, 0.00284], hit=[0.03440, 0.05467, 0.08259, 0.13978], ndcg=[0.02227, 0.02865, 0.03539, 0.04631], Train Rec Loss=[0.03162], Eval Rec Loss=[0.03169], c=[0.50000], F=[0.83668, 0.88044, 0.91386, 0.94567], F_fuse=[0.01371, 0.01093, 0.00830, 0.00566]
[ INFO : 2026-07-28 17:17:19,799 ] - Epoch 261: train==[133.54070 = 0.46073 + 1.07845 + 21.64867 + 0.02138 + 0.00000 + 0.00073 + 1225.89705]
[ INFO : 2026-07-28 17:17:29,168 ] - Test_@[5, 10, 20, 50]: Recall=[0.03401, 0.05206, 0.07768, 0.12960],  precision=[0.00717, 0.00548, 0.00410, 0.00275], hit=[0.03569, 0.05446, 0.08136, 0.13582], ndcg=[0.02279, 0.02865, 0.03516, 0.04557], Train Rec Loss=[0.03160], Eval Rec Loss=[0.03169], c=[0.50000], F=[0.83586, 0.88013, 0.91370, 0.94486], F_fuse=[0.01422, 0.01090, 0.00817, 0.00549]
[ INFO : 2026-07-28 17:19:57,990 ] - Epoch 262: train==[133.55804 = 0.45352 + 1.07841 + 21.67331 + 0.02134 + 0.00000 + 0.00073 + 1225.89705]
[ INFO : 2026-07-28 17:20:07,184 ] - Test_@[5, 10, 20, 50]: Recall=[0.03378, 0.05225, 0.07713, 0.12979],  precision=[0.00712, 0.00549, 0.00408, 0.00276], hit=[0.03543, 0.05456, 0.08095, 0.13602], ndcg=[0.02277, 0.02875, 0.03508, 0.04563], Train Rec Loss=[0.03163], Eval Rec Loss=[0.03166], c=[0.50000], F=[0.83604, 0.87942, 0.91391, 0.94532], F_fuse=[0.01411, 0.01092, 0.00813, 0.00550]
[ INFO : 2026-07-28 17:22:36,145 ] - Epoch 263: train==[133.43311 = 0.45597 + 1.07834 + 21.54584 + 0.02149 + 0.00000 + 0.00073 + 1225.89705]
[ INFO : 2026-07-28 17:22:45,484 ] - Test_@[5, 10, 20, 50]: Recall=[0.03397, 0.05164, 0.07823, 0.13285],  precision=[0.00715, 0.00543, 0.00413, 0.00282], hit=[0.03559, 0.05405, 0.08192, 0.13911], ndcg=[0.02297, 0.02872, 0.03551, 0.04649], Train Rec Loss=[0.03163], Eval Rec Loss=[0.03169], c=[0.50000], F=[0.83618, 0.88008, 0.91404, 0.94567], F_fuse=[0.01418, 0.01078, 0.00823, 0.00563]
[ INFO : 2026-07-28 17:25:15,108 ] - Epoch 264: train==[133.43578 = 0.45815 + 1.07828 + 21.54642 + 0.02145 + 0.00000 + 0.00073 + 1225.89705]
[ INFO : 2026-07-28 17:25:24,274 ] - Test_@[5, 10, 20, 50]: Recall=[0.03390, 0.05122, 0.08005, 0.13445],  precision=[0.00711, 0.00537, 0.00422, 0.00286], hit=[0.03543, 0.05333, 0.08383, 0.14081], ndcg=[0.02252, 0.02818, 0.03551, 0.04637], Train Rec Loss=[0.03165], Eval Rec Loss=[0.03170], c=[0.50000], F=[0.83366, 0.87966, 0.91385, 0.94501], F_fuse=[0.01409, 0.01067, 0.00841, 0.00570]
[ INFO : 2026-07-28 17:27:53,283 ] - Epoch 265: train==[133.45037 = 0.45624 + 1.07823 + 21.56285 + 0.02155 + 0.00000 + 0.00076 + 1225.89705]
[ INFO : 2026-07-28 17:28:02,670 ] - Test_@[5, 10, 20, 50]: Recall=[0.03325, 0.05186, 0.07846, 0.13253],  precision=[0.00702, 0.00546, 0.00415, 0.00282], hit=[0.03497, 0.05436, 0.08228, 0.13890], ndcg=[0.02252, 0.02860, 0.03538, 0.04623], Train Rec Loss=[0.03165], Eval Rec Loss=[0.03171], c=[0.50000], F=[0.83838, 0.88087, 0.91455, 0.94568], F_fuse=[0.01393, 0.01086, 0.00827, 0.00563]
[ INFO : 2026-07-28 17:30:31,395 ] - Epoch 266: train==[133.51710 = 0.45278 + 1.07817 + 21.63309 + 0.02158 + 0.00000 + 0.00074 + 1225.89705]
[ INFO : 2026-07-28 17:30:40,550 ] - Test_@[5, 10, 20, 50]: Recall=[0.03390, 0.05241, 0.08046, 0.13449],  precision=[0.00713, 0.00551, 0.00426, 0.00286], hit=[0.03554, 0.05477, 0.08439, 0.14091], ndcg=[0.02282, 0.02882, 0.03594, 0.04676], Train Rec Loss=[0.03166], Eval Rec Loss=[0.03176], c=[0.50000], F=[0.83838, 0.88047, 0.91357, 0.94486], F_fuse=[0.01414, 0.01095, 0.00848, 0.00571]
[ INFO : 2026-07-28 17:33:09,990 ] - Epoch 267: train==[133.45798 = 0.45727 + 1.07811 + 21.56946 + 0.02167 + 0.00000 + 0.00073 + 1225.89705]
[ INFO : 2026-07-28 17:33:19,166 ] - Test_@[5, 10, 20, 50]: Recall=[0.03383, 0.05192, 0.07781, 0.13214],  precision=[0.00712, 0.00545, 0.00411, 0.00281], hit=[0.03548, 0.05420, 0.08136, 0.13839], ndcg=[0.02271, 0.02857, 0.03519, 0.04606], Train Rec Loss=[0.03167], Eval Rec Loss=[0.03172], c=[0.50000], F=[0.83561, 0.87987, 0.91362, 0.94527], F_fuse=[0.01411, 0.01083, 0.00818, 0.00560]
[ INFO : 2026-07-28 17:35:47,839 ] - Epoch 268: train==[133.47724 = 0.45258 + 1.07804 + 21.59347 + 0.02167 + 0.00000 + 0.00073 + 1225.89705]
[ INFO : 2026-07-28 17:35:56,968 ] - Test_@[5, 10, 20, 50]: Recall=[0.03316, 0.05178, 0.07821, 0.13312],  precision=[0.00698, 0.00544, 0.00415, 0.00283], hit=[0.03482, 0.05405, 0.08218, 0.13947], ndcg=[0.02240, 0.02852, 0.03527, 0.04625], Train Rec Loss=[0.03168], Eval Rec Loss=[0.03174], c=[0.50000], F=[0.83676, 0.88048, 0.91454, 0.94535], F_fuse=[0.01385, 0.01082, 0.00826, 0.00565]
[ INFO : 2026-07-28 17:38:26,481 ] - Epoch 269: train==[133.48089 = 0.45028 + 1.07798 + 21.59949 + 0.02165 + 0.00000 + 0.00075 + 1225.89705]
[ INFO : 2026-07-28 17:38:35,812 ] - Test_@[5, 10, 20, 50]: Recall=[0.03395, 0.05240, 0.07921, 0.13430],  precision=[0.00715, 0.00549, 0.00418, 0.00285], hit=[0.03559, 0.05462, 0.08290, 0.14055], ndcg=[0.02275, 0.02875, 0.03560, 0.04660], Train Rec Loss=[0.03168], Eval Rec Loss=[0.03176], c=[0.50000], F=[0.83709, 0.88069, 0.91371, 0.94524], F_fuse=[0.01418, 0.01092, 0.00833, 0.00568]
[ INFO : 2026-07-28 17:41:05,074 ] - Epoch 270: train==[133.54187 = 0.44922 + 1.07791 + 21.66145 + 0.02181 + 0.00000 + 0.00074 + 1225.89705]
[ INFO : 2026-07-28 17:41:14,325 ] - Test_@[5, 10, 20, 50]: Recall=[0.03429, 0.05186, 0.07801, 0.13311],  precision=[0.00721, 0.00544, 0.00412, 0.00283], hit=[0.03600, 0.05410, 0.08156, 0.13937], ndcg=[0.02274, 0.02847, 0.03514, 0.04616], Train Rec Loss=[0.03172], Eval Rec Loss=[0.03176], c=[0.50000], F=[0.83372, 0.87941, 0.91347, 0.94573], F_fuse=[0.01430, 0.01082, 0.00820, 0.00564]
[ INFO : 2026-07-28 17:43:43,594 ] - Epoch 271: train==[133.52525 = 0.45180 + 1.07783 + 21.64241 + 0.02175 + 0.00000 + 0.00073 + 1225.89705]
[ INFO : 2026-07-28 17:43:52,856 ] - Test_@[5, 10, 20, 50]: Recall=[0.03344, 0.05213, 0.07945, 0.13557],  precision=[0.00705, 0.00548, 0.00420, 0.00289], hit=[0.03512, 0.05441, 0.08316, 0.14204], ndcg=[0.02234, 0.02842, 0.03535, 0.04661], Train Rec Loss=[0.03173], Eval Rec Loss=[0.03181], c=[0.50000], F=[0.83592, 0.88100, 0.91430, 0.94589], F_fuse=[0.01397, 0.01089, 0.00836, 0.00576]
[ INFO : 2026-07-28 17:46:22,134 ] - Epoch 272: train==[133.49281 = 0.44772 + 1.07777 + 21.61401 + 0.02184 + 0.00000 + 0.00073 + 1225.89705]
[ INFO : 2026-07-28 17:46:31,413 ] - Test_@[5, 10, 20, 50]: Recall=[0.03372, 0.05155, 0.07793, 0.13291],  precision=[0.00711, 0.00541, 0.00412, 0.00282], hit=[0.03538, 0.05384, 0.08161, 0.13921], ndcg=[0.02258, 0.02835, 0.03510, 0.04609], Train Rec Loss=[0.03175], Eval Rec Loss=[0.03180], c=[0.50000], F=[0.83609, 0.88024, 0.91392, 0.94539], F_fuse=[0.01409, 0.01075, 0.00820, 0.00563]
[ INFO : 2026-07-28 17:49:00,405 ] - Epoch 273: train==[133.27718 = 0.44732 + 1.07770 + 21.39881 + 0.02187 + 0.00000 + 0.00074 + 1225.89705]
[ INFO : 2026-07-28 17:49:09,609 ] - Test_@[5, 10, 20, 50]: Recall=[0.03408, 0.05263, 0.07927, 0.13529],  precision=[0.00717, 0.00552, 0.00419, 0.00288], hit=[0.03569, 0.05487, 0.08311, 0.14168], ndcg=[0.02267, 0.02870, 0.03547, 0.04668], Train Rec Loss=[0.03178], Eval Rec Loss=[0.03182], c=[0.50000], F=[0.83541, 0.88003, 0.91400, 0.94574], F_fuse=[0.01422, 0.01097, 0.00835, 0.00574]
[ INFO : 2026-07-28 17:51:38,555 ] - Epoch 274: train==[133.45572 = 0.44738 + 1.07762 + 21.57735 + 0.02190 + 0.00000 + 0.00073 + 1225.89705]
[ INFO : 2026-07-28 17:51:47,893 ] - Test_@[5, 10, 20, 50]: Recall=[0.03340, 0.05239, 0.07854, 0.13339],  precision=[0.00704, 0.00550, 0.00415, 0.00284], hit=[0.03512, 0.05462, 0.08213, 0.13983], ndcg=[0.02235, 0.02849, 0.03512, 0.04613], Train Rec Loss=[0.03176], Eval Rec Loss=[0.03183], c=[0.50000], F=[0.83593, 0.87998, 0.91398, 0.94573], F_fuse=[0.01395, 0.01093, 0.00825, 0.00566]
[ INFO : 2026-07-28 17:54:16,982 ] - Epoch 275: train==[133.47736 = 0.44623 + 1.07754 + 21.60024 + 0.02187 + 0.00000 + 0.00074 + 1225.89705]
[ INFO : 2026-07-28 17:54:26,176 ] - Test_@[5, 10, 20, 50]: Recall=[0.03388, 0.05162, 0.07952, 0.13320],  precision=[0.00714, 0.00542, 0.00421, 0.00284], hit=[0.03554, 0.05390, 0.08331, 0.13973], ndcg=[0.02284, 0.02861, 0.03572, 0.04647], Train Rec Loss=[0.03179], Eval Rec Loss=[0.03183], c=[0.50000], F=[0.83407, 0.87995, 0.91398, 0.94561], F_fuse=[0.01416, 0.01076, 0.00838, 0.00566]
[ INFO : 2026-07-28 17:56:55,958 ] - Epoch 276: train==[133.42977 = 0.44560 + 1.07746 + 21.55332 + 0.02193 + 0.00000 + 0.00074 + 1225.89705]
[ INFO : 2026-07-28 17:57:05,234 ] - Test_@[5, 10, 20, 50]: Recall=[0.03389, 0.05169, 0.07771, 0.13139],  precision=[0.00712, 0.00541, 0.00411, 0.00280], hit=[0.03543, 0.05384, 0.08125, 0.13777], ndcg=[0.02283, 0.02864, 0.03527, 0.04607], Train Rec Loss=[0.03176], Eval Rec Loss=[0.03185], c=[0.50000], F=[0.83611, 0.88070, 0.91367, 0.94530], F_fuse=[0.01411, 0.01075, 0.00818, 0.00558]
[ INFO : 2026-07-28 17:59:34,507 ] - Epoch 277: train==[133.45606 = 0.44263 + 1.07736 + 21.58263 + 0.02197 + 0.00000 + 0.00073 + 1225.89705]
[ INFO : 2026-07-28 17:59:43,788 ] - Test_@[5, 10, 20, 50]: Recall=[0.03303, 0.05140, 0.07896, 0.13210],  precision=[0.00696, 0.00540, 0.00417, 0.00281], hit=[0.03471, 0.05374, 0.08264, 0.13854], ndcg=[0.02234, 0.02828, 0.03528, 0.04594], Train Rec Loss=[0.03182], Eval Rec Loss=[0.03192], c=[0.50000], F=[0.83880, 0.88114, 0.91379, 0.94507], F_fuse=[0.01381, 0.01073, 0.00829, 0.00561]
[ INFO : 2026-07-28 18:02:13,187 ] - Epoch 278: train==[133.44085 = 0.44620 + 1.07728 + 21.56385 + 0.02203 + 0.00000 + 0.00074 + 1225.89705]
[ INFO : 2026-07-28 18:02:22,318 ] - Test_@[5, 10, 20, 50]: Recall=[0.03317, 0.05197, 0.07916, 0.13430],  precision=[0.00697, 0.00545, 0.00418, 0.00286], hit=[0.03482, 0.05420, 0.08275, 0.14070], ndcg=[0.02236, 0.02848, 0.03537, 0.04640], Train Rec Loss=[0.03183], Eval Rec Loss=[0.03189], c=[0.50000], F=[0.83694, 0.88111, 0.91386, 0.94514], F_fuse=[0.01383, 0.01084, 0.00831, 0.00570]
[ INFO : 2026-07-28 18:04:51,238 ] - Epoch 279: train==[133.44068 = 0.44458 + 1.07719 + 21.56542 + 0.02202 + 0.00000 + 0.00074 + 1225.89705]
[ INFO : 2026-07-28 18:05:00,476 ] - Test_@[5, 10, 20, 50]: Recall=[0.03347, 0.05203, 0.07825, 0.13237],  precision=[0.00706, 0.00546, 0.00413, 0.00282], hit=[0.03523, 0.05426, 0.08172, 0.13875], ndcg=[0.02240, 0.02843, 0.03509, 0.04597], Train Rec Loss=[0.03187], Eval Rec Loss=[0.03191], c=[0.50000], F=[0.83539, 0.88026, 0.91386, 0.94535], F_fuse=[0.01399, 0.01085, 0.00822, 0.00562]
[ INFO : 2026-07-28 18:07:29,729 ] - Epoch 280: train==[133.48242 = 0.44021 + 1.07710 + 21.61147 + 0.02216 + 0.00000 + 0.00075 + 1225.89705]
[ INFO : 2026-07-28 18:07:38,841 ] - Test_@[5, 10, 20, 50]: Recall=[0.03387, 0.05209, 0.07864, 0.13271],  precision=[0.00714, 0.00547, 0.00416, 0.00283], hit=[0.03559, 0.05441, 0.08228, 0.13901], ndcg=[0.02262, 0.02854, 0.03528, 0.04611], Train Rec Loss=[0.03189], Eval Rec Loss=[0.03195], c=[0.50000], F=[0.83721, 0.88160, 0.91431, 0.94562], F_fuse=[0.01416, 0.01088, 0.00827, 0.00563]
[ INFO : 2026-07-28 18:10:08,243 ] - Epoch 281: train==[133.38762 = 0.44081 + 1.07701 + 21.51615 + 0.02216 + 0.00000 + 0.00075 + 1225.89705]
[ INFO : 2026-07-28 18:10:17,498 ] - Test_@[5, 10, 20, 50]: Recall=[0.03365, 0.05218, 0.07843, 0.13376],  precision=[0.00710, 0.00548, 0.00415, 0.00285], hit=[0.03538, 0.05446, 0.08203, 0.14014], ndcg=[0.02259, 0.02861, 0.03532, 0.04642], Train Rec Loss=[0.03192], Eval Rec Loss=[0.03196], c=[0.50000], F=[0.83502, 0.87965, 0.91338, 0.94518], F_fuse=[0.01407, 0.01089, 0.00826, 0.00567]
[ INFO : 2026-07-28 18:12:46,477 ] - Epoch 282: train==[133.37146 = 0.44094 + 1.07692 + 21.49989 + 0.02223 + 0.00000 + 0.00075 + 1225.89705]
[ INFO : 2026-07-28 18:12:55,616 ] - Test_@[5, 10, 20, 50]: Recall=[0.03397, 0.05073, 0.07849, 0.13067],  precision=[0.00712, 0.00531, 0.00415, 0.00278], hit=[0.03554, 0.05282, 0.08213, 0.13685], ndcg=[0.02251, 0.02797, 0.03504, 0.04548], Train Rec Loss=[0.03190], Eval Rec Loss=[0.03195], c=[0.50000], F=[0.83604, 0.87996, 0.91373, 0.94485], F_fuse=[0.01411, 0.01056, 0.00826, 0.00554]
[ INFO : 2026-07-28 18:15:24,998 ] - Epoch 283: train==[133.35345 = 0.43916 + 1.07681 + 21.48374 + 0.02228 + 0.00000 + 0.00071 + 1225.89705]
[ INFO : 2026-07-28 18:15:34,210 ] - Test_@[5, 10, 20, 50]: Recall=[0.03431, 0.05166, 0.07810, 0.13383],  precision=[0.00721, 0.00544, 0.00412, 0.00284], hit=[0.03595, 0.05405, 0.08172, 0.14019], ndcg=[0.02276, 0.02842, 0.03517, 0.04635], Train Rec Loss=[0.03193], Eval Rec Loss=[0.03200], c=[0.50000], F=[0.83552, 0.88041, 0.91386, 0.94548], F_fuse=[0.01430, 0.01080, 0.00820, 0.00567]
[ INFO : 2026-07-28 18:18:03,119 ] - Epoch 284: train==[133.42895 = 0.43973 + 1.07670 + 21.55881 + 0.02224 + 0.00000 + 0.00074 + 1225.89705]
[ INFO : 2026-07-28 18:18:12,221 ] - Test_@[5, 10, 20, 50]: Recall=[0.03398, 0.05180, 0.07893, 0.13335],  precision=[0.00716, 0.00544, 0.00417, 0.00283], hit=[0.03569, 0.05405, 0.08259, 0.13962], ndcg=[0.02250, 0.02828, 0.03514, 0.04602], Train Rec Loss=[0.03193], Eval Rec Loss=[0.03207], c=[0.50000], F=[0.83560, 0.88001, 0.91362, 0.94525], F_fuse=[0.01420, 0.01080, 0.00829, 0.00565]
[ INFO : 2026-07-28 18:20:42,226 ] - Epoch 285: train==[133.39042 = 0.43521 + 1.07660 + 21.52486 + 0.02225 + 0.00000 + 0.00075 + 1225.89705]
[ INFO : 2026-07-28 18:20:51,486 ] - Test_@[5, 10, 20, 50]: Recall=[0.03369, 0.05159, 0.07758, 0.13308],  precision=[0.00712, 0.00541, 0.00410, 0.00283], hit=[0.03543, 0.05379, 0.08141, 0.13957], ndcg=[0.02251, 0.02833, 0.03496, 0.04607], Train Rec Loss=[0.03195], Eval Rec Loss=[0.03204], c=[0.50000], F=[0.83583, 0.88096, 0.91352, 0.94559], F_fuse=[0.01411, 0.01075, 0.00817, 0.00565]
[ INFO : 2026-07-28 18:23:20,654 ] - Epoch 286: train==[133.39817 = 0.43764 + 1.07649 + 21.53027 + 0.02229 + 0.00000 + 0.00076 + 1225.89705]
[ INFO : 2026-07-28 18:23:29,938 ] - Test_@[5, 10, 20, 50]: Recall=[0.03358, 0.05130, 0.07814, 0.13208],  precision=[0.00708, 0.00538, 0.00413, 0.00280], hit=[0.03533, 0.05359, 0.08177, 0.13829], ndcg=[0.02229, 0.02802, 0.03488, 0.04567], Train Rec Loss=[0.03202], Eval Rec Loss=[0.03203], c=[0.50000], F=[0.83506, 0.87888, 0.91355, 0.94469], F_fuse=[0.01403, 0.01070, 0.00822, 0.00559]
[ INFO : 2026-07-28 18:25:59,353 ] - Epoch 287: train==[133.44953 = 0.43553 + 1.07637 + 21.58371 + 0.02244 + 0.00000 + 0.00074 + 1225.89705]
[ INFO : 2026-07-28 18:26:08,552 ] - Test_@[5, 10, 20, 50]: Recall=[0.03356, 0.05102, 0.07810, 0.13178],  precision=[0.00708, 0.00536, 0.00413, 0.00281], hit=[0.03528, 0.05338, 0.08187, 0.13824], ndcg=[0.02227, 0.02798, 0.03490, 0.04563], Train Rec Loss=[0.03201], Eval Rec Loss=[0.03211], c=[0.50000], F=[0.83689, 0.87961, 0.91381, 0.94559], F_fuse=[0.01403, 0.01066, 0.00823, 0.00560]
[ INFO : 2026-07-28 18:28:37,437 ] - Epoch 288: train==[133.45396 = 0.43591 + 1.07626 + 21.58790 + 0.02239 + 0.00000 + 0.00076 + 1225.89705]
[ INFO : 2026-07-28 18:28:46,651 ] - Test_@[5, 10, 20, 50]: Recall=[0.03364, 0.05085, 0.07821, 0.13101],  precision=[0.00707, 0.00535, 0.00413, 0.00279], hit=[0.03523, 0.05318, 0.08187, 0.13731], ndcg=[0.02238, 0.02799, 0.03497, 0.04552], Train Rec Loss=[0.03205], Eval Rec Loss=[0.03212], c=[0.50000], F=[0.83498, 0.87989, 0.91340, 0.94462], F_fuse=[0.01401, 0.01063, 0.00822, 0.00556]
[ INFO : 2026-07-28 18:31:16,245 ] - Epoch 289: train==[133.32610 = 0.43273 + 1.07615 + 21.46333 + 0.02244 + 0.00000 + 0.00073 + 1225.89705]
[ INFO : 2026-07-28 18:31:25,376 ] - Test_@[5, 10, 20, 50]: Recall=[0.03427, 0.05205, 0.07843, 0.13407],  precision=[0.00722, 0.00546, 0.00415, 0.00285], hit=[0.03600, 0.05436, 0.08213, 0.14065], ndcg=[0.02280, 0.02857, 0.03528, 0.04642], Train Rec Loss=[0.03208], Eval Rec Loss=[0.03209], c=[0.50000], F=[0.83627, 0.88122, 0.91356, 0.94527], F_fuse=[0.01432, 0.01086, 0.00826, 0.00569]
[ INFO : 2026-07-28 18:33:54,640 ] - Epoch 290: train==[133.30063 = 0.43652 + 1.07604 + 21.43403 + 0.02256 + 0.00000 + 0.00074 + 1225.89705]
[ INFO : 2026-07-28 18:34:03,879 ] - Test_@[5, 10, 20, 50]: Recall=[0.03359, 0.05047, 0.07704, 0.12909],  precision=[0.00708, 0.00530, 0.00407, 0.00275], hit=[0.03528, 0.05266, 0.08064, 0.13525], ndcg=[0.02252, 0.02800, 0.03480, 0.04525], Train Rec Loss=[0.03212], Eval Rec Loss=[0.03217], c=[0.50000], F=[0.83641, 0.88021, 0.91368, 0.94537], F_fuse=[0.01403, 0.01053, 0.00810, 0.00548]
[ INFO : 2026-07-28 18:36:33,262 ] - Epoch 291: train==[133.40769 = 0.43197 + 1.07590 + 21.54574 + 0.02260 + 0.00000 + 0.00073 + 1225.89705]
[ INFO : 2026-07-28 18:36:42,523 ] - Test_@[5, 10, 20, 50]: Recall=[0.03375, 0.05153, 0.07901, 0.13212],  precision=[0.00712, 0.00541, 0.00417, 0.00282], hit=[0.03543, 0.05379, 0.08259, 0.13854], ndcg=[0.02260, 0.02839, 0.03540, 0.04604], Train Rec Loss=[0.03215], Eval Rec Loss=[0.03220], c=[0.50000], F=[0.83699, 0.88075, 0.91439, 0.94536], F_fuse=[0.01411, 0.01075, 0.00830, 0.00561]
[ INFO : 2026-07-28 18:39:11,476 ] - Epoch 292: train==[133.41100 = 0.43274 + 1.07577 + 21.54838 + 0.02262 + 0.00000 + 0.00075 + 1225.89705]
[ INFO : 2026-07-28 18:39:20,580 ] - Test_@[5, 10, 20, 50]: Recall=[0.03384, 0.05133, 0.07733, 0.13081],  precision=[0.00714, 0.00540, 0.00409, 0.00279], hit=[0.03554, 0.05369, 0.08105, 0.13726], ndcg=[0.02256, 0.02824, 0.03490, 0.04561], Train Rec Loss=[0.03215], Eval Rec Loss=[0.03220], c=[0.50000], F=[0.83493, 0.88048, 0.91385, 0.94535], F_fuse=[0.01416, 0.01073, 0.00814, 0.00556]
[ INFO : 2026-07-28 18:41:49,937 ] - Epoch 293: train==[133.35447 = 0.43159 + 1.07566 + 21.49311 + 0.02263 + 0.00000 + 0.00073 + 1225.89705]
[ INFO : 2026-07-28 18:41:59,108 ] - Test_@[5, 10, 20, 50]: Recall=[0.03383, 0.05071, 0.07780, 0.13211],  precision=[0.00711, 0.00533, 0.00412, 0.00281], hit=[0.03543, 0.05302, 0.08151, 0.13839], ndcg=[0.02257, 0.02806, 0.03498, 0.04587], Train Rec Loss=[0.03218], Eval Rec Loss=[0.03225], c=[0.50000], F=[0.83545, 0.87978, 0.91417, 0.94517], F_fuse=[0.01409, 0.01060, 0.00820, 0.00561]
[ INFO : 2026-07-28 18:44:27,895 ] - Epoch 294: train==[133.44879 = 0.43163 + 1.07553 + 21.58745 + 0.02270 + 0.00000 + 0.00073 + 1225.89705]
[ INFO : 2026-07-28 18:44:37,173 ] - Test_@[5, 10, 20, 50]: Recall=[0.03392, 0.05200, 0.07865, 0.13294],  precision=[0.00716, 0.00546, 0.00415, 0.00283], hit=[0.03564, 0.05420, 0.08223, 0.13942], ndcg=[0.02276, 0.02867, 0.03547, 0.04635], Train Rec Loss=[0.03225], Eval Rec Loss=[0.03231], c=[0.50000], F=[0.83672, 0.88060, 0.91434, 0.94595], F_fuse=[0.01420, 0.01086, 0.00826, 0.00565]
[ INFO : 2026-07-28 18:47:06,174 ] - Epoch 295: train==[133.35334 = 0.42839 + 1.07539 + 21.49537 + 0.02271 + 0.00000 + 0.00075 + 1225.89705]
[ INFO : 2026-07-28 18:47:15,393 ] - Test_@[5, 10, 20, 50]: Recall=[0.03381, 0.05077, 0.07668, 0.12795],  precision=[0.00711, 0.00534, 0.00406, 0.00272], hit=[0.03538, 0.05312, 0.08038, 0.13417], ndcg=[0.02241, 0.02791, 0.03451, 0.04476], Train Rec Loss=[0.03224], Eval Rec Loss=[0.03228], c=[0.50000], F=[0.83514, 0.87869, 0.91333, 0.94487], F_fuse=[0.01409, 0.01061, 0.00807, 0.00543]
[ INFO : 2026-07-28 18:49:44,335 ] - Epoch 296: train==[133.43464 = 0.42950 + 1.07527 + 21.57571 + 0.02268 + 0.00000 + 0.00074 + 1225.89705]
[ INFO : 2026-07-28 18:49:53,663 ] - Test_@[5, 10, 20, 50]: Recall=[0.03428, 0.05166, 0.07797, 0.13162],  precision=[0.00722, 0.00543, 0.00412, 0.00280], hit=[0.03595, 0.05400, 0.08161, 0.13798], ndcg=[0.02280, 0.02844, 0.03513, 0.04589], Train Rec Loss=[0.03226], Eval Rec Loss=[0.03234], c=[0.50000], F=[0.83708, 0.88078, 0.91400, 0.94517], F_fuse=[0.01432, 0.01078, 0.00821, 0.00559]
[ INFO : 2026-07-28 18:52:22,818 ] - Epoch 297: train==[133.42470 = 0.42908 + 1.07513 + 21.56624 + 0.02276 + 0.00000 + 0.00075 + 1225.89705]
[ INFO : 2026-07-28 18:52:32,048 ] - Test_@[5, 10, 20, 50]: Recall=[0.03460, 0.05134, 0.07775, 0.13267],  precision=[0.00728, 0.00538, 0.00411, 0.00282], hit=[0.03631, 0.05354, 0.08141, 0.13901], ndcg=[0.02287, 0.02826, 0.03498, 0.04600], Train Rec Loss=[0.03230], Eval Rec Loss=[0.03229], c=[0.50000], F=[0.83529, 0.88043, 0.91387, 0.94533], F_fuse=[0.01444, 0.01070, 0.00819, 0.00563]
[ INFO : 2026-07-28 18:55:01,408 ] - Epoch 298: train==[133.36833 = 0.42508 + 1.07500 + 21.51396 + 0.02280 + 0.00000 + 0.00076 + 1225.89705]
[ INFO : 2026-07-28 18:55:10,643 ] - Test_@[5, 10, 20, 50]: Recall=[0.03366, 0.05072, 0.07744, 0.13105],  precision=[0.00709, 0.00533, 0.00409, 0.00279], hit=[0.03528, 0.05302, 0.08115, 0.13746], ndcg=[0.02246, 0.02801, 0.03484, 0.04558], Train Rec Loss=[0.03230], Eval Rec Loss=[0.03238], c=[0.50000], F=[0.83745, 0.88134, 0.91482, 0.94523], F_fuse=[0.01405, 0.01059, 0.00815, 0.00557]
[ INFO : 2026-07-28 18:57:40,798 ] - Epoch 299: train==[133.27756 = 0.42764 + 1.07485 + 21.42066 + 0.02294 + 0.00000 + 0.00073 + 1225.89705]
[ INFO : 2026-07-28 18:57:50,057 ] - Test_@[5, 10, 20, 50]: Recall=[0.03354, 0.05089, 0.07732, 0.13124],  precision=[0.00708, 0.00534, 0.00408, 0.00279], hit=[0.03528, 0.05312, 0.08095, 0.13762], ndcg=[0.02229, 0.02790, 0.03464, 0.04545], Train Rec Loss=[0.03235], Eval Rec Loss=[0.03242], c=[0.50000], F=[0.83550, 0.87956, 0.91371, 0.94504], F_fuse=[0.01403, 0.01062, 0.00813, 0.00557]
[ INFO : 2026-07-28 19:00:19,194 ] - Epoch 300: train==[133.39534 = 0.42445 + 1.07474 + 21.54175 + 0.02294 + 0.00000 + 0.00072 + 1225.89705]
[ INFO : 2026-07-28 19:00:28,401 ] - Test_@[5, 10, 20, 50]: Recall=[0.03410, 0.05079, 0.07737, 0.13117],  precision=[0.00717, 0.00534, 0.00409, 0.00279], hit=[0.03574, 0.05307, 0.08100, 0.13757], ndcg=[0.02274, 0.02815, 0.03492, 0.04572], Train Rec Loss=[0.03236], Eval Rec Loss=[0.03249], c=[0.50000], F=[0.83719, 0.88064, 0.91351, 0.94528], F_fuse=[0.01422, 0.01061, 0.00815, 0.00557]
n_users=19445, n_items=7050
n_interactions=139110
n_train=118551, n_test=20559, sparsity=0.00101
Finished Tue Jul 28 07:00:32 PM UTC 2026
