Job 73303 on gpu03; gamma_train=0.5; started Thu Jul  2 06:32:47 PM UTC 2026
Thu Jul  2 18:32:47 2026       
+-----------------------------------------------------------------------------------------+
| NVIDIA-SMI 580.82.07              Driver Version: 580.82.07      CUDA Version: 13.0     |
+-----------------------------------------+------------------------+----------------------+
| GPU  Name                 Persistence-M | Bus-Id          Disp.A | Volatile Uncorr. ECC |
| Fan  Temp   Perf          Pwr:Usage/Cap |           Memory-Usage | GPU-Util  Compute M. |
|                                         |                        |               MIG M. |
|=========================================+========================+======================|
|   0  NVIDIA A100-PCIE-40GB          On  |   00000000:13:00.0 Off |                    0 |
| N/A   28C    P0             32W /  250W |       0MiB /  40960MiB |      0%      Default |
|                                         |                        |             Disabled |
+-----------------------------------------+------------------------+----------------------+

+-----------------------------------------------------------------------------------------+
| Processes:                                                                              |
|  GPU   GI   CI              PID   Type   Process name                        GPU Memory |
|        ID   ID                                                               Usage      |
|=========================================================================================|
|  No running processes found                                                             |
+-----------------------------------------------------------------------------------------+
[ INFO : 2026-07-02 18:36:19,310 ] - Preprocess missing values with zero
[ INFO : 2026-07-02 18:36:27,813 ] - Pretrained diffusion model is loaded from: ./checkpoint/allrecipes/best_model.pth
[ INFO : 2026-07-02 18:36:29,940 ] - Completed data loaded from: ./checkpoint/allrecipes/completed_data.pkl
/media/lhbac29/raid-cf/main.py:105: DeprecationWarning: Please import `csr_matrix` from the `scipy.sparse` namespace; the `scipy.sparse.csr` namespace is deprecated and will be removed in SciPy 2.0.0.
  self.ui_graph = self.ui_graph_raw = pickle.load(open('./data/' + self.dataset + '/train_mat', 'rb'))
[ INFO : 2026-07-02 18:36:30,764 ] - Missing rate = 0.400000, complete strategy: zero
[ INFO : 2026-07-02 18:38:59,448 ] - Epoch 1: train==[127.93467 = 1.24546 + 1.37686 + 29.32472 + 0.00021 + 0.00000 + 4.52253 + 613.43755]
[ INFO : 2026-07-02 18:39:06,625 ] - Test_@[5, 10, 20, 50]: Recall=[0.00524, 0.02327, 0.03772, 0.07915],  precision=[0.00105, 0.00233, 0.00189, 0.00158], hit=[0.00524, 0.02327, 0.03772, 0.07915], ndcg=[0.00296, 0.00873, 0.01234, 0.02028], Train Rec Loss=[0.04931], Eval Rec Loss=[0.04902], c=[0.50000], F=[0.75109, 0.96789, 0.98461, 0.88466], F_fuse=[0.00209, 0.00464, 0.00376, 0.00316]
[ INFO : 2026-07-02 18:40:32,899 ] - Epoch 2: train==[125.52533 = 0.81358 + 1.35216 + 29.03020 + 0.00022 + 0.00000 + 2.76828 + 614.01164]
[ INFO : 2026-07-02 18:40:39,450 ] - Test_@[5, 10, 20, 50]: Recall=[0.01010, 0.02250, 0.03874, 0.07544],  precision=[0.00202, 0.00225, 0.00194, 0.00151], hit=[0.01010, 0.02250, 0.03874, 0.07544], ndcg=[0.00524, 0.00920, 0.01332, 0.02057], Train Rec Loss=[0.04864], Eval Rec Loss=[0.04851], c=[0.50000], F=[0.79738, 0.99613, 0.93399, 0.86796], F_fuse=[0.00403, 0.00449, 0.00387, 0.00301]
[ INFO : 2026-07-02 18:42:04,464 ] - Epoch 3: train==[124.30785 = 0.78225 + 1.34428 + 28.61774 + 0.00025 + 0.00000 + 2.00188 + 613.99437]
[ INFO : 2026-07-02 18:42:10,992 ] - Test_@[5, 10, 20, 50]: Recall=[0.01483, 0.02532, 0.03861, 0.07429],  precision=[0.00297, 0.00253, 0.00193, 0.00149], hit=[0.01483, 0.02532, 0.03861, 0.07429], ndcg=[0.00980, 0.01300, 0.01632, 0.02320], Train Rec Loss=[0.04858], Eval Rec Loss=[0.04833], c=[0.50000], F=[0.98068, 0.99613, 0.91695, 0.88030], F_fuse=[0.00591, 0.00505, 0.00385, 0.00297]
[ INFO : 2026-07-02 18:43:33,357 ] - Epoch 4: train==[123.43059 = 0.77599 + 1.34233 + 28.10302 + 0.00029 + 0.00000 + 1.64891 + 613.97978]
[ INFO : 2026-07-02 18:43:39,911 ] - Test_@[5, 10, 20, 50]: Recall=[0.01458, 0.02532, 0.03708, 0.07339],  precision=[0.00292, 0.00253, 0.00185, 0.00147], hit=[0.01458, 0.02532, 0.03708, 0.07339], ndcg=[0.01052, 0.01385, 0.01682, 0.02387], Train Rec Loss=[0.04860], Eval Rec Loss=[0.04846], c=[0.50000], F=[0.81871, 0.99613, 0.87347, 0.87668], F_fuse=[0.00581, 0.00505, 0.00370, 0.00293]
[ INFO : 2026-07-02 18:45:02,242 ] - Epoch 5: train==[122.58136 = 0.77394 + 1.34203 + 27.48119 + 0.00034 + 0.00000 + 1.42554 + 613.96760]
[ INFO : 2026-07-02 18:45:08,761 ] - Test_@[5, 10, 20, 50]: Recall=[0.01419, 0.02532, 0.03849, 0.07096],  precision=[0.00284, 0.00253, 0.00192, 0.00142], hit=[0.01419, 0.02532, 0.03849, 0.07096], ndcg=[0.01055, 0.01407, 0.01739, 0.02362], Train Rec Loss=[0.04851], Eval Rec Loss=[0.04828], c=[0.50000], F=[0.78404, 0.99613, 0.87811, 0.87373], F_fuse=[0.00566, 0.00505, 0.00384, 0.00283]
[ INFO : 2026-07-02 18:46:31,246 ] - Epoch 6: train==[121.71029 = 0.77284 + 1.34199 + 26.78261 + 0.00040 + 0.00000 + 1.25604 + 613.95464]
[ INFO : 2026-07-02 18:46:37,785 ] - Test_@[5, 10, 20, 50]: Recall=[0.01419, 0.02532, 0.03836, 0.07032],  precision=[0.00284, 0.00253, 0.00192, 0.00141], hit=[0.01419, 0.02532, 0.03836, 0.07032], ndcg=[0.01084, 0.01435, 0.01764, 0.02371], Train Rec Loss=[0.04849], Eval Rec Loss=[0.04823], c=[0.50000], F=[0.79790, 0.99613, 0.89013, 0.87375], F_fuse=[0.00566, 0.00505, 0.00383, 0.00281]
[ INFO : 2026-07-02 18:47:59,970 ] - Epoch 7: train==[120.82736 = 0.76884 + 1.34199 + 26.06176 + 0.00045 + 0.00000 + 1.09946 + 613.94429]
[ INFO : 2026-07-02 18:48:06,516 ] - Test_@[5, 10, 20, 50]: Recall=[0.01419, 0.02647, 0.03797, 0.06061],  precision=[0.00284, 0.00265, 0.00190, 0.00121], hit=[0.01419, 0.02647, 0.03797, 0.06061], ndcg=[0.01077, 0.01464, 0.01753, 0.02186], Train Rec Loss=[0.04857], Eval Rec Loss=[0.04814], c=[0.50000], F=[0.80791, 0.99613, 0.89588, 0.87611], F_fuse=[0.00566, 0.00528, 0.00379, 0.00242]
[ INFO : 2026-07-02 18:49:28,238 ] - Epoch 8: train==[119.93463 = 0.76694 + 1.34199 + 25.27446 + 0.00049 + 0.00000 + 0.99736 + 613.93454]
[ INFO : 2026-07-02 18:49:34,810 ] - Test_@[5, 10, 20, 50]: Recall=[0.01406, 0.02506, 0.03810, 0.06150],  precision=[0.00281, 0.00251, 0.00191, 0.00123], hit=[0.01406, 0.02506, 0.03810, 0.06150], ndcg=[0.01017, 0.01366, 0.01693, 0.02134], Train Rec Loss=[0.04849], Eval Rec Loss=[0.04817], c=[0.50000], F=[0.90421, 0.99488, 0.87649, 0.88134], F_fuse=[0.00561, 0.00500, 0.00380, 0.00246]
[ INFO : 2026-07-02 18:50:56,440 ] - Epoch 9: train==[119.22908 = 0.76139 + 1.34197 + 24.64049 + 0.00053 + 0.00000 + 0.93122 + 613.93505]
[ INFO : 2026-07-02 18:51:03,001 ] - Test_@[5, 10, 20, 50]: Recall=[0.01406, 0.02481, 0.03734, 0.05984],  precision=[0.00281, 0.00248, 0.00187, 0.00120], hit=[0.01406, 0.02481, 0.03734, 0.05984], ndcg=[0.01007, 0.01348, 0.01661, 0.02087], Train Rec Loss=[0.04847], Eval Rec Loss=[0.04815], c=[0.50000], F=[0.90987, 0.99434, 0.87984, 0.86842], F_fuse=[0.00561, 0.00495, 0.00373, 0.00239]
[ INFO : 2026-07-02 18:52:25,620 ] - Epoch 10: train==[118.58005 = 0.75871 + 1.34196 + 24.05727 + 0.00058 + 0.00000 + 0.86872 + 613.93055]
[ INFO : 2026-07-02 18:52:32,172 ] - Test_@[5, 10, 20, 50]: Recall=[0.01432, 0.02455, 0.03759, 0.05805],  precision=[0.00286, 0.00245, 0.00188, 0.00116], hit=[0.01432, 0.02455, 0.03759, 0.05805], ndcg=[0.01007, 0.01331, 0.01658, 0.02046], Train Rec Loss=[0.04847], Eval Rec Loss=[0.04813], c=[0.50000], F=[0.92013, 0.99418, 0.88448, 0.86303], F_fuse=[0.00571, 0.00490, 0.00375, 0.00232]
[ INFO : 2026-07-02 18:53:53,836 ] - Epoch 11: train==[118.02869 = 0.75583 + 1.34194 + 23.57076 + 0.00064 + 0.00000 + 0.80713 + 613.92777]
[ INFO : 2026-07-02 18:54:00,378 ] - Test_@[5, 10, 20, 50]: Recall=[0.01432, 0.02493, 0.03721, 0.05830],  precision=[0.00286, 0.00249, 0.00186, 0.00117], hit=[0.01432, 0.02493, 0.03721, 0.05830], ndcg=[0.01020, 0.01356, 0.01663, 0.02063], Train Rec Loss=[0.04853], Eval Rec Loss=[0.04833], c=[0.50000], F=[0.87162, 0.99404, 0.88003, 0.86299], F_fuse=[0.00571, 0.00497, 0.00371, 0.00233]
[ INFO : 2026-07-02 18:55:22,236 ] - Epoch 12: train==[117.51068 = 0.75360 + 1.34189 + 23.12191 + 0.00069 + 0.00000 + 0.74054 + 613.92527]
[ INFO : 2026-07-02 18:55:28,811 ] - Test_@[5, 10, 20, 50]: Recall=[0.01445, 0.02557, 0.03721, 0.05920],  precision=[0.00289, 0.00256, 0.00186, 0.00118], hit=[0.01445, 0.02557, 0.03721, 0.05920], ndcg=[0.01056, 0.01406, 0.01696, 0.02112], Train Rec Loss=[0.04847], Eval Rec Loss=[0.04821], c=[0.50000], F=[0.84647, 0.99410, 0.88100, 0.87031], F_fuse=[0.00576, 0.00510, 0.00371, 0.00236]
[ INFO : 2026-07-02 18:56:50,606 ] - Epoch 13: train==[117.09267 = 0.74913 + 1.34184 + 22.78516 + 0.00075 + 0.00000 + 0.66391 + 613.92408]
[ INFO : 2026-07-02 18:56:57,145 ] - Test_@[5, 10, 20, 50]: Recall=[0.01445, 0.02570, 0.03734, 0.06112],  precision=[0.00289, 0.00257, 0.00187, 0.00122], hit=[0.01445, 0.02570, 0.03734, 0.06112], ndcg=[0.01068, 0.01422, 0.01710, 0.02159], Train Rec Loss=[0.04849], Eval Rec Loss=[0.04818], c=[0.50000], F=[0.80560, 0.99400, 0.88951, 0.88004], F_fuse=[0.00576, 0.00513, 0.00373, 0.00244]
[ INFO : 2026-07-02 18:58:19,152 ] - Epoch 14: train==[116.64123 = 0.74309 + 1.34180 + 22.41720 + 0.00081 + 0.00000 + 0.58665 + 613.92269]
[ INFO : 2026-07-02 18:58:25,723 ] - Test_@[5, 10, 20, 50]: Recall=[0.01445, 0.02621, 0.03759, 0.06035],  precision=[0.00289, 0.00262, 0.00188, 0.00121], hit=[0.01445, 0.02621, 0.03759, 0.06035], ndcg=[0.01073, 0.01443, 0.01723, 0.02152], Train Rec Loss=[0.04833], Eval Rec Loss=[0.04801], c=[0.50000], F=[0.79068, 0.99402, 0.88949, 0.88037], F_fuse=[0.00576, 0.00523, 0.00375, 0.00241]
[ INFO : 2026-07-02 18:59:48,054 ] - Epoch 15: train==[116.27152 = 0.74113 + 1.34177 + 22.12292 + 0.00087 + 0.00000 + 0.51339 + 613.92097]
[ INFO : 2026-07-02 18:59:54,583 ] - Test_@[5, 10, 20, 50]: Recall=[0.01419, 0.02557, 0.03759, 0.06035],  precision=[0.00284, 0.00256, 0.00188, 0.00121], hit=[0.01419, 0.02557, 0.03759, 0.06035], ndcg=[0.01069, 0.01429, 0.01726, 0.02155], Train Rec Loss=[0.04834], Eval Rec Loss=[0.04806], c=[0.50000], F=[0.76879, 0.99405, 0.90591, 0.88772], F_fuse=[0.00566, 0.00510, 0.00375, 0.00241]
[ INFO : 2026-07-02 19:01:16,800 ] - Epoch 16: train==[115.79917 = 0.73917 + 1.34175 + 21.72388 + 0.00093 + 0.00000 + 0.44223 + 613.91938]
[ INFO : 2026-07-02 19:01:23,360 ] - Test_@[5, 10, 20, 50]: Recall=[0.01419, 0.02557, 0.03746, 0.06585],  precision=[0.00284, 0.00256, 0.00187, 0.00132], hit=[0.01419, 0.02557, 0.03746, 0.06585], ndcg=[0.01060, 0.01421, 0.01714, 0.02245], Train Rec Loss=[0.04834], Eval Rec Loss=[0.04809], c=[0.50000], F=[0.76173, 0.99412, 0.92257, 0.89188], F_fuse=[0.00566, 0.00510, 0.00374, 0.00263]
[ INFO : 2026-07-02 19:02:45,831 ] - Epoch 17: train==[115.53160 = 0.72923 + 1.34170 + 21.53191 + 0.00098 + 0.00000 + 0.37658 + 613.91920]
[ INFO : 2026-07-02 19:02:52,337 ] - Test_@[5, 10, 20, 50]: Recall=[0.01419, 0.02544, 0.03759, 0.06559],  precision=[0.00284, 0.00254, 0.00188, 0.00131], hit=[0.01419, 0.02544, 0.03759, 0.06559], ndcg=[0.01054, 0.01412, 0.01711, 0.02235], Train Rec Loss=[0.04839], Eval Rec Loss=[0.04802], c=[0.50000], F=[0.76052, 0.99404, 0.92564, 0.89370], F_fuse=[0.00566, 0.00508, 0.00375, 0.00262]
[ INFO : 2026-07-02 19:04:14,457 ] - Epoch 18: train==[115.25238 = 0.73068 + 1.34163 + 21.31312 + 0.00103 + 0.00000 + 0.31487 + 613.91793]
[ INFO : 2026-07-02 19:04:21,008 ] - Test_@[5, 10, 20, 50]: Recall=[0.01445, 0.02544, 0.03657, 0.06738],  precision=[0.00289, 0.00254, 0.00183, 0.00135], hit=[0.01445, 0.02544, 0.03657, 0.06738], ndcg=[0.01062, 0.01411, 0.01686, 0.02267], Train Rec Loss=[0.04836], Eval Rec Loss=[0.04809], c=[0.50000], F=[0.75863, 0.99410, 0.93065, 0.89528], F_fuse=[0.00576, 0.00508, 0.00365, 0.00269]
[ INFO : 2026-07-02 19:05:43,238 ] - Epoch 19: train==[114.94042 = 0.72565 + 1.34163 + 21.06010 + 0.00109 + 0.00000 + 0.26083 + 613.91845]
[ INFO : 2026-07-02 19:05:49,781 ] - Test_@[5, 10, 20, 50]: Recall=[0.01419, 0.02557, 0.03657, 0.06687],  precision=[0.00284, 0.00256, 0.00183, 0.00134], hit=[0.01419, 0.02557, 0.03657, 0.06687], ndcg=[0.01055, 0.01417, 0.01689, 0.02260], Train Rec Loss=[0.04829], Eval Rec Loss=[0.04802], c=[0.50000], F=[0.75876, 0.99407, 0.93065, 0.89514], F_fuse=[0.00566, 0.00510, 0.00365, 0.00267]
[ INFO : 2026-07-02 19:07:12,058 ] - Epoch 20: train==[114.70132 = 0.72285 + 1.34157 + 20.87446 + 0.00115 + 0.00000 + 0.21028 + 613.91760]
[ INFO : 2026-07-02 19:07:18,584 ] - Test_@[5, 10, 20, 50]: Recall=[0.01432, 0.02532, 0.03657, 0.06751],  precision=[0.00286, 0.00253, 0.00183, 0.00135], hit=[0.01432, 0.02532, 0.03657, 0.06751], ndcg=[0.01057, 0.01407, 0.01686, 0.02270], Train Rec Loss=[0.04837], Eval Rec Loss=[0.04810], c=[0.50000], F=[0.75850, 0.99413, 0.93133, 0.89584], F_fuse=[0.00571, 0.00505, 0.00365, 0.00270]
[ INFO : 2026-07-02 19:08:40,687 ] - Epoch 21: train==[114.46756 = 0.71950 + 1.34148 + 20.69053 + 0.00119 + 0.00000 + 0.16378 + 613.91782]
[ INFO : 2026-07-02 19:08:47,207 ] - Test_@[5, 10, 20, 50]: Recall=[0.01432, 0.02544, 0.03618, 0.06751],  precision=[0.00286, 0.00254, 0.00181, 0.00135], hit=[0.01432, 0.02544, 0.03618, 0.06751], ndcg=[0.01049, 0.01403, 0.01669, 0.02262], Train Rec Loss=[0.04827], Eval Rec Loss=[0.04807], c=[0.50000], F=[0.75847, 0.99407, 0.93153, 0.89765], F_fuse=[0.00571, 0.00508, 0.00361, 0.00270]
[ INFO : 2026-07-02 19:10:09,500 ] - Epoch 22: train==[114.25793 = 0.71438 + 1.34142 + 20.52687 + 0.00124 + 0.00000 + 0.12312 + 613.91644]
[ INFO : 2026-07-02 19:10:16,054 ] - Test_@[5, 10, 20, 50]: Recall=[0.01445, 0.02544, 0.03593, 0.06725],  precision=[0.00289, 0.00254, 0.00180, 0.00135], hit=[0.01445, 0.02544, 0.03593, 0.06725], ndcg=[0.01062, 0.01410, 0.01670, 0.02264], Train Rec Loss=[0.04830], Eval Rec Loss=[0.04803], c=[0.50000], F=[0.75857, 0.99404, 0.93241, 0.89690], F_fuse=[0.00576, 0.00508, 0.00359, 0.00269]
[ INFO : 2026-07-02 19:11:38,162 ] - Epoch 23: train==[114.02175 = 0.71090 + 1.34140 + 20.32837 + 0.00128 + 0.00000 + 0.08909 + 613.91509]
[ INFO : 2026-07-02 19:11:44,720 ] - Test_@[5, 10, 20, 50]: Recall=[0.01432, 0.02532, 0.03580, 0.06700],  precision=[0.00286, 0.00253, 0.00179, 0.00134], hit=[0.01432, 0.02532, 0.03580, 0.06700], ndcg=[0.01051, 0.01400, 0.01661, 0.02254], Train Rec Loss=[0.04816], Eval Rec Loss=[0.04804], c=[0.50000], F=[0.75866, 0.99400, 0.93249, 0.89739], F_fuse=[0.00571, 0.00505, 0.00357, 0.00268]
[ INFO : 2026-07-02 19:13:06,884 ] - Epoch 24: train==[113.87293 = 0.71054 + 1.34133 + 20.20983 + 0.00133 + 0.00000 + 0.05923 + 613.91464]
[ INFO : 2026-07-02 19:13:13,410 ] - Test_@[5, 10, 20, 50]: Recall=[0.01445, 0.02544, 0.03580, 0.06687],  precision=[0.00289, 0.00254, 0.00179, 0.00134], hit=[0.01445, 0.02544, 0.03580, 0.06687], ndcg=[0.01056, 0.01405, 0.01663, 0.02253], Train Rec Loss=[0.04833], Eval Rec Loss=[0.04802], c=[0.50000], F=[0.75889, 0.99396, 0.93256, 0.89910], F_fuse=[0.00576, 0.00508, 0.00357, 0.00267]
[ INFO : 2026-07-02 19:14:35,321 ] - Epoch 25: train==[113.67907 = 0.70512 + 1.34127 + 20.04540 + 0.00137 + 0.00000 + 0.03506 + 613.91563]
[ INFO : 2026-07-02 19:14:41,919 ] - Test_@[5, 10, 20, 50]: Recall=[0.01445, 0.02506, 0.03567, 0.06649],  precision=[0.00289, 0.00251, 0.00178, 0.00133], hit=[0.01445, 0.02506, 0.03567, 0.06649], ndcg=[0.01059, 0.01396, 0.01661, 0.02247], Train Rec Loss=[0.04826], Eval Rec Loss=[0.04801], c=[0.50000], F=[0.76017, 0.99386, 0.93283, 0.89780], F_fuse=[0.00576, 0.00500, 0.00356, 0.00266]
[ INFO : 2026-07-02 19:16:04,476 ] - Epoch 26: train==[113.37527 = 0.70141 + 1.34118 + 19.76357 + 0.00142 + 0.00000 + 0.01673 + 613.91615]
[ INFO : 2026-07-02 19:16:11,022 ] - Test_@[5, 10, 20, 50]: Recall=[0.01445, 0.02481, 0.03542, 0.06649],  precision=[0.00289, 0.00248, 0.00177, 0.00133], hit=[0.01445, 0.02481, 0.03542, 0.06649], ndcg=[0.01054, 0.01384, 0.01648, 0.02239], Train Rec Loss=[0.04826], Eval Rec Loss=[0.04795], c=[0.50000], F=[0.76157, 0.99365, 0.93255, 0.89774], F_fuse=[0.00576, 0.00495, 0.00354, 0.00266]
[ INFO : 2026-07-02 19:17:32,964 ] - Epoch 27: train==[113.34659 = 0.69973 + 1.34110 + 19.74590 + 0.00144 + 0.00000 + 0.00734 + 613.91677]
[ INFO : 2026-07-02 19:17:39,511 ] - Test_@[5, 10, 20, 50]: Recall=[0.01432, 0.02493, 0.03503, 0.06610],  precision=[0.00286, 0.00249, 0.00175, 0.00132], hit=[0.01432, 0.02493, 0.03503, 0.06610], ndcg=[0.01052, 0.01390, 0.01641, 0.02230], Train Rec Loss=[0.04829], Eval Rec Loss=[0.04782], c=[0.50000], F=[0.76387, 0.99253, 0.93190, 0.89634], F_fuse=[0.00571, 0.00497, 0.00350, 0.00264]
[ INFO : 2026-07-02 19:19:01,532 ] - Epoch 28: train==[113.07817 = 0.69035 + 1.34103 + 19.49061 + 0.00149 + 0.00000 + 0.00371 + 613.91590]
[ INFO : 2026-07-02 19:19:08,099 ] - Test_@[5, 10, 20, 50]: Recall=[0.01432, 0.02481, 0.03529, 0.06636],  precision=[0.00286, 0.00248, 0.00176, 0.00133], hit=[0.01432, 0.02481, 0.03529, 0.06636], ndcg=[0.01048, 0.01383, 0.01643, 0.02232], Train Rec Loss=[0.04817], Eval Rec Loss=[0.04801], c=[0.50000], F=[0.76486, 0.99180, 0.93105, 0.89306], F_fuse=[0.00571, 0.00495, 0.00352, 0.00265]
[ INFO : 2026-07-02 19:20:30,151 ] - Epoch 29: train==[113.05182 = 0.68827 + 1.34092 + 19.46763 + 0.00152 + 0.00000 + 0.00219 + 613.91770]
[ INFO : 2026-07-02 19:20:36,702 ] - Test_@[5, 10, 20, 50]: Recall=[0.01458, 0.02506, 0.03503, 0.06623],  precision=[0.00292, 0.00251, 0.00175, 0.00132], hit=[0.01458, 0.02506, 0.03503, 0.06623], ndcg=[0.01070, 0.01402, 0.01648, 0.02239], Train Rec Loss=[0.04808], Eval Rec Loss=[0.04805], c=[0.50000], F=[0.76659, 0.99154, 0.93058, 0.89424], F_fuse=[0.00581, 0.00500, 0.00350, 0.00265]
[ INFO : 2026-07-02 19:21:58,818 ] - Epoch 30: train==[112.83780 = 0.68823 + 1.34085 + 19.25446 + 0.00156 + 0.00000 + 0.00158 + 613.91644]
[ INFO : 2026-07-02 19:22:05,345 ] - Test_@[5, 10, 20, 50]: Recall=[0.01445, 0.02493, 0.03491, 0.06585],  precision=[0.00289, 0.00249, 0.00175, 0.00132], hit=[0.01445, 0.02493, 0.03491, 0.06585], ndcg=[0.01070, 0.01403, 0.01648, 0.02234], Train Rec Loss=[0.04817], Eval Rec Loss=[0.04784], c=[0.50000], F=[0.76994, 0.99106, 0.93040, 0.89438], F_fuse=[0.00576, 0.00497, 0.00348, 0.00263]
[ INFO : 2026-07-02 19:23:27,400 ] - Epoch 31: train==[112.69927 = 0.68524 + 1.34078 + 19.11885 + 0.00159 + 0.00000 + 0.00131 + 613.91866]
[ INFO : 2026-07-02 19:23:33,931 ] - Test_@[5, 10, 20, 50]: Recall=[0.01445, 0.02493, 0.03465, 0.06572],  precision=[0.00289, 0.00249, 0.00173, 0.00131], hit=[0.01445, 0.02493, 0.03465, 0.06572], ndcg=[0.01069, 0.01401, 0.01641, 0.02231], Train Rec Loss=[0.04813], Eval Rec Loss=[0.04785], c=[0.50000], F=[0.77199, 0.99055, 0.93010, 0.89520], F_fuse=[0.00576, 0.00497, 0.00346, 0.00262]
[ INFO : 2026-07-02 19:24:55,850 ] - Epoch 32: train==[112.52486 = 0.68091 + 1.34063 + 18.94887 + 0.00162 + 0.00000 + 0.00117 + 613.91935]
[ INFO : 2026-07-02 19:25:02,431 ] - Test_@[5, 10, 20, 50]: Recall=[0.01432, 0.02481, 0.03465, 0.06610],  precision=[0.00286, 0.00248, 0.00173, 0.00132], hit=[0.01432, 0.02481, 0.03465, 0.06610], ndcg=[0.01069, 0.01402, 0.01645, 0.02241], Train Rec Loss=[0.04824], Eval Rec Loss=[0.04794], c=[0.50000], F=[0.77157, 0.99026, 0.92983, 0.89600], F_fuse=[0.00571, 0.00495, 0.00346, 0.00264]
[ INFO : 2026-07-02 19:26:24,490 ] - Epoch 33: train==[112.45044 = 0.67850 + 1.34056 + 18.87696 + 0.00165 + 0.00000 + 0.00111 + 613.91926]
[ INFO : 2026-07-02 19:26:31,038 ] - Test_@[5, 10, 20, 50]: Recall=[0.01432, 0.02493, 0.03427, 0.06470],  precision=[0.00286, 0.00249, 0.00171, 0.00129], hit=[0.01432, 0.02493, 0.03427, 0.06470], ndcg=[0.01066, 0.01403, 0.01633, 0.02212], Train Rec Loss=[0.04814], Eval Rec Loss=[0.04792], c=[0.50000], F=[0.77202, 0.99022, 0.92998, 0.89850], F_fuse=[0.00571, 0.00497, 0.00342, 0.00258]
[ INFO : 2026-07-02 19:27:53,896 ] - Epoch 34: train==[112.33290 = 0.67269 + 1.34045 + 18.76558 + 0.00169 + 0.00000 + 0.00101 + 613.91774]
[ INFO : 2026-07-02 19:28:00,420 ] - Test_@[5, 10, 20, 50]: Recall=[0.01432, 0.02506, 0.03427, 0.06559],  precision=[0.00286, 0.00251, 0.00171, 0.00131], hit=[0.01432, 0.02506, 0.03427, 0.06559], ndcg=[0.01063, 0.01404, 0.01631, 0.02226], Train Rec Loss=[0.04819], Eval Rec Loss=[0.04799], c=[0.50000], F=[0.77036, 0.99014, 0.92981, 0.89766], F_fuse=[0.00571, 0.00500, 0.00342, 0.00262]
[ INFO : 2026-07-02 19:29:21,319 ] - Epoch 35: train==[112.29483 = 0.66976 + 1.34030 + 18.73067 + 0.00171 + 0.00000 + 0.00091 + 613.91722]
[ INFO : 2026-07-02 19:29:27,825 ] - Test_@[5, 10, 20, 50]: Recall=[0.01432, 0.02493, 0.03414, 0.06470],  precision=[0.00286, 0.00249, 0.00171, 0.00129], hit=[0.01432, 0.02493, 0.03414, 0.06470], ndcg=[0.01075, 0.01412, 0.01639, 0.02219], Train Rec Loss=[0.04813], Eval Rec Loss=[0.04784], c=[0.50000], F=[0.77458, 0.98958, 0.92883, 0.89652], F_fuse=[0.00571, 0.00497, 0.00341, 0.00258]
[ INFO : 2026-07-02 19:30:50,946 ] - Epoch 36: train==[112.11613 = 0.66799 + 1.34016 + 18.55354 + 0.00176 + 0.00000 + 0.00085 + 613.91927]
[ INFO : 2026-07-02 19:30:57,508 ] - Test_@[5, 10, 20, 50]: Recall=[0.01432, 0.02481, 0.03414, 0.06419],  precision=[0.00286, 0.00248, 0.00171, 0.00128], hit=[0.01432, 0.02481, 0.03414, 0.06419], ndcg=[0.01080, 0.01413, 0.01644, 0.02214], Train Rec Loss=[0.04812], Eval Rec Loss=[0.04785], c=[0.50000], F=[0.77815, 0.98932, 0.92858, 0.89644], F_fuse=[0.00571, 0.00495, 0.00341, 0.00256]
[ INFO : 2026-07-02 19:32:18,343 ] - Epoch 37: train==[112.08582 = 0.66548 + 1.34002 + 18.52610 + 0.00178 + 0.00000 + 0.00078 + 613.91784]
[ INFO : 2026-07-02 19:32:24,859 ] - Test_@[5, 10, 20, 50]: Recall=[0.01432, 0.02481, 0.03414, 0.06457],  precision=[0.00286, 0.00248, 0.00171, 0.00129], hit=[0.01432, 0.02481, 0.03414, 0.06457], ndcg=[0.01079, 0.01412, 0.01643, 0.02221], Train Rec Loss=[0.04811], Eval Rec Loss=[0.04791], c=[0.50000], F=[0.77573, 0.98921, 0.92855, 0.89498], F_fuse=[0.00571, 0.00495, 0.00341, 0.00258]
[ INFO : 2026-07-02 19:33:47,193 ] - Epoch 38: train==[112.00016 = 0.66046 + 1.33997 + 18.44556 + 0.00180 + 0.00000 + 0.00075 + 613.91740]
[ INFO : 2026-07-02 19:33:53,719 ] - Test_@[5, 10, 20, 50]: Recall=[0.01419, 0.02481, 0.03427, 0.06444],  precision=[0.00284, 0.00248, 0.00171, 0.00129], hit=[0.01419, 0.02481, 0.03427, 0.06444], ndcg=[0.01056, 0.01394, 0.01628, 0.02201], Train Rec Loss=[0.04812], Eval Rec Loss=[0.04789], c=[0.50000], F=[0.77112, 0.98879, 0.92846, 0.89616], F_fuse=[0.00566, 0.00495, 0.00342, 0.00257]
[ INFO : 2026-07-02 19:35:14,485 ] - Epoch 39: train==[111.90078 = 0.65648 + 1.33977 + 18.34974 + 0.00182 + 0.00000 + 0.00069 + 613.92122]
[ INFO : 2026-07-02 19:35:21,085 ] - Test_@[5, 10, 20, 50]: Recall=[0.01419, 0.02493, 0.03414, 0.06419],  precision=[0.00284, 0.00249, 0.00171, 0.00128], hit=[0.01419, 0.02493, 0.03414, 0.06419], ndcg=[0.01060, 0.01402, 0.01630, 0.02200], Train Rec Loss=[0.04803], Eval Rec Loss=[0.04774], c=[0.50000], F=[0.77518, 0.98859, 0.92834, 0.89380], F_fuse=[0.00566, 0.00497, 0.00341, 0.00256]
[ INFO : 2026-07-02 19:36:49,971 ] - Epoch 40: train==[111.79656 = 0.65232 + 1.33959 + 18.25026 + 0.00185 + 0.00000 + 0.00065 + 613.91815]
[ INFO : 2026-07-02 19:36:56,498 ] - Test_@[5, 10, 20, 50]: Recall=[0.01419, 0.02506, 0.03427, 0.06393],  precision=[0.00284, 0.00251, 0.00171, 0.00128], hit=[0.01419, 0.02506, 0.03427, 0.06393], ndcg=[0.01061, 0.01406, 0.01633, 0.02196], Train Rec Loss=[0.04811], Eval Rec Loss=[0.04793], c=[0.50000], F=[0.77700, 0.98830, 0.92818, 0.89442], F_fuse=[0.00566, 0.00500, 0.00342, 0.00255]
[ INFO : 2026-07-02 19:38:19,180 ] - Epoch 41: train==[111.64240 = 0.65792 + 1.33937 + 18.09043 + 0.00189 + 0.00000 + 0.00061 + 613.91955]
[ INFO : 2026-07-02 19:38:25,671 ] - Test_@[5, 10, 20, 50]: Recall=[0.01381, 0.02506, 0.03388, 0.06419],  precision=[0.00276, 0.00251, 0.00169, 0.00128], hit=[0.01381, 0.02506, 0.03388, 0.06419], ndcg=[0.01044, 0.01402, 0.01621, 0.02196], Train Rec Loss=[0.04807], Eval Rec Loss=[0.04774], c=[0.50000], F=[0.77355, 0.98825, 0.92806, 0.89383], F_fuse=[0.00550, 0.00500, 0.00338, 0.00256]
[ INFO : 2026-07-02 19:39:46,558 ] - Epoch 42: train==[111.66846 = 0.64945 + 1.33921 + 18.12510 + 0.00191 + 0.00000 + 0.00058 + 613.91929]
[ INFO : 2026-07-02 19:39:53,084 ] - Test_@[5, 10, 20, 50]: Recall=[0.01394, 0.02506, 0.03401, 0.06367],  precision=[0.00279, 0.00251, 0.00170, 0.00127], hit=[0.01394, 0.02506, 0.03401, 0.06367], ndcg=[0.01040, 0.01392, 0.01614, 0.02178], Train Rec Loss=[0.04805], Eval Rec Loss=[0.04785], c=[0.50000], F=[0.77748, 0.98736, 0.92724, 0.89351], F_fuse=[0.00555, 0.00500, 0.00339, 0.00254]
[ INFO : 2026-07-02 19:41:14,173 ] - Epoch 43: train==[111.41846 = 0.64481 + 1.33910 + 17.87961 + 0.00195 + 0.00000 + 0.00057 + 613.92038]
[ INFO : 2026-07-02 19:41:20,673 ] - Test_@[5, 10, 20, 50]: Recall=[0.01394, 0.02506, 0.03388, 0.06355],  precision=[0.00279, 0.00251, 0.00169, 0.00127], hit=[0.01394, 0.02506, 0.03388, 0.06355], ndcg=[0.01037, 0.01390, 0.01608, 0.02172], Train Rec Loss=[0.04806], Eval Rec Loss=[0.04782], c=[0.50000], F=[0.77684, 0.98731, 0.92761, 0.89271], F_fuse=[0.00555, 0.00500, 0.00338, 0.00254]
[ INFO : 2026-07-02 19:42:41,532 ] - Epoch 44: train==[111.25689 = 0.64011 + 1.33881 + 17.72305 + 0.00198 + 0.00000 + 0.00054 + 613.91949]
[ INFO : 2026-07-02 19:42:48,105 ] - Test_@[5, 10, 20, 50]: Recall=[0.01394, 0.02493, 0.03376, 0.06367],  precision=[0.00279, 0.00249, 0.00169, 0.00127], hit=[0.01394, 0.02493, 0.03376, 0.06367], ndcg=[0.01041, 0.01390, 0.01609, 0.02178], Train Rec Loss=[0.04804], Eval Rec Loss=[0.04776], c=[0.50000], F=[0.77624, 0.98734, 0.92761, 0.89515], F_fuse=[0.00555, 0.00497, 0.00337, 0.00254]
[ INFO : 2026-07-02 19:44:17,436 ] - Epoch 45: train==[111.15433 = 0.63582 + 1.33850 + 17.62463 + 0.00201 + 0.00000 + 0.00053 + 613.92157]
[ INFO : 2026-07-02 19:44:23,956 ] - Test_@[5, 10, 20, 50]: Recall=[0.01394, 0.02468, 0.03388, 0.06329],  precision=[0.00279, 0.00247, 0.00169, 0.00127], hit=[0.01394, 0.02468, 0.03388, 0.06329], ndcg=[0.01046, 0.01386, 0.01613, 0.02172], Train Rec Loss=[0.04803], Eval Rec Loss=[0.04785], c=[0.50000], F=[0.78074, 0.98686, 0.92776, 0.89517], F_fuse=[0.00555, 0.00492, 0.00338, 0.00253]
[ INFO : 2026-07-02 19:45:45,004 ] - Epoch 46: train==[111.17886 = 0.63368 + 1.33834 + 17.65135 + 0.00203 + 0.00000 + 0.00051 + 613.92197]
[ INFO : 2026-07-02 19:45:51,529 ] - Test_@[5, 10, 20, 50]: Recall=[0.01394, 0.02468, 0.03337, 0.06329],  precision=[0.00279, 0.00247, 0.00167, 0.00127], hit=[0.01394, 0.02468, 0.03337, 0.06329], ndcg=[0.01044, 0.01386, 0.01600, 0.02170], Train Rec Loss=[0.04813], Eval Rec Loss=[0.04772], c=[0.50000], F=[0.78212, 0.98659, 0.92718, 0.89517], F_fuse=[0.00555, 0.00492, 0.00333, 0.00253]
[ INFO : 2026-07-02 19:47:12,558 ] - Epoch 47: train==[111.11304 = 0.63099 + 1.33808 + 17.58836 + 0.00203 + 0.00000 + 0.00048 + 613.92219]
[ INFO : 2026-07-02 19:47:19,103 ] - Test_@[5, 10, 20, 50]: Recall=[0.01381, 0.02455, 0.03350, 0.06355],  precision=[0.00276, 0.00245, 0.00167, 0.00127], hit=[0.01381, 0.02455, 0.03350, 0.06355], ndcg=[0.01037, 0.01379, 0.01601, 0.02171], Train Rec Loss=[0.04809], Eval Rec Loss=[0.04780], c=[0.50000], F=[0.78039, 0.98637, 0.92679, 0.89365], F_fuse=[0.00550, 0.00490, 0.00334, 0.00254]
[ INFO : 2026-07-02 19:48:40,710 ] - Epoch 48: train==[110.95321 = 0.62864 + 1.33779 + 17.43080 + 0.00208 + 0.00000 + 0.00047 + 613.92360]
[ INFO : 2026-07-02 19:48:47,217 ] - Test_@[5, 10, 20, 50]: Recall=[0.01381, 0.02455, 0.03337, 0.06342],  precision=[0.00276, 0.00245, 0.00167, 0.00127], hit=[0.01381, 0.02455, 0.03337, 0.06342], ndcg=[0.01040, 0.01381, 0.01599, 0.02170], Train Rec Loss=[0.04807], Eval Rec Loss=[0.04791], c=[0.50000], F=[0.77652, 0.98645, 0.92667, 0.89217], F_fuse=[0.00550, 0.00490, 0.00333, 0.00253]
[ INFO : 2026-07-02 19:50:07,929 ] - Epoch 49: train==[110.89231 = 0.62600 + 1.33751 + 17.37325 + 0.00209 + 0.00000 + 0.00046 + 613.92006]
[ INFO : 2026-07-02 19:50:14,501 ] - Test_@[5, 10, 20, 50]: Recall=[0.01368, 0.02455, 0.03350, 0.06252],  precision=[0.00274, 0.00245, 0.00167, 0.00125], hit=[0.01368, 0.02455, 0.03350, 0.06252], ndcg=[0.01026, 0.01372, 0.01594, 0.02145], Train Rec Loss=[0.04803], Eval Rec Loss=[0.04775], c=[0.50000], F=[0.77965, 0.98561, 0.92691, 0.89118], F_fuse=[0.00545, 0.00490, 0.00334, 0.00250]
[ INFO : 2026-07-02 19:51:36,163 ] - Epoch 50: train==[110.88832 = 0.62269 + 1.33717 + 17.37280 + 0.00208 + 0.00000 + 0.00043 + 613.92004]
[ INFO : 2026-07-02 19:51:42,701 ] - Test_@[5, 10, 20, 50]: Recall=[0.01381, 0.02455, 0.03312, 0.06265],  precision=[0.00276, 0.00245, 0.00166, 0.00125], hit=[0.01381, 0.02455, 0.03312, 0.06265], ndcg=[0.01040, 0.01381, 0.01593, 0.02154], Train Rec Loss=[0.04800], Eval Rec Loss=[0.04775], c=[0.50000], F=[0.78320, 0.98619, 0.92747, 0.89376], F_fuse=[0.00550, 0.00490, 0.00331, 0.00250]
[ INFO : 2026-07-02 19:53:05,860 ] - Epoch 51: train==[110.70793 = 0.62105 + 1.33681 + 17.19428 + 0.00214 + 0.00000 + 0.00043 + 613.91967]
[ INFO : 2026-07-02 19:53:12,419 ] - Test_@[5, 10, 20, 50]: Recall=[0.01381, 0.02442, 0.03350, 0.06227],  precision=[0.00276, 0.00244, 0.00167, 0.00125], hit=[0.01381, 0.02442, 0.03350, 0.06227], ndcg=[0.01028, 0.01365, 0.01590, 0.02136], Train Rec Loss=[0.04811], Eval Rec Loss=[0.04778], c=[0.50000], F=[0.78058, 0.98520, 0.92702, 0.89359], F_fuse=[0.00550, 0.00487, 0.00334, 0.00249]
[ INFO : 2026-07-02 19:54:33,586 ] - Epoch 52: train==[110.62640 = 0.62058 + 1.33639 + 17.11328 + 0.00216 + 0.00000 + 0.00041 + 613.92089]
[ INFO : 2026-07-02 19:54:40,140 ] - Test_@[5, 10, 20, 50]: Recall=[0.01381, 0.02442, 0.03324, 0.06227],  precision=[0.00276, 0.00244, 0.00166, 0.00125], hit=[0.01381, 0.02442, 0.03324, 0.06227], ndcg=[0.01031, 0.01369, 0.01588, 0.02139], Train Rec Loss=[0.04819], Eval Rec Loss=[0.04773], c=[0.50000], F=[0.78985, 0.98477, 0.92684, 0.89293], F_fuse=[0.00550, 0.00487, 0.00332, 0.00249]
[ INFO : 2026-07-02 19:56:01,410 ] - Epoch 53: train==[110.68430 = 0.61565 + 1.33604 + 17.17646 + 0.00215 + 0.00000 + 0.00039 + 613.92015]
[ INFO : 2026-07-02 19:56:07,953 ] - Test_@[5, 10, 20, 50]: Recall=[0.01355, 0.02455, 0.03312, 0.06176],  precision=[0.00271, 0.00245, 0.00166, 0.00124], hit=[0.01355, 0.02455, 0.03312, 0.06176], ndcg=[0.01020, 0.01369, 0.01582, 0.02126], Train Rec Loss=[0.04798], Eval Rec Loss=[0.04782], c=[0.50000], F=[0.78563, 0.98482, 0.92665, 0.89220], F_fuse=[0.00540, 0.00490, 0.00331, 0.00247]
[ INFO : 2026-07-02 19:57:28,671 ] - Epoch 54: train==[110.56993 = 0.60961 + 1.33562 + 17.06799 + 0.00220 + 0.00000 + 0.00039 + 613.92246]
[ INFO : 2026-07-02 19:57:35,206 ] - Test_@[5, 10, 20, 50]: Recall=[0.01355, 0.02429, 0.03286, 0.06163],  precision=[0.00271, 0.00243, 0.00164, 0.00123], hit=[0.01355, 0.02429, 0.03286, 0.06163], ndcg=[0.01014, 0.01356, 0.01567, 0.02114], Train Rec Loss=[0.04815], Eval Rec Loss=[0.04781], c=[0.50000], F=[0.78806, 0.98437, 0.92670, 0.89161], F_fuse=[0.00540, 0.00485, 0.00328, 0.00246]
[ INFO : 2026-07-02 19:58:58,564 ] - Epoch 55: train==[110.35237 = 0.61027 + 1.33526 + 16.85021 + 0.00221 + 0.00000 + 0.00039 + 613.92098]
[ INFO : 2026-07-02 19:59:05,069 ] - Test_@[5, 10, 20, 50]: Recall=[0.01355, 0.02429, 0.03299, 0.06137],  precision=[0.00271, 0.00243, 0.00165, 0.00123], hit=[0.01355, 0.02429, 0.03299, 0.06137], ndcg=[0.01019, 0.01360, 0.01575, 0.02115], Train Rec Loss=[0.04813], Eval Rec Loss=[0.04786], c=[0.50000], F=[0.79039, 0.98434, 0.92688, 0.89149], F_fuse=[0.00540, 0.00485, 0.00329, 0.00245]
[ INFO : 2026-07-02 20:00:26,324 ] - Epoch 56: train==[110.32910 = 0.60731 + 1.33472 + 16.83045 + 0.00224 + 0.00000 + 0.00037 + 613.91930]
[ INFO : 2026-07-02 20:00:32,881 ] - Test_@[5, 10, 20, 50]: Recall=[0.01355, 0.02429, 0.03286, 0.06112],  precision=[0.00271, 0.00243, 0.00164, 0.00122], hit=[0.01355, 0.02429, 0.03286, 0.06112], ndcg=[0.01015, 0.01355, 0.01567, 0.02104], Train Rec Loss=[0.04806], Eval Rec Loss=[0.04781], c=[0.50000], F=[0.79113, 0.98414, 0.92661, 0.88976], F_fuse=[0.00540, 0.00485, 0.00328, 0.00244]
[ INFO : 2026-07-02 20:02:01,193 ] - Epoch 57: train==[110.17743 = 0.60722 + 1.33421 + 16.67917 + 0.00228 + 0.00000 + 0.00037 + 613.91905]
[ INFO : 2026-07-02 20:02:07,710 ] - Test_@[5, 10, 20, 50]: Recall=[0.01343, 0.02429, 0.03299, 0.06086],  precision=[0.00269, 0.00243, 0.00165, 0.00122], hit=[0.01343, 0.02429, 0.03299, 0.06086], ndcg=[0.01008, 0.01353, 0.01568, 0.02098], Train Rec Loss=[0.04812], Eval Rec Loss=[0.04788], c=[0.50000], F=[0.79685, 0.98376, 0.92668, 0.89159], F_fuse=[0.00535, 0.00485, 0.00329, 0.00243]
[ INFO : 2026-07-02 20:03:30,958 ] - Epoch 58: train==[110.20646 = 0.60168 + 1.33356 + 16.71376 + 0.00228 + 0.00000 + 0.00036 + 613.92160]
[ INFO : 2026-07-02 20:03:37,486 ] - Test_@[5, 10, 20, 50]: Recall=[0.01343, 0.02417, 0.03324, 0.06099],  precision=[0.00269, 0.00242, 0.00166, 0.00122], hit=[0.01343, 0.02417, 0.03324, 0.06099], ndcg=[0.01003, 0.01344, 0.01568, 0.02096], Train Rec Loss=[0.04810], Eval Rec Loss=[0.04788], c=[0.50000], F=[0.79713, 0.98365, 0.92640, 0.89295], F_fuse=[0.00535, 0.00482, 0.00332, 0.00244]
[ INFO : 2026-07-02 20:04:58,724 ] - Epoch 59: train==[110.05944 = 0.59952 + 1.33290 + 16.56903 + 0.00231 + 0.00000 + 0.00035 + 613.92326]
[ INFO : 2026-07-02 20:05:05,281 ] - Test_@[5, 10, 20, 50]: Recall=[0.01343, 0.02417, 0.03337, 0.06176],  precision=[0.00269, 0.00242, 0.00167, 0.00124], hit=[0.01343, 0.02417, 0.03337, 0.06176], ndcg=[0.00996, 0.01336, 0.01564, 0.02101], Train Rec Loss=[0.04813], Eval Rec Loss=[0.04785], c=[0.50000], F=[0.79675, 0.98317, 0.92599, 0.89126], F_fuse=[0.00535, 0.00482, 0.00333, 0.00247]
[ INFO : 2026-07-02 20:06:26,605 ] - Epoch 60: train==[110.01786 = 0.59420 + 1.33226 + 16.53335 + 0.00232 + 0.00000 + 0.00035 + 613.92187]
[ INFO : 2026-07-02 20:06:33,157 ] - Test_@[5, 10, 20, 50]: Recall=[0.01355, 0.02417, 0.03299, 0.06035],  precision=[0.00271, 0.00242, 0.00165, 0.00121], hit=[0.01355, 0.02417, 0.03299, 0.06035], ndcg=[0.00990, 0.01326, 0.01545, 0.02066], Train Rec Loss=[0.04815], Eval Rec Loss=[0.04794], c=[0.50000], F=[0.80777, 0.98229, 0.92505, 0.89124], F_fuse=[0.00540, 0.00482, 0.00329, 0.00241]
[ INFO : 2026-07-02 20:07:54,959 ] - Epoch 61: train==[109.99463 = 0.59559 + 1.33139 + 16.50973 + 0.00234 + 0.00000 + 0.00034 + 613.91870]
[ INFO : 2026-07-02 20:08:01,506 ] - Test_@[5, 10, 20, 50]: Recall=[0.01330, 0.02391, 0.03299, 0.06125],  precision=[0.00266, 0.00239, 0.00165, 0.00122], hit=[0.01330, 0.02391, 0.03299, 0.06125], ndcg=[0.00978, 0.01314, 0.01540, 0.02078], Train Rec Loss=[0.04817], Eval Rec Loss=[0.04791], c=[0.50000], F=[0.80100, 0.98235, 0.92478, 0.89200], F_fuse=[0.00530, 0.00477, 0.00329, 0.00245]
[ INFO : 2026-07-02 20:09:27,601 ] - Epoch 62: train==[109.84180 = 0.59175 + 1.33052 + 16.36105 + 0.00235 + 0.00000 + 0.00033 + 613.91996]
[ INFO : 2026-07-02 20:09:34,118 ] - Test_@[5, 10, 20, 50]: Recall=[0.01330, 0.02404, 0.03273, 0.06061],  precision=[0.00266, 0.00240, 0.00164, 0.00121], hit=[0.01330, 0.02404, 0.03273, 0.06061], ndcg=[0.00978, 0.01317, 0.01533, 0.02065], Train Rec Loss=[0.04827], Eval Rec Loss=[0.04797], c=[0.50000], F=[0.80276, 0.98211, 0.92523, 0.89084], F_fuse=[0.00530, 0.00480, 0.00327, 0.00242]
[ INFO : 2026-07-02 20:10:55,345 ] - Epoch 63: train==[109.84062 = 0.58916 + 1.32972 + 16.36295 + 0.00238 + 0.00000 + 0.00033 + 613.91978]
[ INFO : 2026-07-02 20:11:01,847 ] - Test_@[5, 10, 20, 50]: Recall=[0.01330, 0.02404, 0.03273, 0.06061],  precision=[0.00266, 0.00240, 0.00164, 0.00121], hit=[0.01330, 0.02404, 0.03273, 0.06061], ndcg=[0.00976, 0.01316, 0.01531, 0.02063], Train Rec Loss=[0.04819], Eval Rec Loss=[0.04799], c=[0.50000], F=[0.80362, 0.98235, 0.92482, 0.89021], F_fuse=[0.00530, 0.00480, 0.00327, 0.00242]
[ INFO : 2026-07-02 20:12:22,943 ] - Epoch 64: train==[109.68898 = 0.59047 + 1.32865 + 16.21021 + 0.00238 + 0.00000 + 0.00033 + 613.92265]
[ INFO : 2026-07-02 20:12:29,501 ] - Test_@[5, 10, 20, 50]: Recall=[0.01343, 0.02417, 0.03273, 0.05997],  precision=[0.00269, 0.00242, 0.00164, 0.00120], hit=[0.01343, 0.02417, 0.03273, 0.05997], ndcg=[0.00983, 0.01322, 0.01535, 0.02055], Train Rec Loss=[0.04831], Eval Rec Loss=[0.04798], c=[0.50000], F=[0.79854, 0.98242, 0.92541, 0.88916], F_fuse=[0.00535, 0.00482, 0.00327, 0.00240]
[ INFO : 2026-07-02 20:13:51,072 ] - Epoch 65: train==[109.60783 = 0.58970 + 1.32730 + 16.13143 + 0.00243 + 0.00000 + 0.00032 + 613.91711]
[ INFO : 2026-07-02 20:13:57,597 ] - Test_@[5, 10, 20, 50]: Recall=[0.01330, 0.02391, 0.03273, 0.05971],  precision=[0.00266, 0.00239, 0.00164, 0.00119], hit=[0.01330, 0.02391, 0.03273, 0.05971], ndcg=[0.00971, 0.01307, 0.01526, 0.02040], Train Rec Loss=[0.04829], Eval Rec Loss=[0.04806], c=[0.50000], F=[0.80260, 0.98215, 0.92539, 0.88835], F_fuse=[0.00530, 0.00477, 0.00327, 0.00239]
[ INFO : 2026-07-02 20:15:18,657 ] - Epoch 66: train==[109.53548 = 0.58416 + 1.32613 + 16.06483 + 0.00244 + 0.00000 + 0.00032 + 613.92041]
[ INFO : 2026-07-02 20:15:25,169 ] - Test_@[5, 10, 20, 50]: Recall=[0.01330, 0.02391, 0.03235, 0.05984],  precision=[0.00266, 0.00239, 0.00162, 0.00120], hit=[0.01330, 0.02391, 0.03235, 0.05984], ndcg=[0.00960, 0.01296, 0.01507, 0.02032], Train Rec Loss=[0.04835], Eval Rec Loss=[0.04819], c=[0.50000], F=[0.80816, 0.98144, 0.92538, 0.88863], F_fuse=[0.00530, 0.00477, 0.00323, 0.00239]
[ INFO : 2026-07-02 20:16:46,736 ] - Epoch 67: train==[109.47188 = 0.58050 + 1.32469 + 16.00588 + 0.00245 + 0.00000 + 0.00031 + 613.91948]
[ INFO : 2026-07-02 20:16:53,261 ] - Test_@[5, 10, 20, 50]: Recall=[0.01330, 0.02404, 0.03235, 0.06022],  precision=[0.00266, 0.00240, 0.00162, 0.00120], hit=[0.01330, 0.02404, 0.03235, 0.06022], ndcg=[0.00961, 0.01300, 0.01508, 0.02041], Train Rec Loss=[0.04856], Eval Rec Loss=[0.04815], c=[0.50000], F=[0.81055, 0.98133, 0.92558, 0.88911], F_fuse=[0.00530, 0.00480, 0.00323, 0.00241]
[ INFO : 2026-07-02 20:18:14,281 ] - Epoch 68: train==[109.41948 = 0.57928 + 1.32342 + 15.95559 + 0.00247 + 0.00000 + 0.00031 + 613.91851]
[ INFO : 2026-07-02 20:18:20,822 ] - Test_@[5, 10, 20, 50]: Recall=[0.01330, 0.02391, 0.03260, 0.06022],  precision=[0.00266, 0.00239, 0.00163, 0.00120], hit=[0.01330, 0.02391, 0.03260, 0.06022], ndcg=[0.00954, 0.01290, 0.01507, 0.02033], Train Rec Loss=[0.04846], Eval Rec Loss=[0.04804], c=[0.50000], F=[0.80701, 0.98124, 0.92574, 0.89024], F_fuse=[0.00530, 0.00477, 0.00325, 0.00241]
[ INFO : 2026-07-02 20:19:42,006 ] - Epoch 69: train==[109.36024 = 0.57643 + 1.32186 + 15.90006 + 0.00249 + 0.00000 + 0.00031 + 613.91886]
[ INFO : 2026-07-02 20:19:48,558 ] - Test_@[5, 10, 20, 50]: Recall=[0.01330, 0.02391, 0.03222, 0.06009],  precision=[0.00266, 0.00239, 0.00161, 0.00120], hit=[0.01330, 0.02391, 0.03222, 0.06009], ndcg=[0.00953, 0.01289, 0.01496, 0.02029], Train Rec Loss=[0.04839], Eval Rec Loss=[0.04822], c=[0.50000], F=[0.80707, 0.98068, 0.92468, 0.89016], F_fuse=[0.00530, 0.00477, 0.00322, 0.00240]
[ INFO : 2026-07-02 20:21:11,180 ] - Epoch 70: train==[109.26173 = 0.57626 + 1.32000 + 15.80297 + 0.00249 + 0.00000 + 0.00030 + 613.91802]
[ INFO : 2026-07-02 20:21:17,685 ] - Test_@[5, 10, 20, 50]: Recall=[0.01330, 0.02404, 0.03260, 0.05984],  precision=[0.00266, 0.00240, 0.00163, 0.00120], hit=[0.01330, 0.02404, 0.03260, 0.05984], ndcg=[0.00952, 0.01291, 0.01504, 0.02024], Train Rec Loss=[0.04855], Eval Rec Loss=[0.04824], c=[0.50000], F=[0.81672, 0.98058, 0.92526, 0.89053], F_fuse=[0.00530, 0.00480, 0.00325, 0.00239]
[ INFO : 2026-07-02 20:22:38,961 ] - Epoch 71: train==[109.14486 = 0.57037 + 1.31830 + 15.69258 + 0.00252 + 0.00000 + 0.00030 + 613.92064]
[ INFO : 2026-07-02 20:22:45,464 ] - Test_@[5, 10, 20, 50]: Recall=[0.01317, 0.02404, 0.03222, 0.06009],  precision=[0.00263, 0.00240, 0.00161, 0.00120], hit=[0.01317, 0.02404, 0.03222, 0.06009], ndcg=[0.00945, 0.01289, 0.01493, 0.02026], Train Rec Loss=[0.04863], Eval Rec Loss=[0.04824], c=[0.50000], F=[0.80937, 0.98060, 0.92422, 0.88964], F_fuse=[0.00525, 0.00480, 0.00322, 0.00240]
[ INFO : 2026-07-02 20:24:06,763 ] - Epoch 72: train==[109.09447 = 0.57115 + 1.31641 + 15.64230 + 0.00253 + 0.00000 + 0.00030 + 613.92226]
[ INFO : 2026-07-02 20:24:13,256 ] - Test_@[5, 10, 20, 50]: Recall=[0.01317, 0.02391, 0.03235, 0.05997],  precision=[0.00263, 0.00239, 0.00162, 0.00120], hit=[0.01317, 0.02391, 0.03235, 0.05997], ndcg=[0.00947, 0.01288, 0.01498, 0.02026], Train Rec Loss=[0.04855], Eval Rec Loss=[0.04841], c=[0.50000], F=[0.81605, 0.98026, 0.92422, 0.89053], F_fuse=[0.00525, 0.00477, 0.00323, 0.00240]
[ INFO : 2026-07-02 20:25:34,136 ] - Epoch 73: train==[109.05746 = 0.56900 + 1.31420 + 15.60960 + 0.00254 + 0.00000 + 0.00030 + 613.91665]
[ INFO : 2026-07-02 20:25:40,713 ] - Test_@[5, 10, 20, 50]: Recall=[0.01291, 0.02378, 0.03222, 0.05958],  precision=[0.00258, 0.00238, 0.00161, 0.00119], hit=[0.01291, 0.02378, 0.03222, 0.05958], ndcg=[0.00934, 0.01280, 0.01490, 0.02015], Train Rec Loss=[0.04871], Eval Rec Loss=[0.04833], c=[0.50000], F=[0.81145, 0.98050, 0.92294, 0.88981], F_fuse=[0.00515, 0.00474, 0.00322, 0.00238]
[ INFO : 2026-07-02 20:27:08,761 ] - Epoch 74: train==[108.96869 = 0.56498 + 1.31208 + 15.52578 + 0.00256 + 0.00000 + 0.00029 + 613.91882]
[ INFO : 2026-07-02 20:27:15,309 ] - Test_@[5, 10, 20, 50]: Recall=[0.01279, 0.02417, 0.03235, 0.05958],  precision=[0.00256, 0.00242, 0.00162, 0.00119], hit=[0.01279, 0.02417, 0.03235, 0.05958], ndcg=[0.00927, 0.01289, 0.01492, 0.02014], Train Rec Loss=[0.04873], Eval Rec Loss=[0.04845], c=[0.50000], F=[0.81567, 0.98057, 0.92330, 0.89008], F_fuse=[0.00510, 0.00482, 0.00323, 0.00238]
[ INFO : 2026-07-02 20:28:36,359 ] - Epoch 75: train==[108.99538 = 0.56619 + 1.30961 + 15.55278 + 0.00256 + 0.00000 + 0.00029 + 613.91856]
[ INFO : 2026-07-02 20:28:42,907 ] - Test_@[5, 10, 20, 50]: Recall=[0.01291, 0.02391, 0.03209, 0.05971],  precision=[0.00258, 0.00239, 0.00160, 0.00119], hit=[0.01291, 0.02391, 0.03209, 0.05971], ndcg=[0.00931, 0.01281, 0.01485, 0.02015], Train Rec Loss=[0.04887], Eval Rec Loss=[0.04856], c=[0.50000], F=[0.81467, 0.97981, 0.92231, 0.88993], F_fuse=[0.00515, 0.00477, 0.00320, 0.00239]
[ INFO : 2026-07-02 20:30:03,605 ] - Epoch 76: train==[108.83206 = 0.56273 + 1.30660 + 15.39422 + 0.00259 + 0.00000 + 0.00029 + 613.92176]
[ INFO : 2026-07-02 20:30:10,122 ] - Test_@[5, 10, 20, 50]: Recall=[0.01279, 0.02404, 0.03171, 0.05984],  precision=[0.00256, 0.00240, 0.00159, 0.00120], hit=[0.01279, 0.02404, 0.03171, 0.05984], ndcg=[0.00918, 0.01278, 0.01469, 0.02009], Train Rec Loss=[0.04895], Eval Rec Loss=[0.04871], c=[0.50000], F=[0.82509, 0.97854, 0.92211, 0.89077], F_fuse=[0.00510, 0.00480, 0.00317, 0.00239]
[ INFO : 2026-07-02 20:31:33,009 ] - Epoch 77: train==[108.83444 = 0.56462 + 1.30397 + 15.39701 + 0.00261 + 0.00000 + 0.00028 + 613.91692]
[ INFO : 2026-07-02 20:31:39,506 ] - Test_@[5, 10, 20, 50]: Recall=[0.01317, 0.02404, 0.03222, 0.05933],  precision=[0.00263, 0.00240, 0.00161, 0.00119], hit=[0.01317, 0.02404, 0.03222, 0.05933], ndcg=[0.00938, 0.01283, 0.01487, 0.02005], Train Rec Loss=[0.04913], Eval Rec Loss=[0.04862], c=[0.50000], F=[0.82611, 0.97927, 0.92114, 0.89025], F_fuse=[0.00525, 0.00480, 0.00322, 0.00237]
[ INFO : 2026-07-02 20:33:00,288 ] - Epoch 78: train==[108.73772 = 0.56317 + 1.30095 + 15.30317 + 0.00262 + 0.00000 + 0.00028 + 613.91932]
[ INFO : 2026-07-02 20:33:06,838 ] - Test_@[5, 10, 20, 50]: Recall=[0.01291, 0.02404, 0.03197, 0.05894],  precision=[0.00258, 0.00240, 0.00160, 0.00118], hit=[0.01291, 0.02404, 0.03197, 0.05894], ndcg=[0.00925, 0.01279, 0.01477, 0.01994], Train Rec Loss=[0.04910], Eval Rec Loss=[0.04881], c=[0.50000], F=[0.82899, 0.97876, 0.92163, 0.89023], F_fuse=[0.00515, 0.00480, 0.00319, 0.00235]
[ INFO : 2026-07-02 20:34:35,655 ] - Epoch 79: train==[108.72539 = 0.56076 + 1.29749 + 15.29572 + 0.00264 + 0.00000 + 0.00028 + 613.91664]
[ INFO : 2026-07-02 20:34:42,196 ] - Test_@[5, 10, 20, 50]: Recall=[0.01304, 0.02404, 0.03184, 0.05894],  precision=[0.00261, 0.00240, 0.00159, 0.00118], hit=[0.01304, 0.02404, 0.03184, 0.05894], ndcg=[0.00926, 0.01277, 0.01471, 0.01991], Train Rec Loss=[0.04928], Eval Rec Loss=[0.04885], c=[0.50000], F=[0.83171, 0.97882, 0.92057, 0.89031], F_fuse=[0.00520, 0.00480, 0.00318, 0.00235]
[ INFO : 2026-07-02 20:36:04,884 ] - Epoch 80: train==[108.61074 = 0.55717 + 1.29394 + 15.18660 + 0.00265 + 0.00000 + 0.00028 + 613.91779]
[ INFO : 2026-07-02 20:36:11,411 ] - Test_@[5, 10, 20, 50]: Recall=[0.01304, 0.02404, 0.03209, 0.05894],  precision=[0.00261, 0.00240, 0.00160, 0.00118], hit=[0.01304, 0.02404, 0.03209, 0.05894], ndcg=[0.00926, 0.01276, 0.01476, 0.01990], Train Rec Loss=[0.04940], Eval Rec Loss=[0.04911], c=[0.50000], F=[0.83560, 0.97865, 0.91878, 0.88933], F_fuse=[0.00520, 0.00480, 0.00320, 0.00235]
[ INFO : 2026-07-02 20:37:32,606 ] - Epoch 81: train==[108.51280 = 0.55717 + 1.29016 + 15.09097 + 0.00267 + 0.00000 + 0.00028 + 613.91743]
[ INFO : 2026-07-02 20:37:39,124 ] - Test_@[5, 10, 20, 50]: Recall=[0.01279, 0.02442, 0.03171, 0.05907],  precision=[0.00256, 0.00244, 0.00159, 0.00118], hit=[0.01279, 0.02442, 0.03171, 0.05907], ndcg=[0.00915, 0.01285, 0.01466, 0.01991], Train Rec Loss=[0.04963], Eval Rec Loss=[0.04908], c=[0.50000], F=[0.83282, 0.97804, 0.91678, 0.88850], F_fuse=[0.00510, 0.00487, 0.00317, 0.00236]
[ INFO : 2026-07-02 20:39:00,346 ] - Epoch 82: train==[108.43765 = 0.55496 + 1.28665 + 15.02045 + 0.00268 + 0.00000 + 0.00027 + 613.91532]
[ INFO : 2026-07-02 20:39:06,880 ] - Test_@[5, 10, 20, 50]: Recall=[0.01227, 0.02417, 0.03197, 0.05907],  precision=[0.00245, 0.00242, 0.00160, 0.00118], hit=[0.01227, 0.02417, 0.03197, 0.05907], ndcg=[0.00892, 0.01272, 0.01465, 0.01984], Train Rec Loss=[0.04967], Eval Rec Loss=[0.04936], c=[0.50000], F=[0.83199, 0.97873, 0.91804, 0.88945], F_fuse=[0.00490, 0.00482, 0.00319, 0.00236]
[ INFO : 2026-07-02 20:40:27,984 ] - Epoch 83: train==[108.32115 = 0.55658 + 1.28254 + 14.90455 + 0.00269 + 0.00000 + 0.00027 + 613.91692]
[ INFO : 2026-07-02 20:40:34,510 ] - Test_@[5, 10, 20, 50]: Recall=[0.01227, 0.02391, 0.03145, 0.05946],  precision=[0.00245, 0.00239, 0.00157, 0.00119], hit=[0.01227, 0.02391, 0.03145, 0.05946], ndcg=[0.00889, 0.01263, 0.01452, 0.01990], Train Rec Loss=[0.04974], Eval Rec Loss=[0.04969], c=[0.50000], F=[0.83621, 0.97826, 0.91645, 0.88955], F_fuse=[0.00490, 0.00477, 0.00314, 0.00238]
[ INFO : 2026-07-02 20:41:57,768 ] - Epoch 84: train==[108.31482 = 0.55766 + 1.27823 + 14.89937 + 0.00271 + 0.00000 + 0.00027 + 613.91910]
[ INFO : 2026-07-02 20:42:04,308 ] - Test_@[5, 10, 20, 50]: Recall=[0.01227, 0.02417, 0.03145, 0.05920],  precision=[0.00245, 0.00242, 0.00157, 0.00118], hit=[0.01227, 0.02417, 0.03145, 0.05920], ndcg=[0.00888, 0.01269, 0.01451, 0.01983], Train Rec Loss=[0.05014], Eval Rec Loss=[0.04971], c=[0.50000], F=[0.83889, 0.97770, 0.91238, 0.88922], F_fuse=[0.00490, 0.00482, 0.00314, 0.00236]
[ INFO : 2026-07-02 20:43:25,291 ] - Epoch 85: train==[108.33741 = 0.55669 + 1.27439 + 14.92554 + 0.00271 + 0.00000 + 0.00027 + 613.91708]
[ INFO : 2026-07-02 20:43:31,871 ] - Test_@[5, 10, 20, 50]: Recall=[0.01227, 0.02417, 0.03133, 0.05830],  precision=[0.00245, 0.00242, 0.00157, 0.00117], hit=[0.01227, 0.02417, 0.03133, 0.05830], ndcg=[0.00890, 0.01272, 0.01451, 0.01970], Train Rec Loss=[0.05043], Eval Rec Loss=[0.04981], c=[0.50000], F=[0.83484, 0.97796, 0.91389, 0.88881], F_fuse=[0.00490, 0.00482, 0.00313, 0.00233]
[ INFO : 2026-07-02 20:44:52,762 ] - Epoch 86: train==[108.11642 = 0.55086 + 1.26965 + 14.71329 + 0.00274 + 0.00000 + 0.00027 + 613.91642]
[ INFO : 2026-07-02 20:44:59,288 ] - Test_@[5, 10, 20, 50]: Recall=[0.01253, 0.02391, 0.03158, 0.05856],  precision=[0.00251, 0.00239, 0.00158, 0.00117], hit=[0.01253, 0.02391, 0.03158, 0.05856], ndcg=[0.00901, 0.01266, 0.01457, 0.01975], Train Rec Loss=[0.05026], Eval Rec Loss=[0.05019], c=[0.50000], F=[0.84059, 0.97817, 0.91084, 0.88701], F_fuse=[0.00500, 0.00477, 0.00315, 0.00234]
[ INFO : 2026-07-02 20:46:22,409 ] - Epoch 87: train==[108.09467 = 0.54891 + 1.26500 + 14.69598 + 0.00275 + 0.00000 + 0.00026 + 613.91844]
[ INFO : 2026-07-02 20:46:28,923 ] - Test_@[5, 10, 20, 50]: Recall=[0.01202, 0.02417, 0.03094, 0.05830],  precision=[0.00240, 0.00242, 0.00155, 0.00117], hit=[0.01202, 0.02417, 0.03094, 0.05830], ndcg=[0.00868, 0.01259, 0.01428, 0.01956], Train Rec Loss=[0.05075], Eval Rec Loss=[0.05020], c=[0.50000], F=[0.83829, 0.97695, 0.91127, 0.88991], F_fuse=[0.00479, 0.00482, 0.00309, 0.00233]
[ INFO : 2026-07-02 20:47:49,796 ] - Epoch 88: train==[108.11646 = 0.54861 + 1.26125 + 14.72029 + 0.00274 + 0.00000 + 0.00026 + 613.91874]
[ INFO : 2026-07-02 20:47:56,320 ] - Test_@[5, 10, 20, 50]: Recall=[0.01240, 0.02404, 0.03094, 0.05818],  precision=[0.00248, 0.00240, 0.00155, 0.00116], hit=[0.01240, 0.02404, 0.03094, 0.05818], ndcg=[0.00885, 0.01260, 0.01433, 0.01958], Train Rec Loss=[0.05076], Eval Rec Loss=[0.05042], c=[0.50000], F=[0.85200, 0.97580, 0.91044, 0.88945], F_fuse=[0.00495, 0.00480, 0.00309, 0.00232]
[ INFO : 2026-07-02 20:49:17,369 ] - Epoch 89: train==[107.94637 = 0.55017 + 1.25640 + 14.55201 + 0.00278 + 0.00000 + 0.00026 + 613.91545]
[ INFO : 2026-07-02 20:49:23,850 ] - Test_@[5, 10, 20, 50]: Recall=[0.01215, 0.02378, 0.03094, 0.05869],  precision=[0.00243, 0.00238, 0.00155, 0.00117], hit=[0.01215, 0.02378, 0.03094, 0.05869], ndcg=[0.00876, 0.01251, 0.01432, 0.01967], Train Rec Loss=[0.05091], Eval Rec Loss=[0.05071], c=[0.50000], F=[0.84628, 0.97630, 0.91094, 0.88924], F_fuse=[0.00484, 0.00474, 0.00309, 0.00234]
[ INFO : 2026-07-02 20:50:45,122 ] - Epoch 90: train==[107.88086 = 0.54552 + 1.25219 + 14.49379 + 0.00278 + 0.00000 + 0.00026 + 613.91468]
[ INFO : 2026-07-02 20:50:51,663 ] - Test_@[5, 10, 20, 50]: Recall=[0.01215, 0.02365, 0.03094, 0.05907],  precision=[0.00243, 0.00237, 0.00155, 0.00118], hit=[0.01215, 0.02365, 0.03094, 0.05907], ndcg=[0.00872, 0.01244, 0.01428, 0.01970], Train Rec Loss=[0.05112], Eval Rec Loss=[0.05104], c=[0.50000], F=[0.84631, 0.97547, 0.91084, 0.89008], F_fuse=[0.00484, 0.00472, 0.00309, 0.00236]
[ INFO : 2026-07-02 20:52:22,216 ] - Epoch 91: train==[107.90319 = 0.54517 + 1.24760 + 14.51938 + 0.00279 + 0.00000 + 0.00026 + 613.91356]
[ INFO : 2026-07-02 20:52:28,741 ] - Test_@[5, 10, 20, 50]: Recall=[0.01279, 0.02353, 0.03094, 0.05894],  precision=[0.00256, 0.00235, 0.00155, 0.00118], hit=[0.01279, 0.02353, 0.03094, 0.05894], ndcg=[0.00881, 0.01225, 0.01411, 0.01951], Train Rec Loss=[0.05148], Eval Rec Loss=[0.05117], c=[0.50000], F=[0.84854, 0.97478, 0.91039, 0.89176], F_fuse=[0.00510, 0.00469, 0.00309, 0.00235]
[ INFO : 2026-07-02 20:53:49,579 ] - Epoch 92: train==[107.85095 = 0.54561 + 1.24337 + 14.46875 + 0.00279 + 0.00000 + 0.00025 + 613.91682]
[ INFO : 2026-07-02 20:53:56,114 ] - Test_@[5, 10, 20, 50]: Recall=[0.01240, 0.02365, 0.03094, 0.05856],  precision=[0.00248, 0.00237, 0.00155, 0.00117], hit=[0.01240, 0.02365, 0.03094, 0.05856], ndcg=[0.00869, 0.01232, 0.01415, 0.01947], Train Rec Loss=[0.05167], Eval Rec Loss=[0.05124], c=[0.50000], F=[0.84733, 0.97491, 0.90864, 0.88971], F_fuse=[0.00495, 0.00472, 0.00309, 0.00234]
[ INFO : 2026-07-02 20:55:17,291 ] - Epoch 93: train==[107.74122 = 0.54305 + 1.23887 + 14.36478 + 0.00280 + 0.00000 + 0.00026 + 613.91334]
[ INFO : 2026-07-02 20:55:23,831 ] - Test_@[5, 10, 20, 50]: Recall=[0.01227, 0.02365, 0.03120, 0.05882],  precision=[0.00245, 0.00237, 0.00156, 0.00118], hit=[0.01227, 0.02365, 0.03120, 0.05882], ndcg=[0.00848, 0.01214, 0.01403, 0.01933], Train Rec Loss=[0.05210], Eval Rec Loss=[0.05148], c=[0.50000], F=[0.85199, 0.97422, 0.90917, 0.89053], F_fuse=[0.00490, 0.00472, 0.00311, 0.00235]
[ INFO : 2026-07-02 20:56:44,807 ] - Epoch 94: train==[107.64043 = 0.54284 + 1.23460 + 14.26643 + 0.00283 + 0.00000 + 0.00025 + 613.91547]
[ INFO : 2026-07-02 20:56:51,310 ] - Test_@[5, 10, 20, 50]: Recall=[0.01202, 0.02378, 0.03120, 0.05856],  precision=[0.00240, 0.00238, 0.00156, 0.00117], hit=[0.01202, 0.02378, 0.03120, 0.05856], ndcg=[0.00840, 0.01219, 0.01404, 0.01930], Train Rec Loss=[0.05209], Eval Rec Loss=[0.05138], c=[0.50000], F=[0.84877, 0.97432, 0.90746, 0.88975], F_fuse=[0.00479, 0.00474, 0.00311, 0.00234]
[ INFO : 2026-07-02 20:58:12,344 ] - Epoch 95: train==[107.65247 = 0.54016 + 1.23034 + 14.28393 + 0.00283 + 0.00000 + 0.00025 + 613.91393]
[ INFO : 2026-07-02 20:58:18,973 ] - Test_@[5, 10, 20, 50]: Recall=[0.01215, 0.02365, 0.03120, 0.05869],  precision=[0.00243, 0.00237, 0.00156, 0.00117], hit=[0.01215, 0.02365, 0.03120, 0.05869], ndcg=[0.00844, 0.01215, 0.01403, 0.01930], Train Rec Loss=[0.05217], Eval Rec Loss=[0.05201], c=[0.50000], F=[0.84851, 0.97417, 0.90842, 0.89023], F_fuse=[0.00484, 0.00472, 0.00311, 0.00234]
[ INFO : 2026-07-02 20:59:42,248 ] - Epoch 96: train==[107.59365 = 0.54793 + 1.22504 + 14.22030 + 0.00284 + 0.00000 + 0.00025 + 613.91534]
[ INFO : 2026-07-02 20:59:48,796 ] - Test_@[5, 10, 20, 50]: Recall=[0.01266, 0.02327, 0.03069, 0.05728],  precision=[0.00253, 0.00233, 0.00153, 0.00115], hit=[0.01266, 0.02327, 0.03069, 0.05728], ndcg=[0.00864, 0.01204, 0.01391, 0.01905], Train Rec Loss=[0.05227], Eval Rec Loss=[0.05214], c=[0.50000], F=[0.85506, 0.97280, 0.90580, 0.88971], F_fuse=[0.00505, 0.00464, 0.00306, 0.00229]
[ INFO : 2026-07-02 21:01:10,094 ] - Epoch 97: train==[107.45351 = 0.54158 + 1.22082 + 14.08942 + 0.00285 + 0.00000 + 0.00025 + 613.91278]
[ INFO : 2026-07-02 21:01:16,612 ] - Test_@[5, 10, 20, 50]: Recall=[0.01215, 0.02353, 0.03069, 0.05869],  precision=[0.00243, 0.00235, 0.00153, 0.00117], hit=[0.01215, 0.02353, 0.03069, 0.05869], ndcg=[0.00843, 0.01209, 0.01389, 0.01929], Train Rec Loss=[0.05292], Eval Rec Loss=[0.05269], c=[0.50000], F=[0.85113, 0.97428, 0.90726, 0.89024], F_fuse=[0.00484, 0.00469, 0.00306, 0.00234]
[ INFO : 2026-07-02 21:02:37,600 ] - Epoch 98: train==[107.55463 = 0.54098 + 1.21535 + 14.19423 + 0.00288 + 0.00000 + 0.00025 + 613.91388]
[ INFO : 2026-07-02 21:02:44,161 ] - Test_@[5, 10, 20, 50]: Recall=[0.01215, 0.02327, 0.03018, 0.05767],  precision=[0.00243, 0.00233, 0.00151, 0.00115], hit=[0.01215, 0.02327, 0.03018, 0.05767], ndcg=[0.00815, 0.01173, 0.01346, 0.01877], Train Rec Loss=[0.05329], Eval Rec Loss=[0.05273], c=[0.50000], F=[0.85563, 0.97229, 0.90878, 0.89233], F_fuse=[0.00484, 0.00464, 0.00301, 0.00230]
[ INFO : 2026-07-02 21:04:06,841 ] - Epoch 99: train==[107.42981 = 0.53578 + 1.21143 + 14.07659 + 0.00289 + 0.00000 + 0.00024 + 613.91632]
[ INFO : 2026-07-02 21:04:13,389 ] - Test_@[5, 10, 20, 50]: Recall=[0.01240, 0.02276, 0.02992, 0.05792],  precision=[0.00248, 0.00228, 0.00150, 0.00116], hit=[0.01240, 0.02276, 0.02992, 0.05792], ndcg=[0.00826, 0.01161, 0.01344, 0.01886], Train Rec Loss=[0.05360], Eval Rec Loss=[0.05283], c=[0.50000], F=[0.85599, 0.97166, 0.90523, 0.89169], F_fuse=[0.00495, 0.00454, 0.00299, 0.00231]
[ INFO : 2026-07-02 21:05:34,677 ] - Epoch 100: train==[107.31601 = 0.53630 + 1.20675 + 13.96508 + 0.00288 + 0.00000 + 0.00024 + 613.91635]
[ INFO : 2026-07-02 21:05:41,220 ] - Test_@[5, 10, 20, 50]: Recall=[0.01253, 0.02327, 0.02979, 0.05779],  precision=[0.00251, 0.00233, 0.00149, 0.00116], hit=[0.01253, 0.02327, 0.02979, 0.05779], ndcg=[0.00829, 0.01176, 0.01341, 0.01884], Train Rec Loss=[0.05334], Eval Rec Loss=[0.05354], c=[0.50000], F=[0.85685, 0.97162, 0.90656, 0.89064], F_fuse=[0.00500, 0.00464, 0.00297, 0.00231]
[ INFO : 2026-07-02 21:07:02,537 ] - Epoch 101: train==[107.26809 = 0.53879 + 1.20272 + 13.91744 + 0.00291 + 0.00000 + 0.00024 + 613.91386]
[ INFO : 2026-07-02 21:07:09,079 ] - Test_@[5, 10, 20, 50]: Recall=[0.01227, 0.02263, 0.03094, 0.05869],  precision=[0.00245, 0.00226, 0.00155, 0.00117], hit=[0.01227, 0.02263, 0.03094, 0.05869], ndcg=[0.00843, 0.01180, 0.01390, 0.01922], Train Rec Loss=[0.05367], Eval Rec Loss=[0.05350], c=[0.50000], F=[0.85595, 0.97093, 0.90574, 0.89191], F_fuse=[0.00490, 0.00452, 0.00309, 0.00234]
[ INFO : 2026-07-02 21:08:30,538 ] - Epoch 102: train==[107.13178 = 0.53575 + 1.19790 + 13.78714 + 0.00290 + 0.00000 + 0.00026 + 613.91323]
[ INFO : 2026-07-02 21:08:37,100 ] - Test_@[5, 10, 20, 50]: Recall=[0.01227, 0.02263, 0.02954, 0.05818],  precision=[0.00245, 0.00226, 0.00148, 0.00116], hit=[0.01227, 0.02263, 0.02954, 0.05818], ndcg=[0.00803, 0.01140, 0.01315, 0.01869], Train Rec Loss=[0.05417], Eval Rec Loss=[0.05402], c=[0.50000], F=[0.85637, 0.97024, 0.90659, 0.89241], F_fuse=[0.00490, 0.00452, 0.00295, 0.00232]
[ INFO : 2026-07-02 21:10:04,190 ] - Epoch 103: train==[107.12373 = 0.53058 + 1.19386 + 13.78667 + 0.00293 + 0.00000 + 0.00024 + 613.91334]
[ INFO : 2026-07-02 21:10:10,716 ] - Test_@[5, 10, 20, 50]: Recall=[0.01202, 0.02250, 0.03030, 0.05830],  precision=[0.00240, 0.00225, 0.00152, 0.00117], hit=[0.01202, 0.02250, 0.03030, 0.05830], ndcg=[0.00815, 0.01157, 0.01354, 0.01893], Train Rec Loss=[0.05429], Eval Rec Loss=[0.05420], c=[0.50000], F=[0.85356, 0.97110, 0.90646, 0.89160], F_fuse=[0.00479, 0.00449, 0.00303, 0.00233]
[ INFO : 2026-07-02 21:11:31,857 ] - Epoch 104: train==[107.06648 = 0.53004 + 1.19005 + 13.73221 + 0.00293 + 0.00000 + 0.00024 + 613.91347]
[ INFO : 2026-07-02 21:11:38,402 ] - Test_@[5, 10, 20, 50]: Recall=[0.01215, 0.02250, 0.02979, 0.05767],  precision=[0.00243, 0.00225, 0.00149, 0.00115], hit=[0.01215, 0.02250, 0.02979, 0.05767], ndcg=[0.00797, 0.01133, 0.01318, 0.01856], Train Rec Loss=[0.05436], Eval Rec Loss=[0.05468], c=[0.50000], F=[0.85662, 0.97131, 0.90518, 0.89057], F_fuse=[0.00484, 0.00449, 0.00297, 0.00230]
[ INFO : 2026-07-02 21:12:59,705 ] - Epoch 105: train==[107.01898 = 0.53388 + 1.18564 + 13.68391 + 0.00293 + 0.00000 + 0.00024 + 613.91079]
[ INFO : 2026-07-02 21:13:06,205 ] - Test_@[5, 10, 20, 50]: Recall=[0.01266, 0.02263, 0.02979, 0.05651],  precision=[0.00253, 0.00226, 0.00149, 0.00113], hit=[0.01266, 0.02263, 0.02979, 0.05651], ndcg=[0.00834, 0.01156, 0.01338, 0.01854], Train Rec Loss=[0.05555], Eval Rec Loss=[0.05448], c=[0.50000], F=[0.85630, 0.96968, 0.90564, 0.89217], F_fuse=[0.00505, 0.00452, 0.00297, 0.00226]
[ INFO : 2026-07-02 21:14:29,183 ] - Epoch 106: train==[106.98843 = 0.53644 + 1.18157 + 13.65271 + 0.00293 + 0.00000 + 0.00024 + 613.91441]
[ INFO : 2026-07-02 21:14:35,714 ] - Test_@[5, 10, 20, 50]: Recall=[0.01266, 0.02263, 0.02954, 0.05690],  precision=[0.00253, 0.00226, 0.00148, 0.00114], hit=[0.01266, 0.02263, 0.02954, 0.05690], ndcg=[0.00805, 0.01130, 0.01305, 0.01833], Train Rec Loss=[0.05532], Eval Rec Loss=[0.05470], c=[0.50000], F=[0.85924, 0.96772, 0.90477, 0.89252], F_fuse=[0.00505, 0.00452, 0.00295, 0.00227]
[ INFO : 2026-07-02 21:15:57,083 ] - Epoch 107: train==[106.95647 = 0.52649 + 1.17701 + 13.63410 + 0.00295 + 0.00000 + 0.00023 + 613.90995]
[ INFO : 2026-07-02 21:16:03,660 ] - Test_@[5, 10, 20, 50]: Recall=[0.01240, 0.02238, 0.02979, 0.05754],  precision=[0.00248, 0.00224, 0.00149, 0.00115], hit=[0.01240, 0.02238, 0.02979, 0.05754], ndcg=[0.00802, 0.01127, 0.01314, 0.01849], Train Rec Loss=[0.05579], Eval Rec Loss=[0.05517], c=[0.50000], F=[0.86142, 0.96784, 0.90242, 0.89248], F_fuse=[0.00495, 0.00446, 0.00297, 0.00230]
[ INFO : 2026-07-02 21:17:27,425 ] - Epoch 108: train==[106.88206 = 0.52575 + 1.17387 + 13.56184 + 0.00297 + 0.00000 + 0.00024 + 613.91290]
[ INFO : 2026-07-02 21:17:33,931 ] - Test_@[5, 10, 20, 50]: Recall=[0.01215, 0.02276, 0.02954, 0.05767],  precision=[0.00243, 0.00228, 0.00148, 0.00115], hit=[0.01215, 0.02276, 0.02954, 0.05767], ndcg=[0.00775, 0.01118, 0.01290, 0.01835], Train Rec Loss=[0.05586], Eval Rec Loss=[0.05521], c=[0.50000], F=[0.85937, 0.96912, 0.90397, 0.89150], F_fuse=[0.00485, 0.00454, 0.00295, 0.00230]
[ INFO : 2026-07-02 21:18:55,603 ] - Epoch 109: train==[106.76954 = 0.52470 + 1.17013 + 13.45262 + 0.00298 + 0.00000 + 0.00024 + 613.91279]
[ INFO : 2026-07-02 21:19:02,108 ] - Test_@[5, 10, 20, 50]: Recall=[0.01202, 0.02250, 0.03005, 0.05767],  precision=[0.00240, 0.00225, 0.00150, 0.00115], hit=[0.01202, 0.02250, 0.03005, 0.05767], ndcg=[0.00767, 0.01107, 0.01297, 0.01831], Train Rec Loss=[0.05640], Eval Rec Loss=[0.05560], c=[0.50000], F=[0.85720, 0.96909, 0.90321, 0.89111], F_fuse=[0.00479, 0.00449, 0.00300, 0.00230]
[ INFO : 2026-07-02 21:20:23,424 ] - Epoch 110: train==[106.69575 = 0.52168 + 1.16666 + 13.38383 + 0.00299 + 0.00000 + 0.00023 + 613.91348]
[ INFO : 2026-07-02 21:20:29,929 ] - Test_@[5, 10, 20, 50]: Recall=[0.01253, 0.02186, 0.02941, 0.05664],  precision=[0.00251, 0.00219, 0.00147, 0.00113], hit=[0.01253, 0.02186, 0.02941, 0.05664], ndcg=[0.00813, 0.01115, 0.01308, 0.01834], Train Rec Loss=[0.05664], Eval Rec Loss=[0.05581], c=[0.50000], F=[0.86541, 0.96613, 0.90458, 0.89283], F_fuse=[0.00500, 0.00436, 0.00294, 0.00226]
[ INFO : 2026-07-02 21:21:51,459 ] - Epoch 111: train==[106.66439 = 0.52132 + 1.16281 + 13.35536 + 0.00302 + 0.00000 + 0.00023 + 613.91180]
[ INFO : 2026-07-02 21:21:57,969 ] - Test_@[5, 10, 20, 50]: Recall=[0.01291, 0.02212, 0.02966, 0.05639],  precision=[0.00258, 0.00221, 0.00148, 0.00113], hit=[0.01291, 0.02212, 0.02966, 0.05639], ndcg=[0.00824, 0.01123, 0.01313, 0.01829], Train Rec Loss=[0.05688], Eval Rec Loss=[0.05619], c=[0.50000], F=[0.86730, 0.96661, 0.90504, 0.89227], F_fuse=[0.00515, 0.00441, 0.00296, 0.00225]
[ INFO : 2026-07-02 21:23:19,142 ] - Epoch 112: train==[106.59262 = 0.52391 + 1.15953 + 13.28323 + 0.00300 + 0.00000 + 0.00023 + 613.91010]
[ INFO : 2026-07-02 21:23:25,669 ] - Test_@[5, 10, 20, 50]: Recall=[0.01227, 0.02199, 0.02902, 0.05613],  precision=[0.00245, 0.00220, 0.00145, 0.00112], hit=[0.01227, 0.02199, 0.02902, 0.05613], ndcg=[0.00768, 0.01084, 0.01263, 0.01788], Train Rec Loss=[0.05691], Eval Rec Loss=[0.05652], c=[0.50000], F=[0.85665, 0.96733, 0.90505, 0.89453], F_fuse=[0.00490, 0.00439, 0.00290, 0.00224]
[ INFO : 2026-07-02 21:24:48,639 ] - Epoch 113: train==[106.63761 = 0.51772 + 1.15581 + 13.33618 + 0.00300 + 0.00000 + 0.00023 + 613.91334]
[ INFO : 2026-07-02 21:24:55,147 ] - Test_@[5, 10, 20, 50]: Recall=[0.01202, 0.02212, 0.02954, 0.05754],  precision=[0.00240, 0.00221, 0.00148, 0.00115], hit=[0.01202, 0.02212, 0.02954, 0.05754], ndcg=[0.00792, 0.01117, 0.01306, 0.01846], Train Rec Loss=[0.05727], Eval Rec Loss=[0.05704], c=[0.50000], F=[0.86832, 0.96452, 0.90329, 0.89223], F_fuse=[0.00479, 0.00441, 0.00295, 0.00230]
[ INFO : 2026-07-02 21:26:16,423 ] - Epoch 114: train==[106.58850 = 0.51696 + 1.15215 + 13.29025 + 0.00304 + 0.00000 + 0.00024 + 613.91144]
[ INFO : 2026-07-02 21:26:22,986 ] - Test_@[5, 10, 20, 50]: Recall=[0.01291, 0.02225, 0.02864, 0.05626],  precision=[0.00258, 0.00222, 0.00143, 0.00113], hit=[0.01291, 0.02225, 0.02864, 0.05626], ndcg=[0.00820, 0.01122, 0.01285, 0.01819], Train Rec Loss=[0.05737], Eval Rec Loss=[0.05757], c=[0.50000], F=[0.86276, 0.96430, 0.90776, 0.89622], F_fuse=[0.00515, 0.00444, 0.00286, 0.00225]
[ INFO : 2026-07-02 21:27:46,045 ] - Epoch 115: train==[106.46556 = 0.51963 + 1.14869 + 13.16671 + 0.00303 + 0.00000 + 0.00023 + 613.91158]
[ INFO : 2026-07-02 21:27:52,587 ] - Test_@[5, 10, 20, 50]: Recall=[0.01176, 0.02225, 0.03005, 0.05651],  precision=[0.00235, 0.00222, 0.00150, 0.00113], hit=[0.01176, 0.02225, 0.03005, 0.05651], ndcg=[0.00756, 0.01096, 0.01292, 0.01805], Train Rec Loss=[0.05799], Eval Rec Loss=[0.05737], c=[0.50000], F=[0.85480, 0.96711, 0.90612, 0.89466], F_fuse=[0.00469, 0.00444, 0.00300, 0.00226]
[ INFO : 2026-07-02 21:29:15,845 ] - Epoch 116: train==[106.42444 = 0.51657 + 1.14518 + 13.13028 + 0.00305 + 0.00000 + 0.00023 + 613.91464]
[ INFO : 2026-07-02 21:29:22,358 ] - Test_@[5, 10, 20, 50]: Recall=[0.01215, 0.02199, 0.02928, 0.05651],  precision=[0.00243, 0.00220, 0.00146, 0.00113], hit=[0.01215, 0.02199, 0.02928, 0.05651], ndcg=[0.00760, 0.01077, 0.01262, 0.01790], Train Rec Loss=[0.05836], Eval Rec Loss=[0.05783], c=[0.50000], F=[0.86061, 0.96299, 0.90501, 0.89682], F_fuse=[0.00485, 0.00439, 0.00292, 0.00226]
[ INFO : 2026-07-02 21:30:48,981 ] - Epoch 117: train==[106.32105 = 0.51240 + 1.14256 + 13.03300 + 0.00306 + 0.00000 + 0.00023 + 613.91210]
[ INFO : 2026-07-02 21:30:55,526 ] - Test_@[5, 10, 20, 50]: Recall=[0.01266, 0.02148, 0.02877, 0.05536],  precision=[0.00253, 0.00215, 0.00144, 0.00111], hit=[0.01266, 0.02148, 0.02877, 0.05536], ndcg=[0.00778, 0.01066, 0.01252, 0.01768], Train Rec Loss=[0.05859], Eval Rec Loss=[0.05828], c=[0.50000], F=[0.86448, 0.96209, 0.90144, 0.89527], F_fuse=[0.00505, 0.00429, 0.00287, 0.00221]
[ INFO : 2026-07-02 21:32:16,779 ] - Epoch 118: train==[106.25354 = 0.51074 + 1.13901 + 12.96958 + 0.00307 + 0.00000 + 0.00023 + 613.91009]
[ INFO : 2026-07-02 21:32:23,318 ] - Test_@[5, 10, 20, 50]: Recall=[0.01330, 0.02161, 0.02877, 0.05472],  precision=[0.00266, 0.00216, 0.00144, 0.00109], hit=[0.01330, 0.02161, 0.02877, 0.05472], ndcg=[0.00801, 0.01069, 0.01251, 0.01755], Train Rec Loss=[0.05911], Eval Rec Loss=[0.05878], c=[0.50000], F=[0.86637, 0.96134, 0.90464, 0.89720], F_fuse=[0.00530, 0.00431, 0.00287, 0.00219]
[ INFO : 2026-07-02 21:33:44,375 ] - Epoch 119: train==[106.28131 = 0.51268 + 1.13581 + 12.99674 + 0.00308 + 0.00000 + 0.00023 + 613.91390]
[ INFO : 2026-07-02 21:33:50,970 ] - Test_@[5, 10, 20, 50]: Recall=[0.01253, 0.02174, 0.02877, 0.05562],  precision=[0.00251, 0.00217, 0.00144, 0.00111], hit=[0.01253, 0.02174, 0.02877, 0.05562], ndcg=[0.00770, 0.01067, 0.01245, 0.01766], Train Rec Loss=[0.05880], Eval Rec Loss=[0.05885], c=[0.50000], F=[0.85767, 0.96188, 0.90238, 0.89732], F_fuse=[0.00500, 0.00434, 0.00287, 0.00222]
[ INFO : 2026-07-02 21:35:20,843 ] - Epoch 120: train==[106.19197 = 0.51053 + 1.13288 + 12.91192 + 0.00308 + 0.00000 + 0.00022 + 613.90985]
[ INFO : 2026-07-02 21:35:27,366 ] - Test_@[5, 10, 20, 50]: Recall=[0.01240, 0.02212, 0.02877, 0.05626],  precision=[0.00248, 0.00221, 0.00144, 0.00113], hit=[0.01240, 0.02212, 0.02877, 0.05626], ndcg=[0.00774, 0.01087, 0.01255, 0.01791], Train Rec Loss=[0.05973], Eval Rec Loss=[0.05926], c=[0.50000], F=[0.86160, 0.96236, 0.90102, 0.89519], F_fuse=[0.00495, 0.00441, 0.00287, 0.00225]
[ INFO : 2026-07-02 21:36:48,712 ] - Epoch 121: train==[106.10733 = 0.51231 + 1.13001 + 12.82691 + 0.00311 + 0.00000 + 0.00022 + 613.91187]
[ INFO : 2026-07-02 21:36:55,233 ] - Test_@[5, 10, 20, 50]: Recall=[0.01240, 0.02225, 0.02928, 0.05600],  precision=[0.00248, 0.00222, 0.00146, 0.00112], hit=[0.01240, 0.02225, 0.02928, 0.05600], ndcg=[0.00751, 0.01070, 0.01247, 0.01764], Train Rec Loss=[0.05961], Eval Rec Loss=[0.05971], c=[0.50000], F=[0.86164, 0.96315, 0.90134, 0.89410], F_fuse=[0.00495, 0.00444, 0.00292, 0.00224]
[ INFO : 2026-07-02 21:38:16,309 ] - Epoch 122: train==[106.12937 = 0.50473 + 1.12672 + 12.85869 + 0.00309 + 0.00000 + 0.00022 + 613.91060]
[ INFO : 2026-07-02 21:38:22,810 ] - Test_@[5, 10, 20, 50]: Recall=[0.01266, 0.02186, 0.02928, 0.05434],  precision=[0.00253, 0.00219, 0.00146, 0.00109], hit=[0.01266, 0.02186, 0.02928, 0.05434], ndcg=[0.00757, 0.01055, 0.01243, 0.01728], Train Rec Loss=[0.06025], Eval Rec Loss=[0.05954], c=[0.50000], F=[0.85732, 0.96310, 0.90355, 0.89762], F_fuse=[0.00505, 0.00436, 0.00292, 0.00217]
[ INFO : 2026-07-02 21:39:44,702 ] - Epoch 123: train==[106.11883 = 0.50346 + 1.12395 + 12.85058 + 0.00311 + 0.00000 + 0.00022 + 613.91396]
[ INFO : 2026-07-02 21:39:51,235 ] - Test_@[5, 10, 20, 50]: Recall=[0.01227, 0.02135, 0.02851, 0.05524],  precision=[0.00245, 0.00214, 0.00143, 0.00110], hit=[0.01227, 0.02135, 0.02851, 0.05524], ndcg=[0.00759, 0.01056, 0.01237, 0.01756], Train Rec Loss=[0.06031], Eval Rec Loss=[0.06019], c=[0.50000], F=[0.86010, 0.96032, 0.90478, 0.89665], F_fuse=[0.00490, 0.00426, 0.00285, 0.00221]
[ INFO : 2026-07-02 21:41:12,124 ] - Epoch 124: train==[106.05496 = 0.51475 + 1.12169 + 12.77562 + 0.00309 + 0.00000 + 0.00024 + 613.92166]
[ INFO : 2026-07-02 21:41:18,661 ] - Test_@[5, 10, 20, 50]: Recall=[0.01317, 0.02097, 0.02851, 0.05472],  precision=[0.00263, 0.00210, 0.00143, 0.00109], hit=[0.01317, 0.02097, 0.02851, 0.05472], ndcg=[0.00783, 0.01039, 0.01232, 0.01739], Train Rec Loss=[0.06079], Eval Rec Loss=[0.06061], c=[0.50000], F=[0.86141, 0.95731, 0.90363, 0.89815], F_fuse=[0.00525, 0.00418, 0.00285, 0.00219]
[ INFO : 2026-07-02 21:42:39,729 ] - Epoch 125: train==[105.94416 = 0.50923 + 1.11894 + 12.67417 + 0.00313 + 0.00000 + 0.00022 + 613.90692]
[ INFO : 2026-07-02 21:42:46,253 ] - Test_@[5, 10, 20, 50]: Recall=[0.01304, 0.02122, 0.02890, 0.05562],  precision=[0.00261, 0.00212, 0.00144, 0.00111], hit=[0.01304, 0.02122, 0.02890, 0.05562], ndcg=[0.00793, 0.01059, 0.01254, 0.01772], Train Rec Loss=[0.06082], Eval Rec Loss=[0.05994], c=[0.50000], F=[0.86298, 0.96113, 0.90449, 0.89710], F_fuse=[0.00520, 0.00424, 0.00289, 0.00222]
[ INFO : 2026-07-02 21:44:07,573 ] - Epoch 126: train==[105.95283 = 0.50000 + 1.11606 + 12.69235 + 0.00313 + 0.00000 + 0.00023 + 613.91657]
[ INFO : 2026-07-02 21:44:14,096 ] - Test_@[5, 10, 20, 50]: Recall=[0.01304, 0.02097, 0.02864, 0.05472],  precision=[0.00261, 0.00210, 0.00143, 0.00109], hit=[0.01304, 0.02097, 0.02864, 0.05472], ndcg=[0.00777, 0.01034, 0.01226, 0.01733], Train Rec Loss=[0.06115], Eval Rec Loss=[0.06108], c=[0.50000], F=[0.86742, 0.95495, 0.90611, 0.90096], F_fuse=[0.00520, 0.00418, 0.00286, 0.00219]
[ INFO : 2026-07-02 21:45:35,230 ] - Epoch 127: train==[105.90805 = 0.50405 + 1.11395 + 12.64519 + 0.00316 + 0.00000 + 0.00022 + 613.91373]
[ INFO : 2026-07-02 21:45:41,782 ] - Test_@[5, 10, 20, 50]: Recall=[0.01394, 0.02084, 0.02890, 0.05524],  precision=[0.00279, 0.00208, 0.00144, 0.00110], hit=[0.01394, 0.02084, 0.02890, 0.05524], ndcg=[0.00824, 0.01049, 0.01252, 0.01762], Train Rec Loss=[0.06226], Eval Rec Loss=[0.06216], c=[0.50000], F=[0.86125, 0.95514, 0.90242, 0.89860], F_fuse=[0.00556, 0.00416, 0.00289, 0.00221]
[ INFO : 2026-07-02 21:47:03,018 ] - Epoch 128: train==[105.83094 = 0.50063 + 1.11164 + 12.57306 + 0.00316 + 0.00000 + 0.00022 + 613.91262]
[ INFO : 2026-07-02 21:47:09,570 ] - Test_@[5, 10, 20, 50]: Recall=[0.01215, 0.02135, 0.02851, 0.05511],  precision=[0.00243, 0.00214, 0.00143, 0.00110], hit=[0.01215, 0.02135, 0.02851, 0.05511], ndcg=[0.00715, 0.01014, 0.01195, 0.01710], Train Rec Loss=[0.06141], Eval Rec Loss=[0.06199], c=[0.50000], F=[0.86112, 0.95490, 0.90174, 0.89902], F_fuse=[0.00485, 0.00426, 0.00285, 0.00220]
[ INFO : 2026-07-02 21:48:30,617 ] - Epoch 129: train==[105.73643 = 0.49694 + 1.10894 + 12.48349 + 0.00317 + 0.00000 + 0.00022 + 613.91497]
[ INFO : 2026-07-02 21:48:37,186 ] - Test_@[5, 10, 20, 50]: Recall=[0.01304, 0.02110, 0.02839, 0.05536],  precision=[0.00261, 0.00211, 0.00142, 0.00111], hit=[0.01304, 0.02110, 0.02839, 0.05536], ndcg=[0.00769, 0.01031, 0.01216, 0.01737], Train Rec Loss=[0.06215], Eval Rec Loss=[0.06166], c=[0.50000], F=[0.86831, 0.95455, 0.90217, 0.89842], F_fuse=[0.00520, 0.00421, 0.00283, 0.00221]
[ INFO : 2026-07-02 21:50:00,324 ] - Epoch 130: train==[105.69679 = 0.49479 + 1.10645 + 12.44774 + 0.00317 + 0.00000 + 0.00022 + 613.91337]
[ INFO : 2026-07-02 21:50:06,881 ] - Test_@[5, 10, 20, 50]: Recall=[0.01151, 0.02097, 0.02928, 0.05409],  precision=[0.00230, 0.00210, 0.00146, 0.00108], hit=[0.01151, 0.02097, 0.02928, 0.05409], ndcg=[0.00702, 0.01015, 0.01225, 0.01707], Train Rec Loss=[0.06271], Eval Rec Loss=[0.06244], c=[0.50000], F=[0.85802, 0.95686, 0.90131, 0.89813], F_fuse=[0.00459, 0.00418, 0.00292, 0.00216]
[ INFO : 2026-07-02 21:51:29,591 ] - Epoch 131: train==[105.73161 = 0.49834 + 1.10409 + 12.47820 + 0.00316 + 0.00000 + 0.00026 + 613.92800]
[ INFO : 2026-07-02 21:51:36,196 ] - Test_@[5, 10, 20, 50]: Recall=[0.01266, 0.02110, 0.02736, 0.05370],  precision=[0.00253, 0.00211, 0.00137, 0.00107], hit=[0.01266, 0.02110, 0.02736, 0.05370], ndcg=[0.00750, 0.01028, 0.01189, 0.01701], Train Rec Loss=[0.06301], Eval Rec Loss=[0.06241], c=[0.50000], F=[0.86109, 0.95082, 0.90290, 0.90121], F_fuse=[0.00505, 0.00421, 0.00273, 0.00215]
[ INFO : 2026-07-02 21:52:58,003 ] - Epoch 132: train==[105.63480 = 0.49393 + 1.10197 + 12.38945 + 0.00316 + 0.00000 + 0.00022 + 613.91233]
[ INFO : 2026-07-02 21:53:04,556 ] - Test_@[5, 10, 20, 50]: Recall=[0.01317, 0.02084, 0.02839, 0.05472],  precision=[0.00263, 0.00208, 0.00142, 0.00109], hit=[0.01317, 0.02084, 0.02839, 0.05472], ndcg=[0.00803, 0.01052, 0.01242, 0.01752], Train Rec Loss=[0.06268], Eval Rec Loss=[0.06290], c=[0.50000], F=[0.86738, 0.94718, 0.90199, 0.90234], F_fuse=[0.00525, 0.00416, 0.00283, 0.00219]
[ INFO : 2026-07-02 21:54:28,378 ] - Epoch 133: train==[105.61420 = 0.49091 + 1.09980 + 12.37331 + 0.00318 + 0.00000 + 0.00022 + 613.91128]
[ INFO : 2026-07-02 21:54:34,905 ] - Test_@[5, 10, 20, 50]: Recall=[0.01291, 0.02110, 0.02787, 0.05409],  precision=[0.00258, 0.00211, 0.00139, 0.00108], hit=[0.01291, 0.02110, 0.02787, 0.05409], ndcg=[0.00769, 0.01034, 0.01205, 0.01716], Train Rec Loss=[0.06330], Eval Rec Loss=[0.06256], c=[0.50000], F=[0.87080, 0.94873, 0.90211, 0.90227], F_fuse=[0.00515, 0.00421, 0.00278, 0.00216]
[ INFO : 2026-07-02 21:55:56,441 ] - Epoch 134: train==[105.57002 = 0.49048 + 1.09762 + 12.33010 + 0.00320 + 0.00000 + 0.00022 + 613.91636]
[ INFO : 2026-07-02 21:56:02,962 ] - Test_@[5, 10, 20, 50]: Recall=[0.01317, 0.02071, 0.02839, 0.05409],  precision=[0.00263, 0.00207, 0.00142, 0.00108], hit=[0.01317, 0.02071, 0.02839, 0.05409], ndcg=[0.00772, 0.01018, 0.01212, 0.01709], Train Rec Loss=[0.06414], Eval Rec Loss=[0.06391], c=[0.50000], F=[0.86936, 0.94875, 0.90273, 0.90155], F_fuse=[0.00525, 0.00413, 0.00283, 0.00216]
[ INFO : 2026-07-02 21:57:25,547 ] - Epoch 135: train==[105.46084 = 0.48922 + 1.09580 + 12.22449 + 0.00323 + 0.00000 + 0.00022 + 613.90798]
[ INFO : 2026-07-02 21:57:32,071 ] - Test_@[5, 10, 20, 50]: Recall=[0.01330, 0.02097, 0.02890, 0.05549],  precision=[0.00266, 0.00210, 0.00144, 0.00111], hit=[0.01330, 0.02097, 0.02890, 0.05549], ndcg=[0.00750, 0.00996, 0.01197, 0.01712], Train Rec Loss=[0.06452], Eval Rec Loss=[0.06363], c=[0.50000], F=[0.86416, 0.95156, 0.90222, 0.90050], F_fuse=[0.00530, 0.00418, 0.00289, 0.00222]
[ INFO : 2026-07-02 21:58:53,356 ] - Epoch 136: train==[105.45853 = 0.48860 + 1.09322 + 12.22375 + 0.00322 + 0.00000 + 0.00022 + 613.91201]
[ INFO : 2026-07-02 21:58:59,972 ] - Test_@[5, 10, 20, 50]: Recall=[0.01406, 0.02110, 0.02851, 0.05242],  precision=[0.00281, 0.00211, 0.00143, 0.00105], hit=[0.01406, 0.02110, 0.02851, 0.05242], ndcg=[0.00817, 0.01043, 0.01230, 0.01693], Train Rec Loss=[0.06469], Eval Rec Loss=[0.06437], c=[0.50000], F=[0.86892, 0.94688, 0.90124, 0.90218], F_fuse=[0.00561, 0.00421, 0.00285, 0.00209]
[ INFO : 2026-07-02 22:00:28,828 ] - Epoch 137: train==[105.43303 = 0.48532 + 1.09138 + 12.20289 + 0.00324 + 0.00000 + 0.00021 + 613.91027]
[ INFO : 2026-07-02 22:00:35,366 ] - Test_@[5, 10, 20, 50]: Recall=[0.01253, 0.02122, 0.02902, 0.05345],  precision=[0.00251, 0.00212, 0.00145, 0.00107], hit=[0.01253, 0.02122, 0.02902, 0.05345], ndcg=[0.00723, 0.01005, 0.01200, 0.01671], Train Rec Loss=[0.06435], Eval Rec Loss=[0.06374], c=[0.50000], F=[0.86476, 0.94632, 0.90024, 0.90159], F_fuse=[0.00500, 0.00424, 0.00290, 0.00214]
[ INFO : 2026-07-02 22:01:58,018 ] - Epoch 138: train==[105.34378 = 0.48201 + 1.08879 + 12.11817 + 0.00325 + 0.00000 + 0.00021 + 613.91234]
[ INFO : 2026-07-02 22:02:04,544 ] - Test_@[5, 10, 20, 50]: Recall=[0.01215, 0.02059, 0.02877, 0.05472],  precision=[0.00243, 0.00206, 0.00144, 0.00109], hit=[0.01215, 0.02059, 0.02877, 0.05472], ndcg=[0.00716, 0.00987, 0.01192, 0.01693], Train Rec Loss=[0.06486], Eval Rec Loss=[0.06484], c=[0.50000], F=[0.86336, 0.94919, 0.90121, 0.90310], F_fuse=[0.00485, 0.00411, 0.00287, 0.00219]
[ INFO : 2026-07-02 22:03:25,738 ] - Epoch 139: train==[105.39576 = 0.48542 + 1.08698 + 12.16723 + 0.00324 + 0.00000 + 0.00022 + 613.91635]
[ INFO : 2026-07-02 22:03:32,246 ] - Test_@[5, 10, 20, 50]: Recall=[0.01291, 0.02084, 0.02749, 0.05332],  precision=[0.00258, 0.00208, 0.00137, 0.00107], hit=[0.01291, 0.02084, 0.02749, 0.05332], ndcg=[0.00741, 0.00997, 0.01165, 0.01664], Train Rec Loss=[0.06543], Eval Rec Loss=[0.06444], c=[0.50000], F=[0.86156, 0.94310, 0.90151, 0.90369], F_fuse=[0.00515, 0.00416, 0.00274, 0.00213]
[ INFO : 2026-07-02 22:04:53,809 ] - Epoch 140: train==[105.28896 = 0.48182 + 1.08466 + 12.06576 + 0.00325 + 0.00000 + 0.00022 + 613.91410]
[ INFO : 2026-07-02 22:05:00,371 ] - Test_@[5, 10, 20, 50]: Recall=[0.01330, 0.02071, 0.02902, 0.05421],  precision=[0.00266, 0.00207, 0.00145, 0.00108], hit=[0.01330, 0.02071, 0.02902, 0.05421], ndcg=[0.00768, 0.01006, 0.01213, 0.01700], Train Rec Loss=[0.06522], Eval Rec Loss=[0.06549], c=[0.50000], F=[0.86738, 0.94218, 0.89601, 0.90055], F_fuse=[0.00530, 0.00413, 0.00290, 0.00217]
[ INFO : 2026-07-02 22:06:21,283 ] - Epoch 141: train==[105.27517 = 0.48574 + 1.08303 + 12.04934 + 0.00326 + 0.00000 + 0.00022 + 613.91200]
[ INFO : 2026-07-02 22:06:27,869 ] - Test_@[5, 10, 20, 50]: Recall=[0.01253, 0.02033, 0.02800, 0.05434],  precision=[0.00251, 0.00203, 0.00140, 0.00109], hit=[0.01253, 0.02033, 0.02800, 0.05434], ndcg=[0.00726, 0.00981, 0.01175, 0.01683], Train Rec Loss=[0.06593], Eval Rec Loss=[0.06578], c=[0.50000], F=[0.87026, 0.93748, 0.89890, 0.90492], F_fuse=[0.00500, 0.00406, 0.00280, 0.00217]
[ INFO : 2026-07-02 22:07:48,934 ] - Epoch 142: train==[105.19317 = 0.48343 + 1.08091 + 11.97093 + 0.00329 + 0.00000 + 0.00021 + 613.91172]
[ INFO : 2026-07-02 22:07:55,474 ] - Test_@[5, 10, 20, 50]: Recall=[0.01240, 0.02059, 0.02762, 0.05370],  precision=[0.00248, 0.00206, 0.00138, 0.00107], hit=[0.01240, 0.02059, 0.02762, 0.05370], ndcg=[0.00737, 0.01002, 0.01180, 0.01685], Train Rec Loss=[0.06645], Eval Rec Loss=[0.06621], c=[0.50000], F=[0.86757, 0.93629, 0.89785, 0.90467], F_fuse=[0.00495, 0.00411, 0.00276, 0.00215]
[ INFO : 2026-07-02 22:09:16,232 ] - Epoch 143: train==[105.09597 = 0.47980 + 1.07906 + 11.87842 + 0.00332 + 0.00000 + 0.00022 + 613.91182]
[ INFO : 2026-07-02 22:09:22,763 ] - Test_@[5, 10, 20, 50]: Recall=[0.01330, 0.02059, 0.02800, 0.05319],  precision=[0.00266, 0.00206, 0.00140, 0.00106], hit=[0.01330, 0.02059, 0.02800, 0.05319], ndcg=[0.00785, 0.01022, 0.01209, 0.01698], Train Rec Loss=[0.06610], Eval Rec Loss=[0.06613], c=[0.50000], F=[0.86760, 0.94037, 0.89660, 0.90213], F_fuse=[0.00530, 0.00411, 0.00280, 0.00213]
[ INFO : 2026-07-02 22:10:43,669 ] - Epoch 144: train==[105.04813 = 0.47865 + 1.07685 + 11.83237 + 0.00332 + 0.00000 + 0.00023 + 613.91633]
[ INFO : 2026-07-02 22:10:50,203 ] - Test_@[5, 10, 20, 50]: Recall=[0.01304, 0.02071, 0.02839, 0.05434],  precision=[0.00261, 0.00207, 0.00142, 0.00109], hit=[0.01304, 0.02071, 0.02839, 0.05434], ndcg=[0.00754, 0.01000, 0.01194, 0.01697], Train Rec Loss=[0.06693], Eval Rec Loss=[0.06629], c=[0.50000], F=[0.87336, 0.93781, 0.89375, 0.89821], F_fuse=[0.00520, 0.00413, 0.00283, 0.00217]
[ INFO : 2026-07-02 22:12:12,750 ] - Epoch 145: train==[105.08540 = 0.47714 + 1.07467 + 11.87190 + 0.00331 + 0.00000 + 0.00024 + 613.92005]
[ INFO : 2026-07-02 22:12:19,305 ] - Test_@[5, 10, 20, 50]: Recall=[0.01176, 0.02020, 0.02787, 0.05370],  precision=[0.00235, 0.00202, 0.00139, 0.00107], hit=[0.01176, 0.02020, 0.02787, 0.05370], ndcg=[0.00662, 0.00935, 0.01129, 0.01627], Train Rec Loss=[0.06724], Eval Rec Loss=[0.06735], c=[0.50000], F=[0.86175, 0.92982, 0.89284, 0.90204], F_fuse=[0.00469, 0.00403, 0.00278, 0.00215]
[ INFO : 2026-07-02 22:13:40,148 ] - Epoch 146: train==[105.05854 = 0.47393 + 1.07275 + 11.84993 + 0.00329 + 0.00000 + 0.00022 + 613.91674]
[ INFO : 2026-07-02 22:13:46,718 ] - Test_@[5, 10, 20, 50]: Recall=[0.01279, 0.02007, 0.02800, 0.05332],  precision=[0.00256, 0.00201, 0.00140, 0.00107], hit=[0.01279, 0.02007, 0.02800, 0.05332], ndcg=[0.00729, 0.00966, 0.01167, 0.01658], Train Rec Loss=[0.06754], Eval Rec Loss=[0.06682], c=[0.50000], F=[0.86808, 0.93017, 0.89292, 0.90076], F_fuse=[0.00510, 0.00401, 0.00280, 0.00213]
[ INFO : 2026-07-02 22:15:07,884 ] - Epoch 147: train==[105.05108 = 0.47247 + 1.07086 + 11.84332 + 0.00333 + 0.00000 + 0.00023 + 613.92810]
[ INFO : 2026-07-02 22:15:14,404 ] - Test_@[5, 10, 20, 50]: Recall=[0.01266, 0.01995, 0.02775, 0.05434],  precision=[0.00253, 0.00199, 0.00139, 0.00109], hit=[0.01266, 0.01995, 0.02775, 0.05434], ndcg=[0.00708, 0.00942, 0.01140, 0.01656], Train Rec Loss=[0.06830], Eval Rec Loss=[0.06697], c=[0.50000], F=[0.87214, 0.93003, 0.89789, 0.90466], F_fuse=[0.00505, 0.00398, 0.00277, 0.00217]
[ INFO : 2026-07-02 22:16:35,670 ] - Epoch 148: train==[104.91018 = 0.47527 + 1.06924 + 11.70227 + 0.00333 + 0.00000 + 0.00022 + 613.91690]
[ INFO : 2026-07-02 22:16:42,223 ] - Test_@[5, 10, 20, 50]: Recall=[0.01279, 0.01982, 0.02800, 0.05306],  precision=[0.00256, 0.00198, 0.00140, 0.00106], hit=[0.01279, 0.01982, 0.02800, 0.05306], ndcg=[0.00728, 0.00955, 0.01162, 0.01648], Train Rec Loss=[0.06740], Eval Rec Loss=[0.06690], c=[0.50000], F=[0.86204, 0.92866, 0.89789, 0.90607], F_fuse=[0.00510, 0.00396, 0.00280, 0.00212]
[ INFO : 2026-07-02 22:18:06,868 ] - Epoch 149: train==[104.93439 = 0.46984 + 1.06711 + 11.73356 + 0.00333 + 0.00000 + 0.00022 + 613.91451]
[ INFO : 2026-07-02 22:18:13,411 ] - Test_@[5, 10, 20, 50]: Recall=[0.01215, 0.01943, 0.02775, 0.05230],  precision=[0.00243, 0.00194, 0.00139, 0.00105], hit=[0.01215, 0.01943, 0.02775, 0.05230], ndcg=[0.00687, 0.00925, 0.01136, 0.01609], Train Rec Loss=[0.06788], Eval Rec Loss=[0.06725], c=[0.50000], F=[0.87083, 0.92439, 0.89344, 0.90308], F_fuse=[0.00485, 0.00388, 0.00277, 0.00209]
[ INFO : 2026-07-02 22:19:34,525 ] - Epoch 150: train==[104.90693 = 0.47277 + 1.06532 + 11.70483 + 0.00335 + 0.00000 + 0.00021 + 613.91052]
[ INFO : 2026-07-02 22:19:41,082 ] - Test_@[5, 10, 20, 50]: Recall=[0.01202, 0.01995, 0.02711, 0.05281],  precision=[0.00240, 0.00199, 0.00136, 0.00106], hit=[0.01202, 0.01995, 0.02711, 0.05281], ndcg=[0.00698, 0.00953, 0.01135, 0.01635], Train Rec Loss=[0.06808], Eval Rec Loss=[0.06817], c=[0.50000], F=[0.87319, 0.92834, 0.89508, 0.90297], F_fuse=[0.00479, 0.00398, 0.00271, 0.00211]
[ INFO : 2026-07-02 22:21:02,289 ] - Epoch 151: train==[104.85479 = 0.46652 + 1.06333 + 11.66011 + 0.00335 + 0.00000 + 0.00021 + 613.91063]
[ INFO : 2026-07-02 22:21:08,803 ] - Test_@[5, 10, 20, 50]: Recall=[0.01176, 0.02007, 0.02787, 0.05293],  precision=[0.00235, 0.00201, 0.00139, 0.00106], hit=[0.01176, 0.02007, 0.02787, 0.05293], ndcg=[0.00664, 0.00936, 0.01134, 0.01617], Train Rec Loss=[0.06807], Eval Rec Loss=[0.06836], c=[0.50000], F=[0.87045, 0.93198, 0.89408, 0.90213], F_fuse=[0.00469, 0.00401, 0.00278, 0.00211]
[ INFO : 2026-07-02 22:22:31,911 ] - Epoch 152: train==[104.86876 = 0.46818 + 1.06126 + 11.67185 + 0.00335 + 0.00000 + 0.00025 + 613.92248]
[ INFO : 2026-07-02 22:22:38,456 ] - Test_@[5, 10, 20, 50]: Recall=[0.01215, 0.02020, 0.02800, 0.05268],  precision=[0.00243, 0.00202, 0.00140, 0.00105], hit=[0.01215, 0.02020, 0.02800, 0.05268], ndcg=[0.00723, 0.00981, 0.01177, 0.01653], Train Rec Loss=[0.06854], Eval Rec Loss=[0.06826], c=[0.50000], F=[0.87047, 0.92105, 0.89133, 0.90216], F_fuse=[0.00485, 0.00403, 0.00280, 0.00210]
[ INFO : 2026-07-02 22:23:59,312 ] - Epoch 153: train==[104.86840 = 0.46737 + 1.05939 + 11.67441 + 0.00337 + 0.00000 + 0.00022 + 613.91584]
[ INFO : 2026-07-02 22:24:05,844 ] - Test_@[5, 10, 20, 50]: Recall=[0.01266, 0.01956, 0.02711, 0.05230],  precision=[0.00253, 0.00196, 0.00136, 0.00105], hit=[0.01266, 0.01956, 0.02711, 0.05230], ndcg=[0.00719, 0.00942, 0.01133, 0.01623], Train Rec Loss=[0.06886], Eval Rec Loss=[0.06885], c=[0.50000], F=[0.86830, 0.91833, 0.89666, 0.90834], F_fuse=[0.00505, 0.00390, 0.00271, 0.00209]
[ INFO : 2026-07-02 22:25:34,954 ] - Epoch 154: train==[104.67059 = 0.46392 + 1.05722 + 11.48118 + 0.00339 + 0.00000 + 0.00022 + 613.91690]
[ INFO : 2026-07-02 22:25:41,496 ] - Test_@[5, 10, 20, 50]: Recall=[0.01279, 0.02020, 0.02775, 0.05345],  precision=[0.00256, 0.00202, 0.00139, 0.00107], hit=[0.01279, 0.02020, 0.02775, 0.05345], ndcg=[0.00723, 0.00966, 0.01155, 0.01652], Train Rec Loss=[0.07080], Eval Rec Loss=[0.06963], c=[0.50000], F=[0.86789, 0.92360, 0.89412, 0.90357], F_fuse=[0.00510, 0.00403, 0.00277, 0.00214]
[ INFO : 2026-07-02 22:27:02,743 ] - Epoch 155: train==[104.66794 = 0.46937 + 1.05535 + 11.47526 + 0.00338 + 0.00000 + 0.00021 + 613.91012]
[ INFO : 2026-07-02 22:27:09,278 ] - Test_@[5, 10, 20, 50]: Recall=[0.01189, 0.01828, 0.02660, 0.05191],  precision=[0.00238, 0.00183, 0.00133, 0.00104], hit=[0.01189, 0.01828, 0.02660, 0.05191], ndcg=[0.00696, 0.00905, 0.01117, 0.01608], Train Rec Loss=[0.07033], Eval Rec Loss=[0.06980], c=[0.50000], F=[0.86072, 0.91977, 0.89149, 0.90221], F_fuse=[0.00474, 0.00365, 0.00266, 0.00207]
[ INFO : 2026-07-02 22:28:30,427 ] - Epoch 156: train==[104.60433 = 0.46317 + 1.05312 + 11.41837 + 0.00340 + 0.00000 + 0.00021 + 613.91539]
[ INFO : 2026-07-02 22:28:36,928 ] - Test_@[5, 10, 20, 50]: Recall=[0.01279, 0.02007, 0.02762, 0.05409],  precision=[0.00256, 0.00201, 0.00138, 0.00108], hit=[0.01279, 0.02007, 0.02762, 0.05409], ndcg=[0.00760, 0.00995, 0.01183, 0.01696], Train Rec Loss=[0.07039], Eval Rec Loss=[0.06937], c=[0.50000], F=[0.86744, 0.92023, 0.88916, 0.90008], F_fuse=[0.00510, 0.00401, 0.00276, 0.00216]
[ INFO : 2026-07-02 22:29:57,955 ] - Epoch 157: train==[104.56312 = 0.46065 + 1.05108 + 11.37979 + 0.00341 + 0.00000 + 0.00024 + 613.92257]
[ INFO : 2026-07-02 22:30:04,498 ] - Test_@[5, 10, 20, 50]: Recall=[0.01048, 0.01905, 0.02890, 0.05460],  precision=[0.00210, 0.00191, 0.00144, 0.00109], hit=[0.01048, 0.01905, 0.02890, 0.05460], ndcg=[0.00610, 0.00889, 0.01136, 0.01634], Train Rec Loss=[0.07097], Eval Rec Loss=[0.07027], c=[0.50000], F=[0.86418, 0.92450, 0.89639, 0.90618], F_fuse=[0.00418, 0.00380, 0.00289, 0.00218]
[ INFO : 2026-07-02 22:31:25,596 ] - Epoch 158: train==[104.54484 = 0.46115 + 1.04889 + 11.36233 + 0.00342 + 0.00000 + 0.00024 + 613.92245]
[ INFO : 2026-07-02 22:31:32,169 ] - Test_@[5, 10, 20, 50]: Recall=[0.01100, 0.01918, 0.02596, 0.05140],  precision=[0.00220, 0.00192, 0.00130, 0.00103], hit=[0.01100, 0.01918, 0.02596, 0.05140], ndcg=[0.00648, 0.00913, 0.01084, 0.01580], Train Rec Loss=[0.06998], Eval Rec Loss=[0.07053], c=[0.50000], F=[0.86079, 0.91897, 0.88965, 0.90094], F_fuse=[0.00439, 0.00383, 0.00259, 0.00205]
[ INFO : 2026-07-02 22:32:54,965 ] - Epoch 159: train==[104.55805 = 0.46319 + 1.04580 + 11.37564 + 0.00342 + 0.00000 + 0.00023 + 613.92054]
[ INFO : 2026-07-02 22:33:01,525 ] - Test_@[5, 10, 20, 50]: Recall=[0.01087, 0.01828, 0.02736, 0.05293],  precision=[0.00217, 0.00183, 0.00137, 0.00106], hit=[0.01087, 0.01828, 0.02736, 0.05293], ndcg=[0.00625, 0.00866, 0.01097, 0.01595], Train Rec Loss=[0.07129], Eval Rec Loss=[0.07092], c=[0.50000], F=[0.86322, 0.91566, 0.89149, 0.90378], F_fuse=[0.00434, 0.00365, 0.00273, 0.00211]
[ INFO : 2026-07-02 22:34:24,025 ] - Epoch 160: train==[104.48203 = 0.45987 + 1.04279 + 11.30504 + 0.00343 + 0.00000 + 0.00022 + 613.91859]
[ INFO : 2026-07-02 22:34:30,553 ] - Test_@[5, 10, 20, 50]: Recall=[0.01151, 0.01880, 0.02660, 0.05319],  precision=[0.00230, 0.00188, 0.00133, 0.00106], hit=[0.01151, 0.01880, 0.02660, 0.05319], ndcg=[0.00666, 0.00905, 0.01102, 0.01619], Train Rec Loss=[0.07131], Eval Rec Loss=[0.06945], c=[0.50000], F=[0.85858, 0.91699, 0.89333, 0.90537], F_fuse=[0.00459, 0.00375, 0.00266, 0.00213]
[ INFO : 2026-07-02 22:35:51,580 ] - Epoch 161: train==[104.40075 = 0.45718 + 1.03998 + 11.22954 + 0.00345 + 0.00000 + 0.00021 + 613.90907]
[ INFO : 2026-07-02 22:35:58,104 ] - Test_@[5, 10, 20, 50]: Recall=[0.01125, 0.01956, 0.02736, 0.05447],  precision=[0.00225, 0.00196, 0.00137, 0.00109], hit=[0.01125, 0.01956, 0.02736, 0.05447], ndcg=[0.00670, 0.00942, 0.01138, 0.01664], Train Rec Loss=[0.07175], Eval Rec Loss=[0.07073], c=[0.50000], F=[0.87277, 0.92101, 0.89404, 0.90221], F_fuse=[0.00449, 0.00390, 0.00273, 0.00218]
[ INFO : 2026-07-02 22:37:19,626 ] - Epoch 162: train==[104.43996 = 0.46031 + 1.03743 + 11.26675 + 0.00344 + 0.00000 + 0.00022 + 613.91183]
[ INFO : 2026-07-02 22:37:26,155 ] - Test_@[5, 10, 20, 50]: Recall=[0.01125, 0.01867, 0.02711, 0.05153],  precision=[0.00225, 0.00187, 0.00136, 0.00103], hit=[0.01125, 0.01867, 0.02711, 0.05153], ndcg=[0.00640, 0.00879, 0.01090, 0.01567], Train Rec Loss=[0.07204], Eval Rec Loss=[0.07163], c=[0.50000], F=[0.86130, 0.91766, 0.89278, 0.90326], F_fuse=[0.00449, 0.00373, 0.00271, 0.00206]
[ INFO : 2026-07-02 22:38:47,113 ] - Epoch 163: train==[104.46582 = 0.46177 + 1.03447 + 11.29246 + 0.00346 + 0.00000 + 0.00021 + 613.91486]
[ INFO : 2026-07-02 22:38:53,642 ] - Test_@[5, 10, 20, 50]: Recall=[0.01164, 0.01867, 0.02775, 0.05140],  precision=[0.00233, 0.00187, 0.00139, 0.00103], hit=[0.01164, 0.01867, 0.02775, 0.05140], ndcg=[0.00650, 0.00880, 0.01110, 0.01570], Train Rec Loss=[0.07157], Eval Rec Loss=[0.07095], c=[0.50000], F=[0.86299, 0.91678, 0.88959, 0.90152], F_fuse=[0.00464, 0.00373, 0.00277, 0.00205]
[ INFO : 2026-07-02 22:40:15,114 ] - Epoch 164: train==[104.39157 = 0.45939 + 1.03181 + 11.22226 + 0.00345 + 0.00000 + 0.00022 + 613.91435]
[ INFO : 2026-07-02 22:40:21,668 ] - Test_@[5, 10, 20, 50]: Recall=[0.01189, 0.01854, 0.02762, 0.05332],  precision=[0.00238, 0.00185, 0.00138, 0.00107], hit=[0.01189, 0.01854, 0.02762, 0.05332], ndcg=[0.00679, 0.00893, 0.01121, 0.01617], Train Rec Loss=[0.07157], Eval Rec Loss=[0.07188], c=[0.50000], F=[0.86130, 0.91318, 0.89388, 0.90583], F_fuse=[0.00474, 0.00370, 0.00276, 0.00213]
[ INFO : 2026-07-02 22:41:42,680 ] - Epoch 165: train==[104.30332 = 0.45297 + 1.02931 + 11.14188 + 0.00348 + 0.00000 + 0.00022 + 613.91451]
[ INFO : 2026-07-02 22:41:49,196 ] - Test_@[5, 10, 20, 50]: Recall=[0.01087, 0.01892, 0.02736, 0.05217],  precision=[0.00217, 0.00189, 0.00137, 0.00104], hit=[0.01087, 0.01892, 0.02736, 0.05217], ndcg=[0.00626, 0.00888, 0.01102, 0.01583], Train Rec Loss=[0.07263], Eval Rec Loss=[0.07194], c=[0.50000], F=[0.86133, 0.91425, 0.89006, 0.90407], F_fuse=[0.00434, 0.00378, 0.00273, 0.00208]
[ INFO : 2026-07-02 22:43:10,717 ] - Epoch 166: train==[104.19112 = 0.45137 + 1.02669 + 11.03347 + 0.00350 + 0.00000 + 0.00021 + 613.91040]
[ INFO : 2026-07-02 22:43:17,221 ] - Test_@[5, 10, 20, 50]: Recall=[0.01202, 0.01918, 0.02672, 0.05434],  precision=[0.00240, 0.00192, 0.00134, 0.00109], hit=[0.01202, 0.01918, 0.02672, 0.05434], ndcg=[0.00688, 0.00917, 0.01107, 0.01645], Train Rec Loss=[0.07281], Eval Rec Loss=[0.07237], c=[0.50000], F=[0.86459, 0.91387, 0.88843, 0.90178], F_fuse=[0.00479, 0.00383, 0.00267, 0.00217]
[ INFO : 2026-07-02 22:44:40,586 ] - Epoch 167: train==[104.18191 = 0.45688 + 1.02443 + 11.01927 + 0.00350 + 0.00000 + 0.00021 + 613.91589]
[ INFO : 2026-07-02 22:44:47,122 ] - Test_@[5, 10, 20, 50]: Recall=[0.01100, 0.01841, 0.02787, 0.05281],  precision=[0.00220, 0.00184, 0.00139, 0.00106], hit=[0.01100, 0.01841, 0.02787, 0.05281], ndcg=[0.00631, 0.00869, 0.01109, 0.01591], Train Rec Loss=[0.07389], Eval Rec Loss=[0.07422], c=[0.50000], F=[0.86280, 0.91328, 0.89119, 0.90267], F_fuse=[0.00439, 0.00367, 0.00278, 0.00211]
[ INFO : 2026-07-02 22:46:08,102 ] - Epoch 168: train==[104.25116 = 0.45459 + 1.02211 + 11.09133 + 0.00349 + 0.00000 + 0.00023 + 613.92160]
[ INFO : 2026-07-02 22:46:14,598 ] - Test_@[5, 10, 20, 50]: Recall=[0.01125, 0.01764, 0.02711, 0.05102],  precision=[0.00225, 0.00176, 0.00136, 0.00102], hit=[0.01125, 0.01764, 0.02711, 0.05102], ndcg=[0.00637, 0.00842, 0.01080, 0.01549], Train Rec Loss=[0.07453], Eval Rec Loss=[0.07314], c=[0.50000], F=[0.86002, 0.90775, 0.89433, 0.90797], F_fuse=[0.00449, 0.00352, 0.00271, 0.00204]
[ INFO : 2026-07-02 22:47:36,356 ] - Epoch 169: train==[104.16438 = 0.45220 + 1.01966 + 11.00986 + 0.00350 + 0.00000 + 0.00021 + 613.91203]
[ INFO : 2026-07-02 22:47:42,913 ] - Test_@[5, 10, 20, 50]: Recall=[0.01125, 0.01854, 0.02698, 0.05153],  precision=[0.00225, 0.00185, 0.00135, 0.00103], hit=[0.01125, 0.01854, 0.02698, 0.05153], ndcg=[0.00648, 0.00884, 0.01098, 0.01577], Train Rec Loss=[0.07340], Eval Rec Loss=[0.07418], c=[0.50000], F=[0.86213, 0.90818, 0.89044, 0.90540], F_fuse=[0.00449, 0.00370, 0.00269, 0.00206]
[ INFO : 2026-07-02 22:49:04,561 ] - Epoch 170: train==[104.16143 = 0.45228 + 1.01721 + 11.00844 + 0.00353 + 0.00000 + 0.00021 + 613.91090]
[ INFO : 2026-07-02 22:49:11,072 ] - Test_@[5, 10, 20, 50]: Recall=[0.01138, 0.01841, 0.02698, 0.05242],  precision=[0.00228, 0.00184, 0.00135, 0.00105], hit=[0.01138, 0.01841, 0.02698, 0.05242], ndcg=[0.00660, 0.00889, 0.01103, 0.01598], Train Rec Loss=[0.07507], Eval Rec Loss=[0.07353], c=[0.50000], F=[0.85746, 0.91352, 0.89440, 0.90754], F_fuse=[0.00454, 0.00367, 0.00269, 0.00209]
[ INFO : 2026-07-02 22:50:32,533 ] - Epoch 171: train==[104.05192 = 0.44843 + 1.01480 + 10.90394 + 0.00354 + 0.00000 + 0.00022 + 613.91274]
[ INFO : 2026-07-02 22:50:39,034 ] - Test_@[5, 10, 20, 50]: Recall=[0.01112, 0.01905, 0.02698, 0.05268],  precision=[0.00222, 0.00191, 0.00135, 0.00105], hit=[0.01112, 0.01905, 0.02698, 0.05268], ndcg=[0.00668, 0.00923, 0.01123, 0.01623], Train Rec Loss=[0.07533], Eval Rec Loss=[0.07429], c=[0.50000], F=[0.86443, 0.91192, 0.88982, 0.90314], F_fuse=[0.00444, 0.00380, 0.00269, 0.00210]
[ INFO : 2026-07-02 22:52:00,464 ] - Epoch 172: train==[104.06261 = 0.44864 + 1.01222 + 10.91580 + 0.00353 + 0.00000 + 0.00023 + 613.91392]
[ INFO : 2026-07-02 22:52:06,950 ] - Test_@[5, 10, 20, 50]: Recall=[0.01125, 0.01790, 0.02685, 0.05191],  precision=[0.00225, 0.00179, 0.00134, 0.00104], hit=[0.01125, 0.01790, 0.02685, 0.05191], ndcg=[0.00652, 0.00870, 0.01094, 0.01583], Train Rec Loss=[0.07527], Eval Rec Loss=[0.07587], c=[0.50000], F=[0.85529, 0.91338, 0.89118, 0.90275], F_fuse=[0.00449, 0.00357, 0.00268, 0.00207]
[ INFO : 2026-07-02 22:53:28,015 ] - Epoch 173: train==[104.04155 = 0.44698 + 1.00969 + 10.89754 + 0.00353 + 0.00000 + 0.00022 + 613.91638]
[ INFO : 2026-07-02 22:53:34,582 ] - Test_@[5, 10, 20, 50]: Recall=[0.01164, 0.01841, 0.02749, 0.05293],  precision=[0.00233, 0.00184, 0.00137, 0.00106], hit=[0.01164, 0.01841, 0.02749, 0.05293], ndcg=[0.00671, 0.00888, 0.01117, 0.01612], Train Rec Loss=[0.07567], Eval Rec Loss=[0.07586], c=[0.50000], F=[0.86552, 0.90828, 0.89467, 0.90904], F_fuse=[0.00464, 0.00367, 0.00274, 0.00211]
[ INFO : 2026-07-02 22:54:55,718 ] - Epoch 174: train==[104.03979 = 0.44415 + 1.00727 + 10.90011 + 0.00357 + 0.00000 + 0.00022 + 613.91587]
[ INFO : 2026-07-02 22:55:02,254 ] - Test_@[5, 10, 20, 50]: Recall=[0.01164, 0.01790, 0.02672, 0.05102],  precision=[0.00233, 0.00179, 0.00134, 0.00102], hit=[0.01164, 0.01790, 0.02672, 0.05102], ndcg=[0.00675, 0.00878, 0.01099, 0.01572], Train Rec Loss=[0.07611], Eval Rec Loss=[0.07615], c=[0.50000], F=[0.85350, 0.90200, 0.88959, 0.90527], F_fuse=[0.00464, 0.00357, 0.00267, 0.00204]
[ INFO : 2026-07-02 22:56:23,337 ] - Epoch 175: train==[103.99205 = 0.44572 + 1.00468 + 10.85230 + 0.00356 + 0.00000 + 0.00021 + 613.91627]
[ INFO : 2026-07-02 22:56:29,903 ] - Test_@[5, 10, 20, 50]: Recall=[0.01125, 0.01892, 0.02634, 0.05153],  precision=[0.00225, 0.00189, 0.00132, 0.00103], hit=[0.01125, 0.01892, 0.02634, 0.05153], ndcg=[0.00656, 0.00901, 0.01086, 0.01580], Train Rec Loss=[0.07696], Eval Rec Loss=[0.07727], c=[0.50000], F=[0.86558, 0.90868, 0.89436, 0.90880], F_fuse=[0.00449, 0.00378, 0.00263, 0.00206]
[ INFO : 2026-07-02 22:57:57,108 ] - Epoch 176: train==[103.94123 = 0.44399 + 1.00228 + 10.80499 + 0.00357 + 0.00000 + 0.00021 + 613.91401]
[ INFO : 2026-07-02 22:58:03,609 ] - Test_@[5, 10, 20, 50]: Recall=[0.01138, 0.01854, 0.02711, 0.05268],  precision=[0.00228, 0.00185, 0.00136, 0.00105], hit=[0.01138, 0.01854, 0.02711, 0.05268], ndcg=[0.00636, 0.00867, 0.01081, 0.01580], Train Rec Loss=[0.07681], Eval Rec Loss=[0.07692], c=[0.50000], F=[0.86235, 0.90670, 0.89206, 0.90532], F_fuse=[0.00454, 0.00370, 0.00271, 0.00210]
[ INFO : 2026-07-02 22:59:25,024 ] - Epoch 177: train==[103.85818 = 0.44585 + 0.99960 + 10.72089 + 0.00358 + 0.00000 + 0.00023 + 613.91907]
[ INFO : 2026-07-02 22:59:31,548 ] - Test_@[5, 10, 20, 50]: Recall=[0.01061, 0.01726, 0.02532, 0.05230],  precision=[0.00212, 0.00173, 0.00127, 0.00105], hit=[0.01061, 0.01726, 0.02532, 0.05230], ndcg=[0.00627, 0.00843, 0.01047, 0.01570], Train Rec Loss=[0.07631], Eval Rec Loss=[0.07683], c=[0.50000], F=[0.85880, 0.90441, 0.89252, 0.90619], F_fuse=[0.00423, 0.00345, 0.00253, 0.00209]
[ INFO : 2026-07-02 23:00:52,307 ] - Epoch 178: train==[103.79824 = 0.44378 + 0.99695 + 10.66539 + 0.00361 + 0.00000 + 0.00022 + 613.91379]
[ INFO : 2026-07-02 23:00:58,817 ] - Test_@[5, 10, 20, 50]: Recall=[0.01074, 0.01841, 0.02608, 0.05217],  precision=[0.00215, 0.00184, 0.00130, 0.00104], hit=[0.01074, 0.01841, 0.02608, 0.05217], ndcg=[0.00622, 0.00870, 0.01065, 0.01573], Train Rec Loss=[0.07757], Eval Rec Loss=[0.07738], c=[0.50000], F=[0.86443, 0.90553, 0.89106, 0.90701], F_fuse=[0.00429, 0.00367, 0.00260, 0.00208]
[ INFO : 2026-07-02 23:02:19,731 ] - Epoch 179: train==[103.84015 = 0.44373 + 0.99460 + 10.70782 + 0.00362 + 0.00000 + 0.00022 + 613.91996]
[ INFO : 2026-07-02 23:02:26,239 ] - Test_@[5, 10, 20, 50]: Recall=[0.01087, 0.01777, 0.02647, 0.05306],  precision=[0.00217, 0.00178, 0.00132, 0.00106], hit=[0.01087, 0.01777, 0.02647, 0.05306], ndcg=[0.00626, 0.00850, 0.01069, 0.01587], Train Rec Loss=[0.07807], Eval Rec Loss=[0.07723], c=[0.50000], F=[0.85634, 0.90842, 0.89497, 0.90843], F_fuse=[0.00434, 0.00355, 0.00264, 0.00212]
[ INFO : 2026-07-02 23:03:46,931 ] - Epoch 180: train==[103.74692 = 0.44079 + 0.99197 + 10.61992 + 0.00363 + 0.00000 + 0.00021 + 613.91458]
[ INFO : 2026-07-02 23:03:53,520 ] - Test_@[5, 10, 20, 50]: Recall=[0.01087, 0.01828, 0.02557, 0.05127],  precision=[0.00217, 0.00183, 0.00128, 0.00103], hit=[0.01087, 0.01828, 0.02557, 0.05127], ndcg=[0.00632, 0.00872, 0.01054, 0.01559], Train Rec Loss=[0.07807], Eval Rec Loss=[0.07801], c=[0.50000], F=[0.86235, 0.90570, 0.88954, 0.90391], F_fuse=[0.00434, 0.00365, 0.00255, 0.00205]
[ INFO : 2026-07-02 23:05:16,959 ] - Epoch 181: train==[103.80927 = 0.44228 + 0.98886 + 10.68262 + 0.00364 + 0.00000 + 0.00021 + 613.91470]
[ INFO : 2026-07-02 23:05:23,451 ] - Test_@[5, 10, 20, 50]: Recall=[0.01074, 0.01777, 0.02647, 0.05230],  precision=[0.00215, 0.00178, 0.00132, 0.00105], hit=[0.01074, 0.01777, 0.02647, 0.05230], ndcg=[0.00623, 0.00850, 0.01069, 0.01573], Train Rec Loss=[0.07822], Eval Rec Loss=[0.07884], c=[0.50000], F=[0.85567, 0.90243, 0.89336, 0.91046], F_fuse=[0.00429, 0.00355, 0.00264, 0.00209]
[ INFO : 2026-07-02 23:06:44,798 ] - Epoch 182: train==[103.80524 = 0.43958 + 0.98503 + 10.68208 + 0.00362 + 0.00000 + 0.00022 + 613.92483]
[ INFO : 2026-07-02 23:06:51,316 ] - Test_@[5, 10, 20, 50]: Recall=[0.01048, 0.01713, 0.02608, 0.05255],  precision=[0.00210, 0.00171, 0.00130, 0.00105], hit=[0.01048, 0.01713, 0.02608, 0.05255], ndcg=[0.00610, 0.00823, 0.01049, 0.01565], Train Rec Loss=[0.07978], Eval Rec Loss=[0.07825], c=[0.50000], F=[0.85883, 0.90110, 0.89122, 0.90802], F_fuse=[0.00418, 0.00342, 0.00260, 0.00210]
[ INFO : 2026-07-02 23:08:12,934 ] - Epoch 183: train==[103.66877 = 0.43633 + 0.98150 + 10.55225 + 0.00364 + 0.00000 + 0.00021 + 613.91628]
[ INFO : 2026-07-02 23:08:19,485 ] - Test_@[5, 10, 20, 50]: Recall=[0.01112, 0.01880, 0.02634, 0.05089],  precision=[0.00222, 0.00188, 0.00132, 0.00102], hit=[0.01112, 0.01880, 0.02634, 0.05089], ndcg=[0.00648, 0.00898, 0.01086, 0.01563], Train Rec Loss=[0.07954], Eval Rec Loss=[0.07998], c=[0.50000], F=[0.86625, 0.90730, 0.89419, 0.90784], F_fuse=[0.00444, 0.00375, 0.00263, 0.00203]
[ INFO : 2026-07-02 23:09:42,071 ] - Epoch 184: train==[103.70238 = 0.43711 + 0.97843 + 10.58404 + 0.00363 + 0.00000 + 0.00024 + 613.93532]
[ INFO : 2026-07-02 23:09:48,602 ] - Test_@[5, 10, 20, 50]: Recall=[0.01100, 0.01752, 0.02608, 0.04961],  precision=[0.00220, 0.00175, 0.00130, 0.00099], hit=[0.01100, 0.01752, 0.02608, 0.04961], ndcg=[0.00641, 0.00850, 0.01065, 0.01525], Train Rec Loss=[0.08087], Eval Rec Loss=[0.08000], c=[0.50000], F=[0.85193, 0.89463, 0.89019, 0.90765], F_fuse=[0.00439, 0.00350, 0.00260, 0.00198]
[ INFO : 2026-07-02 23:11:10,191 ] - Epoch 185: train==[103.65701 = 0.43816 + 0.97555 + 10.54271 + 0.00364 + 0.00000 + 0.00021 + 613.91306]
[ INFO : 2026-07-02 23:11:16,721 ] - Test_@[5, 10, 20, 50]: Recall=[0.01023, 0.01739, 0.02596, 0.05217],  precision=[0.00205, 0.00174, 0.00130, 0.00104], hit=[0.01023, 0.01739, 0.02596, 0.05217], ndcg=[0.00601, 0.00835, 0.01049, 0.01559], Train Rec Loss=[0.07999], Eval Rec Loss=[0.08058], c=[0.50000], F=[0.86031, 0.90460, 0.89348, 0.90887], F_fuse=[0.00408, 0.00347, 0.00259, 0.00208]
[ INFO : 2026-07-02 23:12:40,163 ] - Epoch 186: train==[103.60097 = 0.44022 + 0.97211 + 10.48460 + 0.00368 + 0.00000 + 0.00022 + 613.92645]
[ INFO : 2026-07-02 23:12:46,682 ] - Test_@[5, 10, 20, 50]: Recall=[0.01125, 0.01854, 0.02672, 0.05230],  precision=[0.00225, 0.00185, 0.00134, 0.00105], hit=[0.01125, 0.01854, 0.02672, 0.05230], ndcg=[0.00650, 0.00885, 0.01089, 0.01588], Train Rec Loss=[0.08119], Eval Rec Loss=[0.08171], c=[0.50000], F=[0.85727, 0.90689, 0.89307, 0.90447], F_fuse=[0.00449, 0.00370, 0.00267, 0.00209]
[ INFO : 2026-07-02 23:14:08,170 ] - Epoch 187: train==[103.60310 = 0.43249 + 0.96879 + 10.49453 + 0.00369 + 0.00000 + 0.00027 + 613.93900]
[ INFO : 2026-07-02 23:14:14,698 ] - Test_@[5, 10, 20, 50]: Recall=[0.01087, 0.01624, 0.02532, 0.04871],  precision=[0.00217, 0.00162, 0.00127, 0.00097], hit=[0.01087, 0.01624, 0.02532, 0.04871], ndcg=[0.00612, 0.00783, 0.01011, 0.01467], Train Rec Loss=[0.08193], Eval Rec Loss=[0.08126], c=[0.50000], F=[0.84326, 0.87842, 0.88780, 0.91279], F_fuse=[0.00434, 0.00324, 0.00253, 0.00195]
[ INFO : 2026-07-02 23:15:35,904 ] - Epoch 188: train==[103.67245 = 0.43410 + 0.96528 + 10.56839 + 0.00366 + 0.00000 + 0.00021 + 613.91284]
[ INFO : 2026-07-02 23:15:42,453 ] - Test_@[5, 10, 20, 50]: Recall=[0.01023, 0.01726, 0.02621, 0.05114],  precision=[0.00205, 0.00173, 0.00131, 0.00102], hit=[0.01023, 0.01726, 0.02621, 0.05114], ndcg=[0.00600, 0.00827, 0.01051, 0.01537], Train Rec Loss=[0.08291], Eval Rec Loss=[0.08191], c=[0.50000], F=[0.85855, 0.90395, 0.89572, 0.91243], F_fuse=[0.00408, 0.00345, 0.00262, 0.00204]
[ INFO : 2026-07-02 23:17:03,474 ] - Epoch 189: train==[103.48996 = 0.43185 + 0.96185 + 10.38889 + 0.00370 + 0.00000 + 0.00021 + 613.92133]
[ INFO : 2026-07-02 23:17:10,005 ] - Test_@[5, 10, 20, 50]: Recall=[0.01087, 0.01803, 0.02570, 0.05166],  precision=[0.00217, 0.00180, 0.00129, 0.00103], hit=[0.01087, 0.01803, 0.02570, 0.05166], ndcg=[0.00628, 0.00858, 0.01052, 0.01561], Train Rec Loss=[0.08281], Eval Rec Loss=[0.08365], c=[0.50000], F=[0.85919, 0.90256, 0.89278, 0.90904], F_fuse=[0.00434, 0.00360, 0.00257, 0.00206]
[ INFO : 2026-07-02 23:18:31,106 ] - Epoch 190: train==[103.50494 = 0.43168 + 0.95830 + 10.40567 + 0.00372 + 0.00000 + 0.00023 + 613.92436]
[ INFO : 2026-07-02 23:18:37,620 ] - Test_@[5, 10, 20, 50]: Recall=[0.01048, 0.01739, 0.02493, 0.05114],  precision=[0.00210, 0.00174, 0.00125, 0.00102], hit=[0.01048, 0.01739, 0.02493, 0.05114], ndcg=[0.00605, 0.00830, 0.01019, 0.01535], Train Rec Loss=[0.08263], Eval Rec Loss=[0.08376], c=[0.50000], F=[0.85714, 0.90318, 0.89451, 0.90945], F_fuse=[0.00418, 0.00347, 0.00249, 0.00204]
[ INFO : 2026-07-02 23:19:58,664 ] - Epoch 191: train==[103.41626 = 0.43185 + 0.95431 + 10.31644 + 0.00371 + 0.00000 + 0.00034 + 613.94217]
[ INFO : 2026-07-02 23:20:05,200 ] - Test_@[5, 10, 20, 50]: Recall=[0.01087, 0.01649, 0.02583, 0.04987],  precision=[0.00217, 0.00165, 0.00129, 0.00100], hit=[0.01087, 0.01649, 0.02583, 0.04987], ndcg=[0.00642, 0.00823, 0.01057, 0.01526], Train Rec Loss=[0.08335], Eval Rec Loss=[0.08458], c=[0.50000], F=[0.85170, 0.89089, 0.89309, 0.91336], F_fuse=[0.00434, 0.00329, 0.00258, 0.00199]
[ INFO : 2026-07-02 23:21:26,148 ] - Epoch 192: train==[103.44938 = 0.43439 + 0.95017 + 10.35256 + 0.00369 + 0.00000 + 0.00022 + 613.92270]
[ INFO : 2026-07-02 23:21:32,630 ] - Test_@[5, 10, 20, 50]: Recall=[0.01074, 0.01739, 0.02608, 0.05191],  precision=[0.00215, 0.00174, 0.00130, 0.00104], hit=[0.01074, 0.01739, 0.02608, 0.05191], ndcg=[0.00630, 0.00845, 0.01063, 0.01567], Train Rec Loss=[0.08400], Eval Rec Loss=[0.08431], c=[0.50000], F=[0.85583, 0.90118, 0.89339, 0.91020], F_fuse=[0.00429, 0.00347, 0.00260, 0.00207]
[ INFO : 2026-07-02 23:22:53,914 ] - Epoch 193: train==[103.43122 = 0.43349 + 0.94623 + 10.33504 + 0.00373 + 0.00000 + 0.00029 + 613.93957]
[ INFO : 2026-07-02 23:23:00,452 ] - Test_@[5, 10, 20, 50]: Recall=[0.01074, 0.01701, 0.02698, 0.05204],  precision=[0.00215, 0.00170, 0.00135, 0.00104], hit=[0.01074, 0.01701, 0.02698, 0.05204], ndcg=[0.00648, 0.00851, 0.01100, 0.01589], Train Rec Loss=[0.08463], Eval Rec Loss=[0.08511], c=[0.50000], F=[0.86203, 0.90251, 0.89335, 0.90786], F_fuse=[0.00429, 0.00339, 0.00269, 0.00208]
[ INFO : 2026-07-02 23:24:22,771 ] - Epoch 194: train==[103.40376 = 0.42871 + 0.94220 + 10.31514 + 0.00372 + 0.00000 + 0.00030 + 613.93711]
[ INFO : 2026-07-02 23:24:29,284 ] - Test_@[5, 10, 20, 50]: Recall=[0.01048, 0.01713, 0.02455, 0.04808],  precision=[0.00210, 0.00171, 0.00123, 0.00096], hit=[0.01048, 0.01713, 0.02455, 0.04808], ndcg=[0.00614, 0.00828, 0.01016, 0.01475], Train Rec Loss=[0.08417], Eval Rec Loss=[0.08460], c=[0.50000], F=[0.84473, 0.88448, 0.88993, 0.91105], F_fuse=[0.00418, 0.00342, 0.00245, 0.00192]
[ INFO : 2026-07-02 23:25:50,433 ] - Epoch 195: train==[103.33516 = 0.43459 + 0.93809 + 10.24713 + 0.00377 + 0.00000 + 0.00021 + 613.91065]
[ INFO : 2026-07-02 23:25:56,963 ] - Test_@[5, 10, 20, 50]: Recall=[0.01036, 0.01675, 0.02493, 0.05178],  precision=[0.00207, 0.00167, 0.00125, 0.00104], hit=[0.01036, 0.01675, 0.02493, 0.05178], ndcg=[0.00599, 0.00804, 0.01009, 0.01533], Train Rec Loss=[0.08583], Eval Rec Loss=[0.08605], c=[0.50000], F=[0.85992, 0.89776, 0.89441, 0.91258], F_fuse=[0.00413, 0.00334, 0.00249, 0.00207]
[ INFO : 2026-07-02 23:27:20,146 ] - Epoch 196: train==[103.37456 = 0.42692 + 0.93437 + 10.29576 + 0.00379 + 0.00000 + 0.00021 + 613.91500]
[ INFO : 2026-07-02 23:27:26,703 ] - Test_@[5, 10, 20, 50]: Recall=[0.01036, 0.01637, 0.02519, 0.04987],  precision=[0.00207, 0.00164, 0.00126, 0.00100], hit=[0.01036, 0.01637, 0.02519, 0.04987], ndcg=[0.00613, 0.00807, 0.01031, 0.01512], Train Rec Loss=[0.08589], Eval Rec Loss=[0.08587], c=[0.50000], F=[0.85273, 0.89548, 0.89295, 0.90831], F_fuse=[0.00413, 0.00327, 0.00252, 0.00199]
[ INFO : 2026-07-02 23:28:50,380 ] - Epoch 197: train==[103.36847 = 0.42675 + 0.93014 + 10.29272 + 0.00377 + 0.00000 + 0.00021 + 613.91294]
[ INFO : 2026-07-02 23:28:56,907 ] - Test_@[5, 10, 20, 50]: Recall=[0.01061, 0.01688, 0.02544, 0.04999],  precision=[0.00212, 0.00169, 0.00127, 0.00100], hit=[0.01061, 0.01688, 0.02544, 0.04999], ndcg=[0.00611, 0.00813, 0.01026, 0.01506], Train Rec Loss=[0.08767], Eval Rec Loss=[0.08825], c=[0.50000], F=[0.85890, 0.89926, 0.89386, 0.91070], F_fuse=[0.00423, 0.00337, 0.00254, 0.00200]
[ INFO : 2026-07-02 23:30:18,517 ] - Epoch 198: train==[103.30463 = 0.43048 + 0.92614 + 10.22654 + 0.00378 + 0.00000 + 0.00021 + 613.91952]
[ INFO : 2026-07-02 23:30:25,050 ] - Test_@[5, 10, 20, 50]: Recall=[0.01023, 0.01726, 0.02544, 0.04961],  precision=[0.00205, 0.00173, 0.00127, 0.00099], hit=[0.01023, 0.01726, 0.02544, 0.04961], ndcg=[0.00635, 0.00864, 0.01068, 0.01541], Train Rec Loss=[0.08842], Eval Rec Loss=[0.08889], c=[0.50000], F=[0.85567, 0.89639, 0.89418, 0.91058], F_fuse=[0.00408, 0.00345, 0.00254, 0.00198]
[ INFO : 2026-07-02 23:31:46,728 ] - Epoch 199: train==[103.28026 = 0.42216 + 0.92202 + 10.21266 + 0.00380 + 0.00000 + 0.00022 + 613.92142]
[ INFO : 2026-07-02 23:31:53,254 ] - Test_@[5, 10, 20, 50]: Recall=[0.00959, 0.01649, 0.02468, 0.04884],  precision=[0.00192, 0.00165, 0.00123, 0.00098], hit=[0.00959, 0.01649, 0.02468, 0.04884], ndcg=[0.00577, 0.00805, 0.01012, 0.01488], Train Rec Loss=[0.08874], Eval Rec Loss=[0.08778], c=[0.50000], F=[0.85202, 0.89116, 0.89460, 0.91421], F_fuse=[0.00383, 0.00329, 0.00246, 0.00195]
[ INFO : 2026-07-02 23:33:14,668 ] - Epoch 200: train==[103.20132 = 0.42253 + 0.91779 + 10.13551 + 0.00382 + 0.00000 + 0.00023 + 613.92372]
[ INFO : 2026-07-02 23:33:21,167 ] - Test_@[5, 10, 20, 50]: Recall=[0.01112, 0.01688, 0.02493, 0.05051],  precision=[0.00222, 0.00169, 0.00125, 0.00101], hit=[0.01112, 0.01688, 0.02493, 0.05051], ndcg=[0.00652, 0.00838, 0.01038, 0.01539], Train Rec Loss=[0.08917], Eval Rec Loss=[0.08959], c=[0.50000], F=[0.85813, 0.89631, 0.89729, 0.91481], F_fuse=[0.00444, 0.00337, 0.00249, 0.00202]
[ INFO : 2026-07-02 23:34:54,983 ] - Epoch 201: train==[103.14216 = 0.41821 + 0.91370 + 10.08395 + 0.00380 + 0.00000 + 0.00022 + 613.91842]
[ INFO : 2026-07-02 23:35:01,551 ] - Test_@[5, 10, 20, 50]: Recall=[0.00972, 0.01637, 0.02417, 0.04884],  precision=[0.00194, 0.00164, 0.00121, 0.00098], hit=[0.00972, 0.01637, 0.02417, 0.04884], ndcg=[0.00578, 0.00796, 0.00992, 0.01476], Train Rec Loss=[0.09039], Eval Rec Loss=[0.08856], c=[0.50000], F=[0.85039, 0.88717, 0.89188, 0.91367], F_fuse=[0.00388, 0.00327, 0.00241, 0.00195]
[ INFO : 2026-07-02 23:36:23,184 ] - Epoch 202: train==[103.09407 = 0.41640 + 0.90969 + 10.04040 + 0.00385 + 0.00000 + 0.00022 + 613.91593]
[ INFO : 2026-07-02 23:36:29,709 ] - Test_@[5, 10, 20, 50]: Recall=[0.01023, 0.01624, 0.02506, 0.05089],  precision=[0.00205, 0.00162, 0.00125, 0.00102], hit=[0.01023, 0.01624, 0.02506, 0.05089], ndcg=[0.00609, 0.00805, 0.01025, 0.01529], Train Rec Loss=[0.08985], Eval Rec Loss=[0.08916], c=[0.50000], F=[0.85368, 0.89143, 0.89413, 0.91195], F_fuse=[0.00408, 0.00324, 0.00250, 0.00203]
[ INFO : 2026-07-02 23:37:51,034 ] - Epoch 203: train==[103.21704 = 0.41758 + 0.90581 + 10.16375 + 0.00383 + 0.00000 + 0.00024 + 613.92101]
[ INFO : 2026-07-02 23:37:57,542 ] - Test_@[5, 10, 20, 50]: Recall=[0.01074, 0.01688, 0.02468, 0.05153],  precision=[0.00215, 0.00169, 0.00123, 0.00103], hit=[0.01074, 0.01688, 0.02468, 0.05153], ndcg=[0.00653, 0.00852, 0.01048, 0.01576], Train Rec Loss=[0.09066], Eval Rec Loss=[0.09082], c=[0.50000], F=[0.85490, 0.89447, 0.89451, 0.91245], F_fuse=[0.00429, 0.00337, 0.00246, 0.00206]
[ INFO : 2026-07-02 23:39:19,369 ] - Epoch 204: train==[103.13570 = 0.42004 + 0.90176 + 10.08248 + 0.00385 + 0.00000 + 0.00022 + 613.92035]
[ INFO : 2026-07-02 23:39:25,935 ] - Test_@[5, 10, 20, 50]: Recall=[0.01023, 0.01637, 0.02481, 0.05051],  precision=[0.00205, 0.00164, 0.00124, 0.00101], hit=[0.01023, 0.01637, 0.02481, 0.05051], ndcg=[0.00629, 0.00829, 0.01040, 0.01542], Train Rec Loss=[0.09091], Eval Rec Loss=[0.09111], c=[0.50000], F=[0.85164, 0.88389, 0.89163, 0.91454], F_fuse=[0.00408, 0.00327, 0.00248, 0.00202]
[ INFO : 2026-07-02 23:40:47,137 ] - Epoch 205: train==[103.08068 = 0.41736 + 0.89769 + 10.03394 + 0.00385 + 0.00000 + 0.00021 + 613.91138]
[ INFO : 2026-07-02 23:40:53,651 ] - Test_@[5, 10, 20, 50]: Recall=[0.01010, 0.01649, 0.02583, 0.05127],  precision=[0.00202, 0.00165, 0.00129, 0.00103], hit=[0.01010, 0.01649, 0.02583, 0.05127], ndcg=[0.00597, 0.00804, 0.01040, 0.01536], Train Rec Loss=[0.09162], Eval Rec Loss=[0.09002], c=[0.50000], F=[0.86270, 0.89872, 0.89789, 0.91586], F_fuse=[0.00403, 0.00329, 0.00258, 0.00205]
[ INFO : 2026-07-02 23:42:14,675 ] - Epoch 206: train==[103.11295 = 0.41823 + 0.89365 + 10.06510 + 0.00382 + 0.00000 + 0.00024 + 613.92905]
[ INFO : 2026-07-02 23:42:21,244 ] - Test_@[5, 10, 20, 50]: Recall=[0.01164, 0.01764, 0.02493, 0.05012],  precision=[0.00233, 0.00176, 0.00125, 0.00100], hit=[0.01164, 0.01764, 0.02493, 0.05012], ndcg=[0.00689, 0.00882, 0.01065, 0.01558], Train Rec Loss=[0.09372], Eval Rec Loss=[0.09398], c=[0.50000], F=[0.85416, 0.88968, 0.89255, 0.91277], F_fuse=[0.00464, 0.00352, 0.00249, 0.00200]
[ INFO : 2026-07-02 23:43:42,911 ] - Epoch 207: train==[103.02437 = 0.41259 + 0.88978 + 9.98644 + 0.00385 + 0.00000 + 0.00021 + 613.91604]
[ INFO : 2026-07-02 23:43:50,108 ] - Test_@[5, 10, 20, 50]: Recall=[0.01023, 0.01713, 0.02493, 0.05127],  precision=[0.00205, 0.00171, 0.00125, 0.00103], hit=[0.01023, 0.01713, 0.02493, 0.05127], ndcg=[0.00602, 0.00826, 0.01022, 0.01537], Train Rec Loss=[0.09323], Eval Rec Loss=[0.09249], c=[0.50000], F=[0.85097, 0.89751, 0.89589, 0.91231], F_fuse=[0.00408, 0.00342, 0.00249, 0.00205]
[ INFO : 2026-07-02 23:45:11,260 ] - Epoch 208: train==[103.00275 = 0.41130 + 0.88557 + 9.96715 + 0.00387 + 0.00000 + 0.00024 + 613.92560]
[ INFO : 2026-07-02 23:45:17,790 ] - Test_@[5, 10, 20, 50]: Recall=[0.00933, 0.01496, 0.02353, 0.04935],  precision=[0.00187, 0.00150, 0.00118, 0.00099], hit=[0.00933, 0.01496, 0.02353, 0.04935], ndcg=[0.00562, 0.00745, 0.00962, 0.01463], Train Rec Loss=[0.09291], Eval Rec Loss=[0.09404], c=[0.50000], F=[0.84566, 0.88074, 0.88983, 0.91309], F_fuse=[0.00373, 0.00299, 0.00235, 0.00197]
[ INFO : 2026-07-02 23:46:39,115 ] - Epoch 209: train==[102.99493 = 0.40971 + 0.88133 + 9.96527 + 0.00390 + 0.00000 + 0.00020 + 613.91366]
[ INFO : 2026-07-02 23:46:45,651 ] - Test_@[5, 10, 20, 50]: Recall=[0.01100, 0.01701, 0.02583, 0.05076],  precision=[0.00220, 0.00170, 0.00129, 0.00102], hit=[0.01100, 0.01701, 0.02583, 0.05076], ndcg=[0.00665, 0.00860, 0.01079, 0.01566], Train Rec Loss=[0.09373], Eval Rec Loss=[0.09384], c=[0.50000], F=[0.85513, 0.89928, 0.89640, 0.91361], F_fuse=[0.00439, 0.00339, 0.00258, 0.00203]
[ INFO : 2026-07-02 23:48:06,460 ] - Epoch 210: train==[102.97993 = 0.41460 + 0.87712 + 9.94388 + 0.00390 + 0.00000 + 0.00027 + 613.94005]
[ INFO : 2026-07-02 23:48:12,972 ] - Test_@[5, 10, 20, 50]: Recall=[0.01048, 0.01534, 0.02365, 0.04884],  precision=[0.00210, 0.00153, 0.00118, 0.00098], hit=[0.01048, 0.01534, 0.02365, 0.04884], ndcg=[0.00621, 0.00777, 0.00985, 0.01479], Train Rec Loss=[0.09579], Eval Rec Loss=[0.09575], c=[0.50000], F=[0.85011, 0.88969, 0.89854, 0.91984], F_fuse=[0.00418, 0.00306, 0.00236, 0.00195]
[ INFO : 2026-07-02 23:49:34,818 ] - Epoch 211: train==[102.98091 = 0.41023 + 0.87260 + 9.95590 + 0.00390 + 0.00000 + 0.00020 + 613.91409]
[ INFO : 2026-07-02 23:49:41,364 ] - Test_@[5, 10, 20, 50]: Recall=[0.01023, 0.01611, 0.02429, 0.05076],  precision=[0.00205, 0.00161, 0.00121, 0.00102], hit=[0.01023, 0.01611, 0.02429, 0.05076], ndcg=[0.00601, 0.00792, 0.00997, 0.01516], Train Rec Loss=[0.09494], Eval Rec Loss=[0.09458], c=[0.50000], F=[0.85529, 0.89441, 0.89690, 0.91738], F_fuse=[0.00408, 0.00322, 0.00243, 0.00203]
[ INFO : 2026-07-02 23:51:02,574 ] - Epoch 212: train==[102.94275 = 0.40833 + 0.86796 + 9.91798 + 0.00391 + 0.00000 + 0.00031 + 613.94288]
[ INFO : 2026-07-02 23:51:09,429 ] - Test_@[5, 10, 20, 50]: Recall=[0.00959, 0.01585, 0.02340, 0.04744],  precision=[0.00192, 0.00159, 0.00117, 0.00095], hit=[0.00959, 0.01585, 0.02340, 0.04744], ndcg=[0.00568, 0.00771, 0.00961, 0.01435], Train Rec Loss=[0.09525], Eval Rec Loss=[0.09546], c=[0.50000], F=[0.85186, 0.88047, 0.89231, 0.91654], F_fuse=[0.00383, 0.00317, 0.00234, 0.00190]
[ INFO : 2026-07-02 23:52:31,827 ] - Epoch 213: train==[102.95436 = 0.40497 + 0.86386 + 9.93867 + 0.00392 + 0.00000 + 0.00024 + 613.92160]
[ INFO : 2026-07-02 23:52:38,363 ] - Test_@[5, 10, 20, 50]: Recall=[0.01061, 0.01598, 0.02544, 0.05114],  precision=[0.00212, 0.00160, 0.00127, 0.00102], hit=[0.01061, 0.01598, 0.02544, 0.05114], ndcg=[0.00647, 0.00818, 0.01053, 0.01553], Train Rec Loss=[0.09491], Eval Rec Loss=[0.09526], c=[0.50000], F=[0.85666, 0.89417, 0.89732, 0.91522], F_fuse=[0.00423, 0.00319, 0.00254, 0.00204]
[ INFO : 2026-07-02 23:54:00,598 ] - Epoch 214: train==[102.87225 = 0.40085 + 0.85973 + 9.86282 + 0.00393 + 0.00000 + 0.00022 + 613.92382]
[ INFO : 2026-07-02 23:54:07,133 ] - Test_@[5, 10, 20, 50]: Recall=[0.01112, 0.01713, 0.02608, 0.05127],  precision=[0.00222, 0.00171, 0.00130, 0.00103], hit=[0.01112, 0.01713, 0.02608, 0.05127], ndcg=[0.00659, 0.00853, 0.01079, 0.01570], Train Rec Loss=[0.09562], Eval Rec Loss=[0.09484], c=[0.50000], F=[0.86673, 0.90609, 0.90133, 0.91216], F_fuse=[0.00444, 0.00342, 0.00260, 0.00205]
[ INFO : 2026-07-02 23:55:28,903 ] - Epoch 215: train==[102.93129 = 0.40220 + 0.85578 + 9.91916 + 0.00392 + 0.00000 + 0.00045 + 613.94729]
[ INFO : 2026-07-02 23:55:35,410 ] - Test_@[5, 10, 20, 50]: Recall=[0.01010, 0.01483, 0.02301, 0.04782],  precision=[0.00202, 0.00148, 0.00115, 0.00096], hit=[0.01010, 0.01483, 0.02301, 0.04782], ndcg=[0.00598, 0.00751, 0.00959, 0.01442], Train Rec Loss=[0.09556], Eval Rec Loss=[0.09619], c=[0.50000], F=[0.83847, 0.87193, 0.88797, 0.91494], F_fuse=[0.00403, 0.00296, 0.00230, 0.00191]
[ INFO : 2026-07-02 23:56:57,172 ] - Epoch 216: train==[102.87448 = 0.40144 + 0.85200 + 9.86958 + 0.00392 + 0.00000 + 0.00022 + 613.92076]
[ INFO : 2026-07-02 23:57:03,673 ] - Test_@[5, 10, 20, 50]: Recall=[0.01036, 0.01560, 0.02404, 0.04795],  precision=[0.00207, 0.00156, 0.00120, 0.00096], hit=[0.01036, 0.01560, 0.02404, 0.04795], ndcg=[0.00628, 0.00801, 0.01013, 0.01482], Train Rec Loss=[0.09570], Eval Rec Loss=[0.09748], c=[0.50000], F=[0.85097, 0.88723, 0.89532, 0.91685], F_fuse=[0.00413, 0.00311, 0.00240, 0.00192]
[ INFO : 2026-07-02 23:58:25,255 ] - Epoch 217: train==[102.74758 = 0.39694 + 0.84829 + 9.74926 + 0.00397 + 0.00000 + 0.00022 + 613.92148]
[ INFO : 2026-07-02 23:58:31,808 ] - Test_@[5, 10, 20, 50]: Recall=[0.01023, 0.01534, 0.02340, 0.04910],  precision=[0.00205, 0.00153, 0.00117, 0.00098], hit=[0.01023, 0.01534, 0.02340, 0.04910], ndcg=[0.00608, 0.00771, 0.00973, 0.01475], Train Rec Loss=[0.09607], Eval Rec Loss=[0.09526], c=[0.50000], F=[0.84924, 0.88463, 0.89419, 0.91667], F_fuse=[0.00408, 0.00306, 0.00234, 0.00196]
[ INFO : 2026-07-03 00:00:01,655 ] - Epoch 218: train==[102.79312 = 0.39857 + 0.84471 + 9.79521 + 0.00396 + 0.00000 + 0.00021 + 613.92228]
[ INFO : 2026-07-03 00:00:08,183 ] - Test_@[5, 10, 20, 50]: Recall=[0.01010, 0.01534, 0.02353, 0.04846],  precision=[0.00202, 0.00153, 0.00118, 0.00097], hit=[0.01010, 0.01534, 0.02353, 0.04846], ndcg=[0.00624, 0.00794, 0.00999, 0.01488], Train Rec Loss=[0.09698], Eval Rec Loss=[0.09583], c=[0.50000], F=[0.85653, 0.88675, 0.89520, 0.91759], F_fuse=[0.00403, 0.00306, 0.00235, 0.00194]
[ INFO : 2026-07-03 00:01:30,278 ] - Epoch 219: train==[102.73882 = 0.40070 + 0.84120 + 9.74101 + 0.00396 + 0.00000 + 0.00022 + 613.92139]
[ INFO : 2026-07-03 00:01:36,804 ] - Test_@[5, 10, 20, 50]: Recall=[0.00972, 0.01637, 0.02365, 0.04974],  precision=[0.00194, 0.00164, 0.00118, 0.00099], hit=[0.00972, 0.01637, 0.02365, 0.04974], ndcg=[0.00595, 0.00808, 0.00990, 0.01501], Train Rec Loss=[0.09630], Eval Rec Loss=[0.09617], c=[0.50000], F=[0.84905, 0.88416, 0.89693, 0.92016], F_fuse=[0.00388, 0.00327, 0.00236, 0.00199]
[ INFO : 2026-07-03 00:02:57,959 ] - Epoch 220: train==[102.73981 = 0.39407 + 0.83781 + 9.74926 + 0.00399 + 0.00000 + 0.00024 + 613.93045]
[ INFO : 2026-07-03 00:03:04,484 ] - Test_@[5, 10, 20, 50]: Recall=[0.00946, 0.01534, 0.02289, 0.04871],  precision=[0.00189, 0.00153, 0.00114, 0.00097], hit=[0.00946, 0.01534, 0.02289, 0.04871], ndcg=[0.00584, 0.00779, 0.00967, 0.01475], Train Rec Loss=[0.09596], Eval Rec Loss=[0.09585], c=[0.50000], F=[0.85279, 0.88659, 0.89412, 0.91614], F_fuse=[0.00378, 0.00306, 0.00229, 0.00195]
[ INFO : 2026-07-03 00:04:25,857 ] - Epoch 221: train==[102.71608 = 0.39674 + 0.83435 + 9.72669 + 0.00398 + 0.00000 + 0.00021 + 613.91901]
[ INFO : 2026-07-03 00:04:32,406 ] - Test_@[5, 10, 20, 50]: Recall=[0.01048, 0.01675, 0.02429, 0.04756],  precision=[0.00210, 0.00167, 0.00121, 0.00095], hit=[0.01048, 0.01675, 0.02429, 0.04756], ndcg=[0.00637, 0.00838, 0.01025, 0.01483], Train Rec Loss=[0.09752], Eval Rec Loss=[0.09656], c=[0.50000], F=[0.84780, 0.87961, 0.89232, 0.91714], F_fuse=[0.00418, 0.00334, 0.00243, 0.00190]
[ INFO : 2026-07-03 00:05:53,483 ] - Epoch 222: train==[102.69887 = 0.39444 + 0.83102 + 9.71163 + 0.00402 + 0.00000 + 0.00022 + 613.93304]
[ INFO : 2026-07-03 00:06:00,028 ] - Test_@[5, 10, 20, 50]: Recall=[0.01048, 0.01598, 0.02429, 0.04974],  precision=[0.00210, 0.00160, 0.00121, 0.00099], hit=[0.01048, 0.01598, 0.02429, 0.04974], ndcg=[0.00640, 0.00818, 0.01025, 0.01523], Train Rec Loss=[0.09491], Eval Rec Loss=[0.09568], c=[0.50000], F=[0.85912, 0.88968, 0.89523, 0.91414], F_fuse=[0.00418, 0.00319, 0.00243, 0.00199]
[ INFO : 2026-07-03 00:07:26,458 ] - Epoch 223: train==[102.64670 = 0.39139 + 0.82767 + 9.66448 + 0.00402 + 0.00000 + 0.00024 + 613.93311]
[ INFO : 2026-07-03 00:07:33,007 ] - Test_@[5, 10, 20, 50]: Recall=[0.00997, 0.01547, 0.02378, 0.04871],  precision=[0.00199, 0.00155, 0.00119, 0.00097], hit=[0.00997, 0.01547, 0.02378, 0.04871], ndcg=[0.00586, 0.00761, 0.00969, 0.01460], Train Rec Loss=[0.09633], Eval Rec Loss=[0.09631], c=[0.50000], F=[0.85132, 0.88650, 0.89550, 0.91638], F_fuse=[0.00398, 0.00309, 0.00238, 0.00195]
[ INFO : 2026-07-03 00:08:54,468 ] - Epoch 224: train==[102.62718 = 0.38878 + 0.82430 + 9.65142 + 0.00404 + 0.00000 + 0.00021 + 613.92094]
[ INFO : 2026-07-03 00:09:01,000 ] - Test_@[5, 10, 20, 50]: Recall=[0.01010, 0.01534, 0.02391, 0.04935],  precision=[0.00202, 0.00153, 0.00120, 0.00099], hit=[0.01010, 0.01534, 0.02391, 0.04935], ndcg=[0.00618, 0.00790, 0.01004, 0.01504], Train Rec Loss=[0.09624], Eval Rec Loss=[0.09658], c=[0.50000], F=[0.85254, 0.88511, 0.89518, 0.91637], F_fuse=[0.00403, 0.00306, 0.00239, 0.00197]
[ INFO : 2026-07-03 00:10:22,196 ] - Epoch 225: train==[102.57681 = 0.39079 + 0.82110 + 9.60074 + 0.00405 + 0.00000 + 0.00024 + 613.92219]
[ INFO : 2026-07-03 00:10:28,699 ] - Test_@[5, 10, 20, 50]: Recall=[0.01048, 0.01573, 0.02429, 0.04961],  precision=[0.00210, 0.00157, 0.00121, 0.00099], hit=[0.01048, 0.01573, 0.02429, 0.04961], ndcg=[0.00619, 0.00786, 0.01001, 0.01501], Train Rec Loss=[0.09680], Eval Rec Loss=[0.09560], c=[0.50000], F=[0.85317, 0.88527, 0.89491, 0.91735], F_fuse=[0.00418, 0.00314, 0.00243, 0.00198]
[ INFO : 2026-07-03 00:11:50,179 ] - Epoch 226: train==[102.64658 = 0.39021 + 0.81808 + 9.67140 + 0.00404 + 0.00000 + 0.00023 + 613.93237]
[ INFO : 2026-07-03 00:11:56,708 ] - Test_@[5, 10, 20, 50]: Recall=[0.00959, 0.01598, 0.02391, 0.04846],  precision=[0.00192, 0.00160, 0.00120, 0.00097], hit=[0.00959, 0.01598, 0.02391, 0.04846], ndcg=[0.00573, 0.00781, 0.00978, 0.01464], Train Rec Loss=[0.09677], Eval Rec Loss=[0.09691], c=[0.50000], F=[0.84966, 0.88570, 0.89852, 0.91917], F_fuse=[0.00383, 0.00319, 0.00239, 0.00194]
[ INFO : 2026-07-03 00:13:17,976 ] - Epoch 227: train==[102.53053 = 0.38558 + 0.81495 + 9.56325 + 0.00407 + 0.00000 + 0.00022 + 613.92286]
[ INFO : 2026-07-03 00:13:24,581 ] - Test_@[5, 10, 20, 50]: Recall=[0.01100, 0.01611, 0.02493, 0.04731],  precision=[0.00220, 0.00161, 0.00125, 0.00095], hit=[0.01100, 0.01611, 0.02493, 0.04731], ndcg=[0.00660, 0.00821, 0.01041, 0.01480], Train Rec Loss=[0.09624], Eval Rec Loss=[0.09599], c=[0.50000], F=[0.85509, 0.88223, 0.89290, 0.91643], F_fuse=[0.00439, 0.00322, 0.00249, 0.00189]
[ INFO : 2026-07-03 00:14:48,433 ] - Epoch 228: train==[102.51364 = 0.39155 + 0.81196 + 9.54143 + 0.00408 + 0.00000 + 0.00024 + 613.92777]
[ INFO : 2026-07-03 00:14:54,941 ] - Test_@[5, 10, 20, 50]: Recall=[0.00972, 0.01522, 0.02250, 0.04820],  precision=[0.00194, 0.00152, 0.00113, 0.00096], hit=[0.00972, 0.01522, 0.02250, 0.04820], ndcg=[0.00580, 0.00760, 0.00943, 0.01448], Train Rec Loss=[0.09690], Eval Rec Loss=[0.09656], c=[0.50000], F=[0.84198, 0.87548, 0.88972, 0.91594], F_fuse=[0.00388, 0.00304, 0.00225, 0.00193]
[ INFO : 2026-07-03 00:16:16,919 ] - Epoch 229: train==[102.52863 = 0.39161 + 0.80903 + 9.55819 + 0.00402 + 0.00000 + 0.00022 + 613.92775]
[ INFO : 2026-07-03 00:16:23,454 ] - Test_@[5, 10, 20, 50]: Recall=[0.00946, 0.01470, 0.02429, 0.04910],  precision=[0.00189, 0.00147, 0.00121, 0.00098], hit=[0.00946, 0.01470, 0.02429, 0.04910], ndcg=[0.00607, 0.00776, 0.01017, 0.01504], Train Rec Loss=[0.09671], Eval Rec Loss=[0.09561], c=[0.50000], F=[0.85103, 0.88669, 0.89669, 0.91894], F_fuse=[0.00378, 0.00294, 0.00243, 0.00196]
[ INFO : 2026-07-03 00:17:44,869 ] - Epoch 230: train==[102.52364 = 0.38577 + 0.80599 + 9.56178 + 0.00410 + 0.00000 + 0.00021 + 613.92124]
[ INFO : 2026-07-03 00:17:51,430 ] - Test_@[5, 10, 20, 50]: Recall=[0.00997, 0.01560, 0.02301, 0.04782],  precision=[0.00199, 0.00156, 0.00115, 0.00096], hit=[0.00997, 0.01560, 0.02301, 0.04782], ndcg=[0.00592, 0.00775, 0.00960, 0.01450], Train Rec Loss=[0.09635], Eval Rec Loss=[0.09591], c=[0.50000], F=[0.84998, 0.88078, 0.89621, 0.92092], F_fuse=[0.00398, 0.00311, 0.00230, 0.00191]
[ INFO : 2026-07-03 00:19:13,490 ] - Epoch 231: train==[102.45676 = 0.38403 + 0.80313 + 9.49874 + 0.00410 + 0.00000 + 0.00021 + 613.91867]
[ INFO : 2026-07-03 00:19:20,021 ] - Test_@[5, 10, 20, 50]: Recall=[0.00985, 0.01496, 0.02378, 0.04871],  precision=[0.00197, 0.00150, 0.00119, 0.00097], hit=[0.00985, 0.01496, 0.02378, 0.04871], ndcg=[0.00604, 0.00768, 0.00987, 0.01478], Train Rec Loss=[0.09619], Eval Rec Loss=[0.09512], c=[0.50000], F=[0.85266, 0.88229, 0.89493, 0.92005], F_fuse=[0.00393, 0.00299, 0.00238, 0.00195]
[ INFO : 2026-07-03 00:20:41,301 ] - Epoch 232: train==[102.49432 = 0.38418 + 0.80022 + 9.53545 + 0.00413 + 0.00000 + 0.00023 + 613.93454]
[ INFO : 2026-07-03 00:20:47,897 ] - Test_@[5, 10, 20, 50]: Recall=[0.00972, 0.01585, 0.02417, 0.04974],  precision=[0.00194, 0.00159, 0.00121, 0.00099], hit=[0.00972, 0.01585, 0.02417, 0.04974], ndcg=[0.00602, 0.00799, 0.01006, 0.01507], Train Rec Loss=[0.09669], Eval Rec Loss=[0.09616], c=[0.50000], F=[0.85560, 0.88421, 0.89723, 0.91945], F_fuse=[0.00388, 0.00317, 0.00241, 0.00199]
[ INFO : 2026-07-03 00:22:09,529 ] - Epoch 233: train==[102.45834 = 0.38106 + 0.79733 + 9.50621 + 0.00414 + 0.00000 + 0.00024 + 613.92198]
[ INFO : 2026-07-03 00:22:16,079 ] - Test_@[5, 10, 20, 50]: Recall=[0.01010, 0.01585, 0.02417, 0.04769],  precision=[0.00202, 0.00159, 0.00121, 0.00095], hit=[0.01010, 0.01585, 0.02417, 0.04769], ndcg=[0.00615, 0.00802, 0.01008, 0.01470], Train Rec Loss=[0.09671], Eval Rec Loss=[0.09655], c=[0.50000], F=[0.85378, 0.89011, 0.89901, 0.91850], F_fuse=[0.00403, 0.00317, 0.00241, 0.00191]
[ INFO : 2026-07-03 00:23:38,928 ] - Epoch 234: train==[102.36799 = 0.37845 + 0.79453 + 9.41616 + 0.00415 + 0.00000 + 0.00025 + 613.94830]
[ INFO : 2026-07-03 00:23:45,456 ] - Test_@[5, 10, 20, 50]: Recall=[0.00933, 0.01458, 0.02327, 0.04910],  precision=[0.00187, 0.00146, 0.00116, 0.00098], hit=[0.00933, 0.01458, 0.02327, 0.04910], ndcg=[0.00561, 0.00732, 0.00950, 0.01457], Train Rec Loss=[0.09617], Eval Rec Loss=[0.09481], c=[0.50000], F=[0.85071, 0.88047, 0.89291, 0.91735], F_fuse=[0.00373, 0.00291, 0.00232, 0.00196]
[ INFO : 2026-07-03 00:25:06,878 ] - Epoch 235: train==[102.40133 = 0.38164 + 0.79175 + 9.45163 + 0.00414 + 0.00000 + 0.00023 + 613.92420]
[ INFO : 2026-07-03 00:25:13,422 ] - Test_@[5, 10, 20, 50]: Recall=[0.00933, 0.01432, 0.02314, 0.04654],  precision=[0.00187, 0.00143, 0.00116, 0.00093], hit=[0.00933, 0.01432, 0.02314, 0.04654], ndcg=[0.00558, 0.00720, 0.00942, 0.01399], Train Rec Loss=[0.09518], Eval Rec Loss=[0.09560], c=[0.50000], F=[0.84675, 0.87935, 0.89638, 0.92144], F_fuse=[0.00373, 0.00286, 0.00231, 0.00186]
[ INFO : 2026-07-03 00:26:35,360 ] - Epoch 236: train==[102.36712 = 0.37999 + 0.78891 + 9.42162 + 0.00416 + 0.00000 + 0.00021 + 613.91862]
[ INFO : 2026-07-03 00:26:41,916 ] - Test_@[5, 10, 20, 50]: Recall=[0.01010, 0.01560, 0.02468, 0.04769],  precision=[0.00202, 0.00156, 0.00123, 0.00095], hit=[0.01010, 0.01560, 0.02468, 0.04769], ndcg=[0.00631, 0.00808, 0.01036, 0.01489], Train Rec Loss=[0.09495], Eval Rec Loss=[0.09516], c=[0.50000], F=[0.84617, 0.88042, 0.89606, 0.91995], F_fuse=[0.00403, 0.00311, 0.00246, 0.00191]
[ INFO : 2026-07-03 00:28:03,335 ] - Epoch 237: train==[102.36799 = 0.37627 + 0.78618 + 9.42771 + 0.00419 + 0.00000 + 0.00022 + 613.91935]
[ INFO : 2026-07-03 00:28:09,861 ] - Test_@[5, 10, 20, 50]: Recall=[0.00997, 0.01611, 0.02378, 0.04897],  precision=[0.00199, 0.00161, 0.00119, 0.00098], hit=[0.00997, 0.01611, 0.02378, 0.04897], ndcg=[0.00597, 0.00795, 0.00986, 0.01482], Train Rec Loss=[0.09554], Eval Rec Loss=[0.09582], c=[0.50000], F=[0.85042, 0.88141, 0.89694, 0.92097], F_fuse=[0.00398, 0.00322, 0.00238, 0.00196]
[ INFO : 2026-07-03 00:29:31,214 ] - Epoch 238: train==[102.37340 = 0.37895 + 0.78340 + 9.43070 + 0.00418 + 0.00000 + 0.00022 + 613.92867]
[ INFO : 2026-07-03 00:29:37,744 ] - Test_@[5, 10, 20, 50]: Recall=[0.00959, 0.01496, 0.02544, 0.04871],  precision=[0.00192, 0.00150, 0.00127, 0.00097], hit=[0.00959, 0.01496, 0.02544, 0.04871], ndcg=[0.00598, 0.00772, 0.01034, 0.01488], Train Rec Loss=[0.09491], Eval Rec Loss=[0.09455], c=[0.50000], F=[0.85260, 0.88503, 0.89801, 0.92039], F_fuse=[0.00383, 0.00299, 0.00254, 0.00195]
[ INFO : 2026-07-03 00:31:00,369 ] - Epoch 239: train==[102.31815 = 0.37443 + 0.78068 + 9.38183 + 0.00421 + 0.00000 + 0.00023 + 613.92692]
[ INFO : 2026-07-03 00:31:06,863 ] - Test_@[5, 10, 20, 50]: Recall=[0.00985, 0.01406, 0.02238, 0.04603],  precision=[0.00197, 0.00141, 0.00112, 0.00092], hit=[0.00985, 0.01406, 0.02238, 0.04603], ndcg=[0.00601, 0.00738, 0.00948, 0.01414], Train Rec Loss=[0.09574], Eval Rec Loss=[0.09580], c=[0.50000], F=[0.84876, 0.87702, 0.89268, 0.91964], F_fuse=[0.00393, 0.00281, 0.00223, 0.00184]
[ INFO : 2026-07-03 00:32:27,999 ] - Epoch 240: train==[102.27435 = 0.37316 + 0.77800 + 9.33961 + 0.00420 + 0.00000 + 0.00025 + 613.93558]
[ INFO : 2026-07-03 00:32:34,527 ] - Test_@[5, 10, 20, 50]: Recall=[0.00857, 0.01406, 0.02238, 0.04641],  precision=[0.00171, 0.00141, 0.00112, 0.00093], hit=[0.00857, 0.01406, 0.02238, 0.04641], ndcg=[0.00509, 0.00685, 0.00892, 0.01367], Train Rec Loss=[0.09514], Eval Rec Loss=[0.09561], c=[0.50000], F=[0.84457, 0.87640, 0.89505, 0.92050], F_fuse=[0.00342, 0.00281, 0.00223, 0.00185]
[ INFO : 2026-07-03 00:33:56,196 ] - Epoch 241: train==[102.21320 = 0.37427 + 0.77537 + 9.28083 + 0.00423 + 0.00000 + 0.00021 + 613.92290]
[ INFO : 2026-07-03 00:34:02,693 ] - Test_@[5, 10, 20, 50]: Recall=[0.00946, 0.01624, 0.02429, 0.04897],  precision=[0.00189, 0.00162, 0.00121, 0.00098], hit=[0.00946, 0.01624, 0.02429, 0.04897], ndcg=[0.00588, 0.00808, 0.01009, 0.01491], Train Rec Loss=[0.09477], Eval Rec Loss=[0.09523], c=[0.50000], F=[0.85091, 0.88576, 0.89799, 0.92036], F_fuse=[0.00378, 0.00324, 0.00243, 0.00196]
[ INFO : 2026-07-03 00:35:24,117 ] - Epoch 242: train==[102.21435 = 0.37455 + 0.77273 + 9.28205 + 0.00422 + 0.00000 + 0.00022 + 613.93111]
[ INFO : 2026-07-03 00:35:30,646 ] - Test_@[5, 10, 20, 50]: Recall=[0.00933, 0.01496, 0.02186, 0.04603],  precision=[0.00187, 0.00150, 0.00109, 0.00092], hit=[0.00933, 0.01496, 0.02186, 0.04603], ndcg=[0.00569, 0.00750, 0.00923, 0.01398], Train Rec Loss=[0.09517], Eval Rec Loss=[0.09590], c=[0.50000], F=[0.84243, 0.87384, 0.89481, 0.92251], F_fuse=[0.00373, 0.00299, 0.00218, 0.00184]
[ INFO : 2026-07-03 00:36:52,863 ] - Epoch 243: train==[102.18273 = 0.37342 + 0.77015 + 9.25411 + 0.00425 + 0.00000 + 0.00021 + 613.92428]
[ INFO : 2026-07-03 00:36:59,355 ] - Test_@[5, 10, 20, 50]: Recall=[0.00921, 0.01496, 0.02365, 0.04718],  precision=[0.00184, 0.00150, 0.00118, 0.00094], hit=[0.00921, 0.01496, 0.02365, 0.04718], ndcg=[0.00544, 0.00729, 0.00944, 0.01405], Train Rec Loss=[0.09396], Eval Rec Loss=[0.09459], c=[0.50000], F=[0.84534, 0.87742, 0.89336, 0.91996], F_fuse=[0.00367, 0.00299, 0.00236, 0.00189]
[ INFO : 2026-07-03 00:38:20,582 ] - Epoch 244: train==[102.17346 = 0.37125 + 0.76754 + 9.24817 + 0.00425 + 0.00000 + 0.00021 + 613.92709]
[ INFO : 2026-07-03 00:38:27,140 ] - Test_@[5, 10, 20, 50]: Recall=[0.01048, 0.01547, 0.02378, 0.04795],  precision=[0.00210, 0.00155, 0.00119, 0.00096], hit=[0.01048, 0.01547, 0.02378, 0.04795], ndcg=[0.00612, 0.00768, 0.00975, 0.01450], Train Rec Loss=[0.09375], Eval Rec Loss=[0.09476], c=[0.50000], F=[0.85435, 0.87943, 0.89475, 0.92106], F_fuse=[0.00418, 0.00309, 0.00238, 0.00192]
[ INFO : 2026-07-03 00:39:48,655 ] - Epoch 245: train==[102.17213 = 0.37187 + 0.76480 + 9.24756 + 0.00425 + 0.00000 + 0.00022 + 613.92901]
[ INFO : 2026-07-03 00:39:55,192 ] - Test_@[5, 10, 20, 50]: Recall=[0.00997, 0.01598, 0.02493, 0.04910],  precision=[0.00199, 0.00160, 0.00125, 0.00098], hit=[0.00997, 0.01598, 0.02493, 0.04910], ndcg=[0.00612, 0.00805, 0.01027, 0.01497], Train Rec Loss=[0.09478], Eval Rec Loss=[0.09532], c=[0.50000], F=[0.85350, 0.88798, 0.89640, 0.91560], F_fuse=[0.00398, 0.00319, 0.00249, 0.00196]
[ INFO : 2026-07-03 00:41:17,642 ] - Epoch 246: train==[102.23957 = 0.36929 + 0.76204 + 9.31718 + 0.00428 + 0.00000 + 0.00025 + 613.94228]
[ INFO : 2026-07-03 00:41:24,197 ] - Test_@[5, 10, 20, 50]: Recall=[0.00921, 0.01330, 0.02238, 0.04488],  precision=[0.00184, 0.00133, 0.00112, 0.00090], hit=[0.00921, 0.01330, 0.02238, 0.04488], ndcg=[0.00584, 0.00716, 0.00945, 0.01387], Train Rec Loss=[0.09476], Eval Rec Loss=[0.09322], c=[0.50000], F=[0.84192, 0.87170, 0.89249, 0.91979], F_fuse=[0.00367, 0.00266, 0.00223, 0.00179]
[ INFO : 2026-07-03 00:42:45,777 ] - Epoch 247: train==[102.11070 = 0.36386 + 0.75929 + 9.19953 + 0.00427 + 0.00000 + 0.00020 + 613.91515]
[ INFO : 2026-07-03 00:42:52,294 ] - Test_@[5, 10, 20, 50]: Recall=[0.00869, 0.01509, 0.02353, 0.04692],  precision=[0.00174, 0.00151, 0.00118, 0.00094], hit=[0.00869, 0.01509, 0.02353, 0.04692], ndcg=[0.00522, 0.00730, 0.00940, 0.01403], Train Rec Loss=[0.09411], Eval Rec Loss=[0.09315], c=[0.50000], F=[0.84652, 0.87587, 0.89298, 0.91946], F_fuse=[0.00347, 0.00301, 0.00235, 0.00188]
[ INFO : 2026-07-03 00:44:13,996 ] - Epoch 248: train==[102.13307 = 0.36478 + 0.75665 + 9.22093 + 0.00432 + 0.00000 + 0.00022 + 613.92552]
[ INFO : 2026-07-03 00:44:20,546 ] - Test_@[5, 10, 20, 50]: Recall=[0.00946, 0.01496, 0.02532, 0.04846],  precision=[0.00189, 0.00150, 0.00127, 0.00097], hit=[0.00946, 0.01496, 0.02532, 0.04846], ndcg=[0.00559, 0.00737, 0.00994, 0.01446], Train Rec Loss=[0.09409], Eval Rec Loss=[0.09427], c=[0.50000], F=[0.85535, 0.88666, 0.90045, 0.92223], F_fuse=[0.00378, 0.00299, 0.00253, 0.00194]
[ INFO : 2026-07-03 00:45:50,430 ] - Epoch 249: train==[102.13002 = 0.36577 + 0.75403 + 9.21819 + 0.00431 + 0.00000 + 0.00023 + 613.92733]
[ INFO : 2026-07-03 00:45:57,033 ] - Test_@[5, 10, 20, 50]: Recall=[0.00908, 0.01509, 0.02314, 0.04424],  precision=[0.00182, 0.00151, 0.00116, 0.00088], hit=[0.00908, 0.01509, 0.02314, 0.04424], ndcg=[0.00559, 0.00749, 0.00952, 0.01363], Train Rec Loss=[0.09440], Eval Rec Loss=[0.09491], c=[0.50000], F=[0.84272, 0.87147, 0.89189, 0.92058], F_fuse=[0.00362, 0.00301, 0.00231, 0.00177]
[ INFO : 2026-07-03 00:47:33,986 ] - Epoch 250: train==[102.07952 = 0.36978 + 0.75140 + 9.16538 + 0.00429 + 0.00000 + 0.00022 + 613.92673]
[ INFO : 2026-07-03 00:47:40,502 ] - Test_@[5, 10, 20, 50]: Recall=[0.00921, 0.01483, 0.02519, 0.04859],  precision=[0.00184, 0.00148, 0.00126, 0.00097], hit=[0.00921, 0.01483, 0.02519, 0.04859], ndcg=[0.00583, 0.00764, 0.01022, 0.01481], Train Rec Loss=[0.09457], Eval Rec Loss=[0.09260], c=[0.50000], F=[0.85020, 0.88771, 0.90197, 0.92220], F_fuse=[0.00367, 0.00296, 0.00252, 0.00194]
[ INFO : 2026-07-03 00:49:02,136 ] - Epoch 251: train==[102.17398 = 0.36635 + 0.74873 + 9.26522 + 0.00430 + 0.00000 + 0.00021 + 613.92430]
[ INFO : 2026-07-03 00:49:08,666 ] - Test_@[5, 10, 20, 50]: Recall=[0.00959, 0.01509, 0.02442, 0.04820],  precision=[0.00192, 0.00151, 0.00122, 0.00096], hit=[0.00959, 0.01509, 0.02442, 0.04820], ndcg=[0.00575, 0.00753, 0.00985, 0.01454], Train Rec Loss=[0.09417], Eval Rec Loss=[0.09206], c=[0.50000], F=[0.84844, 0.88351, 0.90003, 0.92213], F_fuse=[0.00383, 0.00301, 0.00244, 0.00193]
[ INFO : 2026-07-03 00:50:30,261 ] - Epoch 252: train==[102.06887 = 0.36064 + 0.74615 + 9.16595 + 0.00433 + 0.00000 + 0.00024 + 613.93338]
[ INFO : 2026-07-03 00:50:36,804 ] - Test_@[5, 10, 20, 50]: Recall=[0.00959, 0.01509, 0.02289, 0.04744],  precision=[0.00192, 0.00151, 0.00114, 0.00095], hit=[0.00959, 0.01509, 0.02289, 0.04744], ndcg=[0.00584, 0.00759, 0.00954, 0.01434], Train Rec Loss=[0.09347], Eval Rec Loss=[0.09367], c=[0.50000], F=[0.84470, 0.87349, 0.89443, 0.92076], F_fuse=[0.00383, 0.00301, 0.00229, 0.00190]
[ INFO : 2026-07-03 00:51:58,015 ] - Epoch 253: train==[102.04079 = 0.36068 + 0.74353 + 9.14012 + 0.00433 + 0.00000 + 0.00022 + 613.92875]
[ INFO : 2026-07-03 00:52:04,564 ] - Test_@[5, 10, 20, 50]: Recall=[0.00895, 0.01496, 0.02250, 0.04680],  precision=[0.00179, 0.00150, 0.00113, 0.00094], hit=[0.00895, 0.01496, 0.02250, 0.04680], ndcg=[0.00533, 0.00726, 0.00914, 0.01389], Train Rec Loss=[0.09375], Eval Rec Loss=[0.09382], c=[0.50000], F=[0.84192, 0.87491, 0.89577, 0.92086], F_fuse=[0.00357, 0.00299, 0.00225, 0.00187]
[ INFO : 2026-07-03 00:53:26,109 ] - Epoch 254: train==[102.02979 = 0.36132 + 0.74050 + 9.13109 + 0.00438 + 0.00000 + 0.00021 + 613.92325]
[ INFO : 2026-07-03 00:53:32,622 ] - Test_@[5, 10, 20, 50]: Recall=[0.01048, 0.01522, 0.02493, 0.04859],  precision=[0.00210, 0.00152, 0.00125, 0.00097], hit=[0.01048, 0.01522, 0.02493, 0.04859], ndcg=[0.00614, 0.00769, 0.01010, 0.01474], Train Rec Loss=[0.09386], Eval Rec Loss=[0.09378], c=[0.50000], F=[0.85442, 0.88137, 0.89644, 0.92130], F_fuse=[0.00418, 0.00304, 0.00249, 0.00194]
[ INFO : 2026-07-03 00:55:02,731 ] - Epoch 255: train==[102.02109 = 0.36097 + 0.73786 + 9.12157 + 0.00437 + 0.00000 + 0.00024 + 613.94147]
[ INFO : 2026-07-03 00:55:09,290 ] - Test_@[5, 10, 20, 50]: Recall=[0.00857, 0.01355, 0.02340, 0.04501],  precision=[0.00171, 0.00136, 0.00117, 0.00090], hit=[0.00857, 0.01355, 0.02340, 0.04501], ndcg=[0.00502, 0.00662, 0.00909, 0.01332], Train Rec Loss=[0.09272], Eval Rec Loss=[0.09287], c=[0.50000], F=[0.84438, 0.87574, 0.89497, 0.92109], F_fuse=[0.00342, 0.00271, 0.00234, 0.00180]
[ INFO : 2026-07-03 00:56:31,135 ] - Epoch 256: train==[102.03437 = 0.36133 + 0.73524 + 9.13911 + 0.00438 + 0.00000 + 0.00020 + 613.92136]
[ INFO : 2026-07-03 00:56:37,624 ] - Test_@[5, 10, 20, 50]: Recall=[0.00921, 0.01483, 0.02417, 0.04718],  precision=[0.00184, 0.00148, 0.00121, 0.00094], hit=[0.00921, 0.01483, 0.02417, 0.04718], ndcg=[0.00553, 0.00735, 0.00968, 0.01420], Train Rec Loss=[0.09254], Eval Rec Loss=[0.09190], c=[0.50000], F=[0.85202, 0.87913, 0.89847, 0.92438], F_fuse=[0.00367, 0.00296, 0.00241, 0.00189]
[ INFO : 2026-07-03 00:57:59,039 ] - Epoch 257: train==[101.95410 = 0.35744 + 0.73259 + 9.06328 + 0.00440 + 0.00000 + 0.00023 + 613.92790]
[ INFO : 2026-07-03 00:58:05,554 ] - Test_@[5, 10, 20, 50]: Recall=[0.00959, 0.01483, 0.02417, 0.04744],  precision=[0.00192, 0.00148, 0.00121, 0.00095], hit=[0.00959, 0.01483, 0.02417, 0.04744], ndcg=[0.00594, 0.00762, 0.00994, 0.01449], Train Rec Loss=[0.09284], Eval Rec Loss=[0.09341], c=[0.50000], F=[0.85595, 0.88150, 0.89910, 0.92402], F_fuse=[0.00383, 0.00296, 0.00241, 0.00190]
[ INFO : 2026-07-03 00:59:27,254 ] - Epoch 258: train==[101.97531 = 0.35846 + 0.73005 + 9.08394 + 0.00442 + 0.00000 + 0.00025 + 613.93475]
[ INFO : 2026-07-03 00:59:33,778 ] - Test_@[5, 10, 20, 50]: Recall=[0.00933, 0.01368, 0.02301, 0.04629],  precision=[0.00187, 0.00137, 0.00115, 0.00093], hit=[0.00933, 0.01368, 0.02301, 0.04629], ndcg=[0.00581, 0.00724, 0.00961, 0.01417], Train Rec Loss=[0.09303], Eval Rec Loss=[0.09191], c=[0.50000], F=[0.85244, 0.87932, 0.89994, 0.92572], F_fuse=[0.00373, 0.00273, 0.00230, 0.00185]
[ INFO : 2026-07-03 01:00:55,075 ] - Epoch 259: train==[101.95396 = 0.35757 + 0.72751 + 9.06593 + 0.00441 + 0.00000 + 0.00027 + 613.92848]
[ INFO : 2026-07-03 01:01:01,615 ] - Test_@[5, 10, 20, 50]: Recall=[0.00895, 0.01445, 0.02186, 0.04437],  precision=[0.00179, 0.00144, 0.00109, 0.00089], hit=[0.00895, 0.01445, 0.02186, 0.04437], ndcg=[0.00545, 0.00721, 0.00907, 0.01347], Train Rec Loss=[0.09262], Eval Rec Loss=[0.09275], c=[0.50000], F=[0.84233, 0.87314, 0.89525, 0.92248], F_fuse=[0.00357, 0.00288, 0.00218, 0.00177]
[ INFO : 2026-07-03 01:02:31,211 ] - Epoch 260: train==[101.95959 = 0.35852 + 0.72496 + 9.07399 + 0.00441 + 0.00000 + 0.00020 + 613.91666]
[ INFO : 2026-07-03 01:02:37,755 ] - Test_@[5, 10, 20, 50]: Recall=[0.00895, 0.01355, 0.02365, 0.04667],  precision=[0.00179, 0.00136, 0.00118, 0.00093], hit=[0.00895, 0.01355, 0.02365, 0.04667], ndcg=[0.00538, 0.00685, 0.00940, 0.01387], Train Rec Loss=[0.09264], Eval Rec Loss=[0.09213], c=[0.50000], F=[0.84525, 0.87677, 0.89793, 0.92287], F_fuse=[0.00357, 0.00271, 0.00236, 0.00186]
[ INFO : 2026-07-03 01:04:01,572 ] - Epoch 261: train==[101.88767 = 0.35753 + 0.72247 + 9.00219 + 0.00444 + 0.00000 + 0.00023 + 613.93196]
[ INFO : 2026-07-03 01:04:08,121 ] - Test_@[5, 10, 20, 50]: Recall=[0.00933, 0.01419, 0.02353, 0.04871],  precision=[0.00187, 0.00142, 0.00118, 0.00097], hit=[0.00933, 0.01419, 0.02353, 0.04871], ndcg=[0.00555, 0.00712, 0.00945, 0.01436], Train Rec Loss=[0.09193], Eval Rec Loss=[0.09139], c=[0.50000], F=[0.85154, 0.88039, 0.90207, 0.92688], F_fuse=[0.00373, 0.00283, 0.00235, 0.00195]
[ INFO : 2026-07-03 01:05:29,511 ] - Epoch 262: train==[101.89363 = 0.35312 + 0.71999 + 9.01437 + 0.00446 + 0.00000 + 0.00022 + 613.92967]
[ INFO : 2026-07-03 01:05:36,044 ] - Test_@[5, 10, 20, 50]: Recall=[0.00946, 0.01458, 0.02378, 0.04526],  precision=[0.00189, 0.00146, 0.00119, 0.00091], hit=[0.00946, 0.01458, 0.02378, 0.04526], ndcg=[0.00586, 0.00752, 0.00983, 0.01406], Train Rec Loss=[0.09176], Eval Rec Loss=[0.09148], c=[0.50000], F=[0.84643, 0.87856, 0.89743, 0.92281], F_fuse=[0.00378, 0.00291, 0.00238, 0.00181]
[ INFO : 2026-07-03 01:06:57,928 ] - Epoch 263: train==[101.87313 = 0.35327 + 0.71757 + 8.99613 + 0.00445 + 0.00000 + 0.00020 + 613.92357]
[ INFO : 2026-07-03 01:07:04,490 ] - Test_@[5, 10, 20, 50]: Recall=[0.00908, 0.01432, 0.02276, 0.04641],  precision=[0.00182, 0.00143, 0.00114, 0.00093], hit=[0.00908, 0.01432, 0.02276, 0.04641], ndcg=[0.00556, 0.00723, 0.00936, 0.01399], Train Rec Loss=[0.09262], Eval Rec Loss=[0.09136], c=[0.50000], F=[0.84867, 0.87691, 0.89522, 0.92089], F_fuse=[0.00362, 0.00286, 0.00227, 0.00185]
[ INFO : 2026-07-03 01:08:26,026 ] - Epoch 264: train==[101.87445 = 0.35554 + 0.71523 + 8.99686 + 0.00446 + 0.00000 + 0.00021 + 613.92158]
[ INFO : 2026-07-03 01:08:32,561 ] - Test_@[5, 10, 20, 50]: Recall=[0.00959, 0.01496, 0.02442, 0.04744],  precision=[0.00192, 0.00150, 0.00122, 0.00095], hit=[0.00959, 0.01496, 0.02442, 0.04744], ndcg=[0.00551, 0.00725, 0.00962, 0.01412], Train Rec Loss=[0.09146], Eval Rec Loss=[0.09189], c=[0.50000], F=[0.85094, 0.88121, 0.89982, 0.92434], F_fuse=[0.00383, 0.00299, 0.00244, 0.00190]
[ INFO : 2026-07-03 01:10:02,308 ] - Epoch 265: train==[101.80853 = 0.35018 + 0.71282 + 8.93579 + 0.00449 + 0.00000 + 0.00024 + 613.93417]
[ INFO : 2026-07-03 01:10:08,809 ] - Test_@[5, 10, 20, 50]: Recall=[0.00767, 0.01266, 0.02161, 0.04322],  precision=[0.00153, 0.00127, 0.00108, 0.00086], hit=[0.00767, 0.01266, 0.02161, 0.04322], ndcg=[0.00469, 0.00629, 0.00852, 0.01274], Train Rec Loss=[0.09098], Eval Rec Loss=[0.09176], c=[0.50000], F=[0.83837, 0.87029, 0.89409, 0.92483], F_fuse=[0.00306, 0.00253, 0.00216, 0.00173]
[ INFO : 2026-07-03 01:11:32,146 ] - Epoch 266: train==[101.82026 = 0.35173 + 0.71046 + 8.94961 + 0.00447 + 0.00000 + 0.00020 + 613.91984]
[ INFO : 2026-07-03 01:11:38,674 ] - Test_@[5, 10, 20, 50]: Recall=[0.00882, 0.01483, 0.02429, 0.04871],  precision=[0.00176, 0.00148, 0.00121, 0.00097], hit=[0.00882, 0.01483, 0.02429, 0.04871], ndcg=[0.00522, 0.00716, 0.00953, 0.01431], Train Rec Loss=[0.09202], Eval Rec Loss=[0.09158], c=[0.50000], F=[0.84809, 0.88198, 0.90216, 0.92608], F_fuse=[0.00352, 0.00296, 0.00243, 0.00195]
[ INFO : 2026-07-03 01:13:00,583 ] - Epoch 267: train==[101.75272 = 0.34846 + 0.70818 + 8.88586 + 0.00451 + 0.00000 + 0.00021 + 613.92505]
[ INFO : 2026-07-03 01:13:07,120 ] - Test_@[5, 10, 20, 50]: Recall=[0.00921, 0.01394, 0.02276, 0.04462],  precision=[0.00184, 0.00139, 0.00114, 0.00089], hit=[0.00921, 0.01394, 0.02276, 0.04462], ndcg=[0.00553, 0.00707, 0.00930, 0.01362], Train Rec Loss=[0.09113], Eval Rec Loss=[0.09054], c=[0.50000], F=[0.84838, 0.87862, 0.89785, 0.92344], F_fuse=[0.00367, 0.00278, 0.00227, 0.00178]
[ INFO : 2026-07-03 01:14:28,923 ] - Epoch 268: train==[101.77406 = 0.34960 + 0.70578 + 8.90831 + 0.00450 + 0.00000 + 0.00020 + 613.91986]
[ INFO : 2026-07-03 01:14:35,468 ] - Test_@[5, 10, 20, 50]: Recall=[0.00844, 0.01534, 0.02238, 0.04539],  precision=[0.00169, 0.00153, 0.00112, 0.00091], hit=[0.00844, 0.01534, 0.02238, 0.04539], ndcg=[0.00516, 0.00740, 0.00921, 0.01374], Train Rec Loss=[0.09176], Eval Rec Loss=[0.09083], c=[0.50000], F=[0.84563, 0.87581, 0.89673, 0.92367], F_fuse=[0.00337, 0.00306, 0.00223, 0.00181]
[ INFO : 2026-07-03 01:15:56,952 ] - Epoch 269: train==[101.79939 = 0.35414 + 0.70345 + 8.92770 + 0.00452 + 0.00000 + 0.00024 + 613.93811]
[ INFO : 2026-07-03 01:16:03,563 ] - Test_@[5, 10, 20, 50]: Recall=[0.00869, 0.01394, 0.02365, 0.04641],  precision=[0.00174, 0.00139, 0.00118, 0.00093], hit=[0.00869, 0.01394, 0.02365, 0.04641], ndcg=[0.00543, 0.00712, 0.00958, 0.01404], Train Rec Loss=[0.09066], Eval Rec Loss=[0.09089], c=[0.50000], F=[0.84659, 0.87883, 0.89897, 0.92448], F_fuse=[0.00347, 0.00278, 0.00236, 0.00185]
[ INFO : 2026-07-03 01:17:31,415 ] - Epoch 270: train==[101.77731 = 0.35036 + 0.70120 + 8.91364 + 0.00452 + 0.00000 + 0.00021 + 613.91910]
[ INFO : 2026-07-03 01:17:37,940 ] - Test_@[5, 10, 20, 50]: Recall=[0.00933, 0.01394, 0.02225, 0.04539],  precision=[0.00187, 0.00139, 0.00111, 0.00091], hit=[0.00933, 0.01394, 0.02225, 0.04539], ndcg=[0.00567, 0.00717, 0.00924, 0.01380], Train Rec Loss=[0.09127], Eval Rec Loss=[0.09080], c=[0.50000], F=[0.84755, 0.88046, 0.90363, 0.92859], F_fuse=[0.00373, 0.00278, 0.00222, 0.00181]
[ INFO : 2026-07-03 01:18:59,312 ] - Epoch 271: train==[101.81526 = 0.34841 + 0.69892 + 8.95426 + 0.00455 + 0.00000 + 0.00020 + 613.92319]
[ INFO : 2026-07-03 01:19:05,848 ] - Test_@[5, 10, 20, 50]: Recall=[0.00908, 0.01381, 0.02442, 0.04667],  precision=[0.00182, 0.00138, 0.00122, 0.00093], hit=[0.00908, 0.01381, 0.02442, 0.04667], ndcg=[0.00546, 0.00699, 0.00965, 0.01395], Train Rec Loss=[0.09097], Eval Rec Loss=[0.09051], c=[0.50000], F=[0.84873, 0.87768, 0.89734, 0.92469], F_fuse=[0.00362, 0.00276, 0.00244, 0.00186]
[ INFO : 2026-07-03 01:20:27,025 ] - Epoch 272: train==[101.72441 = 0.34496 + 0.69671 + 8.86785 + 0.00458 + 0.00000 + 0.00021 + 613.92519]
[ INFO : 2026-07-03 01:20:33,528 ] - Test_@[5, 10, 20, 50]: Recall=[0.00908, 0.01406, 0.02225, 0.04526],  precision=[0.00182, 0.00141, 0.00111, 0.00091], hit=[0.00908, 0.01406, 0.02225, 0.04526], ndcg=[0.00548, 0.00707, 0.00916, 0.01368], Train Rec Loss=[0.09006], Eval Rec Loss=[0.08986], c=[0.50000], F=[0.84524, 0.87501, 0.89880, 0.92596], F_fuse=[0.00362, 0.00281, 0.00222, 0.00181]
[ INFO : 2026-07-03 01:21:55,504 ] - Epoch 273: train==[101.66769 = 0.34692 + 0.69448 + 8.81126 + 0.00458 + 0.00000 + 0.00020 + 613.92019]
[ INFO : 2026-07-03 01:22:02,023 ] - Test_@[5, 10, 20, 50]: Recall=[0.00818, 0.01406, 0.02353, 0.04552],  precision=[0.00164, 0.00141, 0.00118, 0.00091], hit=[0.00818, 0.01406, 0.02353, 0.04552], ndcg=[0.00507, 0.00696, 0.00934, 0.01363], Train Rec Loss=[0.09072], Eval Rec Loss=[0.09059], c=[0.50000], F=[0.84496, 0.87315, 0.89374, 0.91995], F_fuse=[0.00327, 0.00281, 0.00235, 0.00182]
[ INFO : 2026-07-03 01:23:23,152 ] - Epoch 274: train==[101.70832 = 0.34552 + 0.69228 + 8.85434 + 0.00460 + 0.00000 + 0.00021 + 613.92189]
[ INFO : 2026-07-03 01:23:29,720 ] - Test_@[5, 10, 20, 50]: Recall=[0.00857, 0.01279, 0.02148, 0.04437],  precision=[0.00171, 0.00128, 0.00107, 0.00089], hit=[0.00857, 0.01279, 0.02148, 0.04437], ndcg=[0.00528, 0.00662, 0.00883, 0.01332], Train Rec Loss=[0.09053], Eval Rec Loss=[0.08979], c=[0.50000], F=[0.84330, 0.87581, 0.89900, 0.92544], F_fuse=[0.00342, 0.00255, 0.00215, 0.00177]
[ INFO : 2026-07-03 01:24:58,458 ] - Epoch 275: train==[101.67454 = 0.34514 + 0.69009 + 8.82266 + 0.00458 + 0.00000 + 0.00020 + 613.91930]
[ INFO : 2026-07-03 01:25:05,052 ] - Test_@[5, 10, 20, 50]: Recall=[0.00882, 0.01394, 0.02301, 0.04616],  precision=[0.00176, 0.00139, 0.00115, 0.00092], hit=[0.00882, 0.01394, 0.02301, 0.04616], ndcg=[0.00541, 0.00706, 0.00934, 0.01387], Train Rec Loss=[0.09001], Eval Rec Loss=[0.08991], c=[0.50000], F=[0.84310, 0.87526, 0.89685, 0.92399], F_fuse=[0.00352, 0.00278, 0.00230, 0.00184]
[ INFO : 2026-07-03 01:26:28,359 ] - Epoch 276: train==[101.66256 = 0.34374 + 0.68792 + 8.81310 + 0.00462 + 0.00000 + 0.00020 + 613.92097]
[ INFO : 2026-07-03 01:26:34,848 ] - Test_@[5, 10, 20, 50]: Recall=[0.00921, 0.01406, 0.02250, 0.04552],  precision=[0.00184, 0.00141, 0.00113, 0.00091], hit=[0.00921, 0.01406, 0.02250, 0.04552], ndcg=[0.00556, 0.00710, 0.00924, 0.01375], Train Rec Loss=[0.08952], Eval Rec Loss=[0.09034], c=[0.50000], F=[0.84540, 0.87341, 0.89547, 0.92331], F_fuse=[0.00367, 0.00281, 0.00225, 0.00182]
[ INFO : 2026-07-03 01:27:56,302 ] - Epoch 277: train==[101.62862 = 0.34161 + 0.68580 + 8.78017 + 0.00461 + 0.00000 + 0.00022 + 613.93692]
[ INFO : 2026-07-03 01:28:02,852 ] - Test_@[5, 10, 20, 50]: Recall=[0.00844, 0.01445, 0.02327, 0.04680],  precision=[0.00169, 0.00144, 0.00116, 0.00094], hit=[0.00844, 0.01445, 0.02327, 0.04680], ndcg=[0.00531, 0.00727, 0.00948, 0.01409], Train Rec Loss=[0.09011], Eval Rec Loss=[0.08961], c=[0.50000], F=[0.84515, 0.87891, 0.89858, 0.92250], F_fuse=[0.00337, 0.00288, 0.00232, 0.00187]
[ INFO : 2026-07-03 01:29:24,412 ] - Epoch 278: train==[101.69638 = 0.34261 + 0.68364 + 8.84953 + 0.00463 + 0.00000 + 0.00022 + 613.92800]
[ INFO : 2026-07-03 01:29:30,938 ] - Test_@[5, 10, 20, 50]: Recall=[0.00895, 0.01368, 0.02340, 0.04488],  precision=[0.00179, 0.00137, 0.00117, 0.00090], hit=[0.00895, 0.01368, 0.02340, 0.04488], ndcg=[0.00557, 0.00711, 0.00956, 0.01375], Train Rec Loss=[0.08905], Eval Rec Loss=[0.08992], c=[0.50000], F=[0.84525, 0.87763, 0.89842, 0.92636], F_fuse=[0.00357, 0.00273, 0.00234, 0.00179]
[ INFO : 2026-07-03 01:30:52,231 ] - Epoch 279: train==[101.62448 = 0.34414 + 0.68148 + 8.77862 + 0.00464 + 0.00000 + 0.00020 + 613.91987]
[ INFO : 2026-07-03 01:30:58,793 ] - Test_@[5, 10, 20, 50]: Recall=[0.01010, 0.01522, 0.02263, 0.04616],  precision=[0.00202, 0.00152, 0.00113, 0.00092], hit=[0.01010, 0.01522, 0.02263, 0.04616], ndcg=[0.00619, 0.00784, 0.00971, 0.01431], Train Rec Loss=[0.08977], Eval Rec Loss=[0.08988], c=[0.50000], F=[0.84892, 0.87830, 0.89882, 0.92495], F_fuse=[0.00403, 0.00304, 0.00226, 0.00184]
[ INFO : 2026-07-03 01:32:26,974 ] - Epoch 280: train==[101.60642 = 0.34058 + 0.67935 + 8.76519 + 0.00465 + 0.00000 + 0.00021 + 613.92112]
[ INFO : 2026-07-03 01:32:33,504 ] - Test_@[5, 10, 20, 50]: Recall=[0.00780, 0.01317, 0.02289, 0.04501],  precision=[0.00156, 0.00132, 0.00114, 0.00090], hit=[0.00780, 0.01317, 0.02289, 0.04501], ndcg=[0.00474, 0.00649, 0.00893, 0.01328], Train Rec Loss=[0.08995], Eval Rec Loss=[0.08968], c=[0.50000], F=[0.84282, 0.87645, 0.89938, 0.92673], F_fuse=[0.00311, 0.00263, 0.00229, 0.00180]
[ INFO : 2026-07-03 01:33:56,807 ] - Epoch 281: train==[101.58204 = 0.33811 + 0.67733 + 8.74360 + 0.00465 + 0.00000 + 0.00022 + 613.92704]
[ INFO : 2026-07-03 01:34:03,349 ] - Test_@[5, 10, 20, 50]: Recall=[0.00844, 0.01355, 0.02263, 0.04386],  precision=[0.00169, 0.00136, 0.00113, 0.00088], hit=[0.00844, 0.01355, 0.02263, 0.04386], ndcg=[0.00509, 0.00675, 0.00904, 0.01320], Train Rec Loss=[0.08904], Eval Rec Loss=[0.08991], c=[0.50000], F=[0.84202, 0.87394, 0.89671, 0.92423], F_fuse=[0.00337, 0.00271, 0.00226, 0.00175]
[ INFO : 2026-07-03 01:35:24,576 ] - Epoch 282: train==[101.53777 = 0.34224 + 0.67525 + 8.69571 + 0.00469 + 0.00000 + 0.00024 + 613.93156]
[ INFO : 2026-07-03 01:35:31,085 ] - Test_@[5, 10, 20, 50]: Recall=[0.00946, 0.01419, 0.02365, 0.04565],  precision=[0.00189, 0.00142, 0.00118, 0.00091], hit=[0.00946, 0.01419, 0.02365, 0.04565], ndcg=[0.00576, 0.00729, 0.00967, 0.01401], Train Rec Loss=[0.08859], Eval Rec Loss=[0.08843], c=[0.50000], F=[0.84374, 0.87659, 0.89865, 0.92449], F_fuse=[0.00378, 0.00283, 0.00236, 0.00182]
[ INFO : 2026-07-03 01:36:52,340 ] - Epoch 283: train==[101.56790 = 0.34024 + 0.67318 + 8.73069 + 0.00467 + 0.00000 + 0.00020 + 613.92127]
[ INFO : 2026-07-03 01:36:58,865 ] - Test_@[5, 10, 20, 50]: Recall=[0.00908, 0.01432, 0.02353, 0.04603],  precision=[0.00182, 0.00143, 0.00118, 0.00092], hit=[0.00908, 0.01432, 0.02353, 0.04603], ndcg=[0.00570, 0.00739, 0.00973, 0.01414], Train Rec Loss=[0.08827], Eval Rec Loss=[0.08763], c=[0.50000], F=[0.85090, 0.88000, 0.90040, 0.92489], F_fuse=[0.00362, 0.00286, 0.00235, 0.00184]
[ INFO : 2026-07-03 01:38:20,019 ] - Epoch 284: train==[101.53720 = 0.33631 + 0.67103 + 8.70286 + 0.00470 + 0.00000 + 0.00024 + 613.93642]
[ INFO : 2026-07-03 01:38:26,607 ] - Test_@[5, 10, 20, 50]: Recall=[0.00806, 0.01253, 0.02199, 0.04373],  precision=[0.00161, 0.00125, 0.00110, 0.00087], hit=[0.00806, 0.01253, 0.02199, 0.04373], ndcg=[0.00491, 0.00638, 0.00874, 0.01297], Train Rec Loss=[0.08968], Eval Rec Loss=[0.08854], c=[0.50000], F=[0.84361, 0.87181, 0.89556, 0.92550], F_fuse=[0.00322, 0.00250, 0.00220, 0.00175]
[ INFO : 2026-07-03 01:39:55,412 ] - Epoch 285: train==[101.57883 = 0.33854 + 0.66861 + 8.74557 + 0.00469 + 0.00000 + 0.00020 + 613.92437]
[ INFO : 2026-07-03 01:40:01,896 ] - Test_@[5, 10, 20, 50]: Recall=[0.00831, 0.01394, 0.02289, 0.04565],  precision=[0.00166, 0.00139, 0.00114, 0.00091], hit=[0.00831, 0.01394, 0.02289, 0.04565], ndcg=[0.00499, 0.00680, 0.00906, 0.01350], Train Rec Loss=[0.08815], Eval Rec Loss=[0.08729], c=[0.50000], F=[0.84214, 0.87411, 0.89832, 0.92526], F_fuse=[0.00332, 0.00278, 0.00229, 0.00182]
[ INFO : 2026-07-03 01:41:23,271 ] - Epoch 286: train==[101.50256 = 0.33880 + 0.66624 + 8.67005 + 0.00475 + 0.00000 + 0.00021 + 613.92669]
[ INFO : 2026-07-03 01:41:29,812 ] - Test_@[5, 10, 20, 50]: Recall=[0.00869, 0.01291, 0.02314, 0.04590],  precision=[0.00174, 0.00129, 0.00116, 0.00092], hit=[0.00869, 0.01291, 0.02314, 0.04590], ndcg=[0.00512, 0.00648, 0.00908, 0.01351], Train Rec Loss=[0.08826], Eval Rec Loss=[0.08807], c=[0.50000], F=[0.84489, 0.87682, 0.90078, 0.92795], F_fuse=[0.00347, 0.00258, 0.00231, 0.00183]
[ INFO : 2026-07-03 01:42:51,344 ] - Epoch 287: train==[101.53249 = 0.33338 + 0.66402 + 8.70783 + 0.00474 + 0.00000 + 0.00020 + 613.91953]
[ INFO : 2026-07-03 01:42:57,878 ] - Test_@[5, 10, 20, 50]: Recall=[0.00818, 0.01381, 0.02314, 0.04424],  precision=[0.00164, 0.00138, 0.00116, 0.00088], hit=[0.00818, 0.01381, 0.02314, 0.04424], ndcg=[0.00518, 0.00699, 0.00934, 0.01347], Train Rec Loss=[0.08853], Eval Rec Loss=[0.08680], c=[0.50000], F=[0.84496, 0.87798, 0.90019, 0.92794], F_fuse=[0.00327, 0.00276, 0.00231, 0.00177]
[ INFO : 2026-07-03 01:44:20,388 ] - Epoch 288: train==[101.42753 = 0.33255 + 0.66184 + 8.60494 + 0.00475 + 0.00000 + 0.00020 + 613.91984]
[ INFO : 2026-07-03 01:44:26,915 ] - Test_@[5, 10, 20, 50]: Recall=[0.00869, 0.01406, 0.02327, 0.04629],  precision=[0.00174, 0.00141, 0.00116, 0.00093], hit=[0.00869, 0.01406, 0.02327, 0.04629], ndcg=[0.00541, 0.00715, 0.00946, 0.01396], Train Rec Loss=[0.08731], Eval Rec Loss=[0.08710], c=[0.50000], F=[0.84678, 0.87939, 0.90097, 0.92656], F_fuse=[0.00347, 0.00281, 0.00232, 0.00185]
[ INFO : 2026-07-03 01:45:48,770 ] - Epoch 289: train==[101.51748 = 0.33343 + 0.65962 + 8.69403 + 0.00474 + 0.00000 + 0.00020 + 613.92863]
[ INFO : 2026-07-03 01:45:55,399 ] - Test_@[5, 10, 20, 50]: Recall=[0.00895, 0.01317, 0.02238, 0.04437],  precision=[0.00179, 0.00132, 0.00112, 0.00089], hit=[0.00895, 0.01317, 0.02238, 0.04437], ndcg=[0.00538, 0.00675, 0.00907, 0.01337], Train Rec Loss=[0.08731], Eval Rec Loss=[0.08726], c=[0.50000], F=[0.84755, 0.87838, 0.89953, 0.92514], F_fuse=[0.00357, 0.00263, 0.00223, 0.00177]
[ INFO : 2026-07-03 01:47:23,419 ] - Epoch 290: train==[101.45159 = 0.33656 + 0.65737 + 8.62710 + 0.00480 + 0.00000 + 0.00021 + 613.92330]
[ INFO : 2026-07-03 01:47:29,956 ] - Test_@[5, 10, 20, 50]: Recall=[0.00793, 0.01266, 0.02148, 0.04437],  precision=[0.00159, 0.00127, 0.00107, 0.00089], hit=[0.00793, 0.01266, 0.02148, 0.04437], ndcg=[0.00493, 0.00647, 0.00872, 0.01321], Train Rec Loss=[0.08778], Eval Rec Loss=[0.08727], c=[0.50000], F=[0.84304, 0.87309, 0.89783, 0.92600], F_fuse=[0.00316, 0.00253, 0.00215, 0.00177]
[ INFO : 2026-07-03 01:48:53,342 ] - Epoch 291: train==[101.49427 = 0.33550 + 0.65516 + 8.67270 + 0.00474 + 0.00000 + 0.00020 + 613.92009]
[ INFO : 2026-07-03 01:48:59,875 ] - Test_@[5, 10, 20, 50]: Recall=[0.00908, 0.01330, 0.02301, 0.04386],  precision=[0.00182, 0.00133, 0.00115, 0.00088], hit=[0.00908, 0.01330, 0.02301, 0.04386], ndcg=[0.00557, 0.00693, 0.00939, 0.01347], Train Rec Loss=[0.08666], Eval Rec Loss=[0.08708], c=[0.50000], F=[0.84668, 0.87295, 0.89582, 0.92260], F_fuse=[0.00362, 0.00266, 0.00230, 0.00175]
[ INFO : 2026-07-03 01:50:21,068 ] - Epoch 292: train==[101.42540 = 0.33153 + 0.65300 + 8.60953 + 0.00479 + 0.00000 + 0.00020 + 613.91706]
[ INFO : 2026-07-03 01:50:27,615 ] - Test_@[5, 10, 20, 50]: Recall=[0.00869, 0.01445, 0.02301, 0.04616],  precision=[0.00174, 0.00144, 0.00115, 0.00092], hit=[0.00869, 0.01445, 0.02301, 0.04616], ndcg=[0.00526, 0.00709, 0.00925, 0.01379], Train Rec Loss=[0.08675], Eval Rec Loss=[0.08626], c=[0.50000], F=[0.84959, 0.87937, 0.90131, 0.92747], F_fuse=[0.00347, 0.00288, 0.00230, 0.00184]
[ INFO : 2026-07-03 01:51:48,899 ] - Epoch 293: train==[101.49008 = 0.32964 + 0.65090 + 8.67540 + 0.00481 + 0.00000 + 0.00022 + 613.92969]
[ INFO : 2026-07-03 01:51:55,437 ] - Test_@[5, 10, 20, 50]: Recall=[0.00806, 0.01355, 0.02289, 0.04360],  precision=[0.00161, 0.00136, 0.00114, 0.00087], hit=[0.00806, 0.01355, 0.02289, 0.04360], ndcg=[0.00486, 0.00662, 0.00895, 0.01300], Train Rec Loss=[0.08661], Eval Rec Loss=[0.08636], c=[0.50000], F=[0.84202, 0.87312, 0.89729, 0.92602], F_fuse=[0.00322, 0.00271, 0.00229, 0.00174]
[ INFO : 2026-07-03 01:53:16,402 ] - Epoch 294: train==[101.46453 = 0.33277 + 0.64888 + 8.64843 + 0.00480 + 0.00000 + 0.00021 + 613.92669]
[ INFO : 2026-07-03 01:53:22,963 ] - Test_@[5, 10, 20, 50]: Recall=[0.00806, 0.01355, 0.02161, 0.04296],  precision=[0.00161, 0.00136, 0.00108, 0.00086], hit=[0.00806, 0.01355, 0.02161, 0.04296], ndcg=[0.00468, 0.00642, 0.00843, 0.01262], Train Rec Loss=[0.08645], Eval Rec Loss=[0.08731], c=[0.50000], F=[0.84202, 0.87223, 0.89871, 0.92624], F_fuse=[0.00322, 0.00271, 0.00216, 0.00172]
[ INFO : 2026-07-03 01:54:51,218 ] - Epoch 295: train==[101.47399 = 0.33352 + 0.64685 + 8.65915 + 0.00483 + 0.00000 + 0.00020 + 613.92120]
[ INFO : 2026-07-03 01:54:57,717 ] - Test_@[5, 10, 20, 50]: Recall=[0.00933, 0.01368, 0.02327, 0.04475],  precision=[0.00187, 0.00137, 0.00116, 0.00090], hit=[0.00933, 0.01368, 0.02327, 0.04475], ndcg=[0.00563, 0.00701, 0.00944, 0.01364], Train Rec Loss=[0.08686], Eval Rec Loss=[0.08580], c=[0.50000], F=[0.84864, 0.88028, 0.90076, 0.92511], F_fuse=[0.00373, 0.00273, 0.00232, 0.00179]
[ INFO : 2026-07-03 01:56:20,478 ] - Epoch 296: train==[101.41169 = 0.32687 + 0.64486 + 8.60447 + 0.00485 + 0.00000 + 0.00020 + 613.92256]
[ INFO : 2026-07-03 01:56:26,997 ] - Test_@[5, 10, 20, 50]: Recall=[0.00857, 0.01330, 0.02365, 0.04462],  precision=[0.00171, 0.00133, 0.00118, 0.00089], hit=[0.00857, 0.01330, 0.02365, 0.04462], ndcg=[0.00509, 0.00661, 0.00919, 0.01329], Train Rec Loss=[0.08645], Eval Rec Loss=[0.08581], c=[0.50000], F=[0.84505, 0.87480, 0.89782, 0.92561], F_fuse=[0.00342, 0.00266, 0.00236, 0.00178]
[ INFO : 2026-07-03 01:57:48,182 ] - Epoch 297: train==[101.40301 = 0.32608 + 0.64284 + 8.59675 + 0.00484 + 0.00000 + 0.00022 + 613.92945]
[ INFO : 2026-07-03 01:57:54,717 ] - Test_@[5, 10, 20, 50]: Recall=[0.00869, 0.01279, 0.02276, 0.04386],  precision=[0.00174, 0.00128, 0.00114, 0.00088], hit=[0.00869, 0.01279, 0.02276, 0.04386], ndcg=[0.00513, 0.00644, 0.00895, 0.01306], Train Rec Loss=[0.08611], Eval Rec Loss=[0.08593], c=[0.50000], F=[0.84144, 0.87242, 0.89617, 0.92477], F_fuse=[0.00347, 0.00255, 0.00227, 0.00175]
[ INFO : 2026-07-03 01:59:16,103 ] - Epoch 298: train==[101.35490 = 0.32740 + 0.64085 + 8.55012 + 0.00486 + 0.00000 + 0.00019 + 613.91879]
[ INFO : 2026-07-03 01:59:22,660 ] - Test_@[5, 10, 20, 50]: Recall=[0.00818, 0.01330, 0.02340, 0.04450],  precision=[0.00164, 0.00133, 0.00117, 0.00089], hit=[0.00818, 0.01330, 0.02340, 0.04450], ndcg=[0.00502, 0.00668, 0.00923, 0.01334], Train Rec Loss=[0.08530], Eval Rec Loss=[0.08468], c=[0.50000], F=[0.84790, 0.87482, 0.89825, 0.92598], F_fuse=[0.00327, 0.00266, 0.00234, 0.00178]
[ INFO : 2026-07-03 02:00:43,956 ] - Epoch 299: train==[101.39298 = 0.32966 + 0.63887 + 8.58625 + 0.00486 + 0.00000 + 0.00021 + 613.92458]
[ INFO : 2026-07-03 02:00:50,529 ] - Test_@[5, 10, 20, 50]: Recall=[0.00908, 0.01406, 0.02353, 0.04450],  precision=[0.00182, 0.00141, 0.00118, 0.00089], hit=[0.00908, 0.01406, 0.02353, 0.04450], ndcg=[0.00559, 0.00719, 0.00955, 0.01367], Train Rec Loss=[0.08618], Eval Rec Loss=[0.08577], c=[0.50000], F=[0.84995, 0.87858, 0.90194, 0.92820], F_fuse=[0.00362, 0.00281, 0.00235, 0.00178]
[ INFO : 2026-07-03 02:02:19,388 ] - Epoch 300: train==[101.39689 = 0.32557 + 0.63688 + 8.59496 + 0.00489 + 0.00000 + 0.00021 + 613.92747]
[ INFO : 2026-07-03 02:02:25,891 ] - Test_@[5, 10, 20, 50]: Recall=[0.00844, 0.01330, 0.02340, 0.04526],  precision=[0.00169, 0.00133, 0.00117, 0.00091], hit=[0.00844, 0.01330, 0.02340, 0.04526], ndcg=[0.00524, 0.00682, 0.00935, 0.01362], Train Rec Loss=[0.08560], Eval Rec Loss=[0.08527], c=[0.50000], F=[0.84633, 0.87322, 0.89733, 0.92631], F_fuse=[0.00337, 0.00266, 0.00234, 0.00181]
n_users=19805, n_items=10068
n_interactions=66743
n_train=58922, n_test=7821, sparsity=0.00033
Finished Fri Jul  3 02:02:50 AM UTC 2026
