Job 75051 on gpu04; lambda_cf=1.0; group_k=10; seed=7; started Thu Aug 13 11:39:41 PM +07 2026
Thu Aug 13 23:39:41 2026       
+---------------------------------------------------------------------------------------+
| NVIDIA-SMI 535.216.03             Driver Version: 535.216.03   CUDA Version: 12.2     |
|-----------------------------------------+----------------------+----------------------+
| GPU  Name                 Persistence-M | Bus-Id        Disp.A | Volatile Uncorr. ECC |
| Fan  Temp   Perf          Pwr:Usage/Cap |         Memory-Usage | GPU-Util  Compute M. |
|                                         |                      |               MIG M. |
|=========================================+======================+======================|
|   0  Tesla V100-DGXS-32GB           On  | 00000000:08:00.0 Off |                    0 |
| N/A   46C    P0              40W / 300W |      0MiB / 32768MiB |      0%      Default |
|                                         |                      |                  N/A |
+-----------------------------------------+----------------------+----------------------+
                                                                                         
+---------------------------------------------------------------------------------------+
| Processes:                                                                            |
|  GPU   GI   CI        PID   Type   Process name                            GPU Memory |
|        ID   ID                                                             Usage      |
|=======================================================================================|
|  No running processes found                                                           |
+---------------------------------------------------------------------------------------+
[ INFO : 2026-08-13 23:40:42,746 ] - Preprocess missing values with zero
[ INFO : 2026-08-13 23:40:43,763 ] - Pretrained diffusion model is loaded from: ./checkpoint/tiktok/best_model.pth
[ INFO : 2026-08-13 23:40:44,911 ] - Completed data loaded from: ./checkpoint/tiktok/completed_data.pkl
/media/lhbac29/raid-cf/main.py:106: DeprecationWarning: Please import `csr_matrix` from the `scipy.sparse` namespace; the `scipy.sparse.csr` namespace is deprecated and will be removed in SciPy 2.0.0.
  self.ui_graph = self.ui_graph_raw = pickle.load(open('./data/' + self.dataset + '/train_mat', 'rb'))
[ INFO : 2026-08-13 23:40:45,276 ] - Missing rate = 0.400000, complete strategy: zero
[ INFO : 2026-08-13 23:41:59,623 ] - Epoch 1: train==[41761.54132 = 2.05067 + 0.60879 + 25.40987 + 0.00069 + 0.00000 + 41680.63922 + 883.57410]
[ INFO : 2026-08-13 23:42:07,076 ] - Test_@[5, 10, 20, 50]: Recall=[0.00065, 0.00245, 0.00653, 0.01664],  precision=[0.00013, 0.00024, 0.00033, 0.00033], hit=[0.00065, 0.00245, 0.00653, 0.01664], ndcg=[0.00033, 0.00086, 0.00191, 0.00395], Train Rec Loss=[0.03428], Eval Rec Loss=[0.03400], c=[0.50000], F=[0.84912, 0.90004, 0.98843, 0.95635], F_fuse=[0.00026, 0.00049, 0.00065, 0.00067]
[ INFO : 2026-08-13 23:43:19,788 ] - Epoch 2: train==[18372.65482 = 1.73288 + 0.60653 + 24.60813 + 0.00050 + 0.00000 + 18292.79178 + 884.94450]
[ INFO : 2026-08-13 23:43:27,251 ] - Test_@[5, 10, 20, 50]: Recall=[0.00065, 0.00424, 0.00946, 0.01697],  precision=[0.00013, 0.00042, 0.00047, 0.00034], hit=[0.00065, 0.00424, 0.00946, 0.01697], ndcg=[0.00030, 0.00141, 0.00271, 0.00417], Train Rec Loss=[0.03419], Eval Rec Loss=[0.03382], c=[0.50000], F=[0.81218, 0.93798, 0.98833, 0.95658], F_fuse=[0.00026, 0.00085, 0.00095, 0.00068]
[ INFO : 2026-08-13 23:44:39,371 ] - Epoch 3: train==[8190.86615 = 1.71294 + 0.60647 + 23.69305 + 0.00060 + 0.00000 + 8111.93831 + 884.94450]
[ INFO : 2026-08-13 23:44:46,908 ] - Test_@[5, 10, 20, 50]: Recall=[0.00212, 0.00571, 0.01028, 0.01794],  precision=[0.00042, 0.00057, 0.00051, 0.00036], hit=[0.00212, 0.00571, 0.01028, 0.01794], ndcg=[0.00102, 0.00216, 0.00338, 0.00483], Train Rec Loss=[0.03420], Eval Rec Loss=[0.03381], c=[0.50000], F=[0.94788, 0.95032, 0.98839, 0.96148], F_fuse=[0.00085, 0.00114, 0.00103, 0.00072]
[ INFO : 2026-08-13 23:45:58,085 ] - Epoch 4: train==[3682.59557 = 1.70026 + 0.60646 + 22.77164 + 0.00076 + 0.00000 + 3604.60178 + 884.94450]
[ INFO : 2026-08-13 23:46:05,516 ] - Test_@[5, 10, 20, 50]: Recall=[0.00212, 0.00538, 0.01109, 0.01582],  precision=[0.00042, 0.00054, 0.00055, 0.00032], hit=[0.00212, 0.00538, 0.01109, 0.01582], ndcg=[0.00093, 0.00191, 0.00341, 0.00435], Train Rec Loss=[0.03420], Eval Rec Loss=[0.03387], c=[0.50000], F=[0.91132, 0.94414, 0.95644, 0.97900], F_fuse=[0.00085, 0.00108, 0.00111, 0.00063]
[ INFO : 2026-08-13 23:47:16,815 ] - Epoch 5: train==[1581.20877 = 1.69232 + 0.60646 + 21.77347 + 0.00101 + 0.00000 + 1504.22076 + 884.94450]
[ INFO : 2026-08-13 23:47:24,244 ] - Test_@[5, 10, 20, 50]: Recall=[0.00147, 0.00571, 0.01452, 0.02365],  precision=[0.00029, 0.00057, 0.00073, 0.00047], hit=[0.00147, 0.00571, 0.01452, 0.02365], ndcg=[0.00066, 0.00206, 0.00435, 0.00615], Train Rec Loss=[0.03419], Eval Rec Loss=[0.03383], c=[0.50000], F=[0.83463, 0.94148, 0.98480, 0.98384], F_fuse=[0.00059, 0.00114, 0.00145, 0.00095]
[ INFO : 2026-08-13 23:48:35,164 ] - Epoch 6: train==[664.62796 = 1.68444 + 0.60647 + 20.82470 + 0.00138 + 0.00000 + 588.59622 + 884.94450]
[ INFO : 2026-08-13 23:48:42,566 ] - Test_@[5, 10, 20, 50]: Recall=[0.00865, 0.01566, 0.02496, 0.03883],  precision=[0.00173, 0.00157, 0.00125, 0.00078], hit=[0.00865, 0.01566, 0.02496, 0.03883], ndcg=[0.00617, 0.00838, 0.01075, 0.01351], Train Rec Loss=[0.03416], Eval Rec Loss=[0.03381], c=[0.50000], F=[0.82728, 0.88266, 0.97562, 0.96943], F_fuse=[0.00345, 0.00313, 0.00249, 0.00155]
[ INFO : 2026-08-13 23:49:53,947 ] - Epoch 7: train==[290.94352 = 1.67504 + 0.60646 + 19.92709 + 0.00190 + 0.00000 + 215.81830 + 884.94450]
[ INFO : 2026-08-13 23:50:01,424 ] - Test_@[5, 10, 20, 50]: Recall=[0.01746, 0.02496, 0.03964, 0.05595],  precision=[0.00349, 0.00250, 0.00198, 0.00112], hit=[0.01746, 0.02496, 0.03964, 0.05595], ndcg=[0.01188, 0.01429, 0.01804, 0.02126], Train Rec Loss=[0.03416], Eval Rec Loss=[0.03375], c=[0.50000], F=[0.83894, 0.87202, 0.96612, 0.97057], F_fuse=[0.00695, 0.00498, 0.00396, 0.00224]
[ INFO : 2026-08-13 23:51:12,480 ] - Epoch 8: train==[151.98132 = 1.66585 + 0.60648 + 18.89697 + 0.00256 + 0.00000 + 77.89473 + 884.94450]
[ INFO : 2026-08-13 23:51:19,955 ] - Test_@[5, 10, 20, 50]: Recall=[0.02626, 0.03426, 0.04812, 0.07488],  precision=[0.00525, 0.00343, 0.00241, 0.00150], hit=[0.02626, 0.03426, 0.04812, 0.07488], ndcg=[0.01710, 0.01967, 0.02315, 0.02835], Train Rec Loss=[0.03412], Eval Rec Loss=[0.03376], c=[0.50000], F=[0.86056, 0.88693, 0.95928, 0.96913], F_fuse=[0.01044, 0.00683, 0.00480, 0.00299]
[ INFO : 2026-08-13 23:52:31,824 ] - Epoch 9: train==[105.41185 = 1.65298 + 0.60647 + 17.69034 + 0.00340 + 0.00000 + 32.54393 + 884.94450]
[ INFO : 2026-08-13 23:52:39,277 ] - Test_@[5, 10, 20, 50]: Recall=[0.03051, 0.03768, 0.05139, 0.08972],  precision=[0.00610, 0.00377, 0.00257, 0.00179], hit=[0.03051, 0.03768, 0.05139, 0.08972], ndcg=[0.02054, 0.02283, 0.02634, 0.03390], Train Rec Loss=[0.03406], Eval Rec Loss=[0.03372], c=[0.50000], F=[0.87717, 0.90065, 0.95779, 0.95925], F_fuse=[0.01212, 0.00751, 0.00512, 0.00358]
[ INFO : 2026-08-13 23:53:51,400 ] - Epoch 10: train==[90.18802 = 1.64213 + 0.60647 + 16.65704 + 0.00436 + 0.00000 + 18.36330 + 884.94450]
[ INFO : 2026-08-13 23:53:58,807 ] - Test_@[5, 10, 20, 50]: Recall=[0.03279, 0.04144, 0.05612, 0.09804],  precision=[0.00656, 0.00414, 0.00281, 0.00196], hit=[0.03279, 0.04144, 0.05612, 0.09804], ndcg=[0.02252, 0.02523, 0.02895, 0.03726], Train Rec Loss=[0.03406], Eval Rec Loss=[0.03374], c=[0.50000], F=[0.88835, 0.91019, 0.95192, 0.95266], F_fuse=[0.01302, 0.00825, 0.00560, 0.00391]
[ INFO : 2026-08-13 23:55:10,644 ] - Epoch 11: train==[84.23641 = 1.63368 + 0.60648 + 15.82040 + 0.00535 + 0.00000 + 13.25578 + 884.94450]
[ INFO : 2026-08-13 23:55:18,147 ] - Test_@[5, 10, 20, 50]: Recall=[0.03393, 0.04209, 0.05987, 0.10294],  precision=[0.00679, 0.00421, 0.00299, 0.00206], hit=[0.03393, 0.04209, 0.05987, 0.10294], ndcg=[0.02402, 0.02663, 0.03119, 0.03973], Train Rec Loss=[0.03405], Eval Rec Loss=[0.03375], c=[0.50000], F=[0.89588, 0.91574, 0.94590, 0.94815], F_fuse=[0.01347, 0.00838, 0.00597, 0.00411]
[ INFO : 2026-08-13 23:56:29,403 ] - Epoch 12: train==[80.99892 = 1.61930 + 0.60648 + 15.07080 + 0.00632 + 0.00000 + 10.78129 + 884.94450]
[ INFO : 2026-08-13 23:56:36,770 ] - Test_@[5, 10, 20, 50]: Recall=[0.03393, 0.04307, 0.06313, 0.10750],  precision=[0.00679, 0.00431, 0.00316, 0.00215], hit=[0.03393, 0.04307, 0.06313, 0.10750], ndcg=[0.02438, 0.02727, 0.03240, 0.04114], Train Rec Loss=[0.03406], Eval Rec Loss=[0.03368], c=[0.50000], F=[0.90038, 0.91990, 0.94251, 0.94647], F_fuse=[0.01347, 0.00857, 0.00629, 0.00429]
[ INFO : 2026-08-13 23:57:48,415 ] - Epoch 13: train==[78.86374 = 1.60628 + 0.60647 + 14.53191 + 0.00735 + 0.00000 + 9.19700 + 884.94450]
[ INFO : 2026-08-13 23:57:55,825 ] - Test_@[5, 10, 20, 50]: Recall=[0.03393, 0.04437, 0.06574, 0.10914],  precision=[0.00679, 0.00444, 0.00329, 0.00218], hit=[0.03393, 0.04437, 0.06574, 0.10914], ndcg=[0.02461, 0.02790, 0.03331, 0.04181], Train Rec Loss=[0.03402], Eval Rec Loss=[0.03368], c=[0.50000], F=[0.90147, 0.92118, 0.93845, 0.94795], F_fuse=[0.01347, 0.00883, 0.00655, 0.00436]
[ INFO : 2026-08-13 23:59:07,067 ] - Epoch 14: train==[77.04132 = 1.60016 + 0.60648 + 13.83046 + 0.00825 + 0.00000 + 8.08124 + 884.94450]
[ INFO : 2026-08-13 23:59:14,536 ] - Test_@[5, 10, 20, 50]: Recall=[0.03426, 0.04421, 0.06770, 0.11142],  precision=[0.00685, 0.00442, 0.00338, 0.00223], hit=[0.03426, 0.04421, 0.06770, 0.11142], ndcg=[0.02513, 0.02832, 0.03430, 0.04287], Train Rec Loss=[0.03404], Eval Rec Loss=[0.03365], c=[0.50000], F=[0.90401, 0.92236, 0.93603, 0.95020], F_fuse=[0.01360, 0.00880, 0.00675, 0.00445]
[ INFO : 2026-08-14 00:00:26,037 ] - Epoch 15: train==[75.80931 = 1.59341 + 0.60648 + 13.47187 + 0.00914 + 0.00000 + 7.21368 + 884.94450]
[ INFO : 2026-08-14 00:00:33,657 ] - Test_@[5, 10, 20, 50]: Recall=[0.03409, 0.04470, 0.06754, 0.11175],  precision=[0.00682, 0.00447, 0.00338, 0.00223], hit=[0.03409, 0.04470, 0.06754, 0.11175], ndcg=[0.02496, 0.02834, 0.03414, 0.04286], Train Rec Loss=[0.03400], Eval Rec Loss=[0.03366], c=[0.50000], F=[0.90392, 0.92285, 0.93723, 0.95333], F_fuse=[0.01354, 0.00890, 0.00673, 0.00446]
[ INFO : 2026-08-14 00:01:44,446 ] - Epoch 16: train==[74.70468 = 1.57933 + 0.60647 + 13.07295 + 0.00986 + 0.00000 + 6.52134 + 884.94450]
[ INFO : 2026-08-14 00:01:51,841 ] - Test_@[5, 10, 20, 50]: Recall=[0.03426, 0.04486, 0.06754, 0.11468],  precision=[0.00685, 0.00449, 0.00338, 0.00229], hit=[0.03426, 0.04486, 0.06754, 0.11468], ndcg=[0.02525, 0.02864, 0.03445, 0.04375], Train Rec Loss=[0.03399], Eval Rec Loss=[0.03362], c=[0.50000], F=[0.90539, 0.92332, 0.93711, 0.95449], F_fuse=[0.01360, 0.00893, 0.00673, 0.00458]
[ INFO : 2026-08-14 00:03:02,810 ] - Epoch 17: train==[73.71404 = 1.56928 + 0.60648 + 12.66959 + 0.01058 + 0.00000 + 5.94339 + 884.94450]
[ INFO : 2026-08-14 00:03:10,120 ] - Test_@[5, 10, 20, 50]: Recall=[0.03409, 0.04486, 0.06835, 0.11485],  precision=[0.00682, 0.00449, 0.00342, 0.00230], hit=[0.03409, 0.04486, 0.06835, 0.11485], ndcg=[0.02515, 0.02857, 0.03457, 0.04374], Train Rec Loss=[0.03397], Eval Rec Loss=[0.03365], c=[0.50000], F=[0.90851, 0.92392, 0.93780, 0.95556], F_fuse=[0.01354, 0.00893, 0.00681, 0.00458]
[ INFO : 2026-08-14 00:04:21,223 ] - Epoch 18: train==[72.88276 = 1.55940 + 0.60648 + 12.34177 + 0.01119 + 0.00000 + 5.44920 + 884.94450]
[ INFO : 2026-08-14 00:04:28,725 ] - Test_@[5, 10, 20, 50]: Recall=[0.03426, 0.04470, 0.06803, 0.11729],  precision=[0.00685, 0.00447, 0.00340, 0.00235], hit=[0.03426, 0.04470, 0.06803, 0.11729], ndcg=[0.02540, 0.02874, 0.03472, 0.04445], Train Rec Loss=[0.03392], Eval Rec Loss=[0.03359], c=[0.50000], F=[0.90819, 0.92546, 0.93686, 0.95650], F_fuse=[0.01360, 0.00890, 0.00678, 0.00468]
[ INFO : 2026-08-14 00:05:40,173 ] - Epoch 19: train==[72.22044 = 1.54475 + 0.60649 + 12.11803 + 0.01160 + 0.00000 + 5.02485 + 884.94450]
[ INFO : 2026-08-14 00:05:47,683 ] - Test_@[5, 10, 20, 50]: Recall=[0.03540, 0.04535, 0.07047, 0.12007],  precision=[0.00708, 0.00454, 0.00352, 0.00240], hit=[0.03540, 0.04535, 0.07047, 0.12007], ndcg=[0.02641, 0.02957, 0.03596, 0.04571], Train Rec Loss=[0.03397], Eval Rec Loss=[0.03357], c=[0.50000], F=[0.90960, 0.92481, 0.93489, 0.95740], F_fuse=[0.01405, 0.00903, 0.00702, 0.00479]
[ INFO : 2026-08-14 00:06:59,151 ] - Epoch 20: train==[71.46904 = 1.53168 + 0.60648 + 11.75128 + 0.01201 + 0.00000 + 4.65286 + 884.94450]
[ INFO : 2026-08-14 00:07:06,656 ] - Test_@[5, 10, 20, 50]: Recall=[0.03638, 0.04682, 0.07145, 0.12121],  precision=[0.00728, 0.00468, 0.00357, 0.00242], hit=[0.03638, 0.04682, 0.07145, 0.12121], ndcg=[0.02698, 0.03023, 0.03645, 0.04622], Train Rec Loss=[0.03397], Eval Rec Loss=[0.03360], c=[0.50000], F=[0.91016, 0.92429, 0.93426, 0.95715], F_fuse=[0.01444, 0.00932, 0.00712, 0.00484]
[ INFO : 2026-08-14 00:08:18,290 ] - Epoch 21: train==[70.95570 = 1.52288 + 0.60648 + 11.57352 + 0.01246 + 0.00000 + 4.32563 + 884.94450]
[ INFO : 2026-08-14 00:08:25,670 ] - Test_@[5, 10, 20, 50]: Recall=[0.03605, 0.04633, 0.07080, 0.12072],  precision=[0.00721, 0.00463, 0.00354, 0.00241], hit=[0.03605, 0.04633, 0.07080, 0.12072], ndcg=[0.02680, 0.03001, 0.03621, 0.04603], Train Rec Loss=[0.03391], Eval Rec Loss=[0.03361], c=[0.50000], F=[0.90927, 0.92343, 0.93436, 0.95798], F_fuse=[0.01431, 0.00922, 0.00705, 0.00482]
[ INFO : 2026-08-14 00:09:36,760 ] - Epoch 22: train==[70.37125 = 1.51131 + 0.60649 + 11.28921 + 0.01266 + 0.00000 + 4.03685 + 884.94450]
[ INFO : 2026-08-14 00:09:44,255 ] - Test_@[5, 10, 20, 50]: Recall=[0.03540, 0.04649, 0.07015, 0.12039],  precision=[0.00708, 0.00465, 0.00351, 0.00241], hit=[0.03540, 0.04649, 0.07015, 0.12039], ndcg=[0.02639, 0.02989, 0.03588, 0.04581], Train Rec Loss=[0.03389], Eval Rec Loss=[0.03354], c=[0.50000], F=[0.90894, 0.92314, 0.93260, 0.95895], F_fuse=[0.01405, 0.00925, 0.00699, 0.00480]
[ INFO : 2026-08-14 00:10:55,318 ] - Epoch 23: train==[69.83899 = 1.50400 + 0.60648 + 11.02486 + 0.01300 + 0.00000 + 3.77593 + 884.94450]
[ INFO : 2026-08-14 00:11:02,779 ] - Test_@[5, 10, 20, 50]: Recall=[0.03573, 0.04682, 0.06998, 0.12219],  precision=[0.00715, 0.00468, 0.00350, 0.00244], hit=[0.03573, 0.04682, 0.06998, 0.12219], ndcg=[0.02664, 0.03012, 0.03600, 0.04630], Train Rec Loss=[0.03391], Eval Rec Loss=[0.03355], c=[0.50000], F=[0.90912, 0.92299, 0.93316, 0.96010], F_fuse=[0.01418, 0.00932, 0.00697, 0.00488]
[ INFO : 2026-08-14 00:12:14,157 ] - Epoch 24: train==[69.33089 = 1.48964 + 0.60649 + 10.77244 + 0.01334 + 0.00000 + 3.53426 + 884.94450]
[ INFO : 2026-08-14 00:12:21,600 ] - Test_@[5, 10, 20, 50]: Recall=[0.03703, 0.04747, 0.07096, 0.12365],  precision=[0.00741, 0.00475, 0.00355, 0.00247], hit=[0.03703, 0.04747, 0.07096, 0.12365], ndcg=[0.02757, 0.03082, 0.03674, 0.04713], Train Rec Loss=[0.03388], Eval Rec Loss=[0.03354], c=[0.50000], F=[0.91003, 0.92327, 0.93141, 0.96103], F_fuse=[0.01469, 0.00945, 0.00707, 0.00493]
[ INFO : 2026-08-14 00:13:32,764 ] - Epoch 25: train==[68.90461 = 1.48001 + 0.60648 + 10.56587 + 0.01341 + 0.00000 + 3.32413 + 884.94450]
[ INFO : 2026-08-14 00:13:40,206 ] - Test_@[5, 10, 20, 50]: Recall=[0.03589, 0.04747, 0.07015, 0.12316],  precision=[0.00718, 0.00475, 0.00351, 0.00246], hit=[0.03589, 0.04747, 0.07015, 0.12316], ndcg=[0.02675, 0.03037, 0.03608, 0.04654], Train Rec Loss=[0.03387], Eval Rec Loss=[0.03356], c=[0.50000], F=[0.90877, 0.92404, 0.93004, 0.96162], F_fuse=[0.01424, 0.00945, 0.00699, 0.00491]
[ INFO : 2026-08-14 00:14:51,184 ] - Epoch 26: train==[68.58893 = 1.46969 + 0.60648 + 10.45571 + 0.01374 + 0.00000 + 3.12857 + 884.94450]
[ INFO : 2026-08-14 00:14:58,603 ] - Test_@[5, 10, 20, 50]: Recall=[0.03377, 0.04535, 0.07015, 0.12202],  precision=[0.00675, 0.00454, 0.00351, 0.00244], hit=[0.03377, 0.04535, 0.07015, 0.12202], ndcg=[0.02557, 0.02928, 0.03555, 0.04575], Train Rec Loss=[0.03386], Eval Rec Loss=[0.03350], c=[0.50000], F=[0.90713, 0.92468, 0.92945, 0.96327], F_fuse=[0.01341, 0.00903, 0.00699, 0.00487]
[ INFO : 2026-08-14 00:16:09,520 ] - Epoch 27: train==[68.28390 = 1.46073 + 0.60648 + 10.33745 + 0.01397 + 0.00000 + 2.95055 + 884.94450]
[ INFO : 2026-08-14 00:16:17,011 ] - Test_@[5, 10, 20, 50]: Recall=[0.03752, 0.04796, 0.07178, 0.12577],  precision=[0.00750, 0.00480, 0.00359, 0.00252], hit=[0.03752, 0.04796, 0.07178, 0.12577], ndcg=[0.02823, 0.03149, 0.03745, 0.04808], Train Rec Loss=[0.03385], Eval Rec Loss=[0.03349], c=[0.50000], F=[0.91121, 0.92702, 0.92935, 0.96360], F_fuse=[0.01489, 0.00954, 0.00715, 0.00502]
[ INFO : 2026-08-14 00:17:28,176 ] - Epoch 28: train==[67.90929 = 1.44719 + 0.60649 + 10.13569 + 0.01397 + 0.00000 + 2.79123 + 884.94450]
[ INFO : 2026-08-14 00:17:35,707 ] - Test_@[5, 10, 20, 50]: Recall=[0.03654, 0.04763, 0.07210, 0.12414],  precision=[0.00731, 0.00476, 0.00361, 0.00248], hit=[0.03654, 0.04763, 0.07210, 0.12414], ndcg=[0.02746, 0.03094, 0.03705, 0.04730], Train Rec Loss=[0.03383], Eval Rec Loss=[0.03349], c=[0.50000], F=[0.91080, 0.92828, 0.92971, 0.96291], F_fuse=[0.01450, 0.00948, 0.00718, 0.00495]
[ INFO : 2026-08-14 00:18:47,056 ] - Epoch 29: train==[67.58035 = 1.43457 + 0.60648 + 9.96905 + 0.01418 + 0.00000 + 2.64136 + 884.94450]
[ INFO : 2026-08-14 00:18:54,450 ] - Test_@[5, 10, 20, 50]: Recall=[0.03622, 0.04617, 0.07113, 0.12365],  precision=[0.00724, 0.00462, 0.00356, 0.00247], hit=[0.03622, 0.04617, 0.07113, 0.12365], ndcg=[0.02703, 0.03018, 0.03644, 0.04679], Train Rec Loss=[0.03381], Eval Rec Loss=[0.03344], c=[0.50000], F=[0.90871, 0.92928, 0.92968, 0.96239], F_fuse=[0.01437, 0.00919, 0.00709, 0.00493]
[ INFO : 2026-08-14 00:20:05,535 ] - Epoch 30: train==[67.35234 = 1.43039 + 0.60649 + 9.88098 + 0.01405 + 0.00000 + 2.50571 + 884.94450]
[ INFO : 2026-08-14 00:20:13,040 ] - Test_@[5, 10, 20, 50]: Recall=[0.03670, 0.04666, 0.07210, 0.12447],  precision=[0.00734, 0.00467, 0.00361, 0.00249], hit=[0.03670, 0.04666, 0.07210, 0.12447], ndcg=[0.02770, 0.03085, 0.03723, 0.04757], Train Rec Loss=[0.03380], Eval Rec Loss=[0.03346], c=[0.50000], F=[0.91039, 0.93133, 0.93078, 0.96319], F_fuse=[0.01456, 0.00928, 0.00718, 0.00497]
[ INFO : 2026-08-14 00:21:24,296 ] - Epoch 31: train==[67.15512 = 1.41906 + 0.60648 + 9.82402 + 0.01408 + 0.00000 + 2.37674 + 884.94450]
[ INFO : 2026-08-14 00:21:31,758 ] - Test_@[5, 10, 20, 50]: Recall=[0.03719, 0.04796, 0.07227, 0.12463],  precision=[0.00744, 0.00480, 0.00361, 0.00249], hit=[0.03719, 0.04796, 0.07227, 0.12463], ndcg=[0.02827, 0.03165, 0.03773, 0.04808], Train Rec Loss=[0.03375], Eval Rec Loss=[0.03345], c=[0.50000], F=[0.91129, 0.93236, 0.93062, 0.96439], F_fuse=[0.01476, 0.00954, 0.00720, 0.00497]
[ INFO : 2026-08-14 00:22:42,466 ] - Epoch 32: train==[66.86671 = 1.40654 + 0.60648 + 9.66523 + 0.01381 + 0.00000 + 2.25993 + 884.94450]
[ INFO : 2026-08-14 00:22:49,920 ] - Test_@[5, 10, 20, 50]: Recall=[0.03736, 0.04731, 0.07145, 0.12463],  precision=[0.00747, 0.00473, 0.00357, 0.00249], hit=[0.03736, 0.04731, 0.07145, 0.12463], ndcg=[0.02811, 0.03123, 0.03728, 0.04779], Train Rec Loss=[0.03378], Eval Rec Loss=[0.03339], c=[0.50000], F=[0.91059, 0.93393, 0.93160, 0.96538], F_fuse=[0.01482, 0.00941, 0.00712, 0.00497]
[ INFO : 2026-08-14 00:24:00,580 ] - Epoch 33: train==[66.46171 = 1.39640 + 0.60649 + 9.37588 + 0.01379 + 0.00000 + 2.15443 + 884.94450]
[ INFO : 2026-08-14 00:24:08,086 ] - Test_@[5, 10, 20, 50]: Recall=[0.03752, 0.04796, 0.07259, 0.12577],  precision=[0.00750, 0.00480, 0.00363, 0.00252], hit=[0.03752, 0.04796, 0.07259, 0.12577], ndcg=[0.02843, 0.03172, 0.03786, 0.04837], Train Rec Loss=[0.03377], Eval Rec Loss=[0.03340], c=[0.50000], F=[0.91178, 0.93490, 0.93095, 0.96568], F_fuse=[0.01489, 0.00954, 0.00723, 0.00502]
[ INFO : 2026-08-14 00:25:20,201 ] - Epoch 34: train==[66.24540 = 1.38692 + 0.60649 + 9.27149 + 0.01370 + 0.00000 + 2.05208 + 884.94450]
[ INFO : 2026-08-14 00:25:27,641 ] - Test_@[5, 10, 20, 50]: Recall=[0.03719, 0.04682, 0.07129, 0.12431],  precision=[0.00744, 0.00468, 0.00356, 0.00249], hit=[0.03719, 0.04682, 0.07129, 0.12431], ndcg=[0.02808, 0.03112, 0.03725, 0.04774], Train Rec Loss=[0.03376], Eval Rec Loss=[0.03337], c=[0.50000], F=[0.90983, 0.93493, 0.93151, 0.96635], F_fuse=[0.01476, 0.00932, 0.00710, 0.00496]
[ INFO : 2026-08-14 00:26:38,771 ] - Epoch 35: train==[66.07003 = 1.37501 + 0.60649 + 9.20516 + 0.01372 + 0.00000 + 1.95492 + 884.94450]
[ INFO : 2026-08-14 00:26:46,220 ] - Test_@[5, 10, 20, 50]: Recall=[0.03719, 0.04682, 0.07047, 0.12496],  precision=[0.00744, 0.00468, 0.00352, 0.00250], hit=[0.03719, 0.04682, 0.07047, 0.12496], ndcg=[0.02822, 0.03128, 0.03722, 0.04801], Train Rec Loss=[0.03376], Eval Rec Loss=[0.03338], c=[0.50000], F=[0.91036, 0.93583, 0.93199, 0.96684], F_fuse=[0.01476, 0.00932, 0.00702, 0.00499]
[ INFO : 2026-08-14 00:27:57,565 ] - Epoch 36: train==[65.85663 = 1.36785 + 0.60650 + 9.08482 + 0.01369 + 0.00000 + 1.86905 + 884.94450]
[ INFO : 2026-08-14 00:28:04,961 ] - Test_@[5, 10, 20, 50]: Recall=[0.03817, 0.04878, 0.07374, 0.12871],  precision=[0.00763, 0.00488, 0.00369, 0.00257], hit=[0.03817, 0.04878, 0.07374, 0.12871], ndcg=[0.02915, 0.03247, 0.03868, 0.04950], Train Rec Loss=[0.03372], Eval Rec Loss=[0.03341], c=[0.50000], F=[0.91492, 0.93687, 0.93205, 0.96621], F_fuse=[0.01514, 0.00970, 0.00734, 0.00513]
[ INFO : 2026-08-14 00:29:16,483 ] - Epoch 37: train==[65.70818 = 1.35780 + 0.60649 + 9.02844 + 0.01348 + 0.00000 + 1.78725 + 884.94450]
[ INFO : 2026-08-14 00:29:23,969 ] - Test_@[5, 10, 20, 50]: Recall=[0.03817, 0.04812, 0.07374, 0.12806],  precision=[0.00763, 0.00481, 0.00369, 0.00256], hit=[0.03817, 0.04812, 0.07374, 0.12806], ndcg=[0.02902, 0.03214, 0.03851, 0.04920], Train Rec Loss=[0.03370], Eval Rec Loss=[0.03337], c=[0.50000], F=[0.91406, 0.93705, 0.93275, 0.96660], F_fuse=[0.01514, 0.00958, 0.00734, 0.00511]
[ INFO : 2026-08-14 00:30:35,760 ] - Epoch 38: train==[65.41204 = 1.34688 + 0.60649 + 8.82353 + 0.01341 + 0.00000 + 1.70700 + 884.94450]
[ INFO : 2026-08-14 00:30:43,355 ] - Test_@[5, 10, 20, 50]: Recall=[0.03801, 0.04845, 0.07390, 0.12790],  precision=[0.00760, 0.00485, 0.00369, 0.00256], hit=[0.03801, 0.04845, 0.07390, 0.12790], ndcg=[0.02899, 0.03226, 0.03859, 0.04921], Train Rec Loss=[0.03369], Eval Rec Loss=[0.03335], c=[0.50000], F=[0.91472, 0.93730, 0.93309, 0.96628], F_fuse=[0.01508, 0.00964, 0.00736, 0.00510]
[ INFO : 2026-08-14 00:31:54,734 ] - Epoch 39: train==[65.21514 = 1.34139 + 0.60649 + 8.70582 + 0.01348 + 0.00000 + 1.63324 + 884.94450]
[ INFO : 2026-08-14 00:32:02,123 ] - Test_@[5, 10, 20, 50]: Recall=[0.03834, 0.04763, 0.07390, 0.12675],  precision=[0.00767, 0.00476, 0.00369, 0.00254], hit=[0.03834, 0.04763, 0.07390, 0.12675], ndcg=[0.02895, 0.03187, 0.03840, 0.04880], Train Rec Loss=[0.03371], Eval Rec Loss=[0.03330], c=[0.50000], F=[0.91419, 0.93724, 0.93361, 0.96657], F_fuse=[0.01521, 0.00948, 0.00736, 0.00506]
[ INFO : 2026-08-14 00:33:13,844 ] - Epoch 40: train==[64.85948 = 1.33120 + 0.60649 + 8.42100 + 0.01356 + 0.00000 + 1.57250 + 884.94450]
[ INFO : 2026-08-14 00:33:21,226 ] - Test_@[5, 10, 20, 50]: Recall=[0.03801, 0.04731, 0.07341, 0.12529],  precision=[0.00760, 0.00473, 0.00367, 0.00251], hit=[0.03801, 0.04731, 0.07341, 0.12529], ndcg=[0.02878, 0.03171, 0.03820, 0.04842], Train Rec Loss=[0.03370], Eval Rec Loss=[0.03333], c=[0.50000], F=[0.91352, 0.93726, 0.93405, 0.96609], F_fuse=[0.01508, 0.00941, 0.00731, 0.00500]
[ INFO : 2026-08-14 00:34:32,406 ] - Epoch 41: train==[64.80346 = 1.32754 + 0.60649 + 8.43732 + 0.01356 + 0.00000 + 1.50383 + 884.94450]
[ INFO : 2026-08-14 00:34:39,896 ] - Test_@[5, 10, 20, 50]: Recall=[0.03834, 0.04829, 0.07357, 0.12757],  precision=[0.00767, 0.00483, 0.00368, 0.00255], hit=[0.03834, 0.04829, 0.07357, 0.12757], ndcg=[0.02927, 0.03239, 0.03870, 0.04933], Train Rec Loss=[0.03365], Eval Rec Loss=[0.03330], c=[0.50000], F=[0.91697, 0.93767, 0.93486, 0.96586], F_fuse=[0.01521, 0.00961, 0.00733, 0.00509]
[ INFO : 2026-08-14 00:35:52,031 ] - Epoch 42: train==[64.72795 = 1.31634 + 0.60648 + 8.43116 + 0.01361 + 0.00000 + 1.44562 + 884.94450]
[ INFO : 2026-08-14 00:35:59,752 ] - Test_@[5, 10, 20, 50]: Recall=[0.03801, 0.04763, 0.07423, 0.12659],  precision=[0.00760, 0.00476, 0.00371, 0.00253], hit=[0.03801, 0.04763, 0.07423, 0.12659], ndcg=[0.02897, 0.03200, 0.03861, 0.04889], Train Rec Loss=[0.03365], Eval Rec Loss=[0.03331], c=[0.50000], F=[0.91701, 0.93778, 0.93519, 0.96543], F_fuse=[0.01508, 0.00948, 0.00739, 0.00505]
[ INFO : 2026-08-14 00:37:11,254 ] - Epoch 43: train==[64.50955 = 1.30612 + 0.60648 + 8.28018 + 0.01354 + 0.00000 + 1.38850 + 884.94450]
[ INFO : 2026-08-14 00:37:18,760 ] - Test_@[5, 10, 20, 50]: Recall=[0.03817, 0.04861, 0.07455, 0.12773],  precision=[0.00763, 0.00486, 0.00373, 0.00255], hit=[0.03817, 0.04861, 0.07455, 0.12773], ndcg=[0.02923, 0.03250, 0.03896, 0.04943], Train Rec Loss=[0.03363], Eval Rec Loss=[0.03331], c=[0.50000], F=[0.91968, 0.93822, 0.93604, 0.96569], F_fuse=[0.01514, 0.00967, 0.00743, 0.00510]
[ INFO : 2026-08-14 00:38:30,475 ] - Epoch 44: train==[64.42305 = 1.29504 + 0.60649 + 8.25665 + 0.01358 + 0.00000 + 1.33658 + 884.94450]
[ INFO : 2026-08-14 00:38:37,905 ] - Test_@[5, 10, 20, 50]: Recall=[0.03834, 0.04894, 0.07569, 0.12806],  precision=[0.00767, 0.00489, 0.00378, 0.00256], hit=[0.03834, 0.04894, 0.07569, 0.12806], ndcg=[0.02933, 0.03264, 0.03930, 0.04959], Train Rec Loss=[0.03366], Eval Rec Loss=[0.03327], c=[0.50000], F=[0.92174, 0.93847, 0.93676, 0.96575], F_fuse=[0.01521, 0.00974, 0.00754, 0.00511]
[ INFO : 2026-08-14 00:39:49,511 ] - Epoch 45: train==[64.22917 = 1.28768 + 0.60649 + 8.12002 + 0.01342 + 0.00000 + 1.28684 + 884.94450]
[ INFO : 2026-08-14 00:39:57,039 ] - Test_@[5, 10, 20, 50]: Recall=[0.03850, 0.04878, 0.07471, 0.12773],  precision=[0.00770, 0.00488, 0.00374, 0.00255], hit=[0.03850, 0.04878, 0.07471, 0.12773], ndcg=[0.02940, 0.03261, 0.03909, 0.04953], Train Rec Loss=[0.03363], Eval Rec Loss=[0.03327], c=[0.50000], F=[0.92288, 0.93866, 0.93730, 0.96610], F_fuse=[0.01527, 0.00970, 0.00744, 0.00510]
[ INFO : 2026-08-14 00:41:08,422 ] - Epoch 46: train==[64.04560 = 1.28045 + 0.60649 + 7.98913 + 0.01342 + 0.00000 + 1.24139 + 884.94450]
[ INFO : 2026-08-14 00:41:15,902 ] - Test_@[5, 10, 20, 50]: Recall=[0.03801, 0.04747, 0.07276, 0.12610],  precision=[0.00760, 0.00475, 0.00364, 0.00252], hit=[0.03801, 0.04747, 0.07276, 0.12610], ndcg=[0.02912, 0.03208, 0.03839, 0.04888], Train Rec Loss=[0.03363], Eval Rec Loss=[0.03332], c=[0.50000], F=[0.91977, 0.93805, 0.93733, 0.96541], F_fuse=[0.01508, 0.00945, 0.00725, 0.00503]
[ INFO : 2026-08-14 00:42:27,457 ] - Epoch 47: train==[63.98650 = 1.27091 + 0.60651 + 7.98571 + 0.01345 + 0.00000 + 1.19520 + 884.94450]
[ INFO : 2026-08-14 00:42:34,879 ] - Test_@[5, 10, 20, 50]: Recall=[0.03834, 0.04812, 0.07504, 0.12692],  precision=[0.00767, 0.00481, 0.00375, 0.00254], hit=[0.03834, 0.04812, 0.07504, 0.12692], ndcg=[0.02934, 0.03241, 0.03910, 0.04929], Train Rec Loss=[0.03362], Eval Rec Loss=[0.03323], c=[0.50000], F=[0.92268, 0.93830, 0.93807, 0.96540], F_fuse=[0.01521, 0.00958, 0.00747, 0.00506]
[ INFO : 2026-08-14 00:43:45,954 ] - Epoch 48: train==[63.85712 = 1.25982 + 0.60649 + 7.90683 + 0.01329 + 0.00000 + 1.15597 + 884.94450]
[ INFO : 2026-08-14 00:43:53,460 ] - Test_@[5, 10, 20, 50]: Recall=[0.03834, 0.04861, 0.07520, 0.12757],  precision=[0.00767, 0.00486, 0.00376, 0.00255], hit=[0.03834, 0.04861, 0.07520, 0.12757], ndcg=[0.02936, 0.03258, 0.03922, 0.04951], Train Rec Loss=[0.03361], Eval Rec Loss=[0.03325], c=[0.50000], F=[0.92490, 0.93858, 0.93813, 0.96578], F_fuse=[0.01521, 0.00967, 0.00749, 0.00509]
[ INFO : 2026-08-14 00:45:04,306 ] - Epoch 49: train==[63.72530 = 1.25239 + 0.60650 + 7.82460 + 0.01324 + 0.00000 + 1.11386 + 884.94450]
[ INFO : 2026-08-14 00:45:11,721 ] - Test_@[5, 10, 20, 50]: Recall=[0.03850, 0.04845, 0.07455, 0.12594],  precision=[0.00770, 0.00485, 0.00373, 0.00252], hit=[0.03850, 0.04845, 0.07455, 0.12594], ndcg=[0.02949, 0.03259, 0.03907, 0.04919], Train Rec Loss=[0.03358], Eval Rec Loss=[0.03323], c=[0.50000], F=[0.92274, 0.93827, 0.93863, 0.96568], F_fuse=[0.01527, 0.00964, 0.00743, 0.00502]
[ INFO : 2026-08-14 00:46:23,108 ] - Epoch 50: train==[63.61015 = 1.24502 + 0.60649 + 7.75671 + 0.01310 + 0.00000 + 1.07411 + 884.94450]
[ INFO : 2026-08-14 00:46:30,568 ] - Test_@[5, 10, 20, 50]: Recall=[0.03866, 0.04927, 0.07520, 0.12822],  precision=[0.00773, 0.00493, 0.00376, 0.00256], hit=[0.03866, 0.04927, 0.07520, 0.12822], ndcg=[0.02961, 0.03291, 0.03937, 0.04978], Train Rec Loss=[0.03356], Eval Rec Loss=[0.03324], c=[0.50000], F=[0.92517, 0.93842, 0.93847, 0.96611], F_fuse=[0.01534, 0.00980, 0.00749, 0.00512]
[ INFO : 2026-08-14 00:47:41,700 ] - Epoch 51: train==[63.44679 = 1.23567 + 0.60649 + 7.63792 + 0.01309 + 0.00000 + 1.03890 + 884.94450]
[ INFO : 2026-08-14 00:47:49,102 ] - Test_@[5, 10, 20, 50]: Recall=[0.03834, 0.04927, 0.07553, 0.12822],  precision=[0.00767, 0.00493, 0.00378, 0.00256], hit=[0.03834, 0.04927, 0.07553, 0.12822], ndcg=[0.02942, 0.03284, 0.03939, 0.04973], Train Rec Loss=[0.03355], Eval Rec Loss=[0.03322], c=[0.50000], F=[0.92546, 0.93846, 0.93863, 0.96593], F_fuse=[0.01521, 0.00980, 0.00752, 0.00512]
[ INFO : 2026-08-14 00:49:00,232 ] - Epoch 52: train==[63.38907 = 1.23126 + 0.60649 + 7.62425 + 0.01299 + 0.00000 + 0.99936 + 884.94450]
[ INFO : 2026-08-14 00:49:07,963 ] - Test_@[5, 10, 20, 50]: Recall=[0.03850, 0.04959, 0.07569, 0.12871],  precision=[0.00770, 0.00496, 0.00378, 0.00257], hit=[0.03850, 0.04959, 0.07569, 0.12871], ndcg=[0.02967, 0.03313, 0.03964, 0.05005], Train Rec Loss=[0.03354], Eval Rec Loss=[0.03320], c=[0.50000], F=[0.92637, 0.93824, 0.93849, 0.96559], F_fuse=[0.01527, 0.00987, 0.00754, 0.00513]
[ INFO : 2026-08-14 00:50:18,975 ] - Epoch 53: train==[63.21807 = 1.22184 + 0.60649 + 7.49255 + 0.01292 + 0.00000 + 0.96955 + 884.94450]
[ INFO : 2026-08-14 00:50:26,437 ] - Test_@[5, 10, 20, 50]: Recall=[0.03850, 0.04894, 0.07504, 0.12773],  precision=[0.00770, 0.00489, 0.00375, 0.00255], hit=[0.03850, 0.04894, 0.07504, 0.12773], ndcg=[0.02953, 0.03277, 0.03927, 0.04962], Train Rec Loss=[0.03357], Eval Rec Loss=[0.03318], c=[0.50000], F=[0.92590, 0.93821, 0.93913, 0.96519], F_fuse=[0.01527, 0.00974, 0.00747, 0.00510]
[ INFO : 2026-08-14 00:51:37,629 ] - Epoch 54: train==[63.21031 = 1.21731 + 0.60649 + 7.52009 + 0.01281 + 0.00000 + 0.93889 + 884.94450]
[ INFO : 2026-08-14 00:51:45,063 ] - Test_@[5, 10, 20, 50]: Recall=[0.03817, 0.04861, 0.07504, 0.12773],  precision=[0.00763, 0.00486, 0.00375, 0.00255], hit=[0.03817, 0.04861, 0.07504, 0.12773], ndcg=[0.02939, 0.03263, 0.03920, 0.04954], Train Rec Loss=[0.03353], Eval Rec Loss=[0.03316], c=[0.50000], F=[0.92611, 0.93761, 0.93900, 0.96486], F_fuse=[0.01514, 0.00967, 0.00747, 0.00510]
[ INFO : 2026-08-14 00:52:56,246 ] - Epoch 55: train==[63.06259 = 1.20453 + 0.60650 + 7.41761 + 0.01275 + 0.00000 + 0.90648 + 884.94450]
[ INFO : 2026-08-14 00:53:03,805 ] - Test_@[5, 10, 20, 50]: Recall=[0.03801, 0.04763, 0.07292, 0.12610],  precision=[0.00760, 0.00476, 0.00365, 0.00252], hit=[0.03801, 0.04763, 0.07292, 0.12610], ndcg=[0.02900, 0.03202, 0.03833, 0.04879], Train Rec Loss=[0.03351], Eval Rec Loss=[0.03318], c=[0.50000], F=[0.92626, 0.93738, 0.93911, 0.96485], F_fuse=[0.01508, 0.00948, 0.00726, 0.00503]
[ INFO : 2026-08-14 00:54:14,967 ] - Epoch 56: train==[62.95790 = 1.20227 + 0.60649 + 7.34220 + 0.01272 + 0.00000 + 0.87949 + 884.94450]
[ INFO : 2026-08-14 00:54:22,415 ] - Test_@[5, 10, 20, 50]: Recall=[0.03817, 0.04943, 0.07537, 0.12806],  precision=[0.00763, 0.00494, 0.00377, 0.00256], hit=[0.03817, 0.04943, 0.07537, 0.12806], ndcg=[0.02957, 0.03308, 0.03956, 0.04990], Train Rec Loss=[0.03350], Eval Rec Loss=[0.03318], c=[0.50000], F=[0.92779, 0.93778, 0.93943, 0.96482], F_fuse=[0.01514, 0.00983, 0.00751, 0.00511]
[ INFO : 2026-08-14 00:55:33,626 ] - Epoch 57: train==[62.90871 = 1.19449 + 0.60650 + 7.33029 + 0.01256 + 0.00000 + 0.85015 + 884.94450]
[ INFO : 2026-08-14 00:55:41,102 ] - Test_@[5, 10, 20, 50]: Recall=[0.03801, 0.04943, 0.07488, 0.12790],  precision=[0.00760, 0.00494, 0.00374, 0.00256], hit=[0.03801, 0.04943, 0.07488, 0.12790], ndcg=[0.02930, 0.03285, 0.03918, 0.04958], Train Rec Loss=[0.03352], Eval Rec Loss=[0.03315], c=[0.50000], F=[0.92809, 0.93765, 0.93947, 0.96516], F_fuse=[0.01508, 0.00983, 0.00746, 0.00510]
[ INFO : 2026-08-14 00:56:51,898 ] - Epoch 58: train==[62.80441 = 1.18126 + 0.60649 + 7.26808 + 0.01248 + 0.00000 + 0.82136 + 884.94450]
[ INFO : 2026-08-14 00:56:59,598 ] - Test_@[5, 10, 20, 50]: Recall=[0.03801, 0.05024, 0.07553, 0.12822],  precision=[0.00760, 0.00502, 0.00378, 0.00256], hit=[0.03801, 0.05024, 0.07553, 0.12822], ndcg=[0.02952, 0.03334, 0.03963, 0.04997], Train Rec Loss=[0.03349], Eval Rec Loss=[0.03312], c=[0.50000], F=[0.92945, 0.93822, 0.93956, 0.96496], F_fuse=[0.01508, 0.01000, 0.00752, 0.00512]
[ INFO : 2026-08-14 00:58:10,305 ] - Epoch 59: train==[62.73585 = 1.17278 + 0.60649 + 7.22986 + 0.01242 + 0.00000 + 0.79958 + 884.94450]
[ INFO : 2026-08-14 00:58:17,722 ] - Test_@[5, 10, 20, 50]: Recall=[0.03850, 0.05073, 0.07569, 0.12806],  precision=[0.00770, 0.00507, 0.00378, 0.00256], hit=[0.03850, 0.05073, 0.07569, 0.12806], ndcg=[0.02981, 0.03361, 0.03981, 0.05010], Train Rec Loss=[0.03347], Eval Rec Loss=[0.03313], c=[0.50000], F=[0.92911, 0.93830, 0.93988, 0.96488], F_fuse=[0.01527, 0.01009, 0.00754, 0.00511]
[ INFO : 2026-08-14 00:59:28,951 ] - Epoch 60: train==[62.58013 = 1.16625 + 0.60649 + 7.10538 + 0.01229 + 0.00000 + 0.77500 + 884.94450]
[ INFO : 2026-08-14 00:59:36,420 ] - Test_@[5, 10, 20, 50]: Recall=[0.03801, 0.04894, 0.07423, 0.12675],  precision=[0.00760, 0.00489, 0.00371, 0.00254], hit=[0.03801, 0.04894, 0.07423, 0.12675], ndcg=[0.02915, 0.03257, 0.03886, 0.04918], Train Rec Loss=[0.03347], Eval Rec Loss=[0.03310], c=[0.50000], F=[0.92715, 0.93774, 0.94030, 0.96406], F_fuse=[0.01508, 0.00974, 0.00739, 0.00506]
[ INFO : 2026-08-14 01:00:47,638 ] - Epoch 61: train==[62.42889 = 1.15461 + 0.60649 + 6.98615 + 0.01230 + 0.00000 + 0.75462 + 884.94450]
[ INFO : 2026-08-14 01:00:55,095 ] - Test_@[5, 10, 20, 50]: Recall=[0.03801, 0.05041, 0.07537, 0.12757],  precision=[0.00760, 0.00504, 0.00377, 0.00255], hit=[0.03801, 0.05041, 0.07537, 0.12757], ndcg=[0.02938, 0.03323, 0.03942, 0.04969], Train Rec Loss=[0.03346], Eval Rec Loss=[0.03314], c=[0.50000], F=[0.92895, 0.93802, 0.94025, 0.96428], F_fuse=[0.01508, 0.01003, 0.00751, 0.00509]
[ INFO : 2026-08-14 01:02:06,762 ] - Epoch 62: train==[62.38363 = 1.15411 + 0.60649 + 6.96749 + 0.01226 + 0.00000 + 0.72856 + 884.94450]
[ INFO : 2026-08-14 01:02:14,164 ] - Test_@[5, 10, 20, 50]: Recall=[0.03817, 0.04780, 0.07390, 0.12708],  precision=[0.00763, 0.00478, 0.00369, 0.00254], hit=[0.03817, 0.04780, 0.07390, 0.12708], ndcg=[0.02923, 0.03225, 0.03879, 0.04923], Train Rec Loss=[0.03346], Eval Rec Loss=[0.03311], c=[0.50000], F=[0.92814, 0.93745, 0.94023, 0.96407], F_fuse=[0.01514, 0.00951, 0.00736, 0.00507]
[ INFO : 2026-08-14 01:03:25,342 ] - Epoch 63: train==[62.27208 = 1.14675 + 0.60649 + 6.88609 + 0.01214 + 0.00000 + 0.70589 + 884.94450]
[ INFO : 2026-08-14 01:03:32,782 ] - Test_@[5, 10, 20, 50]: Recall=[0.03817, 0.05024, 0.07520, 0.12790],  precision=[0.00763, 0.00502, 0.00376, 0.00256], hit=[0.03817, 0.05024, 0.07520, 0.12790], ndcg=[0.02966, 0.03345, 0.03967, 0.05004], Train Rec Loss=[0.03344], Eval Rec Loss=[0.03310], c=[0.50000], F=[0.93099, 0.93836, 0.94052, 0.96376], F_fuse=[0.01514, 0.01000, 0.00749, 0.00510]
[ INFO : 2026-08-14 01:04:44,919 ] - Epoch 64: train==[62.22964 = 1.14255 + 0.60649 + 6.86563 + 0.01212 + 0.00000 + 0.68812 + 884.94450]
[ INFO : 2026-08-14 01:04:52,359 ] - Test_@[5, 10, 20, 50]: Recall=[0.03801, 0.04731, 0.07276, 0.12692],  precision=[0.00760, 0.00473, 0.00364, 0.00254], hit=[0.03801, 0.04731, 0.07276, 0.12692], ndcg=[0.02909, 0.03201, 0.03839, 0.04902], Train Rec Loss=[0.03344], Eval Rec Loss=[0.03310], c=[0.50000], F=[0.92817, 0.93694, 0.94080, 0.96366], F_fuse=[0.01508, 0.00941, 0.00725, 0.00506]
[ INFO : 2026-08-14 01:06:03,651 ] - Epoch 65: train==[62.21560 = 1.13406 + 0.60650 + 6.88423 + 0.01193 + 0.00000 + 0.66415 + 884.94450]
[ INFO : 2026-08-14 01:06:11,060 ] - Test_@[5, 10, 20, 50]: Recall=[0.03785, 0.04959, 0.07520, 0.12757],  precision=[0.00757, 0.00496, 0.00376, 0.00255], hit=[0.03785, 0.04959, 0.07520, 0.12757], ndcg=[0.02943, 0.03312, 0.03949, 0.04978], Train Rec Loss=[0.03344], Eval Rec Loss=[0.03309], c=[0.50000], F=[0.92988, 0.93792, 0.94088, 0.96330], F_fuse=[0.01502, 0.00987, 0.00749, 0.00509]
[ INFO : 2026-08-14 01:07:22,351 ] - Epoch 66: train==[61.98214 = 1.12480 + 0.60649 + 6.67882 + 0.01177 + 0.00000 + 0.64553 + 884.94450]
[ INFO : 2026-08-14 01:07:29,723 ] - Test_@[5, 10, 20, 50]: Recall=[0.03866, 0.05073, 0.07602, 0.13002],  precision=[0.00773, 0.00507, 0.00380, 0.00260], hit=[0.03866, 0.05073, 0.07602, 0.13002], ndcg=[0.03001, 0.03382, 0.04012, 0.05072], Train Rec Loss=[0.03342], Eval Rec Loss=[0.03306], c=[0.50000], F=[0.93206, 0.93802, 0.93967, 0.96369], F_fuse=[0.01534, 0.01009, 0.00757, 0.00519]
[ INFO : 2026-08-14 01:08:41,139 ] - Epoch 67: train==[61.91987 = 1.11678 + 0.60649 + 6.64339 + 0.01177 + 0.00000 + 0.62671 + 884.94450]
[ INFO : 2026-08-14 01:08:48,731 ] - Test_@[5, 10, 20, 50]: Recall=[0.03801, 0.04976, 0.07471, 0.12822],  precision=[0.00760, 0.00498, 0.00374, 0.00256], hit=[0.03801, 0.04976, 0.07471, 0.12822], ndcg=[0.02938, 0.03306, 0.03927, 0.04978], Train Rec Loss=[0.03342], Eval Rec Loss=[0.03308], c=[0.50000], F=[0.93062, 0.93713, 0.94074, 0.96348], F_fuse=[0.01508, 0.00990, 0.00744, 0.00512]
[ INFO : 2026-08-14 01:10:00,141 ] - Epoch 68: train==[61.79791 = 1.11050 + 0.60650 + 6.54484 + 0.01173 + 0.00000 + 0.60962 + 884.94450]
[ INFO : 2026-08-14 01:10:07,566 ] - Test_@[5, 10, 20, 50]: Recall=[0.03801, 0.04992, 0.07471, 0.12822],  precision=[0.00760, 0.00499, 0.00374, 0.00256], hit=[0.03801, 0.04992, 0.07471, 0.12822], ndcg=[0.02969, 0.03343, 0.03963, 0.05017], Train Rec Loss=[0.03341], Eval Rec Loss=[0.03304], c=[0.50000], F=[0.93062, 0.93715, 0.94038, 0.96264], F_fuse=[0.01508, 0.00993, 0.00744, 0.00512]
[ INFO : 2026-08-14 01:11:18,651 ] - Epoch 69: train==[61.82817 = 1.10558 + 0.60650 + 6.60114 + 0.01168 + 0.00000 + 0.58855 + 884.94450]
[ INFO : 2026-08-14 01:11:26,105 ] - Test_@[5, 10, 20, 50]: Recall=[0.03817, 0.04861, 0.07423, 0.12855],  precision=[0.00763, 0.00486, 0.00371, 0.00257], hit=[0.03817, 0.04861, 0.07423, 0.12855], ndcg=[0.02922, 0.03250, 0.03889, 0.04954], Train Rec Loss=[0.03340], Eval Rec Loss=[0.03307], c=[0.50000], F=[0.92870, 0.93647, 0.94066, 0.96264], F_fuse=[0.01514, 0.00967, 0.00739, 0.00513]
[ INFO : 2026-08-14 01:12:37,590 ] - Epoch 70: train==[61.67895 = 1.10309 + 0.60649 + 6.46958 + 0.01166 + 0.00000 + 0.57341 + 884.94450]
[ INFO : 2026-08-14 01:12:45,172 ] - Test_@[5, 10, 20, 50]: Recall=[0.03834, 0.04845, 0.07423, 0.12871],  precision=[0.00767, 0.00485, 0.00371, 0.00257], hit=[0.03834, 0.04845, 0.07423, 0.12871], ndcg=[0.02938, 0.03255, 0.03899, 0.04966], Train Rec Loss=[0.03338], Eval Rec Loss=[0.03307], c=[0.50000], F=[0.92841, 0.93653, 0.94084, 0.96264], F_fuse=[0.01521, 0.00964, 0.00739, 0.00513]
[ INFO : 2026-08-14 01:13:56,528 ] - Epoch 71: train==[61.54106 = 1.09299 + 0.60650 + 6.36014 + 0.01170 + 0.00000 + 0.55501 + 884.94450]
[ INFO : 2026-08-14 01:14:03,964 ] - Test_@[5, 10, 20, 50]: Recall=[0.03834, 0.04992, 0.07488, 0.12806],  precision=[0.00767, 0.00499, 0.00374, 0.00256], hit=[0.03834, 0.04992, 0.07488, 0.12806], ndcg=[0.02964, 0.03325, 0.03948, 0.04995], Train Rec Loss=[0.03339], Eval Rec Loss=[0.03306], c=[0.50000], F=[0.92975, 0.93661, 0.94031, 0.96200], F_fuse=[0.01521, 0.00993, 0.00746, 0.00511]
[ INFO : 2026-08-14 01:15:15,262 ] - Epoch 72: train==[61.53800 = 1.08614 + 0.60650 + 6.37467 + 0.01163 + 0.00000 + 0.54435 + 884.94450]
[ INFO : 2026-08-14 01:15:22,703 ] - Test_@[5, 10, 20, 50]: Recall=[0.03817, 0.05008, 0.07504, 0.12887],  precision=[0.00763, 0.00501, 0.00375, 0.00258], hit=[0.03817, 0.05008, 0.07504, 0.12887], ndcg=[0.02943, 0.03316, 0.03940, 0.04999], Train Rec Loss=[0.03339], Eval Rec Loss=[0.03305], c=[0.50000], F=[0.92943, 0.93615, 0.93982, 0.96199], F_fuse=[0.01514, 0.00996, 0.00747, 0.00514]
[ INFO : 2026-08-14 01:16:34,256 ] - Epoch 73: train==[61.55383 = 1.08054 + 0.60650 + 6.41824 + 0.01161 + 0.00000 + 0.52222 + 884.94450]
[ INFO : 2026-08-14 01:16:41,686 ] - Test_@[5, 10, 20, 50]: Recall=[0.03834, 0.04927, 0.07569, 0.12887],  precision=[0.00767, 0.00493, 0.00378, 0.00258], hit=[0.03834, 0.04927, 0.07569, 0.12887], ndcg=[0.02917, 0.03260, 0.03919, 0.04961], Train Rec Loss=[0.03336], Eval Rec Loss=[0.03303], c=[0.50000], F=[0.92916, 0.93570, 0.94037, 0.96153], F_fuse=[0.01521, 0.00980, 0.00754, 0.00514]
[ INFO : 2026-08-14 01:17:52,650 ] - Epoch 74: train==[61.40055 = 1.07417 + 0.60650 + 6.28619 + 0.01157 + 0.00000 + 0.50739 + 884.94450]
[ INFO : 2026-08-14 01:18:00,104 ] - Test_@[5, 10, 20, 50]: Recall=[0.03801, 0.04910, 0.07537, 0.12855],  precision=[0.00760, 0.00491, 0.00377, 0.00257], hit=[0.03801, 0.04910, 0.07537, 0.12855], ndcg=[0.02903, 0.03252, 0.03909, 0.04952], Train Rec Loss=[0.03335], Eval Rec Loss=[0.03302], c=[0.50000], F=[0.92890, 0.93550, 0.94072, 0.96116], F_fuse=[0.01508, 0.00977, 0.00751, 0.00513]
[ INFO : 2026-08-14 01:19:11,931 ] - Epoch 75: train==[61.30121 = 1.07048 + 0.60650 + 6.20404 + 0.01158 + 0.00000 + 0.49389 + 884.94450]
[ INFO : 2026-08-14 01:19:19,386 ] - Test_@[5, 10, 20, 50]: Recall=[0.03850, 0.04812, 0.07553, 0.12838],  precision=[0.00770, 0.00481, 0.00378, 0.00257], hit=[0.03850, 0.04812, 0.07553, 0.12838], ndcg=[0.02890, 0.03192, 0.03880, 0.04917], Train Rec Loss=[0.03337], Eval Rec Loss=[0.03302], c=[0.50000], F=[0.92844, 0.93454, 0.94098, 0.96060], F_fuse=[0.01527, 0.00958, 0.00752, 0.00512]
[ INFO : 2026-08-14 01:20:30,604 ] - Epoch 76: train==[61.20926 = 1.06479 + 0.60649 + 6.12968 + 0.01159 + 0.00000 + 0.48198 + 884.94450]
[ INFO : 2026-08-14 01:20:38,329 ] - Test_@[5, 10, 20, 50]: Recall=[0.03785, 0.04845, 0.07406, 0.12838],  precision=[0.00757, 0.00485, 0.00370, 0.00257], hit=[0.03785, 0.04845, 0.07406, 0.12838], ndcg=[0.02838, 0.03175, 0.03818, 0.04884], Train Rec Loss=[0.03337], Eval Rec Loss=[0.03301], c=[0.50000], F=[0.92816, 0.93491, 0.94140, 0.95961], F_fuse=[0.01502, 0.00964, 0.00738, 0.00512]
[ INFO : 2026-08-14 01:21:49,531 ] - Epoch 77: train==[61.28402 = 1.05565 + 0.60650 + 6.22643 + 0.01149 + 0.00000 + 0.46922 + 884.94450]
[ INFO : 2026-08-14 01:21:56,999 ] - Test_@[5, 10, 20, 50]: Recall=[0.03817, 0.04959, 0.07553, 0.12969],  precision=[0.00763, 0.00496, 0.00378, 0.00259], hit=[0.03817, 0.04959, 0.07553, 0.12969], ndcg=[0.02937, 0.03293, 0.03947, 0.05012], Train Rec Loss=[0.03335], Eval Rec Loss=[0.03301], c=[0.50000], F=[0.93017, 0.93470, 0.94019, 0.95959], F_fuse=[0.01514, 0.00987, 0.00752, 0.00517]
[ INFO : 2026-08-14 01:23:08,089 ] - Epoch 78: train==[61.10981 = 1.05212 + 0.60650 + 6.06958 + 0.01139 + 0.00000 + 0.45549 + 884.94450]
[ INFO : 2026-08-14 01:23:15,559 ] - Test_@[5, 10, 20, 50]: Recall=[0.03834, 0.04878, 0.07569, 0.12838],  precision=[0.00767, 0.00488, 0.00378, 0.00257], hit=[0.03834, 0.04878, 0.07569, 0.12838], ndcg=[0.02914, 0.03242, 0.03917, 0.04951], Train Rec Loss=[0.03334], Eval Rec Loss=[0.03301], c=[0.50000], F=[0.92924, 0.93414, 0.94096, 0.96035], F_fuse=[0.01521, 0.00970, 0.00754, 0.00512]
[ INFO : 2026-08-14 01:24:26,264 ] - Epoch 79: train==[61.06776 = 1.04644 + 0.60650 + 6.04484 + 0.01138 + 0.00000 + 0.44389 + 884.94450]
[ INFO : 2026-08-14 01:24:33,656 ] - Test_@[5, 10, 20, 50]: Recall=[0.03834, 0.04845, 0.07537, 0.12790],  precision=[0.00767, 0.00485, 0.00377, 0.00256], hit=[0.03834, 0.04845, 0.07537, 0.12790], ndcg=[0.02886, 0.03205, 0.03880, 0.04913], Train Rec Loss=[0.03334], Eval Rec Loss=[0.03296], c=[0.50000], F=[0.92827, 0.93333, 0.94058, 0.96127], F_fuse=[0.01521, 0.00964, 0.00751, 0.00510]
[ INFO : 2026-08-14 01:25:45,103 ] - Epoch 80: train==[60.99533 = 1.03794 + 0.60650 + 5.99448 + 0.01139 + 0.00000 + 0.43030 + 884.94450]
[ INFO : 2026-08-14 01:25:52,492 ] - Test_@[5, 10, 20, 50]: Recall=[0.03817, 0.04845, 0.07635, 0.12871],  precision=[0.00763, 0.00485, 0.00382, 0.00257], hit=[0.03817, 0.04845, 0.07635, 0.12871], ndcg=[0.02919, 0.03244, 0.03946, 0.04975], Train Rec Loss=[0.03333], Eval Rec Loss=[0.03296], c=[0.50000], F=[0.92919, 0.93366, 0.93968, 0.96011], F_fuse=[0.01514, 0.00964, 0.00760, 0.00513]
[ INFO : 2026-08-14 01:27:04,002 ] - Epoch 81: train==[60.96168 = 1.03709 + 0.60650 + 5.97393 + 0.01144 + 0.00000 + 0.41799 + 884.94450]
[ INFO : 2026-08-14 01:27:11,446 ] - Test_@[5, 10, 20, 50]: Recall=[0.03850, 0.05106, 0.07651, 0.12985],  precision=[0.00770, 0.00511, 0.00383, 0.00260], hit=[0.03850, 0.05106, 0.07651, 0.12985], ndcg=[0.02967, 0.03356, 0.03993, 0.05040], Train Rec Loss=[0.03332], Eval Rec Loss=[0.03294], c=[0.50000], F=[0.92971, 0.93412, 0.93997, 0.96057], F_fuse=[0.01527, 0.01016, 0.00762, 0.00518]
[ INFO : 2026-08-14 01:28:23,155 ] - Epoch 82: train==[60.85942 = 1.02998 + 0.60650 + 5.88770 + 0.01138 + 0.00000 + 0.40914 + 884.94450]
[ INFO : 2026-08-14 01:28:30,607 ] - Test_@[5, 10, 20, 50]: Recall=[0.03834, 0.05155, 0.07716, 0.13230],  precision=[0.00767, 0.00515, 0.00386, 0.00265], hit=[0.03834, 0.05155, 0.07716, 0.13230], ndcg=[0.02980, 0.03398, 0.04041, 0.05122], Train Rec Loss=[0.03330], Eval Rec Loss=[0.03293], c=[0.50000], F=[0.93060, 0.93425, 0.93862, 0.95992], F_fuse=[0.01521, 0.01025, 0.00768, 0.00528]
[ INFO : 2026-08-14 01:29:42,276 ] - Epoch 83: train==[60.84607 = 1.02428 + 0.60650 + 5.89343 + 0.01127 + 0.00000 + 0.39589 + 884.94450]
[ INFO : 2026-08-14 01:29:49,690 ] - Test_@[5, 10, 20, 50]: Recall=[0.03850, 0.05090, 0.07635, 0.13034],  precision=[0.00770, 0.00509, 0.00382, 0.00261], hit=[0.03850, 0.05090, 0.07635, 0.13034], ndcg=[0.02944, 0.03331, 0.03969, 0.05028], Train Rec Loss=[0.03330], Eval Rec Loss=[0.03296], c=[0.50000], F=[0.92793, 0.93284, 0.93965, 0.96112], F_fuse=[0.01527, 0.01012, 0.00760, 0.00520]
[ INFO : 2026-08-14 01:31:00,851 ] - Epoch 84: train==[60.73495 = 1.02204 + 0.60650 + 5.79482 + 0.01118 + 0.00000 + 0.38569 + 884.94450]
[ INFO : 2026-08-14 01:31:08,826 ] - Test_@[5, 10, 20, 50]: Recall=[0.03850, 0.05024, 0.07602, 0.12985],  precision=[0.00770, 0.00502, 0.00380, 0.00260], hit=[0.03850, 0.05024, 0.07602, 0.12985], ndcg=[0.02924, 0.03294, 0.03941, 0.05000], Train Rec Loss=[0.03330], Eval Rec Loss=[0.03296], c=[0.50000], F=[0.92894, 0.93265, 0.93931, 0.95992], F_fuse=[0.01527, 0.01000, 0.00757, 0.00518]
[ INFO : 2026-08-14 01:32:19,983 ] - Epoch 85: train==[60.77291 = 1.01428 + 0.60650 + 5.85451 + 0.01119 + 0.00000 + 0.37171 + 884.94450]
[ INFO : 2026-08-14 01:32:27,450 ] - Test_@[5, 10, 20, 50]: Recall=[0.03850, 0.05122, 0.07781, 0.13116],  precision=[0.00770, 0.00512, 0.00389, 0.00262], hit=[0.03850, 0.05122, 0.07781, 0.13116], ndcg=[0.02952, 0.03355, 0.04020, 0.05068], Train Rec Loss=[0.03328], Eval Rec Loss=[0.03292], c=[0.50000], F=[0.92948, 0.93191, 0.93865, 0.95978], F_fuse=[0.01527, 0.01019, 0.00775, 0.00523]
[ INFO : 2026-08-14 01:33:38,932 ] - Epoch 86: train==[60.61704 = 1.00904 + 0.60650 + 5.70964 + 0.01114 + 0.00000 + 0.36601 + 884.94450]
[ INFO : 2026-08-14 01:33:46,374 ] - Test_@[5, 10, 20, 50]: Recall=[0.03801, 0.05041, 0.07618, 0.12985],  precision=[0.00760, 0.00504, 0.00381, 0.00260], hit=[0.03801, 0.05041, 0.07618, 0.12985], ndcg=[0.02859, 0.03253, 0.03900, 0.04955], Train Rec Loss=[0.03328], Eval Rec Loss=[0.03293], c=[0.50000], F=[0.92854, 0.93251, 0.93993, 0.96048], F_fuse=[0.01508, 0.01003, 0.00759, 0.00518]
[ INFO : 2026-08-14 01:34:57,496 ] - Epoch 87: train==[60.57191 = 1.00271 + 0.60651 + 5.68351 + 0.01121 + 0.00000 + 0.35325 + 884.94450]
[ INFO : 2026-08-14 01:35:04,967 ] - Test_@[5, 10, 20, 50]: Recall=[0.03670, 0.05090, 0.07537, 0.12936],  precision=[0.00734, 0.00509, 0.00377, 0.00259], hit=[0.03670, 0.05090, 0.07537, 0.12936], ndcg=[0.02762, 0.03216, 0.03828, 0.04887], Train Rec Loss=[0.03328], Eval Rec Loss=[0.03290], c=[0.50000], F=[0.92553, 0.93204, 0.94092, 0.96066], F_fuse=[0.01457, 0.01012, 0.00751, 0.00516]
[ INFO : 2026-08-14 01:36:16,584 ] - Epoch 88: train==[60.48210 = 0.99556 + 0.60650 + 5.60787 + 0.01113 + 0.00000 + 0.34633 + 884.94450]
[ INFO : 2026-08-14 01:36:24,083 ] - Test_@[5, 10, 20, 50]: Recall=[0.03850, 0.05204, 0.07765, 0.13230],  precision=[0.00770, 0.00520, 0.00388, 0.00265], hit=[0.03850, 0.05204, 0.07765, 0.13230], ndcg=[0.02974, 0.03403, 0.04047, 0.05118], Train Rec Loss=[0.03325], Eval Rec Loss=[0.03291], c=[0.50000], F=[0.92811, 0.93288, 0.93882, 0.95960], F_fuse=[0.01527, 0.01035, 0.00773, 0.00528]
[ INFO : 2026-08-14 01:37:35,710 ] - Epoch 89: train==[60.47093 = 0.99563 + 0.60650 + 5.61082 + 0.01124 + 0.00000 + 0.33202 + 884.94450]
[ INFO : 2026-08-14 01:37:43,147 ] - Test_@[5, 10, 20, 50]: Recall=[0.03817, 0.05106, 0.07667, 0.13051],  precision=[0.00763, 0.00511, 0.00383, 0.00261], hit=[0.03817, 0.05106, 0.07667, 0.13051], ndcg=[0.02887, 0.03298, 0.03940, 0.04997], Train Rec Loss=[0.03326], Eval Rec Loss=[0.03291], c=[0.50000], F=[0.92649, 0.93228, 0.93845, 0.95901], F_fuse=[0.01514, 0.01016, 0.00764, 0.00521]
[ INFO : 2026-08-14 01:38:55,169 ] - Epoch 90: train==[60.39936 = 0.98877 + 0.60650 + 5.55297 + 0.01131 + 0.00000 + 0.32509 + 884.94450]
[ INFO : 2026-08-14 01:39:02,515 ] - Test_@[5, 10, 20, 50]: Recall=[0.03785, 0.05204, 0.07520, 0.13100],  precision=[0.00757, 0.00520, 0.00376, 0.00262], hit=[0.03785, 0.05204, 0.07520, 0.13100], ndcg=[0.02849, 0.03300, 0.03878, 0.04974], Train Rec Loss=[0.03322], Eval Rec Loss=[0.03292], c=[0.50000], F=[0.92621, 0.93179, 0.93802, 0.95966], F_fuse=[0.01502, 0.01035, 0.00749, 0.00523]
[ INFO : 2026-08-14 01:40:14,092 ] - Epoch 91: train==[60.31020 = 0.98382 + 0.60650 + 5.47851 + 0.01123 + 0.00000 + 0.31542 + 884.94450]
[ INFO : 2026-08-14 01:40:21,541 ] - Test_@[5, 10, 20, 50]: Recall=[0.03817, 0.05090, 0.07684, 0.13116],  precision=[0.00763, 0.00509, 0.00384, 0.00262], hit=[0.03817, 0.05090, 0.07684, 0.13116], ndcg=[0.02891, 0.03298, 0.03950, 0.05017], Train Rec Loss=[0.03325], Eval Rec Loss=[0.03289], c=[0.50000], F=[0.92791, 0.93172, 0.93778, 0.95916], F_fuse=[0.01514, 0.01012, 0.00765, 0.00523]
[ INFO : 2026-08-14 01:41:33,065 ] - Epoch 92: train==[60.37179 = 0.97488 + 0.60650 + 5.55842 + 0.01123 + 0.00000 + 0.30605 + 884.94450]
[ INFO : 2026-08-14 01:41:40,523 ] - Test_@[5, 10, 20, 50]: Recall=[0.03785, 0.05139, 0.07651, 0.13165],  precision=[0.00757, 0.00514, 0.00383, 0.00263], hit=[0.03785, 0.05139, 0.07651, 0.13165], ndcg=[0.02838, 0.03272, 0.03900, 0.04983], Train Rec Loss=[0.03324], Eval Rec Loss=[0.03290], c=[0.50000], F=[0.92571, 0.93066, 0.93737, 0.95848], F_fuse=[0.01502, 0.01022, 0.00762, 0.00525]
[ INFO : 2026-08-14 01:42:52,472 ] - Epoch 93: train==[60.15696 = 0.97562 + 0.60650 + 5.35077 + 0.01121 + 0.00000 + 0.29814 + 884.94450]
[ INFO : 2026-08-14 01:42:59,905 ] - Test_@[5, 10, 20, 50]: Recall=[0.03736, 0.05237, 0.07618, 0.13230],  precision=[0.00747, 0.00524, 0.00381, 0.00265], hit=[0.03736, 0.05237, 0.07618, 0.13230], ndcg=[0.02829, 0.03312, 0.03905, 0.05005], Train Rec Loss=[0.03323], Eval Rec Loss=[0.03288], c=[0.50000], F=[0.92364, 0.93107, 0.93795, 0.95848], F_fuse=[0.01482, 0.01041, 0.00759, 0.00528]
[ INFO : 2026-08-14 01:44:11,414 ] - Epoch 94: train==[60.21341 = 0.96917 + 0.60650 + 5.42132 + 0.01122 + 0.00000 + 0.29049 + 884.94450]
[ INFO : 2026-08-14 01:44:19,032 ] - Test_@[5, 10, 20, 50]: Recall=[0.03834, 0.05155, 0.07814, 0.13328],  precision=[0.00767, 0.00515, 0.00391, 0.00267], hit=[0.03834, 0.05155, 0.07814, 0.13328], ndcg=[0.02958, 0.03381, 0.04047, 0.05129], Train Rec Loss=[0.03323], Eval Rec Loss=[0.03287], c=[0.50000], F=[0.92683, 0.93096, 0.93729, 0.95776], F_fuse=[0.01521, 0.01025, 0.00778, 0.00532]
[ INFO : 2026-08-14 01:45:31,147 ] - Epoch 95: train==[60.06224 = 0.96225 + 0.60650 + 5.28569 + 0.01114 + 0.00000 + 0.28193 + 884.94450]
[ INFO : 2026-08-14 01:45:38,611 ] - Test_@[5, 10, 20, 50]: Recall=[0.03736, 0.05220, 0.07586, 0.13165],  precision=[0.00747, 0.00522, 0.00379, 0.00263], hit=[0.03736, 0.05220, 0.07586, 0.13165], ndcg=[0.02825, 0.03302, 0.03894, 0.04990], Train Rec Loss=[0.03321], Eval Rec Loss=[0.03286], c=[0.50000], F=[0.92484, 0.92998, 0.93777, 0.95864], F_fuse=[0.01482, 0.01038, 0.00756, 0.00525]
[ INFO : 2026-08-14 01:46:50,079 ] - Epoch 96: train==[60.09494 = 0.96277 + 0.60650 + 5.32509 + 0.01121 + 0.00000 + 0.27465 + 884.94450]
[ INFO : 2026-08-14 01:46:57,517 ] - Test_@[5, 10, 20, 50]: Recall=[0.03638, 0.05220, 0.07553, 0.13230],  precision=[0.00728, 0.00522, 0.00378, 0.00265], hit=[0.03638, 0.05220, 0.07553, 0.13230], ndcg=[0.02738, 0.03250, 0.03835, 0.04951], Train Rec Loss=[0.03320], Eval Rec Loss=[0.03286], c=[0.50000], F=[0.92221, 0.93025, 0.93813, 0.95839], F_fuse=[0.01444, 0.01038, 0.00752, 0.00528]
[ INFO : 2026-08-14 01:48:08,693 ] - Epoch 97: train==[60.07071 = 0.95915 + 0.60650 + 5.31281 + 0.01115 + 0.00000 + 0.26637 + 884.94450]
[ INFO : 2026-08-14 01:48:16,144 ] - Test_@[5, 10, 20, 50]: Recall=[0.03801, 0.05237, 0.07700, 0.13344],  precision=[0.00760, 0.00524, 0.00385, 0.00267], hit=[0.03801, 0.05237, 0.07700, 0.13344], ndcg=[0.02832, 0.03295, 0.03912, 0.05019], Train Rec Loss=[0.03322], Eval Rec Loss=[0.03287], c=[0.50000], F=[0.92341, 0.93002, 0.93677, 0.95811], F_fuse=[0.01508, 0.01041, 0.00767, 0.00532]
[ INFO : 2026-08-14 01:49:27,676 ] - Epoch 98: train==[59.91603 = 0.94949 + 0.60650 + 5.17528 + 0.01107 + 0.00000 + 0.25897 + 884.94450]
[ INFO : 2026-08-14 01:49:35,090 ] - Test_@[5, 10, 20, 50]: Recall=[0.03817, 0.05302, 0.07700, 0.13409],  precision=[0.00763, 0.00530, 0.00385, 0.00268], hit=[0.03817, 0.05302, 0.07700, 0.13409], ndcg=[0.02847, 0.03322, 0.03920, 0.05039], Train Rec Loss=[0.03321], Eval Rec Loss=[0.03283], c=[0.50000], F=[0.92320, 0.92859, 0.93613, 0.95749], F_fuse=[0.01514, 0.01054, 0.00767, 0.00535]
[ INFO : 2026-08-14 01:50:46,442 ] - Epoch 99: train==[59.94419 = 0.94454 + 0.60650 + 5.21554 + 0.01103 + 0.00000 + 0.25185 + 884.94450]
[ INFO : 2026-08-14 01:50:53,839 ] - Test_@[5, 10, 20, 50]: Recall=[0.03834, 0.05285, 0.07765, 0.13409],  precision=[0.00767, 0.00529, 0.00388, 0.00268], hit=[0.03834, 0.05285, 0.07765, 0.13409], ndcg=[0.02871, 0.03336, 0.03956, 0.05062], Train Rec Loss=[0.03318], Eval Rec Loss=[0.03286], c=[0.50000], F=[0.92440, 0.92973, 0.93662, 0.95839], F_fuse=[0.01521, 0.01051, 0.00773, 0.00535]
[ INFO : 2026-08-14 01:52:05,321 ] - Epoch 100: train==[59.81284 = 0.93737 + 0.60651 + 5.09965 + 0.01104 + 0.00000 + 0.24356 + 884.94450]
[ INFO : 2026-08-14 01:52:12,690 ] - Test_@[5, 10, 20, 50]: Recall=[0.03883, 0.05302, 0.07667, 0.13540],  precision=[0.00777, 0.00530, 0.00383, 0.00271], hit=[0.03883, 0.05302, 0.07667, 0.13540], ndcg=[0.02883, 0.03338, 0.03932, 0.05085], Train Rec Loss=[0.03320], Eval Rec Loss=[0.03286], c=[0.50000], F=[0.92337, 0.92950, 0.93661, 0.95818], F_fuse=[0.01540, 0.01054, 0.00764, 0.00540]
[ INFO : 2026-08-14 01:53:23,748 ] - Epoch 101: train==[59.84288 = 0.93617 + 0.60650 + 5.13695 + 0.01107 + 0.00000 + 0.23747 + 884.94450]
[ INFO : 2026-08-14 01:53:31,164 ] - Test_@[5, 10, 20, 50]: Recall=[0.03850, 0.05318, 0.07700, 0.13409],  precision=[0.00770, 0.00532, 0.00385, 0.00268], hit=[0.03850, 0.05318, 0.07700, 0.13409], ndcg=[0.02835, 0.03304, 0.03901, 0.05022], Train Rec Loss=[0.03318], Eval Rec Loss=[0.03282], c=[0.50000], F=[0.92181, 0.92837, 0.93643, 0.95699], F_fuse=[0.01527, 0.01058, 0.00767, 0.00535]
[ INFO : 2026-08-14 01:54:42,560 ] - Epoch 102: train==[59.78501 = 0.93171 + 0.60650 + 5.09056 + 0.01110 + 0.00000 + 0.23042 + 884.94450]
[ INFO : 2026-08-14 01:54:50,016 ] - Test_@[5, 10, 20, 50]: Recall=[0.03931, 0.05237, 0.07847, 0.13605],  precision=[0.00786, 0.00524, 0.00392, 0.00272], hit=[0.03931, 0.05237, 0.07847, 0.13605], ndcg=[0.02940, 0.03355, 0.04012, 0.05145], Train Rec Loss=[0.03318], Eval Rec Loss=[0.03286], c=[0.50000], F=[0.92397, 0.92913, 0.93570, 0.95629], F_fuse=[0.01559, 0.01041, 0.00781, 0.00543]
[ INFO : 2026-08-14 01:56:01,687 ] - Epoch 103: train==[59.76369 = 0.92803 + 0.60650 + 5.07845 + 0.01114 + 0.00000 + 0.22485 + 884.94450]
[ INFO : 2026-08-14 01:56:09,193 ] - Test_@[5, 10, 20, 50]: Recall=[0.03785, 0.05285, 0.07781, 0.13475],  precision=[0.00757, 0.00529, 0.00389, 0.00269], hit=[0.03785, 0.05285, 0.07781, 0.13475], ndcg=[0.02795, 0.03278, 0.03902, 0.05019], Train Rec Loss=[0.03318], Eval Rec Loss=[0.03285], c=[0.50000], F=[0.92158, 0.92780, 0.93579, 0.95706], F_fuse=[0.01502, 0.01051, 0.00775, 0.00537]
[ INFO : 2026-08-14 01:57:20,509 ] - Epoch 104: train==[59.64588 = 0.92438 + 0.60650 + 4.97146 + 0.01115 + 0.00000 + 0.21767 + 884.94450]
[ INFO : 2026-08-14 01:57:27,912 ] - Test_@[5, 10, 20, 50]: Recall=[0.03915, 0.05285, 0.07896, 0.13703],  precision=[0.00783, 0.00529, 0.00395, 0.00274], hit=[0.03915, 0.05285, 0.07896, 0.13703], ndcg=[0.02890, 0.03330, 0.03988, 0.05129], Train Rec Loss=[0.03318], Eval Rec Loss=[0.03283], c=[0.50000], F=[0.92372, 0.92911, 0.93503, 0.95658], F_fuse=[0.01553, 0.01051, 0.00786, 0.00547]
[ INFO : 2026-08-14 01:58:39,307 ] - Epoch 105: train==[59.63099 = 0.91886 + 0.60650 + 4.96867 + 0.01112 + 0.00000 + 0.21111 + 884.94450]
[ INFO : 2026-08-14 01:58:46,700 ] - Test_@[5, 10, 20, 50]: Recall=[0.03768, 0.05351, 0.07765, 0.13475],  precision=[0.00754, 0.00535, 0.00388, 0.00269], hit=[0.03768, 0.05351, 0.07765, 0.13475], ndcg=[0.02769, 0.03273, 0.03877, 0.05000], Train Rec Loss=[0.03318], Eval Rec Loss=[0.03283], c=[0.50000], F=[0.91873, 0.92602, 0.93457, 0.95632], F_fuse=[0.01495, 0.01064, 0.00773, 0.00537]
[ INFO : 2026-08-14 01:59:57,814 ] - Epoch 106: train==[59.60051 = 0.91549 + 0.60651 + 4.94699 + 0.01114 + 0.00000 + 0.20566 + 884.94450]
[ INFO : 2026-08-14 02:00:05,255 ] - Test_@[5, 10, 20, 50]: Recall=[0.03768, 0.05351, 0.07781, 0.13540],  precision=[0.00754, 0.00535, 0.00389, 0.00271], hit=[0.03768, 0.05351, 0.07781, 0.13540], ndcg=[0.02794, 0.03299, 0.03906, 0.05038], Train Rec Loss=[0.03316], Eval Rec Loss=[0.03278], c=[0.50000], F=[0.91915, 0.92689, 0.93545, 0.95760], F_fuse=[0.01495, 0.01064, 0.00775, 0.00540]
[ INFO : 2026-08-14 02:01:16,339 ] - Epoch 107: train==[59.53157 = 0.91883 + 0.60650 + 4.88013 + 0.01108 + 0.00000 + 0.20031 + 884.94450]
[ INFO : 2026-08-14 02:01:23,772 ] - Test_@[5, 10, 20, 50]: Recall=[0.03883, 0.05302, 0.07912, 0.13654],  precision=[0.00777, 0.00530, 0.00396, 0.00273], hit=[0.03883, 0.05302, 0.07912, 0.13654], ndcg=[0.02888, 0.03343, 0.03996, 0.05121], Train Rec Loss=[0.03316], Eval Rec Loss=[0.03282], c=[0.50000], F=[0.92125, 0.92844, 0.93558, 0.95686], F_fuse=[0.01540, 0.01054, 0.00788, 0.00545]
[ INFO : 2026-08-14 02:02:35,489 ] - Epoch 108: train==[59.49698 = 0.90765 + 0.60651 + 4.86418 + 0.01097 + 0.00000 + 0.19296 + 884.94450]
[ INFO : 2026-08-14 02:02:42,895 ] - Test_@[5, 10, 20, 50]: Recall=[0.03703, 0.05334, 0.07847, 0.13556],  precision=[0.00741, 0.00533, 0.00392, 0.00271], hit=[0.03703, 0.05334, 0.07847, 0.13556], ndcg=[0.02763, 0.03284, 0.03913, 0.05034], Train Rec Loss=[0.03316], Eval Rec Loss=[0.03280], c=[0.50000], F=[0.91650, 0.92600, 0.93398, 0.95587], F_fuse=[0.01469, 0.01061, 0.00781, 0.00541]
[ INFO : 2026-08-14 02:03:54,175 ] - Epoch 109: train==[59.45168 = 0.90136 + 0.60650 + 4.83234 + 0.01089 + 0.00000 + 0.18587 + 884.94450]
[ INFO : 2026-08-14 02:04:01,701 ] - Test_@[5, 10, 20, 50]: Recall=[0.03768, 0.05416, 0.07847, 0.13524],  precision=[0.00754, 0.00542, 0.00392, 0.00270], hit=[0.03768, 0.05416, 0.07847, 0.13524], ndcg=[0.02773, 0.03297, 0.03905, 0.05022], Train Rec Loss=[0.03315], Eval Rec Loss=[0.03279], c=[0.50000], F=[0.91657, 0.92520, 0.93417, 0.95608], F_fuse=[0.01495, 0.01077, 0.00781, 0.00539]
[ INFO : 2026-08-14 02:05:13,030 ] - Epoch 110: train==[59.35092 = 0.89588 + 0.60650 + 4.74033 + 0.01094 + 0.00000 + 0.18255 + 884.94450]
[ INFO : 2026-08-14 02:05:20,453 ] - Test_@[5, 10, 20, 50]: Recall=[0.03834, 0.05416, 0.07830, 0.13703],  precision=[0.00767, 0.00542, 0.00392, 0.00274], hit=[0.03834, 0.05416, 0.07830, 0.13703], ndcg=[0.02848, 0.03351, 0.03956, 0.05112], Train Rec Loss=[0.03311], Eval Rec Loss=[0.03279], c=[0.50000], F=[0.91745, 0.92595, 0.93375, 0.95533], F_fuse=[0.01521, 0.01077, 0.00780, 0.00547]
[ INFO : 2026-08-14 02:06:31,985 ] - Epoch 111: train==[59.42868 = 0.89255 + 0.60651 + 4.82923 + 0.01095 + 0.00000 + 0.17473 + 884.94450]
[ INFO : 2026-08-14 02:06:39,489 ] - Test_@[5, 10, 20, 50]: Recall=[0.03850, 0.05416, 0.07993, 0.13736],  precision=[0.00770, 0.00542, 0.00400, 0.00275], hit=[0.03850, 0.05416, 0.07993, 0.13736], ndcg=[0.02863, 0.03362, 0.04006, 0.05135], Train Rec Loss=[0.03314], Eval Rec Loss=[0.03281], c=[0.50000], F=[0.91738, 0.92537, 0.93311, 0.95481], F_fuse=[0.01527, 0.01077, 0.00796, 0.00548]
[ INFO : 2026-08-14 02:07:51,395 ] - Epoch 112: train==[59.27063 = 0.89264 + 0.60650 + 4.67814 + 0.01089 + 0.00000 + 0.16773 + 884.94450]
[ INFO : 2026-08-14 02:07:58,807 ] - Test_@[5, 10, 20, 50]: Recall=[0.03801, 0.05416, 0.07896, 0.13703],  precision=[0.00760, 0.00542, 0.00395, 0.00274], hit=[0.03801, 0.05416, 0.07896, 0.13703], ndcg=[0.02814, 0.03330, 0.03951, 0.05091], Train Rec Loss=[0.03312], Eval Rec Loss=[0.03278], c=[0.50000], F=[0.91614, 0.92602, 0.93420, 0.95497], F_fuse=[0.01508, 0.01077, 0.00786, 0.00547]
[ INFO : 2026-08-14 02:09:11,176 ] - Epoch 113: train==[59.35147 = 0.88917 + 0.60650 + 4.76822 + 0.01094 + 0.00000 + 0.16192 + 884.94450]
[ INFO : 2026-08-14 02:09:18,644 ] - Test_@[5, 10, 20, 50]: Recall=[0.03524, 0.05285, 0.07847, 0.13426],  precision=[0.00705, 0.00529, 0.00392, 0.00269], hit=[0.03524, 0.05285, 0.07847, 0.13426], ndcg=[0.02602, 0.03168, 0.03809, 0.04908], Train Rec Loss=[0.03310], Eval Rec Loss=[0.03280], c=[0.50000], F=[0.90821, 0.92171, 0.93268, 0.95431], F_fuse=[0.01399, 0.01051, 0.00781, 0.00536]
[ INFO : 2026-08-14 02:10:30,258 ] - Epoch 114: train==[59.20827 = 0.88321 + 0.60650 + 4.63556 + 0.01093 + 0.00000 + 0.15734 + 884.94450]
[ INFO : 2026-08-14 02:10:37,706 ] - Test_@[5, 10, 20, 50]: Recall=[0.03719, 0.05432, 0.07961, 0.13638],  precision=[0.00744, 0.00543, 0.00398, 0.00273], hit=[0.03719, 0.05432, 0.07961, 0.13638], ndcg=[0.02760, 0.03307, 0.03940, 0.05056], Train Rec Loss=[0.03313], Eval Rec Loss=[0.03278], c=[0.50000], F=[0.91141, 0.92294, 0.93348, 0.95420], F_fuse=[0.01476, 0.01080, 0.00793, 0.00544]
[ INFO : 2026-08-14 02:11:49,237 ] - Epoch 115: train==[59.23383 = 0.87919 + 0.60651 + 4.67108 + 0.01100 + 0.00000 + 0.15133 + 884.94450]
[ INFO : 2026-08-14 02:11:56,636 ] - Test_@[5, 10, 20, 50]: Recall=[0.03687, 0.05383, 0.07896, 0.13556],  precision=[0.00737, 0.00538, 0.00395, 0.00271], hit=[0.03687, 0.05383, 0.07896, 0.13556], ndcg=[0.02695, 0.03238, 0.03868, 0.04983], Train Rec Loss=[0.03312], Eval Rec Loss=[0.03277], c=[0.50000], F=[0.90821, 0.92217, 0.93349, 0.95449], F_fuse=[0.01463, 0.01070, 0.00786, 0.00541]
[ INFO : 2026-08-14 02:13:08,018 ] - Epoch 116: train==[59.11459 = 0.87713 + 0.60650 + 4.55926 + 0.01101 + 0.00000 + 0.14597 + 884.94450]
[ INFO : 2026-08-14 02:13:15,483 ] - Test_@[5, 10, 20, 50]: Recall=[0.03948, 0.05481, 0.08059, 0.14046],  precision=[0.00790, 0.00548, 0.00403, 0.00281], hit=[0.03948, 0.05481, 0.08059, 0.14046], ndcg=[0.02923, 0.03413, 0.04060, 0.05238], Train Rec Loss=[0.03311], Eval Rec Loss=[0.03274], c=[0.50000], F=[0.91441, 0.92405, 0.93219, 0.95300], F_fuse=[0.01566, 0.01090, 0.00802, 0.00560]
[ INFO : 2026-08-14 02:14:26,892 ] - Epoch 117: train==[59.06759 = 0.87044 + 0.60651 + 4.52427 + 0.01110 + 0.00000 + 0.14055 + 884.94450]
[ INFO : 2026-08-14 02:14:34,414 ] - Test_@[5, 10, 20, 50]: Recall=[0.03948, 0.05530, 0.07993, 0.13736],  precision=[0.00790, 0.00553, 0.00400, 0.00275], hit=[0.03948, 0.05530, 0.07993, 0.13736], ndcg=[0.02873, 0.03371, 0.03988, 0.05121], Train Rec Loss=[0.03311], Eval Rec Loss=[0.03274], c=[0.50000], F=[0.91209, 0.92445, 0.93275, 0.95301], F_fuse=[0.01566, 0.01099, 0.00796, 0.00548]
[ INFO : 2026-08-14 02:15:45,798 ] - Epoch 118: train==[59.04149 = 0.86602 + 0.60650 + 4.50840 + 0.01107 + 0.00000 + 0.13478 + 884.94450]
[ INFO : 2026-08-14 02:15:53,289 ] - Test_@[5, 10, 20, 50]: Recall=[0.03948, 0.05498, 0.07928, 0.13915],  precision=[0.00790, 0.00550, 0.00396, 0.00278], hit=[0.03948, 0.05498, 0.07928, 0.13915], ndcg=[0.02877, 0.03364, 0.03974, 0.05154], Train Rec Loss=[0.03310], Eval Rec Loss=[0.03275], c=[0.50000], F=[0.91261, 0.92366, 0.93221, 0.95289], F_fuse=[0.01566, 0.01093, 0.00789, 0.00555]
[ INFO : 2026-08-14 02:17:04,660 ] - Epoch 119: train==[58.99071 = 0.87223 + 0.60650 + 4.45507 + 0.01108 + 0.00000 + 0.13110 + 884.94450]
[ INFO : 2026-08-14 02:17:12,160 ] - Test_@[5, 10, 20, 50]: Recall=[0.03866, 0.05449, 0.07830, 0.13654],  precision=[0.00773, 0.00545, 0.00392, 0.00273], hit=[0.03866, 0.05449, 0.07830, 0.13654], ndcg=[0.02793, 0.03297, 0.03895, 0.05049], Train Rec Loss=[0.03311], Eval Rec Loss=[0.03274], c=[0.50000], F=[0.90677, 0.92136, 0.93202, 0.95341], F_fuse=[0.01533, 0.01083, 0.00780, 0.00545]
[ INFO : 2026-08-14 02:18:23,589 ] - Epoch 120: train==[58.96648 = 0.86085 + 0.60651 + 4.44776 + 0.01108 + 0.00000 + 0.12557 + 884.94450]
[ INFO : 2026-08-14 02:18:31,060 ] - Test_@[5, 10, 20, 50]: Recall=[0.03834, 0.05449, 0.07993, 0.13801],  precision=[0.00767, 0.00545, 0.00400, 0.00276], hit=[0.03834, 0.05449, 0.07993, 0.13801], ndcg=[0.02777, 0.03293, 0.03930, 0.05077], Train Rec Loss=[0.03308], Eval Rec Loss=[0.03272], c=[0.50000], F=[0.90651, 0.92145, 0.93222, 0.95291], F_fuse=[0.01521, 0.01083, 0.00796, 0.00550]
[ INFO : 2026-08-14 02:19:42,743 ] - Epoch 121: train==[58.87233 = 0.85408 + 0.60650 + 4.36453 + 0.01104 + 0.00000 + 0.12146 + 884.94450]
[ INFO : 2026-08-14 02:19:50,169 ] - Test_@[5, 10, 20, 50]: Recall=[0.03719, 0.05334, 0.07830, 0.13654],  precision=[0.00744, 0.00533, 0.00392, 0.00273], hit=[0.03719, 0.05334, 0.07830, 0.13654], ndcg=[0.02691, 0.03210, 0.03840, 0.04994], Train Rec Loss=[0.03309], Eval Rec Loss=[0.03275], c=[0.50000], F=[0.90382, 0.91963, 0.93095, 0.95301], F_fuse=[0.01476, 0.01061, 0.00780, 0.00545]
[ INFO : 2026-08-14 02:21:01,398 ] - Epoch 122: train==[58.84357 = 0.85317 + 0.60650 + 4.34157 + 0.01104 + 0.00000 + 0.11657 + 884.94450]
[ INFO : 2026-08-14 02:21:08,986 ] - Test_@[5, 10, 20, 50]: Recall=[0.03817, 0.05383, 0.07945, 0.13736],  precision=[0.00763, 0.00538, 0.00397, 0.00275], hit=[0.03817, 0.05383, 0.07945, 0.13736], ndcg=[0.02801, 0.03300, 0.03944, 0.05087], Train Rec Loss=[0.03306], Eval Rec Loss=[0.03274], c=[0.50000], F=[0.90630, 0.92110, 0.93287, 0.95366], F_fuse=[0.01514, 0.01070, 0.00791, 0.00548]
[ INFO : 2026-08-14 02:22:20,075 ] - Epoch 123: train==[58.87414 = 0.85066 + 0.60650 + 4.37724 + 0.01106 + 0.00000 + 0.11396 + 884.94450]
[ INFO : 2026-08-14 02:22:27,505 ] - Test_@[5, 10, 20, 50]: Recall=[0.03719, 0.05416, 0.07896, 0.13801],  precision=[0.00744, 0.00542, 0.00395, 0.00276], hit=[0.03719, 0.05416, 0.07896, 0.13801], ndcg=[0.02732, 0.03273, 0.03895, 0.05063], Train Rec Loss=[0.03308], Eval Rec Loss=[0.03274], c=[0.50000], F=[0.90375, 0.91953, 0.93141, 0.95284], F_fuse=[0.01476, 0.01077, 0.00786, 0.00550]
[ INFO : 2026-08-14 02:23:38,513 ] - Epoch 124: train==[58.79831 = 0.84625 + 0.60650 + 4.31010 + 0.01104 + 0.00000 + 0.10970 + 884.94450]
[ INFO : 2026-08-14 02:23:46,173 ] - Test_@[5, 10, 20, 50]: Recall=[0.03719, 0.05318, 0.07977, 0.13768],  precision=[0.00744, 0.00532, 0.00399, 0.00275], hit=[0.03719, 0.05318, 0.07977, 0.13768], ndcg=[0.02676, 0.03184, 0.03852, 0.04998], Train Rec Loss=[0.03307], Eval Rec Loss=[0.03273], c=[0.50000], F=[0.90113, 0.91870, 0.93021, 0.95247], F_fuse=[0.01476, 0.01057, 0.00794, 0.00549]
[ INFO : 2026-08-14 02:24:57,426 ] - Epoch 125: train==[58.82407 = 0.84485 + 0.60651 + 4.34188 + 0.01101 + 0.00000 + 0.10510 + 884.94450]
[ INFO : 2026-08-14 02:25:04,907 ] - Test_@[5, 10, 20, 50]: Recall=[0.03638, 0.05334, 0.07814, 0.13736],  precision=[0.00728, 0.00533, 0.00391, 0.00275], hit=[0.03638, 0.05334, 0.07814, 0.13736], ndcg=[0.02616, 0.03156, 0.03778, 0.04951], Train Rec Loss=[0.03307], Eval Rec Loss=[0.03275], c=[0.50000], F=[0.90120, 0.91970, 0.93266, 0.95380], F_fuse=[0.01443, 0.01061, 0.00778, 0.00548]
[ INFO : 2026-08-14 02:26:16,402 ] - Epoch 126: train==[58.67752 = 0.83779 + 0.60650 + 4.20565 + 0.01112 + 0.00000 + 0.10175 + 884.94450]
[ INFO : 2026-08-14 02:26:23,879 ] - Test_@[5, 10, 20, 50]: Recall=[0.03785, 0.05400, 0.08124, 0.13948],  precision=[0.00757, 0.00540, 0.00406, 0.00279], hit=[0.03785, 0.05400, 0.08124, 0.13948], ndcg=[0.02754, 0.03270, 0.03953, 0.05103], Train Rec Loss=[0.03306], Eval Rec Loss=[0.03271], c=[0.50000], F=[0.90220, 0.92106, 0.93106, 0.95195], F_fuse=[0.01501, 0.01074, 0.00809, 0.00556]
[ INFO : 2026-08-14 02:27:35,737 ] - Epoch 127: train==[58.69474 = 0.83680 + 0.60651 + 4.22738 + 0.01103 + 0.00000 + 0.09830 + 884.94450]
[ INFO : 2026-08-14 02:27:43,097 ] - Test_@[5, 10, 20, 50]: Recall=[0.03931, 0.05481, 0.08206, 0.14095],  precision=[0.00786, 0.00548, 0.00410, 0.00282], hit=[0.03931, 0.05481, 0.08206, 0.14095], ndcg=[0.02880, 0.03373, 0.04058, 0.05221], Train Rec Loss=[0.03306], Eval Rec Loss=[0.03270], c=[0.50000], F=[0.90390, 0.92070, 0.93166, 0.95213], F_fuse=[0.01559, 0.01090, 0.00817, 0.00562]
[ INFO : 2026-08-14 02:28:54,857 ] - Epoch 128: train==[58.72708 = 0.83403 + 0.60650 + 4.26631 + 0.01093 + 0.00000 + 0.09459 + 884.94450]
[ INFO : 2026-08-14 02:29:02,289 ] - Test_@[5, 10, 20, 50]: Recall=[0.03719, 0.05432, 0.08173, 0.13997],  precision=[0.00744, 0.00543, 0.00409, 0.00280], hit=[0.03719, 0.05432, 0.08173, 0.13997], ndcg=[0.02719, 0.03267, 0.03952, 0.05104], Train Rec Loss=[0.03306], Eval Rec Loss=[0.03270], c=[0.50000], F=[0.89515, 0.91715, 0.93002, 0.95092], F_fuse=[0.01476, 0.01080, 0.00814, 0.00558]
[ INFO : 2026-08-14 02:30:13,183 ] - Epoch 129: train==[58.67252 = 0.83199 + 0.60651 + 4.21609 + 0.01094 + 0.00000 + 0.09227 + 884.94450]
[ INFO : 2026-08-14 02:30:20,599 ] - Test_@[5, 10, 20, 50]: Recall=[0.03801, 0.05563, 0.08287, 0.14127],  precision=[0.00760, 0.00556, 0.00414, 0.00283], hit=[0.03801, 0.05563, 0.08287, 0.14127], ndcg=[0.02760, 0.03318, 0.03998, 0.05150], Train Rec Loss=[0.03305], Eval Rec Loss=[0.03270], c=[0.50000], F=[0.89486, 0.92019, 0.93135, 0.95167], F_fuse=[0.01508, 0.01106, 0.00825, 0.00563]
[ INFO : 2026-08-14 02:31:32,466 ] - Epoch 130: train==[58.55744 = 0.82633 + 0.60650 + 4.11097 + 0.01103 + 0.00000 + 0.08789 + 884.94450]
[ INFO : 2026-08-14 02:31:39,892 ] - Test_@[5, 10, 20, 50]: Recall=[0.03475, 0.05188, 0.07847, 0.13687],  precision=[0.00695, 0.00519, 0.00392, 0.00274], hit=[0.03475, 0.05188, 0.07847, 0.13687], ndcg=[0.02529, 0.03079, 0.03747, 0.04908], Train Rec Loss=[0.03305], Eval Rec Loss=[0.03268], c=[0.50000], F=[0.89171, 0.91605, 0.93024, 0.95315], F_fuse=[0.01379, 0.01032, 0.00781, 0.00546]
[ INFO : 2026-08-14 02:32:51,101 ] - Epoch 131: train==[58.59996 = 0.82604 + 0.60651 + 4.15703 + 0.01104 + 0.00000 + 0.08463 + 884.94450]
[ INFO : 2026-08-14 02:32:58,484 ] - Test_@[5, 10, 20, 50]: Recall=[0.03736, 0.05351, 0.08222, 0.14127],  precision=[0.00747, 0.00535, 0.00411, 0.00283], hit=[0.03736, 0.05351, 0.08222, 0.14127], ndcg=[0.02729, 0.03249, 0.03970, 0.05138], Train Rec Loss=[0.03305], Eval Rec Loss=[0.03269], c=[0.50000], F=[0.89318, 0.91808, 0.93025, 0.95140], F_fuse=[0.01482, 0.01064, 0.00819, 0.00563]
[ INFO : 2026-08-14 02:34:10,209 ] - Epoch 132: train==[58.59180 = 0.82227 + 0.60651 + 4.15575 + 0.01101 + 0.00000 + 0.08154 + 884.94450]
[ INFO : 2026-08-14 02:34:17,639 ] - Test_@[5, 10, 20, 50]: Recall=[0.03801, 0.05400, 0.08173, 0.14192],  precision=[0.00760, 0.00540, 0.00409, 0.00284], hit=[0.03801, 0.05400, 0.08173, 0.14192], ndcg=[0.02773, 0.03283, 0.03981, 0.05172], Train Rec Loss=[0.03304], Eval Rec Loss=[0.03270], c=[0.50000], F=[0.89239, 0.91827, 0.93003, 0.95192], F_fuse=[0.01508, 0.01074, 0.00814, 0.00566]
[ INFO : 2026-08-14 02:35:28,584 ] - Epoch 133: train==[58.50169 = 0.81486 + 0.60650 + 4.07561 + 0.01111 + 0.00000 + 0.07888 + 884.94450]
[ INFO : 2026-08-14 02:35:36,012 ] - Test_@[5, 10, 20, 50]: Recall=[0.03948, 0.05514, 0.08401, 0.14470],  precision=[0.00790, 0.00551, 0.00420, 0.00289], hit=[0.03948, 0.05514, 0.08401, 0.14470], ndcg=[0.02844, 0.03345, 0.04070, 0.05264], Train Rec Loss=[0.03305], Eval Rec Loss=[0.03268], c=[0.50000], F=[0.89549, 0.92081, 0.93160, 0.95181], F_fuse=[0.01565, 0.01096, 0.00836, 0.00577]
[ INFO : 2026-08-14 02:36:47,426 ] - Epoch 134: train==[58.43852 = 0.81433 + 0.60650 + 4.01561 + 0.01108 + 0.00000 + 0.07627 + 884.94450]
[ INFO : 2026-08-14 02:36:54,920 ] - Test_@[5, 10, 20, 50]: Recall=[0.03556, 0.05269, 0.08124, 0.14176],  precision=[0.00711, 0.00527, 0.00406, 0.00284], hit=[0.03556, 0.05269, 0.08124, 0.14176], ndcg=[0.02596, 0.03147, 0.03862, 0.05056], Train Rec Loss=[0.03303], Eval Rec Loss=[0.03268], c=[0.50000], F=[0.88491, 0.91525, 0.92954, 0.95151], F_fuse=[0.01411, 0.01048, 0.00809, 0.00565]
[ INFO : 2026-08-14 02:38:05,997 ] - Epoch 135: train==[58.44432 = 0.81009 + 0.60651 + 4.02798 + 0.01101 + 0.00000 + 0.07402 + 884.94450]
[ INFO : 2026-08-14 02:38:13,432 ] - Test_@[5, 10, 20, 50]: Recall=[0.03785, 0.05514, 0.08483, 0.14666],  precision=[0.00757, 0.00551, 0.00424, 0.00293], hit=[0.03785, 0.05514, 0.08483, 0.14666], ndcg=[0.02772, 0.03326, 0.04069, 0.05286], Train Rec Loss=[0.03303], Eval Rec Loss=[0.03265], c=[0.50000], F=[0.89280, 0.91836, 0.92942, 0.95064], F_fuse=[0.01501, 0.01096, 0.00844, 0.00585]
[ INFO : 2026-08-14 02:39:24,464 ] - Epoch 136: train==[58.47547 = 0.80458 + 0.60651 + 4.06949 + 0.01099 + 0.00000 + 0.06918 + 884.94450]
[ INFO : 2026-08-14 02:39:32,112 ] - Test_@[5, 10, 20, 50]: Recall=[0.03948, 0.05628, 0.08548, 0.14845],  precision=[0.00790, 0.00563, 0.00427, 0.00297], hit=[0.03948, 0.05628, 0.08548, 0.14845], ndcg=[0.02928, 0.03464, 0.04194, 0.05434], Train Rec Loss=[0.03301], Eval Rec Loss=[0.03266], c=[0.50000], F=[0.89667, 0.91659, 0.92766, 0.95008], F_fuse=[0.01565, 0.01119, 0.00851, 0.00592]
[ INFO : 2026-08-14 02:40:42,950 ] - Epoch 137: train==[58.35534 = 0.80448 + 0.60650 + 3.94986 + 0.01098 + 0.00000 + 0.06880 + 884.94450]
[ INFO : 2026-08-14 02:40:50,333 ] - Test_@[5, 10, 20, 50]: Recall=[0.03687, 0.05465, 0.08271, 0.14274],  precision=[0.00737, 0.00546, 0.00414, 0.00285], hit=[0.03687, 0.05465, 0.08271, 0.14274], ndcg=[0.02683, 0.03251, 0.03952, 0.05140], Train Rec Loss=[0.03302], Eval Rec Loss=[0.03266], c=[0.50000], F=[0.88406, 0.91445, 0.92892, 0.95130], F_fuse=[0.01463, 0.01086, 0.00823, 0.00569]
[ INFO : 2026-08-14 02:42:01,548 ] - Epoch 138: train==[58.32279 = 0.79902 + 0.60651 + 3.92668 + 0.01101 + 0.00000 + 0.06485 + 884.94450]
[ INFO : 2026-08-14 02:42:08,982 ] - Test_@[5, 10, 20, 50]: Recall=[0.03670, 0.05383, 0.08385, 0.14372],  precision=[0.00734, 0.00538, 0.00419, 0.00287], hit=[0.03670, 0.05383, 0.08385, 0.14372], ndcg=[0.02686, 0.03240, 0.03992, 0.05176], Train Rec Loss=[0.03302], Eval Rec Loss=[0.03266], c=[0.50000], F=[0.88143, 0.91407, 0.92782, 0.95065], F_fuse=[0.01456, 0.01070, 0.00835, 0.00573]
[ INFO : 2026-08-14 02:43:20,093 ] - Epoch 139: train==[58.26160 = 0.79708 + 0.60650 + 3.86907 + 0.01113 + 0.00000 + 0.06310 + 884.94450]
[ INFO : 2026-08-14 02:43:27,569 ] - Test_@[5, 10, 20, 50]: Recall=[0.03670, 0.05449, 0.08336, 0.14666],  precision=[0.00734, 0.00545, 0.00417, 0.00293], hit=[0.03670, 0.05449, 0.08336, 0.14666], ndcg=[0.02686, 0.03260, 0.03981, 0.05228], Train Rec Loss=[0.03301], Eval Rec Loss=[0.03265], c=[0.50000], F=[0.88747, 0.91705, 0.93020, 0.95132], F_fuse=[0.01456, 0.01083, 0.00830, 0.00585]
[ INFO : 2026-08-14 02:44:38,893 ] - Epoch 140: train==[58.26443 = 0.79230 + 0.60651 + 3.87831 + 0.01107 + 0.00000 + 0.06150 + 884.94450]
[ INFO : 2026-08-14 02:44:46,428 ] - Test_@[5, 10, 20, 50]: Recall=[0.03605, 0.05416, 0.08287, 0.14600],  precision=[0.00721, 0.00542, 0.00414, 0.00292], hit=[0.03605, 0.05416, 0.08287, 0.14600], ndcg=[0.02635, 0.03213, 0.03932, 0.05177], Train Rec Loss=[0.03300], Eval Rec Loss=[0.03266], c=[0.50000], F=[0.88484, 0.91524, 0.92901, 0.95019], F_fuse=[0.01430, 0.01077, 0.00825, 0.00582]
[ INFO : 2026-08-14 02:45:57,151 ] - Epoch 141: train==[58.20412 = 0.79388 + 0.60650 + 3.81931 + 0.01113 + 0.00000 + 0.05857 + 884.94450]
[ INFO : 2026-08-14 02:46:04,528 ] - Test_@[5, 10, 20, 50]: Recall=[0.03605, 0.05237, 0.08108, 0.14437],  precision=[0.00721, 0.00524, 0.00405, 0.00289], hit=[0.03605, 0.05237, 0.08108, 0.14437], ndcg=[0.02574, 0.03093, 0.03818, 0.05069], Train Rec Loss=[0.03300], Eval Rec Loss=[0.03265], c=[0.50000], F=[0.88238, 0.91469, 0.92928, 0.95100], F_fuse=[0.01430, 0.01041, 0.00807, 0.00576]
[ INFO : 2026-08-14 02:47:15,903 ] - Epoch 142: train==[58.23749 = 0.79053 + 0.60652 + 3.85714 + 0.01116 + 0.00000 + 0.05743 + 884.94450]
[ INFO : 2026-08-14 02:47:23,447 ] - Test_@[5, 10, 20, 50]: Recall=[0.03622, 0.05367, 0.08483, 0.14486],  precision=[0.00724, 0.00537, 0.00424, 0.00290], hit=[0.03622, 0.05367, 0.08483, 0.14486], ndcg=[0.02616, 0.03173, 0.03948, 0.05125], Train Rec Loss=[0.03301], Eval Rec Loss=[0.03265], c=[0.50000], F=[0.87585, 0.91231, 0.92799, 0.95156], F_fuse=[0.01437, 0.01067, 0.00844, 0.00578]
[ INFO : 2026-08-14 02:48:34,674 ] - Epoch 143: train==[58.22371 = 0.78307 + 0.60650 + 3.85418 + 0.01112 + 0.00000 + 0.05412 + 884.94450]
[ INFO : 2026-08-14 02:48:42,197 ] - Test_@[5, 10, 20, 50]: Recall=[0.03883, 0.05644, 0.08711, 0.15073],  precision=[0.00777, 0.00564, 0.00436, 0.00301], hit=[0.03883, 0.05644, 0.08711, 0.15073], ndcg=[0.02842, 0.03403, 0.04169, 0.05418], Train Rec Loss=[0.03298], Eval Rec Loss=[0.03262], c=[0.50000], F=[0.87973, 0.91652, 0.92918, 0.94989], F_fuse=[0.01539, 0.01122, 0.00867, 0.00601]
[ INFO : 2026-08-14 02:49:53,473 ] - Epoch 144: train==[58.15469 = 0.78371 + 0.60651 + 3.78743 + 0.01112 + 0.00000 + 0.05121 + 884.94450]
[ INFO : 2026-08-14 02:50:00,925 ] - Test_@[5, 10, 20, 50]: Recall=[0.03654, 0.05416, 0.08564, 0.14845],  precision=[0.00731, 0.00542, 0.00428, 0.00297], hit=[0.03654, 0.05416, 0.08564, 0.14845], ndcg=[0.02648, 0.03213, 0.03999, 0.05236], Train Rec Loss=[0.03299], Eval Rec Loss=[0.03265], c=[0.50000], F=[0.87800, 0.91467, 0.92764, 0.94924], F_fuse=[0.01450, 0.01077, 0.00853, 0.00592]
[ INFO : 2026-08-14 02:51:12,374 ] - Epoch 145: train==[58.15833 = 0.78130 + 0.60650 + 3.79546 + 0.01107 + 0.00000 + 0.04927 + 884.94450]
[ INFO : 2026-08-14 02:51:19,781 ] - Test_@[5, 10, 20, 50]: Recall=[0.03638, 0.05285, 0.08548, 0.14551],  precision=[0.00728, 0.00529, 0.00427, 0.00291], hit=[0.03638, 0.05285, 0.08548, 0.14551], ndcg=[0.02599, 0.03129, 0.03948, 0.05131], Train Rec Loss=[0.03299], Eval Rec Loss=[0.03265], c=[0.50000], F=[0.87767, 0.91317, 0.92782, 0.95001], F_fuse=[0.01443, 0.01051, 0.00851, 0.00580]
[ INFO : 2026-08-14 02:52:31,009 ] - Epoch 146: train==[58.13083 = 0.77559 + 0.60651 + 3.77489 + 0.01116 + 0.00000 + 0.04795 + 884.94450]
[ INFO : 2026-08-14 02:52:38,423 ] - Test_@[5, 10, 20, 50]: Recall=[0.03638, 0.05383, 0.08548, 0.14682],  precision=[0.00728, 0.00538, 0.00427, 0.00294], hit=[0.03638, 0.05383, 0.08548, 0.14682], ndcg=[0.02630, 0.03191, 0.03984, 0.05192], Train Rec Loss=[0.03298], Eval Rec Loss=[0.03264], c=[0.50000], F=[0.87617, 0.91171, 0.92723, 0.94947], F_fuse=[0.01443, 0.01070, 0.00851, 0.00585]
[ INFO : 2026-08-14 02:53:49,411 ] - Epoch 147: train==[58.05186 = 0.78087 + 0.60651 + 3.69190 + 0.01107 + 0.00000 + 0.04679 + 884.94450]
[ INFO : 2026-08-14 02:53:56,914 ] - Test_@[5, 10, 20, 50]: Recall=[0.03817, 0.05710, 0.08858, 0.15449],  precision=[0.00763, 0.00571, 0.00443, 0.00309], hit=[0.03817, 0.05710, 0.08858, 0.15449], ndcg=[0.02760, 0.03367, 0.04150, 0.05444], Train Rec Loss=[0.03298], Eval Rec Loss=[0.03262], c=[0.50000], F=[0.88189, 0.91545, 0.92671, 0.94876], F_fuse=[0.01514, 0.01135, 0.00882, 0.00616]
[ INFO : 2026-08-14 02:55:08,601 ] - Epoch 148: train==[58.06001 = 0.77251 + 0.60651 + 3.71091 + 0.01108 + 0.00000 + 0.04429 + 884.94450]
[ INFO : 2026-08-14 02:55:16,084 ] - Test_@[5, 10, 20, 50]: Recall=[0.03589, 0.05628, 0.08777, 0.15188],  precision=[0.00718, 0.00563, 0.00439, 0.00304], hit=[0.03589, 0.05628, 0.08777, 0.15188], ndcg=[0.02583, 0.03243, 0.04026, 0.05287], Train Rec Loss=[0.03298], Eval Rec Loss=[0.03263], c=[0.50000], F=[0.87603, 0.91335, 0.92629, 0.94940], F_fuse=[0.01424, 0.01119, 0.00874, 0.00606]
[ INFO : 2026-08-14 02:56:27,044 ] - Epoch 149: train==[58.00570 = 0.76753 + 0.60650 + 3.66401 + 0.01107 + 0.00000 + 0.04187 + 884.94450]
[ INFO : 2026-08-14 02:56:34,480 ] - Test_@[5, 10, 20, 50]: Recall=[0.03687, 0.05546, 0.08662, 0.15090],  precision=[0.00737, 0.00555, 0.00433, 0.00302], hit=[0.03687, 0.05546, 0.08662, 0.15090], ndcg=[0.02641, 0.03238, 0.04017, 0.05283], Train Rec Loss=[0.03298], Eval Rec Loss=[0.03262], c=[0.50000], F=[0.87413, 0.91423, 0.92753, 0.94943], F_fuse=[0.01462, 0.01103, 0.00862, 0.00602]
[ INFO : 2026-08-14 02:57:45,844 ] - Epoch 150: train==[57.97401 = 0.76289 + 0.60652 + 3.63843 + 0.01115 + 0.00000 + 0.04030 + 884.94450]
[ INFO : 2026-08-14 02:57:53,261 ] - Test_@[5, 10, 20, 50]: Recall=[0.03719, 0.05661, 0.08679, 0.15334],  precision=[0.00744, 0.00566, 0.00434, 0.00307], hit=[0.03719, 0.05661, 0.08679, 0.15334], ndcg=[0.02707, 0.03331, 0.04086, 0.05394], Train Rec Loss=[0.03297], Eval Rec Loss=[0.03261], c=[0.50000], F=[0.87738, 0.91503, 0.92872, 0.94976], F_fuse=[0.01475, 0.01125, 0.00864, 0.00611]
[ INFO : 2026-08-14 02:59:05,071 ] - Epoch 151: train==[57.93232 = 0.75998 + 0.60650 + 3.60023 + 0.01117 + 0.00000 + 0.03972 + 884.94450]
[ INFO : 2026-08-14 02:59:12,515 ] - Test_@[5, 10, 20, 50]: Recall=[0.03719, 0.05563, 0.08467, 0.15041],  precision=[0.00744, 0.00556, 0.00423, 0.00301], hit=[0.03719, 0.05563, 0.08467, 0.15041], ndcg=[0.02675, 0.03265, 0.03993, 0.05294], Train Rec Loss=[0.03298], Eval Rec Loss=[0.03262], c=[0.50000], F=[0.87390, 0.91321, 0.92781, 0.95036], F_fuse=[0.01475, 0.01106, 0.00843, 0.00600]
[ INFO : 2026-08-14 03:00:23,938 ] - Epoch 152: train==[57.96324 = 0.76386 + 0.60651 + 3.62904 + 0.01113 + 0.00000 + 0.03797 + 884.94450]
[ INFO : 2026-08-14 03:00:31,281 ] - Test_@[5, 10, 20, 50]: Recall=[0.03507, 0.05563, 0.08548, 0.14927],  precision=[0.00701, 0.00556, 0.00427, 0.00299], hit=[0.03507, 0.05563, 0.08548, 0.14927], ndcg=[0.02526, 0.03187, 0.03933, 0.05188], Train Rec Loss=[0.03296], Eval Rec Loss=[0.03264], c=[0.50000], F=[0.86969, 0.91017, 0.92640, 0.94948], F_fuse=[0.01392, 0.01106, 0.00851, 0.00595]
[ INFO : 2026-08-14 03:01:42,649 ] - Epoch 153: train==[57.95115 = 0.75675 + 0.60650 + 3.62419 + 0.01118 + 0.00000 + 0.03782 + 884.94450]
[ INFO : 2026-08-14 03:01:50,094 ] - Test_@[5, 10, 20, 50]: Recall=[0.03687, 0.05661, 0.08858, 0.15090],  precision=[0.00737, 0.00566, 0.00443, 0.00302], hit=[0.03687, 0.05661, 0.08858, 0.15090], ndcg=[0.02613, 0.03247, 0.04047, 0.05276], Train Rec Loss=[0.03296], Eval Rec Loss=[0.03260], c=[0.50000], F=[0.86757, 0.91061, 0.92497, 0.94870], F_fuse=[0.01462, 0.01125, 0.00882, 0.00602]
[ INFO : 2026-08-14 03:03:01,332 ] - Epoch 154: train==[57.92408 = 0.75824 + 0.60651 + 3.59845 + 0.01113 + 0.00000 + 0.03504 + 884.94450]
[ INFO : 2026-08-14 03:03:08,826 ] - Test_@[5, 10, 20, 50]: Recall=[0.03654, 0.05465, 0.08695, 0.15139],  precision=[0.00731, 0.00546, 0.00435, 0.00303], hit=[0.03654, 0.05465, 0.08695, 0.15139], ndcg=[0.02611, 0.03192, 0.04002, 0.05272], Train Rec Loss=[0.03298], Eval Rec Loss=[0.03261], c=[0.50000], F=[0.87368, 0.91150, 0.92745, 0.94985], F_fuse=[0.01450, 0.01086, 0.00865, 0.00604]
[ INFO : 2026-08-14 03:04:20,540 ] - Epoch 155: train==[57.82658 = 0.74988 + 0.60652 + 3.50952 + 0.01119 + 0.00000 + 0.03476 + 884.94450]
[ INFO : 2026-08-14 03:04:27,939 ] - Test_@[5, 10, 20, 50]: Recall=[0.03670, 0.05693, 0.08858, 0.15285],  precision=[0.00734, 0.00569, 0.00443, 0.00306], hit=[0.03670, 0.05693, 0.08858, 0.15285], ndcg=[0.02668, 0.03319, 0.04108, 0.05377], Train Rec Loss=[0.03296], Eval Rec Loss=[0.03261], c=[0.50000], F=[0.87385, 0.91350, 0.92763, 0.94941], F_fuse=[0.01456, 0.01132, 0.00882, 0.00609]
[ INFO : 2026-08-14 03:05:39,714 ] - Epoch 156: train==[57.90602 = 0.74857 + 0.60651 + 3.59188 + 0.01114 + 0.00000 + 0.03320 + 884.94450]
[ INFO : 2026-08-14 03:05:47,149 ] - Test_@[5, 10, 20, 50]: Recall=[0.03622, 0.05677, 0.08728, 0.14992],  precision=[0.00724, 0.00568, 0.00436, 0.00300], hit=[0.03622, 0.05677, 0.08728, 0.14992], ndcg=[0.02592, 0.03248, 0.04014, 0.05251], Train Rec Loss=[0.03295], Eval Rec Loss=[0.03258], c=[0.50000], F=[0.87085, 0.91057, 0.92735, 0.94937], F_fuse=[0.01437, 0.01128, 0.00869, 0.00598]
[ INFO : 2026-08-14 03:06:58,790 ] - Epoch 157: train==[57.80292 = 0.74722 + 0.60652 + 3.49178 + 0.01123 + 0.00000 + 0.03146 + 884.94450]
[ INFO : 2026-08-14 03:07:06,151 ] - Test_@[5, 10, 20, 50]: Recall=[0.03605, 0.05628, 0.08581, 0.15171],  precision=[0.00721, 0.00563, 0.00429, 0.00303], hit=[0.03605, 0.05628, 0.08581, 0.15171], ndcg=[0.02599, 0.03248, 0.03988, 0.05287], Train Rec Loss=[0.03295], Eval Rec Loss=[0.03260], c=[0.50000], F=[0.87192, 0.91134, 0.92674, 0.94981], F_fuse=[0.01430, 0.01119, 0.00854, 0.00605]
[ INFO : 2026-08-14 03:08:17,528 ] - Epoch 158: train==[57.81978 = 0.74362 + 0.60651 + 3.51501 + 0.01115 + 0.00000 + 0.02877 + 884.94450]
[ INFO : 2026-08-14 03:08:25,164 ] - Test_@[5, 10, 20, 50]: Recall=[0.03638, 0.05677, 0.08793, 0.15237],  precision=[0.00728, 0.00568, 0.00440, 0.00305], hit=[0.03638, 0.05677, 0.08793, 0.15237], ndcg=[0.02651, 0.03310, 0.04091, 0.05363], Train Rec Loss=[0.03293], Eval Rec Loss=[0.03260], c=[0.50000], F=[0.87114, 0.91040, 0.92590, 0.94992], F_fuse=[0.01443, 0.01128, 0.00875, 0.00608]
[ INFO : 2026-08-14 03:09:36,143 ] - Epoch 159: train==[57.79411 = 0.74376 + 0.60651 + 3.48993 + 0.01110 + 0.00000 + 0.02809 + 884.94450]
[ INFO : 2026-08-14 03:09:43,519 ] - Test_@[5, 10, 20, 50]: Recall=[0.03687, 0.05742, 0.08858, 0.15465],  precision=[0.00737, 0.00574, 0.00443, 0.00309], hit=[0.03687, 0.05742, 0.08858, 0.15465], ndcg=[0.02666, 0.03326, 0.04107, 0.05414], Train Rec Loss=[0.03294], Eval Rec Loss=[0.03259], c=[0.50000], F=[0.86942, 0.90908, 0.92480, 0.94787], F_fuse=[0.01462, 0.01141, 0.00882, 0.00617]
[ INFO : 2026-08-14 03:10:54,503 ] - Epoch 160: train==[57.75898 = 0.74113 + 0.60651 + 3.45919 + 0.01112 + 0.00000 + 0.02632 + 884.94450]
[ INFO : 2026-08-14 03:11:01,969 ] - Test_@[5, 10, 20, 50]: Recall=[0.03768, 0.05742, 0.08711, 0.15530],  precision=[0.00754, 0.00574, 0.00436, 0.00311], hit=[0.03768, 0.05742, 0.08711, 0.15530], ndcg=[0.02706, 0.03338, 0.04082, 0.05427], Train Rec Loss=[0.03294], Eval Rec Loss=[0.03258], c=[0.50000], F=[0.87331, 0.91133, 0.92645, 0.94927], F_fuse=[0.01494, 0.01141, 0.00867, 0.00619]
[ INFO : 2026-08-14 03:12:13,108 ] - Epoch 161: train==[57.68042 = 0.73986 + 0.60650 + 3.38309 + 0.01114 + 0.00000 + 0.02510 + 884.94450]
[ INFO : 2026-08-14 03:12:20,534 ] - Test_@[5, 10, 20, 50]: Recall=[0.03622, 0.05677, 0.08728, 0.14861],  precision=[0.00724, 0.00568, 0.00436, 0.00297], hit=[0.03622, 0.05677, 0.08728, 0.14861], ndcg=[0.02582, 0.03240, 0.04007, 0.05220], Train Rec Loss=[0.03292], Eval Rec Loss=[0.03259], c=[0.50000], F=[0.86909, 0.91116, 0.92748, 0.94916], F_fuse=[0.01437, 0.01128, 0.00869, 0.00593]
[ INFO : 2026-08-14 03:13:31,850 ] - Epoch 162: train==[57.76384 = 0.73313 + 0.60652 + 3.47486 + 0.01115 + 0.00000 + 0.02348 + 884.94450]
[ INFO : 2026-08-14 03:13:39,292 ] - Test_@[5, 10, 20, 50]: Recall=[0.03752, 0.05726, 0.08891, 0.15481],  precision=[0.00750, 0.00573, 0.00445, 0.00310], hit=[0.03752, 0.05726, 0.08891, 0.15481], ndcg=[0.02696, 0.03332, 0.04126, 0.05430], Train Rec Loss=[0.03292], Eval Rec Loss=[0.03257], c=[0.50000], F=[0.86497, 0.90795, 0.92498, 0.94830], F_fuse=[0.01488, 0.01138, 0.00885, 0.00617]
[ INFO : 2026-08-14 03:14:50,767 ] - Epoch 163: train==[57.68395 = 0.72990 + 0.60650 + 3.39841 + 0.01101 + 0.00000 + 0.02340 + 884.94450]
[ INFO : 2026-08-14 03:14:58,179 ] - Test_@[5, 10, 20, 50]: Recall=[0.03883, 0.05889, 0.08923, 0.15318],  precision=[0.00777, 0.00589, 0.00446, 0.00306], hit=[0.03883, 0.05889, 0.08923, 0.15318], ndcg=[0.02776, 0.03414, 0.04174, 0.05437], Train Rec Loss=[0.03294], Eval Rec Loss=[0.03256], c=[0.50000], F=[0.87067, 0.90785, 0.92750, 0.94958], F_fuse=[0.01539, 0.01170, 0.00888, 0.00611]
[ INFO : 2026-08-14 03:16:09,802 ] - Epoch 164: train==[57.65586 = 0.72836 + 0.60651 + 3.37312 + 0.01102 + 0.00000 + 0.02213 + 884.94450]
[ INFO : 2026-08-14 03:16:17,230 ] - Test_@[5, 10, 20, 50]: Recall=[0.03524, 0.05595, 0.08679, 0.15024],  precision=[0.00705, 0.00560, 0.00434, 0.00300], hit=[0.03524, 0.05595, 0.08679, 0.15024], ndcg=[0.02511, 0.03179, 0.03953, 0.05207], Train Rec Loss=[0.03294], Eval Rec Loss=[0.03258], c=[0.50000], F=[0.86172, 0.90645, 0.92625, 0.94993], F_fuse=[0.01398, 0.01112, 0.00864, 0.00599]
[ INFO : 2026-08-14 03:17:28,440 ] - Epoch 165: train==[57.62563 = 0.72457 + 0.60651 + 3.34855 + 0.01106 + 0.00000 + 0.02023 + 884.94450]
[ INFO : 2026-08-14 03:17:35,890 ] - Test_@[5, 10, 20, 50]: Recall=[0.03622, 0.05677, 0.08972, 0.15220],  precision=[0.00724, 0.00568, 0.00449, 0.00304], hit=[0.03622, 0.05677, 0.08972, 0.15220], ndcg=[0.02565, 0.03228, 0.04051, 0.05286], Train Rec Loss=[0.03293], Eval Rec Loss=[0.03258], c=[0.50000], F=[0.86347, 0.90828, 0.92593, 0.94939], F_fuse=[0.01437, 0.01128, 0.00893, 0.00607]
[ INFO : 2026-08-14 03:18:47,693 ] - Epoch 166: train==[57.57495 = 0.72348 + 0.60651 + 3.30036 + 0.01109 + 0.00000 + 0.01879 + 884.94450]
[ INFO : 2026-08-14 03:18:55,160 ] - Test_@[5, 10, 20, 50]: Recall=[0.03605, 0.05726, 0.08744, 0.15302],  precision=[0.00721, 0.00573, 0.00437, 0.00306], hit=[0.03605, 0.05726, 0.08744, 0.15302], ndcg=[0.02547, 0.03229, 0.03988, 0.05288], Train Rec Loss=[0.03292], Eval Rec Loss=[0.03258], c=[0.50000], F=[0.86488, 0.90931, 0.92612, 0.94962], F_fuse=[0.01430, 0.01138, 0.00870, 0.00610]
[ INFO : 2026-08-14 03:20:06,401 ] - Epoch 167: train==[57.56318 = 0.72180 + 0.60651 + 3.29187 + 0.01123 + 0.00000 + 0.01705 + 884.94450]
[ INFO : 2026-08-14 03:20:13,880 ] - Test_@[5, 10, 20, 50]: Recall=[0.03866, 0.05856, 0.09054, 0.15481],  precision=[0.00773, 0.00586, 0.00453, 0.00310], hit=[0.03866, 0.05856, 0.09054, 0.15481], ndcg=[0.02742, 0.03383, 0.04183, 0.05458], Train Rec Loss=[0.03292], Eval Rec Loss=[0.03256], c=[0.50000], F=[0.86824, 0.91023, 0.92723, 0.94844], F_fuse=[0.01533, 0.01164, 0.00901, 0.00617]
[ INFO : 2026-08-14 03:21:25,631 ] - Epoch 168: train==[57.64070 = 0.72220 + 0.60651 + 3.36892 + 0.01119 + 0.00000 + 0.01716 + 884.94450]
[ INFO : 2026-08-14 03:21:33,008 ] - Test_@[5, 10, 20, 50]: Recall=[0.03834, 0.05791, 0.08891, 0.15791],  precision=[0.00767, 0.00579, 0.00445, 0.00316], hit=[0.03834, 0.05791, 0.08891, 0.15791], ndcg=[0.02750, 0.03380, 0.04157, 0.05519], Train Rec Loss=[0.03292], Eval Rec Loss=[0.03255], c=[0.50000], F=[0.86938, 0.91178, 0.92702, 0.94853], F_fuse=[0.01520, 0.01151, 0.00885, 0.00630]
[ INFO : 2026-08-14 03:22:44,330 ] - Epoch 169: train==[57.57463 = 0.72099 + 0.60651 + 3.30544 + 0.01123 + 0.00000 + 0.01574 + 884.94450]
[ INFO : 2026-08-14 03:22:51,829 ] - Test_@[5, 10, 20, 50]: Recall=[0.03605, 0.05742, 0.08809, 0.15220],  precision=[0.00721, 0.00574, 0.00440, 0.00304], hit=[0.03605, 0.05742, 0.08809, 0.15220], ndcg=[0.02579, 0.03268, 0.04037, 0.05309], Train Rec Loss=[0.03291], Eval Rec Loss=[0.03256], c=[0.50000], F=[0.85964, 0.90894, 0.92661, 0.94995], F_fuse=[0.01430, 0.01141, 0.00877, 0.00607]
[ INFO : 2026-08-14 03:24:02,838 ] - Epoch 170: train==[57.51047 = 0.71453 + 0.60652 + 3.24941 + 0.01130 + 0.00000 + 0.01400 + 884.94450]
[ INFO : 2026-08-14 03:24:10,310 ] - Test_@[5, 10, 20, 50]: Recall=[0.03817, 0.05856, 0.09119, 0.15530],  precision=[0.00763, 0.00586, 0.00456, 0.00311], hit=[0.03817, 0.05856, 0.09119, 0.15530], ndcg=[0.02720, 0.03378, 0.04194, 0.05466], Train Rec Loss=[0.03291], Eval Rec Loss=[0.03257], c=[0.50000], F=[0.86292, 0.90699, 0.92492, 0.94805], F_fuse=[0.01514, 0.01164, 0.00907, 0.00619]
[ INFO : 2026-08-14 03:25:22,044 ] - Epoch 171: train==[57.52247 = 0.70964 + 0.60651 + 3.26664 + 0.01130 + 0.00000 + 0.01367 + 884.94450]
[ INFO : 2026-08-14 03:25:29,408 ] - Test_@[5, 10, 20, 50]: Recall=[0.03426, 0.05400, 0.08499, 0.14910],  precision=[0.00685, 0.00540, 0.00425, 0.00298], hit=[0.03426, 0.05400, 0.08499, 0.14910], ndcg=[0.02382, 0.03014, 0.03791, 0.05061], Train Rec Loss=[0.03291], Eval Rec Loss=[0.03256], c=[0.50000], F=[0.85641, 0.90325, 0.92415, 0.95114], F_fuse=[0.01359, 0.01074, 0.00846, 0.00595]
[ INFO : 2026-08-14 03:26:40,836 ] - Epoch 172: train==[57.54582 = 0.70655 + 0.60652 + 3.29219 + 0.01131 + 0.00000 + 0.01454 + 884.94450]
[ INFO : 2026-08-14 03:26:48,274 ] - Test_@[5, 10, 20, 50]: Recall=[0.03654, 0.05579, 0.08842, 0.15171],  precision=[0.00731, 0.00558, 0.00442, 0.00303], hit=[0.03654, 0.05579, 0.08842, 0.15171], ndcg=[0.02513, 0.03126, 0.03943, 0.05189], Train Rec Loss=[0.03291], Eval Rec Loss=[0.03255], c=[0.50000], F=[0.86261, 0.90592, 0.92621, 0.95123], F_fuse=[0.01449, 0.01109, 0.00880, 0.00605]
[ INFO : 2026-08-14 03:27:59,590 ] - Epoch 173: train==[57.41682 = 0.70741 + 0.60651 + 3.16471 + 0.01134 + 0.00000 + 0.01213 + 884.94450]
[ INFO : 2026-08-14 03:28:07,019 ] - Test_@[5, 10, 20, 50]: Recall=[0.03752, 0.05791, 0.09054, 0.15351],  precision=[0.00750, 0.00579, 0.00453, 0.00307], hit=[0.03752, 0.05791, 0.09054, 0.15351], ndcg=[0.02620, 0.03272, 0.04089, 0.05327], Train Rec Loss=[0.03289], Eval Rec Loss=[0.03255], c=[0.50000], F=[0.86359, 0.90781, 0.92509, 0.94929], F_fuse=[0.01488, 0.01151, 0.00901, 0.00612]
[ INFO : 2026-08-14 03:29:18,100 ] - Epoch 174: train==[57.45233 = 0.70949 + 0.60651 + 3.19844 + 0.01138 + 0.00000 + 0.01179 + 884.94450]
[ INFO : 2026-08-14 03:29:25,576 ] - Test_@[5, 10, 20, 50]: Recall=[0.03801, 0.05905, 0.09103, 0.15400],  precision=[0.00760, 0.00591, 0.00455, 0.00308], hit=[0.03801, 0.05905, 0.09103, 0.15400], ndcg=[0.02663, 0.03336, 0.04135, 0.05379], Train Rec Loss=[0.03290], Eval Rec Loss=[0.03254], c=[0.50000], F=[0.86427, 0.90733, 0.92555, 0.94716], F_fuse=[0.01507, 0.01173, 0.00906, 0.00614]
[ INFO : 2026-08-14 03:30:36,903 ] - Epoch 175: train==[57.41745 = 0.70245 + 0.60651 + 3.17182 + 0.01142 + 0.00000 + 0.01054 + 884.94450]
[ INFO : 2026-08-14 03:30:44,355 ] - Test_@[5, 10, 20, 50]: Recall=[0.03899, 0.05971, 0.09152, 0.15693],  precision=[0.00780, 0.00597, 0.00458, 0.00314], hit=[0.03899, 0.05971, 0.09152, 0.15693], ndcg=[0.02767, 0.03439, 0.04235, 0.05535], Train Rec Loss=[0.03290], Eval Rec Loss=[0.03256], c=[0.50000], F=[0.86682, 0.90833, 0.92489, 0.94727], F_fuse=[0.01546, 0.01186, 0.00911, 0.00626]
[ INFO : 2026-08-14 03:31:56,032 ] - Epoch 176: train==[57.42899 = 0.69823 + 0.60651 + 3.18801 + 0.01144 + 0.00000 + 0.01009 + 884.94450]
[ INFO : 2026-08-14 03:32:03,527 ] - Test_@[5, 10, 20, 50]: Recall=[0.03638, 0.05791, 0.09038, 0.15269],  precision=[0.00728, 0.00579, 0.00452, 0.00305], hit=[0.03638, 0.05791, 0.09038, 0.15269], ndcg=[0.02523, 0.03219, 0.04033, 0.05266], Train Rec Loss=[0.03290], Eval Rec Loss=[0.03254], c=[0.50000], F=[0.86119, 0.90527, 0.92482, 0.94774], F_fuse=[0.01443, 0.01151, 0.00899, 0.00609]
[ INFO : 2026-08-14 03:33:14,478 ] - Epoch 177: train==[57.35354 = 0.69685 + 0.60651 + 3.11504 + 0.01152 + 0.00000 + 0.00890 + 884.94450]
[ INFO : 2026-08-14 03:33:21,905 ] - Test_@[5, 10, 20, 50]: Recall=[0.03768, 0.05759, 0.08972, 0.15188],  precision=[0.00754, 0.00576, 0.00449, 0.00304], hit=[0.03768, 0.05759, 0.08972, 0.15188], ndcg=[0.02546, 0.03186, 0.03991, 0.05222], Train Rec Loss=[0.03289], Eval Rec Loss=[0.03254], c=[0.50000], F=[0.85501, 0.90027, 0.92241, 0.94791], F_fuse=[0.01494, 0.01144, 0.00893, 0.00606]
[ INFO : 2026-08-14 03:34:33,028 ] - Epoch 178: train==[57.35441 = 0.69326 + 0.60651 + 3.11975 + 0.01145 + 0.00000 + 0.00872 + 884.94450]
[ INFO : 2026-08-14 03:34:40,443 ] - Test_@[5, 10, 20, 50]: Recall=[0.03866, 0.06085, 0.09103, 0.15514],  precision=[0.00773, 0.00608, 0.00455, 0.00310], hit=[0.03866, 0.06085, 0.09103, 0.15514], ndcg=[0.02692, 0.03407, 0.04162, 0.05436], Train Rec Loss=[0.03288], Eval Rec Loss=[0.03254], c=[0.50000], F=[0.86596, 0.90674, 0.92516, 0.94900], F_fuse=[0.01533, 0.01209, 0.00906, 0.00619]
[ INFO : 2026-08-14 03:35:51,647 ] - Epoch 179: train==[57.35207 = 0.69601 + 0.60651 + 3.11571 + 0.01154 + 0.00000 + 0.00759 + 884.94450]
[ INFO : 2026-08-14 03:35:59,108 ] - Test_@[5, 10, 20, 50]: Recall=[0.03850, 0.05971, 0.08972, 0.15171],  precision=[0.00770, 0.00597, 0.00449, 0.00303], hit=[0.03850, 0.05971, 0.08972, 0.15171], ndcg=[0.02649, 0.03324, 0.04075, 0.05306], Train Rec Loss=[0.03289], Eval Rec Loss=[0.03253], c=[0.50000], F=[0.86583, 0.90797, 0.92563, 0.94774], F_fuse=[0.01526, 0.01186, 0.00893, 0.00605]
[ INFO : 2026-08-14 03:37:10,277 ] - Epoch 180: train==[57.40507 = 0.68973 + 0.60651 + 3.17458 + 0.01149 + 0.00000 + 0.00805 + 884.94450]
[ INFO : 2026-08-14 03:37:17,751 ] - Test_@[5, 10, 20, 50]: Recall=[0.03573, 0.05693, 0.08793, 0.15188],  precision=[0.00715, 0.00569, 0.00440, 0.00304], hit=[0.03573, 0.05693, 0.08793, 0.15188], ndcg=[0.02449, 0.03133, 0.03906, 0.05169], Train Rec Loss=[0.03289], Eval Rec Loss=[0.03252], c=[0.50000], F=[0.86153, 0.90448, 0.92498, 0.94893], F_fuse=[0.01417, 0.01132, 0.00875, 0.00606]
[ INFO : 2026-08-14 03:38:28,715 ] - Epoch 181: train==[57.38698 = 0.68682 + 0.60651 + 3.15862 + 0.01156 + 0.00000 + 0.00875 + 884.94450]
[ INFO : 2026-08-14 03:38:36,104 ] - Test_@[5, 10, 20, 50]: Recall=[0.03736, 0.05938, 0.08940, 0.15318],  precision=[0.00747, 0.00594, 0.00447, 0.00306], hit=[0.03736, 0.05938, 0.08940, 0.15318], ndcg=[0.02576, 0.03279, 0.04028, 0.05292], Train Rec Loss=[0.03288], Eval Rec Loss=[0.03255], c=[0.50000], F=[0.86723, 0.90753, 0.92583, 0.94814], F_fuse=[0.01482, 0.01180, 0.00890, 0.00611]
[ INFO : 2026-08-14 03:39:46,994 ] - Epoch 182: train==[57.39091 = 0.68683 + 0.60651 + 3.16319 + 0.01145 + 0.00000 + 0.00821 + 884.94450]
[ INFO : 2026-08-14 03:39:54,405 ] - Test_@[5, 10, 20, 50]: Recall=[0.03931, 0.05987, 0.09135, 0.15791],  precision=[0.00786, 0.00599, 0.00457, 0.00316], hit=[0.03931, 0.05987, 0.09135, 0.15791], ndcg=[0.02709, 0.03368, 0.04159, 0.05480], Train Rec Loss=[0.03288], Eval Rec Loss=[0.03251], c=[0.50000], F=[0.86238, 0.90639, 0.92485, 0.94834], F_fuse=[0.01558, 0.01190, 0.00909, 0.00630]
[ INFO : 2026-08-14 03:41:05,065 ] - Epoch 183: train==[57.32803 = 0.68589 + 0.60651 + 3.10285 + 0.01141 + 0.00000 + 0.00666 + 884.94450]
[ INFO : 2026-08-14 03:41:12,466 ] - Test_@[5, 10, 20, 50]: Recall=[0.04095, 0.06346, 0.09413, 0.15954],  precision=[0.00819, 0.00635, 0.00471, 0.00319], hit=[0.04095, 0.06346, 0.09413, 0.15954], ndcg=[0.02751, 0.03472, 0.04233, 0.05527], Train Rec Loss=[0.03287], Eval Rec Loss=[0.03251], c=[0.50000], F=[0.86200, 0.90552, 0.92280, 0.94570], F_fuse=[0.01622, 0.01260, 0.00936, 0.00636]
[ INFO : 2026-08-14 03:42:23,746 ] - Epoch 184: train==[57.26152 = 0.68486 + 0.60651 + 3.03789 + 0.01151 + 0.00000 + 0.00602 + 884.94450]
[ INFO : 2026-08-14 03:42:31,185 ] - Test_@[5, 10, 20, 50]: Recall=[0.03997, 0.06101, 0.09233, 0.15856],  precision=[0.00799, 0.00610, 0.00462, 0.00317], hit=[0.03997, 0.06101, 0.09233, 0.15856], ndcg=[0.02708, 0.03385, 0.04169, 0.05483], Train Rec Loss=[0.03286], Eval Rec Loss=[0.03253], c=[0.50000], F=[0.86059, 0.90531, 0.92456, 0.94690], F_fuse=[0.01584, 0.01212, 0.00919, 0.00632]
[ INFO : 2026-08-14 03:43:42,152 ] - Epoch 185: train==[57.23621 = 0.67825 + 0.60651 + 3.01838 + 0.01141 + 0.00000 + 0.00694 + 884.94450]
[ INFO : 2026-08-14 03:43:49,574 ] - Test_@[5, 10, 20, 50]: Recall=[0.03801, 0.05987, 0.09054, 0.15498],  precision=[0.00760, 0.00599, 0.00453, 0.00310], hit=[0.03801, 0.05987, 0.09054, 0.15498], ndcg=[0.02565, 0.03267, 0.04038, 0.05317], Train Rec Loss=[0.03287], Eval Rec Loss=[0.03251], c=[0.50000], F=[0.86194, 0.90630, 0.92543, 0.94897], F_fuse=[0.01507, 0.01190, 0.00901, 0.00618]
[ INFO : 2026-08-14 03:45:00,719 ] - Epoch 186: train==[57.24558 = 0.67548 + 0.60651 + 3.03123 + 0.01146 + 0.00000 + 0.00619 + 884.94450]
[ INFO : 2026-08-14 03:45:08,153 ] - Test_@[5, 10, 20, 50]: Recall=[0.03980, 0.06101, 0.09168, 0.15759],  precision=[0.00796, 0.00610, 0.00458, 0.00315], hit=[0.03980, 0.06101, 0.09168, 0.15759], ndcg=[0.02693, 0.03371, 0.04143, 0.05450], Train Rec Loss=[0.03285], Eval Rec Loss=[0.03251], c=[0.50000], F=[0.86239, 0.90567, 0.92467, 0.94846], F_fuse=[0.01578, 0.01212, 0.00912, 0.00628]
[ INFO : 2026-08-14 03:46:19,418 ] - Epoch 187: train==[57.27495 = 0.67864 + 0.60651 + 3.05640 + 0.01146 + 0.00000 + 0.00723 + 884.94450]
[ INFO : 2026-08-14 03:46:26,821 ] - Test_@[5, 10, 20, 50]: Recall=[0.03948, 0.06166, 0.09168, 0.15889],  precision=[0.00790, 0.00617, 0.00458, 0.00318], hit=[0.03948, 0.06166, 0.09168, 0.15889], ndcg=[0.02654, 0.03365, 0.04114, 0.05448], Train Rec Loss=[0.03286], Eval Rec Loss=[0.03251], c=[0.50000], F=[0.86362, 0.90744, 0.92473, 0.94627], F_fuse=[0.01565, 0.01225, 0.00912, 0.00633]
[ INFO : 2026-08-14 03:47:38,405 ] - Epoch 188: train==[57.21939 = 0.67884 + 0.60651 + 3.00238 + 0.01152 + 0.00000 + 0.00543 + 884.94450]
[ INFO : 2026-08-14 03:47:45,882 ] - Test_@[5, 10, 20, 50]: Recall=[0.03866, 0.06003, 0.08793, 0.15155],  precision=[0.00773, 0.00600, 0.00440, 0.00303], hit=[0.03866, 0.06003, 0.08793, 0.15155], ndcg=[0.02536, 0.03217, 0.03914, 0.05182], Train Rec Loss=[0.03286], Eval Rec Loss=[0.03251], c=[0.50000], F=[0.85885, 0.90296, 0.92313, 0.94628], F_fuse=[0.01533, 0.01193, 0.00875, 0.00604]
[ INFO : 2026-08-14 03:48:56,880 ] - Epoch 189: train==[57.19989 = 0.67555 + 0.60651 + 2.98592 + 0.01149 + 0.00000 + 0.00571 + 884.94450]
[ INFO : 2026-08-14 03:49:04,386 ] - Test_@[5, 10, 20, 50]: Recall=[0.03899, 0.06069, 0.09315, 0.15840],  precision=[0.00780, 0.00607, 0.00466, 0.00317], hit=[0.03899, 0.06069, 0.09315, 0.15840], ndcg=[0.02605, 0.03303, 0.04115, 0.05404], Train Rec Loss=[0.03285], Eval Rec Loss=[0.03251], c=[0.50000], F=[0.85891, 0.90341, 0.92278, 0.94721], F_fuse=[0.01546, 0.01206, 0.00927, 0.00631]
[ INFO : 2026-08-14 03:50:15,406 ] - Epoch 190: train==[57.17691 = 0.67068 + 0.60651 + 2.96766 + 0.01149 + 0.00000 + 0.00585 + 884.94450]
[ INFO : 2026-08-14 03:50:22,773 ] - Test_@[5, 10, 20, 50]: Recall=[0.03687, 0.05791, 0.08744, 0.15285],  precision=[0.00737, 0.00579, 0.00437, 0.00306], hit=[0.03687, 0.05791, 0.08744, 0.15285], ndcg=[0.02384, 0.03062, 0.03807, 0.05107], Train Rec Loss=[0.03285], Eval Rec Loss=[0.03250], c=[0.50000], F=[0.85906, 0.90178, 0.92317, 0.94909], F_fuse=[0.01462, 0.01151, 0.00870, 0.00609]
[ INFO : 2026-08-14 03:51:33,866 ] - Epoch 191: train==[57.18998 = 0.67047 + 0.60651 + 2.98098 + 0.01158 + 0.00000 + 0.00572 + 884.94450]
[ INFO : 2026-08-14 03:51:41,281 ] - Test_@[5, 10, 20, 50]: Recall=[0.03524, 0.05759, 0.08777, 0.15155],  precision=[0.00705, 0.00576, 0.00439, 0.00303], hit=[0.03524, 0.05759, 0.08777, 0.15155], ndcg=[0.02313, 0.03036, 0.03791, 0.05052], Train Rec Loss=[0.03286], Eval Rec Loss=[0.03250], c=[0.50000], F=[0.85904, 0.90184, 0.92351, 0.94878], F_fuse=[0.01398, 0.01144, 0.00874, 0.00604]
[ INFO : 2026-08-14 03:52:52,293 ] - Epoch 192: train==[57.14948 = 0.66314 + 0.60652 + 2.94869 + 0.01151 + 0.00000 + 0.00491 + 884.94450]
[ INFO : 2026-08-14 03:52:59,693 ] - Test_@[5, 10, 20, 50]: Recall=[0.04127, 0.06313, 0.09462, 0.16232],  precision=[0.00825, 0.00631, 0.00473, 0.00325], hit=[0.04127, 0.06313, 0.09462, 0.16232], ndcg=[0.02754, 0.03451, 0.04237, 0.05577], Train Rec Loss=[0.03285], Eval Rec Loss=[0.03251], c=[0.50000], F=[0.85483, 0.90508, 0.92386, 0.94586], F_fuse=[0.01635, 0.01254, 0.00941, 0.00647]
[ INFO : 2026-08-14 03:54:11,258 ] - Epoch 193: train==[57.14192 = 0.66456 + 0.60651 + 2.93852 + 0.01157 + 0.00000 + 0.00605 + 884.94450]
[ INFO : 2026-08-14 03:54:18,659 ] - Test_@[5, 10, 20, 50]: Recall=[0.04013, 0.06150, 0.09380, 0.15971],  precision=[0.00803, 0.00615, 0.00469, 0.00319], hit=[0.04013, 0.06150, 0.09380, 0.15971], ndcg=[0.02687, 0.03370, 0.04178, 0.05484], Train Rec Loss=[0.03285], Eval Rec Loss=[0.03249], c=[0.50000], F=[0.85891, 0.90615, 0.92374, 0.94661], F_fuse=[0.01590, 0.01222, 0.00933, 0.00637]
[ INFO : 2026-08-14 03:55:29,847 ] - Epoch 194: train==[57.13016 = 0.66084 + 0.60652 + 2.93087 + 0.01154 + 0.00000 + 0.00568 + 884.94450]
[ INFO : 2026-08-14 03:55:37,855 ] - Test_@[5, 10, 20, 50]: Recall=[0.04029, 0.06346, 0.09315, 0.16150],  precision=[0.00806, 0.00635, 0.00466, 0.00323], hit=[0.04029, 0.06346, 0.09315, 0.16150], ndcg=[0.02717, 0.03459, 0.04202, 0.05556], Train Rec Loss=[0.03285], Eval Rec Loss=[0.03248], c=[0.50000], F=[0.86091, 0.90655, 0.92507, 0.94691], F_fuse=[0.01597, 0.01260, 0.00927, 0.00644]
[ INFO : 2026-08-14 03:56:49,162 ] - Epoch 195: train==[57.18364 = 0.66097 + 0.60651 + 2.98474 + 0.01153 + 0.00000 + 0.00517 + 884.94450]
[ INFO : 2026-08-14 03:56:56,633 ] - Test_@[5, 10, 20, 50]: Recall=[0.03931, 0.06183, 0.09299, 0.15889],  precision=[0.00786, 0.00618, 0.00465, 0.00318], hit=[0.03931, 0.06183, 0.09299, 0.15889], ndcg=[0.02637, 0.03365, 0.04145, 0.05450], Train Rec Loss=[0.03284], Eval Rec Loss=[0.03250], c=[0.50000], F=[0.86161, 0.90575, 0.92479, 0.94687], F_fuse=[0.01558, 0.01228, 0.00925, 0.00633]
[ INFO : 2026-08-14 03:58:07,642 ] - Epoch 196: train==[57.12323 = 0.65481 + 0.60652 + 2.93119 + 0.01157 + 0.00000 + 0.00443 + 884.94450]
[ INFO : 2026-08-14 03:58:15,091 ] - Test_@[5, 10, 20, 50]: Recall=[0.03866, 0.06134, 0.09103, 0.15759],  precision=[0.00773, 0.00613, 0.00455, 0.00315], hit=[0.03866, 0.06134, 0.09103, 0.15759], ndcg=[0.02532, 0.03262, 0.04005, 0.05328], Train Rec Loss=[0.03284], Eval Rec Loss=[0.03250], c=[0.50000], F=[0.86009, 0.90458, 0.92477, 0.94697], F_fuse=[0.01533, 0.01218, 0.00906, 0.00628]
[ INFO : 2026-08-14 03:59:26,709 ] - Epoch 197: train==[57.14071 = 0.65539 + 0.60651 + 2.94796 + 0.01160 + 0.00000 + 0.00453 + 884.94450]
[ INFO : 2026-08-14 03:59:34,101 ] - Test_@[5, 10, 20, 50]: Recall=[0.03915, 0.06134, 0.09217, 0.15628],  precision=[0.00783, 0.00613, 0.00461, 0.00313], hit=[0.03915, 0.06134, 0.09217, 0.15628], ndcg=[0.02545, 0.03262, 0.04032, 0.05303], Train Rec Loss=[0.03285], Eval Rec Loss=[0.03250], c=[0.50000], F=[0.85855, 0.90248, 0.92187, 0.94684], F_fuse=[0.01552, 0.01218, 0.00917, 0.00623]
[ INFO : 2026-08-14 04:00:45,249 ] - Epoch 198: train==[57.07224 = 0.65480 + 0.60652 + 2.88069 + 0.01172 + 0.00000 + 0.00381 + 884.94450]
[ INFO : 2026-08-14 04:00:52,710 ] - Test_@[5, 10, 20, 50]: Recall=[0.03817, 0.05987, 0.08989, 0.15383],  precision=[0.00763, 0.00599, 0.00449, 0.00308], hit=[0.03817, 0.05987, 0.08989, 0.15383], ndcg=[0.02486, 0.03184, 0.03934, 0.05202], Train Rec Loss=[0.03284], Eval Rec Loss=[0.03248], c=[0.50000], F=[0.85534, 0.90055, 0.92250, 0.94866], F_fuse=[0.01513, 0.01189, 0.00895, 0.00613]
[ INFO : 2026-08-14 04:02:03,993 ] - Epoch 199: train==[57.11894 = 0.65257 + 0.60651 + 2.92919 + 0.01157 + 0.00000 + 0.00438 + 884.94450]
[ INFO : 2026-08-14 04:02:11,474 ] - Test_@[5, 10, 20, 50]: Recall=[0.03850, 0.06020, 0.08940, 0.15318],  precision=[0.00770, 0.00602, 0.00447, 0.00306], hit=[0.03850, 0.06020, 0.08940, 0.15318], ndcg=[0.02478, 0.03169, 0.03898, 0.05163], Train Rec Loss=[0.03284], Eval Rec Loss=[0.03249], c=[0.50000], F=[0.86216, 0.90447, 0.92403, 0.94788], F_fuse=[0.01526, 0.01196, 0.00890, 0.00611]
[ INFO : 2026-08-14 04:03:23,009 ] - Epoch 200: train==[57.07213 = 0.65150 + 0.60651 + 2.88270 + 0.01160 + 0.00000 + 0.00510 + 884.94450]
[ INFO : 2026-08-14 04:03:30,464 ] - Test_@[5, 10, 20, 50]: Recall=[0.03801, 0.06166, 0.09119, 0.15661],  precision=[0.00760, 0.00617, 0.00456, 0.00313], hit=[0.03801, 0.06166, 0.09119, 0.15661], ndcg=[0.02467, 0.03225, 0.03955, 0.05244], Train Rec Loss=[0.03283], Eval Rec Loss=[0.03248], c=[0.50000], F=[0.85910, 0.90327, 0.92416, 0.94885], F_fuse=[0.01507, 0.01225, 0.00907, 0.00624]
[ INFO : 2026-08-14 04:04:41,014 ] - Epoch 201: train==[57.05281 = 0.64725 + 0.60652 + 2.86739 + 0.01149 + 0.00000 + 0.00544 + 884.94450]
[ INFO : 2026-08-14 04:04:48,450 ] - Test_@[5, 10, 20, 50]: Recall=[0.03931, 0.06069, 0.09201, 0.15628],  precision=[0.00786, 0.00607, 0.00460, 0.00313], hit=[0.03931, 0.06069, 0.09201, 0.15628], ndcg=[0.02564, 0.03254, 0.04034, 0.05306], Train Rec Loss=[0.03283], Eval Rec Loss=[0.03248], c=[0.50000], F=[0.85593, 0.89929, 0.92163, 0.94874], F_fuse=[0.01558, 0.01206, 0.00915, 0.00623]
[ INFO : 2026-08-14 04:05:59,872 ] - Epoch 202: train==[57.02813 = 0.64309 + 0.60651 + 2.84737 + 0.01155 + 0.00000 + 0.00490 + 884.94450]
[ INFO : 2026-08-14 04:06:07,385 ] - Test_@[5, 10, 20, 50]: Recall=[0.03997, 0.06150, 0.09201, 0.15808],  precision=[0.00799, 0.00615, 0.00460, 0.00316], hit=[0.03997, 0.06150, 0.09201, 0.15808], ndcg=[0.02570, 0.03260, 0.04024, 0.05335], Train Rec Loss=[0.03284], Eval Rec Loss=[0.03249], c=[0.50000], F=[0.86196, 0.90463, 0.92451, 0.94871], F_fuse=[0.01584, 0.01222, 0.00916, 0.00630]
[ INFO : 2026-08-14 04:07:18,459 ] - Epoch 203: train==[57.02731 = 0.64362 + 0.60652 + 2.84632 + 0.01162 + 0.00000 + 0.00451 + 884.94450]
[ INFO : 2026-08-14 04:07:25,845 ] - Test_@[5, 10, 20, 50]: Recall=[0.03850, 0.05889, 0.08989, 0.15432],  precision=[0.00770, 0.00589, 0.00449, 0.00309], hit=[0.03850, 0.05889, 0.08989, 0.15432], ndcg=[0.02457, 0.03112, 0.03889, 0.05162], Train Rec Loss=[0.03283], Eval Rec Loss=[0.03249], c=[0.50000], F=[0.85610, 0.90248, 0.92385, 0.94927], F_fuse=[0.01526, 0.01170, 0.00895, 0.00615]
[ INFO : 2026-08-14 04:08:36,775 ] - Epoch 204: train==[57.04245 = 0.64198 + 0.60651 + 2.86302 + 0.01167 + 0.00000 + 0.00455 + 884.94450]
[ INFO : 2026-08-14 04:08:44,274 ] - Test_@[5, 10, 20, 50]: Recall=[0.04144, 0.06330, 0.09478, 0.15987],  precision=[0.00829, 0.00633, 0.00474, 0.00320], hit=[0.04144, 0.06330, 0.09478, 0.15987], ndcg=[0.02720, 0.03422, 0.04209, 0.05498], Train Rec Loss=[0.03283], Eval Rec Loss=[0.03248], c=[0.50000], F=[0.85431, 0.90225, 0.92375, 0.94752], F_fuse=[0.01641, 0.01257, 0.00943, 0.00637]
[ INFO : 2026-08-14 04:09:55,400 ] - Epoch 205: train==[57.02107 = 0.63890 + 0.60652 + 2.84415 + 0.01164 + 0.00000 + 0.00514 + 884.94450]
[ INFO : 2026-08-14 04:10:02,895 ] - Test_@[5, 10, 20, 50]: Recall=[0.03817, 0.05889, 0.08940, 0.15400],  precision=[0.00763, 0.00589, 0.00447, 0.00308], hit=[0.03817, 0.05889, 0.08940, 0.15400], ndcg=[0.02478, 0.03149, 0.03915, 0.05194], Train Rec Loss=[0.03282], Eval Rec Loss=[0.03247], c=[0.50000], F=[0.85485, 0.89820, 0.92159, 0.94897], F_fuse=[0.01513, 0.01170, 0.00890, 0.00614]
[ INFO : 2026-08-14 04:11:14,015 ] - Epoch 206: train==[56.98847 = 0.63838 + 0.60651 + 2.81278 + 0.01174 + 0.00000 + 0.00435 + 884.94450]
[ INFO : 2026-08-14 04:11:21,422 ] - Test_@[5, 10, 20, 50]: Recall=[0.03948, 0.06117, 0.09299, 0.15644],  precision=[0.00790, 0.00612, 0.00465, 0.00313], hit=[0.03948, 0.06117, 0.09299, 0.15644], ndcg=[0.02569, 0.03270, 0.04071, 0.05328], Train Rec Loss=[0.03283], Eval Rec Loss=[0.03247], c=[0.50000], F=[0.85748, 0.90145, 0.92261, 0.94717], F_fuse=[0.01565, 0.01215, 0.00925, 0.00624]
[ INFO : 2026-08-14 04:12:32,947 ] - Epoch 207: train==[56.97367 = 0.63396 + 0.60651 + 2.80254 + 0.01166 + 0.00000 + 0.00428 + 884.94450]
[ INFO : 2026-08-14 04:12:40,425 ] - Test_@[5, 10, 20, 50]: Recall=[0.03948, 0.06069, 0.09217, 0.15726],  precision=[0.00790, 0.00607, 0.00461, 0.00315], hit=[0.03948, 0.06069, 0.09217, 0.15726], ndcg=[0.02513, 0.03196, 0.03986, 0.05273], Train Rec Loss=[0.03283], Eval Rec Loss=[0.03246], c=[0.50000], F=[0.85955, 0.90245, 0.92441, 0.94826], F_fuse=[0.01565, 0.01206, 0.00917, 0.00627]
[ INFO : 2026-08-14 04:13:51,470 ] - Epoch 208: train==[56.99355 = 0.63569 + 0.60652 + 2.82092 + 0.01171 + 0.00000 + 0.00400 + 884.94450]
[ INFO : 2026-08-14 04:13:58,879 ] - Test_@[5, 10, 20, 50]: Recall=[0.04013, 0.06281, 0.09625, 0.16215],  precision=[0.00803, 0.00628, 0.00481, 0.00324], hit=[0.04013, 0.06281, 0.09625, 0.16215], ndcg=[0.02624, 0.03356, 0.04192, 0.05492], Train Rec Loss=[0.03283], Eval Rec Loss=[0.03247], c=[0.50000], F=[0.85552, 0.90399, 0.92466, 0.94755], F_fuse=[0.01590, 0.01247, 0.00957, 0.00646]
[ INFO : 2026-08-14 04:15:10,318 ] - Epoch 209: train==[56.97572 = 0.63267 + 0.60651 + 2.80600 + 0.01167 + 0.00000 + 0.00414 + 884.94450]
[ INFO : 2026-08-14 04:15:17,892 ] - Test_@[5, 10, 20, 50]: Recall=[0.04029, 0.06036, 0.09250, 0.15595],  precision=[0.00806, 0.00604, 0.00462, 0.00312], hit=[0.04029, 0.06036, 0.09250, 0.15595], ndcg=[0.02595, 0.03242, 0.04047, 0.05306], Train Rec Loss=[0.03283], Eval Rec Loss=[0.03247], c=[0.50000], F=[0.85780, 0.90141, 0.92275, 0.94766], F_fuse=[0.01597, 0.01199, 0.00920, 0.00622]
[ INFO : 2026-08-14 04:16:29,000 ] - Epoch 210: train==[56.98982 = 0.62857 + 0.60651 + 2.82368 + 0.01165 + 0.00000 + 0.00469 + 884.94450]
[ INFO : 2026-08-14 04:16:36,416 ] - Test_@[5, 10, 20, 50]: Recall=[0.03931, 0.06052, 0.09233, 0.15710],  precision=[0.00786, 0.00605, 0.00462, 0.00314], hit=[0.03931, 0.06052, 0.09233, 0.15710], ndcg=[0.02501, 0.03184, 0.03980, 0.05260], Train Rec Loss=[0.03282], Eval Rec Loss=[0.03246], c=[0.50000], F=[0.85580, 0.90430, 0.92467, 0.94860], F_fuse=[0.01558, 0.01202, 0.00919, 0.00626]
[ INFO : 2026-08-14 04:17:47,753 ] - Epoch 211: train==[56.96082 = 0.62787 + 0.60652 + 2.79556 + 0.01165 + 0.00000 + 0.00451 + 884.94450]
[ INFO : 2026-08-14 04:17:55,171 ] - Test_@[5, 10, 20, 50]: Recall=[0.04160, 0.06427, 0.09494, 0.16134],  precision=[0.00832, 0.00643, 0.00475, 0.00323], hit=[0.04160, 0.06427, 0.09494, 0.16134], ndcg=[0.02669, 0.03397, 0.04165, 0.05477], Train Rec Loss=[0.03281], Eval Rec Loss=[0.03247], c=[0.50000], F=[0.85631, 0.90110, 0.92333, 0.94773], F_fuse=[0.01648, 0.01276, 0.00945, 0.00643]
[ INFO : 2026-08-14 04:19:06,157 ] - Epoch 212: train==[56.89287 = 0.62782 + 0.60651 + 2.72863 + 0.01171 + 0.00000 + 0.00348 + 884.94450]
[ INFO : 2026-08-14 04:19:13,569 ] - Test_@[5, 10, 20, 50]: Recall=[0.03980, 0.06248, 0.09380, 0.15661],  precision=[0.00796, 0.00625, 0.00469, 0.00313], hit=[0.03980, 0.06248, 0.09380, 0.15661], ndcg=[0.02533, 0.03264, 0.04051, 0.05297], Train Rec Loss=[0.03281], Eval Rec Loss=[0.03246], c=[0.50000], F=[0.85080, 0.89512, 0.92076, 0.94773], F_fuse=[0.01577, 0.01241, 0.00933, 0.00624]
[ INFO : 2026-08-14 04:20:24,476 ] - Epoch 213: train==[56.96146 = 0.62915 + 0.60651 + 2.79518 + 0.01170 + 0.00000 + 0.00420 + 884.94450]
[ INFO : 2026-08-14 04:20:31,929 ] - Test_@[5, 10, 20, 50]: Recall=[0.04078, 0.06199, 0.09347, 0.15954],  precision=[0.00816, 0.00620, 0.00467, 0.00319], hit=[0.04078, 0.06199, 0.09347, 0.15954], ndcg=[0.02652, 0.03335, 0.04126, 0.05438], Train Rec Loss=[0.03279], Eval Rec Loss=[0.03246], c=[0.50000], F=[0.85784, 0.90119, 0.92103, 0.94664], F_fuse=[0.01616, 0.01231, 0.00930, 0.00636]
[ INFO : 2026-08-14 04:21:43,511 ] - Epoch 214: train==[56.98847 = 0.62476 + 0.60651 + 2.82669 + 0.01165 + 0.00000 + 0.00414 + 884.94450]
[ INFO : 2026-08-14 04:21:50,993 ] - Test_@[5, 10, 20, 50]: Recall=[0.03948, 0.06215, 0.09396, 0.16085],  precision=[0.00790, 0.00622, 0.00470, 0.00322], hit=[0.03948, 0.06215, 0.09396, 0.16085], ndcg=[0.02558, 0.03289, 0.04088, 0.05411], Train Rec Loss=[0.03281], Eval Rec Loss=[0.03246], c=[0.50000], F=[0.85091, 0.90218, 0.92585, 0.94819], F_fuse=[0.01565, 0.01235, 0.00935, 0.00641]
[ INFO : 2026-08-14 04:23:02,791 ] - Epoch 215: train==[56.86446 = 0.62263 + 0.60651 + 2.70461 + 0.01176 + 0.00000 + 0.00422 + 884.94450]
[ INFO : 2026-08-14 04:23:10,159 ] - Test_@[5, 10, 20, 50]: Recall=[0.04046, 0.06297, 0.09494, 0.15873],  precision=[0.00809, 0.00630, 0.00475, 0.00317], hit=[0.04046, 0.06297, 0.09494, 0.15873], ndcg=[0.02607, 0.03329, 0.04126, 0.05389], Train Rec Loss=[0.03279], Eval Rec Loss=[0.03246], c=[0.50000], F=[0.86229, 0.90253, 0.92429, 0.94814], F_fuse=[0.01603, 0.01251, 0.00945, 0.00633]
[ INFO : 2026-08-14 04:24:21,412 ] - Epoch 216: train==[56.88957 = 0.61839 + 0.60652 + 2.73380 + 0.01188 + 0.00000 + 0.00427 + 884.94450]
[ INFO : 2026-08-14 04:24:28,829 ] - Test_@[5, 10, 20, 50]: Recall=[0.03834, 0.06117, 0.09086, 0.15710],  precision=[0.00767, 0.00612, 0.00454, 0.00314], hit=[0.03834, 0.06117, 0.09086, 0.15710], ndcg=[0.02428, 0.03163, 0.03905, 0.05214], Train Rec Loss=[0.03280], Eval Rec Loss=[0.03245], c=[0.50000], F=[0.85541, 0.89704, 0.92057, 0.94817], F_fuse=[0.01520, 0.01215, 0.00904, 0.00626]
[ INFO : 2026-08-14 04:25:39,792 ] - Epoch 217: train==[56.83092 = 0.62112 + 0.60651 + 2.67232 + 0.01192 + 0.00000 + 0.00434 + 884.94450]
[ INFO : 2026-08-14 04:25:47,257 ] - Test_@[5, 10, 20, 50]: Recall=[0.04062, 0.06264, 0.09511, 0.16020],  precision=[0.00812, 0.00626, 0.00476, 0.00320], hit=[0.04062, 0.06264, 0.09511, 0.16020], ndcg=[0.02607, 0.03320, 0.04132, 0.05419], Train Rec Loss=[0.03280], Eval Rec Loss=[0.03244], c=[0.50000], F=[0.86048, 0.90502, 0.92373, 0.94601], F_fuse=[0.01610, 0.01244, 0.00946, 0.00639]
[ INFO : 2026-08-14 04:26:58,371 ] - Epoch 218: train==[56.87570 = 0.61500 + 0.60652 + 2.72413 + 0.01185 + 0.00000 + 0.00348 + 884.94450]
[ INFO : 2026-08-14 04:27:05,814 ] - Test_@[5, 10, 20, 50]: Recall=[0.04013, 0.06183, 0.09315, 0.15677],  precision=[0.00803, 0.00618, 0.00466, 0.00314], hit=[0.04013, 0.06183, 0.09315, 0.15677], ndcg=[0.02563, 0.03265, 0.04045, 0.05308], Train Rec Loss=[0.03279], Eval Rec Loss=[0.03244], c=[0.50000], F=[0.85999, 0.90256, 0.92423, 0.94780], F_fuse=[0.01590, 0.01228, 0.00927, 0.00625]
[ INFO : 2026-08-14 04:28:16,442 ] - Epoch 219: train==[56.86167 = 0.61702 + 0.60651 + 2.70701 + 0.01187 + 0.00000 + 0.00454 + 884.94450]
[ INFO : 2026-08-14 04:28:23,842 ] - Test_@[5, 10, 20, 50]: Recall=[0.04046, 0.06183, 0.09331, 0.15840],  precision=[0.00809, 0.00618, 0.00467, 0.00317], hit=[0.04046, 0.06183, 0.09331, 0.15840], ndcg=[0.02573, 0.03261, 0.04051, 0.05340], Train Rec Loss=[0.03280], Eval Rec Loss=[0.03245], c=[0.50000], F=[0.85817, 0.90140, 0.92288, 0.94799], F_fuse=[0.01603, 0.01228, 0.00928, 0.00631]
[ INFO : 2026-08-14 04:29:35,090 ] - Epoch 220: train==[56.84302 = 0.61638 + 0.60652 + 2.68980 + 0.01187 + 0.00000 + 0.00375 + 884.94450]
[ INFO : 2026-08-14 04:29:42,596 ] - Test_@[5, 10, 20, 50]: Recall=[0.03866, 0.06183, 0.09054, 0.15612],  precision=[0.00773, 0.00618, 0.00453, 0.00312], hit=[0.03866, 0.06183, 0.09054, 0.15612], ndcg=[0.02497, 0.03240, 0.03958, 0.05253], Train Rec Loss=[0.03280], Eval Rec Loss=[0.03245], c=[0.50000], F=[0.85636, 0.89693, 0.92140, 0.94824], F_fuse=[0.01533, 0.01228, 0.00901, 0.00622]
[ INFO : 2026-08-14 04:30:53,817 ] - Epoch 221: train==[56.81096 = 0.60993 + 0.60651 + 2.66339 + 0.01190 + 0.00000 + 0.00451 + 884.94450]
[ INFO : 2026-08-14 04:31:01,464 ] - Test_@[5, 10, 20, 50]: Recall=[0.03964, 0.06085, 0.09233, 0.15889],  precision=[0.00793, 0.00608, 0.00462, 0.00318], hit=[0.03964, 0.06085, 0.09233, 0.15889], ndcg=[0.02550, 0.03240, 0.04030, 0.05341], Train Rec Loss=[0.03279], Eval Rec Loss=[0.03246], c=[0.50000], F=[0.85691, 0.90049, 0.92316, 0.94932], F_fuse=[0.01571, 0.01209, 0.00919, 0.00633]
[ INFO : 2026-08-14 04:32:13,194 ] - Epoch 222: train==[56.84671 = 0.61069 + 0.60652 + 2.69814 + 0.01184 + 0.00000 + 0.00481 + 884.94450]
[ INFO : 2026-08-14 04:32:20,653 ] - Test_@[5, 10, 20, 50]: Recall=[0.04078, 0.06232, 0.09478, 0.15889],  precision=[0.00816, 0.00623, 0.00474, 0.00318], hit=[0.04078, 0.06232, 0.09478, 0.15889], ndcg=[0.02593, 0.03286, 0.04099, 0.05370], Train Rec Loss=[0.03280], Eval Rec Loss=[0.03244], c=[0.50000], F=[0.85416, 0.90109, 0.92465, 0.94940], F_fuse=[0.01616, 0.01238, 0.00943, 0.00633]
[ INFO : 2026-08-14 04:33:32,010 ] - Epoch 223: train==[56.79180 = 0.60890 + 0.60652 + 2.64562 + 0.01189 + 0.00000 + 0.00416 + 884.94450]
[ INFO : 2026-08-14 04:33:39,424 ] - Test_@[5, 10, 20, 50]: Recall=[0.04209, 0.06346, 0.09511, 0.15938],  precision=[0.00842, 0.00635, 0.00476, 0.00319], hit=[0.04209, 0.06346, 0.09511, 0.15938], ndcg=[0.02686, 0.03376, 0.04167, 0.05438], Train Rec Loss=[0.03280], Eval Rec Loss=[0.03244], c=[0.50000], F=[0.85928, 0.90223, 0.92508, 0.94784], F_fuse=[0.01667, 0.01260, 0.00946, 0.00635]
[ INFO : 2026-08-14 04:34:50,941 ] - Epoch 224: train==[56.79828 = 0.60742 + 0.60652 + 2.65347 + 0.01199 + 0.00000 + 0.00416 + 884.94450]
[ INFO : 2026-08-14 04:34:58,369 ] - Test_@[5, 10, 20, 50]: Recall=[0.04127, 0.06297, 0.09429, 0.15856],  precision=[0.00825, 0.00630, 0.00471, 0.00317], hit=[0.04127, 0.06297, 0.09429, 0.15856], ndcg=[0.02644, 0.03344, 0.04130, 0.05400], Train Rec Loss=[0.03279], Eval Rec Loss=[0.03243], c=[0.50000], F=[0.85468, 0.89879, 0.92183, 0.94826], F_fuse=[0.01635, 0.01251, 0.00938, 0.00632]
[ INFO : 2026-08-14 04:36:09,864 ] - Epoch 225: train==[56.79690 = 0.60508 + 0.60652 + 2.65461 + 0.01192 + 0.00000 + 0.00405 + 884.94450]
[ INFO : 2026-08-14 04:36:17,288 ] - Test_@[5, 10, 20, 50]: Recall=[0.04127, 0.06493, 0.09543, 0.16069],  precision=[0.00825, 0.00649, 0.00477, 0.00321], hit=[0.04127, 0.06493, 0.09543, 0.16069], ndcg=[0.02662, 0.03426, 0.04188, 0.05479], Train Rec Loss=[0.03280], Eval Rec Loss=[0.03243], c=[0.50000], F=[0.85316, 0.89871, 0.92239, 0.94834], F_fuse=[0.01635, 0.01289, 0.00949, 0.00641]
[ INFO : 2026-08-14 04:37:28,499 ] - Epoch 226: train==[56.76983 = 0.60070 + 0.60651 + 2.63188 + 0.01204 + 0.00000 + 0.00398 + 884.94450]
[ INFO : 2026-08-14 04:37:35,945 ] - Test_@[5, 10, 20, 50]: Recall=[0.03964, 0.06069, 0.09233, 0.15661],  precision=[0.00793, 0.00607, 0.00462, 0.00313], hit=[0.03964, 0.06069, 0.09233, 0.15661], ndcg=[0.02558, 0.03244, 0.04037, 0.05313], Train Rec Loss=[0.03278], Eval Rec Loss=[0.03244], c=[0.50000], F=[0.86004, 0.90166, 0.92199, 0.94722], F_fuse=[0.01571, 0.01206, 0.00919, 0.00624]
[ INFO : 2026-08-14 04:38:46,880 ] - Epoch 227: train==[56.76835 = 0.60283 + 0.60653 + 2.62819 + 0.01199 + 0.00000 + 0.00410 + 884.94450]
[ INFO : 2026-08-14 04:38:54,343 ] - Test_@[5, 10, 20, 50]: Recall=[0.04078, 0.06542, 0.09674, 0.16281],  precision=[0.00816, 0.00654, 0.00484, 0.00326], hit=[0.04078, 0.06542, 0.09674, 0.16281], ndcg=[0.02694, 0.03497, 0.04282, 0.05589], Train Rec Loss=[0.03279], Eval Rec Loss=[0.03243], c=[0.50000], F=[0.85224, 0.89784, 0.92189, 0.94718], F_fuse=[0.01616, 0.01299, 0.00962, 0.00649]
[ INFO : 2026-08-14 04:40:05,893 ] - Epoch 228: train==[56.86763 = 0.59815 + 0.60651 + 2.73261 + 0.01196 + 0.00000 + 0.00368 + 884.94450]
[ INFO : 2026-08-14 04:40:13,373 ] - Test_@[5, 10, 20, 50]: Recall=[0.03997, 0.06117, 0.09315, 0.15856],  precision=[0.00799, 0.00612, 0.00466, 0.00317], hit=[0.03997, 0.06117, 0.09315, 0.15856], ndcg=[0.02542, 0.03232, 0.04037, 0.05337], Train Rec Loss=[0.03278], Eval Rec Loss=[0.03243], c=[0.50000], F=[0.85694, 0.90046, 0.92255, 0.94810], F_fuse=[0.01584, 0.01215, 0.00927, 0.00632]
[ INFO : 2026-08-14 04:41:24,735 ] - Epoch 229: train==[56.76349 = 0.59467 + 0.60652 + 2.63173 + 0.01200 + 0.00000 + 0.00386 + 884.94450]
[ INFO : 2026-08-14 04:41:32,157 ] - Test_@[5, 10, 20, 50]: Recall=[0.04160, 0.06281, 0.09445, 0.16134],  precision=[0.00832, 0.00628, 0.00472, 0.00323], hit=[0.04160, 0.06281, 0.09445, 0.16134], ndcg=[0.02656, 0.03340, 0.04134, 0.05456], Train Rec Loss=[0.03277], Eval Rec Loss=[0.03242], c=[0.50000], F=[0.85282, 0.90068, 0.92483, 0.94803], F_fuse=[0.01648, 0.01247, 0.00940, 0.00643]
[ INFO : 2026-08-14 04:42:43,322 ] - Epoch 230: train==[56.77778 = 0.59762 + 0.60651 + 2.64272 + 0.01199 + 0.00000 + 0.00423 + 884.94450]
[ INFO : 2026-08-14 04:42:50,785 ] - Test_@[5, 10, 20, 50]: Recall=[0.03931, 0.06150, 0.09396, 0.16003],  precision=[0.00786, 0.00615, 0.00470, 0.00320], hit=[0.03931, 0.06150, 0.09396, 0.16003], ndcg=[0.02511, 0.03231, 0.04048, 0.05353], Train Rec Loss=[0.03278], Eval Rec Loss=[0.03242], c=[0.50000], F=[0.85782, 0.89988, 0.92337, 0.94817], F_fuse=[0.01558, 0.01222, 0.00935, 0.00638]
[ INFO : 2026-08-14 04:44:02,096 ] - Epoch 231: train==[56.76670 = 0.59716 + 0.60652 + 2.63237 + 0.01197 + 0.00000 + 0.00397 + 884.94450]
[ INFO : 2026-08-14 04:44:09,561 ] - Test_@[5, 10, 20, 50]: Recall=[0.03931, 0.06069, 0.09217, 0.15677],  precision=[0.00786, 0.00607, 0.00461, 0.00314], hit=[0.03931, 0.06069, 0.09217, 0.15677], ndcg=[0.02488, 0.03180, 0.03969, 0.05242], Train Rec Loss=[0.03278], Eval Rec Loss=[0.03242], c=[0.50000], F=[0.85638, 0.89924, 0.92317, 0.94885], F_fuse=[0.01558, 0.01206, 0.00917, 0.00625]
[ INFO : 2026-08-14 04:45:20,764 ] - Epoch 232: train==[56.75761 = 0.59554 + 0.60651 + 2.62343 + 0.01201 + 0.00000 + 0.00539 + 884.94450]
[ INFO : 2026-08-14 04:45:28,210 ] - Test_@[5, 10, 20, 50]: Recall=[0.03931, 0.06134, 0.09266, 0.15742],  precision=[0.00786, 0.00613, 0.00463, 0.00315], hit=[0.03931, 0.06134, 0.09266, 0.15742], ndcg=[0.02502, 0.03217, 0.04002, 0.05287], Train Rec Loss=[0.03277], Eval Rec Loss=[0.03243], c=[0.50000], F=[0.85439, 0.89843, 0.92283, 0.94808], F_fuse=[0.01558, 0.01218, 0.00922, 0.00628]
[ INFO : 2026-08-14 04:46:40,040 ] - Epoch 233: train==[56.77469 = 0.58963 + 0.60652 + 2.64803 + 0.01187 + 0.00000 + 0.00392 + 884.94450]
[ INFO : 2026-08-14 04:46:47,440 ] - Test_@[5, 10, 20, 50]: Recall=[0.04127, 0.06493, 0.09690, 0.16330],  precision=[0.00825, 0.00649, 0.00485, 0.00327], hit=[0.04127, 0.06493, 0.09690, 0.16330], ndcg=[0.02645, 0.03407, 0.04209, 0.05516], Train Rec Loss=[0.03276], Eval Rec Loss=[0.03242], c=[0.50000], F=[0.85274, 0.90010, 0.92266, 0.94676], F_fuse=[0.01635, 0.01289, 0.00964, 0.00651]
[ INFO : 2026-08-14 04:47:58,531 ] - Epoch 234: train==[56.69251 = 0.59395 + 0.60651 + 2.56085 + 0.01194 + 0.00000 + 0.00453 + 884.94450]
[ INFO : 2026-08-14 04:48:05,992 ] - Test_@[5, 10, 20, 50]: Recall=[0.04062, 0.06085, 0.09347, 0.16052],  precision=[0.00812, 0.00608, 0.00467, 0.00321], hit=[0.04062, 0.06085, 0.09347, 0.16052], ndcg=[0.02578, 0.03233, 0.04049, 0.05369], Train Rec Loss=[0.03278], Eval Rec Loss=[0.03242], c=[0.50000], F=[0.85378, 0.89867, 0.92327, 0.95009], F_fuse=[0.01609, 0.01209, 0.00930, 0.00640]
[ INFO : 2026-08-14 04:49:17,692 ] - Epoch 235: train==[56.74231 = 0.58864 + 0.60651 + 2.61616 + 0.01187 + 0.00000 + 0.00441 + 884.94450]
[ INFO : 2026-08-14 04:49:25,173 ] - Test_@[5, 10, 20, 50]: Recall=[0.04127, 0.06183, 0.09364, 0.15971],  precision=[0.00825, 0.00618, 0.00468, 0.00319], hit=[0.04127, 0.06183, 0.09364, 0.15971], ndcg=[0.02617, 0.03281, 0.04081, 0.05388], Train Rec Loss=[0.03276], Eval Rec Loss=[0.03241], c=[0.50000], F=[0.85548, 0.89969, 0.92148, 0.94634], F_fuse=[0.01635, 0.01228, 0.00932, 0.00637]
[ INFO : 2026-08-14 04:50:36,472 ] - Epoch 236: train==[56.72764 = 0.58714 + 0.60652 + 2.60271 + 0.01195 + 0.00000 + 0.00461 + 884.94450]
[ INFO : 2026-08-14 04:50:43,846 ] - Test_@[5, 10, 20, 50]: Recall=[0.04078, 0.06232, 0.09315, 0.15971],  precision=[0.00816, 0.00623, 0.00466, 0.00319], hit=[0.04078, 0.06232, 0.09315, 0.15971], ndcg=[0.02617, 0.03310, 0.04083, 0.05395], Train Rec Loss=[0.03277], Eval Rec Loss=[0.03242], c=[0.50000], F=[0.85859, 0.89917, 0.92235, 0.94748], F_fuse=[0.01616, 0.01238, 0.00927, 0.00637]
[ INFO : 2026-08-14 04:51:54,982 ] - Epoch 237: train==[56.71738 = 0.58360 + 0.60651 + 2.59672 + 0.01199 + 0.00000 + 0.00383 + 884.94450]
[ INFO : 2026-08-14 04:52:02,436 ] - Test_@[5, 10, 20, 50]: Recall=[0.04013, 0.06215, 0.09266, 0.15791],  precision=[0.00803, 0.00622, 0.00463, 0.00316], hit=[0.04013, 0.06215, 0.09266, 0.15791], ndcg=[0.02580, 0.03293, 0.04058, 0.05345], Train Rec Loss=[0.03276], Eval Rec Loss=[0.03241], c=[0.50000], F=[0.85430, 0.89840, 0.92208, 0.94962], F_fuse=[0.01590, 0.01235, 0.00922, 0.00630]
[ INFO : 2026-08-14 04:53:13,831 ] - Epoch 238: train==[56.69831 = 0.58485 + 0.60652 + 2.57576 + 0.01193 + 0.00000 + 0.00454 + 884.94450]
[ INFO : 2026-08-14 04:53:21,259 ] - Test_@[5, 10, 20, 50]: Recall=[0.04127, 0.06395, 0.09592, 0.16215],  precision=[0.00825, 0.00639, 0.00480, 0.00324], hit=[0.04127, 0.06395, 0.09592, 0.16215], ndcg=[0.02637, 0.03369, 0.04174, 0.05481], Train Rec Loss=[0.03276], Eval Rec Loss=[0.03240], c=[0.50000], F=[0.85177, 0.89775, 0.92380, 0.94840], F_fuse=[0.01635, 0.01270, 0.00954, 0.00646]
[ INFO : 2026-08-14 04:54:32,869 ] - Epoch 239: train==[56.70594 = 0.58359 + 0.60651 + 2.58482 + 0.01188 + 0.00000 + 0.00441 + 884.94450]
[ INFO : 2026-08-14 04:54:40,342 ] - Test_@[5, 10, 20, 50]: Recall=[0.04258, 0.06395, 0.10098, 0.16313],  precision=[0.00852, 0.00639, 0.00505, 0.00326], hit=[0.04258, 0.06395, 0.10098, 0.16313], ndcg=[0.02758, 0.03455, 0.04377, 0.05595], Train Rec Loss=[0.03276], Eval Rec Loss=[0.03240], c=[0.50000], F=[0.85651, 0.90010, 0.92451, 0.94651], F_fuse=[0.01686, 0.01270, 0.01004, 0.00650]
[ INFO : 2026-08-14 04:55:51,731 ] - Epoch 240: train==[56.70088 = 0.57793 + 0.60652 + 2.58501 + 0.01192 + 0.00000 + 0.00479 + 884.94450]
[ INFO : 2026-08-14 04:55:59,159 ] - Test_@[5, 10, 20, 50]: Recall=[0.03997, 0.06199, 0.09445, 0.16150],  precision=[0.00799, 0.00620, 0.00472, 0.00323], hit=[0.03997, 0.06199, 0.09445, 0.16150], ndcg=[0.02565, 0.03276, 0.04091, 0.05412], Train Rec Loss=[0.03275], Eval Rec Loss=[0.03241], c=[0.50000], F=[0.85199, 0.89798, 0.92248, 0.94835], F_fuse=[0.01584, 0.01231, 0.00940, 0.00644]
[ INFO : 2026-08-14 04:57:10,195 ] - Epoch 241: train==[56.67573 = 0.57759 + 0.60651 + 2.56135 + 0.01198 + 0.00000 + 0.00357 + 884.94450]
[ INFO : 2026-08-14 04:57:17,682 ] - Test_@[5, 10, 20, 50]: Recall=[0.04176, 0.06297, 0.09837, 0.16117],  precision=[0.00835, 0.00630, 0.00492, 0.00322], hit=[0.04176, 0.06297, 0.09837, 0.16117], ndcg=[0.02686, 0.03372, 0.04260, 0.05499], Train Rec Loss=[0.03275], Eval Rec Loss=[0.03242], c=[0.50000], F=[0.85290, 0.90004, 0.92373, 0.94630], F_fuse=[0.01654, 0.01251, 0.00978, 0.00643]
[ INFO : 2026-08-14 04:58:28,252 ] - Epoch 242: train==[56.65323 = 0.58448 + 0.60652 + 2.53050 + 0.01196 + 0.00000 + 0.00505 + 884.94450]
[ INFO : 2026-08-14 04:58:35,592 ] - Test_@[5, 10, 20, 50]: Recall=[0.04046, 0.06330, 0.09690, 0.16183],  precision=[0.00809, 0.00633, 0.00485, 0.00324], hit=[0.04046, 0.06330, 0.09690, 0.16183], ndcg=[0.02575, 0.03314, 0.04156, 0.05438], Train Rec Loss=[0.03275], Eval Rec Loss=[0.03241], c=[0.50000], F=[0.85745, 0.90248, 0.92473, 0.94681], F_fuse=[0.01603, 0.01257, 0.00964, 0.00645]
[ INFO : 2026-08-14 04:59:46,476 ] - Epoch 243: train==[56.61998 = 0.57560 + 0.60652 + 2.50734 + 0.01202 + 0.00000 + 0.00379 + 884.94450]
[ INFO : 2026-08-14 04:59:53,981 ] - Test_@[5, 10, 20, 50]: Recall=[0.04029, 0.06330, 0.09331, 0.15905],  precision=[0.00806, 0.00633, 0.00467, 0.00318], hit=[0.04029, 0.06330, 0.09331, 0.15905], ndcg=[0.02573, 0.03326, 0.04079, 0.05380], Train Rec Loss=[0.03276], Eval Rec Loss=[0.03242], c=[0.50000], F=[0.85276, 0.89558, 0.92007, 0.94854], F_fuse=[0.01597, 0.01257, 0.00928, 0.00634]
[ INFO : 2026-08-14 05:01:05,114 ] - Epoch 244: train==[56.66020 = 0.57433 + 0.60651 + 2.54818 + 0.01203 + 0.00000 + 0.00443 + 884.94450]
[ INFO : 2026-08-14 05:01:12,484 ] - Test_@[5, 10, 20, 50]: Recall=[0.04046, 0.06444, 0.09641, 0.16281],  precision=[0.00809, 0.00644, 0.00482, 0.00326], hit=[0.04046, 0.06444, 0.09641, 0.16281], ndcg=[0.02618, 0.03398, 0.04201, 0.05514], Train Rec Loss=[0.03276], Eval Rec Loss=[0.03239], c=[0.50000], F=[0.85558, 0.89848, 0.92250, 0.94801], F_fuse=[0.01603, 0.01280, 0.00959, 0.00649]
[ INFO : 2026-08-14 05:02:22,882 ] - Epoch 245: train==[56.60582 = 0.57088 + 0.60652 + 2.49711 + 0.01205 + 0.00000 + 0.00454 + 884.94450]
[ INFO : 2026-08-14 05:02:30,342 ] - Test_@[5, 10, 20, 50]: Recall=[0.03980, 0.06281, 0.09331, 0.16069],  precision=[0.00796, 0.00628, 0.00467, 0.00321], hit=[0.03980, 0.06281, 0.09331, 0.16069], ndcg=[0.02551, 0.03298, 0.04058, 0.05388], Train Rec Loss=[0.03275], Eval Rec Loss=[0.03239], c=[0.50000], F=[0.85041, 0.89627, 0.92223, 0.94820], F_fuse=[0.01577, 0.01247, 0.00928, 0.00641]
[ INFO : 2026-08-14 05:03:41,766 ] - Epoch 246: train==[56.60822 = 0.57051 + 0.60652 + 2.50077 + 0.01207 + 0.00000 + 0.00364 + 884.94450]
[ INFO : 2026-08-14 05:03:49,153 ] - Test_@[5, 10, 20, 50]: Recall=[0.04095, 0.06232, 0.09331, 0.16036],  precision=[0.00819, 0.00623, 0.00467, 0.00321], hit=[0.04095, 0.06232, 0.09331, 0.16036], ndcg=[0.02582, 0.03275, 0.04051, 0.05379], Train Rec Loss=[0.03275], Eval Rec Loss=[0.03239], c=[0.50000], F=[0.85239, 0.89612, 0.92122, 0.94769], F_fuse=[0.01622, 0.01238, 0.00928, 0.00639]
[ INFO : 2026-08-14 05:05:00,549 ] - Epoch 247: train==[56.60386 = 0.56826 + 0.60652 + 2.49888 + 0.01215 + 0.00000 + 0.00334 + 884.94450]
[ INFO : 2026-08-14 05:05:07,898 ] - Test_@[5, 10, 20, 50]: Recall=[0.04127, 0.06150, 0.09413, 0.16020],  precision=[0.00825, 0.00615, 0.00471, 0.00320], hit=[0.04127, 0.06150, 0.09413, 0.16020], ndcg=[0.02609, 0.03263, 0.04081, 0.05388], Train Rec Loss=[0.03275], Eval Rec Loss=[0.03239], c=[0.50000], F=[0.86033, 0.90064, 0.92249, 0.94821], F_fuse=[0.01635, 0.01222, 0.00936, 0.00639]
[ INFO : 2026-08-14 05:06:19,757 ] - Epoch 248: train==[56.60434 = 0.57010 + 0.60652 + 2.49743 + 0.01214 + 0.00000 + 0.00343 + 884.94450]
[ INFO : 2026-08-14 05:06:27,241 ] - Test_@[5, 10, 20, 50]: Recall=[0.04095, 0.06264, 0.09560, 0.16117],  precision=[0.00819, 0.00626, 0.00478, 0.00322], hit=[0.04095, 0.06264, 0.09560, 0.16117], ndcg=[0.02649, 0.03354, 0.04175, 0.05471], Train Rec Loss=[0.03274], Eval Rec Loss=[0.03241], c=[0.50000], F=[0.85271, 0.89844, 0.92055, 0.94780], F_fuse=[0.01622, 0.01244, 0.00951, 0.00643]
[ INFO : 2026-08-14 05:07:37,894 ] - Epoch 249: train==[56.63689 = 0.56606 + 0.60652 + 2.53355 + 0.01209 + 0.00000 + 0.00396 + 884.94450]
[ INFO : 2026-08-14 05:07:45,384 ] - Test_@[5, 10, 20, 50]: Recall=[0.04127, 0.06476, 0.09788, 0.16248],  precision=[0.00825, 0.00648, 0.00489, 0.00325], hit=[0.04127, 0.06476, 0.09788, 0.16248], ndcg=[0.02662, 0.03426, 0.04255, 0.05528], Train Rec Loss=[0.03275], Eval Rec Loss=[0.03240], c=[0.50000], F=[0.85526, 0.89936, 0.92244, 0.94617], F_fuse=[0.01635, 0.01286, 0.00974, 0.00648]
[ INFO : 2026-08-14 05:08:56,775 ] - Epoch 250: train==[56.61539 = 0.56511 + 0.60652 + 2.51334 + 0.01215 + 0.00000 + 0.00354 + 884.94450]
[ INFO : 2026-08-14 05:09:04,203 ] - Test_@[5, 10, 20, 50]: Recall=[0.04046, 0.06297, 0.09576, 0.16183],  precision=[0.00809, 0.00630, 0.00479, 0.00324], hit=[0.04046, 0.06297, 0.09576, 0.16183], ndcg=[0.02560, 0.03292, 0.04110, 0.05413], Train Rec Loss=[0.03274], Eval Rec Loss=[0.03239], c=[0.50000], F=[0.85261, 0.89775, 0.92208, 0.94809], F_fuse=[0.01603, 0.01251, 0.00953, 0.00645]
[ INFO : 2026-08-14 05:10:15,470 ] - Epoch 251: train==[56.58475 = 0.56711 + 0.60652 + 2.48096 + 0.01216 + 0.00000 + 0.00329 + 884.94450]
[ INFO : 2026-08-14 05:10:22,858 ] - Test_@[5, 10, 20, 50]: Recall=[0.04029, 0.06460, 0.09690, 0.15938],  precision=[0.00806, 0.00646, 0.00485, 0.00319], hit=[0.04029, 0.06460, 0.09690, 0.15938], ndcg=[0.02613, 0.03395, 0.04197, 0.05430], Train Rec Loss=[0.03274], Eval Rec Loss=[0.03240], c=[0.50000], F=[0.85218, 0.89941, 0.92257, 0.94742], F_fuse=[0.01597, 0.01283, 0.00964, 0.00635]
[ INFO : 2026-08-14 05:11:34,241 ] - Epoch 252: train==[56.54554 = 0.56255 + 0.60652 + 2.44587 + 0.01222 + 0.00000 + 0.00367 + 884.94450]
[ INFO : 2026-08-14 05:11:41,728 ] - Test_@[5, 10, 20, 50]: Recall=[0.04225, 0.06525, 0.09772, 0.16460],  precision=[0.00845, 0.00653, 0.00489, 0.00329], hit=[0.04225, 0.06525, 0.09772, 0.16460], ndcg=[0.02691, 0.03435, 0.04245, 0.05563], Train Rec Loss=[0.03274], Eval Rec Loss=[0.03239], c=[0.50000], F=[0.85687, 0.90031, 0.92375, 0.94856], F_fuse=[0.01674, 0.01296, 0.00972, 0.00656]
[ INFO : 2026-08-14 05:12:53,041 ] - Epoch 253: train==[56.59864 = 0.56382 + 0.60651 + 2.49717 + 0.01217 + 0.00000 + 0.00425 + 884.94450]
[ INFO : 2026-08-14 05:13:00,463 ] - Test_@[5, 10, 20, 50]: Recall=[0.04209, 0.06330, 0.09641, 0.16346],  precision=[0.00842, 0.00633, 0.00482, 0.00327], hit=[0.04209, 0.06330, 0.09641, 0.16346], ndcg=[0.02653, 0.03341, 0.04171, 0.05492], Train Rec Loss=[0.03275], Eval Rec Loss=[0.03240], c=[0.50000], F=[0.85280, 0.89982, 0.92311, 0.94846], F_fuse=[0.01667, 0.01257, 0.00959, 0.00652]
[ INFO : 2026-08-14 05:14:11,170 ] - Epoch 254: train==[56.59891 = 0.56135 + 0.60652 + 2.49962 + 0.01215 + 0.00000 + 0.00456 + 884.94450]
[ INFO : 2026-08-14 05:14:18,611 ] - Test_@[5, 10, 20, 50]: Recall=[0.04127, 0.06411, 0.09739, 0.16248],  precision=[0.00825, 0.00641, 0.00487, 0.00325], hit=[0.04127, 0.06411, 0.09739, 0.16248], ndcg=[0.02624, 0.03358, 0.04190, 0.05474], Train Rec Loss=[0.03273], Eval Rec Loss=[0.03238], c=[0.50000], F=[0.85845, 0.90180, 0.92374, 0.94803], F_fuse=[0.01635, 0.01273, 0.00969, 0.00648]
[ INFO : 2026-08-14 05:15:29,986 ] - Epoch 255: train==[56.56961 = 0.55867 + 0.60652 + 2.47341 + 0.01214 + 0.00000 + 0.00416 + 884.94450]
[ INFO : 2026-08-14 05:15:37,470 ] - Test_@[5, 10, 20, 50]: Recall=[0.04209, 0.06672, 0.10179, 0.16754],  precision=[0.00842, 0.00667, 0.00509, 0.00335], hit=[0.04209, 0.06672, 0.10179, 0.16754], ndcg=[0.02748, 0.03547, 0.04424, 0.05720], Train Rec Loss=[0.03273], Eval Rec Loss=[0.03239], c=[0.50000], F=[0.86007, 0.90526, 0.92658, 0.94560], F_fuse=[0.01667, 0.01325, 0.01012, 0.00668]
[ INFO : 2026-08-14 05:16:48,785 ] - Epoch 256: train==[56.57969 = 0.55567 + 0.60652 + 2.48597 + 0.01209 + 0.00000 + 0.00472 + 884.94450]
[ INFO : 2026-08-14 05:16:56,142 ] - Test_@[5, 10, 20, 50]: Recall=[0.03997, 0.06166, 0.09592, 0.15954],  precision=[0.00799, 0.00617, 0.00480, 0.00319], hit=[0.03997, 0.06166, 0.09592, 0.15954], ndcg=[0.02583, 0.03285, 0.04140, 0.05391], Train Rec Loss=[0.03274], Eval Rec Loss=[0.03238], c=[0.50000], F=[0.85768, 0.90042, 0.92232, 0.94789], F_fuse=[0.01584, 0.01225, 0.00954, 0.00636]
[ INFO : 2026-08-14 05:18:07,245 ] - Epoch 257: train==[56.58296 = 0.55720 + 0.60652 + 2.48787 + 0.01222 + 0.00000 + 0.00443 + 884.94450]
[ INFO : 2026-08-14 05:18:14,697 ] - Test_@[5, 10, 20, 50]: Recall=[0.04095, 0.06166, 0.09478, 0.15922],  precision=[0.00819, 0.00617, 0.00474, 0.00318], hit=[0.04095, 0.06166, 0.09478, 0.15922], ndcg=[0.02617, 0.03292, 0.04122, 0.05400], Train Rec Loss=[0.03273], Eval Rec Loss=[0.03239], c=[0.50000], F=[0.85297, 0.89822, 0.92220, 0.94829], F_fuse=[0.01622, 0.01225, 0.00943, 0.00635]
[ INFO : 2026-08-14 05:19:25,612 ] - Epoch 258: train==[56.52602 = 0.55701 + 0.60652 + 2.43114 + 0.01221 + 0.00000 + 0.00443 + 884.94450]
[ INFO : 2026-08-14 05:19:33,771 ] - Test_@[5, 10, 20, 50]: Recall=[0.04241, 0.06623, 0.09984, 0.16509],  precision=[0.00848, 0.00662, 0.00499, 0.00330], hit=[0.04241, 0.06623, 0.09984, 0.16509], ndcg=[0.02708, 0.03474, 0.04311, 0.05595], Train Rec Loss=[0.03274], Eval Rec Loss=[0.03239], c=[0.50000], F=[0.85107, 0.89747, 0.92269, 0.94783], F_fuse=[0.01680, 0.01315, 0.00993, 0.00658]
[ INFO : 2026-08-14 05:20:45,266 ] - Epoch 259: train==[56.56352 = 0.55448 + 0.60652 + 2.46997 + 0.01217 + 0.00000 + 0.00566 + 884.94450]
[ INFO : 2026-08-14 05:20:52,782 ] - Test_@[5, 10, 20, 50]: Recall=[0.03948, 0.06069, 0.09364, 0.15856],  precision=[0.00790, 0.00607, 0.00468, 0.00317], hit=[0.03948, 0.06069, 0.09364, 0.15856], ndcg=[0.02500, 0.03189, 0.04014, 0.05299], Train Rec Loss=[0.03273], Eval Rec Loss=[0.03237], c=[0.50000], F=[0.85008, 0.89346, 0.92105, 0.94953], F_fuse=[0.01565, 0.01206, 0.00932, 0.00632]
[ INFO : 2026-08-14 05:22:04,390 ] - Epoch 260: train==[56.54149 = 0.55534 + 0.60652 + 2.44761 + 0.01226 + 0.00000 + 0.00503 + 884.94450]
[ INFO : 2026-08-14 05:22:11,882 ] - Test_@[5, 10, 20, 50]: Recall=[0.04144, 0.06574, 0.09837, 0.16395],  precision=[0.00829, 0.00657, 0.00492, 0.00328], hit=[0.04144, 0.06574, 0.09837, 0.16395], ndcg=[0.02659, 0.03447, 0.04261, 0.05553], Train Rec Loss=[0.03273], Eval Rec Loss=[0.03238], c=[0.50000], F=[0.85541, 0.90032, 0.92465, 0.94779], F_fuse=[0.01642, 0.01305, 0.00978, 0.00654]
[ INFO : 2026-08-14 05:23:22,773 ] - Epoch 261: train==[56.50891 = 0.54899 + 0.60652 + 2.42323 + 0.01224 + 0.00000 + 0.00321 + 884.94450]
[ INFO : 2026-08-14 05:23:30,626 ] - Test_@[5, 10, 20, 50]: Recall=[0.04144, 0.06460, 0.09608, 0.16020],  precision=[0.00829, 0.00646, 0.00480, 0.00320], hit=[0.04144, 0.06460, 0.09608, 0.16020], ndcg=[0.02653, 0.03399, 0.04187, 0.05458], Train Rec Loss=[0.03273], Eval Rec Loss=[0.03238], c=[0.50000], F=[0.85596, 0.89930, 0.92153, 0.94679], F_fuse=[0.01642, 0.01283, 0.00956, 0.00639]
[ INFO : 2026-08-14 05:24:41,889 ] - Epoch 262: train==[56.53324 = 0.54528 + 0.60652 + 2.44994 + 0.01218 + 0.00000 + 0.00460 + 884.94450]
[ INFO : 2026-08-14 05:24:49,292 ] - Test_@[5, 10, 20, 50]: Recall=[0.04078, 0.06297, 0.09527, 0.16297],  precision=[0.00816, 0.00630, 0.00476, 0.00326], hit=[0.04078, 0.06297, 0.09527, 0.16297], ndcg=[0.02608, 0.03327, 0.04138, 0.05475], Train Rec Loss=[0.03272], Eval Rec Loss=[0.03239], c=[0.50000], F=[0.85405, 0.89895, 0.92325, 0.94841], F_fuse=[0.01616, 0.01251, 0.00948, 0.00650]
[ INFO : 2026-08-14 05:26:01,425 ] - Epoch 263: train==[56.52296 = 0.54860 + 0.60652 + 2.43628 + 0.01216 + 0.00000 + 0.00468 + 884.94450]
[ INFO : 2026-08-14 05:26:09,010 ] - Test_@[5, 10, 20, 50]: Recall=[0.04029, 0.06232, 0.09494, 0.16003],  precision=[0.00806, 0.00623, 0.00475, 0.00320], hit=[0.04029, 0.06232, 0.09494, 0.16003], ndcg=[0.02562, 0.03273, 0.04089, 0.05369], Train Rec Loss=[0.03272], Eval Rec Loss=[0.03238], c=[0.50000], F=[0.85432, 0.89611, 0.92307, 0.94996], F_fuse=[0.01597, 0.01238, 0.00945, 0.00638]
[ INFO : 2026-08-14 05:27:20,438 ] - Epoch 264: train==[56.53764 = 0.55156 + 0.60652 + 2.44790 + 0.01215 + 0.00000 + 0.00480 + 884.94450]
[ INFO : 2026-08-14 05:27:27,846 ] - Test_@[5, 10, 20, 50]: Recall=[0.04225, 0.06542, 0.09902, 0.16427],  precision=[0.00845, 0.00654, 0.00495, 0.00329], hit=[0.04225, 0.06542, 0.09902, 0.16427], ndcg=[0.02748, 0.03496, 0.04336, 0.05626], Train Rec Loss=[0.03272], Eval Rec Loss=[0.03237], c=[0.50000], F=[0.84515, 0.89586, 0.92267, 0.94685], F_fuse=[0.01673, 0.01299, 0.00985, 0.00655]
[ INFO : 2026-08-14 05:28:39,206 ] - Epoch 265: train==[56.47628 = 0.54390 + 0.60652 + 2.39410 + 0.01219 + 0.00000 + 0.00486 + 884.94450]
[ INFO : 2026-08-14 05:28:46,720 ] - Test_@[5, 10, 20, 50]: Recall=[0.03980, 0.06281, 0.09315, 0.15775],  precision=[0.00796, 0.00628, 0.00466, 0.00315], hit=[0.03980, 0.06281, 0.09315, 0.15775], ndcg=[0.02529, 0.03264, 0.04022, 0.05301], Train Rec Loss=[0.03272], Eval Rec Loss=[0.03238], c=[0.50000], F=[0.85448, 0.89920, 0.92243, 0.94878], F_fuse=[0.01577, 0.01247, 0.00927, 0.00629]
[ INFO : 2026-08-14 05:29:57,533 ] - Epoch 266: train==[56.46599 = 0.54070 + 0.60652 + 2.38715 + 0.01224 + 0.00000 + 0.00468 + 884.94450]
[ INFO : 2026-08-14 05:30:04,985 ] - Test_@[5, 10, 20, 50]: Recall=[0.04013, 0.06346, 0.09478, 0.16085],  precision=[0.00803, 0.00635, 0.00474, 0.00322], hit=[0.04013, 0.06346, 0.09478, 0.16085], ndcg=[0.02522, 0.03270, 0.04054, 0.05352], Train Rec Loss=[0.03272], Eval Rec Loss=[0.03237], c=[0.50000], F=[0.85463, 0.89954, 0.92460, 0.94956], F_fuse=[0.01590, 0.01260, 0.00943, 0.00641]
[ INFO : 2026-08-14 05:31:17,147 ] - Epoch 267: train==[56.44161 = 0.54130 + 0.60652 + 2.36219 + 0.01234 + 0.00000 + 0.00454 + 884.94450]
[ INFO : 2026-08-14 05:31:24,777 ] - Test_@[5, 10, 20, 50]: Recall=[0.04144, 0.06525, 0.09821, 0.16493],  precision=[0.00829, 0.00653, 0.00491, 0.00330], hit=[0.04144, 0.06525, 0.09821, 0.16493], ndcg=[0.02696, 0.03462, 0.04285, 0.05599], Train Rec Loss=[0.03272], Eval Rec Loss=[0.03236], c=[0.50000], F=[0.84936, 0.89785, 0.92336, 0.94635], F_fuse=[0.01641, 0.01296, 0.00977, 0.00657]
[ INFO : 2026-08-14 05:32:35,894 ] - Epoch 268: train==[56.50345 = 0.54014 + 0.60652 + 2.42548 + 0.01228 + 0.00000 + 0.00433 + 884.94450]
[ INFO : 2026-08-14 05:32:43,478 ] - Test_@[5, 10, 20, 50]: Recall=[0.03768, 0.05987, 0.09086, 0.15416],  precision=[0.00754, 0.00599, 0.00454, 0.00308], hit=[0.03768, 0.05987, 0.09086, 0.15416], ndcg=[0.02404, 0.03126, 0.03905, 0.05160], Train Rec Loss=[0.03272], Eval Rec Loss=[0.03236], c=[0.50000], F=[0.85304, 0.89728, 0.92260, 0.94987], F_fuse=[0.01494, 0.01189, 0.00904, 0.00615]
[ INFO : 2026-08-14 05:33:55,310 ] - Epoch 269: train==[56.51975 = 0.53763 + 0.60652 + 2.44357 + 0.01216 + 0.00000 + 0.00517 + 884.94450]
[ INFO : 2026-08-14 05:34:03,311 ] - Test_@[5, 10, 20, 50]: Recall=[0.04192, 0.06542, 0.09902, 0.16395],  precision=[0.00838, 0.00654, 0.00495, 0.00328], hit=[0.04192, 0.06542, 0.09902, 0.16395], ndcg=[0.02741, 0.03500, 0.04337, 0.05613], Train Rec Loss=[0.03272], Eval Rec Loss=[0.03237], c=[0.50000], F=[0.84976, 0.89650, 0.92218, 0.94759], F_fuse=[0.01661, 0.01299, 0.00985, 0.00654]
[ INFO : 2026-08-14 05:35:14,143 ] - Epoch 270: train==[56.44559 = 0.53914 + 0.60652 + 2.36882 + 0.01231 + 0.00000 + 0.00409 + 884.94450]
[ INFO : 2026-08-14 05:35:21,639 ] - Test_@[5, 10, 20, 50]: Recall=[0.04029, 0.06378, 0.09625, 0.16101],  precision=[0.00806, 0.00638, 0.00481, 0.00322], hit=[0.04029, 0.06378, 0.09625, 0.16101], ndcg=[0.02564, 0.03323, 0.04132, 0.05411], Train Rec Loss=[0.03271], Eval Rec Loss=[0.03237], c=[0.50000], F=[0.85333, 0.89879, 0.92291, 0.94778], F_fuse=[0.01597, 0.01267, 0.00957, 0.00642]
[ INFO : 2026-08-14 05:36:32,519 ] - Epoch 271: train==[56.47100 = 0.54120 + 0.60652 + 2.39195 + 0.01233 + 0.00000 + 0.00428 + 884.94450]
[ INFO : 2026-08-14 05:36:39,896 ] - Test_@[5, 10, 20, 50]: Recall=[0.04192, 0.06591, 0.09853, 0.16427],  precision=[0.00838, 0.00659, 0.00493, 0.00329], hit=[0.04192, 0.06591, 0.09853, 0.16427], ndcg=[0.02702, 0.03478, 0.04298, 0.05594], Train Rec Loss=[0.03273], Eval Rec Loss=[0.03237], c=[0.50000], F=[0.85639, 0.89838, 0.92292, 0.94612], F_fuse=[0.01661, 0.01309, 0.00980, 0.00655]
[ INFO : 2026-08-14 05:37:50,740 ] - Epoch 272: train==[56.48585 = 0.53432 + 0.60652 + 2.41381 + 0.01234 + 0.00000 + 0.00414 + 884.94450]
[ INFO : 2026-08-14 05:37:58,188 ] - Test_@[5, 10, 20, 50]: Recall=[0.04225, 0.06493, 0.09804, 0.16183],  precision=[0.00845, 0.00649, 0.00490, 0.00324], hit=[0.04225, 0.06493, 0.09804, 0.16183], ndcg=[0.02705, 0.03440, 0.04269, 0.05529], Train Rec Loss=[0.03271], Eval Rec Loss=[0.03237], c=[0.50000], F=[0.85387, 0.89774, 0.92333, 0.94712], F_fuse=[0.01673, 0.01289, 0.00975, 0.00645]
[ INFO : 2026-08-14 05:39:09,720 ] - Epoch 273: train==[56.46232 = 0.53232 + 0.60652 + 2.39240 + 0.01242 + 0.00000 + 0.00396 + 884.94450]
[ INFO : 2026-08-14 05:39:17,188 ] - Test_@[5, 10, 20, 50]: Recall=[0.03899, 0.06150, 0.09364, 0.15954],  precision=[0.00780, 0.00615, 0.00468, 0.00319], hit=[0.03899, 0.06150, 0.09364, 0.15954], ndcg=[0.02488, 0.03220, 0.04029, 0.05333], Train Rec Loss=[0.03271], Eval Rec Loss=[0.03236], c=[0.50000], F=[0.85355, 0.89938, 0.92456, 0.95046], F_fuse=[0.01545, 0.01222, 0.00932, 0.00636]
[ INFO : 2026-08-14 05:40:28,494 ] - Epoch 274: train==[56.39398 = 0.53078 + 0.60652 + 2.32549 + 0.01236 + 0.00000 + 0.00412 + 884.94450]
[ INFO : 2026-08-14 05:40:36,011 ] - Test_@[5, 10, 20, 50]: Recall=[0.04209, 0.06395, 0.09886, 0.16264],  precision=[0.00842, 0.00639, 0.00494, 0.00325], hit=[0.04209, 0.06395, 0.09886, 0.16264], ndcg=[0.02673, 0.03381, 0.04252, 0.05507], Train Rec Loss=[0.03271], Eval Rec Loss=[0.03236], c=[0.50000], F=[0.85583, 0.89996, 0.92430, 0.94748], F_fuse=[0.01667, 0.01270, 0.00983, 0.00648]
[ INFO : 2026-08-14 05:41:47,003 ] - Epoch 275: train==[56.41013 = 0.53584 + 0.60652 + 2.33660 + 0.01248 + 0.00000 + 0.00397 + 884.94450]
[ INFO : 2026-08-14 05:41:54,358 ] - Test_@[5, 10, 20, 50]: Recall=[0.04209, 0.06542, 0.09821, 0.16411],  precision=[0.00842, 0.00654, 0.00491, 0.00328], hit=[0.04209, 0.06542, 0.09821, 0.16411], ndcg=[0.02696, 0.03452, 0.04276, 0.05579], Train Rec Loss=[0.03271], Eval Rec Loss=[0.03236], c=[0.50000], F=[0.85368, 0.89903, 0.92409, 0.94693], F_fuse=[0.01667, 0.01299, 0.00977, 0.00654]
[ INFO : 2026-08-14 05:43:05,796 ] - Epoch 276: train==[56.43552 = 0.53616 + 0.60652 + 2.36209 + 0.01245 + 0.00000 + 0.00358 + 884.94450]
[ INFO : 2026-08-14 05:43:13,245 ] - Test_@[5, 10, 20, 50]: Recall=[0.03997, 0.06166, 0.09315, 0.15971],  precision=[0.00799, 0.00617, 0.00466, 0.00319], hit=[0.03997, 0.06166, 0.09315, 0.15971], ndcg=[0.02571, 0.03275, 0.04068, 0.05378], Train Rec Loss=[0.03271], Eval Rec Loss=[0.03236], c=[0.50000], F=[0.85364, 0.89703, 0.92135, 0.94788], F_fuse=[0.01584, 0.01225, 0.00927, 0.00637]
[ INFO : 2026-08-14 05:44:25,168 ] - Epoch 277: train==[56.42905 = 0.52733 + 0.60653 + 2.36341 + 0.01244 + 0.00000 + 0.00463 + 884.94450]
[ INFO : 2026-08-14 05:44:32,561 ] - Test_@[5, 10, 20, 50]: Recall=[0.03931, 0.06150, 0.09021, 0.15530],  precision=[0.00786, 0.00615, 0.00451, 0.00311], hit=[0.03931, 0.06150, 0.09021, 0.15530], ndcg=[0.02522, 0.03243, 0.03964, 0.05250], Train Rec Loss=[0.03271], Eval Rec Loss=[0.03236], c=[0.50000], F=[0.85493, 0.89710, 0.92139, 0.94799], F_fuse=[0.01558, 0.01222, 0.00898, 0.00619]
[ INFO : 2026-08-14 05:45:44,134 ] - Epoch 278: train==[56.43749 = 0.52849 + 0.60652 + 2.37131 + 0.01243 + 0.00000 + 0.00402 + 884.94450]
[ INFO : 2026-08-14 05:45:51,593 ] - Test_@[5, 10, 20, 50]: Recall=[0.04241, 0.06525, 0.09886, 0.15971],  precision=[0.00848, 0.00653, 0.00494, 0.00319], hit=[0.04241, 0.06525, 0.09886, 0.15971], ndcg=[0.02734, 0.03476, 0.04317, 0.05521], Train Rec Loss=[0.03270], Eval Rec Loss=[0.03236], c=[0.50000], F=[0.85792, 0.89981, 0.92448, 0.94786], F_fuse=[0.01680, 0.01296, 0.00983, 0.00637]
[ INFO : 2026-08-14 05:47:02,676 ] - Epoch 279: train==[56.38675 = 0.52503 + 0.60653 + 2.32387 + 0.01248 + 0.00000 + 0.00414 + 884.94450]
[ INFO : 2026-08-14 05:47:10,118 ] - Test_@[5, 10, 20, 50]: Recall=[0.04111, 0.06525, 0.09674, 0.16134],  precision=[0.00822, 0.00653, 0.00484, 0.00323], hit=[0.04111, 0.06525, 0.09674, 0.16134], ndcg=[0.02672, 0.03459, 0.04249, 0.05528], Train Rec Loss=[0.03271], Eval Rec Loss=[0.03236], c=[0.50000], F=[0.85639, 0.89956, 0.92135, 0.94722], F_fuse=[0.01629, 0.01296, 0.00962, 0.00643]
[ INFO : 2026-08-14 05:48:21,161 ] - Epoch 280: train==[56.43151 = 0.52448 + 0.60652 + 2.36825 + 0.01253 + 0.00000 + 0.00502 + 884.94450]
[ INFO : 2026-08-14 05:48:28,582 ] - Test_@[5, 10, 20, 50]: Recall=[0.04111, 0.06427, 0.09869, 0.16362],  precision=[0.00822, 0.00643, 0.00493, 0.00327], hit=[0.04111, 0.06427, 0.09869, 0.16362], ndcg=[0.02620, 0.03369, 0.04231, 0.05512], Train Rec Loss=[0.03270], Eval Rec Loss=[0.03235], c=[0.50000], F=[0.86099, 0.90257, 0.92376, 0.94771], F_fuse=[0.01629, 0.01276, 0.00982, 0.00652]
[ INFO : 2026-08-14 05:49:39,846 ] - Epoch 281: train==[56.42397 = 0.52446 + 0.60652 + 2.36141 + 0.01245 + 0.00000 + 0.00440 + 884.94450]
[ INFO : 2026-08-14 05:49:47,248 ] - Test_@[5, 10, 20, 50]: Recall=[0.04258, 0.06493, 0.09739, 0.16052],  precision=[0.00852, 0.00649, 0.00487, 0.00321], hit=[0.04258, 0.06493, 0.09739, 0.16052], ndcg=[0.02714, 0.03439, 0.04253, 0.05501], Train Rec Loss=[0.03270], Eval Rec Loss=[0.03236], c=[0.50000], F=[0.86023, 0.90246, 0.92514, 0.94788], F_fuse=[0.01686, 0.01289, 0.00969, 0.00640]
[ INFO : 2026-08-14 05:50:58,431 ] - Epoch 282: train==[56.43310 = 0.51977 + 0.60652 + 2.37538 + 0.01245 + 0.00000 + 0.00426 + 884.94450]
[ INFO : 2026-08-14 05:51:05,844 ] - Test_@[5, 10, 20, 50]: Recall=[0.04258, 0.06525, 0.09935, 0.16460],  precision=[0.00852, 0.00653, 0.00497, 0.00329], hit=[0.04258, 0.06525, 0.09935, 0.16460], ndcg=[0.02787, 0.03519, 0.04376, 0.05662], Train Rec Loss=[0.03270], Eval Rec Loss=[0.03234], c=[0.50000], F=[0.85865, 0.90063, 0.92405, 0.94650], F_fuse=[0.01686, 0.01296, 0.00988, 0.00656]
[ INFO : 2026-08-14 05:52:17,452 ] - Epoch 283: train==[56.35379 = 0.52063 + 0.60652 + 2.29511 + 0.01244 + 0.00000 + 0.00438 + 884.94450]
[ INFO : 2026-08-14 05:52:24,975 ] - Test_@[5, 10, 20, 50]: Recall=[0.04144, 0.06411, 0.09821, 0.16199],  precision=[0.00829, 0.00641, 0.00491, 0.00324], hit=[0.04144, 0.06411, 0.09821, 0.16199], ndcg=[0.02704, 0.03442, 0.04299, 0.05557], Train Rec Loss=[0.03270], Eval Rec Loss=[0.03235], c=[0.50000], F=[0.85595, 0.90014, 0.92473, 0.94792], F_fuse=[0.01642, 0.01273, 0.00977, 0.00646]
[ INFO : 2026-08-14 05:53:36,383 ] - Epoch 284: train==[56.41287 = 0.52608 + 0.60652 + 2.34894 + 0.01243 + 0.00000 + 0.00419 + 884.94450]
[ INFO : 2026-08-14 05:53:43,905 ] - Test_@[5, 10, 20, 50]: Recall=[0.04144, 0.06444, 0.09723, 0.16248],  precision=[0.00829, 0.00644, 0.00486, 0.00325], hit=[0.04144, 0.06444, 0.09723, 0.16248], ndcg=[0.02698, 0.03445, 0.04267, 0.05555], Train Rec Loss=[0.03270], Eval Rec Loss=[0.03235], c=[0.50000], F=[0.85814, 0.90100, 0.92297, 0.94684], F_fuse=[0.01642, 0.01280, 0.00967, 0.00648]
[ INFO : 2026-08-14 05:54:55,591 ] - Epoch 285: train==[56.38110 = 0.52016 + 0.60652 + 2.32344 + 0.01250 + 0.00000 + 0.00377 + 884.94450]
[ INFO : 2026-08-14 05:55:02,987 ] - Test_@[5, 10, 20, 50]: Recall=[0.04029, 0.06313, 0.09739, 0.15808],  precision=[0.00806, 0.00631, 0.00487, 0.00316], hit=[0.04029, 0.06313, 0.09739, 0.15808], ndcg=[0.02630, 0.03377, 0.04236, 0.05438], Train Rec Loss=[0.03268], Eval Rec Loss=[0.03234], c=[0.50000], F=[0.85463, 0.89861, 0.92290, 0.94870], F_fuse=[0.01597, 0.01254, 0.00969, 0.00630]
[ INFO : 2026-08-14 05:56:13,369 ] - Epoch 286: train==[56.42358 = 0.51697 + 0.60652 + 2.36750 + 0.01245 + 0.00000 + 0.00543 + 884.94450]
[ INFO : 2026-08-14 05:56:20,821 ] - Test_@[5, 10, 20, 50]: Recall=[0.03964, 0.06215, 0.09445, 0.15808],  precision=[0.00793, 0.00622, 0.00472, 0.00316], hit=[0.03964, 0.06215, 0.09445, 0.15808], ndcg=[0.02497, 0.03227, 0.04040, 0.05295], Train Rec Loss=[0.03270], Eval Rec Loss=[0.03234], c=[0.50000], F=[0.85545, 0.89760, 0.92347, 0.95056], F_fuse=[0.01571, 0.01235, 0.00940, 0.00630]
[ INFO : 2026-08-14 05:57:31,939 ] - Epoch 287: train==[56.40172 = 0.51633 + 0.60652 + 2.34715 + 0.01257 + 0.00000 + 0.00443 + 884.94450]
[ INFO : 2026-08-14 05:57:39,359 ] - Test_@[5, 10, 20, 50]: Recall=[0.04290, 0.06688, 0.10131, 0.16542],  precision=[0.00858, 0.00669, 0.00507, 0.00331], hit=[0.04290, 0.06688, 0.10131, 0.16542], ndcg=[0.02756, 0.03535, 0.04402, 0.05668], Train Rec Loss=[0.03269], Eval Rec Loss=[0.03235], c=[0.50000], F=[0.85659, 0.90123, 0.92331, 0.94637], F_fuse=[0.01699, 0.01328, 0.01008, 0.00659]
[ INFO : 2026-08-14 05:58:50,078 ] - Epoch 288: train==[56.38593 = 0.51650 + 0.60652 + 2.33099 + 0.01255 + 0.00000 + 0.00465 + 884.94450]
[ INFO : 2026-08-14 05:58:57,597 ] - Test_@[5, 10, 20, 50]: Recall=[0.03964, 0.06215, 0.09625, 0.16020],  precision=[0.00793, 0.00622, 0.00481, 0.00320], hit=[0.03964, 0.06215, 0.09625, 0.16020], ndcg=[0.02506, 0.03238, 0.04093, 0.05350], Train Rec Loss=[0.03270], Eval Rec Loss=[0.03235], c=[0.50000], F=[0.85497, 0.89815, 0.92462, 0.94978], F_fuse=[0.01571, 0.01235, 0.00957, 0.00639]
[ INFO : 2026-08-14 06:00:08,616 ] - Epoch 289: train==[56.37320 = 0.51434 + 0.60652 + 2.32026 + 0.01253 + 0.00000 + 0.00484 + 884.94450]
[ INFO : 2026-08-14 06:00:16,000 ] - Test_@[5, 10, 20, 50]: Recall=[0.04029, 0.06281, 0.09560, 0.15971],  precision=[0.00806, 0.00628, 0.00478, 0.00319], hit=[0.04029, 0.06281, 0.09560, 0.15971], ndcg=[0.02583, 0.03314, 0.04133, 0.05396], Train Rec Loss=[0.03269], Eval Rec Loss=[0.03234], c=[0.50000], F=[0.84545, 0.89151, 0.91978, 0.94905], F_fuse=[0.01597, 0.01247, 0.00951, 0.00637]
[ INFO : 2026-08-14 06:01:26,892 ] - Epoch 290: train==[56.37245 = 0.51261 + 0.60652 + 2.32124 + 0.01258 + 0.00000 + 0.00479 + 884.94450]
[ INFO : 2026-08-14 06:01:34,430 ] - Test_@[5, 10, 20, 50]: Recall=[0.04372, 0.06591, 0.10016, 0.16117],  precision=[0.00874, 0.00659, 0.00501, 0.00322], hit=[0.04372, 0.06591, 0.10016, 0.16117], ndcg=[0.02835, 0.03556, 0.04411, 0.05609], Train Rec Loss=[0.03268], Eval Rec Loss=[0.03236], c=[0.50000], F=[0.85467, 0.89827, 0.92072, 0.94713], F_fuse=[0.01731, 0.01309, 0.00996, 0.00643]
[ INFO : 2026-08-14 06:02:45,817 ] - Epoch 291: train==[56.38635 = 0.51199 + 0.60652 + 2.33609 + 0.01247 + 0.00000 + 0.00457 + 884.94450]
[ INFO : 2026-08-14 06:02:53,249 ] - Test_@[5, 10, 20, 50]: Recall=[0.04062, 0.06264, 0.09445, 0.15840],  precision=[0.00812, 0.00626, 0.00472, 0.00317], hit=[0.04062, 0.06264, 0.09445, 0.15840], ndcg=[0.02613, 0.03332, 0.04132, 0.05399], Train Rec Loss=[0.03269], Eval Rec Loss=[0.03234], c=[0.50000], F=[0.85518, 0.89749, 0.92079, 0.94699], F_fuse=[0.01610, 0.01244, 0.00940, 0.00631]
[ INFO : 2026-08-14 06:04:04,486 ] - Epoch 292: train==[56.40987 = 0.51232 + 0.60652 + 2.35837 + 0.01247 + 0.00000 + 0.00548 + 884.94450]
[ INFO : 2026-08-14 06:04:11,993 ] - Test_@[5, 10, 20, 50]: Recall=[0.04062, 0.06183, 0.09396, 0.15759],  precision=[0.00812, 0.00618, 0.00470, 0.00315], hit=[0.04062, 0.06183, 0.09396, 0.15759], ndcg=[0.02540, 0.03229, 0.04042, 0.05297], Train Rec Loss=[0.03269], Eval Rec Loss=[0.03234], c=[0.50000], F=[0.85355, 0.89638, 0.92261, 0.94799], F_fuse=[0.01609, 0.01228, 0.00935, 0.00628]
[ INFO : 2026-08-14 06:05:23,330 ] - Epoch 293: train==[56.38322 = 0.51075 + 0.60652 + 2.33498 + 0.01257 + 0.00000 + 0.00368 + 884.94450]
[ INFO : 2026-08-14 06:05:30,709 ] - Test_@[5, 10, 20, 50]: Recall=[0.04241, 0.06509, 0.09902, 0.16199],  precision=[0.00848, 0.00651, 0.00495, 0.00324], hit=[0.04241, 0.06509, 0.09902, 0.16199], ndcg=[0.02713, 0.03448, 0.04296, 0.05535], Train Rec Loss=[0.03269], Eval Rec Loss=[0.03234], c=[0.50000], F=[0.85157, 0.89585, 0.92216, 0.94800], F_fuse=[0.01680, 0.01292, 0.00985, 0.00646]
[ INFO : 2026-08-14 06:06:41,864 ] - Epoch 294: train==[56.36507 = 0.50945 + 0.60652 + 2.31754 + 0.01257 + 0.00000 + 0.00427 + 884.94450]
[ INFO : 2026-08-14 06:06:49,341 ] - Test_@[5, 10, 20, 50]: Recall=[0.04095, 0.06493, 0.09821, 0.16134],  precision=[0.00819, 0.00649, 0.00491, 0.00323], hit=[0.04095, 0.06493, 0.09821, 0.16134], ndcg=[0.02629, 0.03412, 0.04245, 0.05489], Train Rec Loss=[0.03268], Eval Rec Loss=[0.03235], c=[0.50000], F=[0.85017, 0.89169, 0.92090, 0.94865], F_fuse=[0.01622, 0.01289, 0.00977, 0.00643]
[ INFO : 2026-08-14 06:08:00,322 ] - Epoch 295: train==[56.36304 = 0.50663 + 0.60652 + 2.31803 + 0.01252 + 0.00000 + 0.00463 + 884.94450]
[ INFO : 2026-08-14 06:08:07,771 ] - Test_@[5, 10, 20, 50]: Recall=[0.04127, 0.06346, 0.09478, 0.16085],  precision=[0.00825, 0.00635, 0.00474, 0.00322], hit=[0.04127, 0.06346, 0.09478, 0.16085], ndcg=[0.02622, 0.03344, 0.04133, 0.05439], Train Rec Loss=[0.03268], Eval Rec Loss=[0.03234], c=[0.50000], F=[0.85408, 0.89737, 0.92207, 0.94808], F_fuse=[0.01635, 0.01260, 0.00943, 0.00641]
[ INFO : 2026-08-14 06:09:18,661 ] - Epoch 296: train==[56.34368 = 0.50673 + 0.60652 + 2.29824 + 0.01257 + 0.00000 + 0.00492 + 884.94450]
[ INFO : 2026-08-14 06:09:26,032 ] - Test_@[5, 10, 20, 50]: Recall=[0.04274, 0.06542, 0.10049, 0.16362],  precision=[0.00855, 0.00654, 0.00502, 0.00327], hit=[0.04274, 0.06542, 0.10049, 0.16362], ndcg=[0.02689, 0.03423, 0.04305, 0.05548], Train Rec Loss=[0.03268], Eval Rec Loss=[0.03235], c=[0.50000], F=[0.85512, 0.89992, 0.92403, 0.94799], F_fuse=[0.01693, 0.01299, 0.00999, 0.00652]
[ INFO : 2026-08-14 06:10:37,336 ] - Epoch 297: train==[56.36295 = 0.50551 + 0.60652 + 2.31870 + 0.01248 + 0.00000 + 0.00503 + 884.94450]
[ INFO : 2026-08-14 06:10:44,712 ] - Test_@[5, 10, 20, 50]: Recall=[0.04307, 0.06525, 0.09869, 0.16476],  precision=[0.00861, 0.00653, 0.00493, 0.00330], hit=[0.04307, 0.06525, 0.09869, 0.16476], ndcg=[0.02751, 0.03474, 0.04314, 0.05616], Train Rec Loss=[0.03269], Eval Rec Loss=[0.03234], c=[0.50000], F=[0.85151, 0.89755, 0.92304, 0.94750], F_fuse=[0.01705, 0.01296, 0.00982, 0.00657]
[ INFO : 2026-08-14 06:11:56,210 ] - Epoch 298: train==[56.33773 = 0.50711 + 0.60653 + 2.29109 + 0.01254 + 0.00000 + 0.00574 + 884.94450]
[ INFO : 2026-08-14 06:12:03,709 ] - Test_@[5, 10, 20, 50]: Recall=[0.04095, 0.06476, 0.09853, 0.16069],  precision=[0.00819, 0.00648, 0.00493, 0.00321], hit=[0.04095, 0.06476, 0.09853, 0.16069], ndcg=[0.02617, 0.03388, 0.04238, 0.05466], Train Rec Loss=[0.03268], Eval Rec Loss=[0.03233], c=[0.50000], F=[0.85638, 0.89813, 0.92225, 0.94878], F_fuse=[0.01622, 0.01286, 0.00980, 0.00641]
[ INFO : 2026-08-14 06:13:14,708 ] - Epoch 299: train==[56.30791 = 0.50609 + 0.60652 + 2.26376 + 0.01253 + 0.00000 + 0.00430 + 884.94450]
[ INFO : 2026-08-14 06:13:22,163 ] - Test_@[5, 10, 20, 50]: Recall=[0.04225, 0.06330, 0.09494, 0.15840],  precision=[0.00845, 0.00633, 0.00475, 0.00317], hit=[0.04225, 0.06330, 0.09494, 0.15840], ndcg=[0.02736, 0.03418, 0.04216, 0.05479], Train Rec Loss=[0.03269], Eval Rec Loss=[0.03233], c=[0.50000], F=[0.85733, 0.89640, 0.92116, 0.94782], F_fuse=[0.01674, 0.01257, 0.00945, 0.00631]
[ INFO : 2026-08-14 06:14:33,517 ] - Epoch 300: train==[56.37571 = 0.50409 + 0.60652 + 2.33328 + 0.01262 + 0.00000 + 0.00448 + 884.94450]
[ INFO : 2026-08-14 06:14:41,145 ] - Test_@[5, 10, 20, 50]: Recall=[0.03997, 0.06395, 0.09690, 0.15759],  precision=[0.00799, 0.00639, 0.00485, 0.00315], hit=[0.03997, 0.06395, 0.09690, 0.15759], ndcg=[0.02594, 0.03367, 0.04192, 0.05394], Train Rec Loss=[0.03267], Eval Rec Loss=[0.03232], c=[0.50000], F=[0.85222, 0.89649, 0.92117, 0.94755], F_fuse=[0.01584, 0.01270, 0.00964, 0.00628]
n_users=9308, n_items=6710
n_interactions=65671
n_train=59541, n_test=6130, sparsity=0.00105
Finished Fri Aug 14 06:14:42 AM +07 2026
