Job 72381 on gpu03; started Sun Jun 14 07:49:58 AM UTC 2026
Sun Jun 14 07:49:58 2026       
+-----------------------------------------------------------------------------------------+
| NVIDIA-SMI 580.82.07              Driver Version: 580.82.07      CUDA Version: 13.0     |
+-----------------------------------------+------------------------+----------------------+
| GPU  Name                 Persistence-M | Bus-Id          Disp.A | Volatile Uncorr. ECC |
| Fan  Temp   Perf          Pwr:Usage/Cap |           Memory-Usage | GPU-Util  Compute M. |
|                                         |                        |               MIG M. |
|=========================================+========================+======================|
|   0  NVIDIA A100-PCIE-40GB          On  |   00000000:13:00.0 Off |                    0 |
| N/A   36C    P0             34W /  250W |       0MiB /  40960MiB |      0%      Default |
|                                         |                        |             Disabled |
+-----------------------------------------+------------------------+----------------------+

+-----------------------------------------------------------------------------------------+
| Processes:                                                                              |
|  GPU   GI   CI              PID   Type   Process name                        GPU Memory |
|        ID   ID                                                               Usage      |
|=========================================================================================|
|  No running processes found                                                             |
+-----------------------------------------------------------------------------------------+
[ INFO : 2026-06-14 07:50:04,179 ] - Preprocess missing values with zero
[ INFO : 2026-06-14 07:50:04,623 ] - Pretrained diffusion model is loaded from: ./checkpoint/allrecipes/best_model.pth
[ INFO : 2026-06-14 07:50:05,241 ] - Completed data loaded from: ./checkpoint/allrecipes/completed_data.pkl
/media/lhbac29/raid-cf/main.py:105: DeprecationWarning: Please import `csr_matrix` from the `scipy.sparse` namespace; the `scipy.sparse.csr` namespace is deprecated and will be removed in SciPy 2.0.0.
  self.ui_graph = self.ui_graph_raw = pickle.load(open('./data/' + self.dataset + '/train_mat', 'rb'))
[ INFO : 2026-06-14 07:50:05,427 ] - Missing rate = 0.400000, complete strategy: zero
[ INFO : 2026-06-14 07:51:22,442 ] - Epoch 1: train==[128.32582 = 1.24546 + 1.37686 + 29.71728 + 0.00021 + 0.00000 + 4.52174 + 613.43337]
[ INFO : 2026-06-14 07:51:29,998 ] - Test_@[5, 10, 20, 50]: Recall=[0.01036, 0.01522, 0.03759, 0.07378],  precision=[0.00207, 0.00152, 0.00188, 0.00148], hit=[0.01036, 0.01522, 0.03759, 0.07378], ndcg=[0.00625, 0.00785, 0.01343, 0.02042], Train Rec Loss=[0.04931], Eval Rec Loss=[0.04902], c=[1.00000], F=[0.74994, 0.75003, 0.93089, 0.89686], F_fuse=[0.00413, 0.00304, 0.00375, 0.00295]
[ INFO : 2026-06-14 07:52:54,912 ] - Epoch 2: train==[126.02558 = 0.81358 + 1.35216 + 29.53644 + 0.00022 + 0.00000 + 2.76225 + 614.01197]
[ INFO : 2026-06-14 07:53:02,346 ] - Test_@[5, 10, 20, 50]: Recall=[0.00818, 0.01547, 0.03286, 0.07659],  precision=[0.00164, 0.00155, 0.00164, 0.00153], hit=[0.00818, 0.01547, 0.03286, 0.07659], ndcg=[0.00723, 0.00952, 0.01367, 0.02239], Train Rec Loss=[0.04864], Eval Rec Loss=[0.04851], c=[1.00000], F=[0.74994, 0.80292, 0.92261, 0.86451], F_fuse=[0.00327, 0.00309, 0.00328, 0.00306]
[ INFO : 2026-06-14 07:54:24,020 ] - Epoch 3: train==[124.82217 = 0.78225 + 1.34428 + 29.15057 + 0.00024 + 0.00000 + 1.98314 + 613.99606]
[ INFO : 2026-06-14 07:54:31,688 ] - Test_@[5, 10, 20, 50]: Recall=[0.00499, 0.01215, 0.03427, 0.07301],  precision=[0.00100, 0.00121, 0.00171, 0.00146], hit=[0.00499, 0.01215, 0.03427, 0.07301], ndcg=[0.00330, 0.00545, 0.01081, 0.01846], Train Rec Loss=[0.04858], Eval Rec Loss=[0.04833], c=[1.00000], F=[0.74994, 0.76258, 0.92845, 0.89715], F_fuse=[0.00199, 0.00243, 0.00342, 0.00292]
[ INFO : 2026-06-14 07:55:52,707 ] - Epoch 4: train==[123.75414 = 0.77599 + 1.34233 + 28.44580 + 0.00028 + 0.00000 + 1.62944 + 613.98154]
[ INFO : 2026-06-14 07:56:00,362 ] - Test_@[5, 10, 20, 50]: Recall=[0.00869, 0.01739, 0.03235, 0.07339],  precision=[0.00174, 0.00174, 0.00162, 0.00147], hit=[0.00869, 0.01739, 0.03235, 0.07339], ndcg=[0.00735, 0.01003, 0.01374, 0.02185], Train Rec Loss=[0.04860], Eval Rec Loss=[0.04846], c=[1.00000], F=[0.75237, 0.95788, 0.87836, 0.89518], F_fuse=[0.00347, 0.00347, 0.00323, 0.00293]
[ INFO : 2026-06-14 07:57:24,358 ] - Epoch 5: train==[122.70239 = 0.77394 + 1.34203 + 27.61146 + 0.00034 + 0.00000 + 1.41640 + 613.96683]
[ INFO : 2026-06-14 07:57:32,074 ] - Test_@[5, 10, 20, 50]: Recall=[0.00614, 0.01496, 0.03785, 0.07275],  precision=[0.00123, 0.00150, 0.00189, 0.00146], hit=[0.00614, 0.01496, 0.03785, 0.07275], ndcg=[0.00366, 0.00645, 0.01194, 0.01871], Train Rec Loss=[0.04851], Eval Rec Loss=[0.04828], c=[1.00000], F=[0.97978, 0.96518, 0.89615, 0.87455], F_fuse=[0.00245, 0.00299, 0.00378, 0.00291]
[ INFO : 2026-06-14 07:58:55,692 ] - Epoch 6: train==[121.72680 = 0.77284 + 1.34199 + 26.80250 + 0.00040 + 0.00000 + 1.25253 + 613.95548]
[ INFO : 2026-06-14 07:59:03,269 ] - Test_@[5, 10, 20, 50]: Recall=[0.00844, 0.01266, 0.03337, 0.07020],  precision=[0.00169, 0.00127, 0.00167, 0.00140], hit=[0.00844, 0.01266, 0.03337, 0.07020], ndcg=[0.00445, 0.00583, 0.01088, 0.01814], Train Rec Loss=[0.04849], Eval Rec Loss=[0.04823], c=[1.00000], F=[0.54785, 0.89713, 0.92752, 0.87390], F_fuse=[0.00337, 0.00253, 0.00333, 0.00280]
[ INFO : 2026-06-14 08:00:24,817 ] - Epoch 7: train==[120.80464 = 0.76884 + 1.34199 + 26.03951 + 0.00046 + 0.00000 + 1.09901 + 613.94405]
[ INFO : 2026-06-14 08:00:32,428 ] - Test_@[5, 10, 20, 50]: Recall=[0.00959, 0.01726, 0.03836, 0.06904],  precision=[0.00192, 0.00173, 0.00192, 0.00138], hit=[0.00959, 0.01726, 0.03836, 0.06904], ndcg=[0.00466, 0.00704, 0.01219, 0.01805], Train Rec Loss=[0.04857], Eval Rec Loss=[0.04814], c=[1.00000], F=[0.58439, 0.91572, 0.91853, 0.87497], F_fuse=[0.00382, 0.00345, 0.00383, 0.00276]
[ INFO : 2026-06-14 08:01:56,180 ] - Epoch 8: train==[119.89735 = 0.76694 + 1.34199 + 25.23584 + 0.00051 + 0.00000 + 0.99875 + 613.93407]
[ INFO : 2026-06-14 08:02:03,786 ] - Test_@[5, 10, 20, 50]: Recall=[0.01355, 0.01726, 0.03427, 0.06943],  precision=[0.00271, 0.00173, 0.00171, 0.00139], hit=[0.01355, 0.01726, 0.03427, 0.06943], ndcg=[0.00698, 0.00813, 0.01244, 0.01919], Train Rec Loss=[0.04849], Eval Rec Loss=[0.04817], c=[1.00000], F=[0.67869, 0.96386, 0.89316, 0.87900], F_fuse=[0.00540, 0.00345, 0.00342, 0.00277]
[ INFO : 2026-06-14 08:03:25,429 ] - Epoch 9: train==[119.20366 = 0.76139 + 1.34197 + 24.61309 + 0.00056 + 0.00000 + 0.93326 + 613.93446]
[ INFO : 2026-06-14 08:03:33,050 ] - Test_@[5, 10, 20, 50]: Recall=[0.01023, 0.01598, 0.03797, 0.06789],  precision=[0.00205, 0.00160, 0.00190, 0.00136], hit=[0.01023, 0.01598, 0.03797, 0.06789], ndcg=[0.00541, 0.00728, 0.01264, 0.01823], Train Rec Loss=[0.04847], Eval Rec Loss=[0.04815], c=[1.00000], F=[0.66414, 0.95502, 0.89627, 0.88194], F_fuse=[0.00408, 0.00319, 0.00379, 0.00271]
[ INFO : 2026-06-14 08:04:54,859 ] - Epoch 10: train==[118.54694 = 0.75871 + 1.34196 + 24.02233 + 0.00061 + 0.00000 + 0.87061 + 613.92995]
[ INFO : 2026-06-14 08:05:02,468 ] - Test_@[5, 10, 20, 50]: Recall=[0.01138, 0.02097, 0.03414, 0.06431],  precision=[0.00228, 0.00210, 0.00171, 0.00129], hit=[0.01138, 0.02097, 0.03414, 0.06431], ndcg=[0.00588, 0.00897, 0.01230, 0.01810], Train Rec Loss=[0.04847], Eval Rec Loss=[0.04813], c=[1.00000], F=[0.74201, 0.94707, 0.89979, 0.88377], F_fuse=[0.00454, 0.00418, 0.00341, 0.00257]
[ INFO : 2026-06-14 08:06:26,117 ] - Epoch 11: train==[117.96804 = 0.75583 + 1.34194 + 23.50850 + 0.00067 + 0.00000 + 0.80877 + 613.92736]
[ INFO : 2026-06-14 08:06:33,731 ] - Test_@[5, 10, 20, 50]: Recall=[0.01151, 0.02059, 0.03759, 0.06610],  precision=[0.00230, 0.00206, 0.00188, 0.00132], hit=[0.01151, 0.02059, 0.03759, 0.06610], ndcg=[0.00605, 0.00882, 0.01312, 0.01846], Train Rec Loss=[0.04853], Eval Rec Loss=[0.04833], c=[1.00000], F=[0.75687, 0.94158, 0.90248, 0.88492], F_fuse=[0.00459, 0.00411, 0.00375, 0.00264]
[ INFO : 2026-06-14 08:07:55,666 ] - Epoch 12: train==[117.43260 = 0.75360 + 1.34189 + 23.04154 + 0.00073 + 0.00000 + 0.74282 + 613.92513]
[ INFO : 2026-06-14 08:08:03,317 ] - Test_@[5, 10, 20, 50]: Recall=[0.01151, 0.01943, 0.03734, 0.06764],  precision=[0.00230, 0.00194, 0.00187, 0.00135], hit=[0.01151, 0.01943, 0.03734, 0.06764], ndcg=[0.00605, 0.00847, 0.01305, 0.01873], Train Rec Loss=[0.04847], Eval Rec Loss=[0.04821], c=[1.00000], F=[0.75774, 0.93179, 0.90759, 0.88763], F_fuse=[0.00459, 0.00388, 0.00373, 0.00270]
[ INFO : 2026-06-14 08:09:25,482 ] - Epoch 13: train==[117.01909 = 0.74913 + 1.34184 + 22.70781 + 0.00079 + 0.00000 + 0.66761 + 613.92426]
[ INFO : 2026-06-14 08:09:33,110 ] - Test_@[5, 10, 20, 50]: Recall=[0.01151, 0.02148, 0.03439, 0.06930],  precision=[0.00230, 0.00215, 0.00172, 0.00139], hit=[0.01151, 0.02148, 0.03439, 0.06930], ndcg=[0.00605, 0.00910, 0.01243, 0.01907], Train Rec Loss=[0.04849], Eval Rec Loss=[0.04818], c=[1.00000], F=[0.75691, 0.91698, 0.91489, 0.88738], F_fuse=[0.00459, 0.00429, 0.00343, 0.00277]
[ INFO : 2026-06-14 08:10:56,771 ] - Epoch 14: train==[116.56699 = 0.74309 + 1.34180 + 22.34005 + 0.00085 + 0.00000 + 0.58948 + 613.92297]
[ INFO : 2026-06-14 08:11:04,368 ] - Test_@[5, 10, 20, 50]: Recall=[0.01151, 0.02161, 0.03721, 0.06917],  precision=[0.00230, 0.00216, 0.00186, 0.00138], hit=[0.01151, 0.02161, 0.03721, 0.06917], ndcg=[0.00605, 0.00926, 0.01315, 0.01915], Train Rec Loss=[0.04833], Eval Rec Loss=[0.04801], c=[1.00000], F=[0.75691, 0.90058, 0.92319, 0.88935], F_fuse=[0.00459, 0.00431, 0.00371, 0.00276]
[ INFO : 2026-06-14 08:12:26,640 ] - Epoch 15: train==[116.20901 = 0.74113 + 1.34177 + 22.05769 + 0.00091 + 0.00000 + 0.51603 + 613.92123]
[ INFO : 2026-06-14 08:12:34,284 ] - Test_@[5, 10, 20, 50]: Recall=[0.01151, 0.02071, 0.03439, 0.06802],  precision=[0.00230, 0.00207, 0.00172, 0.00136], hit=[0.01151, 0.02071, 0.03439, 0.06802], ndcg=[0.00605, 0.00899, 0.01247, 0.01889], Train Rec Loss=[0.04834], Eval Rec Loss=[0.04806], c=[1.00000], F=[0.75687, 0.88943, 0.92889, 0.89048], F_fuse=[0.00459, 0.00413, 0.00343, 0.00272]
[ INFO : 2026-06-14 08:13:56,216 ] - Epoch 16: train==[115.77440 = 0.73917 + 1.34175 + 21.69684 + 0.00097 + 0.00000 + 0.44441 + 613.91971]
[ INFO : 2026-06-14 08:14:03,809 ] - Test_@[5, 10, 20, 50]: Recall=[0.01151, 0.02071, 0.03734, 0.06764],  precision=[0.00230, 0.00207, 0.00187, 0.00135], hit=[0.01151, 0.02071, 0.03734, 0.06764], ndcg=[0.00605, 0.00891, 0.01301, 0.01872], Train Rec Loss=[0.04834], Eval Rec Loss=[0.04809], c=[1.00000], F=[0.75694, 0.88293, 0.93192, 0.89307], F_fuse=[0.00459, 0.00413, 0.00373, 0.00270]
[ INFO : 2026-06-14 08:15:26,917 ] - Epoch 17: train==[115.48724 = 0.72923 + 1.34170 + 21.48559 + 0.00102 + 0.00000 + 0.37842 + 613.91965]
[ INFO : 2026-06-14 08:15:34,851 ] - Test_@[5, 10, 20, 50]: Recall=[0.01151, 0.02007, 0.03452, 0.06751],  precision=[0.00230, 0.00201, 0.00173, 0.00135], hit=[0.01151, 0.02007, 0.03452, 0.06751], ndcg=[0.00605, 0.00872, 0.01244, 0.01875], Train Rec Loss=[0.04839], Eval Rec Loss=[0.04802], c=[1.00000], F=[0.75694, 0.88188, 0.93231, 0.89405], F_fuse=[0.00459, 0.00401, 0.00345, 0.00270]
[ INFO : 2026-06-14 08:16:56,417 ] - Epoch 18: train==[115.20285 = 0.73068 + 1.34163 + 21.26223 + 0.00108 + 0.00000 + 0.31613 + 613.91835]
[ INFO : 2026-06-14 08:17:03,999 ] - Test_@[5, 10, 20, 50]: Recall=[0.01151, 0.02071, 0.03708, 0.06751],  precision=[0.00230, 0.00207, 0.00185, 0.00135], hit=[0.01151, 0.02071, 0.03708, 0.06751], ndcg=[0.00593, 0.00880, 0.01290, 0.01864], Train Rec Loss=[0.04836], Eval Rec Loss=[0.04809], c=[1.00000], F=[0.75767, 0.88076, 0.93271, 0.89570], F_fuse=[0.00459, 0.00413, 0.00370, 0.00270]
[ INFO : 2026-06-14 08:18:25,703 ] - Epoch 19: train==[114.87109 = 0.72565 + 1.34163 + 20.98974 + 0.00113 + 0.00000 + 0.26174 + 613.91891]
[ INFO : 2026-06-14 08:18:33,282 ] - Test_@[5, 10, 20, 50]: Recall=[0.01151, 0.02059, 0.03708, 0.06751],  precision=[0.00230, 0.00206, 0.00185, 0.00135], hit=[0.01151, 0.02059, 0.03708, 0.06751], ndcg=[0.00593, 0.00871, 0.01290, 0.01864], Train Rec Loss=[0.04829], Eval Rec Loss=[0.04802], c=[1.00000], F=[0.75767, 0.88047, 0.93283, 0.89503], F_fuse=[0.00459, 0.00411, 0.00370, 0.00270]
[ INFO : 2026-06-14 08:19:54,748 ] - Epoch 20: train==[114.65089 = 0.72285 + 1.34157 + 20.82317 + 0.00119 + 0.00000 + 0.21102 + 613.91810]
[ INFO : 2026-06-14 08:20:02,410 ] - Test_@[5, 10, 20, 50]: Recall=[0.01151, 0.01995, 0.03708, 0.06751],  precision=[0.00230, 0.00199, 0.00185, 0.00135], hit=[0.01151, 0.01995, 0.03708, 0.06751], ndcg=[0.00593, 0.00857, 0.01282, 0.01856], Train Rec Loss=[0.04837], Eval Rec Loss=[0.04810], c=[1.00000], F=[0.75703, 0.88031, 0.93292, 0.89600], F_fuse=[0.00459, 0.00398, 0.00370, 0.00270]
[ INFO : 2026-06-14 08:21:24,304 ] - Epoch 21: train==[114.46282 = 0.71950 + 1.34148 + 20.68506 + 0.00124 + 0.00000 + 0.16440 + 613.91822]
[ INFO : 2026-06-14 08:21:31,870 ] - Test_@[5, 10, 20, 50]: Recall=[0.01151, 0.02007, 0.03695, 0.06725],  precision=[0.00230, 0.00201, 0.00185, 0.00135], hit=[0.01151, 0.02007, 0.03695, 0.06725], ndcg=[0.00660, 0.00928, 0.01341, 0.01914], Train Rec Loss=[0.04827], Eval Rec Loss=[0.04807], c=[1.00000], F=[0.75697, 0.87991, 0.93312, 0.89741], F_fuse=[0.00459, 0.00401, 0.00369, 0.00269]
[ INFO : 2026-06-14 08:22:53,429 ] - Epoch 22: train==[114.23866 = 0.71438 + 1.34142 + 20.50660 + 0.00129 + 0.00000 + 0.12402 + 613.91686]
[ INFO : 2026-06-14 08:23:01,103 ] - Test_@[5, 10, 20, 50]: Recall=[0.01151, 0.01995, 0.03491, 0.06674],  precision=[0.00230, 0.00199, 0.00175, 0.00133], hit=[0.01151, 0.01995, 0.03491, 0.06674], ndcg=[0.00660, 0.00924, 0.01302, 0.01911], Train Rec Loss=[0.04830], Eval Rec Loss=[0.04803], c=[1.00000], F=[0.75783, 0.87955, 0.93328, 0.89702], F_fuse=[0.00459, 0.00398, 0.00348, 0.00267]
[ INFO : 2026-06-14 08:24:30,956 ] - Epoch 23: train==[114.01065 = 0.71090 + 1.34140 + 20.31628 + 0.00133 + 0.00000 + 0.08995 + 613.91560]
[ INFO : 2026-06-14 08:24:38,555 ] - Test_@[5, 10, 20, 50]: Recall=[0.01151, 0.01982, 0.03682, 0.06687],  precision=[0.00230, 0.00198, 0.00184, 0.00134], hit=[0.01151, 0.01982, 0.03682, 0.06687], ndcg=[0.00660, 0.00920, 0.01350, 0.01919], Train Rec Loss=[0.04816], Eval Rec Loss=[0.04804], c=[1.00000], F=[0.75719, 0.87919, 0.93339, 0.89778], F_fuse=[0.00459, 0.00395, 0.00368, 0.00267]
[ INFO : 2026-06-14 08:26:00,569 ] - Epoch 24: train==[113.86161 = 0.71054 + 1.34133 + 20.19753 + 0.00137 + 0.00000 + 0.06009 + 613.91517]
[ INFO : 2026-06-14 08:26:08,148 ] - Test_@[5, 10, 20, 50]: Recall=[0.01151, 0.02007, 0.03682, 0.06649],  precision=[0.00230, 0.00201, 0.00184, 0.00133], hit=[0.01151, 0.02007, 0.03682, 0.06649], ndcg=[0.00660, 0.00928, 0.01349, 0.01910], Train Rec Loss=[0.04833], Eval Rec Loss=[0.04802], c=[1.00000], F=[0.75796, 0.87919, 0.93341, 0.89892], F_fuse=[0.00459, 0.00401, 0.00368, 0.00266]
[ INFO : 2026-06-14 08:27:30,138 ] - Epoch 25: train==[113.68470 = 0.70512 + 1.34127 + 20.05014 + 0.00142 + 0.00000 + 0.03592 + 613.91553]
[ INFO : 2026-06-14 08:27:37,719 ] - Test_@[5, 10, 20, 50]: Recall=[0.01151, 0.02059, 0.03644, 0.06687],  precision=[0.00230, 0.00206, 0.00182, 0.00134], hit=[0.01151, 0.02059, 0.03644, 0.06687], ndcg=[0.00592, 0.00876, 0.01275, 0.01851], Train Rec Loss=[0.04826], Eval Rec Loss=[0.04801], c=[1.00000], F=[0.75799, 0.87931, 0.93328, 0.89741], F_fuse=[0.00459, 0.00411, 0.00364, 0.00267]
[ INFO : 2026-06-14 08:28:58,324 ] - Epoch 26: train==[113.37911 = 0.70141 + 1.34118 + 19.76678 + 0.00147 + 0.00000 + 0.01732 + 613.91607]
[ INFO : 2026-06-14 08:29:05,840 ] - Test_@[5, 10, 20, 50]: Recall=[0.01151, 0.02046, 0.03606, 0.06636],  precision=[0.00230, 0.00205, 0.00180, 0.00133], hit=[0.01151, 0.02046, 0.03606, 0.06636], ndcg=[0.00603, 0.00883, 0.01277, 0.01851], Train Rec Loss=[0.04826], Eval Rec Loss=[0.04795], c=[1.00000], F=[0.75799, 0.87967, 0.93304, 0.89771], F_fuse=[0.00459, 0.00408, 0.00360, 0.00265]
[ INFO : 2026-06-14 08:30:26,472 ] - Epoch 27: train==[113.36303 = 0.69973 + 1.34110 + 19.76207 + 0.00149 + 0.00000 + 0.00757 + 613.91663]
[ INFO : 2026-06-14 08:30:34,043 ] - Test_@[5, 10, 20, 50]: Recall=[0.01138, 0.02033, 0.03414, 0.06585],  precision=[0.00228, 0.00203, 0.00171, 0.00132], hit=[0.01138, 0.02033, 0.03414, 0.06585], ndcg=[0.00587, 0.00874, 0.01223, 0.01829], Train Rec Loss=[0.04829], Eval Rec Loss=[0.04782], c=[1.00000], F=[0.75815, 0.87977, 0.93238, 0.89605], F_fuse=[0.00454, 0.00406, 0.00341, 0.00263]
[ INFO : 2026-06-14 08:31:55,062 ] - Epoch 28: train==[113.07863 = 0.69035 + 1.34103 + 19.49092 + 0.00154 + 0.00000 + 0.00380 + 613.91598]
[ INFO : 2026-06-14 08:32:02,614 ] - Test_@[5, 10, 20, 50]: Recall=[0.01138, 0.02059, 0.03555, 0.06534],  precision=[0.00228, 0.00206, 0.00178, 0.00131], hit=[0.01138, 0.02059, 0.03555, 0.06534], ndcg=[0.00586, 0.00873, 0.01259, 0.01825], Train Rec Loss=[0.04817], Eval Rec Loss=[0.04801], c=[1.00000], F=[0.75822, 0.87969, 0.93165, 0.89210], F_fuse=[0.00454, 0.00411, 0.00355, 0.00261]
[ INFO : 2026-06-14 08:33:23,706 ] - Epoch 29: train==[113.06452 = 0.68827 + 1.34092 + 19.48020 + 0.00157 + 0.00000 + 0.00226 + 613.91781]
[ INFO : 2026-06-14 08:33:31,181 ] - Test_@[5, 10, 20, 50]: Recall=[0.01138, 0.02135, 0.03478, 0.06572],  precision=[0.00228, 0.00214, 0.00174, 0.00131], hit=[0.01138, 0.02135, 0.03478, 0.06572], ndcg=[0.00653, 0.00963, 0.01309, 0.01897], Train Rec Loss=[0.04808], Eval Rec Loss=[0.04805], c=[1.00000], F=[0.75825, 0.87980, 0.93131, 0.89235], F_fuse=[0.00454, 0.00426, 0.00347, 0.00262]
[ INFO : 2026-06-14 08:34:51,697 ] - Epoch 30: train==[112.83712 = 0.68823 + 1.34085 + 19.25366 + 0.00160 + 0.00000 + 0.00163 + 613.91649]
[ INFO : 2026-06-14 08:34:59,271 ] - Test_@[5, 10, 20, 50]: Recall=[0.01138, 0.02110, 0.03363, 0.06610],  precision=[0.00228, 0.00211, 0.00168, 0.00132], hit=[0.01138, 0.02110, 0.03363, 0.06610], ndcg=[0.00586, 0.00889, 0.01206, 0.01825], Train Rec Loss=[0.04817], Eval Rec Loss=[0.04784], c=[1.00000], F=[0.75812, 0.87980, 0.93109, 0.89234], F_fuse=[0.00454, 0.00421, 0.00336, 0.00264]
[ INFO : 2026-06-14 08:36:19,973 ] - Epoch 31: train==[112.69526 = 0.68524 + 1.34078 + 19.11475 + 0.00164 + 0.00000 + 0.00133 + 613.91877]
[ INFO : 2026-06-14 08:36:27,490 ] - Test_@[5, 10, 20, 50]: Recall=[0.01138, 0.02097, 0.03376, 0.06559],  precision=[0.00228, 0.00210, 0.00169, 0.00131], hit=[0.01138, 0.02097, 0.03376, 0.06559], ndcg=[0.00656, 0.00954, 0.01280, 0.01886], Train Rec Loss=[0.04813], Eval Rec Loss=[0.04785], c=[1.00000], F=[0.75857, 0.88023, 0.93087, 0.89284], F_fuse=[0.00454, 0.00418, 0.00337, 0.00262]
[ INFO : 2026-06-14 08:37:48,422 ] - Epoch 32: train==[112.53575 = 0.68091 + 1.34063 + 18.95968 + 0.00167 + 0.00000 + 0.00117 + 613.91964]
[ INFO : 2026-06-14 08:37:55,968 ] - Test_@[5, 10, 20, 50]: Recall=[0.01138, 0.02097, 0.03491, 0.06546],  precision=[0.00228, 0.00210, 0.00175, 0.00131], hit=[0.01138, 0.02097, 0.03491, 0.06546], ndcg=[0.00656, 0.00954, 0.01304, 0.01881], Train Rec Loss=[0.04824], Eval Rec Loss=[0.04794], c=[1.00000], F=[0.75873, 0.88033, 0.93065, 0.89404], F_fuse=[0.00454, 0.00418, 0.00348, 0.00261]
[ INFO : 2026-06-14 08:39:16,994 ] - Epoch 33: train==[112.45853 = 0.67850 + 1.34056 + 18.88496 + 0.00169 + 0.00000 + 0.00109 + 613.91962]
[ INFO : 2026-06-14 08:39:24,522 ] - Test_@[5, 10, 20, 50]: Recall=[0.01138, 0.02084, 0.03401, 0.06495],  precision=[0.00228, 0.00208, 0.00170, 0.00130], hit=[0.01138, 0.02084, 0.03401, 0.06495], ndcg=[0.00656, 0.00950, 0.01284, 0.01872], Train Rec Loss=[0.04814], Eval Rec Loss=[0.04792], c=[1.00000], F=[0.75873, 0.87981, 0.93058, 0.89619], F_fuse=[0.00454, 0.00416, 0.00339, 0.00259]
[ INFO : 2026-06-14 08:40:45,350 ] - Epoch 34: train==[112.32456 = 0.67269 + 1.34045 + 18.75716 + 0.00174 + 0.00000 + 0.00099 + 613.91811]
[ INFO : 2026-06-14 08:40:52,900 ] - Test_@[5, 10, 20, 50]: Recall=[0.01125, 0.02084, 0.03388, 0.06534],  precision=[0.00225, 0.00208, 0.00169, 0.00131], hit=[0.01125, 0.02084, 0.03388, 0.06534], ndcg=[0.00646, 0.00944, 0.01273, 0.01870], Train Rec Loss=[0.04819], Eval Rec Loss=[0.04799], c=[1.00000], F=[0.75860, 0.88021, 0.93047, 0.89556], F_fuse=[0.00449, 0.00416, 0.00338, 0.00261]
[ INFO : 2026-06-14 08:42:16,093 ] - Epoch 35: train==[112.29559 = 0.66976 + 1.34030 + 18.73136 + 0.00176 + 0.00000 + 0.00088 + 613.91765]
[ INFO : 2026-06-14 08:42:23,667 ] - Test_@[5, 10, 20, 50]: Recall=[0.01125, 0.02084, 0.03376, 0.06470],  precision=[0.00225, 0.00208, 0.00169, 0.00129], hit=[0.01125, 0.02084, 0.03376, 0.06470], ndcg=[0.00641, 0.00946, 0.01277, 0.01865], Train Rec Loss=[0.04813], Eval Rec Loss=[0.04784], c=[1.00000], F=[0.75860, 0.88098, 0.92990, 0.89480], F_fuse=[0.00449, 0.00416, 0.00337, 0.00258]
[ INFO : 2026-06-14 08:43:44,972 ] - Epoch 36: train==[112.13438 = 0.66799 + 1.34016 + 18.57173 + 0.00180 + 0.00000 + 0.00082 + 613.91960]
[ INFO : 2026-06-14 08:43:52,524 ] - Test_@[5, 10, 20, 50]: Recall=[0.01112, 0.02071, 0.03401, 0.06406],  precision=[0.00222, 0.00207, 0.00170, 0.00128], hit=[0.01112, 0.02071, 0.03401, 0.06406], ndcg=[0.00635, 0.00941, 0.01275, 0.01845], Train Rec Loss=[0.04812], Eval Rec Loss=[0.04785], c=[1.00000], F=[0.75853, 0.88056, 0.92978, 0.89470], F_fuse=[0.00444, 0.00413, 0.00339, 0.00256]
[ INFO : 2026-06-14 08:45:13,639 ] - Epoch 37: train==[112.08361 = 0.66548 + 1.34002 + 18.52383 + 0.00182 + 0.00000 + 0.00075 + 613.91811]
[ INFO : 2026-06-14 08:45:21,224 ] - Test_@[5, 10, 20, 50]: Recall=[0.01112, 0.02071, 0.03363, 0.06406],  precision=[0.00222, 0.00207, 0.00168, 0.00128], hit=[0.01112, 0.02071, 0.03363, 0.06406], ndcg=[0.00635, 0.00941, 0.01267, 0.01846], Train Rec Loss=[0.04811], Eval Rec Loss=[0.04791], c=[1.00000], F=[0.75841, 0.88088, 0.92962, 0.89393], F_fuse=[0.00444, 0.00413, 0.00336, 0.00256]
[ INFO : 2026-06-14 08:46:42,023 ] - Epoch 38: train==[111.97436 = 0.66046 + 1.33997 + 18.41972 + 0.00185 + 0.00000 + 0.00071 + 613.91755]
[ INFO : 2026-06-14 08:46:49,581 ] - Test_@[5, 10, 20, 50]: Recall=[0.01112, 0.02071, 0.03376, 0.06380],  precision=[0.00222, 0.00207, 0.00169, 0.00128], hit=[0.01112, 0.02071, 0.03376, 0.06380], ndcg=[0.00635, 0.00941, 0.01264, 0.01837], Train Rec Loss=[0.04812], Eval Rec Loss=[0.04789], c=[1.00000], F=[0.75889, 0.88122, 0.92968, 0.89581], F_fuse=[0.00444, 0.00413, 0.00337, 0.00255]
[ INFO : 2026-06-14 08:48:10,502 ] - Epoch 39: train==[111.88510 = 0.65648 + 1.33977 + 18.33399 + 0.00187 + 0.00000 + 0.00065 + 613.92174]
[ INFO : 2026-06-14 08:48:18,142 ] - Test_@[5, 10, 20, 50]: Recall=[0.01112, 0.02071, 0.03376, 0.06367],  precision=[0.00222, 0.00207, 0.00169, 0.00127], hit=[0.01112, 0.02071, 0.03376, 0.06367], ndcg=[0.00635, 0.00941, 0.01278, 0.01847], Train Rec Loss=[0.04803], Eval Rec Loss=[0.04774], c=[1.00000], F=[0.75889, 0.88083, 0.92935, 0.89341], F_fuse=[0.00444, 0.00413, 0.00337, 0.00254]
[ INFO : 2026-06-14 08:49:47,673 ] - Epoch 40: train==[111.77798 = 0.65232 + 1.33959 + 18.23163 + 0.00189 + 0.00000 + 0.00062 + 613.91839]
[ INFO : 2026-06-14 08:49:55,241 ] - Test_@[5, 10, 20, 50]: Recall=[0.01112, 0.02059, 0.03414, 0.06393],  precision=[0.00222, 0.00206, 0.00171, 0.00128], hit=[0.01112, 0.02059, 0.03414, 0.06393], ndcg=[0.00639, 0.00941, 0.01284, 0.01850], Train Rec Loss=[0.04811], Eval Rec Loss=[0.04793], c=[1.00000], F=[0.75876, 0.88032, 0.92919, 0.89420], F_fuse=[0.00444, 0.00411, 0.00341, 0.00255]
[ INFO : 2026-06-14 08:51:15,580 ] - Epoch 41: train==[111.61770 = 0.65792 + 1.33937 + 18.06569 + 0.00193 + 0.00000 + 0.00057 + 613.91975]
[ INFO : 2026-06-14 08:51:23,084 ] - Test_@[5, 10, 20, 50]: Recall=[0.01112, 0.02059, 0.03376, 0.06431],  precision=[0.00222, 0.00206, 0.00169, 0.00129], hit=[0.01112, 0.02059, 0.03376, 0.06431], ndcg=[0.00639, 0.00941, 0.01265, 0.01845], Train Rec Loss=[0.04807], Eval Rec Loss=[0.04774], c=[1.00000], F=[0.75927, 0.88083, 0.92898, 0.89310], F_fuse=[0.00444, 0.00411, 0.00337, 0.00257]
[ INFO : 2026-06-14 08:52:43,295 ] - Epoch 42: train==[111.64473 = 0.64945 + 1.33921 + 18.10131 + 0.00195 + 0.00000 + 0.00055 + 613.91962]
[ INFO : 2026-06-14 08:52:50,798 ] - Test_@[5, 10, 20, 50]: Recall=[0.01112, 0.02059, 0.03337, 0.06367],  precision=[0.00222, 0.00206, 0.00167, 0.00127], hit=[0.01112, 0.02059, 0.03337, 0.06367], ndcg=[0.00639, 0.00941, 0.01271, 0.01848], Train Rec Loss=[0.04805], Eval Rec Loss=[0.04785], c=[1.00000], F=[0.75914, 0.88245, 0.92870, 0.89302], F_fuse=[0.00444, 0.00411, 0.00333, 0.00254]
[ INFO : 2026-06-14 08:54:11,432 ] - Epoch 43: train==[111.38358 = 0.64481 + 1.33910 + 17.84464 + 0.00199 + 0.00000 + 0.00054 + 613.92094]
[ INFO : 2026-06-14 08:54:18,964 ] - Test_@[5, 10, 20, 50]: Recall=[0.01125, 0.02059, 0.03363, 0.06355],  precision=[0.00225, 0.00206, 0.00168, 0.00127], hit=[0.01125, 0.02059, 0.03363, 0.06355], ndcg=[0.00644, 0.00943, 0.01274, 0.01844], Train Rec Loss=[0.04806], Eval Rec Loss=[0.04782], c=[1.00000], F=[0.75933, 0.88056, 0.92871, 0.89213], F_fuse=[0.00449, 0.00411, 0.00336, 0.00254]
[ INFO : 2026-06-14 08:55:39,271 ] - Epoch 44: train==[111.23308 = 0.64011 + 1.33881 + 17.69917 + 0.00202 + 0.00000 + 0.00051 + 613.91991]
[ INFO : 2026-06-14 08:55:46,893 ] - Test_@[5, 10, 20, 50]: Recall=[0.01112, 0.02033, 0.03273, 0.06355],  precision=[0.00222, 0.00203, 0.00164, 0.00127], hit=[0.01112, 0.02033, 0.03273, 0.06355], ndcg=[0.00635, 0.00930, 0.01242, 0.01830], Train Rec Loss=[0.04804], Eval Rec Loss=[0.04776], c=[1.00000], F=[0.75959, 0.88294, 0.92862, 0.89454], F_fuse=[0.00444, 0.00406, 0.00327, 0.00254]
[ INFO : 2026-06-14 08:57:07,344 ] - Epoch 45: train==[111.12164 = 0.63582 + 1.33850 + 17.59186 + 0.00205 + 0.00000 + 0.00050 + 613.92199]
[ INFO : 2026-06-14 08:57:14,865 ] - Test_@[5, 10, 20, 50]: Recall=[0.01112, 0.02046, 0.03286, 0.06380],  precision=[0.00222, 0.00205, 0.00164, 0.00128], hit=[0.01112, 0.02046, 0.03286, 0.06380], ndcg=[0.00639, 0.00945, 0.01264, 0.01854], Train Rec Loss=[0.04803], Eval Rec Loss=[0.04785], c=[1.00000], F=[0.75898, 0.88288, 0.92881, 0.89473], F_fuse=[0.00444, 0.00408, 0.00328, 0.00255]
[ INFO : 2026-06-14 08:58:35,923 ] - Epoch 46: train==[111.13873 = 0.63368 + 1.33834 + 17.61114 + 0.00207 + 0.00000 + 0.00048 + 613.92239]
[ INFO : 2026-06-14 08:58:43,455 ] - Test_@[5, 10, 20, 50]: Recall=[0.01112, 0.02033, 0.03286, 0.06252],  precision=[0.00222, 0.00203, 0.00164, 0.00125], hit=[0.01112, 0.02033, 0.03286, 0.06252], ndcg=[0.00639, 0.00933, 0.01251, 0.01815], Train Rec Loss=[0.04813], Eval Rec Loss=[0.04772], c=[1.00000], F=[0.75959, 0.88141, 0.92783, 0.89432], F_fuse=[0.00444, 0.00406, 0.00328, 0.00250]
[ INFO : 2026-06-14 09:00:04,045 ] - Epoch 47: train==[111.08759 = 0.63099 + 1.33808 + 17.56274 + 0.00207 + 0.00000 + 0.00045 + 613.92327]
[ INFO : 2026-06-14 09:00:11,555 ] - Test_@[5, 10, 20, 50]: Recall=[0.01100, 0.02059, 0.03299, 0.06227],  precision=[0.00220, 0.00206, 0.00165, 0.00125], hit=[0.01100, 0.02059, 0.03299, 0.06227], ndcg=[0.00634, 0.00947, 0.01269, 0.01827], Train Rec Loss=[0.04809], Eval Rec Loss=[0.04780], c=[1.00000], F=[0.75988, 0.88366, 0.92814, 0.89358], F_fuse=[0.00439, 0.00411, 0.00329, 0.00249]
[ INFO : 2026-06-14 09:01:35,584 ] - Epoch 48: train==[110.91245 = 0.62864 + 1.33779 + 17.38985 + 0.00211 + 0.00000 + 0.00045 + 613.92479]
[ INFO : 2026-06-14 09:01:43,153 ] - Test_@[5, 10, 20, 50]: Recall=[0.01100, 0.02020, 0.03324, 0.06227],  precision=[0.00220, 0.00202, 0.00166, 0.00125], hit=[0.01100, 0.02020, 0.03324, 0.06227], ndcg=[0.00634, 0.00929, 0.01261, 0.01812], Train Rec Loss=[0.04807], Eval Rec Loss=[0.04791], c=[1.00000], F=[0.75952, 0.88348, 0.92828, 0.89149], F_fuse=[0.00439, 0.00403, 0.00332, 0.00249]
[ INFO : 2026-06-14 09:03:09,342 ] - Epoch 49: train==[110.83388 = 0.62600 + 1.33751 + 17.31474 + 0.00212 + 0.00000 + 0.00044 + 613.92046]
[ INFO : 2026-06-14 09:03:16,912 ] - Test_@[5, 10, 20, 50]: Recall=[0.01074, 0.02007, 0.03286, 0.06214],  precision=[0.00215, 0.00201, 0.00164, 0.00124], hit=[0.01074, 0.02007, 0.03286, 0.06214], ndcg=[0.00622, 0.00929, 0.01261, 0.01817], Train Rec Loss=[0.04803], Eval Rec Loss=[0.04775], c=[1.00000], F=[0.75975, 0.88356, 0.92767, 0.89107], F_fuse=[0.00428, 0.00401, 0.00328, 0.00248]
[ INFO : 2026-06-14 09:04:37,743 ] - Epoch 50: train==[110.80900 = 0.62269 + 1.33717 + 17.29339 + 0.00212 + 0.00000 + 0.00040 + 613.92059]
[ INFO : 2026-06-14 09:04:45,331 ] - Test_@[5, 10, 20, 50]: Recall=[0.01100, 0.02007, 0.03299, 0.06163],  precision=[0.00220, 0.00201, 0.00165, 0.00123], hit=[0.01100, 0.02007, 0.03299, 0.06163], ndcg=[0.00634, 0.00932, 0.01259, 0.01803], Train Rec Loss=[0.04800], Eval Rec Loss=[0.04775], c=[1.00000], F=[0.75972, 0.88387, 0.92840, 0.89351], F_fuse=[0.00439, 0.00401, 0.00329, 0.00246]
[ INFO : 2026-06-14 09:06:09,727 ] - Epoch 51: train==[110.66151 = 0.62105 + 1.33681 + 17.14781 + 0.00217 + 0.00000 + 0.00041 + 613.91987]
[ INFO : 2026-06-14 09:06:17,309 ] - Test_@[5, 10, 20, 50]: Recall=[0.01074, 0.02007, 0.03286, 0.06188],  precision=[0.00215, 0.00201, 0.00164, 0.00124], hit=[0.01074, 0.02007, 0.03286, 0.06188], ndcg=[0.00622, 0.00929, 0.01260, 0.01812], Train Rec Loss=[0.04811], Eval Rec Loss=[0.04778], c=[1.00000], F=[0.75988, 0.88059, 0.92795, 0.89331], F_fuse=[0.00428, 0.00401, 0.00328, 0.00247]
[ INFO : 2026-06-14 09:07:38,128 ] - Epoch 52: train==[110.55950 = 0.62058 + 1.33639 + 17.04628 + 0.00220 + 0.00000 + 0.00039 + 613.92149]
[ INFO : 2026-06-14 09:07:45,717 ] - Test_@[5, 10, 20, 50]: Recall=[0.01087, 0.01995, 0.03235, 0.06112],  precision=[0.00217, 0.00199, 0.00162, 0.00122], hit=[0.01087, 0.01995, 0.03235, 0.06112], ndcg=[0.00624, 0.00923, 0.01232, 0.01780], Train Rec Loss=[0.04819], Eval Rec Loss=[0.04773], c=[1.00000], F=[0.75968, 0.87995, 0.92807, 0.89285], F_fuse=[0.00433, 0.00398, 0.00323, 0.00244]
[ INFO : 2026-06-14 09:09:07,292 ] - Epoch 53: train==[110.63493 = 0.61565 + 1.33604 + 17.12699 + 0.00219 + 0.00000 + 0.00038 + 613.92068]
[ INFO : 2026-06-14 09:09:14,873 ] - Test_@[5, 10, 20, 50]: Recall=[0.01087, 0.02020, 0.03286, 0.06022],  precision=[0.00217, 0.00202, 0.00164, 0.00120], hit=[0.01087, 0.02020, 0.03286, 0.06022], ndcg=[0.00637, 0.00944, 0.01264, 0.01785], Train Rec Loss=[0.04798], Eval Rec Loss=[0.04782], c=[1.00000], F=[0.75952, 0.88441, 0.92791, 0.89160], F_fuse=[0.00433, 0.00403, 0.00328, 0.00241]
[ INFO : 2026-06-14 09:10:35,409 ] - Epoch 54: train==[110.48042 = 0.60961 + 1.33562 + 16.97837 + 0.00223 + 0.00000 + 0.00037 + 613.92303]
[ INFO : 2026-06-14 09:10:42,973 ] - Test_@[5, 10, 20, 50]: Recall=[0.01061, 0.01995, 0.03286, 0.06048],  precision=[0.00212, 0.00199, 0.00164, 0.00121], hit=[0.01061, 0.01995, 0.03286, 0.06048], ndcg=[0.00614, 0.00921, 0.01252, 0.01777], Train Rec Loss=[0.04815], Eval Rec Loss=[0.04781], c=[1.00000], F=[0.75949, 0.88530, 0.92785, 0.89039], F_fuse=[0.00423, 0.00398, 0.00328, 0.00242]
[ INFO : 2026-06-14 09:12:04,558 ] - Epoch 55: train==[110.28062 = 0.61027 + 1.33526 + 16.77836 + 0.00224 + 0.00000 + 0.00037 + 613.92150]
[ INFO : 2026-06-14 09:12:12,105 ] - Test_@[5, 10, 20, 50]: Recall=[0.01087, 0.02059, 0.03235, 0.06022],  precision=[0.00217, 0.00206, 0.00162, 0.00120], hit=[0.01087, 0.02059, 0.03235, 0.06022], ndcg=[0.00637, 0.00955, 0.01258, 0.01791], Train Rec Loss=[0.04813], Eval Rec Loss=[0.04786], c=[1.00000], F=[0.75940, 0.87909, 0.92822, 0.89052], F_fuse=[0.00433, 0.00411, 0.00323, 0.00241]
[ INFO : 2026-06-14 09:13:33,403 ] - Epoch 56: train==[110.25125 = 0.60731 + 1.33472 + 16.75250 + 0.00227 + 0.00000 + 0.00036 + 613.91982]
[ INFO : 2026-06-14 09:13:41,330 ] - Test_@[5, 10, 20, 50]: Recall=[0.01061, 0.02007, 0.03248, 0.06048],  precision=[0.00212, 0.00201, 0.00162, 0.00121], hit=[0.01061, 0.02007, 0.03248, 0.06048], ndcg=[0.00614, 0.00925, 0.01245, 0.01778], Train Rec Loss=[0.04806], Eval Rec Loss=[0.04781], c=[1.00000], F=[0.75946, 0.87968, 0.92783, 0.88917], F_fuse=[0.00423, 0.00401, 0.00324, 0.00242]
[ INFO : 2026-06-14 09:15:02,060 ] - Epoch 57: train==[110.09657 = 0.60722 + 1.33421 + 16.59828 + 0.00231 + 0.00000 + 0.00035 + 613.91918]
[ INFO : 2026-06-14 09:15:09,605 ] - Test_@[5, 10, 20, 50]: Recall=[0.01061, 0.01995, 0.03286, 0.05997],  precision=[0.00212, 0.00199, 0.00164, 0.00120], hit=[0.01061, 0.01995, 0.03286, 0.05997], ndcg=[0.00615, 0.00923, 0.01249, 0.01765], Train Rec Loss=[0.04812], Eval Rec Loss=[0.04788], c=[1.00000], F=[0.75914, 0.87939, 0.92790, 0.89111], F_fuse=[0.00423, 0.00398, 0.00328, 0.00240]
[ INFO : 2026-06-14 09:16:31,214 ] - Epoch 58: train==[110.11562 = 0.60168 + 1.33356 + 16.62286 + 0.00231 + 0.00000 + 0.00034 + 613.92195]
[ INFO : 2026-06-14 09:16:38,756 ] - Test_@[5, 10, 20, 50]: Recall=[0.01087, 0.01982, 0.03286, 0.06048],  precision=[0.00217, 0.00198, 0.00164, 0.00121], hit=[0.01087, 0.01982, 0.03286, 0.06048], ndcg=[0.00636, 0.00930, 0.01259, 0.01784], Train Rec Loss=[0.04810], Eval Rec Loss=[0.04788], c=[1.00000], F=[0.75930, 0.88056, 0.92767, 0.89232], F_fuse=[0.00433, 0.00395, 0.00328, 0.00242]
[ INFO : 2026-06-14 09:17:59,398 ] - Epoch 59: train==[109.98518 = 0.59952 + 1.33290 + 16.49464 + 0.00234 + 0.00000 + 0.00034 + 613.92406]
[ INFO : 2026-06-14 09:18:06,979 ] - Test_@[5, 10, 20, 50]: Recall=[0.01074, 0.01943, 0.03273, 0.06022],  precision=[0.00215, 0.00194, 0.00164, 0.00120], hit=[0.01074, 0.01943, 0.03273, 0.06022], ndcg=[0.00621, 0.00909, 0.01245, 0.01768], Train Rec Loss=[0.04813], Eval Rec Loss=[0.04785], c=[1.00000], F=[0.75904, 0.88030, 0.92758, 0.89060], F_fuse=[0.00428, 0.00388, 0.00327, 0.00241]
[ INFO : 2026-06-14 09:19:28,611 ] - Epoch 60: train==[109.92613 = 0.59420 + 1.33226 + 16.44163 + 0.00235 + 0.00000 + 0.00034 + 613.92167]
[ INFO : 2026-06-14 09:19:36,221 ] - Test_@[5, 10, 20, 50]: Recall=[0.01087, 0.01995, 0.03286, 0.05971],  precision=[0.00217, 0.00199, 0.00164, 0.00119], hit=[0.01087, 0.01995, 0.03286, 0.05971], ndcg=[0.00636, 0.00927, 0.01255, 0.01766], Train Rec Loss=[0.04815], Eval Rec Loss=[0.04794], c=[1.00000], F=[0.75987, 0.88099, 0.92743, 0.89009], F_fuse=[0.00433, 0.00398, 0.00328, 0.00239]
[ INFO : 2026-06-14 09:20:56,481 ] - Epoch 61: train==[109.91789 = 0.59559 + 1.33139 + 16.43297 + 0.00236 + 0.00000 + 0.00033 + 613.91864]
[ INFO : 2026-06-14 09:21:04,019 ] - Test_@[5, 10, 20, 50]: Recall=[0.01087, 0.02033, 0.03286, 0.06009],  precision=[0.00217, 0.00203, 0.00164, 0.00120], hit=[0.01087, 0.02033, 0.03286, 0.06009], ndcg=[0.00636, 0.00945, 0.01263, 0.01782], Train Rec Loss=[0.04817], Eval Rec Loss=[0.04791], c=[1.00000], F=[0.75994, 0.88335, 0.92692, 0.89104], F_fuse=[0.00433, 0.00406, 0.00328, 0.00240]
[ INFO : 2026-06-14 09:22:24,354 ] - Epoch 62: train==[109.75874 = 0.59175 + 1.33052 + 16.27791 + 0.00238 + 0.00000 + 0.00032 + 613.92037]
[ INFO : 2026-06-14 09:22:31,879 ] - Test_@[5, 10, 20, 50]: Recall=[0.01087, 0.02020, 0.03286, 0.06009],  precision=[0.00217, 0.00202, 0.00164, 0.00120], hit=[0.01087, 0.02020, 0.03286, 0.06009], ndcg=[0.00636, 0.00941, 0.01259, 0.01778], Train Rec Loss=[0.04827], Eval Rec Loss=[0.04797], c=[1.00000], F=[0.75978, 0.88140, 0.92717, 0.88991], F_fuse=[0.00433, 0.00403, 0.00328, 0.00240]
[ INFO : 2026-06-14 09:23:54,165 ] - Epoch 63: train==[109.75417 = 0.58916 + 1.32972 + 16.27650 + 0.00240 + 0.00000 + 0.00032 + 613.91972]
[ INFO : 2026-06-14 09:24:02,892 ] - Test_@[5, 10, 20, 50]: Recall=[0.01074, 0.02007, 0.03248, 0.05997],  precision=[0.00215, 0.00201, 0.00162, 0.00120], hit=[0.01074, 0.02007, 0.03248, 0.05997], ndcg=[0.00629, 0.00934, 0.01250, 0.01775], Train Rec Loss=[0.04819], Eval Rec Loss=[0.04799], c=[1.00000], F=[0.76048, 0.88247, 0.92687, 0.88887], F_fuse=[0.00428, 0.00401, 0.00324, 0.00240]
[ INFO : 2026-06-14 09:25:32,917 ] - Epoch 64: train==[109.61896 = 0.59047 + 1.32865 + 16.14015 + 0.00240 + 0.00000 + 0.00032 + 613.92287]
[ INFO : 2026-06-14 09:25:42,715 ] - Test_@[5, 10, 20, 50]: Recall=[0.01087, 0.02007, 0.03286, 0.05933],  precision=[0.00217, 0.00201, 0.00164, 0.00119], hit=[0.01087, 0.02007, 0.03286, 0.05933], ndcg=[0.00636, 0.00938, 0.01261, 0.01765], Train Rec Loss=[0.04831], Eval Rec Loss=[0.04798], c=[1.00000], F=[0.76023, 0.88158, 0.92717, 0.88803], F_fuse=[0.00433, 0.00401, 0.00328, 0.00237]
[ INFO : 2026-06-14 09:27:17,291 ] - Epoch 65: train==[109.51866 = 0.58970 + 1.32730 + 16.04224 + 0.00245 + 0.00000 + 0.00031 + 613.91713]
[ INFO : 2026-06-14 09:27:32,434 ] - Test_@[5, 10, 20, 50]: Recall=[0.01074, 0.02007, 0.03286, 0.05958],  precision=[0.00215, 0.00201, 0.00164, 0.00119], hit=[0.01074, 0.02007, 0.03286, 0.05958], ndcg=[0.00629, 0.00927, 0.01251, 0.01759], Train Rec Loss=[0.04829], Eval Rec Loss=[0.04806], c=[1.00000], F=[0.76013, 0.88051, 0.92740, 0.88732], F_fuse=[0.00428, 0.00401, 0.00328, 0.00238]
[ INFO : 2026-06-14 09:29:34,255 ] - Epoch 66: train==[109.44452 = 0.58416 + 1.32613 + 15.97387 + 0.00246 + 0.00000 + 0.00031 + 613.92034]
[ INFO : 2026-06-14 09:29:42,782 ] - Test_@[5, 10, 20, 50]: Recall=[0.01087, 0.02020, 0.03273, 0.05946],  precision=[0.00217, 0.00202, 0.00164, 0.00119], hit=[0.01087, 0.02020, 0.03273, 0.05946], ndcg=[0.00634, 0.00940, 0.01256, 0.01765], Train Rec Loss=[0.04835], Eval Rec Loss=[0.04819], c=[1.00000], F=[0.76093, 0.88009, 0.92762, 0.88767], F_fuse=[0.00433, 0.00403, 0.00327, 0.00238]
[ INFO : 2026-06-14 09:31:30,910 ] - Epoch 67: train==[109.37404 = 0.58050 + 1.32469 + 15.90807 + 0.00247 + 0.00000 + 0.00030 + 613.91916]
[ INFO : 2026-06-14 09:31:39,436 ] - Test_@[5, 10, 20, 50]: Recall=[0.01087, 0.02007, 0.03222, 0.05958],  precision=[0.00217, 0.00201, 0.00161, 0.00119], hit=[0.01087, 0.02007, 0.03222, 0.05958], ndcg=[0.00634, 0.00936, 0.01245, 0.01768], Train Rec Loss=[0.04856], Eval Rec Loss=[0.04815], c=[1.00000], F=[0.75907, 0.88059, 0.92751, 0.88821], F_fuse=[0.00433, 0.00401, 0.00322, 0.00238]
[ INFO : 2026-06-14 09:33:11,009 ] - Epoch 68: train==[109.35256 = 0.57928 + 1.32342 + 15.88861 + 0.00249 + 0.00000 + 0.00030 + 613.91885]
[ INFO : 2026-06-14 09:33:19,509 ] - Test_@[5, 10, 20, 50]: Recall=[0.01087, 0.02007, 0.03260, 0.05933],  precision=[0.00217, 0.00201, 0.00163, 0.00119], hit=[0.01087, 0.02007, 0.03260, 0.05933], ndcg=[0.00634, 0.00935, 0.01252, 0.01762], Train Rec Loss=[0.04846], Eval Rec Loss=[0.04804], c=[1.00000], F=[0.76019, 0.88201, 0.92709, 0.88926], F_fuse=[0.00433, 0.00401, 0.00325, 0.00237]
[ INFO : 2026-06-14 09:34:50,499 ] - Epoch 69: train==[109.30224 = 0.57643 + 1.32186 + 15.84203 + 0.00252 + 0.00000 + 0.00030 + 613.91891]
[ INFO : 2026-06-14 09:34:59,002 ] - Test_@[5, 10, 20, 50]: Recall=[0.01100, 0.02007, 0.03222, 0.05920],  precision=[0.00220, 0.00201, 0.00161, 0.00118], hit=[0.01100, 0.02007, 0.03222, 0.05920], ndcg=[0.00639, 0.00936, 0.01248, 0.01764], Train Rec Loss=[0.04839], Eval Rec Loss=[0.04822], c=[1.00000], F=[0.75994, 0.88206, 0.92707, 0.88948], F_fuse=[0.00439, 0.00401, 0.00322, 0.00236]
[ INFO : 2026-06-14 09:36:30,492 ] - Epoch 70: train==[109.16718 = 0.57626 + 1.32000 + 15.70843 + 0.00251 + 0.00000 + 0.00029 + 613.91791]
[ INFO : 2026-06-14 09:36:38,964 ] - Test_@[5, 10, 20, 50]: Recall=[0.01087, 0.02007, 0.03197, 0.05946],  precision=[0.00217, 0.00201, 0.00160, 0.00119], hit=[0.01087, 0.02007, 0.03197, 0.05946], ndcg=[0.00634, 0.00935, 0.01239, 0.01765], Train Rec Loss=[0.04855], Eval Rec Loss=[0.04824], c=[1.00000], F=[0.76016, 0.88124, 0.92705, 0.88947], F_fuse=[0.00433, 0.00401, 0.00319, 0.00238]
[ INFO : 2026-06-14 09:38:10,218 ] - Epoch 71: train==[109.06840 = 0.57037 + 1.31830 + 15.61611 + 0.00255 + 0.00000 + 0.00029 + 613.92067]
[ INFO : 2026-06-14 09:38:18,730 ] - Test_@[5, 10, 20, 50]: Recall=[0.01087, 0.02020, 0.03260, 0.05894],  precision=[0.00217, 0.00202, 0.00163, 0.00118], hit=[0.01087, 0.02020, 0.03260, 0.05894], ndcg=[0.00634, 0.00939, 0.01252, 0.01754], Train Rec Loss=[0.04863], Eval Rec Loss=[0.04824], c=[1.00000], F=[0.76032, 0.88252, 0.92706, 0.88900], F_fuse=[0.00433, 0.00403, 0.00325, 0.00235]
[ INFO : 2026-06-14 09:39:49,800 ] - Epoch 72: train==[109.02842 = 0.57115 + 1.31641 + 15.57630 + 0.00255 + 0.00000 + 0.00029 + 613.92183]
[ INFO : 2026-06-14 09:39:58,275 ] - Test_@[5, 10, 20, 50]: Recall=[0.01087, 0.01969, 0.03184, 0.05958],  precision=[0.00217, 0.00197, 0.00159, 0.00119], hit=[0.01087, 0.01969, 0.03184, 0.05958], ndcg=[0.00634, 0.00925, 0.01236, 0.01768], Train Rec Loss=[0.04855], Eval Rec Loss=[0.04841], c=[1.00000], F=[0.75991, 0.88254, 0.92640, 0.88930], F_fuse=[0.00433, 0.00393, 0.00318, 0.00238]
[ INFO : 2026-06-14 09:41:29,593 ] - Epoch 73: train==[108.97615 = 0.56900 + 1.31420 + 15.52830 + 0.00256 + 0.00000 + 0.00029 + 613.91642]
[ INFO : 2026-06-14 09:41:38,090 ] - Test_@[5, 10, 20, 50]: Recall=[0.01151, 0.02033, 0.03248, 0.05882],  precision=[0.00230, 0.00203, 0.00162, 0.00118], hit=[0.01151, 0.02033, 0.03248, 0.05882], ndcg=[0.00658, 0.00950, 0.01247, 0.01751], Train Rec Loss=[0.04871], Eval Rec Loss=[0.04833], c=[1.00000], F=[0.76077, 0.88492, 0.92538, 0.88917], F_fuse=[0.00459, 0.00406, 0.00324, 0.00235]
[ INFO : 2026-06-14 09:43:09,530 ] - Epoch 74: train==[108.87441 = 0.56498 + 1.31208 + 15.43147 + 0.00258 + 0.00000 + 0.00029 + 613.91894]
[ INFO : 2026-06-14 09:43:17,992 ] - Test_@[5, 10, 20, 50]: Recall=[0.01100, 0.02007, 0.03184, 0.05984],  precision=[0.00220, 0.00201, 0.00159, 0.00120], hit=[0.01100, 0.02007, 0.03184, 0.05984], ndcg=[0.00640, 0.00936, 0.01236, 0.01773], Train Rec Loss=[0.04873], Eval Rec Loss=[0.04845], c=[1.00000], F=[0.76093, 0.88658, 0.92521, 0.88881], F_fuse=[0.00439, 0.00401, 0.00318, 0.00239]
[ INFO : 2026-06-14 09:44:49,424 ] - Epoch 75: train==[108.91579 = 0.56619 + 1.30961 + 15.47312 + 0.00258 + 0.00000 + 0.00028 + 613.91897]
[ INFO : 2026-06-14 09:44:57,964 ] - Test_@[5, 10, 20, 50]: Recall=[0.01087, 0.02007, 0.03133, 0.05958],  precision=[0.00217, 0.00201, 0.00157, 0.00119], hit=[0.01087, 0.02007, 0.03133, 0.05958], ndcg=[0.00635, 0.00938, 0.01226, 0.01768], Train Rec Loss=[0.04887], Eval Rec Loss=[0.04856], c=[1.00000], F=[0.76144, 0.88664, 0.92463, 0.88912], F_fuse=[0.00433, 0.00401, 0.00313, 0.00238]
[ INFO : 2026-06-14 09:46:29,344 ] - Epoch 76: train==[108.76911 = 0.56273 + 1.30660 + 15.33124 + 0.00261 + 0.00000 + 0.00028 + 613.92190]
[ INFO : 2026-06-14 09:46:37,909 ] - Test_@[5, 10, 20, 50]: Recall=[0.01112, 0.02007, 0.03184, 0.05920],  precision=[0.00222, 0.00201, 0.00159, 0.00118], hit=[0.01112, 0.02007, 0.03184, 0.05920], ndcg=[0.00649, 0.00934, 0.01232, 0.01757], Train Rec Loss=[0.04895], Eval Rec Loss=[0.04871], c=[1.00000], F=[0.76109, 0.88592, 0.92509, 0.88917], F_fuse=[0.00444, 0.00401, 0.00318, 0.00236]
[ INFO : 2026-06-14 09:48:09,002 ] - Epoch 77: train==[108.74497 = 0.56462 + 1.30397 + 15.30750 + 0.00262 + 0.00000 + 0.00027 + 613.91704]
[ INFO : 2026-06-14 09:48:17,530 ] - Test_@[5, 10, 20, 50]: Recall=[0.01138, 0.02007, 0.03171, 0.05920],  precision=[0.00228, 0.00201, 0.00159, 0.00118], hit=[0.01138, 0.02007, 0.03171, 0.05920], ndcg=[0.00660, 0.00939, 0.01235, 0.01761], Train Rec Loss=[0.04913], Eval Rec Loss=[0.04862], c=[1.00000], F=[0.76134, 0.88774, 0.92449, 0.88926], F_fuse=[0.00454, 0.00401, 0.00317, 0.00236]
[ INFO : 2026-06-14 09:49:49,184 ] - Epoch 78: train==[108.64085 = 0.56317 + 1.30095 + 15.20629 + 0.00264 + 0.00000 + 0.00027 + 613.91937]
[ INFO : 2026-06-14 09:49:57,641 ] - Test_@[5, 10, 20, 50]: Recall=[0.01138, 0.01969, 0.03107, 0.05818],  precision=[0.00228, 0.00197, 0.00155, 0.00116], hit=[0.01138, 0.01969, 0.03107, 0.05818], ndcg=[0.00659, 0.00935, 0.01226, 0.01748], Train Rec Loss=[0.04910], Eval Rec Loss=[0.04881], c=[1.00000], F=[0.76192, 0.88638, 0.92419, 0.88924], F_fuse=[0.00454, 0.00393, 0.00310, 0.00232]
[ INFO : 2026-06-14 09:51:29,093 ] - Epoch 79: train==[108.63406 = 0.56076 + 1.29749 + 15.20435 + 0.00266 + 0.00000 + 0.00027 + 613.91684]
[ INFO : 2026-06-14 09:51:38,651 ] - Test_@[5, 10, 20, 50]: Recall=[0.01138, 0.01995, 0.03133, 0.05830],  precision=[0.00228, 0.00199, 0.00157, 0.00117], hit=[0.01138, 0.01995, 0.03133, 0.05830], ndcg=[0.00660, 0.00942, 0.01235, 0.01754], Train Rec Loss=[0.04928], Eval Rec Loss=[0.04885], c=[1.00000], F=[0.76269, 0.88972, 0.92342, 0.88890], F_fuse=[0.00454, 0.00398, 0.00313, 0.00233]
[ INFO : 2026-06-14 09:53:10,203 ] - Epoch 80: train==[108.50903 = 0.55717 + 1.29394 + 15.08490 + 0.00266 + 0.00000 + 0.00027 + 613.91772]
[ INFO : 2026-06-14 09:53:18,685 ] - Test_@[5, 10, 20, 50]: Recall=[0.01087, 0.02020, 0.03069, 0.05882],  precision=[0.00217, 0.00202, 0.00153, 0.00118], hit=[0.01087, 0.02020, 0.03069, 0.05882], ndcg=[0.00717, 0.01022, 0.01282, 0.01824], Train Rec Loss=[0.04940], Eval Rec Loss=[0.04911], c=[1.00000], F=[0.76684, 0.89201, 0.92215, 0.88849], F_fuse=[0.00433, 0.00403, 0.00306, 0.00235]
[ INFO : 2026-06-14 09:54:50,505 ] - Epoch 81: train==[108.44601 = 0.55717 + 1.29016 + 15.02415 + 0.00268 + 0.00000 + 0.00027 + 613.91755]
[ INFO : 2026-06-14 09:54:59,062 ] - Test_@[5, 10, 20, 50]: Recall=[0.01112, 0.01995, 0.03133, 0.05869],  precision=[0.00222, 0.00199, 0.00157, 0.00117], hit=[0.01112, 0.01995, 0.03133, 0.05869], ndcg=[0.00663, 0.00944, 0.01235, 0.01761], Train Rec Loss=[0.04963], Eval Rec Loss=[0.04908], c=[1.00000], F=[0.76281, 0.89400, 0.92123, 0.88776], F_fuse=[0.00444, 0.00398, 0.00313, 0.00234]
[ INFO : 2026-06-14 09:56:30,688 ] - Epoch 82: train==[108.37239 = 0.55496 + 1.28665 + 14.95521 + 0.00270 + 0.00000 + 0.00027 + 613.91513]
[ INFO : 2026-06-14 09:56:39,126 ] - Test_@[5, 10, 20, 50]: Recall=[0.01100, 0.01969, 0.03158, 0.05843],  precision=[0.00220, 0.00197, 0.00158, 0.00117], hit=[0.01100, 0.01969, 0.03158, 0.05843], ndcg=[0.00646, 0.00927, 0.01233, 0.01748], Train Rec Loss=[0.04967], Eval Rec Loss=[0.04936], c=[1.00000], F=[0.76185, 0.89503, 0.92074, 0.88813], F_fuse=[0.00439, 0.00393, 0.00315, 0.00233]
[ INFO : 2026-06-14 09:58:10,650 ] - Epoch 83: train==[108.27947 = 0.55658 + 1.28254 + 14.86289 + 0.00270 + 0.00000 + 0.00026 + 613.91675]
[ INFO : 2026-06-14 09:58:19,149 ] - Test_@[5, 10, 20, 50]: Recall=[0.01138, 0.02007, 0.03133, 0.05805],  precision=[0.00228, 0.00201, 0.00157, 0.00116], hit=[0.01138, 0.02007, 0.03133, 0.05805], ndcg=[0.00661, 0.00944, 0.01231, 0.01745], Train Rec Loss=[0.04974], Eval Rec Loss=[0.04969], c=[1.00000], F=[0.76253, 0.89732, 0.91927, 0.88867], F_fuse=[0.00454, 0.00401, 0.00313, 0.00232]
[ INFO : 2026-06-14 09:59:50,304 ] - Epoch 84: train==[108.24907 = 0.55766 + 1.27823 + 14.83371 + 0.00272 + 0.00000 + 0.00026 + 613.91851]
[ INFO : 2026-06-14 09:59:58,883 ] - Test_@[5, 10, 20, 50]: Recall=[0.01112, 0.01982, 0.03158, 0.05830],  precision=[0.00222, 0.00198, 0.00158, 0.00117], hit=[0.01112, 0.01982, 0.03158, 0.05830], ndcg=[0.00650, 0.00935, 0.01235, 0.01747], Train Rec Loss=[0.05014], Eval Rec Loss=[0.04971], c=[1.00000], F=[0.76067, 0.90274, 0.91666, 0.88805], F_fuse=[0.00444, 0.00396, 0.00315, 0.00233]
[ INFO : 2026-06-14 10:01:30,154 ] - Epoch 85: train==[108.26400 = 0.55669 + 1.27439 + 14.85222 + 0.00272 + 0.00000 + 0.00026 + 613.91651]
[ INFO : 2026-06-14 10:01:38,752 ] - Test_@[5, 10, 20, 50]: Recall=[0.01138, 0.02007, 0.03158, 0.05843],  precision=[0.00228, 0.00201, 0.00158, 0.00117], hit=[0.01138, 0.02007, 0.03158, 0.05843], ndcg=[0.00663, 0.00946, 0.01239, 0.01753], Train Rec Loss=[0.05043], Eval Rec Loss=[0.04981], c=[1.00000], F=[0.76422, 0.90283, 0.91689, 0.88771], F_fuse=[0.00454, 0.00401, 0.00315, 0.00233]
[ INFO : 2026-06-14 10:03:09,906 ] - Epoch 86: train==[108.05545 = 0.55086 + 1.26965 + 14.65236 + 0.00275 + 0.00000 + 0.00026 + 613.91617]
[ INFO : 2026-06-14 10:03:18,398 ] - Test_@[5, 10, 20, 50]: Recall=[0.01151, 0.02046, 0.03158, 0.05792],  precision=[0.00230, 0.00205, 0.00158, 0.00116], hit=[0.01151, 0.02046, 0.03158, 0.05792], ndcg=[0.00679, 0.00971, 0.01253, 0.01758], Train Rec Loss=[0.05026], Eval Rec Loss=[0.05019], c=[1.00000], F=[0.76224, 0.90338, 0.91576, 0.88575], F_fuse=[0.00459, 0.00408, 0.00315, 0.00231]
[ INFO : 2026-06-14 10:04:49,920 ] - Epoch 87: train==[108.00826 = 0.54891 + 1.26500 + 14.60952 + 0.00276 + 0.00000 + 0.00026 + 613.91869]
[ INFO : 2026-06-14 10:04:58,513 ] - Test_@[5, 10, 20, 50]: Recall=[0.01125, 0.01995, 0.03133, 0.05767],  precision=[0.00225, 0.00199, 0.00157, 0.00115], hit=[0.01125, 0.01995, 0.03133, 0.05767], ndcg=[0.00633, 0.00913, 0.01203, 0.01710], Train Rec Loss=[0.05075], Eval Rec Loss=[0.05020], c=[1.00000], F=[0.76431, 0.90558, 0.91512, 0.88913], F_fuse=[0.00449, 0.00398, 0.00313, 0.00230]
[ INFO : 2026-06-14 10:06:30,191 ] - Epoch 88: train==[108.02686 = 0.54861 + 1.26125 + 14.63075 + 0.00275 + 0.00000 + 0.00026 + 613.91827]
[ INFO : 2026-06-14 10:06:38,765 ] - Test_@[5, 10, 20, 50]: Recall=[0.01240, 0.01995, 0.03030, 0.05856],  precision=[0.00248, 0.00199, 0.00152, 0.00117], hit=[0.01240, 0.01995, 0.03030, 0.05856], ndcg=[0.00703, 0.00952, 0.01219, 0.01764], Train Rec Loss=[0.05076], Eval Rec Loss=[0.05042], c=[1.00000], F=[0.76227, 0.90547, 0.91472, 0.88841], F_fuse=[0.00494, 0.00398, 0.00303, 0.00234]
[ INFO : 2026-06-14 10:08:10,172 ] - Epoch 89: train==[107.87672 = 0.55017 + 1.25640 + 14.48244 + 0.00278 + 0.00000 + 0.00025 + 613.91489]
[ INFO : 2026-06-14 10:08:18,692 ] - Test_@[5, 10, 20, 50]: Recall=[0.01125, 0.01982, 0.03081, 0.05767],  precision=[0.00225, 0.00198, 0.00154, 0.00115], hit=[0.01125, 0.01982, 0.03081, 0.05767], ndcg=[0.00657, 0.00936, 0.01218, 0.01737], Train Rec Loss=[0.05091], Eval Rec Loss=[0.05071], c=[1.00000], F=[0.76329, 0.90678, 0.91432, 0.88827], F_fuse=[0.00449, 0.00396, 0.00308, 0.00230]
[ INFO : 2026-06-14 10:09:50,069 ] - Epoch 90: train==[107.83388 = 0.54552 + 1.25219 + 14.44689 + 0.00279 + 0.00000 + 0.00025 + 613.91417]
[ INFO : 2026-06-14 10:09:58,821 ] - Test_@[5, 10, 20, 50]: Recall=[0.01087, 0.01982, 0.03145, 0.05907],  precision=[0.00217, 0.00198, 0.00157, 0.00118], hit=[0.01087, 0.01982, 0.03145, 0.05907], ndcg=[0.00642, 0.00928, 0.01223, 0.01753], Train Rec Loss=[0.05112], Eval Rec Loss=[0.05104], c=[1.00000], F=[0.76262, 0.90868, 0.91548, 0.88925], F_fuse=[0.00433, 0.00396, 0.00314, 0.00236]
[ INFO : 2026-06-14 10:11:30,101 ] - Epoch 91: train==[107.81646 = 0.54517 + 1.24760 + 14.43279 + 0.00280 + 0.00000 + 0.00025 + 613.91255]
[ INFO : 2026-06-14 10:11:38,608 ] - Test_@[5, 10, 20, 50]: Recall=[0.01112, 0.01969, 0.03107, 0.05869],  precision=[0.00222, 0.00197, 0.00155, 0.00117], hit=[0.01112, 0.01969, 0.03107, 0.05869], ndcg=[0.00666, 0.00945, 0.01227, 0.01757], Train Rec Loss=[0.05148], Eval Rec Loss=[0.05117], c=[1.00000], F=[0.76316, 0.90804, 0.91374, 0.89107], F_fuse=[0.00444, 0.00393, 0.00310, 0.00234]
[ INFO : 2026-06-14 10:13:10,351 ] - Epoch 92: train==[107.77992 = 0.54561 + 1.24337 + 14.39767 + 0.00280 + 0.00000 + 0.00025 + 613.91711]
[ INFO : 2026-06-14 10:13:18,865 ] - Test_@[5, 10, 20, 50]: Recall=[0.01125, 0.01956, 0.03120, 0.05882],  precision=[0.00225, 0.00196, 0.00156, 0.00118], hit=[0.01125, 0.01956, 0.03120, 0.05882], ndcg=[0.00656, 0.00932, 0.01230, 0.01759], Train Rec Loss=[0.05167], Eval Rec Loss=[0.05124], c=[1.00000], F=[0.76393, 0.90978, 0.91267, 0.88900], F_fuse=[0.00449, 0.00390, 0.00311, 0.00235]
[ INFO : 2026-06-14 10:14:50,934 ] - Epoch 93: train==[107.69361 = 0.54305 + 1.23887 + 14.31725 + 0.00281 + 0.00000 + 0.00025 + 613.91283]
[ INFO : 2026-06-14 10:14:59,543 ] - Test_@[5, 10, 20, 50]: Recall=[0.01061, 0.01956, 0.03081, 0.05792],  precision=[0.00212, 0.00196, 0.00154, 0.00116], hit=[0.01061, 0.01956, 0.03081, 0.05792], ndcg=[0.00631, 0.00917, 0.01202, 0.01724], Train Rec Loss=[0.05210], Eval Rec Loss=[0.05148], c=[1.00000], F=[0.76499, 0.91075, 0.91305, 0.88962], F_fuse=[0.00423, 0.00390, 0.00308, 0.00231]
[ INFO : 2026-06-14 10:16:31,605 ] - Epoch 94: train==[107.59759 = 0.54284 + 1.23460 + 14.22356 + 0.00284 + 0.00000 + 0.00024 + 613.91560]
[ INFO : 2026-06-14 10:16:40,167 ] - Test_@[5, 10, 20, 50]: Recall=[0.01176, 0.01956, 0.03094, 0.05856],  precision=[0.00235, 0.00196, 0.00155, 0.00117], hit=[0.01176, 0.01956, 0.03094, 0.05856], ndcg=[0.00680, 0.00938, 0.01227, 0.01758], Train Rec Loss=[0.05209], Eval Rec Loss=[0.05138], c=[1.00000], F=[0.76457, 0.91080, 0.91231, 0.88944], F_fuse=[0.00469, 0.00390, 0.00309, 0.00234]
[ INFO : 2026-06-14 10:18:12,216 ] - Epoch 95: train==[107.57203 = 0.54016 + 1.23034 + 14.20350 + 0.00284 + 0.00000 + 0.00025 + 613.91388]
[ INFO : 2026-06-14 10:18:20,741 ] - Test_@[5, 10, 20, 50]: Recall=[0.01074, 0.01956, 0.03018, 0.05767],  precision=[0.00215, 0.00196, 0.00151, 0.00115], hit=[0.01074, 0.01956, 0.03018, 0.05767], ndcg=[0.00678, 0.00963, 0.01234, 0.01765], Train Rec Loss=[0.05217], Eval Rec Loss=[0.05201], c=[1.00000], F=[0.76422, 0.91104, 0.91195, 0.88940], F_fuse=[0.00428, 0.00390, 0.00301, 0.00230]
[ INFO : 2026-06-14 10:19:59,271 ] - Epoch 96: train==[107.49171 = 0.54793 + 1.22504 + 14.11838 + 0.00284 + 0.00000 + 0.00024 + 613.91523]
[ INFO : 2026-06-14 10:20:07,985 ] - Test_@[5, 10, 20, 50]: Recall=[0.01279, 0.01956, 0.03069, 0.05703],  precision=[0.00256, 0.00196, 0.00153, 0.00114], hit=[0.01279, 0.01956, 0.03069, 0.05703], ndcg=[0.00697, 0.00923, 0.01208, 0.01716], Train Rec Loss=[0.05227], Eval Rec Loss=[0.05214], c=[1.00000], F=[0.76495, 0.91531, 0.91009, 0.88967], F_fuse=[0.00510, 0.00390, 0.00306, 0.00228]
[ INFO : 2026-06-14 10:21:40,644 ] - Epoch 97: train==[107.39500 = 0.54158 + 1.22082 + 14.03101 + 0.00285 + 0.00000 + 0.00025 + 613.91209]
[ INFO : 2026-06-14 10:21:49,204 ] - Test_@[5, 10, 20, 50]: Recall=[0.01074, 0.01969, 0.03018, 0.05869],  precision=[0.00215, 0.00197, 0.00151, 0.00117], hit=[0.01074, 0.01969, 0.03018, 0.05869], ndcg=[0.00646, 0.00932, 0.01199, 0.01749], Train Rec Loss=[0.05292], Eval Rec Loss=[0.05269], c=[1.00000], F=[0.76569, 0.91585, 0.91033, 0.88966], F_fuse=[0.00428, 0.00393, 0.00301, 0.00234]
[ INFO : 2026-06-14 10:23:21,713 ] - Epoch 98: train==[107.46977 = 0.54098 + 1.21535 + 14.10950 + 0.00288 + 0.00000 + 0.00024 + 613.91301]
[ INFO : 2026-06-14 10:23:30,227 ] - Test_@[5, 10, 20, 50]: Recall=[0.01100, 0.01931, 0.02954, 0.05715],  precision=[0.00220, 0.00193, 0.00148, 0.00114], hit=[0.01100, 0.01931, 0.02954, 0.05715], ndcg=[0.00628, 0.00898, 0.01159, 0.01694], Train Rec Loss=[0.05329], Eval Rec Loss=[0.05273], c=[1.00000], F=[0.76582, 0.91058, 0.91324, 0.89208], F_fuse=[0.00439, 0.00385, 0.00295, 0.00228]
[ INFO : 2026-06-14 10:25:02,312 ] - Epoch 99: train==[107.36167 = 0.53578 + 1.21143 + 14.00852 + 0.00289 + 0.00000 + 0.00024 + 613.91583]
[ INFO : 2026-06-14 10:25:10,941 ] - Test_@[5, 10, 20, 50]: Recall=[0.01100, 0.01943, 0.02954, 0.05690],  precision=[0.00220, 0.00194, 0.00148, 0.00114], hit=[0.01100, 0.01943, 0.02954, 0.05690], ndcg=[0.00654, 0.00927, 0.01187, 0.01717], Train Rec Loss=[0.05360], Eval Rec Loss=[0.05283], c=[1.00000], F=[0.76566, 0.91612, 0.90996, 0.89155], F_fuse=[0.00439, 0.00388, 0.00295, 0.00227]
[ INFO : 2026-06-14 10:26:43,327 ] - Epoch 100: train==[107.23927 = 0.53630 + 1.20675 + 13.88840 + 0.00288 + 0.00000 + 0.00024 + 613.91599]
[ INFO : 2026-06-14 10:26:51,846 ] - Test_@[5, 10, 20, 50]: Recall=[0.01240, 0.01931, 0.03081, 0.05779],  precision=[0.00248, 0.00193, 0.00154, 0.00116], hit=[0.01240, 0.01931, 0.03081, 0.05779], ndcg=[0.00798, 0.01027, 0.01322, 0.01841], Train Rec Loss=[0.05334], Eval Rec Loss=[0.05354], c=[1.00000], F=[0.76463, 0.91422, 0.91045, 0.89008], F_fuse=[0.00494, 0.00385, 0.00308, 0.00231]
[ INFO : 2026-06-14 10:28:23,901 ] - Epoch 101: train==[107.21707 = 0.53879 + 1.20272 + 13.86648 + 0.00291 + 0.00000 + 0.00024 + 613.91343]
[ INFO : 2026-06-14 10:28:32,568 ] - Test_@[5, 10, 20, 50]: Recall=[0.01036, 0.01956, 0.03056, 0.05703],  precision=[0.00207, 0.00196, 0.00153, 0.00114], hit=[0.01036, 0.01956, 0.03056, 0.05703], ndcg=[0.00592, 0.00895, 0.01177, 0.01686], Train Rec Loss=[0.05367], Eval Rec Loss=[0.05350], c=[1.00000], F=[0.76607, 0.91593, 0.91029, 0.89149], F_fuse=[0.00413, 0.00390, 0.00305, 0.00228]
[ INFO : 2026-06-14 10:30:04,875 ] - Epoch 102: train==[107.07193 = 0.53575 + 1.19790 + 13.72710 + 0.00291 + 0.00000 + 0.00025 + 613.91451]
[ INFO : 2026-06-14 10:30:13,538 ] - Test_@[5, 10, 20, 50]: Recall=[0.01048, 0.01905, 0.02915, 0.05690],  precision=[0.00210, 0.00191, 0.00146, 0.00114], hit=[0.01048, 0.01905, 0.02915, 0.05690], ndcg=[0.00744, 0.01019, 0.01273, 0.01811], Train Rec Loss=[0.05417], Eval Rec Loss=[0.05402], c=[1.00000], F=[0.76505, 0.91526, 0.91054, 0.89253], F_fuse=[0.00418, 0.00380, 0.00291, 0.00227]
[ INFO : 2026-06-14 10:31:45,705 ] - Epoch 103: train==[107.08838 = 0.53058 + 1.19386 + 13.75141 + 0.00293 + 0.00000 + 0.00023 + 613.91279]
[ INFO : 2026-06-14 10:31:54,292 ] - Test_@[5, 10, 20, 50]: Recall=[0.01074, 0.01931, 0.03005, 0.05690],  precision=[0.00215, 0.00193, 0.00150, 0.00114], hit=[0.01074, 0.01931, 0.03005, 0.05690], ndcg=[0.00716, 0.00996, 0.01272, 0.01791], Train Rec Loss=[0.05429], Eval Rec Loss=[0.05420], c=[1.00000], F=[0.77067, 0.91657, 0.90951, 0.89106], F_fuse=[0.00428, 0.00385, 0.00300, 0.00227]
[ INFO : 2026-06-14 10:33:27,060 ] - Epoch 104: train==[106.98731 = 0.53004 + 1.19005 + 13.65311 + 0.00293 + 0.00000 + 0.00024 + 613.91304]
[ INFO : 2026-06-14 10:33:35,669 ] - Test_@[5, 10, 20, 50]: Recall=[0.01061, 0.01905, 0.02954, 0.05664],  precision=[0.00212, 0.00191, 0.00148, 0.00113], hit=[0.01061, 0.01905, 0.02954, 0.05664], ndcg=[0.00591, 0.00869, 0.01139, 0.01664], Train Rec Loss=[0.05436], Eval Rec Loss=[0.05468], c=[1.00000], F=[0.76582, 0.91735, 0.90991, 0.89062], F_fuse=[0.00423, 0.00380, 0.00295, 0.00226]
[ INFO : 2026-06-14 10:35:08,141 ] - Epoch 105: train==[106.97795 = 0.53388 + 1.18564 + 13.64275 + 0.00293 + 0.00000 + 0.00023 + 613.91174]
[ INFO : 2026-06-14 10:35:16,796 ] - Test_@[5, 10, 20, 50]: Recall=[0.01074, 0.01931, 0.03005, 0.05613],  precision=[0.00215, 0.00193, 0.00150, 0.00112], hit=[0.01074, 0.01931, 0.03005, 0.05613], ndcg=[0.00652, 0.00930, 0.01202, 0.01705], Train Rec Loss=[0.05555], Eval Rec Loss=[0.05448], c=[1.00000], F=[0.76690, 0.91810, 0.90930, 0.89167], F_fuse=[0.00428, 0.00385, 0.00300, 0.00224]
[ INFO : 2026-06-14 10:36:49,194 ] - Epoch 106: train==[106.95278 = 0.53644 + 1.18157 + 13.61700 + 0.00293 + 0.00000 + 0.00023 + 613.91492]
[ INFO : 2026-06-14 10:36:57,842 ] - Test_@[5, 10, 20, 50]: Recall=[0.01100, 0.01918, 0.02979, 0.05575],  precision=[0.00220, 0.00192, 0.00149, 0.00111], hit=[0.01100, 0.01918, 0.02979, 0.05575], ndcg=[0.00622, 0.00885, 0.01153, 0.01654], Train Rec Loss=[0.05532], Eval Rec Loss=[0.05470], c=[1.00000], F=[0.76729, 0.91843, 0.90791, 0.89248], F_fuse=[0.00439, 0.00383, 0.00297, 0.00223]
[ INFO : 2026-06-14 10:38:30,426 ] - Epoch 107: train==[106.90656 = 0.52649 + 1.17701 + 13.58424 + 0.00295 + 0.00000 + 0.00023 + 613.90961]
[ INFO : 2026-06-14 10:38:39,031 ] - Test_@[5, 10, 20, 50]: Recall=[0.01087, 0.01918, 0.02928, 0.05690],  precision=[0.00217, 0.00192, 0.00146, 0.00114], hit=[0.01087, 0.01918, 0.02928, 0.05690], ndcg=[0.00649, 0.00915, 0.01173, 0.01707], Train Rec Loss=[0.05579], Eval Rec Loss=[0.05517], c=[1.00000], F=[0.76786, 0.92166, 0.90616, 0.89213], F_fuse=[0.00433, 0.00383, 0.00292, 0.00227]
[ INFO : 2026-06-14 10:40:11,247 ] - Epoch 108: train==[106.81635 = 0.52575 + 1.17387 + 13.49597 + 0.00297 + 0.00000 + 0.00023 + 613.91405]
[ INFO : 2026-06-14 10:40:19,900 ] - Test_@[5, 10, 20, 50]: Recall=[0.01125, 0.01943, 0.02979, 0.05639],  precision=[0.00225, 0.00194, 0.00149, 0.00113], hit=[0.01125, 0.01943, 0.02979, 0.05639], ndcg=[0.00631, 0.00897, 0.01162, 0.01677], Train Rec Loss=[0.05586], Eval Rec Loss=[0.05521], c=[1.00000], F=[0.76658, 0.91954, 0.90746, 0.89118], F_fuse=[0.00449, 0.00388, 0.00297, 0.00225]
[ INFO : 2026-06-14 10:41:52,573 ] - Epoch 109: train==[106.71654 = 0.52470 + 1.17013 + 13.39954 + 0.00298 + 0.00000 + 0.00023 + 613.91337]
[ INFO : 2026-06-14 10:42:01,094 ] - Test_@[5, 10, 20, 50]: Recall=[0.01112, 0.01931, 0.03005, 0.05651],  precision=[0.00222, 0.00193, 0.00150, 0.00113], hit=[0.01112, 0.01931, 0.03005, 0.05651], ndcg=[0.00724, 0.00991, 0.01263, 0.01774], Train Rec Loss=[0.05640], Eval Rec Loss=[0.05560], c=[1.00000], F=[0.77106, 0.92190, 0.90734, 0.89090], F_fuse=[0.00444, 0.00385, 0.00300, 0.00226]
[ INFO : 2026-06-14 10:43:33,400 ] - Epoch 110: train==[106.63085 = 0.52168 + 1.16666 + 13.31898 + 0.00298 + 0.00000 + 0.00023 + 613.91325]
[ INFO : 2026-06-14 10:43:41,936 ] - Test_@[5, 10, 20, 50]: Recall=[0.01202, 0.01905, 0.02864, 0.05651],  precision=[0.00240, 0.00191, 0.00143, 0.00113], hit=[0.01202, 0.01905, 0.02864, 0.05651], ndcg=[0.00720, 0.00948, 0.01193, 0.01733], Train Rec Loss=[0.05664], Eval Rec Loss=[0.05581], c=[1.00000], F=[0.76470, 0.91741, 0.90803, 0.89321], F_fuse=[0.00479, 0.00380, 0.00286, 0.00226]
[ INFO : 2026-06-14 10:45:14,768 ] - Epoch 111: train==[106.59434 = 0.52132 + 1.16281 + 13.28507 + 0.00302 + 0.00000 + 0.00023 + 613.91344]
[ INFO : 2026-06-14 10:45:23,302 ] - Test_@[5, 10, 20, 50]: Recall=[0.01202, 0.01931, 0.02966, 0.05575],  precision=[0.00240, 0.00193, 0.00148, 0.00111], hit=[0.01202, 0.01931, 0.02966, 0.05575], ndcg=[0.00738, 0.00977, 0.01240, 0.01744], Train Rec Loss=[0.05688], Eval Rec Loss=[0.05619], c=[1.00000], F=[0.76502, 0.91740, 0.90880, 0.89218], F_fuse=[0.00479, 0.00385, 0.00296, 0.00223]
[ INFO : 2026-06-14 10:46:55,567 ] - Epoch 112: train==[106.55469 = 0.52391 + 1.15953 + 13.24539 + 0.00300 + 0.00000 + 0.00023 + 613.90960]
[ INFO : 2026-06-14 10:47:04,161 ] - Test_@[5, 10, 20, 50]: Recall=[0.01010, 0.01892, 0.02864, 0.05549],  precision=[0.00202, 0.00189, 0.00143, 0.00111], hit=[0.01010, 0.01892, 0.02864, 0.05549], ndcg=[0.00654, 0.00936, 0.01185, 0.01707], Train Rec Loss=[0.05691], Eval Rec Loss=[0.05652], c=[1.00000], F=[0.76550, 0.91775, 0.90860, 0.89446], F_fuse=[0.00403, 0.00378, 0.00286, 0.00222]
[ INFO : 2026-06-14 10:48:36,660 ] - Epoch 113: train==[106.60345 = 0.51772 + 1.15581 + 13.30164 + 0.00299 + 0.00000 + 0.00022 + 613.91590]
[ INFO : 2026-06-14 10:48:45,350 ] - Test_@[5, 10, 20, 50]: Recall=[0.01176, 0.01931, 0.02966, 0.05613],  precision=[0.00235, 0.00193, 0.00148, 0.00112], hit=[0.01176, 0.01931, 0.02966, 0.05613], ndcg=[0.00745, 0.00993, 0.01258, 0.01770], Train Rec Loss=[0.05727], Eval Rec Loss=[0.05704], c=[1.00000], F=[0.76786, 0.92203, 0.90745, 0.89252], F_fuse=[0.00469, 0.00385, 0.00296, 0.00224]
[ INFO : 2026-06-14 10:50:17,748 ] - Epoch 114: train==[106.54388 = 0.51696 + 1.15215 + 13.24562 + 0.00303 + 0.00000 + 0.00023 + 613.91157]
[ INFO : 2026-06-14 10:50:26,353 ] - Test_@[5, 10, 20, 50]: Recall=[0.00921, 0.01880, 0.02813, 0.05485],  precision=[0.00184, 0.00188, 0.00141, 0.00110], hit=[0.00921, 0.01880, 0.02813, 0.05485], ndcg=[0.00575, 0.00886, 0.01127, 0.01647], Train Rec Loss=[0.05737], Eval Rec Loss=[0.05757], c=[1.00000], F=[0.76879, 0.91334, 0.91174, 0.89689], F_fuse=[0.00367, 0.00375, 0.00281, 0.00219]
[ INFO : 2026-06-14 10:51:58,801 ] - Epoch 115: train==[106.41674 = 0.51963 + 1.14869 + 13.11754 + 0.00302 + 0.00000 + 0.00022 + 613.91397]
[ INFO : 2026-06-14 10:52:07,446 ] - Test_@[5, 10, 20, 50]: Recall=[0.00997, 0.01892, 0.02966, 0.05575],  precision=[0.00199, 0.00189, 0.00148, 0.00111], hit=[0.00997, 0.01892, 0.02966, 0.05575], ndcg=[0.00643, 0.00936, 0.01214, 0.01721], Train Rec Loss=[0.05799], Eval Rec Loss=[0.05737], c=[1.00000], F=[0.76460, 0.91209, 0.91031, 0.89533], F_fuse=[0.00398, 0.00378, 0.00296, 0.00223]
[ INFO : 2026-06-14 10:53:40,279 ] - Epoch 116: train==[106.39565 = 0.51657 + 1.14518 + 13.10149 + 0.00305 + 0.00000 + 0.00023 + 613.91471]
[ INFO : 2026-06-14 10:53:48,805 ] - Test_@[5, 10, 20, 50]: Recall=[0.01151, 0.01880, 0.02890, 0.05588],  precision=[0.00230, 0.00188, 0.00144, 0.00112], hit=[0.01151, 0.01880, 0.02890, 0.05588], ndcg=[0.00665, 0.00903, 0.01163, 0.01687], Train Rec Loss=[0.05836], Eval Rec Loss=[0.05783], c=[1.00000], F=[0.76869, 0.91412, 0.90965, 0.89765], F_fuse=[0.00459, 0.00375, 0.00289, 0.00223]
[ INFO : 2026-06-14 10:55:21,278 ] - Epoch 117: train==[106.28103 = 0.51240 + 1.14256 + 12.99304 + 0.00305 + 0.00000 + 0.00022 + 613.91189]
[ INFO : 2026-06-14 10:55:29,816 ] - Test_@[5, 10, 20, 50]: Recall=[0.01215, 0.01918, 0.02928, 0.05511],  precision=[0.00243, 0.00192, 0.00146, 0.00110], hit=[0.01215, 0.01918, 0.02928, 0.05511], ndcg=[0.00738, 0.00968, 0.01227, 0.01727], Train Rec Loss=[0.05859], Eval Rec Loss=[0.05828], c=[1.00000], F=[0.76473, 0.92148, 0.90729, 0.89590], F_fuse=[0.00484, 0.00383, 0.00292, 0.00220]
[ INFO : 2026-06-14 10:57:02,199 ] - Epoch 118: train==[106.23354 = 0.51074 + 1.13901 + 12.94933 + 0.00306 + 0.00000 + 0.00022 + 613.91187]
[ INFO : 2026-06-14 10:57:10,765 ] - Test_@[5, 10, 20, 50]: Recall=[0.01087, 0.01867, 0.02839, 0.05485],  precision=[0.00217, 0.00187, 0.00142, 0.00110], hit=[0.01087, 0.01867, 0.02839, 0.05485], ndcg=[0.00645, 0.00900, 0.01150, 0.01665], Train Rec Loss=[0.05911], Eval Rec Loss=[0.05878], c=[1.00000], F=[0.74293, 0.91364, 0.90904, 0.89787], F_fuse=[0.00433, 0.00373, 0.00283, 0.00219]
[ INFO : 2026-06-14 10:58:43,126 ] - Epoch 119: train==[106.20204 = 0.51268 + 1.13581 + 12.91741 + 0.00308 + 0.00000 + 0.00022 + 613.91444]
[ INFO : 2026-06-14 10:58:51,747 ] - Test_@[5, 10, 20, 50]: Recall=[0.01125, 0.01867, 0.02839, 0.05549],  precision=[0.00225, 0.00187, 0.00142, 0.00111], hit=[0.01125, 0.01867, 0.02839, 0.05549], ndcg=[0.00659, 0.00898, 0.01145, 0.01671], Train Rec Loss=[0.05880], Eval Rec Loss=[0.05885], c=[1.00000], F=[0.74683, 0.91762, 0.90802, 0.89805], F_fuse=[0.00449, 0.00373, 0.00283, 0.00222]
[ INFO : 2026-06-14 11:00:24,209 ] - Epoch 120: train==[106.13898 = 0.51053 + 1.13288 + 12.85880 + 0.00307 + 0.00000 + 0.00022 + 613.91081]
[ INFO : 2026-06-14 11:00:32,763 ] - Test_@[5, 10, 20, 50]: Recall=[0.01176, 0.01918, 0.02966, 0.05536],  precision=[0.00235, 0.00192, 0.00148, 0.00111], hit=[0.01176, 0.01918, 0.02966, 0.05536], ndcg=[0.00719, 0.00964, 0.01232, 0.01732], Train Rec Loss=[0.05973], Eval Rec Loss=[0.05926], c=[1.00000], F=[0.74756, 0.92059, 0.90609, 0.89601], F_fuse=[0.00469, 0.00383, 0.00296, 0.00221]
[ INFO : 2026-06-14 11:02:04,904 ] - Epoch 121: train==[106.06830 = 0.51231 + 1.13001 + 12.78788 + 0.00310 + 0.00000 + 0.00022 + 613.91195]
[ INFO : 2026-06-14 11:02:13,471 ] - Test_@[5, 10, 20, 50]: Recall=[0.01176, 0.01905, 0.02992, 0.05524],  precision=[0.00235, 0.00191, 0.00150, 0.00110], hit=[0.01176, 0.01905, 0.02992, 0.05524], ndcg=[0.00729, 0.00966, 0.01242, 0.01732], Train Rec Loss=[0.05961], Eval Rec Loss=[0.05971], c=[1.00000], F=[0.77067, 0.92473, 0.90703, 0.89484], F_fuse=[0.00469, 0.00380, 0.00299, 0.00221]
[ INFO : 2026-06-14 11:03:45,904 ] - Epoch 122: train==[106.09708 = 0.50473 + 1.12672 + 12.82609 + 0.00308 + 0.00000 + 0.00022 + 613.91277]
[ INFO : 2026-06-14 11:03:54,425 ] - Test_@[5, 10, 20, 50]: Recall=[0.01100, 0.01854, 0.02864, 0.05447],  precision=[0.00220, 0.00185, 0.00143, 0.00109], hit=[0.01100, 0.01854, 0.02864, 0.05447], ndcg=[0.00708, 0.00949, 0.01209, 0.01712], Train Rec Loss=[0.06025], Eval Rec Loss=[0.05954], c=[1.00000], F=[0.77188, 0.91890, 0.90917, 0.89834], F_fuse=[0.00439, 0.00370, 0.00286, 0.00218]
[ INFO : 2026-06-14 11:05:26,417 ] - Epoch 123: train==[106.06098 = 0.50346 + 1.12395 + 12.79249 + 0.00310 + 0.00000 + 0.00022 + 613.91561]
[ INFO : 2026-06-14 11:05:35,015 ] - Test_@[5, 10, 20, 50]: Recall=[0.01048, 0.01854, 0.02826, 0.05588],  precision=[0.00210, 0.00185, 0.00141, 0.00112], hit=[0.01048, 0.01854, 0.02826, 0.05588], ndcg=[0.00598, 0.00857, 0.01108, 0.01645], Train Rec Loss=[0.06031], Eval Rec Loss=[0.06019], c=[1.00000], F=[0.77029, 0.91266, 0.91017, 0.89800], F_fuse=[0.00418, 0.00370, 0.00282, 0.00223]
[ INFO : 2026-06-14 11:07:07,277 ] - Epoch 124: train==[106.03404 = 0.51475 + 1.12169 + 12.75441 + 0.00308 + 0.00000 + 0.00023 + 613.92367]
[ INFO : 2026-06-14 11:07:15,943 ] - Test_@[5, 10, 20, 50]: Recall=[0.01202, 0.01867, 0.02826, 0.05485],  precision=[0.00240, 0.00187, 0.00141, 0.00110], hit=[0.01202, 0.01867, 0.02826, 0.05485], ndcg=[0.00699, 0.00917, 0.01158, 0.01675], Train Rec Loss=[0.06079], Eval Rec Loss=[0.06061], c=[1.00000], F=[0.76156, 0.91358, 0.91064, 0.89972], F_fuse=[0.00479, 0.00373, 0.00282, 0.00219]
[ INFO : 2026-06-14 11:08:48,266 ] - Epoch 125: train==[105.91387 = 0.50923 + 1.11894 + 12.64363 + 0.00312 + 0.00000 + 0.00022 + 613.90872]
[ INFO : 2026-06-14 11:08:56,849 ] - Test_@[5, 10, 20, 50]: Recall=[0.01151, 0.01892, 0.02966, 0.05536],  precision=[0.00230, 0.00189, 0.00148, 0.00111], hit=[0.01151, 0.01892, 0.02966, 0.05536], ndcg=[0.00663, 0.00904, 0.01181, 0.01677], Train Rec Loss=[0.06082], Eval Rec Loss=[0.05994], c=[1.00000], F=[0.74673, 0.91706, 0.91029, 0.89802], F_fuse=[0.00459, 0.00378, 0.00296, 0.00221]
[ INFO : 2026-06-14 11:10:29,357 ] - Epoch 126: train==[105.90996 = 0.50000 + 1.11606 + 12.64924 + 0.00312 + 0.00000 + 0.00022 + 613.91826]
[ INFO : 2026-06-14 11:10:38,086 ] - Test_@[5, 10, 20, 50]: Recall=[0.01151, 0.01854, 0.02851, 0.05511],  precision=[0.00230, 0.00185, 0.00143, 0.00110], hit=[0.01151, 0.01854, 0.02851, 0.05511], ndcg=[0.00677, 0.00908, 0.01164, 0.01681], Train Rec Loss=[0.06115], Eval Rec Loss=[0.06108], c=[1.00000], F=[0.75092, 0.91226, 0.91183, 0.90232], F_fuse=[0.00459, 0.00370, 0.00285, 0.00220]
[ INFO : 2026-06-14 11:12:10,373 ] - Epoch 127: train==[105.84612 = 0.50405 + 1.11395 + 12.58318 + 0.00314 + 0.00000 + 0.00022 + 613.91435]
[ INFO : 2026-06-14 11:12:18,951 ] - Test_@[5, 10, 20, 50]: Recall=[0.01227, 0.01854, 0.02839, 0.05498],  precision=[0.00245, 0.00185, 0.00142, 0.00110], hit=[0.01227, 0.01854, 0.02839, 0.05498], ndcg=[0.00753, 0.00960, 0.01214, 0.01733], Train Rec Loss=[0.06226], Eval Rec Loss=[0.06216], c=[1.00000], F=[0.84886, 0.91432, 0.90937, 0.90069], F_fuse=[0.00490, 0.00370, 0.00283, 0.00220]
[ INFO : 2026-06-14 11:13:51,862 ] - Epoch 128: train==[105.81418 = 0.50063 + 1.11164 + 12.55623 + 0.00314 + 0.00000 + 0.00021 + 613.91317]
[ INFO : 2026-06-14 11:14:00,470 ] - Test_@[5, 10, 20, 50]: Recall=[0.01176, 0.01892, 0.02902, 0.05549],  precision=[0.00235, 0.00189, 0.00145, 0.00111], hit=[0.01176, 0.01892, 0.02902, 0.05549], ndcg=[0.00716, 0.00948, 0.01208, 0.01719], Train Rec Loss=[0.06141], Eval Rec Loss=[0.06199], c=[1.00000], F=[0.76610, 0.92530, 0.90843, 0.90096], F_fuse=[0.00469, 0.00378, 0.00290, 0.00222]
[ INFO : 2026-06-14 11:15:32,845 ] - Epoch 129: train==[105.70041 = 0.49694 + 1.10894 + 12.44733 + 0.00315 + 0.00000 + 0.00022 + 613.91600]
[ INFO : 2026-06-14 11:15:41,418 ] - Test_@[5, 10, 20, 50]: Recall=[0.01164, 0.01867, 0.02851, 0.05575],  precision=[0.00233, 0.00187, 0.00143, 0.00111], hit=[0.01164, 0.01867, 0.02851, 0.05575], ndcg=[0.00672, 0.00897, 0.01146, 0.01672], Train Rec Loss=[0.06215], Eval Rec Loss=[0.06166], c=[1.00000], F=[0.75114, 0.92167, 0.90762, 0.89995], F_fuse=[0.00464, 0.00373, 0.00285, 0.00223]
[ INFO : 2026-06-14 11:17:14,001 ] - Epoch 130: train==[105.64272 = 0.49479 + 1.10645 + 12.39353 + 0.00316 + 0.00000 + 0.00021 + 613.91439]
[ INFO : 2026-06-14 11:17:22,664 ] - Test_@[5, 10, 20, 50]: Recall=[0.01100, 0.01867, 0.02954, 0.05485],  precision=[0.00220, 0.00187, 0.00148, 0.00110], hit=[0.01100, 0.01867, 0.02954, 0.05485], ndcg=[0.00678, 0.00929, 0.01206, 0.01696], Train Rec Loss=[0.06271], Eval Rec Loss=[0.06244], c=[1.00000], F=[0.76265, 0.92039, 0.90815, 0.89912], F_fuse=[0.00439, 0.00373, 0.00295, 0.00219]
[ INFO : 2026-06-14 11:18:54,699 ] - Epoch 131: train==[105.70290 = 0.49834 + 1.10409 + 12.44933 + 0.00314 + 0.00000 + 0.00025 + 613.92919]
[ INFO : 2026-06-14 11:19:03,336 ] - Test_@[5, 10, 20, 50]: Recall=[0.01176, 0.01790, 0.02787, 0.05332],  precision=[0.00235, 0.00179, 0.00139, 0.00107], hit=[0.01176, 0.01790, 0.02787, 0.05332], ndcg=[0.00710, 0.00911, 0.01164, 0.01658], Train Rec Loss=[0.06301], Eval Rec Loss=[0.06241], c=[1.00000], F=[0.75702, 0.91648, 0.90880, 0.90314], F_fuse=[0.00469, 0.00357, 0.00278, 0.00213]
[ INFO : 2026-06-14 11:20:36,051 ] - Epoch 132: train==[105.61308 = 0.49393 + 1.10197 + 12.36773 + 0.00315 + 0.00000 + 0.00021 + 613.91251]
[ INFO : 2026-06-14 11:20:44,759 ] - Test_@[5, 10, 20, 50]: Recall=[0.01100, 0.01841, 0.02826, 0.05562],  precision=[0.00220, 0.00184, 0.00141, 0.00111], hit=[0.01100, 0.01841, 0.02826, 0.05562], ndcg=[0.00739, 0.00981, 0.01233, 0.01764], Train Rec Loss=[0.06268], Eval Rec Loss=[0.06290], c=[1.00000], F=[0.76265, 0.91482, 0.90951, 0.90483], F_fuse=[0.00439, 0.00367, 0.00282, 0.00222]
[ INFO : 2026-06-14 11:22:17,073 ] - Epoch 133: train==[105.56419 = 0.49091 + 1.09980 + 12.32328 + 0.00317 + 0.00000 + 0.00021 + 613.91158]
[ INFO : 2026-06-14 11:22:25,710 ] - Test_@[5, 10, 20, 50]: Recall=[0.00921, 0.01854, 0.02941, 0.05472],  precision=[0.00184, 0.00185, 0.00147, 0.00109], hit=[0.00921, 0.01854, 0.02941, 0.05472], ndcg=[0.00513, 0.00814, 0.01090, 0.01579], Train Rec Loss=[0.06330], Eval Rec Loss=[0.06256], c=[1.00000], F=[0.80905, 0.91667, 0.90936, 0.90428], F_fuse=[0.00367, 0.00370, 0.00294, 0.00219]
[ INFO : 2026-06-14 11:23:58,284 ] - Epoch 134: train==[105.55316 = 0.49048 + 1.09762 + 12.31317 + 0.00318 + 0.00000 + 0.00021 + 613.91690]
[ INFO : 2026-06-14 11:24:06,875 ] - Test_@[5, 10, 20, 50]: Recall=[0.01151, 0.01828, 0.02775, 0.05345],  precision=[0.00230, 0.00183, 0.00139, 0.00107], hit=[0.01151, 0.01828, 0.02775, 0.05345], ndcg=[0.00706, 0.00924, 0.01168, 0.01669], Train Rec Loss=[0.06414], Eval Rec Loss=[0.06391], c=[1.00000], F=[0.75235, 0.91645, 0.90864, 0.90332], F_fuse=[0.00459, 0.00365, 0.00277, 0.00214]
[ INFO : 2026-06-14 11:25:39,707 ] - Epoch 135: train==[105.43739 = 0.48922 + 1.09580 + 12.20091 + 0.00321 + 0.00000 + 0.00022 + 613.90896]
[ INFO : 2026-06-14 11:25:48,267 ] - Test_@[5, 10, 20, 50]: Recall=[0.01253, 0.01918, 0.02928, 0.05511],  precision=[0.00251, 0.00192, 0.00146, 0.00110], hit=[0.01253, 0.01918, 0.02928, 0.05511], ndcg=[0.00752, 0.00965, 0.01220, 0.01720], Train Rec Loss=[0.06452], Eval Rec Loss=[0.06363], c=[1.00000], F=[0.75603, 0.92105, 0.90900, 0.90284], F_fuse=[0.00500, 0.00383, 0.00292, 0.00220]
[ INFO : 2026-06-14 11:27:20,775 ] - Epoch 136: train==[105.43543 = 0.48860 + 1.09322 + 12.20059 + 0.00321 + 0.00000 + 0.00021 + 613.91260]
[ INFO : 2026-06-14 11:27:29,424 ] - Test_@[5, 10, 20, 50]: Recall=[0.01419, 0.01867, 0.02813, 0.05281],  precision=[0.00284, 0.00187, 0.00141, 0.00106], hit=[0.01419, 0.01867, 0.02813, 0.05281], ndcg=[0.00811, 0.00958, 0.01199, 0.01679], Train Rec Loss=[0.06469], Eval Rec Loss=[0.06437], c=[1.00000], F=[0.80969, 0.91817, 0.90788, 0.90408], F_fuse=[0.00566, 0.00373, 0.00281, 0.00211]
[ INFO : 2026-06-14 11:29:01,754 ] - Epoch 137: train==[105.37858 = 0.48532 + 1.09138 + 12.14834 + 0.00322 + 0.00000 + 0.00021 + 613.91106]
[ INFO : 2026-06-14 11:29:10,424 ] - Test_@[5, 10, 20, 50]: Recall=[0.01266, 0.01790, 0.02800, 0.05370],  precision=[0.00253, 0.00179, 0.00140, 0.00107], hit=[0.01266, 0.01790, 0.02800, 0.05370], ndcg=[0.00756, 0.00924, 0.01178, 0.01679], Train Rec Loss=[0.06435], Eval Rec Loss=[0.06374], c=[1.00000], F=[0.75497, 0.91477, 0.90859, 0.90388], F_fuse=[0.00505, 0.00357, 0.00280, 0.00215]
[ INFO : 2026-06-14 11:30:43,149 ] - Epoch 138: train==[105.33305 = 0.48201 + 1.08879 + 12.10735 + 0.00324 + 0.00000 + 0.00021 + 613.91304]
[ INFO : 2026-06-14 11:30:51,842 ] - Test_@[5, 10, 20, 50]: Recall=[0.01112, 0.01918, 0.02877, 0.05460],  precision=[0.00222, 0.00192, 0.00144, 0.00109], hit=[0.01112, 0.01918, 0.02877, 0.05460], ndcg=[0.00681, 0.00942, 0.01188, 0.01690], Train Rec Loss=[0.06486], Eval Rec Loss=[0.06484], c=[1.00000], F=[0.75117, 0.91742, 0.90953, 0.90524], F_fuse=[0.00444, 0.00383, 0.00287, 0.00218]
[ INFO : 2026-06-14 11:32:24,000 ] - Epoch 139: train==[105.35895 = 0.48542 + 1.08698 + 12.13031 + 0.00323 + 0.00000 + 0.00022 + 613.91722]
[ INFO : 2026-06-14 11:32:32,539 ] - Test_@[5, 10, 20, 50]: Recall=[0.01151, 0.01777, 0.02711, 0.05255],  precision=[0.00230, 0.00178, 0.00136, 0.00105], hit=[0.01151, 0.01777, 0.02711, 0.05255], ndcg=[0.00706, 0.00910, 0.01148, 0.01645], Train Rec Loss=[0.06543], Eval Rec Loss=[0.06444], c=[1.00000], F=[0.77482, 0.91478, 0.90974, 0.90608], F_fuse=[0.00459, 0.00355, 0.00271, 0.00210]
[ INFO : 2026-06-14 11:34:04,733 ] - Epoch 140: train==[105.26363 = 0.48182 + 1.08466 + 12.04024 + 0.00323 + 0.00000 + 0.00021 + 613.91553]
[ INFO : 2026-06-14 11:34:13,361 ] - Test_@[5, 10, 20, 50]: Recall=[0.01023, 0.01854, 0.02928, 0.05332],  precision=[0.00205, 0.00185, 0.00146, 0.00107], hit=[0.01023, 0.01854, 0.02928, 0.05332], ndcg=[0.00653, 0.00916, 0.01191, 0.01659], Train Rec Loss=[0.06522], Eval Rec Loss=[0.06549], c=[1.00000], F=[0.81442, 0.91891, 0.90623, 0.90328], F_fuse=[0.00408, 0.00370, 0.00292, 0.00213]
[ INFO : 2026-06-14 11:35:46,137 ] - Epoch 141: train==[105.27310 = 0.48574 + 1.08303 + 12.04709 + 0.00324 + 0.00000 + 0.00021 + 613.91325]
[ INFO : 2026-06-14 11:35:54,709 ] - Test_@[5, 10, 20, 50]: Recall=[0.01432, 0.01739, 0.02762, 0.05370],  precision=[0.00286, 0.00174, 0.00138, 0.00107], hit=[0.01432, 0.01739, 0.02762, 0.05370], ndcg=[0.00807, 0.00906, 0.01170, 0.01677], Train Rec Loss=[0.06593], Eval Rec Loss=[0.06578], c=[1.00000], F=[0.76904, 0.90737, 0.90991, 0.90834], F_fuse=[0.00571, 0.00347, 0.00276, 0.00215]
[ INFO : 2026-06-14 11:37:26,939 ] - Epoch 142: train==[105.17273 = 0.48343 + 1.08091 + 11.95045 + 0.00327 + 0.00000 + 0.00021 + 613.91213]
[ INFO : 2026-06-14 11:37:35,606 ] - Test_@[5, 10, 20, 50]: Recall=[0.00997, 0.01662, 0.02723, 0.05306],  precision=[0.00199, 0.00166, 0.00136, 0.00106], hit=[0.00997, 0.01662, 0.02723, 0.05306], ndcg=[0.00586, 0.00803, 0.01071, 0.01575], Train Rec Loss=[0.06645], Eval Rec Loss=[0.06621], c=[1.00000], F=[0.76945, 0.92017, 0.90649, 0.90704], F_fuse=[0.00398, 0.00332, 0.00272, 0.00212]
[ INFO : 2026-06-14 11:39:07,971 ] - Epoch 143: train==[105.07759 = 0.47980 + 1.07906 + 11.85992 + 0.00330 + 0.00000 + 0.00021 + 613.91282]
[ INFO : 2026-06-14 11:39:16,528 ] - Test_@[5, 10, 20, 50]: Recall=[0.01100, 0.01854, 0.02749, 0.05332],  precision=[0.00220, 0.00185, 0.00137, 0.00107], hit=[0.01100, 0.01854, 0.02749, 0.05332], ndcg=[0.00675, 0.00916, 0.01145, 0.01651], Train Rec Loss=[0.06610], Eval Rec Loss=[0.06613], c=[1.00000], F=[0.76047, 0.92462, 0.90622, 0.90534], F_fuse=[0.00439, 0.00370, 0.00274, 0.00213]
[ INFO : 2026-06-14 11:40:49,153 ] - Epoch 144: train==[105.00181 = 0.47865 + 1.07685 + 11.78590 + 0.00330 + 0.00000 + 0.00023 + 613.91744]
[ INFO : 2026-06-14 11:40:57,779 ] - Test_@[5, 10, 20, 50]: Recall=[0.01112, 0.01777, 0.02877, 0.05421],  precision=[0.00222, 0.00178, 0.00144, 0.00108], hit=[0.01112, 0.01777, 0.02877, 0.05421], ndcg=[0.00676, 0.00895, 0.01175, 0.01671], Train Rec Loss=[0.06693], Eval Rec Loss=[0.06629], c=[1.00000], F=[0.86049, 0.92312, 0.90713, 0.90318], F_fuse=[0.00444, 0.00355, 0.00287, 0.00217]
[ INFO : 2026-06-14 11:42:30,095 ] - Epoch 145: train==[105.06688 = 0.47714 + 1.07467 + 11.85317 + 0.00328 + 0.00000 + 0.00024 + 613.92159]
[ INFO : 2026-06-14 11:42:38,635 ] - Test_@[5, 10, 20, 50]: Recall=[0.01176, 0.01803, 0.02851, 0.05370],  precision=[0.00235, 0.00180, 0.00143, 0.00107], hit=[0.01176, 0.01803, 0.02851, 0.05370], ndcg=[0.00702, 0.00908, 0.01175, 0.01664], Train Rec Loss=[0.06724], Eval Rec Loss=[0.06735], c=[1.00000], F=[0.86097, 0.91943, 0.90714, 0.90761], F_fuse=[0.00469, 0.00360, 0.00285, 0.00215]
[ INFO : 2026-06-14 11:44:11,145 ] - Epoch 146: train==[105.02870 = 0.47393 + 1.07275 + 11.81994 + 0.00327 + 0.00000 + 0.00022 + 613.91788]
[ INFO : 2026-06-14 11:44:19,727 ] - Test_@[5, 10, 20, 50]: Recall=[0.01087, 0.01828, 0.02851, 0.05357],  precision=[0.00217, 0.00183, 0.00143, 0.00107], hit=[0.01087, 0.01828, 0.02851, 0.05357], ndcg=[0.00657, 0.00896, 0.01157, 0.01643], Train Rec Loss=[0.06754], Eval Rec Loss=[0.06682], c=[1.00000], F=[0.76763, 0.91431, 0.90821, 0.90707], F_fuse=[0.00433, 0.00365, 0.00285, 0.00214]
[ INFO : 2026-06-14 11:45:52,416 ] - Epoch 147: train==[105.00833 = 0.47247 + 1.07086 + 11.80055 + 0.00330 + 0.00000 + 0.00023 + 613.92840]
[ INFO : 2026-06-14 11:46:00,973 ] - Test_@[5, 10, 20, 50]: Recall=[0.01061, 0.01764, 0.02800, 0.05421],  precision=[0.00212, 0.00176, 0.00140, 0.00108], hit=[0.01061, 0.01764, 0.02800, 0.05421], ndcg=[0.00644, 0.00873, 0.01133, 0.01644], Train Rec Loss=[0.06830], Eval Rec Loss=[0.06697], c=[1.00000], F=[0.84725, 0.91568, 0.90920, 0.90973], F_fuse=[0.00423, 0.00352, 0.00280, 0.00217]
[ INFO : 2026-06-14 11:47:33,225 ] - Epoch 148: train==[104.91820 = 0.47527 + 1.06924 + 11.71015 + 0.00330 + 0.00000 + 0.00022 + 613.91806]
[ INFO : 2026-06-14 11:47:41,770 ] - Test_@[5, 10, 20, 50]: Recall=[0.01227, 0.01764, 0.02787, 0.05293],  precision=[0.00245, 0.00176, 0.00139, 0.00106], hit=[0.01227, 0.01764, 0.02787, 0.05293], ndcg=[0.00663, 0.00840, 0.01103, 0.01592], Train Rec Loss=[0.06740], Eval Rec Loss=[0.06690], c=[1.00000], F=[0.84774, 0.92143, 0.90765, 0.90977], F_fuse=[0.00490, 0.00352, 0.00278, 0.00211]
[ INFO : 2026-06-14 11:49:14,082 ] - Epoch 149: train==[104.90040 = 0.46984 + 1.06711 + 11.69938 + 0.00330 + 0.00000 + 0.00021 + 613.91598]
[ INFO : 2026-06-14 11:49:22,741 ] - Test_@[5, 10, 20, 50]: Recall=[0.01061, 0.01777, 0.02736, 0.05306],  precision=[0.00212, 0.00178, 0.00137, 0.00106], hit=[0.01061, 0.01777, 0.02736, 0.05306], ndcg=[0.00614, 0.00844, 0.01091, 0.01591], Train Rec Loss=[0.06788], Eval Rec Loss=[0.06725], c=[1.00000], F=[0.84278, 0.91148, 0.90789, 0.90986], F_fuse=[0.00423, 0.00355, 0.00273, 0.00212]
[ INFO : 2026-06-14 11:50:54,812 ] - Epoch 150: train==[104.87218 = 0.47277 + 1.06532 + 11.66995 + 0.00332 + 0.00000 + 0.00021 + 613.91157]
[ INFO : 2026-06-14 11:51:03,512 ] - Test_@[5, 10, 20, 50]: Recall=[0.01074, 0.01726, 0.02685, 0.05396],  precision=[0.00215, 0.00173, 0.00134, 0.00108], hit=[0.01074, 0.01726, 0.02685, 0.05396], ndcg=[0.00624, 0.00834, 0.01079, 0.01608], Train Rec Loss=[0.06808], Eval Rec Loss=[0.06817], c=[1.00000], F=[0.83952, 0.91544, 0.90740, 0.90759], F_fuse=[0.00429, 0.00345, 0.00268, 0.00216]
[ INFO : 2026-06-14 11:52:35,612 ] - Epoch 151: train==[104.84934 = 0.46652 + 1.06333 + 11.65449 + 0.00332 + 0.00000 + 0.00021 + 613.91199]
[ INFO : 2026-06-14 11:52:44,153 ] - Test_@[5, 10, 20, 50]: Recall=[0.01215, 0.01752, 0.02775, 0.05319],  precision=[0.00243, 0.00175, 0.00139, 0.00106], hit=[0.01215, 0.01752, 0.02775, 0.05319], ndcg=[0.00727, 0.00900, 0.01157, 0.01651], Train Rec Loss=[0.06807], Eval Rec Loss=[0.06836], c=[1.00000], F=[0.85771, 0.92205, 0.90652, 0.90724], F_fuse=[0.00484, 0.00350, 0.00277, 0.00213]
[ INFO : 2026-06-14 11:54:16,031 ] - Epoch 152: train==[104.83131 = 0.46818 + 1.06126 + 11.63398 + 0.00332 + 0.00000 + 0.00025 + 613.92552]
[ INFO : 2026-06-14 11:54:24,663 ] - Test_@[5, 10, 20, 50]: Recall=[0.01164, 0.01764, 0.02762, 0.05281],  precision=[0.00233, 0.00176, 0.00138, 0.00106], hit=[0.01164, 0.01764, 0.02762, 0.05281], ndcg=[0.00698, 0.00895, 0.01150, 0.01641], Train Rec Loss=[0.06854], Eval Rec Loss=[0.06826], c=[1.00000], F=[0.85812, 0.91679, 0.90993, 0.91179], F_fuse=[0.00464, 0.00352, 0.00276, 0.00211]
[ INFO : 2026-06-14 11:55:57,050 ] - Epoch 153: train==[104.83962 = 0.46737 + 1.05939 + 11.64548 + 0.00334 + 0.00000 + 0.00022 + 613.91710]
[ INFO : 2026-06-14 11:56:05,640 ] - Test_@[5, 10, 20, 50]: Recall=[0.01164, 0.01790, 0.02723, 0.05293],  precision=[0.00233, 0.00179, 0.00136, 0.00106], hit=[0.01164, 0.01790, 0.02723, 0.05293], ndcg=[0.00652, 0.00853, 0.01092, 0.01593], Train Rec Loss=[0.06886], Eval Rec Loss=[0.06885], c=[1.00000], F=[0.85997, 0.91396, 0.90921, 0.91322], F_fuse=[0.00464, 0.00357, 0.00272, 0.00211]
[ INFO : 2026-06-14 11:57:37,820 ] - Epoch 154: train==[104.65308 = 0.46392 + 1.05722 + 11.46346 + 0.00336 + 0.00000 + 0.00022 + 613.91855]
[ INFO : 2026-06-14 11:57:46,358 ] - Test_@[5, 10, 20, 50]: Recall=[0.00972, 0.01637, 0.02775, 0.05472],  precision=[0.00194, 0.00164, 0.00139, 0.00109], hit=[0.00972, 0.01637, 0.02775, 0.05472], ndcg=[0.00589, 0.00810, 0.01095, 0.01619], Train Rec Loss=[0.07080], Eval Rec Loss=[0.06963], c=[1.00000], F=[0.84990, 0.91529, 0.91034, 0.91132], F_fuse=[0.00388, 0.00327, 0.00277, 0.00219]
[ INFO : 2026-06-14 11:59:18,206 ] - Epoch 155: train==[104.63129 = 0.46937 + 1.05535 + 11.43849 + 0.00335 + 0.00000 + 0.00021 + 613.91115]
[ INFO : 2026-06-14 11:59:26,837 ] - Test_@[5, 10, 20, 50]: Recall=[0.00793, 0.01611, 0.02711, 0.05204],  precision=[0.00159, 0.00161, 0.00136, 0.00104], hit=[0.00793, 0.01611, 0.02711, 0.05204], ndcg=[0.00437, 0.00696, 0.00975, 0.01458], Train Rec Loss=[0.07033], Eval Rec Loss=[0.06980], c=[1.00000], F=[0.84306, 0.91229, 0.90829, 0.91131], F_fuse=[0.00316, 0.00322, 0.00271, 0.00208]
[ INFO : 2026-06-14 12:00:59,227 ] - Epoch 156: train==[104.61207 = 0.46317 + 1.05312 + 11.42595 + 0.00336 + 0.00000 + 0.00021 + 613.91669]
[ INFO : 2026-06-14 12:01:07,894 ] - Test_@[5, 10, 20, 50]: Recall=[0.01151, 0.01777, 0.02826, 0.05472],  precision=[0.00230, 0.00178, 0.00141, 0.00109], hit=[0.01151, 0.01777, 0.02826, 0.05472], ndcg=[0.00643, 0.00847, 0.01107, 0.01622], Train Rec Loss=[0.07039], Eval Rec Loss=[0.06937], c=[1.00000], F=[0.84962, 0.91622, 0.90649, 0.90836], F_fuse=[0.00459, 0.00355, 0.00282, 0.00219]
[ INFO : 2026-06-14 12:02:40,237 ] - Epoch 157: train==[104.53939 = 0.46065 + 1.05108 + 11.35583 + 0.00338 + 0.00000 + 0.00023 + 613.92433]
[ INFO : 2026-06-14 12:02:48,747 ] - Test_@[5, 10, 20, 50]: Recall=[0.01023, 0.01726, 0.02864, 0.05524],  precision=[0.00205, 0.00173, 0.00143, 0.00110], hit=[0.01023, 0.01726, 0.02864, 0.05524], ndcg=[0.00623, 0.00851, 0.01133, 0.01649], Train Rec Loss=[0.07097], Eval Rec Loss=[0.07027], c=[1.00000], F=[0.85201, 0.91592, 0.91136, 0.91252], F_fuse=[0.00408, 0.00345, 0.00286, 0.00221]
[ INFO : 2026-06-14 12:04:21,014 ] - Epoch 158: train==[104.52015 = 0.46115 + 1.04889 + 11.33739 + 0.00338 + 0.00000 + 0.00023 + 613.92442]
[ INFO : 2026-06-14 12:04:29,807 ] - Test_@[5, 10, 20, 50]: Recall=[0.00857, 0.01675, 0.02672, 0.05191],  precision=[0.00171, 0.00167, 0.00134, 0.00104], hit=[0.00857, 0.01675, 0.02672, 0.05191], ndcg=[0.00502, 0.00767, 0.01017, 0.01508], Train Rec Loss=[0.06998], Eval Rec Loss=[0.07053], c=[1.00000], F=[0.84131, 0.90746, 0.90831, 0.91201], F_fuse=[0.00342, 0.00334, 0.00267, 0.00207]
[ INFO : 2026-06-14 12:06:02,268 ] - Epoch 159: train==[104.54244 = 0.46319 + 1.04580 + 11.35982 + 0.00338 + 0.00000 + 0.00022 + 613.92225]
[ INFO : 2026-06-14 12:06:10,930 ] - Test_@[5, 10, 20, 50]: Recall=[0.01061, 0.01777, 0.02851, 0.05153],  precision=[0.00212, 0.00178, 0.00143, 0.00103], hit=[0.01061, 0.01777, 0.02851, 0.05153], ndcg=[0.00629, 0.00862, 0.01136, 0.01585], Train Rec Loss=[0.07129], Eval Rec Loss=[0.07092], c=[1.00000], F=[0.83993, 0.90810, 0.90953, 0.91356], F_fuse=[0.00423, 0.00355, 0.00285, 0.00206]
[ INFO : 2026-06-14 12:07:43,729 ] - Epoch 160: train==[104.48111 = 0.45987 + 1.04279 + 11.30395 + 0.00339 + 0.00000 + 0.00022 + 613.92004]
[ INFO : 2026-06-14 12:07:52,317 ] - Test_@[5, 10, 20, 50]: Recall=[0.00869, 0.01688, 0.02749, 0.05281],  precision=[0.00174, 0.00169, 0.00137, 0.00106], hit=[0.00869, 0.01688, 0.02749, 0.05281], ndcg=[0.00535, 0.00798, 0.01070, 0.01561], Train Rec Loss=[0.07131], Eval Rec Loss=[0.06945], c=[1.00000], F=[0.84415, 0.90808, 0.90819, 0.91415], F_fuse=[0.00347, 0.00337, 0.00274, 0.00211]
[ INFO : 2026-06-14 12:09:24,980 ] - Epoch 161: train==[104.37769 = 0.45718 + 1.03998 + 11.20628 + 0.00342 + 0.00000 + 0.00021 + 613.91066]
[ INFO : 2026-06-14 12:09:33,602 ] - Test_@[5, 10, 20, 50]: Recall=[0.01010, 0.01701, 0.02787, 0.05524],  precision=[0.00202, 0.00170, 0.00139, 0.00110], hit=[0.01010, 0.01701, 0.02787, 0.05524], ndcg=[0.00620, 0.00847, 0.01124, 0.01657], Train Rec Loss=[0.07175], Eval Rec Loss=[0.07073], c=[1.00000], F=[0.83923, 0.90925, 0.90850, 0.90953], F_fuse=[0.00403, 0.00339, 0.00278, 0.00221]
[ INFO : 2026-06-14 12:11:05,633 ] - Epoch 162: train==[104.42595 = 0.46031 + 1.03743 + 11.25244 + 0.00340 + 0.00000 + 0.00022 + 613.91409]
[ INFO : 2026-06-14 12:11:14,186 ] - Test_@[5, 10, 20, 50]: Recall=[0.00818, 0.01662, 0.02698, 0.05166],  precision=[0.00164, 0.00166, 0.00135, 0.00103], hit=[0.00818, 0.01662, 0.02698, 0.05166], ndcg=[0.00490, 0.00763, 0.01023, 0.01506], Train Rec Loss=[0.07204], Eval Rec Loss=[0.07163], c=[1.00000], F=[0.84118, 0.90256, 0.91248, 0.91524], F_fuse=[0.00327, 0.00332, 0.00269, 0.00206]
[ INFO : 2026-06-14 12:12:46,617 ] - Epoch 163: train==[104.43126 = 0.46177 + 1.03447 + 11.25770 + 0.00342 + 0.00000 + 0.00021 + 613.91655]
[ INFO : 2026-06-14 12:12:55,219 ] - Test_@[5, 10, 20, 50]: Recall=[0.01138, 0.01777, 0.02800, 0.05191],  precision=[0.00228, 0.00178, 0.00140, 0.00104], hit=[0.01138, 0.01777, 0.02800, 0.05191], ndcg=[0.00642, 0.00849, 0.01109, 0.01576], Train Rec Loss=[0.07157], Eval Rec Loss=[0.07095], c=[1.00000], F=[0.83504, 0.90171, 0.90784, 0.91168], F_fuse=[0.00454, 0.00355, 0.00280, 0.00207]
[ INFO : 2026-06-14 12:14:27,325 ] - Epoch 164: train==[104.37545 = 0.45939 + 1.03181 + 11.20594 + 0.00341 + 0.00000 + 0.00022 + 613.91603]
[ INFO : 2026-06-14 12:14:35,820 ] - Test_@[5, 10, 20, 50]: Recall=[0.01087, 0.01777, 0.02736, 0.05217],  precision=[0.00217, 0.00178, 0.00137, 0.00104], hit=[0.01087, 0.01777, 0.02736, 0.05217], ndcg=[0.00661, 0.00882, 0.01126, 0.01611], Train Rec Loss=[0.07157], Eval Rec Loss=[0.07188], c=[1.00000], F=[0.76676, 0.90240, 0.90967, 0.91481], F_fuse=[0.00433, 0.00355, 0.00273, 0.00208]
[ INFO : 2026-06-14 12:16:08,377 ] - Epoch 165: train==[104.26011 = 0.45297 + 1.02931 + 11.09850 + 0.00344 + 0.00000 + 0.00021 + 613.91596]
[ INFO : 2026-06-14 12:16:17,056 ] - Test_@[5, 10, 20, 50]: Recall=[0.01087, 0.01739, 0.02749, 0.05204],  precision=[0.00217, 0.00174, 0.00137, 0.00104], hit=[0.01087, 0.01739, 0.02749, 0.05204], ndcg=[0.00679, 0.00893, 0.01151, 0.01631], Train Rec Loss=[0.07263], Eval Rec Loss=[0.07194], c=[1.00000], F=[0.85125, 0.90885, 0.90880, 0.91628], F_fuse=[0.00434, 0.00347, 0.00274, 0.00208]
[ INFO : 2026-06-14 12:17:49,895 ] - Epoch 166: train==[104.18286 = 0.45137 + 1.02669 + 11.02500 + 0.00345 + 0.00000 + 0.00020 + 613.91214]
[ INFO : 2026-06-14 12:17:58,568 ] - Test_@[5, 10, 20, 50]: Recall=[0.00972, 0.01688, 0.02672, 0.05447],  precision=[0.00194, 0.00169, 0.00134, 0.00109], hit=[0.00972, 0.01688, 0.02672, 0.05447], ndcg=[0.00536, 0.00770, 0.01022, 0.01563], Train Rec Loss=[0.07281], Eval Rec Loss=[0.07237], c=[1.00000], F=[0.85837, 0.90738, 0.90597, 0.91294], F_fuse=[0.00388, 0.00337, 0.00267, 0.00218]
[ INFO : 2026-06-14 12:19:32,023 ] - Epoch 167: train==[104.18835 = 0.45688 + 1.02443 + 11.02558 + 0.00346 + 0.00000 + 0.00021 + 613.91709]
[ INFO : 2026-06-14 12:19:40,665 ] - Test_@[5, 10, 20, 50]: Recall=[0.01048, 0.01701, 0.02749, 0.05383],  precision=[0.00210, 0.00170, 0.00137, 0.00108], hit=[0.01048, 0.01701, 0.02749, 0.05383], ndcg=[0.00600, 0.00814, 0.01082, 0.01594], Train Rec Loss=[0.07389], Eval Rec Loss=[0.07422], c=[1.00000], F=[0.85569, 0.90591, 0.91042, 0.91593], F_fuse=[0.00418, 0.00339, 0.00274, 0.00215]
[ INFO : 2026-06-14 12:23:36,529 ] - Epoch 168: train==[104.22790 = 0.45459 + 1.02211 + 11.06780 + 0.00345 + 0.00000 + 0.00023 + 613.92369]
[ INFO : 2026-06-14 12:23:45,192 ] - Test_@[5, 10, 20, 50]: Recall=[0.01074, 0.01828, 0.02749, 0.05204],  precision=[0.00215, 0.00183, 0.00137, 0.00104], hit=[0.01074, 0.01828, 0.02749, 0.05204], ndcg=[0.00650, 0.00894, 0.01127, 0.01607], Train Rec Loss=[0.07453], Eval Rec Loss=[0.07314], c=[1.00000], F=[0.83268, 0.89818, 0.91005, 0.91866], F_fuse=[0.00429, 0.00365, 0.00274, 0.00208]
[ INFO : 2026-06-14 12:25:32,163 ] - Epoch 169: train==[104.17598 = 0.45220 + 1.01966 + 11.02129 + 0.00345 + 0.00000 + 0.00021 + 613.91352]
[ INFO : 2026-06-14 12:25:40,663 ] - Test_@[5, 10, 20, 50]: Recall=[0.01010, 0.01662, 0.02736, 0.05204],  precision=[0.00202, 0.00166, 0.00137, 0.00104], hit=[0.01010, 0.01662, 0.02736, 0.05204], ndcg=[0.00611, 0.00825, 0.01095, 0.01578], Train Rec Loss=[0.07340], Eval Rec Loss=[0.07418], c=[1.00000], F=[0.82635, 0.89797, 0.90975, 0.91820], F_fuse=[0.00403, 0.00332, 0.00273, 0.00208]
[ INFO : 2026-06-14 12:27:12,704 ] - Epoch 170: train==[104.15686 = 0.45228 + 1.01721 + 11.00359 + 0.00348 + 0.00000 + 0.00021 + 613.91308]
[ INFO : 2026-06-14 12:27:21,577 ] - Test_@[5, 10, 20, 50]: Recall=[0.01125, 0.01739, 0.02672, 0.05204],  precision=[0.00225, 0.00174, 0.00134, 0.00104], hit=[0.01125, 0.01739, 0.02672, 0.05204], ndcg=[0.00609, 0.00805, 0.01042, 0.01538], Train Rec Loss=[0.07507], Eval Rec Loss=[0.07353], c=[1.00000], F=[0.83545, 0.89877, 0.91135, 0.91886], F_fuse=[0.00449, 0.00347, 0.00267, 0.00208]
[ INFO : 2026-06-14 12:28:53,828 ] - Epoch 171: train==[104.02634 = 0.44843 + 1.01480 + 10.87821 + 0.00349 + 0.00000 + 0.00021 + 613.91412]
[ INFO : 2026-06-14 12:29:02,506 ] - Test_@[5, 10, 20, 50]: Recall=[0.01176, 0.01739, 0.02826, 0.05345],  precision=[0.00235, 0.00174, 0.00141, 0.00107], hit=[0.01176, 0.01739, 0.02826, 0.05345], ndcg=[0.00716, 0.00899, 0.01174, 0.01664], Train Rec Loss=[0.07533], Eval Rec Loss=[0.07429], c=[1.00000], F=[0.85233, 0.90555, 0.90921, 0.91621], F_fuse=[0.00469, 0.00347, 0.00282, 0.00214]
[ INFO : 2026-06-14 12:30:34,472 ] - Epoch 172: train==[104.03971 = 0.44864 + 1.01222 + 10.89266 + 0.00348 + 0.00000 + 0.00022 + 613.91589]
[ INFO : 2026-06-14 12:30:43,055 ] - Test_@[5, 10, 20, 50]: Recall=[0.00997, 0.01637, 0.02621, 0.05383],  precision=[0.00199, 0.00164, 0.00131, 0.00108], hit=[0.00997, 0.01637, 0.02621, 0.05383], ndcg=[0.00589, 0.00800, 0.01051, 0.01593], Train Rec Loss=[0.07527], Eval Rec Loss=[0.07587], c=[1.00000], F=[0.84712, 0.90579, 0.90981, 0.91627], F_fuse=[0.00398, 0.00327, 0.00262, 0.00215]
[ INFO : 2026-06-14 12:32:14,979 ] - Epoch 173: train==[104.01743 = 0.44698 + 1.00969 + 10.87318 + 0.00348 + 0.00000 + 0.00021 + 613.91839]
[ INFO : 2026-06-14 12:32:23,550 ] - Test_@[5, 10, 20, 50]: Recall=[0.00997, 0.01752, 0.02813, 0.05242],  precision=[0.00199, 0.00175, 0.00141, 0.00105], hit=[0.00997, 0.01752, 0.02813, 0.05242], ndcg=[0.00605, 0.00850, 0.01121, 0.01597], Train Rec Loss=[0.07567], Eval Rec Loss=[0.07586], c=[1.00000], F=[0.84721, 0.90363, 0.91129, 0.91996], F_fuse=[0.00398, 0.00350, 0.00281, 0.00209]
[ INFO : 2026-06-14 12:33:55,738 ] - Epoch 174: train==[104.03867 = 0.44415 + 1.00727 + 10.89876 + 0.00352 + 0.00000 + 0.00021 + 613.91779]
[ INFO : 2026-06-14 12:34:04,408 ] - Test_@[5, 10, 20, 50]: Recall=[0.00997, 0.01701, 0.02672, 0.05178],  precision=[0.00199, 0.00170, 0.00134, 0.00104], hit=[0.00997, 0.01701, 0.02672, 0.05178], ndcg=[0.00575, 0.00804, 0.01051, 0.01543], Train Rec Loss=[0.07611], Eval Rec Loss=[0.07615], c=[1.00000], F=[0.82635, 0.89372, 0.90783, 0.91747], F_fuse=[0.00398, 0.00339, 0.00267, 0.00207]
[ INFO : 2026-06-14 12:35:36,516 ] - Epoch 175: train==[104.00688 = 0.44572 + 1.00468 + 10.86692 + 0.00351 + 0.00000 + 0.00021 + 613.91809]
[ INFO : 2026-06-14 12:35:45,083 ] - Test_@[5, 10, 20, 50]: Recall=[0.00972, 0.01662, 0.02685, 0.05345],  precision=[0.00194, 0.00166, 0.00134, 0.00107], hit=[0.00972, 0.01662, 0.02685, 0.05345], ndcg=[0.00601, 0.00828, 0.01090, 0.01610], Train Rec Loss=[0.07696], Eval Rec Loss=[0.07727], c=[1.00000], F=[0.83099, 0.89348, 0.91222, 0.92126], F_fuse=[0.00388, 0.00332, 0.00268, 0.00214]
[ INFO : 2026-06-14 12:37:17,599 ] - Epoch 176: train==[103.92874 = 0.44399 + 1.00228 + 10.79224 + 0.00352 + 0.00000 + 0.00021 + 613.91609]
[ INFO : 2026-06-14 12:37:26,199 ] - Test_@[5, 10, 20, 50]: Recall=[0.00857, 0.01649, 0.02775, 0.05281],  precision=[0.00171, 0.00165, 0.00139, 0.00106], hit=[0.00857, 0.01649, 0.02775, 0.05281], ndcg=[0.00533, 0.00787, 0.01074, 0.01564], Train Rec Loss=[0.07681], Eval Rec Loss=[0.07692], c=[1.00000], F=[0.83919, 0.90078, 0.90733, 0.91628], F_fuse=[0.00342, 0.00329, 0.00277, 0.00211]
[ INFO : 2026-06-14 12:38:58,266 ] - Epoch 177: train==[103.84833 = 0.44585 + 0.99960 + 10.71080 + 0.00353 + 0.00000 + 0.00023 + 613.92103]
[ INFO : 2026-06-14 12:39:07,019 ] - Test_@[5, 10, 20, 50]: Recall=[0.00933, 0.01598, 0.02608, 0.05268],  precision=[0.00187, 0.00160, 0.00130, 0.00105], hit=[0.00933, 0.01598, 0.02608, 0.05268], ndcg=[0.00556, 0.00771, 0.01027, 0.01545], Train Rec Loss=[0.07631], Eval Rec Loss=[0.07683], c=[1.00000], F=[0.83494, 0.89574, 0.91134, 0.91854], F_fuse=[0.00373, 0.00319, 0.00260, 0.00210]
[ INFO : 2026-06-14 12:40:39,307 ] - Epoch 178: train==[103.78119 = 0.44378 + 0.99695 + 10.64806 + 0.00356 + 0.00000 + 0.00022 + 613.91598]
[ INFO : 2026-06-14 12:40:47,853 ] - Test_@[5, 10, 20, 50]: Recall=[0.00831, 0.01726, 0.02723, 0.05230],  precision=[0.00166, 0.00173, 0.00136, 0.00105], hit=[0.00831, 0.01726, 0.02723, 0.05230], ndcg=[0.00470, 0.00754, 0.01008, 0.01497], Train Rec Loss=[0.07757], Eval Rec Loss=[0.07738], c=[1.00000], F=[0.84370, 0.90196, 0.90619, 0.91827], F_fuse=[0.00332, 0.00345, 0.00272, 0.00209]
[ INFO : 2026-06-14 12:42:20,079 ] - Epoch 179: train==[103.84910 = 0.44373 + 0.99460 + 10.71648 + 0.00356 + 0.00000 + 0.00022 + 613.92223]
[ INFO : 2026-06-14 12:42:28,790 ] - Test_@[5, 10, 20, 50]: Recall=[0.00946, 0.01688, 0.02762, 0.05293],  precision=[0.00189, 0.00169, 0.00138, 0.00106], hit=[0.00946, 0.01688, 0.02762, 0.05293], ndcg=[0.00582, 0.00824, 0.01098, 0.01592], Train Rec Loss=[0.07807], Eval Rec Loss=[0.07723], c=[1.00000], F=[0.83584, 0.89658, 0.91239, 0.92110], F_fuse=[0.00378, 0.00337, 0.00276, 0.00211]
[ INFO : 2026-06-14 12:44:01,048 ] - Epoch 180: train==[103.77855 = 0.44079 + 0.99197 + 10.65129 + 0.00357 + 0.00000 + 0.00021 + 613.91674]
[ INFO : 2026-06-14 12:44:09,626 ] - Test_@[5, 10, 20, 50]: Recall=[0.00754, 0.01688, 0.02672, 0.05255],  precision=[0.00151, 0.00169, 0.00134, 0.00105], hit=[0.00754, 0.01688, 0.02672, 0.05255], ndcg=[0.00457, 0.00757, 0.01008, 0.01512], Train Rec Loss=[0.07807], Eval Rec Loss=[0.07801], c=[1.00000], F=[0.83152, 0.89517, 0.90766, 0.91728], F_fuse=[0.00301, 0.00337, 0.00267, 0.00210]
[ INFO : 2026-06-14 12:45:42,098 ] - Epoch 181: train==[103.78301 = 0.44228 + 0.98886 + 10.65613 + 0.00358 + 0.00000 + 0.00021 + 613.91666]
[ INFO : 2026-06-14 12:45:50,630 ] - Test_@[5, 10, 20, 50]: Recall=[0.01048, 0.01624, 0.02723, 0.05255],  precision=[0.00210, 0.00162, 0.00136, 0.00105], hit=[0.01048, 0.01624, 0.02723, 0.05255], ndcg=[0.00657, 0.00843, 0.01121, 0.01616], Train Rec Loss=[0.07822], Eval Rec Loss=[0.07884], c=[1.00000], F=[0.83194, 0.89564, 0.90927, 0.92109], F_fuse=[0.00418, 0.00324, 0.00272, 0.00210]
[ INFO : 2026-06-14 12:47:22,937 ] - Epoch 182: train==[103.79705 = 0.43958 + 0.98503 + 10.67348 + 0.00356 + 0.00000 + 0.00022 + 613.92787]
[ INFO : 2026-06-14 12:47:31,721 ] - Test_@[5, 10, 20, 50]: Recall=[0.00780, 0.01662, 0.02634, 0.05140],  precision=[0.00156, 0.00166, 0.00132, 0.00103], hit=[0.00780, 0.01662, 0.02634, 0.05140], ndcg=[0.00459, 0.00742, 0.00989, 0.01482], Train Rec Loss=[0.07978], Eval Rec Loss=[0.07825], c=[1.00000], F=[0.83565, 0.89147, 0.90710, 0.91931], F_fuse=[0.00311, 0.00332, 0.00263, 0.00205]
[ INFO : 2026-06-14 12:49:03,099 ] - Epoch 183: train==[103.67555 = 0.43633 + 0.98150 + 10.55879 + 0.00358 + 0.00000 + 0.00021 + 613.91820]
[ INFO : 2026-06-14 12:49:11,843 ] - Test_@[5, 10, 20, 50]: Recall=[0.00780, 0.01624, 0.02698, 0.05076],  precision=[0.00156, 0.00162, 0.00135, 0.00102], hit=[0.00780, 0.01624, 0.02698, 0.05076], ndcg=[0.00491, 0.00768, 0.01040, 0.01504], Train Rec Loss=[0.07954], Eval Rec Loss=[0.07998], c=[1.00000], F=[0.83159, 0.89219, 0.91273, 0.92264], F_fuse=[0.00311, 0.00324, 0.00269, 0.00203]
[ INFO : 2026-06-14 12:50:43,478 ] - Epoch 184: train==[103.68260 = 0.43711 + 0.97843 + 10.56375 + 0.00358 + 0.00000 + 0.00024 + 613.93907]
[ INFO : 2026-06-14 12:50:52,153 ] - Test_@[5, 10, 20, 50]: Recall=[0.00933, 0.01598, 0.02621, 0.05012],  precision=[0.00187, 0.00160, 0.00131, 0.00100], hit=[0.00933, 0.01598, 0.02621, 0.05012], ndcg=[0.00592, 0.00810, 0.01068, 0.01536], Train Rec Loss=[0.08087], Eval Rec Loss=[0.08000], c=[1.00000], F=[0.83207, 0.89225, 0.90759, 0.91961], F_fuse=[0.00373, 0.00319, 0.00262, 0.00200]
[ INFO : 2026-06-14 12:52:23,769 ] - Epoch 185: train==[103.66397 = 0.43816 + 0.97555 + 10.54945 + 0.00358 + 0.00000 + 0.00021 + 613.91494]
[ INFO : 2026-06-14 12:52:32,418 ] - Test_@[5, 10, 20, 50]: Recall=[0.01036, 0.01585, 0.02596, 0.05332],  precision=[0.00207, 0.00159, 0.00130, 0.00107], hit=[0.01036, 0.01585, 0.02596, 0.05332], ndcg=[0.00613, 0.00790, 0.01048, 0.01583], Train Rec Loss=[0.07999], Eval Rec Loss=[0.08058], c=[1.00000], F=[0.83613, 0.89513, 0.91123, 0.92219], F_fuse=[0.00413, 0.00317, 0.00259, 0.00213]
[ INFO : 2026-06-14 12:54:04,361 ] - Epoch 186: train==[103.62401 = 0.44022 + 0.97211 + 10.50728 + 0.00362 + 0.00000 + 0.00022 + 613.92932]
[ INFO : 2026-06-14 12:54:13,000 ] - Test_@[5, 10, 20, 50]: Recall=[0.00985, 0.01637, 0.02647, 0.05230],  precision=[0.00197, 0.00164, 0.00132, 0.00105], hit=[0.00985, 0.01637, 0.02647, 0.05230], ndcg=[0.00588, 0.00801, 0.01053, 0.01560], Train Rec Loss=[0.08119], Eval Rec Loss=[0.08171], c=[1.00000], F=[0.83360, 0.89364, 0.90977, 0.91728], F_fuse=[0.00393, 0.00327, 0.00264, 0.00209]
[ INFO : 2026-06-14 12:55:44,845 ] - Epoch 187: train==[103.63186 = 0.43249 + 0.96879 + 10.52294 + 0.00363 + 0.00000 + 0.00027 + 613.94169]
[ INFO : 2026-06-14 12:55:53,495 ] - Test_@[5, 10, 20, 50]: Recall=[0.00754, 0.01458, 0.02544, 0.04948],  precision=[0.00151, 0.00146, 0.00127, 0.00099], hit=[0.00754, 0.01458, 0.02544, 0.04948], ndcg=[0.00449, 0.00676, 0.00947, 0.01416], Train Rec Loss=[0.08193], Eval Rec Loss=[0.08126], c=[1.00000], F=[0.83584, 0.88440, 0.90450, 0.92503], F_fuse=[0.00301, 0.00291, 0.00254, 0.00198]
[ INFO : 2026-06-14 12:57:25,089 ] - Epoch 188: train==[103.68292 = 0.43410 + 0.96528 + 10.57864 + 0.00359 + 0.00000 + 0.00020 + 613.91478]
[ INFO : 2026-06-14 12:57:33,638 ] - Test_@[5, 10, 20, 50]: Recall=[0.00806, 0.01560, 0.02736, 0.05102],  precision=[0.00161, 0.00156, 0.00137, 0.00102], hit=[0.00806, 0.01560, 0.02736, 0.05102], ndcg=[0.00466, 0.00707, 0.01003, 0.01464], Train Rec Loss=[0.08291], Eval Rec Loss=[0.08191], c=[1.00000], F=[0.83753, 0.89477, 0.90985, 0.92246], F_fuse=[0.00322, 0.00311, 0.00273, 0.00204]
[ INFO : 2026-06-14 12:59:05,294 ] - Epoch 189: train==[103.48866 = 0.43185 + 0.96185 + 10.38727 + 0.00364 + 0.00000 + 0.00021 + 613.92386]
[ INFO : 2026-06-14 12:59:13,930 ] - Test_@[5, 10, 20, 50]: Recall=[0.00831, 0.01560, 0.02672, 0.05204],  precision=[0.00166, 0.00156, 0.00134, 0.00104], hit=[0.00831, 0.01560, 0.02672, 0.05204], ndcg=[0.00500, 0.00736, 0.01011, 0.01510], Train Rec Loss=[0.08281], Eval Rec Loss=[0.08365], c=[1.00000], F=[0.83638, 0.89687, 0.90805, 0.91937], F_fuse=[0.00332, 0.00311, 0.00267, 0.00208]
[ INFO : 2026-06-14 13:00:45,253 ] - Epoch 190: train==[103.52626 = 0.43168 + 0.95830 + 10.42674 + 0.00365 + 0.00000 + 0.00023 + 613.92645]
[ INFO : 2026-06-14 13:00:53,974 ] - Test_@[5, 10, 20, 50]: Recall=[0.00690, 0.01585, 0.02570, 0.05306],  precision=[0.00138, 0.00159, 0.00129, 0.00106], hit=[0.00690, 0.01585, 0.02570, 0.05306], ndcg=[0.00403, 0.00689, 0.00933, 0.01469], Train Rec Loss=[0.08263], Eval Rec Loss=[0.08376], c=[1.00000], F=[0.83555, 0.89388, 0.90951, 0.92073], F_fuse=[0.00276, 0.00317, 0.00257, 0.00212]
[ INFO : 2026-06-14 13:02:25,329 ] - Epoch 191: train==[103.45722 = 0.43185 + 0.95431 + 10.35693 + 0.00365 + 0.00000 + 0.00035 + 613.94574]
[ INFO : 2026-06-14 13:02:34,003 ] - Test_@[5, 10, 20, 50]: Recall=[0.00793, 0.01611, 0.02544, 0.04923],  precision=[0.00159, 0.00161, 0.00127, 0.00098], hit=[0.00793, 0.01611, 0.02544, 0.04923], ndcg=[0.00465, 0.00727, 0.00967, 0.01433], Train Rec Loss=[0.08335], Eval Rec Loss=[0.08458], c=[1.00000], F=[0.83641, 0.89170, 0.90823, 0.92487], F_fuse=[0.00316, 0.00322, 0.00254, 0.00197]
[ INFO : 2026-06-14 13:04:05,573 ] - Epoch 192: train==[103.47814 = 0.43439 + 0.95017 + 10.38104 + 0.00363 + 0.00000 + 0.00022 + 613.92506]
[ INFO : 2026-06-14 13:04:14,157 ] - Test_@[5, 10, 20, 50]: Recall=[0.00869, 0.01624, 0.02596, 0.05127],  precision=[0.00174, 0.00162, 0.00130, 0.00103], hit=[0.00869, 0.01624, 0.02596, 0.05127], ndcg=[0.00544, 0.00788, 0.01031, 0.01529], Train Rec Loss=[0.08400], Eval Rec Loss=[0.08431], c=[1.00000], F=[0.83325, 0.89223, 0.90791, 0.92179], F_fuse=[0.00347, 0.00324, 0.00259, 0.00205]
[ INFO : 2026-06-14 13:05:46,194 ] - Epoch 193: train==[103.44778 = 0.43349 + 0.94623 + 10.35123 + 0.00366 + 0.00000 + 0.00029 + 613.94247]
[ INFO : 2026-06-14 13:05:54,868 ] - Test_@[5, 10, 20, 50]: Recall=[0.00818, 0.01624, 0.02570, 0.05140],  precision=[0.00164, 0.00162, 0.00129, 0.00103], hit=[0.00818, 0.01624, 0.02570, 0.05140], ndcg=[0.00473, 0.00727, 0.00971, 0.01477], Train Rec Loss=[0.08463], Eval Rec Loss=[0.08511], c=[1.00000], F=[0.83676, 0.89308, 0.90949, 0.91956], F_fuse=[0.00327, 0.00324, 0.00257, 0.00205]
[ INFO : 2026-06-14 13:07:26,196 ] - Epoch 194: train==[103.41969 = 0.42871 + 0.94220 + 10.33065 + 0.00365 + 0.00000 + 0.00030 + 613.94040]
[ INFO : 2026-06-14 13:07:34,850 ] - Test_@[5, 10, 20, 50]: Recall=[0.00652, 0.01522, 0.02519, 0.04859],  precision=[0.00130, 0.00152, 0.00126, 0.00097], hit=[0.00652, 0.01522, 0.02519, 0.04859], ndcg=[0.00383, 0.00663, 0.00908, 0.01364], Train Rec Loss=[0.08417], Eval Rec Loss=[0.08460], c=[1.00000], F=[0.82756, 0.88153, 0.90629, 0.92371], F_fuse=[0.00260, 0.00304, 0.00252, 0.00194]
[ INFO : 2026-06-14 13:09:06,437 ] - Epoch 195: train==[103.33057 = 0.43459 + 0.93809 + 10.24243 + 0.00370 + 0.00000 + 0.00020 + 613.91187]
[ INFO : 2026-06-14 13:09:15,011 ] - Test_@[5, 10, 20, 50]: Recall=[0.00869, 0.01688, 0.02557, 0.05255],  precision=[0.00174, 0.00169, 0.00128, 0.00105], hit=[0.00869, 0.01688, 0.02557, 0.05255], ndcg=[0.00518, 0.00777, 0.00998, 0.01527], Train Rec Loss=[0.08583], Eval Rec Loss=[0.08605], c=[1.00000], F=[0.83331, 0.88924, 0.90886, 0.92381], F_fuse=[0.00347, 0.00337, 0.00255, 0.00210]
[ INFO : 2026-06-14 13:10:46,386 ] - Epoch 196: train==[103.37287 = 0.42692 + 0.93437 + 10.29382 + 0.00372 + 0.00000 + 0.00021 + 613.91714]
[ INFO : 2026-06-14 13:10:55,078 ] - Test_@[5, 10, 20, 50]: Recall=[0.00806, 0.01611, 0.02608, 0.05025],  precision=[0.00161, 0.00161, 0.00130, 0.00100], hit=[0.00806, 0.01611, 0.02608, 0.05025], ndcg=[0.00450, 0.00708, 0.00960, 0.01432], Train Rec Loss=[0.08589], Eval Rec Loss=[0.08587], c=[1.00000], F=[0.83139, 0.88706, 0.90876, 0.92230], F_fuse=[0.00322, 0.00322, 0.00260, 0.00201]
[ INFO : 2026-06-14 13:12:26,365 ] - Epoch 197: train==[103.33534 = 0.42675 + 0.93014 + 10.25936 + 0.00370 + 0.00000 + 0.00021 + 613.91490]
[ INFO : 2026-06-14 13:12:34,979 ] - Test_@[5, 10, 20, 50]: Recall=[0.00831, 0.01624, 0.02544, 0.05076],  precision=[0.00166, 0.00162, 0.00127, 0.00102], hit=[0.00831, 0.01624, 0.02544, 0.05076], ndcg=[0.00504, 0.00752, 0.00987, 0.01484], Train Rec Loss=[0.08767], Eval Rec Loss=[0.08825], c=[1.00000], F=[0.83066, 0.88718, 0.90979, 0.92405], F_fuse=[0.00332, 0.00324, 0.00254, 0.00203]
[ INFO : 2026-06-14 13:14:07,068 ] - Epoch 198: train==[103.33194 = 0.43048 + 0.92614 + 10.25365 + 0.00371 + 0.00000 + 0.00021 + 613.92129]
[ INFO : 2026-06-14 13:14:15,723 ] - Test_@[5, 10, 20, 50]: Recall=[0.00869, 0.01585, 0.02506, 0.04961],  precision=[0.00174, 0.00159, 0.00125, 0.00099], hit=[0.00869, 0.01585, 0.02506, 0.04961], ndcg=[0.00513, 0.00740, 0.00975, 0.01457], Train Rec Loss=[0.08842], Eval Rec Loss=[0.08889], c=[1.00000], F=[0.83235, 0.88710, 0.90911, 0.92280], F_fuse=[0.00347, 0.00317, 0.00250, 0.00198]
[ INFO : 2026-06-14 13:15:47,335 ] - Epoch 199: train==[103.27325 = 0.42216 + 0.92202 + 10.20548 + 0.00373 + 0.00000 + 0.00021 + 613.92306]
[ INFO : 2026-06-14 13:15:55,943 ] - Test_@[5, 10, 20, 50]: Recall=[0.00908, 0.01637, 0.02583, 0.05102],  precision=[0.00182, 0.00164, 0.00129, 0.00102], hit=[0.00908, 0.01637, 0.02583, 0.05102], ndcg=[0.00549, 0.00782, 0.01022, 0.01512], Train Rec Loss=[0.08874], Eval Rec Loss=[0.08778], c=[1.00000], F=[0.83315, 0.88880, 0.90740, 0.92533], F_fuse=[0.00362, 0.00327, 0.00258, 0.00204]
[ INFO : 2026-06-14 13:17:27,720 ] - Epoch 200: train==[103.23946 = 0.42253 + 0.91779 + 10.17333 + 0.00375 + 0.00000 + 0.00022 + 613.92634]
[ INFO : 2026-06-14 13:17:36,306 ] - Test_@[5, 10, 20, 50]: Recall=[0.00882, 0.01637, 0.02570, 0.05178],  precision=[0.00176, 0.00164, 0.00129, 0.00104], hit=[0.00882, 0.01637, 0.02570, 0.05178], ndcg=[0.00519, 0.00762, 0.00997, 0.01507], Train Rec Loss=[0.08917], Eval Rec Loss=[0.08959], c=[1.00000], F=[0.82765, 0.88188, 0.91092, 0.92615], F_fuse=[0.00352, 0.00327, 0.00257, 0.00207]
[ INFO : 2026-06-14 13:19:07,808 ] - Epoch 201: train==[103.18528 = 0.41821 + 0.91370 + 10.12687 + 0.00373 + 0.00000 + 0.00021 + 613.92022]
[ INFO : 2026-06-14 13:19:16,402 ] - Test_@[5, 10, 20, 50]: Recall=[0.01010, 0.01701, 0.02493, 0.04999],  precision=[0.00202, 0.00170, 0.00125, 0.00100], hit=[0.01010, 0.01701, 0.02493, 0.04999], ndcg=[0.00592, 0.00811, 0.01014, 0.01504], Train Rec Loss=[0.09039], Eval Rec Loss=[0.08856], c=[1.00000], F=[0.83437, 0.88349, 0.90504, 0.92387], F_fuse=[0.00403, 0.00339, 0.00249, 0.00200]
[ INFO : 2026-06-14 13:20:48,032 ] - Epoch 202: train==[103.12746 = 0.41640 + 0.90969 + 10.07357 + 0.00378 + 0.00000 + 0.00022 + 613.91788]
[ INFO : 2026-06-14 13:20:56,647 ] - Test_@[5, 10, 20, 50]: Recall=[0.00908, 0.01598, 0.02583, 0.05102],  precision=[0.00182, 0.00160, 0.00129, 0.00102], hit=[0.00908, 0.01598, 0.02583, 0.05102], ndcg=[0.00529, 0.00746, 0.00992, 0.01485], Train Rec Loss=[0.08985], Eval Rec Loss=[0.08916], c=[1.00000], F=[0.82622, 0.88306, 0.90724, 0.92324], F_fuse=[0.00362, 0.00319, 0.00258, 0.00204]
[ INFO : 2026-06-14 13:22:28,304 ] - Epoch 203: train==[103.20308 = 0.41758 + 0.90581 + 10.14952 + 0.00375 + 0.00000 + 0.00024 + 613.92323]
[ INFO : 2026-06-14 13:22:36,992 ] - Test_@[5, 10, 20, 50]: Recall=[0.00793, 0.01534, 0.02583, 0.05102],  precision=[0.00159, 0.00153, 0.00129, 0.00102], hit=[0.00793, 0.01534, 0.02583, 0.05102], ndcg=[0.00492, 0.00730, 0.00995, 0.01490], Train Rec Loss=[0.09066], Eval Rec Loss=[0.09082], c=[1.00000], F=[0.82385, 0.87995, 0.90914, 0.92529], F_fuse=[0.00316, 0.00306, 0.00258, 0.00204]
[ INFO : 2026-06-14 13:24:08,789 ] - Epoch 204: train==[103.10567 = 0.42004 + 0.90176 + 10.05218 + 0.00378 + 0.00000 + 0.00022 + 613.92262]
[ INFO : 2026-06-14 13:24:17,494 ] - Test_@[5, 10, 20, 50]: Recall=[0.00869, 0.01534, 0.02557, 0.05025],  precision=[0.00174, 0.00153, 0.00128, 0.00100], hit=[0.00869, 0.01534, 0.02557, 0.05025], ndcg=[0.00518, 0.00731, 0.00983, 0.01465], Train Rec Loss=[0.09091], Eval Rec Loss=[0.09111], c=[1.00000], F=[0.82957, 0.87796, 0.90642, 0.92650], F_fuse=[0.00347, 0.00306, 0.00255, 0.00201]
[ INFO : 2026-06-14 13:25:48,914 ] - Epoch 205: train==[103.08209 = 0.41736 + 0.89769 + 10.03522 + 0.00377 + 0.00000 + 0.00020 + 613.91282]
[ INFO : 2026-06-14 13:25:57,558 ] - Test_@[5, 10, 20, 50]: Recall=[0.00754, 0.01637, 0.02647, 0.05306],  precision=[0.00151, 0.00164, 0.00132, 0.00106], hit=[0.00754, 0.01637, 0.02647, 0.05306], ndcg=[0.00460, 0.00740, 0.00998, 0.01515], Train Rec Loss=[0.09162], Eval Rec Loss=[0.09002], c=[1.00000], F=[0.83037, 0.88399, 0.91206, 0.92718], F_fuse=[0.00301, 0.00327, 0.00264, 0.00212]
[ INFO : 2026-06-14 13:27:29,171 ] - Epoch 206: train==[103.13821 = 0.41823 + 0.89365 + 10.09011 + 0.00375 + 0.00000 + 0.00024 + 613.93125]
[ INFO : 2026-06-14 13:27:37,720 ] - Test_@[5, 10, 20, 50]: Recall=[0.00703, 0.01458, 0.02429, 0.05051],  precision=[0.00141, 0.00146, 0.00121, 0.00101], hit=[0.00703, 0.01458, 0.02429, 0.05051], ndcg=[0.00425, 0.00665, 0.00908, 0.01424], Train Rec Loss=[0.09372], Eval Rec Loss=[0.09398], c=[1.00000], F=[0.82363, 0.88704, 0.90517, 0.92378], F_fuse=[0.00281, 0.00291, 0.00243, 0.00202]
[ INFO : 2026-06-14 13:29:09,611 ] - Epoch 207: train==[103.05261 = 0.41259 + 0.88978 + 10.01445 + 0.00378 + 0.00000 + 0.00021 + 613.91811]
[ INFO : 2026-06-14 13:29:18,139 ] - Test_@[5, 10, 20, 50]: Recall=[0.00729, 0.01432, 0.02442, 0.05293],  precision=[0.00146, 0.00143, 0.00122, 0.00106], hit=[0.00729, 0.01432, 0.02442, 0.05293], ndcg=[0.00427, 0.00650, 0.00903, 0.01461], Train Rec Loss=[0.09323], Eval Rec Loss=[0.09249], c=[1.00000], F=[0.82299, 0.88704, 0.90890, 0.92411], F_fuse=[0.00291, 0.00286, 0.00244, 0.00211]
[ INFO : 2026-06-14 13:30:50,042 ] - Epoch 208: train==[103.02505 = 0.41130 + 0.88557 + 9.98911 + 0.00380 + 0.00000 + 0.00024 + 613.92836]
[ INFO : 2026-06-14 13:30:58,622 ] - Test_@[5, 10, 20, 50]: Recall=[0.00754, 0.01496, 0.02404, 0.04999],  precision=[0.00151, 0.00150, 0.00120, 0.00100], hit=[0.00754, 0.01496, 0.02404, 0.04999], ndcg=[0.00427, 0.00661, 0.00893, 0.01399], Train Rec Loss=[0.09291], Eval Rec Loss=[0.09404], c=[1.00000], F=[0.82244, 0.88073, 0.90625, 0.92733], F_fuse=[0.00301, 0.00299, 0.00240, 0.00200]
[ INFO : 2026-06-14 13:32:30,044 ] - Epoch 209: train==[103.00370 = 0.40971 + 0.88133 + 9.97386 + 0.00382 + 0.00000 + 0.00020 + 613.91529]
[ INFO : 2026-06-14 13:32:38,630 ] - Test_@[5, 10, 20, 50]: Recall=[0.00793, 0.01458, 0.02634, 0.05268],  precision=[0.00159, 0.00146, 0.00132, 0.00105], hit=[0.00793, 0.01458, 0.02634, 0.05268], ndcg=[0.00451, 0.00663, 0.00959, 0.01471], Train Rec Loss=[0.09373], Eval Rec Loss=[0.09384], c=[1.00000], F=[0.82740, 0.88854, 0.90868, 0.92379], F_fuse=[0.00316, 0.00291, 0.00263, 0.00210]
[ INFO : 2026-06-14 13:34:10,148 ] - Epoch 210: train==[102.97459 = 0.41460 + 0.87712 + 9.93828 + 0.00382 + 0.00000 + 0.00026 + 613.94225]
[ INFO : 2026-06-14 13:34:18,680 ] - Test_@[5, 10, 20, 50]: Recall=[0.00754, 0.01585, 0.02493, 0.04974],  precision=[0.00151, 0.00159, 0.00125, 0.00099], hit=[0.00754, 0.01585, 0.02493, 0.04974], ndcg=[0.00464, 0.00727, 0.00958, 0.01441], Train Rec Loss=[0.09579], Eval Rec Loss=[0.09575], c=[1.00000], F=[0.82078, 0.87745, 0.90861, 0.92851], F_fuse=[0.00301, 0.00317, 0.00249, 0.00199]
[ INFO : 2026-06-14 13:35:49,974 ] - Epoch 211: train==[103.00699 = 0.41023 + 0.87260 + 9.98181 + 0.00383 + 0.00000 + 0.00020 + 613.91571]
[ INFO : 2026-06-14 13:35:58,621 ] - Test_@[5, 10, 20, 50]: Recall=[0.00588, 0.01458, 0.02391, 0.05089],  precision=[0.00118, 0.00146, 0.00120, 0.00102], hit=[0.00588, 0.01458, 0.02391, 0.05089], ndcg=[0.00337, 0.00618, 0.00852, 0.01383], Train Rec Loss=[0.09494], Eval Rec Loss=[0.09458], c=[1.00000], F=[0.82526, 0.88830, 0.90816, 0.92664], F_fuse=[0.00235, 0.00291, 0.00239, 0.00203]
[ INFO : 2026-06-14 13:37:30,053 ] - Epoch 212: train==[102.96676 = 0.40833 + 0.86796 + 9.94156 + 0.00384 + 0.00000 + 0.00030 + 613.94625]
[ INFO : 2026-06-14 13:37:38,705 ] - Test_@[5, 10, 20, 50]: Recall=[0.00678, 0.01432, 0.02391, 0.04884],  precision=[0.00136, 0.00143, 0.00120, 0.00098], hit=[0.00678, 0.01432, 0.02391, 0.04884], ndcg=[0.00384, 0.00626, 0.00865, 0.01354], Train Rec Loss=[0.09525], Eval Rec Loss=[0.09546], c=[1.00000], F=[0.81730, 0.87639, 0.90339, 0.92809], F_fuse=[0.00271, 0.00286, 0.00239, 0.00195]
[ INFO : 2026-06-14 13:39:09,985 ] - Epoch 213: train==[102.97919 = 0.40497 + 0.86386 + 9.96319 + 0.00384 + 0.00000 + 0.00024 + 613.92423]
[ INFO : 2026-06-14 13:39:18,603 ] - Test_@[5, 10, 20, 50]: Recall=[0.00869, 0.01662, 0.02621, 0.05114],  precision=[0.00174, 0.00166, 0.00131, 0.00102], hit=[0.00869, 0.01662, 0.02621, 0.05114], ndcg=[0.00516, 0.00766, 0.01012, 0.01496], Train Rec Loss=[0.09491], Eval Rec Loss=[0.09526], c=[1.00000], F=[0.82305, 0.88245, 0.90997, 0.92798], F_fuse=[0.00347, 0.00332, 0.00262, 0.00204]
[ INFO : 2026-06-14 13:40:50,344 ] - Epoch 214: train==[102.84401 = 0.40085 + 0.85973 + 9.83434 + 0.00386 + 0.00000 + 0.00022 + 613.92598]
[ INFO : 2026-06-14 13:40:58,948 ] - Test_@[5, 10, 20, 50]: Recall=[0.00908, 0.01675, 0.02749, 0.05447],  precision=[0.00182, 0.00167, 0.00137, 0.00109], hit=[0.00908, 0.01675, 0.02749, 0.05447], ndcg=[0.00562, 0.00809, 0.01079, 0.01603], Train Rec Loss=[0.09562], Eval Rec Loss=[0.09484], c=[1.00000], F=[0.82321, 0.87982, 0.91469, 0.92530], F_fuse=[0.00362, 0.00334, 0.00274, 0.00218]
[ INFO : 2026-06-14 13:42:30,683 ] - Epoch 215: train==[102.96505 = 0.40220 + 0.85578 + 9.95253 + 0.00384 + 0.00000 + 0.00045 + 613.95033]
[ INFO : 2026-06-14 13:42:39,306 ] - Test_@[5, 10, 20, 50]: Recall=[0.00742, 0.01547, 0.02455, 0.04667],  precision=[0.00148, 0.00155, 0.00123, 0.00093], hit=[0.00742, 0.01547, 0.02455, 0.04667], ndcg=[0.00453, 0.00710, 0.00940, 0.01372], Train Rec Loss=[0.09556], Eval Rec Loss=[0.09619], c=[1.00000], F=[0.82481, 0.87682, 0.90132, 0.92698], F_fuse=[0.00296, 0.00309, 0.00245, 0.00186]
[ INFO : 2026-06-14 13:44:10,783 ] - Epoch 216: train==[102.90150 = 0.40144 + 0.85200 + 9.89633 + 0.00384 + 0.00000 + 0.00021 + 613.92320]
[ INFO : 2026-06-14 13:44:19,403 ] - Test_@[5, 10, 20, 50]: Recall=[0.00703, 0.01496, 0.02519, 0.04948],  precision=[0.00141, 0.00150, 0.00126, 0.00099], hit=[0.00703, 0.01496, 0.02519, 0.04948], ndcg=[0.00417, 0.00668, 0.00929, 0.01403], Train Rec Loss=[0.09570], Eval Rec Loss=[0.09748], c=[1.00000], F=[0.82344, 0.87857, 0.90717, 0.92841], F_fuse=[0.00281, 0.00299, 0.00252, 0.00198]
[ INFO : 2026-06-14 13:45:51,874 ] - Epoch 217: train==[102.78808 = 0.39694 + 0.84829 + 9.78946 + 0.00389 + 0.00000 + 0.00022 + 613.92397]
[ INFO : 2026-06-14 13:46:00,496 ] - Test_@[5, 10, 20, 50]: Recall=[0.00690, 0.01483, 0.02455, 0.04897],  precision=[0.00138, 0.00148, 0.00123, 0.00098], hit=[0.00690, 0.01483, 0.02455, 0.04897], ndcg=[0.00410, 0.00660, 0.00906, 0.01385], Train Rec Loss=[0.09607], Eval Rec Loss=[0.09526], c=[1.00000], F=[0.81586, 0.87237, 0.90667, 0.92821], F_fuse=[0.00276, 0.00296, 0.00245, 0.00196]
[ INFO : 2026-06-14 13:47:32,319 ] - Epoch 218: train==[102.84378 = 0.39857 + 0.84471 + 9.84569 + 0.00388 + 0.00000 + 0.00021 + 613.92400]
[ INFO : 2026-06-14 13:47:40,868 ] - Test_@[5, 10, 20, 50]: Recall=[0.00703, 0.01509, 0.02404, 0.04935],  precision=[0.00141, 0.00151, 0.00120, 0.00099], hit=[0.00703, 0.01509, 0.02404, 0.04935], ndcg=[0.00388, 0.00644, 0.00873, 0.01369], Train Rec Loss=[0.09698], Eval Rec Loss=[0.09583], c=[1.00000], F=[0.82577, 0.87778, 0.90761, 0.92952], F_fuse=[0.00281, 0.00301, 0.00240, 0.00197]
[ INFO : 2026-06-14 13:49:12,406 ] - Epoch 219: train==[102.74743 = 0.40070 + 0.84120 + 9.74934 + 0.00389 + 0.00000 + 0.00021 + 613.92376]
[ INFO : 2026-06-14 13:49:20,961 ] - Test_@[5, 10, 20, 50]: Recall=[0.00933, 0.01560, 0.02429, 0.05012],  precision=[0.00187, 0.00156, 0.00121, 0.00100], hit=[0.00933, 0.01560, 0.02429, 0.05012], ndcg=[0.00556, 0.00759, 0.00981, 0.01485], Train Rec Loss=[0.09630], Eval Rec Loss=[0.09617], c=[1.00000], F=[0.82446, 0.88582, 0.90802, 0.92923], F_fuse=[0.00373, 0.00311, 0.00243, 0.00200]
