Job 72380 on gpu04; started Sun Jun 14 01:53:43 PM +07 2026
Sun Jun 14 13:53:43 2026       
+---------------------------------------------------------------------------------------+
| NVIDIA-SMI 535.216.03             Driver Version: 535.216.03   CUDA Version: 12.2     |
|-----------------------------------------+----------------------+----------------------+
| GPU  Name                 Persistence-M | Bus-Id        Disp.A | Volatile Uncorr. ECC |
| Fan  Temp   Perf          Pwr:Usage/Cap |         Memory-Usage | GPU-Util  Compute M. |
|                                         |                      |               MIG M. |
|=========================================+======================+======================|
|   0  Tesla V100-DGXS-32GB           On  | 00000000:07:00.0 Off |                    0 |
| N/A   48C    P0              39W / 300W |      0MiB / 32768MiB |      0%      Default |
|                                         |                      |                  N/A |
+-----------------------------------------+----------------------+----------------------+
                                                                                         
+---------------------------------------------------------------------------------------+
| Processes:                                                                            |
|  GPU   GI   CI        PID   Type   Process name                            GPU Memory |
|        ID   ID                                                             Usage      |
|=======================================================================================|
|  No running processes found                                                           |
+---------------------------------------------------------------------------------------+
[ INFO : 2026-06-14 13:54:46,122 ] - Preprocess missing values with zero
[ INFO : 2026-06-14 13:54:47,673 ] - Pretrained diffusion model is loaded from: ./checkpoint/tiktok/best_model.pth
[ INFO : 2026-06-14 13:54:49,491 ] - Completed data loaded from: ./checkpoint/tiktok/completed_data.pkl
/media/lhbac29/raid-cf/main.py:105: DeprecationWarning: Please import `csr_matrix` from the `scipy.sparse` namespace; the `scipy.sparse.csr` namespace is deprecated and will be removed in SciPy 2.0.0.
  self.ui_graph = self.ui_graph_raw = pickle.load(open('./data/' + self.dataset + '/train_mat', 'rb'))
[ INFO : 2026-06-14 13:54:49,720 ] - Missing rate = 0.400000, complete strategy: zero
[ INFO : 2026-06-14 13:56:05,518 ] - Epoch 1: train==[47538.67236 = 2.03520 + 0.96880 + 25.91211 + 0.00074 + 0.00000 + 47457.02710 + 883.65166]
[ INFO : 2026-06-14 13:56:13,255 ] - Test_@[5, 10, 20, 50]: Recall=[0.00310, 0.00326, 0.00701, 0.01501],  precision=[0.00062, 0.00033, 0.00035, 0.00030], hit=[0.00310, 0.00326, 0.00701, 0.01501], ndcg=[0.00120, 0.00125, 0.00219, 0.00372], Train Rec Loss=[0.03377], Eval Rec Loss=[0.03373], c=[1.00000], F=[0.80927, 0.95189, 0.95242, 0.88926], F_fuse=[0.00124, 0.00065, 0.00070, 0.00060]
[ INFO : 2026-06-14 13:57:18,150 ] - Epoch 2: train==[21468.29620 = 1.73141 + 0.96014 + 24.84616 + 0.00059 + 0.00000 + 21387.94888 + 884.94450]
[ INFO : 2026-06-14 13:57:25,707 ] - Test_@[5, 10, 20, 50]: Recall=[0.00016, 0.00359, 0.00620, 0.01468],  precision=[0.00003, 0.00036, 0.00031, 0.00029], hit=[0.00016, 0.00359, 0.00620, 0.01468], ndcg=[0.00010, 0.00121, 0.00188, 0.00362], Train Rec Loss=[0.03363], Eval Rec Loss=[0.03363], c=[1.00000], F=[0.91673, 0.95236, 0.96572, 0.92890], F_fuse=[0.00007, 0.00072, 0.00062, 0.00059]
[ INFO : 2026-06-14 13:58:30,355 ] - Epoch 3: train==[9850.19348 = 1.70864 + 0.95915 + 23.66923 + 0.00071 + 0.00000 + 9771.04669 + 884.94450]
[ INFO : 2026-06-14 13:58:37,927 ] - Test_@[5, 10, 20, 50]: Recall=[0.00082, 0.00604, 0.01028, 0.01729],  precision=[0.00016, 0.00060, 0.00051, 0.00035], hit=[0.00082, 0.00604, 0.01028, 0.01729], ndcg=[0.00045, 0.00204, 0.00318, 0.00450], Train Rec Loss=[0.03361], Eval Rec Loss=[0.03356], c=[1.00000], F=[0.93988, 0.82602, 0.89298, 0.93548], F_fuse=[0.00033, 0.00121, 0.00103, 0.00069]
[ INFO : 2026-06-14 13:59:43,034 ] - Epoch 4: train==[4409.06669 = 1.70142 + 0.95910 + 22.65522 + 0.00085 + 0.00000 + 4330.94132 + 884.94450]
[ INFO : 2026-06-14 13:59:50,550 ] - Test_@[5, 10, 20, 50]: Recall=[0.00114, 0.00555, 0.01142, 0.01827],  precision=[0.00023, 0.00055, 0.00057, 0.00037], hit=[0.00114, 0.00555, 0.01142, 0.01827], ndcg=[0.00073, 0.00213, 0.00371, 0.00505], Train Rec Loss=[0.03361], Eval Rec Loss=[0.03356], c=[1.00000], F=[0.49429, 0.84076, 0.79952, 0.91033], F_fuse=[0.00046, 0.00111, 0.00114, 0.00073]
[ INFO : 2026-06-14 14:00:55,505 ] - Epoch 5: train==[1835.02543 = 1.69320 + 0.95910 + 21.76890 + 0.00120 + 0.00000 + 1757.79407 + 884.94450]
[ INFO : 2026-06-14 14:01:02,986 ] - Test_@[5, 10, 20, 50]: Recall=[0.00718, 0.01925, 0.02219, 0.03931],  precision=[0.00144, 0.00192, 0.00111, 0.00079], hit=[0.00718, 0.01925, 0.02219, 0.03931], ndcg=[0.00387, 0.00778, 0.00858, 0.01197], Train Rec Loss=[0.03360], Eval Rec Loss=[0.03357], c=[1.00000], F=[0.88562, 0.80462, 0.76677, 0.92335], F_fuse=[0.00287, 0.00384, 0.00222, 0.00157]
[ INFO : 2026-06-14 14:02:08,161 ] - Epoch 6: train==[688.02309 = 1.67842 + 0.95911 + 20.60175 + 0.00171 + 0.00000 + 611.97315 + 884.94450]
[ INFO : 2026-06-14 14:02:15,641 ] - Test_@[5, 10, 20, 50]: Recall=[0.01990, 0.03458, 0.03883, 0.05351],  precision=[0.00398, 0.00346, 0.00194, 0.00107], hit=[0.01990, 0.03458, 0.03883, 0.05351], ndcg=[0.00988, 0.01469, 0.01578, 0.01868], Train Rec Loss=[0.03356], Eval Rec Loss=[0.03353], c=[1.00000], F=[0.68919, 0.77351, 0.82246, 0.92228], F_fuse=[0.00792, 0.00689, 0.00387, 0.00214]
[ INFO : 2026-06-14 14:03:20,659 ] - Epoch 7: train==[263.54609 = 1.67450 + 0.95910 + 19.34242 + 0.00239 + 0.00000 + 188.75874 + 884.94450]
[ INFO : 2026-06-14 14:03:28,106 ] - Test_@[5, 10, 20, 50]: Recall=[0.01631, 0.03344, 0.04715, 0.06868],  precision=[0.00326, 0.00334, 0.00236, 0.00137], hit=[0.01631, 0.03344, 0.04715, 0.06868], ndcg=[0.00933, 0.01460, 0.01826, 0.02250], Train Rec Loss=[0.03349], Eval Rec Loss=[0.03352], c=[1.00000], F=[0.69477, 0.71972, 0.85501, 0.92742], F_fuse=[0.00649, 0.00666, 0.00470, 0.00274]
[ INFO : 2026-06-14 14:04:33,347 ] - Epoch 8: train==[140.28982 = 1.66265 + 0.95910 + 18.05193 + 0.00322 + 0.00000 + 66.80398 + 884.94450]
[ INFO : 2026-06-14 14:04:40,765 ] - Test_@[5, 10, 20, 50]: Recall=[0.01974, 0.03703, 0.05351, 0.08630],  precision=[0.00395, 0.00370, 0.00268, 0.00173], hit=[0.01974, 0.03703, 0.05351, 0.08630], ndcg=[0.01177, 0.01704, 0.02146, 0.02789], Train Rec Loss=[0.03356], Eval Rec Loss=[0.03345], c=[1.00000], F=[0.60869, 0.74603, 0.88624, 0.93686], F_fuse=[0.00784, 0.00737, 0.00533, 0.00345]
[ INFO : 2026-06-14 14:05:46,136 ] - Epoch 9: train==[106.62280 = 1.64744 + 0.95911 + 16.88208 + 0.00411 + 0.00000 + 34.32112 + 884.94450]
[ INFO : 2026-06-14 14:05:53,610 ] - Test_@[5, 10, 20, 50]: Recall=[0.01958, 0.04649, 0.05563, 0.09527],  precision=[0.00392, 0.00465, 0.00278, 0.00191], hit=[0.01958, 0.04649, 0.05563, 0.09527], ndcg=[0.01174, 0.02014, 0.02256, 0.03037], Train Rec Loss=[0.03350], Eval Rec Loss=[0.03345], c=[1.00000], F=[0.61658, 0.76839, 0.90266, 0.94379], F_fuse=[0.00778, 0.00924, 0.00555, 0.00380]
[ INFO : 2026-06-14 14:06:58,976 ] - Epoch 10: train==[94.70846 = 1.63897 + 0.95910 + 15.96718 + 0.00516 + 0.00000 + 23.32910 + 884.94450]
[ INFO : 2026-06-14 14:07:06,440 ] - Test_@[5, 10, 20, 50]: Recall=[0.01925, 0.04551, 0.05938, 0.10000],  precision=[0.00385, 0.00455, 0.00297, 0.00200], hit=[0.01925, 0.04551, 0.05938, 0.10000], ndcg=[0.01174, 0.01999, 0.02364, 0.03162], Train Rec Loss=[0.03346], Eval Rec Loss=[0.03345], c=[1.00000], F=[0.60264, 0.77760, 0.91164, 0.94726], F_fuse=[0.00765, 0.00905, 0.00592, 0.00399]
[ INFO : 2026-06-14 14:08:11,432 ] - Epoch 11: train==[88.35518 = 1.62903 + 0.95911 + 15.15716 + 0.00614 + 0.00000 + 17.79480 + 884.94450]
[ INFO : 2026-06-14 14:08:18,893 ] - Test_@[5, 10, 20, 50]: Recall=[0.02007, 0.03948, 0.06313, 0.10506],  precision=[0.00401, 0.00395, 0.00316, 0.00210], hit=[0.02007, 0.03948, 0.06313, 0.10506], ndcg=[0.01212, 0.01809, 0.02426, 0.03245], Train Rec Loss=[0.03344], Eval Rec Loss=[0.03345], c=[1.00000], F=[0.55203, 0.78230, 0.92147, 0.95431], F_fuse=[0.00797, 0.00786, 0.00629, 0.00419]
[ INFO : 2026-06-14 14:09:23,436 ] - Epoch 12: train==[84.11104 = 1.62114 + 0.95911 + 14.46591 + 0.00720 + 0.00000 + 14.24874 + 884.94450]
[ INFO : 2026-06-14 14:09:30,952 ] - Test_@[5, 10, 20, 50]: Recall=[0.01925, 0.04780, 0.06525, 0.10750],  precision=[0.00385, 0.00478, 0.00326, 0.00215], hit=[0.01925, 0.04780, 0.06525, 0.10750], ndcg=[0.01078, 0.01981, 0.02420, 0.03248], Train Rec Loss=[0.03348], Eval Rec Loss=[0.03343], c=[1.00000], F=[0.56286, 0.79076, 0.92654, 0.96092], F_fuse=[0.00765, 0.00950, 0.00650, 0.00429]
[ INFO : 2026-06-14 14:10:36,283 ] - Epoch 13: train==[81.17909 = 1.61971 + 0.95911 + 14.00391 + 0.00820 + 0.00000 + 11.77922 + 884.94450]
[ INFO : 2026-06-14 14:10:43,792 ] - Test_@[5, 10, 20, 50]: Recall=[0.01843, 0.03083, 0.06591, 0.10750],  precision=[0.00369, 0.00308, 0.00330, 0.00215], hit=[0.01843, 0.03083, 0.06591, 0.10750], ndcg=[0.01027, 0.01411, 0.02318, 0.03132], Train Rec Loss=[0.03343], Eval Rec Loss=[0.03340], c=[1.00000], F=[0.57236, 0.79487, 0.92730, 0.96566], F_fuse=[0.00733, 0.00614, 0.00657, 0.00429]
[ INFO : 2026-06-14 14:11:49,430 ] - Epoch 14: train==[78.74621 = 1.59769 + 0.95910 + 13.43429 + 0.00902 + 0.00000 + 9.93716 + 884.94450]
[ INFO : 2026-06-14 14:11:56,943 ] - Test_@[5, 10, 20, 50]: Recall=[0.01941, 0.04421, 0.06803, 0.10979],  precision=[0.00388, 0.00442, 0.00340, 0.00220], hit=[0.01941, 0.04421, 0.06803, 0.10979], ndcg=[0.01161, 0.01962, 0.02569, 0.03386], Train Rec Loss=[0.03337], Eval Rec Loss=[0.03333], c=[1.00000], F=[0.72303, 0.80422, 0.92856, 0.96932], F_fuse=[0.00772, 0.00879, 0.00678, 0.00438]
[ INFO : 2026-06-14 14:13:02,245 ] - Epoch 15: train==[76.85992 = 1.58606 + 0.95911 + 12.98294 + 0.00973 + 0.00000 + 8.51315 + 884.94450]
[ INFO : 2026-06-14 14:13:09,736 ] - Test_@[5, 10, 20, 50]: Recall=[0.01958, 0.03393, 0.06900, 0.11321],  precision=[0.00392, 0.00339, 0.00345, 0.00226], hit=[0.01958, 0.03393, 0.06900, 0.11321], ndcg=[0.01187, 0.01639, 0.02550, 0.03414], Train Rec Loss=[0.03342], Eval Rec Loss=[0.03338], c=[1.00000], F=[0.73592, 0.80472, 0.93196, 0.97277], F_fuse=[0.00779, 0.00676, 0.00688, 0.00452]
[ INFO : 2026-06-14 14:14:14,753 ] - Epoch 16: train==[75.22624 = 1.57473 + 0.95911 + 12.48807 + 0.01068 + 0.00000 + 7.38472 + 884.94450]
[ INFO : 2026-06-14 14:14:22,279 ] - Test_@[5, 10, 20, 50]: Recall=[0.01990, 0.04323, 0.06917, 0.11615],  precision=[0.00398, 0.00432, 0.00346, 0.00232], hit=[0.01990, 0.04323, 0.06917, 0.11615], ndcg=[0.01190, 0.01919, 0.02572, 0.03493], Train Rec Loss=[0.03335], Eval Rec Loss=[0.03334], c=[1.00000], F=[0.72316, 0.80194, 0.92975, 0.97326], F_fuse=[0.00792, 0.00860, 0.00689, 0.00463]
[ INFO : 2026-06-14 14:15:27,288 ] - Epoch 17: train==[74.02185 = 1.56290 + 0.95911 + 12.20554 + 0.01147 + 0.00000 + 6.47391 + 884.94450]
[ INFO : 2026-06-14 14:15:34,827 ] - Test_@[5, 10, 20, 50]: Recall=[0.01990, 0.04209, 0.07178, 0.11958],  precision=[0.00398, 0.00421, 0.00359, 0.00239], hit=[0.01990, 0.04209, 0.07178, 0.11958], ndcg=[0.01200, 0.01876, 0.02635, 0.03571], Train Rec Loss=[0.03336], Eval Rec Loss=[0.03328], c=[1.00000], F=[0.69668, 0.79938, 0.93313, 0.97291], F_fuse=[0.00792, 0.00837, 0.00715, 0.00477]
[ INFO : 2026-06-14 14:16:39,750 ] - Epoch 18: train==[72.92327 = 1.55418 + 0.95911 + 11.86431 + 0.01204 + 0.00000 + 5.72468 + 884.94450]
[ INFO : 2026-06-14 14:16:47,289 ] - Test_@[5, 10, 20, 50]: Recall=[0.01990, 0.03866, 0.07113, 0.11746],  precision=[0.00398, 0.00387, 0.00356, 0.00235], hit=[0.01990, 0.03866, 0.07113, 0.11746], ndcg=[0.01373, 0.01955, 0.02779, 0.03688], Train Rec Loss=[0.03332], Eval Rec Loss=[0.03331], c=[1.00000], F=[0.72717, 0.80969, 0.93297, 0.97367], F_fuse=[0.00792, 0.00770, 0.00709, 0.00469]
[ INFO : 2026-06-14 14:17:51,784 ] - Epoch 19: train==[72.08535 = 1.53984 + 0.95912 + 11.66294 + 0.01256 + 0.00000 + 5.10197 + 884.94450]
[ INFO : 2026-06-14 14:17:59,305 ] - Test_@[5, 10, 20, 50]: Recall=[0.02039, 0.04356, 0.07096, 0.11762],  precision=[0.00408, 0.00436, 0.00355, 0.00235], hit=[0.02039, 0.04356, 0.07096, 0.11762], ndcg=[0.01217, 0.01955, 0.02642, 0.03561], Train Rec Loss=[0.03330], Eval Rec Loss=[0.03330], c=[1.00000], F=[0.73112, 0.80064, 0.93475, 0.97374], F_fuse=[0.00811, 0.00866, 0.00707, 0.00469]
[ INFO : 2026-06-14 14:19:04,077 ] - Epoch 20: train==[71.23396 = 1.53190 + 0.95911 + 11.34214 + 0.01285 + 0.00000 + 4.57903 + 884.94450]
[ INFO : 2026-06-14 14:19:11,561 ] - Test_@[5, 10, 20, 50]: Recall=[0.02007, 0.04062, 0.06900, 0.11746],  precision=[0.00401, 0.00406, 0.00345, 0.00235], hit=[0.02007, 0.04062, 0.06900, 0.11746], ndcg=[0.01378, 0.02008, 0.02735, 0.03690], Train Rec Loss=[0.03329], Eval Rec Loss=[0.03324], c=[1.00000], F=[0.73492, 0.79445, 0.93863, 0.97311], F_fuse=[0.00798, 0.00808, 0.00688, 0.00469]
[ INFO : 2026-06-14 14:20:16,239 ] - Epoch 21: train==[70.52313 = 1.51974 + 0.95911 + 11.09009 + 0.01324 + 0.00000 + 4.13201 + 884.94450]
[ INFO : 2026-06-14 14:20:23,706 ] - Test_@[5, 10, 20, 50]: Recall=[0.02055, 0.04519, 0.07096, 0.12039],  precision=[0.00411, 0.00452, 0.00355, 0.00241], hit=[0.02055, 0.04519, 0.07096, 0.12039], ndcg=[0.01227, 0.02014, 0.02658, 0.03630], Train Rec Loss=[0.03328], Eval Rec Loss=[0.03322], c=[1.00000], F=[0.68901, 0.81926, 0.94091, 0.97242], F_fuse=[0.00817, 0.00899, 0.00707, 0.00480]
[ INFO : 2026-06-14 14:21:28,337 ] - Epoch 22: train==[70.06402 = 1.50888 + 0.95911 + 11.01382 + 0.01344 + 0.00000 + 3.75982 + 884.94450]
[ INFO : 2026-06-14 14:21:35,794 ] - Test_@[5, 10, 20, 50]: Recall=[0.02072, 0.04421, 0.07243, 0.12170],  precision=[0.00414, 0.00442, 0.00362, 0.00243], hit=[0.02072, 0.04421, 0.07243, 0.12170], ndcg=[0.01430, 0.02172, 0.02897, 0.03867], Train Rec Loss=[0.03326], Eval Rec Loss=[0.03320], c=[1.00000], F=[0.73807, 0.79381, 0.94099, 0.97137], F_fuse=[0.00824, 0.00879, 0.00722, 0.00486]
[ INFO : 2026-06-14 14:22:40,977 ] - Epoch 23: train==[69.36326 = 1.49853 + 0.95911 + 10.65119 + 0.01352 + 0.00000 + 3.43198 + 884.94450]
[ INFO : 2026-06-14 14:22:48,514 ] - Test_@[5, 10, 20, 50]: Recall=[0.02088, 0.04894, 0.07096, 0.12121],  precision=[0.00418, 0.00489, 0.00355, 0.00242], hit=[0.02088, 0.04894, 0.07096, 0.12121], ndcg=[0.01246, 0.02136, 0.02697, 0.03689], Train Rec Loss=[0.03325], Eval Rec Loss=[0.03322], c=[1.00000], F=[0.74067, 0.79531, 0.93893, 0.97121], F_fuse=[0.00831, 0.00973, 0.00707, 0.00484]
[ INFO : 2026-06-14 14:23:53,422 ] - Epoch 24: train==[68.87839 = 1.49258 + 0.95912 + 10.45289 + 0.01362 + 0.00000 + 3.15125 + 884.94450]
[ INFO : 2026-06-14 14:24:00,941 ] - Test_@[5, 10, 20, 50]: Recall=[0.02170, 0.04551, 0.07325, 0.12382],  precision=[0.00434, 0.00455, 0.00366, 0.00248], hit=[0.02170, 0.04551, 0.07325, 0.12382], ndcg=[0.01483, 0.02230, 0.02937, 0.03933], Train Rec Loss=[0.03324], Eval Rec Loss=[0.03324], c=[1.00000], F=[0.74623, 0.79737, 0.94234, 0.97136], F_fuse=[0.00863, 0.00905, 0.00730, 0.00494]
[ INFO : 2026-06-14 14:25:06,176 ] - Epoch 25: train==[68.26895 = 1.47671 + 0.95913 + 10.10630 + 0.01384 + 0.00000 + 2.90404 + 884.94450]
[ INFO : 2026-06-14 14:25:13,732 ] - Test_@[5, 10, 20, 50]: Recall=[0.01958, 0.03866, 0.06982, 0.12202],  precision=[0.00392, 0.00387, 0.00349, 0.00244], hit=[0.01958, 0.03866, 0.06982, 0.12202], ndcg=[0.01383, 0.01976, 0.02767, 0.03796], Train Rec Loss=[0.03321], Eval Rec Loss=[0.03315], c=[1.00000], F=[0.72876, 0.80098, 0.94227, 0.97226], F_fuse=[0.00779, 0.00770, 0.00696, 0.00487]
[ INFO : 2026-06-14 14:26:18,849 ] - Epoch 26: train==[67.99583 = 1.46635 + 0.95913 + 10.06616 + 0.01399 + 0.00000 + 2.68127 + 884.94450]
[ INFO : 2026-06-14 14:26:26,372 ] - Test_@[5, 10, 20, 50]: Recall=[0.02121, 0.05285, 0.07406, 0.12512],  precision=[0.00424, 0.00529, 0.00370, 0.00250], hit=[0.02121, 0.05285, 0.07406, 0.12512], ndcg=[0.01454, 0.02460, 0.03013, 0.04016], Train Rec Loss=[0.03319], Eval Rec Loss=[0.03315], c=[1.00000], F=[0.74650, 0.80115, 0.94424, 0.97035], F_fuse=[0.00843, 0.01050, 0.00738, 0.00499]
[ INFO : 2026-06-14 14:27:31,549 ] - Epoch 27: train==[67.66504 = 1.45566 + 0.95912 + 9.93646 + 0.01405 + 0.00000 + 2.49082 + 884.94450]
[ INFO : 2026-06-14 14:27:39,066 ] - Test_@[5, 10, 20, 50]: Recall=[0.02300, 0.04959, 0.07259, 0.12496],  precision=[0.00460, 0.00496, 0.00363, 0.00250], hit=[0.02300, 0.04959, 0.07259, 0.12496], ndcg=[0.01499, 0.02354, 0.02919, 0.03947], Train Rec Loss=[0.03317], Eval Rec Loss=[0.03317], c=[1.00000], F=[0.75271, 0.80754, 0.94460, 0.97104], F_fuse=[0.00914, 0.00986, 0.00723, 0.00499]
[ INFO : 2026-06-14 14:28:43,393 ] - Epoch 28: train==[67.21456 = 1.44822 + 0.95912 + 9.66208 + 0.01409 + 0.00000 + 2.32213 + 884.94450]
[ INFO : 2026-06-14 14:28:50,905 ] - Test_@[5, 10, 20, 50]: Recall=[0.02268, 0.04666, 0.07488, 0.12708],  precision=[0.00454, 0.00467, 0.00374, 0.00254], hit=[0.02268, 0.04666, 0.07488, 0.12708], ndcg=[0.01496, 0.02251, 0.02963, 0.03985], Train Rec Loss=[0.03318], Eval Rec Loss=[0.03314], c=[1.00000], F=[0.74917, 0.81071, 0.94312, 0.97144], F_fuse=[0.00902, 0.00928, 0.00746, 0.00507]
[ INFO : 2026-06-14 14:29:55,782 ] - Epoch 29: train==[66.94084 = 1.43332 + 0.95911 + 9.55078 + 0.01421 + 0.00000 + 2.17449 + 884.94450]
[ INFO : 2026-06-14 14:30:03,300 ] - Test_@[5, 10, 20, 50]: Recall=[0.02219, 0.04780, 0.07243, 0.12496],  precision=[0.00444, 0.00478, 0.00362, 0.00250], hit=[0.02219, 0.04780, 0.07243, 0.12496], ndcg=[0.01470, 0.02293, 0.02909, 0.03940], Train Rec Loss=[0.03314], Eval Rec Loss=[0.03310], c=[1.00000], F=[0.75473, 0.81336, 0.94342, 0.97280], F_fuse=[0.00882, 0.00950, 0.00722, 0.00499]
[ INFO : 2026-06-14 14:31:07,994 ] - Epoch 30: train==[66.70685 = 1.42240 + 0.95911 + 9.46476 + 0.01412 + 0.00000 + 2.03751 + 884.94450]
[ INFO : 2026-06-14 14:31:15,505 ] - Test_@[5, 10, 20, 50]: Recall=[0.02284, 0.04519, 0.07227, 0.12463],  precision=[0.00457, 0.00452, 0.00361, 0.00249], hit=[0.02284, 0.04519, 0.07227, 0.12463], ndcg=[0.01506, 0.02207, 0.02888, 0.03916], Train Rec Loss=[0.03316], Eval Rec Loss=[0.03312], c=[1.00000], F=[0.72465, 0.82095, 0.94057, 0.97351], F_fuse=[0.00908, 0.00899, 0.00720, 0.00497]
[ INFO : 2026-06-14 14:32:20,385 ] - Epoch 31: train==[66.37807 = 1.41657 + 0.95911 + 9.26880 + 0.01398 + 0.00000 + 1.91068 + 884.94450]
[ INFO : 2026-06-14 14:32:27,927 ] - Test_@[5, 10, 20, 50]: Recall=[0.02512, 0.04992, 0.07504, 0.12626],  precision=[0.00502, 0.00499, 0.00375, 0.00253], hit=[0.02512, 0.04992, 0.07504, 0.12626], ndcg=[0.01589, 0.02369, 0.02991, 0.03994], Train Rec Loss=[0.03314], Eval Rec Loss=[0.03309], c=[1.00000], F=[0.73793, 0.80223, 0.93995, 0.97181], F_fuse=[0.00998, 0.00992, 0.00747, 0.00504]
[ INFO : 2026-06-14 14:33:33,056 ] - Epoch 32: train==[65.95025 = 1.40525 + 0.95911 + 8.96323 + 0.01390 + 0.00000 + 1.79982 + 884.94450]
[ INFO : 2026-06-14 14:33:40,582 ] - Test_@[5, 10, 20, 50]: Recall=[0.02431, 0.04454, 0.07292, 0.12545],  precision=[0.00486, 0.00445, 0.00365, 0.00251], hit=[0.02431, 0.04454, 0.07292, 0.12545], ndcg=[0.01541, 0.02168, 0.02887, 0.03921], Train Rec Loss=[0.03313], Eval Rec Loss=[0.03308], c=[1.00000], F=[0.61500, 0.80664, 0.93888, 0.97190], F_fuse=[0.00965, 0.00886, 0.00726, 0.00501]
[ INFO : 2026-06-14 14:34:45,580 ] - Epoch 33: train==[65.71381 = 1.39510 + 0.95911 + 8.83491 + 0.01404 + 0.00000 + 1.70171 + 884.94450]
[ INFO : 2026-06-14 14:34:53,088 ] - Test_@[5, 10, 20, 50]: Recall=[0.02431, 0.04812, 0.07325, 0.12496],  precision=[0.00486, 0.00481, 0.00366, 0.00250], hit=[0.02431, 0.04812, 0.07325, 0.12496], ndcg=[0.01541, 0.02297, 0.02919, 0.03935], Train Rec Loss=[0.03310], Eval Rec Loss=[0.03307], c=[1.00000], F=[0.72422, 0.81136, 0.93883, 0.97214], F_fuse=[0.00966, 0.00957, 0.00730, 0.00499]
[ INFO : 2026-06-14 14:35:57,744 ] - Epoch 34: train==[65.54453 = 1.38320 + 0.95912 + 8.77441 + 0.01418 + 0.00000 + 1.60468 + 884.94450]
[ INFO : 2026-06-14 14:36:05,265 ] - Test_@[5, 10, 20, 50]: Recall=[0.02235, 0.04959, 0.07325, 0.12480],  precision=[0.00447, 0.00496, 0.00366, 0.00250], hit=[0.02235, 0.04959, 0.07325, 0.12480], ndcg=[0.01452, 0.02307, 0.02896, 0.03908], Train Rec Loss=[0.03308], Eval Rec Loss=[0.03309], c=[1.00000], F=[0.74109, 0.81800, 0.94139, 0.97206], F_fuse=[0.00889, 0.00986, 0.00730, 0.00498]
[ INFO : 2026-06-14 14:37:10,024 ] - Epoch 35: train==[65.31852 = 1.37623 + 0.95912 + 8.63595 + 0.01424 + 0.00000 + 1.52405 + 884.94450]
[ INFO : 2026-06-14 14:37:17,536 ] - Test_@[5, 10, 20, 50]: Recall=[0.02088, 0.04796, 0.07341, 0.12431],  precision=[0.00418, 0.00480, 0.00367, 0.00249], hit=[0.02088, 0.04796, 0.07341, 0.12431], ndcg=[0.01405, 0.02258, 0.02887, 0.03888], Train Rec Loss=[0.03306], Eval Rec Loss=[0.03305], c=[1.00000], F=[0.74270, 0.84348, 0.93853, 0.97149], F_fuse=[0.00831, 0.00954, 0.00731, 0.00496]
[ INFO : 2026-06-14 14:38:22,227 ] - Epoch 36: train==[65.14999 = 1.36394 + 0.95911 + 8.55843 + 0.01419 + 0.00000 + 1.44538 + 884.94450]
[ INFO : 2026-06-14 14:38:29,689 ] - Test_@[5, 10, 20, 50]: Recall=[0.02349, 0.04910, 0.07276, 0.12512],  precision=[0.00470, 0.00491, 0.00364, 0.00250], hit=[0.02349, 0.04910, 0.07276, 0.12512], ndcg=[0.01503, 0.02341, 0.02934, 0.03963], Train Rec Loss=[0.03305], Eval Rec Loss=[0.03302], c=[1.00000], F=[0.74922, 0.79278, 0.93915, 0.97125], F_fuse=[0.00934, 0.00976, 0.00725, 0.00499]
[ INFO : 2026-06-14 14:39:34,535 ] - Epoch 37: train==[64.86363 = 1.35550 + 0.95911 + 8.35179 + 0.01427 + 0.00000 + 1.37402 + 884.94450]
[ INFO : 2026-06-14 14:39:42,004 ] - Test_@[5, 10, 20, 50]: Recall=[0.02365, 0.05041, 0.07537, 0.12692],  precision=[0.00473, 0.00504, 0.00377, 0.00254], hit=[0.02365, 0.05041, 0.07537, 0.12692], ndcg=[0.01384, 0.02250, 0.02875, 0.03886], Train Rec Loss=[0.03308], Eval Rec Loss=[0.03303], c=[1.00000], F=[0.75481, 0.85458, 0.94075, 0.97050], F_fuse=[0.00940, 0.01002, 0.00751, 0.00506]
[ INFO : 2026-06-14 14:40:46,700 ] - Epoch 38: train==[64.75493 = 1.34452 + 0.95912 + 8.31700 + 0.01417 + 0.00000 + 1.31118 + 884.94450]
[ INFO : 2026-06-14 14:40:54,164 ] - Test_@[5, 10, 20, 50]: Recall=[0.02268, 0.05073, 0.07635, 0.12806],  precision=[0.00454, 0.00507, 0.00382, 0.00256], hit=[0.02268, 0.05073, 0.07635, 0.12806], ndcg=[0.01514, 0.02433, 0.03068, 0.04080], Train Rec Loss=[0.03305], Eval Rec Loss=[0.03300], c=[1.00000], F=[0.74358, 0.84086, 0.94064, 0.97058], F_fuse=[0.00902, 0.01009, 0.00760, 0.00511]
[ INFO : 2026-06-14 14:41:58,341 ] - Epoch 39: train==[64.58025 = 1.33923 + 0.95914 + 8.21208 + 0.01413 + 0.00000 + 1.24674 + 884.94450]
[ INFO : 2026-06-14 14:42:05,804 ] - Test_@[5, 10, 20, 50]: Recall=[0.03605, 0.04927, 0.07504, 0.12626],  precision=[0.00721, 0.00493, 0.00375, 0.00253], hit=[0.03605, 0.04927, 0.07504, 0.12626], ndcg=[0.02034, 0.02473, 0.03116, 0.04122], Train Rec Loss=[0.03301], Eval Rec Loss=[0.03299], c=[1.00000], F=[0.74338, 0.86434, 0.94023, 0.97103], F_fuse=[0.01428, 0.00980, 0.00747, 0.00504]
[ INFO : 2026-06-14 14:43:10,252 ] - Epoch 40: train==[64.30875 = 1.33224 + 0.95912 + 8.00128 + 0.01397 + 0.00000 + 1.19320 + 884.94450]
[ INFO : 2026-06-14 14:43:17,754 ] - Test_@[5, 10, 20, 50]: Recall=[0.02284, 0.04943, 0.07243, 0.12529],  precision=[0.00457, 0.00494, 0.00362, 0.00251], hit=[0.02284, 0.04943, 0.07243, 0.12529], ndcg=[0.01302, 0.02156, 0.02724, 0.03766], Train Rec Loss=[0.03299], Eval Rec Loss=[0.03300], c=[1.00000], F=[0.75015, 0.85097, 0.94184, 0.97202], F_fuse=[0.00908, 0.00983, 0.00722, 0.00500]
[ INFO : 2026-06-14 14:44:21,999 ] - Epoch 41: train==[64.23065 = 1.31978 + 0.95912 + 7.99652 + 0.01399 + 0.00000 + 1.13231 + 884.94450]
[ INFO : 2026-06-14 14:44:29,469 ] - Test_@[5, 10, 20, 50]: Recall=[0.02577, 0.05171, 0.07635, 0.12806],  precision=[0.00515, 0.00517, 0.00382, 0.00256], hit=[0.02577, 0.05171, 0.07635, 0.12806], ndcg=[0.01456, 0.02314, 0.02926, 0.03939], Train Rec Loss=[0.03301], Eval Rec Loss=[0.03298], c=[1.00000], F=[0.75044, 0.85574, 0.93660, 0.97088], F_fuse=[0.01024, 0.01028, 0.00760, 0.00511]
[ INFO : 2026-06-14 14:45:34,052 ] - Epoch 42: train==[64.05410 = 1.31011 + 0.95912 + 7.88250 + 0.01410 + 0.00000 + 1.07934 + 884.94450]
[ INFO : 2026-06-14 14:45:41,563 ] - Test_@[5, 10, 20, 50]: Recall=[0.02463, 0.05024, 0.07537, 0.12692],  precision=[0.00493, 0.00502, 0.00377, 0.00254], hit=[0.02463, 0.05024, 0.07537, 0.12692], ndcg=[0.01394, 0.02195, 0.02817, 0.03829], Train Rec Loss=[0.03301], Eval Rec Loss=[0.03295], c=[1.00000], F=[0.74999, 0.85692, 0.93880, 0.97185], F_fuse=[0.00979, 0.00999, 0.00751, 0.00506]
[ INFO : 2026-06-14 14:46:46,101 ] - Epoch 43: train==[63.90176 = 1.30285 + 0.95912 + 7.78382 + 0.01404 + 0.00000 + 1.03300 + 884.94450]
[ INFO : 2026-06-14 14:46:53,620 ] - Test_@[5, 10, 20, 50]: Recall=[0.02692, 0.05090, 0.07635, 0.12904],  precision=[0.00538, 0.00509, 0.00382, 0.00258], hit=[0.02692, 0.05090, 0.07635, 0.12904], ndcg=[0.01682, 0.02486, 0.03110, 0.04143], Train Rec Loss=[0.03299], Eval Rec Loss=[0.03296], c=[1.00000], F=[0.73726, 0.82685, 0.93994, 0.97153], F_fuse=[0.01069, 0.01012, 0.00760, 0.00515]
[ INFO : 2026-06-14 14:47:58,174 ] - Epoch 44: train==[63.77543 = 1.30023 + 0.95912 + 7.70781 + 0.01393 + 0.00000 + 0.98541 + 884.94450]
[ INFO : 2026-06-14 14:48:05,687 ] - Test_@[5, 10, 20, 50]: Recall=[0.03752, 0.05057, 0.07488, 0.12806],  precision=[0.00750, 0.00506, 0.00374, 0.00256], hit=[0.03752, 0.05057, 0.07488, 0.12806], ndcg=[0.02098, 0.02533, 0.03138, 0.04182], Train Rec Loss=[0.03296], Eval Rec Loss=[0.03295], c=[1.00000], F=[0.74855, 0.83571, 0.93729, 0.97132], F_fuse=[0.01486, 0.01005, 0.00746, 0.00511]
[ INFO : 2026-06-14 14:49:10,426 ] - Epoch 45: train==[63.68899 = 1.28007 + 0.95911 + 7.68620 + 0.01374 + 0.00000 + 0.94094 + 884.94450]
[ INFO : 2026-06-14 14:49:17,949 ] - Test_@[5, 10, 20, 50]: Recall=[0.02545, 0.04959, 0.07553, 0.12822],  precision=[0.00509, 0.00496, 0.00378, 0.00256], hit=[0.02545, 0.04959, 0.07553, 0.12822], ndcg=[0.01605, 0.02382, 0.03033, 0.04070], Train Rec Loss=[0.03295], Eval Rec Loss=[0.03287], c=[1.00000], F=[0.73916, 0.82701, 0.93801, 0.97169], F_fuse=[0.01011, 0.00986, 0.00752, 0.00512]
[ INFO : 2026-06-14 14:50:22,638 ] - Epoch 46: train==[63.43212 = 1.27375 + 0.95912 + 7.47508 + 0.01373 + 0.00000 + 0.90151 + 884.94450]
[ INFO : 2026-06-14 14:50:30,144 ] - Test_@[5, 10, 20, 50]: Recall=[0.02284, 0.05139, 0.07537, 0.12626],  precision=[0.00457, 0.00514, 0.00377, 0.00253], hit=[0.02284, 0.05139, 0.07537, 0.12626], ndcg=[0.01518, 0.02406, 0.03003, 0.04004], Train Rec Loss=[0.03292], Eval Rec Loss=[0.03290], c=[1.00000], F=[0.74937, 0.90035, 0.93985, 0.97127], F_fuse=[0.00908, 0.01022, 0.00751, 0.00504]
[ INFO : 2026-06-14 14:51:34,652 ] - Epoch 47: train==[63.40634 = 1.28063 + 0.95912 + 7.47793 + 0.01367 + 0.00000 + 0.86605 + 884.94450]
[ INFO : 2026-06-14 14:51:42,150 ] - Test_@[5, 10, 20, 50]: Recall=[0.02643, 0.04992, 0.07553, 0.12724],  precision=[0.00529, 0.00499, 0.00378, 0.00254], hit=[0.02643, 0.04992, 0.07553, 0.12724], ndcg=[0.01667, 0.02458, 0.03099, 0.04114], Train Rec Loss=[0.03291], Eval Rec Loss=[0.03289], c=[1.00000], F=[0.74535, 0.84252, 0.93810, 0.97153], F_fuse=[0.01050, 0.00992, 0.00752, 0.00508]
[ INFO : 2026-06-14 14:52:46,513 ] - Epoch 48: train==[63.17036 = 1.26016 + 0.95912 + 7.30102 + 0.01366 + 0.00000 + 0.82747 + 884.94450]
[ INFO : 2026-06-14 14:52:54,014 ] - Test_@[5, 10, 20, 50]: Recall=[0.02610, 0.05204, 0.07488, 0.12757],  precision=[0.00522, 0.00520, 0.00374, 0.00255], hit=[0.02610, 0.05204, 0.07488, 0.12757], ndcg=[0.01673, 0.02507, 0.03062, 0.04099], Train Rec Loss=[0.03294], Eval Rec Loss=[0.03289], c=[1.00000], F=[0.74486, 0.89088, 0.93941, 0.97144], F_fuse=[0.01037, 0.01035, 0.00746, 0.00509]
[ INFO : 2026-06-14 14:53:58,558 ] - Epoch 49: train==[63.07403 = 1.25349 + 0.95912 + 7.23928 + 0.01371 + 0.00000 + 0.79950 + 884.94450]
[ INFO : 2026-06-14 14:54:06,018 ] - Test_@[5, 10, 20, 50]: Recall=[0.02708, 0.05220, 0.07439, 0.12806],  precision=[0.00542, 0.00522, 0.00372, 0.00256], hit=[0.02708, 0.05220, 0.07439, 0.12806], ndcg=[0.01729, 0.02544, 0.03093, 0.04147], Train Rec Loss=[0.03291], Eval Rec Loss=[0.03291], c=[1.00000], F=[0.73120, 0.87267, 0.93952, 0.97168], F_fuse=[0.01075, 0.01038, 0.00741, 0.00511]
[ INFO : 2026-06-14 14:55:10,520 ] - Epoch 50: train==[63.00847 = 1.24161 + 0.95913 + 7.21799 + 0.01360 + 0.00000 + 0.76722 + 884.94450]
[ INFO : 2026-06-14 14:55:18,024 ] - Test_@[5, 10, 20, 50]: Recall=[0.02594, 0.04943, 0.07504, 0.12822],  precision=[0.00519, 0.00494, 0.00375, 0.00256], hit=[0.02594, 0.04943, 0.07504, 0.12822], ndcg=[0.01631, 0.02421, 0.03053, 0.04100], Train Rec Loss=[0.03292], Eval Rec Loss=[0.03287], c=[1.00000], F=[0.73776, 0.83187, 0.93793, 0.97159], F_fuse=[0.01030, 0.00983, 0.00747, 0.00512]
[ INFO : 2026-06-14 14:56:22,041 ] - Epoch 51: train==[62.82318 = 1.23690 + 0.95913 + 7.06761 + 0.01356 + 0.00000 + 0.73704 + 884.94450]
[ INFO : 2026-06-14 14:56:29,560 ] - Test_@[5, 10, 20, 50]: Recall=[0.02480, 0.05220, 0.07504, 0.12741],  precision=[0.00496, 0.00522, 0.00375, 0.00255], hit=[0.02480, 0.05220, 0.07504, 0.12741], ndcg=[0.01632, 0.02541, 0.03099, 0.04127], Train Rec Loss=[0.03291], Eval Rec Loss=[0.03286], c=[1.00000], F=[0.69629, 0.86658, 0.93882, 0.97118], F_fuse=[0.00985, 0.01038, 0.00747, 0.00508]
[ INFO : 2026-06-14 14:57:34,561 ] - Epoch 52: train==[62.78192 = 1.22856 + 0.95912 + 7.06644 + 0.01344 + 0.00000 + 0.70542 + 884.94450]
[ INFO : 2026-06-14 14:57:42,054 ] - Test_@[5, 10, 20, 50]: Recall=[0.02708, 0.05155, 0.07537, 0.12871],  precision=[0.00542, 0.00515, 0.00377, 0.00257], hit=[0.02708, 0.05155, 0.07537, 0.12871], ndcg=[0.01696, 0.02513, 0.03091, 0.04136], Train Rec Loss=[0.03287], Eval Rec Loss=[0.03284], c=[1.00000], F=[0.73804, 0.86921, 0.93999, 0.97198], F_fuse=[0.01075, 0.01025, 0.00751, 0.00513]
[ INFO : 2026-06-14 14:58:47,097 ] - Epoch 53: train==[62.69099 = 1.21927 + 0.95912 + 7.01273 + 0.01338 + 0.00000 + 0.67755 + 884.94450]
[ INFO : 2026-06-14 14:58:54,603 ] - Test_@[5, 10, 20, 50]: Recall=[0.02708, 0.05041, 0.07569, 0.12806],  precision=[0.00542, 0.00504, 0.00378, 0.00256], hit=[0.02708, 0.05041, 0.07569, 0.12806], ndcg=[0.01524, 0.02288, 0.02907, 0.03934], Train Rec Loss=[0.03285], Eval Rec Loss=[0.03285], c=[1.00000], F=[0.74608, 0.82479, 0.93772, 0.97167], F_fuse=[0.01075, 0.01002, 0.00754, 0.00511]
[ INFO : 2026-06-14 14:59:59,598 ] - Epoch 54: train==[62.55590 = 1.21059 + 0.95913 + 6.90748 + 0.01331 + 0.00000 + 0.65647 + 884.94450]
[ INFO : 2026-06-14 15:00:07,070 ] - Test_@[5, 10, 20, 50]: Recall=[0.02545, 0.05269, 0.07700, 0.12838],  precision=[0.00509, 0.00527, 0.00385, 0.00257], hit=[0.02545, 0.05269, 0.07700, 0.12838], ndcg=[0.01617, 0.02502, 0.03093, 0.04102], Train Rec Loss=[0.03285], Eval Rec Loss=[0.03284], c=[1.00000], F=[0.74831, 0.90504, 0.94250, 0.97196], F_fuse=[0.01011, 0.01048, 0.00767, 0.00512]
[ INFO : 2026-06-14 15:01:12,115 ] - Epoch 55: train==[62.29910 = 1.20070 + 0.95913 + 6.68218 + 0.01318 + 0.00000 + 0.63499 + 884.94450]
[ INFO : 2026-06-14 15:01:19,623 ] - Test_@[5, 10, 20, 50]: Recall=[0.02692, 0.05073, 0.07586, 0.12904],  precision=[0.00538, 0.00507, 0.00379, 0.00258], hit=[0.02692, 0.05073, 0.07586, 0.12904], ndcg=[0.01699, 0.02463, 0.03090, 0.04131], Train Rec Loss=[0.03285], Eval Rec Loss=[0.03281], c=[1.00000], F=[0.73673, 0.85209, 0.94085, 0.97220], F_fuse=[0.01069, 0.01009, 0.00756, 0.00515]
[ INFO : 2026-06-14 15:02:24,472 ] - Epoch 56: train==[62.36462 = 1.19825 + 0.95912 + 6.77811 + 0.01306 + 0.00000 + 0.60714 + 884.94450]
[ INFO : 2026-06-14 15:02:31,977 ] - Test_@[5, 10, 20, 50]: Recall=[0.04095, 0.05285, 0.07618, 0.12871],  precision=[0.00819, 0.00529, 0.00381, 0.00257], hit=[0.04095, 0.05285, 0.07618, 0.12871], ndcg=[0.02335, 0.02718, 0.03285, 0.04317], Train Rec Loss=[0.03285], Eval Rec Loss=[0.03282], c=[1.00000], F=[0.75537, 0.87497, 0.94257, 0.97188], F_fuse=[0.01620, 0.01051, 0.00759, 0.00513]
[ INFO : 2026-06-14 15:03:36,639 ] - Epoch 57: train==[62.25097 = 1.18557 + 0.95912 + 6.70215 + 0.01299 + 0.00000 + 0.58220 + 884.94450]
[ INFO : 2026-06-14 15:03:44,141 ] - Test_@[5, 10, 20, 50]: Recall=[0.02577, 0.05220, 0.07602, 0.12871],  precision=[0.00515, 0.00522, 0.00380, 0.00257], hit=[0.02577, 0.05220, 0.07602, 0.12871], ndcg=[0.01635, 0.02510, 0.03087, 0.04123], Train Rec Loss=[0.03283], Eval Rec Loss=[0.03279], c=[1.00000], F=[0.75500, 0.90247, 0.94250, 0.97230], F_fuse=[0.01024, 0.01038, 0.00757, 0.00513]
[ INFO : 2026-06-14 15:04:48,760 ] - Epoch 58: train==[62.18999 = 1.18138 + 0.95912 + 6.66877 + 0.01287 + 0.00000 + 0.55892 + 884.94450]
[ INFO : 2026-06-14 15:04:56,273 ] - Test_@[5, 10, 20, 50]: Recall=[0.02936, 0.05024, 0.07684, 0.12822],  precision=[0.00587, 0.00502, 0.00384, 0.00256], hit=[0.02936, 0.05024, 0.07684, 0.12822], ndcg=[0.01764, 0.02475, 0.03126, 0.04136], Train Rec Loss=[0.03284], Eval Rec Loss=[0.03280], c=[1.00000], F=[0.75810, 0.89830, 0.94426, 0.97165], F_fuse=[0.01166, 0.00999, 0.00765, 0.00512]
[ INFO : 2026-06-14 15:06:00,566 ] - Epoch 59: train==[61.99074 = 1.17542 + 0.95912 + 6.49524 + 0.01278 + 0.00000 + 0.53925 + 884.94450]
[ INFO : 2026-06-14 15:06:08,023 ] - Test_@[5, 10, 20, 50]: Recall=[0.03409, 0.05204, 0.07618, 0.12806],  precision=[0.00682, 0.00520, 0.00381, 0.00256], hit=[0.03409, 0.05204, 0.07618, 0.12806], ndcg=[0.01952, 0.02557, 0.03147, 0.04167], Train Rec Loss=[0.03279], Eval Rec Loss=[0.03278], c=[1.00000], F=[0.74861, 0.92335, 0.94331, 0.97162], F_fuse=[0.01351, 0.01035, 0.00759, 0.00511]
[ INFO : 2026-06-14 15:07:12,360 ] - Epoch 60: train==[61.89455 = 1.16737 + 0.95912 + 6.43108 + 0.01271 + 0.00000 + 0.51533 + 884.94450]
[ INFO : 2026-06-14 15:07:19,815 ] - Test_@[5, 10, 20, 50]: Recall=[0.02268, 0.05090, 0.07651, 0.12741],  precision=[0.00454, 0.00509, 0.00383, 0.00255], hit=[0.02268, 0.05090, 0.07651, 0.12741], ndcg=[0.01506, 0.02407, 0.03035, 0.04035], Train Rec Loss=[0.03281], Eval Rec Loss=[0.03277], c=[1.00000], F=[0.76006, 0.92713, 0.94292, 0.97185], F_fuse=[0.00902, 0.01012, 0.00762, 0.00508]
[ INFO : 2026-06-14 15:08:24,491 ] - Epoch 61: train==[61.94132 = 1.16372 + 0.95913 + 6.50072 + 0.01262 + 0.00000 + 0.49620 + 884.94450]
[ INFO : 2026-06-14 15:08:32,011 ] - Test_@[5, 10, 20, 50]: Recall=[0.03116, 0.04927, 0.07651, 0.12838],  precision=[0.00623, 0.00493, 0.00383, 0.00257], hit=[0.03116, 0.04927, 0.07651, 0.12838], ndcg=[0.01850, 0.02466, 0.03144, 0.04164], Train Rec Loss=[0.03280], Eval Rec Loss=[0.03276], c=[1.00000], F=[0.74462, 0.85665, 0.94200, 0.97122], F_fuse=[0.01236, 0.00980, 0.00762, 0.00512]
[ INFO : 2026-06-14 15:09:37,137 ] - Epoch 62: train==[61.85680 = 1.15394 + 0.95913 + 6.44530 + 0.01255 + 0.00000 + 0.47695 + 884.94450]
[ INFO : 2026-06-14 15:09:44,651 ] - Test_@[5, 10, 20, 50]: Recall=[0.04078, 0.05285, 0.07651, 0.12822],  precision=[0.00816, 0.00529, 0.00383, 0.00256], hit=[0.04078, 0.05285, 0.07651, 0.12822], ndcg=[0.02234, 0.02627, 0.03210, 0.04222], Train Rec Loss=[0.03279], Eval Rec Loss=[0.03274], c=[1.00000], F=[0.74543, 0.86329, 0.94465, 0.97211], F_fuse=[0.01614, 0.01051, 0.00762, 0.00512]
[ INFO : 2026-06-14 15:10:49,614 ] - Epoch 63: train==[61.78946 = 1.14573 + 0.95912 + 6.40314 + 0.01241 + 0.00000 + 0.46012 + 884.94450]
[ INFO : 2026-06-14 15:10:57,105 ] - Test_@[5, 10, 20, 50]: Recall=[0.03148, 0.04959, 0.07504, 0.12773],  precision=[0.00630, 0.00496, 0.00375, 0.00255], hit=[0.03148, 0.04959, 0.07504, 0.12773], ndcg=[0.01701, 0.02316, 0.02943, 0.03978], Train Rec Loss=[0.03277], Eval Rec Loss=[0.03276], c=[1.00000], F=[0.73994, 0.87215, 0.94325, 0.97199], F_fuse=[0.01249, 0.00986, 0.00747, 0.00510]
[ INFO : 2026-06-14 15:12:01,892 ] - Epoch 64: train==[61.60162 = 1.14065 + 0.95912 + 6.23541 + 0.01226 + 0.00000 + 0.44525 + 884.94450]
[ INFO : 2026-06-14 15:12:09,391 ] - Test_@[5, 10, 20, 50]: Recall=[0.04029, 0.05171, 0.07651, 0.12790],  precision=[0.00806, 0.00517, 0.00383, 0.00256], hit=[0.04029, 0.05171, 0.07651, 0.12790], ndcg=[0.02304, 0.02667, 0.03278, 0.04286], Train Rec Loss=[0.03276], Eval Rec Loss=[0.03275], c=[1.00000], F=[0.75647, 0.92902, 0.94356, 0.97108], F_fuse=[0.01595, 0.01029, 0.00762, 0.00510]
[ INFO : 2026-06-14 15:13:14,240 ] - Epoch 65: train==[61.58167 = 1.13011 + 0.95912 + 6.24595 + 0.01237 + 0.00000 + 0.42518 + 884.94450]
[ INFO : 2026-06-14 15:13:21,737 ] - Test_@[5, 10, 20, 50]: Recall=[0.03116, 0.05302, 0.07602, 0.12773],  precision=[0.00623, 0.00530, 0.00380, 0.00255], hit=[0.03116, 0.05302, 0.07602, 0.12773], ndcg=[0.01846, 0.02590, 0.03154, 0.04175], Train Rec Loss=[0.03276], Eval Rec Loss=[0.03273], c=[1.00000], F=[0.74090, 0.92600, 0.94300, 0.97086], F_fuse=[0.01236, 0.01054, 0.00757, 0.00510]
[ INFO : 2026-06-14 15:14:26,625 ] - Epoch 66: train==[61.53851 = 1.12478 + 0.95913 + 6.22318 + 0.01223 + 0.00000 + 0.41027 + 884.94450]
[ INFO : 2026-06-14 15:14:34,088 ] - Test_@[5, 10, 20, 50]: Recall=[0.04062, 0.05351, 0.07667, 0.12838],  precision=[0.00812, 0.00535, 0.00383, 0.00257], hit=[0.04062, 0.05351, 0.07667, 0.12838], ndcg=[0.02458, 0.02873, 0.03452, 0.04471], Train Rec Loss=[0.03275], Eval Rec Loss=[0.03272], c=[1.00000], F=[0.74203, 0.92836, 0.94300, 0.97036], F_fuse=[0.01607, 0.01064, 0.00764, 0.00512]
[ INFO : 2026-06-14 15:15:38,972 ] - Epoch 67: train==[61.34839 = 1.11554 + 0.95913 + 6.05755 + 0.01216 + 0.00000 + 0.39508 + 884.94450]
[ INFO : 2026-06-14 15:15:46,453 ] - Test_@[5, 10, 20, 50]: Recall=[0.04078, 0.05204, 0.07716, 0.12953],  precision=[0.00816, 0.00520, 0.00386, 0.00259], hit=[0.04078, 0.05204, 0.07716, 0.12953], ndcg=[0.02468, 0.02843, 0.03459, 0.04490], Train Rec Loss=[0.03272], Eval Rec Loss=[0.03271], c=[1.00000], F=[0.74778, 0.90916, 0.94438, 0.96971], F_fuse=[0.01614, 0.01035, 0.00768, 0.00517]
[ INFO : 2026-06-14 15:16:50,952 ] - Epoch 68: train==[61.33574 = 1.10857 + 0.95912 + 6.06844 + 0.01218 + 0.00000 + 0.37850 + 884.94450]
[ INFO : 2026-06-14 15:16:58,424 ] - Test_@[5, 10, 20, 50]: Recall=[0.04111, 0.05090, 0.07765, 0.13295],  precision=[0.00822, 0.00509, 0.00388, 0.00266], hit=[0.04111, 0.05090, 0.07765, 0.13295], ndcg=[0.02322, 0.02637, 0.03293, 0.04378], Train Rec Loss=[0.03273], Eval Rec Loss=[0.03270], c=[1.00000], F=[0.74817, 0.90130, 0.94371, 0.96893], F_fuse=[0.01626, 0.01012, 0.00773, 0.00530]
[ INFO : 2026-06-14 15:18:02,860 ] - Epoch 69: train==[61.23028 = 1.10489 + 0.95912 + 5.97838 + 0.01195 + 0.00000 + 0.36701 + 884.94450]
[ INFO : 2026-06-14 15:18:10,381 ] - Test_@[5, 10, 20, 50]: Recall=[0.03263, 0.05188, 0.07586, 0.12855],  precision=[0.00653, 0.00519, 0.00379, 0.00257], hit=[0.03263, 0.05188, 0.07586, 0.12855], ndcg=[0.01922, 0.02571, 0.03176, 0.04214], Train Rec Loss=[0.03271], Eval Rec Loss=[0.03269], c=[1.00000], F=[0.75288, 0.87380, 0.94420, 0.96922], F_fuse=[0.01294, 0.01031, 0.00756, 0.00513]
[ INFO : 2026-06-14 15:19:15,018 ] - Epoch 70: train==[61.09822 = 1.09817 + 0.95912 + 5.86842 + 0.01192 + 0.00000 + 0.35166 + 884.94450]
[ INFO : 2026-06-14 15:19:22,535 ] - Test_@[5, 10, 20, 50]: Recall=[0.04274, 0.05367, 0.07749, 0.13165],  precision=[0.00855, 0.00537, 0.00387, 0.00263], hit=[0.04274, 0.05367, 0.07749, 0.13165], ndcg=[0.02337, 0.02686, 0.03262, 0.04327], Train Rec Loss=[0.03272], Eval Rec Loss=[0.03269], c=[1.00000], F=[0.75431, 0.87175, 0.94352, 0.96892], F_fuse=[0.01690, 0.01067, 0.00772, 0.00525]
[ INFO : 2026-06-14 15:20:27,102 ] - Epoch 71: train==[61.06283 = 1.09425 + 0.95912 + 5.84899 + 0.01188 + 0.00000 + 0.33966 + 884.94450]
[ INFO : 2026-06-14 15:20:34,612 ] - Test_@[5, 10, 20, 50]: Recall=[0.03997, 0.05155, 0.07618, 0.12838],  precision=[0.00799, 0.00515, 0.00381, 0.00257], hit=[0.03997, 0.05155, 0.07618, 0.12838], ndcg=[0.02287, 0.02653, 0.03273, 0.04304], Train Rec Loss=[0.03271], Eval Rec Loss=[0.03268], c=[1.00000], F=[0.75346, 0.88868, 0.94461, 0.96906], F_fuse=[0.01582, 0.01025, 0.00759, 0.00512]
[ INFO : 2026-06-14 15:21:39,162 ] - Epoch 72: train==[60.96929 = 1.08757 + 0.95912 + 5.77416 + 0.01181 + 0.00000 + 0.32769 + 884.94450]
[ INFO : 2026-06-14 15:21:46,677 ] - Test_@[5, 10, 20, 50]: Recall=[0.04013, 0.05498, 0.07781, 0.13148],  precision=[0.00803, 0.00550, 0.00389, 0.00263], hit=[0.04013, 0.05498, 0.07781, 0.13148], ndcg=[0.02300, 0.02774, 0.03330, 0.04383], Train Rec Loss=[0.03271], Eval Rec Loss=[0.03267], c=[1.00000], F=[0.74278, 0.87094, 0.94376, 0.96846], F_fuse=[0.01588, 0.01093, 0.00775, 0.00525]
[ INFO : 2026-06-14 15:22:51,655 ] - Epoch 73: train==[61.00304 = 1.08654 + 0.95912 + 5.82312 + 0.01176 + 0.00000 + 0.31356 + 884.94450]
[ INFO : 2026-06-14 15:22:59,147 ] - Test_@[5, 10, 20, 50]: Recall=[0.03964, 0.05204, 0.07406, 0.12822],  precision=[0.00793, 0.00520, 0.00370, 0.00256], hit=[0.03964, 0.05204, 0.07406, 0.12822], ndcg=[0.02422, 0.02829, 0.03381, 0.04450], Train Rec Loss=[0.03268], Eval Rec Loss=[0.03267], c=[1.00000], F=[0.76252, 0.91790, 0.94281, 0.96865], F_fuse=[0.01569, 0.01035, 0.00738, 0.00512]
[ INFO : 2026-06-14 15:24:03,849 ] - Epoch 74: train==[60.85149 = 1.07490 + 0.95912 + 5.69411 + 0.01175 + 0.00000 + 0.30267 + 884.94450]
[ INFO : 2026-06-14 15:24:11,344 ] - Test_@[5, 10, 20, 50]: Recall=[0.04078, 0.05253, 0.07765, 0.13051],  precision=[0.00816, 0.00525, 0.00388, 0.00261], hit=[0.04078, 0.05253, 0.07765, 0.13051], ndcg=[0.01923, 0.02300, 0.02933, 0.03973], Train Rec Loss=[0.03266], Eval Rec Loss=[0.03264], c=[1.00000], F=[0.75193, 0.87785, 0.94507, 0.96773], F_fuse=[0.01614, 0.01044, 0.00773, 0.00521]
[ INFO : 2026-06-14 15:25:15,825 ] - Epoch 75: train==[60.90638 = 1.07064 + 0.95913 + 5.76880 + 0.01169 + 0.00000 + 0.28719 + 884.94450]
[ INFO : 2026-06-14 15:25:23,315 ] - Test_@[5, 10, 20, 50]: Recall=[0.03051, 0.05155, 0.07896, 0.13246],  precision=[0.00610, 0.00515, 0.00395, 0.00265], hit=[0.03051, 0.05155, 0.07896, 0.13246], ndcg=[0.01810, 0.02519, 0.03186, 0.04237], Train Rec Loss=[0.03267], Eval Rec Loss=[0.03265], c=[1.00000], F=[0.75291, 0.89548, 0.94384, 0.96699], F_fuse=[0.01210, 0.01025, 0.00786, 0.00528]
[ INFO : 2026-06-14 15:26:28,061 ] - Epoch 76: train==[60.72150 = 1.06536 + 0.95912 + 5.59672 + 0.01160 + 0.00000 + 0.27977 + 884.94450]
[ INFO : 2026-06-14 15:26:35,582 ] - Test_@[5, 10, 20, 50]: Recall=[0.03948, 0.05269, 0.07667, 0.12806],  precision=[0.00790, 0.00527, 0.00383, 0.00256], hit=[0.03948, 0.05269, 0.07667, 0.12806], ndcg=[0.02500, 0.02924, 0.03526, 0.04542], Train Rec Loss=[0.03265], Eval Rec Loss=[0.03265], c=[1.00000], F=[0.76388, 0.92896, 0.94410, 0.96728], F_fuse=[0.01563, 0.01048, 0.00764, 0.00511]
[ INFO : 2026-06-14 15:27:40,244 ] - Epoch 77: train==[60.63944 = 1.05757 + 0.95913 + 5.53434 + 0.01153 + 0.00000 + 0.26794 + 884.94450]
[ INFO : 2026-06-14 15:27:47,745 ] - Test_@[5, 10, 20, 50]: Recall=[0.04111, 0.05171, 0.07781, 0.13067],  precision=[0.00822, 0.00517, 0.00389, 0.00261], hit=[0.04111, 0.05171, 0.07781, 0.13067], ndcg=[0.02462, 0.02807, 0.03466, 0.04508], Train Rec Loss=[0.03266], Eval Rec Loss=[0.03264], c=[1.00000], F=[0.75702, 0.90726, 0.94541, 0.96721], F_fuse=[0.01627, 0.01028, 0.00775, 0.00521]
[ INFO : 2026-06-14 15:28:52,329 ] - Epoch 78: train==[60.53625 = 1.05577 + 0.95912 + 5.44161 + 0.01154 + 0.00000 + 0.25927 + 884.94450]
[ INFO : 2026-06-14 15:28:59,835 ] - Test_@[5, 10, 20, 50]: Recall=[0.03964, 0.05122, 0.07781, 0.13083],  precision=[0.00793, 0.00512, 0.00389, 0.00262], hit=[0.03964, 0.05122, 0.07781, 0.13083], ndcg=[0.02137, 0.02510, 0.03162, 0.04206], Train Rec Loss=[0.03265], Eval Rec Loss=[0.03261], c=[1.00000], F=[0.75616, 0.88490, 0.94504, 0.96732], F_fuse=[0.01569, 0.01019, 0.00775, 0.00522]
[ INFO : 2026-06-14 15:30:04,399 ] - Epoch 79: train==[60.57387 = 1.04621 + 0.95912 + 5.50075 + 0.01144 + 0.00000 + 0.24742 + 884.94450]
[ INFO : 2026-06-14 15:30:11,923 ] - Test_@[5, 10, 20, 50]: Recall=[0.03148, 0.05090, 0.07684, 0.12887],  precision=[0.00630, 0.00509, 0.00384, 0.00258], hit=[0.03148, 0.05090, 0.07684, 0.12887], ndcg=[0.01675, 0.02329, 0.02980, 0.04005], Train Rec Loss=[0.03266], Eval Rec Loss=[0.03263], c=[1.00000], F=[0.75881, 0.89452, 0.94524, 0.96789], F_fuse=[0.01249, 0.01012, 0.00765, 0.00514]
[ INFO : 2026-06-14 15:31:16,894 ] - Epoch 80: train==[60.41070 = 1.03903 + 0.95913 + 5.35253 + 0.01157 + 0.00000 + 0.23950 + 884.94450]
[ INFO : 2026-06-14 15:31:24,413 ] - Test_@[5, 10, 20, 50]: Recall=[0.03997, 0.05008, 0.07977, 0.13165],  precision=[0.00799, 0.00501, 0.00399, 0.00263], hit=[0.03997, 0.05008, 0.07977, 0.13165], ndcg=[0.02323, 0.02663, 0.03393, 0.04413], Train Rec Loss=[0.03266], Eval Rec Loss=[0.03259], c=[1.00000], F=[0.75350, 0.89633, 0.94433, 0.96674], F_fuse=[0.01582, 0.00996, 0.00794, 0.00525]
[ INFO : 2026-06-14 15:32:29,272 ] - Epoch 81: train==[60.46628 = 1.03529 + 0.95912 + 5.42211 + 0.01142 + 0.00000 + 0.22940 + 884.94450]
[ INFO : 2026-06-14 15:32:36,738 ] - Test_@[5, 10, 20, 50]: Recall=[0.03964, 0.05351, 0.07977, 0.13083],  precision=[0.00793, 0.00535, 0.00399, 0.00262], hit=[0.03964, 0.05351, 0.07977, 0.13083], ndcg=[0.02794, 0.03235, 0.03882, 0.04884], Train Rec Loss=[0.03263], Eval Rec Loss=[0.03260], c=[1.00000], F=[0.75941, 0.93519, 0.94305, 0.96646], F_fuse=[0.01569, 0.01064, 0.00794, 0.00522]
[ INFO : 2026-06-14 15:33:41,466 ] - Epoch 82: train==[60.30925 = 1.03419 + 0.95912 + 5.27588 + 0.01139 + 0.00000 + 0.21973 + 884.94450]
[ INFO : 2026-06-14 15:33:48,949 ] - Test_@[5, 10, 20, 50]: Recall=[0.04013, 0.05237, 0.07096, 0.13100],  precision=[0.00803, 0.00524, 0.00355, 0.00262], hit=[0.04013, 0.05237, 0.07096, 0.13100], ndcg=[0.02809, 0.03202, 0.03659, 0.04861], Train Rec Loss=[0.03262], Eval Rec Loss=[0.03260], c=[1.00000], F=[0.74795, 0.92559, 0.94325, 0.96620], F_fuse=[0.01588, 0.01041, 0.00707, 0.00523]
[ INFO : 2026-06-14 15:34:53,532 ] - Epoch 83: train==[60.43046 = 1.02229 + 0.95912 + 5.41752 + 0.01143 + 0.00000 + 0.21116 + 884.94450]
[ INFO : 2026-06-14 15:35:01,026 ] - Test_@[5, 10, 20, 50]: Recall=[0.03850, 0.04943, 0.07830, 0.12920],  precision=[0.00770, 0.00494, 0.00392, 0.00258], hit=[0.03850, 0.04943, 0.07830, 0.12920], ndcg=[0.02040, 0.02395, 0.03122, 0.04125], Train Rec Loss=[0.03260], Eval Rec Loss=[0.03257], c=[1.00000], F=[0.76033, 0.91922, 0.94558, 0.96638], F_fuse=[0.01525, 0.00983, 0.00780, 0.00515]
[ INFO : 2026-06-14 15:36:05,385 ] - Epoch 84: train==[60.28746 = 1.01961 + 0.95912 + 5.28149 + 0.01137 + 0.00000 + 0.20693 + 884.94450]
[ INFO : 2026-06-14 15:36:12,893 ] - Test_@[5, 10, 20, 50]: Recall=[0.03964, 0.05188, 0.07798, 0.13214],  precision=[0.00793, 0.00519, 0.00390, 0.00264], hit=[0.03964, 0.05188, 0.07798, 0.13214], ndcg=[0.02261, 0.02653, 0.03305, 0.04373], Train Rec Loss=[0.03259], Eval Rec Loss=[0.03256], c=[1.00000], F=[0.76171, 0.92204, 0.94546, 0.96608], F_fuse=[0.01569, 0.01032, 0.00777, 0.00527]
[ INFO : 2026-06-14 15:37:17,672 ] - Epoch 85: train==[60.15575 = 1.01391 + 0.95913 + 5.16415 + 0.01114 + 0.00000 + 0.19851 + 884.94450]
[ INFO : 2026-06-14 15:37:25,205 ] - Test_@[5, 10, 20, 50]: Recall=[0.03899, 0.05155, 0.07863, 0.13181],  precision=[0.00780, 0.00515, 0.00393, 0.00264], hit=[0.03899, 0.05155, 0.07863, 0.13181], ndcg=[0.02034, 0.02437, 0.03100, 0.04149], Train Rec Loss=[0.03259], Eval Rec Loss=[0.03257], c=[1.00000], F=[0.76872, 0.89741, 0.94570, 0.96590], F_fuse=[0.01544, 0.01025, 0.00783, 0.00526]
[ INFO : 2026-06-14 15:38:30,251 ] - Epoch 86: train==[60.11796 = 1.01160 + 0.95913 + 5.13530 + 0.01104 + 0.00000 + 0.19197 + 884.94450]
[ INFO : 2026-06-14 15:38:37,752 ] - Test_@[5, 10, 20, 50]: Recall=[0.03931, 0.05008, 0.07798, 0.13034],  precision=[0.00786, 0.00501, 0.00390, 0.00261], hit=[0.03931, 0.05008, 0.07798, 0.13034], ndcg=[0.02168, 0.02512, 0.03205, 0.04234], Train Rec Loss=[0.03261], Eval Rec Loss=[0.03258], c=[1.00000], F=[0.76989, 0.90916, 0.94441, 0.96599], F_fuse=[0.01557, 0.00996, 0.00777, 0.00520]
[ INFO : 2026-06-14 15:39:41,904 ] - Epoch 87: train==[60.03747 = 1.00629 + 0.95915 + 5.07029 + 0.01103 + 0.00000 + 0.18178 + 884.94450]
[ INFO : 2026-06-14 15:39:49,408 ] - Test_@[5, 10, 20, 50]: Recall=[0.03850, 0.05139, 0.07879, 0.13328],  precision=[0.00770, 0.00514, 0.00394, 0.00267], hit=[0.03850, 0.05139, 0.07879, 0.13328], ndcg=[0.02247, 0.02657, 0.03342, 0.04416], Train Rec Loss=[0.03257], Eval Rec Loss=[0.03255], c=[1.00000], F=[0.76429, 0.91839, 0.94699, 0.96626], F_fuse=[0.01525, 0.01022, 0.00785, 0.00532]
[ INFO : 2026-06-14 15:40:54,598 ] - Epoch 88: train==[60.11356 = 0.99702 + 0.95913 + 5.16135 + 0.01100 + 0.00000 + 0.17613 + 884.94450]
[ INFO : 2026-06-14 15:41:02,102 ] - Test_@[5, 10, 20, 50]: Recall=[0.04160, 0.04747, 0.07896, 0.13361],  precision=[0.00832, 0.00475, 0.00395, 0.00267], hit=[0.04160, 0.04747, 0.07896, 0.13361], ndcg=[0.02608, 0.02794, 0.03573, 0.04651], Train Rec Loss=[0.03260], Eval Rec Loss=[0.03256], c=[1.00000], F=[0.75827, 0.91962, 0.94663, 0.96556], F_fuse=[0.01646, 0.00945, 0.00786, 0.00533]
[ INFO : 2026-06-14 15:42:07,198 ] - Epoch 89: train==[59.92431 = 0.99172 + 0.95913 + 4.98312 + 0.01099 + 0.00000 + 0.17043 + 884.94450]
[ INFO : 2026-06-14 15:42:14,697 ] - Test_@[5, 10, 20, 50]: Recall=[0.03083, 0.05155, 0.07847, 0.13328],  precision=[0.00617, 0.00515, 0.00392, 0.00267], hit=[0.03083, 0.05155, 0.07847, 0.13328], ndcg=[0.01972, 0.02652, 0.03346, 0.04425], Train Rec Loss=[0.03258], Eval Rec Loss=[0.03255], c=[1.00000], F=[0.91850, 0.87080, 0.94568, 0.96548], F_fuse=[0.01225, 0.01025, 0.00781, 0.00532]
[ INFO : 2026-06-14 15:43:19,900 ] - Epoch 90: train==[59.95220 = 0.98518 + 0.95913 + 5.02449 + 0.01099 + 0.00000 + 0.16349 + 884.94450]
[ INFO : 2026-06-14 15:43:27,440 ] - Test_@[5, 10, 20, 50]: Recall=[0.03931, 0.05204, 0.08222, 0.13442],  precision=[0.00786, 0.00520, 0.00411, 0.00269], hit=[0.03931, 0.05204, 0.08222, 0.13442], ndcg=[0.02278, 0.02690, 0.03450, 0.04474], Train Rec Loss=[0.03258], Eval Rec Loss=[0.03253], c=[1.00000], F=[0.76177, 0.87158, 0.94576, 0.96520], F_fuse=[0.01557, 0.01035, 0.00819, 0.00536]
[ INFO : 2026-06-14 15:44:32,561 ] - Epoch 91: train==[59.76837 = 0.98348 + 0.95913 + 4.84667 + 0.01095 + 0.00000 + 0.15921 + 884.94450]
[ INFO : 2026-06-14 15:44:40,084 ] - Test_@[5, 10, 20, 50]: Recall=[0.04095, 0.05465, 0.08173, 0.13589],  precision=[0.00819, 0.00546, 0.00409, 0.00272], hit=[0.04095, 0.05465, 0.08173, 0.13589], ndcg=[0.02166, 0.02608, 0.03290, 0.04354], Train Rec Loss=[0.03255], Eval Rec Loss=[0.03253], c=[1.00000], F=[0.76556, 0.92806, 0.94688, 0.96644], F_fuse=[0.01621, 0.01087, 0.00814, 0.00542]
[ INFO : 2026-06-14 15:45:44,566 ] - Epoch 92: train==[59.74013 = 0.97694 + 0.95913 + 4.83051 + 0.01098 + 0.00000 + 0.15364 + 884.94450]
[ INFO : 2026-06-14 15:45:52,064 ] - Test_@[5, 10, 20, 50]: Recall=[0.04192, 0.05155, 0.07945, 0.13393],  precision=[0.00838, 0.00515, 0.00397, 0.00268], hit=[0.04192, 0.05155, 0.07945, 0.13393], ndcg=[0.02525, 0.02830, 0.03507, 0.04580], Train Rec Loss=[0.03255], Eval Rec Loss=[0.03252], c=[1.00000], F=[0.77453, 0.93509, 0.95077, 0.96566], F_fuse=[0.01659, 0.01025, 0.00791, 0.00534]
[ INFO : 2026-06-14 15:46:56,262 ] - Epoch 93: train==[59.75962 = 0.97465 + 0.95912 + 4.85889 + 0.01107 + 0.00000 + 0.14696 + 884.94450]
[ INFO : 2026-06-14 15:47:03,757 ] - Test_@[5, 10, 20, 50]: Recall=[0.03931, 0.05155, 0.07830, 0.13312],  precision=[0.00786, 0.00515, 0.00392, 0.00266], hit=[0.03931, 0.05155, 0.07830, 0.13312], ndcg=[0.02054, 0.02443, 0.03113, 0.04195], Train Rec Loss=[0.03255], Eval Rec Loss=[0.03252], c=[1.00000], F=[0.77384, 0.92559, 0.94565, 0.96575], F_fuse=[0.01557, 0.01025, 0.00780, 0.00531]
[ INFO : 2026-06-14 15:48:08,533 ] - Epoch 94: train==[59.72890 = 0.97094 + 0.95913 + 4.83831 + 0.01101 + 0.00000 + 0.14058 + 884.94450]
[ INFO : 2026-06-14 15:48:16,060 ] - Test_@[5, 10, 20, 50]: Recall=[0.03524, 0.05139, 0.08173, 0.13426],  precision=[0.00705, 0.00514, 0.00409, 0.00269], hit=[0.03524, 0.05139, 0.08173, 0.13426], ndcg=[0.02152, 0.02684, 0.03452, 0.04482], Train Rec Loss=[0.03253], Eval Rec Loss=[0.03253], c=[1.00000], F=[0.89043, 0.91637, 0.94527, 0.96531], F_fuse=[0.01398, 0.01022, 0.00814, 0.00536]
[ INFO : 2026-06-14 15:49:21,145 ] - Epoch 95: train==[59.53387 = 0.96271 + 0.95913 + 4.65519 + 0.01104 + 0.00000 + 0.13687 + 884.94450]
[ INFO : 2026-06-14 15:49:28,659 ] - Test_@[5, 10, 20, 50]: Recall=[0.03393, 0.04910, 0.07961, 0.13458],  precision=[0.00679, 0.00491, 0.00398, 0.00269], hit=[0.03393, 0.04910, 0.07961, 0.13458], ndcg=[0.02080, 0.02583, 0.03349, 0.04431], Train Rec Loss=[0.03253], Eval Rec Loss=[0.03249], c=[1.00000], F=[0.89920, 0.92712, 0.94600, 0.96515], F_fuse=[0.01347, 0.00977, 0.00793, 0.00537]
[ INFO : 2026-06-14 15:50:33,738 ] - Epoch 96: train==[59.66731 = 0.95399 + 0.95913 + 4.80450 + 0.01091 + 0.00000 + 0.12985 + 884.94450]
[ INFO : 2026-06-14 15:50:41,249 ] - Test_@[5, 10, 20, 50]: Recall=[0.03997, 0.04943, 0.08140, 0.13752],  precision=[0.00799, 0.00494, 0.00407, 0.00275], hit=[0.03997, 0.04943, 0.08140, 0.13752], ndcg=[0.02956, 0.03258, 0.04066, 0.05164], Train Rec Loss=[0.03254], Eval Rec Loss=[0.03250], c=[1.00000], F=[0.77243, 0.90742, 0.94580, 0.96489], F_fuse=[0.01582, 0.00983, 0.00811, 0.00549]
[ INFO : 2026-06-14 15:51:46,384 ] - Epoch 97: train==[59.46613 = 0.95346 + 0.95913 + 4.60774 + 0.01086 + 0.00000 + 0.12601 + 884.94450]
[ INFO : 2026-06-14 15:51:53,901 ] - Test_@[5, 10, 20, 50]: Recall=[0.03850, 0.05188, 0.08222, 0.13670],  precision=[0.00770, 0.00519, 0.00411, 0.00273], hit=[0.03850, 0.05188, 0.08222, 0.13670], ndcg=[0.02316, 0.02748, 0.03487, 0.04557], Train Rec Loss=[0.03251], Eval Rec Loss=[0.03251], c=[1.00000], F=[0.76956, 0.92211, 0.94397, 0.96417], F_fuse=[0.01525, 0.01032, 0.00819, 0.00545]
[ INFO : 2026-06-14 15:52:58,672 ] - Epoch 98: train==[59.53522 = 0.95209 + 0.95913 + 4.68438 + 0.01093 + 0.00000 + 0.11975 + 884.94450]
[ INFO : 2026-06-14 15:53:06,185 ] - Test_@[5, 10, 20, 50]: Recall=[0.03703, 0.04894, 0.07292, 0.13458],  precision=[0.00741, 0.00489, 0.00365, 0.00269], hit=[0.03703, 0.04894, 0.07292, 0.13458], ndcg=[0.02839, 0.03223, 0.03809, 0.05038], Train Rec Loss=[0.03253], Eval Rec Loss=[0.03248], c=[1.00000], F=[0.78253, 0.88311, 0.94483, 0.96586], F_fuse=[0.01467, 0.00973, 0.00726, 0.00537]
[ INFO : 2026-06-14 15:54:10,879 ] - Epoch 99: train==[59.44715 = 0.94623 + 0.95913 + 4.60595 + 0.01085 + 0.00000 + 0.11607 + 884.94450]
[ INFO : 2026-06-14 15:54:18,410 ] - Test_@[5, 10, 20, 50]: Recall=[0.03752, 0.04649, 0.08222, 0.13426],  precision=[0.00750, 0.00465, 0.00411, 0.00269], hit=[0.03752, 0.04649, 0.08222, 0.13426], ndcg=[0.02481, 0.02770, 0.03644, 0.04667], Train Rec Loss=[0.03251], Eval Rec Loss=[0.03248], c=[1.00000], F=[0.78338, 0.91451, 0.94619, 0.96551], F_fuse=[0.01487, 0.00925, 0.00819, 0.00536]
[ INFO : 2026-06-14 15:55:23,294 ] - Epoch 100: train==[59.34008 = 0.94130 + 0.95914 + 4.50606 + 0.01087 + 0.00000 + 0.11378 + 884.94450]
[ INFO : 2026-06-14 15:55:30,811 ] - Test_@[5, 10, 20, 50]: Recall=[0.03964, 0.05008, 0.08385, 0.14111],  precision=[0.00793, 0.00501, 0.00419, 0.00282], hit=[0.03964, 0.05008, 0.08385, 0.14111], ndcg=[0.02408, 0.02751, 0.03577, 0.04696], Train Rec Loss=[0.03250], Eval Rec Loss=[0.03248], c=[1.00000], F=[0.76737, 0.92184, 0.94538, 0.96574], F_fuse=[0.01569, 0.00996, 0.00835, 0.00563]
[ INFO : 2026-06-14 15:56:35,580 ] - Epoch 101: train==[59.32210 = 0.93808 + 0.95913 + 4.49396 + 0.01080 + 0.00000 + 0.11120 + 884.94450]
[ INFO : 2026-06-14 15:56:43,162 ] - Test_@[5, 10, 20, 50]: Recall=[0.03703, 0.04878, 0.07928, 0.13703],  precision=[0.00741, 0.00488, 0.00396, 0.00274], hit=[0.03703, 0.04878, 0.07928, 0.13703], ndcg=[0.02801, 0.03177, 0.03927, 0.05067], Train Rec Loss=[0.03251], Eval Rec Loss=[0.03247], c=[1.00000], F=[0.77762, 0.88971, 0.94491, 0.96483], F_fuse=[0.01467, 0.00970, 0.00790, 0.00547]
[ INFO : 2026-06-14 15:57:47,834 ] - Epoch 102: train==[59.23122 = 0.93202 + 0.95913 + 4.41508 + 0.01086 + 0.00000 + 0.10521 + 884.94450]
[ INFO : 2026-06-14 15:57:55,315 ] - Test_@[5, 10, 20, 50]: Recall=[0.03736, 0.04812, 0.08091, 0.13670],  precision=[0.00747, 0.00481, 0.00405, 0.00273], hit=[0.03736, 0.04812, 0.08091, 0.13670], ndcg=[0.02872, 0.03217, 0.04027, 0.05126], Train Rec Loss=[0.03249], Eval Rec Loss=[0.03246], c=[1.00000], F=[0.77656, 0.92092, 0.94368, 0.96482], F_fuse=[0.01480, 0.00957, 0.00806, 0.00545]
[ INFO : 2026-06-14 15:58:59,993 ] - Epoch 103: train==[59.23734 = 0.92739 + 0.95913 + 4.43110 + 0.01083 + 0.00000 + 0.09995 + 884.94450]
[ INFO : 2026-06-14 15:59:07,465 ] - Test_@[5, 10, 20, 50]: Recall=[0.03997, 0.05024, 0.08352, 0.14111],  precision=[0.00799, 0.00502, 0.00418, 0.00282], hit=[0.03997, 0.05024, 0.08352, 0.14111], ndcg=[0.02106, 0.02438, 0.03284, 0.04411], Train Rec Loss=[0.03248], Eval Rec Loss=[0.03246], c=[1.00000], F=[0.77465, 0.92019, 0.94475, 0.96455], F_fuse=[0.01582, 0.00999, 0.00832, 0.00563]
[ INFO : 2026-06-14 16:00:12,594 ] - Epoch 104: train==[59.14397 = 0.92727 + 0.95913 + 4.34021 + 0.01082 + 0.00000 + 0.09761 + 884.94450]
[ INFO : 2026-06-14 16:00:20,142 ] - Test_@[5, 10, 20, 50]: Recall=[0.03083, 0.04829, 0.08042, 0.13980],  precision=[0.00617, 0.00483, 0.00402, 0.00280], hit=[0.03083, 0.04829, 0.08042, 0.13980], ndcg=[0.02497, 0.03074, 0.03890, 0.05058], Train Rec Loss=[0.03249], Eval Rec Loss=[0.03246], c=[1.00000], F=[0.89705, 0.91738, 0.94304, 0.96413], F_fuse=[0.01225, 0.00961, 0.00801, 0.00558]
[ INFO : 2026-06-14 16:01:25,228 ] - Epoch 105: train==[59.16666 = 0.92495 + 0.95913 + 4.36797 + 0.01075 + 0.00000 + 0.09494 + 884.94450]
[ INFO : 2026-06-14 16:01:32,740 ] - Test_@[5, 10, 20, 50]: Recall=[0.03801, 0.05155, 0.08173, 0.13931],  precision=[0.00760, 0.00515, 0.00409, 0.00279], hit=[0.03801, 0.05155, 0.08173, 0.13931], ndcg=[0.02901, 0.03338, 0.04073, 0.05206], Train Rec Loss=[0.03247], Eval Rec Loss=[0.03243], c=[1.00000], F=[0.78051, 0.90287, 0.94688, 0.96497], F_fuse=[0.01506, 0.01025, 0.00814, 0.00556]
[ INFO : 2026-06-14 16:02:37,748 ] - Epoch 106: train==[58.94373 = 0.91933 + 0.95913 + 4.15318 + 0.01092 + 0.00000 + 0.09223 + 884.94450]
[ INFO : 2026-06-14 16:02:45,266 ] - Test_@[5, 10, 20, 50]: Recall=[0.03377, 0.04715, 0.08157, 0.13834],  precision=[0.00675, 0.00471, 0.00408, 0.00277], hit=[0.03377, 0.04715, 0.08157, 0.13834], ndcg=[0.02641, 0.03091, 0.03939, 0.05056], Train Rec Loss=[0.03247], Eval Rec Loss=[0.03243], c=[1.00000], F=[0.88108, 0.90865, 0.94377, 0.96503], F_fuse=[0.01340, 0.00938, 0.00812, 0.00552]
[ INFO : 2026-06-14 16:03:50,084 ] - Epoch 107: train==[59.07929 = 0.90780 + 0.95913 + 4.30459 + 0.01089 + 0.00000 + 0.08796 + 884.94450]
[ INFO : 2026-06-14 16:03:57,630 ] - Test_@[5, 10, 20, 50]: Recall=[0.03964, 0.04894, 0.08499, 0.14372],  precision=[0.00793, 0.00489, 0.00425, 0.00287], hit=[0.03964, 0.04894, 0.08499, 0.14372], ndcg=[0.02749, 0.03048, 0.03936, 0.05080], Train Rec Loss=[0.03247], Eval Rec Loss=[0.03245], c=[1.00000], F=[0.77876, 0.89823, 0.94472, 0.96410], F_fuse=[0.01570, 0.00973, 0.00846, 0.00573]
[ INFO : 2026-06-14 16:05:02,608 ] - Epoch 108: train==[59.04240 = 0.90518 + 0.95913 + 4.27400 + 0.01080 + 0.00000 + 0.08436 + 884.94450]
[ INFO : 2026-06-14 16:05:10,133 ] - Test_@[5, 10, 20, 50]: Recall=[0.04062, 0.04731, 0.08303, 0.13948],  precision=[0.00812, 0.00473, 0.00415, 0.00279], hit=[0.04062, 0.04731, 0.08303, 0.13948], ndcg=[0.02444, 0.02660, 0.03545, 0.04654], Train Rec Loss=[0.03246], Eval Rec Loss=[0.03243], c=[1.00000], F=[0.77775, 0.90933, 0.94556, 0.96502], F_fuse=[0.01608, 0.00941, 0.00827, 0.00556]
[ INFO : 2026-06-14 16:06:14,823 ] - Epoch 109: train==[58.91996 = 0.89942 + 0.95913 + 4.15834 + 0.01078 + 0.00000 + 0.08336 + 884.94450]
[ INFO : 2026-06-14 16:06:22,293 ] - Test_@[5, 10, 20, 50]: Recall=[0.03817, 0.05188, 0.08483, 0.14078],  precision=[0.00763, 0.00519, 0.00424, 0.00282], hit=[0.03817, 0.05188, 0.08483, 0.14078], ndcg=[0.02076, 0.02517, 0.03349, 0.04446], Train Rec Loss=[0.03246], Eval Rec Loss=[0.03242], c=[1.00000], F=[0.77861, 0.90237, 0.94447, 0.96387], F_fuse=[0.01512, 0.01032, 0.00844, 0.00561]
[ INFO : 2026-06-14 16:07:26,398 ] - Epoch 110: train==[58.86785 = 0.89831 + 0.95913 + 4.10952 + 0.01081 + 0.00000 + 0.08115 + 884.94450]
[ INFO : 2026-06-14 16:07:33,879 ] - Test_@[5, 10, 20, 50]: Recall=[0.03719, 0.04796, 0.07390, 0.14013],  precision=[0.00744, 0.00480, 0.00369, 0.00280], hit=[0.03719, 0.04796, 0.07390, 0.14013], ndcg=[0.02200, 0.02547, 0.03183, 0.04508], Train Rec Loss=[0.03246], Eval Rec Loss=[0.03240], c=[1.00000], F=[0.77910, 0.91157, 0.94394, 0.96455], F_fuse=[0.01474, 0.00954, 0.00736, 0.00559]
[ INFO : 2026-06-14 16:08:37,999 ] - Epoch 111: train==[58.76314 = 0.89188 + 0.95913 + 4.01393 + 0.01073 + 0.00000 + 0.07854 + 884.94450]
[ INFO : 2026-06-14 16:08:45,463 ] - Test_@[5, 10, 20, 50]: Recall=[0.03752, 0.05008, 0.08157, 0.13997],  precision=[0.00750, 0.00501, 0.00408, 0.00280], hit=[0.03752, 0.05008, 0.08157, 0.13997], ndcg=[0.02183, 0.02590, 0.03384, 0.04533], Train Rec Loss=[0.03244], Eval Rec Loss=[0.03242], c=[1.00000], F=[0.78170, 0.87931, 0.94265, 0.96450], F_fuse=[0.01487, 0.00996, 0.00812, 0.00558]
[ INFO : 2026-06-14 16:09:49,670 ] - Epoch 112: train==[58.88548 = 0.89160 + 0.95913 + 4.13830 + 0.01075 + 0.00000 + 0.07676 + 884.94450]
[ INFO : 2026-06-14 16:09:57,135 ] - Test_@[5, 10, 20, 50]: Recall=[0.03931, 0.04845, 0.08271, 0.14046],  precision=[0.00786, 0.00485, 0.00414, 0.00281], hit=[0.03931, 0.04845, 0.08271, 0.14046], ndcg=[0.02483, 0.02774, 0.03608, 0.04743], Train Rec Loss=[0.03244], Eval Rec Loss=[0.03242], c=[1.00000], F=[0.78173, 0.91000, 0.94332, 0.96445], F_fuse=[0.01557, 0.00964, 0.00823, 0.00560]
[ INFO : 2026-06-14 16:11:01,858 ] - Epoch 113: train==[58.82775 = 0.88633 + 0.95913 + 4.09003 + 0.01059 + 0.00000 + 0.07273 + 884.94450]
[ INFO : 2026-06-14 16:11:09,356 ] - Test_@[5, 10, 20, 50]: Recall=[0.03883, 0.04763, 0.08336, 0.14339],  precision=[0.00777, 0.00476, 0.00417, 0.00287], hit=[0.03883, 0.04763, 0.08336, 0.14339], ndcg=[0.02931, 0.03212, 0.04093, 0.05274], Train Rec Loss=[0.03243], Eval Rec Loss=[0.03240], c=[1.00000], F=[0.77496, 0.89892, 0.94265, 0.96165], F_fuse=[0.01538, 0.00948, 0.00830, 0.00572]
[ INFO : 2026-06-14 16:12:14,095 ] - Epoch 114: train==[58.77599 = 0.88303 + 0.95913 + 4.04444 + 0.01064 + 0.00000 + 0.06982 + 884.94450]
[ INFO : 2026-06-14 16:12:21,619 ] - Test_@[5, 10, 20, 50]: Recall=[0.03817, 0.04551, 0.08287, 0.13931],  precision=[0.00763, 0.00455, 0.00414, 0.00279], hit=[0.03817, 0.04551, 0.08287, 0.13931], ndcg=[0.02728, 0.02962, 0.03882, 0.04989], Train Rec Loss=[0.03243], Eval Rec Loss=[0.03241], c=[1.00000], F=[0.78533, 0.91351, 0.94267, 0.96224], F_fuse=[0.01512, 0.00906, 0.00825, 0.00556]
[ INFO : 2026-06-14 16:13:26,802 ] - Epoch 115: train==[58.64175 = 0.87845 + 0.95913 + 3.91695 + 0.01068 + 0.00000 + 0.06760 + 884.94450]
[ INFO : 2026-06-14 16:13:34,327 ] - Test_@[5, 10, 20, 50]: Recall=[0.03817, 0.04780, 0.07896, 0.14127],  precision=[0.00763, 0.00478, 0.00395, 0.00283], hit=[0.03817, 0.04780, 0.07896, 0.14127], ndcg=[0.02425, 0.02732, 0.03481, 0.04715], Train Rec Loss=[0.03243], Eval Rec Loss=[0.03239], c=[1.00000], F=[0.78476, 0.92859, 0.94317, 0.96367], F_fuse=[0.01512, 0.00951, 0.00786, 0.00563]
[ INFO : 2026-06-14 16:14:39,285 ] - Epoch 116: train==[58.66218 = 0.87498 + 0.95913 + 3.94269 + 0.01061 + 0.00000 + 0.06584 + 884.94450]
[ INFO : 2026-06-14 16:14:46,787 ] - Test_@[5, 10, 20, 50]: Recall=[0.03703, 0.04927, 0.08369, 0.14502],  precision=[0.00741, 0.00493, 0.00418, 0.00290], hit=[0.03703, 0.04927, 0.08369, 0.14502], ndcg=[0.02822, 0.03215, 0.04086, 0.05287], Train Rec Loss=[0.03242], Eval Rec Loss=[0.03240], c=[1.00000], F=[0.78356, 0.90814, 0.94276, 0.96349], F_fuse=[0.01467, 0.00980, 0.00833, 0.00578]
[ INFO : 2026-06-14 16:15:51,547 ] - Epoch 117: train==[58.60108 = 0.87221 + 0.95913 + 3.88683 + 0.01068 + 0.00000 + 0.06330 + 884.94450]
[ INFO : 2026-06-14 16:15:59,090 ] - Test_@[5, 10, 20, 50]: Recall=[0.03670, 0.04747, 0.08157, 0.14568],  precision=[0.00734, 0.00475, 0.00408, 0.00291], hit=[0.03670, 0.04747, 0.08157, 0.14568], ndcg=[0.02538, 0.02884, 0.03729, 0.04995], Train Rec Loss=[0.03243], Eval Rec Loss=[0.03241], c=[1.00000], F=[0.78507, 0.88959, 0.94246, 0.96395], F_fuse=[0.01455, 0.00944, 0.00812, 0.00581]
[ INFO : 2026-06-14 16:17:04,027 ] - Epoch 118: train==[58.64946 = 0.86956 + 0.95913 + 3.93977 + 0.01072 + 0.00000 + 0.06135 + 884.94450]
[ INFO : 2026-06-14 16:17:11,556 ] - Test_@[5, 10, 20, 50]: Recall=[0.03589, 0.04747, 0.08532, 0.14763],  precision=[0.00718, 0.00475, 0.00427, 0.00295], hit=[0.03589, 0.04747, 0.08532, 0.14763], ndcg=[0.02699, 0.03078, 0.04020, 0.05239], Train Rec Loss=[0.03241], Eval Rec Loss=[0.03238], c=[1.00000], F=[0.86004, 0.89128, 0.94065, 0.96194], F_fuse=[0.01424, 0.00944, 0.00849, 0.00589]
[ INFO : 2026-06-14 16:18:16,860 ] - Epoch 119: train==[58.59254 = 0.86340 + 0.95913 + 3.89066 + 0.01072 + 0.00000 + 0.05970 + 884.94450]
[ INFO : 2026-06-14 16:18:24,367 ] - Test_@[5, 10, 20, 50]: Recall=[0.02969, 0.04829, 0.08352, 0.14062],  precision=[0.00594, 0.00483, 0.00418, 0.00281], hit=[0.02969, 0.04829, 0.08352, 0.14062], ndcg=[0.01945, 0.02557, 0.03419, 0.04543], Train Rec Loss=[0.03240], Eval Rec Loss=[0.03238], c=[1.00000], F=[0.89654, 0.88804, 0.94078, 0.96311], F_fuse=[0.01180, 0.00961, 0.00832, 0.00561]
[ INFO : 2026-06-14 16:19:29,158 ] - Epoch 120: train==[58.49458 = 0.86377 + 0.95913 + 3.79438 + 0.01068 + 0.00000 + 0.05769 + 884.94450]
[ INFO : 2026-06-14 16:19:36,674 ] - Test_@[5, 10, 20, 50]: Recall=[0.03622, 0.05057, 0.08467, 0.14568],  precision=[0.00724, 0.00506, 0.00423, 0.00291], hit=[0.03622, 0.05057, 0.08467, 0.14568], ndcg=[0.01726, 0.02180, 0.03039, 0.04236], Train Rec Loss=[0.03240], Eval Rec Loss=[0.03238], c=[1.00000], F=[0.77675, 0.88541, 0.94235, 0.96342], F_fuse=[0.01435, 0.01006, 0.00843, 0.00581]
[ INFO : 2026-06-14 16:20:41,451 ] - Epoch 121: train==[58.46144 = 0.85499 + 0.95913 + 3.77250 + 0.01068 + 0.00000 + 0.05520 + 884.94450]
[ INFO : 2026-06-14 16:20:48,965 ] - Test_@[5, 10, 20, 50]: Recall=[0.03687, 0.04649, 0.08418, 0.14600],  precision=[0.00737, 0.00465, 0.00421, 0.00292], hit=[0.03687, 0.04649, 0.08418, 0.14600], ndcg=[0.01945, 0.02254, 0.03184, 0.04400], Train Rec Loss=[0.03239], Eval Rec Loss=[0.03238], c=[1.00000], F=[0.78072, 0.91027, 0.94186, 0.96201], F_fuse=[0.01461, 0.00925, 0.00838, 0.00582]
[ INFO : 2026-06-14 16:21:54,020 ] - Epoch 122: train==[58.46947 = 0.85469 + 0.95913 + 3.78332 + 0.01075 + 0.00000 + 0.05264 + 884.94450]
[ INFO : 2026-06-14 16:22:01,534 ] - Test_@[5, 10, 20, 50]: Recall=[0.03622, 0.04878, 0.08401, 0.14535],  precision=[0.00724, 0.00488, 0.00420, 0.00291], hit=[0.03622, 0.04878, 0.08401, 0.14535], ndcg=[0.02232, 0.02629, 0.03500, 0.04707], Train Rec Loss=[0.03239], Eval Rec Loss=[0.03235], c=[1.00000], F=[0.78184, 0.90829, 0.94019, 0.96223], F_fuse=[0.01435, 0.00970, 0.00836, 0.00580]
[ INFO : 2026-06-14 16:23:06,519 ] - Epoch 123: train==[58.46221 = 0.84887 + 0.95913 + 3.78293 + 0.01076 + 0.00000 + 0.05159 + 884.94450]
[ INFO : 2026-06-14 16:23:14,014 ] - Test_@[5, 10, 20, 50]: Recall=[0.03817, 0.05057, 0.08662, 0.15285],  precision=[0.00763, 0.00506, 0.00433, 0.00306], hit=[0.03817, 0.05057, 0.08662, 0.15285], ndcg=[0.02559, 0.02964, 0.03841, 0.05143], Train Rec Loss=[0.03237], Eval Rec Loss=[0.03236], c=[1.00000], F=[0.77880, 0.91996, 0.94213, 0.96265], F_fuse=[0.01512, 0.01006, 0.00862, 0.00609]
[ INFO : 2026-06-14 16:24:17,916 ] - Epoch 124: train==[58.33031 = 0.84818 + 0.95913 + 3.65397 + 0.01075 + 0.00000 + 0.04935 + 884.94450]
[ INFO : 2026-06-14 16:24:25,383 ] - Test_@[5, 10, 20, 50]: Recall=[0.03736, 0.04649, 0.08483, 0.14812],  precision=[0.00747, 0.00465, 0.00424, 0.00296], hit=[0.03736, 0.04649, 0.08483, 0.14812], ndcg=[0.01892, 0.02186, 0.03131, 0.04376], Train Rec Loss=[0.03237], Eval Rec Loss=[0.03235], c=[1.00000], F=[0.78956, 0.90397, 0.93976, 0.96199], F_fuse=[0.01480, 0.00925, 0.00844, 0.00591]
[ INFO : 2026-06-14 16:25:29,164 ] - Epoch 125: train==[58.34963 = 0.84136 + 0.95913 + 3.68129 + 0.01079 + 0.00000 + 0.04813 + 884.94450]
[ INFO : 2026-06-14 16:25:36,661 ] - Test_@[5, 10, 20, 50]: Recall=[0.03687, 0.04829, 0.08336, 0.14388],  precision=[0.00737, 0.00483, 0.00417, 0.00288], hit=[0.03687, 0.04829, 0.08336, 0.14388], ndcg=[0.02375, 0.02736, 0.03615, 0.04808], Train Rec Loss=[0.03237], Eval Rec Loss=[0.03235], c=[1.00000], F=[0.79295, 0.91340, 0.94248, 0.96260], F_fuse=[0.01461, 0.00961, 0.00830, 0.00574]
[ INFO : 2026-06-14 16:26:41,284 ] - Epoch 126: train==[58.28555 = 0.83730 + 0.95913 + 3.62262 + 0.01071 + 0.00000 + 0.04686 + 884.94450]
[ INFO : 2026-06-14 16:26:48,760 ] - Test_@[5, 10, 20, 50]: Recall=[0.03540, 0.04698, 0.08206, 0.14274],  precision=[0.00708, 0.00470, 0.00410, 0.00285], hit=[0.03540, 0.04698, 0.08206, 0.14274], ndcg=[0.02087, 0.02456, 0.03320, 0.04521], Train Rec Loss=[0.03238], Eval Rec Loss=[0.03234], c=[1.00000], F=[0.78614, 0.90754, 0.94265, 0.96098], F_fuse=[0.01403, 0.00935, 0.00817, 0.00569]
[ INFO : 2026-06-14 16:27:53,501 ] - Epoch 127: train==[58.37324 = 0.83508 + 0.95913 + 3.71388 + 0.01067 + 0.00000 + 0.04555 + 884.94450]
[ INFO : 2026-06-14 16:28:01,012 ] - Test_@[5, 10, 20, 50]: Recall=[0.03654, 0.04845, 0.08662, 0.14927],  precision=[0.00731, 0.00485, 0.00433, 0.00299], hit=[0.03654, 0.04845, 0.08662, 0.14927], ndcg=[0.02337, 0.02729, 0.03668, 0.04899], Train Rec Loss=[0.03237], Eval Rec Loss=[0.03233], c=[1.00000], F=[0.78487, 0.91585, 0.94057, 0.96112], F_fuse=[0.01448, 0.00964, 0.00862, 0.00595]
[ INFO : 2026-06-14 16:29:05,839 ] - Epoch 128: train==[58.29073 = 0.83052 + 0.95913 + 3.63823 + 0.01068 + 0.00000 + 0.04323 + 884.94450]
[ INFO : 2026-06-14 16:29:13,331 ] - Test_@[5, 10, 20, 50]: Recall=[0.03752, 0.04600, 0.08695, 0.14845],  precision=[0.00750, 0.00460, 0.00435, 0.00297], hit=[0.03752, 0.04600, 0.08695, 0.14845], ndcg=[0.02724, 0.02994, 0.04007, 0.05211], Train Rec Loss=[0.03236], Eval Rec Loss=[0.03234], c=[1.00000], F=[0.78778, 0.91806, 0.94096, 0.96070], F_fuse=[0.01487, 0.00915, 0.00865, 0.00592]
[ INFO : 2026-06-14 16:30:18,063 ] - Epoch 129: train==[58.24893 = 0.83055 + 0.95913 + 3.59843 + 0.01066 + 0.00000 + 0.04123 + 884.94450]
[ INFO : 2026-06-14 16:30:25,589 ] - Test_@[5, 10, 20, 50]: Recall=[0.03589, 0.04878, 0.08613, 0.15090],  precision=[0.00718, 0.00488, 0.00431, 0.00302], hit=[0.03589, 0.04878, 0.08613, 0.15090], ndcg=[0.02737, 0.03152, 0.04056, 0.05328], Train Rec Loss=[0.03236], Eval Rec Loss=[0.03233], c=[1.00000], F=[0.78170, 0.91974, 0.94028, 0.96054], F_fuse=[0.01423, 0.00970, 0.00857, 0.00602]
[ INFO : 2026-06-14 16:31:30,102 ] - Epoch 130: train==[58.19099 = 0.82383 + 0.95913 + 3.54881 + 0.01072 + 0.00000 + 0.03957 + 884.94450]
[ INFO : 2026-06-14 16:31:37,612 ] - Test_@[5, 10, 20, 50]: Recall=[0.03703, 0.04715, 0.08646, 0.14910],  precision=[0.00741, 0.00471, 0.00432, 0.00298], hit=[0.03703, 0.04715, 0.08646, 0.14910], ndcg=[0.02390, 0.02716, 0.03686, 0.04913], Train Rec Loss=[0.03236], Eval Rec Loss=[0.03233], c=[1.00000], F=[0.79035, 0.90046, 0.93902, 0.95920], F_fuse=[0.01467, 0.00938, 0.00861, 0.00595]
[ INFO : 2026-06-14 16:32:42,776 ] - Epoch 131: train==[58.23024 = 0.82174 + 0.95913 + 3.59261 + 0.01066 + 0.00000 + 0.03716 + 884.94450]
[ INFO : 2026-06-14 16:32:50,286 ] - Test_@[5, 10, 20, 50]: Recall=[0.03883, 0.04551, 0.08499, 0.15432],  precision=[0.00777, 0.00455, 0.00425, 0.00309], hit=[0.03883, 0.04551, 0.08499, 0.15432], ndcg=[0.02748, 0.02959, 0.03924, 0.05291], Train Rec Loss=[0.03235], Eval Rec Loss=[0.03233], c=[1.00000], F=[0.78980, 0.92531, 0.94022, 0.95946], F_fuse=[0.01538, 0.00906, 0.00846, 0.00615]
[ INFO : 2026-06-14 16:33:55,521 ] - Epoch 132: train==[58.13099 = 0.81833 + 0.95913 + 3.49672 + 0.01077 + 0.00000 + 0.03712 + 884.94450]
[ INFO : 2026-06-14 16:34:03,029 ] - Test_@[5, 10, 20, 50]: Recall=[0.03670, 0.05889, 0.08744, 0.15334],  precision=[0.00734, 0.00589, 0.00437, 0.00307], hit=[0.03670, 0.05889, 0.08744, 0.15334], ndcg=[0.02238, 0.02961, 0.03672, 0.04964], Train Rec Loss=[0.03235], Eval Rec Loss=[0.03233], c=[1.00000], F=[0.78004, 0.87700, 0.93760, 0.95856], F_fuse=[0.01455, 0.01170, 0.00870, 0.00611]
[ INFO : 2026-06-14 16:35:08,143 ] - Epoch 133: train==[58.04374 = 0.81622 + 0.95914 + 3.41278 + 0.01071 + 0.00000 + 0.03597 + 884.94450]
[ INFO : 2026-06-14 16:35:15,664 ] - Test_@[5, 10, 20, 50]: Recall=[0.03295, 0.04633, 0.08352, 0.14747],  precision=[0.00659, 0.00463, 0.00418, 0.00295], hit=[0.03295, 0.04633, 0.08352, 0.14747], ndcg=[0.01848, 0.02285, 0.03196, 0.04458], Train Rec Loss=[0.03233], Eval Rec Loss=[0.03232], c=[1.00000], F=[0.82050, 0.90071, 0.93740, 0.95850], F_fuse=[0.01308, 0.00922, 0.00832, 0.00588]
[ INFO : 2026-06-14 16:36:20,446 ] - Epoch 134: train==[58.06248 = 0.81798 + 0.95914 + 3.43068 + 0.01075 + 0.00000 + 0.03500 + 884.94450]
[ INFO : 2026-06-14 16:36:27,958 ] - Test_@[5, 10, 20, 50]: Recall=[0.03719, 0.04829, 0.08809, 0.15269],  precision=[0.00744, 0.00483, 0.00440, 0.00305], hit=[0.03719, 0.04829, 0.08809, 0.15269], ndcg=[0.02076, 0.02423, 0.03435, 0.04703], Train Rec Loss=[0.03235], Eval Rec Loss=[0.03230], c=[1.00000], F=[0.82052, 0.89531, 0.93873, 0.95871], F_fuse=[0.01474, 0.00961, 0.00877, 0.00609]
[ INFO : 2026-06-14 16:37:32,967 ] - Epoch 135: train==[58.01386 = 0.81207 + 0.95913 + 3.38925 + 0.01076 + 0.00000 + 0.03371 + 884.94450]
[ INFO : 2026-06-14 16:37:40,498 ] - Test_@[5, 10, 20, 50]: Recall=[0.03785, 0.05106, 0.08777, 0.15432],  precision=[0.00757, 0.00511, 0.00439, 0.00309], hit=[0.03785, 0.05106, 0.08777, 0.15432], ndcg=[0.02400, 0.02817, 0.03749, 0.05055], Train Rec Loss=[0.03233], Eval Rec Loss=[0.03231], c=[1.00000], F=[0.79045, 0.89896, 0.93890, 0.95801], F_fuse=[0.01500, 0.01015, 0.00874, 0.00615]
[ INFO : 2026-06-14 16:38:45,177 ] - Epoch 136: train==[57.97443 = 0.80635 + 0.95913 + 3.35663 + 0.01086 + 0.00000 + 0.03253 + 884.94450]
[ INFO : 2026-06-14 16:38:52,659 ] - Test_@[5, 10, 20, 50]: Recall=[0.03768, 0.04633, 0.08891, 0.15546],  precision=[0.00754, 0.00463, 0.00445, 0.00311], hit=[0.03768, 0.04633, 0.08891, 0.15546], ndcg=[0.02632, 0.02902, 0.03966, 0.05269], Train Rec Loss=[0.03232], Eval Rec Loss=[0.03231], c=[1.00000], F=[0.78705, 0.91224, 0.93974, 0.95827], F_fuse=[0.01493, 0.00922, 0.00885, 0.00620]
[ INFO : 2026-06-14 16:39:57,773 ] - Epoch 137: train==[57.94191 = 0.80284 + 0.95913 + 3.32778 + 0.01090 + 0.00000 + 0.03232 + 884.94450]
[ INFO : 2026-06-14 16:40:05,284 ] - Test_@[5, 10, 20, 50]: Recall=[0.03507, 0.04845, 0.08515, 0.15057],  precision=[0.00701, 0.00485, 0.00426, 0.00301], hit=[0.03507, 0.04845, 0.08515, 0.15057], ndcg=[0.02276, 0.02699, 0.03626, 0.04911], Train Rec Loss=[0.03233], Eval Rec Loss=[0.03229], c=[1.00000], F=[0.78815, 0.87937, 0.93710, 0.95772], F_fuse=[0.01391, 0.00964, 0.00848, 0.00600]
[ INFO : 2026-06-14 16:41:10,118 ] - Epoch 138: train==[57.92153 = 0.79867 + 0.95914 + 3.31265 + 0.01094 + 0.00000 + 0.03121 + 884.94450]
[ INFO : 2026-06-14 16:41:17,647 ] - Test_@[5, 10, 20, 50]: Recall=[0.03524, 0.05726, 0.08858, 0.15449],  precision=[0.00705, 0.00573, 0.00443, 0.00309], hit=[0.03524, 0.05726, 0.08858, 0.15449], ndcg=[0.01905, 0.02603, 0.03387, 0.04679], Train Rec Loss=[0.03233], Eval Rec Loss=[0.03230], c=[1.00000], F=[0.84992, 0.91948, 0.93865, 0.95804], F_fuse=[0.01398, 0.01138, 0.00882, 0.00616]
[ INFO : 2026-06-14 16:42:22,514 ] - Epoch 139: train==[57.96609 = 0.79896 + 0.95913 + 3.35805 + 0.01089 + 0.00000 + 0.03013 + 884.94450]
[ INFO : 2026-06-14 16:42:30,043 ] - Test_@[5, 10, 20, 50]: Recall=[0.03426, 0.04649, 0.08646, 0.15024],  precision=[0.00685, 0.00465, 0.00432, 0.00300], hit=[0.03426, 0.04649, 0.08646, 0.15024], ndcg=[0.02026, 0.02417, 0.03396, 0.04650], Train Rec Loss=[0.03233], Eval Rec Loss=[0.03228], c=[1.00000], F=[0.79895, 0.91449, 0.93685, 0.95745], F_fuse=[0.01359, 0.00925, 0.00861, 0.00599]
[ INFO : 2026-06-14 16:43:34,761 ] - Epoch 140: train==[57.92066 = 0.79481 + 0.95914 + 3.31780 + 0.01091 + 0.00000 + 0.02906 + 884.94450]
[ INFO : 2026-06-14 16:43:42,237 ] - Test_@[5, 10, 20, 50]: Recall=[0.03768, 0.04519, 0.08940, 0.15628],  precision=[0.00754, 0.00452, 0.00447, 0.00313], hit=[0.03768, 0.04519, 0.08940, 0.15628], ndcg=[0.02903, 0.03141, 0.04232, 0.05545], Train Rec Loss=[0.03232], Eval Rec Loss=[0.03228], c=[1.00000], F=[0.79119, 0.91193, 0.93673, 0.95839], F_fuse=[0.01493, 0.00899, 0.00890, 0.00623]
[ INFO : 2026-06-14 16:44:47,295 ] - Epoch 141: train==[57.91247 = 0.78874 + 0.95913 + 3.31641 + 0.01093 + 0.00000 + 0.02832 + 884.94450]
[ INFO : 2026-06-14 16:44:54,885 ] - Test_@[5, 10, 20, 50]: Recall=[0.03703, 0.04519, 0.08907, 0.15595],  precision=[0.00741, 0.00452, 0.00445, 0.00312], hit=[0.03703, 0.04519, 0.08907, 0.15595], ndcg=[0.02838, 0.03099, 0.04181, 0.05500], Train Rec Loss=[0.03232], Eval Rec Loss=[0.03227], c=[1.00000], F=[0.79097, 0.88681, 0.93918, 0.95820], F_fuse=[0.01467, 0.00899, 0.00886, 0.00622]
[ INFO : 2026-06-14 16:45:59,517 ] - Epoch 142: train==[57.86738 = 0.78757 + 0.95913 + 3.27305 + 0.01086 + 0.00000 + 0.02784 + 884.94450]
[ INFO : 2026-06-14 16:46:06,994 ] - Test_@[5, 10, 20, 50]: Recall=[0.03719, 0.04470, 0.08842, 0.15579],  precision=[0.00744, 0.00447, 0.00442, 0.00312], hit=[0.03719, 0.04470, 0.08842, 0.15579], ndcg=[0.02957, 0.03199, 0.04284, 0.05616], Train Rec Loss=[0.03230], Eval Rec Loss=[0.03228], c=[1.00000], F=[0.78936, 0.90485, 0.93815, 0.95918], F_fuse=[0.01474, 0.00890, 0.00880, 0.00621]
[ INFO : 2026-06-14 16:47:11,495 ] - Epoch 143: train==[57.78623 = 0.78370 + 0.95913 + 3.19669 + 0.01091 + 0.00000 + 0.02687 + 884.94450]
[ INFO : 2026-06-14 16:47:18,977 ] - Test_@[5, 10, 20, 50]: Recall=[0.03883, 0.04584, 0.08923, 0.15726],  precision=[0.00777, 0.00458, 0.00446, 0.00315], hit=[0.03883, 0.04584, 0.08923, 0.15726], ndcg=[0.02637, 0.02854, 0.03914, 0.05248], Train Rec Loss=[0.03230], Eval Rec Loss=[0.03227], c=[1.00000], F=[0.79159, 0.89147, 0.93695, 0.95662], F_fuse=[0.01538, 0.00912, 0.00888, 0.00627]
[ INFO : 2026-06-14 16:48:23,331 ] - Epoch 144: train==[57.79906 = 0.78458 + 0.95913 + 3.20971 + 0.01100 + 0.00000 + 0.02571 + 884.94450]
[ INFO : 2026-06-14 16:48:30,896 ] - Test_@[5, 10, 20, 50]: Recall=[0.03507, 0.04649, 0.08630, 0.15400],  precision=[0.00701, 0.00465, 0.00431, 0.00308], hit=[0.03507, 0.04649, 0.08630, 0.15400], ndcg=[0.02354, 0.02716, 0.03697, 0.05036], Train Rec Loss=[0.03230], Eval Rec Loss=[0.03226], c=[1.00000], F=[0.79180, 0.89293, 0.93798, 0.95809], F_fuse=[0.01391, 0.00925, 0.00859, 0.00614]
[ INFO : 2026-06-14 16:49:36,175 ] - Epoch 145: train==[57.79616 = 0.77974 + 0.95913 + 3.21154 + 0.01096 + 0.00000 + 0.02586 + 884.94450]
[ INFO : 2026-06-14 16:49:43,656 ] - Test_@[5, 10, 20, 50]: Recall=[0.03507, 0.04747, 0.08662, 0.15122],  precision=[0.00701, 0.00475, 0.00433, 0.00302], hit=[0.03507, 0.04747, 0.08662, 0.15122], ndcg=[0.02229, 0.02627, 0.03620, 0.04894], Train Rec Loss=[0.03230], Eval Rec Loss=[0.03227], c=[1.00000], F=[0.79804, 0.89567, 0.93866, 0.95916], F_fuse=[0.01391, 0.00944, 0.00862, 0.00603]
[ INFO : 2026-06-14 16:50:47,567 ] - Epoch 146: train==[57.79271 = 0.77384 + 0.95913 + 3.21406 + 0.01094 + 0.00000 + 0.02581 + 884.94450]
[ INFO : 2026-06-14 16:50:55,044 ] - Test_@[5, 10, 20, 50]: Recall=[0.03475, 0.05204, 0.08695, 0.15383],  precision=[0.00695, 0.00520, 0.00435, 0.00308], hit=[0.03475, 0.05204, 0.08695, 0.15383], ndcg=[0.02099, 0.02654, 0.03541, 0.04861], Train Rec Loss=[0.03228], Eval Rec Loss=[0.03226], c=[1.00000], F=[0.78601, 0.88167, 0.93464, 0.95631], F_fuse=[0.01378, 0.01035, 0.00865, 0.00613]
[ INFO : 2026-06-14 16:51:59,512 ] - Epoch 147: train==[57.71531 = 0.77203 + 0.95913 + 3.14000 + 0.01095 + 0.00000 + 0.02428 + 884.94450]
[ INFO : 2026-06-14 16:52:07,011 ] - Test_@[5, 10, 20, 50]: Recall=[0.03197, 0.05057, 0.08662, 0.15302],  precision=[0.00639, 0.00506, 0.00433, 0.00306], hit=[0.03197, 0.05057, 0.08662, 0.15302], ndcg=[0.02355, 0.02961, 0.03842, 0.05156], Train Rec Loss=[0.03230], Eval Rec Loss=[0.03224], c=[1.00000], F=[0.85573, 0.89432, 0.93705, 0.95776], F_fuse=[0.01269, 0.01006, 0.00862, 0.00610]
[ INFO : 2026-06-14 16:53:11,880 ] - Epoch 148: train==[57.72437 = 0.76818 + 0.95913 + 3.15302 + 0.01088 + 0.00000 + 0.02421 + 884.94450]
[ INFO : 2026-06-14 16:53:19,400 ] - Test_@[5, 10, 20, 50]: Recall=[0.03181, 0.05155, 0.09054, 0.15856],  precision=[0.00636, 0.00515, 0.00453, 0.00317], hit=[0.03181, 0.05155, 0.09054, 0.15856], ndcg=[0.01650, 0.02300, 0.03289, 0.04628], Train Rec Loss=[0.03227], Eval Rec Loss=[0.03225], c=[1.00000], F=[0.84685, 0.89066, 0.93619, 0.95742], F_fuse=[0.01263, 0.01025, 0.00901, 0.00632]
[ INFO : 2026-06-14 16:54:24,705 ] - Epoch 149: train==[57.72611 = 0.76567 + 0.95913 + 3.15839 + 0.01091 + 0.00000 + 0.02307 + 884.94450]
[ INFO : 2026-06-14 16:54:32,213 ] - Test_@[5, 10, 20, 50]: Recall=[0.03458, 0.04943, 0.08874, 0.15759],  precision=[0.00692, 0.00494, 0.00444, 0.00315], hit=[0.03458, 0.04943, 0.08874, 0.15759], ndcg=[0.02508, 0.02981, 0.03956, 0.05313], Train Rec Loss=[0.03228], Eval Rec Loss=[0.03225], c=[1.00000], F=[0.79367, 0.88131, 0.93529, 0.95677], F_fuse=[0.01371, 0.00983, 0.00883, 0.00628]
[ INFO : 2026-06-14 16:55:37,448 ] - Epoch 150: train==[57.64281 = 0.76547 + 0.95913 + 3.07602 + 0.01102 + 0.00000 + 0.02223 + 884.94450]
[ INFO : 2026-06-14 16:55:44,973 ] - Test_@[5, 10, 20, 50]: Recall=[0.03687, 0.04731, 0.08825, 0.15595],  precision=[0.00737, 0.00473, 0.00441, 0.00312], hit=[0.03687, 0.04731, 0.08825, 0.15595], ndcg=[0.01990, 0.02322, 0.03321, 0.04656], Train Rec Loss=[0.03228], Eval Rec Loss=[0.03225], c=[1.00000], F=[0.79163, 0.88605, 0.93791, 0.95701], F_fuse=[0.01461, 0.00941, 0.00878, 0.00622]
[ INFO : 2026-06-14 16:56:50,727 ] - Epoch 151: train==[57.58832 = 0.76428 + 0.95914 + 3.02354 + 0.01103 + 0.00000 + 0.02141 + 884.94450]
[ INFO : 2026-06-14 16:56:58,276 ] - Test_@[5, 10, 20, 50]: Recall=[0.03279, 0.04845, 0.08564, 0.15334],  precision=[0.00656, 0.00485, 0.00428, 0.00307], hit=[0.03279, 0.04845, 0.08564, 0.15334], ndcg=[0.02041, 0.02539, 0.03470, 0.04812], Train Rec Loss=[0.03227], Eval Rec Loss=[0.03225], c=[1.00000], F=[0.81010, 0.91190, 0.93536, 0.95670], F_fuse=[0.01301, 0.00964, 0.00853, 0.00611]
[ INFO : 2026-06-14 16:58:03,638 ] - Epoch 152: train==[57.59880 = 0.75650 + 0.95913 + 3.04229 + 0.01109 + 0.00000 + 0.02085 + 884.94450]
[ INFO : 2026-06-14 16:58:11,165 ] - Test_@[5, 10, 20, 50]: Recall=[0.03687, 0.04747, 0.08874, 0.15905],  precision=[0.00737, 0.00475, 0.00444, 0.00318], hit=[0.03687, 0.04747, 0.08874, 0.15905], ndcg=[0.02431, 0.02770, 0.03784, 0.05176], Train Rec Loss=[0.03227], Eval Rec Loss=[0.03226], c=[1.00000], F=[0.79588, 0.89186, 0.93693, 0.95789], F_fuse=[0.01461, 0.00944, 0.00883, 0.00634]
[ INFO : 2026-06-14 16:59:15,878 ] - Epoch 153: train==[57.61348 = 0.75680 + 0.95914 + 3.05750 + 0.01110 + 0.00000 + 0.02001 + 884.94450]
[ INFO : 2026-06-14 16:59:23,385 ] - Test_@[5, 10, 20, 50]: Recall=[0.02904, 0.05204, 0.08515, 0.15334],  precision=[0.00581, 0.00520, 0.00426, 0.00307], hit=[0.02904, 0.05204, 0.08515, 0.15334], ndcg=[0.01479, 0.02210, 0.03049, 0.04395], Train Rec Loss=[0.03228], Eval Rec Loss=[0.03225], c=[1.00000], F=[0.87302, 0.90099, 0.93710, 0.95505], F_fuse=[0.01154, 0.01035, 0.00848, 0.00611]
[ INFO : 2026-06-14 17:00:28,271 ] - Epoch 154: train==[57.54437 = 0.75348 + 0.95913 + 2.99132 + 0.01117 + 0.00000 + 0.02033 + 884.94450]
[ INFO : 2026-06-14 17:00:35,831 ] - Test_@[5, 10, 20, 50]: Recall=[0.03622, 0.05400, 0.08891, 0.15726],  precision=[0.00724, 0.00540, 0.00445, 0.00315], hit=[0.03622, 0.05400, 0.08891, 0.15726], ndcg=[0.02781, 0.03332, 0.04218, 0.05572], Train Rec Loss=[0.03227], Eval Rec Loss=[0.03224], c=[1.00000], F=[0.86976, 0.90297, 0.93490, 0.95554], F_fuse=[0.01437, 0.01074, 0.00885, 0.00627]
[ INFO : 2026-06-14 17:01:40,549 ] - Epoch 155: train==[57.53310 = 0.74960 + 0.95914 + 2.98553 + 0.01114 + 0.00000 + 0.01877 + 884.94450]
[ INFO : 2026-06-14 17:01:48,079 ] - Test_@[5, 10, 20, 50]: Recall=[0.03589, 0.04992, 0.09005, 0.16069],  precision=[0.00718, 0.00499, 0.00450, 0.00321], hit=[0.03589, 0.04992, 0.09005, 0.16069], ndcg=[0.02172, 0.02627, 0.03610, 0.05004], Train Rec Loss=[0.03226], Eval Rec Loss=[0.03223], c=[1.00000], F=[0.82109, 0.90122, 0.93860, 0.95537], F_fuse=[0.01423, 0.00993, 0.00896, 0.00641]
[ INFO : 2026-06-14 17:02:53,134 ] - Epoch 156: train==[57.51082 = 0.74702 + 0.95914 + 2.96617 + 0.01117 + 0.00000 + 0.01839 + 884.94450]
[ INFO : 2026-06-14 17:03:00,664 ] - Test_@[5, 10, 20, 50]: Recall=[0.03361, 0.06069, 0.08956, 0.15595],  precision=[0.00672, 0.00607, 0.00448, 0.00312], hit=[0.03361, 0.06069, 0.08956, 0.15595], ndcg=[0.02095, 0.02941, 0.03661, 0.04971], Train Rec Loss=[0.03226], Eval Rec Loss=[0.03222], c=[1.00000], F=[0.85073, 0.89807, 0.93587, 0.95608], F_fuse=[0.01334, 0.01206, 0.00891, 0.00622]
[ INFO : 2026-06-14 17:04:05,760 ] - Epoch 157: train==[57.48609 = 0.74330 + 0.95914 + 2.94506 + 0.01127 + 0.00000 + 0.01840 + 884.94450]
[ INFO : 2026-06-14 17:04:13,287 ] - Test_@[5, 10, 20, 50]: Recall=[0.03426, 0.04731, 0.08646, 0.15237],  precision=[0.00685, 0.00473, 0.00432, 0.00305], hit=[0.03426, 0.04731, 0.08646, 0.15237], ndcg=[0.02193, 0.02612, 0.03588, 0.04894], Train Rec Loss=[0.03226], Eval Rec Loss=[0.03223], c=[1.00000], F=[0.81462, 0.90220, 0.93439, 0.95633], F_fuse=[0.01359, 0.00941, 0.00861, 0.00608]
[ INFO : 2026-06-14 17:05:18,157 ] - Epoch 158: train==[57.54810 = 0.74109 + 0.95913 + 3.01146 + 0.01120 + 0.00000 + 0.01629 + 884.94450]
[ INFO : 2026-06-14 17:05:25,687 ] - Test_@[5, 10, 20, 50]: Recall=[0.03556, 0.04796, 0.09070, 0.16069],  precision=[0.00711, 0.00480, 0.00454, 0.00321], hit=[0.03556, 0.04796, 0.09070, 0.16069], ndcg=[0.02163, 0.02555, 0.03636, 0.05023], Train Rec Loss=[0.03225], Eval Rec Loss=[0.03222], c=[1.00000], F=[0.80479, 0.91008, 0.93551, 0.95622], F_fuse=[0.01410, 0.00954, 0.00903, 0.00641]
[ INFO : 2026-06-14 17:06:30,913 ] - Epoch 159: train==[57.42154 = 0.74382 + 0.95913 + 2.88225 + 0.01124 + 0.00000 + 0.01617 + 884.94450]
[ INFO : 2026-06-14 17:06:38,389 ] - Test_@[5, 10, 20, 50]: Recall=[0.03573, 0.05416, 0.08923, 0.16020],  precision=[0.00715, 0.00542, 0.00446, 0.00320], hit=[0.03573, 0.05416, 0.08923, 0.16020], ndcg=[0.02142, 0.02722, 0.03599, 0.05004], Train Rec Loss=[0.03226], Eval Rec Loss=[0.03222], c=[1.00000], F=[0.80736, 0.89399, 0.93711, 0.95667], F_fuse=[0.01417, 0.01077, 0.00888, 0.00639]
[ INFO : 2026-06-14 17:07:43,186 ] - Epoch 160: train==[57.48320 = 0.74754 + 0.95914 + 2.94102 + 0.01123 + 0.00000 + 0.01535 + 884.94450]
[ INFO : 2026-06-14 17:07:50,694 ] - Test_@[5, 10, 20, 50]: Recall=[0.03475, 0.04568, 0.09054, 0.16036],  precision=[0.00695, 0.00457, 0.00453, 0.00321], hit=[0.03475, 0.04568, 0.09054, 0.16036], ndcg=[0.02193, 0.02545, 0.03668, 0.05051], Train Rec Loss=[0.03225], Eval Rec Loss=[0.03221], c=[1.00000], F=[0.80604, 0.89792, 0.93727, 0.95718], F_fuse=[0.01378, 0.00909, 0.00901, 0.00639]
[ INFO : 2026-06-14 17:08:55,887 ] - Epoch 161: train==[57.44659 = 0.73707 + 0.95914 + 2.91552 + 0.01118 + 0.00000 + 0.01476 + 884.94450]
[ INFO : 2026-06-14 17:09:03,401 ] - Test_@[5, 10, 20, 50]: Recall=[0.02904, 0.04568, 0.08907, 0.15873],  precision=[0.00581, 0.00457, 0.00445, 0.00317], hit=[0.02904, 0.04568, 0.08907, 0.15873], ndcg=[0.02396, 0.02942, 0.04026, 0.05404], Train Rec Loss=[0.03224], Eval Rec Loss=[0.03222], c=[1.00000], F=[0.86785, 0.90305, 0.93292, 0.95511], F_fuse=[0.01154, 0.00909, 0.00886, 0.00633]
[ INFO : 2026-06-14 17:10:08,614 ] - Epoch 162: train==[57.41369 = 0.73150 + 0.95913 + 2.88931 + 0.01113 + 0.00000 + 0.01369 + 884.94450]
[ INFO : 2026-06-14 17:10:16,146 ] - Test_@[5, 10, 20, 50]: Recall=[0.03687, 0.04617, 0.08956, 0.16215],  precision=[0.00737, 0.00462, 0.00448, 0.00324], hit=[0.03687, 0.04617, 0.08956, 0.16215], ndcg=[0.02295, 0.02594, 0.03652, 0.05099], Train Rec Loss=[0.03225], Eval Rec Loss=[0.03221], c=[1.00000], F=[0.78893, 0.88885, 0.93497, 0.95542], F_fuse=[0.01461, 0.00919, 0.00891, 0.00646]
[ INFO : 2026-06-14 17:11:21,429 ] - Epoch 163: train==[57.36271 = 0.72759 + 0.95913 + 2.84264 + 0.01112 + 0.00000 + 0.01331 + 884.94450]
[ INFO : 2026-06-14 17:11:28,946 ] - Test_@[5, 10, 20, 50]: Recall=[0.03328, 0.04649, 0.08809, 0.16052],  precision=[0.00666, 0.00465, 0.00440, 0.00321], hit=[0.03328, 0.04649, 0.08809, 0.16052], ndcg=[0.01808, 0.02224, 0.03243, 0.04682], Train Rec Loss=[0.03222], Eval Rec Loss=[0.03222], c=[1.00000], F=[0.80451, 0.88342, 0.93448, 0.95561], F_fuse=[0.01320, 0.00925, 0.00877, 0.00640]
[ INFO : 2026-06-14 17:12:33,822 ] - Epoch 164: train==[57.36889 = 0.72646 + 0.95913 + 2.85058 + 0.01112 + 0.00000 + 0.01268 + 884.94450]
[ INFO : 2026-06-14 17:12:41,389 ] - Test_@[5, 10, 20, 50]: Recall=[0.03507, 0.05302, 0.09119, 0.15987],  precision=[0.00701, 0.00530, 0.00456, 0.00320], hit=[0.03507, 0.05302, 0.09119, 0.15987], ndcg=[0.02106, 0.02673, 0.03640, 0.05004], Train Rec Loss=[0.03223], Eval Rec Loss=[0.03220], c=[1.00000], F=[0.80079, 0.89381, 0.93471, 0.95598], F_fuse=[0.01391, 0.01054, 0.00907, 0.00637]
[ INFO : 2026-06-14 17:13:46,884 ] - Epoch 165: train==[57.32787 = 0.72228 + 0.95913 + 2.81426 + 0.01110 + 0.00000 + 0.01216 + 884.94450]
[ INFO : 2026-06-14 17:13:54,396 ] - Test_@[5, 10, 20, 50]: Recall=[0.03214, 0.04551, 0.08809, 0.15824],  precision=[0.00643, 0.00455, 0.00440, 0.00316], hit=[0.03214, 0.04551, 0.08809, 0.15824], ndcg=[0.02336, 0.02766, 0.03808, 0.05204], Train Rec Loss=[0.03222], Eval Rec Loss=[0.03220], c=[1.00000], F=[0.83952, 0.90926, 0.93509, 0.95635], F_fuse=[0.01276, 0.00906, 0.00877, 0.00631]
[ INFO : 2026-06-14 17:14:58,668 ] - Epoch 166: train==[57.35096 = 0.72444 + 0.95913 + 2.83530 + 0.01115 + 0.00000 + 0.01201 + 884.94450]
[ INFO : 2026-06-14 17:15:06,168 ] - Test_@[5, 10, 20, 50]: Recall=[0.03491, 0.05155, 0.09299, 0.16199],  precision=[0.00698, 0.00515, 0.00465, 0.00324], hit=[0.03491, 0.05155, 0.09299, 0.16199], ndcg=[0.02150, 0.02675, 0.03690, 0.05062], Train Rec Loss=[0.03222], Eval Rec Loss=[0.03220], c=[1.00000], F=[0.84924, 0.91024, 0.93443, 0.95690], F_fuse=[0.01385, 0.01025, 0.00925, 0.00646]
[ INFO : 2026-06-14 17:16:11,015 ] - Epoch 167: train==[57.30694 = 0.71829 + 0.95913 + 2.79787 + 0.01117 + 0.00000 + 0.01155 + 884.94450]
[ INFO : 2026-06-14 17:16:18,516 ] - Test_@[5, 10, 20, 50]: Recall=[0.03409, 0.04600, 0.08891, 0.15726],  precision=[0.00682, 0.00460, 0.00445, 0.00315], hit=[0.03409, 0.04600, 0.08891, 0.15726], ndcg=[0.01667, 0.02046, 0.03124, 0.04481], Train Rec Loss=[0.03223], Eval Rec Loss=[0.03219], c=[1.00000], F=[0.83385, 0.90252, 0.93370, 0.95427], F_fuse=[0.01353, 0.00915, 0.00885, 0.00627]
[ INFO : 2026-06-14 17:17:23,081 ] - Epoch 168: train==[57.25227 = 0.71882 + 0.95913 + 2.74314 + 0.01126 + 0.00000 + 0.01100 + 884.94450]
[ INFO : 2026-06-14 17:17:30,553 ] - Test_@[5, 10, 20, 50]: Recall=[0.03181, 0.04551, 0.09054, 0.15693],  precision=[0.00636, 0.00455, 0.00453, 0.00314], hit=[0.03181, 0.04551, 0.09054, 0.15693], ndcg=[0.02437, 0.02882, 0.03981, 0.05297], Train Rec Loss=[0.03222], Eval Rec Loss=[0.03220], c=[1.00000], F=[0.83505, 0.90027, 0.93520, 0.95514], F_fuse=[0.01263, 0.00906, 0.00901, 0.00626]
[ INFO : 2026-06-14 17:18:35,346 ] - Epoch 169: train==[57.30214 = 0.71658 + 0.95913 + 2.79548 + 0.01131 + 0.00000 + 0.01071 + 884.94450]
[ INFO : 2026-06-14 17:18:42,823 ] - Test_@[5, 10, 20, 50]: Recall=[0.03263, 0.05285, 0.08989, 0.15742],  precision=[0.00653, 0.00529, 0.00449, 0.00315], hit=[0.03263, 0.05285, 0.08989, 0.15742], ndcg=[0.01913, 0.02553, 0.03489, 0.04833], Train Rec Loss=[0.03222], Eval Rec Loss=[0.03218], c=[1.00000], F=[0.82352, 0.88764, 0.93232, 0.95450], F_fuse=[0.01295, 0.01051, 0.00895, 0.00628]
[ INFO : 2026-06-14 17:19:47,914 ] - Epoch 170: train==[57.26968 = 0.71200 + 0.95913 + 2.76813 + 0.01120 + 0.00000 + 0.01028 + 884.94450]
[ INFO : 2026-06-14 17:19:55,410 ] - Test_@[5, 10, 20, 50]: Recall=[0.03475, 0.04910, 0.08923, 0.16134],  precision=[0.00695, 0.00491, 0.00446, 0.00323], hit=[0.03475, 0.04910, 0.08923, 0.16134], ndcg=[0.02332, 0.02774, 0.03795, 0.05226], Train Rec Loss=[0.03220], Eval Rec Loss=[0.03219], c=[1.00000], F=[0.79690, 0.89308, 0.93336, 0.95398], F_fuse=[0.01378, 0.00977, 0.00888, 0.00643]
[ INFO : 2026-06-14 17:20:59,952 ] - Epoch 171: train==[57.23848 = 0.71498 + 0.95913 + 2.73390 + 0.01133 + 0.00000 + 0.01022 + 884.94450]
[ INFO : 2026-06-14 17:21:07,453 ] - Test_@[5, 10, 20, 50]: Recall=[0.03703, 0.04698, 0.09396, 0.16330],  precision=[0.00741, 0.00470, 0.00470, 0.00327], hit=[0.03703, 0.04698, 0.09396, 0.16330], ndcg=[0.02158, 0.02472, 0.03637, 0.05009], Train Rec Loss=[0.03221], Eval Rec Loss=[0.03219], c=[1.00000], F=[0.80184, 0.89341, 0.93435, 0.95517], F_fuse=[0.01468, 0.00935, 0.00935, 0.00651]
[ INFO : 2026-06-14 17:22:12,657 ] - Epoch 172: train==[57.24272 = 0.70722 + 0.95913 + 2.74633 + 0.01131 + 0.00000 + 0.00980 + 884.94450]
[ INFO : 2026-06-14 17:22:20,133 ] - Test_@[5, 10, 20, 50]: Recall=[0.03230, 0.04551, 0.09266, 0.15905],  precision=[0.00646, 0.00455, 0.00463, 0.00318], hit=[0.03230, 0.04551, 0.09266, 0.15905], ndcg=[0.01771, 0.02192, 0.03362, 0.04674], Train Rec Loss=[0.03221], Eval Rec Loss=[0.03219], c=[1.00000], F=[0.79522, 0.88878, 0.93309, 0.95482], F_fuse=[0.01282, 0.00906, 0.00922, 0.00634]
[ INFO : 2026-06-14 17:23:24,745 ] - Epoch 173: train==[57.25531 = 0.70349 + 0.95914 + 2.76290 + 0.01138 + 0.00000 + 0.00947 + 884.94450]
[ INFO : 2026-06-14 17:23:32,263 ] - Test_@[5, 10, 20, 50]: Recall=[0.03214, 0.04144, 0.08825, 0.15351],  precision=[0.00643, 0.00414, 0.00441, 0.00307], hit=[0.03214, 0.04144, 0.08825, 0.15351], ndcg=[0.02267, 0.02563, 0.03707, 0.05003], Train Rec Loss=[0.03220], Eval Rec Loss=[0.03217], c=[1.00000], F=[0.81592, 0.88864, 0.93016, 0.95508], F_fuse=[0.01275, 0.00825, 0.00878, 0.00612]
[ INFO : 2026-06-14 17:24:37,187 ] - Epoch 174: train==[57.16487 = 0.70177 + 0.95913 + 2.67388 + 0.01138 + 0.00000 + 0.00978 + 884.94450]
[ INFO : 2026-06-14 17:24:44,671 ] - Test_@[5, 10, 20, 50]: Recall=[0.02904, 0.04698, 0.09201, 0.15742],  precision=[0.00581, 0.00470, 0.00460, 0.00315], hit=[0.02904, 0.04698, 0.09201, 0.15742], ndcg=[0.01810, 0.02382, 0.03514, 0.04808], Train Rec Loss=[0.03220], Eval Rec Loss=[0.03216], c=[1.00000], F=[0.85948, 0.89725, 0.93174, 0.95465], F_fuse=[0.01154, 0.00935, 0.00916, 0.00628]
[ INFO : 2026-06-14 17:25:50,007 ] - Epoch 175: train==[57.22529 = 0.70077 + 0.95913 + 2.73522 + 0.01126 + 0.00000 + 0.00998 + 884.94450]
[ INFO : 2026-06-14 17:25:57,520 ] - Test_@[5, 10, 20, 50]: Recall=[0.03344, 0.04568, 0.09086, 0.15775],  precision=[0.00669, 0.00457, 0.00454, 0.00315], hit=[0.03344, 0.04568, 0.09086, 0.15775], ndcg=[0.02306, 0.02696, 0.03797, 0.05125], Train Rec Loss=[0.03220], Eval Rec Loss=[0.03218], c=[1.00000], F=[0.82324, 0.89849, 0.93137, 0.95373], F_fuse=[0.01327, 0.00909, 0.00904, 0.00629]
[ INFO : 2026-06-14 17:27:02,634 ] - Epoch 176: train==[57.16020 = 0.69683 + 0.95913 + 2.67542 + 0.01125 + 0.00000 + 0.00863 + 884.94450]
[ INFO : 2026-06-14 17:27:10,159 ] - Test_@[5, 10, 20, 50]: Recall=[0.03051, 0.05498, 0.09201, 0.16199],  precision=[0.00610, 0.00550, 0.00460, 0.00324], hit=[0.03051, 0.05498, 0.09201, 0.16199], ndcg=[0.01781, 0.02556, 0.03490, 0.04871], Train Rec Loss=[0.03219], Eval Rec Loss=[0.03217], c=[1.00000], F=[0.82143, 0.91180, 0.93270, 0.95209], F_fuse=[0.01211, 0.01093, 0.00916, 0.00646]
[ INFO : 2026-06-14 17:28:14,851 ] - Epoch 177: train==[57.16983 = 0.70292 + 0.95913 + 2.67876 + 0.01126 + 0.00000 + 0.00883 + 884.94450]
[ INFO : 2026-06-14 17:28:22,327 ] - Test_@[5, 10, 20, 50]: Recall=[0.02790, 0.04470, 0.09282, 0.15644],  precision=[0.00558, 0.00447, 0.00464, 0.00313], hit=[0.02790, 0.04470, 0.09282, 0.15644], ndcg=[0.01517, 0.02041, 0.03252, 0.04512], Train Rec Loss=[0.03219], Eval Rec Loss=[0.03217], c=[1.00000], F=[0.88073, 0.90006, 0.93042, 0.95350], F_fuse=[0.01109, 0.00890, 0.00924, 0.00624]
[ INFO : 2026-06-14 17:29:27,037 ] - Epoch 178: train==[57.08876 = 0.69868 + 0.95914 + 2.60282 + 0.01134 + 0.00000 + 0.00785 + 884.94450]
[ INFO : 2026-06-14 17:29:34,549 ] - Test_@[5, 10, 20, 50]: Recall=[0.02708, 0.05204, 0.09135, 0.15856],  precision=[0.00542, 0.00520, 0.00457, 0.00317], hit=[0.02708, 0.05204, 0.09135, 0.15856], ndcg=[0.02014, 0.02809, 0.03799, 0.05129], Train Rec Loss=[0.03219], Eval Rec Loss=[0.03216], c=[1.00000], F=[0.87849, 0.90603, 0.93228, 0.95366], F_fuse=[0.01077, 0.01035, 0.00909, 0.00632]
[ INFO : 2026-06-14 17:30:40,036 ] - Epoch 179: train==[57.08118 = 0.69254 + 0.95913 + 2.60264 + 0.01137 + 0.00000 + 0.00657 + 884.94450]
[ INFO : 2026-06-14 17:30:47,568 ] - Test_@[5, 10, 20, 50]: Recall=[0.03458, 0.04747, 0.09429, 0.15987],  precision=[0.00692, 0.00475, 0.00471, 0.00320], hit=[0.03458, 0.04747, 0.09429, 0.15987], ndcg=[0.01894, 0.02295, 0.03465, 0.04763], Train Rec Loss=[0.03219], Eval Rec Loss=[0.03216], c=[1.00000], F=[0.82447, 0.90344, 0.93123, 0.95411], F_fuse=[0.01372, 0.00944, 0.00938, 0.00637]
[ INFO : 2026-06-14 17:31:53,188 ] - Epoch 180: train==[57.06054 = 0.69048 + 0.95913 + 2.58394 + 0.01136 + 0.00000 + 0.00670 + 884.94450]
[ INFO : 2026-06-14 17:32:00,736 ] - Test_@[5, 10, 20, 50]: Recall=[0.03295, 0.04698, 0.09560, 0.16085],  precision=[0.00659, 0.00470, 0.00478, 0.00322], hit=[0.03295, 0.04698, 0.09560, 0.16085], ndcg=[0.01948, 0.02397, 0.03600, 0.04883], Train Rec Loss=[0.03219], Eval Rec Loss=[0.03216], c=[1.00000], F=[0.83244, 0.89623, 0.93180, 0.95166], F_fuse=[0.01308, 0.00935, 0.00951, 0.00641]
[ INFO : 2026-06-14 17:33:07,137 ] - Epoch 181: train==[56.99933 = 0.68832 + 0.95914 + 2.52486 + 0.01146 + 0.00000 + 0.00661 + 884.94450]
[ INFO : 2026-06-14 17:33:14,675 ] - Test_@[5, 10, 20, 50]: Recall=[0.03426, 0.04812, 0.09282, 0.16199],  precision=[0.00685, 0.00481, 0.00464, 0.00324], hit=[0.03426, 0.04812, 0.09282, 0.16199], ndcg=[0.02445, 0.02890, 0.03992, 0.05361], Train Rec Loss=[0.03218], Eval Rec Loss=[0.03215], c=[1.00000], F=[0.81716, 0.89782, 0.92946, 0.95398], F_fuse=[0.01359, 0.00957, 0.00924, 0.00646]
[ INFO : 2026-06-14 17:34:20,034 ] - Epoch 182: train==[57.07873 = 0.68549 + 0.95913 + 2.60735 + 0.01138 + 0.00000 + 0.00644 + 884.94450]
[ INFO : 2026-06-14 17:34:27,559 ] - Test_@[5, 10, 20, 50]: Recall=[0.03393, 0.04796, 0.09429, 0.16052],  precision=[0.00679, 0.00480, 0.00471, 0.00321], hit=[0.03393, 0.04796, 0.09429, 0.16052], ndcg=[0.01946, 0.02391, 0.03560, 0.04870], Train Rec Loss=[0.03219], Eval Rec Loss=[0.03214], c=[1.00000], F=[0.81437, 0.89192, 0.93042, 0.95379], F_fuse=[0.01346, 0.00954, 0.00938, 0.00640]
[ INFO : 2026-06-14 17:35:32,677 ] - Epoch 183: train==[57.03231 = 0.68572 + 0.95914 + 2.56092 + 0.01140 + 0.00000 + 0.00620 + 884.94450]
[ INFO : 2026-06-14 17:35:40,209 ] - Test_@[5, 10, 20, 50]: Recall=[0.03083, 0.04812, 0.09152, 0.14992],  precision=[0.00617, 0.00481, 0.00458, 0.00300], hit=[0.03083, 0.04812, 0.09152, 0.14992], ndcg=[0.02070, 0.02617, 0.03690, 0.04844], Train Rec Loss=[0.03218], Eval Rec Loss=[0.03216], c=[1.00000], F=[0.79268, 0.88860, 0.92915, 0.95259], F_fuse=[0.01224, 0.00957, 0.00911, 0.00598]
[ INFO : 2026-06-14 17:36:45,483 ] - Epoch 184: train==[56.98885 = 0.68008 + 0.95914 + 2.52326 + 0.01145 + 0.00000 + 0.00599 + 884.94450]
[ INFO : 2026-06-14 17:36:53,008 ] - Test_@[5, 10, 20, 50]: Recall=[0.03067, 0.04682, 0.09396, 0.16362],  precision=[0.00613, 0.00468, 0.00470, 0.00327], hit=[0.03067, 0.04682, 0.09396, 0.16362], ndcg=[0.01866, 0.02391, 0.03547, 0.04928], Train Rec Loss=[0.03217], Eval Rec Loss=[0.03216], c=[1.00000], F=[0.86460, 0.89069, 0.93363, 0.95390], F_fuse=[0.01218, 0.00931, 0.00935, 0.00652]
[ INFO : 2026-06-14 17:37:58,456 ] - Epoch 185: train==[57.02850 = 0.67856 + 0.95914 + 2.56471 + 0.01144 + 0.00000 + 0.00571 + 884.94450]
[ INFO : 2026-06-14 17:38:05,964 ] - Test_@[5, 10, 20, 50]: Recall=[0.03279, 0.04763, 0.09168, 0.15644],  precision=[0.00656, 0.00476, 0.00458, 0.00313], hit=[0.03279, 0.04763, 0.09168, 0.15644], ndcg=[0.01797, 0.02270, 0.03383, 0.04667], Train Rec Loss=[0.03218], Eval Rec Loss=[0.03216], c=[1.00000], F=[0.81653, 0.88276, 0.93055, 0.95628], F_fuse=[0.01301, 0.00948, 0.00912, 0.00624]
[ INFO : 2026-06-14 17:39:11,338 ] - Epoch 186: train==[57.02568 = 0.67810 + 0.95914 + 2.56210 + 0.01147 + 0.00000 + 0.00593 + 884.94450]
[ INFO : 2026-06-14 17:39:18,858 ] - Test_@[5, 10, 20, 50]: Recall=[0.03524, 0.04405, 0.09429, 0.16085],  precision=[0.00705, 0.00440, 0.00471, 0.00322], hit=[0.03524, 0.04405, 0.09429, 0.16085], ndcg=[0.02487, 0.02766, 0.04019, 0.05334], Train Rec Loss=[0.03217], Eval Rec Loss=[0.03215], c=[1.00000], F=[0.79229, 0.89119, 0.93156, 0.95352], F_fuse=[0.01397, 0.00877, 0.00938, 0.00641]
[ INFO : 2026-06-14 17:40:23,870 ] - Epoch 187: train==[56.97902 = 0.67463 + 0.95914 + 2.51978 + 0.01139 + 0.00000 + 0.00515 + 884.94450]
[ INFO : 2026-06-14 17:40:31,394 ] - Test_@[5, 10, 20, 50]: Recall=[0.03018, 0.04682, 0.08793, 0.15889],  precision=[0.00604, 0.00468, 0.00440, 0.00318], hit=[0.03018, 0.04682, 0.08793, 0.15889], ndcg=[0.01858, 0.02398, 0.03400, 0.04822], Train Rec Loss=[0.03217], Eval Rec Loss=[0.03214], c=[1.00000], F=[0.84701, 0.88133, 0.92930, 0.95399], F_fuse=[0.01199, 0.00931, 0.00875, 0.00633]
[ INFO : 2026-06-14 17:41:36,486 ] - Epoch 188: train==[56.97381 = 0.67099 + 0.95913 + 2.51874 + 0.01146 + 0.00000 + 0.00454 + 884.94450]
[ INFO : 2026-06-14 17:41:44,012 ] - Test_@[5, 10, 20, 50]: Recall=[0.02773, 0.04747, 0.09592, 0.16460],  precision=[0.00555, 0.00475, 0.00480, 0.00329], hit=[0.02773, 0.04747, 0.09592, 0.16460], ndcg=[0.01455, 0.02101, 0.03299, 0.04653], Train Rec Loss=[0.03217], Eval Rec Loss=[0.03214], c=[1.00000], F=[0.76155, 0.86495, 0.92925, 0.95275], F_fuse=[0.01101, 0.00944, 0.00954, 0.00656]
[ INFO : 2026-06-14 17:42:49,565 ] - Epoch 189: train==[57.00207 = 0.67443 + 0.95913 + 2.54392 + 0.01151 + 0.00000 + 0.00415 + 884.94450]
[ INFO : 2026-06-14 17:42:57,097 ] - Test_@[5, 10, 20, 50]: Recall=[0.03393, 0.04502, 0.09576, 0.16330],  precision=[0.00679, 0.00450, 0.00479, 0.00327], hit=[0.03393, 0.04502, 0.09576, 0.16330], ndcg=[0.02035, 0.02393, 0.03648, 0.04986], Train Rec Loss=[0.03217], Eval Rec Loss=[0.03214], c=[1.00000], F=[0.84581, 0.88969, 0.92921, 0.95330], F_fuse=[0.01346, 0.00896, 0.00953, 0.00651]
[ INFO : 2026-06-14 17:44:02,240 ] - Epoch 190: train==[56.92350 = 0.66640 + 0.95913 + 2.47310 + 0.01151 + 0.00000 + 0.00442 + 884.94450]
[ INFO : 2026-06-14 17:44:09,774 ] - Test_@[5, 10, 20, 50]: Recall=[0.03377, 0.04878, 0.09608, 0.16297],  precision=[0.00675, 0.00488, 0.00480, 0.00326], hit=[0.03377, 0.04878, 0.09608, 0.16297], ndcg=[0.02480, 0.02957, 0.04147, 0.05468], Train Rec Loss=[0.03216], Eval Rec Loss=[0.03214], c=[1.00000], F=[0.81581, 0.88649, 0.92995, 0.95267], F_fuse=[0.01340, 0.00970, 0.00956, 0.00650]
[ INFO : 2026-06-14 17:45:15,433 ] - Epoch 191: train==[56.94971 = 0.66537 + 0.95914 + 2.49844 + 0.01149 + 0.00000 + 0.00635 + 884.94450]
[ INFO : 2026-06-14 17:45:22,948 ] - Test_@[5, 10, 20, 50]: Recall=[0.03409, 0.04747, 0.09478, 0.16281],  precision=[0.00682, 0.00475, 0.00474, 0.00326], hit=[0.03409, 0.04747, 0.09478, 0.16281], ndcg=[0.02075, 0.02496, 0.03668, 0.05012], Train Rec Loss=[0.03217], Eval Rec Loss=[0.03215], c=[1.00000], F=[0.82676, 0.90509, 0.93275, 0.95324], F_fuse=[0.01353, 0.00944, 0.00943, 0.00649]
[ INFO : 2026-06-14 17:46:28,260 ] - Epoch 192: train==[56.93117 = 0.66584 + 0.95914 + 2.48144 + 0.01162 + 0.00000 + 0.00420 + 884.94450]
[ INFO : 2026-06-14 17:46:35,783 ] - Test_@[5, 10, 20, 50]: Recall=[0.03654, 0.05057, 0.09560, 0.16199],  precision=[0.00731, 0.00506, 0.00478, 0.00324], hit=[0.03654, 0.05057, 0.09560, 0.16199], ndcg=[0.02760, 0.03208, 0.04325, 0.05635], Train Rec Loss=[0.03216], Eval Rec Loss=[0.03213], c=[1.00000], F=[0.79927, 0.87807, 0.92847, 0.95109], F_fuse=[0.01448, 0.01006, 0.00951, 0.00646]
[ INFO : 2026-06-14 17:47:41,140 ] - Epoch 193: train==[56.90419 = 0.66180 + 0.95914 + 2.45815 + 0.01168 + 0.00000 + 0.00450 + 884.94450]
[ INFO : 2026-06-14 17:47:48,665 ] - Test_@[5, 10, 20, 50]: Recall=[0.03295, 0.04943, 0.09560, 0.16248],  precision=[0.00659, 0.00494, 0.00478, 0.00325], hit=[0.03295, 0.04943, 0.09560, 0.16248], ndcg=[0.01902, 0.02429, 0.03589, 0.04918], Train Rec Loss=[0.03216], Eval Rec Loss=[0.03212], c=[1.00000], F=[0.83179, 0.88204, 0.92927, 0.95377], F_fuse=[0.01308, 0.00983, 0.00951, 0.00648]
[ INFO : 2026-06-14 17:48:53,900 ] - Epoch 194: train==[56.89615 = 0.66278 + 0.95913 + 2.44867 + 0.01177 + 0.00000 + 0.00487 + 884.94450]
[ INFO : 2026-06-14 17:49:01,430 ] - Test_@[5, 10, 20, 50]: Recall=[0.03507, 0.04992, 0.09527, 0.16264],  precision=[0.00701, 0.00499, 0.00476, 0.00325], hit=[0.03507, 0.04992, 0.09527, 0.16264], ndcg=[0.02330, 0.02798, 0.03926, 0.05264], Train Rec Loss=[0.03216], Eval Rec Loss=[0.03213], c=[1.00000], F=[0.83329, 0.89933, 0.92944, 0.95361], F_fuse=[0.01391, 0.00993, 0.00948, 0.00648]
[ INFO : 2026-06-14 17:50:06,385 ] - Epoch 195: train==[56.96893 = 0.65845 + 0.95914 + 2.52659 + 0.01157 + 0.00000 + 0.00425 + 884.94450]
[ INFO : 2026-06-14 17:50:13,938 ] - Test_@[5, 10, 20, 50]: Recall=[0.03605, 0.04829, 0.09804, 0.16639],  precision=[0.00721, 0.00483, 0.00490, 0.00333], hit=[0.03605, 0.04829, 0.09804, 0.16639], ndcg=[0.02793, 0.03178, 0.04401, 0.05756], Train Rec Loss=[0.03215], Eval Rec Loss=[0.03212], c=[1.00000], F=[0.84536, 0.89883, 0.93088, 0.95201], F_fuse=[0.01430, 0.00961, 0.00975, 0.00663]
[ INFO : 2026-06-14 17:51:19,186 ] - Epoch 196: train==[56.92276 = 0.65483 + 0.95913 + 2.48328 + 0.01151 + 0.00000 + 0.00507 + 884.94450]
[ INFO : 2026-06-14 17:51:26,711 ] - Test_@[5, 10, 20, 50]: Recall=[0.03491, 0.04878, 0.09429, 0.16166],  precision=[0.00698, 0.00488, 0.00471, 0.00323], hit=[0.03491, 0.04878, 0.09429, 0.16166], ndcg=[0.02062, 0.02502, 0.03618, 0.04956], Train Rec Loss=[0.03216], Eval Rec Loss=[0.03213], c=[1.00000], F=[0.82537, 0.88691, 0.92935, 0.95192], F_fuse=[0.01385, 0.00970, 0.00938, 0.00644]
[ INFO : 2026-06-14 17:52:31,701 ] - Epoch 197: train==[56.83362 = 0.65643 + 0.95914 + 2.39291 + 0.01159 + 0.00000 + 0.00463 + 884.94450]
[ INFO : 2026-06-14 17:52:39,232 ] - Test_@[5, 10, 20, 50]: Recall=[0.03148, 0.04633, 0.09445, 0.15922],  precision=[0.00630, 0.00463, 0.00472, 0.00318], hit=[0.03148, 0.04633, 0.09445, 0.15922], ndcg=[0.02020, 0.02508, 0.03717, 0.04998], Train Rec Loss=[0.03215], Eval Rec Loss=[0.03213], c=[1.00000], F=[0.81994, 0.89193, 0.92672, 0.95390], F_fuse=[0.01250, 0.00922, 0.00940, 0.00635]
[ INFO : 2026-06-14 17:53:44,221 ] - Epoch 198: train==[56.89498 = 0.65507 + 0.95913 + 2.45603 + 0.01166 + 0.00000 + 0.00416 + 884.94450]
[ INFO : 2026-06-14 17:53:51,750 ] - Test_@[5, 10, 20, 50]: Recall=[0.03442, 0.04796, 0.09902, 0.16476],  precision=[0.00688, 0.00480, 0.00495, 0.00330], hit=[0.03442, 0.04796, 0.09902, 0.16476], ndcg=[0.02112, 0.02540, 0.03799, 0.05098], Train Rec Loss=[0.03215], Eval Rec Loss=[0.03212], c=[1.00000], F=[0.86050, 0.89470, 0.92870, 0.95332], F_fuse=[0.01366, 0.00954, 0.00985, 0.00657]
[ INFO : 2026-06-14 17:54:57,411 ] - Epoch 199: train==[56.88019 = 0.65205 + 0.95913 + 2.44319 + 0.01164 + 0.00000 + 0.00524 + 884.94450]
[ INFO : 2026-06-14 17:55:04,952 ] - Test_@[5, 10, 20, 50]: Recall=[0.03197, 0.04698, 0.09347, 0.15677],  precision=[0.00639, 0.00470, 0.00467, 0.00314], hit=[0.03197, 0.04698, 0.09347, 0.15677], ndcg=[0.02353, 0.02822, 0.03990, 0.05248], Train Rec Loss=[0.03214], Eval Rec Loss=[0.03212], c=[1.00000], F=[0.82877, 0.89606, 0.92832, 0.95198], F_fuse=[0.01269, 0.00935, 0.00930, 0.00625]
[ INFO : 2026-06-14 17:56:09,900 ] - Epoch 200: train==[56.81928 = 0.65102 + 0.95913 + 2.38388 + 0.01164 + 0.00000 + 0.00468 + 884.94450]
[ INFO : 2026-06-14 17:56:17,414 ] - Test_@[5, 10, 20, 50]: Recall=[0.03214, 0.04568, 0.09706, 0.16232],  precision=[0.00643, 0.00457, 0.00485, 0.00325], hit=[0.03214, 0.04568, 0.09706, 0.16232], ndcg=[0.01743, 0.02177, 0.03454, 0.04748], Train Rec Loss=[0.03214], Eval Rec Loss=[0.03212], c=[1.00000], F=[0.84997, 0.89253, 0.92785, 0.95334], F_fuse=[0.01276, 0.00909, 0.00966, 0.00647]
[ INFO : 2026-06-14 17:57:22,457 ] - Epoch 201: train==[56.81231 = 0.64442 + 0.95913 + 2.38467 + 0.01162 + 0.00000 + 0.00353 + 884.94450]
[ INFO : 2026-06-14 17:57:29,985 ] - Test_@[5, 10, 20, 50]: Recall=[0.03361, 0.05106, 0.09674, 0.16134],  precision=[0.00672, 0.00511, 0.00484, 0.00323], hit=[0.03361, 0.05106, 0.09674, 0.16134], ndcg=[0.02236, 0.02800, 0.03943, 0.05223], Train Rec Loss=[0.03214], Eval Rec Loss=[0.03212], c=[1.00000], F=[0.82704, 0.89566, 0.92750, 0.95276], F_fuse=[0.01333, 0.01015, 0.00962, 0.00643]
[ INFO : 2026-06-14 17:58:35,188 ] - Epoch 202: train==[56.86438 = 0.64315 + 0.95914 + 2.43795 + 0.01167 + 0.00000 + 0.00355 + 884.94450]
[ INFO : 2026-06-14 17:58:42,723 ] - Test_@[5, 10, 20, 50]: Recall=[0.03426, 0.04910, 0.09576, 0.16395],  precision=[0.00685, 0.00491, 0.00479, 0.00328], hit=[0.03426, 0.04910, 0.09576, 0.16395], ndcg=[0.02493, 0.02968, 0.04116, 0.05465], Train Rec Loss=[0.03214], Eval Rec Loss=[0.03211], c=[1.00000], F=[0.83519, 0.90562, 0.92998, 0.95139], F_fuse=[0.01359, 0.00977, 0.00953, 0.00654]
[ INFO : 2026-06-14 17:59:48,094 ] - Epoch 203: train==[56.81562 = 0.64338 + 0.95914 + 2.38817 + 0.01173 + 0.00000 + 0.00428 + 884.94450]
[ INFO : 2026-06-14 17:59:55,624 ] - Test_@[5, 10, 20, 50]: Recall=[0.02871, 0.05188, 0.09821, 0.16607],  precision=[0.00574, 0.00519, 0.00491, 0.00332], hit=[0.02871, 0.05188, 0.09821, 0.16607], ndcg=[0.02046, 0.02772, 0.03934, 0.05282], Train Rec Loss=[0.03214], Eval Rec Loss=[0.03211], c=[1.00000], F=[0.86827, 0.87716, 0.92900, 0.95262], F_fuse=[0.01141, 0.01031, 0.00977, 0.00662]
[ INFO : 2026-06-14 18:01:00,641 ] - Epoch 204: train==[56.75219 = 0.64026 + 0.95914 + 2.32848 + 0.01168 + 0.00000 + 0.00369 + 884.94450]
[ INFO : 2026-06-14 18:01:08,125 ] - Test_@[5, 10, 20, 50]: Recall=[0.03556, 0.05220, 0.09690, 0.15661],  precision=[0.00711, 0.00522, 0.00485, 0.00313], hit=[0.03556, 0.05220, 0.09690, 0.15661], ndcg=[0.02537, 0.03077, 0.04177, 0.05357], Train Rec Loss=[0.03214], Eval Rec Loss=[0.03211], c=[1.00000], F=[0.88010, 0.90014, 0.92728, 0.95137], F_fuse=[0.01411, 0.01038, 0.00964, 0.00624]
[ INFO : 2026-06-14 18:02:13,005 ] - Epoch 205: train==[56.80722 = 0.63920 + 0.95914 + 2.38416 + 0.01183 + 0.00000 + 0.00396 + 884.94450]
[ INFO : 2026-06-14 18:02:20,541 ] - Test_@[5, 10, 20, 50]: Recall=[0.03670, 0.05057, 0.09608, 0.15808],  precision=[0.00734, 0.00506, 0.00480, 0.00316], hit=[0.03670, 0.05057, 0.09608, 0.15808], ndcg=[0.02596, 0.03030, 0.04170, 0.05395], Train Rec Loss=[0.03214], Eval Rec Loss=[0.03210], c=[1.00000], F=[0.83435, 0.88958, 0.92849, 0.94965], F_fuse=[0.01455, 0.01006, 0.00956, 0.00630]
[ INFO : 2026-06-14 18:03:25,575 ] - Epoch 206: train==[56.78070 = 0.63676 + 0.95913 + 2.35982 + 0.01173 + 0.00000 + 0.00433 + 884.94450]
[ INFO : 2026-06-14 18:03:33,062 ] - Test_@[5, 10, 20, 50]: Recall=[0.03491, 0.04731, 0.09853, 0.16639],  precision=[0.00698, 0.00473, 0.00493, 0.00333], hit=[0.03491, 0.04731, 0.09853, 0.16639], ndcg=[0.02158, 0.02552, 0.03834, 0.05176], Train Rec Loss=[0.03214], Eval Rec Loss=[0.03210], c=[1.00000], F=[0.83700, 0.89571, 0.92835, 0.95170], F_fuse=[0.01385, 0.00941, 0.00980, 0.00663]
[ INFO : 2026-06-14 18:04:38,193 ] - Epoch 207: train==[56.79854 = 0.63514 + 0.95913 + 2.37947 + 0.01179 + 0.00000 + 0.00408 + 884.94450]
[ INFO : 2026-06-14 18:04:45,724 ] - Test_@[5, 10, 20, 50]: Recall=[0.03687, 0.06330, 0.10000, 0.16591],  precision=[0.00737, 0.00633, 0.00500, 0.00332], hit=[0.03687, 0.06330, 0.10000, 0.16591], ndcg=[0.02006, 0.02858, 0.03761, 0.05063], Train Rec Loss=[0.03214], Eval Rec Loss=[0.03210], c=[1.00000], F=[0.82907, 0.89775, 0.92774, 0.95214], F_fuse=[0.01462, 0.01257, 0.00995, 0.00661]
[ INFO : 2026-06-14 18:05:50,752 ] - Epoch 208: train==[56.76816 = 0.63423 + 0.95914 + 2.34994 + 0.01190 + 0.00000 + 0.00403 + 884.94450]
[ INFO : 2026-06-14 18:05:58,294 ] - Test_@[5, 10, 20, 50]: Recall=[0.03393, 0.05073, 0.09869, 0.16085],  precision=[0.00679, 0.00507, 0.00493, 0.00322], hit=[0.03393, 0.05073, 0.09869, 0.16085], ndcg=[0.02298, 0.02832, 0.04036, 0.05268], Train Rec Loss=[0.03214], Eval Rec Loss=[0.03211], c=[1.00000], F=[0.81267, 0.88216, 0.92532, 0.95081], F_fuse=[0.01346, 0.01009, 0.00982, 0.00641]
[ INFO : 2026-06-14 18:07:03,746 ] - Epoch 209: train==[56.71282 = 0.63222 + 0.95914 + 2.29639 + 0.01201 + 0.00000 + 0.00414 + 884.94450]
[ INFO : 2026-06-14 18:07:11,299 ] - Test_@[5, 10, 20, 50]: Recall=[0.03426, 0.05139, 0.09755, 0.15563],  precision=[0.00685, 0.00514, 0.00488, 0.00311], hit=[0.03426, 0.05139, 0.09755, 0.15563], ndcg=[0.02080, 0.02625, 0.03760, 0.04909], Train Rec Loss=[0.03213], Eval Rec Loss=[0.03210], c=[1.00000], F=[0.83201, 0.88926, 0.92691, 0.95102], F_fuse=[0.01359, 0.01022, 0.00970, 0.00620]
[ INFO : 2026-06-14 18:08:16,647 ] - Epoch 210: train==[56.71468 = 0.62979 + 0.95914 + 2.30162 + 0.01201 + 0.00000 + 0.00319 + 884.94450]
[ INFO : 2026-06-14 18:08:24,168 ] - Test_@[5, 10, 20, 50]: Recall=[0.03377, 0.05253, 0.09951, 0.16199],  precision=[0.00675, 0.00525, 0.00498, 0.00324], hit=[0.03377, 0.05253, 0.09951, 0.16199], ndcg=[0.02719, 0.03312, 0.04492, 0.05730], Train Rec Loss=[0.03213], Eval Rec Loss=[0.03209], c=[1.00000], F=[0.84940, 0.90144, 0.92627, 0.95088], F_fuse=[0.01340, 0.01044, 0.00990, 0.00646]
[ INFO : 2026-06-14 18:09:29,199 ] - Epoch 211: train==[56.70242 = 0.62836 + 0.95914 + 2.28965 + 0.01193 + 0.00000 + 0.00442 + 884.94450]
[ INFO : 2026-06-14 18:09:36,728 ] - Test_@[5, 10, 20, 50]: Recall=[0.03442, 0.04812, 0.09804, 0.16411],  precision=[0.00688, 0.00481, 0.00490, 0.00328], hit=[0.03442, 0.04812, 0.09804, 0.16411], ndcg=[0.02385, 0.02821, 0.04063, 0.05368], Train Rec Loss=[0.03212], Eval Rec Loss=[0.03209], c=[1.00000], F=[0.85193, 0.89919, 0.92820, 0.95037], F_fuse=[0.01366, 0.00957, 0.00975, 0.00654]
[ INFO : 2026-06-14 18:10:41,620 ] - Epoch 212: train==[56.70881 = 0.62797 + 0.95914 + 2.29661 + 0.01193 + 0.00000 + 0.00422 + 884.94450]
[ INFO : 2026-06-14 18:10:49,142 ] - Test_@[5, 10, 20, 50]: Recall=[0.03475, 0.05742, 0.09837, 0.16150],  precision=[0.00695, 0.00574, 0.00492, 0.00323], hit=[0.03475, 0.05742, 0.09837, 0.16150], ndcg=[0.02312, 0.03026, 0.04048, 0.05297], Train Rec Loss=[0.03212], Eval Rec Loss=[0.03209], c=[1.00000], F=[0.84300, 0.90467, 0.92743, 0.95134], F_fuse=[0.01379, 0.01141, 0.00978, 0.00644]
[ INFO : 2026-06-14 18:11:54,199 ] - Epoch 213: train==[56.67663 = 0.62414 + 0.95914 + 2.26865 + 0.01201 + 0.00000 + 0.00376 + 884.94450]
[ INFO : 2026-06-14 18:12:01,711 ] - Test_@[5, 10, 20, 50]: Recall=[0.03426, 0.04812, 0.09918, 0.15840],  precision=[0.00685, 0.00481, 0.00496, 0.00317], hit=[0.03426, 0.04812, 0.09918, 0.15840], ndcg=[0.02347, 0.02784, 0.04049, 0.05219], Train Rec Loss=[0.03212], Eval Rec Loss=[0.03209], c=[1.00000], F=[0.84574, 0.89767, 0.92730, 0.95248], F_fuse=[0.01359, 0.00957, 0.00987, 0.00632]
[ INFO : 2026-06-14 18:13:07,256 ] - Epoch 214: train==[56.72726 = 0.62236 + 0.95914 + 2.32125 + 0.01198 + 0.00000 + 0.00361 + 884.94450]
[ INFO : 2026-06-14 18:13:14,759 ] - Test_@[5, 10, 20, 50]: Recall=[0.02822, 0.04812, 0.09347, 0.15612],  precision=[0.00564, 0.00481, 0.00467, 0.00312], hit=[0.02822, 0.04812, 0.09347, 0.15612], ndcg=[0.02080, 0.02712, 0.03856, 0.05098], Train Rec Loss=[0.03212], Eval Rec Loss=[0.03209], c=[1.00000], F=[0.87574, 0.90151, 0.92608, 0.95224], F_fuse=[0.01122, 0.00957, 0.00930, 0.00622]
[ INFO : 2026-06-14 18:14:20,035 ] - Epoch 215: train==[56.69890 = 0.62649 + 0.95913 + 2.28737 + 0.01190 + 0.00000 + 0.00508 + 884.94450]
[ INFO : 2026-06-14 18:14:27,545 ] - Test_@[5, 10, 20, 50]: Recall=[0.02822, 0.05171, 0.09184, 0.15400],  precision=[0.00564, 0.00517, 0.00459, 0.00308], hit=[0.02822, 0.05171, 0.09184, 0.15400], ndcg=[0.02049, 0.02782, 0.03794, 0.05023], Train Rec Loss=[0.03212], Eval Rec Loss=[0.03209], c=[1.00000], F=[0.86535, 0.89719, 0.92604, 0.95219], F_fuse=[0.01122, 0.01028, 0.00914, 0.00614]
[ INFO : 2026-06-14 18:15:32,735 ] - Epoch 216: train==[56.63862 = 0.62434 + 0.95914 + 2.22921 + 0.01198 + 0.00000 + 0.00502 + 884.94450]
[ INFO : 2026-06-14 18:15:40,307 ] - Test_@[5, 10, 20, 50]: Recall=[0.03377, 0.05400, 0.09869, 0.16020],  precision=[0.00675, 0.00540, 0.00493, 0.00320], hit=[0.03377, 0.05400, 0.09869, 0.16020], ndcg=[0.01813, 0.02453, 0.03566, 0.04782], Train Rec Loss=[0.03212], Eval Rec Loss=[0.03208], c=[1.00000], F=[0.82790, 0.88401, 0.92799, 0.95147], F_fuse=[0.01340, 0.01073, 0.00982, 0.00639]
[ INFO : 2026-06-14 18:16:45,690 ] - Epoch 217: train==[56.65477 = 0.61792 + 0.95914 + 2.25306 + 0.01200 + 0.00000 + 0.00373 + 884.94450]
[ INFO : 2026-06-14 18:16:53,200 ] - Test_@[5, 10, 20, 50]: Recall=[0.03214, 0.04715, 0.09608, 0.15873],  precision=[0.00643, 0.00471, 0.00480, 0.00317], hit=[0.03214, 0.04715, 0.09608, 0.15873], ndcg=[0.01874, 0.02350, 0.03570, 0.04815], Train Rec Loss=[0.03212], Eval Rec Loss=[0.03209], c=[1.00000], F=[0.83585, 0.88840, 0.92812, 0.95213], F_fuse=[0.01276, 0.00938, 0.00956, 0.00633]
[ INFO : 2026-06-14 18:17:58,610 ] - Epoch 218: train==[56.63392 = 0.61238 + 0.95914 + 2.23750 + 0.01193 + 0.00000 + 0.00405 + 884.94450]
[ INFO : 2026-06-14 18:18:06,114 ] - Test_@[5, 10, 20, 50]: Recall=[0.03214, 0.04551, 0.09396, 0.15220],  precision=[0.00643, 0.00455, 0.00470, 0.00304], hit=[0.03214, 0.04551, 0.09396, 0.15220], ndcg=[0.02209, 0.02631, 0.03845, 0.04999], Train Rec Loss=[0.03211], Eval Rec Loss=[0.03208], c=[1.00000], F=[0.79905, 0.88379, 0.92658, 0.94986], F_fuse=[0.01275, 0.00906, 0.00935, 0.00607]
[ INFO : 2026-06-14 18:19:11,210 ] - Epoch 219: train==[56.66321 = 0.61267 + 0.95914 + 2.26626 + 0.01196 + 0.00000 + 0.00425 + 884.94450]
[ INFO : 2026-06-14 18:19:18,734 ] - Test_@[5, 10, 20, 50]: Recall=[0.04029, 0.06199, 0.09869, 0.16069],  precision=[0.00806, 0.00620, 0.00493, 0.00321], hit=[0.04029, 0.06199, 0.09869, 0.16069], ndcg=[0.02183, 0.02892, 0.03804, 0.05036], Train Rec Loss=[0.03211], Eval Rec Loss=[0.03209], c=[1.00000], F=[0.82064, 0.88785, 0.92571, 0.95184], F_fuse=[0.01596, 0.01231, 0.00982, 0.00641]
[ INFO : 2026-06-14 18:20:24,021 ] - Epoch 220: train==[56.57508 = 0.61155 + 0.95914 + 2.17986 + 0.01190 + 0.00000 + 0.00371 + 884.94450]
[ INFO : 2026-06-14 18:20:31,598 ] - Test_@[5, 10, 20, 50]: Recall=[0.03312, 0.04992, 0.09869, 0.16297],  precision=[0.00662, 0.00499, 0.00493, 0.00326], hit=[0.03312, 0.04992, 0.09869, 0.16297], ndcg=[0.02327, 0.02853, 0.04068, 0.05341], Train Rec Loss=[0.03211], Eval Rec Loss=[0.03208], c=[1.00000], F=[0.84123, 0.89981, 0.92587, 0.95144], F_fuse=[0.01314, 0.00993, 0.00982, 0.00650]
[ INFO : 2026-06-14 18:21:36,272 ] - Epoch 221: train==[56.59217 = 0.61080 + 0.95913 + 2.19708 + 0.01189 + 0.00000 + 0.00433 + 884.94450]
[ INFO : 2026-06-14 18:21:43,777 ] - Test_@[5, 10, 20, 50]: Recall=[0.03132, 0.04845, 0.09445, 0.15661],  precision=[0.00626, 0.00485, 0.00472, 0.00313], hit=[0.03132, 0.04845, 0.09445, 0.15661], ndcg=[0.01981, 0.02518, 0.03665, 0.04899], Train Rec Loss=[0.03211], Eval Rec Loss=[0.03208], c=[1.00000], F=[0.81546, 0.89163, 0.92691, 0.95027], F_fuse=[0.01243, 0.00964, 0.00940, 0.00624]
[ INFO : 2026-06-14 18:22:48,315 ] - Epoch 222: train==[56.65298 = 0.61519 + 0.95914 + 2.25359 + 0.01178 + 0.00000 + 0.00436 + 884.94450]
[ INFO : 2026-06-14 18:22:55,794 ] - Test_@[5, 10, 20, 50]: Recall=[0.03246, 0.05139, 0.09364, 0.15563],  precision=[0.00649, 0.00514, 0.00468, 0.00311], hit=[0.03246, 0.05139, 0.09364, 0.15563], ndcg=[0.02087, 0.02686, 0.03752, 0.04978], Train Rec Loss=[0.03211], Eval Rec Loss=[0.03208], c=[1.00000], F=[0.82025, 0.88661, 0.92628, 0.95095], F_fuse=[0.01288, 0.01022, 0.00932, 0.00620]
[ INFO : 2026-06-14 18:24:01,233 ] - Epoch 223: train==[56.60008 = 0.60689 + 0.95913 + 2.20932 + 0.01185 + 0.00000 + 0.00395 + 884.94450]
[ INFO : 2026-06-14 18:24:08,731 ] - Test_@[5, 10, 20, 50]: Recall=[0.03475, 0.05073, 0.09951, 0.16313],  precision=[0.00695, 0.00507, 0.00498, 0.00326], hit=[0.03475, 0.05073, 0.09951, 0.16313], ndcg=[0.02363, 0.02863, 0.04079, 0.05343], Train Rec Loss=[0.03211], Eval Rec Loss=[0.03208], c=[1.00000], F=[0.85323, 0.89628, 0.92629, 0.95084], F_fuse=[0.01379, 0.01009, 0.00990, 0.00650]
[ INFO : 2026-06-14 18:25:13,802 ] - Epoch 224: train==[56.60464 = 0.60251 + 0.95914 + 2.21812 + 0.01195 + 0.00000 + 0.00400 + 884.94450]
[ INFO : 2026-06-14 18:25:21,274 ] - Test_@[5, 10, 20, 50]: Recall=[0.03589, 0.04959, 0.09837, 0.16052],  precision=[0.00718, 0.00496, 0.00492, 0.00321], hit=[0.03589, 0.04959, 0.09837, 0.16052], ndcg=[0.02292, 0.02735, 0.03936, 0.05167], Train Rec Loss=[0.03210], Eval Rec Loss=[0.03208], c=[1.00000], F=[0.83489, 0.89823, 0.92723, 0.95145], F_fuse=[0.01423, 0.00986, 0.00978, 0.00640]
[ INFO : 2026-06-14 18:26:26,322 ] - Epoch 225: train==[56.57769 = 0.60131 + 0.95913 + 2.19278 + 0.01198 + 0.00000 + 0.00356 + 884.94450]
[ INFO : 2026-06-14 18:26:33,783 ] - Test_@[5, 10, 20, 50]: Recall=[0.02953, 0.05220, 0.09674, 0.15938],  precision=[0.00591, 0.00522, 0.00484, 0.00319], hit=[0.02953, 0.05220, 0.09674, 0.15938], ndcg=[0.02349, 0.03072, 0.04184, 0.05431], Train Rec Loss=[0.03210], Eval Rec Loss=[0.03207], c=[1.00000], F=[0.86650, 0.89365, 0.92858, 0.95102], F_fuse=[0.01173, 0.01038, 0.00962, 0.00635]
[ INFO : 2026-06-14 18:27:38,760 ] - Epoch 226: train==[56.56275 = 0.60097 + 0.95914 + 2.17794 + 0.01192 + 0.00000 + 0.00386 + 884.94450]
[ INFO : 2026-06-14 18:27:46,235 ] - Test_@[5, 10, 20, 50]: Recall=[0.03263, 0.05759, 0.10082, 0.16297],  precision=[0.00653, 0.00576, 0.00504, 0.00326], hit=[0.03263, 0.05759, 0.10082, 0.16297], ndcg=[0.01971, 0.02763, 0.03838, 0.05068], Train Rec Loss=[0.03210], Eval Rec Loss=[0.03207], c=[1.00000], F=[0.84691, 0.89886, 0.92514, 0.95100], F_fuse=[0.01295, 0.01144, 0.01003, 0.00650]
[ INFO : 2026-06-14 18:28:51,436 ] - Epoch 227: train==[56.58832 = 0.59926 + 0.95913 + 2.20552 + 0.01188 + 0.00000 + 0.00360 + 884.94450]
[ INFO : 2026-06-14 18:28:58,903 ] - Test_@[5, 10, 20, 50]: Recall=[0.03246, 0.05677, 0.10000, 0.16330],  precision=[0.00649, 0.00568, 0.00500, 0.00327], hit=[0.03246, 0.05677, 0.10000, 0.16330], ndcg=[0.01939, 0.02713, 0.03789, 0.05042], Train Rec Loss=[0.03210], Eval Rec Loss=[0.03206], c=[1.00000], F=[0.85596, 0.89667, 0.92661, 0.95250], F_fuse=[0.01289, 0.01128, 0.00995, 0.00651]
[ INFO : 2026-06-14 18:30:04,010 ] - Epoch 228: train==[56.57064 = 0.60030 + 0.95914 + 2.18573 + 0.01198 + 0.00000 + 0.00456 + 884.94450]
[ INFO : 2026-06-14 18:30:11,524 ] - Test_@[5, 10, 20, 50]: Recall=[0.02773, 0.04861, 0.09837, 0.16003],  precision=[0.00555, 0.00486, 0.00492, 0.00320], hit=[0.02773, 0.04861, 0.09837, 0.16003], ndcg=[0.01724, 0.02404, 0.03641, 0.04862], Train Rec Loss=[0.03210], Eval Rec Loss=[0.03206], c=[1.00000], F=[0.82236, 0.88280, 0.92612, 0.95205], F_fuse=[0.01102, 0.00967, 0.00978, 0.00638]
[ INFO : 2026-06-14 18:31:16,860 ] - Epoch 229: train==[56.54424 = 0.59765 + 0.95914 + 2.16190 + 0.01190 + 0.00000 + 0.00472 + 884.94450]
[ INFO : 2026-06-14 18:31:24,387 ] - Test_@[5, 10, 20, 50]: Recall=[0.03100, 0.05073, 0.09494, 0.15677],  precision=[0.00620, 0.00507, 0.00475, 0.00314], hit=[0.03100, 0.05073, 0.09494, 0.15677], ndcg=[0.02239, 0.02852, 0.03963, 0.05183], Train Rec Loss=[0.03210], Eval Rec Loss=[0.03207], c=[1.00000], F=[0.83818, 0.89338, 0.92448, 0.94968], F_fuse=[0.01231, 0.01009, 0.00945, 0.00625]
[ INFO : 2026-06-14 18:32:29,492 ] - Epoch 230: train==[56.58578 = 0.59770 + 0.95914 + 2.20478 + 0.01189 + 0.00000 + 0.00334 + 884.94450]
[ INFO : 2026-06-14 18:32:37,029 ] - Test_@[5, 10, 20, 50]: Recall=[0.03719, 0.06003, 0.10179, 0.16558],  precision=[0.00744, 0.00600, 0.00509, 0.00331], hit=[0.03719, 0.06003, 0.10179, 0.16558], ndcg=[0.02261, 0.02972, 0.04006, 0.05272], Train Rec Loss=[0.03209], Eval Rec Loss=[0.03206], c=[1.00000], F=[0.83126, 0.88759, 0.92512, 0.95069], F_fuse=[0.01475, 0.01193, 0.01012, 0.00660]
[ INFO : 2026-06-14 18:33:42,435 ] - Epoch 231: train==[56.54654 = 0.59345 + 0.95914 + 2.16996 + 0.01191 + 0.00000 + 0.00315 + 884.94450]
[ INFO : 2026-06-14 18:33:49,959 ] - Test_@[5, 10, 20, 50]: Recall=[0.03246, 0.06052, 0.09592, 0.15824],  precision=[0.00649, 0.00605, 0.00480, 0.00316], hit=[0.03246, 0.06052, 0.09592, 0.15824], ndcg=[0.01788, 0.02684, 0.03565, 0.04796], Train Rec Loss=[0.03210], Eval Rec Loss=[0.03207], c=[1.00000], F=[0.83184, 0.88681, 0.92721, 0.95137], F_fuse=[0.01288, 0.01202, 0.00954, 0.00631]
[ INFO : 2026-06-14 18:34:55,198 ] - Epoch 232: train==[56.53649 = 0.59329 + 0.95914 + 2.15853 + 0.01202 + 0.00000 + 0.00459 + 884.94450]
[ INFO : 2026-06-14 18:35:02,728 ] - Test_@[5, 10, 20, 50]: Recall=[0.02708, 0.05302, 0.09918, 0.16248],  precision=[0.00542, 0.00530, 0.00496, 0.00325], hit=[0.02708, 0.05302, 0.09918, 0.16248], ndcg=[0.01804, 0.02646, 0.03798, 0.05048], Train Rec Loss=[0.03210], Eval Rec Loss=[0.03206], c=[1.00000], F=[0.82996, 0.88573, 0.92432, 0.95066], F_fuse=[0.01076, 0.01054, 0.00987, 0.00648]
[ INFO : 2026-06-14 18:36:07,875 ] - Epoch 233: train==[56.48701 = 0.58876 + 0.95914 + 2.11447 + 0.01205 + 0.00000 + 0.00367 + 884.94450]
[ INFO : 2026-06-14 18:36:15,353 ] - Test_@[5, 10, 20, 50]: Recall=[0.02741, 0.05253, 0.09804, 0.16101],  precision=[0.00548, 0.00525, 0.00490, 0.00322], hit=[0.02741, 0.05253, 0.09804, 0.16101], ndcg=[0.01998, 0.02792, 0.03939, 0.05183], Train Rec Loss=[0.03210], Eval Rec Loss=[0.03207], c=[1.00000], F=[0.85578, 0.89237, 0.92555, 0.95112], F_fuse=[0.01089, 0.01044, 0.00975, 0.00642]
[ INFO : 2026-06-14 18:37:19,878 ] - Epoch 234: train==[56.51587 = 0.58796 + 0.95914 + 2.14379 + 0.01215 + 0.00000 + 0.00391 + 884.94450]
[ INFO : 2026-06-14 18:37:27,384 ] - Test_@[5, 10, 20, 50]: Recall=[0.03263, 0.05171, 0.10114, 0.16166],  precision=[0.00653, 0.00517, 0.00506, 0.00323], hit=[0.03263, 0.05171, 0.10114, 0.16166], ndcg=[0.01832, 0.02444, 0.03673, 0.04867], Train Rec Loss=[0.03209], Eval Rec Loss=[0.03206], c=[1.00000], F=[0.85223, 0.89799, 0.92591, 0.95057], F_fuse=[0.01295, 0.01028, 0.01006, 0.00644]
[ INFO : 2026-06-14 18:38:32,263 ] - Epoch 235: train==[56.52826 = 0.58785 + 0.95914 + 2.15659 + 0.01209 + 0.00000 + 0.00367 + 884.94450]
[ INFO : 2026-06-14 18:38:39,780 ] - Test_@[5, 10, 20, 50]: Recall=[0.03312, 0.04878, 0.10212, 0.16362],  precision=[0.00662, 0.00488, 0.00511, 0.00327], hit=[0.03312, 0.04878, 0.10212, 0.16362], ndcg=[0.02016, 0.02514, 0.03840, 0.05055], Train Rec Loss=[0.03208], Eval Rec Loss=[0.03206], c=[1.00000], F=[0.84974, 0.90029, 0.92531, 0.95211], F_fuse=[0.01314, 0.00970, 0.01016, 0.00652]
[ INFO : 2026-06-14 18:39:44,824 ] - Epoch 236: train==[56.51798 = 0.59216 + 0.95914 + 2.14181 + 0.01206 + 0.00000 + 0.00389 + 884.94450]
[ INFO : 2026-06-14 18:39:52,327 ] - Test_@[5, 10, 20, 50]: Recall=[0.03197, 0.04796, 0.10131, 0.15954],  precision=[0.00639, 0.00480, 0.00507, 0.00319], hit=[0.03197, 0.04796, 0.10131, 0.15954], ndcg=[0.01739, 0.02256, 0.03591, 0.04746], Train Rec Loss=[0.03209], Eval Rec Loss=[0.03206], c=[1.00000], F=[0.83411, 0.88639, 0.92565, 0.95140], F_fuse=[0.01269, 0.00954, 0.01008, 0.00636]
[ INFO : 2026-06-14 18:40:57,057 ] - Epoch 237: train==[56.46802 = 0.58470 + 0.95914 + 2.09937 + 0.01220 + 0.00000 + 0.00369 + 884.94450]
[ INFO : 2026-06-14 18:41:04,537 ] - Test_@[5, 10, 20, 50]: Recall=[0.03409, 0.04747, 0.09837, 0.16215],  precision=[0.00682, 0.00475, 0.00492, 0.00324], hit=[0.03409, 0.04747, 0.09837, 0.16215], ndcg=[0.02238, 0.02674, 0.03928, 0.05197], Train Rec Loss=[0.03208], Eval Rec Loss=[0.03205], c=[1.00000], F=[0.82842, 0.89528, 0.92577, 0.95151], F_fuse=[0.01353, 0.00944, 0.00978, 0.00646]
[ INFO : 2026-06-14 18:42:09,125 ] - Epoch 238: train==[56.46646 = 0.58301 + 0.95914 + 2.09821 + 0.01210 + 0.00000 + 0.00507 + 884.94450]
[ INFO : 2026-06-14 18:42:16,650 ] - Test_@[5, 10, 20, 50]: Recall=[0.03148, 0.04861, 0.09641, 0.15856],  precision=[0.00630, 0.00486, 0.00482, 0.00317], hit=[0.03148, 0.04861, 0.09641, 0.15856], ndcg=[0.01859, 0.02406, 0.03597, 0.04828], Train Rec Loss=[0.03208], Eval Rec Loss=[0.03205], c=[1.00000], F=[0.82236, 0.88871, 0.92545, 0.95142], F_fuse=[0.01250, 0.00967, 0.00959, 0.00632]
[ INFO : 2026-06-14 18:43:21,861 ] - Epoch 239: train==[56.45700 = 0.58215 + 0.95914 + 2.09034 + 0.01223 + 0.00000 + 0.00420 + 884.94450]
[ INFO : 2026-06-14 18:43:29,379 ] - Test_@[5, 10, 20, 50]: Recall=[0.03263, 0.04763, 0.09902, 0.16036],  precision=[0.00653, 0.00476, 0.00495, 0.00321], hit=[0.03263, 0.04763, 0.09902, 0.16036], ndcg=[0.02328, 0.02806, 0.04089, 0.05304], Train Rec Loss=[0.03209], Eval Rec Loss=[0.03205], c=[1.00000], F=[0.83729, 0.89258, 0.92447, 0.95096], F_fuse=[0.01295, 0.00948, 0.00985, 0.00639]
[ INFO : 2026-06-14 18:44:33,947 ] - Epoch 240: train==[56.48782 = 0.57925 + 0.95914 + 2.12426 + 0.01226 + 0.00000 + 0.00398 + 884.94450]
[ INFO : 2026-06-14 18:44:41,428 ] - Test_@[5, 10, 20, 50]: Recall=[0.03475, 0.05220, 0.10016, 0.16052],  precision=[0.00695, 0.00522, 0.00501, 0.00321], hit=[0.03475, 0.05220, 0.10016, 0.16052], ndcg=[0.02086, 0.02631, 0.03840, 0.05036], Train Rec Loss=[0.03208], Eval Rec Loss=[0.03205], c=[1.00000], F=[0.83412, 0.89593, 0.92572, 0.95019], F_fuse=[0.01378, 0.01038, 0.00996, 0.00640]
[ INFO : 2026-06-14 18:45:46,381 ] - Epoch 241: train==[56.45724 = 0.57798 + 0.95914 + 2.09536 + 0.01234 + 0.00000 + 0.00350 + 884.94450]
[ INFO : 2026-06-14 18:45:53,898 ] - Test_@[5, 10, 20, 50]: Recall=[0.03573, 0.06117, 0.10114, 0.16052],  precision=[0.00715, 0.00612, 0.00506, 0.00321], hit=[0.03573, 0.06117, 0.10114, 0.16052], ndcg=[0.02845, 0.03653, 0.04657, 0.05834], Train Rec Loss=[0.03208], Eval Rec Loss=[0.03205], c=[1.00000], F=[0.84289, 0.89765, 0.92525, 0.95219], F_fuse=[0.01417, 0.01215, 0.01006, 0.00640]
[ INFO : 2026-06-14 18:46:58,979 ] - Epoch 242: train==[56.47432 = 0.58008 + 0.95914 + 2.10995 + 0.01223 + 0.00000 + 0.00400 + 884.94450]
[ INFO : 2026-06-14 18:47:06,508 ] - Test_@[5, 10, 20, 50]: Recall=[0.03246, 0.05775, 0.10555, 0.16917],  precision=[0.00649, 0.00577, 0.00528, 0.00338], hit=[0.03246, 0.05775, 0.10555, 0.16917], ndcg=[0.02536, 0.03331, 0.04540, 0.05798], Train Rec Loss=[0.03208], Eval Rec Loss=[0.03204], c=[1.00000], F=[0.87260, 0.89711, 0.92463, 0.95199], F_fuse=[0.01289, 0.01148, 0.01049, 0.00674]
[ INFO : 2026-06-14 18:48:11,691 ] - Epoch 243: train==[56.45063 = 0.57569 + 0.95914 + 2.08930 + 0.01219 + 0.00000 + 0.00538 + 884.94450]
[ INFO : 2026-06-14 18:48:19,208 ] - Test_@[5, 10, 20, 50]: Recall=[0.03605, 0.05677, 0.09967, 0.16003],  precision=[0.00721, 0.00568, 0.00498, 0.00320], hit=[0.03605, 0.05677, 0.09967, 0.16003], ndcg=[0.02389, 0.03038, 0.04119, 0.05310], Train Rec Loss=[0.03208], Eval Rec Loss=[0.03205], c=[1.00000], F=[0.83942, 0.88990, 0.92409, 0.94992], F_fuse=[0.01430, 0.01128, 0.00991, 0.00638]
[ INFO : 2026-06-14 18:49:24,249 ] - Epoch 244: train==[56.44999 = 0.57965 + 0.95914 + 2.08652 + 0.01228 + 0.00000 + 0.00348 + 884.94450]
[ INFO : 2026-06-14 18:49:31,755 ] - Test_@[5, 10, 20, 50]: Recall=[0.03556, 0.06069, 0.10228, 0.16607],  precision=[0.00711, 0.00607, 0.00511, 0.00332], hit=[0.03556, 0.06069, 0.10228, 0.16607], ndcg=[0.02026, 0.02817, 0.03852, 0.05120], Train Rec Loss=[0.03208], Eval Rec Loss=[0.03205], c=[1.00000], F=[0.82015, 0.89141, 0.92409, 0.95079], F_fuse=[0.01410, 0.01205, 0.01017, 0.00662]
[ INFO : 2026-06-14 18:50:36,844 ] - Epoch 245: train==[56.41141 = 0.57268 + 0.95914 + 2.05444 + 0.01227 + 0.00000 + 0.00395 + 884.94450]
[ INFO : 2026-06-14 18:50:44,320 ] - Test_@[5, 10, 20, 50]: Recall=[0.03230, 0.04763, 0.09576, 0.15710],  precision=[0.00646, 0.00476, 0.00479, 0.00314], hit=[0.03230, 0.04763, 0.09576, 0.15710], ndcg=[0.02197, 0.02676, 0.03866, 0.05078], Train Rec Loss=[0.03207], Eval Rec Loss=[0.03204], c=[1.00000], F=[0.81951, 0.88871, 0.92416, 0.94921], F_fuse=[0.01282, 0.00948, 0.00953, 0.00626]
[ INFO : 2026-06-14 18:51:49,163 ] - Epoch 246: train==[56.44397 = 0.56974 + 0.95914 + 2.08847 + 0.01227 + 0.00000 + 0.00542 + 884.94450]
[ INFO : 2026-06-14 18:51:56,678 ] - Test_@[5, 10, 20, 50]: Recall=[0.03312, 0.04894, 0.09821, 0.16166],  precision=[0.00662, 0.00489, 0.00491, 0.00323], hit=[0.03312, 0.04894, 0.09821, 0.16166], ndcg=[0.02046, 0.02547, 0.03774, 0.05034], Train Rec Loss=[0.03208], Eval Rec Loss=[0.03204], c=[1.00000], F=[0.83715, 0.88546, 0.92374, 0.95021], F_fuse=[0.01314, 0.00973, 0.00977, 0.00644]
[ INFO : 2026-06-14 18:53:01,574 ] - Epoch 247: train==[56.39723 = 0.56907 + 0.95914 + 2.04388 + 0.01230 + 0.00000 + 0.00391 + 884.94450]
[ INFO : 2026-06-14 18:53:09,085 ] - Test_@[5, 10, 20, 50]: Recall=[0.03475, 0.05498, 0.10424, 0.16525],  precision=[0.00695, 0.00550, 0.00521, 0.00331], hit=[0.03475, 0.05498, 0.10424, 0.16525], ndcg=[0.02597, 0.03232, 0.04463, 0.05671], Train Rec Loss=[0.03207], Eval Rec Loss=[0.03204], c=[1.00000], F=[0.84795, 0.89685, 0.92415, 0.95137], F_fuse=[0.01379, 0.01093, 0.01037, 0.00659]
[ INFO : 2026-06-14 18:54:14,274 ] - Epoch 248: train==[56.40500 = 0.56608 + 0.95914 + 2.05499 + 0.01237 + 0.00000 + 0.00349 + 884.94450]
[ INFO : 2026-06-14 18:54:21,809 ] - Test_@[5, 10, 20, 50]: Recall=[0.03132, 0.05318, 0.10457, 0.16525],  precision=[0.00626, 0.00532, 0.00523, 0.00331], hit=[0.03132, 0.05318, 0.10457, 0.16525], ndcg=[0.01728, 0.02426, 0.03713, 0.04912], Train Rec Loss=[0.03207], Eval Rec Loss=[0.03205], c=[1.00000], F=[0.83803, 0.87863, 0.92292, 0.95020], F_fuse=[0.01244, 0.01057, 0.01040, 0.00659]
[ INFO : 2026-06-14 18:55:26,679 ] - Epoch 249: train==[56.39397 = 0.56669 + 0.95914 + 2.04334 + 0.01244 + 0.00000 + 0.00343 + 884.94450]
[ INFO : 2026-06-14 18:55:34,239 ] - Test_@[5, 10, 20, 50]: Recall=[0.03458, 0.05383, 0.10261, 0.16574],  precision=[0.00692, 0.00538, 0.00513, 0.00331], hit=[0.03458, 0.05383, 0.10261, 0.16574], ndcg=[0.02215, 0.02837, 0.04042, 0.05296], Train Rec Loss=[0.03207], Eval Rec Loss=[0.03204], c=[1.00000], F=[0.79215, 0.87064, 0.92296, 0.95079], F_fuse=[0.01371, 0.01070, 0.01020, 0.00661]
[ INFO : 2026-06-14 18:56:39,144 ] - Epoch 250: train==[56.43023 = 0.57371 + 0.95914 + 2.07213 + 0.01239 + 0.00000 + 0.00393 + 884.94450]
[ INFO : 2026-06-14 18:56:46,665 ] - Test_@[5, 10, 20, 50]: Recall=[0.03605, 0.05465, 0.09853, 0.16052],  precision=[0.00721, 0.00546, 0.00493, 0.00321], hit=[0.03605, 0.05465, 0.09853, 0.16052], ndcg=[0.02142, 0.02735, 0.03843, 0.05064], Train Rec Loss=[0.03207], Eval Rec Loss=[0.03204], c=[1.00000], F=[0.82881, 0.88860, 0.92401, 0.95063], F_fuse=[0.01430, 0.01086, 0.00980, 0.00640]
[ INFO : 2026-06-14 18:57:51,456 ] - Epoch 251: train==[56.39780 = 0.56278 + 0.95914 + 2.05097 + 0.01241 + 0.00000 + 0.00357 + 884.94450]
[ INFO : 2026-06-14 18:57:58,957 ] - Test_@[5, 10, 20, 50]: Recall=[0.03263, 0.05139, 0.09984, 0.16003],  precision=[0.00653, 0.00514, 0.00499, 0.00320], hit=[0.03263, 0.05139, 0.09984, 0.16003], ndcg=[0.02433, 0.03026, 0.04244, 0.05432], Train Rec Loss=[0.03207], Eval Rec Loss=[0.03203], c=[1.00000], F=[0.84421, 0.88836, 0.92448, 0.94948], F_fuse=[0.01295, 0.01022, 0.00993, 0.00638]
[ INFO : 2026-06-14 18:59:04,156 ] - Epoch 252: train==[56.37010 = 0.56074 + 0.95914 + 2.02498 + 0.01250 + 0.00000 + 0.00382 + 884.94450]
[ INFO : 2026-06-14 18:59:11,721 ] - Test_@[5, 10, 20, 50]: Recall=[0.03165, 0.04992, 0.10310, 0.16525],  precision=[0.00633, 0.00499, 0.00515, 0.00331], hit=[0.03165, 0.04992, 0.10310, 0.16525], ndcg=[0.01810, 0.02390, 0.03728, 0.04958], Train Rec Loss=[0.03207], Eval Rec Loss=[0.03204], c=[1.00000], F=[0.86007, 0.88700, 0.92257, 0.95016], F_fuse=[0.01257, 0.00993, 0.01025, 0.00659]
[ INFO : 2026-06-14 19:00:17,417 ] - Epoch 253: train==[56.37816 = 0.55908 + 0.95914 + 2.03480 + 0.01257 + 0.00000 + 0.00364 + 884.94450]
[ INFO : 2026-06-14 19:00:24,937 ] - Test_@[5, 10, 20, 50]: Recall=[0.03344, 0.05759, 0.10179, 0.16313],  precision=[0.00669, 0.00576, 0.00509, 0.00326], hit=[0.03344, 0.05759, 0.10179, 0.16313], ndcg=[0.02166, 0.02927, 0.04031, 0.05246], Train Rec Loss=[0.03206], Eval Rec Loss=[0.03203], c=[1.00000], F=[0.84043, 0.89324, 0.92387, 0.95052], F_fuse=[0.01327, 0.01144, 0.01012, 0.00650]
[ INFO : 2026-06-14 19:01:30,419 ] - Epoch 254: train==[56.35858 = 0.55646 + 0.95914 + 2.01775 + 0.01241 + 0.00000 + 0.00388 + 884.94450]
[ INFO : 2026-06-14 19:01:37,944 ] - Test_@[5, 10, 20, 50]: Recall=[0.03230, 0.05465, 0.09723, 0.15824],  precision=[0.00646, 0.00546, 0.00486, 0.00316], hit=[0.03230, 0.05465, 0.09723, 0.15824], ndcg=[0.01852, 0.02555, 0.03633, 0.04844], Train Rec Loss=[0.03206], Eval Rec Loss=[0.03203], c=[1.00000], F=[0.82132, 0.88193, 0.92285, 0.94996], F_fuse=[0.01282, 0.01086, 0.00967, 0.00631]
[ INFO : 2026-06-14 19:02:43,368 ] - Epoch 255: train==[56.39649 = 0.55586 + 0.95914 + 2.05503 + 0.01256 + 0.00000 + 0.00497 + 884.94450]
[ INFO : 2026-06-14 19:02:50,926 ] - Test_@[5, 10, 20, 50]: Recall=[0.03458, 0.06069, 0.10392, 0.16656],  precision=[0.00692, 0.00607, 0.00520, 0.00333], hit=[0.03458, 0.06069, 0.10392, 0.16656], ndcg=[0.02130, 0.02962, 0.04044, 0.05283], Train Rec Loss=[0.03206], Eval Rec Loss=[0.03203], c=[1.00000], F=[0.83892, 0.89025, 0.92456, 0.95089], F_fuse=[0.01372, 0.01205, 0.01033, 0.00664]
[ INFO : 2026-06-14 19:03:56,221 ] - Epoch 256: train==[56.38104 = 0.55954 + 0.95914 + 2.03670 + 0.01240 + 0.00000 + 0.00434 + 884.94450]
[ INFO : 2026-06-14 19:04:03,760 ] - Test_@[5, 10, 20, 50]: Recall=[0.03148, 0.05791, 0.10212, 0.16281],  precision=[0.00630, 0.00579, 0.00511, 0.00326], hit=[0.03148, 0.05791, 0.10212, 0.16281], ndcg=[0.02054, 0.02897, 0.04011, 0.05212], Train Rec Loss=[0.03206], Eval Rec Loss=[0.03204], c=[1.00000], F=[0.83596, 0.88724, 0.92463, 0.94932], F_fuse=[0.01250, 0.01151, 0.01016, 0.00649]
[ INFO : 2026-06-14 19:05:08,957 ] - Epoch 257: train==[56.34724 = 0.55753 + 0.95914 + 2.00509 + 0.01251 + 0.00000 + 0.00405 + 884.94450]
[ INFO : 2026-06-14 19:05:16,459 ] - Test_@[5, 10, 20, 50]: Recall=[0.03148, 0.05073, 0.10082, 0.16085],  precision=[0.00630, 0.00507, 0.00504, 0.00322], hit=[0.03148, 0.05073, 0.10082, 0.16085], ndcg=[0.02411, 0.03014, 0.04277, 0.05469], Train Rec Loss=[0.03206], Eval Rec Loss=[0.03203], c=[1.00000], F=[0.85070, 0.89632, 0.92339, 0.95108], F_fuse=[0.01250, 0.01009, 0.01003, 0.00641]
[ INFO : 2026-06-14 19:06:21,747 ] - Epoch 258: train==[56.35652 = 0.55392 + 0.95914 + 2.01768 + 0.01245 + 0.00000 + 0.00440 + 884.94450]
[ INFO : 2026-06-14 19:06:29,270 ] - Test_@[5, 10, 20, 50]: Recall=[0.03719, 0.06036, 0.10179, 0.16166],  precision=[0.00744, 0.00604, 0.00509, 0.00323], hit=[0.03719, 0.06036, 0.10179, 0.16166], ndcg=[0.01992, 0.02743, 0.03764, 0.04954], Train Rec Loss=[0.03206], Eval Rec Loss=[0.03203], c=[1.00000], F=[0.84122, 0.89149, 0.92386, 0.94988], F_fuse=[0.01475, 0.01199, 0.01012, 0.00644]
[ INFO : 2026-06-14 19:07:34,044 ] - Epoch 259: train==[56.35727 = 0.54963 + 0.95914 + 2.02281 + 0.01241 + 0.00000 + 0.00437 + 884.94450]
[ INFO : 2026-06-14 19:07:41,566 ] - Test_@[5, 10, 20, 50]: Recall=[0.03312, 0.05677, 0.10343, 0.16411],  precision=[0.00662, 0.00568, 0.00517, 0.00328], hit=[0.03312, 0.05677, 0.10343, 0.16411], ndcg=[0.01921, 0.02673, 0.03849, 0.05052], Train Rec Loss=[0.03206], Eval Rec Loss=[0.03203], c=[1.00000], F=[0.84402, 0.89668, 0.92316, 0.95101], F_fuse=[0.01314, 0.01128, 0.01028, 0.00654]
[ INFO : 2026-06-14 19:08:46,631 ] - Epoch 260: train==[56.36319 = 0.55222 + 0.95914 + 2.02673 + 0.01249 + 0.00000 + 0.00369 + 884.94450]
[ INFO : 2026-06-14 19:08:54,158 ] - Test_@[5, 10, 20, 50]: Recall=[0.03507, 0.04894, 0.09951, 0.15905],  precision=[0.00701, 0.00489, 0.00498, 0.00318], hit=[0.03507, 0.04894, 0.09951, 0.15905], ndcg=[0.02160, 0.02598, 0.03871, 0.05051], Train Rec Loss=[0.03206], Eval Rec Loss=[0.03203], c=[1.00000], F=[0.81316, 0.88327, 0.92381, 0.94898], F_fuse=[0.01391, 0.00973, 0.00990, 0.00634]
[ INFO : 2026-06-14 19:09:59,247 ] - Epoch 261: train==[56.34245 = 0.55057 + 0.95914 + 2.00797 + 0.01254 + 0.00000 + 0.00330 + 884.94450]
[ INFO : 2026-06-14 19:10:06,759 ] - Test_@[5, 10, 20, 50]: Recall=[0.03132, 0.05595, 0.09886, 0.15791],  precision=[0.00626, 0.00560, 0.00494, 0.00316], hit=[0.03132, 0.05595, 0.09886, 0.15791], ndcg=[0.02285, 0.03067, 0.04144, 0.05310], Train Rec Loss=[0.03206], Eval Rec Loss=[0.03202], c=[1.00000], F=[0.84541, 0.89160, 0.92296, 0.94829], F_fuse=[0.01244, 0.01112, 0.00983, 0.00630]
[ INFO : 2026-06-14 19:11:11,891 ] - Epoch 262: train==[56.35918 = 0.54964 + 0.95914 + 2.02350 + 0.01233 + 0.00000 + 0.00565 + 884.94450]
[ INFO : 2026-06-14 19:11:19,406 ] - Test_@[5, 10, 20, 50]: Recall=[0.03573, 0.05710, 0.10375, 0.16346],  precision=[0.00715, 0.00571, 0.00519, 0.00327], hit=[0.03573, 0.05710, 0.10375, 0.16346], ndcg=[0.02112, 0.02803, 0.03967, 0.05147], Train Rec Loss=[0.03205], Eval Rec Loss=[0.03203], c=[1.00000], F=[0.83502, 0.88910, 0.92375, 0.94998], F_fuse=[0.01417, 0.01135, 0.01032, 0.00652]
[ INFO : 2026-06-14 19:12:24,449 ] - Epoch 263: train==[56.34943 = 0.54619 + 0.95914 + 2.01906 + 0.01239 + 0.00000 + 0.00372 + 884.94450]
[ INFO : 2026-06-14 19:12:31,941 ] - Test_@[5, 10, 20, 50]: Recall=[0.03263, 0.06036, 0.10783, 0.16672],  precision=[0.00653, 0.00604, 0.00539, 0.00333], hit=[0.03263, 0.06036, 0.10783, 0.16672], ndcg=[0.02045, 0.02927, 0.04118, 0.05278], Train Rec Loss=[0.03206], Eval Rec Loss=[0.03202], c=[1.00000], F=[0.83722, 0.89426, 0.92353, 0.94951], F_fuse=[0.01295, 0.01199, 0.01072, 0.00665]
[ INFO : 2026-06-14 19:13:36,846 ] - Epoch 264: train==[56.33979 = 0.54589 + 0.95914 + 2.00801 + 0.01251 + 0.00000 + 0.00531 + 884.94450]
[ INFO : 2026-06-14 19:13:44,386 ] - Test_@[5, 10, 20, 50]: Recall=[0.03165, 0.04927, 0.10049, 0.16199],  precision=[0.00633, 0.00493, 0.00502, 0.00324], hit=[0.03165, 0.04927, 0.10049, 0.16199], ndcg=[0.02219, 0.02775, 0.04064, 0.05278], Train Rec Loss=[0.03205], Eval Rec Loss=[0.03202], c=[1.00000], F=[0.85189, 0.89124, 0.92319, 0.94848], F_fuse=[0.01257, 0.00980, 0.00999, 0.00646]
[ INFO : 2026-06-14 19:14:49,079 ] - Epoch 265: train==[56.31019 = 0.54477 + 0.95914 + 1.97959 + 0.01240 + 0.00000 + 0.00536 + 884.94450]
[ INFO : 2026-06-14 19:14:56,593 ] - Test_@[5, 10, 20, 50]: Recall=[0.02790, 0.05546, 0.09788, 0.15693],  precision=[0.00558, 0.00555, 0.00489, 0.00314], hit=[0.02790, 0.05546, 0.09788, 0.15693], ndcg=[0.01565, 0.02443, 0.03506, 0.04673], Train Rec Loss=[0.03205], Eval Rec Loss=[0.03202], c=[1.00000], F=[0.85262, 0.89623, 0.92318, 0.94905], F_fuse=[0.01109, 0.01102, 0.00974, 0.00626]
[ INFO : 2026-06-14 19:16:01,241 ] - Epoch 266: train==[56.34753 = 0.54270 + 0.95914 + 2.01948 + 0.01245 + 0.00000 + 0.00483 + 884.94450]
[ INFO : 2026-06-14 19:16:08,750 ] - Test_@[5, 10, 20, 50]: Recall=[0.02692, 0.05171, 0.10261, 0.16183],  precision=[0.00538, 0.00517, 0.00513, 0.00324], hit=[0.02692, 0.05171, 0.10261, 0.16183], ndcg=[0.01553, 0.02344, 0.03622, 0.04797], Train Rec Loss=[0.03206], Eval Rec Loss=[0.03203], c=[1.00000], F=[0.85043, 0.89214, 0.92353, 0.94936], F_fuse=[0.01070, 0.01028, 0.01020, 0.00645]
[ INFO : 2026-06-14 19:17:13,711 ] - Epoch 267: train==[56.32840 = 0.54067 + 0.95914 + 2.00187 + 0.01244 + 0.00000 + 0.00535 + 884.94450]
[ INFO : 2026-06-14 19:17:21,201 ] - Test_@[5, 10, 20, 50]: Recall=[0.03491, 0.05204, 0.10326, 0.16493],  precision=[0.00698, 0.00520, 0.00516, 0.00330], hit=[0.03491, 0.05204, 0.10326, 0.16493], ndcg=[0.02084, 0.02630, 0.03897, 0.05113], Train Rec Loss=[0.03205], Eval Rec Loss=[0.03203], c=[1.00000], F=[0.85376, 0.89127, 0.92277, 0.94895], F_fuse=[0.01385, 0.01035, 0.01027, 0.00657]
[ INFO : 2026-06-14 19:18:26,066 ] - Epoch 268: train==[56.32806 = 0.54304 + 0.95914 + 2.00002 + 0.01246 + 0.00000 + 0.00448 + 884.94450]
[ INFO : 2026-06-14 19:18:33,637 ] - Test_@[5, 10, 20, 50]: Recall=[0.03361, 0.05612, 0.10179, 0.16085],  precision=[0.00672, 0.00561, 0.00509, 0.00322], hit=[0.03361, 0.05612, 0.10179, 0.16085], ndcg=[0.02090, 0.02802, 0.03951, 0.05118], Train Rec Loss=[0.03205], Eval Rec Loss=[0.03202], c=[1.00000], F=[0.82800, 0.87324, 0.92206, 0.94808], F_fuse=[0.01333, 0.01115, 0.01012, 0.00641]
[ INFO : 2026-06-14 19:19:39,143 ] - Epoch 269: train==[56.29342 = 0.54103 + 0.95914 + 1.96747 + 0.01243 + 0.00000 + 0.00442 + 884.94450]
[ INFO : 2026-06-14 19:19:46,744 ] - Test_@[5, 10, 20, 50]: Recall=[0.03295, 0.05383, 0.10016, 0.16117],  precision=[0.00659, 0.00538, 0.00501, 0.00322], hit=[0.03295, 0.05383, 0.10016, 0.16117], ndcg=[0.02173, 0.02840, 0.03997, 0.05211], Train Rec Loss=[0.03205], Eval Rec Loss=[0.03202], c=[1.00000], F=[0.84809, 0.88378, 0.92230, 0.95047], F_fuse=[0.01308, 0.01070, 0.00996, 0.00643]
[ INFO : 2026-06-14 19:20:51,879 ] - Epoch 270: train==[56.28553 = 0.54019 + 0.95914 + 1.96007 + 0.01261 + 0.00000 + 0.00460 + 884.94450]
[ INFO : 2026-06-14 19:20:59,463 ] - Test_@[5, 10, 20, 50]: Recall=[0.03034, 0.05563, 0.10163, 0.16264],  precision=[0.00607, 0.00556, 0.00508, 0.00325], hit=[0.03034, 0.05563, 0.10163, 0.16264], ndcg=[0.02032, 0.02827, 0.03984, 0.05191], Train Rec Loss=[0.03205], Eval Rec Loss=[0.03202], c=[1.00000], F=[0.84967, 0.88033, 0.92347, 0.94840], F_fuse=[0.01205, 0.01106, 0.01011, 0.00648]
[ INFO : 2026-06-14 19:22:04,724 ] - Epoch 271: train==[56.21363 = 0.53623 + 0.95914 + 1.89283 + 0.01263 + 0.00000 + 0.00387 + 884.94450]
[ INFO : 2026-06-14 19:22:12,364 ] - Test_@[5, 10, 20, 50]: Recall=[0.03295, 0.05155, 0.10277, 0.16558],  precision=[0.00659, 0.00515, 0.00514, 0.00331], hit=[0.03295, 0.05155, 0.10277, 0.16558], ndcg=[0.02052, 0.02642, 0.03923, 0.05163], Train Rec Loss=[0.03204], Eval Rec Loss=[0.03202], c=[1.00000], F=[0.80430, 0.87356, 0.92321, 0.95162], F_fuse=[0.01307, 0.01025, 0.01022, 0.00660]
[ INFO : 2026-06-14 19:23:17,609 ] - Epoch 272: train==[56.30780 = 0.53261 + 0.95914 + 1.98926 + 0.01247 + 0.00000 + 0.00539 + 884.94450]
[ INFO : 2026-06-14 19:23:25,147 ] - Test_@[5, 10, 20, 50]: Recall=[0.03100, 0.04812, 0.10196, 0.16460],  precision=[0.00620, 0.00481, 0.00510, 0.00329], hit=[0.03100, 0.04812, 0.10196, 0.16460], ndcg=[0.01907, 0.02453, 0.03796, 0.05040], Train Rec Loss=[0.03205], Eval Rec Loss=[0.03202], c=[1.00000], F=[0.81327, 0.87946, 0.92257, 0.94910], F_fuse=[0.01230, 0.00957, 0.01014, 0.00656]
[ INFO : 2026-06-14 19:24:30,355 ] - Epoch 273: train==[56.26880 = 0.53477 + 0.95914 + 1.94915 + 0.01254 + 0.00000 + 0.00428 + 884.94450]
[ INFO : 2026-06-14 19:24:37,853 ] - Test_@[5, 10, 20, 50]: Recall=[0.03442, 0.04959, 0.10506, 0.16542],  precision=[0.00688, 0.00496, 0.00525, 0.00331], hit=[0.03442, 0.04959, 0.10506, 0.16542], ndcg=[0.02356, 0.02832, 0.04225, 0.05417], Train Rec Loss=[0.03204], Eval Rec Loss=[0.03201], c=[1.00000], F=[0.83945, 0.88977, 0.92381, 0.95088], F_fuse=[0.01366, 0.00986, 0.01045, 0.00659]
[ INFO : 2026-06-14 19:25:43,090 ] - Epoch 274: train==[56.26434 = 0.53275 + 0.95914 + 1.94620 + 0.01248 + 0.00000 + 0.00484 + 884.94450]
[ INFO : 2026-06-14 19:25:50,614 ] - Test_@[5, 10, 20, 50]: Recall=[0.03263, 0.04747, 0.10033, 0.16330],  precision=[0.00653, 0.00475, 0.00502, 0.00327], hit=[0.03263, 0.04747, 0.10033, 0.16330], ndcg=[0.02481, 0.02953, 0.04280, 0.05528], Train Rec Loss=[0.03205], Eval Rec Loss=[0.03202], c=[1.00000], F=[0.84771, 0.88879, 0.92256, 0.94913], F_fuse=[0.01295, 0.00944, 0.00998, 0.00651]
[ INFO : 2026-06-14 19:26:55,818 ] - Epoch 275: train==[56.22774 = 0.53206 + 0.95914 + 1.91094 + 0.01254 + 0.00000 + 0.00413 + 884.94450]
[ INFO : 2026-06-14 19:27:03,336 ] - Test_@[5, 10, 20, 50]: Recall=[0.03393, 0.04763, 0.10261, 0.16476],  precision=[0.00679, 0.00476, 0.00513, 0.00330], hit=[0.03393, 0.04763, 0.10261, 0.16476], ndcg=[0.02138, 0.02577, 0.03944, 0.05175], Train Rec Loss=[0.03204], Eval Rec Loss=[0.03201], c=[1.00000], F=[0.83479, 0.88526, 0.92220, 0.95046], F_fuse=[0.01346, 0.00948, 0.01020, 0.00657]
[ INFO : 2026-06-14 19:28:08,359 ] - Epoch 276: train==[56.22778 = 0.53050 + 0.95914 + 1.91229 + 0.01265 + 0.00000 + 0.00428 + 884.94450]
[ INFO : 2026-06-14 19:28:15,860 ] - Test_@[5, 10, 20, 50]: Recall=[0.02904, 0.05122, 0.10392, 0.16411],  precision=[0.00581, 0.00512, 0.00520, 0.00328], hit=[0.02904, 0.05122, 0.10392, 0.16411], ndcg=[0.01811, 0.02517, 0.03841, 0.05030], Train Rec Loss=[0.03204], Eval Rec Loss=[0.03201], c=[1.00000], F=[0.85417, 0.89280, 0.92235, 0.94952], F_fuse=[0.01154, 0.01019, 0.01033, 0.00654]
[ INFO : 2026-06-14 19:29:20,639 ] - Epoch 277: train==[56.27518 = 0.53148 + 0.95914 + 1.95863 + 0.01252 + 0.00000 + 0.00449 + 884.94450]
[ INFO : 2026-06-14 19:29:28,176 ] - Test_@[5, 10, 20, 50]: Recall=[0.03230, 0.04780, 0.09739, 0.16020],  precision=[0.00646, 0.00478, 0.00487, 0.00320], hit=[0.03230, 0.04780, 0.09739, 0.16020], ndcg=[0.01758, 0.02256, 0.03499, 0.04738], Train Rec Loss=[0.03204], Eval Rec Loss=[0.03201], c=[1.00000], F=[0.82515, 0.88662, 0.92370, 0.94782], F_fuse=[0.01282, 0.00951, 0.00969, 0.00639]
[ INFO : 2026-06-14 19:30:32,721 ] - Epoch 278: train==[56.25966 = 0.53263 + 0.95914 + 1.94175 + 0.01251 + 0.00000 + 0.00471 + 884.94450]
[ INFO : 2026-06-14 19:30:40,259 ] - Test_@[5, 10, 20, 50]: Recall=[0.04307, 0.06281, 0.10212, 0.16281],  precision=[0.00861, 0.00628, 0.00511, 0.00326], hit=[0.04307, 0.06281, 0.10212, 0.16281], ndcg=[0.02731, 0.03358, 0.04334, 0.05535], Train Rec Loss=[0.03204], Eval Rec Loss=[0.03201], c=[1.00000], F=[0.83202, 0.88551, 0.92420, 0.94832], F_fuse=[0.01705, 0.01247, 0.01016, 0.00649]
[ INFO : 2026-06-14 19:31:45,139 ] - Epoch 279: train==[56.25011 = 0.52728 + 0.95914 + 1.93815 + 0.01255 + 0.00000 + 0.00405 + 884.94450]
[ INFO : 2026-06-14 19:31:52,634 ] - Test_@[5, 10, 20, 50]: Recall=[0.03393, 0.05563, 0.10082, 0.16085],  precision=[0.00679, 0.00556, 0.00504, 0.00322], hit=[0.03393, 0.05563, 0.10082, 0.16085], ndcg=[0.02028, 0.02717, 0.03851, 0.05034], Train Rec Loss=[0.03204], Eval Rec Loss=[0.03201], c=[1.00000], F=[0.81027, 0.88505, 0.92223, 0.94893], F_fuse=[0.01346, 0.01106, 0.01003, 0.00641]
[ INFO : 2026-06-14 19:32:57,449 ] - Epoch 280: train==[56.27128 = 0.52440 + 0.95914 + 1.96149 + 0.01251 + 0.00000 + 0.00481 + 884.94450]
[ INFO : 2026-06-14 19:33:04,919 ] - Test_@[5, 10, 20, 50]: Recall=[0.03475, 0.05824, 0.10277, 0.16362],  precision=[0.00695, 0.00582, 0.00514, 0.00327], hit=[0.03475, 0.05824, 0.10277, 0.16362], ndcg=[0.02143, 0.02896, 0.04015, 0.05218], Train Rec Loss=[0.03204], Eval Rec Loss=[0.03201], c=[1.00000], F=[0.83778, 0.88450, 0.92354, 0.95041], F_fuse=[0.01378, 0.01157, 0.01022, 0.00652]
[ INFO : 2026-06-14 19:34:09,411 ] - Epoch 281: train==[56.17534 = 0.52209 + 0.95914 + 1.86852 + 0.01263 + 0.00000 + 0.00403 + 884.94450]
[ INFO : 2026-06-14 19:34:16,950 ] - Test_@[5, 10, 20, 50]: Recall=[0.03524, 0.05759, 0.10489, 0.16476],  precision=[0.00705, 0.00576, 0.00524, 0.00330], hit=[0.03524, 0.05759, 0.10489, 0.16476], ndcg=[0.02097, 0.02814, 0.04002, 0.05185], Train Rec Loss=[0.03204], Eval Rec Loss=[0.03202], c=[1.00000], F=[0.83969, 0.89013, 0.92137, 0.95005], F_fuse=[0.01398, 0.01144, 0.01043, 0.00657]
[ INFO : 2026-06-14 19:35:22,000 ] - Epoch 282: train==[56.21004 = 0.52339 + 0.95914 + 1.90165 + 0.01265 + 0.00000 + 0.00428 + 884.94450]
[ INFO : 2026-06-14 19:35:29,514 ] - Test_@[5, 10, 20, 50]: Recall=[0.03768, 0.06525, 0.10147, 0.16297],  precision=[0.00754, 0.00653, 0.00507, 0.00326], hit=[0.03768, 0.06525, 0.10147, 0.16297], ndcg=[0.02611, 0.03491, 0.04396, 0.05614], Train Rec Loss=[0.03204], Eval Rec Loss=[0.03201], c=[1.00000], F=[0.84757, 0.89111, 0.92208, 0.95058], F_fuse=[0.01494, 0.01296, 0.01009, 0.00650]
[ INFO : 2026-06-14 19:36:34,315 ] - Epoch 283: train==[56.25674 = 0.52032 + 0.95914 + 1.95113 + 0.01253 + 0.00000 + 0.00469 + 884.94450]
[ INFO : 2026-06-14 19:36:41,792 ] - Test_@[5, 10, 20, 50]: Recall=[0.03214, 0.04861, 0.09869, 0.15987],  precision=[0.00643, 0.00486, 0.00493, 0.00320], hit=[0.03214, 0.04861, 0.09869, 0.15987], ndcg=[0.02141, 0.02669, 0.03924, 0.05132], Train Rec Loss=[0.03203], Eval Rec Loss=[0.03201], c=[1.00000], F=[0.84100, 0.89176, 0.92377, 0.94927], F_fuse=[0.01276, 0.00967, 0.00982, 0.00637]
[ INFO : 2026-06-14 19:37:46,727 ] - Epoch 284: train==[56.25400 = 0.51915 + 0.95914 + 1.94776 + 0.01258 + 0.00000 + 0.00643 + 884.94450]
[ INFO : 2026-06-14 19:37:54,242 ] - Test_@[5, 10, 20, 50]: Recall=[0.03181, 0.05661, 0.09951, 0.16199],  precision=[0.00636, 0.00566, 0.00498, 0.00324], hit=[0.03181, 0.05661, 0.09951, 0.16199], ndcg=[0.02099, 0.02881, 0.03950, 0.05188], Train Rec Loss=[0.03204], Eval Rec Loss=[0.03201], c=[1.00000], F=[0.84386, 0.88866, 0.92290, 0.94981], F_fuse=[0.01263, 0.01125, 0.00990, 0.00646]
[ INFO : 2026-06-14 19:38:59,133 ] - Epoch 285: train==[56.24204 = 0.51951 + 0.95914 + 1.93709 + 0.01259 + 0.00000 + 0.00478 + 884.94450]
[ INFO : 2026-06-14 19:39:06,666 ] - Test_@[5, 10, 20, 50]: Recall=[0.03524, 0.05024, 0.10392, 0.16248],  precision=[0.00705, 0.00502, 0.00520, 0.00325], hit=[0.03524, 0.05024, 0.10392, 0.16248], ndcg=[0.02200, 0.02680, 0.04013, 0.05172], Train Rec Loss=[0.03203], Eval Rec Loss=[0.03201], c=[1.00000], F=[0.83205, 0.88067, 0.92230, 0.95011], F_fuse=[0.01398, 0.00999, 0.01033, 0.00648]
[ INFO : 2026-06-14 19:40:11,450 ] - Epoch 286: train==[56.21970 = 0.51904 + 0.95914 + 1.91533 + 0.01262 + 0.00000 + 0.00464 + 884.94450]
[ INFO : 2026-06-14 19:40:18,965 ] - Test_@[5, 10, 20, 50]: Recall=[0.03442, 0.05367, 0.10179, 0.16264],  precision=[0.00688, 0.00537, 0.00509, 0.00325], hit=[0.03442, 0.05367, 0.10179, 0.16264], ndcg=[0.02346, 0.02955, 0.04170, 0.05371], Train Rec Loss=[0.03203], Eval Rec Loss=[0.03201], c=[1.00000], F=[0.84409, 0.89251, 0.92205, 0.94928], F_fuse=[0.01366, 0.01067, 0.01012, 0.00648]
[ INFO : 2026-06-14 19:41:24,226 ] - Epoch 287: train==[56.24734 = 0.51646 + 0.95914 + 1.94560 + 0.01261 + 0.00000 + 0.00460 + 884.94450]
[ INFO : 2026-06-14 19:41:31,852 ] - Test_@[5, 10, 20, 50]: Recall=[0.03393, 0.05546, 0.09984, 0.16215],  precision=[0.00679, 0.00555, 0.00499, 0.00324], hit=[0.03393, 0.05546, 0.09984, 0.16215], ndcg=[0.02071, 0.02753, 0.03869, 0.05103], Train Rec Loss=[0.03204], Eval Rec Loss=[0.03200], c=[1.00000], F=[0.84271, 0.88922, 0.92209, 0.95193], F_fuse=[0.01346, 0.01102, 0.00993, 0.00646]
[ INFO : 2026-06-14 19:42:36,939 ] - Epoch 288: train==[56.23406 = 0.51445 + 0.95914 + 1.93410 + 0.01266 + 0.00000 + 0.00478 + 884.94450]
[ INFO : 2026-06-14 19:42:44,454 ] - Test_@[5, 10, 20, 50]: Recall=[0.03409, 0.05579, 0.09935, 0.16020],  precision=[0.00682, 0.00558, 0.00497, 0.00320], hit=[0.03409, 0.05579, 0.09935, 0.16020], ndcg=[0.02131, 0.02818, 0.03920, 0.05126], Train Rec Loss=[0.03203], Eval Rec Loss=[0.03200], c=[1.00000], F=[0.82055, 0.88196, 0.92327, 0.95053], F_fuse=[0.01353, 0.01109, 0.00988, 0.00639]
[ INFO : 2026-06-14 19:43:49,631 ] - Epoch 289: train==[56.18855 = 0.51636 + 0.95914 + 1.88667 + 0.01262 + 0.00000 + 0.00483 + 884.94450]
[ INFO : 2026-06-14 19:43:57,160 ] - Test_@[5, 10, 20, 50]: Recall=[0.03524, 0.05432, 0.10114, 0.16721],  precision=[0.00705, 0.00543, 0.00506, 0.00334], hit=[0.03524, 0.05432, 0.10114, 0.16721], ndcg=[0.02250, 0.02852, 0.04030, 0.05328], Train Rec Loss=[0.03203], Eval Rec Loss=[0.03200], c=[1.00000], F=[0.82109, 0.87910, 0.92477, 0.94844], F_fuse=[0.01397, 0.01080, 0.01006, 0.00666]
[ INFO : 2026-06-14 19:45:02,055 ] - Epoch 290: train==[56.21919 = 0.51253 + 0.95914 + 1.92132 + 0.01259 + 0.00000 + 0.00468 + 884.94450]
[ INFO : 2026-06-14 19:45:09,547 ] - Test_@[5, 10, 20, 50]: Recall=[0.03230, 0.06150, 0.10620, 0.16933],  precision=[0.00646, 0.00615, 0.00531, 0.00339], hit=[0.03230, 0.06150, 0.10620, 0.16933], ndcg=[0.02024, 0.02961, 0.04081, 0.05329], Train Rec Loss=[0.03203], Eval Rec Loss=[0.03200], c=[1.00000], F=[0.81962, 0.88782, 0.92059, 0.95078], F_fuse=[0.01282, 0.01222, 0.01056, 0.00675]
[ INFO : 2026-06-14 19:46:14,344 ] - Epoch 291: train==[56.21688 = 0.51532 + 0.95914 + 1.91632 + 0.01267 + 0.00000 + 0.00451 + 884.94450]
[ INFO : 2026-06-14 19:46:21,818 ] - Test_@[5, 10, 20, 50]: Recall=[0.03752, 0.06395, 0.10277, 0.16362],  precision=[0.00750, 0.00639, 0.00514, 0.00327], hit=[0.03752, 0.06395, 0.10277, 0.16362], ndcg=[0.02232, 0.03079, 0.04049, 0.05245], Train Rec Loss=[0.03203], Eval Rec Loss=[0.03200], c=[1.00000], F=[0.80129, 0.87883, 0.92287, 0.94991], F_fuse=[0.01487, 0.01270, 0.01022, 0.00652]
[ INFO : 2026-06-14 19:47:26,236 ] - Epoch 292: train==[56.22888 = 0.51282 + 0.95914 + 1.93125 + 0.01267 + 0.00000 + 0.00408 + 884.94450]
[ INFO : 2026-06-14 19:47:33,780 ] - Test_@[5, 10, 20, 50]: Recall=[0.03752, 0.05971, 0.10457, 0.16688],  precision=[0.00750, 0.00597, 0.00523, 0.00334], hit=[0.03752, 0.05971, 0.10457, 0.16688], ndcg=[0.02548, 0.03248, 0.04380, 0.05610], Train Rec Loss=[0.03203], Eval Rec Loss=[0.03200], c=[1.00000], F=[0.82392, 0.88554, 0.92067, 0.95086], F_fuse=[0.01487, 0.01186, 0.01040, 0.00665]
[ INFO : 2026-06-14 19:48:38,444 ] - Epoch 293: train==[56.16706 = 0.51120 + 0.95914 + 1.86991 + 0.01264 + 0.00000 + 0.00525 + 884.94450]
[ INFO : 2026-06-14 19:48:45,981 ] - Test_@[5, 10, 20, 50]: Recall=[0.03263, 0.05775, 0.10065, 0.16134],  precision=[0.00653, 0.00577, 0.00503, 0.00323], hit=[0.03263, 0.05775, 0.10065, 0.16134], ndcg=[0.02191, 0.02986, 0.04066, 0.05269], Train Rec Loss=[0.03203], Eval Rec Loss=[0.03200], c=[1.00000], F=[0.82729, 0.88886, 0.92336, 0.95078], F_fuse=[0.01295, 0.01148, 0.01001, 0.00643]
[ INFO : 2026-06-14 19:49:50,450 ] - Epoch 294: train==[56.13636 = 0.50766 + 0.95914 + 1.84335 + 0.01276 + 0.00000 + 0.00453 + 884.94450]
[ INFO : 2026-06-14 19:49:57,974 ] - Test_@[5, 10, 20, 50]: Recall=[0.03279, 0.05595, 0.10163, 0.16248],  precision=[0.00656, 0.00560, 0.00508, 0.00325], hit=[0.03279, 0.05595, 0.10163, 0.16248], ndcg=[0.02246, 0.02974, 0.04132, 0.05333], Train Rec Loss=[0.03203], Eval Rec Loss=[0.03200], c=[1.00000], F=[0.84149, 0.89245, 0.92478, 0.94951], F_fuse=[0.01301, 0.01112, 0.01011, 0.00648]
[ INFO : 2026-06-14 19:51:02,739 ] - Epoch 295: train==[56.16335 = 0.50680 + 0.95914 + 1.87118 + 0.01274 + 0.00000 + 0.00456 + 884.94450]
[ INFO : 2026-06-14 19:51:10,281 ] - Test_@[5, 10, 20, 50]: Recall=[0.03116, 0.04812, 0.09347, 0.15824],  precision=[0.00623, 0.00481, 0.00467, 0.00316], hit=[0.03116, 0.04812, 0.09347, 0.15824], ndcg=[0.02030, 0.02574, 0.03693, 0.04971], Train Rec Loss=[0.03203], Eval Rec Loss=[0.03200], c=[1.00000], F=[0.82134, 0.88393, 0.92288, 0.94903], F_fuse=[0.01237, 0.00957, 0.00930, 0.00631]
[ INFO : 2026-06-14 19:52:14,785 ] - Epoch 296: train==[56.16479 = 0.50685 + 0.95914 + 1.87156 + 0.01277 + 0.00000 + 0.00554 + 884.94450]
[ INFO : 2026-06-14 19:52:22,311 ] - Test_@[5, 10, 20, 50]: Recall=[0.03377, 0.05563, 0.10375, 0.16542],  precision=[0.00675, 0.00556, 0.00519, 0.00331], hit=[0.03377, 0.05563, 0.10375, 0.16542], ndcg=[0.02372, 0.03065, 0.04276, 0.05497], Train Rec Loss=[0.03203], Eval Rec Loss=[0.03200], c=[1.00000], F=[0.84247, 0.88934, 0.92111, 0.94986], F_fuse=[0.01340, 0.01106, 0.01032, 0.00659]
[ INFO : 2026-06-14 19:53:26,989 ] - Epoch 297: train==[56.17722 = 0.50581 + 0.95914 + 1.88462 + 0.01281 + 0.00000 + 0.00590 + 884.94450]
[ INFO : 2026-06-14 19:53:34,518 ] - Test_@[5, 10, 20, 50]: Recall=[0.03377, 0.05710, 0.09853, 0.15971],  precision=[0.00675, 0.00571, 0.00493, 0.00319], hit=[0.03377, 0.05710, 0.09853, 0.15971], ndcg=[0.02338, 0.03082, 0.04126, 0.05333], Train Rec Loss=[0.03203], Eval Rec Loss=[0.03200], c=[1.00000], F=[0.83379, 0.88664, 0.92312, 0.94990], F_fuse=[0.01340, 0.01135, 0.00980, 0.00637]
